# Blender 5.1.2
# www.blender.org
mtllib amethyst_shard.mtl
o amethyst_crystal_body
v 0.000000 2.680000 0.000000
v 0.451000 2.082000 0.000000
v 0.318905 2.082000 -0.229612
v 0.000000 2.082000 -0.324720
v -0.318905 2.082000 -0.229612
v -0.451000 2.082000 -0.000000
v -0.318905 2.082000 0.229612
v -0.000000 2.082000 0.324720
v 0.318905 2.082000 0.229612
v 0.508134 1.380000 -0.151543
v 0.210476 1.380000 -0.365856
v -0.210476 1.380000 -0.365856
v -0.508134 1.380000 -0.151543
v -0.508134 1.380000 0.151543
v -0.210476 1.380000 0.365856
v 0.210476 1.380000 0.365856
v 0.508134 1.380000 0.151543
v 0.396000 0.652000 0.000000
v 0.280014 0.652000 -0.201610
v 0.000000 0.652000 -0.285120
v -0.280014 0.652000 -0.201610
v -0.396000 0.652000 -0.000000
v -0.280014 0.652000 0.201610
v -0.000000 0.652000 0.285120
v 0.280014 0.652000 0.201610
v 0.000000 0.080000 0.000000
vn -0.0000 1.0000 -0.0001
vn 0.9324 0.2991 -0.2029
vn 0.4509 0.2425 -0.8590
vn 0.9536 -0.0333 -0.2994
vn 0.4137 -0.0264 -0.9100
vn 0.4510 0.2425 -0.8590
vn 0.9535 -0.0334 -0.2994
vn 0.9226 -0.3154 -0.2219
vn 0.4375 -0.2558 -0.8621
vn 0.4136 -0.0265 -0.9101
vn 0.9226 -0.3155 -0.2219
vn -0.0000 -1.0000 -0.0000
vn 0.4374 -0.2559 -0.8621
vn -0.0000 1.0000 -0.0000
vn 0.4509 0.2426 -0.8590
vn -0.1093 0.2237 -0.9685
vn 0.4136 -0.0264 -0.9101
vn -0.1606 -0.0249 -0.9867
vn -0.1092 0.2237 -0.9685
vn 0.4374 -0.2558 -0.8621
vn -0.1201 -0.2373 -0.9640
vn 0.0001 -1.0000 -0.0000
vn -0.1202 -0.2373 -0.9640
vn -0.0001 1.0000 -0.0000
vn -0.6774 0.2657 -0.6859
vn -0.1606 -0.0248 -0.9867
vn -0.7515 -0.0303 -0.6590
vn -0.6774 0.2657 -0.6860
vn -0.6855 -0.2825 -0.6710
vn -0.7516 -0.0303 -0.6590
vn 0.0001 -1.0000 -0.0001
vn -0.6855 -0.2826 -0.6710
vn -0.9324 0.2990 0.2029
vn -0.9536 -0.0333 0.2994
vn -0.9324 0.2991 0.2029
vn -0.7516 -0.0303 -0.6589
vn -0.9226 -0.3154 0.2219
vn -0.9536 -0.0334 0.2994
vn -0.9226 -0.3155 0.2220
vn -0.0000 1.0000 0.0001
vn -0.4509 0.2425 0.8590
vn -0.4137 -0.0264 0.9100
vn -0.4510 0.2425 0.8590
vn -0.9535 -0.0334 0.2994
vn -0.4375 -0.2558 0.8621
vn -0.4136 -0.0265 0.9101
vn -0.9226 -0.3155 0.2219
vn -0.4374 -0.2559 0.8621
vn -0.4509 0.2426 0.8590
vn 0.1093 0.2237 0.9685
vn -0.4136 -0.0264 0.9101
vn 0.1606 -0.0249 0.9867
vn 0.1092 0.2237 0.9685
vn -0.4374 -0.2558 0.8621
vn 0.1201 -0.2373 0.9640
vn -0.0001 -1.0000 -0.0000
vn 0.1202 -0.2373 0.9640
vn 0.0001 1.0000 -0.0000
vn 0.6774 0.2657 0.6859
vn 0.1606 -0.0248 0.9867
vn 0.7515 -0.0303 0.6590
vn 0.6774 0.2657 0.6860
vn 0.6855 -0.2825 0.6710
vn 0.7516 -0.0303 0.6590
vn -0.0001 -1.0000 0.0001
vn 0.6855 -0.2826 0.6710
vn 0.9324 0.2990 -0.2029
vn 0.7516 -0.0303 0.6589
vn 0.9536 -0.0334 -0.2994
vn 0.9226 -0.3155 -0.2220
s 0
usemtl amethyst_transparent_crystal.001
f 1//1 2//2 3//3
f 2//2 10//4 11//5 3//6
f 10//7 18//8 19//9 11//10
f 18//11 26//12 19//13
f 1//14 3//15 4//16
f 3//15 11//17 12//18 4//19
f 11//10 19//20 20//21 12//18
f 19//13 26//22 20//23
f 1//24 4//16 5//25
f 4//16 12//26 13//27 5//28
f 12//18 20//23 21//29 13//30
f 20//23 26//31 21//32
f 1//1 5//25 6//33
f 5//28 13//30 14//34 6//35
f 13//36 21//29 22//37 14//38
f 21//32 26//12 22//39
f 1//40 6//35 7//41
f 6//35 14//34 15//42 7//43
f 14//44 22//37 23//45 15//46
f 22//47 26//12 23//48
f 1//14 7//49 8//50
f 7//49 15//51 16//52 8//53
f 15//46 23//54 24//55 16//52
f 23//48 26//56 24//57
f 1//58 8//50 9//59
f 8//50 16//60 17//61 9//62
f 16//52 24//57 25//63 17//64
f 24//57 26//65 25//66
f 1//40 9//59 2//67
f 9//62 17//64 10//4 2//2
f 17//68 25//63 18//8 10//69
f 25//66 26//12 18//70
o amethyst_display_base_top
v 0.000000 -0.120000 -0.700000
v 0.000000 0.060000 -0.700000
v 0.181173 -0.120000 -0.676148
v 0.181173 0.060000 -0.676148
v 0.350000 -0.120000 -0.606218
v 0.350000 0.060000 -0.606218
v 0.494975 -0.120000 -0.494975
v 0.494975 0.060000 -0.494975
v 0.606218 -0.120000 -0.350000
v 0.606218 0.060000 -0.350000
v 0.676148 -0.120000 -0.181173
v 0.676148 0.060000 -0.181173
v 0.700000 -0.120000 0.000000
v 0.700000 0.060000 0.000000
v 0.676148 -0.120000 0.181173
v 0.676148 0.060000 0.181173
v 0.606218 -0.120000 0.350000
v 0.606218 0.060000 0.350000
v 0.494975 -0.120000 0.494975
v 0.494975 0.060000 0.494975
v 0.350000 -0.120000 0.606218
v 0.350000 0.060000 0.606218
v 0.181173 -0.120000 0.676148
v 0.181173 0.060000 0.676148
v 0.000000 -0.120000 0.700000
v 0.000000 0.060000 0.700000
v -0.181173 -0.120000 0.676148
v -0.181173 0.060000 0.676148
v -0.350000 -0.120000 0.606218
v -0.350000 0.060000 0.606218
v -0.494975 -0.120000 0.494975
v -0.494975 0.060000 0.494975
v -0.606218 -0.120000 0.350000
v -0.606218 0.060000 0.350000
v -0.676148 -0.120000 0.181173
v -0.676148 0.060000 0.181173
v -0.700000 -0.120000 0.000000
v -0.700000 0.060000 0.000000
v -0.676148 -0.120000 -0.181173
v -0.676148 0.060000 -0.181173
v -0.606218 -0.120000 -0.350000
v -0.606218 0.060000 -0.350000
v -0.494975 -0.120000 -0.494975
v -0.494975 0.060000 -0.494975
v -0.350000 -0.120000 -0.606218
v -0.350000 0.060000 -0.606218
v -0.181173 -0.120000 -0.676148
v -0.181173 0.060000 -0.676148
vn 0.1305 -0.0000 -0.9914
vn 0.3827 -0.0000 -0.9239
vn 0.6088 -0.0000 -0.7934
vn 0.7934 -0.0000 -0.6088
vn 0.9239 -0.0000 -0.3827
vn 0.9914 -0.0000 -0.1305
vn 0.9914 -0.0000 0.1305
vn 0.9239 -0.0000 0.3827
vn 0.7934 -0.0000 0.6088
vn 0.6088 -0.0000 0.7934
vn 0.3827 -0.0000 0.9239
vn 0.1305 -0.0000 0.9914
vn -0.1305 -0.0000 0.9914
vn -0.3827 -0.0000 0.9239
vn -0.6088 -0.0000 0.7934
vn -0.7934 -0.0000 0.6088
vn -0.9239 -0.0000 0.3827
vn -0.9914 -0.0000 0.1305
vn -0.9914 -0.0000 -0.1305
vn -0.9239 -0.0000 -0.3827
vn -0.7934 -0.0000 -0.6088
vn -0.6088 -0.0000 -0.7934
vn -0.0000 1.0000 -0.0000
vn -0.3827 -0.0000 -0.9239
vn -0.1305 -0.0000 -0.9914
vn -0.0000 -1.0000 -0.0000
vt 1.000000 0.500000
vt 1.000000 1.000000
vt 0.958333 1.000000
vt 0.958333 0.500000
vt 0.916667 1.000000
vt 0.916667 0.500000
vt 0.875000 1.000000
vt 0.875000 0.500000
vt 0.833333 1.000000
vt 0.833333 0.500000
vt 0.791667 1.000000
vt 0.791667 0.500000
vt 0.750000 1.000000
vt 0.750000 0.500000
vt 0.708333 1.000000
vt 0.708333 0.500000
vt 0.666667 1.000000
vt 0.666667 0.500000
vt 0.625000 1.000000
vt 0.625000 0.500000
vt 0.583333 1.000000
vt 0.583333 0.500000
vt 0.541666 1.000000
vt 0.541666 0.500000
vt 0.500000 1.000000
vt 0.500000 0.500000
vt 0.458333 1.000000
vt 0.458333 0.500000
vt 0.416666 1.000000
vt 0.416666 0.500000
vt 0.375000 1.000000
vt 0.375000 0.500000
vt 0.333333 1.000000
vt 0.333333 0.500000
vt 0.291667 1.000000
vt 0.291667 0.500000
vt 0.250000 1.000000
vt 0.250000 0.500000
vt 0.208333 1.000000
vt 0.208333 0.500000
vt 0.166666 1.000000
vt 0.166666 0.500000
vt 0.125000 1.000000
vt 0.125000 0.500000
vt 0.083333 1.000000
vt 0.083333 0.500000
vt 0.312117 0.481822
vt 0.250000 0.490000
vt 0.187883 0.481822
vt 0.130000 0.457846
vt 0.080294 0.419706
vt 0.042154 0.370000
vt 0.018178 0.312117
vt 0.010000 0.250000
vt 0.018178 0.187883
vt 0.042154 0.130000
vt 0.080294 0.080294
vt 0.130000 0.042154
vt 0.187883 0.018178
vt 0.250000 0.010000
vt 0.312117 0.018178
vt 0.370000 0.042154
vt 0.419706 0.080294
vt 0.457846 0.130000
vt 0.481822 0.187883
vt 0.490000 0.250000
vt 0.481822 0.312117
vt 0.457846 0.370000
vt 0.419706 0.419706
vt 0.370000 0.457846
vt 0.041666 1.000000
vt 0.041666 0.500000
vt -0.000000 1.000000
vt -0.000000 0.500000
vt 0.750000 0.490000
vt 0.812117 0.481822
vt 0.870000 0.457846
vt 0.919706 0.419706
vt 0.957846 0.370000
vt 0.981822 0.312117
vt 0.990000 0.250000
vt 0.981822 0.187883
vt 0.957846 0.130000
vt 0.919706 0.080294
vt 0.870000 0.042154
vt 0.812117 0.018178
vt 0.750000 0.010000
vt 0.687883 0.018178
vt 0.630000 0.042154
vt 0.580294 0.080294
vt 0.542154 0.130000
vt 0.518178 0.187883
vt 0.510000 0.250000
vt 0.518178 0.312117
vt 0.542154 0.370000
vt 0.580294 0.419706
vt 0.630000 0.457846
vt 0.687883 0.481822
s 0
usemtl reflective_gold.008
f 27/1/71 28/2/71 30/3/71 29/4/71
f 29/4/72 30/3/72 32/5/72 31/6/72
f 31/6/73 32/5/73 34/7/73 33/8/73
f 33/8/74 34/7/74 36/9/74 35/10/74
f 35/10/75 36/9/75 38/11/75 37/12/75
f 37/12/76 38/11/76 40/13/76 39/14/76
f 39/14/77 40/13/77 42/15/77 41/16/77
f 41/16/78 42/15/78 44/17/78 43/18/78
f 43/18/79 44/17/79 46/19/79 45/20/79
f 45/20/80 46/19/80 48/21/80 47/22/80
f 47/22/81 48/21/81 50/23/81 49/24/81
f 49/24/82 50/23/82 52/25/82 51/26/82
f 51/26/83 52/25/83 54/27/83 53/28/83
f 53/28/84 54/27/84 56/29/84 55/30/84
f 55/30/85 56/29/85 58/31/85 57/32/85
f 57/32/86 58/31/86 60/33/86 59/34/86
f 59/34/87 60/33/87 62/35/87 61/36/87
f 61/36/88 62/35/88 64/37/88 63/38/88
f 63/38/89 64/37/89 66/39/89 65/40/89
f 65/40/90 66/39/90 68/41/90 67/42/90
f 67/42/91 68/41/91 70/43/91 69/44/91
f 69/44/92 70/43/92 72/45/92 71/46/92
f 30/47/93 28/48/93 74/49/93 72/50/93 70/51/93 68/52/93 66/53/93 64/54/93 62/55/93 60/56/93 58/57/93 56/58/93 54/59/93 52/60/93 50/61/93 48/62/93 46/63/93 44/64/93 42/65/93 40/66/93 38/67/93 36/68/93 34/69/93 32/70/93
f 71/46/94 72/45/94 74/71/94 73/72/94
f 73/72/95 74/71/95 28/73/95 27/74/95
f 27/75/96 29/76/96 31/77/96 33/78/96 35/79/96 37/80/96 39/81/96 41/82/96 43/83/96 45/84/96 47/85/96 49/86/96 51/87/96 53/88/96 55/89/96 57/90/96 59/91/96 61/92/96 63/93/96 65/94/96 67/95/96 69/96/96 71/97/96 73/98/96
o amethyst_display_base_black_gold
v 0.000000 -0.380000 -0.820000
v 0.000000 -0.100000 -0.820000
v 0.212232 -0.380000 -0.792059
v 0.212232 -0.100000 -0.792059
v 0.410000 -0.380000 -0.710141
v 0.410000 -0.100000 -0.710141
v 0.579828 -0.380000 -0.579828
v 0.579828 -0.100000 -0.579828
v 0.710141 -0.380000 -0.410000
v 0.710141 -0.100000 -0.410000
v 0.792059 -0.380000 -0.212232
v 0.792059 -0.100000 -0.212232
v 0.820000 -0.380000 0.000000
v 0.820000 -0.100000 0.000000
v 0.792059 -0.380000 0.212232
v 0.792059 -0.100000 0.212232
v 0.710141 -0.380000 0.410000
v 0.710141 -0.100000 0.410000
v 0.579828 -0.380000 0.579828
v 0.579828 -0.100000 0.579828
v 0.410000 -0.380000 0.710141
v 0.410000 -0.100000 0.710141
v 0.212232 -0.380000 0.792059
v 0.212232 -0.100000 0.792059
v 0.000000 -0.380000 0.820000
v 0.000000 -0.100000 0.820000
v -0.212232 -0.380000 0.792059
v -0.212232 -0.100000 0.792059
v -0.410000 -0.380000 0.710141
v -0.410000 -0.100000 0.710141
v -0.579828 -0.380000 0.579828
v -0.579828 -0.100000 0.579828
v -0.710141 -0.380000 0.410000
v -0.710141 -0.100000 0.410000
v -0.792059 -0.380000 0.212232
v -0.792059 -0.100000 0.212232
v -0.820000 -0.380000 0.000000
v -0.820000 -0.100000 0.000000
v -0.792059 -0.380000 -0.212232
v -0.792059 -0.100000 -0.212232
v -0.710141 -0.380000 -0.410000
v -0.710141 -0.100000 -0.410000
v -0.579828 -0.380000 -0.579828
v -0.579828 -0.100000 -0.579828
v -0.410000 -0.380000 -0.710141
v -0.410000 -0.100000 -0.710141
v -0.212232 -0.380000 -0.792059
v -0.212232 -0.100000 -0.792059
vn 0.1305 -0.0000 -0.9914
vn 0.3827 -0.0000 -0.9239
vn 0.6088 -0.0000 -0.7934
vn 0.7934 -0.0000 -0.6088
vn 0.9239 -0.0000 -0.3827
vn 0.9914 -0.0000 -0.1305
vn 0.9914 -0.0000 0.1305
vn 0.9239 -0.0000 0.3827
vn 0.7934 -0.0000 0.6088
vn 0.6088 -0.0000 0.7934
vn 0.3827 -0.0000 0.9239
vn 0.1305 -0.0000 0.9914
vn -0.1305 -0.0000 0.9914
vn -0.3827 -0.0000 0.9239
vn -0.6088 -0.0000 0.7934
vn -0.7934 -0.0000 0.6088
vn -0.9239 -0.0000 0.3827
vn -0.9914 -0.0000 0.1305
vn -0.9914 -0.0000 -0.1305
vn -0.9239 -0.0000 -0.3827
vn -0.7934 -0.0000 -0.6088
vn -0.6088 -0.0000 -0.7934
vn -0.0000 1.0000 -0.0000
vn -0.3827 -0.0000 -0.9239
vn -0.1305 -0.0000 -0.9914
vn -0.0000 -1.0000 -0.0000
vt 1.000000 0.500000
vt 1.000000 1.000000
vt 0.958333 1.000000
vt 0.958333 0.500000
vt 0.916667 1.000000
vt 0.916667 0.500000
vt 0.875000 1.000000
vt 0.875000 0.500000
vt 0.833333 1.000000
vt 0.833333 0.500000
vt 0.791667 1.000000
vt 0.791667 0.500000
vt 0.750000 1.000000
vt 0.750000 0.500000
vt 0.708333 1.000000
vt 0.708333 0.500000
vt 0.666667 1.000000
vt 0.666667 0.500000
vt 0.625000 1.000000
vt 0.625000 0.500000
vt 0.583333 1.000000
vt 0.583333 0.500000
vt 0.541666 1.000000
vt 0.541666 0.500000
vt 0.500000 1.000000
vt 0.500000 0.500000
vt 0.458333 1.000000
vt 0.458333 0.500000
vt 0.416666 1.000000
vt 0.416666 0.500000
vt 0.375000 1.000000
vt 0.375000 0.500000
vt 0.333333 1.000000
vt 0.333333 0.500000
vt 0.291667 1.000000
vt 0.291667 0.500000
vt 0.250000 1.000000
vt 0.250000 0.500000
vt 0.208333 1.000000
vt 0.208333 0.500000
vt 0.166666 1.000000
vt 0.166666 0.500000
vt 0.125000 1.000000
vt 0.125000 0.500000
vt 0.083333 1.000000
vt 0.083333 0.500000
vt 0.312117 0.481822
vt 0.250000 0.490000
vt 0.187883 0.481822
vt 0.130000 0.457846
vt 0.080294 0.419706
vt 0.042154 0.370000
vt 0.018178 0.312117
vt 0.010000 0.250000
vt 0.018178 0.187883
vt 0.042154 0.130000
vt 0.080294 0.080294
vt 0.130000 0.042154
vt 0.187883 0.018178
vt 0.250000 0.010000
vt 0.312117 0.018178
vt 0.370000 0.042154
vt 0.419706 0.080294
vt 0.457846 0.130000
vt 0.481822 0.187883
vt 0.490000 0.250000
vt 0.481822 0.312117
vt 0.457846 0.370000
vt 0.419706 0.419706
vt 0.370000 0.457846
vt 0.041666 1.000000
vt 0.041666 0.500000
vt -0.000000 1.000000
vt -0.000000 0.500000
vt 0.750000 0.490000
vt 0.812117 0.481822
vt 0.870000 0.457846
vt 0.919706 0.419706
vt 0.957846 0.370000
vt 0.981822 0.312117
vt 0.990000 0.250000
vt 0.981822 0.187883
vt 0.957846 0.130000
vt 0.919706 0.080294
vt 0.870000 0.042154
vt 0.812117 0.018178
vt 0.750000 0.010000
vt 0.687883 0.018178
vt 0.630000 0.042154
vt 0.580294 0.080294
vt 0.542154 0.130000
vt 0.518178 0.187883
vt 0.510000 0.250000
vt 0.518178 0.312117
vt 0.542154 0.370000
vt 0.580294 0.419706
vt 0.630000 0.457846
vt 0.687883 0.481822
s 0
usemtl black_enamel.008
f 75/99/97 76/100/97 78/101/97 77/102/97
f 77/102/98 78/101/98 80/103/98 79/104/98
f 79/104/99 80/103/99 82/105/99 81/106/99
f 81/106/100 82/105/100 84/107/100 83/108/100
f 83/108/101 84/107/101 86/109/101 85/110/101
f 85/110/102 86/109/102 88/111/102 87/112/102
f 87/112/103 88/111/103 90/113/103 89/114/103
f 89/114/104 90/113/104 92/115/104 91/116/104
f 91/116/105 92/115/105 94/117/105 93/118/105
f 93/118/106 94/117/106 96/119/106 95/120/106
f 95/120/107 96/119/107 98/121/107 97/122/107
f 97/122/108 98/121/108 100/123/108 99/124/108
f 99/124/109 100/123/109 102/125/109 101/126/109
f 101/126/110 102/125/110 104/127/110 103/128/110
f 103/128/111 104/127/111 106/129/111 105/130/111
f 105/130/112 106/129/112 108/131/112 107/132/112
f 107/132/113 108/131/113 110/133/113 109/134/113
f 109/134/114 110/133/114 112/135/114 111/136/114
f 111/136/115 112/135/115 114/137/115 113/138/115
f 113/138/116 114/137/116 116/139/116 115/140/116
f 115/140/117 116/139/117 118/141/117 117/142/117
f 117/142/118 118/141/118 120/143/118 119/144/118
f 78/145/119 76/146/119 122/147/119 120/148/119 118/149/119 116/150/119 114/151/119 112/152/119 110/153/119 108/154/119 106/155/119 104/156/119 102/157/119 100/158/119 98/159/119 96/160/119 94/161/119 92/162/119 90/163/119 88/164/119 86/165/119 84/166/119 82/167/119 80/168/119
f 119/144/120 120/143/120 122/169/120 121/170/120
f 121/170/121 122/169/121 76/171/121 75/172/121
f 75/173/122 77/174/122 79/175/122 81/176/122 83/177/122 85/178/122 87/179/122 89/180/122 91/181/122 93/182/122 95/183/122 97/184/122 99/185/122 101/186/122 103/187/122 105/188/122 107/189/122 109/190/122 111/191/122 113/192/122 115/193/122 117/194/122 119/195/122 121/196/122
o amethyst_gold_base_ring
v 0.655000 0.100000 0.000000
v 0.644749 0.124749 0.000000
v 0.620000 0.135000 0.000000
v 0.595251 0.124749 0.000000
v 0.585000 0.100000 0.000000
v 0.595251 0.075251 0.000000
v 0.620000 0.065000 0.000000
v 0.644749 0.075251 0.000000
v 0.632681 0.100000 -0.169526
v 0.622779 0.124749 -0.166873
v 0.598874 0.135000 -0.160468
v 0.574969 0.124749 -0.154062
v 0.565067 0.100000 -0.151409
v 0.574969 0.075251 -0.154062
v 0.598874 0.065000 -0.160468
v 0.622779 0.075251 -0.166873
v 0.567247 0.100000 -0.327500
v 0.558369 0.124749 -0.322374
v 0.536936 0.135000 -0.310000
v 0.515503 0.124749 -0.297626
v 0.506625 0.100000 -0.292500
v 0.515503 0.075251 -0.297626
v 0.536936 0.065000 -0.310000
v 0.558369 0.075251 -0.322374
v 0.463155 0.100000 -0.463155
v 0.455906 0.124749 -0.455906
v 0.438406 0.135000 -0.438406
v 0.420906 0.124749 -0.420906
v 0.413657 0.100000 -0.413657
v 0.420906 0.075251 -0.420906
v 0.438406 0.065000 -0.438406
v 0.455906 0.075251 -0.455906
v 0.327500 0.100000 -0.567247
v 0.322374 0.124749 -0.558369
v 0.310000 0.135000 -0.536936
v 0.297626 0.124749 -0.515503
v 0.292500 0.100000 -0.506625
v 0.297626 0.075251 -0.515503
v 0.310000 0.065000 -0.536936
v 0.322374 0.075251 -0.558369
v 0.169527 0.100000 -0.632681
v 0.166873 0.124749 -0.622779
v 0.160468 0.135000 -0.598874
v 0.154062 0.124749 -0.574969
v 0.151409 0.100000 -0.565067
v 0.154062 0.075251 -0.574969
v 0.160468 0.065000 -0.598874
v 0.166873 0.075251 -0.622779
v 0.000000 0.100000 -0.655000
v 0.000000 0.124749 -0.644749
v 0.000000 0.135000 -0.620000
v 0.000000 0.124749 -0.595251
v 0.000000 0.100000 -0.585000
v 0.000000 0.075251 -0.595251
v 0.000000 0.065000 -0.620000
v 0.000000 0.075251 -0.644749
v -0.169526 0.100000 -0.632681
v -0.166873 0.124749 -0.622779
v -0.160468 0.135000 -0.598874
v -0.154062 0.124749 -0.574969
v -0.151409 0.100000 -0.565067
v -0.154062 0.075251 -0.574969
v -0.160468 0.065000 -0.598874
v -0.166873 0.075251 -0.622779
v -0.327500 0.100000 -0.567247
v -0.322374 0.124749 -0.558369
v -0.310000 0.135000 -0.536936
v -0.297626 0.124749 -0.515503
v -0.292500 0.100000 -0.506625
v -0.297626 0.075251 -0.515503
v -0.310000 0.065000 -0.536936
v -0.322374 0.075251 -0.558369
v -0.463155 0.100000 -0.463155
v -0.455906 0.124749 -0.455906
v -0.438406 0.135000 -0.438406
v -0.420906 0.124749 -0.420906
v -0.413658 0.100000 -0.413657
v -0.420906 0.075251 -0.420906
v -0.438406 0.065000 -0.438406
v -0.455906 0.075251 -0.455906
v -0.567247 0.100000 -0.327500
v -0.558369 0.124749 -0.322375
v -0.536936 0.135000 -0.310000
v -0.515503 0.124749 -0.297626
v -0.506625 0.100000 -0.292500
v -0.515503 0.075251 -0.297626
v -0.536936 0.065000 -0.310000
v -0.558369 0.075251 -0.322375
v -0.632681 0.100000 -0.169526
v -0.622779 0.124749 -0.166873
v -0.598874 0.135000 -0.160468
v -0.574969 0.124749 -0.154062
v -0.565067 0.100000 -0.151409
v -0.574969 0.075251 -0.154062
v -0.598874 0.065000 -0.160468
v -0.622779 0.075251 -0.166873
v -0.655000 0.100000 -0.000000
v -0.644749 0.124749 -0.000000
v -0.620000 0.135000 -0.000000
v -0.595251 0.124749 -0.000000
v -0.585000 0.100000 -0.000000
v -0.595251 0.075251 -0.000000
v -0.620000 0.065000 -0.000000
v -0.644749 0.075251 -0.000000
v -0.632681 0.100000 0.169526
v -0.622779 0.124749 0.166873
v -0.598874 0.135000 0.160468
v -0.574969 0.124749 0.154062
v -0.565067 0.100000 0.151409
v -0.574969 0.075251 0.154062
v -0.598874 0.065000 0.160468
v -0.622779 0.075251 0.166873
v -0.567247 0.100000 0.327500
v -0.558369 0.124749 0.322374
v -0.536936 0.135000 0.310000
v -0.515503 0.124749 0.297626
v -0.506625 0.100000 0.292500
v -0.515503 0.075251 0.297626
v -0.536936 0.065000 0.310000
v -0.558369 0.075251 0.322374
v -0.463155 0.100000 0.463155
v -0.455906 0.124749 0.455906
v -0.438406 0.135000 0.438406
v -0.420906 0.124749 0.420906
v -0.413658 0.100000 0.413657
v -0.420906 0.075251 0.420906
v -0.438406 0.065000 0.438406
v -0.455906 0.075251 0.455906
v -0.327500 0.100000 0.567247
v -0.322374 0.124749 0.558369
v -0.310000 0.135000 0.536936
v -0.297626 0.124749 0.515503
v -0.292500 0.100000 0.506625
v -0.297626 0.075251 0.515503
v -0.310000 0.065000 0.536936
v -0.322374 0.075251 0.558369
v -0.169527 0.100000 0.632681
v -0.166873 0.124749 0.622779
v -0.160468 0.135000 0.598874
v -0.154063 0.124749 0.574969
v -0.151409 0.100000 0.565067
v -0.154063 0.075251 0.574969
v -0.160468 0.065000 0.598874
v -0.166873 0.075251 0.622779
v 0.000000 0.100000 0.655000
v 0.000000 0.124749 0.644749
v 0.000000 0.135000 0.620000
v 0.000000 0.124749 0.595251
v 0.000000 0.100000 0.585000
v 0.000000 0.075251 0.595251
v 0.000000 0.065000 0.620000
v 0.000000 0.075251 0.644749
v 0.169526 0.100000 0.632681
v 0.166873 0.124749 0.622780
v 0.160468 0.135000 0.598874
v 0.154062 0.124749 0.574969
v 0.151409 0.100000 0.565067
v 0.154062 0.075251 0.574969
v 0.160468 0.065000 0.598874
v 0.166873 0.075251 0.622780
v 0.327500 0.100000 0.567247
v 0.322374 0.124749 0.558369
v 0.310000 0.135000 0.536936
v 0.297626 0.124749 0.515503
v 0.292500 0.100000 0.506625
v 0.297626 0.075251 0.515503
v 0.310000 0.065000 0.536936
v 0.322374 0.075251 0.558369
v 0.463155 0.100000 0.463155
v 0.455906 0.124749 0.455906
v 0.438406 0.135000 0.438406
v 0.420906 0.124749 0.420906
v 0.413657 0.100000 0.413658
v 0.420906 0.075251 0.420906
v 0.438406 0.065000 0.438406
v 0.455906 0.075251 0.455906
v 0.567247 0.100000 0.327500
v 0.558369 0.124749 0.322374
v 0.536936 0.135000 0.310000
v 0.515503 0.124749 0.297626
v 0.506625 0.100000 0.292500
v 0.515503 0.075251 0.297626
v 0.536936 0.065000 0.310000
v 0.558369 0.075251 0.322374
v 0.632681 0.100000 0.169526
v 0.622779 0.124749 0.166873
v 0.598874 0.135000 0.160468
v 0.574969 0.124749 0.154062
v 0.565067 0.100000 0.151409
v 0.574969 0.075251 0.154062
v 0.598874 0.065000 0.160468
v 0.622779 0.075251 0.166873
vn 0.9171 0.3799 -0.1207
vn 0.3822 0.9227 -0.0503
vn -0.3822 0.9227 0.0503
vn -0.9171 0.3799 0.1207
vn -0.9171 -0.3799 0.1207
vn -0.3822 -0.9227 0.0503
vn 0.3822 -0.9227 -0.0503
vn 0.9171 -0.3799 -0.1207
vn 0.8546 0.3799 -0.3540
vn 0.3562 0.9227 -0.1475
vn -0.3562 0.9227 0.1475
vn -0.8546 0.3799 0.3540
vn -0.8546 -0.3799 0.3540
vn -0.3562 -0.9227 0.1475
vn 0.3562 -0.9227 -0.1475
vn 0.8546 -0.3799 -0.3540
vn 0.7339 0.3799 -0.5631
vn 0.3058 0.9227 -0.2347
vn -0.3058 0.9227 0.2347
vn -0.7339 0.3799 0.5631
vn -0.7339 -0.3799 0.5631
vn -0.3058 -0.9227 0.2347
vn 0.3058 -0.9227 -0.2347
vn 0.7339 -0.3799 -0.5631
vn 0.5631 0.3799 -0.7339
vn 0.2347 0.9227 -0.3058
vn -0.2347 0.9227 0.3058
vn -0.5631 0.3799 0.7339
vn -0.5631 -0.3799 0.7339
vn -0.2347 -0.9227 0.3058
vn 0.2347 -0.9227 -0.3058
vn 0.5631 -0.3799 -0.7339
vn 0.3540 0.3799 -0.8546
vn 0.1475 0.9227 -0.3562
vn -0.1475 0.9227 0.3562
vn -0.3540 0.3799 0.8546
vn -0.3540 -0.3799 0.8546
vn -0.1475 -0.9227 0.3562
vn 0.1475 -0.9227 -0.3562
vn 0.3540 -0.3799 -0.8546
vn 0.1207 0.3799 -0.9171
vn 0.0503 0.9227 -0.3822
vn -0.0503 0.9227 0.3822
vn -0.1207 0.3799 0.9171
vn -0.1207 -0.3799 0.9171
vn -0.0503 -0.9227 0.3822
vn 0.0503 -0.9227 -0.3822
vn 0.1207 -0.3799 -0.9171
vn -0.1207 0.3799 -0.9171
vn -0.0503 0.9227 -0.3822
vn 0.0503 0.9227 0.3822
vn 0.1207 0.3799 0.9171
vn 0.1207 -0.3799 0.9171
vn 0.0503 -0.9227 0.3822
vn -0.0503 -0.9227 -0.3822
vn -0.1207 -0.3799 -0.9171
vn -0.3540 0.3799 -0.8546
vn -0.1475 0.9227 -0.3562
vn 0.1475 0.9227 0.3562
vn 0.3540 0.3799 0.8546
vn 0.3540 -0.3799 0.8546
vn 0.1475 -0.9227 0.3562
vn -0.1475 -0.9227 -0.3562
vn -0.3540 -0.3799 -0.8546
vn -0.5631 0.3799 -0.7339
vn -0.2347 0.9227 -0.3058
vn 0.2347 0.9227 0.3058
vn 0.5631 0.3799 0.7339
vn 0.5631 -0.3799 0.7339
vn 0.2347 -0.9227 0.3058
vn -0.2347 -0.9227 -0.3058
vn -0.5631 -0.3799 -0.7339
vn -0.7339 0.3799 -0.5631
vn -0.3058 0.9227 -0.2347
vn 0.3058 0.9227 0.2347
vn 0.7339 0.3799 0.5631
vn 0.7339 -0.3799 0.5631
vn 0.3058 -0.9227 0.2347
vn -0.3058 -0.9227 -0.2347
vn -0.7339 -0.3799 -0.5631
vn -0.8546 0.3799 -0.3540
vn -0.3562 0.9227 -0.1475
vn 0.3562 0.9227 0.1475
vn 0.8546 0.3799 0.3540
vn 0.8546 -0.3799 0.3540
vn 0.3562 -0.9227 0.1475
vn -0.3562 -0.9227 -0.1475
vn -0.8546 -0.3799 -0.3540
vn -0.9171 0.3799 -0.1207
vn -0.3822 0.9227 -0.0503
vn 0.3822 0.9227 0.0503
vn 0.9171 0.3799 0.1207
vn 0.9171 -0.3799 0.1207
vn 0.3822 -0.9227 0.0503
vn -0.3822 -0.9227 -0.0503
vn -0.9171 -0.3799 -0.1207
vt 0.500000 0.500000
vt 0.541667 0.500000
vt 0.541667 0.625000
vt 0.500000 0.625000
vt 0.541667 0.750000
vt 0.500000 0.750000
vt 0.541667 0.875000
vt 0.500000 0.875000
vt 0.541667 1.000000
vt 0.500000 1.000000
vt 0.500000 0.000000
vt 0.541667 0.000000
vt 0.541667 0.125000
vt 0.500000 0.125000
vt 0.541667 0.250000
vt 0.500000 0.250000
vt 0.541667 0.375000
vt 0.500000 0.375000
vt 0.583333 0.500000
vt 0.583333 0.625000
vt 0.583333 0.750000
vt 0.583333 0.875000
vt 0.583333 1.000000
vt 0.583333 0.000000
vt 0.583333 0.125000
vt 0.583333 0.250000
vt 0.583333 0.375000
vt 0.625000 0.500000
vt 0.625000 0.625000
vt 0.625000 0.750000
vt 0.625000 0.875000
vt 0.625000 1.000000
vt 0.625000 0.000000
vt 0.625000 0.125000
vt 0.625000 0.250000
vt 0.625000 0.375000
vt 0.666667 0.500000
vt 0.666667 0.625000
vt 0.666667 0.750000
vt 0.666667 0.875000
vt 0.666667 1.000000
vt 0.666667 0.000000
vt 0.666667 0.125000
vt 0.666667 0.250000
vt 0.666667 0.375000
vt 0.708333 0.500000
vt 0.708333 0.625000
vt 0.708333 0.750000
vt 0.708333 0.875000
vt 0.708333 1.000000
vt 0.708333 0.000000
vt 0.708333 0.125000
vt 0.708333 0.250000
vt 0.708333 0.375000
vt 0.750000 0.500000
vt 0.750000 0.625000
vt 0.750000 0.750000
vt 0.750000 0.875000
vt 0.750000 1.000000
vt 0.750000 0.000000
vt 0.750000 0.125000
vt 0.750000 0.250000
vt 0.750000 0.375000
vt 0.791667 0.500000
vt 0.791667 0.625000
vt 0.791667 0.750000
vt 0.791667 0.875000
vt 0.791667 1.000000
vt 0.791667 0.000000
vt 0.791667 0.125000
vt 0.791667 0.250000
vt 0.791667 0.375000
vt 0.833333 0.500000
vt 0.833333 0.625000
vt 0.833333 0.750000
vt 0.833333 0.875000
vt 0.833333 1.000000
vt 0.833333 0.000000
vt 0.833333 0.125000
vt 0.833333 0.250000
vt 0.833333 0.375000
vt 0.875000 0.500000
vt 0.875000 0.625000
vt 0.875000 0.750000
vt 0.875000 0.875000
vt 0.875000 1.000000
vt 0.875000 0.000000
vt 0.875000 0.125000
vt 0.875000 0.250000
vt 0.875000 0.375000
vt 0.916667 0.500000
vt 0.916667 0.625000
vt 0.916667 0.750000
vt 0.916667 0.875000
vt 0.916667 1.000000
vt 0.916667 0.000000
vt 0.916667 0.125000
vt 0.916667 0.250000
vt 0.916667 0.375000
vt 0.958333 0.500000
vt 0.958333 0.625000
vt 0.958333 0.750000
vt 0.958333 0.875000
vt 0.958333 1.000000
vt 0.958333 0.000000
vt 0.958333 0.125000
vt 0.958333 0.250000
vt 0.958333 0.375000
vt 1.000000 0.500000
vt 1.000000 0.625000
vt 1.000000 0.750000
vt 1.000000 0.875000
vt 1.000000 1.000000
vt 1.000000 0.000000
vt 1.000000 0.125000
vt 1.000000 0.250000
vt 1.000000 0.375000
vt -0.000000 0.500000
vt 0.041667 0.500000
vt 0.041667 0.625000
vt -0.000000 0.625000
vt 0.041667 0.750000
vt -0.000000 0.750000
vt 0.041667 0.875000
vt -0.000000 0.875000
vt 0.041667 1.000000
vt -0.000000 1.000000
vt -0.000000 0.000000
vt 0.041667 0.000000
vt 0.041667 0.125000
vt -0.000000 0.125000
vt 0.041667 0.250000
vt -0.000000 0.250000
vt 0.041667 0.375000
vt -0.000000 0.375000
vt 0.083333 0.500000
vt 0.083333 0.625000
vt 0.083333 0.750000
vt 0.083333 0.875000
vt 0.083333 1.000000
vt 0.083333 0.000000
vt 0.083333 0.125000
vt 0.083333 0.250000
vt 0.083333 0.375000
vt 0.125000 0.500000
vt 0.125000 0.625000
vt 0.125000 0.750000
vt 0.125000 0.875000
vt 0.125000 1.000000
vt 0.125000 0.000000
vt 0.125000 0.125000
vt 0.125000 0.250000
vt 0.125000 0.375000
vt 0.166667 0.500000
vt 0.166667 0.625000
vt 0.166667 0.750000
vt 0.166667 0.875000
vt 0.166667 1.000000
vt 0.166667 0.000000
vt 0.166667 0.125000
vt 0.166667 0.250000
vt 0.166667 0.375000
vt 0.208333 0.500000
vt 0.208333 0.625000
vt 0.208333 0.750000
vt 0.208333 0.875000
vt 0.208333 1.000000
vt 0.208333 0.000000
vt 0.208333 0.125000
vt 0.208333 0.250000
vt 0.208333 0.375000
vt 0.250000 0.500000
vt 0.250000 0.625000
vt 0.250000 0.750000
vt 0.250000 0.875000
vt 0.250000 1.000000
vt 0.250000 0.000000
vt 0.250000 0.125000
vt 0.250000 0.250000
vt 0.250000 0.375000
vt 0.291667 0.500000
vt 0.291667 0.625000
vt 0.291667 0.750000
vt 0.291667 0.875000
vt 0.291667 1.000000
vt 0.291667 0.000000
vt 0.291667 0.125000
vt 0.291667 0.250000
vt 0.291667 0.375000
vt 0.333333 0.500000
vt 0.333333 0.625000
vt 0.333333 0.750000
vt 0.333333 0.875000
vt 0.333333 1.000000
vt 0.333333 0.000000
vt 0.333333 0.125000
vt 0.333333 0.250000
vt 0.333333 0.375000
vt 0.375000 0.500000
vt 0.375000 0.625000
vt 0.375000 0.750000
vt 0.375000 0.875000
vt 0.375000 1.000000
vt 0.375000 0.000000
vt 0.375000 0.125000
vt 0.375000 0.250000
vt 0.375000 0.375000
vt 0.416667 0.500000
vt 0.416667 0.625000
vt 0.416667 0.750000
vt 0.416667 0.875000
vt 0.416667 1.000000
vt 0.416667 0.000000
vt 0.416667 0.125000
vt 0.416667 0.250000
vt 0.416667 0.375000
vt 0.458333 0.500000
vt 0.458333 0.625000
vt 0.458333 0.750000
vt 0.458333 0.875000
vt 0.458333 1.000000
vt 0.458333 0.000000
vt 0.458333 0.125000
vt 0.458333 0.250000
vt 0.458333 0.375000
s 0
usemtl reflective_gold.008
f 123/197/123 131/198/123 132/199/123 124/200/123
f 124/200/124 132/199/124 133/201/124 125/202/124
f 125/202/125 133/201/125 134/203/125 126/204/125
f 126/204/126 134/203/126 135/205/126 127/206/126
f 127/207/127 135/208/127 136/209/127 128/210/127
f 128/210/128 136/209/128 137/211/128 129/212/128
f 129/212/129 137/211/129 138/213/129 130/214/129
f 130/214/130 138/213/130 131/198/130 123/197/130
f 131/198/131 139/215/131 140/216/131 132/199/131
f 132/199/132 140/216/132 141/217/132 133/201/132
f 133/201/133 141/217/133 142/218/133 134/203/133
f 134/203/134 142/218/134 143/219/134 135/205/134
f 135/208/135 143/220/135 144/221/135 136/209/135
f 136/209/136 144/221/136 145/222/136 137/211/136
f 137/211/137 145/222/137 146/223/137 138/213/137
f 138/213/138 146/223/138 139/215/138 131/198/138
f 139/215/139 147/224/139 148/225/139 140/216/139
f 140/216/140 148/225/140 149/226/140 141/217/140
f 141/217/141 149/226/141 150/227/141 142/218/141
f 142/218/142 150/227/142 151/228/142 143/219/142
f 143/220/143 151/229/143 152/230/143 144/221/143
f 144/221/144 152/230/144 153/231/144 145/222/144
f 145/222/145 153/231/145 154/232/145 146/223/145
f 146/223/146 154/232/146 147/224/146 139/215/146
f 147/224/147 155/233/147 156/234/147 148/225/147
f 148/225/148 156/234/148 157/235/148 149/226/148
f 149/226/149 157/235/149 158/236/149 150/227/149
f 150/227/150 158/236/150 159/237/150 151/228/150
f 151/229/151 159/238/151 160/239/151 152/230/151
f 152/230/152 160/239/152 161/240/152 153/231/152
f 153/231/153 161/240/153 162/241/153 154/232/153
f 154/232/154 162/241/154 155/233/154 147/224/154
f 155/233/155 163/242/155 164/243/155 156/234/155
f 156/234/156 164/243/156 165/244/156 157/235/156
f 157/235/157 165/244/157 166/245/157 158/236/157
f 158/236/158 166/245/158 167/246/158 159/237/158
f 159/238/159 167/247/159 168/248/159 160/239/159
f 160/239/160 168/248/160 169/249/160 161/240/160
f 161/240/161 169/249/161 170/250/161 162/241/161
f 162/241/162 170/250/162 163/242/162 155/233/162
f 163/242/163 171/251/163 172/252/163 164/243/163
f 164/243/164 172/252/164 173/253/164 165/244/164
f 165/244/165 173/253/165 174/254/165 166/245/165
f 166/245/166 174/254/166 175/255/166 167/246/166
f 167/247/167 175/256/167 176/257/167 168/248/167
f 168/248/168 176/257/168 177/258/168 169/249/168
f 169/249/169 177/258/169 178/259/169 170/250/169
f 170/250/170 178/259/170 171/251/170 163/242/170
f 171/251/171 179/260/171 180/261/171 172/252/171
f 172/252/172 180/261/172 181/262/172 173/253/172
f 173/253/173 181/262/173 182/263/173 174/254/173
f 174/254/174 182/263/174 183/264/174 175/255/174
f 175/256/175 183/265/175 184/266/175 176/257/175
f 176/257/176 184/266/176 185/267/176 177/258/176
f 177/258/177 185/267/177 186/268/177 178/259/177
f 178/259/178 186/268/178 179/260/178 171/251/178
f 179/260/179 187/269/179 188/270/179 180/261/179
f 180/261/180 188/270/180 189/271/180 181/262/180
f 181/262/181 189/271/181 190/272/181 182/263/181
f 182/263/182 190/272/182 191/273/182 183/264/182
f 183/265/183 191/274/183 192/275/183 184/266/183
f 184/266/184 192/275/184 193/276/184 185/267/184
f 185/267/185 193/276/185 194/277/185 186/268/185
f 186/268/186 194/277/186 187/269/186 179/260/186
f 187/269/187 195/278/187 196/279/187 188/270/187
f 188/270/188 196/279/188 197/280/188 189/271/188
f 189/271/189 197/280/189 198/281/189 190/272/189
f 190/272/190 198/281/190 199/282/190 191/273/190
f 191/274/191 199/283/191 200/284/191 192/275/191
f 192/275/192 200/284/192 201/285/192 193/276/192
f 193/276/193 201/285/193 202/286/193 194/277/193
f 194/277/194 202/286/194 195/278/194 187/269/194
f 195/278/195 203/287/195 204/288/195 196/279/195
f 196/279/196 204/288/196 205/289/196 197/280/196
f 197/280/197 205/289/197 206/290/197 198/281/197
f 198/281/198 206/290/198 207/291/198 199/282/198
f 199/283/199 207/292/199 208/293/199 200/284/199
f 200/284/200 208/293/200 209/294/200 201/285/200
f 201/285/201 209/294/201 210/295/201 202/286/201
f 202/286/202 210/295/202 203/287/202 195/278/202
f 203/287/203 211/296/203 212/297/203 204/288/203
f 204/288/204 212/297/204 213/298/204 205/289/204
f 205/289/205 213/298/205 214/299/205 206/290/205
f 206/290/206 214/299/206 215/300/206 207/291/206
f 207/292/207 215/301/207 216/302/207 208/293/207
f 208/293/208 216/302/208 217/303/208 209/294/208
f 209/294/209 217/303/209 218/304/209 210/295/209
f 210/295/210 218/304/210 211/296/210 203/287/210
f 211/296/211 219/305/211 220/306/211 212/297/211
f 212/297/212 220/306/212 221/307/212 213/298/212
f 213/298/213 221/307/213 222/308/213 214/299/213
f 214/299/214 222/308/214 223/309/214 215/300/214
f 215/301/215 223/310/215 224/311/215 216/302/215
f 216/302/216 224/311/216 225/312/216 217/303/216
f 217/303/217 225/312/217 226/313/217 218/304/217
f 218/304/218 226/313/218 219/305/218 211/296/218
f 219/314/126 227/315/126 228/316/126 220/317/126
f 220/317/125 228/316/125 229/318/125 221/319/125
f 221/319/124 229/318/124 230/320/124 222/321/124
f 222/321/123 230/320/123 231/322/123 223/323/123
f 223/324/130 231/325/130 232/326/130 224/327/130
f 224/327/129 232/326/129 233/328/129 225/329/129
f 225/329/128 233/328/128 234/330/128 226/331/128
f 226/331/127 234/330/127 227/315/127 219/314/127
f 227/315/134 235/332/134 236/333/134 228/316/134
f 228/316/133 236/333/133 237/334/133 229/318/133
f 229/318/132 237/334/132 238/335/132 230/320/132
f 230/320/131 238/335/131 239/336/131 231/322/131
f 231/325/138 239/337/138 240/338/138 232/326/138
f 232/326/137 240/338/137 241/339/137 233/328/137
f 233/328/136 241/339/136 242/340/136 234/330/136
f 234/330/135 242/340/135 235/332/135 227/315/135
f 235/332/142 243/341/142 244/342/142 236/333/142
f 236/333/141 244/342/141 245/343/141 237/334/141
f 237/334/140 245/343/140 246/344/140 238/335/140
f 238/335/139 246/344/139 247/345/139 239/336/139
f 239/337/146 247/346/146 248/347/146 240/338/146
f 240/338/145 248/347/145 249/348/145 241/339/145
f 241/339/144 249/348/144 250/349/144 242/340/144
f 242/340/143 250/349/143 243/341/143 235/332/143
f 243/341/150 251/350/150 252/351/150 244/342/150
f 244/342/149 252/351/149 253/352/149 245/343/149
f 245/343/148 253/352/148 254/353/148 246/344/148
f 246/344/147 254/353/147 255/354/147 247/345/147
f 247/346/154 255/355/154 256/356/154 248/347/154
f 248/347/153 256/356/153 257/357/153 249/348/153
f 249/348/152 257/357/152 258/358/152 250/349/152
f 250/349/151 258/358/151 251/350/151 243/341/151
f 251/350/158 259/359/158 260/360/158 252/351/158
f 252/351/157 260/360/157 261/361/157 253/352/157
f 253/352/156 261/361/156 262/362/156 254/353/156
f 254/353/155 262/362/155 263/363/155 255/354/155
f 255/355/162 263/364/162 264/365/162 256/356/162
f 256/356/161 264/365/161 265/366/161 257/357/161
f 257/357/160 265/366/160 266/367/160 258/358/160
f 258/358/159 266/367/159 259/359/159 251/350/159
f 259/359/166 267/368/166 268/369/166 260/360/166
f 260/360/165 268/369/165 269/370/165 261/361/165
f 261/361/164 269/370/164 270/371/164 262/362/164
f 262/362/163 270/371/163 271/372/163 263/363/163
f 263/364/170 271/373/170 272/374/170 264/365/170
f 264/365/169 272/374/169 273/375/169 265/366/169
f 265/366/168 273/375/168 274/376/168 266/367/168
f 266/367/167 274/376/167 267/368/167 259/359/167
f 267/368/174 275/377/174 276/378/174 268/369/174
f 268/369/173 276/378/173 277/379/173 269/370/173
f 269/370/172 277/379/172 278/380/172 270/371/172
f 270/371/171 278/380/171 279/381/171 271/372/171
f 271/373/178 279/382/178 280/383/178 272/374/178
f 272/374/177 280/383/177 281/384/177 273/375/177
f 273/375/176 281/384/176 282/385/176 274/376/176
f 274/376/175 282/385/175 275/377/175 267/368/175
f 275/377/182 283/386/182 284/387/182 276/378/182
f 276/378/181 284/387/181 285/388/181 277/379/181
f 277/379/180 285/388/180 286/389/180 278/380/180
f 278/380/179 286/389/179 287/390/179 279/381/179
f 279/382/186 287/391/186 288/392/186 280/383/186
f 280/383/185 288/392/185 289/393/185 281/384/185
f 281/384/184 289/393/184 290/394/184 282/385/184
f 282/385/183 290/394/183 283/386/183 275/377/183
f 283/386/190 291/395/190 292/396/190 284/387/190
f 284/387/189 292/396/189 293/397/189 285/388/189
f 285/388/188 293/397/188 294/398/188 286/389/188
f 286/389/187 294/398/187 295/399/187 287/390/187
f 287/391/194 295/400/194 296/401/194 288/392/194
f 288/392/193 296/401/193 297/402/193 289/393/193
f 289/393/192 297/402/192 298/403/192 290/394/192
f 290/394/191 298/403/191 291/395/191 283/386/191
f 291/395/198 299/404/198 300/405/198 292/396/198
f 292/396/197 300/405/197 301/406/197 293/397/197
f 293/397/196 301/406/196 302/407/196 294/398/196
f 294/398/195 302/407/195 303/408/195 295/399/195
f 295/400/202 303/409/202 304/410/202 296/401/202
f 296/401/201 304/410/201 305/411/201 297/402/201
f 297/402/200 305/411/200 306/412/200 298/403/200
f 298/403/199 306/412/199 299/404/199 291/395/199
f 299/404/206 307/413/206 308/414/206 300/405/206
f 300/405/205 308/414/205 309/415/205 301/406/205
f 301/406/204 309/415/204 310/416/204 302/407/204
f 302/407/203 310/416/203 311/417/203 303/408/203
f 303/409/210 311/418/210 312/419/210 304/410/210
f 304/410/209 312/419/209 313/420/209 305/411/209
f 305/411/208 313/420/208 314/421/208 306/412/208
f 306/412/207 314/421/207 307/413/207 299/404/207
f 307/413/214 123/197/214 124/200/214 308/414/214
f 308/414/213 124/200/213 125/202/213 309/415/213
f 309/415/212 125/202/212 126/204/212 310/416/212
f 310/416/211 126/204/211 127/206/211 311/417/211
f 311/418/218 127/207/218 128/210/218 312/419/218
f 312/419/217 128/210/217 129/212/217 313/420/217
f 313/420/216 129/212/216 130/214/216 314/421/216
f 314/421/215 130/214/215 123/197/215 307/413/215
o amethyst_colored_light_pad
v 0.000000 0.080000 -0.380000
v 0.000000 0.100000 -0.380000
v 0.117426 0.080000 -0.361401
v 0.117426 0.100000 -0.361401
v 0.223358 0.080000 -0.307426
v 0.223358 0.100000 -0.307426
v 0.307426 0.080000 -0.223358
v 0.307426 0.100000 -0.223358
v 0.361401 0.080000 -0.117426
v 0.361401 0.100000 -0.117426
v 0.380000 0.080000 0.000000
v 0.380000 0.100000 0.000000
v 0.361401 0.080000 0.117426
v 0.361401 0.100000 0.117426
v 0.307426 0.080000 0.223358
v 0.307426 0.100000 0.223358
v 0.223358 0.080000 0.307426
v 0.223358 0.100000 0.307426
v 0.117426 0.080000 0.361401
v 0.117426 0.100000 0.361401
v 0.000000 0.080000 0.380000
v 0.000000 0.100000 0.380000
v -0.117426 0.080000 0.361401
v -0.117426 0.100000 0.361401
v -0.223358 0.080000 0.307426
v -0.223358 0.100000 0.307426
v -0.307426 0.080000 0.223358
v -0.307426 0.100000 0.223358
v -0.361401 0.080000 0.117426
v -0.361401 0.100000 0.117426
v -0.380000 0.080000 0.000000
v -0.380000 0.100000 0.000000
v -0.361401 0.080000 -0.117426
v -0.361401 0.100000 -0.117426
v -0.307426 0.080000 -0.223358
v -0.307426 0.100000 -0.223358
v -0.223358 0.080000 -0.307426
v -0.223358 0.100000 -0.307426
v -0.117426 0.080000 -0.361401
v -0.117426 0.100000 -0.361401
vn 0.1564 -0.0000 -0.9877
vn 0.4540 -0.0000 -0.8910
vn 0.7071 -0.0000 -0.7071
vn 0.8910 -0.0000 -0.4540
vn 0.9877 -0.0000 -0.1564
vn 0.9877 -0.0000 0.1564
vn 0.8910 -0.0000 0.4540
vn 0.7071 -0.0000 0.7071
vn 0.4540 -0.0000 0.8910
vn 0.1564 -0.0000 0.9877
vn -0.1564 -0.0000 0.9877
vn -0.4540 -0.0000 0.8910
vn -0.7071 -0.0000 0.7071
vn -0.8910 -0.0000 0.4540
vn -0.9877 -0.0000 0.1564
vn -0.9877 -0.0000 -0.1564
vn -0.8910 -0.0000 -0.4540
vn -0.7071 -0.0000 -0.7071
vn -0.0000 1.0000 -0.0000
vn -0.4540 -0.0000 -0.8910
vn -0.1564 -0.0000 -0.9877
vn -0.0000 -1.0000 -0.0000
vt 1.000000 0.500000
vt 1.000000 1.000000
vt 0.950000 1.000000
vt 0.950000 0.500000
vt 0.900000 1.000000
vt 0.900000 0.500000
vt 0.850000 1.000000
vt 0.850000 0.500000
vt 0.800000 1.000000
vt 0.800000 0.500000
vt 0.750000 1.000000
vt 0.750000 0.500000
vt 0.700000 1.000000
vt 0.700000 0.500000
vt 0.650000 1.000000
vt 0.650000 0.500000
vt 0.600000 1.000000
vt 0.600000 0.500000
vt 0.550000 1.000000
vt 0.550000 0.500000
vt 0.500000 1.000000
vt 0.500000 0.500000
vt 0.450000 1.000000
vt 0.450000 0.500000
vt 0.400000 1.000000
vt 0.400000 0.500000
vt 0.350000 1.000000
vt 0.350000 0.500000
vt 0.300000 1.000000
vt 0.300000 0.500000
vt 0.250000 1.000000
vt 0.250000 0.500000
vt 0.200000 1.000000
vt 0.200000 0.500000
vt 0.150000 1.000000
vt 0.150000 0.500000
vt 0.100000 1.000000
vt 0.100000 0.500000
vt 0.324164 0.478254
vt 0.250000 0.490000
vt 0.175836 0.478254
vt 0.108932 0.444164
vt 0.055836 0.391068
vt 0.021746 0.324164
vt 0.010000 0.250000
vt 0.021746 0.175836
vt 0.055836 0.108932
vt 0.108932 0.055836
vt 0.175836 0.021746
vt 0.250000 0.010000
vt 0.324164 0.021746
vt 0.391068 0.055836
vt 0.444164 0.108932
vt 0.478254 0.175836
vt 0.490000 0.250000
vt 0.478254 0.324164
vt 0.444164 0.391068
vt 0.391068 0.444164
vt 0.050000 1.000000
vt 0.050000 0.500000
vt -0.000000 1.000000
vt -0.000000 0.500000
vt 0.750000 0.490000
vt 0.824164 0.478254
vt 0.891068 0.444164
vt 0.944164 0.391068
vt 0.978254 0.324164
vt 0.990000 0.250000
vt 0.978254 0.175836
vt 0.944164 0.108932
vt 0.891068 0.055836
vt 0.824164 0.021746
vt 0.750000 0.010000
vt 0.675836 0.021746
vt 0.608932 0.055836
vt 0.555836 0.108932
vt 0.521746 0.175836
vt 0.510000 0.250000
vt 0.521746 0.324164
vt 0.555836 0.391068
vt 0.608932 0.444164
vt 0.675836 0.478254
s 0
usemtl amethyst_emissive_glow.001
f 315/422/219 316/423/219 318/424/219 317/425/219
f 317/425/220 318/424/220 320/426/220 319/427/220
f 319/427/221 320/426/221 322/428/221 321/429/221
f 321/429/222 322/428/222 324/430/222 323/431/222
f 323/431/223 324/430/223 326/432/223 325/433/223
f 325/433/224 326/432/224 328/434/224 327/435/224
f 327/435/225 328/434/225 330/436/225 329/437/225
f 329/437/226 330/436/226 332/438/226 331/439/226
f 331/439/227 332/438/227 334/440/227 333/441/227
f 333/441/228 334/440/228 336/442/228 335/443/228
f 335/443/229 336/442/229 338/444/229 337/445/229
f 337/445/230 338/444/230 340/446/230 339/447/230
f 339/447/231 340/446/231 342/448/231 341/449/231
f 341/449/232 342/448/232 344/450/232 343/451/232
f 343/451/233 344/450/233 346/452/233 345/453/233
f 345/453/234 346/452/234 348/454/234 347/455/234
f 347/455/235 348/454/235 350/456/235 349/457/235
f 349/457/236 350/456/236 352/458/236 351/459/236
f 318/460/237 316/461/237 354/462/237 352/463/237 350/464/237 348/465/237 346/466/237 344/467/237 342/468/237 340/469/237 338/470/237 336/471/237 334/472/237 332/473/237 330/474/237 328/475/237 326/476/237 324/477/237 322/478/237 320/479/237
f 351/459/238 352/458/238 354/480/238 353/481/238
f 353/481/239 354/480/239 316/482/239 315/483/239
f 315/484/240 317/485/240 319/486/240 321/487/240 323/488/240 325/489/240 327/490/240 329/491/240 331/492/240 333/493/240 335/494/240 337/495/240 339/496/240 341/497/240 343/498/240 345/499/240 347/500/240 349/501/240 351/502/240 353/503/240
o amethyst_base_label
v 0.399690 -0.183218 0.763505
v 0.399690 -0.284905 0.796545
v 0.382050 -0.284905 0.796545
v 0.382050 -0.183218 0.763505
v 0.339570 -0.183218 0.763505
v 0.339570 -0.168153 0.758610
v 0.442170 -0.168153 0.758610
v 0.442170 -0.183218 0.763505
v 0.323288 -0.191615 0.766233
v 0.320707 -0.189662 0.765599
v 0.318150 -0.187960 0.765046
v 0.315623 -0.186496 0.764570
v 0.313132 -0.185255 0.764167
v 0.310680 -0.184224 0.763832
v 0.308273 -0.183388 0.763560
v 0.305917 -0.182736 0.763348
v 0.303615 -0.182252 0.763191
v 0.301373 -0.181924 0.763084
v 0.299197 -0.181736 0.763024
v 0.297090 -0.181677 0.763004
v 0.294325 -0.181793 0.763042
v 0.291712 -0.182134 0.763153
v 0.289268 -0.182688 0.763333
v 0.287010 -0.183446 0.763579
v 0.284954 -0.184397 0.763888
v 0.283117 -0.185529 0.764256
v 0.281517 -0.186832 0.764679
v 0.280170 -0.188296 0.765155
v 0.279093 -0.189910 0.765679
v 0.278302 -0.191663 0.766249
v 0.277816 -0.193544 0.766860
v 0.277650 -0.195543 0.767510
v 0.278695 -0.200710 0.769189
v 0.281583 -0.205138 0.770627
v 0.285947 -0.209035 0.771894
v 0.291417 -0.212612 0.773056
v 0.297624 -0.216076 0.774181
v 0.304200 -0.219639 0.775339
v 0.310776 -0.223507 0.776596
v 0.316983 -0.227892 0.778020
v 0.322453 -0.233002 0.779681
v 0.326817 -0.239046 0.781645
v 0.329705 -0.246234 0.783980
v 0.330750 -0.254775 0.786755
v 0.330452 -0.259246 0.788208
v 0.329578 -0.263481 0.789584
v 0.328162 -0.267451 0.790874
v 0.326237 -0.271127 0.792068
v 0.323833 -0.274480 0.793158
v 0.320985 -0.277479 0.794132
v 0.317724 -0.280098 0.794983
v 0.314083 -0.282305 0.795700
v 0.310095 -0.284073 0.796275
v 0.305792 -0.285372 0.796697
v 0.301206 -0.286172 0.796957
v 0.296370 -0.286445 0.797046
v 0.293091 -0.286374 0.797022
v 0.289911 -0.286158 0.796952
v 0.286822 -0.285796 0.796834
v 0.283817 -0.285285 0.796669
v 0.280889 -0.284625 0.796454
v 0.278033 -0.283813 0.796190
v 0.275239 -0.282848 0.795877
v 0.272503 -0.281728 0.795513
v 0.269817 -0.280451 0.795098
v 0.267174 -0.279015 0.794631
v 0.264567 -0.277419 0.794113
v 0.261990 -0.275661 0.793541
v 0.261990 -0.254433 0.786644
v 0.264288 -0.257068 0.787500
v 0.266678 -0.259493 0.788288
v 0.269153 -0.261703 0.789006
v 0.271710 -0.263696 0.789654
v 0.274342 -0.265468 0.790230
v 0.277043 -0.267015 0.790732
v 0.279807 -0.268334 0.791161
v 0.282630 -0.269422 0.791514
v 0.285505 -0.270273 0.791791
v 0.288428 -0.270886 0.791990
v 0.291391 -0.271257 0.792110
v 0.294390 -0.271381 0.792151
v 0.297657 -0.271215 0.792097
v 0.300620 -0.270742 0.791943
v 0.303283 -0.269995 0.791701
v 0.305650 -0.269009 0.791380
v 0.307724 -0.267819 0.790994
v 0.309510 -0.266459 0.790552
v 0.311011 -0.264963 0.790066
v 0.312230 -0.263367 0.789547
v 0.313172 -0.261703 0.789006
v 0.313840 -0.260008 0.788455
v 0.314238 -0.258315 0.787905
v 0.314370 -0.256658 0.787367
v 0.313325 -0.251040 0.785542
v 0.310437 -0.246138 0.783949
v 0.306073 -0.241776 0.782531
v 0.300603 -0.237777 0.781232
v 0.294396 -0.233966 0.779994
v 0.287820 -0.230167 0.778759
v 0.281244 -0.226204 0.777472
v 0.275037 -0.221900 0.776074
v 0.269567 -0.217081 0.774508
v 0.265203 -0.211570 0.772717
v 0.262315 -0.205192 0.770645
v 0.261270 -0.197769 0.768233
v 0.261573 -0.193164 0.766737
v 0.262467 -0.188863 0.765339
v 0.263928 -0.184884 0.764046
v 0.265930 -0.181246 0.762864
v 0.268450 -0.177967 0.761799
v 0.271462 -0.175065 0.760856
v 0.274944 -0.172559 0.760042
v 0.278870 -0.170467 0.759362
v 0.283216 -0.168808 0.758823
v 0.287957 -0.167601 0.758431
v 0.293070 -0.166862 0.758191
v 0.298530 -0.166612 0.758109
v 0.300870 -0.166669 0.758128
v 0.303207 -0.166841 0.758184
v 0.305539 -0.167126 0.758276
v 0.307863 -0.167525 0.758406
v 0.310178 -0.168039 0.758573
v 0.312480 -0.168667 0.758777
v 0.314767 -0.169408 0.759018
v 0.317037 -0.170264 0.759296
v 0.319286 -0.171234 0.759611
v 0.321513 -0.172319 0.759964
v 0.323715 -0.173517 0.760353
v 0.325890 -0.174829 0.760779
v 0.325890 -0.193832 0.766954
v 0.254070 -0.168153 0.758610
v 0.208530 -0.223276 0.776521
v 0.208530 -0.284905 0.796545
v 0.190890 -0.284905 0.796545
v 0.190890 -0.223105 0.776465
v 0.145350 -0.168153 0.758610
v 0.166590 -0.168153 0.758610
v 0.199530 -0.208383 0.771681
v 0.232830 -0.168153 0.758610
v 0.114030 -0.284905 0.796545
v 0.114030 -0.234061 0.780025
v 0.045270 -0.234061 0.780025
v 0.045270 -0.284905 0.796545
v 0.027630 -0.284905 0.796545
v 0.027630 -0.168153 0.758610
v 0.045270 -0.168153 0.758610
v 0.045270 -0.218997 0.775130
v 0.114030 -0.218997 0.775130
v 0.114030 -0.168153 0.758610
v 0.131670 -0.168153 0.758610
v 0.131670 -0.284905 0.796545
v -0.031410 -0.183218 0.763505
v -0.031410 -0.284905 0.796545
v -0.049050 -0.284905 0.796545
v -0.049050 -0.183218 0.763505
v -0.091530 -0.183218 0.763505
v -0.091530 -0.168153 0.758610
v 0.011070 -0.168153 0.758610
v 0.011070 -0.183218 0.763505
v -0.153450 -0.183218 0.763505
v -0.153450 -0.218483 0.774963
v -0.103230 -0.218483 0.774963
v -0.103230 -0.233548 0.779858
v -0.153450 -0.233548 0.779858
v -0.153450 -0.269840 0.791650
v -0.099810 -0.269840 0.791650
v -0.099810 -0.284905 0.796545
v -0.171090 -0.284905 0.796545
v -0.171090 -0.168153 0.758610
v -0.101430 -0.168153 0.758610
v -0.101430 -0.183218 0.763505
v -0.215190 -0.284905 0.796545
v -0.215190 -0.194003 0.767009
v -0.215550 -0.194003 0.767009
v -0.253350 -0.239197 0.781694
v -0.256230 -0.239197 0.781694
v -0.294030 -0.194003 0.767009
v -0.294390 -0.194003 0.767009
v -0.294390 -0.284905 0.796545
v -0.312030 -0.284905 0.796545
v -0.312030 -0.168153 0.758610
v -0.295470 -0.168153 0.758610
v -0.254790 -0.216086 0.774185
v -0.213930 -0.168153 0.758610
v -0.197550 -0.168153 0.758610
v -0.197550 -0.284905 0.796545
v -0.343170 -0.284905 0.796545
v -0.359550 -0.250496 0.785365
v -0.411750 -0.250496 0.785365
v -0.427230 -0.284905 0.796545
v -0.445230 -0.284905 0.796545
v -0.392490 -0.167468 0.758388
v -0.380070 -0.167468 0.758388
v -0.325170 -0.284905 0.796545
v -0.366750 -0.235431 0.780470
v -0.386550 -0.193147 0.766731
v -0.404910 -0.235431 0.780470
v 0.399690 -0.196122 0.723789
v 0.399690 -0.297809 0.756829
v 0.382050 -0.297809 0.756829
v 0.382050 -0.196122 0.723789
v 0.339570 -0.196122 0.723789
v 0.339570 -0.181058 0.718894
v 0.442170 -0.181058 0.718894
v 0.442170 -0.196122 0.723789
v 0.323288 -0.204519 0.726517
v 0.320707 -0.202567 0.725883
v 0.318150 -0.200865 0.725330
v 0.315623 -0.199400 0.724854
v 0.313132 -0.198159 0.724451
v 0.310680 -0.197128 0.724116
v 0.308273 -0.196293 0.723844
v 0.305917 -0.195640 0.723632
v 0.303615 -0.195157 0.723475
v 0.301373 -0.194828 0.723368
v 0.299197 -0.194641 0.723307
v 0.297090 -0.194582 0.723288
v 0.294325 -0.194698 0.723326
v 0.291712 -0.195038 0.723436
v 0.289268 -0.195593 0.723617
v 0.287010 -0.196351 0.723863
v 0.284954 -0.197301 0.724172
v 0.283117 -0.198433 0.724540
v 0.281517 -0.199737 0.724963
v 0.280170 -0.201201 0.725439
v 0.279093 -0.202815 0.725963
v 0.278302 -0.204568 0.726533
v 0.277816 -0.206449 0.727144
v 0.277650 -0.208448 0.727794
v 0.278695 -0.213615 0.729472
v 0.281583 -0.218043 0.730911
v 0.285947 -0.221940 0.732177
v 0.291417 -0.225516 0.733339
v 0.297624 -0.228981 0.734465
v 0.304200 -0.232543 0.735623
v 0.310776 -0.236412 0.736880
v 0.316983 -0.240797 0.738304
v 0.322453 -0.245907 0.739965
v 0.326817 -0.251951 0.741929
v 0.329705 -0.259139 0.744264
v 0.330750 -0.267680 0.747039
v 0.330452 -0.272151 0.748492
v 0.329578 -0.276386 0.749868
v 0.328162 -0.280356 0.751158
v 0.326237 -0.284032 0.752352
v 0.323833 -0.287384 0.753442
v 0.320985 -0.290384 0.754416
v 0.317724 -0.293002 0.755267
v 0.314083 -0.295210 0.755984
v 0.310095 -0.296977 0.756559
v 0.305792 -0.298276 0.756981
v 0.301206 -0.299077 0.757241
v 0.296370 -0.299350 0.757329
v 0.293091 -0.299278 0.757306
v 0.289911 -0.299062 0.757236
v 0.286822 -0.298700 0.757118
v 0.283817 -0.298190 0.756952
v 0.280889 -0.297530 0.756738
v 0.278033 -0.296718 0.756474
v 0.275239 -0.295753 0.756161
v 0.272503 -0.294633 0.755797
v 0.269817 -0.293356 0.755382
v 0.267174 -0.291920 0.754915
v 0.264567 -0.290324 0.754397
v 0.261990 -0.288565 0.753825
v 0.261990 -0.267337 0.746928
v 0.264288 -0.269973 0.747784
v 0.266678 -0.272397 0.748572
v 0.269153 -0.274608 0.749290
v 0.271710 -0.276601 0.749938
v 0.274342 -0.278373 0.750513
v 0.277043 -0.279920 0.751016
v 0.279807 -0.281239 0.751445
v 0.282630 -0.282326 0.751798
v 0.285505 -0.283178 0.752075
v 0.288428 -0.283791 0.752274
v 0.291391 -0.284161 0.752394
v 0.294390 -0.284285 0.752435
v 0.297657 -0.284120 0.752381
v 0.300620 -0.283646 0.752227
v 0.303283 -0.282900 0.751984
v 0.305650 -0.281914 0.751664
v 0.307724 -0.280724 0.751277
v 0.309510 -0.279364 0.750835
v 0.311011 -0.277868 0.750349
v 0.312230 -0.276271 0.749831
v 0.313172 -0.274608 0.749290
v 0.313840 -0.272912 0.748739
v 0.314238 -0.271219 0.748189
v 0.314370 -0.269563 0.747651
v 0.313325 -0.263945 0.745826
v 0.310437 -0.259043 0.744233
v 0.306073 -0.254680 0.742815
v 0.300603 -0.250681 0.741516
v 0.294396 -0.246870 0.740278
v 0.287820 -0.243071 0.739043
v 0.281244 -0.239108 0.737756
v 0.275037 -0.234805 0.736358
v 0.269567 -0.229986 0.734792
v 0.265203 -0.224475 0.733001
v 0.262315 -0.218096 0.730928
v 0.261270 -0.210674 0.728517
v 0.261573 -0.206069 0.727021
v 0.262467 -0.201768 0.725623
v 0.263928 -0.197789 0.724330
v 0.265930 -0.194150 0.723148
v 0.268450 -0.190871 0.722083
v 0.271462 -0.187969 0.721140
v 0.274944 -0.185463 0.720325
v 0.278870 -0.183372 0.719646
v 0.283216 -0.181713 0.719107
v 0.287957 -0.180505 0.718714
v 0.293070 -0.179767 0.718475
v 0.298530 -0.179517 0.718393
v 0.300870 -0.179574 0.718412
v 0.303207 -0.179745 0.718467
v 0.305539 -0.180030 0.718560
v 0.307863 -0.180430 0.718690
v 0.310178 -0.180943 0.718857
v 0.312480 -0.181571 0.719061
v 0.314767 -0.182313 0.719302
v 0.317037 -0.183169 0.719580
v 0.319286 -0.184139 0.719895
v 0.321513 -0.185223 0.720247
v 0.323715 -0.186422 0.720637
v 0.325890 -0.187734 0.721063
v 0.325890 -0.206736 0.727237
v 0.254070 -0.181058 0.718894
v 0.208530 -0.236181 0.736805
v 0.208530 -0.297809 0.756829
v 0.190890 -0.297809 0.756829
v 0.190890 -0.236010 0.736749
v 0.145350 -0.181058 0.718894
v 0.166590 -0.181058 0.718894
v 0.199530 -0.221287 0.731965
v 0.232830 -0.181058 0.718894
v 0.114030 -0.297809 0.756829
v 0.114030 -0.246966 0.740309
v 0.045270 -0.246966 0.740309
v 0.045270 -0.297809 0.756829
v 0.027630 -0.297809 0.756829
v 0.027630 -0.181058 0.718894
v 0.045270 -0.181058 0.718894
v 0.045270 -0.231901 0.735414
v 0.114030 -0.231901 0.735414
v 0.114030 -0.181058 0.718894
v 0.131670 -0.181058 0.718894
v 0.131670 -0.297809 0.756829
v -0.031410 -0.196122 0.723789
v -0.031410 -0.297809 0.756829
v -0.049050 -0.297809 0.756829
v -0.049050 -0.196122 0.723789
v -0.091530 -0.196122 0.723789
v -0.091530 -0.181058 0.718894
v 0.011070 -0.181058 0.718894
v 0.011070 -0.196122 0.723789
v -0.153450 -0.196122 0.723789
v -0.153450 -0.231388 0.735247
v -0.103230 -0.231388 0.735247
v -0.103230 -0.246452 0.740142
v -0.153450 -0.246452 0.740142
v -0.153450 -0.282745 0.751934
v -0.099810 -0.282745 0.751934
v -0.099810 -0.297809 0.756829
v -0.171090 -0.297809 0.756829
v -0.171090 -0.181058 0.718894
v -0.101430 -0.181058 0.718894
v -0.101430 -0.196122 0.723789
v -0.215190 -0.297809 0.756829
v -0.215190 -0.206907 0.727293
v -0.215550 -0.206907 0.727293
v -0.253350 -0.252102 0.741978
v -0.256230 -0.252102 0.741978
v -0.294030 -0.206907 0.727293
v -0.294390 -0.206907 0.727293
v -0.294390 -0.297809 0.756829
v -0.312030 -0.297809 0.756829
v -0.312030 -0.181058 0.718894
v -0.295470 -0.181058 0.718894
v -0.254790 -0.228991 0.734468
v -0.213930 -0.181058 0.718894
v -0.197550 -0.181058 0.718894
v -0.197550 -0.297809 0.756829
v -0.343170 -0.297809 0.756829
v -0.359550 -0.263400 0.745649
v -0.411750 -0.263400 0.745649
v -0.427230 -0.297809 0.756829
v -0.445230 -0.297809 0.756829
v -0.392490 -0.180373 0.718671
v -0.380070 -0.180373 0.718671
v -0.325170 -0.297809 0.756829
v -0.366750 -0.248335 0.740754
v -0.386550 -0.206051 0.727015
v -0.404910 -0.248335 0.740754
v -0.343170 -0.297809 0.756829
v -0.343744 -0.298612 0.757238
v -0.344262 -0.299249 0.757875
v -0.344673 -0.299658 0.758678
v -0.344937 -0.299799 0.759568
v -0.345028 -0.299658 0.760458
v -0.345028 -0.288534 0.794696
v -0.344937 -0.288125 0.795499
v -0.344673 -0.287488 0.796136
v -0.344262 -0.286685 0.796545
v -0.343744 -0.285795 0.796686
v -0.343170 -0.284905 0.796545
v -0.359550 -0.263400 0.745649
v -0.360124 -0.264203 0.746058
v -0.360642 -0.264840 0.746695
v -0.361053 -0.265249 0.747498
v -0.361317 -0.265390 0.748388
v -0.361408 -0.265249 0.749278
v -0.361408 -0.254125 0.783516
v -0.361317 -0.253715 0.784319
v -0.361053 -0.253078 0.784956
v -0.360642 -0.252275 0.785365
v -0.360124 -0.251386 0.785506
v -0.359550 -0.250496 0.785365
v -0.411750 -0.263400 0.745649
v -0.411163 -0.264203 0.746058
v -0.410633 -0.264840 0.746695
v -0.410213 -0.265249 0.747498
v -0.409943 -0.265390 0.748388
v -0.409850 -0.265249 0.749278
v -0.409850 -0.254125 0.783516
v -0.409943 -0.253715 0.784319
v -0.410213 -0.253078 0.784956
v -0.410633 -0.252275 0.785365
v -0.411163 -0.251386 0.785506
v -0.411750 -0.250496 0.785365
v -0.427230 -0.297809 0.756829
v -0.426643 -0.298612 0.757238
v -0.426113 -0.299249 0.757875
v -0.425693 -0.299658 0.758678
v -0.425423 -0.299799 0.759568
v -0.425330 -0.299658 0.760458
v -0.425330 -0.288534 0.794696
v -0.425423 -0.288125 0.795499
v -0.425693 -0.287488 0.796136
v -0.426113 -0.286685 0.796545
v -0.426643 -0.285795 0.796686
v -0.427230 -0.284905 0.796545
v -0.445230 -0.297809 0.756829
v -0.446578 -0.298612 0.757238
v -0.447794 -0.299249 0.757875
v -0.448759 -0.299658 0.758678
v -0.449378 -0.299799 0.759568
v -0.449592 -0.299658 0.760458
v -0.449592 -0.288534 0.794696
v -0.449378 -0.288125 0.795499
v -0.448759 -0.287488 0.796136
v -0.447794 -0.286685 0.796545
v -0.446578 -0.285795 0.796686
v -0.445230 -0.284905 0.796545
v -0.392490 -0.180373 0.718671
v -0.393078 -0.179483 0.718530
v -0.393608 -0.178593 0.718671
v -0.394028 -0.177790 0.719081
v -0.394299 -0.177153 0.719718
v -0.394392 -0.176744 0.720520
v -0.394392 -0.165619 0.754759
v -0.394299 -0.165478 0.755648
v -0.394028 -0.165619 0.756539
v -0.393608 -0.166028 0.757341
v -0.393078 -0.166665 0.757978
v -0.392490 -0.167468 0.758388
v -0.380070 -0.180373 0.718671
v -0.379492 -0.179483 0.718530
v -0.378970 -0.178593 0.718671
v -0.378556 -0.177790 0.719081
v -0.378290 -0.177153 0.719718
v -0.378199 -0.176744 0.720520
v -0.378199 -0.165619 0.754759
v -0.378290 -0.165478 0.755648
v -0.378556 -0.165619 0.756539
v -0.378970 -0.166028 0.757341
v -0.379492 -0.166665 0.757978
v -0.380070 -0.167468 0.758388
v -0.325170 -0.297809 0.756829
v -0.323800 -0.298612 0.757238
v -0.322565 -0.299249 0.757875
v -0.321584 -0.299658 0.758678
v -0.320955 -0.299799 0.759568
v -0.320738 -0.299658 0.760458
v -0.320738 -0.288534 0.794696
v -0.320955 -0.288125 0.795499
v -0.321584 -0.287488 0.796136
v -0.322565 -0.286685 0.796545
v -0.323800 -0.285795 0.796686
v -0.325170 -0.284905 0.796545
v -0.366750 -0.248335 0.740754
v -0.368121 -0.247445 0.740613
v -0.369357 -0.246555 0.740754
v -0.370338 -0.245753 0.741163
v -0.370968 -0.245115 0.741800
v -0.371185 -0.244706 0.742603
v -0.371185 -0.233582 0.776841
v -0.370968 -0.233441 0.777731
v -0.370338 -0.233582 0.778621
v -0.369357 -0.233991 0.779424
v -0.368121 -0.234628 0.780061
v -0.366750 -0.235431 0.780470
v -0.386550 -0.206051 0.727015
v -0.386519 -0.208154 0.727846
v -0.386491 -0.209964 0.728865
v -0.386469 -0.211304 0.729970
v -0.386455 -0.212043 0.731054
v -0.386450 -0.212107 0.732011
v -0.386450 -0.200983 0.766249
v -0.386455 -0.200368 0.766985
v -0.386469 -0.199133 0.767428
v -0.386491 -0.197400 0.767534
v -0.386519 -0.195337 0.767294
v -0.386550 -0.193147 0.766731
v -0.404910 -0.248335 0.740754
v -0.403580 -0.247445 0.740613
v -0.402380 -0.246555 0.740754
v -0.401427 -0.245753 0.741163
v -0.400816 -0.245115 0.741800
v -0.400605 -0.244706 0.742603
v -0.400605 -0.233582 0.776841
v -0.400816 -0.233441 0.777731
v -0.401427 -0.233582 0.778621
v -0.402380 -0.233991 0.779424
v -0.403580 -0.234628 0.780061
v -0.404910 -0.235431 0.780470
v -0.215190 -0.297809 0.756829
v -0.216080 -0.298612 0.757238
v -0.216883 -0.299249 0.757875
v -0.217520 -0.299658 0.758678
v -0.217929 -0.299799 0.759568
v -0.218070 -0.299658 0.760458
v -0.218070 -0.288534 0.794696
v -0.217929 -0.288125 0.795499
v -0.217520 -0.287488 0.796136
v -0.216883 -0.286685 0.796545
v -0.216080 -0.285795 0.796686
v -0.215190 -0.284905 0.796545
v -0.215190 -0.206907 0.727293
v -0.216080 -0.207710 0.727702
v -0.216883 -0.208347 0.728339
v -0.217520 -0.208756 0.729142
v -0.217929 -0.208897 0.730032
v -0.218070 -0.208756 0.730922
v -0.218070 -0.197632 0.765160
v -0.217929 -0.197223 0.765963
v -0.217520 -0.196586 0.766600
v -0.216883 -0.195783 0.767009
v -0.216080 -0.194893 0.767150
v -0.215190 -0.194003 0.767009
v -0.215550 -0.206907 0.727293
v -0.215121 -0.207710 0.727702
v -0.214734 -0.208347 0.728339
v -0.214426 -0.208756 0.729142
v -0.214229 -0.208897 0.730032
v -0.214161 -0.208756 0.730922
v -0.214161 -0.197632 0.765160
v -0.214229 -0.197223 0.765963
v -0.214426 -0.196586 0.766600
v -0.214734 -0.195783 0.767009
v -0.215121 -0.194893 0.767150
v -0.215550 -0.194003 0.767009
v -0.253350 -0.252102 0.741978
v -0.252921 -0.252904 0.742387
v -0.252534 -0.253542 0.743024
v -0.252226 -0.253951 0.743827
v -0.252029 -0.254092 0.744717
v -0.251961 -0.253951 0.745607
v -0.251961 -0.242826 0.779845
v -0.252029 -0.242417 0.780647
v -0.252226 -0.241780 0.781285
v -0.252534 -0.240977 0.781694
v -0.252921 -0.240087 0.781835
v -0.253350 -0.239197 0.781694
v -0.256230 -0.252102 0.741978
v -0.256659 -0.252904 0.742387
v -0.257047 -0.253542 0.743024
v -0.257354 -0.253951 0.743827
v -0.257551 -0.254092 0.744717
v -0.257619 -0.253951 0.745607
v -0.257619 -0.242826 0.779845
v -0.257551 -0.242417 0.780647
v -0.257354 -0.241780 0.781285
v -0.257047 -0.240977 0.781694
v -0.256659 -0.240087 0.781835
v -0.256230 -0.239197 0.781694
v -0.294030 -0.206907 0.727293
v -0.294459 -0.207710 0.727702
v -0.294847 -0.208347 0.728339
v -0.295154 -0.208756 0.729142
v -0.295351 -0.208897 0.730032
v -0.295419 -0.208756 0.730922
v -0.295419 -0.197632 0.765160
v -0.295351 -0.197223 0.765963
v -0.295154 -0.196586 0.766600
v -0.294847 -0.195783 0.767009
v -0.294459 -0.194893 0.767150
v -0.294030 -0.194003 0.767009
v -0.294390 -0.206907 0.727293
v -0.293500 -0.207710 0.727702
v -0.292697 -0.208347 0.728339
v -0.292060 -0.208756 0.729142
v -0.291651 -0.208897 0.730032
v -0.291510 -0.208756 0.730922
v -0.291510 -0.197632 0.765160
v -0.291651 -0.197223 0.765963
v -0.292060 -0.196586 0.766600
v -0.292697 -0.195783 0.767009
v -0.293500 -0.194893 0.767150
v -0.294390 -0.194003 0.767009
v -0.294390 -0.297809 0.756829
v -0.293500 -0.298612 0.757238
v -0.292697 -0.299249 0.757875
v -0.292060 -0.299658 0.758678
v -0.291651 -0.299799 0.759568
v -0.291510 -0.299658 0.760458
v -0.291510 -0.288534 0.794696
v -0.291651 -0.288125 0.795499
v -0.292060 -0.287488 0.796136
v -0.292697 -0.286685 0.796545
v -0.293500 -0.285795 0.796686
v -0.294390 -0.284905 0.796545
v -0.312030 -0.297809 0.756829
v -0.312920 -0.298612 0.757238
v -0.313723 -0.299249 0.757875
v -0.314360 -0.299658 0.758678
v -0.314769 -0.299799 0.759568
v -0.314910 -0.299658 0.760458
v -0.314910 -0.288534 0.794696
v -0.314769 -0.288125 0.795499
v -0.314360 -0.287488 0.796136
v -0.313723 -0.286685 0.796545
v -0.312920 -0.285795 0.796686
v -0.312030 -0.284905 0.796545
v -0.312030 -0.181058 0.718894
v -0.312920 -0.180168 0.718753
v -0.313723 -0.179278 0.718894
v -0.314360 -0.178475 0.719303
v -0.314769 -0.177838 0.719940
v -0.314910 -0.177429 0.720743
v -0.314910 -0.166304 0.754981
v -0.314769 -0.166163 0.755871
v -0.314360 -0.166304 0.756761
v -0.313723 -0.166713 0.757564
v -0.312920 -0.167350 0.758201
v -0.312030 -0.168153 0.758610
v -0.295470 -0.181058 0.718894
v -0.295045 -0.180168 0.718753
v -0.294661 -0.179278 0.718894
v -0.294356 -0.178475 0.719303
v -0.294161 -0.177838 0.719940
v -0.294094 -0.177429 0.720743
v -0.294094 -0.166304 0.754981
v -0.294161 -0.166163 0.755871
v -0.294356 -0.166304 0.756761
v -0.294661 -0.166713 0.757564
v -0.295045 -0.167350 0.758201
v -0.295470 -0.168153 0.758610
v -0.254790 -0.228991 0.734468
v -0.254789 -0.227601 0.734165
v -0.254787 -0.226261 0.734160
v -0.254786 -0.225101 0.734453
v -0.254785 -0.224234 0.735015
v -0.254785 -0.223746 0.735792
v -0.254785 -0.212621 0.770030
v -0.254785 -0.212559 0.770946
v -0.254786 -0.212930 0.771911
v -0.254787 -0.213696 0.772830
v -0.254789 -0.214784 0.773613
v -0.254790 -0.216086 0.774185
v -0.213930 -0.181058 0.718894
v -0.214354 -0.180168 0.718753
v -0.214737 -0.179278 0.718894
v -0.215041 -0.178475 0.719303
v -0.215236 -0.177838 0.719940
v -0.215303 -0.177429 0.720743
v -0.215303 -0.166304 0.754981
v -0.215236 -0.166163 0.755871
v -0.215041 -0.166304 0.756761
v -0.214737 -0.166713 0.757564
v -0.214354 -0.167350 0.758201
v -0.213930 -0.168153 0.758610
v -0.197550 -0.181058 0.718894
v -0.196660 -0.180168 0.718753
v -0.195857 -0.179278 0.718894
v -0.195220 -0.178475 0.719303
v -0.194811 -0.177838 0.719940
v -0.194670 -0.177429 0.720743
v -0.194670 -0.166304 0.754981
v -0.194811 -0.166163 0.755871
v -0.195220 -0.166304 0.756761
v -0.195857 -0.166713 0.757564
v -0.196660 -0.167350 0.758201
v -0.197550 -0.168153 0.758610
v -0.197550 -0.297809 0.756829
v -0.196660 -0.298612 0.757238
v -0.195857 -0.299249 0.757875
v -0.195220 -0.299658 0.758678
v -0.194811 -0.299799 0.759568
v -0.194670 -0.299658 0.760458
v -0.194670 -0.288534 0.794696
v -0.194811 -0.288125 0.795499
v -0.195220 -0.287488 0.796136
v -0.195857 -0.286685 0.796545
v -0.196660 -0.285795 0.796686
v -0.197550 -0.284905 0.796545
v -0.153450 -0.196122 0.723789
v -0.152560 -0.196925 0.724198
v -0.151757 -0.197562 0.724835
v -0.151120 -0.197971 0.725638
v -0.150711 -0.198112 0.726528
v -0.150570 -0.197971 0.727418
v -0.150570 -0.186847 0.761656
v -0.150711 -0.186438 0.762459
v -0.151120 -0.185801 0.763096
v -0.151757 -0.184998 0.763505
v -0.152560 -0.184108 0.763646
v -0.153450 -0.183218 0.763505
v -0.153450 -0.231388 0.735247
v -0.152560 -0.230498 0.735106
v -0.151757 -0.229608 0.735247
v -0.151120 -0.228805 0.735656
v -0.150711 -0.228168 0.736293
v -0.150570 -0.227759 0.737096
v -0.150570 -0.216634 0.771334
v -0.150711 -0.216493 0.772224
v -0.151120 -0.216634 0.773114
v -0.151757 -0.217043 0.773917
v -0.152560 -0.217680 0.774554
v -0.153450 -0.218483 0.774963
v -0.103230 -0.231388 0.735247
v -0.102340 -0.230498 0.735106
v -0.101537 -0.229608 0.735247
v -0.100900 -0.228805 0.735656
v -0.100491 -0.228168 0.736293
v -0.100350 -0.227759 0.737096
v -0.100350 -0.216634 0.771334
v -0.100491 -0.216493 0.772224
v -0.100900 -0.216634 0.773114
v -0.101537 -0.217043 0.773917
v -0.102340 -0.217680 0.774554
v -0.103230 -0.218483 0.774963
v -0.103230 -0.246452 0.740142
v -0.102340 -0.247255 0.740551
v -0.101537 -0.247892 0.741188
v -0.100900 -0.248301 0.741991
v -0.100491 -0.248442 0.742881
v -0.100350 -0.248301 0.743771
v -0.100350 -0.237177 0.778009
v -0.100491 -0.236768 0.778812
v -0.100900 -0.236131 0.779449
v -0.101537 -0.235328 0.779858
v -0.102340 -0.234438 0.779999
v -0.103230 -0.233548 0.779858
v -0.153450 -0.246452 0.740142
v -0.152560 -0.247255 0.740551
v -0.151757 -0.247892 0.741188
v -0.151120 -0.248301 0.741991
v -0.150711 -0.248442 0.742881
v -0.150570 -0.248301 0.743771
v -0.150570 -0.237177 0.778009
v -0.150711 -0.236768 0.778812
v -0.151120 -0.236131 0.779449
v -0.151757 -0.235328 0.779858
v -0.152560 -0.234438 0.779999
v -0.153450 -0.233548 0.779858
v -0.153450 -0.282745 0.751934
v -0.152560 -0.281855 0.751793
v -0.151757 -0.280965 0.751934
v -0.151120 -0.280162 0.752343
v -0.150711 -0.279525 0.752980
v -0.150570 -0.279116 0.753783
v -0.150570 -0.267991 0.788021
v -0.150711 -0.267850 0.788911
v -0.151120 -0.267991 0.789801
v -0.151757 -0.268400 0.790604
v -0.152560 -0.269037 0.791241
v -0.153450 -0.269840 0.791650
v -0.099810 -0.282745 0.751934
v -0.098920 -0.281855 0.751793
v -0.098117 -0.280965 0.751934
v -0.097480 -0.280162 0.752343
v -0.097071 -0.279525 0.752980
v -0.096930 -0.279116 0.753783
v -0.096930 -0.267991 0.788021
v -0.097071 -0.267850 0.788911
v -0.097480 -0.267991 0.789801
v -0.098117 -0.268400 0.790604
v -0.098920 -0.269037 0.791241
v -0.099810 -0.269840 0.791650
v -0.099810 -0.297809 0.756829
v -0.098920 -0.298612 0.757238
v -0.098117 -0.299249 0.757875
v -0.097480 -0.299658 0.758678
v -0.097071 -0.299799 0.759568
v -0.096930 -0.299658 0.760458
v -0.096930 -0.288534 0.794696
v -0.097071 -0.288125 0.795499
v -0.097480 -0.287488 0.796136
v -0.098117 -0.286685 0.796545
v -0.098920 -0.285795 0.796686
v -0.099810 -0.284905 0.796545
v -0.171090 -0.297809 0.756829
v -0.171980 -0.298612 0.757238
v -0.172783 -0.299249 0.757875
v -0.173420 -0.299658 0.758678
v -0.173829 -0.299799 0.759568
v -0.173970 -0.299658 0.760458
v -0.173970 -0.288534 0.794696
v -0.173829 -0.288125 0.795499
v -0.173420 -0.287488 0.796136
v -0.172783 -0.286685 0.796545
v -0.171980 -0.285795 0.796686
v -0.171090 -0.284905 0.796545
v -0.171090 -0.181058 0.718894
v -0.171980 -0.180168 0.718753
v -0.172783 -0.179278 0.718894
v -0.173420 -0.178475 0.719303
v -0.173829 -0.177838 0.719940
v -0.173970 -0.177429 0.720743
v -0.173970 -0.166304 0.754981
v -0.173829 -0.166163 0.755871
v -0.173420 -0.166304 0.756761
v -0.172783 -0.166713 0.757564
v -0.171980 -0.167350 0.758201
v -0.171090 -0.168153 0.758610
v -0.101430 -0.181058 0.718894
v -0.100540 -0.180168 0.718753
v -0.099737 -0.179278 0.718894
v -0.099100 -0.178475 0.719303
v -0.098691 -0.177838 0.719940
v -0.098550 -0.177429 0.720743
v -0.098550 -0.166304 0.754981
v -0.098691 -0.166163 0.755871
v -0.099100 -0.166304 0.756761
v -0.099737 -0.166713 0.757564
v -0.100540 -0.167350 0.758201
v -0.101430 -0.168153 0.758610
v -0.101430 -0.196122 0.723789
v -0.100540 -0.196925 0.724198
v -0.099737 -0.197562 0.724835
v -0.099100 -0.197971 0.725638
v -0.098691 -0.198112 0.726528
v -0.098550 -0.197971 0.727418
v -0.098550 -0.186847 0.761656
v -0.098691 -0.186438 0.762459
v -0.099100 -0.185801 0.763096
v -0.099737 -0.184998 0.763505
v -0.100540 -0.184108 0.763646
v -0.101430 -0.183218 0.763505
v -0.031410 -0.196122 0.723789
v -0.030520 -0.196925 0.724198
v -0.029717 -0.197562 0.724835
v -0.029080 -0.197971 0.725638
v -0.028671 -0.198112 0.726528
v -0.028530 -0.197971 0.727418
v -0.028530 -0.186847 0.761656
v -0.028671 -0.186438 0.762459
v -0.029080 -0.185801 0.763096
v -0.029717 -0.184998 0.763505
v -0.030520 -0.184108 0.763646
v -0.031410 -0.183218 0.763505
v -0.031410 -0.297809 0.756829
v -0.030520 -0.298612 0.757238
v -0.029717 -0.299249 0.757875
v -0.029080 -0.299658 0.758678
v -0.028671 -0.299799 0.759568
v -0.028530 -0.299658 0.760458
v -0.028530 -0.288534 0.794696
v -0.028671 -0.288125 0.795499
v -0.029080 -0.287488 0.796136
v -0.029717 -0.286685 0.796545
v -0.030520 -0.285795 0.796686
v -0.031410 -0.284905 0.796545
v -0.049050 -0.297809 0.756829
v -0.049940 -0.298612 0.757238
v -0.050743 -0.299249 0.757875
v -0.051380 -0.299658 0.758678
v -0.051789 -0.299799 0.759568
v -0.051930 -0.299658 0.760458
v -0.051930 -0.288534 0.794696
v -0.051789 -0.288125 0.795499
v -0.051380 -0.287488 0.796136
v -0.050743 -0.286685 0.796545
v -0.049940 -0.285795 0.796686
v -0.049050 -0.284905 0.796545
v -0.049050 -0.196122 0.723789
v -0.049940 -0.196925 0.724198
v -0.050743 -0.197562 0.724835
v -0.051380 -0.197971 0.725638
v -0.051789 -0.198112 0.726528
v -0.051930 -0.197971 0.727418
v -0.051930 -0.186847 0.761656
v -0.051789 -0.186438 0.762459
v -0.051380 -0.185801 0.763096
v -0.050743 -0.184998 0.763505
v -0.049940 -0.184108 0.763646
v -0.049050 -0.183218 0.763505
v -0.091530 -0.196122 0.723789
v -0.092420 -0.196925 0.724198
v -0.093223 -0.197562 0.724835
v -0.093860 -0.197971 0.725638
v -0.094269 -0.198112 0.726528
v -0.094410 -0.197971 0.727418
v -0.094410 -0.186847 0.761656
v -0.094269 -0.186438 0.762459
v -0.093860 -0.185801 0.763096
v -0.093223 -0.184998 0.763505
v -0.092420 -0.184108 0.763646
v -0.091530 -0.183218 0.763505
v -0.091530 -0.181058 0.718894
v -0.092420 -0.180168 0.718753
v -0.093223 -0.179278 0.718894
v -0.093860 -0.178475 0.719303
v -0.094269 -0.177838 0.719940
v -0.094410 -0.177429 0.720743
v -0.094410 -0.166304 0.754981
v -0.094269 -0.166163 0.755871
v -0.093860 -0.166304 0.756761
v -0.093223 -0.166713 0.757564
v -0.092420 -0.167350 0.758201
v -0.091530 -0.168153 0.758610
v 0.011070 -0.181058 0.718894
v 0.011960 -0.180168 0.718753
v 0.012763 -0.179278 0.718894
v 0.013400 -0.178475 0.719303
v 0.013809 -0.177838 0.719940
v 0.013950 -0.177429 0.720743
v 0.013950 -0.166304 0.754981
v 0.013809 -0.166163 0.755871
v 0.013400 -0.166304 0.756761
v 0.012763 -0.166713 0.757564
v 0.011960 -0.167350 0.758201
v 0.011070 -0.168153 0.758610
v 0.011070 -0.196122 0.723789
v 0.011960 -0.196925 0.724198
v 0.012763 -0.197562 0.724835
v 0.013400 -0.197971 0.725638
v 0.013809 -0.198112 0.726528
v 0.013950 -0.197971 0.727418
v 0.013950 -0.186847 0.761656
v 0.013809 -0.186438 0.762459
v 0.013400 -0.185801 0.763096
v 0.012763 -0.184998 0.763505
v 0.011960 -0.184108 0.763646
v 0.011070 -0.183218 0.763505
v 0.114030 -0.297809 0.756829
v 0.113140 -0.298612 0.757238
v 0.112337 -0.299249 0.757875
v 0.111700 -0.299658 0.758678
v 0.111291 -0.299799 0.759568
v 0.111150 -0.299658 0.760458
v 0.111150 -0.288534 0.794696
v 0.111291 -0.288125 0.795499
v 0.111700 -0.287488 0.796136
v 0.112337 -0.286685 0.796545
v 0.113140 -0.285795 0.796686
v 0.114030 -0.284905 0.796545
v 0.114030 -0.246966 0.740309
v 0.113140 -0.247769 0.740718
v 0.112337 -0.248406 0.741355
v 0.111700 -0.248815 0.742158
v 0.111291 -0.248956 0.743048
v 0.111150 -0.248815 0.743938
v 0.111150 -0.237690 0.778176
v 0.111291 -0.237281 0.778979
v 0.111700 -0.236644 0.779616
v 0.112337 -0.235841 0.780025
v 0.113140 -0.234951 0.780166
v 0.114030 -0.234061 0.780025
v 0.045270 -0.246966 0.740309
v 0.046160 -0.247769 0.740718
v 0.046963 -0.248406 0.741355
v 0.047600 -0.248815 0.742158
v 0.048009 -0.248956 0.743048
v 0.048150 -0.248815 0.743938
v 0.048150 -0.237690 0.778176
v 0.048009 -0.237281 0.778979
v 0.047600 -0.236644 0.779616
v 0.046963 -0.235841 0.780025
v 0.046160 -0.234951 0.780166
v 0.045270 -0.234061 0.780025
v 0.045270 -0.297809 0.756829
v 0.046160 -0.298612 0.757238
v 0.046963 -0.299249 0.757875
v 0.047600 -0.299658 0.758678
v 0.048009 -0.299799 0.759568
v 0.048150 -0.299658 0.760458
v 0.048150 -0.288534 0.794696
v 0.048009 -0.288125 0.795499
v 0.047600 -0.287488 0.796136
v 0.046963 -0.286685 0.796545
v 0.046160 -0.285795 0.796686
v 0.045270 -0.284905 0.796545
v 0.027630 -0.297809 0.756829
v 0.026740 -0.298612 0.757238
v 0.025937 -0.299249 0.757875
v 0.025300 -0.299658 0.758678
v 0.024891 -0.299799 0.759568
v 0.024750 -0.299658 0.760458
v 0.024750 -0.288534 0.794696
v 0.024891 -0.288125 0.795499
v 0.025300 -0.287488 0.796136
v 0.025937 -0.286685 0.796545
v 0.026740 -0.285795 0.796686
v 0.027630 -0.284905 0.796545
v 0.027630 -0.181058 0.718894
v 0.026740 -0.180168 0.718753
v 0.025937 -0.179278 0.718894
v 0.025300 -0.178475 0.719303
v 0.024891 -0.177838 0.719940
v 0.024750 -0.177429 0.720743
v 0.024750 -0.166304 0.754981
v 0.024891 -0.166163 0.755871
v 0.025300 -0.166304 0.756761
v 0.025937 -0.166713 0.757564
v 0.026740 -0.167350 0.758201
v 0.027630 -0.168153 0.758610
v 0.045270 -0.181058 0.718894
v 0.046160 -0.180168 0.718753
v 0.046963 -0.179278 0.718894
v 0.047600 -0.178475 0.719303
v 0.048009 -0.177838 0.719940
v 0.048150 -0.177429 0.720743
v 0.048150 -0.166304 0.754981
v 0.048009 -0.166163 0.755871
v 0.047600 -0.166304 0.756761
v 0.046963 -0.166713 0.757564
v 0.046160 -0.167350 0.758201
v 0.045270 -0.168153 0.758610
v 0.045270 -0.231901 0.735414
v 0.046160 -0.231011 0.735273
v 0.046963 -0.230121 0.735414
v 0.047600 -0.229318 0.735823
v 0.048009 -0.228681 0.736460
v 0.048150 -0.228272 0.737263
v 0.048150 -0.217147 0.771501
v 0.048009 -0.217007 0.772391
v 0.047600 -0.217147 0.773281
v 0.046963 -0.217557 0.774084
v 0.046160 -0.218194 0.774721
v 0.045270 -0.218997 0.775130
v 0.114030 -0.231901 0.735414
v 0.113140 -0.231011 0.735273
v 0.112337 -0.230121 0.735414
v 0.111700 -0.229318 0.735823
v 0.111291 -0.228681 0.736460
v 0.111150 -0.228272 0.737263
v 0.111150 -0.217147 0.771501
v 0.111291 -0.217007 0.772391
v 0.111700 -0.217147 0.773281
v 0.112337 -0.217557 0.774084
v 0.113140 -0.218194 0.774721
v 0.114030 -0.218997 0.775130
v 0.114030 -0.181058 0.718894
v 0.113140 -0.180168 0.718753
v 0.112337 -0.179278 0.718894
v 0.111700 -0.178475 0.719303
v 0.111291 -0.177838 0.719940
v 0.111150 -0.177429 0.720743
v 0.111150 -0.166304 0.754981
v 0.111291 -0.166163 0.755871
v 0.111700 -0.166304 0.756761
v 0.112337 -0.166713 0.757564
v 0.113140 -0.167350 0.758201
v 0.114030 -0.168153 0.758610
v 0.131670 -0.181058 0.718894
v 0.132560 -0.180168 0.718753
v 0.133363 -0.179278 0.718894
v 0.134000 -0.178475 0.719303
v 0.134409 -0.177838 0.719940
v 0.134550 -0.177429 0.720743
v 0.134550 -0.166304 0.754981
v 0.134409 -0.166163 0.755871
v 0.134000 -0.166304 0.756761
v 0.133363 -0.166713 0.757564
v 0.132560 -0.167350 0.758201
v 0.131670 -0.168153 0.758610
v 0.131670 -0.297809 0.756829
v 0.132560 -0.298612 0.757238
v 0.133363 -0.299249 0.757875
v 0.134000 -0.299658 0.758678
v 0.134409 -0.299799 0.759568
v 0.134550 -0.299658 0.760458
v 0.134550 -0.288534 0.794696
v 0.134409 -0.288125 0.795499
v 0.134000 -0.287488 0.796136
v 0.133363 -0.286685 0.796545
v 0.132560 -0.285795 0.796686
v 0.131670 -0.284905 0.796545
v 0.254070 -0.181058 0.718894
v 0.255901 -0.180168 0.718753
v 0.257553 -0.179278 0.718894
v 0.258864 -0.178475 0.719303
v 0.259705 -0.177838 0.719940
v 0.259996 -0.177429 0.720743
v 0.259996 -0.166304 0.754981
v 0.259705 -0.166163 0.755871
v 0.258864 -0.166304 0.756761
v 0.257553 -0.166713 0.757564
v 0.255901 -0.167350 0.758201
v 0.254070 -0.168153 0.758610
v 0.208530 -0.236181 0.736805
v 0.209420 -0.236430 0.737034
v 0.210223 -0.236568 0.737509
v 0.210860 -0.236580 0.738183
v 0.211269 -0.236467 0.738990
v 0.211410 -0.236238 0.739851
v 0.211410 -0.225114 0.774089
v 0.211269 -0.224792 0.774921
v 0.210860 -0.224410 0.775641
v 0.210223 -0.224003 0.776178
v 0.209420 -0.223613 0.776482
v 0.208530 -0.223276 0.776521
v 0.208530 -0.297809 0.756829
v 0.209420 -0.298612 0.757238
v 0.210223 -0.299249 0.757875
v 0.210860 -0.299658 0.758678
v 0.211269 -0.299799 0.759568
v 0.211410 -0.299658 0.760458
v 0.211410 -0.288534 0.794696
v 0.211269 -0.288125 0.795499
v 0.210860 -0.287488 0.796136
v 0.210223 -0.286685 0.796545
v 0.209420 -0.285795 0.796686
v 0.208530 -0.284905 0.796545
v 0.190890 -0.297809 0.756829
v 0.190000 -0.298612 0.757238
v 0.189197 -0.299249 0.757875
v 0.188560 -0.299658 0.758678
v 0.188151 -0.299799 0.759568
v 0.188010 -0.299658 0.760458
v 0.188010 -0.288534 0.794696
v 0.188151 -0.288125 0.795499
v 0.188560 -0.287488 0.796136
v 0.189197 -0.286685 0.796545
v 0.190000 -0.285795 0.796686
v 0.190890 -0.284905 0.796545
v 0.190890 -0.236010 0.736749
v 0.190000 -0.236260 0.736978
v 0.189197 -0.236398 0.737453
v 0.188560 -0.236411 0.738128
v 0.188151 -0.236298 0.738935
v 0.188010 -0.236069 0.739797
v 0.188010 -0.224945 0.774035
v 0.188151 -0.224623 0.774866
v 0.188560 -0.224240 0.775586
v 0.189197 -0.223833 0.776123
v 0.190000 -0.223442 0.776426
v 0.190890 -0.223105 0.776465
v 0.145350 -0.181058 0.718894
v 0.143515 -0.180168 0.718753
v 0.141860 -0.179278 0.718894
v 0.140547 -0.178475 0.719303
v 0.139704 -0.177838 0.719940
v 0.139413 -0.177429 0.720743
v 0.139413 -0.166304 0.754981
v 0.139704 -0.166163 0.755871
v 0.140547 -0.166304 0.756761
v 0.141860 -0.166713 0.757564
v 0.143515 -0.167350 0.758201
v 0.145350 -0.168153 0.758610
v 0.166590 -0.181058 0.718894
v 0.167025 -0.180168 0.718753
v 0.167417 -0.179278 0.718894
v 0.167729 -0.178475 0.719303
v 0.167929 -0.177838 0.719940
v 0.167997 -0.177429 0.720743
v 0.167997 -0.166304 0.754981
v 0.167929 -0.166163 0.755871
v 0.167729 -0.166304 0.756761
v 0.167417 -0.166713 0.757564
v 0.167025 -0.167350 0.758201
v 0.166590 -0.168153 0.758610
v 0.199530 -0.221287 0.731965
v 0.199534 -0.219871 0.731653
v 0.199537 -0.218506 0.731640
v 0.199540 -0.217326 0.731927
v 0.199542 -0.216447 0.732485
v 0.199542 -0.215954 0.733261
v 0.199542 -0.204830 0.767499
v 0.199542 -0.204772 0.768416
v 0.199540 -0.205155 0.769385
v 0.199537 -0.205941 0.770310
v 0.199534 -0.207053 0.771101
v 0.199530 -0.208383 0.771681
v 0.232830 -0.181058 0.718894
v 0.232398 -0.180168 0.718753
v 0.232008 -0.179278 0.718894
v 0.231699 -0.178475 0.719303
v 0.231500 -0.177838 0.719940
v 0.231432 -0.177429 0.720743
v 0.231432 -0.166304 0.754981
v 0.231500 -0.166163 0.755871
v 0.231699 -0.166304 0.756761
v 0.232008 -0.166713 0.757564
v 0.232398 -0.167350 0.758201
v 0.232830 -0.168153 0.758610
v 0.323288 -0.204519 0.726517
v 0.322714 -0.205123 0.726861
v 0.322196 -0.205580 0.727440
v 0.321784 -0.205846 0.728196
v 0.321520 -0.205895 0.729057
v 0.321429 -0.205723 0.729936
v 0.321429 -0.194598 0.764174
v 0.321520 -0.194221 0.764988
v 0.321784 -0.193675 0.765654
v 0.322196 -0.193015 0.766110
v 0.322714 -0.192305 0.766309
v 0.323288 -0.191615 0.766233
v 0.320707 -0.202567 0.725883
v 0.320174 -0.203202 0.726237
v 0.319694 -0.203687 0.726825
v 0.319312 -0.203976 0.727589
v 0.319067 -0.204040 0.728454
v 0.318983 -0.203873 0.729335
v 0.318983 -0.192748 0.763573
v 0.319067 -0.192365 0.764385
v 0.319312 -0.191805 0.765047
v 0.319694 -0.191123 0.765495
v 0.320174 -0.190384 0.765685
v 0.320707 -0.189662 0.765599
v 0.318150 -0.200865 0.725330
v 0.317663 -0.201530 0.725694
v 0.317223 -0.202043 0.726291
v 0.316874 -0.202354 0.727062
v 0.316651 -0.202431 0.727931
v 0.316573 -0.202269 0.728814
v 0.316573 -0.191144 0.763052
v 0.316651 -0.190757 0.763862
v 0.316874 -0.190183 0.764520
v 0.317223 -0.189479 0.764961
v 0.317663 -0.188713 0.765142
v 0.318150 -0.187960 0.765046
v 0.315623 -0.199400 0.724854
v 0.315185 -0.200094 0.725227
v 0.314789 -0.200632 0.725832
v 0.314475 -0.200963 0.726610
v 0.314274 -0.201054 0.727484
v 0.314204 -0.200896 0.728368
v 0.314204 -0.189771 0.762606
v 0.314274 -0.189379 0.763414
v 0.314475 -0.188792 0.764068
v 0.314789 -0.188068 0.764502
v 0.315185 -0.187276 0.764675
v 0.315623 -0.186496 0.764570
v 0.313132 -0.198159 0.724451
v 0.312745 -0.198879 0.724833
v 0.312396 -0.199440 0.725445
v 0.312119 -0.199789 0.726229
v 0.311941 -0.199892 0.727106
v 0.311880 -0.199738 0.727992
v 0.311880 -0.188613 0.762230
v 0.311941 -0.188217 0.763037
v 0.312119 -0.187619 0.763687
v 0.312396 -0.186876 0.764115
v 0.312745 -0.186061 0.764280
v 0.313132 -0.185255 0.764167
v 0.310680 -0.197128 0.724116
v 0.310347 -0.197870 0.724505
v 0.310047 -0.198452 0.725124
v 0.309809 -0.198818 0.725913
v 0.309656 -0.198931 0.726794
v 0.309603 -0.198780 0.727681
v 0.309603 -0.187655 0.761919
v 0.309656 -0.187256 0.762725
v 0.309809 -0.186647 0.763371
v 0.310047 -0.185888 0.763794
v 0.310347 -0.185053 0.763953
v 0.310680 -0.184224 0.763832
v 0.308273 -0.196293 0.723844
v 0.307996 -0.197054 0.724240
v 0.307746 -0.197654 0.724865
v 0.307548 -0.198033 0.725658
v 0.307420 -0.198155 0.726542
v 0.307376 -0.198007 0.727430
v 0.307376 -0.186883 0.761667
v 0.307420 -0.186480 0.762473
v 0.307548 -0.185862 0.763116
v 0.307746 -0.185089 0.763535
v 0.307996 -0.184237 0.763688
v 0.308273 -0.183388 0.763560
v 0.305917 -0.195640 0.723632
v 0.305696 -0.196417 0.724033
v 0.305497 -0.197031 0.724662
v 0.305339 -0.197422 0.725459
v 0.305238 -0.197551 0.726345
v 0.305203 -0.197406 0.727234
v 0.305203 -0.186281 0.761472
v 0.305238 -0.185876 0.762276
v 0.305339 -0.185251 0.762917
v 0.305497 -0.184466 0.763332
v 0.305696 -0.183600 0.763481
v 0.305917 -0.182736 0.763348
v 0.303615 -0.195157 0.723475
v 0.303451 -0.195946 0.723880
v 0.303303 -0.196570 0.724513
v 0.303186 -0.196969 0.725312
v 0.303110 -0.197104 0.726200
v 0.303084 -0.196960 0.727089
v 0.303084 -0.185836 0.761327
v 0.303110 -0.185429 0.762131
v 0.303186 -0.184798 0.762770
v 0.303303 -0.184005 0.763182
v 0.303451 -0.183128 0.763328
v 0.303615 -0.182252 0.763191
v 0.301373 -0.194828 0.723368
v 0.301265 -0.195625 0.723775
v 0.301168 -0.196257 0.724411
v 0.301091 -0.196662 0.725212
v 0.301041 -0.196800 0.726101
v 0.301024 -0.196658 0.726991
v 0.301024 -0.185534 0.761229
v 0.301041 -0.185126 0.762032
v 0.301091 -0.184491 0.762670
v 0.301168 -0.183692 0.763081
v 0.301265 -0.182808 0.763223
v 0.301373 -0.181924 0.763084
v 0.299197 -0.194641 0.723307
v 0.299143 -0.195443 0.723716
v 0.299095 -0.196079 0.724353
v 0.299057 -0.196487 0.725156
v 0.299033 -0.196628 0.726045
v 0.299024 -0.196486 0.726935
v 0.299024 -0.185362 0.761173
v 0.299033 -0.184953 0.761976
v 0.299057 -0.184316 0.762614
v 0.299095 -0.183514 0.763023
v 0.299143 -0.182625 0.763164
v 0.299197 -0.181736 0.763024
v 0.297090 -0.194582 0.723288
v 0.297096 -0.195385 0.723697
v 0.297102 -0.196023 0.724335
v 0.297107 -0.196432 0.725138
v 0.297110 -0.196573 0.726028
v 0.297111 -0.196433 0.726918
v 0.297111 -0.185308 0.761156
v 0.297110 -0.184899 0.761959
v 0.297107 -0.184261 0.762596
v 0.297102 -0.183458 0.763005
v 0.297096 -0.182568 0.763145
v 0.297090 -0.181677 0.763004
v 0.294325 -0.194698 0.723326
v 0.294405 -0.195498 0.723734
v 0.294478 -0.196133 0.724370
v 0.294535 -0.196540 0.725173
v 0.294572 -0.196680 0.726062
v 0.294585 -0.196538 0.726952
v 0.294585 -0.185414 0.761190
v 0.294572 -0.185005 0.761993
v 0.294535 -0.184369 0.762631
v 0.294478 -0.183568 0.763040
v 0.294405 -0.182680 0.763182
v 0.294325 -0.181793 0.763042
v 0.291712 -0.195038 0.723436
v 0.291877 -0.195828 0.723841
v 0.292025 -0.196452 0.724474
v 0.292142 -0.196852 0.725274
v 0.292218 -0.196987 0.726162
v 0.292244 -0.196844 0.727051
v 0.292244 -0.185719 0.761289
v 0.292218 -0.185312 0.762093
v 0.292142 -0.184681 0.762732
v 0.292025 -0.183888 0.763144
v 0.291877 -0.183010 0.763289
v 0.291712 -0.182134 0.763153
v 0.289268 -0.195593 0.723617
v 0.289520 -0.196362 0.724015
v 0.289748 -0.196969 0.724642
v 0.289928 -0.197354 0.725437
v 0.290044 -0.197480 0.726322
v 0.290084 -0.197334 0.727211
v 0.290084 -0.186209 0.761449
v 0.290044 -0.185805 0.762253
v 0.289928 -0.185183 0.762895
v 0.289748 -0.184405 0.763312
v 0.289520 -0.183545 0.763463
v 0.289268 -0.182688 0.763333
v 0.287010 -0.196351 0.723863
v 0.287354 -0.197089 0.724251
v 0.287664 -0.197668 0.724869
v 0.287910 -0.198032 0.725657
v 0.288068 -0.198143 0.726538
v 0.288122 -0.197992 0.727424
v 0.288122 -0.186867 0.761662
v 0.288068 -0.186468 0.762469
v 0.287910 -0.185861 0.763115
v 0.287664 -0.185104 0.763539
v 0.287354 -0.184272 0.763699
v 0.287010 -0.183446 0.763579
v 0.284954 -0.197301 0.724172
v 0.285392 -0.197996 0.724546
v 0.285788 -0.198536 0.725151
v 0.286101 -0.198868 0.725929
v 0.286303 -0.198959 0.726803
v 0.286372 -0.198801 0.727687
v 0.286372 -0.187676 0.761925
v 0.286303 -0.187284 0.762734
v 0.286101 -0.186697 0.763387
v 0.285788 -0.185971 0.763821
v 0.285392 -0.185179 0.763994
v 0.284954 -0.184397 0.763888
v 0.283117 -0.198433 0.724540
v 0.283651 -0.199069 0.724895
v 0.284133 -0.199556 0.725483
v 0.284515 -0.199846 0.726247
v 0.284761 -0.199910 0.727112
v 0.284845 -0.199742 0.727993
v 0.284845 -0.188618 0.762231
v 0.284761 -0.188235 0.763043
v 0.284515 -0.187675 0.763705
v 0.284133 -0.186991 0.764153
v 0.283651 -0.186252 0.764343
v 0.283117 -0.185529 0.764256
v 0.281517 -0.199737 0.724963
v 0.282145 -0.200297 0.725293
v 0.282711 -0.200714 0.725859
v 0.283160 -0.200949 0.726605
v 0.283449 -0.200979 0.727459
v 0.283548 -0.200799 0.728337
v 0.283548 -0.189675 0.762575
v 0.283449 -0.189304 0.763390
v 0.283160 -0.188779 0.764063
v 0.282711 -0.188150 0.764529
v 0.282145 -0.187479 0.764741
v 0.281517 -0.186832 0.764679
v 0.280170 -0.201201 0.725439
v 0.280885 -0.201666 0.725738
v 0.281529 -0.201998 0.726276
v 0.282041 -0.202165 0.727001
v 0.282370 -0.202151 0.727840
v 0.282483 -0.201957 0.728713
v 0.282483 -0.190832 0.762951
v 0.282370 -0.190476 0.763771
v 0.282041 -0.189995 0.764459
v 0.281529 -0.189434 0.764946
v 0.280885 -0.188848 0.765186
v 0.280170 -0.188296 0.765155
v 0.279093 -0.202815 0.725963
v 0.279883 -0.203167 0.726226
v 0.280595 -0.203398 0.726731
v 0.281160 -0.203485 0.727429
v 0.281523 -0.203419 0.728252
v 0.281648 -0.203207 0.729119
v 0.281648 -0.192082 0.763357
v 0.281523 -0.191744 0.764183
v 0.281160 -0.191314 0.764887
v 0.280595 -0.190834 0.765401
v 0.279883 -0.190350 0.765674
v 0.279093 -0.189910 0.765679
v 0.278302 -0.204568 0.726533
v 0.279149 -0.204794 0.726754
v 0.279913 -0.204911 0.727223
v 0.280519 -0.204907 0.727891
v 0.280909 -0.204783 0.728695
v 0.281043 -0.204550 0.729555
v 0.281043 -0.193426 0.763793
v 0.280909 -0.193108 0.764626
v 0.280519 -0.192736 0.765349
v 0.279913 -0.192346 0.765893
v 0.279149 -0.191976 0.766203
v 0.278302 -0.191663 0.766249
v 0.277816 -0.206449 0.727144
v 0.278697 -0.206541 0.727322
v 0.279493 -0.206536 0.727751
v 0.280124 -0.206436 0.728388
v 0.280529 -0.206250 0.729172
v 0.280669 -0.205997 0.730025
v 0.280669 -0.194872 0.764263
v 0.280529 -0.194576 0.765103
v 0.280124 -0.194266 0.765846
v 0.279493 -0.193972 0.766421
v 0.278697 -0.193723 0.766770
v 0.277816 -0.193544 0.766860
v 0.277650 -0.208448 0.727794
v 0.278547 -0.208357 0.727912
v 0.279356 -0.208188 0.728287
v 0.279998 -0.207957 0.728882
v 0.280410 -0.207687 0.729639
v 0.280552 -0.207404 0.730483
v 0.280552 -0.196280 0.764721
v 0.280410 -0.196012 0.765570
v 0.279998 -0.195786 0.766340
v 0.279356 -0.195623 0.766957
v 0.278547 -0.195540 0.767360
v 0.277650 -0.195543 0.767510
v 0.278695 -0.213615 0.729472
v 0.279538 -0.213258 0.729505
v 0.280298 -0.212849 0.729802
v 0.280902 -0.212428 0.730335
v 0.281289 -0.212036 0.731052
v 0.281423 -0.211711 0.731882
v 0.281423 -0.200586 0.766120
v 0.281289 -0.200361 0.766983
v 0.280902 -0.200257 0.767793
v 0.280298 -0.200284 0.768472
v 0.279538 -0.200441 0.768953
v 0.278695 -0.200710 0.769189
v 0.281583 -0.218043 0.730911
v 0.282278 -0.217458 0.730869
v 0.282905 -0.216844 0.731100
v 0.283402 -0.216260 0.731580
v 0.283721 -0.215763 0.732263
v 0.283831 -0.215403 0.733082
v 0.283831 -0.204278 0.767320
v 0.283721 -0.204089 0.768194
v 0.283402 -0.204089 0.769038
v 0.282905 -0.204279 0.769770
v 0.282278 -0.204641 0.770317
v 0.281583 -0.205138 0.770627
v 0.285947 -0.221940 0.732177
v 0.286507 -0.221235 0.732097
v 0.287012 -0.220513 0.732292
v 0.287413 -0.219842 0.732744
v 0.287670 -0.219291 0.733409
v 0.287759 -0.218911 0.734221
v 0.287759 -0.207786 0.768459
v 0.287670 -0.207616 0.769340
v 0.287413 -0.207672 0.770202
v 0.287012 -0.207948 0.770962
v 0.286507 -0.208418 0.771545
v 0.285947 -0.209035 0.771894
v 0.291417 -0.225516 0.733339
v 0.291895 -0.224758 0.733241
v 0.292326 -0.223987 0.733421
v 0.292668 -0.223278 0.733861
v 0.292888 -0.222702 0.734517
v 0.292963 -0.222314 0.735327
v 0.292963 -0.211189 0.769565
v 0.292888 -0.211027 0.770448
v 0.292668 -0.211108 0.771319
v 0.292326 -0.211422 0.772091
v 0.291895 -0.211941 0.772689
v 0.291417 -0.212612 0.773056
v 0.297624 -0.228981 0.734465
v 0.298070 -0.228205 0.734361
v 0.298471 -0.227417 0.734535
v 0.298790 -0.226696 0.734971
v 0.298995 -0.226111 0.735625
v 0.299066 -0.225720 0.736434
v 0.299066 -0.214595 0.770672
v 0.298995 -0.214436 0.771556
v 0.298790 -0.214525 0.772429
v 0.298471 -0.214853 0.773205
v 0.298070 -0.215387 0.773809
v 0.297624 -0.216076 0.774181
v 0.304200 -0.232543 0.735623
v 0.304655 -0.231772 0.735520
v 0.305064 -0.230989 0.735696
v 0.305390 -0.230271 0.736132
v 0.305599 -0.229688 0.736787
v 0.305671 -0.229298 0.737596
v 0.305671 -0.218173 0.771834
v 0.305599 -0.218013 0.772718
v 0.305390 -0.218100 0.773590
v 0.305064 -0.218424 0.774366
v 0.304655 -0.218954 0.774968
v 0.304200 -0.219639 0.775339
v 0.310776 -0.236412 0.736880
v 0.311276 -0.235667 0.736786
v 0.311728 -0.234909 0.736970
v 0.312086 -0.234210 0.737412
v 0.312316 -0.233640 0.738071
v 0.312395 -0.233254 0.738882
v 0.312395 -0.222129 0.773120
v 0.312316 -0.221965 0.774002
v 0.312086 -0.222039 0.774870
v 0.311728 -0.222344 0.775639
v 0.311276 -0.222850 0.776234
v 0.310776 -0.223507 0.776596
v 0.316983 -0.240797 0.738304
v 0.317563 -0.240108 0.738229
v 0.318086 -0.239400 0.738429
v 0.318502 -0.238742 0.738885
v 0.318768 -0.238197 0.739552
v 0.318860 -0.237820 0.740366
v 0.318860 -0.226696 0.774603
v 0.318768 -0.226523 0.775483
v 0.318502 -0.226571 0.776343
v 0.318086 -0.226836 0.777099
v 0.317563 -0.227291 0.777677
v 0.316983 -0.227892 0.778020
v 0.322453 -0.245907 0.739965
v 0.323138 -0.245317 0.739921
v 0.323756 -0.244697 0.740150
v 0.324247 -0.244109 0.740629
v 0.324561 -0.243610 0.741311
v 0.324670 -0.243248 0.742129
v 0.324670 -0.232123 0.776367
v 0.324561 -0.231935 0.777242
v 0.324247 -0.231938 0.778087
v 0.323756 -0.232132 0.778820
v 0.323138 -0.232499 0.779369
v 0.322453 -0.233002 0.779681
v 0.326817 -0.251951 0.741929
v 0.327610 -0.251511 0.741934
v 0.328326 -0.251027 0.742207
v 0.328894 -0.250547 0.742721
v 0.329259 -0.250117 0.743425
v 0.329385 -0.249779 0.744251
v 0.329385 -0.238654 0.778489
v 0.329259 -0.238442 0.779356
v 0.328894 -0.238376 0.780179
v 0.328326 -0.238463 0.780877
v 0.327610 -0.238694 0.781382
v 0.326817 -0.239046 0.781645
v 0.329705 -0.259139 0.744264
v 0.330576 -0.258892 0.744332
v 0.331362 -0.258583 0.744662
v 0.331986 -0.258240 0.745220
v 0.332386 -0.257899 0.745954
v 0.332524 -0.257592 0.746790
v 0.332524 -0.246467 0.781028
v 0.332386 -0.246224 0.781884
v 0.331986 -0.246069 0.782678
v 0.331362 -0.246018 0.783332
v 0.330576 -0.246075 0.783780
v 0.329705 -0.246234 0.783980
v 0.330750 -0.267680 0.747039
v 0.331643 -0.267614 0.747166
v 0.332449 -0.267467 0.747549
v 0.333089 -0.267255 0.748149
v 0.333499 -0.266996 0.748910
v 0.333641 -0.266718 0.749755
v 0.333641 -0.255593 0.783993
v 0.333499 -0.255322 0.784840
v 0.333089 -0.255084 0.785607
v 0.332449 -0.254903 0.786218
v 0.331643 -0.254797 0.786614
v 0.330750 -0.254775 0.786755
v 0.330452 -0.272151 0.748492
v 0.331336 -0.272216 0.748661
v 0.332134 -0.272188 0.749082
v 0.332767 -0.272069 0.749713
v 0.333174 -0.271871 0.750493
v 0.333314 -0.271613 0.751345
v 0.333314 -0.260488 0.785583
v 0.333174 -0.260196 0.786424
v 0.332767 -0.259898 0.787171
v 0.332134 -0.259623 0.787752
v 0.331336 -0.259399 0.788109
v 0.330452 -0.259246 0.788208
v 0.329578 -0.276386 0.749868
v 0.330440 -0.276561 0.750073
v 0.331218 -0.276631 0.750526
v 0.331835 -0.276591 0.751183
v 0.332231 -0.276443 0.751979
v 0.332367 -0.276203 0.752837
v 0.332367 -0.265078 0.787075
v 0.332231 -0.264768 0.787910
v 0.331835 -0.264420 0.788641
v 0.331218 -0.264067 0.789196
v 0.330440 -0.263743 0.789521
v 0.329578 -0.263481 0.789584
v 0.328162 -0.280356 0.751158
v 0.328986 -0.280639 0.751398
v 0.329729 -0.280806 0.751883
v 0.330318 -0.280843 0.752564
v 0.330697 -0.280745 0.753377
v 0.330827 -0.280521 0.754240
v 0.330827 -0.269397 0.788478
v 0.330697 -0.269070 0.789308
v 0.330318 -0.268672 0.790022
v 0.329729 -0.268242 0.790552
v 0.328986 -0.267821 0.790846
v 0.328162 -0.267451 0.790874
v 0.326237 -0.284032 0.752352
v 0.327006 -0.284417 0.752626
v 0.327700 -0.284678 0.753141
v 0.328251 -0.284788 0.753846
v 0.328605 -0.284737 0.754674
v 0.328727 -0.284530 0.755543
v 0.328727 -0.273406 0.789781
v 0.328605 -0.273063 0.790605
v 0.328251 -0.272617 0.791304
v 0.327700 -0.272113 0.791810
v 0.327006 -0.271600 0.792074
v 0.326237 -0.271127 0.792068
v 0.323833 -0.287384 0.753442
v 0.324534 -0.287865 0.753746
v 0.325167 -0.288212 0.754289
v 0.325669 -0.288390 0.755017
v 0.325991 -0.288383 0.755859
v 0.326102 -0.288191 0.756732
v 0.326102 -0.277067 0.790970
v 0.325991 -0.276709 0.791789
v 0.325669 -0.276219 0.792475
v 0.325167 -0.275647 0.792959
v 0.324534 -0.275048 0.793194
v 0.323833 -0.274480 0.793158
v 0.320985 -0.290384 0.754416
v 0.321605 -0.290950 0.754748
v 0.322165 -0.291374 0.755316
v 0.322609 -0.291614 0.756064
v 0.322894 -0.291646 0.756919
v 0.322992 -0.291467 0.757796
v 0.322992 -0.280343 0.792034
v 0.322894 -0.279971 0.792849
v 0.322609 -0.279443 0.793522
v 0.322165 -0.278809 0.793986
v 0.321605 -0.278133 0.794196
v 0.320985 -0.277479 0.794132
v 0.317724 -0.293002 0.755267
v 0.318253 -0.293642 0.755623
v 0.318730 -0.294132 0.756212
v 0.319108 -0.294424 0.756977
v 0.319351 -0.294490 0.757843
v 0.319435 -0.294323 0.758724
v 0.319435 -0.283199 0.792962
v 0.319351 -0.282816 0.793774
v 0.319108 -0.282253 0.794435
v 0.318730 -0.281567 0.794882
v 0.318253 -0.280824 0.795071
v 0.317724 -0.280098 0.794983
v 0.314083 -0.295210 0.755984
v 0.314512 -0.295910 0.756360
v 0.314899 -0.296454 0.756967
v 0.315207 -0.296790 0.757746
v 0.315404 -0.296884 0.758621
v 0.315472 -0.296726 0.759505
v 0.315472 -0.285602 0.793743
v 0.315404 -0.285209 0.794551
v 0.315207 -0.284619 0.795204
v 0.314899 -0.283890 0.795637
v 0.314512 -0.283092 0.795808
v 0.314083 -0.282305 0.795700
v 0.310095 -0.296977 0.756559
v 0.310419 -0.297724 0.756949
v 0.310711 -0.298311 0.757570
v 0.310943 -0.298680 0.758360
v 0.311092 -0.298795 0.759241
v 0.311143 -0.298645 0.760129
v 0.311143 -0.287520 0.794367
v 0.311092 -0.287120 0.795172
v 0.310943 -0.286509 0.795818
v 0.310711 -0.285746 0.796240
v 0.310419 -0.284907 0.796397
v 0.310095 -0.284073 0.796275
v 0.305792 -0.298276 0.756981
v 0.306007 -0.299055 0.757382
v 0.306202 -0.299671 0.758012
v 0.306357 -0.300064 0.758810
v 0.306456 -0.300194 0.759696
v 0.306490 -0.300049 0.760585
v 0.306490 -0.288924 0.794823
v 0.306456 -0.288519 0.795627
v 0.306357 -0.287893 0.796268
v 0.306202 -0.287107 0.796682
v 0.306007 -0.286238 0.796830
v 0.305792 -0.285372 0.796697
v 0.301206 -0.299077 0.757241
v 0.301313 -0.299875 0.757648
v 0.301410 -0.300508 0.758284
v 0.301486 -0.300914 0.759086
v 0.301536 -0.301053 0.759975
v 0.301553 -0.300911 0.760865
v 0.301553 -0.289786 0.795103
v 0.301536 -0.289378 0.795906
v 0.301486 -0.288743 0.796544
v 0.301410 -0.287943 0.796954
v 0.301313 -0.287058 0.797096
v 0.301206 -0.286172 0.796957
v 0.296370 -0.299350 0.757329
v 0.296386 -0.300153 0.757739
v 0.296401 -0.300791 0.758376
v 0.296412 -0.301201 0.759179
v 0.296420 -0.301342 0.760069
v 0.296422 -0.301201 0.760959
v 0.296422 -0.290076 0.795197
v 0.296420 -0.289667 0.796000
v 0.296412 -0.289030 0.796637
v 0.296401 -0.288227 0.797046
v 0.296386 -0.287336 0.797187
v 0.296370 -0.286445 0.797046
v 0.293091 -0.299278 0.757306
v 0.293049 -0.300081 0.757715
v 0.293012 -0.300717 0.758352
v 0.292982 -0.301126 0.759155
v 0.292962 -0.301266 0.760045
v 0.292956 -0.301125 0.760934
v 0.292956 -0.290001 0.795173
v 0.292962 -0.289592 0.795975
v 0.292982 -0.288955 0.796613
v 0.293012 -0.288152 0.797022
v 0.293049 -0.287263 0.797163
v 0.293091 -0.286374 0.797022
v 0.289911 -0.299062 0.757236
v 0.289825 -0.299861 0.757644
v 0.289747 -0.300495 0.758280
v 0.289685 -0.300902 0.759082
v 0.289645 -0.301041 0.759971
v 0.289632 -0.300899 0.760861
v 0.289632 -0.289775 0.795099
v 0.289645 -0.289366 0.795902
v 0.289685 -0.288731 0.796540
v 0.289747 -0.287931 0.796950
v 0.289825 -0.287044 0.797092
v 0.289911 -0.286158 0.796952
v 0.286822 -0.298700 0.757118
v 0.286689 -0.299494 0.757524
v 0.286569 -0.300123 0.758159
v 0.286474 -0.300525 0.758960
v 0.286413 -0.300662 0.759848
v 0.286392 -0.300519 0.760738
v 0.286392 -0.289395 0.794976
v 0.286413 -0.288987 0.795779
v 0.286474 -0.288354 0.796418
v 0.286569 -0.287558 0.796829
v 0.286689 -0.286676 0.796972
v 0.286822 -0.285796 0.796834
v 0.283817 -0.298190 0.756952
v 0.283636 -0.298975 0.757356
v 0.283472 -0.299597 0.757988
v 0.283343 -0.299993 0.758787
v 0.283260 -0.300126 0.759674
v 0.283231 -0.299983 0.760563
v 0.283231 -0.288858 0.794801
v 0.283260 -0.288452 0.795605
v 0.283343 -0.287823 0.796245
v 0.283472 -0.287032 0.796658
v 0.283636 -0.286158 0.796804
v 0.283817 -0.285285 0.796669
v 0.280889 -0.297530 0.756738
v 0.280659 -0.298304 0.757138
v 0.280451 -0.298916 0.757767
v 0.280287 -0.299304 0.758563
v 0.280181 -0.299432 0.759449
v 0.280144 -0.299287 0.760337
v 0.280144 -0.288162 0.794575
v 0.280181 -0.287757 0.795379
v 0.280287 -0.287133 0.796021
v 0.280451 -0.286351 0.796437
v 0.280659 -0.285487 0.796586
v 0.280889 -0.284625 0.796454
v 0.278033 -0.296718 0.756474
v 0.277753 -0.297478 0.756870
v 0.277501 -0.298077 0.757494
v 0.277301 -0.298456 0.758287
v 0.277172 -0.298577 0.759171
v 0.277128 -0.298430 0.760059
v 0.277128 -0.287305 0.794297
v 0.277172 -0.286903 0.795102
v 0.277301 -0.286285 0.795745
v 0.277501 -0.285513 0.796164
v 0.277753 -0.284661 0.796318
v 0.278033 -0.283813 0.796190
v 0.275239 -0.295753 0.756161
v 0.274911 -0.296497 0.756551
v 0.274615 -0.297080 0.757170
v 0.274380 -0.297447 0.757959
v 0.274230 -0.297561 0.758841
v 0.274178 -0.297410 0.759727
v 0.274178 -0.286286 0.793965
v 0.274230 -0.285886 0.794771
v 0.274380 -0.285276 0.795417
v 0.274615 -0.284516 0.795840
v 0.274911 -0.283679 0.795999
v 0.275239 -0.282848 0.795877
v 0.272503 -0.294633 0.755797
v 0.272128 -0.295357 0.756180
v 0.271790 -0.295923 0.756794
v 0.271521 -0.296276 0.757579
v 0.271349 -0.296381 0.758457
v 0.271289 -0.296228 0.759343
v 0.271289 -0.285103 0.793581
v 0.271349 -0.284707 0.794388
v 0.271521 -0.284105 0.795037
v 0.271790 -0.283359 0.795464
v 0.272128 -0.282540 0.795628
v 0.272503 -0.281728 0.795513
v 0.269817 -0.293356 0.755382
v 0.269397 -0.294059 0.755758
v 0.269018 -0.294606 0.756366
v 0.268718 -0.294943 0.757146
v 0.268525 -0.295039 0.758021
v 0.268458 -0.294882 0.758906
v 0.268458 -0.283757 0.793144
v 0.268525 -0.283364 0.793952
v 0.268718 -0.282773 0.794604
v 0.269018 -0.282041 0.795036
v 0.269397 -0.281241 0.795206
v 0.269817 -0.280451 0.795098
v 0.267174 -0.291920 0.754915
v 0.266712 -0.292600 0.755284
v 0.266296 -0.293127 0.755886
v 0.265965 -0.293448 0.756660
v 0.265752 -0.293533 0.757532
v 0.265679 -0.293372 0.758415
v 0.265679 -0.282248 0.792653
v 0.265752 -0.281858 0.793463
v 0.265965 -0.281277 0.794118
v 0.266296 -0.280562 0.794556
v 0.266712 -0.279783 0.794733
v 0.267174 -0.279015 0.794631
v 0.264567 -0.290324 0.754397
v 0.264067 -0.290980 0.754758
v 0.263615 -0.291485 0.755352
v 0.263257 -0.291790 0.756121
v 0.263027 -0.291863 0.756989
v 0.262947 -0.291699 0.757872
v 0.262947 -0.280575 0.792110
v 0.263027 -0.280189 0.792920
v 0.263257 -0.279619 0.793579
v 0.263615 -0.278921 0.794022
v 0.264067 -0.278163 0.794206
v 0.264567 -0.277419 0.794113
v 0.261990 -0.288565 0.753825
v 0.261100 -0.288956 0.754100
v 0.260297 -0.289221 0.754617
v 0.259660 -0.289336 0.755324
v 0.259251 -0.289287 0.756152
v 0.259110 -0.289081 0.757021
v 0.259110 -0.277956 0.791259
v 0.259251 -0.277613 0.792083
v 0.259660 -0.277165 0.792782
v 0.260297 -0.276657 0.793287
v 0.261100 -0.276139 0.793548
v 0.261990 -0.275661 0.793541
v 0.261990 -0.267337 0.746928
v 0.261100 -0.264947 0.746300
v 0.260297 -0.262704 0.746001
v 0.259660 -0.260828 0.746061
v 0.259251 -0.259501 0.746474
v 0.259110 -0.258854 0.747200
v 0.259110 -0.247730 0.781438
v 0.259251 -0.247826 0.782405
v 0.259660 -0.248657 0.783519
v 0.260297 -0.250140 0.784671
v 0.261100 -0.252130 0.785748
v 0.261990 -0.254433 0.786644
v 0.264288 -0.269973 0.747784
v 0.264956 -0.269369 0.747736
v 0.265558 -0.268737 0.747961
v 0.266036 -0.268139 0.748437
v 0.266343 -0.267634 0.749117
v 0.266449 -0.267270 0.749934
v 0.266449 -0.256145 0.784172
v 0.266343 -0.255959 0.785048
v 0.266036 -0.255968 0.785895
v 0.265558 -0.256173 0.786631
v 0.264956 -0.256551 0.787184
v 0.264288 -0.257068 0.787500
v 0.266678 -0.272397 0.748572
v 0.267307 -0.271755 0.748511
v 0.267876 -0.271089 0.748725
v 0.268327 -0.270463 0.749192
v 0.268616 -0.269940 0.749866
v 0.268716 -0.269570 0.750682
v 0.268716 -0.258445 0.784920
v 0.268616 -0.258265 0.785797
v 0.268327 -0.258292 0.786650
v 0.267876 -0.258524 0.787395
v 0.267307 -0.258938 0.787960
v 0.266678 -0.259493 0.788288
v 0.269153 -0.274608 0.749290
v 0.269741 -0.273928 0.749217
v 0.270271 -0.273227 0.749420
v 0.270691 -0.272574 0.749878
v 0.270961 -0.272034 0.750546
v 0.271054 -0.271658 0.751360
v 0.271054 -0.260533 0.785598
v 0.270961 -0.260359 0.786477
v 0.270691 -0.260403 0.787336
v 0.270271 -0.260662 0.788090
v 0.269741 -0.261110 0.788665
v 0.269153 -0.261703 0.789006
v 0.271710 -0.276601 0.749938
v 0.272250 -0.275884 0.749853
v 0.272737 -0.275150 0.750045
v 0.273124 -0.274471 0.750494
v 0.273372 -0.273913 0.751157
v 0.273457 -0.273531 0.751969
v 0.273457 -0.262407 0.786207
v 0.273372 -0.262238 0.787088
v 0.273124 -0.262300 0.787952
v 0.272737 -0.262585 0.788715
v 0.272250 -0.263066 0.789301
v 0.271710 -0.263696 0.789654
v 0.274342 -0.278373 0.750513
v 0.274829 -0.277620 0.750417
v 0.275269 -0.276854 0.750598
v 0.275618 -0.276150 0.751040
v 0.275842 -0.275576 0.751697
v 0.275919 -0.275189 0.752507
v 0.275919 -0.264064 0.786745
v 0.275842 -0.263901 0.787628
v 0.275618 -0.263979 0.788498
v 0.275269 -0.264290 0.789268
v 0.274829 -0.264803 0.789865
v 0.274342 -0.265468 0.790230
v 0.277043 -0.279920 0.751016
v 0.277472 -0.279134 0.750909
v 0.277860 -0.278339 0.751081
v 0.278168 -0.277611 0.751514
v 0.278365 -0.277022 0.752167
v 0.278433 -0.276629 0.752975
v 0.278433 -0.265505 0.787213
v 0.278365 -0.265347 0.788098
v 0.278168 -0.265440 0.788972
v 0.277860 -0.265774 0.789751
v 0.277472 -0.266317 0.790357
v 0.277043 -0.267015 0.790732
v 0.279807 -0.281239 0.751445
v 0.280174 -0.280424 0.751328
v 0.280506 -0.279601 0.751491
v 0.280768 -0.278852 0.751917
v 0.280937 -0.278249 0.752566
v 0.280995 -0.277851 0.753372
v 0.280995 -0.266727 0.787610
v 0.280937 -0.266574 0.788497
v 0.280768 -0.266681 0.789375
v 0.280506 -0.267036 0.790161
v 0.280174 -0.267606 0.790776
v 0.279807 -0.268334 0.791161
v 0.282630 -0.282326 0.751798
v 0.282930 -0.281485 0.751673
v 0.283200 -0.280639 0.751828
v 0.283415 -0.279871 0.752249
v 0.283553 -0.279256 0.752893
v 0.283600 -0.278855 0.753698
v 0.283600 -0.267730 0.787936
v 0.283553 -0.267581 0.788824
v 0.283415 -0.267700 0.789707
v 0.283200 -0.268074 0.790498
v 0.282930 -0.268667 0.791121
v 0.282630 -0.269422 0.791514
v 0.285505 -0.283178 0.752075
v 0.285734 -0.282316 0.751943
v 0.285940 -0.281450 0.752092
v 0.286104 -0.280667 0.752507
v 0.286209 -0.280043 0.753149
v 0.286245 -0.279638 0.753953
v 0.286245 -0.268514 0.788191
v 0.286209 -0.268368 0.789079
v 0.286104 -0.268497 0.789965
v 0.285940 -0.268886 0.790762
v 0.285734 -0.269498 0.791391
v 0.285505 -0.270273 0.791791
v 0.288428 -0.283791 0.752274
v 0.288582 -0.282913 0.752137
v 0.288721 -0.282034 0.752281
v 0.288831 -0.281239 0.752693
v 0.288902 -0.280608 0.753332
v 0.288926 -0.280201 0.754136
v 0.288926 -0.269076 0.788374
v 0.288902 -0.268933 0.789263
v 0.288831 -0.269068 0.790151
v 0.288721 -0.269469 0.790951
v 0.288582 -0.270095 0.791585
v 0.288428 -0.270886 0.791990
v 0.291391 -0.284161 0.752394
v 0.291468 -0.283274 0.752254
v 0.291538 -0.282386 0.752396
v 0.291594 -0.281585 0.752805
v 0.291629 -0.280949 0.753443
v 0.291642 -0.280540 0.754246
v 0.291642 -0.269415 0.788484
v 0.291629 -0.269274 0.789374
v 0.291594 -0.269414 0.790263
v 0.291538 -0.269821 0.791066
v 0.291468 -0.270456 0.791702
v 0.291391 -0.271257 0.792110
v 0.294390 -0.284285 0.752435
v 0.294386 -0.283394 0.752293
v 0.294382 -0.282503 0.752434
v 0.294379 -0.281700 0.752843
v 0.294377 -0.281062 0.753480
v 0.294376 -0.280653 0.754283
v 0.294376 -0.269529 0.788521
v 0.294377 -0.269388 0.789411
v 0.294379 -0.269529 0.790301
v 0.294382 -0.269939 0.791104
v 0.294386 -0.270577 0.791741
v 0.294390 -0.271381 0.792151
v 0.297657 -0.284120 0.752381
v 0.297559 -0.283234 0.752241
v 0.297471 -0.282347 0.752383
v 0.297401 -0.281547 0.752793
v 0.297356 -0.280911 0.753431
v 0.297341 -0.280503 0.754234
v 0.297341 -0.269378 0.788472
v 0.297356 -0.269237 0.789362
v 0.297401 -0.269376 0.790251
v 0.297471 -0.269782 0.791053
v 0.297559 -0.270416 0.791689
v 0.297657 -0.271215 0.792097
v 0.300620 -0.283646 0.752227
v 0.300420 -0.282777 0.752093
v 0.300239 -0.281905 0.752240
v 0.300096 -0.281116 0.752653
v 0.300004 -0.280489 0.753293
v 0.299972 -0.280083 0.754097
v 0.299972 -0.268958 0.788335
v 0.300004 -0.268814 0.789224
v 0.300096 -0.268946 0.790111
v 0.300239 -0.269340 0.790909
v 0.300420 -0.269959 0.791541
v 0.300620 -0.270742 0.791943
v 0.303283 -0.282900 0.751984
v 0.302978 -0.282059 0.751860
v 0.302702 -0.281214 0.752015
v 0.302483 -0.280447 0.752436
v 0.302343 -0.279833 0.753080
v 0.302294 -0.279431 0.753886
v 0.302294 -0.268307 0.788124
v 0.302343 -0.268158 0.789011
v 0.302483 -0.268276 0.789894
v 0.302702 -0.268650 0.790685
v 0.302978 -0.269242 0.791308
v 0.303283 -0.269995 0.791701
v 0.305650 -0.281914 0.751664
v 0.305240 -0.281117 0.751553
v 0.304870 -0.280311 0.751722
v 0.304576 -0.279575 0.752153
v 0.304388 -0.278981 0.752804
v 0.304323 -0.278587 0.753611
v 0.304323 -0.267462 0.787849
v 0.304388 -0.267306 0.788734
v 0.304576 -0.267404 0.789611
v 0.304870 -0.267747 0.790392
v 0.305240 -0.268300 0.791001
v 0.305650 -0.269009 0.791380
v 0.307724 -0.280724 0.751277
v 0.307214 -0.279985 0.751185
v 0.306754 -0.279230 0.751371
v 0.306388 -0.278535 0.751815
v 0.306154 -0.277968 0.752474
v 0.306073 -0.277582 0.753285
v 0.306073 -0.266458 0.787523
v 0.306154 -0.266293 0.788405
v 0.306388 -0.266365 0.789273
v 0.306754 -0.266666 0.790040
v 0.307214 -0.267167 0.790633
v 0.307724 -0.267819 0.790994
v 0.309510 -0.279364 0.750835
v 0.308907 -0.278695 0.750766
v 0.308363 -0.278004 0.750972
v 0.307932 -0.277360 0.751433
v 0.307655 -0.276824 0.752103
v 0.307559 -0.276450 0.752917
v 0.307559 -0.265326 0.787155
v 0.307655 -0.265150 0.788034
v 0.307932 -0.265189 0.788891
v 0.308363 -0.265440 0.789642
v 0.308907 -0.265877 0.790214
v 0.309510 -0.266459 0.790552
v 0.311011 -0.277868 0.750349
v 0.310326 -0.277281 0.750307
v 0.309708 -0.276664 0.750537
v 0.309217 -0.276079 0.751016
v 0.308902 -0.275581 0.751699
v 0.308794 -0.275220 0.752517
v 0.308794 -0.264095 0.786755
v 0.308902 -0.263906 0.787630
v 0.309217 -0.263908 0.788474
v 0.309708 -0.264100 0.789207
v 0.310326 -0.264464 0.789755
v 0.311011 -0.264963 0.790066
v 0.312230 -0.276271 0.749831
v 0.311475 -0.275776 0.749818
v 0.310793 -0.275243 0.750075
v 0.310253 -0.274722 0.750576
v 0.309906 -0.274267 0.751272
v 0.309786 -0.273920 0.752095
v 0.309786 -0.262796 0.786333
v 0.309906 -0.262592 0.787203
v 0.310253 -0.262552 0.788034
v 0.310793 -0.262678 0.788745
v 0.311475 -0.262959 0.789266
v 0.312230 -0.263367 0.789547
v 0.313172 -0.274608 0.749290
v 0.312360 -0.274213 0.749310
v 0.311627 -0.273770 0.749596
v 0.311046 -0.273322 0.750121
v 0.310672 -0.272913 0.750832
v 0.310544 -0.272583 0.751660
v 0.310544 -0.261458 0.785898
v 0.310672 -0.261238 0.786763
v 0.311046 -0.261152 0.787579
v 0.311627 -0.261206 0.788266
v 0.312360 -0.261396 0.788758
v 0.313172 -0.261703 0.789006
v 0.313840 -0.272912 0.748739
v 0.312985 -0.272627 0.748795
v 0.312214 -0.272282 0.749113
v 0.311601 -0.271912 0.749662
v 0.311208 -0.271552 0.750390
v 0.311073 -0.271239 0.751224
v 0.311073 -0.260114 0.785462
v 0.311208 -0.259878 0.786321
v 0.311601 -0.259741 0.787120
v 0.312214 -0.259717 0.787783
v 0.312985 -0.259809 0.788243
v 0.313840 -0.260008 0.788455
v 0.314238 -0.271219 0.748189
v 0.313356 -0.271051 0.748283
v 0.312559 -0.270811 0.748635
v 0.311928 -0.270525 0.749212
v 0.311522 -0.270220 0.749957
v 0.311382 -0.269925 0.750797
v 0.311382 -0.258800 0.785035
v 0.311522 -0.258545 0.785888
v 0.311928 -0.258354 0.786670
v 0.312559 -0.258247 0.787305
v 0.313356 -0.258233 0.787731
v 0.314238 -0.258315 0.787905
v 0.314370 -0.269563 0.747651
v 0.313474 -0.269562 0.747799
v 0.312666 -0.269474 0.748200
v 0.312025 -0.269307 0.748816
v 0.311613 -0.269079 0.749586
v 0.311471 -0.268810 0.750435
v 0.311471 -0.257686 0.784673
v 0.311613 -0.257404 0.785517
v 0.312025 -0.257136 0.786274
v 0.312666 -0.256909 0.786870
v 0.313474 -0.256744 0.787247
v 0.314370 -0.256658 0.787367
v 0.313325 -0.263945 0.745826
v 0.312475 -0.264190 0.746054
v 0.311708 -0.264324 0.746527
v 0.311100 -0.264334 0.747200
v 0.310709 -0.264218 0.748007
v 0.310574 -0.263989 0.748868
v 0.310574 -0.252864 0.783106
v 0.310709 -0.252544 0.783938
v 0.311100 -0.252163 0.784658
v 0.311708 -0.251759 0.785197
v 0.312475 -0.251373 0.785502
v 0.313325 -0.251040 0.785542
v 0.310437 -0.259043 0.744233
v 0.309715 -0.259506 0.744531
v 0.309064 -0.259836 0.745069
v 0.308547 -0.260002 0.745793
v 0.308215 -0.259986 0.746632
v 0.308101 -0.259791 0.747504
v 0.308101 -0.248667 0.781742
v 0.308215 -0.248312 0.782563
v 0.308547 -0.247831 0.783251
v 0.309064 -0.247271 0.783739
v 0.309715 -0.246688 0.783979
v 0.310437 -0.246138 0.783949
v 0.306073 -0.254680 0.742815
v 0.305476 -0.255268 0.743154
v 0.304937 -0.255710 0.743728
v 0.304510 -0.255965 0.744481
v 0.304235 -0.256007 0.745339
v 0.304141 -0.255832 0.746218
v 0.304141 -0.244707 0.780456
v 0.304235 -0.244333 0.781270
v 0.304510 -0.243794 0.781939
v 0.304937 -0.243146 0.782398
v 0.305476 -0.242450 0.782602
v 0.306073 -0.241776 0.782531
v 0.300603 -0.250681 0.741516
v 0.300090 -0.251330 0.741875
v 0.299627 -0.251828 0.742467
v 0.299259 -0.252127 0.743234
v 0.299023 -0.252197 0.744101
v 0.298942 -0.252032 0.744983
v 0.298942 -0.240907 0.779221
v 0.299023 -0.240522 0.780032
v 0.299259 -0.239956 0.780692
v 0.299627 -0.239263 0.781137
v 0.300090 -0.238513 0.781323
v 0.300603 -0.237777 0.781232
v 0.294396 -0.246870 0.740278
v 0.293924 -0.247544 0.740645
v 0.293497 -0.248065 0.741244
v 0.293159 -0.248382 0.742017
v 0.292942 -0.248463 0.742888
v 0.292867 -0.248302 0.743771
v 0.292867 -0.237177 0.778009
v 0.292942 -0.236789 0.778819
v 0.293159 -0.236211 0.779475
v 0.293497 -0.235500 0.779914
v 0.293924 -0.234727 0.780093
v 0.294396 -0.233966 0.779994
v 0.287820 -0.243071 0.739043
v 0.287351 -0.243747 0.739411
v 0.286927 -0.244269 0.740011
v 0.286591 -0.244587 0.740784
v 0.286376 -0.244670 0.741655
v 0.286301 -0.244509 0.742539
v 0.286301 -0.233384 0.776777
v 0.286376 -0.232995 0.777586
v 0.286591 -0.232417 0.778242
v 0.286927 -0.231705 0.778681
v 0.287351 -0.230930 0.778859
v 0.287820 -0.230167 0.778759
v 0.281244 -0.239108 0.737756
v 0.280743 -0.239765 0.738117
v 0.280291 -0.240270 0.738712
v 0.279933 -0.240574 0.739480
v 0.279703 -0.240648 0.740349
v 0.279623 -0.240484 0.741231
v 0.279623 -0.229359 0.775469
v 0.279703 -0.228974 0.776279
v 0.279933 -0.228404 0.776938
v 0.280291 -0.227705 0.777381
v 0.280743 -0.226947 0.777565
v 0.281244 -0.226204 0.777472
v 0.275037 -0.234805 0.736358
v 0.274470 -0.235416 0.736704
v 0.273959 -0.235880 0.737285
v 0.273554 -0.236152 0.738043
v 0.273293 -0.236205 0.738905
v 0.273204 -0.236034 0.739785
v 0.273204 -0.224909 0.774023
v 0.273293 -0.224530 0.774836
v 0.273554 -0.223981 0.775501
v 0.273959 -0.223316 0.775955
v 0.274470 -0.222599 0.776152
v 0.275037 -0.221900 0.776074
v 0.269567 -0.229986 0.734792
v 0.268904 -0.230512 0.735111
v 0.268306 -0.230899 0.735667
v 0.267831 -0.231110 0.736405
v 0.267526 -0.231124 0.737254
v 0.267421 -0.230939 0.738130
v 0.267421 -0.219814 0.772368
v 0.267526 -0.219449 0.773185
v 0.267831 -0.218939 0.773863
v 0.268306 -0.218335 0.774337
v 0.268904 -0.217694 0.774559
v 0.269567 -0.217081 0.774508
v 0.265203 -0.224475 0.733001
v 0.264428 -0.224859 0.733274
v 0.263729 -0.225119 0.733789
v 0.263174 -0.225229 0.734494
v 0.262818 -0.225177 0.735322
v 0.262695 -0.224970 0.736190
v 0.262695 -0.213846 0.770428
v 0.262818 -0.213503 0.771253
v 0.263174 -0.213058 0.771952
v 0.263729 -0.212555 0.772459
v 0.264428 -0.212042 0.772722
v 0.265203 -0.211570 0.772717
v 0.262315 -0.218096 0.730928
v 0.261449 -0.218280 0.731137
v 0.260668 -0.218359 0.731592
v 0.260048 -0.218326 0.732251
v 0.259650 -0.218182 0.733049
v 0.259513 -0.217943 0.733907
v 0.259513 -0.206819 0.768145
v 0.259650 -0.206508 0.768980
v 0.260048 -0.206155 0.769709
v 0.260668 -0.205795 0.770262
v 0.261449 -0.205463 0.770585
v 0.262315 -0.205192 0.770645
v 0.261270 -0.210674 0.728517
v 0.260376 -0.210660 0.728661
v 0.259570 -0.210561 0.729058
v 0.258930 -0.210385 0.729671
v 0.258520 -0.210151 0.730439
v 0.258378 -0.209881 0.731287
v 0.258378 -0.198756 0.765525
v 0.258520 -0.198476 0.766370
v 0.258930 -0.198214 0.767129
v 0.259570 -0.197996 0.767728
v 0.260376 -0.197843 0.768109
v 0.261270 -0.197769 0.768233
v 0.261573 -0.206069 0.727021
v 0.260689 -0.205916 0.727119
v 0.259891 -0.205691 0.727476
v 0.259258 -0.205416 0.728057
v 0.258851 -0.205118 0.728804
v 0.258711 -0.204826 0.729645
v 0.258711 -0.193701 0.763883
v 0.258851 -0.193444 0.764735
v 0.259258 -0.193246 0.765515
v 0.259891 -0.193127 0.766146
v 0.260689 -0.193099 0.766567
v 0.261573 -0.193164 0.766737
v 0.262467 -0.201768 0.725623
v 0.261607 -0.201501 0.725685
v 0.260830 -0.201174 0.726009
v 0.260214 -0.200818 0.726563
v 0.259818 -0.200467 0.727293
v 0.259681 -0.200157 0.728128
v 0.259681 -0.189033 0.762366
v 0.259818 -0.188793 0.763224
v 0.260214 -0.188647 0.764021
v 0.260830 -0.188610 0.764678
v 0.261607 -0.188684 0.765133
v 0.262467 -0.188863 0.765339
v 0.263928 -0.197789 0.724330
v 0.263109 -0.197408 0.724355
v 0.262370 -0.196977 0.724645
v 0.261784 -0.196538 0.725172
v 0.261408 -0.196135 0.725885
v 0.261278 -0.195807 0.726714
v 0.261278 -0.184682 0.760952
v 0.261408 -0.184460 0.761816
v 0.261784 -0.184367 0.762630
v 0.262370 -0.184412 0.763315
v 0.263109 -0.184590 0.763803
v 0.263928 -0.184884 0.764046
v 0.265930 -0.194150 0.723148
v 0.265172 -0.193659 0.723136
v 0.264489 -0.193128 0.723394
v 0.263946 -0.192610 0.723896
v 0.263598 -0.192155 0.724592
v 0.263478 -0.191809 0.725416
v 0.263478 -0.180685 0.759654
v 0.263598 -0.180481 0.760523
v 0.263946 -0.180439 0.761354
v 0.264489 -0.180563 0.762064
v 0.265172 -0.180841 0.762584
v 0.265930 -0.181246 0.762864
v 0.268450 -0.190871 0.722083
v 0.267770 -0.190278 0.722038
v 0.267157 -0.189655 0.722266
v 0.266670 -0.189064 0.722744
v 0.266358 -0.188563 0.723425
v 0.266250 -0.188201 0.724243
v 0.266250 -0.177077 0.758481
v 0.266358 -0.176889 0.759356
v 0.266670 -0.176893 0.760202
v 0.267157 -0.177090 0.760936
v 0.267770 -0.177460 0.761486
v 0.268450 -0.177967 0.761799
v 0.271462 -0.187969 0.721140
v 0.270874 -0.187288 0.721066
v 0.270344 -0.186586 0.721268
v 0.269922 -0.185932 0.721726
v 0.269652 -0.185391 0.722394
v 0.269559 -0.185014 0.723208
v 0.269559 -0.173890 0.757446
v 0.269652 -0.173716 0.758325
v 0.269922 -0.173761 0.759184
v 0.270344 -0.174021 0.759938
v 0.270874 -0.174470 0.760514
v 0.271462 -0.175065 0.760856
v 0.274944 -0.185463 0.720325
v 0.274456 -0.184710 0.720229
v 0.274015 -0.183943 0.720410
v 0.273666 -0.183238 0.720851
v 0.273441 -0.182663 0.721508
v 0.273364 -0.182276 0.722318
v 0.273364 -0.171151 0.756556
v 0.273441 -0.170989 0.757439
v 0.273666 -0.171067 0.758309
v 0.274015 -0.171378 0.759080
v 0.274456 -0.171892 0.759677
v 0.274944 -0.172559 0.760042
v 0.278870 -0.183372 0.719646
v 0.278485 -0.182563 0.719531
v 0.278138 -0.181746 0.719696
v 0.277862 -0.181002 0.720124
v 0.277686 -0.180402 0.720773
v 0.277625 -0.180006 0.721580
v 0.277625 -0.168881 0.755818
v 0.277686 -0.168727 0.756704
v 0.277862 -0.168831 0.757582
v 0.278138 -0.169182 0.758366
v 0.278485 -0.169746 0.758979
v 0.278870 -0.170467 0.759362
v 0.283216 -0.181713 0.719107
v 0.282934 -0.180865 0.718980
v 0.282680 -0.180013 0.719133
v 0.282478 -0.179240 0.719552
v 0.282348 -0.178622 0.720195
v 0.282304 -0.178220 0.721000
v 0.282304 -0.167095 0.755238
v 0.282348 -0.166948 0.756126
v 0.282478 -0.167069 0.757010
v 0.282680 -0.167448 0.757803
v 0.282934 -0.168048 0.758428
v 0.283216 -0.168808 0.758823
v 0.287957 -0.180505 0.718714
v 0.287775 -0.179632 0.718579
v 0.287610 -0.178757 0.718725
v 0.287480 -0.177966 0.719138
v 0.287396 -0.177336 0.719777
v 0.287367 -0.176930 0.720581
v 0.287367 -0.165805 0.754819
v 0.287396 -0.165662 0.755708
v 0.287480 -0.165795 0.756596
v 0.287610 -0.166192 0.757395
v 0.287775 -0.166814 0.758027
v 0.287957 -0.167601 0.758431
v 0.293070 -0.179767 0.718475
v 0.292982 -0.178880 0.718335
v 0.292902 -0.177993 0.718476
v 0.292839 -0.177192 0.718886
v 0.292798 -0.176557 0.719524
v 0.292784 -0.176148 0.720327
v 0.292784 -0.165023 0.754565
v 0.292798 -0.164882 0.755455
v 0.292839 -0.165021 0.756344
v 0.292902 -0.165428 0.757146
v 0.292982 -0.166063 0.757783
v 0.293070 -0.166862 0.758191
v 0.298530 -0.179517 0.718393
v 0.298520 -0.178626 0.718252
v 0.298511 -0.177736 0.718393
v 0.298504 -0.176933 0.718802
v 0.298499 -0.176295 0.719439
v 0.298498 -0.175886 0.720242
v 0.298498 -0.164762 0.754480
v 0.298499 -0.164621 0.755370
v 0.298504 -0.164762 0.756260
v 0.298511 -0.165171 0.757063
v 0.298520 -0.165809 0.757700
v 0.298530 -0.166612 0.758109
v 0.300870 -0.179574 0.718412
v 0.300915 -0.178685 0.718271
v 0.300956 -0.177796 0.718412
v 0.300989 -0.176993 0.718822
v 0.301010 -0.176357 0.719459
v 0.301017 -0.175948 0.720262
v 0.301017 -0.164823 0.754500
v 0.301010 -0.164682 0.755390
v 0.300989 -0.164823 0.756280
v 0.300956 -0.165231 0.757082
v 0.300915 -0.165867 0.757719
v 0.300870 -0.166669 0.758128
v 0.303207 -0.179745 0.718467
v 0.303298 -0.178859 0.718328
v 0.303380 -0.177973 0.718470
v 0.303445 -0.177173 0.718880
v 0.303487 -0.176538 0.719518
v 0.303501 -0.176130 0.720321
v 0.303501 -0.165005 0.754559
v 0.303487 -0.164863 0.755449
v 0.303445 -0.165002 0.756338
v 0.303380 -0.165408 0.757140
v 0.303298 -0.166042 0.757776
v 0.303207 -0.166841 0.758184
v 0.305539 -0.180030 0.718560
v 0.305675 -0.179150 0.718422
v 0.305797 -0.178269 0.718566
v 0.305895 -0.177473 0.718978
v 0.305957 -0.176840 0.719616
v 0.305979 -0.176433 0.720419
v 0.305979 -0.165308 0.754657
v 0.305957 -0.165166 0.755547
v 0.305895 -0.165302 0.756435
v 0.305797 -0.165704 0.757236
v 0.305675 -0.166333 0.757870
v 0.305539 -0.167126 0.758276
v 0.307863 -0.180430 0.718690
v 0.308044 -0.179557 0.718555
v 0.308206 -0.178683 0.718701
v 0.308335 -0.177892 0.719114
v 0.308418 -0.177263 0.719754
v 0.308447 -0.176857 0.720557
v 0.308447 -0.165732 0.754795
v 0.308418 -0.165589 0.755684
v 0.308335 -0.165722 0.756572
v 0.308206 -0.166118 0.757371
v 0.308044 -0.166740 0.758003
v 0.307863 -0.167525 0.758406
v 0.310178 -0.180943 0.718857
v 0.310402 -0.180080 0.718725
v 0.310604 -0.179215 0.718874
v 0.310764 -0.178431 0.719289
v 0.310867 -0.177806 0.719930
v 0.310902 -0.177402 0.720734
v 0.310902 -0.166277 0.754972
v 0.310867 -0.166132 0.755861
v 0.310764 -0.166260 0.756747
v 0.310604 -0.166650 0.757543
v 0.310402 -0.167263 0.758173
v 0.310178 -0.168039 0.758573
v 0.312480 -0.181571 0.719061
v 0.312746 -0.180720 0.718932
v 0.312987 -0.179865 0.719085
v 0.313177 -0.179089 0.719503
v 0.313300 -0.178470 0.720146
v 0.313342 -0.178067 0.720950
v 0.313342 -0.166942 0.755188
v 0.313300 -0.166795 0.756076
v 0.313177 -0.166918 0.756961
v 0.312987 -0.167300 0.757755
v 0.312746 -0.167902 0.758380
v 0.312480 -0.168667 0.758777
v 0.314767 -0.182313 0.719302
v 0.315075 -0.181475 0.719178
v 0.315353 -0.180632 0.719334
v 0.315573 -0.179866 0.719755
v 0.315715 -0.179253 0.720400
v 0.315763 -0.178852 0.721206
v 0.315763 -0.167728 0.755444
v 0.315715 -0.167578 0.756331
v 0.315573 -0.167695 0.757213
v 0.315353 -0.168067 0.758004
v 0.315075 -0.168658 0.758626
v 0.314767 -0.169408 0.759018
v 0.317037 -0.183169 0.719580
v 0.317385 -0.182346 0.719461
v 0.317699 -0.181517 0.719621
v 0.317948 -0.180762 0.720046
v 0.318108 -0.180156 0.720693
v 0.318163 -0.179757 0.721500
v 0.318163 -0.168633 0.755738
v 0.318108 -0.168481 0.756624
v 0.317948 -0.168591 0.757504
v 0.317699 -0.168952 0.758291
v 0.317385 -0.169529 0.758909
v 0.317037 -0.170264 0.759296
v 0.319286 -0.184139 0.719895
v 0.319673 -0.183333 0.719781
v 0.320022 -0.182519 0.719947
v 0.320299 -0.181776 0.720376
v 0.320476 -0.181177 0.721025
v 0.320538 -0.180781 0.721832
v 0.320538 -0.169657 0.756070
v 0.320476 -0.169502 0.756956
v 0.320299 -0.169605 0.757833
v 0.320022 -0.169954 0.758617
v 0.319673 -0.170515 0.759229
v 0.319286 -0.171234 0.759611
v 0.321513 -0.185223 0.720247
v 0.321937 -0.184435 0.720140
v 0.322320 -0.183637 0.720310
v 0.322623 -0.182907 0.720743
v 0.322818 -0.182317 0.721396
v 0.322885 -0.181924 0.722204
v 0.322885 -0.170800 0.756442
v 0.322818 -0.170642 0.757326
v 0.322623 -0.170737 0.758201
v 0.322320 -0.171073 0.758980
v 0.321937 -0.171618 0.759588
v 0.321513 -0.172319 0.759964
v 0.323715 -0.186422 0.720637
v 0.324175 -0.185653 0.720535
v 0.324590 -0.184873 0.720712
v 0.324919 -0.184157 0.721149
v 0.325130 -0.183575 0.721804
v 0.325203 -0.183185 0.722614
v 0.325203 -0.172061 0.756852
v 0.325130 -0.171901 0.757735
v 0.324919 -0.171986 0.758607
v 0.324590 -0.172308 0.759382
v 0.324175 -0.172836 0.759983
v 0.323715 -0.173517 0.760353
v 0.325890 -0.187734 0.721063
v 0.326780 -0.187225 0.721046
v 0.327583 -0.186679 0.721299
v 0.328220 -0.186149 0.721796
v 0.328629 -0.185687 0.722491
v 0.328770 -0.185338 0.723313
v 0.328770 -0.174214 0.757551
v 0.328629 -0.174012 0.758421
v 0.328220 -0.173978 0.759254
v 0.327583 -0.174114 0.759969
v 0.326780 -0.174408 0.760494
v 0.325890 -0.174829 0.760779
v 0.325890 -0.206736 0.727237
v 0.326780 -0.208587 0.727987
v 0.327583 -0.210170 0.728932
v 0.328220 -0.211330 0.729978
v 0.328629 -0.211953 0.731025
v 0.328770 -0.211978 0.731969
v 0.328770 -0.200853 0.766207
v 0.328629 -0.200278 0.766956
v 0.328220 -0.199159 0.767436
v 0.327583 -0.197606 0.767601
v 0.326780 -0.195770 0.767435
v 0.325890 -0.193832 0.766954
v 0.399690 -0.196122 0.723789
v 0.400580 -0.196925 0.724198
v 0.401383 -0.197562 0.724835
v 0.402020 -0.197971 0.725638
v 0.402429 -0.198112 0.726528
v 0.402570 -0.197971 0.727418
v 0.402570 -0.186847 0.761656
v 0.402429 -0.186438 0.762459
v 0.402020 -0.185801 0.763096
v 0.401383 -0.184998 0.763505
v 0.400580 -0.184108 0.763646
v 0.399690 -0.183218 0.763505
v 0.399690 -0.297809 0.756829
v 0.400580 -0.298612 0.757238
v 0.401383 -0.299249 0.757875
v 0.402020 -0.299658 0.758678
v 0.402429 -0.299799 0.759568
v 0.402570 -0.299658 0.760458
v 0.402570 -0.288534 0.794696
v 0.402429 -0.288125 0.795499
v 0.402020 -0.287488 0.796136
v 0.401383 -0.286685 0.796545
v 0.400580 -0.285795 0.796686
v 0.399690 -0.284905 0.796545
v 0.382050 -0.297809 0.756829
v 0.381160 -0.298612 0.757238
v 0.380357 -0.299249 0.757875
v 0.379720 -0.299658 0.758678
v 0.379311 -0.299799 0.759568
v 0.379170 -0.299658 0.760458
v 0.379170 -0.288534 0.794696
v 0.379311 -0.288125 0.795499
v 0.379720 -0.287488 0.796136
v 0.380357 -0.286685 0.796545
v 0.381160 -0.285795 0.796686
v 0.382050 -0.284905 0.796545
v 0.382050 -0.196122 0.723789
v 0.381160 -0.196925 0.724198
v 0.380357 -0.197562 0.724835
v 0.379720 -0.197971 0.725638
v 0.379311 -0.198112 0.726528
v 0.379170 -0.197971 0.727418
v 0.379170 -0.186847 0.761656
v 0.379311 -0.186438 0.762459
v 0.379720 -0.185801 0.763096
v 0.380357 -0.184998 0.763505
v 0.381160 -0.184108 0.763646
v 0.382050 -0.183218 0.763505
v 0.339570 -0.196122 0.723789
v 0.338680 -0.196925 0.724198
v 0.337877 -0.197562 0.724835
v 0.337240 -0.197971 0.725638
v 0.336831 -0.198112 0.726528
v 0.336690 -0.197971 0.727418
v 0.336690 -0.186847 0.761656
v 0.336831 -0.186438 0.762459
v 0.337240 -0.185801 0.763096
v 0.337877 -0.184998 0.763505
v 0.338680 -0.184108 0.763646
v 0.339570 -0.183218 0.763505
v 0.339570 -0.181058 0.718894
v 0.338680 -0.180168 0.718753
v 0.337877 -0.179278 0.718894
v 0.337240 -0.178475 0.719303
v 0.336831 -0.177838 0.719940
v 0.336690 -0.177429 0.720743
v 0.336690 -0.166304 0.754981
v 0.336831 -0.166163 0.755871
v 0.337240 -0.166304 0.756761
v 0.337877 -0.166713 0.757564
v 0.338680 -0.167350 0.758201
v 0.339570 -0.168153 0.758610
v 0.442170 -0.181058 0.718894
v 0.443060 -0.180168 0.718753
v 0.443863 -0.179278 0.718894
v 0.444500 -0.178475 0.719303
v 0.444909 -0.177838 0.719940
v 0.445050 -0.177429 0.720743
v 0.445050 -0.166304 0.754981
v 0.444909 -0.166163 0.755871
v 0.444500 -0.166304 0.756761
v 0.443863 -0.166713 0.757564
v 0.443060 -0.167350 0.758201
v 0.442170 -0.168153 0.758610
v 0.442170 -0.196122 0.723789
v 0.443060 -0.196925 0.724198
v 0.443863 -0.197562 0.724835
v 0.444500 -0.197971 0.725638
v 0.444909 -0.198112 0.726528
v 0.445050 -0.197971 0.727418
v 0.445050 -0.186847 0.761656
v 0.444909 -0.186438 0.762459
v 0.444500 -0.185801 0.763096
v 0.443863 -0.184998 0.763505
v 0.443060 -0.184108 0.763646
v 0.442170 -0.183218 0.763505
vn -0.0000 0.3090 0.9511
vn -0.0000 -0.3090 -0.9511
vn -0.1679 -0.5414 -0.8239
vn -0.1183 -0.4760 -0.8714
vn -0.0715 -0.4118 -0.9085
vn -0.3036 -0.7037 -0.6423
vn -0.2622 -0.6571 -0.7067
vn -0.4237 -0.8175 -0.3902
vn -0.3972 -0.7959 -0.4569
vn -0.5100 -0.8567 -0.0775
vn -0.5013 -0.8567 -0.1213
vn -0.5398 -0.8238 0.1729
vn -0.5395 -0.8252 0.1671
vn -0.5398 -0.7681 0.3444
vn -0.5395 -0.7658 0.3499
vn -0.5100 -0.6475 0.5662
vn -0.5013 -0.6218 0.6017
vn -0.4237 -0.4320 0.7962
vn -0.3972 -0.3754 0.8375
vn -0.3036 -0.1918 0.9333
vn -0.2622 -0.1162 0.9580
vn -0.1679 0.0463 0.9847
vn -0.1183 0.1271 0.9848
vn -0.0715 0.2009 0.9770
vn 0.1190 -0.4732 -0.8729
vn 0.0722 -0.4104 -0.9090
vn 0.2647 -0.6525 -0.7101
vn 0.4020 -0.7907 -0.4617
vn 0.5088 -0.8517 -0.1257
vn 0.5482 -0.8200 0.1646
vn 0.5482 -0.7602 0.3488
vn 0.5088 -0.6151 0.6023
vn 0.4020 -0.3683 0.8383
vn 0.2647 -0.1105 0.9580
vn 0.1190 0.1302 0.9843
vn 0.0722 0.2023 0.9767
vn 0.1700 -0.5390 -0.8250
vn 0.3075 -0.6996 -0.6450
vn 0.4296 -0.8126 -0.3938
vn 0.5179 -0.8516 -0.0807
vn 0.5485 -0.8186 0.1706
vn 0.5485 -0.7625 0.3431
vn 0.5179 -0.6415 0.5659
vn 0.4296 -0.4260 0.7962
vn 0.3075 -0.1869 0.9330
vn 0.1700 0.0489 0.9842
vn -0.1953 -0.4231 -0.8848
vn -0.0726 -0.3534 -0.9327
vn -0.3630 -0.5062 -0.7823
vn -0.5568 -0.5798 -0.5948
vn -0.7478 -0.6067 -0.2696
vn -0.8274 -0.5598 0.0450
vn -0.8274 -0.4793 0.2927
vn -0.7478 -0.3324 0.5748
vn -0.5568 -0.1195 0.8220
vn -0.3630 0.0503 0.9304
vn -0.1953 0.1778 0.9645
vn -0.0726 0.2623 0.9623
vn -0.1701 -0.0490 -0.9842
vn -0.0722 -0.2024 -0.9766
vn -0.3076 0.1867 -0.9330
vn -0.4298 0.4258 -0.7962
vn -0.5182 0.6413 -0.5659
vn -0.5487 0.7624 -0.3431
vn -0.5487 0.8184 -0.1705
vn -0.5182 0.8514 0.0809
vn -0.4298 0.8125 0.3939
vn -0.3076 0.6995 0.6451
vn -0.1701 0.5389 0.8250
vn -0.0722 0.4103 0.9091
vn 0.1686 -0.0471 -0.9846
vn 0.0717 -0.2013 -0.9769
vn 0.3049 0.1902 -0.9332
vn 0.4256 0.4300 -0.7962
vn 0.5126 0.6456 -0.5661
vn 0.5426 0.7663 -0.3440
vn 0.5426 0.8221 -0.1721
vn 0.5126 0.8550 0.0786
vn 0.4256 0.8159 0.3914
vn 0.3049 0.7024 0.6432
vn 0.1686 0.5406 0.8242
vn 0.0717 0.4113 0.9087
vn 0.1946 -0.4208 -0.8860
vn 0.0721 -0.3524 -0.9331
vn 0.3619 -0.5024 -0.7853
vn 0.5566 -0.5751 -0.5996
vn 0.7501 -0.6017 -0.2745
vn 0.8312 -0.5543 0.0419
vn 0.8312 -0.4731 0.2920
vn 0.7501 -0.3254 0.5757
vn 0.5566 -0.1128 0.8231
vn 0.3619 0.0551 0.9306
vn 0.1946 0.1804 0.9642
vn 0.0721 0.2633 0.9620
vn -0.1007 -0.2446 -0.9644
vn 0.0011 -0.3842 -0.9233
vn 0.0009 -0.3677 -0.9299
vn -0.0721 -0.2634 -0.9620
vn -0.2616 -0.1321 -0.9561
vn 0.0030 -0.5124 -0.8587
vn -0.4580 0.0240 -0.8886
vn 0.0057 -0.6746 -0.7382
vn -0.6951 0.2564 -0.6716
vn 0.0098 -0.8978 -0.4403
vn -0.8288 0.4646 -0.3117
vn 0.0134 -0.9951 0.0977
vn -0.8288 0.5591 -0.0209
vn 0.0134 -0.8625 0.5059
vn -0.6951 0.6022 0.3926
vn 0.0098 -0.4676 0.8839
vn -0.4580 0.5417 0.7048
vn 0.0057 -0.1119 0.9937
vn -0.2616 0.4551 0.8511
vn 0.0030 0.0902 0.9959
vn -0.1007 0.3690 0.9240
vn 0.0011 0.2319 0.9727
vn -0.0721 0.3524 0.9331
vn 0.0009 0.2491 0.9685
vn 0.1026 -0.2414 -0.9650
vn 0.0729 -0.2614 -0.9625
vn 0.2649 -0.1244 -0.9562
vn 0.4613 0.0365 -0.8865
vn 0.6939 0.2713 -0.6670
vn 0.8218 0.4766 -0.3121
vn 0.8218 0.5691 -0.0277
vn 0.6939 0.6116 0.3801
vn 0.4613 0.5506 0.6957
vn 0.2649 0.4614 0.8467
vn 0.1026 0.3719 0.9226
vn 0.0729 0.3542 0.9323
vn -0.1980 -0.4850 -0.8518
vn -0.5326 0.7350 -0.4196
vn -0.7071 0.6725 -0.2185
vn -0.0787 -0.3819 -0.9208
vn -0.3610 -0.6090 -0.7062
vn -0.6565 0.6502 -0.3825
vn -0.5226 -0.7052 -0.4792
vn -0.7159 0.6098 -0.3400
vn -0.6543 -0.7395 -0.1585
vn -0.7567 0.5921 -0.2771
vn -0.7032 -0.7012 0.1175
vn -0.7409 0.6353 -0.2180
vn -0.7032 -0.6364 0.3171
vn -0.7409 0.6421 -0.1971
vn -0.6543 -0.5051 0.5629
vn -0.7567 0.6420 -0.1238
vn -0.5226 -0.2889 0.8021
vn -0.7159 0.6932 -0.0834
vn -0.3610 -0.0776 0.9293
vn -0.6565 0.7508 -0.0727
vn -0.1980 0.1083 0.9742
vn -0.5326 0.8413 -0.0926
vn -0.0787 0.2322 0.9695
vn 0.7574 0.5427 -0.3631
vn 0.9007 0.4132 -0.1342
vn 0.8642 0.4037 -0.3002
vn 0.9078 0.3437 -0.2404
vn 0.9314 0.3198 -0.1741
vn 0.9210 0.3677 -0.1286
vn 0.9210 0.3731 -0.1121
vn 0.9314 0.3610 -0.0471
vn 0.9078 0.4193 -0.0075
vn 0.8642 0.5031 0.0056
vn 0.7574 0.6525 -0.0253
vn 0.9007 0.4131 -0.1343
vn 0.1386 -0.5661 -0.8126
vn 0.0614 -0.4269 -0.9022
vn 0.2511 -0.7472 -0.6153
vn 0.3460 -0.8691 -0.3535
vn 0.4111 -0.9105 -0.0444
vn 0.4329 -0.8798 0.1966
vn 0.4329 -0.8273 0.3581
vn 0.4111 -0.7105 0.5711
vn 0.3460 -0.4953 0.7968
vn 0.2511 -0.2429 0.9370
vn 0.1386 0.0197 0.9902
vn 0.0614 0.1849 0.9808
vn -0.1386 -0.5661 -0.8126
vn -0.0614 -0.4269 -0.9022
vn -0.2511 -0.7472 -0.6153
vn -0.3460 -0.8691 -0.3535
vn -0.4111 -0.9105 -0.0444
vn -0.4329 -0.8798 0.1966
vn -0.4329 -0.8273 0.3581
vn -0.4111 -0.7105 0.5711
vn -0.3460 -0.4953 0.7968
vn -0.2511 -0.2429 0.9370
vn -0.1386 0.0197 0.9902
vn -0.0614 0.1849 0.9808
vn -0.7574 0.5428 -0.3631
vn -0.9007 0.4132 -0.1344
vn -0.8642 0.4037 -0.3002
vn -0.9078 0.3437 -0.2404
vn -0.9314 0.3198 -0.1741
vn -0.9210 0.3677 -0.1286
vn -0.9210 0.3731 -0.1121
vn -0.9314 0.3610 -0.0471
vn -0.9078 0.4193 -0.0075
vn -0.8642 0.5031 0.0056
vn -0.7574 0.6525 -0.0253
vn -0.9007 0.4132 -0.1342
vn 0.5326 0.7350 -0.4196
vn 0.7071 0.6725 -0.2185
vn 0.6565 0.6502 -0.3825
vn 0.7159 0.6098 -0.3400
vn 0.7567 0.5921 -0.2771
vn 0.7409 0.6353 -0.2180
vn 0.7409 0.6421 -0.1971
vn 0.7567 0.6420 -0.1238
vn 0.7159 0.6932 -0.0834
vn 0.6565 0.7508 -0.0727
vn 0.5326 0.8413 -0.0926
vn 0.7071 0.6725 -0.2186
vn 0.1980 -0.4850 -0.8518
vn 0.0787 -0.3819 -0.9208
vn 0.3610 -0.6090 -0.7062
vn 0.5226 -0.7052 -0.4792
vn 0.6543 -0.7395 -0.1585
vn 0.7032 -0.7012 0.1175
vn 0.7032 -0.6364 0.3171
vn 0.6543 -0.5051 0.5629
vn 0.5226 -0.2889 0.8021
vn 0.3610 -0.0776 0.9293
vn 0.1980 0.1083 0.9742
vn 0.0787 0.2322 0.9695
vn -0.1980 -0.1083 -0.9742
vn -0.0787 -0.2322 -0.9695
vn -0.3610 0.0776 -0.9293
vn -0.5226 0.2889 -0.8021
vn -0.6543 0.5051 -0.5629
vn -0.7032 0.6364 -0.3171
vn -0.7032 0.7012 -0.1175
vn -0.6543 0.7395 0.1585
vn -0.5226 0.7052 0.4792
vn -0.3610 0.6090 0.7062
vn -0.1980 0.4850 0.8518
vn -0.0787 0.3819 0.9208
vn 0.1376 -0.0190 -0.9903
vn 0.0610 -0.1845 -0.9809
vn 0.2494 0.2441 -0.9371
vn 0.3436 0.4969 -0.7969
vn 0.4081 0.7121 -0.5713
vn 0.4297 0.8288 -0.3584
vn 0.4297 0.8812 -0.1972
vn 0.4081 0.9119 0.0436
vn 0.3436 0.8704 0.3526
vn 0.2494 0.7483 0.6146
vn 0.1376 0.5667 0.8124
vn 0.0610 0.4273 0.9021
vn 0.0002 -0.1677 -0.9858
vn 0.0001 -0.2132 -0.9770
vn 0.0004 0.0561 -0.9984
vn 0.0007 0.3340 -0.9426
vn 0.0009 0.6712 -0.7413
vn 0.0011 0.9023 -0.4311
vn 0.0011 0.9834 -0.1816
vn 0.0009 0.9787 0.2052
vn 0.0007 0.8242 0.5663
vn 0.0004 0.6322 0.7748
vn 0.0002 0.4438 0.8961
vn 0.0001 0.4018 0.9157
vn -0.1373 -0.0188 -0.9903
vn -0.0609 -0.1844 -0.9810
vn -0.2489 0.2445 -0.9372
vn -0.3429 0.4974 -0.7969
vn -0.4072 0.7126 -0.5713
vn -0.4287 0.8292 -0.3586
vn -0.4287 0.8816 -0.1973
vn -0.4072 0.9123 0.0433
vn -0.3429 0.8708 0.3523
vn -0.2489 0.7487 0.6144
vn -0.1373 0.5669 0.8123
vn -0.0609 0.4274 0.9020
vn 0.1980 -0.1083 -0.9742
vn 0.0787 -0.2322 -0.9695
vn 0.3610 0.0776 -0.9293
vn 0.5226 0.2889 -0.8021
vn 0.6543 0.5051 -0.5629
vn 0.7032 0.6364 -0.3171
vn 0.7032 0.7012 -0.1175
vn 0.6543 0.7395 0.1585
vn 0.5226 0.7052 0.4792
vn 0.3610 0.6090 0.7062
vn 0.1980 0.4850 0.8518
vn 0.0787 0.3819 0.9208
vn 0.1203 -0.4190 -0.9000
vn 0.1203 -0.1901 -0.9744
vn 0.2882 -0.5563 -0.7794
vn 0.2882 -0.0081 -0.9575
vn 0.4666 -0.6760 -0.5704
vn 0.4666 0.2116 -0.8588
vn 0.6319 -0.7397 -0.2315
vn 0.6319 0.4623 -0.6220
vn 0.7023 -0.7038 0.1069
vn 0.7023 0.6322 -0.3272
vn 0.7023 -0.6322 0.3272
vn 0.7023 0.7038 -0.1069
vn 0.6319 -0.4623 0.6220
vn 0.6319 0.7397 0.2315
vn 0.4666 -0.2116 0.8588
vn 0.4666 0.6760 0.5704
vn 0.2882 0.0081 0.9575
vn 0.2882 0.5563 0.7794
vn 0.1203 0.1901 0.9744
vn 0.1203 0.4190 0.9000
vn 0.6319 -0.7397 -0.2314
vn 0.7024 -0.7038 0.1069
vn 0.7024 -0.6322 0.3272
vn 0.6319 -0.4624 0.6220
vn -0.5226 -0.2889 0.8022
vn -0.1203 -0.4190 -0.9000
vn -0.2882 -0.5563 -0.7794
vn -0.4666 -0.6760 -0.5704
vn -0.6319 -0.7397 -0.2315
vn -0.7024 -0.7038 0.1069
vn -0.7024 -0.6322 0.3272
vn -0.6319 -0.4624 0.6220
vn -0.4666 -0.2116 0.8588
vn -0.2882 0.0081 0.9575
vn -0.1203 0.1901 0.9744
vn 0.6319 0.4624 -0.6220
vn 0.7024 0.6322 -0.3272
vn 0.7024 0.7038 -0.1069
vn -0.1203 -0.1901 -0.9744
vn -0.2882 -0.0081 -0.9575
vn -0.4666 0.2116 -0.8588
vn -0.6319 0.4624 -0.6220
vn -0.7024 0.6322 -0.3272
vn -0.7024 0.7038 -0.1069
vn -0.6319 0.7397 0.2315
vn -0.4666 0.6760 0.5704
vn -0.2882 0.5563 0.7794
vn -0.1203 0.4190 0.9000
vn 0.1747 -0.2224 -0.9592
vn 0.2503 -0.3803 -0.8904
vn 0.1399 -0.3516 -0.9256
vn 0.0621 -0.2796 -0.9581
vn 0.3301 -0.1349 -0.9343
vn 0.5144 -0.4284 -0.7428
vn 0.5335 -0.0022 -0.8458
vn 0.7378 -0.4358 -0.5156
vn 0.7750 0.2014 -0.5990
vn 0.8904 -0.3965 -0.2237
vn 0.8881 0.3617 -0.2838
vn 0.9417 -0.3358 0.0204
vn 0.8881 0.4594 0.0170
vn 0.9417 -0.2837 0.1809
vn 0.7750 0.5150 0.3662
vn 0.8904 -0.1893 0.4140
vn 0.5335 0.4954 0.6855
vn 0.7378 -0.0495 0.6733
vn 0.3301 0.4400 0.8351
vn 0.5144 0.0900 0.8528
vn 0.1747 0.3839 0.9067
vn 0.2503 0.2157 0.9438
vn 0.0621 0.3370 0.9395
vn 0.1399 0.2596 0.9555
vn -0.2501 -0.3805 -0.8903
vn -0.1398 -0.3517 -0.9256
vn -0.5141 -0.4288 -0.7428
vn -0.7375 -0.4363 -0.5155
vn -0.8901 -0.3971 -0.2236
vn -0.9415 -0.3365 0.0206
vn -0.9415 -0.2843 0.1812
vn -0.8901 -0.1899 0.4143
vn -0.7375 -0.0500 0.6735
vn -0.5141 0.0897 0.8530
vn -0.2501 0.2155 0.9439
vn -0.1398 0.2595 0.9556
vn -0.1745 -0.2226 -0.9592
vn -0.0620 -0.2797 -0.9581
vn -0.3298 -0.1353 -0.9343
vn -0.5333 -0.0029 -0.8459
vn -0.7751 0.2006 -0.5992
vn -0.8884 0.3609 -0.2837
vn -0.8884 0.4588 0.0174
vn -0.7751 0.5145 0.3668
vn -0.5333 0.4949 0.6861
vn -0.3298 0.4397 0.8354
vn -0.1745 0.3837 0.9068
vn -0.0620 0.3369 0.9395
vn 0.1399 -0.0206 -0.9899
vn 0.0619 -0.1856 -0.9807
vn 0.2535 0.2410 -0.9368
vn 0.3495 0.4930 -0.7967
vn 0.4154 0.7082 -0.5709
vn 0.4375 0.8251 -0.3576
vn 0.4375 0.8777 -0.1957
vn 0.4154 0.9085 0.0456
vn 0.3495 0.8672 0.3548
vn 0.2535 0.7456 0.6163
vn 0.1399 0.5652 0.8130
vn 0.0619 0.4263 0.9025
vn 0.0004 -0.1715 -0.9852
vn 0.0003 -0.2151 -0.9766
vn 0.0009 0.0483 -0.9988
vn 0.0016 0.3236 -0.9462
vn 0.0023 0.6638 -0.7479
vn 0.0026 0.9011 -0.4337
vn 0.0026 0.9839 -0.1788
vn 0.0023 0.9766 0.2148
vn 0.0016 0.8180 0.5753
vn 0.0009 0.6261 0.7797
vn 0.0004 0.4403 0.8978
vn 0.0003 0.4000 0.9165
vn -0.1392 -0.0201 -0.9901
vn -0.0616 -0.1852 -0.9808
vn -0.2523 0.2419 -0.9369
vn -0.3477 0.4942 -0.7968
vn -0.4132 0.7094 -0.5710
vn -0.4351 0.8262 -0.3578
vn -0.4351 0.8787 -0.1961
vn -0.4132 0.9095 0.0450
vn -0.3477 0.8682 0.3541
vn -0.2523 0.7464 0.6158
vn -0.1392 0.5656 0.8128
vn -0.0616 0.4266 0.9023
vn -0.1976 -0.5167 -0.8330
vn -0.1831 -0.5275 -0.8296
vn -0.0935 -0.4244 -0.9006
vn -0.1009 -0.4188 -0.9024
vn -0.3779 -0.6761 -0.6326
vn -0.3503 -0.6968 -0.6259
vn -0.5212 -0.7692 -0.3697
vn -0.4832 -0.7978 -0.3605
vn -0.6134 -0.7867 -0.0703
vn -0.5687 -0.8204 -0.0594
vn -0.6432 -0.7487 0.1606
vn -0.5963 -0.7841 0.1721
vn -0.6432 -0.7001 0.3101
vn -0.5963 -0.7355 0.3216
vn -0.6134 -0.5951 0.5193
vn -0.5687 -0.6288 0.5303
vn -0.5212 -0.4049 0.7512
vn -0.4832 -0.4335 0.7606
vn -0.3779 -0.1751 0.9091
vn -0.3503 -0.1958 0.9159
vn -0.1976 0.0716 0.9777
vn -0.1831 0.0609 0.9812
vn -0.1009 0.1916 0.9763
vn -0.0935 0.1860 0.9781
vn -0.1675 -0.5378 -0.8263
vn -0.0856 -0.4297 -0.8989
vn -0.3204 -0.7166 -0.6195
vn -0.4420 -0.8252 -0.3517
vn -0.5202 -0.8526 -0.0490
vn -0.5455 -0.8179 0.1831
vn -0.5455 -0.7693 0.3326
vn -0.5202 -0.6610 0.5408
vn -0.4420 -0.4609 0.7696
vn -0.3204 -0.2156 0.9224
vn -0.1675 0.0506 0.9846
vn -0.0856 0.1807 0.9798
vn -0.1507 -0.5474 -0.8232
vn -0.0770 -0.4346 -0.8973
vn -0.2883 -0.7351 -0.6136
vn -0.3978 -0.8508 -0.3434
vn -0.4682 -0.8828 -0.0392
vn -0.4909 -0.8495 0.1933
vn -0.4909 -0.8009 0.3429
vn -0.4682 -0.6911 0.5506
vn -0.3978 -0.4864 0.7779
vn -0.2883 -0.2341 0.9285
vn -0.1507 0.0409 0.9877
vn -0.0770 0.1758 0.9814
vn -0.1329 -0.5562 -0.8203
vn -0.0679 -0.4391 -0.8958
vn -0.2543 -0.7520 -0.6081
vn -0.3509 -0.8741 -0.3359
vn -0.4130 -0.9102 -0.0303
vn -0.4331 -0.8783 0.2027
vn -0.4331 -0.8297 0.3523
vn -0.4130 -0.7185 0.5596
vn -0.3509 -0.5097 0.7855
vn -0.2543 -0.2510 0.9340
vn -0.1329 0.0322 0.9906
vn -0.0679 0.1713 0.9829
vn -0.1143 -0.5640 -0.8178
vn -0.0584 -0.4431 -0.8945
vn -0.2188 -0.7669 -0.6033
vn -0.3019 -0.8947 -0.3292
vn -0.3554 -0.9345 -0.0225
vn -0.3727 -0.9037 0.2109
vn -0.3727 -0.8551 0.3605
vn -0.3554 -0.7428 0.5674
vn -0.3019 -0.5303 0.7922
vn -0.2188 -0.2659 0.9388
vn -0.1143 0.0244 0.9931
vn -0.0584 0.1673 0.9842
vn -0.0952 -0.5707 -0.8157
vn -0.0487 -0.4465 -0.8934
vn -0.1822 -0.7796 -0.5991
vn -0.2515 -0.9122 -0.3235
vn -0.2960 -0.9551 -0.0158
vn -0.3103 -0.9253 0.2180
vn -0.3103 -0.8767 0.3675
vn -0.2960 -0.7634 0.5741
vn -0.2515 -0.5478 0.7979
vn -0.1822 -0.2786 0.9430
vn -0.0952 0.0178 0.9953
vn -0.0487 0.1639 0.9853
vn -0.0758 -0.5761 -0.8139
vn -0.0387 -0.4493 -0.8926
vn -0.1451 -0.7899 -0.5958
vn -0.2002 -0.9264 -0.3189
vn -0.2356 -0.9718 -0.0103
vn -0.2470 -0.9428 0.2237
vn -0.2470 -0.8942 0.3732
vn -0.2356 -0.7801 0.5796
vn -0.2002 -0.5621 0.8025
vn -0.1451 -0.2889 0.9463
vn -0.0758 0.0123 0.9970
vn -0.0387 0.1612 0.9862
vn -0.0563 -0.5802 -0.8125
vn -0.0288 -0.4514 -0.8919
vn -0.1078 -0.7978 -0.5932
vn -0.1488 -0.9373 -0.3153
vn -0.1751 -0.9845 -0.0062
vn -0.1836 -0.9562 0.2280
vn -0.1836 -0.9076 0.3776
vn -0.1751 -0.7929 0.5837
vn -0.1488 -0.5729 0.8060
vn -0.1078 -0.2968 0.9488
vn -0.0563 0.0082 0.9984
vn -0.0288 0.1591 0.9868
vn -0.0371 -0.5831 -0.8115
vn -0.0190 -0.4528 -0.8914
vn -0.0710 -0.8033 -0.5913
vn -0.0979 -0.9447 -0.3128
vn -0.1153 -0.9933 -0.0033
vn -0.1209 -0.9654 0.2310
vn -0.1209 -0.9168 0.3806
vn -0.1153 -0.8017 0.5865
vn -0.0979 -0.5804 0.8084
vn -0.0710 -0.3023 0.9506
vn -0.0371 0.0053 0.9993
vn -0.0190 0.1576 0.9873
vn -0.0183 -0.5848 -0.8109
vn -0.0094 -0.4537 -0.8911
vn -0.0350 -0.8065 -0.5903
vn -0.0483 -0.9491 -0.3114
vn -0.0569 -0.9984 -0.0016
vn -0.0597 -0.9707 0.2327
vn -0.0597 -0.9221 0.3823
vn -0.0569 -0.8068 0.5881
vn -0.0483 -0.5848 0.8097
vn -0.0350 -0.3055 0.9515
vn -0.0183 0.0035 0.9998
vn -0.0094 0.1568 0.9876
vn 0.0022 -0.5848 -0.8112
vn 0.0011 -0.4539 -0.8911
vn 0.0042 -0.8071 -0.5904
vn 0.0058 -0.9503 -0.3114
vn 0.0069 -1.0000 -0.0013
vn 0.0072 -0.9724 0.2332
vn 0.0072 -0.9238 0.3829
vn 0.0069 -0.8082 0.5889
vn 0.0058 -0.5858 0.8105
vn 0.0042 -0.3059 0.9521
vn 0.0022 0.0037 1.0000
vn 0.0011 0.1565 0.9877
vn 0.0274 -0.5828 -0.8121
vn 0.0141 -0.4532 -0.8913
vn 0.0526 -0.8043 -0.5919
vn 0.0727 -0.9469 -0.3131
vn 0.0856 -0.9963 -0.0029
vn 0.0897 -0.9686 0.2319
vn 0.0897 -0.9199 0.3817
vn 0.0856 -0.8043 0.5880
vn 0.0727 -0.5821 0.8099
vn 0.0526 -0.3028 0.9516
vn 0.0274 0.0058 0.9996
vn 0.0141 0.1572 0.9875
vn 0.0560 -0.5788 -0.8135
vn 0.0288 -0.4513 -0.8919
vn 0.1076 -0.7969 -0.5945
vn 0.1486 -0.9369 -0.3165
vn 0.1750 -0.9845 -0.0069
vn 0.1836 -0.9562 0.2279
vn 0.1836 -0.9076 0.3777
vn 0.1750 -0.7925 0.5843
vn 0.1486 -0.5719 0.8068
vn 0.1076 -0.2952 0.9494
vn 0.0560 0.0099 0.9984
vn 0.0288 0.1592 0.9868
vn 0.0859 -0.5716 -0.8160
vn 0.0442 -0.4477 -0.8931
vn 0.1651 -0.7835 -0.5991
vn 0.2282 -0.9186 -0.3227
vn 0.2688 -0.9631 -0.0140
vn 0.2819 -0.9337 0.2206
vn 0.2819 -0.8851 0.3704
vn 0.2688 -0.7709 0.5774
vn 0.2282 -0.5535 0.8010
vn 0.1651 -0.2817 0.9452
vn 0.0859 0.0172 0.9962
vn 0.0442 0.1627 0.9857
vn 0.1170 -0.5608 -0.8197
vn 0.0602 -0.4423 -0.8949
vn 0.2250 -0.7630 -0.6060
vn 0.3110 -0.8905 -0.3322
vn 0.3664 -0.9301 -0.0249
vn 0.3844 -0.8991 0.2093
vn 0.3844 -0.8504 0.3592
vn 0.3664 -0.7378 0.5669
vn 0.3110 -0.5252 0.7921
vn 0.2250 -0.2611 0.9387
vn 0.1170 0.0281 0.9927
vn 0.0602 0.1682 0.9839
vn 0.1489 -0.5454 -0.8248
vn 0.0767 -0.4346 -0.8974
vn 0.2866 -0.7340 -0.6157
vn 0.3963 -0.8506 -0.3454
vn 0.4671 -0.8833 -0.0403
vn 0.4900 -0.8500 0.1933
vn 0.4900 -0.8013 0.3433
vn 0.4671 -0.6909 0.5518
vn 0.3963 -0.4851 0.7795
vn 0.2866 -0.2319 0.9296
vn 0.1489 0.0435 0.9879
vn 0.0767 0.1759 0.9814
vn 0.1810 -0.5250 -0.8317
vn 0.0934 -0.4242 -0.9008
vn 0.3487 -0.6950 -0.6288
vn 0.4825 -0.7970 -0.3633
vn 0.5688 -0.8202 -0.0611
vn 0.5967 -0.7839 0.1717
vn 0.5967 -0.7351 0.3218
vn 0.5688 -0.6277 0.5315
vn 0.4825 -0.4313 0.7624
vn 0.3487 -0.1927 0.9172
vn 0.1810 0.0641 0.9814
vn 0.0934 0.1863 0.9780
vn 0.2123 -0.4987 -0.8404
vn 0.1097 -0.4107 -0.9051
vn 0.4094 -0.6448 -0.6454
vn 0.5668 -0.7278 -0.3862
vn 0.6683 -0.7387 -0.0878
vn 0.7011 -0.6984 0.1439
vn 0.7011 -0.6496 0.2941
vn 0.6683 -0.5460 0.5053
vn 0.5668 -0.3618 0.7402
vn 0.4094 -0.1423 0.9012
vn 0.2123 0.0905 0.9730
vn 0.1097 0.1997 0.9737
vn 0.2413 -0.4663 -0.8511
vn 0.1249 -0.3941 -0.9105
vn 0.4658 -0.5827 -0.6659
vn 0.6450 -0.6420 -0.4144
vn 0.7608 -0.6377 -0.1209
vn 0.7982 -0.5923 0.1094
vn 0.7982 -0.5435 0.2597
vn 0.7608 -0.4448 0.4727
vn 0.6450 -0.2758 0.7126
vn 0.4658 -0.0800 0.8813
vn 0.2413 0.1230 0.9626
vn 0.1249 0.2164 0.9683
vn 0.2662 -0.4282 -0.8636
vn 0.1379 -0.3744 -0.9169
vn 0.5142 -0.5094 -0.6900
vn 0.7123 -0.5405 -0.4477
vn 0.8403 -0.5180 -0.1600
vn 0.8817 -0.4667 0.0686
vn 0.8817 -0.4179 0.2189
vn 0.8403 -0.3250 0.4339
vn 0.7123 -0.1741 0.6799
vn 0.5142 -0.0065 0.8577
vn 0.2662 0.1612 0.9504
vn 0.1379 0.2360 0.9619
vn 0.2852 -0.3855 -0.8775
vn 0.1479 -0.3523 -0.9241
vn 0.5511 -0.4270 -0.7169
vn 0.7636 -0.4264 -0.4849
vn 0.9008 -0.3834 -0.2038
vn 0.9453 -0.3255 0.0226
vn 0.9453 -0.2766 0.1730
vn 0.9008 -0.1904 0.3903
vn 0.7636 -0.0600 0.6429
vn 0.5511 0.0760 0.8310
vn 0.2852 0.2039 0.9365
vn 0.1479 0.2582 0.9547
vn 0.2970 -0.3403 -0.8922
vn 0.1539 -0.3289 -0.9317
vn 0.5738 -0.3395 -0.7453
vn 0.7950 -0.3052 -0.5242
vn 0.9379 -0.2404 -0.2503
vn 0.9841 -0.1754 -0.0261
vn 0.9841 -0.1266 0.1242
vn 0.9379 -0.0474 0.3438
vn 0.7950 0.0612 0.6035
vn 0.5738 0.1634 0.8025
vn 0.2970 0.2491 0.9218
vn 0.1539 0.2816 0.9471
vn 0.2940 -0.2797 -0.9139
vn 0.1548 -0.2971 -0.9422
vn 0.5747 -0.2223 -0.7876
vn 0.8006 -0.1423 -0.5821
vn 0.9475 -0.0473 -0.3163
vn 0.9953 0.0281 -0.0929
vn 0.9953 0.0773 0.0587
vn 0.9475 0.1477 0.2837
vn 0.8006 0.2270 0.5545
vn 0.5747 0.2831 0.7678
vn 0.2940 0.3109 0.9038
vn 0.1548 0.3135 0.9369
vn 0.2684 -0.1961 -0.9431
vn 0.1433 -0.2520 -0.9570
vn 0.5304 -0.0568 -0.8459
vn 0.7431 0.0900 -0.6630
vn 0.8827 0.2296 -0.4101
vn 0.9283 0.3203 -0.1887
vn 0.9283 0.3700 -0.0356
vn 0.8827 0.4268 0.1968
vn 0.7431 0.4626 0.4835
vn 0.5304 0.4512 0.7177
vn 0.2684 0.3957 0.8783
vn 0.1433 0.3586 0.9224
vn 0.2282 -0.1176 -0.9665
vn 0.1200 -0.2118 -0.9699
vn 0.4457 0.0944 -0.8902
vn 0.6206 0.2987 -0.7250
vn 0.7343 0.4744 -0.4856
vn 0.7713 0.5760 -0.2709
vn 0.7713 0.6252 -0.1194
vn 0.7343 0.6692 0.1140
vn 0.6206 0.6678 0.4110
vn 0.4457 0.5996 0.6647
vn 0.2282 0.4730 0.8510
vn 0.1200 0.3987 0.9092
vn 0.1891 -0.0714 -0.9794
vn 0.0979 -0.1897 -0.9770
vn 0.3650 0.1795 -0.9136
vn 0.5054 0.4136 -0.7573
vn 0.5960 0.6072 -0.5254
vn 0.6254 0.7139 -0.3150
vn 0.6254 0.7627 -0.1648
vn 0.5960 0.8001 0.0681
vn 0.5054 0.7797 0.3696
vn 0.3650 0.6822 0.6336
vn 0.1891 0.5179 0.8343
vn 0.0979 0.4208 0.9019
vn 0.1640 -0.0490 -0.9852
vn 0.0839 -0.1798 -0.9801
vn 0.3141 0.2190 -0.9238
vn 0.4334 0.4659 -0.7714
vn 0.5102 0.6670 -0.5429
vn 0.5350 0.7757 -0.3347
vn 0.5350 0.8243 -0.1851
vn 0.5102 0.8588 0.0472
vn 0.4334 0.8303 0.3503
vn 0.3141 0.7202 0.6186
vn 0.1640 0.5395 0.8259
vn 0.0839 0.4307 0.8986
vn 0.1544 -0.0400 -0.9872
vn 0.0783 -0.1764 -0.9812
vn 0.2940 0.2335 -0.9268
vn 0.4048 0.4842 -0.7757
vn 0.4760 0.6874 -0.5485
vn 0.4990 0.7965 -0.3413
vn 0.4990 0.8451 -0.1920
vn 0.4760 0.8785 0.0397
vn 0.4048 0.8476 0.3429
vn 0.2940 0.7337 0.6126
vn 0.1544 0.5479 0.8222
vn 0.0783 0.4340 0.8975
vn 0.1586 -0.0397 -0.9865
vn 0.0799 -0.1773 -0.9809
vn 0.3007 0.2318 -0.9251
vn 0.4134 0.4807 -0.7734
vn 0.4857 0.6825 -0.5462
vn 0.5090 0.7910 -0.3395
vn 0.5090 0.8395 -0.1903
vn 0.4857 0.8732 0.0407
vn 0.4134 0.8434 0.3431
vn 0.3007 0.7313 0.6122
vn 0.1586 0.5477 0.8215
vn 0.0799 0.4331 0.8978
vn 0.1756 -0.0476 -0.9833
vn 0.0878 -0.1822 -0.9793
vn 0.3315 0.2150 -0.9186
vn 0.4551 0.4564 -0.7646
vn 0.5344 0.6534 -0.5362
vn 0.5599 0.7602 -0.3294
vn 0.5599 0.8087 -0.1804
vn 0.5344 0.8438 0.0497
vn 0.4551 0.8187 0.3503
vn 0.3315 0.7139 0.6168
vn 0.1756 0.5395 0.8235
vn 0.0878 0.4282 0.8994
vn 0.2045 -0.0660 -0.9766
vn 0.1015 -0.1924 -0.9761
vn 0.3844 0.1782 -0.9058
vn 0.5270 0.4050 -0.7471
vn 0.6185 0.5926 -0.5160
vn 0.6481 0.6963 -0.3086
vn 0.6481 0.7447 -0.1596
vn 0.6185 0.7827 0.0692
vn 0.5270 0.7668 0.3664
vn 0.3844 0.6766 0.6281
vn 0.2045 0.5207 0.8289
vn 0.1015 0.4180 0.9028
vn 0.2424 -0.0998 -0.9650
vn 0.1193 -0.2101 -0.9704
vn 0.4538 0.1130 -0.8839
vn 0.6214 0.3150 -0.7174
vn 0.7290 0.4866 -0.4814
vn 0.7638 0.5851 -0.2726
vn 0.7638 0.6336 -0.1234
vn 0.7290 0.6766 0.1034
vn 0.6214 0.6765 0.3953
vn 0.4538 0.6110 0.6487
vn 0.2424 0.4865 0.8394
vn 0.1193 0.4004 0.9085
vn 0.2813 -0.1526 -0.9474
vn 0.1376 -0.2366 -0.9618
vn 0.5249 0.0132 -0.8511
vn 0.7182 0.1778 -0.6727
vn 0.8426 0.3256 -0.4291
vn 0.8827 0.4164 -0.2179
vn 0.8827 0.4649 -0.0685
vn 0.8426 0.5156 0.1557
vn 0.7182 0.5393 0.4397
vn 0.5249 0.5109 0.6808
vn 0.2813 0.4334 0.8562
vn 0.1376 0.3739 0.9172
vn 0.3089 -0.2209 -0.9251
vn 0.1508 -0.2701 -0.9509
vn 0.5759 -0.1145 -0.8095
vn 0.7879 0.0030 -0.6159
vn 0.9242 0.1205 -0.3624
vn 0.9682 0.2015 -0.1481
vn 0.9682 0.2501 0.0014
vn 0.9242 0.3105 0.2224
vn 0.7879 0.3644 0.4965
vn 0.5759 0.3831 0.7222
vn 0.3089 0.3650 0.8783
vn 0.1508 0.3404 0.9281
vn 0.3158 -0.2853 -0.9049
vn 0.1558 -0.3014 -0.9407
vn 0.5919 -0.2343 -0.7712
vn 0.8107 -0.1606 -0.5630
vn 0.9512 -0.0713 -0.3001
vn 0.9966 0.0006 -0.0827
vn 0.9966 0.0491 0.0665
vn 0.9512 0.1187 0.2847
vn 0.8107 0.2010 0.5498
vn 0.5919 0.2638 0.7616
vn 0.3158 0.3011 0.8998
vn 0.1558 0.3091 0.9382
vn 0.3117 -0.3317 -0.8904
vn 0.1548 -0.3243 -0.9332
vn 0.5863 -0.3213 -0.7436
vn 0.8040 -0.2797 -0.5247
vn 0.9436 -0.2111 -0.2549
vn 0.9887 -0.1457 -0.0350
vn 0.9887 -0.0973 0.1140
vn 0.9436 -0.0209 0.3303
vn 0.8040 0.0821 0.5889
vn 0.5863 0.1772 0.7905
vn 0.3117 0.2550 0.9153
vn 0.1548 0.2862 0.9456
vn 0.3038 -0.3703 -0.8778
vn 0.1508 -0.3434 -0.9270
vn 0.5714 -0.3940 -0.7200
vn 0.7834 -0.3794 -0.4923
vn 0.9194 -0.3280 -0.2169
vn 0.9633 -0.2683 0.0048
vn 0.9633 -0.2198 0.1538
vn 0.9194 -0.1379 0.3683
vn 0.7834 -0.0175 0.6213
vn 0.5714 0.1045 0.8140
vn 0.3038 0.2164 0.9278
vn 0.1508 0.2670 0.9518
vn 0.2903 -0.4083 -0.8654
vn 0.1441 -0.3623 -0.9209
vn 0.5459 -0.4654 -0.6967
vn 0.7484 -0.4774 -0.4605
vn 0.8784 -0.4430 -0.1795
vn 0.9203 -0.3888 0.0439
vn 0.9203 -0.3403 0.1930
vn 0.8784 -0.2529 0.4056
vn 0.7484 -0.1155 0.6531
vn 0.5459 0.0330 0.8372
vn 0.2903 0.1784 0.9402
vn 0.1441 0.2482 0.9579
vn 0.2713 -0.4446 -0.8536
vn 0.1346 -0.3803 -0.9150
vn 0.5101 -0.5337 -0.6745
vn 0.6994 -0.5709 -0.4300
vn 0.8208 -0.5528 -0.1439
vn 0.8600 -0.5038 0.0813
vn 0.8600 -0.4554 0.2304
vn 0.8208 -0.3627 0.4413
vn 0.6994 -0.2091 0.6835
vn 0.5101 -0.0353 0.8594
vn 0.2713 0.1420 0.9520
vn 0.1346 0.2301 0.9638
vn 0.2472 -0.4782 -0.8427
vn 0.1227 -0.3970 -0.9096
vn 0.4648 -0.5969 -0.6540
vn 0.6372 -0.6576 -0.4019
vn 0.7479 -0.6545 -0.1108
vn 0.7836 -0.6104 0.1159
vn 0.7836 -0.5619 0.2650
vn 0.7479 -0.4644 0.4744
vn 0.6372 -0.2957 0.7117
vn 0.4648 -0.0985 0.8799
vn 0.2472 0.1084 0.9629
vn 0.1227 0.2135 0.9692
vn 0.2186 -0.5083 -0.8330
vn 0.1085 -0.4119 -0.9047
vn 0.4111 -0.6534 -0.6356
vn 0.5636 -0.7351 -0.3767
vn 0.6615 -0.7455 -0.0813
vn 0.6931 -0.7057 0.1469
vn 0.6931 -0.6573 0.2960
vn 0.6615 -0.5554 0.5040
vn 0.5636 -0.3733 0.7369
vn 0.4111 -0.1550 0.8983
vn 0.2186 0.0784 0.9727
vn 0.1085 0.1985 0.9741
vn 0.1863 -0.5342 -0.8246
vn 0.0925 -0.4248 -0.9005
vn 0.3504 -0.7022 -0.6198
vn 0.4805 -0.8019 -0.3550
vn 0.5639 -0.8239 -0.0558
vn 0.5908 -0.7879 0.1736
vn 0.5908 -0.7395 0.3227
vn 0.5639 -0.6338 0.5294
vn 0.4805 -0.4401 0.7586
vn 0.3504 -0.2037 0.9142
vn 0.1863 0.0525 0.9811
vn 0.0925 0.1857 0.9783
vn 0.1512 -0.5554 -0.8177
vn 0.0751 -0.4354 -0.8971
vn 0.2844 -0.7422 -0.6068
vn 0.3900 -0.8569 -0.3372
vn 0.4577 -0.8884 -0.0348
vn 0.4796 -0.8554 0.1956
vn 0.4796 -0.8070 0.3446
vn 0.4577 -0.6983 0.5504
vn 0.3900 -0.4950 0.7765
vn 0.2844 -0.2438 0.9272
vn 0.1512 0.0313 0.9880
vn 0.0751 0.1751 0.9817
vn 0.1141 -0.5718 -0.8124
vn 0.0567 -0.4436 -0.8944
vn 0.2147 -0.7731 -0.5968
vn 0.2944 -0.8993 -0.3235
vn 0.3456 -0.9382 -0.0187
vn 0.3621 -0.9076 0.2125
vn 0.3621 -0.8592 0.3616
vn 0.3456 -0.7480 0.5666
vn 0.2944 -0.5374 0.7903
vn 0.2147 -0.2746 0.9373
vn 0.1141 0.0149 0.9934
vn 0.0567 0.1669 0.9843
vn 0.0760 -0.5832 -0.8087
vn 0.0378 -0.4493 -0.8926
vn 0.1430 -0.7947 -0.5899
vn 0.1962 -0.9290 -0.3138
vn 0.2302 -0.9731 -0.0074
vn 0.2412 -0.9442 0.2244
vn 0.2412 -0.8957 0.3734
vn 0.2302 -0.7829 0.5779
vn 0.1962 -0.5671 0.7999
vn 0.1430 -0.2962 0.9443
vn 0.0760 0.0035 0.9971
vn 0.0378 0.1611 0.9862
vn 0.0377 -0.5898 -0.8066
vn 0.0188 -0.4527 -0.8915
vn 0.0710 -0.8073 -0.5858
vn 0.0974 -0.9463 -0.3083
vn 0.1143 -0.9934 -0.0008
vn 0.1198 -0.9655 0.2313
vn 0.1198 -0.9170 0.3804
vn 0.1143 -0.8033 0.5846
vn 0.0974 -0.5844 0.8056
vn 0.0710 -0.3088 0.9485
vn 0.0377 -0.0031 0.9993
vn 0.0188 0.1578 0.9873
vn 0.0057 -0.5907 -0.8069
vn 0.0028 -0.4538 -0.8911
vn 0.0107 -0.8106 -0.5855
vn 0.0147 -0.9515 -0.3071
vn 0.0173 -0.9998 0.0010
vn 0.0181 -0.9722 0.2335
vn 0.0181 -0.9238 0.3825
vn 0.0173 -0.8095 0.5869
vn 0.0147 -0.5893 0.8078
vn 0.0107 -0.3117 0.9501
vn 0.0057 -0.0036 1.0000
vn 0.0028 0.1566 0.9877
vn -0.0147 -0.5892 -0.8078
vn -0.0074 -0.4538 -0.8911
vn -0.0278 -0.8095 -0.5865
vn -0.0382 -0.9506 -0.3081
vn -0.0448 -0.9990 0.0003
vn -0.0470 -0.9713 0.2332
vn -0.0470 -0.9229 0.3823
vn -0.0448 -0.8084 0.5869
vn -0.0382 -0.5880 0.8080
vn -0.0278 -0.3101 0.9503
vn -0.0147 -0.0019 0.9999
vn -0.0074 0.1566 0.9876
vn -0.0301 -0.5883 -0.8081
vn -0.0151 -0.4532 -0.8913
vn -0.0571 -0.8075 -0.5871
vn -0.0784 -0.9479 -0.3089
vn -0.0921 -0.9957 -0.0007
vn -0.0966 -0.9679 0.2321
vn -0.0966 -0.9195 0.3812
vn -0.0921 -0.8052 0.5858
vn -0.0784 -0.5853 0.8070
vn -0.0571 -0.3082 0.9496
vn -0.0301 -0.0009 0.9995
vn -0.0151 0.1572 0.9875
vn -0.0464 -0.5865 -0.8087
vn -0.0233 -0.4523 -0.8916
vn -0.0879 -0.8039 -0.5882
vn -0.1208 -0.9429 -0.3105
vn -0.1419 -0.9899 -0.0026
vn -0.1487 -0.9617 0.2301
vn -0.1487 -0.9133 0.3792
vn -0.1419 -0.7993 0.5839
vn -0.1208 -0.5803 0.8054
vn -0.0879 -0.3047 0.9484
vn -0.0464 0.0009 0.9989
vn -0.0233 0.1582 0.9871
vn -0.0633 -0.5837 -0.8095
vn -0.0318 -0.4508 -0.8920
vn -0.1198 -0.7985 -0.5899
vn -0.1647 -0.9354 -0.3129
vn -0.1934 -0.9811 -0.0054
vn -0.2027 -0.9525 0.2271
vn -0.2027 -0.9041 0.3762
vn -0.1934 -0.7906 0.5810
vn -0.1647 -0.5729 0.8029
vn -0.1198 -0.2993 0.9466
vn -0.0633 0.0036 0.9980
vn -0.0318 0.1596 0.9867
vn -0.0805 -0.5798 -0.8108
vn -0.0404 -0.4489 -0.8927
vn -0.1524 -0.7912 -0.5923
vn -0.2094 -0.9253 -0.3161
vn -0.2460 -0.9692 -0.0092
vn -0.2578 -0.9401 0.2231
vn -0.2578 -0.8917 0.3721
vn -0.2460 -0.7787 0.5772
vn -0.2094 -0.5628 0.7996
vn -0.1524 -0.2920 0.9442
vn -0.0805 0.0075 0.9967
vn -0.0404 0.1616 0.9860
vn -0.0978 -0.5749 -0.8123
vn -0.0491 -0.4464 -0.8935
vn -0.1851 -0.7819 -0.5953
vn -0.2543 -0.9126 -0.3202
vn -0.2987 -0.9542 -0.0141
vn -0.3130 -0.9244 0.2179
vn -0.3130 -0.8760 0.3670
vn -0.2987 -0.7637 0.5723
vn -0.2543 -0.5500 0.7955
vn -0.1851 -0.2827 0.9412
vn -0.0978 0.0124 0.9951
vn -0.0491 0.1640 0.9852
vn -0.1148 -0.5690 -0.8143
vn -0.0576 -0.4435 -0.8944
vn -0.2173 -0.7708 -0.5989
vn -0.2985 -0.8973 -0.3252
vn -0.3506 -0.9363 -0.0199
vn -0.3674 -0.9056 0.2118
vn -0.3674 -0.8572 0.3609
vn -0.3506 -0.7458 0.5665
vn -0.2985 -0.5348 0.7905
vn -0.2173 -0.2716 0.9376
vn -0.1148 0.0182 0.9932
vn -0.0576 0.1670 0.9843
vn -0.1313 -0.5623 -0.8165
vn -0.0659 -0.4401 -0.8955
vn -0.2484 -0.7580 -0.6030
vn -0.3413 -0.8798 -0.3309
vn -0.4009 -0.9157 -0.0266
vn -0.4201 -0.8840 0.2048
vn -0.4201 -0.8356 0.3539
vn -0.4009 -0.7252 0.5598
vn -0.3413 -0.5172 0.7848
vn -0.2484 -0.2588 0.9334
vn -0.1313 0.0250 0.9910
vn -0.0659 0.1703 0.9832
vn -0.1469 -0.5548 -0.8189
vn -0.0738 -0.4363 -0.8967
vn -0.2781 -0.7439 -0.6077
vn -0.3821 -0.8604 -0.3372
vn -0.4488 -0.8930 -0.0340
vn -0.4703 -0.8602 0.1971
vn -0.4703 -0.8118 0.3462
vn -0.4488 -0.7025 0.5524
vn -0.3821 -0.4979 0.7786
vn -0.2781 -0.2447 0.9289
vn -0.1469 0.0325 0.9886
vn -0.0738 0.1741 0.9820
vn -0.1615 -0.5468 -0.8216
vn -0.0811 -0.4324 -0.8980
vn -0.3058 -0.7288 -0.6126
vn -0.4202 -0.8397 -0.3440
vn -0.4936 -0.8687 -0.0419
vn -0.5173 -0.8347 0.1888
vn -0.5173 -0.7863 0.3379
vn -0.4936 -0.6781 0.5445
vn -0.4202 -0.4771 0.7719
vn -0.3058 -0.2295 0.9240
vn -0.1615 0.0406 0.9860
vn -0.0811 0.1781 0.9807
vn -0.1750 -0.5384 -0.8243
vn -0.0879 -0.4282 -0.8994
vn -0.3314 -0.7131 -0.6178
vn -0.4554 -0.8182 -0.3511
vn -0.5349 -0.8434 -0.0502
vn -0.5606 -0.8083 0.1802
vn -0.5606 -0.7598 0.3293
vn -0.5349 -0.6528 0.5364
vn -0.4554 -0.4556 0.7649
vn -0.3314 -0.2138 0.9190
vn -0.1750 0.0489 0.9834
vn -0.0879 0.1822 0.9793
vn -0.2825 -0.4309 -0.8570
vn -0.1241 -0.3666 -0.9221
vn -0.5115 -0.5025 -0.6970
vn -0.7063 -0.5327 -0.4662
vn -0.8410 -0.5113 -0.1768
vn -0.8864 -0.4592 0.0590
vn -0.8864 -0.4062 0.2222
vn -0.8410 -0.3098 0.4436
vn -0.7063 -0.1569 0.6903
vn -0.5115 0.0031 0.8593
vn -0.2825 0.1551 0.9466
vn -0.1241 0.2454 0.9614
vn -0.0530 -0.1654 -0.9848
vn -0.0182 -0.2606 -0.9653
vn -0.1016 -0.0270 -0.9945
vn -0.1727 0.1892 -0.9666
vn -0.2768 0.5510 -0.7873
vn -0.3329 0.8180 -0.4690
vn -0.3329 0.9375 -0.1014
vn -0.2768 0.9085 0.3131
vn -0.1727 0.7212 0.6708
vn -0.1016 0.5627 0.8204
vn -0.0530 0.4450 0.8940
vn -0.0182 0.3566 0.9341
vn 0.2296 -0.1016 -0.9680
vn 0.1173 -0.2069 -0.9713
vn 0.4392 0.1179 -0.8906
vn 0.6059 0.3261 -0.7257
vn 0.7130 0.5023 -0.4892
vn 0.7477 0.6028 -0.2785
vn 0.7477 0.6514 -0.1290
vn 0.7130 0.6939 0.1005
vn 0.6059 0.6903 0.3954
vn 0.4392 0.6189 0.6512
vn 0.2296 0.4868 0.8428
vn 0.1173 0.4036 0.9074
vn 0.2165 -0.0885 -0.9723
vn 0.1106 -0.2001 -0.9735
vn 0.4142 0.1431 -0.8989
vn 0.5714 0.3609 -0.7371
vn 0.6725 0.5433 -0.5026
vn 0.7052 0.6459 -0.2925
vn 0.7052 0.6945 -0.1430
vn 0.6725 0.7349 0.0873
vn 0.5714 0.7252 0.3842
vn 0.4142 0.6441 0.6431
vn 0.2165 0.4999 0.8386
vn 0.1106 0.4103 0.9052
vn 0.2017 -0.0756 -0.9765
vn 0.1031 -0.1934 -0.9757
vn 0.3861 0.1679 -0.9070
vn 0.5327 0.3952 -0.7483
vn 0.6270 0.5838 -0.5158
vn 0.6575 0.6883 -0.3063
vn 0.6575 0.7369 -0.1568
vn 0.6270 0.7755 0.0742
vn 0.5327 0.7596 0.3731
vn 0.3861 0.6690 0.6351
vn 0.2017 0.5128 0.8344
vn 0.1031 0.4170 0.9030
vn 0.1853 -0.0630 -0.9807
vn 0.0948 -0.1870 -0.9778
vn 0.3548 0.1921 -0.9150
vn 0.4896 0.4286 -0.7593
vn 0.5764 0.6232 -0.5287
vn 0.6044 0.7297 -0.3198
vn 0.6044 0.7783 -0.1702
vn 0.5764 0.8149 0.0614
vn 0.4896 0.7931 0.3624
vn 0.3548 0.6932 0.6273
vn 0.1853 0.5254 0.8304
vn 0.0948 0.4235 0.9009
vn 0.1672 -0.0511 -0.9846
vn 0.0856 -0.1808 -0.9798
vn 0.3202 0.2151 -0.9226
vn 0.4420 0.4605 -0.7698
vn 0.5203 0.6608 -0.5410
vn 0.5456 0.7692 -0.3326
vn 0.5456 0.8178 -0.1830
vn 0.5203 0.8526 0.0492
vn 0.4420 0.8251 0.3521
vn 0.3202 0.7163 0.6199
vn 0.1672 0.5374 0.8266
vn 0.0856 0.4297 0.8989
vn 0.1473 -0.0399 -0.9883
vn 0.0754 -0.1750 -0.9817
vn 0.2823 0.2367 -0.9297
vn 0.3896 0.4904 -0.7796
vn 0.4587 0.6960 -0.5525
vn 0.4810 0.8061 -0.3446
vn 0.4810 0.8547 -0.1950
vn 0.4587 0.8878 0.0379
vn 0.3896 0.8549 0.3425
vn 0.2823 0.7379 0.6130
vn 0.1473 0.5486 0.8230
vn 0.0754 0.4354 0.8971
vn 0.1258 -0.0298 -0.9916
vn 0.0644 -0.1698 -0.9834
vn 0.2411 0.2561 -0.9361
vn 0.3328 0.5173 -0.7884
vn 0.3918 0.7278 -0.5629
vn 0.4109 0.8395 -0.3555
vn 0.4109 0.8881 -0.2058
vn 0.3918 0.9196 0.0276
vn 0.3328 0.8819 0.3338
vn 0.2411 0.7574 0.6068
vn 0.1258 0.5587 0.8198
vn 0.0644 0.4407 0.8954
vn 0.1027 -0.0211 -0.9945
vn 0.0526 -0.1652 -0.9848
vn 0.1969 0.2730 -0.9417
vn 0.2718 0.5407 -0.7961
vn 0.3200 0.7553 -0.5719
vn 0.3356 0.8684 -0.3649
vn 0.3356 0.9171 -0.2152
vn 0.3200 0.9472 0.0187
vn 0.2718 0.9054 0.3263
vn 0.1969 0.7744 0.6013
vn 0.1027 0.5675 0.8170
vn 0.0526 0.4452 0.8939
vn 0.0782 -0.0140 -0.9968
vn 0.0401 -0.1615 -0.9860
vn 0.1500 0.2867 -0.9462
vn 0.2072 0.5597 -0.8024
vn 0.2439 0.7778 -0.5792
vn 0.2558 0.8920 -0.3726
vn 0.2558 0.9407 -0.2229
vn 0.2439 0.9697 0.0114
vn 0.2072 0.9244 0.3201
vn 0.1500 0.7881 0.5969
vn 0.0782 0.5746 0.8147
vn 0.0401 0.4489 0.8927
vn 0.0527 -0.0087 -0.9986
vn 0.0270 -0.1588 -0.9869
vn 0.1011 0.2969 -0.9495
vn 0.1396 0.5738 -0.8070
vn 0.1644 0.7944 -0.5847
vn 0.1724 0.9095 -0.3783
vn 0.1724 0.9581 -0.2286
vn 0.1644 0.9864 0.0060
vn 0.1396 0.9386 0.3156
vn 0.1011 0.7983 0.5937
vn 0.0527 0.5799 0.8130
vn 0.0270 0.4516 0.8918
vn 0.0265 -0.0055 -0.9996
vn 0.0136 -0.1571 -0.9875
vn 0.0508 0.3032 -0.9516
vn 0.0702 0.5825 -0.8098
vn 0.0827 0.8046 -0.5880
vn 0.0867 0.9202 -0.3817
vn 0.0867 0.9688 -0.2320
vn 0.0827 0.9966 0.0027
vn 0.0702 0.9472 0.3128
vn 0.0508 0.8046 0.5917
vn 0.0265 0.5831 0.8119
vn 0.0136 0.4533 0.8913
vn -0.0015 -0.0049 -1.0000
vn -0.0008 -0.1566 -0.9877
vn -0.0028 0.3048 -0.9524
vn -0.0039 0.5850 -0.8110
vn -0.0046 0.8079 -0.5893
vn -0.0048 0.9238 -0.3829
vn -0.0048 0.9724 -0.2332
vn -0.0046 1.0000 0.0018
vn -0.0039 0.9500 0.3122
vn -0.0028 0.8064 0.5914
vn -0.0015 0.5838 0.8119
vn -0.0008 0.4538 0.8911
vn -0.0333 -0.0076 -0.9994
vn -0.0171 -0.1576 -0.9874
vn -0.0639 0.3006 -0.9516
vn -0.0884 0.5799 -0.8099
vn -0.1041 0.8023 -0.5878
vn -0.1092 0.9180 -0.3811
vn -0.1092 0.9667 -0.2313
vn -0.1041 0.9946 0.0040
vn -0.0884 0.9452 0.3144
vn -0.0639 0.8025 0.5932
vn -0.0333 0.5813 0.8130
vn -0.0171 0.4529 0.8914
vn -0.0681 -0.0136 -0.9976
vn -0.0351 -0.1605 -0.9864
vn -0.1310 0.2894 -0.9482
vn -0.1812 0.5646 -0.8052
vn -0.2135 0.7845 -0.5822
vn -0.2239 0.8995 -0.3752
vn -0.2239 0.9482 -0.2252
vn -0.2135 0.9769 0.0099
vn -0.1812 0.9301 0.3195
vn -0.1310 0.7915 0.5970
vn -0.0681 0.5754 0.8150
vn -0.0351 0.4499 0.8924
vn -0.1038 -0.0240 -0.9943
vn -0.0535 -0.1657 -0.9847
vn -0.1997 0.2697 -0.9420
vn -0.2763 0.5376 -0.7966
vn -0.3256 0.7528 -0.5720
vn -0.3416 0.8663 -0.3644
vn -0.3416 0.9151 -0.2144
vn -0.3256 0.9453 0.0203
vn -0.2763 0.9032 0.3285
vn -0.1997 0.7719 0.6035
vn -0.1038 0.5651 0.8185
vn -0.0535 0.4447 0.8941
vn -0.1391 -0.0390 -0.9895
vn -0.0718 -0.1734 -0.9822
vn -0.2680 0.2410 -0.9328
vn -0.3707 0.4980 -0.7839
vn -0.4369 0.7063 -0.5570
vn -0.4584 0.8175 -0.3486
vn -0.4584 0.8663 -0.1985
vn -0.4369 0.8988 0.0355
vn -0.3707 0.8637 0.3415
vn -0.2680 0.7433 0.6130
vn -0.1391 0.5501 0.8234
vn -0.0718 0.4371 0.8966
vn -0.1730 -0.0586 -0.9832
vn -0.0893 -0.1835 -0.9790
vn -0.3333 0.2033 -0.9206
vn -0.4612 0.4459 -0.7671
vn -0.5436 0.6449 -0.5371
vn -0.5703 0.7532 -0.3277
vn -0.5703 0.8020 -0.1776
vn -0.5436 0.8375 0.0555
vn -0.4612 0.8117 0.3585
vn -0.3333 0.7056 0.6253
vn -0.1730 0.5305 0.8299
vn -0.0893 0.4270 0.8998
vn -0.2044 -0.0826 -0.9754
vn -0.1055 -0.1958 -0.9750
vn -0.3937 0.1572 -0.9057
vn -0.5448 0.3822 -0.7464
vn -0.6422 0.5698 -0.5128
vn -0.6737 0.6744 -0.3021
vn -0.6737 0.7232 -0.1520
vn -0.6422 0.7624 0.0799
vn -0.5448 0.7479 0.3792
vn -0.3937 0.6595 0.6403
vn -0.2044 0.5065 0.8377
vn -0.1055 0.4146 0.9038
vn -0.2322 -0.1104 -0.9664
vn -0.1199 -0.2102 -0.9703
vn -0.4474 0.1037 -0.8883
vn -0.6191 0.3081 -0.7224
vn -0.7298 0.4825 -0.4844
vn -0.7656 0.5828 -0.2723
vn -0.7656 0.6316 -0.1222
vn -0.7298 0.6750 0.1083
vn -0.6191 0.6738 0.4033
vn -0.4474 0.6060 0.6577
vn -0.2322 0.4787 0.8467
vn -0.1199 0.4003 0.9085
vn -0.2560 -0.1415 -0.9563
vn -0.1322 -0.2262 -0.9651
vn -0.4932 0.0436 -0.8688
vn -0.6825 0.2250 -0.6954
vn -0.8045 0.3846 -0.4526
vn -0.8440 0.4801 -0.2389
vn -0.8440 0.5288 -0.0889
vn -0.8045 0.5771 0.1401
vn -0.6825 0.5908 0.4303
vn -0.4932 0.5460 0.6772
vn -0.2560 0.4476 0.8568
vn -0.1322 0.3842 0.9137
vn -0.2752 -0.1757 -0.9452
vn -0.1421 -0.2438 -0.9593
vn -0.5304 -0.0221 -0.8475
vn -0.7339 0.1341 -0.6659
vn -0.8652 0.2774 -0.4178
vn -0.9077 0.3676 -0.2024
vn -0.9077 0.4164 -0.0523
vn -0.8652 0.4700 0.1750
vn -0.7339 0.4999 0.4599
vn -0.5304 0.4802 0.6986
vn -0.2752 0.4134 0.8679
vn -0.1421 0.3666 0.9195
vn -0.2896 -0.2126 -0.9332
vn -0.1496 -0.2629 -0.9532
vn -0.5582 -0.0932 -0.8245
vn -0.7725 0.0357 -0.6340
vn -0.9107 0.1615 -0.3802
vn -0.9555 0.2461 -0.1629
vn -0.9555 0.2949 -0.0128
vn -0.9107 0.3541 0.2127
vn -0.7725 0.4016 0.4919
vn -0.5582 0.4092 0.7218
vn -0.2896 0.3766 0.8800
vn -0.1496 0.3476 0.9256
vn -0.2985 -0.2523 -0.9204
vn -0.1543 -0.2834 -0.9465
vn -0.5757 -0.1697 -0.7998
vn -0.7970 -0.0701 -0.5999
vn -0.9398 0.0367 -0.3398
vn -0.9860 0.1152 -0.1204
vn -0.9860 0.1640 0.0297
vn -0.9398 0.2294 0.2534
vn -0.7970 0.2959 0.5265
vn -0.5757 0.3328 0.7468
vn -0.2985 0.3369 0.8930
vn -0.1543 0.3271 0.9323
vn -0.2952 -0.3092 -0.9040
vn -0.1550 -0.3126 -0.9371
vn -0.5759 -0.2797 -0.7682
vn -0.8015 -0.2223 -0.5552
vn -0.9480 -0.1422 -0.2849
vn -0.9956 -0.0717 -0.0604
vn -0.9956 -0.0226 0.0910
vn -0.9480 0.0524 0.3141
vn -0.8015 0.1464 0.5798
vn -0.5759 0.2252 0.7859
vn -0.2952 0.2812 0.9131
vn -0.1550 0.2979 0.9419
vn -0.2732 -0.3885 -0.8800
vn -0.1453 -0.3547 -0.9236
vn -0.5382 -0.4363 -0.7211
vn -0.7527 -0.4413 -0.4886
vn -0.8929 -0.4014 -0.2038
vn -0.9387 -0.3435 0.0273
vn -0.9387 -0.2940 0.1799
vn -0.8929 -0.2050 0.4009
vn -0.7527 -0.0698 0.6547
vn -0.5382 0.0709 0.8399
vn -0.2732 0.2029 0.9403
vn -0.1453 0.2560 0.9557
vn -0.2379 -0.4621 -0.8543
vn -0.1249 -0.3929 -0.9110
vn -0.4641 -0.5780 -0.6712
vn -0.6458 -0.6375 -0.4202
vn -0.7638 -0.6332 -0.1253
vn -0.8022 -0.5874 0.1072
vn -0.8022 -0.5382 0.2585
vn -0.7638 -0.4386 0.4736
vn -0.6458 -0.2687 0.7147
vn -0.4640 -0.0731 0.8828
vn -0.2379 0.1283 0.9628
vn -0.1249 0.2176 0.9680
vn -0.2015 -0.5076 -0.8377
vn -0.1043 -0.4155 -0.9036
vn -0.3891 -0.6625 -0.6401
vn -0.5389 -0.7525 -0.3786
vn -0.6356 -0.7680 -0.0786
vn -0.6669 -0.7291 0.1538
vn -0.6669 -0.6803 0.3041
vn -0.6356 -0.5751 0.5151
vn -0.5389 -0.3863 0.7486
vn -0.3891 -0.1597 0.9072
vn -0.2015 0.0817 0.9761
vn -0.1043 0.1950 0.9752
vn -0.1758 -0.5314 -0.8287
vn -0.0901 -0.4267 -0.8999
vn -0.3371 -0.7052 -0.6238
vn -0.4654 -0.8098 -0.3573
vn -0.5479 -0.8347 -0.0552
vn -0.5746 -0.7991 0.1769
vn -0.5746 -0.7505 0.3266
vn -0.5479 -0.6428 0.5353
vn -0.4654 -0.4451 0.7650
vn -0.3371 -0.2038 0.9192
vn -0.1758 0.0572 0.9828
vn -0.0901 0.1837 0.9788
vn -0.1634 -0.5421 -0.8243
vn -0.0830 -0.4313 -0.8984
vn -0.3115 -0.7232 -0.6164
vn -0.4292 -0.8335 -0.3479
vn -0.5048 -0.8621 -0.0453
vn -0.5292 -0.8278 0.1864
vn -0.5292 -0.7793 0.3358
vn -0.5048 -0.6708 0.5433
vn -0.4292 -0.4698 0.7714
vn -0.3115 -0.2228 0.9238
vn -0.1634 0.0460 0.9855
vn -0.0830 0.1791 0.9803
vn -0.1634 -0.5442 -0.8229
vn -0.0825 -0.4316 -0.8983
vn -0.3102 -0.7254 -0.6145
vn -0.4267 -0.8355 -0.3461
vn -0.5015 -0.8641 -0.0439
vn -0.5256 -0.8299 0.1872
vn -0.5256 -0.7814 0.3364
vn -0.5015 -0.6732 0.5434
vn -0.4267 -0.4725 0.7711
vn -0.3102 -0.2256 0.9235
vn -0.1634 0.0434 0.9856
vn -0.0825 0.1788 0.9804
vn -0.1754 -0.5388 -0.8240
vn -0.3317 -0.7133 -0.6174
vn -0.4556 -0.8182 -0.3508
vn -0.5351 -0.8433 -0.0501
vn -0.5607 -0.8082 0.1802
vn -0.5607 -0.7597 0.3293
vn -0.5351 -0.6528 0.5362
vn -0.4556 -0.4557 0.7647
vn -0.3317 -0.2142 0.9188
vn -0.1754 0.0484 0.9833
vn -0.0879 0.1823 0.9793
vn -0.1994 -0.5239 -0.8281
vn -0.0992 -0.4199 -0.9021
vn -0.3755 -0.6833 -0.6262
vn -0.5150 -0.7762 -0.3636
vn -0.6046 -0.7938 -0.0657
vn -0.6335 -0.7563 0.1634
vn -0.6335 -0.7079 0.3124
vn -0.6046 -0.6036 0.5197
vn -0.5150 -0.4143 0.7504
vn -0.3755 -0.1847 0.9082
vn -0.1994 0.0629 0.9779
vn -0.0992 0.1905 0.9767
vn -0.2345 -0.4946 -0.8369
vn -0.1156 -0.4046 -0.9072
vn -0.4394 -0.6264 -0.6438
vn -0.6019 -0.6977 -0.3885
vn -0.7062 -0.7016 -0.0954
vn -0.7399 -0.6597 0.1319
vn -0.7399 -0.6112 0.2811
vn -0.7062 -0.5115 0.4895
vn -0.6019 -0.3362 0.7244
vn -0.4394 -0.1284 0.8891
vn -0.2345 0.0918 0.9678
vn -0.1156 0.2059 0.9717
vn -0.2748 -0.4447 -0.8525
vn -0.1343 -0.3795 -0.9154
vn -0.5127 -0.5320 -0.6739
vn -0.7015 -0.5681 -0.4303
vn -0.8229 -0.5494 -0.1448
vn -0.8621 -0.5003 0.0800
vn -0.8621 -0.4518 0.2294
vn -0.8229 -0.3594 0.4401
vn -0.7015 -0.2067 0.6820
vn -0.5127 -0.0343 0.8579
vn -0.2748 0.1413 0.9511
vn -0.1343 0.2311 0.9636
vn -0.3071 -0.3737 -0.8752
vn -0.1494 -0.3446 -0.9268
vn -0.5717 -0.3992 -0.7168
vn -0.7818 -0.3864 -0.4894
vn -0.9171 -0.3363 -0.2141
vn -0.9608 -0.2771 0.0073
vn -0.9608 -0.2285 0.1569
vn -0.9171 -0.1462 0.3709
vn -0.7818 -0.0250 0.6230
vn -0.5717 0.0984 0.8146
vn -0.3071 0.2121 0.9277
vn -0.1494 0.2660 0.9523
vn -0.3163 -0.3037 -0.8987
vn -0.1556 -0.3105 -0.9378
vn -0.5920 -0.2688 -0.7598
vn -0.8106 -0.2079 -0.5475
vn -0.9510 -0.1269 -0.2820
vn -0.9963 -0.0577 -0.0638
vn -0.9963 -0.0092 0.0855
vn -0.9510 0.0631 0.3028
vn -0.8106 0.1536 0.5651
vn -0.5920 0.2291 0.7727
vn -0.3163 0.2825 0.9056
vn -0.1556 0.3000 0.9412
vn -0.3118 -0.2549 -0.9153
vn -0.1548 -0.2861 -0.9456
vn -0.5864 -0.1769 -0.7905
vn -0.8040 -0.0818 -0.5890
vn -0.9436 0.0212 -0.3304
vn -0.9887 0.0976 -0.1141
vn -0.9887 0.1461 0.0349
vn -0.9436 0.2114 0.2548
vn -0.8040 0.2800 0.5246
vn -0.5864 0.3215 0.7435
vn -0.3118 0.3318 0.8904
vn -0.1548 0.3243 0.9332
vn -0.3036 -0.2148 -0.9283
vn -0.1506 -0.2663 -0.9521
vn -0.5707 -0.1016 -0.8148
vn -0.7823 0.0214 -0.6225
vn -0.9182 0.1424 -0.3697
vn -0.9620 0.2246 -0.1554
vn -0.9620 0.2730 -0.0063
vn -0.9182 0.3325 0.2154
vn -0.7823 0.3832 0.4910
vn -0.5707 0.3968 0.7189
vn -0.3036 0.3718 0.8772
vn -0.1506 0.3442 0.9268
vn -0.2889 -0.1742 -0.9414
vn -0.1432 -0.2462 -0.9586
vn -0.5427 -0.0254 -0.8395
vn -0.7439 0.1258 -0.6563
vn -0.8730 0.2648 -0.4095
vn -0.9147 0.3528 -0.1971
vn -0.9147 0.4013 -0.0480
vn -0.8730 0.4549 0.1756
vn -0.7439 0.4875 0.4570
vn -0.5427 0.4729 0.6941
vn -0.2889 0.4124 0.8640
vn -0.1432 0.3642 0.9202
vn -0.2674 -0.1350 -0.9541
vn -0.1325 -0.2268 -0.9649
vn -0.5023 0.0481 -0.8634
vn -0.6884 0.2265 -0.6890
vn -0.8079 0.3831 -0.4479
vn -0.8464 0.4767 -0.2373
vn -0.8464 0.5251 -0.0882
vn -0.8079 0.5732 0.1372
vn -0.6884 0.5883 0.4243
vn -0.5023 0.5464 0.6702
vn -0.2674 0.4515 0.8512
vn -0.1325 0.3836 0.9139
vn -0.2398 -0.0992 -0.9657
vn -0.1188 -0.2091 -0.9707
vn -0.4505 0.1155 -0.8853
vn -0.6175 0.3189 -0.7190
vn -0.7246 0.4914 -0.4831
vn -0.7592 0.5903 -0.2742
vn -0.7592 0.6387 -0.1251
vn -0.7246 0.6815 0.1020
vn -0.6175 0.6806 0.3943
vn -0.4505 0.6138 0.6483
vn -0.2398 0.4874 0.8396
vn -0.1188 0.4014 0.9082
vn -0.2075 -0.0682 -0.9759
vn -0.1029 -0.1936 -0.9757
vn -0.3899 0.1738 -0.9043
vn -0.5345 0.3989 -0.7451
vn -0.6273 0.5854 -0.5137
vn -0.6572 0.6887 -0.3062
vn -0.6572 0.7372 -0.1571
vn -0.6273 0.7755 0.0715
vn -0.5345 0.7607 0.3683
vn -0.3899 0.6722 0.6294
vn -0.2075 0.5184 0.8296
vn -0.1029 0.4168 0.9031
vn -0.1722 -0.0430 -0.9841
vn -0.0854 -0.1810 -0.9798
vn -0.3237 0.2215 -0.9199
vn -0.4438 0.4644 -0.7664
vn -0.5208 0.6622 -0.5387
vn -0.5457 0.7693 -0.3324
vn -0.5457 0.8177 -0.1833
vn -0.5208 0.8524 0.0465
vn -0.4438 0.8262 0.3471
vn -0.3237 0.7199 0.6140
vn -0.1722 0.5437 0.8214
vn -0.0854 0.4295 0.8990
vn -0.1356 -0.0238 -0.9905
vn -0.0674 -0.1713 -0.9829
vn -0.2551 0.2580 -0.9319
vn -0.3498 0.5146 -0.7828
vn -0.4106 0.7213 -0.5579
vn -0.4302 0.8311 -0.3524
vn -0.4302 0.8795 -0.2034
vn -0.4106 0.9114 0.0274
vn -0.3498 0.8765 0.3309
vn -0.2551 0.7565 0.6022
vn -0.1356 0.5630 0.8153
vn -0.0674 0.4392 0.8959
vn -0.0992 -0.0102 -0.9950
vn -0.0494 -0.1643 -0.9852
vn -0.1869 0.2840 -0.9404
vn -0.2563 0.5504 -0.7946
vn -0.3008 0.7634 -0.5716
vn -0.3152 0.8753 -0.3668
vn -0.3152 0.9237 -0.2177
vn -0.3008 0.9536 0.0138
vn -0.2563 0.9123 0.3193
vn -0.1869 0.7825 0.5939
vn -0.0992 0.5766 0.8110
vn -0.0494 0.4461 0.8936
vn -0.0642 -0.0015 -0.9979
vn -0.0320 -0.1598 -0.9866
vn -0.1209 0.3007 -0.9460
vn -0.1659 0.5735 -0.8022
vn -0.1948 0.7906 -0.5805
vn -0.2041 0.9038 -0.3761
vn -0.2041 0.9523 -0.2270
vn -0.1948 0.9808 0.0050
vn -0.1659 0.9355 0.3119
vn -0.1209 0.7993 0.5886
vn -0.0642 0.5853 0.8082
vn -0.0320 0.4506 0.8921
vn -0.0311 0.0030 -0.9995
vn -0.0155 -0.1574 -0.9874
vn -0.0586 0.3096 -0.9491
vn -0.0804 0.5859 -0.8064
vn -0.0944 0.8053 -0.5854
vn -0.0989 0.9192 -0.3811
vn -0.0989 0.9677 -0.2320
vn -0.0944 0.9955 0.0003
vn -0.0804 0.9480 0.3080
vn -0.0586 0.8083 0.5858
vn -0.0311 0.5899 0.8069
vn -0.0155 0.4531 0.8913
vn -0.0035 0.0033 -1.0000
vn -0.0018 -0.1565 -0.9877
vn -0.0066 0.3115 -0.9502
vn -0.0091 0.5892 -0.8079
vn -0.0107 0.8095 -0.5870
vn -0.0112 0.9239 -0.3826
vn -0.0112 0.9723 -0.2335
vn -0.0107 0.9999 -0.0009
vn -0.0091 0.9516 0.3073
vn -0.0066 0.8105 0.5857
vn -0.0035 0.5904 0.8071
vn -0.0018 0.4539 0.8911
vn 0.0159 0.0019 -0.9999
vn 0.0080 -0.1567 -0.9876
vn 0.0302 0.3101 -0.9502
vn 0.0415 0.5879 -0.8079
vn 0.0487 0.8082 -0.5868
vn 0.0511 0.9227 -0.3822
vn 0.0511 0.9711 -0.2331
vn 0.0487 0.9988 -0.0003
vn 0.0415 0.9505 0.3081
vn 0.0302 0.8094 0.5865
vn 0.0159 0.5893 0.8078
vn 0.0080 0.4537 0.8911
vn 0.0318 0.0008 -0.9995
vn 0.0160 -0.1573 -0.9874
vn 0.0602 0.3079 -0.9495
vn 0.0828 0.5848 -0.8069
vn 0.0972 0.8047 -0.5857
vn 0.1019 0.9189 -0.3810
vn 0.1019 0.9674 -0.2319
vn 0.0972 0.9953 0.0008
vn 0.0828 0.9474 0.3090
vn 0.0602 0.8072 0.5872
vn 0.0318 0.5881 0.8082
vn 0.0160 0.4532 0.8913
vn 0.0475 -0.0012 -0.9989
vn 0.0239 -0.1582 -0.9871
vn 0.0900 0.3042 -0.9483
vn 0.1237 0.5798 -0.8053
vn 0.1453 0.7988 -0.5838
vn 0.1523 0.9128 -0.3790
vn 0.1523 0.9612 -0.2299
vn 0.1453 0.9894 0.0028
vn 0.1237 0.9424 0.3107
vn 0.0900 0.8036 0.5884
vn 0.0475 0.5862 0.8088
vn 0.0239 0.4522 0.8916
vn 0.0630 -0.0038 -0.9980
vn 0.0317 -0.1596 -0.9867
vn 0.1194 0.2992 -0.9467
vn 0.1640 0.5729 -0.8030
vn 0.1927 0.7907 -0.5811
vn 0.2019 0.9043 -0.3762
vn 0.2019 0.9527 -0.2271
vn 0.1927 0.9812 0.0054
vn 0.1640 0.9355 0.3129
vn 0.1194 0.7985 0.5900
vn 0.0630 0.5835 0.8097
vn 0.0317 0.4509 0.8920
vn 0.0783 -0.0072 -0.9969
vn 0.0393 -0.1613 -0.9861
vn 0.1482 0.2928 -0.9446
vn 0.2036 0.5641 -0.8002
vn 0.2392 0.7803 -0.5778
vn 0.2507 0.8934 -0.3727
vn 0.2507 0.9419 -0.2236
vn 0.2392 0.9709 0.0088
vn 0.2036 0.9267 0.3158
vn 0.1482 0.7921 0.5921
vn 0.0783 0.5801 0.8108
vn 0.0393 0.4492 0.8926
vn 0.0931 -0.0113 -0.9956
vn 0.0468 -0.1633 -0.9855
vn 0.1764 0.2851 -0.9421
vn 0.2424 0.5535 -0.7968
vn 0.2847 0.7679 -0.5738
vn 0.2984 0.8804 -0.3685
vn 0.2984 0.9289 -0.2194
vn 0.2847 0.9585 0.0128
vn 0.2424 0.9162 0.3192
vn 0.1764 0.7844 0.5946
vn 0.0931 0.5760 0.8121
vn 0.0468 0.4471 0.8932
vn 0.1076 -0.0160 -0.9941
vn 0.0541 -0.1657 -0.9847
vn 0.2038 0.2762 -0.9393
vn 0.2800 0.5413 -0.7928
vn 0.3290 0.7536 -0.5691
vn 0.3447 0.8654 -0.3636
vn 0.3447 0.9139 -0.2145
vn 0.3290 0.9442 0.0175
vn 0.2800 0.9039 0.3232
vn 0.2038 0.7755 0.5975
vn 0.1076 0.5713 0.8136
vn 0.0541 0.4448 0.8940
vn 0.1216 -0.0213 -0.9923
vn 0.0611 -0.1683 -0.9838
vn 0.2303 0.2661 -0.9360
vn 0.3165 0.5275 -0.7884
vn 0.3719 0.7374 -0.5639
vn 0.3897 0.8485 -0.3581
vn 0.3897 0.8969 -0.2090
vn 0.3719 0.9280 0.0227
vn 0.3165 0.8902 0.3277
vn 0.2303 0.7655 0.6008
vn 0.1216 0.5660 0.8154
vn 0.0611 0.4421 0.8949
vn 0.1351 -0.0272 -0.9905
vn 0.0679 -0.1712 -0.9829
vn 0.2560 0.2551 -0.9324
vn 0.3518 0.5123 -0.7834
vn 0.4132 0.7196 -0.5581
vn 0.4331 0.8298 -0.3520
vn 0.4331 0.8782 -0.2029
vn 0.4132 0.9102 0.0285
vn 0.3518 0.8750 0.3327
vn 0.2560 0.7544 0.6044
vn 0.1351 0.5602 0.8173
vn 0.0679 0.4392 0.8958
vn 0.1481 -0.0336 -0.9884
vn 0.0745 -0.1744 -0.9818
vn 0.2806 0.2430 -0.9285
vn 0.3857 0.4958 -0.7781
vn 0.4531 0.7002 -0.5518
vn 0.4748 0.8095 -0.3454
vn 0.4748 0.8579 -0.1963
vn 0.4531 0.8908 0.0348
vn 0.3857 0.8585 0.3380
vn 0.2806 0.7424 0.6083
vn 0.1481 0.5538 0.8194
vn 0.0745 0.4360 0.8969
vn 0.1606 -0.0404 -0.9862
vn 0.0808 -0.1778 -0.9807
vn 0.3042 0.2302 -0.9244
vn 0.4181 0.4782 -0.7724
vn 0.4912 0.6794 -0.5451
vn 0.5148 0.7877 -0.3384
vn 0.5148 0.8362 -0.1893
vn 0.4912 0.8701 0.0416
vn 0.4181 0.8408 0.3438
vn 0.3042 0.7295 0.6125
vn 0.1606 0.5470 0.8216
vn 0.0808 0.4326 0.8980
vn 0.2766 -0.1486 -0.9494
vn 0.1205 -0.2431 -0.9625
vn 0.5005 0.0080 -0.8657
vn 0.6930 0.1732 -0.6999
vn 0.8274 0.3309 -0.4538
vn 0.8730 0.4296 -0.2310
vn 0.8730 0.4833 -0.0656
vn 0.8274 0.5344 0.1726
vn 0.6930 0.5515 0.4644
vn 0.5005 0.5153 0.6956
vn 0.2766 0.4378 0.8554
vn 0.1205 0.3691 0.9216
vn 0.0747 -0.4629 -0.8833
vn 0.0263 -0.3644 -0.9309
vn 0.1418 -0.5917 -0.7936
vn 0.2326 -0.7490 -0.6204
vn 0.3467 -0.9009 -0.2612
vn 0.4021 -0.9078 0.1191
vn 0.4021 -0.8044 0.4373
vn 0.3467 -0.5753 0.7408
vn 0.2326 -0.2413 0.9422
vn 0.1418 -0.0122 0.9898
vn 0.0747 0.1447 0.9867
vn 0.0263 0.2524 0.9673
vn -0.7023 -0.7038 0.1069
vn -0.7023 -0.6322 0.3272
vn -0.6319 -0.4623 0.6220
vt 0.714286 0.000000
vt 0.571429 0.000000
vt 0.428571 0.000000
vt 1.000000 0.000000
vt 0.857143 0.000000
vt 0.000000 0.000000
vt 0.285714 0.000000
vt 0.142857 0.000000
vt 0.520661 0.000000
vt 0.512397 0.000000
vt 0.487603 0.000000
vt 0.504132 0.000000
vt 0.495868 0.000000
vt 0.462810 0.000000
vt 0.454545 0.000000
vt 0.545455 0.000000
vt 0.471074 0.000000
vt 0.537190 0.000000
vt 0.479339 0.000000
vt 0.528926 0.000000
vt 0.785124 0.000000
vt 0.776860 0.000000
vt 0.198347 0.000000
vt 0.793388 0.000000
vt 0.190083 0.000000
vt 0.801653 0.000000
vt 0.181818 0.000000
vt 0.809917 0.000000
vt 0.173554 0.000000
vt 0.818182 0.000000
vt 0.421488 0.000000
vt 0.570248 0.000000
vt 0.429752 0.000000
vt 0.404959 0.000000
vt 0.586777 0.000000
vt 0.413223 0.000000
vt 0.578512 0.000000
vt 0.388430 0.000000
vt 0.595041 0.000000
vt 0.396694 0.000000
vt 0.884298 0.000000
vt 0.107438 0.000000
vt 0.099174 0.000000
vt 0.876033 0.000000
vt 0.115702 0.000000
vt 0.743802 0.000000
vt 0.223140 0.000000
vt 0.752066 0.000000
vt 0.214876 0.000000
vt 0.859504 0.000000
vt 0.132231 0.000000
vt 0.123967 0.000000
vt 0.867769 0.000000
vt 0.438017 0.000000
vt 0.561983 0.000000
vt 0.446281 0.000000
vt 0.553719 0.000000
vt 0.760331 0.000000
vt 0.768595 0.000000
vt 0.206612 0.000000
vt 0.165289 0.000000
vt 0.826446 0.000000
vt 0.157025 0.000000
vt 0.834711 0.000000
vt 0.148760 0.000000
vt 0.842975 0.000000
vt 0.140496 0.000000
vt 0.851240 0.000000
vt 0.082645 0.000000
vt 0.892562 0.000000
vt 0.090909 0.000000
vt 0.074380 0.000000
vt 0.909091 0.000000
vt 0.900826 0.000000
vt 0.066116 0.000000
vt 0.917355 0.000000
vt 0.611570 0.000000
vt 0.603306 0.000000
vt 0.380165 0.000000
vt 0.925620 0.000000
vt 0.057851 0.000000
vt 0.933884 0.000000
vt 0.371901 0.000000
vt 0.619835 0.000000
vt 0.363636 0.000000
vt 0.628099 0.000000
vt 0.239669 0.000000
vt 0.727273 0.000000
vt 0.247934 0.000000
vt 0.991736 0.000000
vt 0.008264 0.000000
vt 0.322314 0.000000
vt 0.314050 0.000000
vt 0.669421 0.000000
vt 0.677686 0.000000
vt 0.305785 0.000000
vt 0.685950 0.000000
vt 0.297521 0.000000
vt 0.694215 0.000000
vt 0.289256 0.000000
vt 0.702479 0.000000
vt 0.280992 0.000000
vt 0.272727 0.000000
vt 0.016529 0.000000
vt 0.024793 0.000000
vt 0.983471 0.000000
vt 0.975207 0.000000
vt 0.033058 0.000000
vt 0.966942 0.000000
vt 0.355372 0.000000
vt 0.636364 0.000000
vt 0.347107 0.000000
vt 0.644628 0.000000
vt 0.338843 0.000000
vt 0.652893 0.000000
vt 0.330579 0.000000
vt 0.661157 0.000000
vt 0.710744 0.000000
vt 0.264463 0.000000
vt 0.719008 0.000000
vt 0.256198 0.000000
vt 0.041322 0.000000
vt 0.958678 0.000000
vt 0.950413 0.000000
vt 0.049587 0.000000
vt 0.942149 0.000000
vt 0.735537 0.000000
vt 0.231405 0.000000
vt 0.750000 0.000000
vt 0.625000 0.000000
vt 0.500000 0.000000
vt 0.125000 0.000000
vt 0.875000 0.000000
vt 0.250000 0.000000
vt 0.375000 0.000000
vt 0.642857 0.000000
vt 0.357143 0.000000
vt 0.785714 0.000000
vt 0.214286 0.000000
vt 0.928571 0.000000
vt 0.071429 0.000000
vt 0.400000 0.000000
vt 0.300000 0.000000
vt 0.200000 0.000000
vt 0.600000 0.000000
vt 0.900000 0.000000
vt 0.800000 0.000000
vt 0.100000 0.000000
vt 0.700000 0.000000
vt 0.000000 0.090909
vt 0.125000 0.090909
vt 0.000000 0.181818
vt 0.125000 0.181818
vt 0.000000 0.272727
vt 0.125000 0.272727
vt 0.000000 0.363636
vt 0.125000 0.363636
vt 0.000000 0.454545
vt 0.125000 0.454545
vt 0.000000 0.545455
vt 0.125000 0.545455
vt 0.000000 0.636364
vt 0.125000 0.636364
vt 0.000000 0.727273
vt 0.125000 0.727273
vt 0.000000 0.818182
vt 0.125000 0.818182
vt 0.000000 0.909091
vt 0.125000 0.909091
vt 0.000000 1.000000
vt 0.125000 1.000000
vt 0.250000 0.090909
vt 0.250000 0.181818
vt 0.250000 0.272727
vt 0.250000 0.363636
vt 0.250000 0.454545
vt 0.250000 0.545455
vt 0.250000 0.636364
vt 0.250000 0.727273
vt 0.250000 0.818182
vt 0.250000 0.909091
vt 0.250000 1.000000
vt 0.375000 0.090909
vt 0.375000 0.181818
vt 0.375000 0.272727
vt 0.375000 0.363636
vt 0.375000 0.454545
vt 0.375000 0.545455
vt 0.375000 0.636364
vt 0.375000 0.727273
vt 0.375000 0.818182
vt 0.375000 0.909091
vt 0.375000 1.000000
vt 0.500000 0.090909
vt 0.500000 0.181818
vt 0.500000 0.272727
vt 0.500000 0.363636
vt 0.500000 0.454545
vt 0.500000 0.545455
vt 0.500000 0.636364
vt 0.500000 0.727273
vt 0.500000 0.818182
vt 0.500000 0.909091
vt 0.500000 1.000000
vt 0.625000 0.090909
vt 0.625000 0.181818
vt 0.625000 0.272727
vt 0.625000 0.363636
vt 0.625000 0.454545
vt 0.625000 0.545455
vt 0.625000 0.636364
vt 0.625000 0.727273
vt 0.625000 0.818182
vt 0.625000 0.909091
vt 0.625000 1.000000
vt 0.750000 0.090909
vt 0.750000 0.181818
vt 0.750000 0.272727
vt 0.750000 0.363636
vt 0.750000 0.454545
vt 0.750000 0.545455
vt 0.750000 0.636364
vt 0.750000 0.727273
vt 0.750000 0.818182
vt 0.750000 0.909091
vt 0.750000 1.000000
vt 0.875000 0.090909
vt 0.875000 0.181818
vt 0.875000 0.272727
vt 0.875000 0.363636
vt 0.875000 0.454545
vt 0.875000 0.545455
vt 0.875000 0.636364
vt 0.875000 0.727273
vt 0.875000 0.818182
vt 0.875000 0.909091
vt 0.875000 1.000000
vt 1.000000 0.090909
vt 1.000000 0.181818
vt 1.000000 0.272727
vt 1.000000 0.363636
vt 1.000000 0.454545
vt 1.000000 0.545455
vt 1.000000 0.636364
vt 1.000000 0.727273
vt 1.000000 0.818182
vt 1.000000 0.909091
vt 1.000000 1.000000
vt 0.333333 0.090909
vt 0.333333 0.000000
vt 0.333333 0.181818
vt 0.333333 0.272727
vt 0.333333 0.363636
vt 0.333333 0.454545
vt 0.333333 0.545455
vt 0.333333 0.636364
vt 0.333333 0.727273
vt 0.333333 0.818182
vt 0.333333 0.909091
vt 0.333333 1.000000
vt 0.666667 0.090909
vt 0.666667 0.000000
vt 0.666667 0.181818
vt 0.666667 0.272727
vt 0.666667 0.363636
vt 0.666667 0.454545
vt 0.666667 0.545455
vt 0.666667 0.636364
vt 0.666667 0.727273
vt 0.666667 0.818182
vt 0.666667 0.909091
vt 0.666667 1.000000
vt 0.066667 0.090909
vt 0.066667 0.000000
vt 0.066667 0.181818
vt 0.066667 0.272727
vt 0.066667 0.363636
vt 0.066667 0.454545
vt 0.066667 0.545455
vt 0.066667 0.636364
vt 0.066667 0.727273
vt 0.066667 0.818182
vt 0.066667 0.909091
vt 0.066667 1.000000
vt 0.133333 0.090909
vt 0.133333 0.000000
vt 0.133333 0.181818
vt 0.133333 0.272727
vt 0.133333 0.363636
vt 0.133333 0.454545
vt 0.133333 0.545455
vt 0.133333 0.636364
vt 0.133333 0.727273
vt 0.133333 0.818182
vt 0.133333 0.909091
vt 0.133333 1.000000
vt 0.200000 0.090909
vt 0.200000 0.181818
vt 0.200000 0.272727
vt 0.200000 0.363636
vt 0.200000 0.454545
vt 0.200000 0.545455
vt 0.200000 0.636364
vt 0.200000 0.727273
vt 0.200000 0.818182
vt 0.200000 0.909091
vt 0.200000 1.000000
vt 0.266667 0.090909
vt 0.266667 0.000000
vt 0.266667 0.181818
vt 0.266667 0.272727
vt 0.266667 0.363636
vt 0.266667 0.454545
vt 0.266667 0.545455
vt 0.266667 0.636364
vt 0.266667 0.727273
vt 0.266667 0.818182
vt 0.266667 0.909091
vt 0.266667 1.000000
vt 0.400000 0.090909
vt 0.400000 0.181818
vt 0.400000 0.272727
vt 0.400000 0.363636
vt 0.400000 0.454545
vt 0.400000 0.545455
vt 0.400000 0.636364
vt 0.400000 0.727273
vt 0.400000 0.818182
vt 0.400000 0.909091
vt 0.400000 1.000000
vt 0.466667 0.090909
vt 0.466667 0.000000
vt 0.466667 0.181818
vt 0.466667 0.272727
vt 0.466667 0.363636
vt 0.466667 0.454545
vt 0.466667 0.545455
vt 0.466667 0.636364
vt 0.466667 0.727273
vt 0.466667 0.818182
vt 0.466667 0.909091
vt 0.466667 1.000000
vt 0.533333 0.090909
vt 0.533333 0.000000
vt 0.533333 0.181818
vt 0.533333 0.272727
vt 0.533333 0.363636
vt 0.533333 0.454545
vt 0.533333 0.545455
vt 0.533333 0.636364
vt 0.533333 0.727273
vt 0.533333 0.818182
vt 0.533333 0.909091
vt 0.533333 1.000000
vt 0.600000 0.090909
vt 0.600000 0.181818
vt 0.600000 0.272727
vt 0.600000 0.363636
vt 0.600000 0.454545
vt 0.600000 0.545455
vt 0.600000 0.636364
vt 0.600000 0.727273
vt 0.600000 0.818182
vt 0.600000 0.909091
vt 0.600000 1.000000
vt 0.733333 0.090909
vt 0.733333 0.000000
vt 0.733333 0.181818
vt 0.733333 0.272727
vt 0.733333 0.363636
vt 0.733333 0.454545
vt 0.733333 0.545455
vt 0.733333 0.636364
vt 0.733333 0.727273
vt 0.733333 0.818182
vt 0.733333 0.909091
vt 0.733333 1.000000
vt 0.800000 0.090909
vt 0.800000 0.181818
vt 0.800000 0.272727
vt 0.800000 0.363636
vt 0.800000 0.454545
vt 0.800000 0.545455
vt 0.800000 0.636364
vt 0.800000 0.727273
vt 0.800000 0.818182
vt 0.800000 0.909091
vt 0.800000 1.000000
vt 0.866667 0.090909
vt 0.866667 0.000000
vt 0.866667 0.181818
vt 0.866667 0.272727
vt 0.866667 0.363636
vt 0.866667 0.454545
vt 0.866667 0.545455
vt 0.866667 0.636364
vt 0.866667 0.727273
vt 0.866667 0.818182
vt 0.866667 0.909091
vt 0.866667 1.000000
vt 0.933333 0.090909
vt 0.933333 0.000000
vt 0.933333 0.181818
vt 0.933333 0.272727
vt 0.933333 0.363636
vt 0.933333 0.454545
vt 0.933333 0.545455
vt 0.933333 0.636364
vt 0.933333 0.727273
vt 0.933333 0.818182
vt 0.933333 0.909091
vt 0.933333 1.000000
vt 0.083333 0.090909
vt 0.083333 0.000000
vt 0.083333 0.181818
vt 0.083333 0.272727
vt 0.083333 0.363636
vt 0.083333 0.454545
vt 0.083333 0.545455
vt 0.083333 0.636364
vt 0.083333 0.727273
vt 0.083333 0.818182
vt 0.083333 0.909091
vt 0.083333 1.000000
vt 0.166667 0.090909
vt 0.166667 0.000000
vt 0.166667 0.181818
vt 0.166667 0.272727
vt 0.166667 0.363636
vt 0.166667 0.454545
vt 0.166667 0.545455
vt 0.166667 0.636364
vt 0.166667 0.727273
vt 0.166667 0.818182
vt 0.166667 0.909091
vt 0.166667 1.000000
vt 0.416667 0.090909
vt 0.416667 0.000000
vt 0.416667 0.181818
vt 0.416667 0.272727
vt 0.416667 0.363636
vt 0.416667 0.454545
vt 0.416667 0.545455
vt 0.416667 0.636364
vt 0.416667 0.727273
vt 0.416667 0.818182
vt 0.416667 0.909091
vt 0.416667 1.000000
vt 0.583333 0.090909
vt 0.583333 0.000000
vt 0.583333 0.181818
vt 0.583333 0.272727
vt 0.583333 0.363636
vt 0.583333 0.454545
vt 0.583333 0.545455
vt 0.583333 0.636364
vt 0.583333 0.727273
vt 0.583333 0.818182
vt 0.583333 0.909091
vt 0.583333 1.000000
vt 0.833333 0.090909
vt 0.833333 0.000000
vt 0.833333 0.181818
vt 0.833333 0.272727
vt 0.833333 0.363636
vt 0.833333 0.454545
vt 0.833333 0.545455
vt 0.833333 0.636364
vt 0.833333 0.727273
vt 0.833333 0.818182
vt 0.833333 0.909091
vt 0.833333 1.000000
vt 0.916667 0.090909
vt 0.916667 0.000000
vt 0.916667 0.181818
vt 0.916667 0.272727
vt 0.916667 0.363636
vt 0.916667 0.454545
vt 0.916667 0.545455
vt 0.916667 0.636364
vt 0.916667 0.727273
vt 0.916667 0.818182
vt 0.916667 0.909091
vt 0.916667 1.000000
vt 0.111111 0.090909
vt 0.111111 0.000000
vt 0.111111 0.181818
vt 0.111111 0.272727
vt 0.111111 0.363636
vt 0.111111 0.454545
vt 0.111111 0.545455
vt 0.111111 0.636364
vt 0.111111 0.727273
vt 0.111111 0.818182
vt 0.111111 0.909091
vt 0.111111 1.000000
vt 0.222222 0.090909
vt 0.222222 0.000000
vt 0.222222 0.181818
vt 0.222222 0.272727
vt 0.222222 0.363636
vt 0.222222 0.454545
vt 0.222222 0.545455
vt 0.222222 0.636364
vt 0.222222 0.727273
vt 0.222222 0.818182
vt 0.222222 0.909091
vt 0.222222 1.000000
vt 0.444444 0.090909
vt 0.444444 0.000000
vt 0.444444 0.181818
vt 0.444444 0.272727
vt 0.444444 0.363636
vt 0.444444 0.454545
vt 0.444444 0.545455
vt 0.444444 0.636364
vt 0.444444 0.727273
vt 0.444444 0.818182
vt 0.444444 0.909091
vt 0.444444 1.000000
vt 0.555556 0.090909
vt 0.555556 0.000000
vt 0.555556 0.181818
vt 0.555556 0.272727
vt 0.555556 0.363636
vt 0.555556 0.454545
vt 0.555556 0.545455
vt 0.555556 0.636364
vt 0.555556 0.727273
vt 0.555556 0.818182
vt 0.555556 0.909091
vt 0.555556 1.000000
vt 0.777778 0.090909
vt 0.777778 0.000000
vt 0.777778 0.181818
vt 0.777778 0.272727
vt 0.777778 0.363636
vt 0.777778 0.454545
vt 0.777778 0.545455
vt 0.777778 0.636364
vt 0.777778 0.727273
vt 0.777778 0.818182
vt 0.777778 0.909091
vt 0.777778 1.000000
vt 0.888889 0.090909
vt 0.888889 0.000000
vt 0.888889 0.181818
vt 0.888889 0.272727
vt 0.888889 0.363636
vt 0.888889 0.454545
vt 0.888889 0.545455
vt 0.888889 0.636364
vt 0.888889 0.727273
vt 0.888889 0.818182
vt 0.888889 0.909091
vt 0.888889 1.000000
vt 0.008197 0.090909
vt 0.008197 0.000000
vt 0.008197 0.181818
vt 0.008197 0.272727
vt 0.008197 0.363636
vt 0.008197 0.454545
vt 0.008197 0.545455
vt 0.008197 0.636364
vt 0.008197 0.727273
vt 0.008197 0.818182
vt 0.008197 0.909091
vt 0.008197 1.000000
vt 0.016393 0.090909
vt 0.016393 0.000000
vt 0.016393 0.181818
vt 0.016393 0.272727
vt 0.016393 0.363636
vt 0.016393 0.454545
vt 0.016393 0.545455
vt 0.016393 0.636364
vt 0.016393 0.727273
vt 0.016393 0.818182
vt 0.016393 0.909091
vt 0.016393 1.000000
vt 0.024590 0.090909
vt 0.024590 0.000000
vt 0.024590 0.181818
vt 0.024590 0.272727
vt 0.024590 0.363636
vt 0.024590 0.454545
vt 0.024590 0.545455
vt 0.024590 0.636364
vt 0.024590 0.727273
vt 0.024590 0.818182
vt 0.024590 0.909091
vt 0.024590 1.000000
vt 0.032787 0.090909
vt 0.032787 0.000000
vt 0.032787 0.181818
vt 0.032787 0.272727
vt 0.032787 0.363636
vt 0.032787 0.454545
vt 0.032787 0.545455
vt 0.032787 0.636364
vt 0.032787 0.727273
vt 0.032787 0.818182
vt 0.032787 0.909091
vt 0.032787 1.000000
vt 0.040984 0.090909
vt 0.040984 0.000000
vt 0.040984 0.181818
vt 0.040984 0.272727
vt 0.040984 0.363636
vt 0.040984 0.454545
vt 0.040984 0.545455
vt 0.040984 0.636364
vt 0.040984 0.727273
vt 0.040984 0.818182
vt 0.040984 0.909091
vt 0.040984 1.000000
vt 0.049180 0.090909
vt 0.049180 0.000000
vt 0.049180 0.181818
vt 0.049180 0.272727
vt 0.049180 0.363636
vt 0.049180 0.454545
vt 0.049180 0.545455
vt 0.049180 0.636364
vt 0.049180 0.727273
vt 0.049180 0.818182
vt 0.049180 0.909091
vt 0.049180 1.000000
vt 0.057377 0.090909
vt 0.057377 0.000000
vt 0.057377 0.181818
vt 0.057377 0.272727
vt 0.057377 0.363636
vt 0.057377 0.454545
vt 0.057377 0.545455
vt 0.057377 0.636364
vt 0.057377 0.727273
vt 0.057377 0.818182
vt 0.057377 0.909091
vt 0.057377 1.000000
vt 0.065574 0.090909
vt 0.065574 0.000000
vt 0.065574 0.181818
vt 0.065574 0.272727
vt 0.065574 0.363636
vt 0.065574 0.454545
vt 0.065574 0.545455
vt 0.065574 0.636364
vt 0.065574 0.727273
vt 0.065574 0.818182
vt 0.065574 0.909091
vt 0.065574 1.000000
vt 0.073770 0.090909
vt 0.073770 0.000000
vt 0.073770 0.181818
vt 0.073770 0.272727
vt 0.073770 0.363636
vt 0.073770 0.454545
vt 0.073770 0.545455
vt 0.073770 0.636364
vt 0.073770 0.727273
vt 0.073770 0.818182
vt 0.073770 0.909091
vt 0.073770 1.000000
vt 0.081967 0.090909
vt 0.081967 0.000000
vt 0.081967 0.181818
vt 0.081967 0.272727
vt 0.081967 0.363636
vt 0.081967 0.454545
vt 0.081967 0.545455
vt 0.081967 0.636364
vt 0.081967 0.727273
vt 0.081967 0.818182
vt 0.081967 0.909091
vt 0.081967 1.000000
vt 0.090164 0.090909
vt 0.090164 0.000000
vt 0.090164 0.181818
vt 0.090164 0.272727
vt 0.090164 0.363636
vt 0.090164 0.454545
vt 0.090164 0.545455
vt 0.090164 0.636364
vt 0.090164 0.727273
vt 0.090164 0.818182
vt 0.090164 0.909091
vt 0.090164 1.000000
vt 0.098361 0.090909
vt 0.098361 0.000000
vt 0.098361 0.181818
vt 0.098361 0.272727
vt 0.098361 0.363636
vt 0.098361 0.454545
vt 0.098361 0.545455
vt 0.098361 0.636364
vt 0.098361 0.727273
vt 0.098361 0.818182
vt 0.098361 0.909091
vt 0.098361 1.000000
vt 0.106557 0.090909
vt 0.106557 0.000000
vt 0.106557 0.181818
vt 0.106557 0.272727
vt 0.106557 0.363636
vt 0.106557 0.454545
vt 0.106557 0.545455
vt 0.106557 0.636364
vt 0.106557 0.727273
vt 0.106557 0.818182
vt 0.106557 0.909091
vt 0.106557 1.000000
vt 0.114754 0.090909
vt 0.114754 0.000000
vt 0.114754 0.181818
vt 0.114754 0.272727
vt 0.114754 0.363636
vt 0.114754 0.454545
vt 0.114754 0.545455
vt 0.114754 0.636364
vt 0.114754 0.727273
vt 0.114754 0.818182
vt 0.114754 0.909091
vt 0.114754 1.000000
vt 0.122951 0.090909
vt 0.122951 0.000000
vt 0.122951 0.181818
vt 0.122951 0.272727
vt 0.122951 0.363636
vt 0.122951 0.454545
vt 0.122951 0.545455
vt 0.122951 0.636364
vt 0.122951 0.727273
vt 0.122951 0.818182
vt 0.122951 0.909091
vt 0.122951 1.000000
vt 0.131148 0.090909
vt 0.131148 0.000000
vt 0.131148 0.181818
vt 0.131148 0.272727
vt 0.131148 0.363636
vt 0.131148 0.454545
vt 0.131148 0.545455
vt 0.131148 0.636364
vt 0.131148 0.727273
vt 0.131148 0.818182
vt 0.131148 0.909091
vt 0.131148 1.000000
vt 0.139344 0.090909
vt 0.139344 0.000000
vt 0.139344 0.181818
vt 0.139344 0.272727
vt 0.139344 0.363636
vt 0.139344 0.454545
vt 0.139344 0.545455
vt 0.139344 0.636364
vt 0.139344 0.727273
vt 0.139344 0.818182
vt 0.139344 0.909091
vt 0.139344 1.000000
vt 0.147541 0.090909
vt 0.147541 0.000000
vt 0.147541 0.181818
vt 0.147541 0.272727
vt 0.147541 0.363636
vt 0.147541 0.454545
vt 0.147541 0.545455
vt 0.147541 0.636364
vt 0.147541 0.727273
vt 0.147541 0.818182
vt 0.147541 0.909091
vt 0.147541 1.000000
vt 0.155738 0.090909
vt 0.155738 0.000000
vt 0.155738 0.181818
vt 0.155738 0.272727
vt 0.155738 0.363636
vt 0.155738 0.454545
vt 0.155738 0.545455
vt 0.155738 0.636364
vt 0.155738 0.727273
vt 0.155738 0.818182
vt 0.155738 0.909091
vt 0.155738 1.000000
vt 0.163934 0.090909
vt 0.163934 0.000000
vt 0.163934 0.181818
vt 0.163934 0.272727
vt 0.163934 0.363636
vt 0.163934 0.454545
vt 0.163934 0.545455
vt 0.163934 0.636364
vt 0.163934 0.727273
vt 0.163934 0.818182
vt 0.163934 0.909091
vt 0.163934 1.000000
vt 0.172131 0.090909
vt 0.172131 0.000000
vt 0.172131 0.181818
vt 0.172131 0.272727
vt 0.172131 0.363636
vt 0.172131 0.454545
vt 0.172131 0.545455
vt 0.172131 0.636364
vt 0.172131 0.727273
vt 0.172131 0.818182
vt 0.172131 0.909091
vt 0.172131 1.000000
vt 0.180328 0.090909
vt 0.180328 0.000000
vt 0.180328 0.181818
vt 0.180328 0.272727
vt 0.180328 0.363636
vt 0.180328 0.454545
vt 0.180328 0.545455
vt 0.180328 0.636364
vt 0.180328 0.727273
vt 0.180328 0.818182
vt 0.180328 0.909091
vt 0.180328 1.000000
vt 0.188525 0.090909
vt 0.188525 0.000000
vt 0.188525 0.181818
vt 0.188525 0.272727
vt 0.188525 0.363636
vt 0.188525 0.454545
vt 0.188525 0.545455
vt 0.188525 0.636364
vt 0.188525 0.727273
vt 0.188525 0.818182
vt 0.188525 0.909091
vt 0.188525 1.000000
vt 0.196721 0.090909
vt 0.196721 0.000000
vt 0.196721 0.181818
vt 0.196721 0.272727
vt 0.196721 0.363636
vt 0.196721 0.454545
vt 0.196721 0.545455
vt 0.196721 0.636364
vt 0.196721 0.727273
vt 0.196721 0.818182
vt 0.196721 0.909091
vt 0.196721 1.000000
vt 0.204918 0.090909
vt 0.204918 0.000000
vt 0.204918 0.181818
vt 0.204918 0.272727
vt 0.204918 0.363636
vt 0.204918 0.454545
vt 0.204918 0.545455
vt 0.204918 0.636364
vt 0.204918 0.727273
vt 0.204918 0.818182
vt 0.204918 0.909091
vt 0.204918 1.000000
vt 0.213115 0.090909
vt 0.213115 0.000000
vt 0.213115 0.181818
vt 0.213115 0.272727
vt 0.213115 0.363636
vt 0.213115 0.454545
vt 0.213115 0.545455
vt 0.213115 0.636364
vt 0.213115 0.727273
vt 0.213115 0.818182
vt 0.213115 0.909091
vt 0.213115 1.000000
vt 0.221311 0.090909
vt 0.221311 0.000000
vt 0.221311 0.181818
vt 0.221311 0.272727
vt 0.221311 0.363636
vt 0.221311 0.454545
vt 0.221311 0.545455
vt 0.221311 0.636364
vt 0.221311 0.727273
vt 0.221311 0.818182
vt 0.221311 0.909091
vt 0.221311 1.000000
vt 0.229508 0.090909
vt 0.229508 0.000000
vt 0.229508 0.181818
vt 0.229508 0.272727
vt 0.229508 0.363636
vt 0.229508 0.454545
vt 0.229508 0.545455
vt 0.229508 0.636364
vt 0.229508 0.727273
vt 0.229508 0.818182
vt 0.229508 0.909091
vt 0.229508 1.000000
vt 0.237705 0.090909
vt 0.237705 0.000000
vt 0.237705 0.181818
vt 0.237705 0.272727
vt 0.237705 0.363636
vt 0.237705 0.454545
vt 0.237705 0.545455
vt 0.237705 0.636364
vt 0.237705 0.727273
vt 0.237705 0.818182
vt 0.237705 0.909091
vt 0.237705 1.000000
vt 0.245902 0.090909
vt 0.245902 0.000000
vt 0.245902 0.181818
vt 0.245902 0.272727
vt 0.245902 0.363636
vt 0.245902 0.454545
vt 0.245902 0.545455
vt 0.245902 0.636364
vt 0.245902 0.727273
vt 0.245902 0.818182
vt 0.245902 0.909091
vt 0.245902 1.000000
vt 0.254098 0.090909
vt 0.254098 0.000000
vt 0.254098 0.181818
vt 0.254098 0.272727
vt 0.254098 0.363636
vt 0.254098 0.454545
vt 0.254098 0.545455
vt 0.254098 0.636364
vt 0.254098 0.727273
vt 0.254098 0.818182
vt 0.254098 0.909091
vt 0.254098 1.000000
vt 0.262295 0.090909
vt 0.262295 0.000000
vt 0.262295 0.181818
vt 0.262295 0.272727
vt 0.262295 0.363636
vt 0.262295 0.454545
vt 0.262295 0.545455
vt 0.262295 0.636364
vt 0.262295 0.727273
vt 0.262295 0.818182
vt 0.262295 0.909091
vt 0.262295 1.000000
vt 0.270492 0.090909
vt 0.270492 0.000000
vt 0.270492 0.181818
vt 0.270492 0.272727
vt 0.270492 0.363636
vt 0.270492 0.454545
vt 0.270492 0.545455
vt 0.270492 0.636364
vt 0.270492 0.727273
vt 0.270492 0.818182
vt 0.270492 0.909091
vt 0.270492 1.000000
vt 0.278689 0.090909
vt 0.278689 0.000000
vt 0.278689 0.181818
vt 0.278689 0.272727
vt 0.278689 0.363636
vt 0.278689 0.454545
vt 0.278689 0.545455
vt 0.278689 0.636364
vt 0.278689 0.727273
vt 0.278689 0.818182
vt 0.278689 0.909091
vt 0.278689 1.000000
vt 0.286885 0.090909
vt 0.286885 0.000000
vt 0.286885 0.181818
vt 0.286885 0.272727
vt 0.286885 0.363636
vt 0.286885 0.454545
vt 0.286885 0.545455
vt 0.286885 0.636364
vt 0.286885 0.727273
vt 0.286885 0.818182
vt 0.286885 0.909091
vt 0.286885 1.000000
vt 0.295082 0.090909
vt 0.295082 0.000000
vt 0.295082 0.181818
vt 0.295082 0.272727
vt 0.295082 0.363636
vt 0.295082 0.454545
vt 0.295082 0.545455
vt 0.295082 0.636364
vt 0.295082 0.727273
vt 0.295082 0.818182
vt 0.295082 0.909091
vt 0.295082 1.000000
vt 0.303279 0.090909
vt 0.303279 0.000000
vt 0.303279 0.181818
vt 0.303279 0.272727
vt 0.303279 0.363636
vt 0.303279 0.454545
vt 0.303279 0.545455
vt 0.303279 0.636364
vt 0.303279 0.727273
vt 0.303279 0.818182
vt 0.303279 0.909091
vt 0.303279 1.000000
vt 0.311475 0.090909
vt 0.311475 0.000000
vt 0.311475 0.181818
vt 0.311475 0.272727
vt 0.311475 0.363636
vt 0.311475 0.454545
vt 0.311475 0.545455
vt 0.311475 0.636364
vt 0.311475 0.727273
vt 0.311475 0.818182
vt 0.311475 0.909091
vt 0.311475 1.000000
vt 0.319672 0.090909
vt 0.319672 0.000000
vt 0.319672 0.181818
vt 0.319672 0.272727
vt 0.319672 0.363636
vt 0.319672 0.454545
vt 0.319672 0.545455
vt 0.319672 0.636364
vt 0.319672 0.727273
vt 0.319672 0.818182
vt 0.319672 0.909091
vt 0.319672 1.000000
vt 0.327869 0.090909
vt 0.327869 0.000000
vt 0.327869 0.181818
vt 0.327869 0.272727
vt 0.327869 0.363636
vt 0.327869 0.454545
vt 0.327869 0.545455
vt 0.327869 0.636364
vt 0.327869 0.727273
vt 0.327869 0.818182
vt 0.327869 0.909091
vt 0.327869 1.000000
vt 0.336066 0.090909
vt 0.336066 0.000000
vt 0.336066 0.181818
vt 0.336066 0.272727
vt 0.336066 0.363636
vt 0.336066 0.454545
vt 0.336066 0.545455
vt 0.336066 0.636364
vt 0.336066 0.727273
vt 0.336066 0.818182
vt 0.336066 0.909091
vt 0.336066 1.000000
vt 0.344262 0.090909
vt 0.344262 0.000000
vt 0.344262 0.181818
vt 0.344262 0.272727
vt 0.344262 0.363636
vt 0.344262 0.454545
vt 0.344262 0.545455
vt 0.344262 0.636364
vt 0.344262 0.727273
vt 0.344262 0.818182
vt 0.344262 0.909091
vt 0.344262 1.000000
vt 0.352459 0.090909
vt 0.352459 0.000000
vt 0.352459 0.181818
vt 0.352459 0.272727
vt 0.352459 0.363636
vt 0.352459 0.454545
vt 0.352459 0.545455
vt 0.352459 0.636364
vt 0.352459 0.727273
vt 0.352459 0.818182
vt 0.352459 0.909091
vt 0.352459 1.000000
vt 0.360656 0.090909
vt 0.360656 0.000000
vt 0.360656 0.181818
vt 0.360656 0.272727
vt 0.360656 0.363636
vt 0.360656 0.454545
vt 0.360656 0.545455
vt 0.360656 0.636364
vt 0.360656 0.727273
vt 0.360656 0.818182
vt 0.360656 0.909091
vt 0.360656 1.000000
vt 0.368852 0.090909
vt 0.368852 0.000000
vt 0.368852 0.181818
vt 0.368852 0.272727
vt 0.368852 0.363636
vt 0.368852 0.454545
vt 0.368852 0.545455
vt 0.368852 0.636364
vt 0.368852 0.727273
vt 0.368852 0.818182
vt 0.368852 0.909091
vt 0.368852 1.000000
vt 0.377049 0.090909
vt 0.377049 0.000000
vt 0.377049 0.181818
vt 0.377049 0.272727
vt 0.377049 0.363636
vt 0.377049 0.454545
vt 0.377049 0.545455
vt 0.377049 0.636364
vt 0.377049 0.727273
vt 0.377049 0.818182
vt 0.377049 0.909091
vt 0.377049 1.000000
vt 0.385246 0.090909
vt 0.385246 0.000000
vt 0.385246 0.181818
vt 0.385246 0.272727
vt 0.385246 0.363636
vt 0.385246 0.454545
vt 0.385246 0.545455
vt 0.385246 0.636364
vt 0.385246 0.727273
vt 0.385246 0.818182
vt 0.385246 0.909091
vt 0.385246 1.000000
vt 0.393443 0.090909
vt 0.393443 0.000000
vt 0.393443 0.181818
vt 0.393443 0.272727
vt 0.393443 0.363636
vt 0.393443 0.454545
vt 0.393443 0.545455
vt 0.393443 0.636364
vt 0.393443 0.727273
vt 0.393443 0.818182
vt 0.393443 0.909091
vt 0.393443 1.000000
vt 0.401639 0.090909
vt 0.401639 0.000000
vt 0.401639 0.181818
vt 0.401639 0.272727
vt 0.401639 0.363636
vt 0.401639 0.454545
vt 0.401639 0.545455
vt 0.401639 0.636364
vt 0.401639 0.727273
vt 0.401639 0.818182
vt 0.401639 0.909091
vt 0.401639 1.000000
vt 0.409836 0.090909
vt 0.409836 0.000000
vt 0.409836 0.181818
vt 0.409836 0.272727
vt 0.409836 0.363636
vt 0.409836 0.454545
vt 0.409836 0.545455
vt 0.409836 0.636364
vt 0.409836 0.727273
vt 0.409836 0.818182
vt 0.409836 0.909091
vt 0.409836 1.000000
vt 0.418033 0.090909
vt 0.418033 0.000000
vt 0.418033 0.181818
vt 0.418033 0.272727
vt 0.418033 0.363636
vt 0.418033 0.454545
vt 0.418033 0.545455
vt 0.418033 0.636364
vt 0.418033 0.727273
vt 0.418033 0.818182
vt 0.418033 0.909091
vt 0.418033 1.000000
vt 0.426230 0.090909
vt 0.426230 0.000000
vt 0.426230 0.181818
vt 0.426230 0.272727
vt 0.426230 0.363636
vt 0.426230 0.454545
vt 0.426230 0.545455
vt 0.426230 0.636364
vt 0.426230 0.727273
vt 0.426230 0.818182
vt 0.426230 0.909091
vt 0.426230 1.000000
vt 0.434426 0.090909
vt 0.434426 0.000000
vt 0.434426 0.181818
vt 0.434426 0.272727
vt 0.434426 0.363636
vt 0.434426 0.454545
vt 0.434426 0.545455
vt 0.434426 0.636364
vt 0.434426 0.727273
vt 0.434426 0.818182
vt 0.434426 0.909091
vt 0.434426 1.000000
vt 0.442623 0.090909
vt 0.442623 0.000000
vt 0.442623 0.181818
vt 0.442623 0.272727
vt 0.442623 0.363636
vt 0.442623 0.454545
vt 0.442623 0.545455
vt 0.442623 0.636364
vt 0.442623 0.727273
vt 0.442623 0.818182
vt 0.442623 0.909091
vt 0.442623 1.000000
vt 0.450820 0.090909
vt 0.450820 0.000000
vt 0.450820 0.181818
vt 0.450820 0.272727
vt 0.450820 0.363636
vt 0.450820 0.454545
vt 0.450820 0.545455
vt 0.450820 0.636364
vt 0.450820 0.727273
vt 0.450820 0.818182
vt 0.450820 0.909091
vt 0.450820 1.000000
vt 0.459016 0.090909
vt 0.459016 0.000000
vt 0.459016 0.181818
vt 0.459016 0.272727
vt 0.459016 0.363636
vt 0.459016 0.454545
vt 0.459016 0.545455
vt 0.459016 0.636364
vt 0.459016 0.727273
vt 0.459016 0.818182
vt 0.459016 0.909091
vt 0.459016 1.000000
vt 0.467213 0.090909
vt 0.467213 0.000000
vt 0.467213 0.181818
vt 0.467213 0.272727
vt 0.467213 0.363636
vt 0.467213 0.454545
vt 0.467213 0.545455
vt 0.467213 0.636364
vt 0.467213 0.727273
vt 0.467213 0.818182
vt 0.467213 0.909091
vt 0.467213 1.000000
vt 0.475410 0.090909
vt 0.475410 0.000000
vt 0.475410 0.181818
vt 0.475410 0.272727
vt 0.475410 0.363636
vt 0.475410 0.454545
vt 0.475410 0.545455
vt 0.475410 0.636364
vt 0.475410 0.727273
vt 0.475410 0.818182
vt 0.475410 0.909091
vt 0.475410 1.000000
vt 0.483607 0.090909
vt 0.483607 0.000000
vt 0.483607 0.181818
vt 0.483607 0.272727
vt 0.483607 0.363636
vt 0.483607 0.454545
vt 0.483607 0.545455
vt 0.483607 0.636364
vt 0.483607 0.727273
vt 0.483607 0.818182
vt 0.483607 0.909091
vt 0.483607 1.000000
vt 0.491803 0.090909
vt 0.491803 0.000000
vt 0.491803 0.181818
vt 0.491803 0.272727
vt 0.491803 0.363636
vt 0.491803 0.454545
vt 0.491803 0.545455
vt 0.491803 0.636364
vt 0.491803 0.727273
vt 0.491803 0.818182
vt 0.491803 0.909091
vt 0.491803 1.000000
vt 0.508197 0.090909
vt 0.508197 0.000000
vt 0.508197 0.181818
vt 0.508197 0.272727
vt 0.508197 0.363636
vt 0.508197 0.454545
vt 0.508197 0.545455
vt 0.508197 0.636364
vt 0.508197 0.727273
vt 0.508197 0.818182
vt 0.508197 0.909091
vt 0.508197 1.000000
vt 0.516393 0.090909
vt 0.516393 0.000000
vt 0.516393 0.181818
vt 0.516393 0.272727
vt 0.516393 0.363636
vt 0.516393 0.454545
vt 0.516393 0.545455
vt 0.516393 0.636364
vt 0.516393 0.727273
vt 0.516393 0.818182
vt 0.516393 0.909091
vt 0.516393 1.000000
vt 0.524590 0.090909
vt 0.524590 0.000000
vt 0.524590 0.181818
vt 0.524590 0.272727
vt 0.524590 0.363636
vt 0.524590 0.454545
vt 0.524590 0.545455
vt 0.524590 0.636364
vt 0.524590 0.727273
vt 0.524590 0.818182
vt 0.524590 0.909091
vt 0.524590 1.000000
vt 0.532787 0.090909
vt 0.532787 0.000000
vt 0.532787 0.181818
vt 0.532787 0.272727
vt 0.532787 0.363636
vt 0.532787 0.454545
vt 0.532787 0.545455
vt 0.532787 0.636364
vt 0.532787 0.727273
vt 0.532787 0.818182
vt 0.532787 0.909091
vt 0.532787 1.000000
vt 0.540984 0.090909
vt 0.540984 0.000000
vt 0.540984 0.181818
vt 0.540984 0.272727
vt 0.540984 0.363636
vt 0.540984 0.454545
vt 0.540984 0.545455
vt 0.540984 0.636364
vt 0.540984 0.727273
vt 0.540984 0.818182
vt 0.540984 0.909091
vt 0.540984 1.000000
vt 0.549180 0.090909
vt 0.549180 0.000000
vt 0.549180 0.181818
vt 0.549180 0.272727
vt 0.549180 0.363636
vt 0.549180 0.454545
vt 0.549180 0.545455
vt 0.549180 0.636364
vt 0.549180 0.727273
vt 0.549180 0.818182
vt 0.549180 0.909091
vt 0.549180 1.000000
vt 0.557377 0.090909
vt 0.557377 0.000000
vt 0.557377 0.181818
vt 0.557377 0.272727
vt 0.557377 0.363636
vt 0.557377 0.454545
vt 0.557377 0.545455
vt 0.557377 0.636364
vt 0.557377 0.727273
vt 0.557377 0.818182
vt 0.557377 0.909091
vt 0.557377 1.000000
vt 0.565574 0.090909
vt 0.565574 0.000000
vt 0.565574 0.181818
vt 0.565574 0.272727
vt 0.565574 0.363636
vt 0.565574 0.454545
vt 0.565574 0.545455
vt 0.565574 0.636364
vt 0.565574 0.727273
vt 0.565574 0.818182
vt 0.565574 0.909091
vt 0.565574 1.000000
vt 0.573770 0.090909
vt 0.573770 0.000000
vt 0.573770 0.181818
vt 0.573770 0.272727
vt 0.573770 0.363636
vt 0.573770 0.454545
vt 0.573770 0.545455
vt 0.573770 0.636364
vt 0.573770 0.727273
vt 0.573770 0.818182
vt 0.573770 0.909091
vt 0.573770 1.000000
vt 0.581967 0.090909
vt 0.581967 0.000000
vt 0.581967 0.181818
vt 0.581967 0.272727
vt 0.581967 0.363636
vt 0.581967 0.454545
vt 0.581967 0.545455
vt 0.581967 0.636364
vt 0.581967 0.727273
vt 0.581967 0.818182
vt 0.581967 0.909091
vt 0.581967 1.000000
vt 0.590164 0.090909
vt 0.590164 0.000000
vt 0.590164 0.181818
vt 0.590164 0.272727
vt 0.590164 0.363636
vt 0.590164 0.454545
vt 0.590164 0.545455
vt 0.590164 0.636364
vt 0.590164 0.727273
vt 0.590164 0.818182
vt 0.590164 0.909091
vt 0.590164 1.000000
vt 0.598361 0.090909
vt 0.598361 0.000000
vt 0.598361 0.181818
vt 0.598361 0.272727
vt 0.598361 0.363636
vt 0.598361 0.454545
vt 0.598361 0.545455
vt 0.598361 0.636364
vt 0.598361 0.727273
vt 0.598361 0.818182
vt 0.598361 0.909091
vt 0.598361 1.000000
vt 0.606557 0.090909
vt 0.606557 0.000000
vt 0.606557 0.181818
vt 0.606557 0.272727
vt 0.606557 0.363636
vt 0.606557 0.454545
vt 0.606557 0.545455
vt 0.606557 0.636364
vt 0.606557 0.727273
vt 0.606557 0.818182
vt 0.606557 0.909091
vt 0.606557 1.000000
vt 0.614754 0.090909
vt 0.614754 0.000000
vt 0.614754 0.181818
vt 0.614754 0.272727
vt 0.614754 0.363636
vt 0.614754 0.454545
vt 0.614754 0.545455
vt 0.614754 0.636364
vt 0.614754 0.727273
vt 0.614754 0.818182
vt 0.614754 0.909091
vt 0.614754 1.000000
vt 0.622951 0.090909
vt 0.622951 0.000000
vt 0.622951 0.181818
vt 0.622951 0.272727
vt 0.622951 0.363636
vt 0.622951 0.454545
vt 0.622951 0.545455
vt 0.622951 0.636364
vt 0.622951 0.727273
vt 0.622951 0.818182
vt 0.622951 0.909091
vt 0.622951 1.000000
vt 0.631148 0.090909
vt 0.631148 0.000000
vt 0.631148 0.181818
vt 0.631148 0.272727
vt 0.631148 0.363636
vt 0.631148 0.454545
vt 0.631148 0.545455
vt 0.631148 0.636364
vt 0.631148 0.727273
vt 0.631148 0.818182
vt 0.631148 0.909091
vt 0.631148 1.000000
vt 0.639344 0.090909
vt 0.639344 0.000000
vt 0.639344 0.181818
vt 0.639344 0.272727
vt 0.639344 0.363636
vt 0.639344 0.454545
vt 0.639344 0.545455
vt 0.639344 0.636364
vt 0.639344 0.727273
vt 0.639344 0.818182
vt 0.639344 0.909091
vt 0.639344 1.000000
vt 0.647541 0.090909
vt 0.647541 0.000000
vt 0.647541 0.181818
vt 0.647541 0.272727
vt 0.647541 0.363636
vt 0.647541 0.454545
vt 0.647541 0.545455
vt 0.647541 0.636364
vt 0.647541 0.727273
vt 0.647541 0.818182
vt 0.647541 0.909091
vt 0.647541 1.000000
vt 0.655738 0.090909
vt 0.655738 0.000000
vt 0.655738 0.181818
vt 0.655738 0.272727
vt 0.655738 0.363636
vt 0.655738 0.454545
vt 0.655738 0.545455
vt 0.655738 0.636364
vt 0.655738 0.727273
vt 0.655738 0.818182
vt 0.655738 0.909091
vt 0.655738 1.000000
vt 0.663934 0.090909
vt 0.663934 0.000000
vt 0.663934 0.181818
vt 0.663934 0.272727
vt 0.663934 0.363636
vt 0.663934 0.454545
vt 0.663934 0.545455
vt 0.663934 0.636364
vt 0.663934 0.727273
vt 0.663934 0.818182
vt 0.663934 0.909091
vt 0.663934 1.000000
vt 0.672131 0.090909
vt 0.672131 0.000000
vt 0.672131 0.181818
vt 0.672131 0.272727
vt 0.672131 0.363636
vt 0.672131 0.454545
vt 0.672131 0.545455
vt 0.672131 0.636364
vt 0.672131 0.727273
vt 0.672131 0.818182
vt 0.672131 0.909091
vt 0.672131 1.000000
vt 0.680328 0.090909
vt 0.680328 0.000000
vt 0.680328 0.181818
vt 0.680328 0.272727
vt 0.680328 0.363636
vt 0.680328 0.454545
vt 0.680328 0.545455
vt 0.680328 0.636364
vt 0.680328 0.727273
vt 0.680328 0.818182
vt 0.680328 0.909091
vt 0.680328 1.000000
vt 0.688525 0.090909
vt 0.688525 0.000000
vt 0.688525 0.181818
vt 0.688525 0.272727
vt 0.688525 0.363636
vt 0.688525 0.454545
vt 0.688525 0.545455
vt 0.688525 0.636364
vt 0.688525 0.727273
vt 0.688525 0.818182
vt 0.688525 0.909091
vt 0.688525 1.000000
vt 0.696721 0.090909
vt 0.696721 0.000000
vt 0.696721 0.181818
vt 0.696721 0.272727
vt 0.696721 0.363636
vt 0.696721 0.454545
vt 0.696721 0.545455
vt 0.696721 0.636364
vt 0.696721 0.727273
vt 0.696721 0.818182
vt 0.696721 0.909091
vt 0.696721 1.000000
vt 0.704918 0.090909
vt 0.704918 0.000000
vt 0.704918 0.181818
vt 0.704918 0.272727
vt 0.704918 0.363636
vt 0.704918 0.454545
vt 0.704918 0.545455
vt 0.704918 0.636364
vt 0.704918 0.727273
vt 0.704918 0.818182
vt 0.704918 0.909091
vt 0.704918 1.000000
vt 0.713115 0.090909
vt 0.713115 0.000000
vt 0.713115 0.181818
vt 0.713115 0.272727
vt 0.713115 0.363636
vt 0.713115 0.454545
vt 0.713115 0.545455
vt 0.713115 0.636364
vt 0.713115 0.727273
vt 0.713115 0.818182
vt 0.713115 0.909091
vt 0.713115 1.000000
vt 0.721311 0.090909
vt 0.721311 0.000000
vt 0.721311 0.181818
vt 0.721311 0.272727
vt 0.721311 0.363636
vt 0.721311 0.454545
vt 0.721311 0.545455
vt 0.721311 0.636364
vt 0.721311 0.727273
vt 0.721311 0.818182
vt 0.721311 0.909091
vt 0.721311 1.000000
vt 0.729508 0.090909
vt 0.729508 0.000000
vt 0.729508 0.181818
vt 0.729508 0.272727
vt 0.729508 0.363636
vt 0.729508 0.454545
vt 0.729508 0.545455
vt 0.729508 0.636364
vt 0.729508 0.727273
vt 0.729508 0.818182
vt 0.729508 0.909091
vt 0.729508 1.000000
vt 0.737705 0.090909
vt 0.737705 0.000000
vt 0.737705 0.181818
vt 0.737705 0.272727
vt 0.737705 0.363636
vt 0.737705 0.454545
vt 0.737705 0.545455
vt 0.737705 0.636364
vt 0.737705 0.727273
vt 0.737705 0.818182
vt 0.737705 0.909091
vt 0.737705 1.000000
vt 0.745902 0.090909
vt 0.745902 0.000000
vt 0.745902 0.181818
vt 0.745902 0.272727
vt 0.745902 0.363636
vt 0.745902 0.454545
vt 0.745902 0.545455
vt 0.745902 0.636364
vt 0.745902 0.727273
vt 0.745902 0.818182
vt 0.745902 0.909091
vt 0.745902 1.000000
vt 0.754098 0.090909
vt 0.754098 0.000000
vt 0.754098 0.181818
vt 0.754098 0.272727
vt 0.754098 0.363636
vt 0.754098 0.454545
vt 0.754098 0.545455
vt 0.754098 0.636364
vt 0.754098 0.727273
vt 0.754098 0.818182
vt 0.754098 0.909091
vt 0.754098 1.000000
vt 0.762295 0.090909
vt 0.762295 0.000000
vt 0.762295 0.181818
vt 0.762295 0.272727
vt 0.762295 0.363636
vt 0.762295 0.454545
vt 0.762295 0.545455
vt 0.762295 0.636364
vt 0.762295 0.727273
vt 0.762295 0.818182
vt 0.762295 0.909091
vt 0.762295 1.000000
vt 0.770492 0.090909
vt 0.770492 0.000000
vt 0.770492 0.181818
vt 0.770492 0.272727
vt 0.770492 0.363636
vt 0.770492 0.454545
vt 0.770492 0.545455
vt 0.770492 0.636364
vt 0.770492 0.727273
vt 0.770492 0.818182
vt 0.770492 0.909091
vt 0.770492 1.000000
vt 0.778689 0.090909
vt 0.778689 0.000000
vt 0.778689 0.181818
vt 0.778689 0.272727
vt 0.778689 0.363636
vt 0.778689 0.454545
vt 0.778689 0.545455
vt 0.778689 0.636364
vt 0.778689 0.727273
vt 0.778689 0.818182
vt 0.778689 0.909091
vt 0.778689 1.000000
vt 0.786885 0.090909
vt 0.786885 0.000000
vt 0.786885 0.181818
vt 0.786885 0.272727
vt 0.786885 0.363636
vt 0.786885 0.454545
vt 0.786885 0.545455
vt 0.786885 0.636364
vt 0.786885 0.727273
vt 0.786885 0.818182
vt 0.786885 0.909091
vt 0.786885 1.000000
vt 0.795082 0.090909
vt 0.795082 0.000000
vt 0.795082 0.181818
vt 0.795082 0.272727
vt 0.795082 0.363636
vt 0.795082 0.454545
vt 0.795082 0.545455
vt 0.795082 0.636364
vt 0.795082 0.727273
vt 0.795082 0.818182
vt 0.795082 0.909091
vt 0.795082 1.000000
vt 0.803279 0.090909
vt 0.803279 0.000000
vt 0.803279 0.181818
vt 0.803279 0.272727
vt 0.803279 0.363636
vt 0.803279 0.454545
vt 0.803279 0.545455
vt 0.803279 0.636364
vt 0.803279 0.727273
vt 0.803279 0.818182
vt 0.803279 0.909091
vt 0.803279 1.000000
vt 0.811475 0.090909
vt 0.811475 0.000000
vt 0.811475 0.181818
vt 0.811475 0.272727
vt 0.811475 0.363636
vt 0.811475 0.454545
vt 0.811475 0.545455
vt 0.811475 0.636364
vt 0.811475 0.727273
vt 0.811475 0.818182
vt 0.811475 0.909091
vt 0.811475 1.000000
vt 0.819672 0.090909
vt 0.819672 0.000000
vt 0.819672 0.181818
vt 0.819672 0.272727
vt 0.819672 0.363636
vt 0.819672 0.454545
vt 0.819672 0.545455
vt 0.819672 0.636364
vt 0.819672 0.727273
vt 0.819672 0.818182
vt 0.819672 0.909091
vt 0.819672 1.000000
vt 0.827869 0.090909
vt 0.827869 0.000000
vt 0.827869 0.181818
vt 0.827869 0.272727
vt 0.827869 0.363636
vt 0.827869 0.454545
vt 0.827869 0.545455
vt 0.827869 0.636364
vt 0.827869 0.727273
vt 0.827869 0.818182
vt 0.827869 0.909091
vt 0.827869 1.000000
vt 0.836066 0.090909
vt 0.836066 0.000000
vt 0.836066 0.181818
vt 0.836066 0.272727
vt 0.836066 0.363636
vt 0.836066 0.454545
vt 0.836066 0.545455
vt 0.836066 0.636364
vt 0.836066 0.727273
vt 0.836066 0.818182
vt 0.836066 0.909091
vt 0.836066 1.000000
vt 0.844262 0.090909
vt 0.844262 0.000000
vt 0.844262 0.181818
vt 0.844262 0.272727
vt 0.844262 0.363636
vt 0.844262 0.454545
vt 0.844262 0.545455
vt 0.844262 0.636364
vt 0.844262 0.727273
vt 0.844262 0.818182
vt 0.844262 0.909091
vt 0.844262 1.000000
vt 0.852459 0.090909
vt 0.852459 0.000000
vt 0.852459 0.181818
vt 0.852459 0.272727
vt 0.852459 0.363636
vt 0.852459 0.454545
vt 0.852459 0.545455
vt 0.852459 0.636364
vt 0.852459 0.727273
vt 0.852459 0.818182
vt 0.852459 0.909091
vt 0.852459 1.000000
vt 0.860656 0.090909
vt 0.860656 0.000000
vt 0.860656 0.181818
vt 0.860656 0.272727
vt 0.860656 0.363636
vt 0.860656 0.454545
vt 0.860656 0.545455
vt 0.860656 0.636364
vt 0.860656 0.727273
vt 0.860656 0.818182
vt 0.860656 0.909091
vt 0.860656 1.000000
vt 0.868852 0.090909
vt 0.868852 0.000000
vt 0.868852 0.181818
vt 0.868852 0.272727
vt 0.868852 0.363636
vt 0.868852 0.454545
vt 0.868852 0.545455
vt 0.868852 0.636364
vt 0.868852 0.727273
vt 0.868852 0.818182
vt 0.868852 0.909091
vt 0.868852 1.000000
vt 0.877049 0.090909
vt 0.877049 0.000000
vt 0.877049 0.181818
vt 0.877049 0.272727
vt 0.877049 0.363636
vt 0.877049 0.454545
vt 0.877049 0.545455
vt 0.877049 0.636364
vt 0.877049 0.727273
vt 0.877049 0.818182
vt 0.877049 0.909091
vt 0.877049 1.000000
vt 0.885246 0.090909
vt 0.885246 0.000000
vt 0.885246 0.181818
vt 0.885246 0.272727
vt 0.885246 0.363636
vt 0.885246 0.454545
vt 0.885246 0.545455
vt 0.885246 0.636364
vt 0.885246 0.727273
vt 0.885246 0.818182
vt 0.885246 0.909091
vt 0.885246 1.000000
vt 0.893443 0.090909
vt 0.893443 0.000000
vt 0.893443 0.181818
vt 0.893443 0.272727
vt 0.893443 0.363636
vt 0.893443 0.454545
vt 0.893443 0.545455
vt 0.893443 0.636364
vt 0.893443 0.727273
vt 0.893443 0.818182
vt 0.893443 0.909091
vt 0.893443 1.000000
vt 0.901639 0.090909
vt 0.901639 0.000000
vt 0.901639 0.181818
vt 0.901639 0.272727
vt 0.901639 0.363636
vt 0.901639 0.454545
vt 0.901639 0.545455
vt 0.901639 0.636364
vt 0.901639 0.727273
vt 0.901639 0.818182
vt 0.901639 0.909091
vt 0.901639 1.000000
vt 0.909836 0.090909
vt 0.909836 0.000000
vt 0.909836 0.181818
vt 0.909836 0.272727
vt 0.909836 0.363636
vt 0.909836 0.454545
vt 0.909836 0.545455
vt 0.909836 0.636364
vt 0.909836 0.727273
vt 0.909836 0.818182
vt 0.909836 0.909091
vt 0.909836 1.000000
vt 0.918033 0.090909
vt 0.918033 0.000000
vt 0.918033 0.181818
vt 0.918033 0.272727
vt 0.918033 0.363636
vt 0.918033 0.454545
vt 0.918033 0.545455
vt 0.918033 0.636364
vt 0.918033 0.727273
vt 0.918033 0.818182
vt 0.918033 0.909091
vt 0.918033 1.000000
vt 0.926230 0.090909
vt 0.926230 0.000000
vt 0.926230 0.181818
vt 0.926230 0.272727
vt 0.926230 0.363636
vt 0.926230 0.454545
vt 0.926230 0.545455
vt 0.926230 0.636364
vt 0.926230 0.727273
vt 0.926230 0.818182
vt 0.926230 0.909091
vt 0.926230 1.000000
vt 0.934426 0.090909
vt 0.934426 0.000000
vt 0.934426 0.181818
vt 0.934426 0.272727
vt 0.934426 0.363636
vt 0.934426 0.454545
vt 0.934426 0.545455
vt 0.934426 0.636364
vt 0.934426 0.727273
vt 0.934426 0.818182
vt 0.934426 0.909091
vt 0.934426 1.000000
vt 0.942623 0.090909
vt 0.942623 0.000000
vt 0.942623 0.181818
vt 0.942623 0.272727
vt 0.942623 0.363636
vt 0.942623 0.454545
vt 0.942623 0.545455
vt 0.942623 0.636364
vt 0.942623 0.727273
vt 0.942623 0.818182
vt 0.942623 0.909091
vt 0.942623 1.000000
vt 0.950820 0.090909
vt 0.950820 0.000000
vt 0.950820 0.181818
vt 0.950820 0.272727
vt 0.950820 0.363636
vt 0.950820 0.454545
vt 0.950820 0.545455
vt 0.950820 0.636364
vt 0.950820 0.727273
vt 0.950820 0.818182
vt 0.950820 0.909091
vt 0.950820 1.000000
vt 0.959016 0.090909
vt 0.959016 0.000000
vt 0.959016 0.181818
vt 0.959016 0.272727
vt 0.959016 0.363636
vt 0.959016 0.454545
vt 0.959016 0.545455
vt 0.959016 0.636364
vt 0.959016 0.727273
vt 0.959016 0.818182
vt 0.959016 0.909091
vt 0.959016 1.000000
vt 0.967213 0.090909
vt 0.967213 0.000000
vt 0.967213 0.181818
vt 0.967213 0.272727
vt 0.967213 0.363636
vt 0.967213 0.454545
vt 0.967213 0.545455
vt 0.967213 0.636364
vt 0.967213 0.727273
vt 0.967213 0.818182
vt 0.967213 0.909091
vt 0.967213 1.000000
vt 0.975410 0.090909
vt 0.975410 0.000000
vt 0.975410 0.181818
vt 0.975410 0.272727
vt 0.975410 0.363636
vt 0.975410 0.454545
vt 0.975410 0.545455
vt 0.975410 0.636364
vt 0.975410 0.727273
vt 0.975410 0.818182
vt 0.975410 0.909091
vt 0.975410 1.000000
vt 0.983607 0.090909
vt 0.983607 0.000000
vt 0.983607 0.181818
vt 0.983607 0.272727
vt 0.983607 0.363636
vt 0.983607 0.454545
vt 0.983607 0.545455
vt 0.983607 0.636364
vt 0.983607 0.727273
vt 0.983607 0.818182
vt 0.983607 0.909091
vt 0.983607 1.000000
vt 0.991803 0.090909
vt 0.991803 0.000000
vt 0.991803 0.181818
vt 0.991803 0.272727
vt 0.991803 0.363636
vt 0.991803 0.454545
vt 0.991803 0.545455
vt 0.991803 0.636364
vt 0.991803 0.727273
vt 0.991803 0.818182
vt 0.991803 0.909091
vt 0.991803 1.000000
s 0
usemtl reflective_gold.008
f 360/504/241 359/505/241 358/506/241
f 362/507/241 361/508/241 355/509/241
f 358/506/241 357/510/241 356/511/241
f 356/511/241 355/509/241 358/506/241
f 355/509/241 361/508/241 358/506/241
f 360/504/241 358/506/241 361/508/241
f 426/512/241 425/513/241 422/514/241
f 425/513/241 424/515/241 422/514/241
f 423/516/241 422/514/241 424/515/241
f 419/517/241 418/518/241 429/519/241
f 419/517/241 429/519/241 420/520/241
f 429/519/241 428/521/241 420/520/241
f 421/522/241 420/520/241 428/521/241
f 428/521/241 427/523/241 421/522/241
f 422/514/241 421/522/241 427/523/241
f 426/512/241 422/514/241 427/523/241
f 458/524/241 457/525/241 387/526/241
f 459/527/241 458/524/241 387/526/241
f 387/526/241 386/528/241 459/527/241
f 460/529/241 459/527/241 386/528/241
f 386/528/241 385/530/241 460/529/241
f 461/531/241 460/529/241 385/530/241
f 385/530/241 384/532/241 461/531/241
f 462/533/241 461/531/241 384/532/241
f 414/534/241 432/535/241 415/536/241
f 412/537/241 434/538/241 413/539/241
f 434/538/241 433/540/241 413/539/241
f 410/541/241 435/542/241 411/543/241
f 470/544/241 376/545/241 375/546/241
f 434/538/241 412/537/241 411/543/241
f 411/543/241 435/542/241 434/538/241
f 469/547/241 377/548/241 376/545/241
f 376/545/241 470/544/241 469/547/241
f 413/539/241 433/540/241 414/534/241
f 432/535/241 414/534/241 433/540/241
f 453/549/241 390/550/241 454/551/241
f 389/552/241 454/551/241 390/550/241
f 467/553/241 379/554/241 378/555/241
f 468/556/241 467/553/241 378/555/241
f 378/555/241 377/548/241 468/556/241
f 377/548/241 469/547/241 468/556/241
f 415/536/241 432/535/241 416/557/241
f 432/535/241 431/558/241 416/557/241
f 417/559/241 416/557/241 431/558/241
f 431/558/241 430/560/241 417/559/241
f 418/518/241 417/559/241 430/560/241
f 429/519/241 418/518/241 430/560/241
f 454/551/241 389/552/241 455/561/241
f 456/562/241 455/561/241 389/552/241
f 389/552/241 388/563/241 456/562/241
f 457/525/241 456/562/241 388/563/241
f 387/526/241 457/525/241 388/563/241
f 462/533/241 384/532/241 383/564/241
f 463/565/241 462/533/241 383/564/241
f 383/564/241 382/566/241 463/565/241
f 464/567/241 463/565/241 382/566/241
f 382/566/241 381/568/241 464/567/241
f 465/569/241 464/567/241 381/568/241
f 381/568/241 380/570/241 465/569/241
f 466/571/241 465/569/241 380/570/241
f 380/570/241 379/554/241 466/571/241
f 379/554/241 467/553/241 466/571/241
f 373/572/241 471/573/241 374/574/241
f 372/575/241 473/576/241 472/577/241
f 371/578/241 474/579/241 372/575/241
f 473/576/241 372/575/241 474/579/241
f 437/580/241 436/581/241 409/582/241
f 372/575/241 472/577/241 373/572/241
f 471/573/241 373/572/241 472/577/241
f 475/583/241 370/584/241 476/585/241
f 437/580/241 409/582/241 408/586/241
f 438/587/241 437/580/241 408/586/241
f 408/586/241 407/588/241 438/587/241
f 407/588/241 439/589/241 438/587/241
f 392/590/241 451/591/241 393/592/241
f 370/584/241 475/583/241 371/578/241
f 474/579/241 371/578/241 475/583/241
f 363/509/241 484/507/241 483/593/241
f 364/594/241 363/509/241 483/593/241
f 402/595/241 401/596/241 444/597/241
f 445/598/241 444/597/241 401/596/241
f 401/596/241 400/599/241 445/598/241
f 446/600/241 445/598/241 400/599/241
f 400/599/241 399/601/241 446/600/241
f 447/602/241 446/600/241 399/601/241
f 399/601/241 398/603/241 447/602/241
f 448/604/241 447/602/241 398/603/241
f 398/603/241 397/605/241 448/604/241
f 397/605/241 396/606/241 448/604/241
f 364/594/241 483/593/241 365/607/241
f 366/608/241 365/607/241 483/593/241
f 483/593/241 482/609/241 366/608/241
f 482/609/241 481/610/241 366/608/241
f 367/611/241 366/608/241 481/610/241
f 480/612/241 367/611/241 481/610/241
f 439/589/241 407/588/241 406/613/241
f 440/614/241 439/589/241 406/613/241
f 406/613/241 405/615/241 440/614/241
f 441/616/241 440/614/241 405/615/241
f 405/615/241 404/617/241 441/616/241
f 442/618/241 441/616/241 404/617/241
f 404/617/241 403/619/241 442/618/241
f 443/620/241 442/618/241 403/619/241
f 403/619/241 402/595/241 443/620/241
f 402/595/241 444/597/241 443/620/241
f 448/604/241 396/606/241 449/621/241
f 396/606/241 395/622/241 449/621/241
f 450/623/241 449/621/241 395/622/241
f 395/622/241 394/624/241 450/623/241
f 451/591/241 450/623/241 394/624/241
f 393/592/241 451/591/241 394/624/241
f 367/611/241 480/612/241 368/625/241
f 480/612/241 479/626/241 368/625/241
f 479/626/241 478/627/241 368/625/241
f 369/628/241 368/625/241 478/627/241
f 478/627/241 477/629/241 369/628/241
f 370/584/241 369/628/241 477/629/241
f 476/585/241 370/584/241 477/629/241
f 409/582/241 436/581/241 410/541/241
f 435/542/241 410/541/241 436/581/241
f 451/591/241 392/590/241 452/630/241
f 392/590/241 391/631/241 452/630/241
f 453/549/241 452/630/241 391/631/241
f 390/550/241 453/549/241 391/631/241
f 470/544/241 375/546/241 374/574/241
f 374/574/241 471/573/241 470/544/241
f 491/632/241 490/633/241 489/634/241
f 493/507/241 486/635/241 485/509/241
f 486/635/241 493/507/241 492/636/241
f 487/637/241 486/635/241 488/638/241
f 489/634/241 488/638/241 486/635/241
f 486/635/241 492/636/241 489/634/241
f 491/632/241 489/634/241 492/636/241
f 498/588/241 497/606/241 496/530/241
f 499/518/241 498/588/241 496/530/241
f 496/530/241 501/614/241 499/518/241
f 501/614/241 500/519/241 499/518/241
f 495/574/241 494/509/241 505/507/241
f 502/591/241 495/574/241 505/507/241
f 505/507/241 504/576/241 502/591/241
f 504/576/241 503/533/241 502/591/241
f 501/614/241 496/530/241 495/574/241
f 495/574/241 502/591/241 501/614/241
f 511/504/241 510/505/241 509/506/241
f 513/507/241 512/508/241 506/509/241
f 509/506/241 508/510/241 507/511/241
f 507/511/241 506/509/241 509/506/241
f 511/504/241 509/506/241 506/509/241
f 506/509/241 512/508/241 511/504/241
f 522/591/241 519/518/241 518/588/241
f 523/533/241 522/591/241 518/588/241
f 518/588/241 515/574/241 523/533/241
f 515/574/241 514/509/241 523/533/241
f 519/518/241 522/591/241 521/614/241
f 521/614/241 520/519/241 519/518/241
f 515/574/241 518/588/241 517/606/241
f 517/606/241 516/530/241 515/574/241
f 525/507/241 524/576/241 514/509/241
f 523/533/241 514/509/241 524/576/241
f 535/639/241 534/505/241 532/506/241
f 536/504/241 535/639/241 532/506/241
f 532/506/241 531/640/241 536/504/241
f 537/641/241 529/642/241 528/511/241
f 540/507/241 539/643/241 527/644/241
f 538/508/241 527/644/241 539/643/241
f 527/644/241 538/508/241 528/511/241
f 537/641/241 528/511/241 538/508/241
f 529/642/241 537/641/241 530/510/241
f 531/640/241 530/510/241 537/641/241
f 536/504/241 531/640/241 537/641/241
f 534/505/241 533/634/241 532/506/241
f 540/507/241 527/644/241 526/509/241
f 545/645/241 544/646/241 543/647/241
f 543/647/241 551/507/241 545/645/241
f 551/507/241 546/634/241 545/645/241
f 547/648/241 550/649/241 549/650/241
f 542/651/241 541/509/241 548/652/241
f 542/651/241 548/652/241 549/650/241
f 547/648/241 549/650/241 548/652/241
f 542/651/241 549/650/241 543/647/241
f 551/507/241 543/647/241 549/650/241
f 546/634/241 551/507/241 550/649/241
f 550/649/241 547/648/241 546/634/241
f 557/504/242 555/506/242 556/505/242
f 559/507/242 552/509/242 558/508/242
f 555/506/242 553/511/242 554/510/242
f 553/511/242 555/506/242 552/509/242
f 552/509/242 555/506/242 558/508/242
f 557/504/242 558/508/242 555/506/242
f 623/512/242 619/514/242 622/513/242
f 622/513/242 619/514/242 621/515/242
f 620/516/242 621/515/242 619/514/242
f 616/517/242 626/519/242 615/518/242
f 616/517/242 617/520/242 626/519/242
f 626/519/242 617/520/242 625/521/242
f 618/522/242 625/521/242 617/520/242
f 625/521/242 618/522/242 624/523/242
f 619/514/242 624/523/242 618/522/242
f 623/512/242 624/523/242 619/514/242
f 655/524/242 584/526/242 654/525/242
f 656/527/242 584/526/242 655/524/242
f 584/526/242 656/527/242 583/528/242
f 657/529/242 583/528/242 656/527/242
f 583/528/242 657/529/242 582/530/242
f 658/531/242 582/530/242 657/529/242
f 582/530/242 658/531/242 581/532/242
f 659/533/242 581/532/242 658/531/242
f 611/534/242 612/536/242 629/535/242
f 609/537/242 610/539/242 631/538/242
f 631/538/242 610/539/242 630/540/242
f 607/541/242 608/543/242 632/542/242
f 667/544/242 572/546/242 573/545/242
f 631/538/242 608/543/242 609/537/242
f 608/543/242 631/538/242 632/542/242
f 666/547/242 573/545/242 574/548/242
f 573/545/242 666/547/242 667/544/242
f 610/539/242 611/534/242 630/540/242
f 629/535/242 630/540/242 611/534/242
f 650/549/242 651/551/242 587/550/242
f 586/552/242 587/550/242 651/551/242
f 664/553/242 575/555/242 576/554/242
f 665/556/242 575/555/242 664/553/242
f 575/555/242 665/556/242 574/548/242
f 574/548/242 665/556/242 666/547/242
f 612/536/242 613/557/242 629/535/242
f 629/535/242 613/557/242 628/558/242
f 614/559/242 628/558/242 613/557/242
f 628/558/242 614/559/242 627/560/242
f 615/518/242 627/560/242 614/559/242
f 626/519/242 627/560/242 615/518/242
f 651/551/242 652/561/242 586/552/242
f 653/562/242 586/552/242 652/561/242
f 586/552/242 653/562/242 585/563/242
f 654/525/242 585/563/242 653/562/242
f 584/526/242 585/563/242 654/525/242
f 659/533/242 580/564/242 581/532/242
f 660/565/242 580/564/242 659/533/242
f 580/564/242 660/565/242 579/566/242
f 661/567/242 579/566/242 660/565/242
f 579/566/242 661/567/242 578/568/242
f 662/569/242 578/568/242 661/567/242
f 578/568/242 662/569/242 577/570/242
f 663/571/242 577/570/242 662/569/242
f 577/570/242 663/571/242 576/554/242
f 576/554/242 663/571/242 664/553/242
f 570/572/242 571/574/242 668/573/242
f 569/575/242 669/577/242 670/576/242
f 568/578/242 569/575/242 671/579/242
f 670/576/242 671/579/242 569/575/242
f 634/580/242 606/582/242 633/581/242
f 569/575/242 570/572/242 669/577/242
f 668/573/242 669/577/242 570/572/242
f 672/583/242 673/585/242 567/584/242
f 634/580/242 605/586/242 606/582/242
f 635/587/242 605/586/242 634/580/242
f 605/586/242 635/587/242 604/588/242
f 604/588/242 635/587/242 636/589/242
f 589/590/242 590/592/242 648/591/242
f 567/584/242 568/578/242 672/583/242
f 671/579/242 672/583/242 568/578/242
f 560/509/242 680/593/242 681/507/242
f 561/594/242 680/593/242 560/509/242
f 599/595/242 641/597/242 598/596/242
f 642/598/242 598/596/242 641/597/242
f 598/596/242 642/598/242 597/599/242
f 643/600/242 597/599/242 642/598/242
f 597/599/242 643/600/242 596/601/242
f 644/602/242 596/601/242 643/600/242
f 596/601/242 644/602/242 595/603/242
f 645/604/242 595/603/242 644/602/242
f 595/603/242 645/604/242 594/605/242
f 594/605/242 645/604/242 593/606/242
f 561/594/242 562/607/242 680/593/242
f 563/608/242 680/593/242 562/607/242
f 680/593/242 563/608/242 679/609/242
f 679/609/242 563/608/242 678/610/242
f 564/611/242 678/610/242 563/608/242
f 677/612/242 678/610/242 564/611/242
f 636/589/242 603/613/242 604/588/242
f 637/614/242 603/613/242 636/589/242
f 603/613/242 637/614/242 602/615/242
f 638/616/242 602/615/242 637/614/242
f 602/615/242 638/616/242 601/617/242
f 639/618/242 601/617/242 638/616/242
f 601/617/242 639/618/242 600/619/242
f 640/620/242 600/619/242 639/618/242
f 600/619/242 640/620/242 599/595/242
f 599/595/242 640/620/242 641/597/242
f 645/604/242 646/621/242 593/606/242
f 593/606/242 646/621/242 592/622/242
f 647/623/242 592/622/242 646/621/242
f 592/622/242 647/623/242 591/624/242
f 648/591/242 591/624/242 647/623/242
f 590/592/242 591/624/242 648/591/242
f 564/611/242 565/625/242 677/612/242
f 677/612/242 565/625/242 676/626/242
f 676/626/242 565/625/242 675/627/242
f 566/628/242 675/627/242 565/625/242
f 675/627/242 566/628/242 674/629/242
f 567/584/242 674/629/242 566/628/242
f 673/585/242 674/629/242 567/584/242
f 606/582/242 607/541/242 633/581/242
f 632/542/242 633/581/242 607/541/242
f 648/591/242 649/630/242 589/590/242
f 589/590/242 649/630/242 588/631/242
f 650/549/242 588/631/242 649/630/242
f 587/550/242 588/631/242 650/549/242
f 667/544/242 571/574/242 572/546/242
f 571/574/242 667/544/242 668/573/242
f 688/632/242 686/634/242 687/633/242
f 690/507/242 682/509/242 683/635/242
f 683/635/242 689/636/242 690/507/242
f 684/637/242 685/638/242 683/635/242
f 686/634/242 683/635/242 685/638/242
f 683/635/242 686/634/242 689/636/242
f 688/632/242 689/636/242 686/634/242
f 695/588/242 693/530/242 694/606/242
f 696/518/242 693/530/242 695/588/242
f 693/530/242 696/518/242 698/614/242
f 698/614/242 696/518/242 697/519/242
f 692/574/242 702/507/242 691/509/242
f 699/591/242 702/507/242 692/574/242
f 702/507/242 699/591/242 701/576/242
f 701/576/242 699/591/242 700/533/242
f 698/614/242 692/574/242 693/530/242
f 692/574/242 698/614/242 699/591/242
f 708/504/242 706/506/242 707/505/242
f 710/507/242 703/509/242 709/508/242
f 706/506/242 704/511/242 705/510/242
f 704/511/242 706/506/242 703/509/242
f 708/504/242 703/509/242 706/506/242
f 703/509/242 708/504/242 709/508/242
f 719/591/242 715/588/242 716/518/242
f 720/533/242 715/588/242 719/591/242
f 715/588/242 720/533/242 712/574/242
f 712/574/242 720/533/242 711/509/242
f 716/518/242 718/614/242 719/591/242
f 718/614/242 716/518/242 717/519/242
f 712/574/242 714/606/242 715/588/242
f 714/606/242 712/574/242 713/530/242
f 722/507/242 711/509/242 721/576/242
f 720/533/242 721/576/242 711/509/242
f 732/639/242 729/506/242 731/505/242
f 733/504/242 729/506/242 732/639/242
f 729/506/242 733/504/242 728/640/242
f 734/641/242 725/511/242 726/642/242
f 737/507/242 724/644/242 736/643/242
f 735/508/242 736/643/242 724/644/242
f 724/644/242 725/511/242 735/508/242
f 734/641/242 735/508/242 725/511/242
f 726/642/242 727/510/242 734/641/242
f 728/640/242 734/641/242 727/510/242
f 733/504/242 734/641/242 728/640/242
f 731/505/242 729/506/242 730/634/242
f 737/507/242 723/509/242 724/644/242
f 742/645/242 740/647/242 741/646/242
f 740/647/242 742/645/242 748/507/242
f 748/507/242 742/645/242 743/634/242
f 744/648/242 746/650/242 747/649/242
f 739/651/242 745/652/242 738/509/242
f 739/651/242 746/650/242 745/652/242
f 744/648/242 745/652/242 746/650/242
f 739/651/242 740/647/242 746/650/242
f 748/507/242 746/650/242 740/647/242
f 743/634/242 747/649/242 748/507/242
f 747/649/242 743/634/242 744/648/242
s 1
f 750/653/243 762/654/244 761/635/245 749/509/245
f 751/655/246 763/656/247 762/654/244 750/653/243
f 752/657/248 764/658/249 763/656/247 751/655/246
f 753/659/250 765/660/251 764/658/249 752/657/248
f 754/661/252 766/662/253 765/660/251 753/659/250
f 755/663/254 767/664/255 766/662/253 754/661/252
f 756/665/256 768/666/257 767/664/255 755/663/254
f 757/667/258 769/668/259 768/666/257 756/665/256
f 758/669/260 770/670/261 769/668/259 757/667/258
f 759/671/262 771/672/263 770/670/261 758/669/260
f 760/673/264 772/674/264 771/672/263 759/671/262
f 762/654/244 774/675/265 773/637/266 761/635/245
f 763/656/247 775/676/267 774/675/265 762/654/244
f 764/658/249 776/677/268 775/676/267 763/656/247
f 765/660/251 777/678/269 776/677/268 764/658/249
f 766/662/253 778/679/270 777/678/269 765/660/251
f 767/664/255 779/680/271 778/679/270 766/662/253
f 768/666/257 780/681/272 779/680/271 767/664/255
f 769/668/259 781/682/273 780/681/272 768/666/257
f 770/670/261 782/683/274 781/682/273 769/668/259
f 771/672/263 783/684/275 782/683/274 770/670/261
f 772/674/264 784/685/276 783/684/275 771/672/263
f 774/675/265 786/686/277 785/638/266 773/637/266
f 775/676/267 787/687/278 786/686/277 774/675/265
f 776/677/268 788/688/279 787/687/278 775/676/267
f 777/678/269 789/689/280 788/688/279 776/677/268
f 778/679/270 790/690/281 789/689/280 777/678/269
f 779/680/271 791/691/282 790/690/281 778/679/270
f 780/681/272 792/692/283 791/691/282 779/680/271
f 781/682/273 793/693/284 792/692/283 780/681/272
f 782/683/274 794/694/285 793/693/284 781/682/273
f 783/684/275 795/695/286 794/694/285 782/683/274
f 784/685/276 796/696/276 795/695/286 783/684/275
f 786/686/277 798/697/287 797/634/288 785/638/266
f 787/687/278 799/698/289 798/697/287 786/686/277
f 788/688/279 800/699/290 799/698/289 787/687/278
f 789/689/280 801/700/291 800/699/290 788/688/279
f 790/690/281 802/701/292 801/700/291 789/689/280
f 791/691/282 803/702/293 802/701/292 790/690/281
f 792/692/283 804/703/294 803/702/293 791/691/282
f 793/693/284 805/704/295 804/703/294 792/692/283
f 794/694/285 806/705/296 805/704/295 793/693/284
f 795/695/286 807/706/297 806/705/296 794/694/285
f 796/696/276 808/707/298 807/706/297 795/695/286
f 798/697/287 810/708/299 809/633/300 797/634/288
f 799/698/289 811/709/301 810/708/299 798/697/287
f 800/699/290 812/710/302 811/709/301 799/698/289
f 801/700/291 813/711/303 812/710/302 800/699/290
f 802/701/292 814/712/304 813/711/303 801/700/291
f 803/702/293 815/713/305 814/712/304 802/701/292
f 804/703/294 816/714/306 815/713/305 803/702/293
f 805/704/295 817/715/307 816/714/306 804/703/294
f 806/705/296 818/716/308 817/715/307 805/704/295
f 807/706/297 819/717/309 818/716/308 806/705/296
f 808/707/298 820/718/310 819/717/309 807/706/297
f 810/708/299 822/719/311 821/632/312 809/633/300
f 811/709/301 823/720/313 822/719/311 810/708/299
f 812/710/302 824/721/314 823/720/313 811/709/301
f 813/711/303 825/722/315 824/721/314 812/710/302
f 814/712/304 826/723/316 825/722/315 813/711/303
f 815/713/305 827/724/317 826/723/316 814/712/304
f 816/714/306 828/725/318 827/724/317 815/713/305
f 817/715/307 829/726/319 828/725/318 816/714/306
f 818/716/308 830/727/320 829/726/319 817/715/307
f 819/717/309 831/728/321 830/727/320 818/716/308
f 820/718/310 832/729/322 831/728/321 819/717/309
f 822/719/311 834/730/323 833/636/324 821/632/312
f 823/720/313 835/731/325 834/730/323 822/719/311
f 824/721/314 836/732/326 835/731/325 823/720/313
f 825/722/315 837/733/327 836/732/326 824/721/314
f 826/723/316 838/734/328 837/733/327 825/722/315
f 827/724/317 839/735/329 838/734/328 826/723/316
f 828/725/318 840/736/330 839/735/329 827/724/317
f 829/726/319 841/737/331 840/736/330 828/725/318
f 830/727/320 842/738/332 841/737/331 829/726/319
f 831/728/321 843/739/333 842/738/332 830/727/320
f 832/729/322 844/740/334 843/739/333 831/728/321
f 834/730/323 750/741/243 749/507/245 833/636/324
f 835/731/325 751/742/246 750/741/243 834/730/323
f 836/732/326 752/743/248 751/742/246 835/731/325
f 837/733/327 753/744/250 752/743/248 836/732/326
f 838/734/328 754/745/252 753/744/250 837/733/327
f 839/735/329 755/746/254 754/745/252 838/734/328
f 840/736/330 756/747/256 755/746/254 839/735/329
f 841/737/331 757/748/258 756/747/256 840/736/330
f 842/738/332 758/749/260 757/748/258 841/737/331
f 843/739/333 759/750/262 758/749/260 842/738/332
f 844/740/334 760/751/264 759/750/262 843/739/333
f 846/653/335 858/752/336 857/753/337 845/509/338
f 847/655/339 859/754/340 858/752/336 846/653/335
f 848/657/341 860/755/342 859/754/340 847/655/339
f 849/659/343 861/756/344 860/755/342 848/657/341
f 850/661/345 862/757/346 861/756/344 849/659/343
f 851/663/347 863/758/348 862/757/346 850/661/345
f 852/665/349 864/759/350 863/758/348 851/663/347
f 853/667/351 865/760/352 864/759/350 852/665/349
f 854/669/353 866/761/354 865/760/352 853/667/351
f 855/671/355 867/762/356 866/761/354 854/669/353
f 856/673/357 868/763/358 867/762/356 855/671/355
f 858/752/336 870/764/359 869/765/360 857/753/337
f 859/754/340 871/766/361 870/764/359 858/752/336
f 860/755/342 872/767/362 871/766/361 859/754/340
f 861/756/344 873/768/363 872/767/362 860/755/342
f 862/757/346 874/769/364 873/768/363 861/756/344
f 863/758/348 875/770/365 874/769/364 862/757/346
f 864/759/350 876/771/366 875/770/365 863/758/348
f 865/760/352 877/772/367 876/771/366 864/759/350
f 866/761/354 878/773/368 877/772/367 865/760/352
f 867/762/356 879/774/369 878/773/368 866/761/354
f 868/763/358 880/775/370 879/774/369 867/762/356
f 870/764/359 846/741/335 845/507/338 869/765/360
f 871/766/361 847/742/339 846/741/335 870/764/359
f 872/767/362 848/743/341 847/742/339 871/766/361
f 873/768/363 849/744/343 848/743/341 872/767/362
f 874/769/364 850/745/345 849/744/343 873/768/363
f 875/770/365 851/746/347 850/745/345 874/769/364
f 876/771/366 852/747/349 851/746/347 875/770/365
f 877/772/367 853/748/351 852/747/349 876/771/366
f 878/773/368 854/749/353 853/748/351 877/772/367
f 879/774/369 855/750/355 854/749/353 878/773/368
f 880/775/370 856/751/357 855/750/355 879/774/369
f 882/653/371 894/776/372 893/777/373 881/509/374
f 883/655/375 895/778/376 894/776/372 882/653/371
f 884/657/377 896/779/378 895/778/376 883/655/375
f 885/659/379 897/780/380 896/779/378 884/657/377
f 886/661/381 898/781/382 897/780/380 885/659/379
f 887/663/383 899/782/384 898/781/382 886/661/381
f 888/665/385 900/783/386 899/782/384 887/663/383
f 889/667/387 901/784/388 900/783/386 888/665/385
f 890/669/389 902/785/390 901/784/388 889/667/387
f 891/671/391 903/786/392 902/785/390 890/669/389
f 892/673/393 904/787/373 903/786/392 891/671/391
f 894/776/372 906/788/394 905/789/395 893/777/373
f 895/778/376 907/790/396 906/788/394 894/776/372
f 896/779/378 908/791/397 907/790/396 895/778/376
f 897/780/380 909/792/398 908/791/397 896/779/378
f 898/781/382 910/793/399 909/792/398 897/780/380
f 899/782/384 911/794/400 910/793/399 898/781/382
f 900/783/386 912/795/401 911/794/400 899/782/384
f 901/784/388 913/796/402 912/795/401 900/783/386
f 902/785/390 914/797/403 913/796/402 901/784/388
f 903/786/392 915/798/404 914/797/403 902/785/390
f 904/787/373 916/799/405 915/798/404 903/786/392
f 906/788/394 918/800/406 917/647/407 905/789/395
f 907/790/396 919/801/408 918/800/406 906/788/394
f 908/791/397 920/802/409 919/801/408 907/790/396
f 909/792/398 921/803/410 920/802/409 908/791/397
f 910/793/399 922/804/411 921/803/410 909/792/398
f 911/794/400 923/805/412 922/804/411 910/793/399
f 912/795/401 924/806/413 923/805/412 911/794/400
f 913/796/402 925/807/414 924/806/413 912/795/401
f 914/797/403 926/808/415 925/807/414 913/796/402
f 915/798/404 927/809/416 926/808/415 914/797/403
f 916/799/405 928/810/417 927/809/416 915/798/404
f 918/800/406 930/811/418 929/812/419 917/647/407
f 919/801/408 931/813/420 930/811/418 918/800/406
f 920/802/409 932/814/421 931/813/420 919/801/408
f 921/803/410 933/815/422 932/814/421 920/802/409
f 922/804/411 934/816/423 933/815/422 921/803/410
f 923/805/412 935/817/424 934/816/423 922/804/411
f 924/806/413 936/818/425 935/817/424 923/805/412
f 925/807/414 937/819/426 936/818/425 924/806/413
f 926/808/415 938/820/427 937/819/426 925/807/414
f 927/809/416 939/821/428 938/820/427 926/808/415
f 928/810/417 940/822/429 939/821/428 927/809/416
f 930/811/418 942/752/430 941/753/431 929/812/419
f 931/813/420 943/754/432 942/752/430 930/811/418
f 932/814/421 944/755/433 943/754/432 931/813/420
f 933/815/422 945/756/434 944/755/433 932/814/421
f 934/816/423 946/757/435 945/756/434 933/815/422
f 935/817/424 947/758/436 946/757/435 934/816/423
f 936/818/425 948/759/437 947/758/436 935/817/424
f 937/819/426 949/760/438 948/759/437 936/818/425
f 938/820/427 950/761/439 949/760/438 937/819/426
f 939/821/428 951/762/440 950/761/439 938/820/427
f 940/822/429 952/763/441 951/762/440 939/821/428
f 942/752/430 954/823/442 953/645/443 941/753/431
f 943/754/432 955/824/444 954/823/442 942/752/430
f 944/755/433 956/825/445 955/824/444 943/754/432
f 945/756/434 957/826/446 956/825/445 944/755/433
f 946/757/435 958/827/447 957/826/446 945/756/434
f 947/758/436 959/828/448 958/827/447 946/757/435
f 948/759/437 960/829/449 959/828/448 947/758/436
f 949/760/438 961/830/450 960/829/449 948/759/437
f 950/761/439 962/831/451 961/830/450 949/760/438
f 951/762/440 963/832/452 962/831/451 950/761/439
f 952/763/441 964/833/453 963/832/452 951/762/440
f 954/823/442 966/834/454 965/835/455 953/645/443
f 955/824/444 967/836/456 966/834/454 954/823/442
f 956/825/445 968/837/457 967/836/456 955/824/444
f 957/826/446 969/838/458 968/837/457 956/825/445
f 958/827/447 970/839/459 969/838/458 957/826/446
f 959/828/448 971/840/460 970/839/459 958/827/447
f 960/829/449 972/841/461 971/840/460 959/828/448
f 961/830/450 973/842/462 972/841/461 960/829/449
f 962/831/451 974/843/463 973/842/462 961/830/450
f 963/832/452 975/844/464 974/843/463 962/831/451
f 964/833/453 976/845/465 975/844/464 963/832/452
f 966/834/454 978/846/371 977/847/374 965/835/455
f 967/836/456 979/848/375 978/846/371 966/834/454
f 968/837/457 980/849/377 979/848/375 967/836/456
f 969/838/458 981/850/379 980/849/377 968/837/457
f 970/839/459 982/851/381 981/850/379 969/838/458
f 971/840/460 983/852/383 982/851/381 970/839/459
f 972/841/461 984/853/385 983/852/383 971/840/460
f 973/842/462 985/854/387 984/853/385 972/841/461
f 974/843/463 986/855/389 985/854/387 973/842/462
f 975/844/464 987/856/391 986/855/389 974/843/463
f 976/845/465 988/857/393 987/856/391 975/844/464
f 978/846/371 990/858/466 989/648/467 977/847/374
f 979/848/375 991/859/468 990/858/466 978/846/371
f 980/849/377 992/860/469 991/859/468 979/848/375
f 981/850/379 993/861/470 992/860/469 980/849/377
f 982/851/381 994/862/471 993/861/470 981/850/379
f 983/852/383 995/863/472 994/862/471 982/851/381
f 984/853/385 996/864/473 995/863/472 983/852/383
f 985/854/387 997/865/474 996/864/473 984/853/385
f 986/855/389 998/866/475 997/865/474 985/854/387
f 987/856/391 999/867/476 998/866/475 986/855/389
f 988/857/393 1000/868/477 999/867/476 987/856/391
f 990/858/466 1002/764/478 1001/765/479 989/648/467
f 991/859/468 1003/766/480 1002/764/478 990/858/466
f 992/860/469 1004/767/481 1003/766/480 991/859/468
f 993/861/470 1005/768/482 1004/767/481 992/860/469
f 994/862/471 1006/769/483 1005/768/482 993/861/470
f 995/863/472 1007/770/484 1006/769/483 994/862/471
f 996/864/473 1008/771/485 1007/770/484 995/863/472
f 997/865/474 1009/772/486 1008/771/485 996/864/473
f 998/866/475 1010/773/487 1009/772/486 997/865/474
f 999/867/476 1011/774/488 1010/773/487 998/866/475
f 1000/868/477 1012/775/489 1011/774/488 999/867/476
f 1002/764/478 1014/869/490 1013/870/491 1001/765/479
f 1003/766/480 1015/871/492 1014/869/490 1002/764/478
f 1004/767/481 1016/872/493 1015/871/492 1003/766/480
f 1005/768/482 1017/873/494 1016/872/493 1004/767/481
f 1006/769/483 1018/874/495 1017/873/494 1005/768/482
f 1007/770/484 1019/875/496 1018/874/495 1006/769/483
f 1008/771/485 1020/876/497 1019/875/496 1007/770/484
f 1009/772/486 1021/877/498 1020/876/497 1008/771/485
f 1010/773/487 1022/878/499 1021/877/498 1009/772/486
f 1011/774/488 1023/879/500 1022/878/499 1010/773/487
f 1012/775/489 1024/880/501 1023/879/500 1011/774/488
f 1014/869/490 1026/881/502 1025/650/503 1013/870/491
f 1015/871/492 1027/882/504 1026/881/502 1014/869/490
f 1016/872/493 1028/883/505 1027/882/504 1015/871/492
f 1017/873/494 1029/884/506 1028/883/505 1016/872/493
f 1018/874/495 1030/885/507 1029/884/506 1017/873/494
f 1019/875/496 1031/886/508 1030/885/507 1018/874/495
f 1020/876/497 1032/887/509 1031/886/508 1019/875/496
f 1021/877/498 1033/888/510 1032/887/509 1020/876/497
f 1022/878/499 1034/889/511 1033/888/510 1021/877/498
f 1023/879/500 1035/890/512 1034/889/511 1022/878/499
f 1024/880/501 1036/891/513 1035/890/512 1023/879/500
f 1026/881/502 1038/892/514 1037/893/515 1025/650/503
f 1027/882/504 1039/894/516 1038/892/514 1026/881/502
f 1028/883/505 1040/895/517 1039/894/516 1027/882/504
f 1029/884/506 1041/896/518 1040/895/517 1028/883/505
f 1030/885/507 1042/897/519 1041/896/518 1029/884/506
f 1031/886/508 1043/898/520 1042/897/519 1030/885/507
f 1032/887/509 1044/899/521 1043/898/520 1031/886/508
f 1033/888/510 1045/900/522 1044/899/521 1032/887/509
f 1034/889/511 1046/901/523 1045/900/522 1033/888/510
f 1035/890/512 1047/902/524 1046/901/523 1034/889/511
f 1036/891/513 1048/903/525 1047/902/524 1035/890/512
f 1038/892/514 1050/904/454 1049/905/455 1037/893/515
f 1039/894/516 1051/906/456 1050/904/454 1038/892/514
f 1040/895/517 1052/907/457 1051/906/456 1039/894/516
f 1041/896/518 1053/908/458 1052/907/457 1040/895/517
f 1042/897/519 1054/909/459 1053/908/458 1041/896/518
f 1043/898/520 1055/910/460 1054/909/459 1042/897/519
f 1044/899/521 1056/911/461 1055/910/460 1043/898/520
f 1045/900/522 1057/912/462 1056/911/461 1044/899/521
f 1046/901/523 1058/913/463 1057/912/462 1045/900/522
f 1047/902/524 1059/914/464 1058/913/463 1046/901/523
f 1048/903/525 1060/915/465 1059/914/464 1047/902/524
f 1050/904/454 882/741/371 881/507/374 1049/905/455
f 1051/906/456 883/742/375 882/741/371 1050/904/454
f 1052/907/457 884/743/377 883/742/375 1051/906/456
f 1053/908/458 885/744/379 884/743/377 1052/907/457
f 1054/909/459 886/745/381 885/744/379 1053/908/458
f 1055/910/460 887/746/383 886/745/381 1054/909/459
f 1056/911/461 888/747/385 887/746/383 1055/910/460
f 1057/912/462 889/748/387 888/747/385 1056/911/461
f 1058/913/463 890/749/389 889/748/387 1057/912/462
f 1059/914/464 891/750/391 890/749/389 1058/913/463
f 1060/915/465 892/751/393 891/750/391 1059/914/464
f 1062/653/526 1074/916/527 1073/917/515 1061/509/455
f 1063/655/528 1075/918/529 1074/916/527 1062/653/526
f 1064/657/530 1076/919/531 1075/918/529 1063/655/528
f 1065/659/532 1077/920/533 1076/919/531 1064/657/530
f 1066/661/534 1078/921/535 1077/920/533 1065/659/532
f 1067/663/536 1079/922/537 1078/921/535 1066/661/534
f 1068/665/538 1080/923/539 1079/922/537 1067/663/536
f 1069/667/540 1081/924/541 1080/923/539 1068/665/538
f 1070/669/542 1082/925/543 1081/924/541 1069/667/540
f 1071/671/544 1083/926/545 1082/925/543 1070/669/542
f 1072/673/465 1084/927/525 1083/926/545 1071/671/544
f 1074/916/527 1086/928/514 1085/929/515 1073/917/515
f 1075/918/529 1087/930/516 1086/928/514 1074/916/527
f 1076/919/531 1088/931/517 1087/930/516 1075/918/529
f 1077/920/533 1089/932/518 1088/931/517 1076/919/531
f 1078/921/535 1090/933/519 1089/932/518 1077/920/533
f 1079/922/537 1091/934/520 1090/933/519 1078/921/535
f 1080/923/539 1092/935/521 1091/934/520 1079/922/537
f 1081/924/541 1093/936/522 1092/935/521 1080/923/539
f 1082/925/543 1094/937/523 1093/936/522 1081/924/541
f 1083/926/545 1095/938/524 1094/937/523 1082/925/543
f 1084/927/525 1096/939/525 1095/938/524 1083/926/545
f 1086/928/514 1098/675/454 1097/637/455 1085/929/515
f 1087/930/516 1099/676/456 1098/675/454 1086/928/514
f 1088/931/517 1100/677/457 1099/676/456 1087/930/516
f 1089/932/518 1101/678/458 1100/677/457 1088/931/517
f 1090/933/519 1102/679/459 1101/678/458 1089/932/518
f 1091/934/520 1103/680/460 1102/679/459 1090/933/519
f 1092/935/521 1104/681/461 1103/680/460 1091/934/520
f 1093/936/522 1105/682/462 1104/681/461 1092/935/521
f 1094/937/523 1106/683/463 1105/682/462 1093/936/522
f 1095/938/524 1107/684/464 1106/683/463 1094/937/523
f 1096/939/525 1108/685/465 1107/684/464 1095/938/524
f 1098/675/454 1110/752/526 1109/753/455 1097/637/455
f 1099/676/456 1111/754/528 1110/752/526 1098/675/454
f 1100/677/457 1112/755/530 1111/754/528 1099/676/456
f 1101/678/458 1113/756/532 1112/755/530 1100/677/457
f 1102/679/459 1114/757/534 1113/756/532 1101/678/458
f 1103/680/460 1115/758/536 1114/757/534 1102/679/459
f 1104/681/461 1116/759/538 1115/758/536 1103/680/460
f 1105/682/462 1117/760/540 1116/759/538 1104/681/461
f 1106/683/463 1118/761/542 1117/760/540 1105/682/462
f 1107/684/464 1119/762/544 1118/761/542 1106/683/463
f 1108/685/465 1120/763/465 1119/762/544 1107/684/464
f 1110/752/526 1122/940/527 1121/941/515 1109/753/455
f 1111/754/528 1123/942/529 1122/940/527 1110/752/526
f 1112/755/530 1124/943/531 1123/942/529 1111/754/528
f 1113/756/532 1125/944/533 1124/943/531 1112/755/530
f 1114/757/534 1126/945/535 1125/944/533 1113/756/532
f 1115/758/536 1127/946/537 1126/945/535 1114/757/534
f 1116/759/538 1128/947/539 1127/946/537 1115/758/536
f 1117/760/540 1129/948/541 1128/947/539 1116/759/538
f 1118/761/542 1130/949/543 1129/948/541 1117/760/540
f 1119/762/544 1131/950/545 1130/949/543 1118/761/542
f 1120/763/465 1132/951/525 1131/950/545 1119/762/544
f 1122/940/527 1134/697/514 1133/634/515 1121/941/515
f 1123/942/529 1135/698/516 1134/697/514 1122/940/527
f 1124/943/531 1136/699/517 1135/698/516 1123/942/529
f 1125/944/533 1137/700/518 1136/699/517 1124/943/531
f 1126/945/535 1138/701/519 1137/700/518 1125/944/533
f 1127/946/537 1139/702/520 1138/701/519 1126/945/535
f 1128/947/539 1140/703/521 1139/702/520 1127/946/537
f 1129/948/541 1141/704/522 1140/703/521 1128/947/539
f 1130/949/543 1142/705/523 1141/704/522 1129/948/541
f 1131/950/545 1143/706/524 1142/705/523 1130/949/543
f 1132/951/525 1144/707/525 1143/706/524 1131/950/545
f 1134/697/514 1146/952/454 1145/953/455 1133/634/515
f 1135/698/516 1147/954/456 1146/952/454 1134/697/514
f 1136/699/517 1148/955/457 1147/954/456 1135/698/516
f 1137/700/518 1149/956/458 1148/955/457 1136/699/517
f 1138/701/519 1150/957/459 1149/956/458 1137/700/518
f 1139/702/520 1151/958/460 1150/957/459 1138/701/519
f 1140/703/521 1152/959/461 1151/958/460 1139/702/520
f 1141/704/522 1153/960/462 1152/959/461 1140/703/521
f 1142/705/523 1154/961/463 1153/960/462 1141/704/522
f 1143/706/524 1155/962/464 1154/961/463 1142/705/523
f 1144/707/525 1156/963/465 1155/962/464 1143/706/524
f 1146/952/454 1158/764/371 1157/765/374 1145/953/455
f 1147/954/456 1159/766/375 1158/764/371 1146/952/454
f 1148/955/457 1160/767/377 1159/766/375 1147/954/456
f 1149/956/458 1161/768/379 1160/767/377 1148/955/457
f 1150/957/459 1162/769/381 1161/768/379 1149/956/458
f 1151/958/460 1163/770/383 1162/769/381 1150/957/459
f 1152/959/461 1164/771/385 1163/770/383 1151/958/460
f 1153/960/462 1165/772/387 1164/771/385 1152/959/461
f 1154/961/463 1166/773/389 1165/772/387 1153/960/462
f 1155/962/464 1167/774/391 1166/773/389 1154/961/463
f 1156/963/465 1168/775/393 1167/774/391 1155/962/464
f 1158/764/371 1170/719/466 1169/632/467 1157/765/374
f 1159/766/375 1171/720/468 1170/719/466 1158/764/371
f 1160/767/377 1172/721/469 1171/720/468 1159/766/375
f 1161/768/379 1173/722/470 1172/721/469 1160/767/377
f 1162/769/381 1174/723/471 1173/722/470 1161/768/379
f 1163/770/383 1175/724/472 1174/723/471 1162/769/381
f 1164/771/385 1176/725/473 1175/724/472 1163/770/383
f 1165/772/387 1177/726/474 1176/725/473 1164/771/385
f 1166/773/389 1178/727/475 1177/726/474 1165/772/387
f 1167/774/391 1179/728/476 1178/727/475 1166/773/389
f 1168/775/393 1180/729/477 1179/728/476 1167/774/391
f 1170/719/466 1182/964/514 1181/965/515 1169/632/467
f 1171/720/468 1183/966/516 1182/964/514 1170/719/466
f 1172/721/469 1184/967/517 1183/966/516 1171/720/468
f 1173/722/470 1185/968/518 1184/967/517 1172/721/469
f 1174/723/471 1186/969/519 1185/968/518 1173/722/470
f 1175/724/472 1187/970/520 1186/969/519 1174/723/471
f 1176/725/473 1188/971/521 1187/970/520 1175/724/472
f 1177/726/474 1189/972/522 1188/971/521 1176/725/473
f 1178/727/475 1190/973/523 1189/972/522 1177/726/474
f 1179/728/476 1191/974/524 1190/973/523 1178/727/475
f 1180/729/477 1192/975/525 1191/974/524 1179/728/476
f 1182/964/514 1194/976/454 1193/977/455 1181/965/515
f 1183/966/516 1195/978/456 1194/976/454 1182/964/514
f 1184/967/517 1196/979/457 1195/978/456 1183/966/516
f 1185/968/518 1197/980/458 1196/979/457 1184/967/517
f 1186/969/519 1198/981/459 1197/980/458 1185/968/518
f 1187/970/520 1199/982/460 1198/981/459 1186/969/519
f 1188/971/521 1200/983/461 1199/982/460 1187/970/520
f 1189/972/522 1201/984/462 1200/983/461 1188/971/521
f 1190/973/523 1202/985/463 1201/984/462 1189/972/522
f 1191/974/524 1203/986/464 1202/985/463 1190/973/523
f 1192/975/525 1204/987/465 1203/986/464 1191/974/524
f 1194/976/454 1062/741/526 1061/507/455 1193/977/455
f 1195/978/456 1063/742/528 1062/741/526 1194/976/454
f 1196/979/457 1064/743/530 1063/742/528 1195/978/456
f 1197/980/458 1065/744/532 1064/743/530 1196/979/457
f 1198/981/459 1066/745/534 1065/744/532 1197/980/458
f 1199/982/460 1067/746/536 1066/745/534 1198/981/459
f 1200/983/461 1068/747/538 1067/746/536 1199/982/460
f 1201/984/462 1069/748/540 1068/747/538 1200/983/461
f 1202/985/463 1070/749/542 1069/748/540 1201/984/462
f 1203/986/464 1071/750/544 1070/749/542 1202/985/463
f 1204/987/465 1072/751/465 1071/750/544 1203/986/464
f 1206/653/526 1218/654/454 1217/635/455 1205/509/455
f 1207/655/528 1219/656/456 1218/654/454 1206/653/526
f 1208/657/530 1220/658/457 1219/656/456 1207/655/528
f 1209/659/546 1221/660/458 1220/658/457 1208/657/530
f 1210/661/547 1222/662/459 1221/660/458 1209/659/546
f 1211/663/548 1223/664/460 1222/662/459 1210/661/547
f 1212/665/549 1224/666/461 1223/664/460 1211/663/548
f 1213/667/540 1225/668/462 1224/666/461 1212/665/549
f 1214/669/542 1226/670/463 1225/668/462 1213/667/540
f 1215/671/544 1227/672/464 1226/670/463 1214/669/542
f 1216/673/465 1228/674/465 1227/672/464 1215/671/544
f 1218/654/454 1230/675/371 1229/637/374 1217/635/455
f 1219/656/456 1231/676/375 1230/675/371 1218/654/454
f 1220/658/457 1232/677/377 1231/676/375 1219/656/456
f 1221/660/458 1233/678/379 1232/677/377 1220/658/457
f 1222/662/459 1234/679/381 1233/678/379 1221/660/458
f 1223/664/460 1235/680/383 1234/679/381 1222/662/459
f 1224/666/461 1236/681/385 1235/680/383 1223/664/460
f 1225/668/462 1237/682/550 1236/681/385 1224/666/461
f 1226/670/463 1238/683/389 1237/682/550 1225/668/462
f 1227/672/464 1239/684/391 1238/683/389 1226/670/463
f 1228/674/465 1240/685/393 1239/684/391 1227/672/464
f 1230/675/371 1242/686/551 1241/638/374 1229/637/374
f 1231/676/375 1243/687/552 1242/686/551 1230/675/371
f 1232/677/377 1244/688/553 1243/687/552 1231/676/375
f 1233/678/379 1245/689/554 1244/688/553 1232/677/377
f 1234/679/381 1246/690/555 1245/689/554 1233/678/379
f 1235/680/383 1247/691/556 1246/690/555 1234/679/381
f 1236/681/385 1248/692/557 1247/691/556 1235/680/383
f 1237/682/550 1249/693/558 1248/692/557 1236/681/385
f 1238/683/389 1250/694/559 1249/693/558 1237/682/550
f 1239/684/391 1251/695/560 1250/694/559 1238/683/389
f 1240/685/393 1252/696/393 1251/695/560 1239/684/391
f 1242/686/551 1254/697/371 1253/634/374 1241/638/374
f 1243/687/552 1255/698/375 1254/697/371 1242/686/551
f 1244/688/553 1256/699/377 1255/698/375 1243/687/552
f 1245/689/554 1257/700/379 1256/699/377 1244/688/553
f 1246/690/555 1258/701/381 1257/700/379 1245/689/554
f 1247/691/556 1259/702/383 1258/701/381 1246/690/555
f 1248/692/557 1260/703/385 1259/702/383 1247/691/556
f 1249/693/558 1261/704/387 1260/703/385 1248/692/557
f 1250/694/559 1262/705/389 1261/704/387 1249/693/558
f 1251/695/560 1263/706/391 1262/705/389 1250/694/559
f 1252/696/393 1264/707/393 1263/706/391 1251/695/560
f 1254/697/371 1266/708/466 1265/633/467 1253/634/374
f 1255/698/375 1267/709/468 1266/708/466 1254/697/371
f 1256/699/377 1268/710/469 1267/709/468 1255/698/375
f 1257/700/379 1269/711/470 1268/710/469 1256/699/377
f 1258/701/381 1270/712/471 1269/711/470 1257/700/379
f 1259/702/383 1271/713/472 1270/712/471 1258/701/381
f 1260/703/385 1272/714/473 1271/713/472 1259/702/383
f 1261/704/387 1273/715/474 1272/714/473 1260/703/385
f 1262/705/389 1274/716/475 1273/715/474 1261/704/387
f 1263/706/391 1275/717/476 1274/716/475 1262/705/389
f 1264/707/393 1276/718/477 1275/717/476 1263/706/391
f 1266/708/466 1278/719/514 1277/632/515 1265/633/467
f 1267/709/468 1279/720/516 1278/719/514 1266/708/466
f 1268/710/469 1280/721/517 1279/720/516 1267/709/468
f 1269/711/470 1281/722/518 1280/721/517 1268/710/469
f 1270/712/471 1282/723/519 1281/722/518 1269/711/470
f 1271/713/472 1283/724/520 1282/723/519 1270/712/471
f 1272/714/473 1284/725/521 1283/724/520 1271/713/472
f 1273/715/474 1285/726/522 1284/725/521 1272/714/473
f 1274/716/475 1286/727/523 1285/726/522 1273/715/474
f 1275/717/476 1287/728/524 1286/727/523 1274/716/475
f 1276/718/477 1288/729/525 1287/728/524 1275/717/476
f 1278/719/514 1290/730/454 1289/636/455 1277/632/515
f 1279/720/516 1291/731/456 1290/730/454 1278/719/514
f 1280/721/517 1292/732/457 1291/731/456 1279/720/516
f 1281/722/518 1293/733/458 1292/732/457 1280/721/517
f 1282/723/519 1294/734/459 1293/733/458 1281/722/518
f 1283/724/520 1295/735/460 1294/734/459 1282/723/519
f 1284/725/521 1296/736/461 1295/735/460 1283/724/520
f 1285/726/522 1297/737/462 1296/736/461 1284/725/521
f 1286/727/523 1298/738/463 1297/737/462 1285/726/522
f 1287/728/524 1299/739/464 1298/738/463 1286/727/523
f 1288/729/525 1300/740/465 1299/739/464 1287/728/524
f 1290/730/454 1206/741/526 1205/507/455 1289/636/455
f 1291/731/456 1207/742/528 1206/741/526 1290/730/454
f 1292/732/457 1208/743/530 1207/742/528 1291/731/456
f 1293/733/458 1209/744/546 1208/743/530 1292/732/457
f 1294/734/459 1210/745/547 1209/744/546 1293/733/458
f 1295/735/460 1211/746/548 1210/745/547 1294/734/459
f 1296/736/461 1212/747/549 1211/746/548 1295/735/460
f 1297/737/462 1213/748/540 1212/747/549 1296/736/461
f 1298/738/463 1214/749/542 1213/748/540 1297/737/462
f 1299/739/464 1215/750/544 1214/749/542 1298/738/463
f 1300/740/465 1216/751/465 1215/750/544 1299/739/464
f 1302/653/371 1314/916/551 1313/917/374 1301/509/374
f 1303/655/375 1315/918/552 1314/916/551 1302/653/371
f 1304/657/377 1316/919/553 1315/918/552 1303/655/375
f 1305/659/379 1317/920/554 1316/919/553 1304/657/377
f 1306/661/381 1318/921/555 1317/920/554 1305/659/379
f 1307/663/383 1319/922/556 1318/921/555 1306/661/381
f 1308/665/385 1320/923/557 1319/922/556 1307/663/383
f 1309/667/387 1321/924/558 1320/923/557 1308/665/385
f 1310/669/389 1322/925/559 1321/924/558 1309/667/387
f 1311/671/391 1323/926/560 1322/925/559 1310/669/389
f 1312/673/393 1324/927/393 1323/926/560 1311/671/391
f 1314/916/551 1326/928/526 1325/929/455 1313/917/374
f 1315/918/552 1327/930/528 1326/928/526 1314/916/551
f 1316/919/553 1328/931/530 1327/930/528 1315/918/552
f 1317/920/554 1329/932/532 1328/931/530 1316/919/553
f 1318/921/555 1330/933/547 1329/932/532 1317/920/554
f 1319/922/556 1331/934/548 1330/933/547 1318/921/555
f 1320/923/557 1332/935/549 1331/934/548 1319/922/556
f 1321/924/558 1333/936/540 1332/935/549 1320/923/557
f 1322/925/559 1334/937/542 1333/936/540 1321/924/558
f 1323/926/560 1335/938/544 1334/937/542 1322/925/559
f 1324/927/393 1336/939/465 1335/938/544 1323/926/560
f 1326/928/526 1338/675/454 1337/637/455 1325/929/455
f 1327/930/528 1339/676/456 1338/675/454 1326/928/526
f 1328/931/530 1340/677/457 1339/676/456 1327/930/528
f 1329/932/532 1341/678/458 1340/677/457 1328/931/530
f 1330/933/547 1342/679/459 1341/678/458 1329/932/532
f 1331/934/548 1343/680/460 1342/679/459 1330/933/547
f 1332/935/549 1344/681/461 1343/680/460 1331/934/548
f 1333/936/540 1345/682/462 1344/681/461 1332/935/549
f 1334/937/542 1346/683/463 1345/682/462 1333/936/540
f 1335/938/544 1347/684/464 1346/683/463 1334/937/542
f 1336/939/465 1348/685/465 1347/684/464 1335/938/544
f 1338/675/454 1350/752/371 1349/753/374 1337/637/455
f 1339/676/456 1351/754/375 1350/752/371 1338/675/454
f 1340/677/457 1352/755/377 1351/754/375 1339/676/456
f 1341/678/458 1353/756/379 1352/755/377 1340/677/457
f 1342/679/459 1354/757/381 1353/756/379 1341/678/458
f 1343/680/460 1355/758/383 1354/757/381 1342/679/459
f 1344/681/461 1356/759/385 1355/758/383 1343/680/460
f 1345/682/462 1357/760/387 1356/759/385 1344/681/461
f 1346/683/463 1358/761/389 1357/760/387 1345/682/462
f 1347/684/464 1359/762/391 1358/761/389 1346/683/463
f 1348/685/465 1360/763/393 1359/762/391 1347/684/464
f 1350/752/371 1362/940/466 1361/941/467 1349/753/374
f 1351/754/375 1363/942/468 1362/940/466 1350/752/371
f 1352/755/377 1364/943/469 1363/942/468 1351/754/375
f 1353/756/379 1365/944/470 1364/943/469 1352/755/377
f 1354/757/381 1366/945/471 1365/944/470 1353/756/379
f 1355/758/383 1367/946/472 1366/945/471 1354/757/381
f 1356/759/385 1368/947/473 1367/946/472 1355/758/383
f 1357/760/387 1369/948/474 1368/947/473 1356/759/385
f 1358/761/389 1370/949/475 1369/948/474 1357/760/387
f 1359/762/391 1371/950/476 1370/949/475 1358/761/389
f 1360/763/393 1372/951/477 1371/950/476 1359/762/391
f 1362/940/466 1374/697/514 1373/634/515 1361/941/467
f 1363/942/468 1375/698/516 1374/697/514 1362/940/466
f 1364/943/469 1376/699/517 1375/698/516 1363/942/468
f 1365/944/470 1377/700/518 1376/699/517 1364/943/469
f 1366/945/471 1378/701/519 1377/700/518 1365/944/470
f 1367/946/472 1379/702/520 1378/701/519 1366/945/471
f 1368/947/473 1380/703/521 1379/702/520 1367/946/472
f 1369/948/474 1381/704/522 1380/703/521 1368/947/473
f 1370/949/475 1382/705/523 1381/704/522 1369/948/474
f 1371/950/476 1383/706/524 1382/705/523 1370/949/475
f 1372/951/477 1384/707/525 1383/706/524 1371/950/476
f 1374/697/514 1386/952/527 1385/953/515 1373/634/515
f 1375/698/516 1387/954/529 1386/952/527 1374/697/514
f 1376/699/517 1388/955/531 1387/954/529 1375/698/516
f 1377/700/518 1389/956/561 1388/955/531 1376/699/517
f 1378/701/519 1390/957/562 1389/956/561 1377/700/518
f 1379/702/520 1391/958/563 1390/957/562 1378/701/519
f 1380/703/521 1392/959/539 1391/958/563 1379/702/520
f 1381/704/522 1393/960/541 1392/959/539 1380/703/521
f 1382/705/523 1394/961/543 1393/960/541 1381/704/522
f 1383/706/524 1395/962/545 1394/961/543 1382/705/523
f 1384/707/525 1396/963/525 1395/962/545 1383/706/524
f 1386/952/527 1398/764/564 1397/765/467 1385/953/515
f 1387/954/529 1399/766/565 1398/764/564 1386/952/527
f 1388/955/531 1400/767/566 1399/766/565 1387/954/529
f 1389/956/561 1401/768/567 1400/767/566 1388/955/531
f 1390/957/562 1402/769/568 1401/768/567 1389/956/561
f 1391/958/563 1403/770/569 1402/769/568 1390/957/562
f 1392/959/539 1404/771/570 1403/770/569 1391/958/563
f 1393/960/541 1405/772/571 1404/771/570 1392/959/539
f 1394/961/543 1406/773/572 1405/772/571 1393/960/541
f 1395/962/545 1407/774/573 1406/773/572 1394/961/543
f 1396/963/525 1408/775/477 1407/774/573 1395/962/545
f 1398/764/564 1410/719/466 1409/632/467 1397/765/467
f 1399/766/565 1411/720/468 1410/719/466 1398/764/564
f 1400/767/566 1412/721/469 1411/720/468 1399/766/565
f 1401/768/567 1413/722/470 1412/721/469 1400/767/566
f 1402/769/568 1414/723/471 1413/722/470 1401/768/567
f 1403/770/569 1415/724/472 1414/723/471 1402/769/568
f 1404/771/570 1416/725/473 1415/724/472 1403/770/569
f 1405/772/571 1417/726/474 1416/725/473 1404/771/570
f 1406/773/572 1418/727/475 1417/726/474 1405/772/571
f 1407/774/573 1419/728/476 1418/727/475 1406/773/572
f 1408/775/477 1420/729/477 1419/728/476 1407/774/573
f 1410/719/466 1422/964/514 1421/965/515 1409/632/467
f 1411/720/468 1423/966/516 1422/964/514 1410/719/466
f 1412/721/469 1424/967/517 1423/966/516 1411/720/468
f 1413/722/470 1425/968/518 1424/967/517 1412/721/469
f 1414/723/471 1426/969/519 1425/968/518 1413/722/470
f 1415/724/472 1427/970/520 1426/969/519 1414/723/471
f 1416/725/473 1428/971/521 1427/970/520 1415/724/472
f 1417/726/474 1429/972/522 1428/971/521 1416/725/473
f 1418/727/475 1430/973/523 1429/972/522 1417/726/474
f 1419/728/476 1431/974/524 1430/973/523 1418/727/475
f 1420/729/477 1432/975/525 1431/974/524 1419/728/476
f 1422/964/514 1434/976/454 1433/977/455 1421/965/515
f 1423/966/516 1435/978/456 1434/976/454 1422/964/514
f 1424/967/517 1436/979/457 1435/978/456 1423/966/516
f 1425/968/518 1437/980/458 1436/979/457 1424/967/517
f 1426/969/519 1438/981/459 1437/980/458 1425/968/518
f 1427/970/520 1439/982/460 1438/981/459 1426/969/519
f 1428/971/521 1440/983/461 1439/982/460 1427/970/520
f 1429/972/522 1441/984/462 1440/983/461 1428/971/521
f 1430/973/523 1442/985/463 1441/984/462 1429/972/522
f 1431/974/524 1443/986/464 1442/985/463 1430/973/523
f 1432/975/525 1444/987/465 1443/986/464 1431/974/524
f 1434/976/454 1302/741/371 1301/507/374 1433/977/455
f 1435/978/456 1303/742/375 1302/741/371 1434/976/454
f 1436/979/457 1304/743/377 1303/742/375 1435/978/456
f 1437/980/458 1305/744/379 1304/743/377 1436/979/457
f 1438/981/459 1306/745/381 1305/744/379 1437/980/458
f 1439/982/460 1307/746/383 1306/745/381 1438/981/459
f 1440/983/461 1308/747/385 1307/746/383 1439/982/460
f 1441/984/462 1309/748/387 1308/747/385 1440/983/461
f 1442/985/463 1310/749/389 1309/748/387 1441/984/462
f 1443/986/464 1311/750/391 1310/749/389 1442/985/463
f 1444/987/465 1312/751/393 1311/750/391 1443/986/464
f 1446/653/574 1458/988/575 1457/989/576 1445/509/577
f 1447/655/578 1459/990/579 1458/988/575 1446/653/574
f 1448/657/580 1460/991/581 1459/990/579 1447/655/578
f 1449/659/582 1461/992/583 1460/991/581 1448/657/580
f 1450/661/584 1462/993/585 1461/992/583 1449/659/582
f 1451/663/586 1463/994/587 1462/993/585 1450/661/584
f 1452/665/588 1464/995/589 1463/994/587 1451/663/586
f 1453/667/590 1465/996/591 1464/995/589 1452/665/588
f 1454/669/592 1466/997/593 1465/996/591 1453/667/590
f 1455/671/594 1467/998/595 1466/997/593 1454/669/592
f 1456/673/596 1468/999/597 1467/998/595 1455/671/594
f 1458/988/575 1470/1000/454 1469/1001/455 1457/989/576
f 1459/990/579 1471/1002/456 1470/1000/454 1458/988/575
f 1460/991/581 1472/1003/457 1471/1002/456 1459/990/579
f 1461/992/583 1473/1004/458 1472/1003/457 1460/991/581
f 1462/993/585 1474/1005/459 1473/1004/458 1461/992/583
f 1463/994/587 1475/1006/460 1474/1005/459 1462/993/585
f 1464/995/589 1476/1007/461 1475/1006/460 1463/994/587
f 1465/996/591 1477/1008/462 1476/1007/461 1464/995/589
f 1466/997/593 1478/1009/463 1477/1008/462 1465/996/591
f 1467/998/595 1479/1010/464 1478/1009/463 1466/997/593
f 1468/999/597 1480/1011/465 1479/1010/464 1467/998/595
f 1470/1000/454 1482/752/371 1481/753/374 1469/1001/455
f 1471/1002/456 1483/754/375 1482/752/371 1470/1000/454
f 1472/1003/457 1484/755/377 1483/754/375 1471/1002/456
f 1473/1004/458 1485/756/379 1484/755/377 1472/1003/457
f 1474/1005/459 1486/757/381 1485/756/379 1473/1004/458
f 1475/1006/460 1487/758/383 1486/757/381 1474/1005/459
f 1476/1007/461 1488/759/385 1487/758/383 1475/1006/460
f 1477/1008/462 1489/760/387 1488/759/385 1476/1007/461
f 1478/1009/463 1490/761/389 1489/760/387 1477/1008/462
f 1479/1010/464 1491/762/391 1490/761/389 1478/1009/463
f 1480/1011/465 1492/763/393 1491/762/391 1479/1010/464
f 1482/752/371 1494/1012/598 1493/1013/599 1481/753/374
f 1483/754/375 1495/1014/600 1494/1012/598 1482/752/371
f 1484/755/377 1496/1015/601 1495/1014/600 1483/754/375
f 1485/756/379 1497/1016/602 1496/1015/601 1484/755/377
f 1486/757/381 1498/1017/603 1497/1016/602 1485/756/379
f 1487/758/383 1499/1018/604 1498/1017/603 1486/757/381
f 1488/759/385 1500/1019/605 1499/1018/604 1487/758/383
f 1489/760/387 1501/1020/606 1500/1019/605 1488/759/385
f 1490/761/389 1502/1021/607 1501/1020/606 1489/760/387
f 1491/762/391 1503/1022/608 1502/1021/607 1490/761/389
f 1492/763/393 1504/1023/609 1503/1022/608 1491/762/391
f 1494/1012/598 1506/1024/610 1505/1025/611 1493/1013/599
f 1495/1014/600 1507/1026/612 1506/1024/610 1494/1012/598
f 1496/1015/601 1508/1027/613 1507/1026/612 1495/1014/600
f 1497/1016/602 1509/1028/614 1508/1027/613 1496/1015/601
f 1498/1017/603 1510/1029/615 1509/1028/614 1497/1016/602
f 1499/1018/604 1511/1030/616 1510/1029/615 1498/1017/603
f 1500/1019/605 1512/1031/617 1511/1030/616 1499/1018/604
f 1501/1020/606 1513/1032/618 1512/1031/617 1500/1019/605
f 1502/1021/607 1514/1033/619 1513/1032/618 1501/1020/606
f 1503/1022/608 1515/1034/620 1514/1033/619 1502/1021/607
f 1504/1023/609 1516/1035/621 1515/1034/620 1503/1022/608
f 1506/1024/610 1518/764/622 1517/765/623 1505/1025/611
f 1507/1026/612 1519/766/624 1518/764/622 1506/1024/610
f 1508/1027/613 1520/767/625 1519/766/624 1507/1026/612
f 1509/1028/614 1521/768/626 1520/767/625 1508/1027/613
f 1510/1029/615 1522/769/627 1521/768/626 1509/1028/614
f 1511/1030/616 1523/770/628 1522/769/627 1510/1029/615
f 1512/1031/617 1524/771/629 1523/770/628 1511/1030/616
f 1513/1032/618 1525/772/630 1524/771/629 1512/1031/617
f 1514/1033/619 1526/773/631 1525/772/630 1513/1032/618
f 1515/1034/620 1527/774/632 1526/773/631 1514/1033/619
f 1516/1035/621 1528/775/633 1527/774/632 1515/1034/620
f 1518/764/622 1530/1036/634 1529/1037/635 1517/765/623
f 1519/766/624 1531/1038/636 1530/1036/634 1518/764/622
f 1520/767/625 1532/1039/637 1531/1038/636 1519/766/624
f 1521/768/626 1533/1040/638 1532/1039/637 1520/767/625
f 1522/769/627 1534/1041/639 1533/1040/638 1521/768/626
f 1523/770/628 1535/1042/640 1534/1041/639 1522/769/627
f 1524/771/629 1536/1043/641 1535/1042/640 1523/770/628
f 1525/772/630 1537/1044/642 1536/1043/641 1524/771/629
f 1526/773/631 1538/1045/643 1537/1044/642 1525/772/630
f 1527/774/632 1539/1046/644 1538/1045/643 1526/773/631
f 1528/775/633 1540/1047/645 1539/1046/644 1527/774/632
f 1530/1036/634 1542/1048/646 1541/1049/647 1529/1037/635
f 1531/1038/636 1543/1050/648 1542/1048/646 1530/1036/634
f 1532/1039/637 1544/1051/649 1543/1050/648 1531/1038/636
f 1533/1040/638 1545/1052/650 1544/1051/649 1532/1039/637
f 1534/1041/639 1546/1053/651 1545/1052/650 1533/1040/638
f 1535/1042/640 1547/1054/652 1546/1053/651 1534/1041/639
f 1536/1043/641 1548/1055/653 1547/1054/652 1535/1042/640
f 1537/1044/642 1549/1056/654 1548/1055/653 1536/1043/641
f 1538/1045/643 1550/1057/655 1549/1056/654 1537/1044/642
f 1539/1046/644 1551/1058/656 1550/1057/655 1538/1045/643
f 1540/1047/645 1552/1059/657 1551/1058/656 1539/1046/644
f 1542/1048/646 1446/741/574 1445/507/577 1541/1049/647
f 1543/1050/648 1447/742/578 1446/741/574 1542/1048/646
f 1544/1051/649 1448/743/580 1447/742/578 1543/1050/648
f 1545/1052/650 1449/744/582 1448/743/580 1544/1051/649
f 1546/1053/651 1450/745/584 1449/744/582 1545/1052/650
f 1547/1054/652 1451/746/586 1450/745/584 1546/1053/651
f 1548/1055/653 1452/747/588 1451/746/586 1547/1054/652
f 1549/1056/654 1453/748/590 1452/747/588 1548/1055/653
f 1550/1057/655 1454/749/592 1453/748/590 1549/1056/654
f 1551/1058/656 1455/750/594 1454/749/592 1550/1057/655
f 1552/1059/657 1456/751/596 1455/750/594 1551/1058/656
f 1554/653/658 1566/1060/659 1565/1061/660 1553/509/661
f 1555/655/662 1567/1062/663 1566/1060/659 1554/653/658
f 1556/657/664 1568/1063/665 1567/1062/663 1555/655/662
f 1557/659/666 1569/1064/667 1568/1063/665 1556/657/664
f 1558/661/668 1570/1065/669 1569/1064/667 1557/659/666
f 1559/663/670 1571/1066/671 1570/1065/669 1558/661/668
f 1560/665/672 1572/1067/673 1571/1066/671 1559/663/670
f 1561/667/674 1573/1068/675 1572/1067/673 1560/665/672
f 1562/669/676 1574/1069/677 1573/1068/675 1561/667/674
f 1563/671/678 1575/1070/679 1574/1069/677 1562/669/676
f 1564/673/680 1576/1071/681 1575/1070/679 1563/671/678
f 1566/1060/659 1578/1072/682 1577/1073/683 1565/1061/660
f 1567/1062/663 1579/1074/684 1578/1072/682 1566/1060/659
f 1568/1063/665 1580/1075/685 1579/1074/684 1567/1062/663
f 1569/1064/667 1581/1076/686 1580/1075/685 1568/1063/665
f 1570/1065/669 1582/1077/687 1581/1076/686 1569/1064/667
f 1571/1066/671 1583/1078/688 1582/1077/687 1570/1065/669
f 1572/1067/673 1584/1079/689 1583/1078/688 1571/1066/671
f 1573/1068/675 1585/1080/690 1584/1079/689 1572/1067/673
f 1574/1069/677 1586/1081/691 1585/1080/690 1573/1068/675
f 1575/1070/679 1587/1082/692 1586/1081/691 1574/1069/677
f 1576/1071/681 1588/1083/693 1587/1082/692 1575/1070/679
f 1578/1072/682 1590/1084/694 1589/1085/695 1577/1073/683
f 1579/1074/684 1591/1086/696 1590/1084/694 1578/1072/682
f 1580/1075/685 1592/1087/697 1591/1086/696 1579/1074/684
f 1581/1076/686 1593/1088/698 1592/1087/697 1580/1075/685
f 1582/1077/687 1594/1089/699 1593/1088/698 1581/1076/686
f 1583/1078/688 1595/1090/700 1594/1089/699 1582/1077/687
f 1584/1079/689 1596/1091/701 1595/1090/700 1583/1078/688
f 1585/1080/690 1597/1092/702 1596/1091/701 1584/1079/689
f 1586/1081/691 1598/1093/703 1597/1092/702 1585/1080/690
f 1587/1082/692 1599/1094/704 1598/1093/703 1586/1081/691
f 1588/1083/693 1600/1095/705 1599/1094/704 1587/1082/692
f 1590/1084/694 1602/1096/706 1601/1097/707 1589/1085/695
f 1591/1086/696 1603/1098/708 1602/1096/706 1590/1084/694
f 1592/1087/697 1604/1099/709 1603/1098/708 1591/1086/696
f 1593/1088/698 1605/1100/710 1604/1099/709 1592/1087/697
f 1594/1089/699 1606/1101/711 1605/1100/710 1593/1088/698
f 1595/1090/700 1607/1102/712 1606/1101/711 1594/1089/699
f 1596/1091/701 1608/1103/713 1607/1102/712 1595/1090/700
f 1597/1092/702 1609/1104/714 1608/1103/713 1596/1091/701
f 1598/1093/703 1610/1105/715 1609/1104/714 1597/1092/702
f 1599/1094/704 1611/1106/716 1610/1105/715 1598/1093/703
f 1600/1095/705 1612/1107/717 1611/1106/716 1599/1094/704
f 1602/1096/706 1614/1108/718 1613/1109/719 1601/1097/707
f 1603/1098/708 1615/1110/720 1614/1108/718 1602/1096/706
f 1604/1099/709 1616/1111/721 1615/1110/720 1603/1098/708
f 1605/1100/710 1617/1112/722 1616/1111/721 1604/1099/709
f 1606/1101/711 1618/1113/723 1617/1112/722 1605/1100/710
f 1607/1102/712 1619/1114/724 1618/1113/723 1606/1101/711
f 1608/1103/713 1620/1115/725 1619/1114/724 1607/1102/712
f 1609/1104/714 1621/1116/726 1620/1115/725 1608/1103/713
f 1610/1105/715 1622/1117/727 1621/1116/726 1609/1104/714
f 1611/1106/716 1623/1118/728 1622/1117/727 1610/1105/715
f 1612/1107/717 1624/1119/729 1623/1118/728 1611/1106/716
f 1614/1108/718 1626/1120/730 1625/1121/731 1613/1109/719
f 1615/1110/720 1627/1122/732 1626/1120/730 1614/1108/718
f 1616/1111/721 1628/1123/733 1627/1122/732 1615/1110/720
f 1617/1112/722 1629/1124/734 1628/1123/733 1616/1111/721
f 1618/1113/723 1630/1125/735 1629/1124/734 1617/1112/722
f 1619/1114/724 1631/1126/736 1630/1125/735 1618/1113/723
f 1620/1115/725 1632/1127/737 1631/1126/736 1619/1114/724
f 1621/1116/726 1633/1128/738 1632/1127/737 1620/1115/725
f 1622/1117/727 1634/1129/739 1633/1128/738 1621/1116/726
f 1623/1118/728 1635/1130/740 1634/1129/739 1622/1117/727
f 1624/1119/729 1636/1131/741 1635/1130/740 1623/1118/728
f 1626/1120/730 1638/1132/742 1637/1133/743 1625/1121/731
f 1627/1122/732 1639/1134/744 1638/1132/742 1626/1120/730
f 1628/1123/733 1640/1135/745 1639/1134/744 1627/1122/732
f 1629/1124/734 1641/1136/746 1640/1135/745 1628/1123/733
f 1630/1125/735 1642/1137/747 1641/1136/746 1629/1124/734
f 1631/1126/736 1643/1138/748 1642/1137/747 1630/1125/735
f 1632/1127/737 1644/1139/749 1643/1138/748 1631/1126/736
f 1633/1128/738 1645/1140/750 1644/1139/749 1632/1127/737
f 1634/1129/739 1646/1141/751 1645/1140/750 1633/1128/738
f 1635/1130/740 1647/1142/752 1646/1141/751 1634/1129/739
f 1636/1131/741 1648/1143/753 1647/1142/752 1635/1130/740
f 1638/1132/742 1650/1144/754 1649/1145/755 1637/1133/743
f 1639/1134/744 1651/1146/756 1650/1144/754 1638/1132/742
f 1640/1135/745 1652/1147/757 1651/1146/756 1639/1134/744
f 1641/1136/746 1653/1148/758 1652/1147/757 1640/1135/745
f 1642/1137/747 1654/1149/759 1653/1148/758 1641/1136/746
f 1643/1138/748 1655/1150/760 1654/1149/759 1642/1137/747
f 1644/1139/749 1656/1151/761 1655/1150/760 1643/1138/748
f 1645/1140/750 1657/1152/762 1656/1151/761 1644/1139/749
f 1646/1141/751 1658/1153/763 1657/1152/762 1645/1140/750
f 1647/1142/752 1659/1154/764 1658/1153/763 1646/1141/751
f 1648/1143/753 1660/1155/765 1659/1154/764 1647/1142/752
f 1650/1144/754 1662/1156/766 1661/1157/767 1649/1145/755
f 1651/1146/756 1663/1158/768 1662/1156/766 1650/1144/754
f 1652/1147/757 1664/1159/769 1663/1158/768 1651/1146/756
f 1653/1148/758 1665/1160/770 1664/1159/769 1652/1147/757
f 1654/1149/759 1666/1161/771 1665/1160/770 1653/1148/758
f 1655/1150/760 1667/1162/772 1666/1161/771 1654/1149/759
f 1656/1151/761 1668/1163/773 1667/1162/772 1655/1150/760
f 1657/1152/762 1669/1164/774 1668/1163/773 1656/1151/761
f 1658/1153/763 1670/1165/775 1669/1164/774 1657/1152/762
f 1659/1154/764 1671/1166/776 1670/1165/775 1658/1153/763
f 1660/1155/765 1672/1167/777 1671/1166/776 1659/1154/764
f 1662/1156/766 1674/1168/778 1673/1169/779 1661/1157/767
f 1663/1158/768 1675/1170/780 1674/1168/778 1662/1156/766
f 1664/1159/769 1676/1171/781 1675/1170/780 1663/1158/768
f 1665/1160/770 1677/1172/782 1676/1171/781 1664/1159/769
f 1666/1161/771 1678/1173/783 1677/1172/782 1665/1160/770
f 1667/1162/772 1679/1174/784 1678/1173/783 1666/1161/771
f 1668/1163/773 1680/1175/785 1679/1174/784 1667/1162/772
f 1669/1164/774 1681/1176/786 1680/1175/785 1668/1163/773
f 1670/1165/775 1682/1177/787 1681/1176/786 1669/1164/774
f 1671/1166/776 1683/1178/788 1682/1177/787 1670/1165/775
f 1672/1167/777 1684/1179/789 1683/1178/788 1671/1166/776
f 1674/1168/778 1686/1180/790 1685/1181/791 1673/1169/779
f 1675/1170/780 1687/1182/792 1686/1180/790 1674/1168/778
f 1676/1171/781 1688/1183/793 1687/1182/792 1675/1170/780
f 1677/1172/782 1689/1184/794 1688/1183/793 1676/1171/781
f 1678/1173/783 1690/1185/795 1689/1184/794 1677/1172/782
f 1679/1174/784 1691/1186/796 1690/1185/795 1678/1173/783
f 1680/1175/785 1692/1187/797 1691/1186/796 1679/1174/784
f 1681/1176/786 1693/1188/798 1692/1187/797 1680/1175/785
f 1682/1177/787 1694/1189/799 1693/1188/798 1681/1176/786
f 1683/1178/788 1695/1190/800 1694/1189/799 1682/1177/787
f 1684/1179/789 1696/1191/801 1695/1190/800 1683/1178/788
f 1686/1180/790 1698/1192/802 1697/1193/803 1685/1181/791
f 1687/1182/792 1699/1194/804 1698/1192/802 1686/1180/790
f 1688/1183/793 1700/1195/805 1699/1194/804 1687/1182/792
f 1689/1184/794 1701/1196/806 1700/1195/805 1688/1183/793
f 1690/1185/795 1702/1197/807 1701/1196/806 1689/1184/794
f 1691/1186/796 1703/1198/808 1702/1197/807 1690/1185/795
f 1692/1187/797 1704/1199/809 1703/1198/808 1691/1186/796
f 1693/1188/798 1705/1200/810 1704/1199/809 1692/1187/797
f 1694/1189/799 1706/1201/811 1705/1200/810 1693/1188/798
f 1695/1190/800 1707/1202/812 1706/1201/811 1694/1189/799
f 1696/1191/801 1708/1203/813 1707/1202/812 1695/1190/800
f 1698/1192/802 1710/1204/814 1709/1205/815 1697/1193/803
f 1699/1194/804 1711/1206/816 1710/1204/814 1698/1192/802
f 1700/1195/805 1712/1207/817 1711/1206/816 1699/1194/804
f 1701/1196/806 1713/1208/818 1712/1207/817 1700/1195/805
f 1702/1197/807 1714/1209/819 1713/1208/818 1701/1196/806
f 1703/1198/808 1715/1210/820 1714/1209/819 1702/1197/807
f 1704/1199/809 1716/1211/821 1715/1210/820 1703/1198/808
f 1705/1200/810 1717/1212/822 1716/1211/821 1704/1199/809
f 1706/1201/811 1718/1213/823 1717/1212/822 1705/1200/810
f 1707/1202/812 1719/1214/824 1718/1213/823 1706/1201/811
f 1708/1203/813 1720/1215/825 1719/1214/824 1707/1202/812
f 1710/1204/814 1722/1216/826 1721/1217/827 1709/1205/815
f 1711/1206/816 1723/1218/828 1722/1216/826 1710/1204/814
f 1712/1207/817 1724/1219/829 1723/1218/828 1711/1206/816
f 1713/1208/818 1725/1220/830 1724/1219/829 1712/1207/817
f 1714/1209/819 1726/1221/831 1725/1220/830 1713/1208/818
f 1715/1210/820 1727/1222/832 1726/1221/831 1714/1209/819
f 1716/1211/821 1728/1223/833 1727/1222/832 1715/1210/820
f 1717/1212/822 1729/1224/834 1728/1223/833 1716/1211/821
f 1718/1213/823 1730/1225/835 1729/1224/834 1717/1212/822
f 1719/1214/824 1731/1226/836 1730/1225/835 1718/1213/823
f 1720/1215/825 1732/1227/837 1731/1226/836 1719/1214/824
f 1722/1216/826 1734/1228/838 1733/1229/839 1721/1217/827
f 1723/1218/828 1735/1230/840 1734/1228/838 1722/1216/826
f 1724/1219/829 1736/1231/841 1735/1230/840 1723/1218/828
f 1725/1220/830 1737/1232/842 1736/1231/841 1724/1219/829
f 1726/1221/831 1738/1233/843 1737/1232/842 1725/1220/830
f 1727/1222/832 1739/1234/844 1738/1233/843 1726/1221/831
f 1728/1223/833 1740/1235/845 1739/1234/844 1727/1222/832
f 1729/1224/834 1741/1236/846 1740/1235/845 1728/1223/833
f 1730/1225/835 1742/1237/847 1741/1236/846 1729/1224/834
f 1731/1226/836 1743/1238/848 1742/1237/847 1730/1225/835
f 1732/1227/837 1744/1239/849 1743/1238/848 1731/1226/836
f 1734/1228/838 1746/1240/850 1745/1241/851 1733/1229/839
f 1735/1230/840 1747/1242/852 1746/1240/850 1734/1228/838
f 1736/1231/841 1748/1243/853 1747/1242/852 1735/1230/840
f 1737/1232/842 1749/1244/854 1748/1243/853 1736/1231/841
f 1738/1233/843 1750/1245/855 1749/1244/854 1737/1232/842
f 1739/1234/844 1751/1246/856 1750/1245/855 1738/1233/843
f 1740/1235/845 1752/1247/857 1751/1246/856 1739/1234/844
f 1741/1236/846 1753/1248/858 1752/1247/857 1740/1235/845
f 1742/1237/847 1754/1249/859 1753/1248/858 1741/1236/846
f 1743/1238/848 1755/1250/860 1754/1249/859 1742/1237/847
f 1744/1239/849 1756/1251/861 1755/1250/860 1743/1238/848
f 1746/1240/850 1758/1252/862 1757/1253/863 1745/1241/851
f 1747/1242/852 1759/1254/864 1758/1252/862 1746/1240/850
f 1748/1243/853 1760/1255/865 1759/1254/864 1747/1242/852
f 1749/1244/854 1761/1256/866 1760/1255/865 1748/1243/853
f 1750/1245/855 1762/1257/867 1761/1256/866 1749/1244/854
f 1751/1246/856 1763/1258/868 1762/1257/867 1750/1245/855
f 1752/1247/857 1764/1259/869 1763/1258/868 1751/1246/856
f 1753/1248/858 1765/1260/870 1764/1259/869 1752/1247/857
f 1754/1249/859 1766/1261/871 1765/1260/870 1753/1248/858
f 1755/1250/860 1767/1262/872 1766/1261/871 1754/1249/859
f 1756/1251/861 1768/1263/873 1767/1262/872 1755/1250/860
f 1758/1252/862 1770/1264/874 1769/1265/875 1757/1253/863
f 1759/1254/864 1771/1266/876 1770/1264/874 1758/1252/862
f 1760/1255/865 1772/1267/877 1771/1266/876 1759/1254/864
f 1761/1256/866 1773/1268/878 1772/1267/877 1760/1255/865
f 1762/1257/867 1774/1269/879 1773/1268/878 1761/1256/866
f 1763/1258/868 1775/1270/880 1774/1269/879 1762/1257/867
f 1764/1259/869 1776/1271/881 1775/1270/880 1763/1258/868
f 1765/1260/870 1777/1272/882 1776/1271/881 1764/1259/869
f 1766/1261/871 1778/1273/883 1777/1272/882 1765/1260/870
f 1767/1262/872 1779/1274/884 1778/1273/883 1766/1261/871
f 1768/1263/873 1780/1275/885 1779/1274/884 1767/1262/872
f 1770/1264/874 1782/1276/886 1781/1277/887 1769/1265/875
f 1771/1266/876 1783/1278/888 1782/1276/886 1770/1264/874
f 1772/1267/877 1784/1279/889 1783/1278/888 1771/1266/876
f 1773/1268/878 1785/1280/890 1784/1279/889 1772/1267/877
f 1774/1269/879 1786/1281/891 1785/1280/890 1773/1268/878
f 1775/1270/880 1787/1282/892 1786/1281/891 1774/1269/879
f 1776/1271/881 1788/1283/893 1787/1282/892 1775/1270/880
f 1777/1272/882 1789/1284/894 1788/1283/893 1776/1271/881
f 1778/1273/883 1790/1285/895 1789/1284/894 1777/1272/882
f 1779/1274/884 1791/1286/896 1790/1285/895 1778/1273/883
f 1780/1275/885 1792/1287/897 1791/1286/896 1779/1274/884
f 1782/1276/886 1794/1288/898 1793/1289/899 1781/1277/887
f 1783/1278/888 1795/1290/900 1794/1288/898 1782/1276/886
f 1784/1279/889 1796/1291/901 1795/1290/900 1783/1278/888
f 1785/1280/890 1797/1292/902 1796/1291/901 1784/1279/889
f 1786/1281/891 1798/1293/903 1797/1292/902 1785/1280/890
f 1787/1282/892 1799/1294/904 1798/1293/903 1786/1281/891
f 1788/1283/893 1800/1295/905 1799/1294/904 1787/1282/892
f 1789/1284/894 1801/1296/906 1800/1295/905 1788/1283/893
f 1790/1285/895 1802/1297/907 1801/1296/906 1789/1284/894
f 1791/1286/896 1803/1298/908 1802/1297/907 1790/1285/895
f 1792/1287/897 1804/1299/909 1803/1298/908 1791/1286/896
f 1794/1288/898 1806/1300/910 1805/1301/911 1793/1289/899
f 1795/1290/900 1807/1302/912 1806/1300/910 1794/1288/898
f 1796/1291/901 1808/1303/913 1807/1302/912 1795/1290/900
f 1797/1292/902 1809/1304/914 1808/1303/913 1796/1291/901
f 1798/1293/903 1810/1305/915 1809/1304/914 1797/1292/902
f 1799/1294/904 1811/1306/916 1810/1305/915 1798/1293/903
f 1800/1295/905 1812/1307/917 1811/1306/916 1799/1294/904
f 1801/1296/906 1813/1308/918 1812/1307/917 1800/1295/905
f 1802/1297/907 1814/1309/919 1813/1308/918 1801/1296/906
f 1803/1298/908 1815/1310/920 1814/1309/919 1802/1297/907
f 1804/1299/909 1816/1311/921 1815/1310/920 1803/1298/908
f 1806/1300/910 1818/1312/922 1817/1313/923 1805/1301/911
f 1807/1302/912 1819/1314/924 1818/1312/922 1806/1300/910
f 1808/1303/913 1820/1315/925 1819/1314/924 1807/1302/912
f 1809/1304/914 1821/1316/926 1820/1315/925 1808/1303/913
f 1810/1305/915 1822/1317/927 1821/1316/926 1809/1304/914
f 1811/1306/916 1823/1318/928 1822/1317/927 1810/1305/915
f 1812/1307/917 1824/1319/929 1823/1318/928 1811/1306/916
f 1813/1308/918 1825/1320/930 1824/1319/929 1812/1307/917
f 1814/1309/919 1826/1321/931 1825/1320/930 1813/1308/918
f 1815/1310/920 1827/1322/932 1826/1321/931 1814/1309/919
f 1816/1311/921 1828/1323/933 1827/1322/932 1815/1310/920
f 1818/1312/922 1830/1324/934 1829/1325/935 1817/1313/923
f 1819/1314/924 1831/1326/936 1830/1324/934 1818/1312/922
f 1820/1315/925 1832/1327/937 1831/1326/936 1819/1314/924
f 1821/1316/926 1833/1328/938 1832/1327/937 1820/1315/925
f 1822/1317/927 1834/1329/939 1833/1328/938 1821/1316/926
f 1823/1318/928 1835/1330/940 1834/1329/939 1822/1317/927
f 1824/1319/929 1836/1331/941 1835/1330/940 1823/1318/928
f 1825/1320/930 1837/1332/942 1836/1331/941 1824/1319/929
f 1826/1321/931 1838/1333/943 1837/1332/942 1825/1320/930
f 1827/1322/932 1839/1334/944 1838/1333/943 1826/1321/931
f 1828/1323/933 1840/1335/945 1839/1334/944 1827/1322/932
f 1830/1324/934 1842/1336/946 1841/1337/947 1829/1325/935
f 1831/1326/936 1843/1338/948 1842/1336/946 1830/1324/934
f 1832/1327/937 1844/1339/949 1843/1338/948 1831/1326/936
f 1833/1328/938 1845/1340/950 1844/1339/949 1832/1327/937
f 1834/1329/939 1846/1341/951 1845/1340/950 1833/1328/938
f 1835/1330/940 1847/1342/952 1846/1341/951 1834/1329/939
f 1836/1331/941 1848/1343/953 1847/1342/952 1835/1330/940
f 1837/1332/942 1849/1344/954 1848/1343/953 1836/1331/941
f 1838/1333/943 1850/1345/955 1849/1344/954 1837/1332/942
f 1839/1334/944 1851/1346/956 1850/1345/955 1838/1333/943
f 1840/1335/945 1852/1347/957 1851/1346/956 1839/1334/944
f 1842/1336/946 1854/1348/958 1853/1349/959 1841/1337/947
f 1843/1338/948 1855/1350/960 1854/1348/958 1842/1336/946
f 1844/1339/949 1856/1351/961 1855/1350/960 1843/1338/948
f 1845/1340/950 1857/1352/962 1856/1351/961 1844/1339/949
f 1846/1341/951 1858/1353/963 1857/1352/962 1845/1340/950
f 1847/1342/952 1859/1354/964 1858/1353/963 1846/1341/951
f 1848/1343/953 1860/1355/965 1859/1354/964 1847/1342/952
f 1849/1344/954 1861/1356/966 1860/1355/965 1848/1343/953
f 1850/1345/955 1862/1357/967 1861/1356/966 1849/1344/954
f 1851/1346/956 1863/1358/968 1862/1357/967 1850/1345/955
f 1852/1347/957 1864/1359/969 1863/1358/968 1851/1346/956
f 1854/1348/958 1866/1360/970 1865/1361/971 1853/1349/959
f 1855/1350/960 1867/1362/972 1866/1360/970 1854/1348/958
f 1856/1351/961 1868/1363/973 1867/1362/972 1855/1350/960
f 1857/1352/962 1869/1364/974 1868/1363/973 1856/1351/961
f 1858/1353/963 1870/1365/975 1869/1364/974 1857/1352/962
f 1859/1354/964 1871/1366/976 1870/1365/975 1858/1353/963
f 1860/1355/965 1872/1367/977 1871/1366/976 1859/1354/964
f 1861/1356/966 1873/1368/978 1872/1367/977 1860/1355/965
f 1862/1357/967 1874/1369/979 1873/1368/978 1861/1356/966
f 1863/1358/968 1875/1370/980 1874/1369/979 1862/1357/967
f 1864/1359/969 1876/1371/981 1875/1370/980 1863/1358/968
f 1866/1360/970 1878/1372/982 1877/1373/983 1865/1361/971
f 1867/1362/972 1879/1374/984 1878/1372/982 1866/1360/970
f 1868/1363/973 1880/1375/985 1879/1374/984 1867/1362/972
f 1869/1364/974 1881/1376/986 1880/1375/985 1868/1363/973
f 1870/1365/975 1882/1377/987 1881/1376/986 1869/1364/974
f 1871/1366/976 1883/1378/988 1882/1377/987 1870/1365/975
f 1872/1367/977 1884/1379/989 1883/1378/988 1871/1366/976
f 1873/1368/978 1885/1380/990 1884/1379/989 1872/1367/977
f 1874/1369/979 1886/1381/991 1885/1380/990 1873/1368/978
f 1875/1370/980 1887/1382/992 1886/1381/991 1874/1369/979
f 1876/1371/981 1888/1383/993 1887/1382/992 1875/1370/980
f 1878/1372/982 1890/1384/994 1889/1385/995 1877/1373/983
f 1879/1374/984 1891/1386/996 1890/1384/994 1878/1372/982
f 1880/1375/985 1892/1387/997 1891/1386/996 1879/1374/984
f 1881/1376/986 1893/1388/998 1892/1387/997 1880/1375/985
f 1882/1377/987 1894/1389/999 1893/1388/998 1881/1376/986
f 1883/1378/988 1895/1390/1000 1894/1389/999 1882/1377/987
f 1884/1379/989 1896/1391/1001 1895/1390/1000 1883/1378/988
f 1885/1380/990 1897/1392/1002 1896/1391/1001 1884/1379/989
f 1886/1381/991 1898/1393/1003 1897/1392/1002 1885/1380/990
f 1887/1382/992 1899/1394/1004 1898/1393/1003 1886/1381/991
f 1888/1383/993 1900/1395/1005 1899/1394/1004 1887/1382/992
f 1890/1384/994 1902/1396/1006 1901/1397/1007 1889/1385/995
f 1891/1386/996 1903/1398/1008 1902/1396/1006 1890/1384/994
f 1892/1387/997 1904/1399/1009 1903/1398/1008 1891/1386/996
f 1893/1388/998 1905/1400/1010 1904/1399/1009 1892/1387/997
f 1894/1389/999 1906/1401/1011 1905/1400/1010 1893/1388/998
f 1895/1390/1000 1907/1402/1012 1906/1401/1011 1894/1389/999
f 1896/1391/1001 1908/1403/1013 1907/1402/1012 1895/1390/1000
f 1897/1392/1002 1909/1404/1014 1908/1403/1013 1896/1391/1001
f 1898/1393/1003 1910/1405/1015 1909/1404/1014 1897/1392/1002
f 1899/1394/1004 1911/1406/1016 1910/1405/1015 1898/1393/1003
f 1900/1395/1005 1912/1407/1017 1911/1406/1016 1899/1394/1004
f 1902/1396/1006 1914/1408/1018 1913/1409/1019 1901/1397/1007
f 1903/1398/1008 1915/1410/1020 1914/1408/1018 1902/1396/1006
f 1904/1399/1009 1916/1411/1021 1915/1410/1020 1903/1398/1008
f 1905/1400/1010 1917/1412/1022 1916/1411/1021 1904/1399/1009
f 1906/1401/1011 1918/1413/1023 1917/1412/1022 1905/1400/1010
f 1907/1402/1012 1919/1414/1024 1918/1413/1023 1906/1401/1011
f 1908/1403/1013 1920/1415/1025 1919/1414/1024 1907/1402/1012
f 1909/1404/1014 1921/1416/1026 1920/1415/1025 1908/1403/1013
f 1910/1405/1015 1922/1417/1027 1921/1416/1026 1909/1404/1014
f 1911/1406/1016 1923/1418/1028 1922/1417/1027 1910/1405/1015
f 1912/1407/1017 1924/1419/1029 1923/1418/1028 1911/1406/1016
f 1914/1408/1018 1926/1420/1030 1925/1421/1031 1913/1409/1019
f 1915/1410/1020 1927/1422/1032 1926/1420/1030 1914/1408/1018
f 1916/1411/1021 1928/1423/1033 1927/1422/1032 1915/1410/1020
f 1917/1412/1022 1929/1424/1034 1928/1423/1033 1916/1411/1021
f 1918/1413/1023 1930/1425/1035 1929/1424/1034 1917/1412/1022
f 1919/1414/1024 1931/1426/1036 1930/1425/1035 1918/1413/1023
f 1920/1415/1025 1932/1427/1037 1931/1426/1036 1919/1414/1024
f 1921/1416/1026 1933/1428/1038 1932/1427/1037 1920/1415/1025
f 1922/1417/1027 1934/1429/1039 1933/1428/1038 1921/1416/1026
f 1923/1418/1028 1935/1430/1040 1934/1429/1039 1922/1417/1027
f 1924/1419/1029 1936/1431/1041 1935/1430/1040 1923/1418/1028
f 1926/1420/1030 1938/1432/1042 1937/1433/1043 1925/1421/1031
f 1927/1422/1032 1939/1434/1044 1938/1432/1042 1926/1420/1030
f 1928/1423/1033 1940/1435/1045 1939/1434/1044 1927/1422/1032
f 1929/1424/1034 1941/1436/1046 1940/1435/1045 1928/1423/1033
f 1930/1425/1035 1942/1437/1047 1941/1436/1046 1929/1424/1034
f 1931/1426/1036 1943/1438/1048 1942/1437/1047 1930/1425/1035
f 1932/1427/1037 1944/1439/1049 1943/1438/1048 1931/1426/1036
f 1933/1428/1038 1945/1440/1050 1944/1439/1049 1932/1427/1037
f 1934/1429/1039 1946/1441/1051 1945/1440/1050 1933/1428/1038
f 1935/1430/1040 1947/1442/1052 1946/1441/1051 1934/1429/1039
f 1936/1431/1041 1948/1443/1053 1947/1442/1052 1935/1430/1040
f 1938/1432/1042 1950/1444/1054 1949/1445/1055 1937/1433/1043
f 1939/1434/1044 1951/1446/1056 1950/1444/1054 1938/1432/1042
f 1940/1435/1045 1952/1447/1057 1951/1446/1056 1939/1434/1044
f 1941/1436/1046 1953/1448/1058 1952/1447/1057 1940/1435/1045
f 1942/1437/1047 1954/1449/1059 1953/1448/1058 1941/1436/1046
f 1943/1438/1048 1955/1450/1060 1954/1449/1059 1942/1437/1047
f 1944/1439/1049 1956/1451/1061 1955/1450/1060 1943/1438/1048
f 1945/1440/1050 1957/1452/1062 1956/1451/1061 1944/1439/1049
f 1946/1441/1051 1958/1453/1063 1957/1452/1062 1945/1440/1050
f 1947/1442/1052 1959/1454/1064 1958/1453/1063 1946/1441/1051
f 1948/1443/1053 1960/1455/1065 1959/1454/1064 1947/1442/1052
f 1950/1444/1054 1962/1456/1066 1961/1457/1067 1949/1445/1055
f 1951/1446/1056 1963/1458/1068 1962/1456/1066 1950/1444/1054
f 1952/1447/1057 1964/1459/1069 1963/1458/1068 1951/1446/1056
f 1953/1448/1058 1965/1460/1070 1964/1459/1069 1952/1447/1057
f 1954/1449/1059 1966/1461/1071 1965/1460/1070 1953/1448/1058
f 1955/1450/1060 1967/1462/1072 1966/1461/1071 1954/1449/1059
f 1956/1451/1061 1968/1463/1073 1967/1462/1072 1955/1450/1060
f 1957/1452/1062 1969/1464/1074 1968/1463/1073 1956/1451/1061
f 1958/1453/1063 1970/1465/1075 1969/1464/1074 1957/1452/1062
f 1959/1454/1064 1971/1466/1076 1970/1465/1075 1958/1453/1063
f 1960/1455/1065 1972/1467/1077 1971/1466/1076 1959/1454/1064
f 1962/1456/1066 1974/1468/1078 1973/1469/1079 1961/1457/1067
f 1963/1458/1068 1975/1470/1080 1974/1468/1078 1962/1456/1066
f 1964/1459/1069 1976/1471/1081 1975/1470/1080 1963/1458/1068
f 1965/1460/1070 1977/1472/1082 1976/1471/1081 1964/1459/1069
f 1966/1461/1071 1978/1473/1083 1977/1472/1082 1965/1460/1070
f 1967/1462/1072 1979/1474/1084 1978/1473/1083 1966/1461/1071
f 1968/1463/1073 1980/1475/1085 1979/1474/1084 1967/1462/1072
f 1969/1464/1074 1981/1476/1086 1980/1475/1085 1968/1463/1073
f 1970/1465/1075 1982/1477/1087 1981/1476/1086 1969/1464/1074
f 1971/1466/1076 1983/1478/1088 1982/1477/1087 1970/1465/1075
f 1972/1467/1077 1984/1479/1089 1983/1478/1088 1971/1466/1076
f 1974/1468/1078 1986/1480/1090 1985/1481/1091 1973/1469/1079
f 1975/1470/1080 1987/1482/1092 1986/1480/1090 1974/1468/1078
f 1976/1471/1081 1988/1483/1093 1987/1482/1092 1975/1470/1080
f 1977/1472/1082 1989/1484/1094 1988/1483/1093 1976/1471/1081
f 1978/1473/1083 1990/1485/1095 1989/1484/1094 1977/1472/1082
f 1979/1474/1084 1991/1486/1096 1990/1485/1095 1978/1473/1083
f 1980/1475/1085 1992/1487/1097 1991/1486/1096 1979/1474/1084
f 1981/1476/1086 1993/1488/1098 1992/1487/1097 1980/1475/1085
f 1982/1477/1087 1994/1489/1099 1993/1488/1098 1981/1476/1086
f 1983/1478/1088 1995/1490/1100 1994/1489/1099 1982/1477/1087
f 1984/1479/1089 1996/1491/1101 1995/1490/1100 1983/1478/1088
f 1986/1480/1090 1998/1492/1102 1997/1493/1103 1985/1481/1091
f 1987/1482/1092 1999/1494/1104 1998/1492/1102 1986/1480/1090
f 1988/1483/1093 2000/1495/1105 1999/1494/1104 1987/1482/1092
f 1989/1484/1094 2001/1496/1106 2000/1495/1105 1988/1483/1093
f 1990/1485/1095 2002/1497/1107 2001/1496/1106 1989/1484/1094
f 1991/1486/1096 2003/1498/1108 2002/1497/1107 1990/1485/1095
f 1992/1487/1097 2004/1499/1109 2003/1498/1108 1991/1486/1096
f 1993/1488/1098 2005/1500/1110 2004/1499/1109 1992/1487/1097
f 1994/1489/1099 2006/1501/1111 2005/1500/1110 1993/1488/1098
f 1995/1490/1100 2007/1502/1112 2006/1501/1111 1994/1489/1099
f 1996/1491/1101 2008/1503/1113 2007/1502/1112 1995/1490/1100
f 1998/1492/1102 2010/1504/1114 2009/1505/1115 1997/1493/1103
f 1999/1494/1104 2011/1506/1116 2010/1504/1114 1998/1492/1102
f 2000/1495/1105 2012/1507/1117 2011/1506/1116 1999/1494/1104
f 2001/1496/1106 2013/1508/1118 2012/1507/1117 2000/1495/1105
f 2002/1497/1107 2014/1509/1119 2013/1508/1118 2001/1496/1106
f 2003/1498/1108 2015/1510/1120 2014/1509/1119 2002/1497/1107
f 2004/1499/1109 2016/1511/1121 2015/1510/1120 2003/1498/1108
f 2005/1500/1110 2017/1512/1122 2016/1511/1121 2004/1499/1109
f 2006/1501/1111 2018/1513/1123 2017/1512/1122 2005/1500/1110
f 2007/1502/1112 2019/1514/1124 2018/1513/1123 2006/1501/1111
f 2008/1503/1113 2020/1515/1125 2019/1514/1124 2007/1502/1112
f 2010/1504/1114 2022/1516/1126 2021/1517/1127 2009/1505/1115
f 2011/1506/1116 2023/1518/1128 2022/1516/1126 2010/1504/1114
f 2012/1507/1117 2024/1519/1129 2023/1518/1128 2011/1506/1116
f 2013/1508/1118 2025/1520/1130 2024/1519/1129 2012/1507/1117
f 2014/1509/1119 2026/1521/1131 2025/1520/1130 2013/1508/1118
f 2015/1510/1120 2027/1522/1132 2026/1521/1131 2014/1509/1119
f 2016/1511/1121 2028/1523/1133 2027/1522/1132 2015/1510/1120
f 2017/1512/1122 2029/1524/1134 2028/1523/1133 2016/1511/1121
f 2018/1513/1123 2030/1525/1135 2029/1524/1134 2017/1512/1122
f 2019/1514/1124 2031/1526/1136 2030/1525/1135 2018/1513/1123
f 2020/1515/1125 2032/1527/1137 2031/1526/1136 2019/1514/1124
f 2022/1516/1126 2034/1528/1138 2033/1529/1139 2021/1517/1127
f 2023/1518/1128 2035/1530/1140 2034/1528/1138 2022/1516/1126
f 2024/1519/1129 2036/1531/1141 2035/1530/1140 2023/1518/1128
f 2025/1520/1130 2037/1532/1142 2036/1531/1141 2024/1519/1129
f 2026/1521/1131 2038/1533/1143 2037/1532/1142 2025/1520/1130
f 2027/1522/1132 2039/1534/1144 2038/1533/1143 2026/1521/1131
f 2028/1523/1133 2040/1535/1145 2039/1534/1144 2027/1522/1132
f 2029/1524/1134 2041/1536/1146 2040/1535/1145 2028/1523/1133
f 2030/1525/1135 2042/1537/1147 2041/1536/1146 2029/1524/1134
f 2031/1526/1136 2043/1538/1148 2042/1537/1147 2030/1525/1135
f 2032/1527/1137 2044/1539/1149 2043/1538/1148 2031/1526/1136
f 2034/1528/1138 2046/1540/1150 2045/1541/1151 2033/1529/1139
f 2035/1530/1140 2047/1542/1152 2046/1540/1150 2034/1528/1138
f 2036/1531/1141 2048/1543/1153 2047/1542/1152 2035/1530/1140
f 2037/1532/1142 2049/1544/1154 2048/1543/1153 2036/1531/1141
f 2038/1533/1143 2050/1545/1155 2049/1544/1154 2037/1532/1142
f 2039/1534/1144 2051/1546/1156 2050/1545/1155 2038/1533/1143
f 2040/1535/1145 2052/1547/1157 2051/1546/1156 2039/1534/1144
f 2041/1536/1146 2053/1548/1158 2052/1547/1157 2040/1535/1145
f 2042/1537/1147 2054/1549/1159 2053/1548/1158 2041/1536/1146
f 2043/1538/1148 2055/1550/1160 2054/1549/1159 2042/1537/1147
f 2044/1539/1149 2056/1551/1161 2055/1550/1160 2043/1538/1148
f 2046/1540/1150 2058/1552/1162 2057/1553/1163 2045/1541/1151
f 2047/1542/1152 2059/1554/1164 2058/1552/1162 2046/1540/1150
f 2048/1543/1153 2060/1555/1165 2059/1554/1164 2047/1542/1152
f 2049/1544/1154 2061/1556/1166 2060/1555/1165 2048/1543/1153
f 2050/1545/1155 2062/1557/1167 2061/1556/1166 2049/1544/1154
f 2051/1546/1156 2063/1558/1168 2062/1557/1167 2050/1545/1155
f 2052/1547/1157 2064/1559/1169 2063/1558/1168 2051/1546/1156
f 2053/1548/1158 2065/1560/1170 2064/1559/1169 2052/1547/1157
f 2054/1549/1159 2066/1561/1171 2065/1560/1170 2053/1548/1158
f 2055/1550/1160 2067/1562/1172 2066/1561/1171 2054/1549/1159
f 2056/1551/1161 2068/1563/1173 2067/1562/1172 2055/1550/1160
f 2058/1552/1162 2070/1564/1174 2069/1565/1175 2057/1553/1163
f 2059/1554/1164 2071/1566/1176 2070/1564/1174 2058/1552/1162
f 2060/1555/1165 2072/1567/1177 2071/1566/1176 2059/1554/1164
f 2061/1556/1166 2073/1568/1178 2072/1567/1177 2060/1555/1165
f 2062/1557/1167 2074/1569/1179 2073/1568/1178 2061/1556/1166
f 2063/1558/1168 2075/1570/1180 2074/1569/1179 2062/1557/1167
f 2064/1559/1169 2076/1571/1181 2075/1570/1180 2063/1558/1168
f 2065/1560/1170 2077/1572/1182 2076/1571/1181 2064/1559/1169
f 2066/1561/1171 2078/1573/1183 2077/1572/1182 2065/1560/1170
f 2067/1562/1172 2079/1574/1184 2078/1573/1183 2066/1561/1171
f 2068/1563/1173 2080/1575/1185 2079/1574/1184 2067/1562/1172
f 2070/1564/1174 2082/1576/1186 2081/1577/1187 2069/1565/1175
f 2071/1566/1176 2083/1578/1188 2082/1576/1186 2070/1564/1174
f 2072/1567/1177 2084/1579/1189 2083/1578/1188 2071/1566/1176
f 2073/1568/1178 2085/1580/1190 2084/1579/1189 2072/1567/1177
f 2074/1569/1179 2086/1581/1191 2085/1580/1190 2073/1568/1178
f 2075/1570/1180 2087/1582/1192 2086/1581/1191 2074/1569/1179
f 2076/1571/1181 2088/1583/1193 2087/1582/1192 2075/1570/1180
f 2077/1572/1182 2089/1584/1194 2088/1583/1193 2076/1571/1181
f 2078/1573/1183 2090/1585/1195 2089/1584/1194 2077/1572/1182
f 2079/1574/1184 2091/1586/1196 2090/1585/1195 2078/1573/1183
f 2080/1575/1185 2092/1587/1197 2091/1586/1196 2079/1574/1184
f 2082/1576/1186 2094/1588/1198 2093/1589/1199 2081/1577/1187
f 2083/1578/1188 2095/1590/1200 2094/1588/1198 2082/1576/1186
f 2084/1579/1189 2096/1591/1201 2095/1590/1200 2083/1578/1188
f 2085/1580/1190 2097/1592/1202 2096/1591/1201 2084/1579/1189
f 2086/1581/1191 2098/1593/1203 2097/1592/1202 2085/1580/1190
f 2087/1582/1192 2099/1594/1204 2098/1593/1203 2086/1581/1191
f 2088/1583/1193 2100/1595/1205 2099/1594/1204 2087/1582/1192
f 2089/1584/1194 2101/1596/1206 2100/1595/1205 2088/1583/1193
f 2090/1585/1195 2102/1597/1207 2101/1596/1206 2089/1584/1194
f 2091/1586/1196 2103/1598/1208 2102/1597/1207 2090/1585/1195
f 2092/1587/1197 2104/1599/1209 2103/1598/1208 2091/1586/1196
f 2094/1588/1198 2106/1600/1210 2105/1601/1211 2093/1589/1199
f 2095/1590/1200 2107/1602/1212 2106/1600/1210 2094/1588/1198
f 2096/1591/1201 2108/1603/1213 2107/1602/1212 2095/1590/1200
f 2097/1592/1202 2109/1604/1214 2108/1603/1213 2096/1591/1201
f 2098/1593/1203 2110/1605/1215 2109/1604/1214 2097/1592/1202
f 2099/1594/1204 2111/1606/1216 2110/1605/1215 2098/1593/1203
f 2100/1595/1205 2112/1607/1217 2111/1606/1216 2099/1594/1204
f 2101/1596/1206 2113/1608/1218 2112/1607/1217 2100/1595/1205
f 2102/1597/1207 2114/1609/1219 2113/1608/1218 2101/1596/1206
f 2103/1598/1208 2115/1610/1220 2114/1609/1219 2102/1597/1207
f 2104/1599/1209 2116/1611/1221 2115/1610/1220 2103/1598/1208
f 2106/1600/1210 2118/1612/1222 2117/1613/1223 2105/1601/1211
f 2107/1602/1212 2119/1614/1224 2118/1612/1222 2106/1600/1210
f 2108/1603/1213 2120/1615/1225 2119/1614/1224 2107/1602/1212
f 2109/1604/1214 2121/1616/1226 2120/1615/1225 2108/1603/1213
f 2110/1605/1215 2122/1617/1227 2121/1616/1226 2109/1604/1214
f 2111/1606/1216 2123/1618/1228 2122/1617/1227 2110/1605/1215
f 2112/1607/1217 2124/1619/1229 2123/1618/1228 2111/1606/1216
f 2113/1608/1218 2125/1620/1230 2124/1619/1229 2112/1607/1217
f 2114/1609/1219 2126/1621/1231 2125/1620/1230 2113/1608/1218
f 2115/1610/1220 2127/1622/1232 2126/1621/1231 2114/1609/1219
f 2116/1611/1221 2128/1623/1233 2127/1622/1232 2115/1610/1220
f 2118/1612/1222 2130/1624/1234 2129/1625/1235 2117/1613/1223
f 2119/1614/1224 2131/1626/1236 2130/1624/1234 2118/1612/1222
f 2120/1615/1225 2132/1627/1237 2131/1626/1236 2119/1614/1224
f 2121/1616/1226 2133/1628/1238 2132/1627/1237 2120/1615/1225
f 2122/1617/1227 2134/1629/1239 2133/1628/1238 2121/1616/1226
f 2123/1618/1228 2135/1630/1240 2134/1629/1239 2122/1617/1227
f 2124/1619/1229 2136/1631/1241 2135/1630/1240 2123/1618/1228
f 2125/1620/1230 2137/1632/1242 2136/1631/1241 2124/1619/1229
f 2126/1621/1231 2138/1633/1243 2137/1632/1242 2125/1620/1230
f 2127/1622/1232 2139/1634/1244 2138/1633/1243 2126/1621/1231
f 2128/1623/1233 2140/1635/1245 2139/1634/1244 2127/1622/1232
f 2130/1624/1234 2142/1636/1246 2141/1637/1247 2129/1625/1235
f 2131/1626/1236 2143/1638/1248 2142/1636/1246 2130/1624/1234
f 2132/1627/1237 2144/1639/1249 2143/1638/1248 2131/1626/1236
f 2133/1628/1238 2145/1640/1250 2144/1639/1249 2132/1627/1237
f 2134/1629/1239 2146/1641/1251 2145/1640/1250 2133/1628/1238
f 2135/1630/1240 2147/1642/1252 2146/1641/1251 2134/1629/1239
f 2136/1631/1241 2148/1643/1253 2147/1642/1252 2135/1630/1240
f 2137/1632/1242 2149/1644/1254 2148/1643/1253 2136/1631/1241
f 2138/1633/1243 2150/1645/1255 2149/1644/1254 2137/1632/1242
f 2139/1634/1244 2151/1646/1256 2150/1645/1255 2138/1633/1243
f 2140/1635/1245 2152/1647/1257 2151/1646/1256 2139/1634/1244
f 2142/1636/1246 2154/1648/1258 2153/1649/1259 2141/1637/1247
f 2143/1638/1248 2155/1650/1260 2154/1648/1258 2142/1636/1246
f 2144/1639/1249 2156/1651/1261 2155/1650/1260 2143/1638/1248
f 2145/1640/1250 2157/1652/1262 2156/1651/1261 2144/1639/1249
f 2146/1641/1251 2158/1653/1263 2157/1652/1262 2145/1640/1250
f 2147/1642/1252 2159/1654/1264 2158/1653/1263 2146/1641/1251
f 2148/1643/1253 2160/1655/1265 2159/1654/1264 2147/1642/1252
f 2149/1644/1254 2161/1656/1266 2160/1655/1265 2148/1643/1253
f 2150/1645/1255 2162/1657/1267 2161/1656/1266 2149/1644/1254
f 2151/1646/1256 2163/1658/1268 2162/1657/1267 2150/1645/1255
f 2152/1647/1257 2164/1659/1269 2163/1658/1268 2151/1646/1256
f 2154/1648/1258 2166/1660/1270 2165/1661/1271 2153/1649/1259
f 2155/1650/1260 2167/1662/1272 2166/1660/1270 2154/1648/1258
f 2156/1651/1261 2168/1663/1273 2167/1662/1272 2155/1650/1260
f 2157/1652/1262 2169/1664/1274 2168/1663/1273 2156/1651/1261
f 2158/1653/1263 2170/1665/1275 2169/1664/1274 2157/1652/1262
f 2159/1654/1264 2171/1666/1276 2170/1665/1275 2158/1653/1263
f 2160/1655/1265 2172/1667/1277 2171/1666/1276 2159/1654/1264
f 2161/1656/1266 2173/1668/1278 2172/1667/1277 2160/1655/1265
f 2162/1657/1267 2174/1669/1279 2173/1668/1278 2161/1656/1266
f 2163/1658/1268 2175/1670/1280 2174/1669/1279 2162/1657/1267
f 2164/1659/1269 2176/1671/1281 2175/1670/1280 2163/1658/1268
f 2166/1660/1270 2178/1672/1282 2177/1673/1283 2165/1661/1271
f 2167/1662/1272 2179/1674/1284 2178/1672/1282 2166/1660/1270
f 2168/1663/1273 2180/1675/1285 2179/1674/1284 2167/1662/1272
f 2169/1664/1274 2181/1676/1286 2180/1675/1285 2168/1663/1273
f 2170/1665/1275 2182/1677/1287 2181/1676/1286 2169/1664/1274
f 2171/1666/1276 2183/1678/1288 2182/1677/1287 2170/1665/1275
f 2172/1667/1277 2184/1679/1289 2183/1678/1288 2171/1666/1276
f 2173/1668/1278 2185/1680/1290 2184/1679/1289 2172/1667/1277
f 2174/1669/1279 2186/1681/1291 2185/1680/1290 2173/1668/1278
f 2175/1670/1280 2187/1682/1292 2186/1681/1291 2174/1669/1279
f 2176/1671/1281 2188/1683/1293 2187/1682/1292 2175/1670/1280
f 2178/1672/1282 2190/1684/1294 2189/1685/1295 2177/1673/1283
f 2179/1674/1284 2191/1686/1296 2190/1684/1294 2178/1672/1282
f 2180/1675/1285 2192/1687/1297 2191/1686/1296 2179/1674/1284
f 2181/1676/1286 2193/1688/1298 2192/1687/1297 2180/1675/1285
f 2182/1677/1287 2194/1689/1299 2193/1688/1298 2181/1676/1286
f 2183/1678/1288 2195/1690/1300 2194/1689/1299 2182/1677/1287
f 2184/1679/1289 2196/1691/1301 2195/1690/1300 2183/1678/1288
f 2185/1680/1290 2197/1692/1302 2196/1691/1301 2184/1679/1289
f 2186/1681/1291 2198/1693/1303 2197/1692/1302 2185/1680/1290
f 2187/1682/1292 2199/1694/1304 2198/1693/1303 2186/1681/1291
f 2188/1683/1293 2200/1695/1305 2199/1694/1304 2187/1682/1292
f 2190/1684/1294 2202/1696/1306 2201/1697/1307 2189/1685/1295
f 2191/1686/1296 2203/1698/1308 2202/1696/1306 2190/1684/1294
f 2192/1687/1297 2204/1699/1309 2203/1698/1308 2191/1686/1296
f 2193/1688/1298 2205/1700/1310 2204/1699/1309 2192/1687/1297
f 2194/1689/1299 2206/1701/1311 2205/1700/1310 2193/1688/1298
f 2195/1690/1300 2207/1702/1312 2206/1701/1311 2194/1689/1299
f 2196/1691/1301 2208/1703/1313 2207/1702/1312 2195/1690/1300
f 2197/1692/1302 2209/1704/1314 2208/1703/1313 2196/1691/1301
f 2198/1693/1303 2210/1705/1315 2209/1704/1314 2197/1692/1302
f 2199/1694/1304 2211/1706/1316 2210/1705/1315 2198/1693/1303
f 2200/1695/1305 2212/1707/1317 2211/1706/1316 2199/1694/1304
f 2202/1696/1306 2214/1708/1318 2213/1709/1319 2201/1697/1307
f 2203/1698/1308 2215/1710/1320 2214/1708/1318 2202/1696/1306
f 2204/1699/1309 2216/1711/1321 2215/1710/1320 2203/1698/1308
f 2205/1700/1310 2217/1712/1322 2216/1711/1321 2204/1699/1309
f 2206/1701/1311 2218/1713/1323 2217/1712/1322 2205/1700/1310
f 2207/1702/1312 2219/1714/1324 2218/1713/1323 2206/1701/1311
f 2208/1703/1313 2220/1715/1325 2219/1714/1324 2207/1702/1312
f 2209/1704/1314 2221/1716/1326 2220/1715/1325 2208/1703/1313
f 2210/1705/1315 2222/1717/1327 2221/1716/1326 2209/1704/1314
f 2211/1706/1316 2223/1718/1328 2222/1717/1327 2210/1705/1315
f 2212/1707/1317 2224/1719/1329 2223/1718/1328 2211/1706/1316
f 2214/1708/1318 2226/1720/1330 2225/1721/1331 2213/1709/1319
f 2215/1710/1320 2227/1722/1332 2226/1720/1330 2214/1708/1318
f 2216/1711/1321 2228/1723/1333 2227/1722/1332 2215/1710/1320
f 2217/1712/1322 2229/1724/1334 2228/1723/1333 2216/1711/1321
f 2218/1713/1323 2230/1725/1335 2229/1724/1334 2217/1712/1322
f 2219/1714/1324 2231/1726/1336 2230/1725/1335 2218/1713/1323
f 2220/1715/1325 2232/1727/1337 2231/1726/1336 2219/1714/1324
f 2221/1716/1326 2233/1728/1338 2232/1727/1337 2220/1715/1325
f 2222/1717/1327 2234/1729/1339 2233/1728/1338 2221/1716/1326
f 2223/1718/1328 2235/1730/1340 2234/1729/1339 2222/1717/1327
f 2224/1719/1329 2236/1731/1341 2235/1730/1340 2223/1718/1328
f 2226/1720/1330 2238/1732/1342 2237/1733/1343 2225/1721/1331
f 2227/1722/1332 2239/1734/1344 2238/1732/1342 2226/1720/1330
f 2228/1723/1333 2240/1735/1345 2239/1734/1344 2227/1722/1332
f 2229/1724/1334 2241/1736/1346 2240/1735/1345 2228/1723/1333
f 2230/1725/1335 2242/1737/1347 2241/1736/1346 2229/1724/1334
f 2231/1726/1336 2243/1738/1348 2242/1737/1347 2230/1725/1335
f 2232/1727/1337 2244/1739/1349 2243/1738/1348 2231/1726/1336
f 2233/1728/1338 2245/1740/1350 2244/1739/1349 2232/1727/1337
f 2234/1729/1339 2246/1741/1351 2245/1740/1350 2233/1728/1338
f 2235/1730/1340 2247/1742/1352 2246/1741/1351 2234/1729/1339
f 2236/1731/1341 2248/1743/1353 2247/1742/1352 2235/1730/1340
f 2238/1732/1342 2250/1744/1354 2249/1745/1355 2237/1733/1343
f 2239/1734/1344 2251/1746/1356 2250/1744/1354 2238/1732/1342
f 2240/1735/1345 2252/1747/1357 2251/1746/1356 2239/1734/1344
f 2241/1736/1346 2253/1748/1358 2252/1747/1357 2240/1735/1345
f 2242/1737/1347 2254/1749/1359 2253/1748/1358 2241/1736/1346
f 2243/1738/1348 2255/1750/1360 2254/1749/1359 2242/1737/1347
f 2244/1739/1349 2256/1751/1361 2255/1750/1360 2243/1738/1348
f 2245/1740/1350 2257/1752/1362 2256/1751/1361 2244/1739/1349
f 2246/1741/1351 2258/1753/1363 2257/1752/1362 2245/1740/1350
f 2247/1742/1352 2259/1754/1364 2258/1753/1363 2246/1741/1351
f 2248/1743/1353 2260/1755/1365 2259/1754/1364 2247/1742/1352
f 2250/1744/1354 2262/1756/1366 2261/1757/1367 2249/1745/1355
f 2251/1746/1356 2263/1758/1368 2262/1756/1366 2250/1744/1354
f 2252/1747/1357 2264/1759/1369 2263/1758/1368 2251/1746/1356
f 2253/1748/1358 2265/1760/1370 2264/1759/1369 2252/1747/1357
f 2254/1749/1359 2266/1761/1371 2265/1760/1370 2253/1748/1358
f 2255/1750/1360 2267/1762/1372 2266/1761/1371 2254/1749/1359
f 2256/1751/1361 2268/1763/1373 2267/1762/1372 2255/1750/1360
f 2257/1752/1362 2269/1764/1374 2268/1763/1373 2256/1751/1361
f 2258/1753/1363 2270/1765/1375 2269/1764/1374 2257/1752/1362
f 2259/1754/1364 2271/1766/1376 2270/1765/1375 2258/1753/1363
f 2260/1755/1365 2272/1767/1377 2271/1766/1376 2259/1754/1364
f 2262/1756/1366 2274/1768/1378 2273/1769/1379 2261/1757/1367
f 2263/1758/1368 2275/1770/1380 2274/1768/1378 2262/1756/1366
f 2264/1759/1369 2276/1771/1381 2275/1770/1380 2263/1758/1368
f 2265/1760/1370 2277/1772/1382 2276/1771/1381 2264/1759/1369
f 2266/1761/1371 2278/1773/1383 2277/1772/1382 2265/1760/1370
f 2267/1762/1372 2279/1774/1384 2278/1773/1383 2266/1761/1371
f 2268/1763/1373 2280/1775/1385 2279/1774/1384 2267/1762/1372
f 2269/1764/1374 2281/1776/1386 2280/1775/1385 2268/1763/1373
f 2270/1765/1375 2282/1777/1387 2281/1776/1386 2269/1764/1374
f 2271/1766/1376 2283/1778/1388 2282/1777/1387 2270/1765/1375
f 2272/1767/1377 2284/1779/1389 2283/1778/1388 2271/1766/1376
f 2274/1768/1378 2286/697/1390 2285/634/1391 2273/1769/1379
f 2275/1770/1380 2287/698/1392 2286/697/1390 2274/1768/1378
f 2276/1771/1381 2288/699/1393 2287/698/1392 2275/1770/1380
f 2277/1772/1382 2289/700/1394 2288/699/1393 2276/1771/1381
f 2278/1773/1383 2290/701/1395 2289/700/1394 2277/1772/1382
f 2279/1774/1384 2291/702/1396 2290/701/1395 2278/1773/1383
f 2280/1775/1385 2292/703/1397 2291/702/1396 2279/1774/1384
f 2281/1776/1386 2293/704/1398 2292/703/1397 2280/1775/1385
f 2282/1777/1387 2294/705/1399 2293/704/1398 2281/1776/1386
f 2283/1778/1388 2295/706/1400 2294/705/1399 2282/1777/1387
f 2284/1779/1389 2296/707/1401 2295/706/1400 2283/1778/1388
f 2286/697/1390 2298/1780/1402 2297/1781/1403 2285/634/1391
f 2287/698/1392 2299/1782/1404 2298/1780/1402 2286/697/1390
f 2288/699/1393 2300/1783/1405 2299/1782/1404 2287/698/1392
f 2289/700/1394 2301/1784/1406 2300/1783/1405 2288/699/1393
f 2290/701/1395 2302/1785/1407 2301/1784/1406 2289/700/1394
f 2291/702/1396 2303/1786/1408 2302/1785/1407 2290/701/1395
f 2292/703/1397 2304/1787/1409 2303/1786/1408 2291/702/1396
f 2293/704/1398 2305/1788/1410 2304/1787/1409 2292/703/1397
f 2294/705/1399 2306/1789/1411 2305/1788/1410 2293/704/1398
f 2295/706/1400 2307/1790/1412 2306/1789/1411 2294/705/1399
f 2296/707/1401 2308/1791/1413 2307/1790/1412 2295/706/1400
f 2298/1780/1402 2310/1792/1414 2309/1793/1415 2297/1781/1403
f 2299/1782/1404 2311/1794/1416 2310/1792/1414 2298/1780/1402
f 2300/1783/1405 2312/1795/1417 2311/1794/1416 2299/1782/1404
f 2301/1784/1406 2313/1796/1418 2312/1795/1417 2300/1783/1405
f 2302/1785/1407 2314/1797/1419 2313/1796/1418 2301/1784/1406
f 2303/1786/1408 2315/1798/1420 2314/1797/1419 2302/1785/1407
f 2304/1787/1409 2316/1799/1421 2315/1798/1420 2303/1786/1408
f 2305/1788/1410 2317/1800/1422 2316/1799/1421 2304/1787/1409
f 2306/1789/1411 2318/1801/1423 2317/1800/1422 2305/1788/1410
f 2307/1790/1412 2319/1802/1424 2318/1801/1423 2306/1789/1411
f 2308/1791/1413 2320/1803/1425 2319/1802/1424 2307/1790/1412
f 2310/1792/1414 2322/1804/1426 2321/1805/1427 2309/1793/1415
f 2311/1794/1416 2323/1806/1428 2322/1804/1426 2310/1792/1414
f 2312/1795/1417 2324/1807/1429 2323/1806/1428 2311/1794/1416
f 2313/1796/1418 2325/1808/1430 2324/1807/1429 2312/1795/1417
f 2314/1797/1419 2326/1809/1431 2325/1808/1430 2313/1796/1418
f 2315/1798/1420 2327/1810/1432 2326/1809/1431 2314/1797/1419
f 2316/1799/1421 2328/1811/1433 2327/1810/1432 2315/1798/1420
f 2317/1800/1422 2329/1812/1434 2328/1811/1433 2316/1799/1421
f 2318/1801/1423 2330/1813/1435 2329/1812/1434 2317/1800/1422
f 2319/1802/1424 2331/1814/1436 2330/1813/1435 2318/1801/1423
f 2320/1803/1425 2332/1815/1437 2331/1814/1436 2319/1802/1424
f 2322/1804/1426 2334/1816/1438 2333/1817/1439 2321/1805/1427
f 2323/1806/1428 2335/1818/1440 2334/1816/1438 2322/1804/1426
f 2324/1807/1429 2336/1819/1441 2335/1818/1440 2323/1806/1428
f 2325/1808/1430 2337/1820/1442 2336/1819/1441 2324/1807/1429
f 2326/1809/1431 2338/1821/1443 2337/1820/1442 2325/1808/1430
f 2327/1810/1432 2339/1822/1444 2338/1821/1443 2326/1809/1431
f 2328/1811/1433 2340/1823/1445 2339/1822/1444 2327/1810/1432
f 2329/1812/1434 2341/1824/1446 2340/1823/1445 2328/1811/1433
f 2330/1813/1435 2342/1825/1447 2341/1824/1446 2329/1812/1434
f 2331/1814/1436 2343/1826/1448 2342/1825/1447 2330/1813/1435
f 2332/1815/1437 2344/1827/1449 2343/1826/1448 2331/1814/1436
f 2334/1816/1438 2346/1828/1450 2345/1829/1451 2333/1817/1439
f 2335/1818/1440 2347/1830/1452 2346/1828/1450 2334/1816/1438
f 2336/1819/1441 2348/1831/1453 2347/1830/1452 2335/1818/1440
f 2337/1820/1442 2349/1832/1454 2348/1831/1453 2336/1819/1441
f 2338/1821/1443 2350/1833/1455 2349/1832/1454 2337/1820/1442
f 2339/1822/1444 2351/1834/1456 2350/1833/1455 2338/1821/1443
f 2340/1823/1445 2352/1835/1457 2351/1834/1456 2339/1822/1444
f 2341/1824/1446 2353/1836/1458 2352/1835/1457 2340/1823/1445
f 2342/1825/1447 2354/1837/1459 2353/1836/1458 2341/1824/1446
f 2343/1826/1448 2355/1838/1460 2354/1837/1459 2342/1825/1447
f 2344/1827/1449 2356/1839/1461 2355/1838/1460 2343/1826/1448
f 2346/1828/1450 2358/1840/1462 2357/1841/1463 2345/1829/1451
f 2347/1830/1452 2359/1842/1464 2358/1840/1462 2346/1828/1450
f 2348/1831/1453 2360/1843/1465 2359/1842/1464 2347/1830/1452
f 2349/1832/1454 2361/1844/1466 2360/1843/1465 2348/1831/1453
f 2350/1833/1455 2362/1845/1467 2361/1844/1466 2349/1832/1454
f 2351/1834/1456 2363/1846/1468 2362/1845/1467 2350/1833/1455
f 2352/1835/1457 2364/1847/1469 2363/1846/1468 2351/1834/1456
f 2353/1836/1458 2365/1848/1470 2364/1847/1469 2352/1835/1457
f 2354/1837/1459 2366/1849/1471 2365/1848/1470 2353/1836/1458
f 2355/1838/1460 2367/1850/1472 2366/1849/1471 2354/1837/1459
f 2356/1839/1461 2368/1851/1473 2367/1850/1472 2355/1838/1460
f 2358/1840/1462 2370/1852/1474 2369/1853/1475 2357/1841/1463
f 2359/1842/1464 2371/1854/1476 2370/1852/1474 2358/1840/1462
f 2360/1843/1465 2372/1855/1477 2371/1854/1476 2359/1842/1464
f 2361/1844/1466 2373/1856/1478 2372/1855/1477 2360/1843/1465
f 2362/1845/1467 2374/1857/1479 2373/1856/1478 2361/1844/1466
f 2363/1846/1468 2375/1858/1480 2374/1857/1479 2362/1845/1467
f 2364/1847/1469 2376/1859/1481 2375/1858/1480 2363/1846/1468
f 2365/1848/1470 2377/1860/1482 2376/1859/1481 2364/1847/1469
f 2366/1849/1471 2378/1861/1483 2377/1860/1482 2365/1848/1470
f 2367/1850/1472 2379/1862/1484 2378/1861/1483 2366/1849/1471
f 2368/1851/1473 2380/1863/1485 2379/1862/1484 2367/1850/1472
f 2370/1852/1474 2382/1864/1486 2381/1865/1487 2369/1853/1475
f 2371/1854/1476 2383/1866/1488 2382/1864/1486 2370/1852/1474
f 2372/1855/1477 2384/1867/1489 2383/1866/1488 2371/1854/1476
f 2373/1856/1478 2385/1868/1490 2384/1867/1489 2372/1855/1477
f 2374/1857/1479 2386/1869/1491 2385/1868/1490 2373/1856/1478
f 2375/1858/1480 2387/1870/1492 2386/1869/1491 2374/1857/1479
f 2376/1859/1481 2388/1871/1493 2387/1870/1492 2375/1858/1480
f 2377/1860/1482 2389/1872/1494 2388/1871/1493 2376/1859/1481
f 2378/1861/1483 2390/1873/1495 2389/1872/1494 2377/1860/1482
f 2379/1862/1484 2391/1874/1496 2390/1873/1495 2378/1861/1483
f 2380/1863/1485 2392/1875/1497 2391/1874/1496 2379/1862/1484
f 2382/1864/1486 2394/1876/1498 2393/1877/1499 2381/1865/1487
f 2383/1866/1488 2395/1878/1500 2394/1876/1498 2382/1864/1486
f 2384/1867/1489 2396/1879/1501 2395/1878/1500 2383/1866/1488
f 2385/1868/1490 2397/1880/1502 2396/1879/1501 2384/1867/1489
f 2386/1869/1491 2398/1881/1503 2397/1880/1502 2385/1868/1490
f 2387/1870/1492 2399/1882/1504 2398/1881/1503 2386/1869/1491
f 2388/1871/1493 2400/1883/1505 2399/1882/1504 2387/1870/1492
f 2389/1872/1494 2401/1884/1506 2400/1883/1505 2388/1871/1493
f 2390/1873/1495 2402/1885/1507 2401/1884/1506 2389/1872/1494
f 2391/1874/1496 2403/1886/1508 2402/1885/1507 2390/1873/1495
f 2392/1875/1497 2404/1887/1509 2403/1886/1508 2391/1874/1496
f 2394/1876/1498 2406/1888/1510 2405/1889/1511 2393/1877/1499
f 2395/1878/1500 2407/1890/1512 2406/1888/1510 2394/1876/1498
f 2396/1879/1501 2408/1891/1513 2407/1890/1512 2395/1878/1500
f 2397/1880/1502 2409/1892/1514 2408/1891/1513 2396/1879/1501
f 2398/1881/1503 2410/1893/1515 2409/1892/1514 2397/1880/1502
f 2399/1882/1504 2411/1894/1516 2410/1893/1515 2398/1881/1503
f 2400/1883/1505 2412/1895/1517 2411/1894/1516 2399/1882/1504
f 2401/1884/1506 2413/1896/1518 2412/1895/1517 2400/1883/1505
f 2402/1885/1507 2414/1897/1519 2413/1896/1518 2401/1884/1506
f 2403/1886/1508 2415/1898/1520 2414/1897/1519 2402/1885/1507
f 2404/1887/1509 2416/1899/1521 2415/1898/1520 2403/1886/1508
f 2406/1888/1510 2418/1900/1522 2417/1901/1523 2405/1889/1511
f 2407/1890/1512 2419/1902/1524 2418/1900/1522 2406/1888/1510
f 2408/1891/1513 2420/1903/1525 2419/1902/1524 2407/1890/1512
f 2409/1892/1514 2421/1904/1526 2420/1903/1525 2408/1891/1513
f 2410/1893/1515 2422/1905/1527 2421/1904/1526 2409/1892/1514
f 2411/1894/1516 2423/1906/1528 2422/1905/1527 2410/1893/1515
f 2412/1895/1517 2424/1907/1529 2423/1906/1528 2411/1894/1516
f 2413/1896/1518 2425/1908/1530 2424/1907/1529 2412/1895/1517
f 2414/1897/1519 2426/1909/1531 2425/1908/1530 2413/1896/1518
f 2415/1898/1520 2427/1910/1532 2426/1909/1531 2414/1897/1519
f 2416/1899/1521 2428/1911/1533 2427/1910/1532 2415/1898/1520
f 2418/1900/1522 2430/1912/1534 2429/1913/1535 2417/1901/1523
f 2419/1902/1524 2431/1914/1536 2430/1912/1534 2418/1900/1522
f 2420/1903/1525 2432/1915/1537 2431/1914/1536 2419/1902/1524
f 2421/1904/1526 2433/1916/1538 2432/1915/1537 2420/1903/1525
f 2422/1905/1527 2434/1917/1539 2433/1916/1538 2421/1904/1526
f 2423/1906/1528 2435/1918/1540 2434/1917/1539 2422/1905/1527
f 2424/1907/1529 2436/1919/1541 2435/1918/1540 2423/1906/1528
f 2425/1908/1530 2437/1920/1542 2436/1919/1541 2424/1907/1529
f 2426/1909/1531 2438/1921/1543 2437/1920/1542 2425/1908/1530
f 2427/1910/1532 2439/1922/1544 2438/1921/1543 2426/1909/1531
f 2428/1911/1533 2440/1923/1545 2439/1922/1544 2427/1910/1532
f 2430/1912/1534 2442/1924/1546 2441/1925/1547 2429/1913/1535
f 2431/1914/1536 2443/1926/1548 2442/1924/1546 2430/1912/1534
f 2432/1915/1537 2444/1927/1549 2443/1926/1548 2431/1914/1536
f 2433/1916/1538 2445/1928/1550 2444/1927/1549 2432/1915/1537
f 2434/1917/1539 2446/1929/1551 2445/1928/1550 2433/1916/1538
f 2435/1918/1540 2447/1930/1552 2446/1929/1551 2434/1917/1539
f 2436/1919/1541 2448/1931/1553 2447/1930/1552 2435/1918/1540
f 2437/1920/1542 2449/1932/1554 2448/1931/1553 2436/1919/1541
f 2438/1921/1543 2450/1933/1555 2449/1932/1554 2437/1920/1542
f 2439/1922/1544 2451/1934/1556 2450/1933/1555 2438/1921/1543
f 2440/1923/1545 2452/1935/1557 2451/1934/1556 2439/1922/1544
f 2442/1924/1546 2454/1936/1558 2453/1937/1559 2441/1925/1547
f 2443/1926/1548 2455/1938/1560 2454/1936/1558 2442/1924/1546
f 2444/1927/1549 2456/1939/1561 2455/1938/1560 2443/1926/1548
f 2445/1928/1550 2457/1940/1562 2456/1939/1561 2444/1927/1549
f 2446/1929/1551 2458/1941/1563 2457/1940/1562 2445/1928/1550
f 2447/1930/1552 2459/1942/1564 2458/1941/1563 2446/1929/1551
f 2448/1931/1553 2460/1943/1565 2459/1942/1564 2447/1930/1552
f 2449/1932/1554 2461/1944/1566 2460/1943/1565 2448/1931/1553
f 2450/1933/1555 2462/1945/1567 2461/1944/1566 2449/1932/1554
f 2451/1934/1556 2463/1946/1568 2462/1945/1567 2450/1933/1555
f 2452/1935/1557 2464/1947/1569 2463/1946/1568 2451/1934/1556
f 2454/1936/1558 2466/1948/1570 2465/1949/1571 2453/1937/1559
f 2455/1938/1560 2467/1950/1572 2466/1948/1570 2454/1936/1558
f 2456/1939/1561 2468/1951/1573 2467/1950/1572 2455/1938/1560
f 2457/1940/1562 2469/1952/1574 2468/1951/1573 2456/1939/1561
f 2458/1941/1563 2470/1953/1575 2469/1952/1574 2457/1940/1562
f 2459/1942/1564 2471/1954/1576 2470/1953/1575 2458/1941/1563
f 2460/1943/1565 2472/1955/1577 2471/1954/1576 2459/1942/1564
f 2461/1944/1566 2473/1956/1578 2472/1955/1577 2460/1943/1565
f 2462/1945/1567 2474/1957/1579 2473/1956/1578 2461/1944/1566
f 2463/1946/1568 2475/1958/1580 2474/1957/1579 2462/1945/1567
f 2464/1947/1569 2476/1959/1581 2475/1958/1580 2463/1946/1568
f 2466/1948/1570 2478/1960/1582 2477/1961/1583 2465/1949/1571
f 2467/1950/1572 2479/1962/1584 2478/1960/1582 2466/1948/1570
f 2468/1951/1573 2480/1963/1585 2479/1962/1584 2467/1950/1572
f 2469/1952/1574 2481/1964/1586 2480/1963/1585 2468/1951/1573
f 2470/1953/1575 2482/1965/1587 2481/1964/1586 2469/1952/1574
f 2471/1954/1576 2483/1966/1588 2482/1965/1587 2470/1953/1575
f 2472/1955/1577 2484/1967/1589 2483/1966/1588 2471/1954/1576
f 2473/1956/1578 2485/1968/1590 2484/1967/1589 2472/1955/1577
f 2474/1957/1579 2486/1969/1591 2485/1968/1590 2473/1956/1578
f 2475/1958/1580 2487/1970/1592 2486/1969/1591 2474/1957/1579
f 2476/1959/1581 2488/1971/1593 2487/1970/1592 2475/1958/1580
f 2478/1960/1582 2490/1972/1594 2489/1973/1595 2477/1961/1583
f 2479/1962/1584 2491/1974/1596 2490/1972/1594 2478/1960/1582
f 2480/1963/1585 2492/1975/1597 2491/1974/1596 2479/1962/1584
f 2481/1964/1586 2493/1976/1598 2492/1975/1597 2480/1963/1585
f 2482/1965/1587 2494/1977/1599 2493/1976/1598 2481/1964/1586
f 2483/1966/1588 2495/1978/1600 2494/1977/1599 2482/1965/1587
f 2484/1967/1589 2496/1979/1601 2495/1978/1600 2483/1966/1588
f 2485/1968/1590 2497/1980/1602 2496/1979/1601 2484/1967/1589
f 2486/1969/1591 2498/1981/1603 2497/1980/1602 2485/1968/1590
f 2487/1970/1592 2499/1982/1604 2498/1981/1603 2486/1969/1591
f 2488/1971/1593 2500/1983/1605 2499/1982/1604 2487/1970/1592
f 2490/1972/1594 2502/1984/1606 2501/1985/1607 2489/1973/1595
f 2491/1974/1596 2503/1986/1608 2502/1984/1606 2490/1972/1594
f 2492/1975/1597 2504/1987/1609 2503/1986/1608 2491/1974/1596
f 2493/1976/1598 2505/1988/1610 2504/1987/1609 2492/1975/1597
f 2494/1977/1599 2506/1989/1611 2505/1988/1610 2493/1976/1598
f 2495/1978/1600 2507/1990/1612 2506/1989/1611 2494/1977/1599
f 2496/1979/1601 2508/1991/1613 2507/1990/1612 2495/1978/1600
f 2497/1980/1602 2509/1992/1614 2508/1991/1613 2496/1979/1601
f 2498/1981/1603 2510/1993/1615 2509/1992/1614 2497/1980/1602
f 2499/1982/1604 2511/1994/1616 2510/1993/1615 2498/1981/1603
f 2500/1983/1605 2512/1995/1617 2511/1994/1616 2499/1982/1604
f 2502/1984/1606 2514/1996/1618 2513/1997/1619 2501/1985/1607
f 2503/1986/1608 2515/1998/1620 2514/1996/1618 2502/1984/1606
f 2504/1987/1609 2516/1999/1621 2515/1998/1620 2503/1986/1608
f 2505/1988/1610 2517/2000/1622 2516/1999/1621 2504/1987/1609
f 2506/1989/1611 2518/2001/1623 2517/2000/1622 2505/1988/1610
f 2507/1990/1612 2519/2002/1624 2518/2001/1623 2506/1989/1611
f 2508/1991/1613 2520/2003/1625 2519/2002/1624 2507/1990/1612
f 2509/1992/1614 2521/2004/1626 2520/2003/1625 2508/1991/1613
f 2510/1993/1615 2522/2005/1627 2521/2004/1626 2509/1992/1614
f 2511/1994/1616 2523/2006/1628 2522/2005/1627 2510/1993/1615
f 2512/1995/1617 2524/2007/1629 2523/2006/1628 2511/1994/1616
f 2514/1996/1618 2526/2008/1630 2525/2009/1631 2513/1997/1619
f 2515/1998/1620 2527/2010/1632 2526/2008/1630 2514/1996/1618
f 2516/1999/1621 2528/2011/1633 2527/2010/1632 2515/1998/1620
f 2517/2000/1622 2529/2012/1634 2528/2011/1633 2516/1999/1621
f 2518/2001/1623 2530/2013/1635 2529/2012/1634 2517/2000/1622
f 2519/2002/1624 2531/2014/1636 2530/2013/1635 2518/2001/1623
f 2520/2003/1625 2532/2015/1637 2531/2014/1636 2519/2002/1624
f 2521/2004/1626 2533/2016/1638 2532/2015/1637 2520/2003/1625
f 2522/2005/1627 2534/2017/1639 2533/2016/1638 2521/2004/1626
f 2523/2006/1628 2535/2018/1640 2534/2017/1639 2522/2005/1627
f 2524/2007/1629 2536/2019/1641 2535/2018/1640 2523/2006/1628
f 2526/2008/1630 2538/2020/1642 2537/2021/1643 2525/2009/1631
f 2527/2010/1632 2539/2022/1644 2538/2020/1642 2526/2008/1630
f 2528/2011/1633 2540/2023/1645 2539/2022/1644 2527/2010/1632
f 2529/2012/1634 2541/2024/1646 2540/2023/1645 2528/2011/1633
f 2530/2013/1635 2542/2025/1647 2541/2024/1646 2529/2012/1634
f 2531/2014/1636 2543/2026/1648 2542/2025/1647 2530/2013/1635
f 2532/2015/1637 2544/2027/1649 2543/2026/1648 2531/2014/1636
f 2533/2016/1638 2545/2028/1650 2544/2027/1649 2532/2015/1637
f 2534/2017/1639 2546/2029/1651 2545/2028/1650 2533/2016/1638
f 2535/2018/1640 2547/2030/1652 2546/2029/1651 2534/2017/1639
f 2536/2019/1641 2548/2031/1653 2547/2030/1652 2535/2018/1640
f 2538/2020/1642 2550/2032/1654 2549/2033/1655 2537/2021/1643
f 2539/2022/1644 2551/2034/1656 2550/2032/1654 2538/2020/1642
f 2540/2023/1645 2552/2035/1657 2551/2034/1656 2539/2022/1644
f 2541/2024/1646 2553/2036/1658 2552/2035/1657 2540/2023/1645
f 2542/2025/1647 2554/2037/1659 2553/2036/1658 2541/2024/1646
f 2543/2026/1648 2555/2038/1660 2554/2037/1659 2542/2025/1647
f 2544/2027/1649 2556/2039/1661 2555/2038/1660 2543/2026/1648
f 2545/2028/1650 2557/2040/1662 2556/2039/1661 2544/2027/1649
f 2546/2029/1651 2558/2041/1663 2557/2040/1662 2545/2028/1650
f 2547/2030/1652 2559/2042/1664 2558/2041/1663 2546/2029/1651
f 2548/2031/1653 2560/2043/1665 2559/2042/1664 2547/2030/1652
f 2550/2032/1654 2562/2044/1666 2561/2045/1667 2549/2033/1655
f 2551/2034/1656 2563/2046/1668 2562/2044/1666 2550/2032/1654
f 2552/2035/1657 2564/2047/1669 2563/2046/1668 2551/2034/1656
f 2553/2036/1658 2565/2048/1670 2564/2047/1669 2552/2035/1657
f 2554/2037/1659 2566/2049/1671 2565/2048/1670 2553/2036/1658
f 2555/2038/1660 2567/2050/1672 2566/2049/1671 2554/2037/1659
f 2556/2039/1661 2568/2051/1673 2567/2050/1672 2555/2038/1660
f 2557/2040/1662 2569/2052/1674 2568/2051/1673 2556/2039/1661
f 2558/2041/1663 2570/2053/1675 2569/2052/1674 2557/2040/1662
f 2559/2042/1664 2571/2054/1676 2570/2053/1675 2558/2041/1663
f 2560/2043/1665 2572/2055/1677 2571/2054/1676 2559/2042/1664
f 2562/2044/1666 2574/2056/1678 2573/2057/1679 2561/2045/1667
f 2563/2046/1668 2575/2058/1680 2574/2056/1678 2562/2044/1666
f 2564/2047/1669 2576/2059/1681 2575/2058/1680 2563/2046/1668
f 2565/2048/1670 2577/2060/1682 2576/2059/1681 2564/2047/1669
f 2566/2049/1671 2578/2061/1683 2577/2060/1682 2565/2048/1670
f 2567/2050/1672 2579/2062/1684 2578/2061/1683 2566/2049/1671
f 2568/2051/1673 2580/2063/1685 2579/2062/1684 2567/2050/1672
f 2569/2052/1674 2581/2064/1686 2580/2063/1685 2568/2051/1673
f 2570/2053/1675 2582/2065/1687 2581/2064/1686 2569/2052/1674
f 2571/2054/1676 2583/2066/1688 2582/2065/1687 2570/2053/1675
f 2572/2055/1677 2584/2067/1689 2583/2066/1688 2571/2054/1676
f 2574/2056/1678 2586/2068/1690 2585/2069/1691 2573/2057/1679
f 2575/2058/1680 2587/2070/1692 2586/2068/1690 2574/2056/1678
f 2576/2059/1681 2588/2071/1693 2587/2070/1692 2575/2058/1680
f 2577/2060/1682 2589/2072/1694 2588/2071/1693 2576/2059/1681
f 2578/2061/1683 2590/2073/1695 2589/2072/1694 2577/2060/1682
f 2579/2062/1684 2591/2074/1696 2590/2073/1695 2578/2061/1683
f 2580/2063/1685 2592/2075/1697 2591/2074/1696 2579/2062/1684
f 2581/2064/1686 2593/2076/1698 2592/2075/1697 2580/2063/1685
f 2582/2065/1687 2594/2077/1699 2593/2076/1698 2581/2064/1686
f 2583/2066/1688 2595/2078/1700 2594/2077/1699 2582/2065/1687
f 2584/2067/1689 2596/2079/1701 2595/2078/1700 2583/2066/1688
f 2586/2068/1690 2598/2080/1702 2597/2081/1703 2585/2069/1691
f 2587/2070/1692 2599/2082/1704 2598/2080/1702 2586/2068/1690
f 2588/2071/1693 2600/2083/1705 2599/2082/1704 2587/2070/1692
f 2589/2072/1694 2601/2084/1706 2600/2083/1705 2588/2071/1693
f 2590/2073/1695 2602/2085/1707 2601/2084/1706 2589/2072/1694
f 2591/2074/1696 2603/2086/1708 2602/2085/1707 2590/2073/1695
f 2592/2075/1697 2604/2087/1709 2603/2086/1708 2591/2074/1696
f 2593/2076/1698 2605/2088/1710 2604/2087/1709 2592/2075/1697
f 2594/2077/1699 2606/2089/1711 2605/2088/1710 2593/2076/1698
f 2595/2078/1700 2607/2090/1712 2606/2089/1711 2594/2077/1699
f 2596/2079/1701 2608/2091/1713 2607/2090/1712 2595/2078/1700
f 2598/2080/1702 2610/2092/1714 2609/2093/1715 2597/2081/1703
f 2599/2082/1704 2611/2094/1716 2610/2092/1714 2598/2080/1702
f 2600/2083/1705 2612/2095/1717 2611/2094/1716 2599/2082/1704
f 2601/2084/1706 2613/2096/1718 2612/2095/1717 2600/2083/1705
f 2602/2085/1707 2614/2097/1719 2613/2096/1718 2601/2084/1706
f 2603/2086/1708 2615/2098/1720 2614/2097/1719 2602/2085/1707
f 2604/2087/1709 2616/2099/1721 2615/2098/1720 2603/2086/1708
f 2605/2088/1710 2617/2100/1722 2616/2099/1721 2604/2087/1709
f 2606/2089/1711 2618/2101/1723 2617/2100/1722 2605/2088/1710
f 2607/2090/1712 2619/2102/1724 2618/2101/1723 2606/2089/1711
f 2608/2091/1713 2620/2103/1725 2619/2102/1724 2607/2090/1712
f 2610/2092/1714 2622/2104/1726 2621/2105/1727 2609/2093/1715
f 2611/2094/1716 2623/2106/1728 2622/2104/1726 2610/2092/1714
f 2612/2095/1717 2624/2107/1729 2623/2106/1728 2611/2094/1716
f 2613/2096/1718 2625/2108/1730 2624/2107/1729 2612/2095/1717
f 2614/2097/1719 2626/2109/1731 2625/2108/1730 2613/2096/1718
f 2615/2098/1720 2627/2110/1732 2626/2109/1731 2614/2097/1719
f 2616/2099/1721 2628/2111/1733 2627/2110/1732 2615/2098/1720
f 2617/2100/1722 2629/2112/1734 2628/2111/1733 2616/2099/1721
f 2618/2101/1723 2630/2113/1735 2629/2112/1734 2617/2100/1722
f 2619/2102/1724 2631/2114/1736 2630/2113/1735 2618/2101/1723
f 2620/2103/1725 2632/2115/1737 2631/2114/1736 2619/2102/1724
f 2622/2104/1726 2634/2116/1738 2633/2117/1739 2621/2105/1727
f 2623/2106/1728 2635/2118/1740 2634/2116/1738 2622/2104/1726
f 2624/2107/1729 2636/2119/1741 2635/2118/1740 2623/2106/1728
f 2625/2108/1730 2637/2120/1742 2636/2119/1741 2624/2107/1729
f 2626/2109/1731 2638/2121/1743 2637/2120/1742 2625/2108/1730
f 2627/2110/1732 2639/2122/1744 2638/2121/1743 2626/2109/1731
f 2628/2111/1733 2640/2123/1745 2639/2122/1744 2627/2110/1732
f 2629/2112/1734 2641/2124/1746 2640/2123/1745 2628/2111/1733
f 2630/2113/1735 2642/2125/1747 2641/2124/1746 2629/2112/1734
f 2631/2114/1736 2643/2126/1748 2642/2125/1747 2630/2113/1735
f 2632/2115/1737 2644/2127/1749 2643/2126/1748 2631/2114/1736
f 2634/2116/1738 2646/2128/1750 2645/2129/1355 2633/2117/1739
f 2635/2118/1740 2647/2130/1751 2646/2128/1750 2634/2116/1738
f 2636/2119/1741 2648/2131/1752 2647/2130/1751 2635/2118/1740
f 2637/2120/1742 2649/2132/1753 2648/2131/1752 2636/2119/1741
f 2638/2121/1743 2650/2133/1754 2649/2132/1753 2637/2120/1742
f 2639/2122/1744 2651/2134/1755 2650/2133/1754 2638/2121/1743
f 2640/2123/1745 2652/2135/1756 2651/2134/1755 2639/2122/1744
f 2641/2124/1746 2653/2136/1757 2652/2135/1756 2640/2123/1745
f 2642/2125/1747 2654/2137/1758 2653/2136/1757 2641/2124/1746
f 2643/2126/1748 2655/2138/1759 2654/2137/1758 2642/2125/1747
f 2644/2127/1749 2656/2139/1760 2655/2138/1759 2643/2126/1748
f 2646/2128/1750 2658/2140/1761 2657/2141/1762 2645/2129/1355
f 2647/2130/1751 2659/2142/1763 2658/2140/1761 2646/2128/1750
f 2648/2131/1752 2660/2143/1764 2659/2142/1763 2647/2130/1751
f 2649/2132/1753 2661/2144/1765 2660/2143/1764 2648/2131/1752
f 2650/2133/1754 2662/2145/1766 2661/2144/1765 2649/2132/1753
f 2651/2134/1755 2663/2146/1767 2662/2145/1766 2650/2133/1754
f 2652/2135/1756 2664/2147/1768 2663/2146/1767 2651/2134/1755
f 2653/2136/1757 2665/2148/1769 2664/2147/1768 2652/2135/1756
f 2654/2137/1758 2666/2149/1770 2665/2148/1769 2653/2136/1757
f 2655/2138/1759 2667/2150/1771 2666/2149/1770 2654/2137/1758
f 2656/2139/1760 2668/2151/1772 2667/2150/1771 2655/2138/1759
f 2658/2140/1761 2670/2152/1773 2669/2153/1774 2657/2141/1762
f 2659/2142/1763 2671/2154/1775 2670/2152/1773 2658/2140/1761
f 2660/2143/1764 2672/2155/1776 2671/2154/1775 2659/2142/1763
f 2661/2144/1765 2673/2156/1777 2672/2155/1776 2660/2143/1764
f 2662/2145/1766 2674/2157/1778 2673/2156/1777 2661/2144/1765
f 2663/2146/1767 2675/2158/1779 2674/2157/1778 2662/2145/1766
f 2664/2147/1768 2676/2159/1780 2675/2158/1779 2663/2146/1767
f 2665/2148/1769 2677/2160/1781 2676/2159/1780 2664/2147/1768
f 2666/2149/1770 2678/2161/1782 2677/2160/1781 2665/2148/1769
f 2667/2150/1771 2679/2162/1783 2678/2161/1782 2666/2149/1770
f 2668/2151/1772 2680/2163/1784 2679/2162/1783 2667/2150/1771
f 2670/2152/1773 2682/2164/1785 2681/2165/1786 2669/2153/1774
f 2671/2154/1775 2683/2166/1787 2682/2164/1785 2670/2152/1773
f 2672/2155/1776 2684/2167/1788 2683/2166/1787 2671/2154/1775
f 2673/2156/1777 2685/2168/1789 2684/2167/1788 2672/2155/1776
f 2674/2157/1778 2686/2169/1790 2685/2168/1789 2673/2156/1777
f 2675/2158/1779 2687/2170/1791 2686/2169/1790 2674/2157/1778
f 2676/2159/1780 2688/2171/1792 2687/2170/1791 2675/2158/1779
f 2677/2160/1781 2689/2172/1793 2688/2171/1792 2676/2159/1780
f 2678/2161/1782 2690/2173/1794 2689/2172/1793 2677/2160/1781
f 2679/2162/1783 2691/2174/1795 2690/2173/1794 2678/2161/1782
f 2680/2163/1784 2692/2175/1796 2691/2174/1795 2679/2162/1783
f 2682/2164/1785 2694/2176/1797 2693/2177/1798 2681/2165/1786
f 2683/2166/1787 2695/2178/1799 2694/2176/1797 2682/2164/1785
f 2684/2167/1788 2696/2179/1800 2695/2178/1799 2683/2166/1787
f 2685/2168/1789 2697/2180/1801 2696/2179/1800 2684/2167/1788
f 2686/2169/1790 2698/2181/1802 2697/2180/1801 2685/2168/1789
f 2687/2170/1791 2699/2182/1803 2698/2181/1802 2686/2169/1790
f 2688/2171/1792 2700/2183/1804 2699/2182/1803 2687/2170/1791
f 2689/2172/1793 2701/2184/1805 2700/2183/1804 2688/2171/1792
f 2690/2173/1794 2702/2185/1806 2701/2184/1805 2689/2172/1793
f 2691/2174/1795 2703/2186/1807 2702/2185/1806 2690/2173/1794
f 2692/2175/1796 2704/2187/1808 2703/2186/1807 2691/2174/1795
f 2694/2176/1797 2706/2188/1809 2705/2189/1810 2693/2177/1798
f 2695/2178/1799 2707/2190/1811 2706/2188/1809 2694/2176/1797
f 2696/2179/1800 2708/2191/1812 2707/2190/1811 2695/2178/1799
f 2697/2180/1801 2709/2192/1813 2708/2191/1812 2696/2179/1800
f 2698/2181/1802 2710/2193/1814 2709/2192/1813 2697/2180/1801
f 2699/2182/1803 2711/2194/1815 2710/2193/1814 2698/2181/1802
f 2700/2183/1804 2712/2195/1816 2711/2194/1815 2699/2182/1803
f 2701/2184/1805 2713/2196/1817 2712/2195/1816 2700/2183/1804
f 2702/2185/1806 2714/2197/1818 2713/2196/1817 2701/2184/1805
f 2703/2186/1807 2715/2198/1819 2714/2197/1818 2702/2185/1806
f 2704/2187/1808 2716/2199/1820 2715/2198/1819 2703/2186/1807
f 2706/2188/1809 2718/2200/1821 2717/2201/1822 2705/2189/1810
f 2707/2190/1811 2719/2202/1823 2718/2200/1821 2706/2188/1809
f 2708/2191/1812 2720/2203/1824 2719/2202/1823 2707/2190/1811
f 2709/2192/1813 2721/2204/1825 2720/2203/1824 2708/2191/1812
f 2710/2193/1814 2722/2205/1826 2721/2204/1825 2709/2192/1813
f 2711/2194/1815 2723/2206/1827 2722/2205/1826 2710/2193/1814
f 2712/2195/1816 2724/2207/1828 2723/2206/1827 2711/2194/1815
f 2713/2196/1817 2725/2208/1829 2724/2207/1828 2712/2195/1816
f 2714/2197/1818 2726/2209/1830 2725/2208/1829 2713/2196/1817
f 2715/2198/1819 2727/2210/1831 2726/2209/1830 2714/2197/1818
f 2716/2199/1820 2728/2211/1832 2727/2210/1831 2715/2198/1819
f 2718/2200/1821 2730/2212/1833 2729/2213/1834 2717/2201/1822
f 2719/2202/1823 2731/2214/1835 2730/2212/1833 2718/2200/1821
f 2720/2203/1824 2732/2215/1836 2731/2214/1835 2719/2202/1823
f 2721/2204/1825 2733/2216/1837 2732/2215/1836 2720/2203/1824
f 2722/2205/1826 2734/2217/1838 2733/2216/1837 2721/2204/1825
f 2723/2206/1827 2735/2218/1839 2734/2217/1838 2722/2205/1826
f 2724/2207/1828 2736/2219/1840 2735/2218/1839 2723/2206/1827
f 2725/2208/1829 2737/2220/1841 2736/2219/1840 2724/2207/1828
f 2726/2209/1830 2738/2221/1842 2737/2220/1841 2725/2208/1829
f 2727/2210/1831 2739/2222/1843 2738/2221/1842 2726/2209/1830
f 2728/2211/1832 2740/2223/1844 2739/2222/1843 2727/2210/1831
f 2730/2212/1833 2742/2224/1845 2741/2225/1846 2729/2213/1834
f 2731/2214/1835 2743/2226/1847 2742/2224/1845 2730/2212/1833
f 2732/2215/1836 2744/2227/1848 2743/2226/1847 2731/2214/1835
f 2733/2216/1837 2745/2228/1849 2744/2227/1848 2732/2215/1836
f 2734/2217/1838 2746/2229/1850 2745/2228/1849 2733/2216/1837
f 2735/2218/1839 2747/2230/1851 2746/2229/1850 2734/2217/1838
f 2736/2219/1840 2748/2231/1852 2747/2230/1851 2735/2218/1839
f 2737/2220/1841 2749/2232/1853 2748/2231/1852 2736/2219/1840
f 2738/2221/1842 2750/2233/1854 2749/2232/1853 2737/2220/1841
f 2739/2222/1843 2751/2234/1855 2750/2233/1854 2738/2221/1842
f 2740/2223/1844 2752/2235/1856 2751/2234/1855 2739/2222/1843
f 2742/2224/1845 2754/2236/1857 2753/2237/1858 2741/2225/1846
f 2743/2226/1847 2755/2238/1859 2754/2236/1857 2742/2224/1845
f 2744/2227/1848 2756/2239/1860 2755/2238/1859 2743/2226/1847
f 2745/2228/1849 2757/2240/1861 2756/2239/1860 2744/2227/1848
f 2746/2229/1850 2758/2241/1862 2757/2240/1861 2745/2228/1849
f 2747/2230/1851 2759/2242/1863 2758/2241/1862 2746/2229/1850
f 2748/2231/1852 2760/2243/1864 2759/2242/1863 2747/2230/1851
f 2749/2232/1853 2761/2244/1865 2760/2243/1864 2748/2231/1852
f 2750/2233/1854 2762/2245/1866 2761/2244/1865 2749/2232/1853
f 2751/2234/1855 2763/2246/1867 2762/2245/1866 2750/2233/1854
f 2752/2235/1856 2764/2247/1868 2763/2246/1867 2751/2234/1855
f 2754/2236/1857 2766/2248/1869 2765/2249/1870 2753/2237/1858
f 2755/2238/1859 2767/2250/1871 2766/2248/1869 2754/2236/1857
f 2756/2239/1860 2768/2251/1872 2767/2250/1871 2755/2238/1859
f 2757/2240/1861 2769/2252/1873 2768/2251/1872 2756/2239/1860
f 2758/2241/1862 2770/2253/1874 2769/2252/1873 2757/2240/1861
f 2759/2242/1863 2771/2254/1875 2770/2253/1874 2758/2241/1862
f 2760/2243/1864 2772/2255/1876 2771/2254/1875 2759/2242/1863
f 2761/2244/1865 2773/2256/1877 2772/2255/1876 2760/2243/1864
f 2762/2245/1866 2774/2257/1878 2773/2256/1877 2761/2244/1865
f 2763/2246/1867 2775/2258/1879 2774/2257/1878 2762/2245/1866
f 2764/2247/1868 2776/2259/1880 2775/2258/1879 2763/2246/1867
f 2766/2248/1869 2778/2260/1881 2777/2261/1882 2765/2249/1870
f 2767/2250/1871 2779/2262/1883 2778/2260/1881 2766/2248/1869
f 2768/2251/1872 2780/2263/1884 2779/2262/1883 2767/2250/1871
f 2769/2252/1873 2781/2264/1885 2780/2263/1884 2768/2251/1872
f 2770/2253/1874 2782/2265/1886 2781/2264/1885 2769/2252/1873
f 2771/2254/1875 2783/2266/1887 2782/2265/1886 2770/2253/1874
f 2772/2255/1876 2784/2267/1888 2783/2266/1887 2771/2254/1875
f 2773/2256/1877 2785/2268/1889 2784/2267/1888 2772/2255/1876
f 2774/2257/1878 2786/2269/1890 2785/2268/1889 2773/2256/1877
f 2775/2258/1879 2787/2270/1891 2786/2269/1890 2774/2257/1878
f 2776/2259/1880 2788/2271/1892 2787/2270/1891 2775/2258/1879
f 2778/2260/1881 2790/2272/1893 2789/2273/1894 2777/2261/1882
f 2779/2262/1883 2791/2274/1895 2790/2272/1893 2778/2260/1881
f 2780/2263/1884 2792/2275/1896 2791/2274/1895 2779/2262/1883
f 2781/2264/1885 2793/2276/1897 2792/2275/1896 2780/2263/1884
f 2782/2265/1886 2794/2277/1898 2793/2276/1897 2781/2264/1885
f 2783/2266/1887 2795/2278/1899 2794/2277/1898 2782/2265/1886
f 2784/2267/1888 2796/2279/1900 2795/2278/1899 2783/2266/1887
f 2785/2268/1889 2797/2280/1901 2796/2279/1900 2784/2267/1888
f 2786/2269/1890 2798/2281/1902 2797/2280/1901 2785/2268/1889
f 2787/2270/1891 2799/2282/1903 2798/2281/1902 2786/2269/1890
f 2788/2271/1892 2800/2283/1904 2799/2282/1903 2787/2270/1891
f 2790/2272/1893 2802/2284/1905 2801/2285/1906 2789/2273/1894
f 2791/2274/1895 2803/2286/1907 2802/2284/1905 2790/2272/1893
f 2792/2275/1896 2804/2287/1908 2803/2286/1907 2791/2274/1895
f 2793/2276/1897 2805/2288/1909 2804/2287/1908 2792/2275/1896
f 2794/2277/1898 2806/2289/1910 2805/2288/1909 2793/2276/1897
f 2795/2278/1899 2807/2290/1911 2806/2289/1910 2794/2277/1898
f 2796/2279/1900 2808/2291/1912 2807/2290/1911 2795/2278/1899
f 2797/2280/1901 2809/2292/1913 2808/2291/1912 2796/2279/1900
f 2798/2281/1902 2810/2293/1914 2809/2292/1913 2797/2280/1901
f 2799/2282/1903 2811/2294/1915 2810/2293/1914 2798/2281/1902
f 2800/2283/1904 2812/2295/1916 2811/2294/1915 2799/2282/1903
f 2802/2284/1905 2814/2296/1917 2813/2297/1918 2801/2285/1906
f 2803/2286/1907 2815/2298/1919 2814/2296/1917 2802/2284/1905
f 2804/2287/1908 2816/2299/1920 2815/2298/1919 2803/2286/1907
f 2805/2288/1909 2817/2300/1921 2816/2299/1920 2804/2287/1908
f 2806/2289/1910 2818/2301/1922 2817/2300/1921 2805/2288/1909
f 2807/2290/1911 2819/2302/1923 2818/2301/1922 2806/2289/1910
f 2808/2291/1912 2820/2303/1924 2819/2302/1923 2807/2290/1911
f 2809/2292/1913 2821/2304/1925 2820/2303/1924 2808/2291/1912
f 2810/2293/1914 2822/2305/1926 2821/2304/1925 2809/2292/1913
f 2811/2294/1915 2823/2306/1927 2822/2305/1926 2810/2293/1914
f 2812/2295/1916 2824/2307/1928 2823/2306/1927 2811/2294/1915
f 2814/2296/1917 2826/2308/1929 2825/2309/1930 2813/2297/1918
f 2815/2298/1919 2827/2310/1931 2826/2308/1929 2814/2296/1917
f 2816/2299/1920 2828/2311/1932 2827/2310/1931 2815/2298/1919
f 2817/2300/1921 2829/2312/1933 2828/2311/1932 2816/2299/1920
f 2818/2301/1922 2830/2313/1934 2829/2312/1933 2817/2300/1921
f 2819/2302/1923 2831/2314/1935 2830/2313/1934 2818/2301/1922
f 2820/2303/1924 2832/2315/1936 2831/2314/1935 2819/2302/1923
f 2821/2304/1925 2833/2316/1937 2832/2315/1936 2820/2303/1924
f 2822/2305/1926 2834/2317/1938 2833/2316/1937 2821/2304/1925
f 2823/2306/1927 2835/2318/1939 2834/2317/1938 2822/2305/1926
f 2824/2307/1928 2836/2319/1940 2835/2318/1939 2823/2306/1927
f 2826/2308/1929 2838/2320/1941 2837/2321/1942 2825/2309/1930
f 2827/2310/1931 2839/2322/1943 2838/2320/1941 2826/2308/1929
f 2828/2311/1932 2840/2323/1944 2839/2322/1943 2827/2310/1931
f 2829/2312/1933 2841/2324/1945 2840/2323/1944 2828/2311/1932
f 2830/2313/1934 2842/2325/1946 2841/2324/1945 2829/2312/1933
f 2831/2314/1935 2843/2326/1947 2842/2325/1946 2830/2313/1934
f 2832/2315/1936 2844/2327/1948 2843/2326/1947 2831/2314/1935
f 2833/2316/1937 2845/2328/1949 2844/2327/1948 2832/2315/1936
f 2834/2317/1938 2846/2329/1950 2845/2328/1949 2833/2316/1937
f 2835/2318/1939 2847/2330/1951 2846/2329/1950 2834/2317/1938
f 2836/2319/1940 2848/2331/1952 2847/2330/1951 2835/2318/1939
f 2838/2320/1941 2850/2332/1953 2849/2333/1954 2837/2321/1942
f 2839/2322/1943 2851/2334/1955 2850/2332/1953 2838/2320/1941
f 2840/2323/1944 2852/2335/1956 2851/2334/1955 2839/2322/1943
f 2841/2324/1945 2853/2336/1957 2852/2335/1956 2840/2323/1944
f 2842/2325/1946 2854/2337/1958 2853/2336/1957 2841/2324/1945
f 2843/2326/1947 2855/2338/1959 2854/2337/1958 2842/2325/1946
f 2844/2327/1948 2856/2339/1960 2855/2338/1959 2843/2326/1947
f 2845/2328/1949 2857/2340/1961 2856/2339/1960 2844/2327/1948
f 2846/2329/1950 2858/2341/1962 2857/2340/1961 2845/2328/1949
f 2847/2330/1951 2859/2342/1963 2858/2341/1962 2846/2329/1950
f 2848/2331/1952 2860/2343/1964 2859/2342/1963 2847/2330/1951
f 2850/2332/1953 2862/2344/1965 2861/2345/1966 2849/2333/1954
f 2851/2334/1955 2863/2346/1967 2862/2344/1965 2850/2332/1953
f 2852/2335/1956 2864/2347/1968 2863/2346/1967 2851/2334/1955
f 2853/2336/1957 2865/2348/1969 2864/2347/1968 2852/2335/1956
f 2854/2337/1958 2866/2349/1970 2865/2348/1969 2853/2336/1957
f 2855/2338/1959 2867/2350/1971 2866/2349/1970 2854/2337/1958
f 2856/2339/1960 2868/2351/1972 2867/2350/1971 2855/2338/1959
f 2857/2340/1961 2869/2352/1973 2868/2351/1972 2856/2339/1960
f 2858/2341/1962 2870/2353/1974 2869/2352/1973 2857/2340/1961
f 2859/2342/1963 2871/2354/1975 2870/2353/1974 2858/2341/1962
f 2860/2343/1964 2872/2355/1976 2871/2354/1975 2859/2342/1963
f 2862/2344/1965 2874/2356/1977 2873/2357/1978 2861/2345/1966
f 2863/2346/1967 2875/2358/1979 2874/2356/1977 2862/2344/1965
f 2864/2347/1968 2876/2359/1980 2875/2358/1979 2863/2346/1967
f 2865/2348/1969 2877/2360/1981 2876/2359/1980 2864/2347/1968
f 2866/2349/1970 2878/2361/1982 2877/2360/1981 2865/2348/1969
f 2867/2350/1971 2879/2362/1983 2878/2361/1982 2866/2349/1970
f 2868/2351/1972 2880/2363/1984 2879/2362/1983 2867/2350/1971
f 2869/2352/1973 2881/2364/1985 2880/2363/1984 2868/2351/1972
f 2870/2353/1974 2882/2365/1986 2881/2364/1985 2869/2352/1973
f 2871/2354/1975 2883/2366/1987 2882/2365/1986 2870/2353/1974
f 2872/2355/1976 2884/2367/1988 2883/2366/1987 2871/2354/1975
f 2874/2356/1977 2886/2368/1989 2885/2369/1990 2873/2357/1978
f 2875/2358/1979 2887/2370/1991 2886/2368/1989 2874/2356/1977
f 2876/2359/1980 2888/2371/1992 2887/2370/1991 2875/2358/1979
f 2877/2360/1981 2889/2372/1993 2888/2371/1992 2876/2359/1980
f 2878/2361/1982 2890/2373/1994 2889/2372/1993 2877/2360/1981
f 2879/2362/1983 2891/2374/1995 2890/2373/1994 2878/2361/1982
f 2880/2363/1984 2892/2375/1996 2891/2374/1995 2879/2362/1983
f 2881/2364/1985 2893/2376/1997 2892/2375/1996 2880/2363/1984
f 2882/2365/1986 2894/2377/1998 2893/2376/1997 2881/2364/1985
f 2883/2366/1987 2895/2378/1999 2894/2377/1998 2882/2365/1986
f 2884/2367/1988 2896/2379/2000 2895/2378/1999 2883/2366/1987
f 2886/2368/1989 2898/2380/2001 2897/2381/2002 2885/2369/1990
f 2887/2370/1991 2899/2382/2003 2898/2380/2001 2886/2368/1989
f 2888/2371/1992 2900/2383/2004 2899/2382/2003 2887/2370/1991
f 2889/2372/1993 2901/2384/2005 2900/2383/2004 2888/2371/1992
f 2890/2373/1994 2902/2385/2006 2901/2384/2005 2889/2372/1993
f 2891/2374/1995 2903/2386/2007 2902/2385/2006 2890/2373/1994
f 2892/2375/1996 2904/2387/2008 2903/2386/2007 2891/2374/1995
f 2893/2376/1997 2905/2388/2009 2904/2387/2008 2892/2375/1996
f 2894/2377/1998 2906/2389/2010 2905/2388/2009 2893/2376/1997
f 2895/2378/1999 2907/2390/2011 2906/2389/2010 2894/2377/1998
f 2896/2379/2000 2908/2391/2012 2907/2390/2011 2895/2378/1999
f 2898/2380/2001 2910/2392/2013 2909/2393/2014 2897/2381/2002
f 2899/2382/2003 2911/2394/2015 2910/2392/2013 2898/2380/2001
f 2900/2383/2004 2912/2395/2016 2911/2394/2015 2899/2382/2003
f 2901/2384/2005 2913/2396/2017 2912/2395/2016 2900/2383/2004
f 2902/2385/2006 2914/2397/2018 2913/2396/2017 2901/2384/2005
f 2903/2386/2007 2915/2398/2019 2914/2397/2018 2902/2385/2006
f 2904/2387/2008 2916/2399/2020 2915/2398/2019 2903/2386/2007
f 2905/2388/2009 2917/2400/2021 2916/2399/2020 2904/2387/2008
f 2906/2389/2010 2918/2401/2022 2917/2400/2021 2905/2388/2009
f 2907/2390/2011 2919/2402/2023 2918/2401/2022 2906/2389/2010
f 2908/2391/2012 2920/2403/2024 2919/2402/2023 2907/2390/2011
f 2910/2392/2013 2922/2404/2025 2921/2405/2026 2909/2393/2014
f 2911/2394/2015 2923/2406/2027 2922/2404/2025 2910/2392/2013
f 2912/2395/2016 2924/2407/2028 2923/2406/2027 2911/2394/2015
f 2913/2396/2017 2925/2408/2029 2924/2407/2028 2912/2395/2016
f 2914/2397/2018 2926/2409/2030 2925/2408/2029 2913/2396/2017
f 2915/2398/2019 2927/2410/2031 2926/2409/2030 2914/2397/2018
f 2916/2399/2020 2928/2411/2032 2927/2410/2031 2915/2398/2019
f 2917/2400/2021 2929/2412/2033 2928/2411/2032 2916/2399/2020
f 2918/2401/2022 2930/2413/2034 2929/2412/2033 2917/2400/2021
f 2919/2402/2023 2931/2414/2035 2930/2413/2034 2918/2401/2022
f 2920/2403/2024 2932/2415/2036 2931/2414/2035 2919/2402/2023
f 2922/2404/2025 2934/2416/2037 2933/2417/2038 2921/2405/2026
f 2923/2406/2027 2935/2418/2039 2934/2416/2037 2922/2404/2025
f 2924/2407/2028 2936/2419/2040 2935/2418/2039 2923/2406/2027
f 2925/2408/2029 2937/2420/2041 2936/2419/2040 2924/2407/2028
f 2926/2409/2030 2938/2421/2042 2937/2420/2041 2925/2408/2029
f 2927/2410/2031 2939/2422/2043 2938/2421/2042 2926/2409/2030
f 2928/2411/2032 2940/2423/2044 2939/2422/2043 2927/2410/2031
f 2929/2412/2033 2941/2424/2045 2940/2423/2044 2928/2411/2032
f 2930/2413/2034 2942/2425/2046 2941/2424/2045 2929/2412/2033
f 2931/2414/2035 2943/2426/2047 2942/2425/2046 2930/2413/2034
f 2932/2415/2036 2944/2427/2048 2943/2426/2047 2931/2414/2035
f 2934/2416/2037 2946/2428/2049 2945/2429/2050 2933/2417/2038
f 2935/2418/2039 2947/2430/2051 2946/2428/2049 2934/2416/2037
f 2936/2419/2040 2948/2431/2052 2947/2430/2051 2935/2418/2039
f 2937/2420/2041 2949/2432/2053 2948/2431/2052 2936/2419/2040
f 2938/2421/2042 2950/2433/2054 2949/2432/2053 2937/2420/2041
f 2939/2422/2043 2951/2434/2055 2950/2433/2054 2938/2421/2042
f 2940/2423/2044 2952/2435/2056 2951/2434/2055 2939/2422/2043
f 2941/2424/2045 2953/2436/2057 2952/2435/2056 2940/2423/2044
f 2942/2425/2046 2954/2437/2058 2953/2436/2057 2941/2424/2045
f 2943/2426/2047 2955/2438/2059 2954/2437/2058 2942/2425/2046
f 2944/2427/2048 2956/2439/2060 2955/2438/2059 2943/2426/2047
f 2946/2428/2049 2958/2440/2061 2957/2441/2062 2945/2429/2050
f 2947/2430/2051 2959/2442/2063 2958/2440/2061 2946/2428/2049
f 2948/2431/2052 2960/2443/2064 2959/2442/2063 2947/2430/2051
f 2949/2432/2053 2961/2444/2065 2960/2443/2064 2948/2431/2052
f 2950/2433/2054 2962/2445/2066 2961/2444/2065 2949/2432/2053
f 2951/2434/2055 2963/2446/2067 2962/2445/2066 2950/2433/2054
f 2952/2435/2056 2964/2447/2068 2963/2446/2067 2951/2434/2055
f 2953/2436/2057 2965/2448/2069 2964/2447/2068 2952/2435/2056
f 2954/2437/2058 2966/2449/2070 2965/2448/2069 2953/2436/2057
f 2955/2438/2059 2967/2450/2071 2966/2449/2070 2954/2437/2058
f 2956/2439/2060 2968/2451/2072 2967/2450/2071 2955/2438/2059
f 2958/2440/2061 2970/2452/2073 2969/2453/2074 2957/2441/2062
f 2959/2442/2063 2971/2454/2075 2970/2452/2073 2958/2440/2061
f 2960/2443/2064 2972/2455/2076 2971/2454/2075 2959/2442/2063
f 2961/2444/2065 2973/2456/2077 2972/2455/2076 2960/2443/2064
f 2962/2445/2066 2974/2457/2078 2973/2456/2077 2961/2444/2065
f 2963/2446/2067 2975/2458/2079 2974/2457/2078 2962/2445/2066
f 2964/2447/2068 2976/2459/2080 2975/2458/2079 2963/2446/2067
f 2965/2448/2069 2977/2460/2081 2976/2459/2080 2964/2447/2068
f 2966/2449/2070 2978/2461/2082 2977/2460/2081 2965/2448/2069
f 2967/2450/2071 2979/2462/2083 2978/2461/2082 2966/2449/2070
f 2968/2451/2072 2980/2463/2084 2979/2462/2083 2967/2450/2071
f 2970/2452/2073 2982/2464/2085 2981/2465/2086 2969/2453/2074
f 2971/2454/2075 2983/2466/2087 2982/2464/2085 2970/2452/2073
f 2972/2455/2076 2984/2467/2088 2983/2466/2087 2971/2454/2075
f 2973/2456/2077 2985/2468/2089 2984/2467/2088 2972/2455/2076
f 2974/2457/2078 2986/2469/2090 2985/2468/2089 2973/2456/2077
f 2975/2458/2079 2987/2470/2091 2986/2469/2090 2974/2457/2078
f 2976/2459/2080 2988/2471/2092 2987/2470/2091 2975/2458/2079
f 2977/2460/2081 2989/2472/2093 2988/2471/2092 2976/2459/2080
f 2978/2461/2082 2990/2473/2094 2989/2472/2093 2977/2460/2081
f 2979/2462/2083 2991/2474/2095 2990/2473/2094 2978/2461/2082
f 2980/2463/2084 2992/2475/2096 2991/2474/2095 2979/2462/2083
f 2982/2464/2085 2994/2476/2097 2993/2477/2098 2981/2465/2086
f 2983/2466/2087 2995/2478/2099 2994/2476/2097 2982/2464/2085
f 2984/2467/2088 2996/2479/2100 2995/2478/2099 2983/2466/2087
f 2985/2468/2089 2997/2480/2101 2996/2479/2100 2984/2467/2088
f 2986/2469/2090 2998/2481/2102 2997/2480/2101 2985/2468/2089
f 2987/2470/2091 2999/2482/2103 2998/2481/2102 2986/2469/2090
f 2988/2471/2092 3000/2483/2104 2999/2482/2103 2987/2470/2091
f 2989/2472/2093 3001/2484/2105 3000/2483/2104 2988/2471/2092
f 2990/2473/2094 3002/2485/2106 3001/2484/2105 2989/2472/2093
f 2991/2474/2095 3003/2486/2107 3002/2485/2106 2990/2473/2094
f 2992/2475/2096 3004/2487/2108 3003/2486/2107 2991/2474/2095
f 2994/2476/2097 3006/2488/2109 3005/2489/2110 2993/2477/2098
f 2995/2478/2099 3007/2490/2111 3006/2488/2109 2994/2476/2097
f 2996/2479/2100 3008/2491/2112 3007/2490/2111 2995/2478/2099
f 2997/2480/2101 3009/2492/2113 3008/2491/2112 2996/2479/2100
f 2998/2481/2102 3010/2493/2114 3009/2492/2113 2997/2480/2101
f 2999/2482/2103 3011/2494/2115 3010/2493/2114 2998/2481/2102
f 3000/2483/2104 3012/2495/2116 3011/2494/2115 2999/2482/2103
f 3001/2484/2105 3013/2496/2117 3012/2495/2116 3000/2483/2104
f 3002/2485/2106 3014/2497/2118 3013/2496/2117 3001/2484/2105
f 3003/2486/2107 3015/2498/2119 3014/2497/2118 3002/2485/2106
f 3004/2487/2108 3016/2499/2120 3015/2498/2119 3003/2486/2107
f 3006/2488/2109 1554/741/658 1553/507/661 3005/2489/2110
f 3007/2490/2111 1555/742/662 1554/741/658 3006/2488/2109
f 3008/2491/2112 1556/743/664 1555/742/662 3007/2490/2111
f 3009/2492/2113 1557/744/666 1556/743/664 3008/2491/2112
f 3010/2493/2114 1558/745/668 1557/744/666 3009/2492/2113
f 3011/2494/2115 1559/746/670 1558/745/668 3010/2493/2114
f 3012/2495/2116 1560/747/672 1559/746/670 3011/2494/2115
f 3013/2496/2117 1561/748/674 1560/747/672 3012/2495/2116
f 3014/2497/2118 1562/749/676 1561/748/674 3013/2496/2117
f 3015/2498/2119 1563/750/678 1562/749/676 3014/2497/2118
f 3016/2499/2120 1564/751/680 1563/750/678 3015/2498/2119
f 3018/653/526 3030/654/454 3029/635/455 3017/509/455
f 3019/655/528 3031/656/456 3030/654/454 3018/653/526
f 3020/657/530 3032/658/457 3031/656/456 3019/655/528
f 3021/659/532 3033/660/458 3032/658/457 3020/657/530
f 3022/661/534 3034/662/459 3033/660/458 3021/659/532
f 3023/663/536 3035/664/460 3034/662/459 3022/661/534
f 3024/665/538 3036/666/461 3035/664/460 3023/663/536
f 3025/667/540 3037/668/462 3036/666/461 3024/665/538
f 3026/669/542 3038/670/463 3037/668/462 3025/667/540
f 3027/671/544 3039/672/464 3038/670/463 3026/669/542
f 3028/673/465 3040/674/465 3039/672/464 3027/671/544
f 3030/654/454 3042/675/371 3041/637/374 3029/635/455
f 3031/656/456 3043/676/375 3042/675/371 3030/654/454
f 3032/658/457 3044/677/377 3043/676/375 3031/656/456
f 3033/660/458 3045/678/379 3044/677/377 3032/658/457
f 3034/662/459 3046/679/381 3045/678/379 3033/660/458
f 3035/664/460 3047/680/383 3046/679/381 3034/662/459
f 3036/666/461 3048/681/385 3047/680/383 3035/664/460
f 3037/668/462 3049/682/387 3048/681/385 3036/666/461
f 3038/670/463 3050/683/389 3049/682/387 3037/668/462
f 3039/672/464 3051/684/391 3050/683/389 3038/670/463
f 3040/674/465 3052/685/393 3051/684/391 3039/672/464
f 3042/675/371 3054/686/551 3053/638/374 3041/637/374
f 3043/676/375 3055/687/552 3054/686/551 3042/675/371
f 3044/677/377 3056/688/553 3055/687/552 3043/676/375
f 3045/678/379 3057/689/554 3056/688/553 3044/677/377
f 3046/679/381 3058/690/2121 3057/689/554 3045/678/379
f 3047/680/383 3059/691/2122 3058/690/2121 3046/679/381
f 3048/681/385 3060/692/2123 3059/691/2122 3047/680/383
f 3049/682/387 3061/693/558 3060/692/2123 3048/681/385
f 3050/683/389 3062/694/559 3061/693/558 3049/682/387
f 3051/684/391 3063/695/560 3062/694/559 3050/683/389
f 3052/685/393 3064/696/393 3063/695/560 3051/684/391
f 3054/686/551 3066/697/371 3065/634/374 3053/638/374
f 3055/687/552 3067/698/375 3066/697/371 3054/686/551
f 3056/688/553 3068/699/377 3067/698/375 3055/687/552
f 3057/689/554 3069/700/379 3068/699/377 3056/688/553
f 3058/690/2121 3070/701/381 3069/700/379 3057/689/554
f 3059/691/2122 3071/702/383 3070/701/381 3058/690/2121
f 3060/692/2123 3072/703/385 3071/702/383 3059/691/2122
f 3061/693/558 3073/704/387 3072/703/385 3060/692/2123
f 3062/694/559 3074/705/389 3073/704/387 3061/693/558
f 3063/695/560 3075/706/391 3074/705/389 3062/694/559
f 3064/696/393 3076/707/393 3075/706/391 3063/695/560
f 3066/697/371 3078/708/466 3077/633/467 3065/634/374
f 3067/698/375 3079/709/468 3078/708/466 3066/697/371
f 3068/699/377 3080/710/469 3079/709/468 3067/698/375
f 3069/700/379 3081/711/470 3080/710/469 3068/699/377
f 3070/701/381 3082/712/471 3081/711/470 3069/700/379
f 3071/702/383 3083/713/472 3082/712/471 3070/701/381
f 3072/703/385 3084/714/473 3083/713/472 3071/702/383
f 3073/704/387 3085/715/474 3084/714/473 3072/703/385
f 3074/705/389 3086/716/475 3085/715/474 3073/704/387
f 3075/706/391 3087/717/476 3086/716/475 3074/705/389
f 3076/707/393 3088/718/477 3087/717/476 3075/706/391
f 3078/708/466 3090/719/514 3089/632/515 3077/633/467
f 3079/709/468 3091/720/516 3090/719/514 3078/708/466
f 3080/710/469 3092/721/517 3091/720/516 3079/709/468
f 3081/711/470 3093/722/518 3092/721/517 3080/710/469
f 3082/712/471 3094/723/519 3093/722/518 3081/711/470
f 3083/713/472 3095/724/520 3094/723/519 3082/712/471
f 3084/714/473 3096/725/521 3095/724/520 3083/713/472
f 3085/715/474 3097/726/522 3096/725/521 3084/714/473
f 3086/716/475 3098/727/523 3097/726/522 3085/715/474
f 3087/717/476 3099/728/524 3098/727/523 3086/716/475
f 3088/718/477 3100/729/525 3099/728/524 3087/717/476
f 3090/719/514 3102/730/454 3101/636/455 3089/632/515
f 3091/720/516 3103/731/456 3102/730/454 3090/719/514
f 3092/721/517 3104/732/457 3103/731/456 3091/720/516
f 3093/722/518 3105/733/458 3104/732/457 3092/721/517
f 3094/723/519 3106/734/459 3105/733/458 3093/722/518
f 3095/724/520 3107/735/460 3106/734/459 3094/723/519
f 3096/725/521 3108/736/461 3107/735/460 3095/724/520
f 3097/726/522 3109/737/462 3108/736/461 3096/725/521
f 3098/727/523 3110/738/463 3109/737/462 3097/726/522
f 3099/728/524 3111/739/464 3110/738/463 3098/727/523
f 3100/729/525 3112/740/465 3111/739/464 3099/728/524
f 3102/730/454 3018/741/526 3017/507/455 3101/636/455
f 3103/731/456 3019/742/528 3018/741/526 3102/730/454
f 3104/732/457 3020/743/530 3019/742/528 3103/731/456
f 3105/733/458 3021/744/532 3020/743/530 3104/732/457
f 3106/734/459 3022/745/534 3021/744/532 3105/733/458
f 3107/735/460 3023/746/536 3022/745/534 3106/734/459
f 3108/736/461 3024/747/538 3023/746/536 3107/735/460
f 3109/737/462 3025/748/540 3024/747/538 3108/736/461
f 3110/738/463 3026/749/542 3025/748/540 3109/737/462
f 3111/739/464 3027/750/544 3026/749/542 3110/738/463
f 3112/740/465 3028/751/465 3027/750/544 3111/739/464
