# Blender 5.1.2
# www.blender.org
mtllib emerald_shard.mtl
o emerald_crystal_body
v 0.000000 2.680000 0.000000
v 0.451000 2.082000 0.000000
v 0.318905 2.082000 -0.229612
v 0.000000 2.082000 -0.324720
v -0.318905 2.082000 -0.229612
v -0.451000 2.082000 -0.000000
v -0.318905 2.082000 0.229612
v -0.000000 2.082000 0.324720
v 0.318905 2.082000 0.229612
v 0.508134 1.380000 -0.151543
v 0.210476 1.380000 -0.365856
v -0.210476 1.380000 -0.365856
v -0.508134 1.380000 -0.151543
v -0.508134 1.380000 0.151543
v -0.210476 1.380000 0.365856
v 0.210476 1.380000 0.365856
v 0.508134 1.380000 0.151543
v 0.396000 0.652000 0.000000
v 0.280014 0.652000 -0.201610
v 0.000000 0.652000 -0.285120
v -0.280014 0.652000 -0.201610
v -0.396000 0.652000 -0.000000
v -0.280014 0.652000 0.201610
v -0.000000 0.652000 0.285120
v 0.280014 0.652000 0.201610
v 0.000000 0.080000 0.000000
vn -0.0000 1.0000 -0.0001
vn 0.9324 0.2991 -0.2029
vn 0.4509 0.2425 -0.8590
vn 0.9536 -0.0333 -0.2994
vn 0.4137 -0.0264 -0.9100
vn 0.4510 0.2425 -0.8590
vn 0.9535 -0.0334 -0.2994
vn 0.9226 -0.3154 -0.2219
vn 0.4375 -0.2558 -0.8621
vn 0.4136 -0.0265 -0.9101
vn 0.9226 -0.3155 -0.2219
vn -0.0000 -1.0000 -0.0000
vn 0.4374 -0.2559 -0.8621
vn -0.0000 1.0000 -0.0000
vn 0.4509 0.2426 -0.8590
vn -0.1093 0.2237 -0.9685
vn 0.4136 -0.0264 -0.9101
vn -0.1606 -0.0249 -0.9867
vn -0.1092 0.2237 -0.9685
vn 0.4374 -0.2558 -0.8621
vn -0.1201 -0.2373 -0.9640
vn 0.0001 -1.0000 -0.0000
vn -0.1202 -0.2373 -0.9640
vn -0.0001 1.0000 -0.0000
vn -0.6774 0.2657 -0.6859
vn -0.1606 -0.0248 -0.9867
vn -0.7515 -0.0303 -0.6590
vn -0.6774 0.2657 -0.6860
vn -0.6855 -0.2825 -0.6710
vn -0.7516 -0.0303 -0.6590
vn 0.0001 -1.0000 -0.0001
vn -0.6855 -0.2826 -0.6710
vn -0.9324 0.2990 0.2029
vn -0.9536 -0.0333 0.2994
vn -0.9324 0.2991 0.2029
vn -0.7516 -0.0303 -0.6589
vn -0.9226 -0.3154 0.2219
vn -0.9536 -0.0334 0.2994
vn -0.9226 -0.3155 0.2220
vn -0.0000 1.0000 0.0001
vn -0.4509 0.2425 0.8590
vn -0.4137 -0.0264 0.9100
vn -0.4510 0.2425 0.8590
vn -0.9535 -0.0334 0.2994
vn -0.4375 -0.2558 0.8621
vn -0.4136 -0.0265 0.9101
vn -0.9226 -0.3155 0.2219
vn -0.4374 -0.2559 0.8621
vn -0.4509 0.2426 0.8590
vn 0.1093 0.2237 0.9685
vn -0.4136 -0.0264 0.9101
vn 0.1606 -0.0249 0.9867
vn 0.1092 0.2237 0.9685
vn -0.4374 -0.2558 0.8621
vn 0.1201 -0.2373 0.9640
vn -0.0001 -1.0000 -0.0000
vn 0.1202 -0.2373 0.9640
vn 0.0001 1.0000 -0.0000
vn 0.6774 0.2657 0.6859
vn 0.1606 -0.0248 0.9867
vn 0.7515 -0.0303 0.6590
vn 0.6774 0.2657 0.6860
vn 0.6855 -0.2825 0.6710
vn 0.7516 -0.0303 0.6590
vn -0.0001 -1.0000 0.0001
vn 0.6855 -0.2826 0.6710
vn 0.9324 0.2990 -0.2029
vn 0.7516 -0.0303 0.6589
vn 0.9536 -0.0334 -0.2994
vn 0.9226 -0.3155 -0.2220
s 0
usemtl emerald_transparent_crystal.001
f 1//1 2//2 3//3
f 2//2 10//4 11//5 3//6
f 10//7 18//8 19//9 11//10
f 18//11 26//12 19//13
f 1//14 3//15 4//16
f 3//15 11//17 12//18 4//19
f 11//10 19//20 20//21 12//18
f 19//13 26//22 20//23
f 1//24 4//16 5//25
f 4//16 12//26 13//27 5//28
f 12//18 20//23 21//29 13//30
f 20//23 26//31 21//32
f 1//1 5//25 6//33
f 5//28 13//30 14//34 6//35
f 13//36 21//29 22//37 14//38
f 21//32 26//12 22//39
f 1//40 6//35 7//41
f 6//35 14//34 15//42 7//43
f 14//44 22//37 23//45 15//46
f 22//47 26//12 23//48
f 1//14 7//49 8//50
f 7//49 15//51 16//52 8//53
f 15//46 23//54 24//55 16//52
f 23//48 26//56 24//57
f 1//58 8//50 9//59
f 8//50 16//60 17//61 9//62
f 16//52 24//57 25//63 17//64
f 24//57 26//65 25//66
f 1//40 9//59 2//67
f 9//62 17//64 10//4 2//2
f 17//68 25//63 18//8 10//69
f 25//66 26//12 18//70
o emerald_display_base_top
v 0.000000 -0.120000 -0.700000
v 0.000000 0.060000 -0.700000
v 0.181173 -0.120000 -0.676148
v 0.181173 0.060000 -0.676148
v 0.350000 -0.120000 -0.606218
v 0.350000 0.060000 -0.606218
v 0.494975 -0.120000 -0.494975
v 0.494975 0.060000 -0.494975
v 0.606218 -0.120000 -0.350000
v 0.606218 0.060000 -0.350000
v 0.676148 -0.120000 -0.181173
v 0.676148 0.060000 -0.181173
v 0.700000 -0.120000 0.000000
v 0.700000 0.060000 0.000000
v 0.676148 -0.120000 0.181173
v 0.676148 0.060000 0.181173
v 0.606218 -0.120000 0.350000
v 0.606218 0.060000 0.350000
v 0.494975 -0.120000 0.494975
v 0.494975 0.060000 0.494975
v 0.350000 -0.120000 0.606218
v 0.350000 0.060000 0.606218
v 0.181173 -0.120000 0.676148
v 0.181173 0.060000 0.676148
v 0.000000 -0.120000 0.700000
v 0.000000 0.060000 0.700000
v -0.181173 -0.120000 0.676148
v -0.181173 0.060000 0.676148
v -0.350000 -0.120000 0.606218
v -0.350000 0.060000 0.606218
v -0.494975 -0.120000 0.494975
v -0.494975 0.060000 0.494975
v -0.606218 -0.120000 0.350000
v -0.606218 0.060000 0.350000
v -0.676148 -0.120000 0.181173
v -0.676148 0.060000 0.181173
v -0.700000 -0.120000 0.000000
v -0.700000 0.060000 0.000000
v -0.676148 -0.120000 -0.181173
v -0.676148 0.060000 -0.181173
v -0.606218 -0.120000 -0.350000
v -0.606218 0.060000 -0.350000
v -0.494975 -0.120000 -0.494975
v -0.494975 0.060000 -0.494975
v -0.350000 -0.120000 -0.606218
v -0.350000 0.060000 -0.606218
v -0.181173 -0.120000 -0.676148
v -0.181173 0.060000 -0.676148
vn 0.1305 -0.0000 -0.9914
vn 0.3827 -0.0000 -0.9239
vn 0.6088 -0.0000 -0.7934
vn 0.7934 -0.0000 -0.6088
vn 0.9239 -0.0000 -0.3827
vn 0.9914 -0.0000 -0.1305
vn 0.9914 -0.0000 0.1305
vn 0.9239 -0.0000 0.3827
vn 0.7934 -0.0000 0.6088
vn 0.6088 -0.0000 0.7934
vn 0.3827 -0.0000 0.9239
vn 0.1305 -0.0000 0.9914
vn -0.1305 -0.0000 0.9914
vn -0.3827 -0.0000 0.9239
vn -0.6088 -0.0000 0.7934
vn -0.7934 -0.0000 0.6088
vn -0.9239 -0.0000 0.3827
vn -0.9914 -0.0000 0.1305
vn -0.9914 -0.0000 -0.1305
vn -0.9239 -0.0000 -0.3827
vn -0.7934 -0.0000 -0.6088
vn -0.6088 -0.0000 -0.7934
vn -0.0000 1.0000 -0.0000
vn -0.3827 -0.0000 -0.9239
vn -0.1305 -0.0000 -0.9914
vn -0.0000 -1.0000 -0.0000
vt 1.000000 0.500000
vt 1.000000 1.000000
vt 0.958333 1.000000
vt 0.958333 0.500000
vt 0.916667 1.000000
vt 0.916667 0.500000
vt 0.875000 1.000000
vt 0.875000 0.500000
vt 0.833333 1.000000
vt 0.833333 0.500000
vt 0.791667 1.000000
vt 0.791667 0.500000
vt 0.750000 1.000000
vt 0.750000 0.500000
vt 0.708333 1.000000
vt 0.708333 0.500000
vt 0.666667 1.000000
vt 0.666667 0.500000
vt 0.625000 1.000000
vt 0.625000 0.500000
vt 0.583333 1.000000
vt 0.583333 0.500000
vt 0.541666 1.000000
vt 0.541666 0.500000
vt 0.500000 1.000000
vt 0.500000 0.500000
vt 0.458333 1.000000
vt 0.458333 0.500000
vt 0.416666 1.000000
vt 0.416666 0.500000
vt 0.375000 1.000000
vt 0.375000 0.500000
vt 0.333333 1.000000
vt 0.333333 0.500000
vt 0.291667 1.000000
vt 0.291667 0.500000
vt 0.250000 1.000000
vt 0.250000 0.500000
vt 0.208333 1.000000
vt 0.208333 0.500000
vt 0.166666 1.000000
vt 0.166666 0.500000
vt 0.125000 1.000000
vt 0.125000 0.500000
vt 0.083333 1.000000
vt 0.083333 0.500000
vt 0.312117 0.481822
vt 0.250000 0.490000
vt 0.187883 0.481822
vt 0.130000 0.457846
vt 0.080294 0.419706
vt 0.042154 0.370000
vt 0.018178 0.312117
vt 0.010000 0.250000
vt 0.018178 0.187883
vt 0.042154 0.130000
vt 0.080294 0.080294
vt 0.130000 0.042154
vt 0.187883 0.018178
vt 0.250000 0.010000
vt 0.312117 0.018178
vt 0.370000 0.042154
vt 0.419706 0.080294
vt 0.457846 0.130000
vt 0.481822 0.187883
vt 0.490000 0.250000
vt 0.481822 0.312117
vt 0.457846 0.370000
vt 0.419706 0.419706
vt 0.370000 0.457846
vt 0.041666 1.000000
vt 0.041666 0.500000
vt -0.000000 1.000000
vt -0.000000 0.500000
vt 0.750000 0.490000
vt 0.812117 0.481822
vt 0.870000 0.457846
vt 0.919706 0.419706
vt 0.957846 0.370000
vt 0.981822 0.312117
vt 0.990000 0.250000
vt 0.981822 0.187883
vt 0.957846 0.130000
vt 0.919706 0.080294
vt 0.870000 0.042154
vt 0.812117 0.018178
vt 0.750000 0.010000
vt 0.687883 0.018178
vt 0.630000 0.042154
vt 0.580294 0.080294
vt 0.542154 0.130000
vt 0.518178 0.187883
vt 0.510000 0.250000
vt 0.518178 0.312117
vt 0.542154 0.370000
vt 0.580294 0.419706
vt 0.630000 0.457846
vt 0.687883 0.481822
s 0
usemtl reflective_gold.010
f 27/1/71 28/2/71 30/3/71 29/4/71
f 29/4/72 30/3/72 32/5/72 31/6/72
f 31/6/73 32/5/73 34/7/73 33/8/73
f 33/8/74 34/7/74 36/9/74 35/10/74
f 35/10/75 36/9/75 38/11/75 37/12/75
f 37/12/76 38/11/76 40/13/76 39/14/76
f 39/14/77 40/13/77 42/15/77 41/16/77
f 41/16/78 42/15/78 44/17/78 43/18/78
f 43/18/79 44/17/79 46/19/79 45/20/79
f 45/20/80 46/19/80 48/21/80 47/22/80
f 47/22/81 48/21/81 50/23/81 49/24/81
f 49/24/82 50/23/82 52/25/82 51/26/82
f 51/26/83 52/25/83 54/27/83 53/28/83
f 53/28/84 54/27/84 56/29/84 55/30/84
f 55/30/85 56/29/85 58/31/85 57/32/85
f 57/32/86 58/31/86 60/33/86 59/34/86
f 59/34/87 60/33/87 62/35/87 61/36/87
f 61/36/88 62/35/88 64/37/88 63/38/88
f 63/38/89 64/37/89 66/39/89 65/40/89
f 65/40/90 66/39/90 68/41/90 67/42/90
f 67/42/91 68/41/91 70/43/91 69/44/91
f 69/44/92 70/43/92 72/45/92 71/46/92
f 30/47/93 28/48/93 74/49/93 72/50/93 70/51/93 68/52/93 66/53/93 64/54/93 62/55/93 60/56/93 58/57/93 56/58/93 54/59/93 52/60/93 50/61/93 48/62/93 46/63/93 44/64/93 42/65/93 40/66/93 38/67/93 36/68/93 34/69/93 32/70/93
f 71/46/94 72/45/94 74/71/94 73/72/94
f 73/72/95 74/71/95 28/73/95 27/74/95
f 27/75/96 29/76/96 31/77/96 33/78/96 35/79/96 37/80/96 39/81/96 41/82/96 43/83/96 45/84/96 47/85/96 49/86/96 51/87/96 53/88/96 55/89/96 57/90/96 59/91/96 61/92/96 63/93/96 65/94/96 67/95/96 69/96/96 71/97/96 73/98/96
o emerald_display_base_black_gold
v 0.000000 -0.380000 -0.820000
v 0.000000 -0.100000 -0.820000
v 0.212232 -0.380000 -0.792059
v 0.212232 -0.100000 -0.792059
v 0.410000 -0.380000 -0.710141
v 0.410000 -0.100000 -0.710141
v 0.579828 -0.380000 -0.579828
v 0.579828 -0.100000 -0.579828
v 0.710141 -0.380000 -0.410000
v 0.710141 -0.100000 -0.410000
v 0.792059 -0.380000 -0.212232
v 0.792059 -0.100000 -0.212232
v 0.820000 -0.380000 0.000000
v 0.820000 -0.100000 0.000000
v 0.792059 -0.380000 0.212232
v 0.792059 -0.100000 0.212232
v 0.710141 -0.380000 0.410000
v 0.710141 -0.100000 0.410000
v 0.579828 -0.380000 0.579828
v 0.579828 -0.100000 0.579828
v 0.410000 -0.380000 0.710141
v 0.410000 -0.100000 0.710141
v 0.212232 -0.380000 0.792059
v 0.212232 -0.100000 0.792059
v 0.000000 -0.380000 0.820000
v 0.000000 -0.100000 0.820000
v -0.212232 -0.380000 0.792059
v -0.212232 -0.100000 0.792059
v -0.410000 -0.380000 0.710141
v -0.410000 -0.100000 0.710141
v -0.579828 -0.380000 0.579828
v -0.579828 -0.100000 0.579828
v -0.710141 -0.380000 0.410000
v -0.710141 -0.100000 0.410000
v -0.792059 -0.380000 0.212232
v -0.792059 -0.100000 0.212232
v -0.820000 -0.380000 0.000000
v -0.820000 -0.100000 0.000000
v -0.792059 -0.380000 -0.212232
v -0.792059 -0.100000 -0.212232
v -0.710141 -0.380000 -0.410000
v -0.710141 -0.100000 -0.410000
v -0.579828 -0.380000 -0.579828
v -0.579828 -0.100000 -0.579828
v -0.410000 -0.380000 -0.710141
v -0.410000 -0.100000 -0.710141
v -0.212232 -0.380000 -0.792059
v -0.212232 -0.100000 -0.792059
vn 0.1305 -0.0000 -0.9914
vn 0.3827 -0.0000 -0.9239
vn 0.6088 -0.0000 -0.7934
vn 0.7934 -0.0000 -0.6088
vn 0.9239 -0.0000 -0.3827
vn 0.9914 -0.0000 -0.1305
vn 0.9914 -0.0000 0.1305
vn 0.9239 -0.0000 0.3827
vn 0.7934 -0.0000 0.6088
vn 0.6088 -0.0000 0.7934
vn 0.3827 -0.0000 0.9239
vn 0.1305 -0.0000 0.9914
vn -0.1305 -0.0000 0.9914
vn -0.3827 -0.0000 0.9239
vn -0.6088 -0.0000 0.7934
vn -0.7934 -0.0000 0.6088
vn -0.9239 -0.0000 0.3827
vn -0.9914 -0.0000 0.1305
vn -0.9914 -0.0000 -0.1305
vn -0.9239 -0.0000 -0.3827
vn -0.7934 -0.0000 -0.6088
vn -0.6088 -0.0000 -0.7934
vn -0.0000 1.0000 -0.0000
vn -0.3827 -0.0000 -0.9239
vn -0.1305 -0.0000 -0.9914
vn -0.0000 -1.0000 -0.0000
vt 1.000000 0.500000
vt 1.000000 1.000000
vt 0.958333 1.000000
vt 0.958333 0.500000
vt 0.916667 1.000000
vt 0.916667 0.500000
vt 0.875000 1.000000
vt 0.875000 0.500000
vt 0.833333 1.000000
vt 0.833333 0.500000
vt 0.791667 1.000000
vt 0.791667 0.500000
vt 0.750000 1.000000
vt 0.750000 0.500000
vt 0.708333 1.000000
vt 0.708333 0.500000
vt 0.666667 1.000000
vt 0.666667 0.500000
vt 0.625000 1.000000
vt 0.625000 0.500000
vt 0.583333 1.000000
vt 0.583333 0.500000
vt 0.541666 1.000000
vt 0.541666 0.500000
vt 0.500000 1.000000
vt 0.500000 0.500000
vt 0.458333 1.000000
vt 0.458333 0.500000
vt 0.416666 1.000000
vt 0.416666 0.500000
vt 0.375000 1.000000
vt 0.375000 0.500000
vt 0.333333 1.000000
vt 0.333333 0.500000
vt 0.291667 1.000000
vt 0.291667 0.500000
vt 0.250000 1.000000
vt 0.250000 0.500000
vt 0.208333 1.000000
vt 0.208333 0.500000
vt 0.166666 1.000000
vt 0.166666 0.500000
vt 0.125000 1.000000
vt 0.125000 0.500000
vt 0.083333 1.000000
vt 0.083333 0.500000
vt 0.312117 0.481822
vt 0.250000 0.490000
vt 0.187883 0.481822
vt 0.130000 0.457846
vt 0.080294 0.419706
vt 0.042154 0.370000
vt 0.018178 0.312117
vt 0.010000 0.250000
vt 0.018178 0.187883
vt 0.042154 0.130000
vt 0.080294 0.080294
vt 0.130000 0.042154
vt 0.187883 0.018178
vt 0.250000 0.010000
vt 0.312117 0.018178
vt 0.370000 0.042154
vt 0.419706 0.080294
vt 0.457846 0.130000
vt 0.481822 0.187883
vt 0.490000 0.250000
vt 0.481822 0.312117
vt 0.457846 0.370000
vt 0.419706 0.419706
vt 0.370000 0.457846
vt 0.041666 1.000000
vt 0.041666 0.500000
vt -0.000000 1.000000
vt -0.000000 0.500000
vt 0.750000 0.490000
vt 0.812117 0.481822
vt 0.870000 0.457846
vt 0.919706 0.419706
vt 0.957846 0.370000
vt 0.981822 0.312117
vt 0.990000 0.250000
vt 0.981822 0.187883
vt 0.957846 0.130000
vt 0.919706 0.080294
vt 0.870000 0.042154
vt 0.812117 0.018178
vt 0.750000 0.010000
vt 0.687883 0.018178
vt 0.630000 0.042154
vt 0.580294 0.080294
vt 0.542154 0.130000
vt 0.518178 0.187883
vt 0.510000 0.250000
vt 0.518178 0.312117
vt 0.542154 0.370000
vt 0.580294 0.419706
vt 0.630000 0.457846
vt 0.687883 0.481822
s 0
usemtl black_enamel.010
f 75/99/97 76/100/97 78/101/97 77/102/97
f 77/102/98 78/101/98 80/103/98 79/104/98
f 79/104/99 80/103/99 82/105/99 81/106/99
f 81/106/100 82/105/100 84/107/100 83/108/100
f 83/108/101 84/107/101 86/109/101 85/110/101
f 85/110/102 86/109/102 88/111/102 87/112/102
f 87/112/103 88/111/103 90/113/103 89/114/103
f 89/114/104 90/113/104 92/115/104 91/116/104
f 91/116/105 92/115/105 94/117/105 93/118/105
f 93/118/106 94/117/106 96/119/106 95/120/106
f 95/120/107 96/119/107 98/121/107 97/122/107
f 97/122/108 98/121/108 100/123/108 99/124/108
f 99/124/109 100/123/109 102/125/109 101/126/109
f 101/126/110 102/125/110 104/127/110 103/128/110
f 103/128/111 104/127/111 106/129/111 105/130/111
f 105/130/112 106/129/112 108/131/112 107/132/112
f 107/132/113 108/131/113 110/133/113 109/134/113
f 109/134/114 110/133/114 112/135/114 111/136/114
f 111/136/115 112/135/115 114/137/115 113/138/115
f 113/138/116 114/137/116 116/139/116 115/140/116
f 115/140/117 116/139/117 118/141/117 117/142/117
f 117/142/118 118/141/118 120/143/118 119/144/118
f 78/145/119 76/146/119 122/147/119 120/148/119 118/149/119 116/150/119 114/151/119 112/152/119 110/153/119 108/154/119 106/155/119 104/156/119 102/157/119 100/158/119 98/159/119 96/160/119 94/161/119 92/162/119 90/163/119 88/164/119 86/165/119 84/166/119 82/167/119 80/168/119
f 119/144/120 120/143/120 122/169/120 121/170/120
f 121/170/121 122/169/121 76/171/121 75/172/121
f 75/173/122 77/174/122 79/175/122 81/176/122 83/177/122 85/178/122 87/179/122 89/180/122 91/181/122 93/182/122 95/183/122 97/184/122 99/185/122 101/186/122 103/187/122 105/188/122 107/189/122 109/190/122 111/191/122 113/192/122 115/193/122 117/194/122 119/195/122 121/196/122
o emerald_gold_base_ring
v 0.655000 0.100000 0.000000
v 0.644749 0.124749 0.000000
v 0.620000 0.135000 0.000000
v 0.595251 0.124749 0.000000
v 0.585000 0.100000 0.000000
v 0.595251 0.075251 0.000000
v 0.620000 0.065000 0.000000
v 0.644749 0.075251 0.000000
v 0.632681 0.100000 -0.169526
v 0.622779 0.124749 -0.166873
v 0.598874 0.135000 -0.160468
v 0.574969 0.124749 -0.154062
v 0.565067 0.100000 -0.151409
v 0.574969 0.075251 -0.154062
v 0.598874 0.065000 -0.160468
v 0.622779 0.075251 -0.166873
v 0.567247 0.100000 -0.327500
v 0.558369 0.124749 -0.322374
v 0.536936 0.135000 -0.310000
v 0.515503 0.124749 -0.297626
v 0.506625 0.100000 -0.292500
v 0.515503 0.075251 -0.297626
v 0.536936 0.065000 -0.310000
v 0.558369 0.075251 -0.322374
v 0.463155 0.100000 -0.463155
v 0.455906 0.124749 -0.455906
v 0.438406 0.135000 -0.438406
v 0.420906 0.124749 -0.420906
v 0.413657 0.100000 -0.413657
v 0.420906 0.075251 -0.420906
v 0.438406 0.065000 -0.438406
v 0.455906 0.075251 -0.455906
v 0.327500 0.100000 -0.567247
v 0.322374 0.124749 -0.558369
v 0.310000 0.135000 -0.536936
v 0.297626 0.124749 -0.515503
v 0.292500 0.100000 -0.506625
v 0.297626 0.075251 -0.515503
v 0.310000 0.065000 -0.536936
v 0.322374 0.075251 -0.558369
v 0.169527 0.100000 -0.632681
v 0.166873 0.124749 -0.622779
v 0.160468 0.135000 -0.598874
v 0.154062 0.124749 -0.574969
v 0.151409 0.100000 -0.565067
v 0.154062 0.075251 -0.574969
v 0.160468 0.065000 -0.598874
v 0.166873 0.075251 -0.622779
v 0.000000 0.100000 -0.655000
v 0.000000 0.124749 -0.644749
v 0.000000 0.135000 -0.620000
v 0.000000 0.124749 -0.595251
v 0.000000 0.100000 -0.585000
v 0.000000 0.075251 -0.595251
v 0.000000 0.065000 -0.620000
v 0.000000 0.075251 -0.644749
v -0.169526 0.100000 -0.632681
v -0.166873 0.124749 -0.622779
v -0.160468 0.135000 -0.598874
v -0.154062 0.124749 -0.574969
v -0.151409 0.100000 -0.565067
v -0.154062 0.075251 -0.574969
v -0.160468 0.065000 -0.598874
v -0.166873 0.075251 -0.622779
v -0.327500 0.100000 -0.567247
v -0.322374 0.124749 -0.558369
v -0.310000 0.135000 -0.536936
v -0.297626 0.124749 -0.515503
v -0.292500 0.100000 -0.506625
v -0.297626 0.075251 -0.515503
v -0.310000 0.065000 -0.536936
v -0.322374 0.075251 -0.558369
v -0.463155 0.100000 -0.463155
v -0.455906 0.124749 -0.455906
v -0.438406 0.135000 -0.438406
v -0.420906 0.124749 -0.420906
v -0.413658 0.100000 -0.413657
v -0.420906 0.075251 -0.420906
v -0.438406 0.065000 -0.438406
v -0.455906 0.075251 -0.455906
v -0.567247 0.100000 -0.327500
v -0.558369 0.124749 -0.322375
v -0.536936 0.135000 -0.310000
v -0.515503 0.124749 -0.297626
v -0.506625 0.100000 -0.292500
v -0.515503 0.075251 -0.297626
v -0.536936 0.065000 -0.310000
v -0.558369 0.075251 -0.322375
v -0.632681 0.100000 -0.169526
v -0.622779 0.124749 -0.166873
v -0.598874 0.135000 -0.160468
v -0.574969 0.124749 -0.154062
v -0.565067 0.100000 -0.151409
v -0.574969 0.075251 -0.154062
v -0.598874 0.065000 -0.160468
v -0.622779 0.075251 -0.166873
v -0.655000 0.100000 -0.000000
v -0.644749 0.124749 -0.000000
v -0.620000 0.135000 -0.000000
v -0.595251 0.124749 -0.000000
v -0.585000 0.100000 -0.000000
v -0.595251 0.075251 -0.000000
v -0.620000 0.065000 -0.000000
v -0.644749 0.075251 -0.000000
v -0.632681 0.100000 0.169526
v -0.622779 0.124749 0.166873
v -0.598874 0.135000 0.160468
v -0.574969 0.124749 0.154062
v -0.565067 0.100000 0.151409
v -0.574969 0.075251 0.154062
v -0.598874 0.065000 0.160468
v -0.622779 0.075251 0.166873
v -0.567247 0.100000 0.327500
v -0.558369 0.124749 0.322374
v -0.536936 0.135000 0.310000
v -0.515503 0.124749 0.297626
v -0.506625 0.100000 0.292500
v -0.515503 0.075251 0.297626
v -0.536936 0.065000 0.310000
v -0.558369 0.075251 0.322374
v -0.463155 0.100000 0.463155
v -0.455906 0.124749 0.455906
v -0.438406 0.135000 0.438406
v -0.420906 0.124749 0.420906
v -0.413658 0.100000 0.413657
v -0.420906 0.075251 0.420906
v -0.438406 0.065000 0.438406
v -0.455906 0.075251 0.455906
v -0.327500 0.100000 0.567247
v -0.322374 0.124749 0.558369
v -0.310000 0.135000 0.536936
v -0.297626 0.124749 0.515503
v -0.292500 0.100000 0.506625
v -0.297626 0.075251 0.515503
v -0.310000 0.065000 0.536936
v -0.322374 0.075251 0.558369
v -0.169527 0.100000 0.632681
v -0.166873 0.124749 0.622779
v -0.160468 0.135000 0.598874
v -0.154063 0.124749 0.574969
v -0.151409 0.100000 0.565067
v -0.154063 0.075251 0.574969
v -0.160468 0.065000 0.598874
v -0.166873 0.075251 0.622779
v 0.000000 0.100000 0.655000
v 0.000000 0.124749 0.644749
v 0.000000 0.135000 0.620000
v 0.000000 0.124749 0.595251
v 0.000000 0.100000 0.585000
v 0.000000 0.075251 0.595251
v 0.000000 0.065000 0.620000
v 0.000000 0.075251 0.644749
v 0.169526 0.100000 0.632681
v 0.166873 0.124749 0.622780
v 0.160468 0.135000 0.598874
v 0.154062 0.124749 0.574969
v 0.151409 0.100000 0.565067
v 0.154062 0.075251 0.574969
v 0.160468 0.065000 0.598874
v 0.166873 0.075251 0.622780
v 0.327500 0.100000 0.567247
v 0.322374 0.124749 0.558369
v 0.310000 0.135000 0.536936
v 0.297626 0.124749 0.515503
v 0.292500 0.100000 0.506625
v 0.297626 0.075251 0.515503
v 0.310000 0.065000 0.536936
v 0.322374 0.075251 0.558369
v 0.463155 0.100000 0.463155
v 0.455906 0.124749 0.455906
v 0.438406 0.135000 0.438406
v 0.420906 0.124749 0.420906
v 0.413657 0.100000 0.413658
v 0.420906 0.075251 0.420906
v 0.438406 0.065000 0.438406
v 0.455906 0.075251 0.455906
v 0.567247 0.100000 0.327500
v 0.558369 0.124749 0.322374
v 0.536936 0.135000 0.310000
v 0.515503 0.124749 0.297626
v 0.506625 0.100000 0.292500
v 0.515503 0.075251 0.297626
v 0.536936 0.065000 0.310000
v 0.558369 0.075251 0.322374
v 0.632681 0.100000 0.169526
v 0.622779 0.124749 0.166873
v 0.598874 0.135000 0.160468
v 0.574969 0.124749 0.154062
v 0.565067 0.100000 0.151409
v 0.574969 0.075251 0.154062
v 0.598874 0.065000 0.160468
v 0.622779 0.075251 0.166873
vn 0.9171 0.3799 -0.1207
vn 0.3822 0.9227 -0.0503
vn -0.3822 0.9227 0.0503
vn -0.9171 0.3799 0.1207
vn -0.9171 -0.3799 0.1207
vn -0.3822 -0.9227 0.0503
vn 0.3822 -0.9227 -0.0503
vn 0.9171 -0.3799 -0.1207
vn 0.8546 0.3799 -0.3540
vn 0.3562 0.9227 -0.1475
vn -0.3562 0.9227 0.1475
vn -0.8546 0.3799 0.3540
vn -0.8546 -0.3799 0.3540
vn -0.3562 -0.9227 0.1475
vn 0.3562 -0.9227 -0.1475
vn 0.8546 -0.3799 -0.3540
vn 0.7339 0.3799 -0.5631
vn 0.3058 0.9227 -0.2347
vn -0.3058 0.9227 0.2347
vn -0.7339 0.3799 0.5631
vn -0.7339 -0.3799 0.5631
vn -0.3058 -0.9227 0.2347
vn 0.3058 -0.9227 -0.2347
vn 0.7339 -0.3799 -0.5631
vn 0.5631 0.3799 -0.7339
vn 0.2347 0.9227 -0.3058
vn -0.2347 0.9227 0.3058
vn -0.5631 0.3799 0.7339
vn -0.5631 -0.3799 0.7339
vn -0.2347 -0.9227 0.3058
vn 0.2347 -0.9227 -0.3058
vn 0.5631 -0.3799 -0.7339
vn 0.3540 0.3799 -0.8546
vn 0.1475 0.9227 -0.3562
vn -0.1475 0.9227 0.3562
vn -0.3540 0.3799 0.8546
vn -0.3540 -0.3799 0.8546
vn -0.1475 -0.9227 0.3562
vn 0.1475 -0.9227 -0.3562
vn 0.3540 -0.3799 -0.8546
vn 0.1207 0.3799 -0.9171
vn 0.0503 0.9227 -0.3822
vn -0.0503 0.9227 0.3822
vn -0.1207 0.3799 0.9171
vn -0.1207 -0.3799 0.9171
vn -0.0503 -0.9227 0.3822
vn 0.0503 -0.9227 -0.3822
vn 0.1207 -0.3799 -0.9171
vn -0.1207 0.3799 -0.9171
vn -0.0503 0.9227 -0.3822
vn 0.0503 0.9227 0.3822
vn 0.1207 0.3799 0.9171
vn 0.1207 -0.3799 0.9171
vn 0.0503 -0.9227 0.3822
vn -0.0503 -0.9227 -0.3822
vn -0.1207 -0.3799 -0.9171
vn -0.3540 0.3799 -0.8546
vn -0.1475 0.9227 -0.3562
vn 0.1475 0.9227 0.3562
vn 0.3540 0.3799 0.8546
vn 0.3540 -0.3799 0.8546
vn 0.1475 -0.9227 0.3562
vn -0.1475 -0.9227 -0.3562
vn -0.3540 -0.3799 -0.8546
vn -0.5631 0.3799 -0.7339
vn -0.2347 0.9227 -0.3058
vn 0.2347 0.9227 0.3058
vn 0.5631 0.3799 0.7339
vn 0.5631 -0.3799 0.7339
vn 0.2347 -0.9227 0.3058
vn -0.2347 -0.9227 -0.3058
vn -0.5631 -0.3799 -0.7339
vn -0.7339 0.3799 -0.5631
vn -0.3058 0.9227 -0.2347
vn 0.3058 0.9227 0.2347
vn 0.7339 0.3799 0.5631
vn 0.7339 -0.3799 0.5631
vn 0.3058 -0.9227 0.2347
vn -0.3058 -0.9227 -0.2347
vn -0.7339 -0.3799 -0.5631
vn -0.8546 0.3799 -0.3540
vn -0.3562 0.9227 -0.1475
vn 0.3562 0.9227 0.1475
vn 0.8546 0.3799 0.3540
vn 0.8546 -0.3799 0.3540
vn 0.3562 -0.9227 0.1475
vn -0.3562 -0.9227 -0.1475
vn -0.8546 -0.3799 -0.3540
vn -0.9171 0.3799 -0.1207
vn -0.3822 0.9227 -0.0503
vn 0.3822 0.9227 0.0503
vn 0.9171 0.3799 0.1207
vn 0.9171 -0.3799 0.1207
vn 0.3822 -0.9227 0.0503
vn -0.3822 -0.9227 -0.0503
vn -0.9171 -0.3799 -0.1207
vt 0.500000 0.500000
vt 0.541667 0.500000
vt 0.541667 0.625000
vt 0.500000 0.625000
vt 0.541667 0.750000
vt 0.500000 0.750000
vt 0.541667 0.875000
vt 0.500000 0.875000
vt 0.541667 1.000000
vt 0.500000 1.000000
vt 0.500000 0.000000
vt 0.541667 0.000000
vt 0.541667 0.125000
vt 0.500000 0.125000
vt 0.541667 0.250000
vt 0.500000 0.250000
vt 0.541667 0.375000
vt 0.500000 0.375000
vt 0.583333 0.500000
vt 0.583333 0.625000
vt 0.583333 0.750000
vt 0.583333 0.875000
vt 0.583333 1.000000
vt 0.583333 0.000000
vt 0.583333 0.125000
vt 0.583333 0.250000
vt 0.583333 0.375000
vt 0.625000 0.500000
vt 0.625000 0.625000
vt 0.625000 0.750000
vt 0.625000 0.875000
vt 0.625000 1.000000
vt 0.625000 0.000000
vt 0.625000 0.125000
vt 0.625000 0.250000
vt 0.625000 0.375000
vt 0.666667 0.500000
vt 0.666667 0.625000
vt 0.666667 0.750000
vt 0.666667 0.875000
vt 0.666667 1.000000
vt 0.666667 0.000000
vt 0.666667 0.125000
vt 0.666667 0.250000
vt 0.666667 0.375000
vt 0.708333 0.500000
vt 0.708333 0.625000
vt 0.708333 0.750000
vt 0.708333 0.875000
vt 0.708333 1.000000
vt 0.708333 0.000000
vt 0.708333 0.125000
vt 0.708333 0.250000
vt 0.708333 0.375000
vt 0.750000 0.500000
vt 0.750000 0.625000
vt 0.750000 0.750000
vt 0.750000 0.875000
vt 0.750000 1.000000
vt 0.750000 0.000000
vt 0.750000 0.125000
vt 0.750000 0.250000
vt 0.750000 0.375000
vt 0.791667 0.500000
vt 0.791667 0.625000
vt 0.791667 0.750000
vt 0.791667 0.875000
vt 0.791667 1.000000
vt 0.791667 0.000000
vt 0.791667 0.125000
vt 0.791667 0.250000
vt 0.791667 0.375000
vt 0.833333 0.500000
vt 0.833333 0.625000
vt 0.833333 0.750000
vt 0.833333 0.875000
vt 0.833333 1.000000
vt 0.833333 0.000000
vt 0.833333 0.125000
vt 0.833333 0.250000
vt 0.833333 0.375000
vt 0.875000 0.500000
vt 0.875000 0.625000
vt 0.875000 0.750000
vt 0.875000 0.875000
vt 0.875000 1.000000
vt 0.875000 0.000000
vt 0.875000 0.125000
vt 0.875000 0.250000
vt 0.875000 0.375000
vt 0.916667 0.500000
vt 0.916667 0.625000
vt 0.916667 0.750000
vt 0.916667 0.875000
vt 0.916667 1.000000
vt 0.916667 0.000000
vt 0.916667 0.125000
vt 0.916667 0.250000
vt 0.916667 0.375000
vt 0.958333 0.500000
vt 0.958333 0.625000
vt 0.958333 0.750000
vt 0.958333 0.875000
vt 0.958333 1.000000
vt 0.958333 0.000000
vt 0.958333 0.125000
vt 0.958333 0.250000
vt 0.958333 0.375000
vt 1.000000 0.500000
vt 1.000000 0.625000
vt 1.000000 0.750000
vt 1.000000 0.875000
vt 1.000000 1.000000
vt 1.000000 0.000000
vt 1.000000 0.125000
vt 1.000000 0.250000
vt 1.000000 0.375000
vt -0.000000 0.500000
vt 0.041667 0.500000
vt 0.041667 0.625000
vt -0.000000 0.625000
vt 0.041667 0.750000
vt -0.000000 0.750000
vt 0.041667 0.875000
vt -0.000000 0.875000
vt 0.041667 1.000000
vt -0.000000 1.000000
vt -0.000000 0.000000
vt 0.041667 0.000000
vt 0.041667 0.125000
vt -0.000000 0.125000
vt 0.041667 0.250000
vt -0.000000 0.250000
vt 0.041667 0.375000
vt -0.000000 0.375000
vt 0.083333 0.500000
vt 0.083333 0.625000
vt 0.083333 0.750000
vt 0.083333 0.875000
vt 0.083333 1.000000
vt 0.083333 0.000000
vt 0.083333 0.125000
vt 0.083333 0.250000
vt 0.083333 0.375000
vt 0.125000 0.500000
vt 0.125000 0.625000
vt 0.125000 0.750000
vt 0.125000 0.875000
vt 0.125000 1.000000
vt 0.125000 0.000000
vt 0.125000 0.125000
vt 0.125000 0.250000
vt 0.125000 0.375000
vt 0.166667 0.500000
vt 0.166667 0.625000
vt 0.166667 0.750000
vt 0.166667 0.875000
vt 0.166667 1.000000
vt 0.166667 0.000000
vt 0.166667 0.125000
vt 0.166667 0.250000
vt 0.166667 0.375000
vt 0.208333 0.500000
vt 0.208333 0.625000
vt 0.208333 0.750000
vt 0.208333 0.875000
vt 0.208333 1.000000
vt 0.208333 0.000000
vt 0.208333 0.125000
vt 0.208333 0.250000
vt 0.208333 0.375000
vt 0.250000 0.500000
vt 0.250000 0.625000
vt 0.250000 0.750000
vt 0.250000 0.875000
vt 0.250000 1.000000
vt 0.250000 0.000000
vt 0.250000 0.125000
vt 0.250000 0.250000
vt 0.250000 0.375000
vt 0.291667 0.500000
vt 0.291667 0.625000
vt 0.291667 0.750000
vt 0.291667 0.875000
vt 0.291667 1.000000
vt 0.291667 0.000000
vt 0.291667 0.125000
vt 0.291667 0.250000
vt 0.291667 0.375000
vt 0.333333 0.500000
vt 0.333333 0.625000
vt 0.333333 0.750000
vt 0.333333 0.875000
vt 0.333333 1.000000
vt 0.333333 0.000000
vt 0.333333 0.125000
vt 0.333333 0.250000
vt 0.333333 0.375000
vt 0.375000 0.500000
vt 0.375000 0.625000
vt 0.375000 0.750000
vt 0.375000 0.875000
vt 0.375000 1.000000
vt 0.375000 0.000000
vt 0.375000 0.125000
vt 0.375000 0.250000
vt 0.375000 0.375000
vt 0.416667 0.500000
vt 0.416667 0.625000
vt 0.416667 0.750000
vt 0.416667 0.875000
vt 0.416667 1.000000
vt 0.416667 0.000000
vt 0.416667 0.125000
vt 0.416667 0.250000
vt 0.416667 0.375000
vt 0.458333 0.500000
vt 0.458333 0.625000
vt 0.458333 0.750000
vt 0.458333 0.875000
vt 0.458333 1.000000
vt 0.458333 0.000000
vt 0.458333 0.125000
vt 0.458333 0.250000
vt 0.458333 0.375000
s 0
usemtl reflective_gold.010
f 123/197/123 131/198/123 132/199/123 124/200/123
f 124/200/124 132/199/124 133/201/124 125/202/124
f 125/202/125 133/201/125 134/203/125 126/204/125
f 126/204/126 134/203/126 135/205/126 127/206/126
f 127/207/127 135/208/127 136/209/127 128/210/127
f 128/210/128 136/209/128 137/211/128 129/212/128
f 129/212/129 137/211/129 138/213/129 130/214/129
f 130/214/130 138/213/130 131/198/130 123/197/130
f 131/198/131 139/215/131 140/216/131 132/199/131
f 132/199/132 140/216/132 141/217/132 133/201/132
f 133/201/133 141/217/133 142/218/133 134/203/133
f 134/203/134 142/218/134 143/219/134 135/205/134
f 135/208/135 143/220/135 144/221/135 136/209/135
f 136/209/136 144/221/136 145/222/136 137/211/136
f 137/211/137 145/222/137 146/223/137 138/213/137
f 138/213/138 146/223/138 139/215/138 131/198/138
f 139/215/139 147/224/139 148/225/139 140/216/139
f 140/216/140 148/225/140 149/226/140 141/217/140
f 141/217/141 149/226/141 150/227/141 142/218/141
f 142/218/142 150/227/142 151/228/142 143/219/142
f 143/220/143 151/229/143 152/230/143 144/221/143
f 144/221/144 152/230/144 153/231/144 145/222/144
f 145/222/145 153/231/145 154/232/145 146/223/145
f 146/223/146 154/232/146 147/224/146 139/215/146
f 147/224/147 155/233/147 156/234/147 148/225/147
f 148/225/148 156/234/148 157/235/148 149/226/148
f 149/226/149 157/235/149 158/236/149 150/227/149
f 150/227/150 158/236/150 159/237/150 151/228/150
f 151/229/151 159/238/151 160/239/151 152/230/151
f 152/230/152 160/239/152 161/240/152 153/231/152
f 153/231/153 161/240/153 162/241/153 154/232/153
f 154/232/154 162/241/154 155/233/154 147/224/154
f 155/233/155 163/242/155 164/243/155 156/234/155
f 156/234/156 164/243/156 165/244/156 157/235/156
f 157/235/157 165/244/157 166/245/157 158/236/157
f 158/236/158 166/245/158 167/246/158 159/237/158
f 159/238/159 167/247/159 168/248/159 160/239/159
f 160/239/160 168/248/160 169/249/160 161/240/160
f 161/240/161 169/249/161 170/250/161 162/241/161
f 162/241/162 170/250/162 163/242/162 155/233/162
f 163/242/163 171/251/163 172/252/163 164/243/163
f 164/243/164 172/252/164 173/253/164 165/244/164
f 165/244/165 173/253/165 174/254/165 166/245/165
f 166/245/166 174/254/166 175/255/166 167/246/166
f 167/247/167 175/256/167 176/257/167 168/248/167
f 168/248/168 176/257/168 177/258/168 169/249/168
f 169/249/169 177/258/169 178/259/169 170/250/169
f 170/250/170 178/259/170 171/251/170 163/242/170
f 171/251/171 179/260/171 180/261/171 172/252/171
f 172/252/172 180/261/172 181/262/172 173/253/172
f 173/253/173 181/262/173 182/263/173 174/254/173
f 174/254/174 182/263/174 183/264/174 175/255/174
f 175/256/175 183/265/175 184/266/175 176/257/175
f 176/257/176 184/266/176 185/267/176 177/258/176
f 177/258/177 185/267/177 186/268/177 178/259/177
f 178/259/178 186/268/178 179/260/178 171/251/178
f 179/260/179 187/269/179 188/270/179 180/261/179
f 180/261/180 188/270/180 189/271/180 181/262/180
f 181/262/181 189/271/181 190/272/181 182/263/181
f 182/263/182 190/272/182 191/273/182 183/264/182
f 183/265/183 191/274/183 192/275/183 184/266/183
f 184/266/184 192/275/184 193/276/184 185/267/184
f 185/267/185 193/276/185 194/277/185 186/268/185
f 186/268/186 194/277/186 187/269/186 179/260/186
f 187/269/187 195/278/187 196/279/187 188/270/187
f 188/270/188 196/279/188 197/280/188 189/271/188
f 189/271/189 197/280/189 198/281/189 190/272/189
f 190/272/190 198/281/190 199/282/190 191/273/190
f 191/274/191 199/283/191 200/284/191 192/275/191
f 192/275/192 200/284/192 201/285/192 193/276/192
f 193/276/193 201/285/193 202/286/193 194/277/193
f 194/277/194 202/286/194 195/278/194 187/269/194
f 195/278/195 203/287/195 204/288/195 196/279/195
f 196/279/196 204/288/196 205/289/196 197/280/196
f 197/280/197 205/289/197 206/290/197 198/281/197
f 198/281/198 206/290/198 207/291/198 199/282/198
f 199/283/199 207/292/199 208/293/199 200/284/199
f 200/284/200 208/293/200 209/294/200 201/285/200
f 201/285/201 209/294/201 210/295/201 202/286/201
f 202/286/202 210/295/202 203/287/202 195/278/202
f 203/287/203 211/296/203 212/297/203 204/288/203
f 204/288/204 212/297/204 213/298/204 205/289/204
f 205/289/205 213/298/205 214/299/205 206/290/205
f 206/290/206 214/299/206 215/300/206 207/291/206
f 207/292/207 215/301/207 216/302/207 208/293/207
f 208/293/208 216/302/208 217/303/208 209/294/208
f 209/294/209 217/303/209 218/304/209 210/295/209
f 210/295/210 218/304/210 211/296/210 203/287/210
f 211/296/211 219/305/211 220/306/211 212/297/211
f 212/297/212 220/306/212 221/307/212 213/298/212
f 213/298/213 221/307/213 222/308/213 214/299/213
f 214/299/214 222/308/214 223/309/214 215/300/214
f 215/301/215 223/310/215 224/311/215 216/302/215
f 216/302/216 224/311/216 225/312/216 217/303/216
f 217/303/217 225/312/217 226/313/217 218/304/217
f 218/304/218 226/313/218 219/305/218 211/296/218
f 219/314/126 227/315/126 228/316/126 220/317/126
f 220/317/125 228/316/125 229/318/125 221/319/125
f 221/319/124 229/318/124 230/320/124 222/321/124
f 222/321/123 230/320/123 231/322/123 223/323/123
f 223/324/130 231/325/130 232/326/130 224/327/130
f 224/327/129 232/326/129 233/328/129 225/329/129
f 225/329/128 233/328/128 234/330/128 226/331/128
f 226/331/127 234/330/127 227/315/127 219/314/127
f 227/315/134 235/332/134 236/333/134 228/316/134
f 228/316/133 236/333/133 237/334/133 229/318/133
f 229/318/132 237/334/132 238/335/132 230/320/132
f 230/320/131 238/335/131 239/336/131 231/322/131
f 231/325/138 239/337/138 240/338/138 232/326/138
f 232/326/137 240/338/137 241/339/137 233/328/137
f 233/328/136 241/339/136 242/340/136 234/330/136
f 234/330/135 242/340/135 235/332/135 227/315/135
f 235/332/142 243/341/142 244/342/142 236/333/142
f 236/333/141 244/342/141 245/343/141 237/334/141
f 237/334/140 245/343/140 246/344/140 238/335/140
f 238/335/139 246/344/139 247/345/139 239/336/139
f 239/337/146 247/346/146 248/347/146 240/338/146
f 240/338/145 248/347/145 249/348/145 241/339/145
f 241/339/144 249/348/144 250/349/144 242/340/144
f 242/340/143 250/349/143 243/341/143 235/332/143
f 243/341/150 251/350/150 252/351/150 244/342/150
f 244/342/149 252/351/149 253/352/149 245/343/149
f 245/343/148 253/352/148 254/353/148 246/344/148
f 246/344/147 254/353/147 255/354/147 247/345/147
f 247/346/154 255/355/154 256/356/154 248/347/154
f 248/347/153 256/356/153 257/357/153 249/348/153
f 249/348/152 257/357/152 258/358/152 250/349/152
f 250/349/151 258/358/151 251/350/151 243/341/151
f 251/350/158 259/359/158 260/360/158 252/351/158
f 252/351/157 260/360/157 261/361/157 253/352/157
f 253/352/156 261/361/156 262/362/156 254/353/156
f 254/353/155 262/362/155 263/363/155 255/354/155
f 255/355/162 263/364/162 264/365/162 256/356/162
f 256/356/161 264/365/161 265/366/161 257/357/161
f 257/357/160 265/366/160 266/367/160 258/358/160
f 258/358/159 266/367/159 259/359/159 251/350/159
f 259/359/166 267/368/166 268/369/166 260/360/166
f 260/360/165 268/369/165 269/370/165 261/361/165
f 261/361/164 269/370/164 270/371/164 262/362/164
f 262/362/163 270/371/163 271/372/163 263/363/163
f 263/364/170 271/373/170 272/374/170 264/365/170
f 264/365/169 272/374/169 273/375/169 265/366/169
f 265/366/168 273/375/168 274/376/168 266/367/168
f 266/367/167 274/376/167 267/368/167 259/359/167
f 267/368/174 275/377/174 276/378/174 268/369/174
f 268/369/173 276/378/173 277/379/173 269/370/173
f 269/370/172 277/379/172 278/380/172 270/371/172
f 270/371/171 278/380/171 279/381/171 271/372/171
f 271/373/178 279/382/178 280/383/178 272/374/178
f 272/374/177 280/383/177 281/384/177 273/375/177
f 273/375/176 281/384/176 282/385/176 274/376/176
f 274/376/175 282/385/175 275/377/175 267/368/175
f 275/377/182 283/386/182 284/387/182 276/378/182
f 276/378/181 284/387/181 285/388/181 277/379/181
f 277/379/180 285/388/180 286/389/180 278/380/180
f 278/380/179 286/389/179 287/390/179 279/381/179
f 279/382/186 287/391/186 288/392/186 280/383/186
f 280/383/185 288/392/185 289/393/185 281/384/185
f 281/384/184 289/393/184 290/394/184 282/385/184
f 282/385/183 290/394/183 283/386/183 275/377/183
f 283/386/190 291/395/190 292/396/190 284/387/190
f 284/387/189 292/396/189 293/397/189 285/388/189
f 285/388/188 293/397/188 294/398/188 286/389/188
f 286/389/187 294/398/187 295/399/187 287/390/187
f 287/391/194 295/400/194 296/401/194 288/392/194
f 288/392/193 296/401/193 297/402/193 289/393/193
f 289/393/192 297/402/192 298/403/192 290/394/192
f 290/394/191 298/403/191 291/395/191 283/386/191
f 291/395/198 299/404/198 300/405/198 292/396/198
f 292/396/197 300/405/197 301/406/197 293/397/197
f 293/397/196 301/406/196 302/407/196 294/398/196
f 294/398/195 302/407/195 303/408/195 295/399/195
f 295/400/202 303/409/202 304/410/202 296/401/202
f 296/401/201 304/410/201 305/411/201 297/402/201
f 297/402/200 305/411/200 306/412/200 298/403/200
f 298/403/199 306/412/199 299/404/199 291/395/199
f 299/404/206 307/413/206 308/414/206 300/405/206
f 300/405/205 308/414/205 309/415/205 301/406/205
f 301/406/204 309/415/204 310/416/204 302/407/204
f 302/407/203 310/416/203 311/417/203 303/408/203
f 303/409/210 311/418/210 312/419/210 304/410/210
f 304/410/209 312/419/209 313/420/209 305/411/209
f 305/411/208 313/420/208 314/421/208 306/412/208
f 306/412/207 314/421/207 307/413/207 299/404/207
f 307/413/214 123/197/214 124/200/214 308/414/214
f 308/414/213 124/200/213 125/202/213 309/415/213
f 309/415/212 125/202/212 126/204/212 310/416/212
f 310/416/211 126/204/211 127/206/211 311/417/211
f 311/418/218 127/207/218 128/210/218 312/419/218
f 312/419/217 128/210/217 129/212/217 313/420/217
f 313/420/216 129/212/216 130/214/216 314/421/216
f 314/421/215 130/214/215 123/197/215 307/413/215
o emerald_colored_light_pad
v 0.000000 0.080000 -0.380000
v 0.000000 0.100000 -0.380000
v 0.117426 0.080000 -0.361401
v 0.117426 0.100000 -0.361401
v 0.223358 0.080000 -0.307426
v 0.223358 0.100000 -0.307426
v 0.307426 0.080000 -0.223358
v 0.307426 0.100000 -0.223358
v 0.361401 0.080000 -0.117426
v 0.361401 0.100000 -0.117426
v 0.380000 0.080000 0.000000
v 0.380000 0.100000 0.000000
v 0.361401 0.080000 0.117426
v 0.361401 0.100000 0.117426
v 0.307426 0.080000 0.223358
v 0.307426 0.100000 0.223358
v 0.223358 0.080000 0.307426
v 0.223358 0.100000 0.307426
v 0.117426 0.080000 0.361401
v 0.117426 0.100000 0.361401
v 0.000000 0.080000 0.380000
v 0.000000 0.100000 0.380000
v -0.117426 0.080000 0.361401
v -0.117426 0.100000 0.361401
v -0.223358 0.080000 0.307426
v -0.223358 0.100000 0.307426
v -0.307426 0.080000 0.223358
v -0.307426 0.100000 0.223358
v -0.361401 0.080000 0.117426
v -0.361401 0.100000 0.117426
v -0.380000 0.080000 0.000000
v -0.380000 0.100000 0.000000
v -0.361401 0.080000 -0.117426
v -0.361401 0.100000 -0.117426
v -0.307426 0.080000 -0.223358
v -0.307426 0.100000 -0.223358
v -0.223358 0.080000 -0.307426
v -0.223358 0.100000 -0.307426
v -0.117426 0.080000 -0.361401
v -0.117426 0.100000 -0.361401
vn 0.1564 -0.0000 -0.9877
vn 0.4540 -0.0000 -0.8910
vn 0.7071 -0.0000 -0.7071
vn 0.8910 -0.0000 -0.4540
vn 0.9877 -0.0000 -0.1564
vn 0.9877 -0.0000 0.1564
vn 0.8910 -0.0000 0.4540
vn 0.7071 -0.0000 0.7071
vn 0.4540 -0.0000 0.8910
vn 0.1564 -0.0000 0.9877
vn -0.1564 -0.0000 0.9877
vn -0.4540 -0.0000 0.8910
vn -0.7071 -0.0000 0.7071
vn -0.8910 -0.0000 0.4540
vn -0.9877 -0.0000 0.1564
vn -0.9877 -0.0000 -0.1564
vn -0.8910 -0.0000 -0.4540
vn -0.7071 -0.0000 -0.7071
vn -0.0000 1.0000 -0.0000
vn -0.4540 -0.0000 -0.8910
vn -0.1564 -0.0000 -0.9877
vn -0.0000 -1.0000 -0.0000
vt 1.000000 0.500000
vt 1.000000 1.000000
vt 0.950000 1.000000
vt 0.950000 0.500000
vt 0.900000 1.000000
vt 0.900000 0.500000
vt 0.850000 1.000000
vt 0.850000 0.500000
vt 0.800000 1.000000
vt 0.800000 0.500000
vt 0.750000 1.000000
vt 0.750000 0.500000
vt 0.700000 1.000000
vt 0.700000 0.500000
vt 0.650000 1.000000
vt 0.650000 0.500000
vt 0.600000 1.000000
vt 0.600000 0.500000
vt 0.550000 1.000000
vt 0.550000 0.500000
vt 0.500000 1.000000
vt 0.500000 0.500000
vt 0.450000 1.000000
vt 0.450000 0.500000
vt 0.400000 1.000000
vt 0.400000 0.500000
vt 0.350000 1.000000
vt 0.350000 0.500000
vt 0.300000 1.000000
vt 0.300000 0.500000
vt 0.250000 1.000000
vt 0.250000 0.500000
vt 0.200000 1.000000
vt 0.200000 0.500000
vt 0.150000 1.000000
vt 0.150000 0.500000
vt 0.100000 1.000000
vt 0.100000 0.500000
vt 0.324164 0.478254
vt 0.250000 0.490000
vt 0.175836 0.478254
vt 0.108932 0.444164
vt 0.055836 0.391068
vt 0.021746 0.324164
vt 0.010000 0.250000
vt 0.021746 0.175836
vt 0.055836 0.108932
vt 0.108932 0.055836
vt 0.175836 0.021746
vt 0.250000 0.010000
vt 0.324164 0.021746
vt 0.391068 0.055836
vt 0.444164 0.108932
vt 0.478254 0.175836
vt 0.490000 0.250000
vt 0.478254 0.324164
vt 0.444164 0.391068
vt 0.391068 0.444164
vt 0.050000 1.000000
vt 0.050000 0.500000
vt -0.000000 1.000000
vt -0.000000 0.500000
vt 0.750000 0.490000
vt 0.824164 0.478254
vt 0.891068 0.444164
vt 0.944164 0.391068
vt 0.978254 0.324164
vt 0.990000 0.250000
vt 0.978254 0.175836
vt 0.944164 0.108932
vt 0.891068 0.055836
vt 0.824164 0.021746
vt 0.750000 0.010000
vt 0.675836 0.021746
vt 0.608932 0.055836
vt 0.555836 0.108932
vt 0.521746 0.175836
vt 0.510000 0.250000
vt 0.521746 0.324164
vt 0.555836 0.391068
vt 0.608932 0.444164
vt 0.675836 0.478254
s 0
usemtl emerald_emissive_glow.001
f 315/422/219 316/423/219 318/424/219 317/425/219
f 317/425/220 318/424/220 320/426/220 319/427/220
f 319/427/221 320/426/221 322/428/221 321/429/221
f 321/429/222 322/428/222 324/430/222 323/431/222
f 323/431/223 324/430/223 326/432/223 325/433/223
f 325/433/224 326/432/224 328/434/224 327/435/224
f 327/435/225 328/434/225 330/436/225 329/437/225
f 329/437/226 330/436/226 332/438/226 331/439/226
f 331/439/227 332/438/227 334/440/227 333/441/227
f 333/441/228 334/440/228 336/442/228 335/443/228
f 335/443/229 336/442/229 338/444/229 337/445/229
f 337/445/230 338/444/230 340/446/230 339/447/230
f 339/447/231 340/446/231 342/448/231 341/449/231
f 341/449/232 342/448/232 344/450/232 343/451/232
f 343/451/233 344/450/233 346/452/233 345/453/233
f 345/453/234 346/452/234 348/454/234 347/455/234
f 347/455/235 348/454/235 350/456/235 349/457/235
f 349/457/236 350/456/236 352/458/236 351/459/236
f 318/460/237 316/461/237 354/462/237 352/463/237 350/464/237 348/465/237 346/466/237 344/467/237 342/468/237 340/469/237 338/470/237 336/471/237 334/472/237 332/473/237 330/474/237 328/475/237 326/476/237 324/477/237 322/478/237 320/479/237
f 351/459/238 352/458/238 354/480/238 353/481/238
f 353/481/239 354/480/239 316/482/239 315/483/239
f 315/484/240 317/485/240 319/486/240 321/487/240 323/488/240 325/489/240 327/490/240 329/491/240 331/492/240 333/493/240 335/494/240 337/495/240 339/496/240 341/497/240 343/498/240 345/499/240 347/500/240 349/501/240 351/502/240 353/503/240
o emerald_base_label
v 0.312660 -0.168153 0.758610
v 0.323474 -0.168775 0.758812
v 0.333250 -0.170563 0.759393
v 0.342006 -0.173398 0.760314
v 0.349760 -0.177163 0.761537
v 0.356532 -0.181738 0.763024
v 0.362340 -0.187005 0.764736
v 0.367203 -0.192847 0.766634
v 0.371140 -0.199145 0.768680
v 0.374169 -0.205780 0.770836
v 0.376310 -0.212635 0.773063
v 0.377581 -0.219590 0.775323
v 0.378000 -0.226529 0.777577
v 0.377491 -0.233971 0.779996
v 0.375986 -0.241255 0.782362
v 0.373514 -0.248289 0.784648
v 0.370107 -0.254978 0.786821
v 0.365794 -0.261230 0.788853
v 0.360608 -0.266951 0.790711
v 0.354577 -0.272048 0.792368
v 0.347733 -0.276428 0.793791
v 0.340107 -0.279996 0.794950
v 0.331729 -0.282661 0.795816
v 0.322630 -0.284328 0.796358
v 0.312840 -0.284905 0.796545
v 0.264960 -0.284905 0.796545
v 0.264960 -0.168153 0.758610
v 0.310680 -0.269840 0.791650
v 0.320041 -0.269262 0.791462
v 0.328195 -0.267630 0.790932
v 0.335216 -0.265095 0.790108
v 0.341180 -0.261807 0.789040
v 0.346161 -0.257917 0.787776
v 0.350235 -0.253577 0.786366
v 0.353476 -0.248937 0.784858
v 0.355960 -0.244149 0.783303
v 0.357761 -0.239363 0.781747
v 0.358955 -0.234730 0.780242
v 0.359616 -0.230402 0.778836
v 0.359820 -0.226529 0.777577
v 0.359492 -0.220750 0.775700
v 0.358501 -0.215177 0.773889
v 0.356836 -0.209867 0.772164
v 0.354487 -0.204877 0.770542
v 0.351442 -0.200261 0.769043
v 0.347692 -0.196078 0.767684
v 0.343226 -0.192384 0.766483
v 0.338033 -0.189235 0.765460
v 0.332103 -0.186687 0.764632
v 0.325424 -0.184797 0.764018
v 0.317987 -0.183622 0.763636
v 0.309780 -0.183218 0.763505
v 0.282600 -0.183218 0.763505
v 0.282600 -0.269840 0.791650
v 0.249480 -0.269840 0.791650
v 0.249480 -0.284905 0.796545
v 0.176400 -0.284905 0.796545
v 0.176400 -0.168153 0.758610
v 0.194040 -0.168153 0.758610
v 0.194040 -0.269840 0.791650
v 0.145080 -0.284905 0.796545
v 0.128700 -0.250496 0.785365
v 0.076500 -0.250496 0.785365
v 0.061020 -0.284905 0.796545
v 0.043020 -0.284905 0.796545
v 0.095760 -0.167468 0.758388
v 0.108180 -0.167468 0.758388
v 0.163080 -0.284905 0.796545
v 0.121500 -0.235431 0.780470
v 0.101700 -0.193147 0.766731
v 0.083340 -0.235431 0.780470
v -0.014869 -0.168411 0.758694
v -0.009268 -0.169172 0.758941
v -0.004101 -0.170421 0.759347
v 0.000613 -0.172141 0.759906
v 0.004852 -0.174315 0.760612
v 0.008595 -0.176927 0.761461
v 0.011820 -0.179959 0.762446
v 0.014507 -0.183395 0.763563
v 0.016633 -0.187219 0.764805
v 0.018178 -0.191414 0.766168
v 0.019121 -0.195964 0.767646
v 0.019440 -0.200850 0.769234
v 0.019287 -0.204159 0.770309
v 0.018832 -0.207319 0.771336
v 0.018082 -0.210325 0.772312
v 0.017040 -0.213170 0.773237
v 0.015713 -0.215848 0.774107
v 0.014107 -0.218355 0.774921
v 0.012228 -0.220683 0.775678
v 0.010080 -0.222826 0.776374
v 0.007670 -0.224780 0.777009
v 0.005002 -0.226537 0.777580
v 0.002084 -0.228092 0.778085
v -0.001080 -0.229439 0.778523
v 0.001624 -0.231272 0.779119
v 0.004172 -0.233262 0.779765
v 0.006587 -0.235409 0.780463
v 0.008893 -0.237713 0.781211
v 0.011115 -0.240174 0.782011
v 0.013275 -0.242792 0.782862
v 0.015398 -0.245567 0.783763
v 0.017507 -0.248498 0.784716
v 0.019626 -0.251587 0.785719
v 0.021778 -0.254832 0.786774
v 0.023989 -0.258235 0.787879
v 0.026280 -0.261794 0.789036
v 0.027544 -0.263727 0.789664
v 0.028745 -0.265527 0.790249
v 0.029908 -0.267235 0.790804
v 0.031060 -0.268889 0.791341
v 0.032227 -0.270529 0.791874
v 0.033435 -0.272194 0.792415
v 0.034711 -0.273923 0.792977
v 0.036080 -0.275756 0.793572
v 0.037569 -0.277731 0.794214
v 0.039205 -0.279888 0.794915
v 0.041013 -0.282266 0.795688
v 0.043020 -0.284905 0.796545
v 0.021960 -0.284905 0.796545
v 0.005760 -0.260938 0.788758
v 0.001888 -0.255378 0.786951
v -0.001653 -0.250638 0.785411
v -0.004899 -0.246654 0.784117
v -0.007887 -0.243363 0.783047
v -0.010651 -0.240698 0.782181
v -0.013230 -0.238598 0.781499
v -0.015659 -0.236997 0.780979
v -0.017973 -0.235830 0.780600
v -0.020211 -0.235035 0.780341
v -0.022407 -0.234546 0.780182
v -0.024598 -0.234300 0.780103
v -0.026820 -0.234232 0.780080
v -0.034200 -0.234232 0.780080
v -0.034200 -0.284905 0.796545
v -0.051840 -0.284905 0.796545
v -0.051840 -0.168153 0.758610
v -0.020880 -0.168153 0.758610
v -0.022860 -0.219168 0.775186
v -0.018412 -0.218980 0.775125
v -0.014498 -0.218438 0.774949
v -0.011093 -0.217571 0.774667
v -0.008167 -0.216410 0.774290
v -0.005693 -0.214985 0.773826
v -0.003645 -0.213326 0.773288
v -0.001994 -0.211464 0.772683
v -0.000713 -0.209429 0.772021
v 0.000225 -0.207251 0.771314
v 0.000848 -0.204961 0.770570
v 0.001184 -0.202589 0.769799
v 0.001260 -0.200166 0.769012
v 0.001074 -0.197517 0.768151
v 0.000598 -0.195055 0.767351
v -0.000180 -0.192788 0.766614
v -0.001273 -0.190725 0.765944
v -0.002694 -0.188873 0.765342
v -0.004455 -0.187241 0.764812
v -0.006568 -0.185837 0.764356
v -0.009047 -0.184670 0.763977
v -0.011903 -0.183747 0.763677
v -0.015148 -0.183078 0.763460
v -0.018797 -0.182671 0.763327
v -0.022860 -0.182533 0.763282
v -0.034200 -0.182533 0.763282
v -0.034200 -0.219168 0.775186
v -0.124560 -0.183218 0.763505
v -0.124560 -0.218483 0.774963
v -0.074340 -0.218483 0.774963
v -0.074340 -0.233548 0.779858
v -0.124560 -0.233548 0.779858
v -0.124560 -0.269840 0.791650
v -0.070920 -0.269840 0.791650
v -0.070920 -0.284905 0.796545
v -0.142200 -0.284905 0.796545
v -0.142200 -0.168153 0.758610
v -0.072540 -0.168153 0.758610
v -0.072540 -0.183218 0.763505
v -0.186300 -0.284905 0.796545
v -0.186300 -0.194003 0.767009
v -0.186660 -0.194003 0.767009
v -0.224460 -0.239197 0.781694
v -0.227340 -0.239197 0.781694
v -0.265140 -0.194003 0.767009
v -0.265500 -0.194003 0.767009
v -0.265500 -0.284905 0.796545
v -0.283140 -0.284905 0.796545
v -0.283140 -0.168153 0.758610
v -0.266580 -0.168153 0.758610
v -0.225900 -0.216086 0.774184
v -0.185040 -0.168153 0.758610
v -0.168660 -0.168153 0.758610
v -0.168660 -0.284905 0.796545
v -0.355140 -0.183218 0.763505
v -0.355140 -0.218483 0.774963
v -0.304920 -0.218483 0.774963
v -0.304920 -0.233548 0.779858
v -0.355140 -0.233548 0.779858
v -0.355140 -0.269840 0.791650
v -0.301500 -0.269840 0.791650
v -0.301500 -0.284905 0.796545
v -0.372780 -0.284905 0.796545
v -0.372780 -0.168153 0.758610
v -0.303120 -0.168153 0.758610
v -0.303120 -0.183218 0.763505
v 0.312660 -0.181058 0.718894
v 0.323474 -0.181680 0.719096
v 0.333250 -0.183468 0.719677
v 0.342006 -0.186303 0.720598
v 0.349760 -0.190067 0.721821
v 0.356532 -0.194642 0.723308
v 0.362340 -0.199910 0.725019
v 0.367203 -0.205752 0.726918
v 0.371140 -0.212049 0.728964
v 0.374169 -0.218685 0.731120
v 0.376310 -0.225539 0.733347
v 0.377581 -0.232495 0.735607
v 0.378000 -0.239433 0.737861
v 0.377491 -0.246875 0.740279
v 0.375986 -0.254160 0.742646
v 0.373514 -0.261193 0.744932
v 0.370107 -0.267883 0.747105
v 0.365794 -0.274135 0.749136
v 0.360608 -0.279856 0.750995
v 0.354577 -0.284953 0.752651
v 0.347733 -0.289332 0.754074
v 0.340107 -0.292901 0.755234
v 0.331729 -0.295566 0.756100
v 0.322630 -0.297233 0.756642
v 0.312840 -0.297809 0.756829
v 0.264960 -0.297809 0.756829
v 0.264960 -0.181058 0.718894
v 0.310680 -0.282745 0.751934
v 0.320041 -0.282167 0.751746
v 0.328195 -0.280535 0.751216
v 0.335216 -0.277999 0.750392
v 0.341180 -0.274711 0.749324
v 0.346161 -0.270822 0.748060
v 0.350235 -0.266482 0.746650
v 0.353476 -0.261842 0.745142
v 0.355960 -0.257053 0.743586
v 0.357761 -0.252267 0.742031
v 0.358955 -0.247635 0.740526
v 0.359616 -0.243306 0.739120
v 0.359820 -0.239433 0.737861
v 0.359492 -0.233655 0.735984
v 0.358501 -0.228082 0.734173
v 0.356836 -0.222772 0.732448
v 0.354487 -0.217781 0.730826
v 0.351442 -0.213166 0.729327
v 0.347692 -0.208983 0.727967
v 0.343226 -0.205289 0.726767
v 0.338033 -0.202139 0.725744
v 0.332103 -0.199592 0.724916
v 0.325424 -0.197702 0.724302
v 0.317987 -0.196527 0.723920
v 0.309780 -0.196122 0.723789
v 0.282600 -0.196122 0.723789
v 0.282600 -0.282745 0.751934
v 0.249480 -0.282745 0.751934
v 0.249480 -0.297809 0.756829
v 0.176400 -0.297809 0.756829
v 0.176400 -0.181058 0.718894
v 0.194040 -0.181058 0.718894
v 0.194040 -0.282745 0.751934
v 0.145080 -0.297809 0.756829
v 0.128700 -0.263400 0.745649
v 0.076500 -0.263400 0.745649
v 0.061020 -0.297809 0.756829
v 0.043020 -0.297809 0.756829
v 0.095760 -0.180373 0.718671
v 0.108180 -0.180373 0.718671
v 0.163080 -0.297809 0.756829
v 0.121500 -0.248335 0.740754
v 0.101700 -0.206051 0.727015
v 0.083340 -0.248335 0.740754
v -0.014869 -0.181315 0.718978
v -0.009268 -0.182077 0.719225
v -0.004101 -0.183326 0.719631
v 0.000613 -0.185046 0.720190
v 0.004852 -0.187220 0.720896
v 0.008595 -0.189831 0.721745
v 0.011820 -0.192863 0.722730
v 0.014507 -0.196300 0.723846
v 0.016633 -0.200124 0.725089
v 0.018178 -0.204319 0.726452
v 0.019121 -0.208868 0.727930
v 0.019440 -0.213755 0.729518
v 0.019287 -0.217064 0.730593
v 0.018832 -0.220224 0.731620
v 0.018082 -0.223229 0.732596
v 0.017040 -0.226074 0.733521
v 0.015713 -0.228753 0.734391
v 0.014107 -0.231259 0.735205
v 0.012228 -0.233587 0.735962
v 0.010080 -0.235731 0.736658
v 0.007670 -0.237684 0.737293
v 0.005002 -0.239441 0.737864
v 0.002084 -0.240997 0.738369
v -0.001080 -0.242344 0.738807
v 0.001624 -0.244177 0.739403
v 0.004172 -0.246167 0.740049
v 0.006587 -0.248314 0.740747
v 0.008893 -0.250618 0.741495
v 0.011115 -0.253079 0.742295
v 0.013275 -0.255697 0.743146
v 0.015398 -0.258471 0.744047
v 0.017507 -0.261403 0.745000
v 0.019626 -0.264491 0.746003
v 0.021778 -0.267737 0.747058
v 0.023989 -0.271139 0.748163
v 0.026280 -0.274699 0.749320
v 0.027544 -0.276631 0.749948
v 0.028745 -0.278432 0.750533
v 0.029908 -0.280139 0.751087
v 0.031060 -0.281794 0.751625
v 0.032227 -0.283434 0.752158
v 0.033435 -0.285098 0.752699
v 0.034711 -0.286828 0.753261
v 0.036080 -0.288660 0.753856
v 0.037569 -0.290635 0.754498
v 0.039205 -0.292792 0.755199
v 0.041013 -0.295171 0.755971
v 0.043020 -0.297809 0.756829
v 0.021960 -0.297809 0.756829
v 0.005760 -0.273843 0.749042
v 0.001888 -0.268283 0.747235
v -0.001653 -0.263543 0.745695
v -0.004899 -0.259559 0.744401
v -0.007887 -0.256267 0.743331
v -0.010651 -0.253603 0.742465
v -0.013230 -0.251502 0.741783
v -0.015659 -0.249901 0.741262
v -0.017973 -0.248735 0.740884
v -0.020211 -0.247939 0.740625
v -0.022407 -0.247451 0.740466
v -0.024598 -0.247205 0.740386
v -0.026820 -0.247137 0.740364
v -0.034200 -0.247137 0.740364
v -0.034200 -0.297809 0.756829
v -0.051840 -0.297809 0.756829
v -0.051840 -0.181058 0.718894
v -0.020880 -0.181058 0.718894
v -0.022860 -0.232072 0.735470
v -0.018412 -0.231885 0.735409
v -0.014498 -0.231342 0.735232
v -0.011093 -0.230475 0.734951
v -0.008167 -0.229314 0.734573
v -0.005693 -0.227889 0.734110
v -0.003645 -0.226230 0.733571
v -0.001994 -0.224368 0.732966
v -0.000713 -0.222333 0.732305
v 0.000225 -0.220156 0.731598
v 0.000848 -0.217866 0.730854
v 0.001184 -0.215494 0.730083
v 0.001260 -0.213070 0.729295
v 0.001074 -0.210422 0.728435
v 0.000598 -0.207960 0.727635
v -0.000180 -0.205693 0.726898
v -0.001273 -0.203629 0.726228
v -0.002694 -0.201777 0.725626
v -0.004455 -0.200145 0.725096
v -0.006568 -0.198742 0.724640
v -0.009047 -0.197574 0.724261
v -0.011903 -0.196652 0.723961
v -0.015148 -0.195983 0.723743
v -0.018797 -0.195575 0.723611
v -0.022860 -0.195438 0.723566
v -0.034200 -0.195438 0.723566
v -0.034200 -0.232072 0.735470
v -0.124560 -0.196122 0.723789
v -0.124560 -0.231388 0.735247
v -0.074340 -0.231388 0.735247
v -0.074340 -0.246452 0.740142
v -0.124560 -0.246452 0.740142
v -0.124560 -0.282745 0.751934
v -0.070920 -0.282745 0.751934
v -0.070920 -0.297809 0.756829
v -0.142200 -0.297809 0.756829
v -0.142200 -0.181058 0.718894
v -0.072540 -0.181058 0.718894
v -0.072540 -0.196122 0.723789
v -0.186300 -0.297809 0.756829
v -0.186300 -0.206907 0.727293
v -0.186660 -0.206907 0.727293
v -0.224460 -0.252102 0.741977
v -0.227340 -0.252102 0.741977
v -0.265140 -0.206907 0.727293
v -0.265500 -0.206907 0.727293
v -0.265500 -0.297809 0.756829
v -0.283140 -0.297809 0.756829
v -0.283140 -0.181058 0.718894
v -0.266580 -0.181058 0.718894
v -0.225900 -0.228991 0.734468
v -0.185040 -0.181058 0.718894
v -0.168660 -0.181058 0.718894
v -0.168660 -0.297809 0.756829
v -0.355140 -0.196122 0.723789
v -0.355140 -0.231388 0.735247
v -0.304920 -0.231388 0.735247
v -0.304920 -0.246452 0.740142
v -0.355140 -0.246452 0.740142
v -0.355140 -0.282745 0.751934
v -0.301500 -0.282745 0.751934
v -0.301500 -0.297809 0.756829
v -0.372780 -0.297809 0.756829
v -0.372780 -0.181058 0.718894
v -0.303120 -0.181058 0.718894
v -0.303120 -0.196122 0.723789
v -0.355140 -0.196122 0.723789
v -0.354250 -0.196925 0.724198
v -0.353447 -0.197562 0.724835
v -0.352810 -0.197971 0.725638
v -0.352401 -0.198112 0.726528
v -0.352260 -0.197971 0.727418
v -0.352260 -0.186847 0.761656
v -0.352401 -0.186438 0.762459
v -0.352810 -0.185801 0.763096
v -0.353447 -0.184998 0.763505
v -0.354250 -0.184108 0.763646
v -0.355140 -0.183218 0.763505
v -0.355140 -0.231388 0.735247
v -0.354250 -0.230498 0.735106
v -0.353447 -0.229608 0.735247
v -0.352810 -0.228805 0.735656
v -0.352401 -0.228168 0.736293
v -0.352260 -0.227759 0.737096
v -0.352260 -0.216634 0.771334
v -0.352401 -0.216493 0.772224
v -0.352810 -0.216634 0.773114
v -0.353447 -0.217043 0.773917
v -0.354250 -0.217680 0.774554
v -0.355140 -0.218483 0.774963
v -0.304920 -0.231388 0.735247
v -0.304030 -0.230498 0.735106
v -0.303227 -0.229608 0.735247
v -0.302590 -0.228805 0.735656
v -0.302181 -0.228168 0.736293
v -0.302040 -0.227759 0.737096
v -0.302040 -0.216634 0.771334
v -0.302181 -0.216493 0.772224
v -0.302590 -0.216634 0.773114
v -0.303227 -0.217043 0.773917
v -0.304030 -0.217680 0.774554
v -0.304920 -0.218483 0.774963
v -0.304920 -0.246452 0.740142
v -0.304030 -0.247255 0.740551
v -0.303227 -0.247892 0.741188
v -0.302590 -0.248301 0.741991
v -0.302181 -0.248442 0.742881
v -0.302040 -0.248301 0.743771
v -0.302040 -0.237177 0.778009
v -0.302181 -0.236768 0.778812
v -0.302590 -0.236131 0.779449
v -0.303227 -0.235328 0.779858
v -0.304030 -0.234438 0.779999
v -0.304920 -0.233548 0.779858
v -0.355140 -0.246452 0.740142
v -0.354250 -0.247255 0.740551
v -0.353447 -0.247892 0.741188
v -0.352810 -0.248301 0.741991
v -0.352401 -0.248442 0.742881
v -0.352260 -0.248301 0.743771
v -0.352260 -0.237177 0.778009
v -0.352401 -0.236768 0.778812
v -0.352810 -0.236131 0.779449
v -0.353447 -0.235328 0.779858
v -0.354250 -0.234438 0.779999
v -0.355140 -0.233548 0.779858
v -0.355140 -0.282745 0.751934
v -0.354250 -0.281855 0.751793
v -0.353447 -0.280965 0.751934
v -0.352810 -0.280162 0.752343
v -0.352401 -0.279525 0.752980
v -0.352260 -0.279116 0.753783
v -0.352260 -0.267991 0.788021
v -0.352401 -0.267850 0.788911
v -0.352810 -0.267991 0.789801
v -0.353447 -0.268400 0.790604
v -0.354250 -0.269037 0.791241
v -0.355140 -0.269840 0.791650
v -0.301500 -0.282745 0.751934
v -0.300610 -0.281855 0.751793
v -0.299807 -0.280965 0.751934
v -0.299170 -0.280162 0.752343
v -0.298761 -0.279525 0.752980
v -0.298620 -0.279116 0.753783
v -0.298620 -0.267991 0.788021
v -0.298761 -0.267850 0.788911
v -0.299170 -0.267991 0.789801
v -0.299807 -0.268400 0.790604
v -0.300610 -0.269037 0.791241
v -0.301500 -0.269840 0.791650
v -0.301500 -0.297809 0.756829
v -0.300610 -0.298612 0.757238
v -0.299807 -0.299249 0.757875
v -0.299170 -0.299658 0.758678
v -0.298761 -0.299799 0.759568
v -0.298620 -0.299658 0.760458
v -0.298620 -0.288534 0.794696
v -0.298761 -0.288125 0.795499
v -0.299170 -0.287488 0.796136
v -0.299807 -0.286685 0.796545
v -0.300610 -0.285795 0.796686
v -0.301500 -0.284905 0.796545
v -0.372780 -0.297809 0.756829
v -0.373670 -0.298612 0.757238
v -0.374473 -0.299249 0.757875
v -0.375110 -0.299658 0.758678
v -0.375519 -0.299799 0.759568
v -0.375660 -0.299658 0.760458
v -0.375660 -0.288534 0.794696
v -0.375519 -0.288125 0.795499
v -0.375110 -0.287488 0.796136
v -0.374473 -0.286685 0.796545
v -0.373670 -0.285795 0.796686
v -0.372780 -0.284905 0.796545
v -0.372780 -0.181058 0.718894
v -0.373670 -0.180168 0.718753
v -0.374473 -0.179278 0.718894
v -0.375110 -0.178475 0.719303
v -0.375519 -0.177838 0.719940
v -0.375660 -0.177429 0.720743
v -0.375660 -0.166304 0.754981
v -0.375519 -0.166163 0.755871
v -0.375110 -0.166304 0.756761
v -0.374473 -0.166713 0.757564
v -0.373670 -0.167350 0.758201
v -0.372780 -0.168153 0.758610
v -0.303120 -0.181058 0.718894
v -0.302230 -0.180168 0.718753
v -0.301427 -0.179278 0.718894
v -0.300790 -0.178475 0.719303
v -0.300381 -0.177838 0.719940
v -0.300240 -0.177429 0.720743
v -0.300240 -0.166304 0.754981
v -0.300381 -0.166163 0.755871
v -0.300790 -0.166304 0.756761
v -0.301427 -0.166713 0.757564
v -0.302230 -0.167350 0.758201
v -0.303120 -0.168153 0.758610
v -0.303120 -0.196122 0.723789
v -0.302230 -0.196925 0.724198
v -0.301427 -0.197562 0.724835
v -0.300790 -0.197971 0.725638
v -0.300381 -0.198112 0.726528
v -0.300240 -0.197971 0.727418
v -0.300240 -0.186847 0.761656
v -0.300381 -0.186438 0.762459
v -0.300790 -0.185801 0.763096
v -0.301427 -0.184998 0.763505
v -0.302230 -0.184108 0.763646
v -0.303120 -0.183218 0.763505
v -0.186300 -0.297809 0.756829
v -0.187190 -0.298612 0.757238
v -0.187993 -0.299249 0.757875
v -0.188630 -0.299658 0.758678
v -0.189039 -0.299799 0.759568
v -0.189180 -0.299658 0.760458
v -0.189180 -0.288534 0.794696
v -0.189039 -0.288125 0.795499
v -0.188630 -0.287488 0.796136
v -0.187993 -0.286685 0.796545
v -0.187190 -0.285795 0.796686
v -0.186300 -0.284905 0.796545
v -0.186300 -0.206907 0.727293
v -0.187190 -0.207710 0.727702
v -0.187993 -0.208347 0.728339
v -0.188630 -0.208756 0.729142
v -0.189039 -0.208897 0.730032
v -0.189180 -0.208756 0.730922
v -0.189180 -0.197632 0.765160
v -0.189039 -0.197223 0.765963
v -0.188630 -0.196586 0.766600
v -0.187993 -0.195783 0.767009
v -0.187190 -0.194893 0.767150
v -0.186300 -0.194003 0.767009
v -0.186660 -0.206907 0.727293
v -0.186231 -0.207710 0.727702
v -0.185844 -0.208347 0.728339
v -0.185536 -0.208756 0.729142
v -0.185339 -0.208897 0.730032
v -0.185271 -0.208756 0.730922
v -0.185271 -0.197632 0.765160
v -0.185339 -0.197223 0.765963
v -0.185536 -0.196586 0.766600
v -0.185844 -0.195783 0.767009
v -0.186231 -0.194893 0.767150
v -0.186660 -0.194003 0.767009
v -0.224460 -0.252102 0.741977
v -0.224031 -0.252904 0.742387
v -0.223644 -0.253542 0.743024
v -0.223336 -0.253951 0.743827
v -0.223139 -0.254092 0.744717
v -0.223071 -0.253951 0.745606
v -0.223071 -0.242826 0.779845
v -0.223139 -0.242417 0.780647
v -0.223336 -0.241780 0.781285
v -0.223644 -0.240977 0.781694
v -0.224031 -0.240087 0.781835
v -0.224460 -0.239197 0.781694
v -0.227340 -0.252102 0.741977
v -0.227769 -0.252904 0.742387
v -0.228157 -0.253542 0.743024
v -0.228464 -0.253951 0.743827
v -0.228661 -0.254092 0.744717
v -0.228729 -0.253951 0.745606
v -0.228729 -0.242826 0.779845
v -0.228661 -0.242417 0.780647
v -0.228464 -0.241780 0.781285
v -0.228157 -0.240977 0.781694
v -0.227769 -0.240087 0.781835
v -0.227340 -0.239197 0.781694
v -0.265140 -0.206907 0.727293
v -0.265569 -0.207710 0.727702
v -0.265957 -0.208347 0.728339
v -0.266264 -0.208756 0.729142
v -0.266461 -0.208897 0.730032
v -0.266529 -0.208756 0.730922
v -0.266529 -0.197632 0.765160
v -0.266461 -0.197223 0.765963
v -0.266264 -0.196586 0.766600
v -0.265957 -0.195783 0.767009
v -0.265569 -0.194893 0.767150
v -0.265140 -0.194003 0.767009
v -0.265500 -0.206907 0.727293
v -0.264610 -0.207710 0.727702
v -0.263807 -0.208347 0.728339
v -0.263170 -0.208756 0.729142
v -0.262761 -0.208897 0.730032
v -0.262620 -0.208756 0.730922
v -0.262620 -0.197632 0.765160
v -0.262761 -0.197223 0.765963
v -0.263170 -0.196586 0.766600
v -0.263807 -0.195783 0.767009
v -0.264610 -0.194893 0.767150
v -0.265500 -0.194003 0.767009
v -0.265500 -0.297809 0.756829
v -0.264610 -0.298612 0.757238
v -0.263807 -0.299249 0.757875
v -0.263170 -0.299658 0.758678
v -0.262761 -0.299799 0.759568
v -0.262620 -0.299658 0.760458
v -0.262620 -0.288534 0.794696
v -0.262761 -0.288125 0.795499
v -0.263170 -0.287488 0.796136
v -0.263807 -0.286685 0.796545
v -0.264610 -0.285795 0.796686
v -0.265500 -0.284905 0.796545
v -0.283140 -0.297809 0.756829
v -0.284030 -0.298612 0.757238
v -0.284833 -0.299249 0.757875
v -0.285470 -0.299658 0.758678
v -0.285879 -0.299799 0.759568
v -0.286020 -0.299658 0.760458
v -0.286020 -0.288534 0.794696
v -0.285879 -0.288125 0.795499
v -0.285470 -0.287488 0.796136
v -0.284833 -0.286685 0.796545
v -0.284030 -0.285795 0.796686
v -0.283140 -0.284905 0.796545
v -0.283140 -0.181058 0.718894
v -0.284030 -0.180168 0.718753
v -0.284833 -0.179278 0.718894
v -0.285470 -0.178475 0.719303
v -0.285879 -0.177838 0.719940
v -0.286020 -0.177429 0.720743
v -0.286020 -0.166304 0.754981
v -0.285879 -0.166163 0.755871
v -0.285470 -0.166304 0.756761
v -0.284833 -0.166713 0.757564
v -0.284030 -0.167350 0.758201
v -0.283140 -0.168153 0.758610
v -0.266580 -0.181058 0.718894
v -0.266155 -0.180168 0.718753
v -0.265771 -0.179278 0.718894
v -0.265466 -0.178475 0.719303
v -0.265271 -0.177838 0.719940
v -0.265204 -0.177429 0.720743
v -0.265204 -0.166304 0.754981
v -0.265271 -0.166163 0.755871
v -0.265466 -0.166304 0.756761
v -0.265771 -0.166713 0.757564
v -0.266155 -0.167350 0.758201
v -0.266580 -0.168153 0.758610
v -0.225900 -0.228991 0.734468
v -0.225898 -0.227601 0.734165
v -0.225897 -0.226261 0.734160
v -0.225896 -0.225101 0.734453
v -0.225895 -0.224234 0.735015
v -0.225895 -0.223746 0.735792
v -0.225895 -0.212621 0.770030
v -0.225895 -0.212559 0.770946
v -0.225896 -0.212930 0.771911
v -0.225897 -0.213696 0.772830
v -0.225898 -0.214784 0.773613
v -0.225900 -0.216086 0.774184
v -0.185040 -0.181058 0.718894
v -0.185464 -0.180168 0.718753
v -0.185847 -0.179278 0.718894
v -0.186151 -0.178475 0.719303
v -0.186346 -0.177838 0.719940
v -0.186413 -0.177429 0.720743
v -0.186413 -0.166304 0.754981
v -0.186346 -0.166163 0.755871
v -0.186151 -0.166304 0.756761
v -0.185847 -0.166713 0.757564
v -0.185464 -0.167350 0.758201
v -0.185040 -0.168153 0.758610
v -0.168660 -0.181058 0.718894
v -0.167770 -0.180168 0.718753
v -0.166967 -0.179278 0.718894
v -0.166330 -0.178475 0.719303
v -0.165921 -0.177838 0.719940
v -0.165780 -0.177429 0.720743
v -0.165780 -0.166304 0.754981
v -0.165921 -0.166163 0.755871
v -0.166330 -0.166304 0.756761
v -0.166967 -0.166713 0.757564
v -0.167770 -0.167350 0.758201
v -0.168660 -0.168153 0.758610
v -0.168660 -0.297809 0.756829
v -0.167770 -0.298612 0.757238
v -0.166967 -0.299249 0.757875
v -0.166330 -0.299658 0.758678
v -0.165921 -0.299799 0.759568
v -0.165780 -0.299658 0.760458
v -0.165780 -0.288534 0.794696
v -0.165921 -0.288125 0.795499
v -0.166330 -0.287488 0.796136
v -0.166967 -0.286685 0.796545
v -0.167770 -0.285795 0.796686
v -0.168660 -0.284905 0.796545
v -0.124560 -0.196122 0.723789
v -0.123670 -0.196925 0.724198
v -0.122867 -0.197562 0.724835
v -0.122230 -0.197971 0.725638
v -0.121821 -0.198112 0.726528
v -0.121680 -0.197971 0.727418
v -0.121680 -0.186847 0.761656
v -0.121821 -0.186438 0.762459
v -0.122230 -0.185801 0.763096
v -0.122867 -0.184998 0.763505
v -0.123670 -0.184108 0.763646
v -0.124560 -0.183218 0.763505
v -0.124560 -0.231388 0.735247
v -0.123670 -0.230498 0.735106
v -0.122867 -0.229608 0.735247
v -0.122230 -0.228805 0.735656
v -0.121821 -0.228168 0.736293
v -0.121680 -0.227759 0.737096
v -0.121680 -0.216634 0.771334
v -0.121821 -0.216493 0.772224
v -0.122230 -0.216634 0.773114
v -0.122867 -0.217043 0.773917
v -0.123670 -0.217680 0.774554
v -0.124560 -0.218483 0.774963
v -0.074340 -0.231388 0.735247
v -0.073450 -0.230498 0.735106
v -0.072647 -0.229608 0.735247
v -0.072010 -0.228805 0.735656
v -0.071601 -0.228168 0.736293
v -0.071460 -0.227759 0.737096
v -0.071460 -0.216634 0.771334
v -0.071601 -0.216493 0.772224
v -0.072010 -0.216634 0.773114
v -0.072647 -0.217043 0.773917
v -0.073450 -0.217680 0.774554
v -0.074340 -0.218483 0.774963
v -0.074340 -0.246452 0.740142
v -0.073450 -0.247255 0.740551
v -0.072647 -0.247892 0.741188
v -0.072010 -0.248301 0.741991
v -0.071601 -0.248442 0.742881
v -0.071460 -0.248301 0.743771
v -0.071460 -0.237177 0.778009
v -0.071601 -0.236768 0.778812
v -0.072010 -0.236131 0.779449
v -0.072647 -0.235328 0.779858
v -0.073450 -0.234438 0.779999
v -0.074340 -0.233548 0.779858
v -0.124560 -0.246452 0.740142
v -0.123670 -0.247255 0.740551
v -0.122867 -0.247892 0.741188
v -0.122230 -0.248301 0.741991
v -0.121821 -0.248442 0.742881
v -0.121680 -0.248301 0.743771
v -0.121680 -0.237177 0.778009
v -0.121821 -0.236768 0.778812
v -0.122230 -0.236131 0.779449
v -0.122867 -0.235328 0.779858
v -0.123670 -0.234438 0.779999
v -0.124560 -0.233548 0.779858
v -0.124560 -0.282745 0.751934
v -0.123670 -0.281855 0.751793
v -0.122867 -0.280965 0.751934
v -0.122230 -0.280162 0.752343
v -0.121821 -0.279525 0.752980
v -0.121680 -0.279116 0.753783
v -0.121680 -0.267991 0.788021
v -0.121821 -0.267850 0.788911
v -0.122230 -0.267991 0.789801
v -0.122867 -0.268400 0.790604
v -0.123670 -0.269037 0.791241
v -0.124560 -0.269840 0.791650
v -0.070920 -0.282745 0.751934
v -0.070030 -0.281855 0.751793
v -0.069227 -0.280965 0.751934
v -0.068590 -0.280162 0.752343
v -0.068181 -0.279525 0.752980
v -0.068040 -0.279116 0.753783
v -0.068040 -0.267991 0.788021
v -0.068181 -0.267850 0.788911
v -0.068590 -0.267991 0.789801
v -0.069227 -0.268400 0.790604
v -0.070030 -0.269037 0.791241
v -0.070920 -0.269840 0.791650
v -0.070920 -0.297809 0.756829
v -0.070030 -0.298612 0.757238
v -0.069227 -0.299249 0.757875
v -0.068590 -0.299658 0.758678
v -0.068181 -0.299799 0.759568
v -0.068040 -0.299658 0.760458
v -0.068040 -0.288534 0.794696
v -0.068181 -0.288125 0.795499
v -0.068590 -0.287488 0.796136
v -0.069227 -0.286685 0.796545
v -0.070030 -0.285795 0.796686
v -0.070920 -0.284905 0.796545
v -0.142200 -0.297809 0.756829
v -0.143090 -0.298612 0.757238
v -0.143893 -0.299249 0.757875
v -0.144530 -0.299658 0.758678
v -0.144939 -0.299799 0.759568
v -0.145080 -0.299658 0.760458
v -0.145080 -0.288534 0.794696
v -0.144939 -0.288125 0.795499
v -0.144530 -0.287488 0.796136
v -0.143893 -0.286685 0.796545
v -0.143090 -0.285795 0.796686
v -0.142200 -0.284905 0.796545
v -0.142200 -0.181058 0.718894
v -0.143090 -0.180168 0.718753
v -0.143893 -0.179278 0.718894
v -0.144530 -0.178475 0.719303
v -0.144939 -0.177838 0.719940
v -0.145080 -0.177429 0.720743
v -0.145080 -0.166304 0.754981
v -0.144939 -0.166163 0.755871
v -0.144530 -0.166304 0.756761
v -0.143893 -0.166713 0.757564
v -0.143090 -0.167350 0.758201
v -0.142200 -0.168153 0.758610
v -0.072540 -0.181058 0.718894
v -0.071650 -0.180168 0.718753
v -0.070847 -0.179278 0.718894
v -0.070210 -0.178475 0.719303
v -0.069801 -0.177838 0.719940
v -0.069660 -0.177429 0.720743
v -0.069660 -0.166304 0.754981
v -0.069801 -0.166163 0.755871
v -0.070210 -0.166304 0.756761
v -0.070847 -0.166713 0.757564
v -0.071650 -0.167350 0.758201
v -0.072540 -0.168153 0.758610
v -0.072540 -0.196122 0.723789
v -0.071650 -0.196925 0.724198
v -0.070847 -0.197562 0.724835
v -0.070210 -0.197971 0.725638
v -0.069801 -0.198112 0.726528
v -0.069660 -0.197971 0.727418
v -0.069660 -0.186847 0.761656
v -0.069801 -0.186438 0.762459
v -0.070210 -0.185801 0.763096
v -0.070847 -0.184998 0.763505
v -0.071650 -0.184108 0.763646
v -0.072540 -0.183218 0.763505
v -0.014869 -0.181315 0.718978
v -0.014785 -0.180428 0.718837
v -0.014710 -0.179540 0.718979
v -0.014651 -0.178740 0.719389
v -0.014612 -0.178104 0.720026
v -0.014599 -0.177695 0.720829
v -0.014599 -0.166570 0.755068
v -0.014612 -0.166429 0.755957
v -0.014651 -0.166569 0.756847
v -0.014710 -0.166976 0.757649
v -0.014785 -0.167610 0.758286
v -0.014869 -0.168411 0.758694
v -0.009268 -0.182077 0.719225
v -0.009095 -0.181202 0.719089
v -0.008939 -0.180325 0.719234
v -0.008815 -0.179533 0.719647
v -0.008736 -0.178903 0.720286
v -0.008708 -0.178496 0.721090
v -0.008708 -0.167372 0.755328
v -0.008736 -0.167228 0.756217
v -0.008815 -0.167362 0.757105
v -0.008939 -0.167761 0.757904
v -0.009095 -0.168384 0.758537
v -0.009268 -0.169172 0.758941
v -0.004101 -0.183326 0.719631
v -0.003831 -0.182474 0.719502
v -0.003587 -0.181619 0.719655
v -0.003394 -0.180843 0.720073
v -0.003270 -0.180224 0.720715
v -0.003227 -0.179821 0.721520
v -0.003227 -0.168696 0.755758
v -0.003270 -0.168549 0.756646
v -0.003394 -0.168673 0.757531
v -0.003587 -0.169054 0.758325
v -0.003831 -0.169657 0.758950
v -0.004101 -0.170421 0.759347
v 0.000613 -0.185046 0.720190
v 0.000985 -0.184231 0.720073
v 0.001321 -0.183410 0.720236
v 0.001588 -0.182661 0.720663
v 0.001759 -0.182059 0.721312
v 0.001817 -0.181661 0.722118
v 0.001817 -0.170537 0.756356
v 0.001759 -0.170384 0.757242
v 0.001588 -0.170490 0.758121
v 0.001321 -0.170845 0.758906
v 0.000985 -0.171414 0.759521
v 0.000613 -0.172141 0.759906
v 0.004852 -0.187220 0.720896
v 0.005329 -0.186459 0.720797
v 0.005759 -0.185686 0.720976
v 0.006100 -0.184975 0.721415
v 0.006319 -0.184398 0.722072
v 0.006395 -0.184009 0.722881
v 0.006395 -0.172884 0.757119
v 0.006319 -0.172723 0.758002
v 0.006100 -0.172804 0.758873
v 0.005759 -0.173121 0.759646
v 0.005329 -0.173642 0.760245
v 0.004852 -0.174315 0.760612
v 0.008595 -0.189831 0.721745
v 0.009174 -0.189142 0.721669
v 0.009697 -0.188433 0.721869
v 0.010111 -0.187774 0.722324
v 0.010377 -0.187229 0.722992
v 0.010469 -0.186852 0.723805
v 0.010469 -0.175727 0.758043
v 0.010377 -0.175554 0.758922
v 0.010111 -0.175603 0.759782
v 0.009697 -0.175868 0.760539
v 0.009174 -0.176324 0.761117
v 0.008595 -0.176927 0.761461
v 0.011820 -0.192863 0.722730
v 0.012494 -0.192263 0.722683
v 0.013102 -0.191635 0.722909
v 0.013584 -0.191039 0.723385
v 0.013894 -0.190535 0.724066
v 0.014001 -0.190172 0.724884
v 0.014001 -0.179047 0.759122
v 0.013894 -0.178861 0.759997
v 0.013584 -0.178868 0.760843
v 0.013102 -0.179070 0.761579
v 0.012494 -0.179446 0.762131
v 0.011820 -0.179959 0.762446
v 0.014507 -0.196300 0.723846
v 0.015262 -0.195803 0.723833
v 0.015942 -0.195268 0.724090
v 0.016483 -0.194747 0.724590
v 0.016830 -0.194291 0.725286
v 0.016949 -0.193944 0.726109
v 0.016949 -0.182819 0.760347
v 0.016830 -0.182616 0.761217
v 0.016483 -0.182576 0.762048
v 0.015942 -0.182704 0.762759
v 0.015262 -0.182986 0.763281
v 0.014507 -0.183395 0.763563
v 0.016633 -0.200124 0.725089
v 0.017451 -0.199741 0.725113
v 0.018189 -0.199308 0.725402
v 0.018774 -0.198868 0.725929
v 0.019150 -0.198464 0.726642
v 0.019280 -0.198135 0.727471
v 0.019280 -0.187010 0.761709
v 0.019150 -0.186789 0.762573
v 0.018774 -0.186697 0.763387
v 0.018189 -0.186743 0.764072
v 0.017451 -0.186923 0.764561
v 0.016633 -0.187219 0.764805
v 0.018178 -0.204319 0.726452
v 0.019039 -0.204052 0.726514
v 0.019816 -0.203725 0.726837
v 0.020432 -0.203369 0.727391
v 0.020828 -0.203018 0.728122
v 0.020964 -0.202708 0.728957
v 0.020964 -0.191583 0.763195
v 0.020828 -0.191343 0.764053
v 0.020432 -0.191198 0.764849
v 0.019816 -0.191160 0.765507
v 0.019039 -0.191235 0.765962
v 0.018178 -0.191414 0.766168
v 0.019121 -0.208868 0.727930
v 0.020006 -0.208716 0.728029
v 0.020804 -0.208492 0.728386
v 0.021437 -0.208217 0.728967
v 0.021844 -0.207919 0.729714
v 0.021984 -0.207627 0.730555
v 0.021984 -0.196502 0.764793
v 0.021844 -0.196244 0.765645
v 0.021437 -0.196046 0.766425
v 0.020804 -0.195927 0.767056
v 0.020006 -0.195899 0.767477
v 0.019121 -0.195964 0.767646
v 0.019440 -0.213755 0.729518
v 0.020331 -0.213704 0.729649
v 0.021135 -0.213570 0.730036
v 0.021773 -0.213368 0.730640
v 0.022183 -0.213116 0.731403
v 0.022324 -0.212840 0.732249
v 0.022324 -0.201716 0.766487
v 0.022183 -0.201442 0.767334
v 0.021773 -0.201197 0.768098
v 0.021135 -0.201006 0.768706
v 0.020331 -0.200886 0.769097
v 0.019440 -0.200850 0.769234
v 0.019287 -0.217064 0.730593
v 0.020174 -0.217096 0.730752
v 0.020975 -0.217038 0.731163
v 0.021610 -0.216896 0.731787
v 0.022018 -0.216683 0.732562
v 0.022159 -0.216420 0.733412
v 0.022159 -0.205295 0.767650
v 0.022018 -0.205008 0.768493
v 0.021610 -0.204725 0.769245
v 0.020975 -0.204474 0.769833
v 0.020174 -0.204279 0.770200
v 0.019287 -0.204159 0.770309
v 0.018832 -0.220224 0.731620
v 0.019708 -0.220336 0.731804
v 0.020498 -0.220350 0.732239
v 0.021126 -0.220264 0.732881
v 0.021528 -0.220088 0.733668
v 0.021667 -0.219837 0.734522
v 0.021667 -0.208713 0.768760
v 0.021528 -0.208413 0.769599
v 0.021126 -0.208093 0.770339
v 0.020498 -0.207785 0.770909
v 0.019708 -0.207518 0.771252
v 0.018832 -0.207319 0.771336
v 0.018082 -0.223229 0.732596
v 0.018937 -0.223423 0.732808
v 0.019709 -0.223511 0.733266
v 0.020321 -0.223484 0.733927
v 0.020714 -0.223346 0.734727
v 0.020850 -0.223108 0.735585
v 0.020850 -0.211984 0.769823
v 0.020714 -0.211671 0.770657
v 0.020321 -0.211314 0.771385
v 0.019709 -0.210947 0.771936
v 0.018937 -0.210606 0.772256
v 0.018082 -0.210325 0.772312
v 0.017040 -0.226074 0.733521
v 0.017865 -0.226351 0.733759
v 0.018609 -0.226514 0.734242
v 0.019200 -0.226546 0.734922
v 0.019579 -0.226445 0.735734
v 0.019710 -0.226221 0.736597
v 0.019710 -0.215096 0.770835
v 0.019579 -0.214771 0.771665
v 0.019200 -0.214375 0.772380
v 0.018609 -0.213949 0.772912
v 0.017865 -0.213534 0.773207
v 0.017040 -0.213170 0.773237
v 0.015713 -0.228753 0.734391
v 0.016498 -0.229111 0.734656
v 0.017206 -0.229347 0.735162
v 0.017768 -0.229438 0.735862
v 0.018129 -0.229374 0.736685
v 0.018253 -0.229163 0.737552
v 0.018253 -0.218038 0.771791
v 0.018129 -0.217700 0.772616
v 0.017768 -0.217267 0.773320
v 0.017206 -0.216782 0.773832
v 0.016498 -0.216294 0.774104
v 0.015713 -0.215848 0.774107
v 0.014107 -0.231259 0.735205
v 0.014843 -0.231695 0.735495
v 0.015506 -0.232001 0.736025
v 0.016032 -0.232147 0.736742
v 0.016370 -0.232120 0.737577
v 0.016486 -0.231920 0.738448
v 0.016486 -0.220796 0.772686
v 0.016370 -0.220445 0.773508
v 0.016032 -0.219976 0.774200
v 0.015506 -0.219436 0.774695
v 0.014843 -0.218878 0.774943
v 0.014107 -0.218355 0.774921
v 0.012228 -0.233587 0.735962
v 0.012905 -0.234095 0.736275
v 0.013515 -0.234466 0.736826
v 0.014000 -0.234663 0.737560
v 0.014311 -0.234669 0.738406
v 0.014419 -0.234481 0.739280
v 0.014419 -0.223356 0.773518
v 0.014311 -0.222994 0.774337
v 0.014000 -0.222493 0.775018
v 0.013515 -0.221901 0.775495
v 0.012905 -0.221277 0.775723
v 0.012228 -0.220683 0.775678
v 0.010080 -0.235731 0.736658
v 0.010692 -0.236303 0.736992
v 0.011245 -0.236732 0.737562
v 0.011683 -0.236976 0.738311
v 0.011965 -0.237011 0.739167
v 0.012062 -0.236833 0.740045
v 0.012062 -0.225709 0.774283
v 0.011965 -0.225336 0.775097
v 0.011683 -0.224805 0.775769
v 0.011245 -0.224167 0.776232
v 0.010692 -0.223485 0.776440
v 0.010080 -0.222826 0.776374
v 0.007670 -0.237684 0.737293
v 0.008213 -0.238312 0.737645
v 0.008703 -0.238792 0.738231
v 0.009092 -0.239076 0.738993
v 0.009342 -0.239136 0.739857
v 0.009428 -0.238968 0.740738
v 0.009428 -0.227843 0.774976
v 0.009342 -0.227462 0.775788
v 0.009092 -0.226905 0.776451
v 0.008703 -0.226227 0.776901
v 0.008213 -0.225495 0.777093
v 0.007670 -0.224780 0.777009
v 0.005002 -0.239441 0.737864
v 0.005474 -0.240117 0.738232
v 0.005900 -0.240638 0.738831
v 0.006238 -0.240956 0.739604
v 0.006455 -0.241038 0.740475
v 0.006530 -0.240877 0.741359
v 0.006530 -0.229753 0.775597
v 0.006455 -0.229364 0.776406
v 0.006238 -0.228785 0.777062
v 0.005900 -0.228074 0.777501
v 0.005474 -0.227299 0.777680
v 0.005002 -0.226537 0.777580
v 0.002084 -0.240997 0.738369
v 0.002484 -0.241710 0.738749
v 0.002845 -0.242266 0.739360
v 0.003132 -0.242612 0.740142
v 0.003316 -0.242711 0.741019
v 0.003379 -0.242556 0.741904
v 0.003379 -0.231432 0.776142
v 0.003316 -0.231037 0.776950
v 0.003132 -0.230441 0.777600
v 0.002845 -0.229702 0.778030
v 0.002484 -0.228893 0.778197
v 0.002084 -0.228092 0.778085
v -0.001080 -0.242344 0.738807
v 0.000702 -0.242469 0.738996
v 0.002310 -0.242495 0.739434
v 0.003585 -0.242418 0.740080
v 0.004404 -0.242248 0.740868
v 0.004687 -0.242000 0.741723
v 0.004687 -0.230875 0.775961
v 0.004404 -0.230573 0.776799
v 0.003585 -0.230248 0.777537
v 0.002310 -0.229930 0.778104
v 0.000702 -0.229651 0.778444
v -0.001080 -0.229439 0.778523
v 0.001624 -0.244177 0.739403
v 0.002165 -0.243461 0.739318
v 0.002654 -0.242728 0.739510
v 0.003041 -0.242050 0.739960
v 0.003290 -0.241492 0.740623
v 0.003376 -0.241111 0.741435
v 0.003376 -0.229986 0.775673
v 0.003290 -0.229818 0.776554
v 0.003041 -0.229879 0.777418
v 0.002654 -0.230163 0.778180
v 0.002165 -0.230643 0.778766
v 0.001624 -0.231272 0.779119
v 0.004172 -0.246167 0.740049
v 0.004759 -0.245487 0.739976
v 0.005288 -0.244786 0.740179
v 0.005708 -0.244133 0.740637
v 0.005978 -0.243592 0.741305
v 0.006071 -0.243216 0.742119
v 0.006071 -0.232091 0.776357
v 0.005978 -0.231917 0.777236
v 0.005708 -0.231962 0.778094
v 0.005288 -0.232221 0.778849
v 0.004759 -0.232669 0.779424
v 0.004172 -0.233262 0.779765
v 0.006587 -0.248314 0.740747
v 0.007214 -0.247669 0.740685
v 0.007779 -0.247000 0.740898
v 0.008227 -0.246372 0.741364
v 0.008516 -0.245848 0.742038
v 0.008615 -0.245477 0.742853
v 0.008615 -0.234353 0.777091
v 0.008516 -0.234173 0.777969
v 0.008227 -0.234202 0.778822
v 0.007779 -0.234435 0.779568
v 0.007214 -0.234851 0.780133
v 0.006587 -0.235409 0.780463
v 0.008893 -0.250618 0.741495
v 0.009554 -0.250006 0.741445
v 0.010149 -0.249368 0.741668
v 0.010622 -0.248764 0.742141
v 0.010926 -0.248255 0.742820
v 0.011030 -0.247890 0.743637
v 0.011030 -0.236766 0.777875
v 0.010926 -0.236581 0.778751
v 0.010622 -0.236593 0.779599
v 0.010149 -0.236803 0.780337
v 0.009554 -0.237189 0.780893
v 0.008893 -0.237713 0.781211
v 0.011115 -0.253079 0.742295
v 0.011803 -0.252498 0.742254
v 0.012423 -0.251887 0.742486
v 0.012916 -0.251305 0.742967
v 0.013232 -0.250810 0.743650
v 0.013341 -0.250450 0.744469
v 0.013341 -0.239326 0.778707
v 0.013232 -0.239136 0.779581
v 0.012916 -0.239135 0.780425
v 0.012423 -0.239322 0.781156
v 0.011803 -0.239681 0.781703
v 0.011115 -0.240174 0.782011
v 0.013275 -0.255697 0.743146
v 0.013985 -0.255143 0.743114
v 0.014626 -0.254556 0.743353
v 0.015134 -0.253993 0.743840
v 0.015460 -0.253511 0.744528
v 0.015573 -0.253155 0.745348
v 0.015573 -0.242030 0.779586
v 0.015460 -0.241836 0.780459
v 0.015134 -0.241823 0.781298
v 0.014626 -0.241991 0.782023
v 0.013985 -0.242325 0.782562
v 0.013275 -0.242792 0.782862
v 0.015398 -0.258471 0.744047
v 0.016125 -0.257940 0.744023
v 0.016781 -0.257373 0.744269
v 0.017302 -0.256827 0.744761
v 0.017636 -0.256354 0.745452
v 0.017751 -0.256002 0.746273
v 0.017751 -0.244877 0.780511
v 0.017636 -0.244680 0.781383
v 0.017302 -0.244656 0.782219
v 0.016781 -0.244808 0.782938
v 0.016125 -0.245122 0.783471
v 0.015398 -0.245567 0.783763
v 0.017507 -0.261403 0.745000
v 0.018247 -0.260889 0.744981
v 0.018914 -0.260338 0.745232
v 0.019444 -0.259805 0.745729
v 0.019784 -0.259341 0.746422
v 0.019901 -0.258991 0.747244
v 0.019901 -0.247866 0.781482
v 0.019784 -0.247666 0.782353
v 0.019444 -0.247634 0.783187
v 0.018914 -0.247774 0.783902
v 0.018247 -0.248072 0.784429
v 0.017507 -0.248498 0.784716
v 0.019626 -0.264491 0.746003
v 0.020375 -0.263991 0.745989
v 0.021050 -0.263452 0.746244
v 0.021587 -0.262928 0.746743
v 0.021931 -0.262470 0.747439
v 0.022050 -0.262122 0.748262
v 0.022050 -0.250998 0.782500
v 0.021931 -0.250795 0.783370
v 0.021587 -0.250757 0.784201
v 0.021050 -0.250887 0.784914
v 0.020375 -0.251173 0.785437
v 0.019626 -0.251587 0.785719
v 0.021778 -0.267737 0.747058
v 0.022533 -0.267245 0.747046
v 0.023214 -0.266714 0.747304
v 0.023755 -0.266197 0.747805
v 0.024102 -0.265742 0.748502
v 0.024221 -0.265396 0.749325
v 0.024221 -0.254272 0.783563
v 0.024102 -0.254068 0.784433
v 0.023755 -0.254026 0.785263
v 0.023214 -0.254150 0.785974
v 0.022533 -0.254428 0.786494
v 0.021778 -0.254832 0.786774
v 0.023989 -0.271139 0.748163
v 0.024747 -0.270652 0.748153
v 0.025430 -0.270126 0.748412
v 0.025973 -0.269612 0.748915
v 0.026322 -0.269160 0.749612
v 0.026442 -0.268814 0.750436
v 0.026442 -0.257690 0.784674
v 0.026322 -0.257485 0.785543
v 0.025973 -0.257441 0.786373
v 0.025430 -0.257561 0.787082
v 0.024747 -0.257835 0.787601
v 0.023989 -0.258235 0.787879
v 0.026280 -0.274699 0.749320
v 0.027037 -0.274211 0.749309
v 0.027720 -0.273683 0.749568
v 0.028263 -0.273168 0.750071
v 0.028611 -0.272715 0.750768
v 0.028731 -0.272370 0.751591
v 0.028731 -0.261245 0.785829
v 0.028611 -0.261041 0.786699
v 0.028263 -0.260997 0.787529
v 0.027720 -0.261118 0.788238
v 0.027037 -0.261393 0.788757
v 0.026280 -0.261794 0.789036
v 0.027544 -0.276631 0.749948
v 0.028298 -0.276137 0.749935
v 0.028978 -0.275605 0.750192
v 0.029517 -0.275085 0.750694
v 0.029864 -0.274630 0.751390
v 0.029983 -0.274284 0.752213
v 0.029983 -0.263159 0.786451
v 0.029864 -0.262956 0.787321
v 0.029517 -0.262915 0.788152
v 0.028978 -0.263040 0.788862
v 0.028298 -0.263320 0.789383
v 0.027544 -0.263727 0.789664
v 0.028745 -0.278432 0.750533
v 0.029494 -0.277931 0.750518
v 0.030170 -0.277393 0.750773
v 0.030707 -0.276869 0.751273
v 0.031051 -0.276411 0.751969
v 0.031170 -0.276064 0.752791
v 0.031170 -0.264939 0.787029
v 0.031051 -0.264736 0.787899
v 0.030707 -0.264698 0.788731
v 0.030170 -0.264828 0.789443
v 0.029494 -0.265114 0.789966
v 0.028745 -0.265527 0.790249
v 0.029908 -0.280139 0.751087
v 0.030653 -0.279632 0.751071
v 0.031324 -0.279087 0.751324
v 0.031857 -0.278558 0.751822
v 0.032199 -0.278097 0.752516
v 0.032317 -0.277749 0.753339
v 0.032317 -0.266624 0.787577
v 0.032199 -0.266422 0.788447
v 0.031857 -0.266387 0.789280
v 0.031324 -0.266523 0.789994
v 0.030653 -0.266815 0.790519
v 0.029908 -0.267235 0.790804
v 0.031060 -0.281794 0.751625
v 0.031800 -0.281279 0.751606
v 0.032467 -0.280728 0.751857
v 0.032996 -0.280194 0.752353
v 0.033336 -0.279729 0.753047
v 0.033453 -0.279380 0.753869
v 0.033453 -0.268255 0.788107
v 0.033336 -0.268055 0.788978
v 0.032996 -0.268023 0.789811
v 0.032467 -0.268163 0.790527
v 0.031800 -0.268462 0.791054
v 0.031060 -0.268889 0.791341
v 0.032227 -0.283434 0.752158
v 0.032962 -0.282912 0.752137
v 0.033625 -0.282355 0.752386
v 0.034151 -0.281816 0.752881
v 0.034488 -0.281349 0.753573
v 0.034605 -0.280998 0.754395
v 0.034605 -0.269873 0.788633
v 0.034488 -0.269674 0.789504
v 0.034151 -0.269646 0.790339
v 0.033625 -0.269791 0.791056
v 0.032962 -0.270095 0.791585
v 0.032227 -0.270529 0.791874
v 0.033435 -0.285098 0.752699
v 0.034166 -0.284571 0.752676
v 0.034825 -0.284009 0.752923
v 0.035348 -0.283466 0.753417
v 0.035683 -0.282996 0.754108
v 0.035799 -0.282644 0.754930
v 0.035799 -0.271519 0.789168
v 0.035683 -0.271321 0.790039
v 0.035348 -0.271295 0.790875
v 0.034825 -0.271444 0.791593
v 0.034166 -0.271754 0.792124
v 0.033435 -0.272194 0.792415
v 0.034711 -0.286828 0.753261
v 0.035438 -0.286296 0.753236
v 0.036093 -0.285729 0.753482
v 0.036614 -0.285183 0.753974
v 0.036948 -0.284710 0.754665
v 0.037063 -0.284358 0.755486
v 0.037063 -0.273233 0.789724
v 0.036948 -0.273035 0.790596
v 0.036614 -0.273012 0.791432
v 0.036093 -0.273164 0.792152
v 0.035438 -0.273478 0.792684
v 0.034711 -0.273923 0.792977
v 0.036080 -0.288660 0.753856
v 0.036804 -0.288125 0.753830
v 0.037458 -0.287555 0.754075
v 0.037976 -0.287006 0.754567
v 0.038309 -0.286532 0.755257
v 0.038424 -0.286179 0.756078
v 0.038424 -0.275054 0.790316
v 0.038309 -0.274857 0.791188
v 0.037976 -0.274835 0.792025
v 0.037458 -0.274990 0.792745
v 0.036804 -0.275307 0.793278
v 0.036080 -0.275756 0.793572
v 0.037569 -0.290635 0.754498
v 0.038292 -0.290098 0.754471
v 0.038944 -0.289525 0.754716
v 0.039461 -0.288975 0.755207
v 0.039793 -0.288500 0.755896
v 0.039908 -0.288146 0.756717
v 0.039908 -0.277022 0.790955
v 0.039793 -0.276825 0.791827
v 0.039461 -0.276804 0.792665
v 0.038944 -0.276961 0.793385
v 0.038292 -0.277280 0.793919
v 0.037569 -0.277731 0.794214
v 0.039205 -0.292792 0.755199
v 0.039927 -0.292253 0.755172
v 0.040577 -0.291680 0.755416
v 0.041094 -0.291128 0.755906
v 0.041426 -0.290653 0.756596
v 0.041540 -0.290299 0.757417
v 0.041540 -0.279174 0.791655
v 0.041426 -0.278978 0.792527
v 0.041094 -0.278958 0.793364
v 0.040577 -0.279115 0.794086
v 0.039927 -0.279436 0.794620
v 0.039205 -0.279888 0.794915
v 0.041013 -0.295171 0.755971
v 0.041734 -0.294631 0.755944
v 0.042385 -0.294057 0.756188
v 0.042901 -0.293505 0.756679
v 0.043233 -0.293029 0.757368
v 0.043347 -0.292676 0.758189
v 0.043347 -0.281551 0.792427
v 0.043233 -0.281355 0.793299
v 0.042901 -0.281334 0.794137
v 0.042385 -0.281493 0.794858
v 0.041734 -0.281814 0.795392
v 0.041013 -0.282266 0.795688
v 0.043020 -0.297809 0.756829
v 0.044762 -0.298612 0.757238
v 0.046334 -0.299249 0.757875
v 0.047581 -0.299658 0.758678
v 0.048382 -0.299799 0.759568
v 0.048658 -0.299658 0.760458
v 0.048658 -0.288534 0.794696
v 0.048382 -0.288125 0.795499
v 0.047581 -0.287488 0.796136
v 0.046334 -0.286685 0.796545
v 0.044762 -0.285795 0.796686
v 0.043020 -0.284905 0.796545
v 0.021960 -0.297809 0.756829
v 0.021474 -0.298612 0.757238
v 0.021036 -0.299249 0.757875
v 0.020688 -0.299658 0.758678
v 0.020465 -0.299799 0.759568
v 0.020388 -0.299658 0.760458
v 0.020388 -0.288534 0.794696
v 0.020465 -0.288125 0.795499
v 0.020688 -0.287488 0.796136
v 0.021036 -0.286685 0.796545
v 0.021474 -0.285795 0.796686
v 0.021960 -0.284905 0.796545
v 0.005760 -0.273843 0.749042
v 0.005015 -0.274262 0.749326
v 0.004342 -0.274553 0.749851
v 0.003809 -0.274687 0.750564
v 0.003466 -0.274651 0.751397
v 0.003348 -0.274450 0.752267
v 0.003348 -0.263325 0.786505
v 0.003466 -0.262977 0.787328
v 0.003809 -0.262516 0.788022
v 0.004342 -0.261988 0.788521
v 0.005015 -0.261444 0.788774
v 0.005760 -0.260938 0.788758
v 0.001888 -0.268283 0.747235
v 0.001154 -0.268718 0.747525
v 0.000492 -0.269024 0.748054
v -0.000034 -0.269170 0.748771
v -0.000371 -0.269142 0.749607
v -0.000487 -0.268943 0.750478
v -0.000487 -0.257818 0.784716
v -0.000371 -0.257467 0.785537
v -0.000034 -0.256999 0.786229
v 0.000492 -0.256459 0.786724
v 0.001154 -0.255901 0.786973
v 0.001888 -0.255378 0.786951
v -0.001653 -0.263543 0.745695
v -0.002368 -0.264004 0.745993
v -0.003013 -0.264333 0.746530
v -0.003525 -0.264497 0.747253
v -0.003853 -0.264481 0.748092
v -0.003966 -0.264286 0.748965
v -0.003966 -0.253161 0.783203
v -0.003853 -0.252806 0.784023
v -0.003525 -0.252326 0.784711
v -0.003013 -0.251768 0.785200
v -0.002368 -0.251186 0.785441
v -0.001653 -0.250638 0.785411
v -0.004899 -0.259559 0.744401
v -0.005588 -0.260052 0.744709
v -0.006210 -0.260409 0.745255
v -0.006703 -0.260596 0.745986
v -0.007020 -0.260594 0.746829
v -0.007129 -0.260404 0.747703
v -0.007129 -0.249279 0.781941
v -0.007020 -0.248919 0.782760
v -0.006703 -0.248425 0.783444
v -0.006210 -0.247844 0.783925
v -0.005588 -0.247234 0.784157
v -0.004899 -0.246654 0.784117
v -0.007887 -0.256267 0.743331
v -0.008541 -0.256798 0.743652
v -0.009131 -0.257190 0.744209
v -0.009600 -0.257404 0.744949
v -0.009900 -0.257420 0.745798
v -0.010004 -0.257236 0.746674
v -0.010004 -0.246112 0.780912
v -0.009900 -0.245746 0.781729
v -0.009600 -0.245233 0.782407
v -0.009131 -0.244625 0.782879
v -0.008541 -0.243981 0.783100
v -0.007887 -0.243363 0.783047
v -0.010651 -0.253603 0.742465
v -0.011259 -0.254179 0.742801
v -0.011807 -0.254612 0.743371
v -0.012241 -0.254859 0.744122
v -0.012520 -0.254896 0.744978
v -0.012617 -0.254719 0.745856
v -0.012617 -0.243594 0.780094
v -0.012520 -0.243221 0.780909
v -0.012241 -0.242688 0.781580
v -0.011807 -0.242047 0.782041
v -0.011259 -0.241362 0.782249
v -0.010651 -0.240698 0.782181
v -0.013230 -0.251502 0.741783
v -0.013774 -0.252130 0.742135
v -0.014266 -0.252609 0.742721
v -0.014655 -0.252892 0.743483
v -0.014906 -0.252952 0.744346
v -0.014992 -0.252784 0.745227
v -0.014992 -0.241659 0.779465
v -0.014906 -0.241278 0.780277
v -0.014655 -0.240721 0.780941
v -0.014266 -0.240044 0.781390
v -0.013774 -0.239312 0.781583
v -0.013230 -0.238598 0.781499
v -0.015659 -0.249901 0.741262
v -0.016122 -0.250582 0.741632
v -0.016540 -0.251109 0.742233
v -0.016872 -0.251431 0.743008
v -0.017085 -0.251515 0.743879
v -0.017158 -0.251355 0.744763
v -0.017158 -0.240230 0.779001
v -0.017085 -0.239841 0.779810
v -0.016872 -0.239260 0.780466
v -0.016540 -0.238544 0.780903
v -0.016122 -0.237764 0.781080
v -0.015659 -0.236997 0.780979
v -0.017973 -0.248735 0.740884
v -0.018339 -0.249465 0.741269
v -0.018669 -0.250036 0.741885
v -0.018931 -0.250393 0.742671
v -0.019099 -0.250501 0.743550
v -0.019157 -0.250348 0.744436
v -0.019157 -0.239224 0.778674
v -0.019099 -0.238826 0.779481
v -0.018931 -0.238223 0.780129
v -0.018669 -0.237472 0.780555
v -0.018339 -0.236647 0.780717
v -0.017973 -0.235830 0.780600
v -0.020211 -0.247939 0.740625
v -0.020469 -0.248708 0.741023
v -0.020702 -0.249314 0.741650
v -0.020887 -0.249698 0.742445
v -0.021005 -0.249823 0.743330
v -0.021046 -0.249677 0.744218
v -0.021046 -0.238552 0.778456
v -0.021005 -0.238148 0.779260
v -0.020887 -0.237527 0.779903
v -0.020702 -0.236749 0.780320
v -0.020469 -0.235890 0.780471
v -0.020211 -0.235035 0.780341
v -0.022407 -0.247451 0.740466
v -0.022561 -0.248242 0.740872
v -0.022700 -0.248869 0.741506
v -0.022810 -0.249270 0.742306
v -0.022881 -0.249406 0.743194
v -0.022905 -0.249263 0.744083
v -0.022905 -0.238138 0.778321
v -0.022881 -0.237731 0.779125
v -0.022810 -0.237099 0.779764
v -0.022700 -0.236305 0.780175
v -0.022561 -0.235425 0.780320
v -0.022407 -0.234546 0.780182
v -0.024598 -0.247205 0.740386
v -0.024664 -0.248006 0.740795
v -0.024724 -0.248642 0.741432
v -0.024772 -0.249050 0.742234
v -0.024803 -0.249190 0.743124
v -0.024813 -0.249049 0.744014
v -0.024813 -0.237924 0.778252
v -0.024803 -0.237515 0.779055
v -0.024772 -0.236879 0.779692
v -0.024724 -0.236077 0.780102
v -0.024664 -0.235189 0.780243
v -0.024598 -0.234300 0.780103
v -0.026820 -0.247137 0.740364
v -0.026834 -0.247940 0.740773
v -0.026847 -0.248577 0.741411
v -0.026857 -0.248986 0.742213
v -0.026864 -0.249127 0.743103
v -0.026866 -0.248986 0.743993
v -0.026866 -0.237861 0.778231
v -0.026864 -0.237452 0.779034
v -0.026857 -0.236815 0.779671
v -0.026847 -0.236012 0.780080
v -0.026834 -0.235122 0.780221
v -0.026820 -0.234232 0.780080
v -0.034200 -0.247137 0.740364
v -0.033310 -0.247940 0.740773
v -0.032507 -0.248577 0.741411
v -0.031870 -0.248986 0.742213
v -0.031461 -0.249127 0.743103
v -0.031320 -0.248986 0.743993
v -0.031320 -0.237861 0.778231
v -0.031461 -0.237452 0.779034
v -0.031870 -0.236815 0.779671
v -0.032507 -0.236012 0.780080
v -0.033310 -0.235122 0.780221
v -0.034200 -0.234232 0.780080
v -0.034200 -0.297809 0.756829
v -0.033310 -0.298612 0.757238
v -0.032507 -0.299249 0.757875
v -0.031870 -0.299658 0.758678
v -0.031461 -0.299799 0.759568
v -0.031320 -0.299658 0.760458
v -0.031320 -0.288534 0.794696
v -0.031461 -0.288125 0.795499
v -0.031870 -0.287488 0.796136
v -0.032507 -0.286685 0.796545
v -0.033310 -0.285795 0.796686
v -0.034200 -0.284905 0.796545
v -0.051840 -0.297809 0.756829
v -0.052730 -0.298612 0.757238
v -0.053533 -0.299249 0.757875
v -0.054170 -0.299658 0.758678
v -0.054579 -0.299799 0.759568
v -0.054720 -0.299658 0.760458
v -0.054720 -0.288534 0.794696
v -0.054579 -0.288125 0.795499
v -0.054170 -0.287488 0.796136
v -0.053533 -0.286685 0.796545
v -0.052730 -0.285795 0.796686
v -0.051840 -0.284905 0.796545
v -0.051840 -0.181058 0.718894
v -0.052730 -0.180168 0.718753
v -0.053533 -0.179278 0.718894
v -0.054170 -0.178475 0.719303
v -0.054579 -0.177838 0.719940
v -0.054720 -0.177429 0.720743
v -0.054720 -0.166304 0.754981
v -0.054579 -0.166163 0.755871
v -0.054170 -0.166304 0.756761
v -0.053533 -0.166713 0.757564
v -0.052730 -0.167350 0.758201
v -0.051840 -0.168153 0.758610
v -0.020880 -0.181058 0.718894
v -0.020860 -0.180168 0.718753
v -0.020842 -0.179278 0.718894
v -0.020828 -0.178475 0.719303
v -0.020818 -0.177838 0.719940
v -0.020815 -0.177429 0.720743
v -0.020815 -0.166304 0.754981
v -0.020818 -0.166163 0.755871
v -0.020828 -0.166304 0.756761
v -0.020842 -0.166713 0.757564
v -0.020860 -0.167350 0.758201
v -0.020880 -0.168153 0.758610
v -0.022860 -0.232072 0.735470
v -0.022880 -0.231182 0.735329
v -0.022898 -0.230292 0.735470
v -0.022912 -0.229490 0.735879
v -0.022921 -0.228852 0.736516
v -0.022924 -0.228443 0.737319
v -0.022924 -0.217319 0.771557
v -0.022921 -0.217178 0.772447
v -0.022912 -0.217319 0.773337
v -0.022898 -0.217728 0.774139
v -0.022880 -0.218365 0.774777
v -0.022860 -0.219168 0.775186
v -0.018412 -0.231885 0.735409
v -0.018496 -0.230998 0.735269
v -0.018572 -0.230110 0.735410
v -0.018632 -0.229309 0.735820
v -0.018670 -0.228673 0.736458
v -0.018684 -0.228265 0.737261
v -0.018684 -0.217140 0.771499
v -0.018670 -0.216999 0.772388
v -0.018632 -0.217138 0.773278
v -0.018572 -0.217545 0.774080
v -0.018496 -0.218180 0.774717
v -0.018412 -0.218980 0.775125
v -0.014498 -0.231342 0.735232
v -0.014678 -0.230468 0.735097
v -0.014840 -0.229593 0.735242
v -0.014969 -0.228801 0.735655
v -0.015052 -0.228172 0.736295
v -0.015080 -0.227765 0.737098
v -0.015080 -0.216640 0.771336
v -0.015052 -0.216497 0.772225
v -0.014969 -0.216631 0.773113
v -0.014840 -0.217028 0.773912
v -0.014678 -0.217651 0.774545
v -0.014498 -0.218438 0.774949
v -0.011093 -0.230475 0.734951
v -0.011380 -0.229629 0.734824
v -0.011640 -0.228778 0.734978
v -0.011846 -0.228006 0.735397
v -0.011978 -0.227389 0.736040
v -0.012024 -0.226987 0.736845
v -0.012024 -0.215862 0.771083
v -0.011978 -0.215715 0.771971
v -0.011846 -0.215836 0.772855
v -0.011640 -0.216213 0.773647
v -0.011380 -0.216811 0.774272
v -0.011093 -0.217571 0.774667
v -0.008167 -0.229314 0.734573
v -0.008571 -0.228514 0.734462
v -0.008936 -0.227705 0.734629
v -0.009225 -0.226966 0.735059
v -0.009411 -0.226370 0.735709
v -0.009475 -0.225975 0.736517
v -0.009475 -0.214851 0.770755
v -0.009411 -0.214696 0.771640
v -0.009225 -0.214795 0.772517
v -0.008936 -0.215140 0.773299
v -0.008571 -0.215697 0.773910
v -0.008167 -0.216410 0.774290
v -0.005693 -0.227889 0.734110
v -0.006216 -0.227157 0.734021
v -0.006687 -0.226409 0.734208
v -0.007061 -0.225719 0.734654
v -0.007301 -0.225155 0.735314
v -0.007384 -0.224771 0.736125
v -0.007384 -0.213646 0.770363
v -0.007301 -0.213480 0.771245
v -0.007061 -0.213549 0.772112
v -0.006687 -0.213845 0.772878
v -0.006216 -0.214340 0.773469
v -0.005693 -0.214985 0.773826
v -0.003645 -0.226230 0.733571
v -0.004278 -0.225588 0.733511
v -0.004849 -0.224921 0.733724
v -0.005302 -0.224295 0.734191
v -0.005593 -0.223772 0.734865
v -0.005693 -0.223402 0.735681
v -0.005693 -0.212277 0.769919
v -0.005593 -0.212097 0.770796
v -0.005302 -0.212124 0.771649
v -0.004849 -0.212356 0.772394
v -0.004278 -0.212770 0.772959
v -0.003645 -0.213326 0.773288
v -0.001994 -0.224368 0.732966
v -0.002721 -0.223832 0.732940
v -0.003376 -0.223260 0.733185
v -0.003897 -0.222710 0.733676
v -0.004231 -0.222235 0.734366
v -0.004346 -0.221882 0.735187
v -0.004346 -0.210757 0.769425
v -0.004231 -0.210560 0.770297
v -0.003897 -0.210539 0.771134
v -0.003376 -0.210695 0.771855
v -0.002721 -0.211014 0.772388
v -0.001994 -0.211464 0.772683
v -0.000713 -0.222333 0.732305
v -0.001511 -0.221910 0.732316
v -0.002231 -0.221441 0.732593
v -0.002803 -0.220972 0.733111
v -0.003170 -0.220549 0.733818
v -0.003296 -0.220214 0.734645
v -0.003296 -0.209089 0.768883
v -0.003170 -0.208874 0.769749
v -0.002803 -0.208801 0.770569
v -0.002231 -0.208876 0.771263
v -0.001511 -0.209092 0.771764
v -0.000713 -0.209429 0.772021
v 0.000225 -0.220156 0.731598
v -0.000621 -0.219845 0.731645
v -0.001385 -0.219477 0.731955
v -0.001991 -0.219088 0.732499
v -0.002380 -0.218717 0.733223
v -0.002514 -0.218399 0.734055
v -0.002514 -0.207275 0.768293
v -0.002380 -0.207042 0.769153
v -0.001991 -0.206917 0.769957
v -0.001385 -0.206912 0.770625
v -0.000621 -0.207027 0.771093
v 0.000225 -0.207251 0.771314
v 0.000848 -0.217866 0.730854
v -0.000027 -0.217659 0.730935
v -0.000816 -0.217386 0.731276
v -0.001442 -0.217072 0.731844
v -0.001844 -0.216749 0.732583
v -0.001983 -0.216448 0.733421
v -0.001983 -0.205323 0.767659
v -0.001844 -0.205074 0.768514
v -0.001442 -0.204901 0.769302
v -0.000816 -0.204821 0.769946
v -0.000027 -0.204842 0.770383
v 0.000848 -0.204961 0.770570
v 0.001184 -0.215494 0.730083
v 0.000296 -0.215381 0.730194
v -0.000505 -0.215192 0.730563
v -0.001141 -0.214946 0.731153
v -0.001549 -0.214666 0.731906
v -0.001690 -0.214380 0.732749
v -0.001690 -0.203255 0.766987
v -0.001549 -0.202991 0.767837
v -0.001141 -0.202775 0.768611
v -0.000505 -0.202628 0.769233
v 0.000296 -0.202564 0.769642
v 0.001184 -0.202589 0.769799
v 0.001260 -0.213070 0.729295
v 0.000369 -0.213042 0.729435
v -0.000435 -0.212930 0.729828
v -0.001072 -0.212744 0.730438
v -0.001482 -0.212503 0.731204
v -0.001623 -0.212231 0.732051
v -0.001623 -0.201106 0.766289
v -0.001482 -0.200829 0.767135
v -0.001072 -0.200573 0.767896
v -0.000435 -0.200365 0.768498
v 0.000369 -0.200225 0.768883
v 0.001260 -0.200166 0.769012
v 0.001074 -0.210422 0.728435
v 0.000190 -0.210483 0.728603
v -0.000608 -0.210452 0.729023
v -0.001242 -0.210330 0.729653
v -0.001648 -0.210130 0.730433
v -0.001788 -0.209872 0.731284
v -0.001788 -0.198747 0.765522
v -0.001648 -0.198455 0.766363
v -0.001242 -0.198159 0.767111
v -0.000608 -0.197887 0.767693
v 0.000190 -0.197666 0.768051
v 0.001074 -0.197517 0.768151
v 0.000598 -0.207960 0.727635
v -0.000266 -0.208125 0.727837
v -0.001046 -0.208187 0.728287
v -0.001665 -0.208140 0.728942
v -0.002062 -0.207988 0.729736
v -0.002199 -0.207746 0.730594
v -0.002199 -0.196621 0.764832
v -0.002062 -0.196313 0.765667
v -0.001665 -0.195969 0.766400
v -0.001046 -0.195622 0.766957
v -0.000266 -0.195308 0.767285
v 0.000598 -0.195055 0.767351
v -0.000180 -0.205693 0.726898
v -0.001005 -0.205973 0.727138
v -0.001749 -0.206139 0.727622
v -0.002340 -0.206173 0.728303
v -0.002719 -0.206074 0.729115
v -0.002850 -0.205850 0.729978
v -0.002850 -0.194726 0.764216
v -0.002719 -0.194399 0.765046
v -0.002340 -0.194003 0.765761
v -0.001749 -0.193574 0.766291
v -0.001005 -0.193156 0.766586
v -0.000180 -0.192788 0.766614
v -0.001273 -0.203629 0.726228
v -0.002035 -0.204029 0.726506
v -0.002723 -0.204302 0.727025
v -0.003268 -0.204422 0.727734
v -0.003618 -0.204377 0.728563
v -0.003739 -0.204172 0.729433
v -0.003739 -0.193048 0.763671
v -0.003618 -0.192703 0.764494
v -0.003268 -0.192251 0.765192
v -0.002723 -0.191737 0.765695
v -0.002035 -0.191211 0.765954
v -0.001273 -0.190725 0.765944
v -0.002694 -0.201777 0.725626
v -0.003369 -0.202290 0.725941
v -0.003978 -0.202666 0.726493
v -0.004461 -0.202867 0.727229
v -0.004771 -0.202875 0.728075
v -0.004878 -0.202688 0.728950
v -0.004878 -0.191563 0.763188
v -0.004771 -0.191200 0.764006
v -0.004461 -0.190696 0.764687
v -0.003978 -0.190101 0.765163
v -0.003369 -0.189473 0.765389
v -0.002694 -0.188873 0.765342
v -0.004455 -0.200145 0.725096
v -0.005024 -0.200756 0.725443
v -0.005538 -0.201220 0.726023
v -0.005945 -0.201492 0.726782
v -0.006207 -0.201544 0.727643
v -0.006297 -0.201373 0.728523
v -0.006297 -0.190248 0.762761
v -0.006207 -0.189870 0.763574
v -0.005945 -0.189321 0.764240
v -0.005538 -0.188655 0.764693
v -0.005024 -0.187939 0.764891
v -0.004455 -0.187241 0.764812
v -0.006568 -0.198742 0.724640
v -0.007023 -0.199428 0.725011
v -0.007433 -0.199961 0.725614
v -0.007759 -0.200287 0.726390
v -0.007968 -0.200374 0.727263
v -0.008040 -0.200215 0.728147
v -0.008040 -0.189090 0.762385
v -0.007968 -0.188700 0.763194
v -0.007759 -0.188116 0.763848
v -0.007433 -0.187396 0.764284
v -0.007023 -0.186611 0.764459
v -0.006568 -0.185837 0.764356
v -0.009047 -0.197574 0.724261
v -0.009389 -0.198314 0.724649
v -0.009697 -0.198894 0.725268
v -0.009942 -0.199258 0.726056
v -0.010099 -0.199370 0.726937
v -0.010154 -0.199220 0.727823
v -0.010154 -0.188095 0.762061
v -0.010099 -0.187696 0.762867
v -0.009942 -0.187088 0.763514
v -0.009697 -0.186330 0.763938
v -0.009389 -0.185497 0.764097
v -0.009047 -0.184670 0.763977
v -0.011903 -0.196652 0.723961
v -0.012141 -0.197425 0.724360
v -0.012355 -0.198036 0.724989
v -0.012526 -0.198424 0.725785
v -0.012635 -0.198551 0.726670
v -0.012673 -0.198406 0.727559
v -0.012673 -0.187281 0.761797
v -0.012635 -0.186877 0.762601
v -0.012526 -0.186253 0.763243
v -0.012355 -0.185471 0.763659
v -0.012141 -0.184608 0.763808
v -0.011903 -0.183747 0.763677
v -0.015148 -0.195983 0.723743
v -0.015295 -0.196775 0.724149
v -0.015427 -0.197403 0.724783
v -0.015532 -0.197804 0.725583
v -0.015599 -0.197940 0.726472
v -0.015622 -0.197798 0.727361
v -0.015622 -0.186673 0.761599
v -0.015599 -0.186266 0.762403
v -0.015532 -0.185633 0.763041
v -0.015427 -0.184838 0.763453
v -0.015295 -0.183958 0.763597
v -0.015148 -0.183078 0.763460
v -0.018797 -0.195575 0.723611
v -0.018865 -0.196376 0.724019
v -0.018926 -0.197012 0.724656
v -0.018974 -0.197420 0.725459
v -0.019006 -0.197560 0.726348
v -0.019016 -0.197419 0.727238
v -0.019016 -0.186294 0.761476
v -0.019006 -0.185885 0.762279
v -0.018974 -0.185249 0.762917
v -0.018926 -0.184447 0.763326
v -0.018865 -0.183559 0.763467
v -0.018797 -0.182671 0.763327
v -0.022860 -0.195438 0.723566
v -0.022876 -0.196240 0.723975
v -0.022890 -0.196878 0.724612
v -0.022902 -0.197287 0.725415
v -0.022909 -0.197428 0.726305
v -0.022911 -0.197287 0.727195
v -0.022911 -0.186162 0.761433
v -0.022909 -0.185753 0.762236
v -0.022902 -0.185116 0.762873
v -0.022890 -0.184313 0.763282
v -0.022876 -0.183423 0.763423
v -0.022860 -0.182533 0.763282
v -0.034200 -0.195438 0.723566
v -0.033310 -0.196240 0.723975
v -0.032507 -0.196878 0.724612
v -0.031870 -0.197287 0.725415
v -0.031461 -0.197428 0.726305
v -0.031320 -0.197287 0.727195
v -0.031320 -0.186162 0.761433
v -0.031461 -0.185753 0.762236
v -0.031870 -0.185116 0.762873
v -0.032507 -0.184313 0.763282
v -0.033310 -0.183423 0.763423
v -0.034200 -0.182533 0.763282
v -0.034200 -0.232072 0.735470
v -0.033310 -0.231182 0.735329
v -0.032507 -0.230292 0.735470
v -0.031870 -0.229490 0.735879
v -0.031461 -0.228852 0.736516
v -0.031320 -0.228443 0.737319
v -0.031320 -0.217319 0.771557
v -0.031461 -0.217178 0.772447
v -0.031870 -0.217319 0.773337
v -0.032507 -0.217728 0.774139
v -0.033310 -0.218365 0.774777
v -0.034200 -0.219168 0.775186
v 0.145080 -0.297809 0.756829
v 0.144506 -0.298612 0.757238
v 0.143988 -0.299249 0.757875
v 0.143577 -0.299658 0.758678
v 0.143313 -0.299799 0.759568
v 0.143222 -0.299658 0.760458
v 0.143222 -0.288534 0.794696
v 0.143313 -0.288125 0.795499
v 0.143577 -0.287488 0.796136
v 0.143988 -0.286685 0.796545
v 0.144506 -0.285795 0.796686
v 0.145080 -0.284905 0.796545
v 0.128700 -0.263400 0.745649
v 0.128126 -0.264203 0.746058
v 0.127608 -0.264840 0.746695
v 0.127197 -0.265249 0.747498
v 0.126933 -0.265390 0.748388
v 0.126842 -0.265249 0.749278
v 0.126842 -0.254125 0.783516
v 0.126933 -0.253715 0.784319
v 0.127197 -0.253078 0.784956
v 0.127608 -0.252275 0.785365
v 0.128126 -0.251386 0.785506
v 0.128700 -0.250496 0.785365
v 0.076500 -0.263400 0.745649
v 0.077087 -0.264203 0.746058
v 0.077617 -0.264840 0.746695
v 0.078037 -0.265249 0.747498
v 0.078307 -0.265390 0.748388
v 0.078400 -0.265249 0.749278
v 0.078400 -0.254125 0.783516
v 0.078307 -0.253715 0.784319
v 0.078037 -0.253078 0.784956
v 0.077617 -0.252275 0.785365
v 0.077087 -0.251386 0.785506
v 0.076500 -0.250496 0.785365
v 0.061020 -0.297809 0.756829
v 0.061607 -0.298612 0.757238
v 0.062137 -0.299249 0.757875
v 0.062557 -0.299658 0.758678
v 0.062827 -0.299799 0.759568
v 0.062920 -0.299658 0.760458
v 0.062920 -0.288534 0.794696
v 0.062827 -0.288125 0.795499
v 0.062557 -0.287488 0.796136
v 0.062137 -0.286685 0.796545
v 0.061607 -0.285795 0.796686
v 0.061020 -0.284905 0.796545
v 0.043020 -0.297809 0.756829
v 0.041672 -0.298612 0.757238
v 0.040456 -0.299249 0.757875
v 0.039491 -0.299658 0.758678
v 0.038872 -0.299799 0.759568
v 0.038658 -0.299658 0.760458
v 0.038658 -0.288534 0.794696
v 0.038872 -0.288125 0.795499
v 0.039491 -0.287488 0.796136
v 0.040456 -0.286685 0.796545
v 0.041672 -0.285795 0.796686
v 0.043020 -0.284905 0.796545
v 0.095760 -0.180373 0.718671
v 0.095172 -0.179483 0.718530
v 0.094642 -0.178593 0.718671
v 0.094222 -0.177790 0.719080
v 0.093951 -0.177153 0.719718
v 0.093858 -0.176744 0.720520
v 0.093858 -0.165619 0.754759
v 0.093951 -0.165478 0.755648
v 0.094222 -0.165619 0.756538
v 0.094642 -0.166028 0.757341
v 0.095172 -0.166665 0.757978
v 0.095760 -0.167468 0.758388
v 0.108180 -0.180373 0.718671
v 0.108758 -0.179483 0.718530
v 0.109280 -0.178593 0.718671
v 0.109694 -0.177790 0.719080
v 0.109960 -0.177153 0.719718
v 0.110051 -0.176744 0.720520
v 0.110051 -0.165619 0.754759
v 0.109960 -0.165478 0.755648
v 0.109694 -0.165619 0.756538
v 0.109280 -0.166028 0.757341
v 0.108758 -0.166665 0.757978
v 0.108180 -0.167468 0.758388
v 0.163080 -0.297809 0.756829
v 0.164450 -0.298612 0.757238
v 0.165685 -0.299249 0.757875
v 0.166666 -0.299658 0.758678
v 0.167295 -0.299799 0.759568
v 0.167512 -0.299658 0.760458
v 0.167512 -0.288534 0.794696
v 0.167295 -0.288125 0.795499
v 0.166666 -0.287488 0.796136
v 0.165685 -0.286685 0.796545
v 0.164450 -0.285795 0.796686
v 0.163080 -0.284905 0.796545
v 0.121500 -0.248335 0.740754
v 0.120129 -0.247445 0.740613
v 0.118893 -0.246555 0.740754
v 0.117912 -0.245753 0.741163
v 0.117282 -0.245115 0.741800
v 0.117065 -0.244706 0.742603
v 0.117065 -0.233582 0.776841
v 0.117282 -0.233441 0.777731
v 0.117912 -0.233582 0.778621
v 0.118893 -0.233991 0.779424
v 0.120129 -0.234628 0.780061
v 0.121500 -0.235431 0.780470
v 0.101700 -0.206051 0.727015
v 0.101731 -0.208154 0.727846
v 0.101759 -0.209964 0.728865
v 0.101781 -0.211304 0.729970
v 0.101795 -0.212043 0.731054
v 0.101800 -0.212107 0.732011
v 0.101800 -0.200983 0.766249
v 0.101795 -0.200368 0.766985
v 0.101781 -0.199133 0.767428
v 0.101759 -0.197400 0.767534
v 0.101731 -0.195337 0.767294
v 0.101700 -0.193147 0.766731
v 0.083340 -0.248335 0.740754
v 0.084670 -0.247445 0.740613
v 0.085871 -0.246555 0.740754
v 0.086823 -0.245753 0.741163
v 0.087434 -0.245115 0.741800
v 0.087645 -0.244706 0.742603
v 0.087645 -0.233582 0.776841
v 0.087434 -0.233441 0.777731
v 0.086823 -0.233582 0.778621
v 0.085871 -0.233991 0.779424
v 0.084670 -0.234628 0.780061
v 0.083340 -0.235431 0.780470
v 0.249480 -0.282745 0.751934
v 0.250370 -0.281855 0.751793
v 0.251173 -0.280965 0.751934
v 0.251810 -0.280162 0.752343
v 0.252219 -0.279525 0.752980
v 0.252360 -0.279116 0.753783
v 0.252360 -0.267991 0.788021
v 0.252219 -0.267850 0.788911
v 0.251810 -0.267991 0.789801
v 0.251173 -0.268400 0.790604
v 0.250370 -0.269037 0.791241
v 0.249480 -0.269840 0.791650
v 0.249480 -0.297809 0.756829
v 0.250370 -0.298612 0.757238
v 0.251173 -0.299249 0.757875
v 0.251810 -0.299658 0.758678
v 0.252219 -0.299799 0.759568
v 0.252360 -0.299658 0.760458
v 0.252360 -0.288534 0.794696
v 0.252219 -0.288125 0.795499
v 0.251810 -0.287488 0.796136
v 0.251173 -0.286685 0.796545
v 0.250370 -0.285795 0.796686
v 0.249480 -0.284905 0.796545
v 0.176400 -0.297809 0.756829
v 0.175510 -0.298612 0.757238
v 0.174707 -0.299249 0.757875
v 0.174070 -0.299658 0.758678
v 0.173661 -0.299799 0.759568
v 0.173520 -0.299658 0.760458
v 0.173520 -0.288534 0.794696
v 0.173661 -0.288125 0.795499
v 0.174070 -0.287488 0.796136
v 0.174707 -0.286685 0.796545
v 0.175510 -0.285795 0.796686
v 0.176400 -0.284905 0.796545
v 0.176400 -0.181058 0.718894
v 0.175510 -0.180168 0.718753
v 0.174707 -0.179278 0.718894
v 0.174070 -0.178475 0.719303
v 0.173661 -0.177838 0.719940
v 0.173520 -0.177429 0.720743
v 0.173520 -0.166304 0.754981
v 0.173661 -0.166163 0.755871
v 0.174070 -0.166304 0.756761
v 0.174707 -0.166713 0.757564
v 0.175510 -0.167350 0.758201
v 0.176400 -0.168153 0.758610
v 0.194040 -0.181058 0.718894
v 0.194930 -0.180168 0.718753
v 0.195733 -0.179278 0.718894
v 0.196370 -0.178475 0.719303
v 0.196779 -0.177838 0.719940
v 0.196920 -0.177429 0.720743
v 0.196920 -0.166304 0.754981
v 0.196779 -0.166163 0.755871
v 0.196370 -0.166304 0.756761
v 0.195733 -0.166713 0.757564
v 0.194930 -0.167350 0.758201
v 0.194040 -0.168153 0.758610
v 0.194040 -0.282745 0.751934
v 0.194930 -0.281855 0.751793
v 0.195733 -0.280965 0.751934
v 0.196370 -0.280162 0.752343
v 0.196779 -0.279525 0.752980
v 0.196920 -0.279116 0.753783
v 0.196920 -0.267991 0.788021
v 0.196779 -0.267850 0.788911
v 0.196370 -0.267991 0.789801
v 0.195733 -0.268400 0.790604
v 0.194930 -0.269037 0.791241
v 0.194040 -0.269840 0.791650
v 0.312660 -0.181058 0.718894
v 0.312687 -0.180168 0.718753
v 0.312711 -0.179278 0.718894
v 0.312730 -0.178475 0.719303
v 0.312743 -0.177838 0.719940
v 0.312747 -0.177429 0.720743
v 0.312747 -0.166304 0.754981
v 0.312743 -0.166163 0.755871
v 0.312730 -0.166304 0.756761
v 0.312711 -0.166713 0.757564
v 0.312687 -0.167350 0.758201
v 0.312660 -0.168153 0.758610
v 0.323474 -0.181680 0.719096
v 0.323586 -0.180795 0.718957
v 0.323686 -0.179909 0.719099
v 0.323766 -0.179110 0.719509
v 0.323817 -0.178475 0.720147
v 0.323835 -0.178067 0.720950
v 0.323835 -0.166942 0.755188
v 0.323817 -0.166800 0.756078
v 0.323766 -0.166939 0.756967
v 0.323686 -0.167345 0.757769
v 0.323586 -0.167977 0.758405
v 0.323474 -0.168775 0.758812
v 0.333250 -0.183468 0.719677
v 0.333479 -0.182604 0.719545
v 0.333685 -0.181738 0.719693
v 0.333848 -0.180954 0.720108
v 0.333953 -0.180329 0.720749
v 0.333990 -0.179924 0.721554
v 0.333990 -0.168799 0.755792
v 0.333953 -0.168654 0.756680
v 0.333848 -0.168783 0.757566
v 0.333685 -0.169173 0.758363
v 0.333479 -0.169787 0.758993
v 0.333250 -0.170563 0.759393
v 0.342006 -0.186303 0.720598
v 0.342353 -0.185478 0.720478
v 0.342667 -0.184646 0.720638
v 0.342915 -0.183890 0.721062
v 0.343075 -0.183283 0.721709
v 0.343130 -0.182884 0.722515
v 0.343130 -0.171759 0.756754
v 0.343075 -0.171608 0.757640
v 0.342915 -0.171719 0.758520
v 0.342667 -0.172082 0.759308
v 0.342353 -0.172660 0.759926
v 0.342006 -0.173398 0.760314
v 0.349760 -0.190067 0.721821
v 0.350222 -0.189298 0.721720
v 0.350640 -0.188517 0.721896
v 0.350971 -0.187800 0.722333
v 0.351183 -0.187219 0.722988
v 0.351257 -0.186829 0.723797
v 0.351257 -0.175704 0.758035
v 0.351183 -0.175544 0.758919
v 0.350971 -0.175629 0.759791
v 0.350640 -0.175952 0.760566
v 0.350222 -0.176481 0.761168
v 0.349760 -0.177163 0.761537
v 0.356532 -0.194642 0.723308
v 0.357100 -0.193944 0.723229
v 0.357612 -0.193227 0.723426
v 0.358018 -0.192562 0.723880
v 0.358279 -0.192013 0.724546
v 0.358369 -0.191634 0.725359
v 0.358369 -0.180509 0.759597
v 0.358279 -0.180338 0.760477
v 0.358018 -0.180391 0.761338
v 0.357612 -0.180663 0.762096
v 0.357100 -0.181127 0.762677
v 0.356532 -0.181738 0.763024
v 0.362340 -0.199910 0.725019
v 0.362999 -0.199295 0.724968
v 0.363594 -0.198652 0.725189
v 0.364066 -0.198046 0.725662
v 0.364369 -0.197535 0.726340
v 0.364473 -0.197170 0.727157
v 0.364473 -0.186045 0.761395
v 0.364369 -0.185861 0.762271
v 0.364066 -0.185875 0.763120
v 0.363594 -0.186088 0.763859
v 0.362999 -0.186477 0.764416
v 0.362340 -0.187005 0.764736
v 0.367203 -0.205752 0.726918
v 0.367938 -0.205227 0.726895
v 0.368600 -0.204667 0.727143
v 0.369126 -0.204125 0.727637
v 0.369464 -0.203656 0.728329
v 0.369580 -0.203305 0.729151
v 0.369580 -0.192180 0.763389
v 0.369464 -0.191981 0.764260
v 0.369126 -0.191954 0.765095
v 0.368600 -0.192102 0.765813
v 0.367938 -0.192410 0.766343
v 0.367203 -0.192847 0.766634
v 0.371140 -0.212049 0.728964
v 0.371934 -0.211619 0.728972
v 0.372650 -0.211144 0.729248
v 0.373218 -0.210671 0.729764
v 0.373583 -0.210245 0.730470
v 0.373709 -0.209909 0.731297
v 0.373709 -0.198784 0.765535
v 0.373583 -0.198571 0.766401
v 0.373218 -0.198500 0.767222
v 0.372650 -0.198580 0.767918
v 0.371934 -0.198802 0.768420
v 0.371140 -0.199145 0.768680
v 0.374169 -0.218685 0.731120
v 0.375007 -0.218351 0.731159
v 0.375763 -0.217963 0.731463
v 0.376363 -0.217558 0.732002
v 0.376748 -0.217177 0.732722
v 0.376881 -0.216856 0.733554
v 0.376881 -0.205731 0.767792
v 0.376748 -0.205502 0.768653
v 0.376363 -0.205387 0.769460
v 0.375763 -0.205398 0.770133
v 0.375007 -0.205534 0.770607
v 0.374169 -0.205780 0.770836
v 0.376310 -0.225539 0.733347
v 0.377178 -0.225302 0.733418
v 0.377961 -0.225001 0.733750
v 0.378582 -0.224666 0.734311
v 0.378981 -0.224329 0.735046
v 0.379119 -0.224023 0.735882
v 0.379119 -0.212898 0.770120
v 0.378981 -0.212654 0.770977
v 0.378582 -0.212495 0.771769
v 0.377961 -0.212437 0.772420
v 0.377178 -0.212485 0.772866
v 0.376310 -0.212635 0.773063
v 0.377581 -0.232495 0.735607
v 0.378466 -0.232354 0.735709
v 0.379265 -0.232140 0.736070
v 0.379899 -0.231874 0.736653
v 0.380306 -0.231581 0.737402
v 0.380446 -0.231291 0.738244
v 0.380446 -0.220166 0.772482
v 0.380306 -0.219907 0.773333
v 0.379899 -0.219703 0.774111
v 0.379265 -0.219576 0.774740
v 0.378466 -0.219537 0.775157
v 0.377581 -0.219590 0.775323
v 0.378000 -0.239433 0.737861
v 0.378892 -0.239393 0.737996
v 0.379696 -0.239270 0.738386
v 0.380334 -0.239075 0.738993
v 0.380744 -0.238828 0.739757
v 0.380885 -0.238554 0.740604
v 0.380885 -0.227429 0.774842
v 0.380744 -0.227154 0.775688
v 0.380334 -0.226904 0.776451
v 0.379696 -0.226705 0.777056
v 0.378892 -0.226576 0.777444
v 0.378000 -0.226529 0.777577
v 0.377491 -0.246875 0.740279
v 0.378376 -0.246941 0.740449
v 0.379174 -0.246914 0.740870
v 0.379807 -0.246795 0.741502
v 0.380213 -0.246598 0.742282
v 0.380353 -0.246340 0.743134
v 0.380353 -0.235215 0.777372
v 0.380213 -0.234923 0.778212
v 0.379807 -0.234624 0.778960
v 0.379174 -0.234349 0.779540
v 0.378376 -0.234124 0.779897
v 0.377491 -0.233971 0.779996
v 0.375986 -0.254160 0.742646
v 0.376848 -0.254333 0.742851
v 0.377626 -0.254402 0.743303
v 0.378243 -0.254360 0.743960
v 0.378639 -0.254212 0.744756
v 0.378776 -0.253971 0.745613
v 0.378776 -0.242846 0.779851
v 0.378639 -0.242537 0.780686
v 0.378243 -0.242189 0.781418
v 0.377626 -0.241837 0.781973
v 0.376848 -0.241515 0.782299
v 0.375986 -0.241255 0.782362
v 0.373514 -0.261193 0.744932
v 0.374340 -0.261470 0.745170
v 0.375085 -0.261632 0.745652
v 0.375676 -0.261664 0.746333
v 0.376056 -0.261563 0.747144
v 0.376187 -0.261339 0.748007
v 0.376187 -0.250214 0.782245
v 0.376056 -0.249889 0.783075
v 0.375676 -0.249493 0.783791
v 0.375085 -0.249067 0.784322
v 0.374340 -0.248652 0.784618
v 0.373514 -0.248289 0.784648
v 0.370107 -0.267883 0.747105
v 0.370882 -0.268258 0.747375
v 0.371582 -0.268509 0.747887
v 0.372138 -0.268611 0.748590
v 0.372494 -0.268555 0.749416
v 0.372617 -0.268347 0.750284
v 0.372617 -0.257222 0.784522
v 0.372494 -0.256881 0.785347
v 0.372138 -0.256440 0.786048
v 0.371582 -0.255944 0.786557
v 0.370882 -0.255440 0.786823
v 0.370107 -0.254978 0.786821
v 0.365794 -0.274135 0.749136
v 0.366506 -0.274602 0.749436
v 0.367149 -0.274936 0.749975
v 0.367659 -0.275105 0.750700
v 0.367986 -0.275091 0.751540
v 0.368099 -0.274897 0.752412
v 0.368099 -0.263773 0.786650
v 0.367986 -0.263417 0.787471
v 0.367659 -0.262934 0.788158
v 0.367149 -0.262371 0.788645
v 0.366506 -0.261784 0.788884
v 0.365794 -0.261230 0.788853
v 0.360608 -0.279856 0.750995
v 0.361243 -0.280408 0.751323
v 0.361816 -0.280818 0.751886
v 0.362271 -0.281047 0.752631
v 0.362563 -0.281073 0.753483
v 0.362664 -0.280892 0.754360
v 0.362664 -0.269768 0.788598
v 0.362563 -0.269398 0.789414
v 0.362271 -0.268877 0.790089
v 0.361816 -0.268254 0.790556
v 0.361243 -0.267590 0.790771
v 0.360608 -0.266951 0.790711
v 0.354577 -0.284953 0.752651
v 0.355123 -0.285580 0.753003
v 0.355616 -0.286058 0.753589
v 0.356008 -0.286341 0.754351
v 0.356259 -0.286401 0.755215
v 0.356345 -0.286232 0.756095
v 0.356345 -0.275108 0.790334
v 0.356259 -0.274727 0.791145
v 0.356008 -0.274170 0.791809
v 0.355616 -0.273493 0.792259
v 0.355123 -0.272762 0.792451
v 0.354577 -0.272048 0.792368
v 0.347733 -0.289332 0.754074
v 0.348180 -0.290023 0.754447
v 0.348583 -0.290559 0.755051
v 0.348903 -0.290888 0.755828
v 0.349109 -0.290977 0.756701
v 0.349180 -0.290818 0.757585
v 0.349180 -0.279694 0.791824
v 0.349109 -0.279302 0.792632
v 0.348903 -0.278717 0.793286
v 0.348583 -0.277994 0.793721
v 0.348180 -0.277205 0.793895
v 0.347733 -0.276428 0.793791
v 0.340107 -0.292901 0.755234
v 0.340446 -0.293642 0.755623
v 0.340752 -0.294223 0.756242
v 0.340995 -0.294588 0.757031
v 0.341151 -0.294701 0.757911
v 0.341205 -0.294550 0.758798
v 0.341205 -0.283426 0.793036
v 0.341151 -0.283026 0.793842
v 0.340995 -0.282417 0.794488
v 0.340752 -0.281659 0.794912
v 0.340446 -0.280825 0.795071
v 0.340107 -0.279996 0.794950
v 0.331729 -0.295566 0.756100
v 0.331955 -0.296343 0.756500
v 0.332160 -0.296956 0.757130
v 0.332322 -0.297347 0.757927
v 0.332426 -0.297476 0.758813
v 0.332461 -0.297331 0.759702
v 0.332461 -0.286206 0.793940
v 0.332426 -0.285801 0.794744
v 0.332322 -0.285176 0.795385
v 0.332160 -0.284392 0.795800
v 0.331955 -0.283525 0.795948
v 0.331729 -0.282661 0.795816
v 0.322630 -0.297233 0.756642
v 0.322742 -0.298031 0.757049
v 0.322843 -0.298663 0.757685
v 0.322923 -0.299069 0.758486
v 0.322975 -0.299208 0.759376
v 0.322993 -0.299066 0.760265
v 0.322993 -0.287941 0.794503
v 0.322975 -0.287533 0.795306
v 0.322923 -0.286898 0.795944
v 0.322843 -0.286099 0.796355
v 0.322742 -0.285213 0.796497
v 0.322630 -0.284328 0.796358
v 0.312840 -0.297809 0.756829
v 0.312868 -0.298612 0.757238
v 0.312892 -0.299249 0.757875
v 0.312912 -0.299658 0.758678
v 0.312925 -0.299799 0.759568
v 0.312929 -0.299658 0.760458
v 0.312929 -0.288534 0.794696
v 0.312925 -0.288125 0.795499
v 0.312912 -0.287488 0.796136
v 0.312892 -0.286685 0.796545
v 0.312868 -0.285795 0.796686
v 0.312840 -0.284905 0.796545
v 0.264960 -0.297809 0.756829
v 0.264070 -0.298612 0.757238
v 0.263267 -0.299249 0.757875
v 0.262630 -0.299658 0.758678
v 0.262221 -0.299799 0.759568
v 0.262080 -0.299658 0.760458
v 0.262080 -0.288534 0.794696
v 0.262221 -0.288125 0.795499
v 0.262630 -0.287488 0.796136
v 0.263267 -0.286685 0.796545
v 0.264070 -0.285795 0.796686
v 0.264960 -0.284905 0.796545
v 0.264960 -0.181058 0.718894
v 0.264070 -0.180168 0.718753
v 0.263267 -0.179278 0.718894
v 0.262630 -0.178475 0.719303
v 0.262221 -0.177838 0.719940
v 0.262080 -0.177429 0.720743
v 0.262080 -0.166304 0.754981
v 0.262221 -0.166163 0.755871
v 0.262630 -0.166304 0.756761
v 0.263267 -0.166713 0.757564
v 0.264070 -0.167350 0.758201
v 0.264960 -0.168153 0.758610
v 0.310680 -0.282745 0.751934
v 0.310651 -0.281855 0.751793
v 0.310625 -0.280965 0.751934
v 0.310605 -0.280162 0.752343
v 0.310591 -0.279525 0.752980
v 0.310587 -0.279116 0.753783
v 0.310587 -0.267991 0.788021
v 0.310591 -0.267850 0.788911
v 0.310605 -0.267991 0.789801
v 0.310625 -0.268400 0.790604
v 0.310651 -0.269037 0.791241
v 0.310680 -0.269840 0.791650
v 0.320041 -0.282167 0.751746
v 0.319920 -0.281283 0.751607
v 0.319811 -0.280398 0.751750
v 0.319724 -0.279599 0.752160
v 0.319669 -0.278965 0.752798
v 0.319649 -0.278556 0.753601
v 0.319649 -0.267432 0.787839
v 0.319669 -0.267290 0.788729
v 0.319724 -0.267428 0.789618
v 0.319811 -0.267833 0.790420
v 0.319920 -0.268465 0.791055
v 0.320041 -0.269262 0.791462
v 0.328195 -0.280535 0.751216
v 0.327944 -0.279677 0.751085
v 0.327717 -0.278815 0.751236
v 0.327538 -0.278035 0.751652
v 0.327422 -0.277413 0.752294
v 0.327382 -0.277009 0.753098
v 0.327382 -0.265884 0.787337
v 0.327422 -0.265738 0.788225
v 0.327538 -0.265864 0.789110
v 0.327717 -0.266251 0.789906
v 0.327944 -0.266859 0.790533
v 0.328195 -0.267630 0.790932
v 0.335216 -0.277999 0.750392
v 0.334833 -0.277189 0.750277
v 0.334486 -0.276371 0.750441
v 0.334212 -0.275625 0.750869
v 0.334035 -0.275024 0.751518
v 0.333975 -0.274628 0.752325
v 0.333975 -0.263503 0.786563
v 0.334035 -0.263350 0.787449
v 0.334212 -0.263454 0.788327
v 0.334486 -0.263806 0.789111
v 0.334833 -0.264372 0.789725
v 0.335216 -0.265095 0.790108
v 0.341180 -0.274711 0.749324
v 0.340671 -0.273970 0.749231
v 0.340212 -0.273214 0.749416
v 0.339848 -0.272518 0.749859
v 0.339614 -0.271949 0.750519
v 0.339533 -0.271563 0.751329
v 0.339533 -0.260439 0.785567
v 0.339614 -0.260274 0.786450
v 0.339848 -0.260347 0.787317
v 0.340212 -0.260650 0.788086
v 0.340671 -0.261153 0.788679
v 0.341180 -0.261807 0.789040
v 0.346161 -0.270822 0.748060
v 0.345543 -0.270166 0.747995
v 0.344986 -0.269487 0.748205
v 0.344543 -0.268851 0.748668
v 0.344259 -0.268321 0.749340
v 0.344161 -0.267949 0.750155
v 0.344161 -0.256825 0.784393
v 0.344259 -0.256647 0.785271
v 0.344543 -0.256680 0.786126
v 0.344986 -0.256922 0.786874
v 0.345543 -0.257348 0.787443
v 0.346161 -0.257917 0.787776
v 0.350235 -0.266482 0.746650
v 0.349529 -0.265919 0.746615
v 0.348892 -0.265325 0.746852
v 0.348386 -0.264757 0.747338
v 0.348062 -0.264270 0.748024
v 0.347950 -0.263913 0.748843
v 0.347950 -0.252789 0.783082
v 0.348062 -0.252596 0.783955
v 0.348386 -0.252586 0.784796
v 0.348892 -0.252760 0.785522
v 0.349529 -0.253102 0.786063
v 0.350235 -0.253577 0.786366
v 0.353476 -0.261842 0.745142
v 0.352703 -0.261375 0.745139
v 0.352006 -0.260867 0.745404
v 0.351453 -0.260367 0.745911
v 0.351098 -0.259924 0.746612
v 0.350975 -0.259582 0.747436
v 0.350975 -0.248458 0.781674
v 0.351098 -0.248250 0.782543
v 0.351453 -0.248196 0.783369
v 0.352006 -0.248302 0.784074
v 0.352703 -0.248558 0.784587
v 0.353476 -0.248937 0.784858
v 0.355960 -0.257053 0.743586
v 0.355139 -0.256679 0.743613
v 0.354399 -0.256254 0.743905
v 0.353811 -0.255820 0.744434
v 0.353434 -0.255420 0.745148
v 0.353304 -0.255092 0.745978
v 0.353304 -0.243968 0.780216
v 0.353434 -0.243745 0.781079
v 0.353811 -0.243649 0.781892
v 0.354399 -0.243689 0.782575
v 0.355139 -0.243861 0.783061
v 0.355960 -0.244149 0.783303
v 0.357761 -0.252267 0.742031
v 0.356908 -0.251980 0.742086
v 0.356138 -0.251633 0.742404
v 0.355527 -0.251262 0.742953
v 0.355135 -0.250901 0.743680
v 0.354999 -0.250588 0.744514
v 0.354999 -0.239463 0.778752
v 0.355135 -0.239227 0.779611
v 0.355527 -0.239091 0.780411
v 0.356138 -0.239069 0.781074
v 0.356908 -0.239162 0.781534
v 0.357761 -0.239363 0.781747
v 0.358955 -0.247635 0.740526
v 0.358080 -0.247429 0.740608
v 0.357291 -0.247157 0.740949
v 0.356665 -0.246844 0.741517
v 0.356263 -0.246521 0.742257
v 0.356125 -0.246221 0.743095
v 0.356125 -0.235096 0.777333
v 0.356263 -0.234847 0.778188
v 0.356665 -0.234673 0.778975
v 0.357291 -0.234592 0.779619
v 0.358080 -0.234612 0.780056
v 0.358955 -0.234730 0.780242
v 0.359616 -0.243306 0.739120
v 0.358729 -0.243181 0.739227
v 0.357930 -0.242980 0.739592
v 0.357295 -0.242724 0.740179
v 0.356887 -0.242439 0.740930
v 0.356747 -0.242151 0.741772
v 0.356747 -0.231026 0.776010
v 0.356887 -0.230764 0.776861
v 0.357295 -0.230554 0.777637
v 0.357930 -0.230416 0.778262
v 0.358729 -0.230363 0.778675
v 0.359616 -0.230402 0.778836
v 0.359820 -0.239433 0.737861
v 0.358929 -0.239392 0.737996
v 0.358125 -0.239267 0.738385
v 0.357487 -0.239071 0.738992
v 0.357077 -0.238824 0.739756
v 0.356936 -0.238549 0.740602
v 0.356936 -0.227424 0.774840
v 0.357077 -0.227149 0.775687
v 0.357487 -0.226900 0.776450
v 0.358125 -0.226702 0.777055
v 0.358929 -0.226574 0.777444
v 0.359820 -0.226529 0.777577
v 0.359492 -0.233655 0.735984
v 0.358606 -0.233705 0.736148
v 0.357807 -0.233663 0.736565
v 0.357173 -0.233533 0.737192
v 0.356765 -0.233328 0.737970
v 0.356625 -0.233068 0.738821
v 0.356625 -0.221943 0.773059
v 0.356765 -0.221653 0.773901
v 0.357173 -0.221362 0.774650
v 0.357807 -0.221098 0.775235
v 0.358606 -0.220887 0.775596
v 0.359492 -0.220750 0.775700
v 0.358501 -0.228082 0.734173
v 0.357632 -0.228231 0.734370
v 0.356849 -0.228278 0.734815
v 0.356227 -0.228218 0.735466
v 0.355828 -0.228059 0.736258
v 0.355691 -0.227814 0.737114
v 0.355691 -0.216689 0.771352
v 0.355828 -0.216384 0.772189
v 0.356227 -0.216047 0.772924
v 0.356849 -0.215713 0.773485
v 0.357632 -0.215413 0.773818
v 0.358501 -0.215177 0.773889
v 0.356836 -0.222772 0.732448
v 0.356000 -0.223023 0.732678
v 0.355245 -0.223163 0.733153
v 0.354647 -0.223178 0.733828
v 0.354262 -0.223065 0.734635
v 0.354130 -0.222837 0.735497
v 0.354130 -0.211712 0.769735
v 0.354262 -0.211391 0.770566
v 0.354647 -0.211007 0.771286
v 0.355245 -0.210599 0.771823
v 0.356000 -0.210206 0.772126
v 0.356836 -0.209867 0.772164
v 0.354487 -0.217781 0.730826
v 0.353700 -0.218137 0.731090
v 0.352990 -0.218372 0.731596
v 0.352427 -0.218461 0.732295
v 0.352065 -0.218396 0.733118
v 0.351940 -0.218185 0.733985
v 0.351940 -0.207060 0.768223
v 0.352065 -0.206722 0.769049
v 0.352427 -0.206290 0.769753
v 0.352990 -0.205807 0.770266
v 0.353700 -0.205320 0.770538
v 0.354487 -0.204877 0.770542
v 0.351442 -0.213166 0.729327
v 0.350723 -0.213625 0.729624
v 0.350074 -0.213951 0.730160
v 0.349559 -0.214114 0.730883
v 0.349228 -0.214096 0.731721
v 0.349114 -0.213901 0.732594
v 0.349114 -0.202776 0.766832
v 0.349228 -0.202422 0.767652
v 0.349559 -0.201943 0.768341
v 0.350074 -0.201387 0.768830
v 0.350723 -0.200807 0.769072
v 0.351442 -0.200261 0.769043
v 0.347692 -0.208983 0.727967
v 0.347058 -0.209537 0.728296
v 0.346486 -0.209949 0.728860
v 0.346032 -0.210180 0.729604
v 0.345741 -0.210206 0.730457
v 0.345640 -0.210026 0.731334
v 0.345640 -0.198901 0.765572
v 0.345741 -0.198531 0.766388
v 0.346032 -0.198009 0.767062
v 0.346486 -0.197384 0.767529
v 0.347058 -0.196719 0.767744
v 0.347692 -0.196078 0.767684
v 0.343226 -0.205289 0.726767
v 0.342692 -0.205925 0.727122
v 0.342210 -0.206412 0.727710
v 0.341828 -0.206702 0.728474
v 0.341582 -0.206766 0.729340
v 0.341498 -0.206599 0.730221
v 0.341498 -0.195474 0.764459
v 0.341582 -0.195092 0.765270
v 0.341828 -0.194531 0.765932
v 0.342210 -0.193847 0.766380
v 0.342692 -0.193108 0.766570
v 0.343226 -0.192384 0.766483
v 0.338033 -0.202139 0.725744
v 0.337609 -0.202842 0.726120
v 0.337226 -0.203389 0.726728
v 0.336922 -0.203726 0.727508
v 0.336726 -0.203821 0.728383
v 0.336659 -0.203665 0.729268
v 0.336659 -0.192540 0.763506
v 0.336726 -0.192147 0.764314
v 0.336922 -0.191556 0.764966
v 0.337226 -0.190824 0.765398
v 0.337609 -0.190025 0.765568
v 0.338033 -0.189235 0.765460
v 0.332103 -0.199592 0.724916
v 0.331791 -0.200343 0.725308
v 0.331510 -0.200934 0.725930
v 0.331287 -0.201306 0.726721
v 0.331144 -0.201423 0.727604
v 0.331095 -0.201274 0.728491
v 0.331095 -0.190150 0.762729
v 0.331144 -0.189749 0.763534
v 0.331287 -0.189135 0.764179
v 0.331510 -0.188369 0.764600
v 0.331791 -0.187526 0.764756
v 0.332103 -0.186687 0.764632
v 0.325424 -0.197702 0.724302
v 0.325224 -0.198485 0.724705
v 0.325043 -0.199104 0.725336
v 0.324899 -0.199498 0.726134
v 0.324807 -0.199630 0.727021
v 0.324775 -0.199486 0.727910
v 0.324775 -0.188361 0.762148
v 0.324807 -0.187955 0.762952
v 0.324899 -0.187328 0.763592
v 0.325043 -0.186539 0.764006
v 0.325224 -0.185667 0.764153
v 0.325424 -0.184797 0.764018
v 0.317987 -0.196527 0.723920
v 0.317891 -0.197326 0.724328
v 0.317804 -0.197960 0.724964
v 0.317735 -0.198366 0.725766
v 0.317690 -0.198506 0.726656
v 0.317675 -0.198364 0.727545
v 0.317675 -0.187239 0.761783
v 0.317690 -0.186831 0.762586
v 0.317735 -0.186195 0.763224
v 0.317804 -0.185395 0.763634
v 0.317891 -0.184508 0.763776
v 0.317987 -0.183622 0.763636
v 0.309780 -0.196122 0.723789
v 0.309757 -0.196925 0.724198
v 0.309736 -0.197562 0.724835
v 0.309720 -0.197971 0.725638
v 0.309709 -0.198112 0.726528
v 0.309705 -0.197971 0.727418
v 0.309705 -0.186847 0.761656
v 0.309709 -0.186438 0.762459
v 0.309720 -0.185801 0.763096
v 0.309736 -0.184998 0.763505
v 0.309757 -0.184108 0.763646
v 0.309780 -0.183218 0.763505
v 0.282600 -0.196122 0.723789
v 0.283490 -0.196925 0.724198
v 0.284293 -0.197562 0.724835
v 0.284930 -0.197971 0.725638
v 0.285339 -0.198112 0.726528
v 0.285480 -0.197971 0.727418
v 0.285480 -0.186847 0.761656
v 0.285339 -0.186438 0.762459
v 0.284930 -0.185801 0.763096
v 0.284293 -0.184998 0.763505
v 0.283490 -0.184108 0.763646
v 0.282600 -0.183218 0.763505
v 0.282600 -0.282745 0.751934
v 0.283490 -0.281855 0.751793
v 0.284293 -0.280965 0.751934
v 0.284930 -0.280162 0.752343
v 0.285339 -0.279525 0.752980
v 0.285480 -0.279116 0.753783
v 0.285480 -0.267991 0.788021
v 0.285339 -0.267850 0.788911
v 0.284930 -0.267991 0.789801
v 0.284293 -0.268400 0.790604
v 0.283490 -0.269037 0.791241
v 0.282600 -0.269840 0.791650
vn -0.0000 0.3090 0.9511
vn -0.0000 -0.3090 -0.9511
vn 0.1203 -0.4190 -0.9000
vn 0.1203 -0.1901 -0.9744
vn 0.0787 -0.2322 -0.9695
vn 0.0787 -0.3819 -0.9208
vn 0.2882 -0.5563 -0.7794
vn 0.2882 -0.0081 -0.9575
vn 0.4666 -0.6760 -0.5704
vn 0.4666 0.2116 -0.8588
vn 0.6319 -0.7397 -0.2315
vn 0.6319 0.4623 -0.6220
vn 0.7023 -0.7038 0.1069
vn 0.7023 0.6322 -0.3272
vn 0.7023 -0.6322 0.3272
vn 0.7023 0.7038 -0.1069
vn 0.6319 -0.4623 0.6220
vn 0.6319 0.7397 0.2315
vn 0.4666 -0.2116 0.8588
vn 0.4666 0.6760 0.5704
vn 0.2882 0.0081 0.9575
vn 0.2882 0.5563 0.7794
vn 0.1203 0.1901 0.9744
vn 0.1203 0.4190 0.9000
vn 0.0787 0.2322 0.9695
vn 0.0787 0.3819 0.9208
vn 0.1980 -0.1083 -0.9742
vn 0.3610 0.0776 -0.9293
vn 0.5226 0.2889 -0.8021
vn 0.6543 0.5051 -0.5629
vn 0.7032 0.6364 -0.3171
vn 0.7032 0.7012 -0.1175
vn 0.6543 0.7395 0.1585
vn 0.5226 0.7052 0.4792
vn 0.3610 0.6090 0.7062
vn 0.1980 0.4850 0.8518
vn 0.1980 -0.4850 -0.8518
vn 0.3610 -0.6090 -0.7062
vn 0.5226 -0.7052 -0.4792
vn 0.6543 -0.7395 -0.1585
vn 0.7032 -0.7012 0.1175
vn 0.7032 -0.6364 0.3171
vn 0.6543 -0.5051 0.5629
vn 0.5226 -0.2889 0.8021
vn 0.3610 -0.0776 0.9293
vn 0.1980 0.1083 0.9742
vn -0.1980 -0.4850 -0.8518
vn -0.0787 -0.3819 -0.9208
vn -0.3610 -0.6090 -0.7062
vn -0.5226 -0.7052 -0.4792
vn -0.6543 -0.7395 -0.1585
vn -0.7032 -0.7012 0.1175
vn -0.7032 -0.6364 0.3171
vn -0.6543 -0.5051 0.5629
vn -0.5226 -0.2889 0.8021
vn -0.3610 -0.0776 0.9293
vn -0.1980 0.1083 0.9742
vn -0.0787 0.2322 0.9695
vn -0.1980 -0.1083 -0.9742
vn -0.0787 -0.2322 -0.9695
vn -0.3610 0.0776 -0.9293
vn -0.5226 0.2889 -0.8021
vn -0.6543 0.5051 -0.5629
vn -0.7032 0.6364 -0.3171
vn -0.7032 0.7012 -0.1175
vn -0.6543 0.7395 0.1585
vn -0.5226 0.7052 0.4792
vn -0.3610 0.6090 0.7062
vn -0.1980 0.4850 0.8518
vn -0.0787 0.3819 0.9208
vn -0.5326 0.7350 -0.4196
vn -0.7071 0.6725 -0.2185
vn -0.6565 0.6502 -0.3825
vn -0.7159 0.6098 -0.3400
vn -0.7567 0.5921 -0.2771
vn -0.7409 0.6353 -0.2180
vn -0.7409 0.6421 -0.1971
vn -0.7567 0.6420 -0.1238
vn -0.7159 0.6932 -0.0834
vn -0.6565 0.7508 -0.0727
vn -0.5326 0.8413 -0.0926
vn 0.7574 0.5428 -0.3631
vn 0.9007 0.4132 -0.1342
vn 0.8642 0.4037 -0.3002
vn 0.9078 0.3437 -0.2404
vn 0.9314 0.3198 -0.1741
vn 0.9210 0.3677 -0.1286
vn 0.9210 0.3731 -0.1121
vn 0.9314 0.3610 -0.0471
vn 0.9078 0.4193 -0.0075
vn 0.8642 0.5031 0.0056
vn 0.7574 0.6525 -0.0253
vn 0.9007 0.4132 -0.1343
vn 0.1386 -0.5661 -0.8126
vn 0.0614 -0.4269 -0.9022
vn 0.2511 -0.7472 -0.6153
vn 0.3460 -0.8691 -0.3535
vn 0.4111 -0.9105 -0.0444
vn 0.4329 -0.8798 0.1966
vn 0.4329 -0.8273 0.3581
vn 0.4111 -0.7105 0.5711
vn 0.3460 -0.4954 0.7968
vn 0.2511 -0.2429 0.9370
vn 0.1386 0.0197 0.9902
vn 0.0614 0.1849 0.9808
vn -0.1386 -0.5661 -0.8126
vn -0.0614 -0.4269 -0.9022
vn -0.2511 -0.7472 -0.6153
vn -0.3460 -0.8691 -0.3535
vn -0.4111 -0.9105 -0.0444
vn -0.4329 -0.8798 0.1966
vn -0.4329 -0.8273 0.3581
vn -0.4111 -0.7105 0.5711
vn -0.3460 -0.4953 0.7968
vn -0.2511 -0.2429 0.9370
vn -0.1386 0.0197 0.9902
vn -0.0614 0.1849 0.9808
vn -0.7574 0.5427 -0.3631
vn -0.9007 0.4132 -0.1344
vn -0.8642 0.4037 -0.3002
vn -0.9078 0.3437 -0.2404
vn -0.9314 0.3198 -0.1741
vn -0.9210 0.3677 -0.1286
vn -0.9210 0.3731 -0.1121
vn -0.9314 0.3610 -0.0471
vn -0.9078 0.4193 -0.0075
vn -0.8642 0.5031 0.0056
vn -0.7574 0.6525 -0.0253
vn -0.9007 0.4132 -0.1341
vn 0.5326 0.7350 -0.4196
vn 0.7071 0.6725 -0.2185
vn 0.6565 0.6502 -0.3825
vn 0.7159 0.6098 -0.3400
vn 0.7567 0.5921 -0.2771
vn 0.7409 0.6353 -0.2180
vn 0.7409 0.6421 -0.1971
vn 0.7567 0.6420 -0.1238
vn 0.7159 0.6932 -0.0834
vn 0.6565 0.7508 -0.0727
vn 0.5326 0.8413 -0.0926
vn 0.7071 0.6725 -0.2186
vn 0.1376 -0.0190 -0.9903
vn 0.0610 -0.1845 -0.9809
vn 0.2494 0.2441 -0.9371
vn 0.3436 0.4969 -0.7969
vn 0.4081 0.7121 -0.5713
vn 0.4297 0.8288 -0.3584
vn 0.4297 0.8812 -0.1972
vn 0.4081 0.9119 0.0436
vn 0.3436 0.8704 0.3526
vn 0.2494 0.7483 0.6146
vn 0.1376 0.5667 0.8124
vn 0.0610 0.4273 0.9021
vn 0.0002 -0.1677 -0.9858
vn 0.0001 -0.2132 -0.9770
vn 0.0004 0.0561 -0.9984
vn 0.0007 0.3340 -0.9426
vn 0.0009 0.6712 -0.7413
vn 0.0011 0.9023 -0.4311
vn 0.0011 0.9834 -0.1816
vn 0.0009 0.9787 0.2052
vn 0.0007 0.8242 0.5663
vn 0.0004 0.6322 0.7748
vn 0.0002 0.4438 0.8961
vn 0.0001 0.4018 0.9157
vn -0.1373 -0.0188 -0.9903
vn -0.0609 -0.1844 -0.9810
vn -0.2489 0.2445 -0.9372
vn -0.3429 0.4974 -0.7969
vn -0.4072 0.7126 -0.5713
vn -0.4287 0.8292 -0.3586
vn -0.4287 0.8816 -0.1973
vn -0.4072 0.9123 0.0433
vn -0.3429 0.8708 0.3523
vn -0.2489 0.7487 0.6145
vn -0.1373 0.5669 0.8123
vn -0.0609 0.4274 0.9020
vn 0.5226 0.2889 -0.8022
vn 0.5226 -0.2889 0.8022
vn 0.6319 0.4624 -0.6220
vn 0.7024 -0.7038 0.1069
vn 0.7024 0.6322 -0.3272
vn 0.7024 -0.6322 0.3272
vn 0.7024 0.7038 -0.1069
vn 0.6319 -0.4624 0.6220
vn -0.5226 0.2889 -0.8022
vn 0.0292 0.0029 -0.9996
vn 0.0609 -0.0010 -0.9981
vn 0.0303 -0.1595 -0.9867
vn 0.0146 -0.1573 -0.9874
vn 0.0551 0.3098 -0.9492
vn 0.1147 0.3018 -0.9465
vn 0.0757 0.5863 -0.8066
vn 0.1574 0.5751 -0.8028
vn 0.0889 0.8057 -0.5856
vn 0.1848 0.7925 -0.5812
vn 0.0931 0.9198 -0.3812
vn 0.1936 0.9059 -0.3767
vn 0.0931 0.9682 -0.2322
vn 0.1936 0.9543 -0.2277
vn 0.0889 0.9960 0.0001
vn 0.1848 0.9828 0.0044
vn 0.0757 0.9484 0.3079
vn 0.1574 0.9371 0.3114
vn 0.0551 0.8085 0.5859
vn 0.1147 0.8005 0.5883
vn 0.0292 0.5899 0.8069
vn 0.0609 0.5859 0.8081
vn 0.0146 0.4532 0.8913
vn 0.0303 0.4510 0.8920
vn 0.0950 -0.0090 -0.9954
vn 0.0473 -0.1637 -0.9854
vn 0.1789 0.2864 -0.9413
vn 0.2454 0.5537 -0.7957
vn 0.2881 0.7673 -0.5729
vn 0.3018 0.8794 -0.3681
vn 0.3018 0.9278 -0.2191
vn 0.2881 0.9575 0.0125
vn 0.2454 0.9157 0.3183
vn 0.1789 0.7849 0.5932
vn 0.0950 0.5779 0.8106
vn 0.0473 0.4468 0.8934
vn 0.1311 -0.0218 -0.9911
vn 0.0651 -0.1703 -0.9832
vn 0.2467 0.2617 -0.9331
vn 0.3383 0.5197 -0.7845
vn 0.3970 0.7273 -0.5598
vn 0.4160 0.8374 -0.3545
vn 0.4160 0.8859 -0.2054
vn 0.3970 0.9175 0.0254
vn 0.3383 0.8816 0.3292
vn 0.2467 0.7602 0.6010
vn 0.1311 0.5649 0.8146
vn 0.0651 0.4402 0.8956
vn 0.1681 -0.0404 -0.9849
vn 0.0834 -0.1798 -0.9802
vn 0.3160 0.2262 -0.9214
vn 0.4332 0.4708 -0.7685
vn 0.5084 0.6698 -0.5411
vn 0.5327 0.7772 -0.3349
vn 0.5327 0.8256 -0.1859
vn 0.5084 0.8600 0.0441
vn 0.4332 0.8326 0.3450
vn 0.3160 0.7246 0.6125
vn 0.1681 0.5462 0.8206
vn 0.0834 0.4307 0.8986
vn 0.2044 -0.0655 -0.9767
vn 0.1013 -0.1923 -0.9761
vn 0.3839 0.1788 -0.9059
vn 0.5262 0.4058 -0.7473
vn 0.6176 0.5934 -0.5162
vn 0.6470 0.6971 -0.3089
vn 0.6470 0.7455 -0.1598
vn 0.6176 0.7835 0.0689
vn 0.5262 0.7675 0.3661
vn 0.3839 0.6772 0.6277
vn 0.2044 0.5211 0.8287
vn 0.1013 0.4181 0.9027
vn 0.2378 -0.0968 -0.9665
vn 0.1178 -0.2079 -0.9710
vn 0.4466 0.1199 -0.8866
vn 0.6121 0.3249 -0.7209
vn 0.7183 0.4984 -0.4854
vn 0.7526 0.5976 -0.2766
vn 0.7526 0.6460 -0.1275
vn 0.7183 0.6885 0.0997
vn 0.6121 0.6866 0.3923
vn 0.4466 0.6181 0.6469
vn 0.2378 0.4898 0.8388
vn 0.1178 0.4025 0.9078
vn 0.2665 -0.1334 -0.9546
vn 0.1319 -0.2261 -0.9651
vn 0.5004 0.0511 -0.8643
vn 0.6857 0.2307 -0.6903
vn 0.8047 0.3879 -0.4494
vn 0.8431 0.4817 -0.2389
vn 0.8431 0.5302 -0.0898
vn 0.8047 0.5780 0.1356
vn 0.6857 0.5924 0.4229
vn 0.5004 0.5494 0.6692
vn 0.2665 0.4532 0.8507
vn 0.1319 0.3844 0.9137
vn 0.2886 -0.1734 -0.9416
vn 0.1430 -0.2459 -0.9587
vn 0.5422 -0.0240 -0.8399
vn 0.7431 0.1277 -0.6569
vn 0.8720 0.2671 -0.4102
vn 0.9136 0.3552 -0.1978
vn 0.9136 0.4036 -0.0487
vn 0.8720 0.4572 0.1749
vn 0.7431 0.4895 0.4564
vn 0.5422 0.4743 0.6936
vn 0.2886 0.4132 0.8637
vn 0.1430 0.3646 0.9201
vn 0.3037 -0.2147 -0.9283
vn 0.1506 -0.2663 -0.9521
vn 0.5707 -0.1014 -0.8149
vn 0.7823 0.0216 -0.6225
vn 0.9181 0.1426 -0.3698
vn 0.9619 0.2248 -0.1555
vn 0.9619 0.2733 -0.0064
vn 0.9181 0.3327 0.2153
vn 0.7823 0.3834 0.4909
vn 0.5707 0.3969 0.7189
vn 0.3037 0.3719 0.8772
vn 0.1506 0.3442 0.9267
vn 0.3118 -0.2551 -0.9153
vn 0.1548 -0.2862 -0.9456
vn 0.5864 -0.1773 -0.7904
vn 0.8040 -0.0823 -0.5889
vn 0.9437 0.0207 -0.3302
vn 0.9887 0.0971 -0.1139
vn 0.9887 0.1455 0.0351
vn 0.9437 0.2109 0.2550
vn 0.8040 0.2796 0.5248
vn 0.5864 0.3212 0.7436
vn 0.3118 0.3316 0.8904
vn 0.1548 0.3242 0.9332
vn 0.3134 -0.2908 -0.9040
vn 0.1562 -0.3039 -0.9398
vn 0.5907 -0.2443 -0.7691
vn 0.8104 -0.1740 -0.5594
vn 0.9514 -0.0869 -0.2954
vn 0.9969 -0.0156 -0.0773
vn 0.9969 0.0328 0.0717
vn 0.9514 0.1033 0.2901
vn 0.8104 0.1880 0.5549
vn 0.5907 0.2544 0.7657
vn 0.3134 0.2961 0.9023
vn 0.1562 0.3066 0.9389
vn 0.3116 -0.3202 -0.8946
vn 0.1556 -0.3186 -0.9350
vn 0.5880 -0.2999 -0.7512
vn 0.8070 -0.2503 -0.5348
vn 0.9476 -0.1764 -0.2665
vn 0.9929 -0.1094 -0.0469
vn 0.9929 -0.0610 0.1022
vn 0.9476 0.0139 0.3193
vn 0.8070 0.1119 0.5798
vn 0.5880 0.1990 0.7840
vn 0.3116 0.2668 0.9120
vn 0.1556 0.2919 0.9437
vn 0.3077 -0.3481 -0.8855
vn 0.1536 -0.3325 -0.9305
vn 0.5805 -0.3525 -0.7340
vn 0.7966 -0.3226 -0.5113
vn 0.9352 -0.2613 -0.2389
vn 0.9800 -0.1983 -0.0180
vn 0.9800 -0.1499 0.1311
vn 0.9352 -0.0710 0.3468
vn 0.7966 0.0396 0.6032
vn 0.5805 0.1463 0.8010
vn 0.3077 0.2388 0.9210
vn 0.1536 0.2779 0.9482
vn 0.3007 -0.3770 -0.8761
vn 0.1500 -0.3469 -0.9258
vn 0.5669 -0.4068 -0.7163
vn 0.7779 -0.3971 -0.4870
vn 0.9133 -0.3488 -0.2104
vn 0.9569 -0.2900 0.0118
vn 0.9569 -0.2416 0.1609
vn 0.9133 -0.1586 0.3752
vn 0.7779 -0.0350 0.6274
vn 0.5669 0.0919 0.8186
vn 0.3007 0.2099 0.9303
vn 0.1500 0.2636 0.9529
vn 0.2901 -0.4061 -0.8666
vn 0.1446 -0.3614 -0.9211
vn 0.5469 -0.4617 -0.6984
vn 0.7503 -0.4724 -0.4625
vn 0.8808 -0.4372 -0.1817
vn 0.9230 -0.3826 0.0419
vn 0.9230 -0.3342 0.1910
vn 0.8808 -0.2469 0.4039
vn 0.7503 -0.1103 0.6518
vn 0.5469 0.0370 0.8364
vn 0.2901 0.1808 0.9398
vn 0.1446 0.2491 0.9576
vn 0.2760 -0.4347 -0.8572
vn 0.1376 -0.3756 -0.9165
vn 0.5202 -0.5156 -0.6809
vn 0.7137 -0.5463 -0.4384
vn 0.8378 -0.5240 -0.1534
vn 0.8779 -0.4736 0.0715
vn 0.8779 -0.4251 0.2205
vn 0.8378 -0.3337 0.4321
vn 0.7137 -0.1843 0.6758
vn 0.5202 -0.0169 0.8539
vn 0.2760 0.1522 0.9490
vn 0.1376 0.2348 0.9623
vn 0.2585 -0.4620 -0.8483
vn 0.1288 -0.3892 -0.9121
vn 0.4872 -0.5671 -0.6641
vn 0.6684 -0.6169 -0.4155
vn 0.7847 -0.6069 -0.1265
vn 0.8222 -0.5604 0.0997
vn 0.8222 -0.5120 0.2488
vn 0.7847 -0.4166 0.4590
vn 0.6684 -0.2549 0.6988
vn 0.4872 -0.0684 0.8706
vn 0.2585 0.1248 0.9579
vn 0.1288 0.2212 0.9667
vn 0.2381 -0.4873 -0.8402
vn 0.1187 -0.4019 -0.9080
vn 0.4487 -0.6147 -0.6487
vn 0.6156 -0.6823 -0.3942
vn 0.7227 -0.6836 -0.1016
vn 0.7573 -0.6409 0.1258
vn 0.7573 -0.5924 0.2749
vn 0.7227 -0.4934 0.4840
vn 0.6156 -0.3203 0.7200
vn 0.4487 -0.1160 0.8861
vn 0.2381 0.0996 0.9661
vn 0.1187 0.2086 0.9708
vn 0.2153 -0.5099 -0.8328
vn 0.1074 -0.4132 -0.9043
vn 0.4059 -0.6574 -0.6348
vn 0.5569 -0.7410 -0.3752
vn 0.6538 -0.7525 -0.0792
vn 0.6851 -0.7130 0.1493
vn 0.6851 -0.6646 0.2983
vn 0.6538 -0.5622 0.5064
vn 0.5569 -0.3789 0.7391
vn 0.4059 -0.1587 0.9000
vn 0.2153 0.0770 0.9735
vn 0.1074 0.1973 0.9745
vn 0.1910 -0.5295 -0.8265
vn 0.0953 -0.4230 -0.9011
vn 0.3601 -0.6945 -0.6229
vn 0.4942 -0.7919 -0.3587
vn 0.5802 -0.8123 -0.0598
vn 0.6079 -0.7757 0.1696
vn 0.6079 -0.7272 0.3187
vn 0.5802 -0.6220 0.5258
vn 0.4942 -0.4298 0.7557
vn 0.3601 -0.1958 0.9121
vn 0.1910 0.0574 0.9799
vn 0.0953 0.1874 0.9776
vn 0.1658 -0.5460 -0.8212
vn 0.0828 -0.4313 -0.8984
vn 0.3128 -0.7257 -0.6128
vn 0.4293 -0.8347 -0.3449
vn 0.5040 -0.8626 -0.0435
vn 0.5281 -0.8284 0.1868
vn 0.5281 -0.7800 0.3358
vn 0.5040 -0.6723 0.5422
vn 0.4293 -0.4726 0.7697
vn 0.3128 -0.2269 0.9223
vn 0.1658 0.0410 0.9853
vn 0.0828 0.1792 0.9803
vn 0.1405 -0.5593 -0.8170
vn 0.0702 -0.4380 -0.8962
vn 0.2651 -0.7510 -0.6047
vn 0.3532 -0.8035 -0.4793
vn 0.8508 0.5153 -0.1031
vn 0.8702 0.4710 -0.1448
vn 0.8702 0.4662 -0.1597
vn 0.8508 0.4774 -0.2195
vn 0.3532 -0.3683 0.8600
vn 0.2651 -0.2522 0.9306
vn 0.1405 0.0277 0.9897
vn 0.0702 0.1724 0.9825
vn 0.1063 -0.3173 -0.9423
vn 0.0781 -0.3155 -0.9457
vn 0.2233 -0.4825 -0.8469
vn -0.6945 0.0084 0.7194
vn -0.8773 0.2289 0.4219
vn -0.9850 0.1371 0.1049
vn -0.9850 0.0493 -0.1655
vn -0.8773 -0.0628 -0.4758
vn -0.6945 -0.4160 -0.5870
vn 0.2233 0.1074 0.9688
vn 0.1063 0.2972 0.9489
vn 0.0781 0.3007 0.9505
vn 0.1896 -0.0581 -0.9801
vn 0.0950 -0.1872 -0.9777
vn 0.2956 0.0528 -0.9538
vn 0.7651 -0.5665 0.3061
vn 0.7385 -0.6197 0.2657
vn 0.7630 -0.6123 0.2072
vn 0.7630 -0.6171 0.1923
vn 0.7385 -0.6575 0.1493
vn 0.7651 -0.6382 0.0853
vn 0.2956 0.6034 0.7406
vn 0.1896 0.5291 0.8271
vn 0.0950 0.4233 0.9010
vn 0.2055 -0.0706 -0.9761
vn 0.1031 -0.1934 -0.9757
vn 0.3887 0.1722 -0.9051
vn 0.5339 0.3981 -0.7460
vn 0.6270 0.5852 -0.5142
vn 0.6571 0.6888 -0.3062
vn 0.6571 0.7373 -0.1571
vn 0.6270 0.7757 0.0721
vn 0.5339 0.7606 0.3695
vn 0.3887 0.6713 0.6311
vn 0.2055 0.5166 0.8312
vn 0.1031 0.4170 0.9030
vn 0.2193 -0.0832 -0.9721
vn 0.1101 -0.1996 -0.9737
vn 0.4149 0.1487 -0.8976
vn 0.5700 0.3659 -0.7356
vn 0.6696 0.5474 -0.5020
vn 0.7017 0.6493 -0.2934
vn 0.7017 0.6977 -0.1443
vn 0.6696 0.7379 0.0844
vn 0.5700 0.7284 0.3801
vn 0.4149 0.6479 0.6388
vn 0.2193 0.5041 0.8353
vn 0.1101 0.4109 0.9050
vn 0.2309 -0.0951 -0.9683
vn 0.1160 -0.2055 -0.9718
vn 0.4371 0.1263 -0.8905
vn 0.6007 0.3353 -0.7258
vn 0.7056 0.5115 -0.4904
vn 0.7395 0.6117 -0.2812
vn 0.7395 0.6601 -0.1321
vn 0.7056 0.7021 0.0961
vn 0.6007 0.6979 0.3901
vn 0.4371 0.6256 0.6462
vn 0.2309 0.4922 0.8393
vn 0.1160 0.4050 0.9069
vn 0.2403 -0.1061 -0.9649
vn 0.1209 -0.2108 -0.9700
vn 0.4553 0.1058 -0.8840
vn 0.6258 0.3073 -0.7169
vn 0.7352 0.4788 -0.4799
vn 0.7705 0.5774 -0.2700
vn 0.7705 0.6259 -0.1209
vn 0.7352 0.6694 0.1068
vn 0.6258 0.6700 0.3993
vn 0.4553 0.6052 0.6530
vn 0.2403 0.4813 0.8429
vn 0.1209 0.3996 0.9087
vn 0.2478 -0.1156 -0.9619
vn 0.1248 -0.2155 -0.9685
vn 0.4698 0.0880 -0.8784
vn 0.6459 0.2829 -0.7091
vn 0.7589 0.4501 -0.4707
vn 0.7953 0.5475 -0.2603
vn 0.7953 0.5959 -0.1112
vn 0.7589 0.6408 0.1162
vn 0.6459 0.6457 0.4074
vn 0.4698 0.5875 0.6589
vn 0.2478 0.4719 0.8461
vn 0.1248 0.3949 0.9102
vn 0.2535 -0.1236 -0.9594
vn 0.1278 -0.2194 -0.9672
vn 0.4810 0.0730 -0.8737
vn 0.6614 0.2624 -0.7026
vn 0.7772 0.4262 -0.4630
vn 0.8145 0.5224 -0.2522
vn 0.8145 0.5709 -0.1030
vn 0.7772 0.6169 0.1240
vn 0.6614 0.6253 0.4142
vn 0.4810 0.5726 0.6639
vn 0.2535 0.4639 0.8488
vn 0.1278 0.3910 0.9115
vn 0.2577 -0.1300 -0.9574
vn 0.1301 -0.2226 -0.9662
vn 0.4893 0.0611 -0.8700
vn 0.6730 0.2462 -0.6975
vn 0.7908 0.4072 -0.4569
vn 0.8289 0.5025 -0.2457
vn 0.8289 0.5510 -0.0966
vn 0.7908 0.5980 0.1303
vn 0.6730 0.6092 0.4196
vn 0.4893 0.5608 0.6679
vn 0.2577 0.4576 0.8510
vn 0.1301 0.3879 0.9125
vn 0.2607 -0.1348 -0.9560
vn 0.1317 -0.2249 -0.9655
vn 0.4951 0.0522 -0.8673
vn 0.6811 0.2341 -0.6937
vn 0.8005 0.3931 -0.4524
vn 0.8391 0.4878 -0.2410
vn 0.8391 0.5362 -0.0918
vn 0.8005 0.5839 0.1350
vn 0.6811 0.5972 0.4236
vn 0.4951 0.5520 0.6709
vn 0.2607 0.4529 0.8526
vn 0.1317 0.3856 0.9132
vn 0.2625 -0.1380 -0.9550
vn 0.1327 -0.2264 -0.9649
vn 0.4989 0.0463 -0.8655
vn 0.6864 0.2260 -0.6912
vn 0.8068 0.3836 -0.4494
vn 0.8457 0.4779 -0.2377
vn 0.8457 0.5263 -0.0885
vn 0.8068 0.5745 0.1381
vn 0.6864 0.5891 0.4264
vn 0.4989 0.5461 0.6730
vn 0.2625 0.4497 0.8537
vn 0.1327 0.3840 0.9137
vn 0.2634 -0.1398 -0.9545
vn 0.1332 -0.2273 -0.9647
vn 0.5008 0.0430 -0.8645
vn 0.6892 0.2215 -0.6899
vn 0.8101 0.3784 -0.4478
vn 0.8492 0.4725 -0.2360
vn 0.8492 0.5210 -0.0868
vn 0.8101 0.5693 0.1399
vn 0.6892 0.5847 0.4279
vn 0.5008 0.5429 0.6742
vn 0.2634 0.4479 0.8544
vn 0.1332 0.3832 0.9140
vn 0.2627 -0.1397 -0.9547
vn 0.1331 -0.2271 -0.9647
vn 0.5000 0.0435 -0.8650
vn 0.6883 0.2224 -0.6905
vn 0.8093 0.3796 -0.4484
vn 0.8483 0.4738 -0.2364
vn 0.8483 0.5223 -0.0872
vn 0.8093 0.5706 0.1396
vn 0.6883 0.5858 0.4279
vn 0.5000 0.5436 0.6742
vn 0.2627 0.4481 0.8545
vn 0.1331 0.3834 0.9140
vn 0.2613 -0.1378 -0.9554
vn 0.1325 -0.2261 -0.9651
vn 0.4975 0.0472 -0.8662
vn 0.6849 0.2275 -0.6922
vn 0.8053 0.3856 -0.4503
vn 0.8442 0.4801 -0.2385
vn 0.8442 0.5286 -0.0892
vn 0.8053 0.5767 0.1377
vn 0.6849 0.5909 0.4262
vn 0.4975 0.5473 0.6730
vn 0.2613 0.4501 0.8539
vn 0.1325 0.3844 0.9136
vn 0.2598 -0.1356 -0.9561
vn 0.1317 -0.2249 -0.9654
vn 0.4946 0.0514 -0.8676
vn 0.6810 0.2334 -0.6941
vn 0.8007 0.3925 -0.4526
vn 0.8393 0.4874 -0.2409
vn 0.8393 0.5359 -0.0916
vn 0.8007 0.5836 0.1354
vn 0.6810 0.5968 0.4244
vn 0.4946 0.5516 0.6717
vn 0.2598 0.4523 0.8532
vn 0.1317 0.3855 0.9133
vn 0.2581 -0.1332 -0.9569
vn 0.1309 -0.2237 -0.9658
vn 0.4914 0.0560 -0.8691
vn 0.6766 0.2398 -0.6962
vn 0.7956 0.4000 -0.4551
vn 0.8340 0.4952 -0.2434
vn 0.8340 0.5437 -0.0942
vn 0.7956 0.5911 0.1330
vn 0.6766 0.6032 0.4223
vn 0.4914 0.5562 0.6702
vn 0.2581 0.4547 0.8524
vn 0.1309 0.3867 0.9129
vn 0.2564 -0.1307 -0.9577
vn 0.1300 -0.2224 -0.9662
vn 0.4882 0.0607 -0.8706
vn 0.6721 0.2462 -0.6983
vn 0.7903 0.4076 -0.4575
vn 0.8284 0.5032 -0.2460
vn 0.8284 0.5517 -0.0967
vn 0.7903 0.5987 0.1306
vn 0.6721 0.6096 0.4202
vn 0.4882 0.5609 0.6687
vn 0.2564 0.4572 0.8516
vn 0.1300 0.3880 0.9125
vn 0.2548 -0.1283 -0.9584
vn 0.1292 -0.2213 -0.9666
vn 0.4850 0.0652 -0.8721
vn 0.6678 0.2523 -0.7003
vn 0.7852 0.4148 -0.4598
vn 0.8231 0.5107 -0.2485
vn 0.8231 0.5592 -0.0992
vn 0.7852 0.6058 0.1282
vn 0.6678 0.6157 0.4182
vn 0.4850 0.5653 0.6672
vn 0.2548 0.4595 0.8508
vn 0.1292 0.3892 0.9121
vn 0.2534 -0.1263 -0.9591
vn 0.1284 -0.2202 -0.9670
vn 0.4823 0.0691 -0.8733
vn 0.6640 0.2577 -0.7020
vn 0.7806 0.4211 -0.4619
vn 0.8183 0.5173 -0.2506
vn 0.8183 0.5658 -0.1013
vn 0.7806 0.6121 0.1261
vn 0.6640 0.6211 0.4164
vn 0.4823 0.5692 0.6659
vn 0.2534 0.4616 0.8501
vn 0.1284 0.3902 0.9117
vn 0.2522 -0.1245 -0.9596
vn 0.4800 0.0723 -0.8743
vn 0.6608 0.2621 -0.7033
vn 0.7769 0.4262 -0.4635
vn 0.8144 0.5226 -0.2523
vn 0.8144 0.5711 -0.1031
vn 0.7769 0.6172 0.1245
vn 0.6608 0.6254 0.4150
vn 0.4800 0.5724 0.6648
vn 0.2522 0.4633 0.8496
vn 0.2513 -0.1233 -0.9600
vn 0.1273 -0.2188 -0.9674
vn 0.4783 0.0747 -0.8750
vn 0.6584 0.2653 -0.7044
vn 0.7740 0.4300 -0.4647
vn 0.8114 0.5266 -0.2536
vn 0.8114 0.5751 -0.1044
vn 0.7740 0.6210 0.1232
vn 0.6584 0.6287 0.4139
vn 0.4783 0.5748 0.6640
vn 0.2513 0.4646 0.8491
vn 0.1273 0.3917 0.9113
vn 0.2508 -0.1224 -0.9603
vn 0.1270 -0.2184 -0.9676
vn 0.4771 0.0763 -0.8755
vn 0.6568 0.2675 -0.7050
vn 0.7721 0.4326 -0.4655
vn 0.8094 0.5293 -0.2545
vn 0.8094 0.5778 -0.1052
vn 0.7721 0.6236 0.1223
vn 0.6568 0.6308 0.4131
vn 0.4771 0.5763 0.6635
vn 0.2508 0.4654 0.8488
vn 0.1270 0.3921 0.9111
vn 0.2505 -0.1219 -0.9604
vn 0.1268 -0.2181 -0.9676
vn 0.4765 0.0772 -0.8758
vn 0.6559 0.2688 -0.7054
vn 0.7710 0.4340 -0.4660
vn 0.8082 0.5308 -0.2550
vn 0.8082 0.5793 -0.1057
vn 0.7710 0.6250 0.1219
vn 0.6559 0.6321 0.4127
vn 0.4765 0.5772 0.6631
vn 0.2505 0.4659 0.8486
vn 0.1268 0.3923 0.9110
vn 0.2504 -0.1217 -0.9605
vn 0.1268 -0.2180 -0.9677
vn 0.4763 0.0776 -0.8759
vn 0.6555 0.2693 -0.7055
vn 0.7706 0.4346 -0.4661
vn 0.8078 0.5314 -0.2552
vn 0.8078 0.5799 -0.1059
vn 0.7706 0.6256 0.1217
vn 0.6555 0.6325 0.4125
vn 0.4763 0.5776 0.6630
vn 0.2504 0.4661 0.8486
vn 0.1268 0.3924 0.9110
vn 0.1788 -0.3896 -0.9035
vn 0.0640 -0.3393 -0.9385
vn 0.3370 -0.4497 -0.8272
vn 0.5399 -0.5081 -0.6711
vn 0.7731 -0.5290 -0.3500
vn 0.8800 -0.4748 -0.0066
vn 0.8800 -0.3803 0.2844
vn 0.7731 -0.2222 0.5941
vn 0.5399 -0.0166 0.8416
vn 0.3370 0.1223 0.9335
vn 0.1788 0.2159 0.9599
vn 0.0640 0.2771 0.9587
vn -0.1514 -0.5569 -0.8167
vn -0.0660 -0.4210 -0.9047
vn -0.2739 -0.7307 -0.6254
vn -0.3791 -0.8494 -0.3671
vn -0.4525 -0.8899 -0.0568
vn -0.4774 -0.8584 0.1876
vn -0.4774 -0.8048 0.3528
vn -0.4525 -0.6866 0.5690
vn -0.3791 -0.4714 0.7963
vn -0.2739 -0.2236 0.9354
vn -0.1514 0.0295 0.9880
vn -0.0660 0.1911 0.9793
vn -0.2583 -0.4542 -0.8526
vn -0.1310 -0.3865 -0.9129
vn -0.4919 -0.5554 -0.6705
vn -0.6773 -0.6021 -0.4228
vn -0.7964 -0.5898 -0.1335
vn -0.8349 -0.5424 0.0937
vn -0.8349 -0.4939 0.2430
vn -0.7964 -0.3987 0.4547
vn -0.6773 -0.2386 0.6959
vn -0.4919 -0.0552 0.8689
vn -0.2583 0.1337 0.9568
vn -0.1310 0.2239 0.9658
vn -0.2536 -0.4595 -0.8512
vn -0.1290 -0.3894 -0.9120
vn -0.4837 -0.5659 -0.6676
vn -0.6666 -0.6169 -0.4185
vn -0.7841 -0.6073 -0.1281
vn -0.8220 -0.5607 0.0996
vn -0.8220 -0.5122 0.2490
vn -0.7841 -0.4160 0.4606
vn -0.6666 -0.2531 0.7011
vn -0.4837 -0.0654 0.8728
vn -0.2536 0.1286 0.9587
vn -0.1290 0.2210 0.9667
vn -0.2466 -0.4682 -0.8485
vn -0.1256 -0.3939 -0.9105
vn -0.4708 -0.5827 -0.6624
vn -0.6490 -0.6401 -0.4112
vn -0.7635 -0.6347 -0.1194
vn -0.8005 -0.5894 0.1089
vn -0.8005 -0.5408 0.2583
vn -0.7635 -0.4433 0.4696
vn -0.6490 -0.2762 0.7089
vn -0.4708 -0.0820 0.8784
vn -0.2466 0.1200 0.9617
vn -0.1256 0.2166 0.9682
vn -0.2373 -0.4787 -0.8453
vn -0.1210 -0.3994 -0.9088
vn -0.4535 -0.6033 -0.6561
vn -0.6254 -0.6686 -0.4022
vn -0.7359 -0.6683 -0.1087
vn -0.7716 -0.6246 0.1203
vn -0.7716 -0.5760 0.2698
vn -0.7359 -0.4768 0.4807
vn -0.6254 -0.3045 0.7184
vn -0.4535 -0.1024 0.8853
vn -0.2373 0.1095 0.9652
vn -0.1210 0.2110 0.9700
vn -0.2247 -0.4915 -0.8414
vn -0.1149 -0.4061 -0.9066
vn -0.4301 -0.6282 -0.6484
vn -0.5935 -0.7032 -0.3914
vn -0.6986 -0.7091 -0.0957
vn -0.7325 -0.6674 0.1342
vn -0.7325 -0.6188 0.2837
vn -0.6986 -0.5174 0.4942
vn -0.5935 -0.3389 0.7300
vn -0.4301 -0.1271 0.8938
vn -0.2247 0.0969 0.9696
vn -0.1149 0.2044 0.9721
vn -0.2079 -0.5065 -0.8368
vn -0.1066 -0.4140 -0.9040
vn -0.3986 -0.6575 -0.6393
vn -0.5504 -0.7441 -0.3787
vn -0.6480 -0.7574 -0.0804
vn -0.6796 -0.7180 0.1505
vn -0.6796 -0.6693 0.3002
vn -0.6480 -0.5655 0.5102
vn -0.5504 -0.3794 0.7437
vn -0.3986 -0.1562 0.9037
vn -0.2079 0.0821 0.9747
vn -0.1066 0.1965 0.9747
vn -0.1858 -0.5233 -0.8316
vn -0.0955 -0.4229 -0.9012
vn -0.3568 -0.6905 -0.6292
vn -0.4930 -0.7901 -0.3644
vn -0.5807 -0.8117 -0.0631
vn -0.6091 -0.7749 0.1690
vn -0.6091 -0.7262 0.3188
vn -0.5807 -0.6196 0.5282
vn -0.4930 -0.4250 0.7592
vn -0.3568 -0.1888 0.9149
vn -0.1858 0.0654 0.9804
vn -0.0955 0.1876 0.9776
vn -0.1576 -0.5408 -0.8263
vn -0.0812 -0.4321 -0.8982
vn -0.3032 -0.7249 -0.6186
vn -0.4193 -0.8379 -0.3494
vn -0.4940 -0.8683 -0.0451
vn -0.5182 -0.8343 0.1882
vn -0.5182 -0.7856 0.3381
vn -0.4940 -0.6759 0.5469
vn -0.4193 -0.4725 0.7752
vn -0.3032 -0.2228 0.9265
vn -0.1576 0.0482 0.9863
vn -0.0812 0.1784 0.9806
vn -0.1241 -0.5570 -0.8212
vn -0.0640 -0.4407 -0.8954
vn -0.2389 -0.7566 -0.6086
vn -0.3305 -0.8822 -0.3354
vn -0.3896 -0.9206 -0.0284
vn -0.4087 -0.8891 0.2060
vn -0.4087 -0.8404 0.3560
vn -0.3896 -0.7280 0.5641
vn -0.3305 -0.5165 0.7899
vn -0.2389 -0.2544 0.9371
vn -0.1241 0.0320 0.9918
vn -0.0640 0.1698 0.9834
vn -0.0876 -0.5701 -0.8169
vn -0.0452 -0.4473 -0.8932
vn -0.1688 -0.7817 -0.6004
vn -0.2334 -0.9167 -0.3242
vn -0.2751 -0.9613 -0.0151
vn -0.2886 -0.9319 0.2199
vn -0.2886 -0.8831 0.3699
vn -0.2751 -0.7688 0.5773
vn -0.2334 -0.5511 0.8011
vn -0.1688 -0.2795 0.9452
vn -0.0876 0.0190 0.9960
vn -0.0452 0.1631 0.9856
vn -0.0525 -0.5788 -0.8138
vn -0.0270 -0.4515 -0.8918
vn -0.1008 -0.7976 -0.5947
vn -0.1394 -0.9383 -0.3166
vn -0.1642 -0.9864 -0.0066
vn -0.1723 -0.9582 0.2285
vn -0.1723 -0.9095 0.3784
vn -0.1642 -0.7941 0.5851
vn -0.1394 -0.5730 0.8076
vn -0.1008 -0.2957 0.9500
vn -0.0525 0.0101 0.9986
vn -0.0270 0.1589 0.9869
vn -0.0228 -0.5835 -0.8118
vn -0.0117 -0.4534 -0.8912
vn -0.0437 -0.8052 -0.5914
vn -0.0603 -0.9480 -0.3125
vn -0.0710 -0.9975 -0.0024
vn -0.0745 -0.9698 0.2324
vn -0.0745 -0.9211 0.3820
vn -0.0710 -0.8056 0.5882
vn -0.0603 -0.5833 0.8100
vn -0.0437 -0.3038 0.9517
vn -0.0228 0.0051 0.9997
vn -0.0117 0.1570 0.9875
vn -0.0049 -0.5865 -0.8099
vn -0.0025 -0.4540 -0.8910
vn -0.0094 -0.8082 -0.5889
vn -0.0130 -0.9506 -0.3100
vn -0.0152 -0.9999 -0.0006
vn -0.0160 -0.9723 0.2333
vn -0.0160 -0.9237 0.3827
vn -0.0152 -0.8086 0.5882
vn -0.0130 -0.5869 0.8096
vn -0.0094 -0.3077 0.9514
vn -0.0049 0.0016 1.0000
vn -0.0025 0.1565 0.9877
vn 0.0070 0.0020 -1.0000
vn 0.0035 -0.1565 -0.9877
vn 0.0133 0.3105 -0.9505
vn 0.0182 0.5886 -0.8082
vn 0.0214 0.8092 -0.5872
vn 0.0224 0.9237 -0.3825
vn 0.0224 0.9721 -0.2334
vn 0.0214 0.9998 -0.0005
vn 0.0182 0.9512 0.3079
vn 0.0133 0.8099 0.5865
vn 0.0070 0.5894 0.8078
vn 0.0035 0.4539 0.8910
vn -0.0068 -0.0022 -1.0000
vn -0.0287 -0.0064 -0.9996
vn -0.0147 -0.1573 -0.9874
vn -0.0035 -0.1565 -0.9877
vn -0.0130 0.3071 -0.9516
vn -0.0551 0.3021 -0.9517
vn -0.0179 0.5865 -0.8098
vn -0.0761 0.5815 -0.8100
vn -0.0211 0.8084 -0.5883
vn -0.0897 0.8039 -0.5880
vn -0.0221 0.9236 -0.3827
vn -0.0941 0.9195 -0.3816
vn -0.0221 0.9722 -0.2333
vn -0.0941 0.9682 -0.2318
vn -0.0211 0.9998 0.0008
vn -0.0897 0.9960 0.0032
vn -0.0179 0.9504 0.3104
vn -0.0761 0.9465 0.3135
vn -0.0130 0.8078 0.5894
vn -0.0551 0.8038 0.5923
vn -0.0068 0.5860 0.8103
vn -0.0287 0.5824 0.8124
vn -0.0035 0.4539 0.8910
vn -0.0147 0.4532 0.8913
vn -0.0612 -0.0119 -0.9981
vn -0.0315 -0.1597 -0.9867
vn -0.1177 0.2924 -0.9490
vn -0.1627 0.5686 -0.8064
vn -0.1917 0.7891 -0.5836
vn -0.2011 0.9043 -0.3767
vn -0.2011 0.9530 -0.2268
vn -0.1917 0.9814 0.0083
vn -0.1627 0.9340 0.3181
vn -0.1177 0.7944 0.5959
vn -0.0612 0.5770 0.8145
vn -0.0315 0.4507 0.8921
vn -0.0975 -0.0223 -0.9950
vn -0.0503 -0.1647 -0.9851
vn -0.1879 0.2733 -0.9434
vn -0.2600 0.5428 -0.7986
vn -0.3065 0.7591 -0.5743
vn -0.3215 0.8730 -0.3666
vn -0.3215 0.9218 -0.2166
vn -0.3065 0.9517 0.0184
vn -0.2600 0.9085 0.3270
vn -0.1879 0.7756 0.6026
vn -0.0975 0.5668 0.8181
vn -0.0503 0.4457 0.8937
vn -0.1366 -0.0390 -0.9899
vn -0.0707 -0.1729 -0.9824
vn -0.2635 0.2420 -0.9338
vn -0.3649 0.5001 -0.7853
vn -0.4303 0.7092 -0.5585
vn -0.4515 0.8209 -0.3498
vn -0.4515 0.8697 -0.1995
vn -0.4303 0.9020 0.0349
vn -0.3649 0.8662 0.3414
vn -0.2635 0.7447 0.6132
vn -0.1366 0.5503 0.8237
vn -0.0707 0.4375 0.8964
vn -0.1761 -0.0626 -0.9824
vn -0.0912 -0.1850 -0.9785
vn -0.3401 0.1969 -0.9195
vn -0.4712 0.4379 -0.7656
vn -0.5559 0.6362 -0.5350
vn -0.5833 0.7444 -0.3250
vn -0.5833 0.7933 -0.1747
vn -0.5559 0.8292 0.0589
vn -0.4712 0.8043 0.3620
vn -0.3401 0.6998 0.6282
vn -0.1761 0.5268 0.8316
vn -0.0912 0.4255 0.9003
vn -0.2131 -0.0930 -0.9726
vn -0.1105 -0.2006 -0.9734
vn -0.4119 0.1384 -0.9007
vn -0.5707 0.3570 -0.7395
vn -0.6733 0.5408 -0.5042
vn -0.7066 0.6444 -0.2925
vn -0.7066 0.6932 -0.1421
vn -0.6733 0.7338 0.0900
vn -0.5707 0.7234 0.3884
vn -0.4119 0.6413 0.6473
vn -0.2131 0.4964 0.8415
vn -0.1105 0.4098 0.9054
vn -0.2449 -0.1284 -0.9610
vn -0.1269 -0.2191 -0.9674
vn -0.4731 0.0698 -0.8782
vn -0.6555 0.2618 -0.7084
vn -0.7732 0.4284 -0.4676
vn -0.8114 0.5264 -0.2541
vn -0.8114 0.5753 -0.1038
vn -0.7732 0.6214 0.1264
vn -0.6555 0.6282 0.4192
vn -0.4731 0.5727 0.6695
vn -0.2449 0.4610 0.8530
vn -0.1269 0.3914 0.9114
vn -0.2696 -0.1663 -0.9485
vn -0.1395 -0.2388 -0.9610
vn -0.5202 -0.0036 -0.8540
vn -0.7204 0.1599 -0.6749
vn -0.8496 0.3081 -0.4282
vn -0.8914 0.4000 -0.2130
vn -0.8914 0.4488 -0.0628
vn -0.8496 0.5009 0.1653
vn -0.7204 0.5261 0.4520
vn -0.5202 0.4990 0.6930
vn -0.2696 0.4230 0.8651
vn -0.1395 0.3717 0.9178
vn -0.2868 -0.2038 -0.9360
vn -0.1481 -0.2584 -0.9546
vn -0.5527 -0.0763 -0.8299
vn -0.7648 0.0591 -0.6415
vn -0.9016 0.1889 -0.3891
vn -0.9459 0.2749 -0.1723
vn -0.9459 0.3236 -0.0222
vn -0.9016 0.3815 0.2037
vn -0.7648 0.4249 0.4843
vn -0.5527 0.4260 0.7162
vn -0.2868 0.3853 0.8771
vn -0.1481 0.3521 0.9242
vn -0.2975 -0.2390 -0.9243
vn -0.1532 -0.2767 -0.9487
vn -0.5723 -0.1443 -0.8072
vn -0.7914 -0.0352 -0.6103
vn -0.9326 0.0777 -0.3525
vn -0.9783 0.1580 -0.1342
vn -0.9783 0.2068 0.0157
vn -0.9326 0.2701 0.2395
vn -0.7914 0.3303 0.5144
vn -0.5723 0.3577 0.7379
vn -0.2975 0.3499 0.8883
vn -0.1532 0.3338 0.9301
vn -0.3029 -0.2708 -0.9137
vn -0.1557 -0.2931 -0.9433
vn -0.5819 -0.2055 -0.7868
vn -0.8042 -0.1199 -0.5822
vn -0.9473 -0.0222 -0.3197
vn -0.9936 0.0531 -0.1001
vn -0.9936 0.1018 0.0497
vn -0.9473 0.1699 0.2717
vn -0.8042 0.2453 0.5415
vn -0.5819 0.2962 0.7574
vn -0.3029 0.3180 0.8984
vn -0.1557 0.3174 0.9354
vn -0.3043 -0.2997 -0.9042
vn -0.1562 -0.3080 -0.9385
vn -0.5841 -0.2610 -0.7686
vn -0.8069 -0.1966 -0.5570
vn -0.9503 -0.1127 -0.2901
vn -0.9967 -0.0418 -0.0692
vn -0.9967 0.0068 0.0806
vn -0.9503 0.0794 0.3010
vn -0.8069 0.1683 0.5662
vn -0.5841 0.2406 0.7752
vn -0.3043 0.2890 0.9077
vn -0.1562 0.3025 0.9403
vn -0.3010 -0.3302 -0.8946
vn -0.1550 -0.3236 -0.9334
vn -0.5789 -0.3197 -0.7501
vn -0.8004 -0.2777 -0.5313
vn -0.9430 -0.2081 -0.2595
vn -0.9892 -0.1418 -0.0368
vn -0.9892 -0.0931 0.1131
vn -0.9430 -0.0158 0.3323
vn -0.8004 0.0876 0.5931
vn -0.5789 0.1822 0.7948
vn -0.3010 0.2587 0.9178
vn -0.1550 0.2868 0.9454
vn -0.2931 -0.3653 -0.8835
vn -0.1513 -0.3418 -0.9275
vn -0.5646 -0.3875 -0.7287
vn -0.7813 -0.3716 -0.5015
vn -0.9210 -0.3187 -0.2241
vn -0.9662 -0.2578 0.0008
vn -0.9662 -0.2090 0.1509
vn -0.9210 -0.1262 0.3686
vn -0.7813 -0.0058 0.6241
vn -0.5646 0.1148 0.8173
vn -0.2931 0.2238 0.9295
vn -0.1513 0.2687 0.9513
vn -0.2787 -0.4040 -0.8713
vn -0.1442 -0.3618 -0.9210
vn -0.5378 -0.4623 -0.7050
vn -0.7448 -0.4752 -0.4685
vn -0.8783 -0.4409 -0.1848
vn -0.9216 -0.3859 0.0423
vn -0.9216 -0.3371 0.1926
vn -0.8783 -0.2481 0.4087
vn -0.7448 -0.1091 0.6584
vn -0.5378 0.0404 0.8421
vn -0.2787 0.1853 0.9423
vn -0.1442 0.2487 0.9578
vn -0.2566 -0.4439 -0.8586
vn -0.1330 -0.3826 -0.9143
vn -0.4959 -0.5397 -0.6803
vn -0.6871 -0.5826 -0.4341
vn -0.8106 -0.5676 -0.1440
vn -0.8506 -0.5188 0.0855
vn -0.8506 -0.4700 0.2358
vn -0.8106 -0.3746 0.4501
vn -0.6871 -0.2161 0.6937
vn -0.4959 -0.0368 0.8676
vn -0.2566 0.1456 0.9555
vn -0.1330 0.2279 0.9645
vn -0.2270 -0.4820 -0.8463
vn -0.1178 -0.4024 -0.9079
vn -0.4389 -0.6135 -0.6565
vn -0.6083 -0.6849 -0.4011
vn -0.7177 -0.6884 -0.1049
vn -0.7532 -0.6455 0.1266
vn -0.7532 -0.5967 0.2770
vn -0.7177 -0.4953 0.4895
vn -0.6083 -0.3184 0.7270
vn -0.4389 -0.1104 0.8917
vn -0.2270 0.1075 0.9679
vn -0.1178 0.2081 0.9710
vn -0.1917 -0.5151 -0.8354
vn -0.0994 -0.4195 -0.9023
vn -0.3705 -0.6774 -0.6355
vn -0.5133 -0.7734 -0.3721
vn -0.6055 -0.7927 -0.0708
vn -0.6354 -0.7550 0.1622
vn -0.6354 -0.7061 0.3125
vn -0.6055 -0.5997 0.5232
vn -0.5133 -0.4069 0.7556
vn -0.3705 -0.1745 0.9123
vn -0.1917 0.0743 0.9786
vn -0.0994 0.1910 0.9766
vn -0.1537 -0.5414 -0.8266
vn -0.0795 -0.4329 -0.8979
vn -0.2965 -0.7274 -0.6188
vn -0.4106 -0.8423 -0.3492
vn -0.4842 -0.8739 -0.0441
vn -0.5080 -0.8401 0.1899
vn -0.5080 -0.7913 0.3402
vn -0.4842 -0.6810 0.5493
vn -0.4106 -0.4762 0.7776
vn -0.2965 -0.2248 0.9282
vn -0.1537 0.0479 0.9870
vn -0.0795 0.1776 0.9809
vn -0.1160 -0.5602 -0.8202
vn -0.0599 -0.4423 -0.8948
vn -0.2234 -0.7629 -0.6067
vn -0.3092 -0.8909 -0.3327
vn -0.3644 -0.9309 -0.0251
vn -0.3823 -0.9000 0.2095
vn -0.3823 -0.8512 0.3595
vn -0.3644 -0.7383 0.5675
vn -0.3092 -0.5252 0.7928
vn -0.2234 -0.2606 0.9392
vn -0.1160 0.0289 0.9928
vn -0.0599 0.1681 0.9839
vn -0.0811 -0.5726 -0.8159
vn -0.0417 -0.4484 -0.8929
vn -0.1559 -0.7857 -0.5986
vn -0.2155 -0.9219 -0.3220
vn -0.2539 -0.9672 -0.0129
vn -0.2663 -0.9380 0.2219
vn -0.2663 -0.8893 0.3718
vn -0.2539 -0.7749 0.5789
vn -0.2155 -0.5566 0.8024
vn -0.1559 -0.2838 0.9461
vn -0.0811 0.0163 0.9966
vn -0.0417 0.1621 0.9859
vn -0.0500 -0.5799 -0.8132
vn -0.0257 -0.4518 -0.8917
vn -0.0961 -0.7988 -0.5938
vn -0.1327 -0.9396 -0.3156
vn -0.1563 -0.9877 -0.0058
vn -0.1639 -0.9595 0.2290
vn -0.1639 -0.9109 0.3788
vn -0.1563 -0.7956 0.5853
vn -0.1327 -0.5746 0.8076
vn -0.0961 -0.2972 0.9500
vn -0.0500 0.0088 0.9987
vn -0.0257 0.1586 0.9870
vn -0.0233 -0.5836 -0.8117
vn -0.0119 -0.4534 -0.8912
vn -0.0446 -0.8052 -0.5913
vn -0.0615 -0.9480 -0.3124
vn -0.0724 -0.9974 -0.0023
vn -0.0760 -0.9697 0.2323
vn -0.0760 -0.9210 0.3820
vn -0.0724 -0.8055 0.5881
vn -0.0615 -0.5833 0.8099
vn -0.0446 -0.3039 0.9517
vn -0.0233 0.0049 0.9997
vn -0.0119 0.1570 0.9875
vn -0.0055 -0.5863 -0.8100
vn -0.0028 -0.4539 -0.8910
vn -0.0104 -0.8080 -0.5890
vn -0.0144 -0.9506 -0.3101
vn -0.0169 -0.9999 -0.0006
vn -0.0178 -0.9722 0.2333
vn -0.0178 -0.9237 0.3827
vn -0.0169 -0.8085 0.5882
vn -0.0144 -0.5868 0.8096
vn -0.0104 -0.3075 0.9515
vn -0.0055 0.0018 1.0000
vn -0.0028 0.1565 0.9877
vn 0.6319 -0.7397 -0.2314
vn -0.1679 -0.5414 -0.8239
vn -0.1183 -0.4760 -0.8714
vn -0.0715 -0.4118 -0.9085
vn -0.3036 -0.7037 -0.6423
vn -0.2622 -0.6571 -0.7067
vn -0.4237 -0.8175 -0.3902
vn -0.3972 -0.7959 -0.4569
vn -0.5100 -0.8567 -0.0775
vn -0.5013 -0.8567 -0.1213
vn -0.5398 -0.8238 0.1729
vn -0.5395 -0.8252 0.1671
vn -0.5398 -0.7681 0.3444
vn -0.5395 -0.7658 0.3499
vn -0.5100 -0.6475 0.5662
vn -0.5013 -0.6218 0.6017
vn -0.4237 -0.4320 0.7962
vn -0.3972 -0.3754 0.8375
vn -0.3036 -0.1918 0.9333
vn -0.2622 -0.1162 0.9580
vn -0.1679 0.0463 0.9847
vn -0.1183 0.1271 0.9848
vn -0.0715 0.2009 0.9770
vn 0.1190 -0.4732 -0.8729
vn 0.0722 -0.4104 -0.9090
vn 0.2647 -0.6525 -0.7101
vn 0.4020 -0.7907 -0.4617
vn 0.5088 -0.8517 -0.1257
vn 0.5482 -0.8200 0.1646
vn 0.5482 -0.7602 0.3488
vn 0.5088 -0.6151 0.6023
vn 0.4020 -0.3683 0.8383
vn 0.2647 -0.1105 0.9580
vn 0.1190 0.1302 0.9843
vn 0.0722 0.2023 0.9767
vn 0.1700 -0.5390 -0.8250
vn 0.3075 -0.6996 -0.6450
vn 0.4296 -0.8126 -0.3938
vn 0.5179 -0.8516 -0.0808
vn 0.5485 -0.8186 0.1706
vn 0.5485 -0.7625 0.3431
vn 0.5179 -0.6415 0.5659
vn 0.4296 -0.4260 0.7962
vn 0.3075 -0.1869 0.9330
vn 0.1700 0.0489 0.9842
vn -0.1953 -0.4231 -0.8848
vn -0.0726 -0.3534 -0.9327
vn -0.3630 -0.5062 -0.7823
vn -0.5568 -0.5798 -0.5948
vn -0.7478 -0.6068 -0.2696
vn -0.8274 -0.5598 0.0450
vn -0.8274 -0.4793 0.2927
vn -0.7478 -0.3324 0.5748
vn -0.5568 -0.1195 0.8220
vn -0.3630 0.0503 0.9304
vn -0.1953 0.1778 0.9645
vn -0.0726 0.2623 0.9623
vn -0.1701 -0.0490 -0.9842
vn -0.0722 -0.2024 -0.9766
vn -0.3076 0.1867 -0.9330
vn -0.4298 0.4258 -0.7962
vn -0.5182 0.6413 -0.5659
vn -0.5487 0.7624 -0.3431
vn -0.5487 0.8184 -0.1705
vn -0.5182 0.8514 0.0809
vn -0.4298 0.8125 0.3939
vn -0.3076 0.6995 0.6451
vn -0.1701 0.5389 0.8250
vn -0.0722 0.4103 0.9091
vn 0.1686 -0.0471 -0.9846
vn 0.0717 -0.2013 -0.9769
vn 0.3049 0.1902 -0.9332
vn 0.4256 0.4300 -0.7962
vn 0.5126 0.6456 -0.5661
vn 0.5426 0.7663 -0.3440
vn 0.5426 0.8221 -0.1721
vn 0.5126 0.8550 0.0786
vn 0.4256 0.8159 0.3913
vn 0.3049 0.7024 0.6432
vn 0.1686 0.5406 0.8242
vn 0.0717 0.4113 0.9087
vn 0.1945 -0.4208 -0.8860
vn 0.0721 -0.3524 -0.9331
vn 0.3619 -0.5024 -0.7853
vn 0.5566 -0.5751 -0.5996
vn 0.7501 -0.6017 -0.2745
vn 0.8312 -0.5543 0.0419
vn 0.8312 -0.4731 0.2920
vn 0.7501 -0.3254 0.5757
vn 0.5566 -0.1128 0.8231
vn 0.3619 0.0551 0.9306
vn 0.1945 0.1804 0.9642
vn 0.0721 0.2633 0.9620
vn -0.1007 -0.2446 -0.9644
vn 0.0011 -0.3842 -0.9233
vn 0.0009 -0.3677 -0.9299
vn -0.0721 -0.2634 -0.9620
vn -0.2616 -0.1321 -0.9561
vn 0.0030 -0.5124 -0.8587
vn -0.4580 0.0240 -0.8886
vn 0.0057 -0.6746 -0.7382
vn -0.6951 0.2564 -0.6716
vn 0.0098 -0.8978 -0.4403
vn -0.8288 0.4646 -0.3117
vn 0.0134 -0.9951 0.0977
vn -0.8288 0.5591 -0.0209
vn 0.0134 -0.8625 0.5059
vn -0.6951 0.6022 0.3926
vn 0.0098 -0.4676 0.8839
vn -0.4580 0.5417 0.7048
vn 0.0057 -0.1119 0.9937
vn -0.2616 0.4551 0.8511
vn 0.0030 0.0902 0.9959
vn -0.1007 0.3690 0.9240
vn 0.0011 0.2319 0.9727
vn -0.0721 0.3524 0.9331
vn 0.0009 0.2491 0.9685
vn 0.1026 -0.2414 -0.9650
vn 0.0729 -0.2614 -0.9625
vn 0.2649 -0.1244 -0.9562
vn 0.4614 0.0365 -0.8865
vn 0.6939 0.2713 -0.6670
vn 0.8218 0.4766 -0.3121
vn 0.8218 0.5691 -0.0277
vn 0.6939 0.6116 0.3801
vn 0.4614 0.5506 0.6957
vn 0.2649 0.4614 0.8467
vn 0.1026 0.3719 0.9226
vn 0.0729 0.3542 0.9323
vn 0.0094 0.0026 -1.0000
vn 0.0392 0.0032 -0.9992
vn 0.0195 -0.1579 -0.9873
vn 0.0047 -0.1566 -0.9877
vn 0.0178 0.3109 -0.9503
vn 0.0738 0.3086 -0.9483
vn 0.0245 0.5887 -0.8080
vn 0.1012 0.5840 -0.8054
vn 0.0287 0.8091 -0.5870
vn 0.1188 0.8028 -0.5844
vn 0.0301 0.9235 -0.3825
vn 0.1245 0.9165 -0.3802
vn 0.0301 0.9719 -0.2334
vn 0.1245 0.9649 -0.2311
vn 0.0287 0.9996 -0.0007
vn 0.1188 0.9929 0.0009
vn 0.0245 0.9512 0.3077
vn 0.1012 0.9459 0.3083
vn 0.0178 0.8101 0.5861
vn 0.0738 0.8071 0.5858
vn 0.0094 0.5899 0.8075
vn 0.0392 0.5899 0.8065
vn 0.0047 0.4539 0.8911
vn 0.0195 0.4525 0.8915
vn 0.0806 -0.0041 -0.9967
vn 0.0400 -0.1618 -0.9860
vn 0.1515 0.2945 -0.9436
vn 0.2077 0.5644 -0.7989
vn 0.2438 0.7797 -0.5768
vn 0.2554 0.8923 -0.3723
vn 0.2554 0.9407 -0.2232
vn 0.2438 0.9698 0.0084
vn 0.2077 0.9262 0.3146
vn 0.1515 0.7929 0.5903
vn 0.0806 0.5825 0.8088
vn 0.0400 0.4487 0.8928
vn 0.1226 -0.0176 -0.9923
vn 0.0608 -0.1685 -0.9838
vn 0.2304 0.2690 -0.9352
vn 0.3158 0.5293 -0.7875
vn 0.3706 0.7384 -0.5634
vn 0.3883 0.8490 -0.3583
vn 0.3883 0.8975 -0.2092
vn 0.3706 0.9285 0.0217
vn 0.3158 0.8911 0.3259
vn 0.2304 0.7673 0.5985
vn 0.1226 0.5690 0.8131
vn 0.0608 0.4419 0.8950
vn 0.1632 -0.0372 -0.9859
vn 0.0809 -0.1783 -0.9806
vn 0.3066 0.2320 -0.9232
vn 0.4202 0.4786 -0.7710
vn 0.4931 0.6789 -0.5440
vn 0.5167 0.7866 -0.3380
vn 0.5167 0.8351 -0.1889
vn 0.4931 0.8690 0.0411
vn 0.4202 0.8404 0.3424
vn 0.3066 0.7303 0.6105
vn 0.1632 0.5494 0.8195
vn 0.0809 0.4321 0.8982
vn 0.2003 -0.0624 -0.9778
vn 0.0993 -0.1907 -0.9766
vn 0.3763 0.1848 -0.9079
vn 0.5159 0.4140 -0.7500
vn 0.6054 0.6031 -0.5194
vn 0.6343 0.7072 -0.3122
vn 0.6343 0.7557 -0.1631
vn 0.6054 0.7932 0.0657
vn 0.5159 0.7758 0.3634
vn 0.3763 0.6831 0.6258
vn 0.2003 0.5243 0.8277
vn 0.0993 0.4197 0.9022
vn 0.2325 -0.0917 -0.9683
vn 0.1153 -0.2052 -0.9719
vn 0.4370 0.1298 -0.8901
vn 0.5990 0.3387 -0.7256
vn 0.7030 0.5147 -0.4907
vn 0.7366 0.6147 -0.2821
vn 0.7366 0.6631 -0.1330
vn 0.7030 0.7049 0.0945
vn 0.5990 0.7005 0.3879
vn 0.4370 0.6282 0.6438
vn 0.2325 0.4949 0.8373
vn 0.1153 0.4052 0.9069
vn 0.2589 -0.1238 -0.9579
vn 0.1286 -0.2210 -0.9668
vn 0.4870 0.0697 -0.8706
vn 0.6677 0.2564 -0.6989
vn 0.7837 0.4181 -0.4594
vn 0.8211 0.5135 -0.2493
vn 0.8211 0.5619 -0.1002
vn 0.7837 0.6083 0.1259
vn 0.6677 0.6182 0.4147
vn 0.4870 0.5681 0.6634
vn 0.2589 0.4629 0.8477
vn 0.1286 0.3894 0.9120
vn 0.2797 -0.1573 -0.9471
vn 0.1390 -0.2376 -0.9614
vn 0.5262 0.0069 -0.8503
vn 0.7216 0.1703 -0.6710
vn 0.8470 0.3172 -0.4266
vn 0.8875 0.4077 -0.2149
vn 0.8875 0.4562 -0.0658
vn 0.8470 0.5073 0.1587
vn 0.7216 0.5322 0.4428
vn 0.5262 0.5054 0.6839
vn 0.2797 0.4295 0.8587
vn 0.1390 0.3729 0.9174
vn 0.2950 -0.1912 -0.9362
vn 0.1467 -0.2544 -0.9559
vn 0.5554 -0.0570 -0.8297
vn 0.7617 0.0828 -0.6426
vn 0.8941 0.2145 -0.3933
vn 0.9368 0.3002 -0.1799
vn 0.9368 0.3486 -0.0309
vn 0.8941 0.4047 0.1921
vn 0.7617 0.4447 0.4713
vn 0.5554 0.4416 0.7047
vn 0.2950 0.3955 0.8698
vn 0.1467 0.3560 0.9229
vn 0.3055 -0.2253 -0.9252
vn 0.1520 -0.2713 -0.9504
vn 0.5753 -0.1210 -0.8089
vn 0.7891 -0.0050 -0.6142
vn 0.9263 0.1115 -0.3598
vn 0.9706 0.1923 -0.1449
vn 0.9706 0.2407 0.0042
vn 0.9263 0.3017 0.2256
vn 0.7891 0.3570 0.4998
vn 0.5753 0.3776 0.7255
vn 0.3055 0.3615 0.8809
vn 0.1520 0.3391 0.9284
vn 0.3117 -0.2593 -0.9141
vn 0.1552 -0.2882 -0.9449
vn 0.5870 -0.1850 -0.7882
vn 0.8052 -0.0927 -0.5857
vn 0.9452 0.0085 -0.3264
vn 0.9904 0.0843 -0.1098
vn 0.9904 0.1327 0.0393
vn 0.9452 0.1987 0.2591
vn 0.8052 0.2692 0.5284
vn 0.5870 0.3136 0.7464
vn 0.3117 0.3276 0.8919
vn 0.1552 0.3222 0.9339
vn 0.3140 -0.2945 -0.9026
vn 0.1561 -0.3058 -0.9392
vn 0.5911 -0.2514 -0.7665
vn 0.8106 -0.1838 -0.5560
vn 0.9515 -0.0985 -0.2916
vn 0.9969 -0.0278 -0.0734
vn 0.9969 0.0207 0.0757
vn 0.9515 0.0917 0.2938
vn 0.8106 0.1781 0.5579
vn 0.5911 0.2472 0.7678
vn 0.3140 0.2923 0.9033
vn 0.1561 0.3047 0.9396
vn 0.3116 -0.3320 -0.8903
vn 0.1548 -0.3244 -0.9332
vn 0.5862 -0.3218 -0.7435
vn 0.8039 -0.2805 -0.5245
vn 0.9435 -0.2119 -0.2547
vn 0.9886 -0.1467 -0.0347
vn 0.9886 -0.0982 0.1143
vn 0.9435 -0.0218 0.3306
vn 0.8039 0.0814 0.5892
vn 0.5862 0.1766 0.7906
vn 0.3116 0.2548 0.9154
vn 0.1548 0.2861 0.9456
vn 0.3038 -0.3697 -0.8781
vn 0.1509 -0.3432 -0.9271
vn 0.5716 -0.3929 -0.7204
vn 0.7838 -0.3779 -0.4929
vn 0.9199 -0.3263 -0.2175
vn 0.9638 -0.2664 0.0042
vn 0.9638 -0.2180 0.1532
vn 0.9199 -0.1361 0.3677
vn 0.7838 -0.0160 0.6209
vn 0.5716 0.1056 0.8137
vn 0.3038 0.2170 0.9277
vn 0.1509 0.2673 0.9517
vn 0.2910 -0.4061 -0.8663
vn 0.1446 -0.3612 -0.9212
vn 0.5475 -0.4613 -0.6981
vn 0.7508 -0.4718 -0.4624
vn 0.8812 -0.4365 -0.1817
vn 0.9233 -0.3819 0.0417
vn 0.9233 -0.3335 0.1908
vn 0.8812 -0.2463 0.4036
vn 0.7508 -0.1099 0.6514
vn 0.5475 0.0371 0.8360
vn 0.2910 0.1806 0.9395
vn 0.1446 0.2492 0.9576
vn 0.2734 -0.4408 -0.8550
vn 0.1358 -0.3785 -0.9156
vn 0.5143 -0.5266 -0.6769
vn 0.7052 -0.5612 -0.4333
vn 0.8277 -0.5415 -0.1476
vn 0.8672 -0.4919 0.0774
vn 0.8672 -0.4435 0.2265
vn 0.8277 -0.3513 0.4377
vn 0.7052 -0.1994 0.6804
vn 0.5143 -0.0281 0.8572
vn 0.2734 0.1459 0.9508
vn 0.1358 0.2320 0.9632
vn 0.2510 -0.4733 -0.8444
vn 0.1246 -0.3946 -0.9104
vn 0.4721 -0.5878 -0.6570
vn 0.6473 -0.6451 -0.4060
vn 0.7597 -0.6399 -0.1156
vn 0.7960 -0.5950 0.1109
vn 0.7960 -0.5466 0.2600
vn 0.7597 -0.4497 0.4696
vn 0.6473 -0.2833 0.7077
vn 0.4721 -0.0893 0.8770
vn 0.2510 0.1134 0.9613
vn 0.1246 0.2158 0.9684
vn 0.2240 -0.5032 -0.8347
vn 0.1112 -0.4094 -0.9055
vn 0.4212 -0.6439 -0.6388
vn 0.5775 -0.7220 -0.3810
vn 0.6778 -0.7301 -0.0863
vn 0.7102 -0.6896 0.1417
vn 0.7102 -0.6412 0.2907
vn 0.6778 -0.5400 0.4990
vn 0.5775 -0.3602 0.7326
vn 0.4212 -0.1454 0.8952
vn 0.2240 0.0835 0.9710
vn 0.1112 0.2010 0.9733
vn 0.1926 -0.5297 -0.8260
vn 0.0956 -0.4226 -0.9013
vn 0.3623 -0.6937 -0.6226
vn 0.4967 -0.7903 -0.3588
vn 0.5829 -0.8103 -0.0602
vn 0.6108 -0.7736 0.1689
vn 0.6108 -0.7251 0.3180
vn 0.5829 -0.6201 0.5250
vn 0.4967 -0.4285 0.7548
vn 0.3623 -0.1953 0.9114
vn 0.1926 0.0570 0.9796
vn 0.0956 0.1879 0.9775
vn 0.1575 -0.5522 -0.8187
vn 0.0782 -0.4337 -0.8977
vn 0.2963 -0.7359 -0.6088
vn 0.4062 -0.8482 -0.3400
vn 0.4767 -0.8782 -0.0381
vn 0.4995 -0.8448 0.1921
vn 0.4995 -0.7963 0.3411
vn 0.4767 -0.6881 0.5471
vn 0.4062 -0.4864 0.7736
vn 0.2963 -0.2375 0.9251
vn 0.1575 0.0345 0.9869
vn 0.0782 0.1768 0.9811
vn 0.1195 -0.5699 -0.8129
vn 0.0593 -0.4425 -0.8948
vn 0.2248 -0.7693 -0.5980
vn 0.3082 -0.8940 -0.3251
vn 0.3617 -0.9320 -0.0207
vn 0.3790 -0.9012 0.2104
vn 0.3790 -0.8527 0.3595
vn 0.3617 -0.7419 0.5646
vn 0.3082 -0.5322 0.7885
vn 0.2248 -0.2709 0.9360
vn 0.1195 0.0168 0.9927
vn 0.0593 0.1679 0.9840
vn 0.0798 -0.5825 -0.8089
vn 0.0396 -0.4488 -0.8927
vn 0.1500 -0.7931 -0.5903
vn 0.2057 -0.9267 -0.3145
vn 0.2414 -0.9704 -0.0082
vn 0.2529 -0.9413 0.2235
vn 0.2529 -0.8929 0.3725
vn 0.2414 -0.7802 0.5770
vn 0.2057 -0.5649 0.7991
vn 0.1500 -0.2947 0.9437
vn 0.0798 0.0042 0.9968
vn 0.0396 0.1616 0.9861
vn 0.0395 -0.5898 -0.8066
vn 0.0196 -0.4525 -0.8915
vn 0.0743 -0.8070 -0.5858
vn 0.1019 -0.9458 -0.3083
vn 0.1196 -0.9928 -0.0010
vn 0.1254 -0.9648 0.2311
vn 0.1254 -0.9164 0.3802
vn 0.1196 -0.8026 0.5843
vn 0.1019 -0.5839 0.8054
vn 0.0743 -0.3086 0.9483
vn 0.0395 -0.0031 0.9992
vn 0.0196 0.1579 0.9873
vn 0.0096 -0.5899 -0.8074
vn 0.0048 -0.4539 -0.8911
vn 0.0182 -0.8101 -0.5860
vn 0.0250 -0.9512 -0.3076
vn 0.0294 -0.9996 0.0007
vn 0.0308 -0.9719 0.2334
vn 0.0308 -0.9235 0.3825
vn 0.0294 -0.8091 0.5870
vn 0.0250 -0.5887 0.8080
vn 0.0182 -0.3109 0.9503
vn 0.0096 -0.0026 1.0000
vn 0.0048 0.1566 0.9877
vn -0.0099 -0.0034 -0.9999
vn -0.0410 -0.0101 -0.9991
vn -0.0212 -0.1582 -0.9872
vn -0.0051 -0.1566 -0.9877
vn -0.0190 0.3060 -0.9518
vn -0.0790 0.2973 -0.9515
vn -0.0262 0.5856 -0.8101
vn -0.1093 0.5763 -0.8099
vn -0.0308 0.8079 -0.5886
vn -0.1289 0.7989 -0.5874
vn -0.0323 0.9233 -0.3827
vn -0.1353 0.9149 -0.3803
vn -0.0323 0.9719 -0.2331
vn -0.1353 0.9637 -0.2301
vn -0.0308 0.9995 0.0013
vn -0.1289 0.9916 0.0056
vn -0.0262 0.9500 0.3112
vn -0.1093 0.9423 0.3164
vn -0.0190 0.8070 0.5902
vn -0.0790 0.7998 0.5950
vn -0.0099 0.5850 0.8110
vn -0.0410 0.5791 0.8142
vn -0.0051 0.4538 0.8911
vn -0.0212 0.4523 0.8916
vn -0.0847 -0.0198 -0.9962
vn -0.0439 -0.1629 -0.9857
vn -0.1636 0.2794 -0.9461
vn -0.2266 0.5520 -0.8025
vn -0.2673 0.7706 -0.5786
vn -0.2804 0.8854 -0.3707
vn -0.2804 0.9342 -0.2205
vn -0.2673 0.9635 0.0151
vn -0.2266 0.9183 0.3247
vn -0.1636 0.7822 0.6012
vn -0.0847 0.5696 0.8176
vn -0.0439 0.4476 0.8932
vn -0.1292 -0.0364 -0.9909
vn -0.0670 -0.1713 -0.9829
vn -0.2497 0.2477 -0.9361
vn -0.3460 0.5084 -0.7886
vn -0.4082 0.7193 -0.5621
vn -0.4283 0.8317 -0.3533
vn -0.4283 0.8805 -0.2030
vn -0.4082 0.9123 0.0319
vn -0.3460 0.8748 0.3391
vn -0.2497 0.7506 0.6117
vn -0.1292 0.5530 0.8231
vn -0.0670 0.4391 0.8959
vn -0.1714 -0.0596 -0.9834
vn -0.0889 -0.1834 -0.9790
vn -0.3313 0.2028 -0.9215
vn -0.4590 0.4461 -0.7683
vn -0.5414 0.6459 -0.5382
vn -0.5681 0.7546 -0.3283
vn -0.5681 0.8035 -0.1780
vn -0.5414 0.8389 0.0558
vn -0.4590 0.8125 0.3594
vn -0.3313 0.7057 0.6263
vn -0.1714 0.5298 0.8306
vn -0.0889 0.4271 0.8998
vn -0.2086 -0.0879 -0.9740
vn -0.1080 -0.1982 -0.9742
vn -0.4027 0.1477 -0.9033
vn -0.5577 0.3697 -0.7432
vn -0.6578 0.5555 -0.5087
vn -0.6902 0.6597 -0.2974
vn -0.6902 0.7085 -0.1471
vn -0.6578 0.7484 0.0850
vn -0.5577 0.7359 0.3840
vn -0.4027 0.6505 0.6440
vn -0.2086 0.5014 0.8397
vn -0.1080 0.4123 0.9046
vn -0.2390 -0.1191 -0.9637
vn -0.1235 -0.2145 -0.9689
vn -0.4608 0.0872 -0.8832
vn -0.6378 0.2855 -0.7153
vn -0.7520 0.4560 -0.4760
vn -0.7890 0.5551 -0.2634
vn -0.7890 0.6039 -0.1132
vn -0.7520 0.6487 0.1171
vn -0.6378 0.6514 0.4109
vn -0.4608 0.5897 0.6633
vn -0.2390 0.4701 0.8496
vn -0.1235 0.3959 0.9099
vn -0.2623 -0.1509 -0.9531
vn -0.1353 -0.2311 -0.9635
vn -0.5051 0.0254 -0.8627
vn -0.6987 0.1998 -0.6869
vn -0.8235 0.3547 -0.4427
vn -0.8639 0.4487 -0.2287
vn -0.8639 0.4974 -0.0787
vn -0.8235 0.5471 0.1497
vn -0.6987 0.5654 0.4383
vn -0.5051 0.5277 0.6830
vn -0.2623 0.4381 0.8598
vn -0.1353 0.3793 0.9153
vn -0.2793 -0.1818 -0.9428
vn -0.1438 -0.2472 -0.9582
vn -0.5371 -0.0344 -0.8428
vn -0.7426 0.1168 -0.6595
vn -0.8750 0.2567 -0.4105
vn -0.9178 0.3457 -0.1952
vn -0.9178 0.3944 -0.0453
vn -0.8750 0.4490 0.1813
vn -0.7426 0.4821 0.4649
vn -0.5371 0.4676 0.7020
vn -0.2793 0.4071 0.8696
vn -0.1438 0.3632 0.9205
vn -0.2911 -0.2112 -0.9331
vn -0.1496 -0.2624 -0.9533
vn -0.5592 -0.0910 -0.8240
vn -0.7727 0.0384 -0.6336
vn -0.9102 0.1642 -0.3802
vn -0.9547 0.2486 -0.1636
vn -0.9547 0.2973 -0.0138
vn -0.9102 0.3563 0.2111
vn -0.7727 0.4035 0.4900
vn -0.5592 0.4107 0.7201
vn -0.2911 0.3776 0.8790
vn -0.1496 0.3480 0.9255
vn -0.2988 -0.2390 -0.9239
vn -0.1534 -0.2768 -0.9486
vn -0.5734 -0.1446 -0.8064
vn -0.7922 -0.0358 -0.6093
vn -0.9330 0.0768 -0.3517
vn -0.9785 0.1569 -0.1338
vn -0.9785 0.2055 0.0160
vn -0.9330 0.2688 0.2394
vn -0.7922 0.3292 0.5139
vn -0.5734 0.3570 0.7374
vn -0.2988 0.3497 0.8880
vn -0.1534 0.3336 0.9301
vn -0.3030 -0.2663 -0.9150
vn -0.1555 -0.2908 -0.9441
vn -0.5815 -0.1969 -0.7893
vn -0.8033 -0.1080 -0.5857
vn -0.9460 -0.0083 -0.3240
vn -0.9922 0.0676 -0.1047
vn -0.9922 0.1163 0.0450
vn -0.9460 0.1837 0.2670
vn -0.8033 0.2569 0.5373
vn -0.5815 0.3047 0.7543
vn -0.3030 0.3224 0.8968
vn -0.1555 0.3196 0.9347
vn -0.3040 -0.2950 -0.9059
vn -0.1562 -0.3055 -0.9393
vn -0.5839 -0.2520 -0.7717
vn -0.8068 -0.1841 -0.5614
vn -0.9504 -0.0979 -0.2951
vn -0.9969 -0.0262 -0.0743
vn -0.9969 0.0225 0.0755
vn -0.9504 0.0943 0.2963
vn -0.8068 0.1810 0.5623
vn -0.5839 0.2498 0.7725
vn -0.3040 0.2938 0.9062
vn -0.1562 0.3049 0.9395
vn -0.3016 -0.3263 -0.8958
vn -0.1552 -0.3216 -0.9340
vn -0.5799 -0.3123 -0.7525
vn -0.8017 -0.2674 -0.5346
vn -0.9445 -0.1960 -0.2634
vn -0.9908 -0.1291 -0.0409
vn -0.9908 -0.0804 0.1090
vn -0.9445 -0.0038 0.3284
vn -0.8017 0.0979 0.5897
vn -0.5799 0.1896 0.7923
vn -0.3016 0.2625 0.9166
vn -0.1552 0.2888 0.9447
vn -0.2951 -0.3598 -0.8851
vn -0.1521 -0.3389 -0.9285
vn -0.5679 -0.3768 -0.7318
vn -0.7854 -0.3566 -0.5060
vn -0.9256 -0.3011 -0.2295
vn -0.9709 -0.2393 -0.0051
vn -0.9709 -0.1906 0.1448
vn -0.9256 -0.1087 0.3627
vn -0.7854 0.0089 0.6189
vn -0.5679 0.1253 0.8135
vn -0.2951 0.2292 0.9276
vn -0.1521 0.2716 0.9503
vn -0.2836 -0.3946 -0.8740
vn -0.1464 -0.3569 -0.9226
vn -0.5463 -0.4440 -0.7103
vn -0.7558 -0.4496 -0.4761
vn -0.8909 -0.4107 -0.1941
vn -0.9346 -0.3542 0.0322
vn -0.9346 -0.3055 0.1822
vn -0.8909 -0.2182 0.3984
vn -0.7558 -0.0839 0.6494
vn -0.5463 0.0583 0.8356
vn -0.2836 0.1944 0.9390
vn -0.1464 0.2536 0.9562
vn -0.2664 -0.4299 -0.8626
vn -0.1377 -0.3752 -0.9167
vn -0.5136 -0.5122 -0.6884
vn -0.7109 -0.5441 -0.4457
vn -0.8381 -0.5221 -0.1581
vn -0.8793 -0.4711 0.0701
vn -0.8793 -0.4223 0.2202
vn -0.8381 -0.3294 0.4348
vn -0.7109 -0.1782 0.6804
vn -0.5136 -0.0097 0.8580
vn -0.2664 0.1592 0.9506
vn -0.1377 0.2353 0.9621
vn -0.2432 -0.4644 -0.8516
vn -0.1258 -0.3930 -0.9109
vn -0.4692 -0.5788 -0.6670
vn -0.6496 -0.6364 -0.4159
vn -0.7660 -0.6310 -0.1229
vn -0.8037 -0.5854 0.1072
vn -0.8037 -0.5366 0.2574
vn -0.7660 -0.4383 0.4703
vn -0.6496 -0.2704 0.7106
vn -0.4692 -0.0762 0.8798
vn -0.2432 0.1248 0.9619
vn -0.1258 0.2174 0.9679
vn -0.2143 -0.4964 -0.8412
vn -0.1109 -0.4096 -0.9055
vn -0.4135 -0.6407 -0.6470
vn -0.5725 -0.7222 -0.3882
vn -0.6751 -0.7322 -0.0901
vn -0.7084 -0.6915 0.1416
vn -0.7084 -0.6427 0.2919
vn -0.6751 -0.5394 0.5033
vn -0.5725 -0.3561 0.7385
vn -0.4135 -0.1381 0.9000
vn -0.2143 0.0928 0.9724
vn -0.1109 0.2008 0.9733
vn -0.1805 -0.5244 -0.8321
vn -0.0934 -0.4241 -0.9008
vn -0.3483 -0.6946 -0.6294
vn -0.4823 -0.7969 -0.3639
vn -0.5687 -0.8202 -0.0615
vn -0.5967 -0.7839 0.1717
vn -0.5967 -0.7351 0.3219
vn -0.5687 -0.6274 0.5319
vn -0.4823 -0.4308 0.7628
vn -0.3483 -0.1920 0.9175
vn -0.1805 0.0649 0.9814
vn -0.0934 0.1864 0.9780
vn -0.1437 -0.5471 -0.8246
vn -0.0743 -0.4358 -0.8970
vn -0.2770 -0.7382 -0.6151
vn -0.3835 -0.8570 -0.3442
vn -0.4521 -0.8911 -0.0383
vn -0.4744 -0.8582 0.1959
vn -0.4744 -0.8095 0.3460
vn -0.4521 -0.6984 0.5548
vn -0.3835 -0.4911 0.7822
vn -0.2770 -0.2357 0.9315
vn -0.1436 0.0421 0.9887
vn -0.0743 0.1747 0.9818
vn -0.1056 -0.5640 -0.8190
vn -0.0545 -0.4443 -0.8942
vn -0.2034 -0.7703 -0.6044
vn -0.2815 -0.9012 -0.3295
vn -0.3318 -0.9431 -0.0212
vn -0.3481 -0.9128 0.2136
vn -0.3481 -0.8640 0.3637
vn -0.3318 -0.7505 0.5715
vn -0.2815 -0.5355 0.7963
vn -0.2034 -0.2680 0.9417
vn -0.1056 0.0251 0.9941
vn -0.0545 0.1661 0.9846
vn -0.0681 -0.5752 -0.8152
vn -0.0351 -0.4499 -0.8924
vn -0.1312 -0.7913 -0.5972
vn -0.1814 -0.9300 -0.3197
vn -0.2138 -0.9768 -0.0100
vn -0.2243 -0.9482 0.2252
vn -0.2243 -0.8994 0.3752
vn -0.2138 -0.7844 0.5823
vn -0.1814 -0.5644 0.8053
vn -0.1312 -0.2892 0.9482
vn -0.0681 0.0138 0.9976
vn -0.0351 0.1605 0.9864
vn -0.0328 -0.5814 -0.8130
vn -0.0169 -0.4529 -0.8914
vn -0.0630 -0.8027 -0.5931
vn -0.0871 -0.9453 -0.3143
vn -0.1026 -0.9947 -0.0039
vn -0.1077 -0.9669 0.2313
vn -0.1077 -0.9182 0.3812
vn -0.1026 -0.8024 0.5878
vn -0.0871 -0.5800 0.8099
vn -0.0630 -0.3007 0.9516
vn -0.0328 0.0075 0.9994
vn -0.0169 0.1575 0.9874
vn -0.0079 -0.5856 -0.8105
vn -0.0040 -0.4539 -0.8910
vn -0.0152 -0.8075 -0.5897
vn -0.0209 -0.9503 -0.3107
vn -0.0246 -0.9997 -0.0010
vn -0.0258 -0.9721 0.2332
vn -0.0258 -0.9235 0.3827
vn -0.0246 -0.8082 0.5884
vn -0.0209 -0.5862 0.8099
vn -0.0152 -0.3067 0.9517
vn -0.0079 0.0026 1.0000
vn -0.0040 0.1565 0.9877
vt 0.490566 0.000000
vt 0.471698 0.000000
vt 1.000000 0.000000
vt 0.981132 0.000000
vt 0.433962 0.000000
vt 0.528302 0.000000
vt 0.452830 0.000000
vt 0.924528 0.000000
vt 0.018868 0.000000
vt 0.943396 0.000000
vt 0.000000 0.000000
vt 0.509434 0.000000
vt 0.962264 0.000000
vt 0.547170 0.000000
vt 0.415094 0.000000
vt 0.396226 0.000000
vt 0.566038 0.000000
vt 0.377358 0.000000
vt 0.584906 0.000000
vt 0.867925 0.000000
vt 0.075472 0.000000
vt 0.886792 0.000000
vt 0.056604 0.000000
vt 0.905660 0.000000
vt 0.037736 0.000000
vt 0.226415 0.000000
vt 0.207547 0.000000
vt 0.735849 0.000000
vt 0.339623 0.000000
vt 0.320755 0.000000
vt 0.622642 0.000000
vt 0.641509 0.000000
vt 0.301887 0.000000
vt 0.660377 0.000000
vt 0.283019 0.000000
vt 0.679245 0.000000
vt 0.264151 0.000000
vt 0.698113 0.000000
vt 0.245283 0.000000
vt 0.716981 0.000000
vt 0.754717 0.000000
vt 0.188679 0.000000
vt 0.773585 0.000000
vt 0.169811 0.000000
vt 0.792453 0.000000
vt 0.150943 0.000000
vt 0.811321 0.000000
vt 0.132075 0.000000
vt 0.830189 0.000000
vt 0.113208 0.000000
vt 0.358491 0.000000
vt 0.603774 0.000000
vt 0.849057 0.000000
vt 0.094340 0.000000
vt 0.600000 0.000000
vt 0.400000 0.000000
vt 0.200000 0.000000
vt 0.800000 0.000000
vt 0.300000 0.000000
vt 0.500000 0.000000
vt 0.900000 0.000000
vt 0.100000 0.000000
vt 0.700000 0.000000
vt 0.677419 0.000000
vt 0.666667 0.000000
vt 0.688172 0.000000
vt 0.698925 0.000000
vt 0.634409 0.000000
vt 0.720430 0.000000
vt 0.645161 0.000000
vt 0.655914 0.000000
vt 0.989247 0.000000
vt 0.612903 0.000000
vt 0.731183 0.000000
vt 0.623656 0.000000
vt 0.602151 0.000000
vt 0.741935 0.000000
vt 0.956989 0.000000
vt 0.967742 0.000000
vt 0.709677 0.000000
vt 0.978495 0.000000
vt 0.774194 0.000000
vt 0.763441 0.000000
vt 0.247312 0.000000
vt 0.935484 0.000000
vt 0.924731 0.000000
vt 0.032258 0.000000
vt 0.021505 0.000000
vt 0.580645 0.000000
vt 0.591398 0.000000
vt 0.752688 0.000000
vt 0.946237 0.000000
vt 0.010753 0.000000
vt 0.322581 0.000000
vt 0.311828 0.000000
vt 0.537634 0.000000
vt 0.505376 0.000000
vt 0.494624 0.000000
vt 0.516129 0.000000
vt 0.483871 0.000000
vt 0.473118 0.000000
vt 0.462366 0.000000
vt 0.451613 0.000000
vt 0.440860 0.000000
vt 0.430108 0.000000
vt 0.419355 0.000000
vt 0.408602 0.000000
vt 0.397849 0.000000
vt 0.387097 0.000000
vt 0.526882 0.000000
vt 0.376344 0.000000
vt 0.365591 0.000000
vt 0.354839 0.000000
vt 0.344086 0.000000
vt 0.333333 0.000000
vt 0.118280 0.000000
vt 0.107527 0.000000
vt 0.849462 0.000000
vt 0.548387 0.000000
vt 0.301075 0.000000
vt 0.290323 0.000000
vt 0.559140 0.000000
vt 0.279570 0.000000
vt 0.268817 0.000000
vt 0.569892 0.000000
vt 0.258065 0.000000
vt 0.236559 0.000000
vt 0.225806 0.000000
vt 0.784946 0.000000
vt 0.215054 0.000000
vt 0.204301 0.000000
vt 0.795699 0.000000
vt 0.193548 0.000000
vt 0.806452 0.000000
vt 0.182796 0.000000
vt 0.172043 0.000000
vt 0.817204 0.000000
vt 0.161290 0.000000
vt 0.150538 0.000000
vt 0.827957 0.000000
vt 0.139785 0.000000
vt 0.838710 0.000000
vt 0.129032 0.000000
vt 0.860215 0.000000
vt 0.096774 0.000000
vt 0.870968 0.000000
vt 0.086022 0.000000
vt 0.881720 0.000000
vt 0.075269 0.000000
vt 0.892473 0.000000
vt 0.064516 0.000000
vt 0.903226 0.000000
vt 0.053763 0.000000
vt 0.913979 0.000000
vt 0.043011 0.000000
vt 0.727273 0.000000
vt 0.454545 0.000000
vt 0.363636 0.000000
vt 0.818182 0.000000
vt 0.090909 0.000000
vt 0.636364 0.000000
vt 0.545455 0.000000
vt 0.272727 0.000000
vt 0.181818 0.000000
vt 0.909091 0.000000
vt 0.642857 0.000000
vt 0.571429 0.000000
vt 0.428571 0.000000
vt 0.714286 0.000000
vt 0.357143 0.000000
vt 0.785714 0.000000
vt 0.214286 0.000000
vt 0.142857 0.000000
vt 0.928571 0.000000
vt 0.071429 0.000000
vt 0.857143 0.000000
vt 0.285714 0.000000
vt 0.000000 0.090909
vt 0.083333 0.090909
vt 0.083333 0.000000
vt 0.000000 0.181818
vt 0.083333 0.181818
vt 0.000000 0.272727
vt 0.083333 0.272727
vt 0.000000 0.363636
vt 0.083333 0.363636
vt 0.000000 0.454545
vt 0.083333 0.454545
vt 0.000000 0.545455
vt 0.083333 0.545455
vt 0.000000 0.636364
vt 0.083333 0.636364
vt 0.000000 0.727273
vt 0.083333 0.727273
vt 0.000000 0.818182
vt 0.083333 0.818182
vt 0.000000 0.909091
vt 0.083333 0.909091
vt 0.000000 1.000000
vt 0.083333 1.000000
vt 0.166667 0.090909
vt 0.166667 0.000000
vt 0.166667 0.181818
vt 0.166667 0.272727
vt 0.166667 0.363636
vt 0.166667 0.454545
vt 0.166667 0.545455
vt 0.166667 0.636364
vt 0.166667 0.727273
vt 0.166667 0.818182
vt 0.166667 0.909091
vt 0.166667 1.000000
vt 0.250000 0.090909
vt 0.250000 0.000000
vt 0.250000 0.181818
vt 0.250000 0.272727
vt 0.250000 0.363636
vt 0.250000 0.454545
vt 0.250000 0.545455
vt 0.250000 0.636364
vt 0.250000 0.727273
vt 0.250000 0.818182
vt 0.250000 0.909091
vt 0.250000 1.000000
vt 0.333333 0.090909
vt 0.333333 0.181818
vt 0.333333 0.272727
vt 0.333333 0.363636
vt 0.333333 0.454545
vt 0.333333 0.545455
vt 0.333333 0.636364
vt 0.333333 0.727273
vt 0.333333 0.818182
vt 0.333333 0.909091
vt 0.333333 1.000000
vt 0.416667 0.090909
vt 0.416667 0.000000
vt 0.416667 0.181818
vt 0.416667 0.272727
vt 0.416667 0.363636
vt 0.416667 0.454545
vt 0.416667 0.545455
vt 0.416667 0.636364
vt 0.416667 0.727273
vt 0.416667 0.818182
vt 0.416667 0.909091
vt 0.416667 1.000000
vt 0.500000 0.090909
vt 0.500000 0.181818
vt 0.500000 0.272727
vt 0.500000 0.363636
vt 0.500000 0.454545
vt 0.500000 0.545455
vt 0.500000 0.636364
vt 0.500000 0.727273
vt 0.500000 0.818182
vt 0.500000 0.909091
vt 0.500000 1.000000
vt 0.583333 0.090909
vt 0.583333 0.000000
vt 0.583333 0.181818
vt 0.583333 0.272727
vt 0.583333 0.363636
vt 0.583333 0.454545
vt 0.583333 0.545455
vt 0.583333 0.636364
vt 0.583333 0.727273
vt 0.583333 0.818182
vt 0.583333 0.909091
vt 0.583333 1.000000
vt 0.666667 0.090909
vt 0.666667 0.181818
vt 0.666667 0.272727
vt 0.666667 0.363636
vt 0.666667 0.454545
vt 0.666667 0.545455
vt 0.666667 0.636364
vt 0.666667 0.727273
vt 0.666667 0.818182
vt 0.666667 0.909091
vt 0.666667 1.000000
vt 0.750000 0.090909
vt 0.750000 0.000000
vt 0.750000 0.181818
vt 0.750000 0.272727
vt 0.750000 0.363636
vt 0.750000 0.454545
vt 0.750000 0.545455
vt 0.750000 0.636364
vt 0.750000 0.727273
vt 0.750000 0.818182
vt 0.750000 0.909091
vt 0.750000 1.000000
vt 0.833333 0.090909
vt 0.833333 0.000000
vt 0.833333 0.181818
vt 0.833333 0.272727
vt 0.833333 0.363636
vt 0.833333 0.454545
vt 0.833333 0.545455
vt 0.833333 0.636364
vt 0.833333 0.727273
vt 0.833333 0.818182
vt 0.833333 0.909091
vt 0.833333 1.000000
vt 0.916667 0.090909
vt 0.916667 0.000000
vt 0.916667 0.181818
vt 0.916667 0.272727
vt 0.916667 0.363636
vt 0.916667 0.454545
vt 0.916667 0.545455
vt 0.916667 0.636364
vt 0.916667 0.727273
vt 0.916667 0.818182
vt 0.916667 0.909091
vt 0.916667 1.000000
vt 1.000000 0.090909
vt 1.000000 0.181818
vt 1.000000 0.272727
vt 1.000000 0.363636
vt 1.000000 0.454545
vt 1.000000 0.545455
vt 1.000000 0.636364
vt 1.000000 0.727273
vt 1.000000 0.818182
vt 1.000000 0.909091
vt 1.000000 1.000000
vt 0.066667 0.090909
vt 0.066667 0.000000
vt 0.066667 0.181818
vt 0.066667 0.272727
vt 0.066667 0.363636
vt 0.066667 0.454545
vt 0.066667 0.545455
vt 0.066667 0.636364
vt 0.066667 0.727273
vt 0.066667 0.818182
vt 0.066667 0.909091
vt 0.066667 1.000000
vt 0.133333 0.090909
vt 0.133333 0.000000
vt 0.133333 0.181818
vt 0.133333 0.272727
vt 0.133333 0.363636
vt 0.133333 0.454545
vt 0.133333 0.545455
vt 0.133333 0.636364
vt 0.133333 0.727273
vt 0.133333 0.818182
vt 0.133333 0.909091
vt 0.133333 1.000000
vt 0.200000 0.090909
vt 0.200000 0.181818
vt 0.200000 0.272727
vt 0.200000 0.363636
vt 0.200000 0.454545
vt 0.200000 0.545455
vt 0.200000 0.636364
vt 0.200000 0.727273
vt 0.200000 0.818182
vt 0.200000 0.909091
vt 0.200000 1.000000
vt 0.266667 0.090909
vt 0.266667 0.000000
vt 0.266667 0.181818
vt 0.266667 0.272727
vt 0.266667 0.363636
vt 0.266667 0.454545
vt 0.266667 0.545455
vt 0.266667 0.636364
vt 0.266667 0.727273
vt 0.266667 0.818182
vt 0.266667 0.909091
vt 0.266667 1.000000
vt 0.400000 0.090909
vt 0.400000 0.181818
vt 0.400000 0.272727
vt 0.400000 0.363636
vt 0.400000 0.454545
vt 0.400000 0.545455
vt 0.400000 0.636364
vt 0.400000 0.727273
vt 0.400000 0.818182
vt 0.400000 0.909091
vt 0.400000 1.000000
vt 0.466667 0.090909
vt 0.466667 0.000000
vt 0.466667 0.181818
vt 0.466667 0.272727
vt 0.466667 0.363636
vt 0.466667 0.454545
vt 0.466667 0.545455
vt 0.466667 0.636364
vt 0.466667 0.727273
vt 0.466667 0.818182
vt 0.466667 0.909091
vt 0.466667 1.000000
vt 0.533333 0.090909
vt 0.533333 0.000000
vt 0.533333 0.181818
vt 0.533333 0.272727
vt 0.533333 0.363636
vt 0.533333 0.454545
vt 0.533333 0.545455
vt 0.533333 0.636364
vt 0.533333 0.727273
vt 0.533333 0.818182
vt 0.533333 0.909091
vt 0.533333 1.000000
vt 0.600000 0.090909
vt 0.600000 0.181818
vt 0.600000 0.272727
vt 0.600000 0.363636
vt 0.600000 0.454545
vt 0.600000 0.545455
vt 0.600000 0.636364
vt 0.600000 0.727273
vt 0.600000 0.818182
vt 0.600000 0.909091
vt 0.600000 1.000000
vt 0.733333 0.090909
vt 0.733333 0.000000
vt 0.733333 0.181818
vt 0.733333 0.272727
vt 0.733333 0.363636
vt 0.733333 0.454545
vt 0.733333 0.545455
vt 0.733333 0.636364
vt 0.733333 0.727273
vt 0.733333 0.818182
vt 0.733333 0.909091
vt 0.733333 1.000000
vt 0.800000 0.090909
vt 0.800000 0.181818
vt 0.800000 0.272727
vt 0.800000 0.363636
vt 0.800000 0.454545
vt 0.800000 0.545455
vt 0.800000 0.636364
vt 0.800000 0.727273
vt 0.800000 0.818182
vt 0.800000 0.909091
vt 0.800000 1.000000
vt 0.866667 0.090909
vt 0.866667 0.000000
vt 0.866667 0.181818
vt 0.866667 0.272727
vt 0.866667 0.363636
vt 0.866667 0.454545
vt 0.866667 0.545455
vt 0.866667 0.636364
vt 0.866667 0.727273
vt 0.866667 0.818182
vt 0.866667 0.909091
vt 0.866667 1.000000
vt 0.933333 0.090909
vt 0.933333 0.000000
vt 0.933333 0.181818
vt 0.933333 0.272727
vt 0.933333 0.363636
vt 0.933333 0.454545
vt 0.933333 0.545455
vt 0.933333 0.636364
vt 0.933333 0.727273
vt 0.933333 0.818182
vt 0.933333 0.909091
vt 0.933333 1.000000
vt 0.014925 0.090909
vt 0.014925 0.000000
vt 0.014925 0.181818
vt 0.014925 0.272727
vt 0.014925 0.363636
vt 0.014925 0.454545
vt 0.014925 0.545455
vt 0.014925 0.636364
vt 0.014925 0.727273
vt 0.014925 0.818182
vt 0.014925 0.909091
vt 0.014925 1.000000
vt 0.029851 0.090909
vt 0.029851 0.000000
vt 0.029851 0.181818
vt 0.029851 0.272727
vt 0.029851 0.363636
vt 0.029851 0.454545
vt 0.029851 0.545455
vt 0.029851 0.636364
vt 0.029851 0.727273
vt 0.029851 0.818182
vt 0.029851 0.909091
vt 0.029851 1.000000
vt 0.044776 0.090909
vt 0.044776 0.000000
vt 0.044776 0.181818
vt 0.044776 0.272727
vt 0.044776 0.363636
vt 0.044776 0.454545
vt 0.044776 0.545455
vt 0.044776 0.636364
vt 0.044776 0.727273
vt 0.044776 0.818182
vt 0.044776 0.909091
vt 0.044776 1.000000
vt 0.059701 0.090909
vt 0.059701 0.000000
vt 0.059701 0.181818
vt 0.059701 0.272727
vt 0.059701 0.363636
vt 0.059701 0.454545
vt 0.059701 0.545455
vt 0.059701 0.636364
vt 0.059701 0.727273
vt 0.059701 0.818182
vt 0.059701 0.909091
vt 0.059701 1.000000
vt 0.074627 0.090909
vt 0.074627 0.000000
vt 0.074627 0.181818
vt 0.074627 0.272727
vt 0.074627 0.363636
vt 0.074627 0.454545
vt 0.074627 0.545455
vt 0.074627 0.636364
vt 0.074627 0.727273
vt 0.074627 0.818182
vt 0.074627 0.909091
vt 0.074627 1.000000
vt 0.089552 0.090909
vt 0.089552 0.000000
vt 0.089552 0.181818
vt 0.089552 0.272727
vt 0.089552 0.363636
vt 0.089552 0.454545
vt 0.089552 0.545455
vt 0.089552 0.636364
vt 0.089552 0.727273
vt 0.089552 0.818182
vt 0.089552 0.909091
vt 0.089552 1.000000
vt 0.104478 0.090909
vt 0.104478 0.000000
vt 0.104478 0.181818
vt 0.104478 0.272727
vt 0.104478 0.363636
vt 0.104478 0.454545
vt 0.104478 0.545455
vt 0.104478 0.636364
vt 0.104478 0.727273
vt 0.104478 0.818182
vt 0.104478 0.909091
vt 0.104478 1.000000
vt 0.119403 0.090909
vt 0.119403 0.000000
vt 0.119403 0.181818
vt 0.119403 0.272727
vt 0.119403 0.363636
vt 0.119403 0.454545
vt 0.119403 0.545455
vt 0.119403 0.636364
vt 0.119403 0.727273
vt 0.119403 0.818182
vt 0.119403 0.909091
vt 0.119403 1.000000
vt 0.134328 0.090909
vt 0.134328 0.000000
vt 0.134328 0.181818
vt 0.134328 0.272727
vt 0.134328 0.363636
vt 0.134328 0.454545
vt 0.134328 0.545455
vt 0.134328 0.636364
vt 0.134328 0.727273
vt 0.134328 0.818182
vt 0.134328 0.909091
vt 0.134328 1.000000
vt 0.149254 0.090909
vt 0.149254 0.000000
vt 0.149254 0.181818
vt 0.149254 0.272727
vt 0.149254 0.363636
vt 0.149254 0.454545
vt 0.149254 0.545455
vt 0.149254 0.636364
vt 0.149254 0.727273
vt 0.149254 0.818182
vt 0.149254 0.909091
vt 0.149254 1.000000
vt 0.164179 0.090909
vt 0.164179 0.000000
vt 0.164179 0.181818
vt 0.164179 0.272727
vt 0.164179 0.363636
vt 0.164179 0.454545
vt 0.164179 0.545455
vt 0.164179 0.636364
vt 0.164179 0.727273
vt 0.164179 0.818182
vt 0.164179 0.909091
vt 0.164179 1.000000
vt 0.179104 0.090909
vt 0.179104 0.000000
vt 0.179104 0.181818
vt 0.179104 0.272727
vt 0.179104 0.363636
vt 0.179104 0.454545
vt 0.179104 0.545455
vt 0.179104 0.636364
vt 0.179104 0.727273
vt 0.179104 0.818182
vt 0.179104 0.909091
vt 0.179104 1.000000
vt 0.194030 0.090909
vt 0.194030 0.000000
vt 0.194030 0.181818
vt 0.194030 0.272727
vt 0.194030 0.363636
vt 0.194030 0.454545
vt 0.194030 0.545455
vt 0.194030 0.636364
vt 0.194030 0.727273
vt 0.194030 0.818182
vt 0.194030 0.909091
vt 0.194030 1.000000
vt 0.208955 0.090909
vt 0.208955 0.000000
vt 0.208955 0.181818
vt 0.208955 0.272727
vt 0.208955 0.363636
vt 0.208955 0.454545
vt 0.208955 0.545455
vt 0.208955 0.636364
vt 0.208955 0.727273
vt 0.208955 0.818182
vt 0.208955 0.909091
vt 0.208955 1.000000
vt 0.223881 0.090909
vt 0.223881 0.000000
vt 0.223881 0.181818
vt 0.223881 0.272727
vt 0.223881 0.363636
vt 0.223881 0.454545
vt 0.223881 0.545455
vt 0.223881 0.636364
vt 0.223881 0.727273
vt 0.223881 0.818182
vt 0.223881 0.909091
vt 0.223881 1.000000
vt 0.238806 0.090909
vt 0.238806 0.000000
vt 0.238806 0.181818
vt 0.238806 0.272727
vt 0.238806 0.363636
vt 0.238806 0.454545
vt 0.238806 0.545455
vt 0.238806 0.636364
vt 0.238806 0.727273
vt 0.238806 0.818182
vt 0.238806 0.909091
vt 0.238806 1.000000
vt 0.253731 0.090909
vt 0.253731 0.000000
vt 0.253731 0.181818
vt 0.253731 0.272727
vt 0.253731 0.363636
vt 0.253731 0.454545
vt 0.253731 0.545455
vt 0.253731 0.636364
vt 0.253731 0.727273
vt 0.253731 0.818182
vt 0.253731 0.909091
vt 0.253731 1.000000
vt 0.268657 0.090909
vt 0.268657 0.000000
vt 0.268657 0.181818
vt 0.268657 0.272727
vt 0.268657 0.363636
vt 0.268657 0.454545
vt 0.268657 0.545455
vt 0.268657 0.636364
vt 0.268657 0.727273
vt 0.268657 0.818182
vt 0.268657 0.909091
vt 0.268657 1.000000
vt 0.283582 0.090909
vt 0.283582 0.000000
vt 0.283582 0.181818
vt 0.283582 0.272727
vt 0.283582 0.363636
vt 0.283582 0.454545
vt 0.283582 0.545455
vt 0.283582 0.636364
vt 0.283582 0.727273
vt 0.283582 0.818182
vt 0.283582 0.909091
vt 0.283582 1.000000
vt 0.298507 0.090909
vt 0.298507 0.000000
vt 0.298507 0.181818
vt 0.298507 0.272727
vt 0.298507 0.363636
vt 0.298507 0.454545
vt 0.298507 0.545455
vt 0.298507 0.636364
vt 0.298507 0.727273
vt 0.298507 0.818182
vt 0.298507 0.909091
vt 0.298507 1.000000
vt 0.313433 0.090909
vt 0.313433 0.000000
vt 0.313433 0.181818
vt 0.313433 0.272727
vt 0.313433 0.363636
vt 0.313433 0.454545
vt 0.313433 0.545455
vt 0.313433 0.636364
vt 0.313433 0.727273
vt 0.313433 0.818182
vt 0.313433 0.909091
vt 0.313433 1.000000
vt 0.328358 0.090909
vt 0.328358 0.000000
vt 0.328358 0.181818
vt 0.328358 0.272727
vt 0.328358 0.363636
vt 0.328358 0.454545
vt 0.328358 0.545455
vt 0.328358 0.636364
vt 0.328358 0.727273
vt 0.328358 0.818182
vt 0.328358 0.909091
vt 0.328358 1.000000
vt 0.343284 0.090909
vt 0.343284 0.000000
vt 0.343284 0.181818
vt 0.343284 0.272727
vt 0.343284 0.363636
vt 0.343284 0.454545
vt 0.343284 0.545455
vt 0.343284 0.636364
vt 0.343284 0.727273
vt 0.343284 0.818182
vt 0.343284 0.909091
vt 0.343284 1.000000
vt 0.358209 0.090909
vt 0.358209 0.000000
vt 0.358209 0.181818
vt 0.358209 0.272727
vt 0.358209 0.363636
vt 0.358209 0.454545
vt 0.358209 0.545455
vt 0.358209 0.636364
vt 0.358209 0.727273
vt 0.358209 0.818182
vt 0.358209 0.909091
vt 0.358209 1.000000
vt 0.373134 0.090909
vt 0.373134 0.000000
vt 0.373134 0.181818
vt 0.373134 0.272727
vt 0.373134 0.363636
vt 0.373134 0.454545
vt 0.373134 0.545455
vt 0.373134 0.636364
vt 0.373134 0.727273
vt 0.373134 0.818182
vt 0.373134 0.909091
vt 0.373134 1.000000
vt 0.388060 0.090909
vt 0.388060 0.000000
vt 0.388060 0.181818
vt 0.388060 0.272727
vt 0.388060 0.363636
vt 0.388060 0.454545
vt 0.388060 0.545455
vt 0.388060 0.636364
vt 0.388060 0.727273
vt 0.388060 0.818182
vt 0.388060 0.909091
vt 0.388060 1.000000
vt 0.402985 0.090909
vt 0.402985 0.000000
vt 0.402985 0.181818
vt 0.402985 0.272727
vt 0.402985 0.363636
vt 0.402985 0.454545
vt 0.402985 0.545455
vt 0.402985 0.636364
vt 0.402985 0.727273
vt 0.402985 0.818182
vt 0.402985 0.909091
vt 0.402985 1.000000
vt 0.417910 0.090909
vt 0.417910 0.000000
vt 0.417910 0.181818
vt 0.417910 0.272727
vt 0.417910 0.363636
vt 0.417910 0.454545
vt 0.417910 0.545455
vt 0.417910 0.636364
vt 0.417910 0.727273
vt 0.417910 0.818182
vt 0.417910 0.909091
vt 0.417910 1.000000
vt 0.432836 0.090909
vt 0.432836 0.000000
vt 0.432836 0.181818
vt 0.432836 0.272727
vt 0.432836 0.363636
vt 0.432836 0.454545
vt 0.432836 0.545455
vt 0.432836 0.636364
vt 0.432836 0.727273
vt 0.432836 0.818182
vt 0.432836 0.909091
vt 0.432836 1.000000
vt 0.447761 0.090909
vt 0.447761 0.000000
vt 0.447761 0.181818
vt 0.447761 0.272727
vt 0.447761 0.363636
vt 0.447761 0.454545
vt 0.447761 0.545455
vt 0.447761 0.636364
vt 0.447761 0.727273
vt 0.447761 0.818182
vt 0.447761 0.909091
vt 0.447761 1.000000
vt 0.462687 0.090909
vt 0.462687 0.000000
vt 0.462687 0.181818
vt 0.462687 0.272727
vt 0.462687 0.363636
vt 0.462687 0.454545
vt 0.462687 0.545455
vt 0.462687 0.636364
vt 0.462687 0.727273
vt 0.462687 0.818182
vt 0.462687 0.909091
vt 0.462687 1.000000
vt 0.477612 0.090909
vt 0.477612 0.000000
vt 0.477612 0.181818
vt 0.477612 0.272727
vt 0.477612 0.363636
vt 0.477612 0.454545
vt 0.477612 0.545455
vt 0.477612 0.636364
vt 0.477612 0.727273
vt 0.477612 0.818182
vt 0.477612 0.909091
vt 0.477612 1.000000
vt 0.492537 0.090909
vt 0.492537 0.000000
vt 0.492537 0.181818
vt 0.492537 0.272727
vt 0.492537 0.363636
vt 0.492537 0.454545
vt 0.492537 0.545455
vt 0.492537 0.636364
vt 0.492537 0.727273
vt 0.492537 0.818182
vt 0.492537 0.909091
vt 0.492537 1.000000
vt 0.507463 0.090909
vt 0.507463 0.000000
vt 0.507463 0.181818
vt 0.507463 0.272727
vt 0.507463 0.363636
vt 0.507463 0.454545
vt 0.507463 0.545455
vt 0.507463 0.636364
vt 0.507463 0.727273
vt 0.507463 0.818182
vt 0.507463 0.909091
vt 0.507463 1.000000
vt 0.522388 0.090909
vt 0.522388 0.000000
vt 0.522388 0.181818
vt 0.522388 0.272727
vt 0.522388 0.363636
vt 0.522388 0.454545
vt 0.522388 0.545455
vt 0.522388 0.636364
vt 0.522388 0.727273
vt 0.522388 0.818182
vt 0.522388 0.909091
vt 0.522388 1.000000
vt 0.537313 0.090909
vt 0.537313 0.000000
vt 0.537313 0.181818
vt 0.537313 0.272727
vt 0.537313 0.363636
vt 0.537313 0.454545
vt 0.537313 0.545455
vt 0.537313 0.636364
vt 0.537313 0.727273
vt 0.537313 0.818182
vt 0.537313 0.909091
vt 0.537313 1.000000
vt 0.552239 0.090909
vt 0.552239 0.000000
vt 0.552239 0.181818
vt 0.552239 0.272727
vt 0.552239 0.363636
vt 0.552239 0.454545
vt 0.552239 0.545455
vt 0.552239 0.636364
vt 0.552239 0.727273
vt 0.552239 0.818182
vt 0.552239 0.909091
vt 0.552239 1.000000
vt 0.567164 0.090909
vt 0.567164 0.000000
vt 0.567164 0.181818
vt 0.567164 0.272727
vt 0.567164 0.363636
vt 0.567164 0.454545
vt 0.567164 0.545455
vt 0.567164 0.636364
vt 0.567164 0.727273
vt 0.567164 0.818182
vt 0.567164 0.909091
vt 0.567164 1.000000
vt 0.582090 0.090909
vt 0.582090 0.000000
vt 0.582090 0.181818
vt 0.582090 0.272727
vt 0.582090 0.363636
vt 0.582090 0.454545
vt 0.582090 0.545455
vt 0.582090 0.636364
vt 0.582090 0.727273
vt 0.582090 0.818182
vt 0.582090 0.909091
vt 0.582090 1.000000
vt 0.597015 0.090909
vt 0.597015 0.000000
vt 0.597015 0.181818
vt 0.597015 0.272727
vt 0.597015 0.363636
vt 0.597015 0.454545
vt 0.597015 0.545455
vt 0.597015 0.636364
vt 0.597015 0.727273
vt 0.597015 0.818182
vt 0.597015 0.909091
vt 0.597015 1.000000
vt 0.611940 0.090909
vt 0.611940 0.000000
vt 0.611940 0.181818
vt 0.611940 0.272727
vt 0.611940 0.363636
vt 0.611940 0.454545
vt 0.611940 0.545455
vt 0.611940 0.636364
vt 0.611940 0.727273
vt 0.611940 0.818182
vt 0.611940 0.909091
vt 0.611940 1.000000
vt 0.626866 0.090909
vt 0.626866 0.000000
vt 0.626866 0.181818
vt 0.626866 0.272727
vt 0.626866 0.363636
vt 0.626866 0.454545
vt 0.626866 0.545455
vt 0.626866 0.636364
vt 0.626866 0.727273
vt 0.626866 0.818182
vt 0.626866 0.909091
vt 0.626866 1.000000
vt 0.641791 0.090909
vt 0.641791 0.000000
vt 0.641791 0.181818
vt 0.641791 0.272727
vt 0.641791 0.363636
vt 0.641791 0.454545
vt 0.641791 0.545455
vt 0.641791 0.636364
vt 0.641791 0.727273
vt 0.641791 0.818182
vt 0.641791 0.909091
vt 0.641791 1.000000
vt 0.656716 0.090909
vt 0.656716 0.000000
vt 0.656716 0.181818
vt 0.656716 0.272727
vt 0.656716 0.363636
vt 0.656716 0.454545
vt 0.656716 0.545455
vt 0.656716 0.636364
vt 0.656716 0.727273
vt 0.656716 0.818182
vt 0.656716 0.909091
vt 0.656716 1.000000
vt 0.671642 0.090909
vt 0.671642 0.000000
vt 0.671642 0.181818
vt 0.671642 0.272727
vt 0.671642 0.363636
vt 0.671642 0.454545
vt 0.671642 0.545455
vt 0.671642 0.636364
vt 0.671642 0.727273
vt 0.671642 0.818182
vt 0.671642 0.909091
vt 0.671642 1.000000
vt 0.686567 0.090909
vt 0.686567 0.000000
vt 0.686567 0.181818
vt 0.686567 0.272727
vt 0.686567 0.363636
vt 0.686567 0.454545
vt 0.686567 0.545455
vt 0.686567 0.636364
vt 0.686567 0.727273
vt 0.686567 0.818182
vt 0.686567 0.909091
vt 0.686567 1.000000
vt 0.701493 0.090909
vt 0.701493 0.000000
vt 0.701493 0.181818
vt 0.701493 0.272727
vt 0.701493 0.363636
vt 0.701493 0.454545
vt 0.701493 0.545455
vt 0.701493 0.636364
vt 0.701493 0.727273
vt 0.701493 0.818182
vt 0.701493 0.909091
vt 0.701493 1.000000
vt 0.716418 0.090909
vt 0.716418 0.000000
vt 0.716418 0.181818
vt 0.716418 0.272727
vt 0.716418 0.363636
vt 0.716418 0.454545
vt 0.716418 0.545455
vt 0.716418 0.636364
vt 0.716418 0.727273
vt 0.716418 0.818182
vt 0.716418 0.909091
vt 0.716418 1.000000
vt 0.731343 0.090909
vt 0.731343 0.000000
vt 0.731343 0.181818
vt 0.731343 0.272727
vt 0.731343 0.363636
vt 0.731343 0.454545
vt 0.731343 0.545455
vt 0.731343 0.636364
vt 0.731343 0.727273
vt 0.731343 0.818182
vt 0.731343 0.909091
vt 0.731343 1.000000
vt 0.746269 0.090909
vt 0.746269 0.000000
vt 0.746269 0.181818
vt 0.746269 0.272727
vt 0.746269 0.363636
vt 0.746269 0.454545
vt 0.746269 0.545455
vt 0.746269 0.636364
vt 0.746269 0.727273
vt 0.746269 0.818182
vt 0.746269 0.909091
vt 0.746269 1.000000
vt 0.761194 0.090909
vt 0.761194 0.000000
vt 0.761194 0.181818
vt 0.761194 0.272727
vt 0.761194 0.363636
vt 0.761194 0.454545
vt 0.761194 0.545455
vt 0.761194 0.636364
vt 0.761194 0.727273
vt 0.761194 0.818182
vt 0.761194 0.909091
vt 0.761194 1.000000
vt 0.776119 0.090909
vt 0.776119 0.000000
vt 0.776119 0.181818
vt 0.776119 0.272727
vt 0.776119 0.363636
vt 0.776119 0.454545
vt 0.776119 0.545455
vt 0.776119 0.636364
vt 0.776119 0.727273
vt 0.776119 0.818182
vt 0.776119 0.909091
vt 0.776119 1.000000
vt 0.791045 0.090909
vt 0.791045 0.000000
vt 0.791045 0.181818
vt 0.791045 0.272727
vt 0.791045 0.363636
vt 0.791045 0.454545
vt 0.791045 0.545455
vt 0.791045 0.636364
vt 0.791045 0.727273
vt 0.791045 0.818182
vt 0.791045 0.909091
vt 0.791045 1.000000
vt 0.805970 0.090909
vt 0.805970 0.000000
vt 0.805970 0.181818
vt 0.805970 0.272727
vt 0.805970 0.363636
vt 0.805970 0.454545
vt 0.805970 0.545455
vt 0.805970 0.636364
vt 0.805970 0.727273
vt 0.805970 0.818182
vt 0.805970 0.909091
vt 0.805970 1.000000
vt 0.820895 0.090909
vt 0.820895 0.000000
vt 0.820895 0.181818
vt 0.820895 0.272727
vt 0.820895 0.363636
vt 0.820895 0.454545
vt 0.820895 0.545455
vt 0.820895 0.636364
vt 0.820895 0.727273
vt 0.820895 0.818182
vt 0.820895 0.909091
vt 0.820895 1.000000
vt 0.835821 0.090909
vt 0.835821 0.000000
vt 0.835821 0.181818
vt 0.835821 0.272727
vt 0.835821 0.363636
vt 0.835821 0.454545
vt 0.835821 0.545455
vt 0.835821 0.636364
vt 0.835821 0.727273
vt 0.835821 0.818182
vt 0.835821 0.909091
vt 0.835821 1.000000
vt 0.850746 0.090909
vt 0.850746 0.000000
vt 0.850746 0.181818
vt 0.850746 0.272727
vt 0.850746 0.363636
vt 0.850746 0.454545
vt 0.850746 0.545455
vt 0.850746 0.636364
vt 0.850746 0.727273
vt 0.850746 0.818182
vt 0.850746 0.909091
vt 0.850746 1.000000
vt 0.865672 0.090909
vt 0.865672 0.000000
vt 0.865672 0.181818
vt 0.865672 0.272727
vt 0.865672 0.363636
vt 0.865672 0.454545
vt 0.865672 0.545455
vt 0.865672 0.636364
vt 0.865672 0.727273
vt 0.865672 0.818182
vt 0.865672 0.909091
vt 0.865672 1.000000
vt 0.880597 0.090909
vt 0.880597 0.000000
vt 0.880597 0.181818
vt 0.880597 0.272727
vt 0.880597 0.363636
vt 0.880597 0.454545
vt 0.880597 0.545455
vt 0.880597 0.636364
vt 0.880597 0.727273
vt 0.880597 0.818182
vt 0.880597 0.909091
vt 0.880597 1.000000
vt 0.895522 0.090909
vt 0.895522 0.000000
vt 0.895522 0.181818
vt 0.895522 0.272727
vt 0.895522 0.363636
vt 0.895522 0.454545
vt 0.895522 0.545455
vt 0.895522 0.636364
vt 0.895522 0.727273
vt 0.895522 0.818182
vt 0.895522 0.909091
vt 0.895522 1.000000
vt 0.910448 0.090909
vt 0.910448 0.000000
vt 0.910448 0.181818
vt 0.910448 0.272727
vt 0.910448 0.363636
vt 0.910448 0.454545
vt 0.910448 0.545455
vt 0.910448 0.636364
vt 0.910448 0.727273
vt 0.910448 0.818182
vt 0.910448 0.909091
vt 0.910448 1.000000
vt 0.925373 0.090909
vt 0.925373 0.000000
vt 0.925373 0.181818
vt 0.925373 0.272727
vt 0.925373 0.363636
vt 0.925373 0.454545
vt 0.925373 0.545455
vt 0.925373 0.636364
vt 0.925373 0.727273
vt 0.925373 0.818182
vt 0.925373 0.909091
vt 0.925373 1.000000
vt 0.940298 0.090909
vt 0.940298 0.000000
vt 0.940298 0.181818
vt 0.940298 0.272727
vt 0.940298 0.363636
vt 0.940298 0.454545
vt 0.940298 0.545455
vt 0.940298 0.636364
vt 0.940298 0.727273
vt 0.940298 0.818182
vt 0.940298 0.909091
vt 0.940298 1.000000
vt 0.955224 0.090909
vt 0.955224 0.000000
vt 0.955224 0.181818
vt 0.955224 0.272727
vt 0.955224 0.363636
vt 0.955224 0.454545
vt 0.955224 0.545455
vt 0.955224 0.636364
vt 0.955224 0.727273
vt 0.955224 0.818182
vt 0.955224 0.909091
vt 0.955224 1.000000
vt 0.970149 0.090909
vt 0.970149 0.000000
vt 0.970149 0.181818
vt 0.970149 0.272727
vt 0.970149 0.363636
vt 0.970149 0.454545
vt 0.970149 0.545455
vt 0.970149 0.636364
vt 0.970149 0.727273
vt 0.970149 0.818182
vt 0.970149 0.909091
vt 0.970149 1.000000
vt 0.985075 0.090909
vt 0.985075 0.000000
vt 0.985075 0.181818
vt 0.985075 0.272727
vt 0.985075 0.363636
vt 0.985075 0.454545
vt 0.985075 0.545455
vt 0.985075 0.636364
vt 0.985075 0.727273
vt 0.985075 0.818182
vt 0.985075 0.909091
vt 0.985075 1.000000
vt 0.037037 0.090909
vt 0.037037 0.000000
vt 0.037037 0.181818
vt 0.037037 0.272727
vt 0.037037 0.363636
vt 0.037037 0.454545
vt 0.037037 0.545455
vt 0.037037 0.636364
vt 0.037037 0.727273
vt 0.037037 0.818182
vt 0.037037 0.909091
vt 0.037037 1.000000
vt 0.074074 0.090909
vt 0.074074 0.000000
vt 0.074074 0.181818
vt 0.074074 0.272727
vt 0.074074 0.363636
vt 0.074074 0.454545
vt 0.074074 0.545455
vt 0.074074 0.636364
vt 0.074074 0.727273
vt 0.074074 0.818182
vt 0.074074 0.909091
vt 0.074074 1.000000
vt 0.111111 0.090909
vt 0.111111 0.000000
vt 0.111111 0.181818
vt 0.111111 0.272727
vt 0.111111 0.363636
vt 0.111111 0.454545
vt 0.111111 0.545455
vt 0.111111 0.636364
vt 0.111111 0.727273
vt 0.111111 0.818182
vt 0.111111 0.909091
vt 0.111111 1.000000
vt 0.148148 0.090909
vt 0.148148 0.000000
vt 0.148148 0.181818
vt 0.148148 0.272727
vt 0.148148 0.363636
vt 0.148148 0.454545
vt 0.148148 0.545455
vt 0.148148 0.636364
vt 0.148148 0.727273
vt 0.148148 0.818182
vt 0.148148 0.909091
vt 0.148148 1.000000
vt 0.185185 0.090909
vt 0.185185 0.000000
vt 0.185185 0.181818
vt 0.185185 0.272727
vt 0.185185 0.363636
vt 0.185185 0.454545
vt 0.185185 0.545455
vt 0.185185 0.636364
vt 0.185185 0.727273
vt 0.185185 0.818182
vt 0.185185 0.909091
vt 0.185185 1.000000
vt 0.222222 0.090909
vt 0.222222 0.000000
vt 0.222222 0.181818
vt 0.222222 0.272727
vt 0.222222 0.363636
vt 0.222222 0.454545
vt 0.222222 0.545455
vt 0.222222 0.636364
vt 0.222222 0.727273
vt 0.222222 0.818182
vt 0.222222 0.909091
vt 0.222222 1.000000
vt 0.259259 0.090909
vt 0.259259 0.000000
vt 0.259259 0.181818
vt 0.259259 0.272727
vt 0.259259 0.363636
vt 0.259259 0.454545
vt 0.259259 0.545455
vt 0.259259 0.636364
vt 0.259259 0.727273
vt 0.259259 0.818182
vt 0.259259 0.909091
vt 0.259259 1.000000
vt 0.296296 0.090909
vt 0.296296 0.000000
vt 0.296296 0.181818
vt 0.296296 0.272727
vt 0.296296 0.363636
vt 0.296296 0.454545
vt 0.296296 0.545455
vt 0.296296 0.636364
vt 0.296296 0.727273
vt 0.296296 0.818182
vt 0.296296 0.909091
vt 0.296296 1.000000
vt 0.370370 0.090909
vt 0.370370 0.000000
vt 0.370370 0.181818
vt 0.370370 0.272727
vt 0.370370 0.363636
vt 0.370370 0.454545
vt 0.370370 0.545455
vt 0.370370 0.636364
vt 0.370370 0.727273
vt 0.370370 0.818182
vt 0.370370 0.909091
vt 0.370370 1.000000
vt 0.407407 0.090909
vt 0.407407 0.000000
vt 0.407407 0.181818
vt 0.407407 0.272727
vt 0.407407 0.363636
vt 0.407407 0.454545
vt 0.407407 0.545455
vt 0.407407 0.636364
vt 0.407407 0.727273
vt 0.407407 0.818182
vt 0.407407 0.909091
vt 0.407407 1.000000
vt 0.444444 0.090909
vt 0.444444 0.000000
vt 0.444444 0.181818
vt 0.444444 0.272727
vt 0.444444 0.363636
vt 0.444444 0.454545
vt 0.444444 0.545455
vt 0.444444 0.636364
vt 0.444444 0.727273
vt 0.444444 0.818182
vt 0.444444 0.909091
vt 0.444444 1.000000
vt 0.481481 0.090909
vt 0.481481 0.000000
vt 0.481481 0.181818
vt 0.481481 0.272727
vt 0.481481 0.363636
vt 0.481481 0.454545
vt 0.481481 0.545455
vt 0.481481 0.636364
vt 0.481481 0.727273
vt 0.481481 0.818182
vt 0.481481 0.909091
vt 0.481481 1.000000
vt 0.518519 0.090909
vt 0.518519 0.000000
vt 0.518519 0.181818
vt 0.518519 0.272727
vt 0.518519 0.363636
vt 0.518519 0.454545
vt 0.518519 0.545455
vt 0.518519 0.636364
vt 0.518519 0.727273
vt 0.518519 0.818182
vt 0.518519 0.909091
vt 0.518519 1.000000
vt 0.555556 0.090909
vt 0.555556 0.000000
vt 0.555556 0.181818
vt 0.555556 0.272727
vt 0.555556 0.363636
vt 0.555556 0.454545
vt 0.555556 0.545455
vt 0.555556 0.636364
vt 0.555556 0.727273
vt 0.555556 0.818182
vt 0.555556 0.909091
vt 0.555556 1.000000
vt 0.592593 0.090909
vt 0.592593 0.000000
vt 0.592593 0.181818
vt 0.592593 0.272727
vt 0.592593 0.363636
vt 0.592593 0.454545
vt 0.592593 0.545455
vt 0.592593 0.636364
vt 0.592593 0.727273
vt 0.592593 0.818182
vt 0.592593 0.909091
vt 0.592593 1.000000
vt 0.629630 0.090909
vt 0.629630 0.000000
vt 0.629630 0.181818
vt 0.629630 0.272727
vt 0.629630 0.363636
vt 0.629630 0.454545
vt 0.629630 0.545455
vt 0.629630 0.636364
vt 0.629630 0.727273
vt 0.629630 0.818182
vt 0.629630 0.909091
vt 0.629630 1.000000
vt 0.703704 0.090909
vt 0.703704 0.000000
vt 0.703704 0.181818
vt 0.703704 0.272727
vt 0.703704 0.363636
vt 0.703704 0.454545
vt 0.703704 0.545455
vt 0.703704 0.636364
vt 0.703704 0.727273
vt 0.703704 0.818182
vt 0.703704 0.909091
vt 0.703704 1.000000
vt 0.740741 0.090909
vt 0.740741 0.000000
vt 0.740741 0.181818
vt 0.740741 0.272727
vt 0.740741 0.363636
vt 0.740741 0.454545
vt 0.740741 0.545455
vt 0.740741 0.636364
vt 0.740741 0.727273
vt 0.740741 0.818182
vt 0.740741 0.909091
vt 0.740741 1.000000
vt 0.777778 0.090909
vt 0.777778 0.000000
vt 0.777778 0.181818
vt 0.777778 0.272727
vt 0.777778 0.363636
vt 0.777778 0.454545
vt 0.777778 0.545455
vt 0.777778 0.636364
vt 0.777778 0.727273
vt 0.777778 0.818182
vt 0.777778 0.909091
vt 0.777778 1.000000
vt 0.814815 0.090909
vt 0.814815 0.000000
vt 0.814815 0.181818
vt 0.814815 0.272727
vt 0.814815 0.363636
vt 0.814815 0.454545
vt 0.814815 0.545455
vt 0.814815 0.636364
vt 0.814815 0.727273
vt 0.814815 0.818182
vt 0.814815 0.909091
vt 0.814815 1.000000
vt 0.851852 0.090909
vt 0.851852 0.000000
vt 0.851852 0.181818
vt 0.851852 0.272727
vt 0.851852 0.363636
vt 0.851852 0.454545
vt 0.851852 0.545455
vt 0.851852 0.636364
vt 0.851852 0.727273
vt 0.851852 0.818182
vt 0.851852 0.909091
vt 0.851852 1.000000
vt 0.888889 0.090909
vt 0.888889 0.000000
vt 0.888889 0.181818
vt 0.888889 0.272727
vt 0.888889 0.363636
vt 0.888889 0.454545
vt 0.888889 0.545455
vt 0.888889 0.636364
vt 0.888889 0.727273
vt 0.888889 0.818182
vt 0.888889 0.909091
vt 0.888889 1.000000
vt 0.925926 0.090909
vt 0.925926 0.000000
vt 0.925926 0.181818
vt 0.925926 0.272727
vt 0.925926 0.363636
vt 0.925926 0.454545
vt 0.925926 0.545455
vt 0.925926 0.636364
vt 0.925926 0.727273
vt 0.925926 0.818182
vt 0.925926 0.909091
vt 0.925926 1.000000
vt 0.962963 0.090909
vt 0.962963 0.000000
vt 0.962963 0.181818
vt 0.962963 0.272727
vt 0.962963 0.363636
vt 0.962963 0.454545
vt 0.962963 0.545455
vt 0.962963 0.636364
vt 0.962963 0.727273
vt 0.962963 0.818182
vt 0.962963 0.909091
vt 0.962963 1.000000
vt 0.125000 0.090909
vt 0.125000 0.000000
vt 0.125000 0.181818
vt 0.125000 0.272727
vt 0.125000 0.363636
vt 0.125000 0.454545
vt 0.125000 0.545455
vt 0.125000 0.636364
vt 0.125000 0.727273
vt 0.125000 0.818182
vt 0.125000 0.909091
vt 0.125000 1.000000
vt 0.375000 0.090909
vt 0.375000 0.000000
vt 0.375000 0.181818
vt 0.375000 0.272727
vt 0.375000 0.363636
vt 0.375000 0.454545
vt 0.375000 0.545455
vt 0.375000 0.636364
vt 0.375000 0.727273
vt 0.375000 0.818182
vt 0.375000 0.909091
vt 0.375000 1.000000
vt 0.625000 0.090909
vt 0.625000 0.000000
vt 0.625000 0.181818
vt 0.625000 0.272727
vt 0.625000 0.363636
vt 0.625000 0.454545
vt 0.625000 0.545455
vt 0.625000 0.636364
vt 0.625000 0.727273
vt 0.625000 0.818182
vt 0.625000 0.909091
vt 0.625000 1.000000
vt 0.875000 0.090909
vt 0.875000 0.000000
vt 0.875000 0.181818
vt 0.875000 0.272727
vt 0.875000 0.363636
vt 0.875000 0.454545
vt 0.875000 0.545455
vt 0.875000 0.636364
vt 0.875000 0.727273
vt 0.875000 0.818182
vt 0.875000 0.909091
vt 0.875000 1.000000
s 0
usemtl reflective_gold.010
f 381/504/241 380/505/241 408/506/241
f 381/504/241 408/506/241 407/507/241
f 378/508/241 383/509/241 379/510/241
f 404/511/241 356/512/241 405/513/241
f 355/514/241 405/513/241 356/512/241
f 408/506/241 380/505/241 379/510/241
f 382/515/241 408/506/241 379/510/241
f 379/510/241 383/509/241 382/515/241
f 405/513/241 355/514/241 406/516/241
f 407/507/241 406/516/241 355/514/241
f 381/504/241 407/507/241 355/514/241
f 384/517/241 377/518/241 376/519/241
f 376/519/241 385/520/241 384/517/241
f 385/520/241 376/519/241 375/521/241
f 375/521/241 386/522/241 385/520/241
f 401/523/241 359/524/241 402/525/241
f 359/524/241 358/526/241 402/525/241
f 403/527/241 402/525/241 358/526/241
f 357/528/241 403/527/241 358/526/241
f 383/509/241 378/508/241 377/518/241
f 377/518/241 384/517/241 383/509/241
f 403/527/241 357/528/241 404/511/241
f 356/512/241 404/511/241 357/528/241
f 367/529/241 366/530/241 394/531/241
f 373/532/241 372/533/241 388/534/241
f 389/535/241 388/534/241 372/533/241
f 372/533/241 371/536/241 389/535/241
f 390/537/241 389/535/241 371/536/241
f 371/536/241 370/538/241 390/537/241
f 391/539/241 390/537/241 370/538/241
f 370/538/241 369/540/241 391/539/241
f 392/541/241 391/539/241 369/540/241
f 369/540/241 368/542/241 392/541/241
f 393/543/241 392/541/241 368/542/241
f 368/542/241 367/529/241 393/543/241
f 367/529/241 394/531/241 393/543/241
f 394/531/241 366/530/241 395/544/241
f 366/530/241 365/545/241 395/544/241
f 396/546/241 395/544/241 365/545/241
f 365/545/241 364/547/241 396/546/241
f 397/548/241 396/546/241 364/547/241
f 364/547/241 363/549/241 397/548/241
f 398/550/241 397/548/241 363/549/241
f 363/549/241 362/551/241 398/550/241
f 399/552/241 398/550/241 362/551/241
f 362/551/241 361/553/241 399/552/241
f 386/522/241 375/521/241 374/554/241
f 387/555/241 386/522/241 374/554/241
f 374/554/241 373/532/241 387/555/241
f 373/532/241 388/534/241 387/555/241
f 399/552/241 361/553/241 400/556/241
f 361/553/241 360/557/241 400/556/241
f 401/523/241 400/556/241 360/557/241
f 359/524/241 401/523/241 360/557/241
f 412/558/241 411/559/241 414/506/241
f 414/506/241 411/559/241 410/560/241
f 410/560/241 409/514/241 414/506/241
f 412/558/241 414/506/241 413/561/241
f 419/559/241 418/562/241 417/560/241
f 417/560/241 425/506/241 419/559/241
f 425/506/241 420/563/241 419/559/241
f 421/558/241 424/564/241 423/561/241
f 416/565/241 415/514/241 422/566/241
f 416/565/241 422/566/241 423/561/241
f 421/558/241 423/561/241 422/566/241
f 416/565/241 423/561/241 417/560/241
f 425/506/241 417/560/241 423/561/241
f 420/563/241 425/506/241 424/564/241
f 424/564/241 421/558/241 420/563/241
f 489/567/241 488/568/241 490/569/241
f 488/568/241 519/506/241 490/569/241
f 491/570/241 490/569/241 519/506/241
f 485/571/241 493/572/241 486/573/241
f 487/574/241 486/573/241 493/572/241
f 519/506/241 488/568/241 487/574/241
f 487/574/241 493/572/241 519/506/241
f 491/570/241 519/506/241 518/575/241
f 483/576/241 494/577/241 484/578/241
f 483/576/241 482/579/241 495/580/241
f 494/577/241 483/576/241 495/580/241
f 515/581/241 426/514/241 516/582/241
f 492/583/241 516/582/241 426/514/241
f 484/578/241 494/577/241 485/571/241
f 493/572/241 485/571/241 494/577/241
f 516/582/241 492/583/241 517/584/241
f 518/575/241 517/584/241 492/583/241
f 491/570/241 518/575/241 492/583/241
f 498/585/241 497/586/241 449/587/241
f 513/588/241 512/589/241 429/590/241
f 428/591/241 513/588/241 429/590/241
f 480/592/241 449/587/241 481/593/241
f 482/579/241 481/593/241 449/587/241
f 495/580/241 482/579/241 449/587/241
f 496/594/241 495/580/241 449/587/241
f 449/587/241 497/586/241 496/594/241
f 513/588/241 428/591/241 514/595/241
f 428/591/241 427/596/241 514/595/241
f 515/581/241 514/595/241 427/596/241
f 426/514/241 515/581/241 427/596/241
f 456/597/241 455/598/241 476/599/241
f 473/600/241 472/601/241 474/602/241
f 472/601/241 471/603/241 474/602/241
f 471/603/241 470/604/241 474/602/241
f 470/604/241 469/605/241 474/602/241
f 469/605/241 468/606/241 474/602/241
f 468/606/241 467/607/241 474/602/241
f 467/607/241 466/608/241 474/602/241
f 466/608/241 465/609/241 474/602/241
f 465/609/241 464/610/241 474/602/241
f 464/610/241 463/611/241 474/602/241
f 463/611/241 462/612/241 474/602/241
f 474/602/241 462/612/241 475/613/241
f 462/612/241 461/614/241 475/613/241
f 461/614/241 460/615/241 475/613/241
f 460/615/241 459/616/241 475/613/241
f 459/616/241 458/617/241 475/613/241
f 458/617/241 457/618/241 475/613/241
f 476/599/241 475/613/241 457/618/241
f 456/597/241 476/599/241 457/618/241
f 437/619/241 436/620/241 505/621/241
f 476/599/241 455/598/241 477/622/241
f 455/598/241 454/623/241 477/622/241
f 454/623/241 453/624/241 477/622/241
f 478/625/241 477/622/241 453/624/241
f 453/624/241 452/626/241 478/625/241
f 452/626/241 451/627/241 478/625/241
f 479/628/241 478/625/241 451/627/241
f 451/627/241 450/629/241 479/628/241
f 480/592/241 479/628/241 450/629/241
f 449/587/241 480/592/241 450/629/241
f 498/585/241 449/587/241 448/630/241
f 448/630/241 447/631/241 498/585/241
f 499/632/241 498/585/241 447/631/241
f 447/631/241 446/633/241 499/632/241
f 446/633/241 445/634/241 499/632/241
f 500/635/241 499/632/241 445/634/241
f 445/634/241 444/636/241 500/635/241
f 501/637/241 500/635/241 444/636/241
f 444/636/241 443/638/241 501/637/241
f 443/638/241 442/639/241 501/637/241
f 502/640/241 501/637/241 442/639/241
f 442/639/241 441/641/241 502/640/241
f 441/641/241 440/642/241 502/640/241
f 503/643/241 502/640/241 440/642/241
f 440/642/241 439/644/241 503/643/241
f 504/645/241 503/643/241 439/644/241
f 439/644/241 438/646/241 504/645/241
f 438/646/241 437/619/241 504/645/241
f 437/619/241 505/621/241 504/645/241
f 505/621/241 436/620/241 506/647/241
f 436/620/241 435/648/241 506/647/241
f 507/649/241 506/647/241 435/648/241
f 435/648/241 434/650/241 507/649/241
f 508/651/241 507/649/241 434/650/241
f 434/650/241 433/652/241 508/651/241
f 509/653/241 508/651/241 433/652/241
f 433/652/241 432/654/241 509/653/241
f 510/655/241 509/653/241 432/654/241
f 432/654/241 431/656/241 510/655/241
f 511/657/241 510/655/241 431/656/241
f 431/656/241 430/658/241 511/657/241
f 512/589/241 511/657/241 430/658/241
f 429/590/241 512/589/241 430/658/241
f 528/659/241 525/660/241 524/661/241
f 529/662/241 528/659/241 524/661/241
f 524/661/241 521/663/241 529/662/241
f 521/663/241 520/514/241 529/662/241
f 525/660/241 528/659/241 527/664/241
f 527/664/241 526/665/241 525/660/241
f 521/663/241 524/661/241 523/666/241
f 523/666/241 522/667/241 521/663/241
f 531/506/241 530/668/241 520/514/241
f 529/662/241 520/514/241 530/668/241
f 541/669/241 540/670/241 538/671/241
f 542/672/241 541/669/241 538/671/241
f 538/671/241 537/673/241 542/672/241
f 543/674/241 535/675/241 534/676/241
f 546/506/241 545/677/241 533/678/241
f 544/679/241 533/678/241 545/677/241
f 533/678/241 544/679/241 534/676/241
f 543/674/241 534/676/241 544/679/241
f 535/675/241 543/674/241 536/680/241
f 537/673/241 536/680/241 543/674/241
f 542/672/241 537/673/241 543/674/241
f 540/670/241 539/563/241 538/671/241
f 546/506/241 533/678/241 532/514/241
f 555/659/241 552/660/241 551/661/241
f 556/662/241 555/659/241 551/661/241
f 551/661/241 548/663/241 556/662/241
f 548/663/241 547/514/241 556/662/241
f 552/660/241 555/659/241 554/664/241
f 554/664/241 553/665/241 552/660/241
f 548/663/241 551/661/241 550/666/241
f 550/666/241 549/667/241 548/663/241
f 558/506/241 557/668/241 547/514/241
f 556/662/241 547/514/241 557/668/241
f 585/504/242 612/506/242 584/505/242
f 585/504/242 611/507/242 612/506/242
f 582/508/242 583/510/242 587/509/242
f 608/511/242 609/513/242 560/512/242
f 559/514/242 560/512/242 609/513/242
f 612/506/242 583/510/242 584/505/242
f 586/515/242 583/510/242 612/506/242
f 583/510/242 586/515/242 587/509/242
f 609/513/242 610/516/242 559/514/242
f 611/507/242 559/514/242 610/516/242
f 585/504/242 559/514/242 611/507/242
f 588/517/242 580/519/242 581/518/242
f 580/519/242 588/517/242 589/520/242
f 589/520/242 579/521/242 580/519/242
f 579/521/242 589/520/242 590/522/242
f 605/523/242 606/525/242 563/524/242
f 563/524/242 606/525/242 562/526/242
f 607/527/242 562/526/242 606/525/242
f 561/528/242 562/526/242 607/527/242
f 587/509/242 581/518/242 582/508/242
f 581/518/242 587/509/242 588/517/242
f 607/527/242 608/511/242 561/528/242
f 560/512/242 561/528/242 608/511/242
f 571/529/242 598/531/242 570/530/242
f 577/532/242 592/534/242 576/533/242
f 593/535/242 576/533/242 592/534/242
f 576/533/242 593/535/242 575/536/242
f 594/537/242 575/536/242 593/535/242
f 575/536/242 594/537/242 574/538/242
f 595/539/242 574/538/242 594/537/242
f 574/538/242 595/539/242 573/540/242
f 596/541/242 573/540/242 595/539/242
f 573/540/242 596/541/242 572/542/242
f 597/543/242 572/542/242 596/541/242
f 572/542/242 597/543/242 571/529/242
f 571/529/242 597/543/242 598/531/242
f 598/531/242 599/544/242 570/530/242
f 570/530/242 599/544/242 569/545/242
f 600/546/242 569/545/242 599/544/242
f 569/545/242 600/546/242 568/547/242
f 601/548/242 568/547/242 600/546/242
f 568/547/242 601/548/242 567/549/242
f 602/550/242 567/549/242 601/548/242
f 567/549/242 602/550/242 566/551/242
f 603/552/242 566/551/242 602/550/242
f 566/551/242 603/552/242 565/553/242
f 590/522/242 578/554/242 579/521/242
f 591/555/242 578/554/242 590/522/242
f 578/554/242 591/555/242 577/532/242
f 577/532/242 591/555/242 592/534/242
f 603/552/242 604/556/242 565/553/242
f 565/553/242 604/556/242 564/557/242
f 605/523/242 564/557/242 604/556/242
f 563/524/242 564/557/242 605/523/242
f 616/558/242 618/506/242 615/559/242
f 618/506/242 614/560/242 615/559/242
f 614/560/242 618/506/242 613/514/242
f 616/558/242 617/561/242 618/506/242
f 623/559/242 621/560/242 622/562/242
f 621/560/242 623/559/242 629/506/242
f 629/506/242 623/559/242 624/563/242
f 625/558/242 627/561/242 628/564/242
f 620/565/242 626/566/242 619/514/242
f 620/565/242 627/561/242 626/566/242
f 625/558/242 626/566/242 627/561/242
f 620/565/242 621/560/242 627/561/242
f 629/506/242 627/561/242 621/560/242
f 624/563/242 628/564/242 629/506/242
f 628/564/242 624/563/242 625/558/242
f 693/567/242 694/569/242 692/568/242
f 692/568/242 694/569/242 723/506/242
f 695/570/242 723/506/242 694/569/242
f 689/571/242 690/573/242 697/572/242
f 691/574/242 697/572/242 690/573/242
f 723/506/242 691/574/242 692/568/242
f 691/574/242 723/506/242 697/572/242
f 695/570/242 722/575/242 723/506/242
f 687/576/242 688/578/242 698/577/242
f 687/576/242 699/580/242 686/579/242
f 698/577/242 699/580/242 687/576/242
f 719/581/242 720/582/242 630/514/242
f 696/583/242 630/514/242 720/582/242
f 688/578/242 689/571/242 698/577/242
f 697/572/242 698/577/242 689/571/242
f 720/582/242 721/584/242 696/583/242
f 722/575/242 696/583/242 721/584/242
f 695/570/242 696/583/242 722/575/242
f 702/585/242 653/587/242 701/586/242
f 717/588/242 633/590/242 716/589/242
f 632/591/242 633/590/242 717/588/242
f 684/592/242 685/593/242 653/587/242
f 686/579/242 653/587/242 685/593/242
f 699/580/242 653/587/242 686/579/242
f 700/594/242 653/587/242 699/580/242
f 653/587/242 700/594/242 701/586/242
f 717/588/242 718/595/242 632/591/242
f 632/591/242 718/595/242 631/596/242
f 719/581/242 631/596/242 718/595/242
f 630/514/242 631/596/242 719/581/242
f 660/597/242 680/599/242 659/598/242
f 677/600/242 678/602/242 676/601/242
f 676/601/242 678/602/242 675/603/242
f 675/603/242 678/602/242 674/604/242
f 674/604/242 678/602/242 673/605/242
f 673/605/242 678/602/242 672/606/242
f 672/606/242 678/602/242 671/607/242
f 671/607/242 678/602/242 670/608/242
f 670/608/242 678/602/242 669/609/242
f 669/609/242 678/602/242 668/610/242
f 668/610/242 678/602/242 667/611/242
f 667/611/242 678/602/242 666/612/242
f 678/602/242 679/613/242 666/612/242
f 666/612/242 679/613/242 665/614/242
f 665/614/242 679/613/242 664/615/242
f 664/615/242 679/613/242 663/616/242
f 663/616/242 679/613/242 662/617/242
f 662/617/242 679/613/242 661/618/242
f 680/599/242 661/618/242 679/613/242
f 660/597/242 661/618/242 680/599/242
f 641/619/242 709/621/242 640/620/242
f 680/599/242 681/622/242 659/598/242
f 659/598/242 681/622/242 658/623/242
f 658/623/242 681/622/242 657/624/242
f 682/625/242 657/624/242 681/622/242
f 657/624/242 682/625/242 656/626/242
f 656/626/242 682/625/242 655/627/242
f 683/628/242 655/627/242 682/625/242
f 655/627/242 683/628/242 654/629/242
f 684/592/242 654/629/242 683/628/242
f 653/587/242 654/629/242 684/592/242
f 702/585/242 652/630/242 653/587/242
f 652/630/242 702/585/242 651/631/242
f 703/632/242 651/631/242 702/585/242
f 651/631/242 703/632/242 650/633/242
f 650/633/242 703/632/242 649/634/242
f 704/635/242 649/634/242 703/632/242
f 649/634/242 704/635/242 648/636/242
f 705/637/242 648/636/242 704/635/242
f 648/636/242 705/637/242 647/638/242
f 647/638/242 705/637/242 646/639/242
f 706/640/242 646/639/242 705/637/242
f 646/639/242 706/640/242 645/641/242
f 645/641/242 706/640/242 644/642/242
f 707/643/242 644/642/242 706/640/242
f 644/642/242 707/643/242 643/644/242
f 708/645/242 643/644/242 707/643/242
f 643/644/242 708/645/242 642/646/242
f 642/646/242 708/645/242 641/619/242
f 641/619/242 708/645/242 709/621/242
f 709/621/242 710/647/242 640/620/242
f 640/620/242 710/647/242 639/648/242
f 711/649/242 639/648/242 710/647/242
f 639/648/242 711/649/242 638/650/242
f 712/651/242 638/650/242 711/649/242
f 638/650/242 712/651/242 637/652/242
f 713/653/242 637/652/242 712/651/242
f 637/652/242 713/653/242 636/654/242
f 714/655/242 636/654/242 713/653/242
f 636/654/242 714/655/242 635/656/242
f 715/657/242 635/656/242 714/655/242
f 635/656/242 715/657/242 634/658/242
f 716/589/242 634/658/242 715/657/242
f 633/590/242 634/658/242 716/589/242
f 732/659/242 728/661/242 729/660/242
f 733/662/242 728/661/242 732/659/242
f 728/661/242 733/662/242 725/663/242
f 725/663/242 733/662/242 724/514/242
f 729/660/242 731/664/242 732/659/242
f 731/664/242 729/660/242 730/665/242
f 725/663/242 727/666/242 728/661/242
f 727/666/242 725/663/242 726/667/242
f 735/506/242 724/514/242 734/668/242
f 733/662/242 734/668/242 724/514/242
f 745/669/242 742/671/242 744/670/242
f 746/672/242 742/671/242 745/669/242
f 742/671/242 746/672/242 741/673/242
f 747/674/242 738/676/242 739/675/242
f 750/506/242 737/678/242 749/677/242
f 748/679/242 749/677/242 737/678/242
f 737/678/242 738/676/242 748/679/242
f 747/674/242 748/679/242 738/676/242
f 739/675/242 740/680/242 747/674/242
f 741/673/242 747/674/242 740/680/242
f 746/672/242 747/674/242 741/673/242
f 744/670/242 742/671/242 743/563/242
f 750/506/242 736/514/242 737/678/242
f 759/659/242 755/661/242 756/660/242
f 760/662/242 755/661/242 759/659/242
f 755/661/242 760/662/242 752/663/242
f 752/663/242 760/662/242 751/514/242
f 756/660/242 758/664/242 759/659/242
f 758/664/242 756/660/242 757/665/242
f 752/663/242 754/666/242 755/661/242
f 754/666/242 752/663/242 753/667/242
f 762/506/242 751/514/242 761/668/242
f 760/662/242 761/668/242 751/514/242
s 1
f 764/681/243 776/682/244 775/683/245 763/514/246
f 765/684/247 777/685/248 776/682/244 764/681/243
f 766/686/249 778/687/250 777/685/248 765/684/247
f 767/688/251 779/689/252 778/687/250 766/686/249
f 768/690/253 780/691/254 779/689/252 767/688/251
f 769/692/255 781/693/256 780/691/254 768/690/253
f 770/694/257 782/695/258 781/693/256 769/692/255
f 771/696/259 783/697/260 782/695/258 770/694/257
f 772/698/261 784/699/262 783/697/260 771/696/259
f 773/700/263 785/701/264 784/699/262 772/698/261
f 774/702/265 786/703/266 785/701/264 773/700/263
f 776/682/244 788/704/267 787/705/245 775/683/245
f 777/685/248 789/706/268 788/704/267 776/682/244
f 778/687/250 790/707/269 789/706/268 777/685/248
f 779/689/252 791/708/270 790/707/269 778/687/250
f 780/691/254 792/709/271 791/708/270 779/689/252
f 781/693/256 793/710/272 792/709/271 780/691/254
f 782/695/258 794/711/273 793/710/272 781/693/256
f 783/697/260 795/712/274 794/711/273 782/695/258
f 784/699/262 796/713/275 795/712/274 783/697/260
f 785/701/264 797/714/276 796/713/275 784/699/262
f 786/703/266 798/715/266 797/714/276 785/701/264
f 788/704/267 800/716/277 799/717/246 787/705/245
f 789/706/268 801/718/278 800/716/277 788/704/267
f 790/707/269 802/719/279 801/718/278 789/706/268
f 791/708/270 803/720/280 802/719/279 790/707/269
f 792/709/271 804/721/281 803/720/280 791/708/270
f 793/710/272 805/722/282 804/721/281 792/709/271
f 794/711/273 806/723/283 805/722/282 793/710/272
f 795/712/274 807/724/284 806/723/283 794/711/273
f 796/713/275 808/725/285 807/724/284 795/712/274
f 797/714/276 809/726/286 808/725/285 796/713/275
f 798/715/266 810/727/265 809/726/286 797/714/276
f 800/716/277 812/728/243 811/618/246 799/717/246
f 801/718/278 813/729/247 812/728/243 800/716/277
f 802/719/279 814/730/249 813/729/247 801/718/278
f 803/720/280 815/731/251 814/730/249 802/719/279
f 804/721/281 816/732/253 815/731/251 803/720/280
f 805/722/282 817/733/255 816/732/253 804/721/281
f 806/723/283 818/734/257 817/733/255 805/722/282
f 807/724/284 819/735/259 818/734/257 806/723/283
f 808/725/285 820/736/261 819/735/259 807/724/284
f 809/726/286 821/737/263 820/736/261 808/725/285
f 810/727/265 822/738/265 821/737/263 809/726/286
f 812/728/243 824/739/244 823/740/245 811/618/246
f 813/729/247 825/741/248 824/739/244 812/728/243
f 814/730/249 826/742/250 825/741/248 813/729/247
f 815/731/251 827/743/252 826/742/250 814/730/249
f 816/732/253 828/744/254 827/743/252 815/731/251
f 817/733/255 829/745/256 828/744/254 816/732/253
f 818/734/257 830/746/258 829/745/256 817/733/255
f 819/735/259 831/747/260 830/746/258 818/734/257
f 820/736/261 832/748/262 831/747/260 819/735/259
f 821/737/263 833/749/264 832/748/262 820/736/261
f 822/738/265 834/750/266 833/749/264 821/737/263
f 824/739/244 836/751/267 835/563/245 823/740/245
f 825/741/248 837/752/268 836/751/267 824/739/244
f 826/742/250 838/753/269 837/752/268 825/741/248
f 827/743/252 839/754/270 838/753/269 826/742/250
f 828/744/254 840/755/271 839/754/270 827/743/252
f 829/745/256 841/756/272 840/755/271 828/744/254
f 830/746/258 842/757/273 841/756/272 829/745/256
f 831/747/260 843/758/274 842/757/273 830/746/258
f 832/748/262 844/759/275 843/758/274 831/747/260
f 833/749/264 845/760/276 844/759/275 832/748/262
f 834/750/266 846/761/266 845/760/276 833/749/264
f 836/751/267 848/762/277 847/763/246 835/563/245
f 837/752/268 849/764/278 848/762/277 836/751/267
f 838/753/269 850/765/279 849/764/278 837/752/268
f 839/754/270 851/766/280 850/765/279 838/753/269
f 840/755/271 852/767/281 851/766/280 839/754/270
f 841/756/272 853/768/282 852/767/281 840/755/271
f 842/757/273 854/769/283 853/768/282 841/756/272
f 843/758/274 855/770/284 854/769/283 842/757/273
f 844/759/275 856/771/285 855/770/284 843/758/274
f 845/760/276 857/772/286 856/771/285 844/759/275
f 846/761/266 858/773/265 857/772/286 845/760/276
f 848/762/277 860/774/287 859/568/288 847/763/246
f 849/764/278 861/775/289 860/774/287 848/762/277
f 850/765/279 862/776/290 861/775/289 849/764/278
f 851/766/280 863/777/291 862/776/290 850/765/279
f 852/767/281 864/778/292 863/777/291 851/766/280
f 853/768/282 865/779/293 864/778/292 852/767/281
f 854/769/283 866/780/294 865/779/293 853/768/282
f 855/770/284 867/781/295 866/780/294 854/769/283
f 856/771/285 868/782/296 867/781/295 855/770/284
f 857/772/286 869/783/297 868/782/296 856/771/285
f 858/773/265 870/784/298 869/783/297 857/772/286
f 860/774/287 872/785/299 871/786/300 859/568/288
f 861/775/289 873/787/301 872/785/299 860/774/287
f 862/776/290 874/788/302 873/787/301 861/775/289
f 863/777/291 875/789/303 874/788/302 862/776/290
f 864/778/292 876/790/304 875/789/303 863/777/291
f 865/779/293 877/791/305 876/790/304 864/778/292
f 866/780/294 878/792/306 877/791/305 865/779/293
f 867/781/295 879/793/307 878/792/306 866/780/294
f 868/782/296 880/794/308 879/793/307 867/781/295
f 869/783/297 881/795/309 880/794/308 868/782/296
f 870/784/298 882/796/310 881/795/309 869/783/297
f 872/785/299 884/797/267 883/798/245 871/786/300
f 873/787/301 885/799/268 884/797/267 872/785/299
f 874/788/302 886/800/269 885/799/268 873/787/301
f 875/789/303 887/801/270 886/800/269 874/788/302
f 876/790/304 888/802/271 887/801/270 875/789/303
f 877/791/305 889/803/272 888/802/271 876/790/304
f 878/792/306 890/804/273 889/803/272 877/791/305
f 879/793/307 891/805/274 890/804/273 878/792/306
f 880/794/308 892/806/275 891/805/274 879/793/307
f 881/795/309 893/807/276 892/806/275 880/794/308
f 882/796/310 894/808/266 893/807/276 881/795/309
f 884/797/267 896/809/277 895/810/246 883/798/245
f 885/799/268 897/811/278 896/809/277 884/797/267
f 886/800/269 898/812/279 897/811/278 885/799/268
f 887/801/270 899/813/280 898/812/279 886/800/269
f 888/802/271 900/814/281 899/813/280 887/801/270
f 889/803/272 901/815/282 900/814/281 888/802/271
f 890/804/273 902/816/283 901/815/282 889/803/272
f 891/805/274 903/817/284 902/816/283 890/804/273
f 892/806/275 904/818/285 903/817/284 891/805/274
f 893/807/276 905/819/286 904/818/285 892/806/275
f 894/808/266 906/820/265 905/819/286 893/807/276
f 896/809/277 764/821/243 763/506/246 895/810/246
f 897/811/278 765/822/247 764/821/243 896/809/277
f 898/812/279 766/823/249 765/822/247 897/811/278
f 899/813/280 767/824/251 766/823/249 898/812/279
f 900/814/281 768/825/253 767/824/251 899/813/280
f 901/815/282 769/826/255 768/825/253 900/814/281
f 902/816/283 770/827/257 769/826/255 901/815/282
f 903/817/284 771/828/259 770/827/257 902/816/283
f 904/818/285 772/829/261 771/828/259 903/817/284
f 905/819/286 773/830/263 772/829/261 904/818/285
f 906/820/265 774/831/265 773/830/263 905/819/286
f 908/681/287 920/832/311 919/833/312 907/514/288
f 909/684/289 921/834/313 920/832/311 908/681/287
f 910/686/290 922/835/314 921/834/313 909/684/289
f 911/688/291 923/836/315 922/835/314 910/686/290
f 912/690/292 924/837/316 923/836/315 911/688/291
f 913/692/293 925/838/317 924/837/316 912/690/292
f 914/694/294 926/839/318 925/838/317 913/692/293
f 915/696/295 927/840/319 926/839/318 914/694/294
f 916/698/296 928/841/320 927/840/319 915/696/295
f 917/700/297 929/842/321 928/841/320 916/698/296
f 918/702/298 930/843/312 929/842/321 917/700/297
f 920/832/311 932/844/322 931/845/323 919/833/312
f 921/834/313 933/846/324 932/844/322 920/832/311
f 922/835/314 934/847/325 933/846/324 921/834/313
f 923/836/315 935/848/326 934/847/325 922/835/314
f 924/837/316 936/849/327 935/848/326 923/836/315
f 925/838/317 937/850/328 936/849/327 924/837/316
f 926/839/318 938/851/329 937/850/328 925/838/317
f 927/840/319 939/852/330 938/851/329 926/839/318
f 928/841/320 940/853/331 939/852/330 927/840/319
f 929/842/321 941/854/332 940/853/331 928/841/320
f 930/843/312 942/855/333 941/854/332 929/842/321
f 932/844/322 944/856/334 943/560/335 931/845/323
f 933/846/324 945/857/336 944/856/334 932/844/322
f 934/847/325 946/858/337 945/857/336 933/846/324
f 935/848/326 947/859/338 946/858/337 934/847/325
f 936/849/327 948/860/339 947/859/338 935/848/326
f 937/850/328 949/861/340 948/860/339 936/849/327
f 938/851/329 950/862/341 949/861/340 937/850/328
f 939/852/330 951/863/342 950/862/341 938/851/329
f 940/853/331 952/864/343 951/863/342 939/852/330
f 941/854/332 953/865/344 952/864/343 940/853/331
f 942/855/333 954/866/345 953/865/344 941/854/332
f 944/856/334 956/867/346 955/868/347 943/560/335
f 945/857/336 957/869/348 956/867/346 944/856/334
f 946/858/337 958/870/349 957/869/348 945/857/336
f 947/859/338 959/871/350 958/870/349 946/858/337
f 948/860/339 960/872/351 959/871/350 947/859/338
f 949/861/340 961/873/352 960/872/351 948/860/339
f 950/862/341 962/874/353 961/873/352 949/861/340
f 951/863/342 963/875/354 962/874/353 950/862/341
f 952/864/343 964/876/355 963/875/354 951/863/342
f 953/865/344 965/877/356 964/876/355 952/864/343
f 954/866/345 966/878/357 965/877/356 953/865/344
f 956/867/346 968/728/358 967/618/359 955/868/347
f 957/869/348 969/729/360 968/728/358 956/867/346
f 958/870/349 970/730/361 969/729/360 957/869/348
f 959/871/350 971/731/362 970/730/361 958/870/349
f 960/872/351 972/732/363 971/731/362 959/871/350
f 961/873/352 973/733/364 972/732/363 960/872/351
f 962/874/353 974/734/365 973/733/364 961/873/352
f 963/875/354 975/735/366 974/734/365 962/874/353
f 964/876/355 976/736/367 975/735/366 963/875/354
f 965/877/356 977/737/368 976/736/367 964/876/355
f 966/878/357 978/738/369 977/737/368 965/877/356
f 968/728/358 980/879/370 979/559/371 967/618/359
f 969/729/360 981/880/372 980/879/370 968/728/358
f 970/730/361 982/881/373 981/880/372 969/729/360
f 971/731/362 983/882/374 982/881/373 970/730/361
f 972/732/363 984/883/375 983/882/374 971/731/362
f 973/733/364 985/884/376 984/883/375 972/732/363
f 974/734/365 986/885/377 985/884/376 973/733/364
f 975/735/366 987/886/378 986/885/377 974/734/365
f 976/736/367 988/887/379 987/886/378 975/735/366
f 977/737/368 989/888/380 988/887/379 976/736/367
f 978/738/369 990/889/381 989/888/380 977/737/368
f 980/879/370 992/890/277 991/891/246 979/559/371
f 981/880/372 993/892/278 992/890/277 980/879/370
f 982/881/373 994/893/279 993/892/278 981/880/372
f 983/882/374 995/894/280 994/893/279 982/881/373
f 984/883/375 996/895/281 995/894/280 983/882/374
f 985/884/376 997/896/282 996/895/281 984/883/375
f 986/885/377 998/897/283 997/896/282 985/884/376
f 987/886/378 999/898/284 998/897/283 986/885/377
f 988/887/379 1000/899/285 999/898/284 987/886/378
f 989/888/380 1001/900/286 1000/899/285 988/887/379
f 990/889/381 1002/901/265 1001/900/286 989/888/380
f 992/890/277 1004/902/287 1003/903/288 991/891/246
f 993/892/278 1005/904/289 1004/902/287 992/890/277
f 994/893/279 1006/905/290 1005/904/289 993/892/278
f 995/894/280 1007/906/291 1006/905/290 994/893/279
f 996/895/281 1008/907/292 1007/906/291 995/894/280
f 997/896/282 1009/908/293 1008/907/292 996/895/281
f 998/897/283 1010/909/294 1009/908/293 997/896/282
f 999/898/284 1011/910/295 1010/909/294 998/897/283
f 1000/899/285 1012/911/296 1011/910/295 999/898/284
f 1001/900/286 1013/912/297 1012/911/296 1000/899/285
f 1002/901/265 1014/913/298 1013/912/297 1001/900/286
f 1004/902/287 1016/914/299 1015/558/300 1003/903/288
f 1005/904/289 1017/915/301 1016/914/299 1004/902/287
f 1006/905/290 1018/916/302 1017/915/301 1005/904/289
f 1007/906/291 1019/917/303 1018/916/302 1006/905/290
f 1008/907/292 1020/918/304 1019/917/303 1007/906/291
f 1009/908/293 1021/919/305 1020/918/304 1008/907/292
f 1010/909/294 1022/920/306 1021/919/305 1009/908/293
f 1011/910/295 1023/921/307 1022/920/306 1010/909/294
f 1012/911/296 1024/922/308 1023/921/307 1011/910/295
f 1013/912/297 1025/923/309 1024/922/308 1012/911/296
f 1014/913/298 1026/924/310 1025/923/309 1013/912/297
f 1016/914/299 1028/774/382 1027/568/383 1015/558/300
f 1017/915/301 1029/775/384 1028/774/382 1016/914/299
f 1018/916/302 1030/776/385 1029/775/384 1017/915/301
f 1019/917/303 1031/777/386 1030/776/385 1018/916/302
f 1020/918/304 1032/778/387 1031/777/386 1019/917/303
f 1021/919/305 1033/779/388 1032/778/387 1020/918/304
f 1022/920/306 1034/780/389 1033/779/388 1021/919/305
f 1023/921/307 1035/781/390 1034/780/389 1022/920/306
f 1024/922/308 1036/782/391 1035/781/390 1023/921/307
f 1025/923/309 1037/783/392 1036/782/391 1024/922/308
f 1026/924/310 1038/784/393 1037/783/392 1025/923/309
f 1028/774/382 1040/925/394 1039/926/395 1027/568/383
f 1029/775/384 1041/927/396 1040/925/394 1028/774/382
f 1030/776/385 1042/928/397 1041/927/396 1029/775/384
f 1031/777/386 1043/929/398 1042/928/397 1030/776/385
f 1032/778/387 1044/930/399 1043/929/398 1031/777/386
f 1033/779/388 1045/931/400 1044/930/399 1032/778/387
f 1034/780/389 1046/932/401 1045/931/400 1033/779/388
f 1035/781/390 1047/933/402 1046/932/401 1034/780/389
f 1036/782/391 1048/934/403 1047/933/402 1035/781/390
f 1037/783/392 1049/935/404 1048/934/403 1036/782/391
f 1038/784/393 1050/936/405 1049/935/404 1037/783/392
f 1040/925/394 1052/937/406 1051/561/407 1039/926/395
f 1041/927/396 1053/938/408 1052/937/406 1040/925/394
f 1042/928/397 1054/939/409 1053/938/408 1041/927/396
f 1043/929/398 1055/940/410 1054/939/409 1042/928/397
f 1044/930/399 1056/941/411 1055/940/410 1043/929/398
f 1045/931/400 1057/942/412 1056/941/411 1044/930/399
f 1046/932/401 1058/943/413 1057/942/412 1045/931/400
f 1047/933/402 1059/944/414 1058/943/413 1046/932/401
f 1048/934/403 1060/945/415 1059/944/414 1047/933/402
f 1049/935/404 1061/946/416 1060/945/415 1048/934/403
f 1050/936/405 1062/947/417 1061/946/416 1049/935/404
f 1052/937/406 1064/948/267 1063/949/245 1051/561/407
f 1053/938/408 1065/950/268 1064/948/267 1052/937/406
f 1054/939/409 1066/951/418 1065/950/268 1053/938/408
f 1055/940/410 1067/952/270 1066/951/418 1054/939/409
f 1056/941/411 1068/953/271 1067/952/270 1055/940/410
f 1057/942/412 1069/954/272 1068/953/271 1056/941/411
f 1058/943/413 1070/955/273 1069/954/272 1057/942/412
f 1059/944/414 1071/956/274 1070/955/273 1058/943/413
f 1060/945/415 1072/957/275 1071/956/274 1059/944/414
f 1061/946/416 1073/958/276 1072/957/275 1060/945/415
f 1062/947/417 1074/959/266 1073/958/276 1061/946/416
f 1064/948/267 1076/960/277 1075/961/246 1063/949/245
f 1065/950/268 1077/962/278 1076/960/277 1064/948/267
f 1066/951/418 1078/963/279 1077/962/278 1065/950/268
f 1067/952/270 1079/964/280 1078/963/279 1066/951/418
f 1068/953/271 1080/965/281 1079/964/280 1067/952/270
f 1069/954/272 1081/966/282 1080/965/281 1068/953/271
f 1070/955/273 1082/967/283 1081/966/282 1069/954/272
f 1071/956/274 1083/968/419 1082/967/283 1070/955/273
f 1072/957/275 1084/969/285 1083/968/419 1071/956/274
f 1073/958/276 1085/970/286 1084/969/285 1072/957/275
f 1074/959/266 1086/971/265 1085/970/286 1073/958/276
f 1076/960/277 908/821/287 907/506/288 1075/961/246
f 1077/962/278 909/822/289 908/821/287 1076/960/277
f 1078/963/279 910/823/290 909/822/289 1077/962/278
f 1079/964/280 911/824/291 910/823/290 1078/963/279
f 1080/965/281 912/825/292 911/824/291 1079/964/280
f 1081/966/282 913/826/293 912/825/292 1080/965/281
f 1082/967/283 914/827/294 913/826/293 1081/966/282
f 1083/968/419 915/828/295 914/827/294 1082/967/283
f 1084/969/285 916/829/296 915/828/295 1083/968/419
f 1085/970/286 917/830/297 916/829/296 1084/969/285
f 1086/971/265 918/831/298 917/830/297 1085/970/286
f 1088/681/243 1100/682/244 1099/683/245 1087/514/246
f 1089/684/247 1101/685/248 1100/682/244 1088/681/243
f 1090/686/249 1102/687/250 1101/685/248 1089/684/247
f 1091/688/251 1103/689/420 1102/687/250 1090/686/249
f 1092/690/421 1104/691/422 1103/689/420 1091/688/251
f 1093/692/423 1105/693/424 1104/691/422 1092/690/421
f 1094/694/425 1106/695/258 1105/693/424 1093/692/423
f 1095/696/259 1107/697/260 1106/695/258 1094/694/425
f 1096/698/261 1108/699/262 1107/697/260 1095/696/259
f 1097/700/263 1109/701/264 1108/699/262 1096/698/261
f 1098/702/265 1110/703/266 1109/701/264 1097/700/263
f 1100/682/244 1112/704/267 1111/705/245 1099/683/245
f 1101/685/248 1113/706/268 1112/704/267 1100/682/244
f 1102/687/250 1114/707/269 1113/706/268 1101/685/248
f 1103/689/420 1115/708/270 1114/707/269 1102/687/250
f 1104/691/422 1116/709/271 1115/708/270 1103/689/420
f 1105/693/424 1117/710/272 1116/709/271 1104/691/422
f 1106/695/258 1118/711/273 1117/710/272 1105/693/424
f 1107/697/260 1119/712/274 1118/711/273 1106/695/258
f 1108/699/262 1120/713/275 1119/712/274 1107/697/260
f 1109/701/264 1121/714/276 1120/713/275 1108/699/262
f 1110/703/266 1122/715/266 1121/714/276 1109/701/264
f 1112/704/267 1124/716/277 1123/717/246 1111/705/245
f 1113/706/268 1125/718/278 1124/716/277 1112/704/267
f 1114/707/269 1126/719/279 1125/718/278 1113/706/268
f 1115/708/270 1127/720/280 1126/719/279 1114/707/269
f 1116/709/271 1128/721/281 1127/720/280 1115/708/270
f 1117/710/272 1129/722/282 1128/721/281 1116/709/271
f 1118/711/273 1130/723/283 1129/722/282 1117/710/272
f 1119/712/274 1131/724/284 1130/723/283 1118/711/273
f 1120/713/275 1132/725/285 1131/724/284 1119/712/274
f 1121/714/276 1133/726/286 1132/725/285 1120/713/275
f 1122/715/266 1134/727/265 1133/726/286 1121/714/276
f 1124/716/277 1136/728/243 1135/618/246 1123/717/246
f 1125/718/278 1137/729/247 1136/728/243 1124/716/277
f 1126/719/279 1138/730/249 1137/729/247 1125/718/278
f 1127/720/280 1139/731/251 1138/730/249 1126/719/279
f 1128/721/281 1140/732/421 1139/731/251 1127/720/280
f 1129/722/282 1141/733/423 1140/732/421 1128/721/281
f 1130/723/283 1142/734/425 1141/733/423 1129/722/282
f 1131/724/284 1143/735/259 1142/734/425 1130/723/283
f 1132/725/285 1144/736/261 1143/735/259 1131/724/284
f 1133/726/286 1145/737/263 1144/736/261 1132/725/285
f 1134/727/265 1146/738/265 1145/737/263 1133/726/286
f 1136/728/243 1148/739/244 1147/740/245 1135/618/246
f 1137/729/247 1149/741/248 1148/739/244 1136/728/243
f 1138/730/249 1150/742/250 1149/741/248 1137/729/247
f 1139/731/251 1151/743/420 1150/742/250 1138/730/249
f 1140/732/421 1152/744/422 1151/743/420 1139/731/251
f 1141/733/423 1153/745/424 1152/744/422 1140/732/421
f 1142/734/425 1154/746/258 1153/745/424 1141/733/423
f 1143/735/259 1155/747/260 1154/746/258 1142/734/425
f 1144/736/261 1156/748/262 1155/747/260 1143/735/259
f 1145/737/263 1157/749/264 1156/748/262 1144/736/261
f 1146/738/265 1158/750/266 1157/749/264 1145/737/263
f 1148/739/244 1160/751/267 1159/563/245 1147/740/245
f 1149/741/248 1161/752/268 1160/751/267 1148/739/244
f 1150/742/250 1162/753/269 1161/752/268 1149/741/248
f 1151/743/420 1163/754/270 1162/753/269 1150/742/250
f 1152/744/422 1164/755/271 1163/754/270 1151/743/420
f 1153/745/424 1165/756/272 1164/755/271 1152/744/422
f 1154/746/258 1166/757/273 1165/756/272 1153/745/424
f 1155/747/260 1167/758/274 1166/757/273 1154/746/258
f 1156/748/262 1168/759/275 1167/758/274 1155/747/260
f 1157/749/264 1169/760/276 1168/759/275 1156/748/262
f 1158/750/266 1170/761/266 1169/760/276 1157/749/264
f 1160/751/267 1172/762/277 1171/763/246 1159/563/245
f 1161/752/268 1173/764/278 1172/762/277 1160/751/267
f 1162/753/269 1174/765/279 1173/764/278 1161/752/268
f 1163/754/270 1175/766/280 1174/765/279 1162/753/269
f 1164/755/271 1176/767/281 1175/766/280 1163/754/270
f 1165/756/272 1177/768/282 1176/767/281 1164/755/271
f 1166/757/273 1178/769/283 1177/768/282 1165/756/272
f 1167/758/274 1179/770/284 1178/769/283 1166/757/273
f 1168/759/275 1180/771/285 1179/770/284 1167/758/274
f 1169/760/276 1181/772/286 1180/771/285 1168/759/275
f 1170/761/266 1182/773/265 1181/772/286 1169/760/276
f 1172/762/277 1184/774/287 1183/568/288 1171/763/246
f 1173/764/278 1185/775/289 1184/774/287 1172/762/277
f 1174/765/279 1186/776/290 1185/775/289 1173/764/278
f 1175/766/280 1187/777/291 1186/776/290 1174/765/279
f 1176/767/281 1188/778/292 1187/777/291 1175/766/280
f 1177/768/282 1189/779/293 1188/778/292 1176/767/281
f 1178/769/283 1190/780/294 1189/779/293 1177/768/282
f 1179/770/284 1191/781/295 1190/780/294 1178/769/283
f 1180/771/285 1192/782/296 1191/781/295 1179/770/284
f 1181/772/286 1193/783/297 1192/782/296 1180/771/285
f 1182/773/265 1194/784/298 1193/783/297 1181/772/286
f 1184/774/287 1196/785/299 1195/786/300 1183/568/288
f 1185/775/289 1197/787/301 1196/785/299 1184/774/287
f 1186/776/290 1198/788/426 1197/787/301 1185/775/289
f 1187/777/291 1199/789/303 1198/788/426 1186/776/290
f 1188/778/292 1200/790/304 1199/789/303 1187/777/291
f 1189/779/293 1201/791/305 1200/790/304 1188/778/292
f 1190/780/294 1202/792/306 1201/791/305 1189/779/293
f 1191/781/295 1203/793/307 1202/792/306 1190/780/294
f 1192/782/296 1204/794/308 1203/793/307 1191/781/295
f 1193/783/297 1205/795/309 1204/794/308 1192/782/296
f 1194/784/298 1206/796/310 1205/795/309 1193/783/297
f 1196/785/299 1208/797/267 1207/798/245 1195/786/300
f 1197/787/301 1209/799/268 1208/797/267 1196/785/299
f 1198/788/426 1210/800/418 1209/799/268 1197/787/301
f 1199/789/303 1211/801/270 1210/800/418 1198/788/426
f 1200/790/304 1212/802/271 1211/801/270 1199/789/303
f 1201/791/305 1213/803/272 1212/802/271 1200/790/304
f 1202/792/306 1214/804/273 1213/803/272 1201/791/305
f 1203/793/307 1215/805/274 1214/804/273 1202/792/306
f 1204/794/308 1216/806/275 1215/805/274 1203/793/307
f 1205/795/309 1217/807/276 1216/806/275 1204/794/308
f 1206/796/310 1218/808/266 1217/807/276 1205/795/309
f 1208/797/267 1220/809/277 1219/810/246 1207/798/245
f 1209/799/268 1221/811/278 1220/809/277 1208/797/267
f 1210/800/418 1222/812/279 1221/811/278 1209/799/268
f 1211/801/270 1223/813/280 1222/812/279 1210/800/418
f 1212/802/271 1224/814/281 1223/813/280 1211/801/270
f 1213/803/272 1225/815/282 1224/814/281 1212/802/271
f 1214/804/273 1226/816/283 1225/815/282 1213/803/272
f 1215/805/274 1227/817/284 1226/816/283 1214/804/273
f 1216/806/275 1228/818/285 1227/817/284 1215/805/274
f 1217/807/276 1229/819/286 1228/818/285 1216/806/275
f 1218/808/266 1230/820/265 1229/819/286 1217/807/276
f 1220/809/277 1088/821/243 1087/506/246 1219/810/246
f 1221/811/278 1089/822/247 1088/821/243 1220/809/277
f 1222/812/279 1090/823/249 1089/822/247 1221/811/278
f 1223/813/280 1091/824/251 1090/823/249 1222/812/279
f 1224/814/281 1092/825/421 1091/824/251 1223/813/280
f 1225/815/282 1093/826/423 1092/825/421 1224/814/281
f 1226/816/283 1094/827/425 1093/826/423 1225/815/282
f 1227/817/284 1095/828/259 1094/827/425 1226/816/283
f 1228/818/285 1096/829/261 1095/828/259 1227/817/284
f 1229/819/286 1097/830/263 1096/829/261 1228/818/285
f 1230/820/265 1098/831/265 1097/830/263 1229/819/286
f 1232/681/427 1244/972/428 1243/973/429 1231/514/430
f 1233/684/431 1245/974/432 1244/972/428 1232/681/427
f 1234/686/433 1246/975/434 1245/974/432 1233/684/431
f 1235/688/435 1247/976/436 1246/975/434 1234/686/433
f 1236/690/437 1248/977/438 1247/976/436 1235/688/435
f 1237/692/439 1249/978/440 1248/977/438 1236/690/437
f 1238/694/441 1250/979/442 1249/978/440 1237/692/439
f 1239/696/443 1251/980/444 1250/979/442 1238/694/441
f 1240/698/445 1252/981/446 1251/980/444 1239/696/443
f 1241/700/447 1253/982/448 1252/981/446 1240/698/445
f 1242/702/449 1254/983/450 1253/982/448 1241/700/447
f 1244/972/428 1256/984/451 1255/985/452 1243/973/429
f 1245/974/432 1257/986/453 1256/984/451 1244/972/428
f 1246/975/434 1258/987/454 1257/986/453 1245/974/432
f 1247/976/436 1259/988/455 1258/987/454 1246/975/434
f 1248/977/438 1260/989/456 1259/988/455 1247/976/436
f 1249/978/440 1261/990/457 1260/989/456 1248/977/438
f 1250/979/442 1262/991/458 1261/990/457 1249/978/440
f 1251/980/444 1263/992/459 1262/991/458 1250/979/442
f 1252/981/446 1264/993/460 1263/992/459 1251/980/444
f 1253/982/448 1265/994/461 1264/993/460 1252/981/446
f 1254/983/450 1266/995/462 1265/994/461 1253/982/448
f 1256/984/451 1268/996/463 1267/997/464 1255/985/452
f 1257/986/453 1269/998/465 1268/996/463 1256/984/451
f 1258/987/454 1270/999/466 1269/998/465 1257/986/453
f 1259/988/455 1271/1000/467 1270/999/466 1258/987/454
f 1260/989/456 1272/1001/468 1271/1000/467 1259/988/455
f 1261/990/457 1273/1002/469 1272/1001/468 1260/989/456
f 1262/991/458 1274/1003/470 1273/1002/469 1261/990/457
f 1263/992/459 1275/1004/471 1274/1003/470 1262/991/458
f 1264/993/460 1276/1005/472 1275/1004/471 1263/992/459
f 1265/994/461 1277/1006/473 1276/1005/472 1264/993/460
f 1266/995/462 1278/1007/474 1277/1006/473 1265/994/461
f 1268/996/463 1280/1008/475 1279/1009/476 1267/997/464
f 1269/998/465 1281/1010/477 1280/1008/475 1268/996/463
f 1270/999/466 1282/1011/478 1281/1010/477 1269/998/465
f 1271/1000/467 1283/1012/479 1282/1011/478 1270/999/466
f 1272/1001/468 1284/1013/480 1283/1012/479 1271/1000/467
f 1273/1002/469 1285/1014/481 1284/1013/480 1272/1001/468
f 1274/1003/470 1286/1015/482 1285/1014/481 1273/1002/469
f 1275/1004/471 1287/1016/483 1286/1015/482 1274/1003/470
f 1276/1005/472 1288/1017/484 1287/1016/483 1275/1004/471
f 1277/1006/473 1289/1018/485 1288/1017/484 1276/1005/472
f 1278/1007/474 1290/1019/486 1289/1018/485 1277/1006/473
f 1280/1008/475 1292/1020/487 1291/1021/488 1279/1009/476
f 1281/1010/477 1293/1022/489 1292/1020/487 1280/1008/475
f 1282/1011/478 1294/1023/490 1293/1022/489 1281/1010/477
f 1283/1012/479 1295/1024/491 1294/1023/490 1282/1011/478
f 1284/1013/480 1296/1025/492 1295/1024/491 1283/1012/479
f 1285/1014/481 1297/1026/493 1296/1025/492 1284/1013/480
f 1286/1015/482 1298/1027/494 1297/1026/493 1285/1014/481
f 1287/1016/483 1299/1028/495 1298/1027/494 1286/1015/482
f 1288/1017/484 1300/1029/496 1299/1028/495 1287/1016/483
f 1289/1018/485 1301/1030/497 1300/1029/496 1288/1017/484
f 1290/1019/486 1302/1031/498 1301/1030/497 1289/1018/485
f 1292/1020/487 1304/1032/499 1303/1033/500 1291/1021/488
f 1293/1022/489 1305/1034/501 1304/1032/499 1292/1020/487
f 1294/1023/490 1306/1035/502 1305/1034/501 1293/1022/489
f 1295/1024/491 1307/1036/503 1306/1035/502 1294/1023/490
f 1296/1025/492 1308/1037/504 1307/1036/503 1295/1024/491
f 1297/1026/493 1309/1038/505 1308/1037/504 1296/1025/492
f 1298/1027/494 1310/1039/506 1309/1038/505 1297/1026/493
f 1299/1028/495 1311/1040/507 1310/1039/506 1298/1027/494
f 1300/1029/496 1312/1041/508 1311/1040/507 1299/1028/495
f 1301/1030/497 1313/1042/509 1312/1041/508 1300/1029/496
f 1302/1031/498 1314/1043/510 1313/1042/509 1301/1030/497
f 1304/1032/499 1316/1044/511 1315/1045/512 1303/1033/500
f 1305/1034/501 1317/1046/513 1316/1044/511 1304/1032/499
f 1306/1035/502 1318/1047/514 1317/1046/513 1305/1034/501
f 1307/1036/503 1319/1048/515 1318/1047/514 1306/1035/502
f 1308/1037/504 1320/1049/516 1319/1048/515 1307/1036/503
f 1309/1038/505 1321/1050/517 1320/1049/516 1308/1037/504
f 1310/1039/506 1322/1051/518 1321/1050/517 1309/1038/505
f 1311/1040/507 1323/1052/519 1322/1051/518 1310/1039/506
f 1312/1041/508 1324/1053/520 1323/1052/519 1311/1040/507
f 1313/1042/509 1325/1054/521 1324/1053/520 1312/1041/508
f 1314/1043/510 1326/1055/522 1325/1054/521 1313/1042/509
f 1316/1044/511 1328/1056/523 1327/1057/524 1315/1045/512
f 1317/1046/513 1329/1058/525 1328/1056/523 1316/1044/511
f 1318/1047/514 1330/1059/526 1329/1058/525 1317/1046/513
f 1319/1048/515 1331/1060/527 1330/1059/526 1318/1047/514
f 1320/1049/516 1332/1061/528 1331/1060/527 1319/1048/515
f 1321/1050/517 1333/1062/529 1332/1061/528 1320/1049/516
f 1322/1051/518 1334/1063/530 1333/1062/529 1321/1050/517
f 1323/1052/519 1335/1064/531 1334/1063/530 1322/1051/518
f 1324/1053/520 1336/1065/532 1335/1064/531 1323/1052/519
f 1325/1054/521 1337/1066/533 1336/1065/532 1324/1053/520
f 1326/1055/522 1338/1067/534 1337/1066/533 1325/1054/521
f 1328/1056/523 1340/1068/535 1339/1069/536 1327/1057/524
f 1329/1058/525 1341/1070/537 1340/1068/535 1328/1056/523
f 1330/1059/526 1342/1071/538 1341/1070/537 1329/1058/525
f 1331/1060/527 1343/1072/539 1342/1071/538 1330/1059/526
f 1332/1061/528 1344/1073/540 1343/1072/539 1331/1060/527
f 1333/1062/529 1345/1074/541 1344/1073/540 1332/1061/528
f 1334/1063/530 1346/1075/542 1345/1074/541 1333/1062/529
f 1335/1064/531 1347/1076/543 1346/1075/542 1334/1063/530
f 1336/1065/532 1348/1077/544 1347/1076/543 1335/1064/531
f 1337/1066/533 1349/1078/545 1348/1077/544 1336/1065/532
f 1338/1067/534 1350/1079/546 1349/1078/545 1337/1066/533
f 1340/1068/535 1352/1080/547 1351/1081/548 1339/1069/536
f 1341/1070/537 1353/1082/549 1352/1080/547 1340/1068/535
f 1342/1071/538 1354/1083/550 1353/1082/549 1341/1070/537
f 1343/1072/539 1355/1084/551 1354/1083/550 1342/1071/538
f 1344/1073/540 1356/1085/552 1355/1084/551 1343/1072/539
f 1345/1074/541 1357/1086/553 1356/1085/552 1344/1073/540
f 1346/1075/542 1358/1087/554 1357/1086/553 1345/1074/541
f 1347/1076/543 1359/1088/555 1358/1087/554 1346/1075/542
f 1348/1077/544 1360/1089/556 1359/1088/555 1347/1076/543
f 1349/1078/545 1361/1090/557 1360/1089/556 1348/1077/544
f 1350/1079/546 1362/1091/558 1361/1090/557 1349/1078/545
f 1352/1080/547 1364/1092/559 1363/1093/560 1351/1081/548
f 1353/1082/549 1365/1094/561 1364/1092/559 1352/1080/547
f 1354/1083/550 1366/1095/562 1365/1094/561 1353/1082/549
f 1355/1084/551 1367/1096/563 1366/1095/562 1354/1083/550
f 1356/1085/552 1368/1097/564 1367/1096/563 1355/1084/551
f 1357/1086/553 1369/1098/565 1368/1097/564 1356/1085/552
f 1358/1087/554 1370/1099/566 1369/1098/565 1357/1086/553
f 1359/1088/555 1371/1100/567 1370/1099/566 1358/1087/554
f 1360/1089/556 1372/1101/568 1371/1100/567 1359/1088/555
f 1361/1090/557 1373/1102/569 1372/1101/568 1360/1089/556
f 1362/1091/558 1374/1103/570 1373/1102/569 1361/1090/557
f 1364/1092/559 1376/1104/571 1375/1105/572 1363/1093/560
f 1365/1094/561 1377/1106/573 1376/1104/571 1364/1092/559
f 1366/1095/562 1378/1107/574 1377/1106/573 1365/1094/561
f 1367/1096/563 1379/1108/575 1378/1107/574 1366/1095/562
f 1368/1097/564 1380/1109/576 1379/1108/575 1367/1096/563
f 1369/1098/565 1381/1110/577 1380/1109/576 1368/1097/564
f 1370/1099/566 1382/1111/578 1381/1110/577 1369/1098/565
f 1371/1100/567 1383/1112/579 1382/1111/578 1370/1099/566
f 1372/1101/568 1384/1113/580 1383/1112/579 1371/1100/567
f 1373/1102/569 1385/1114/581 1384/1113/580 1372/1101/568
f 1374/1103/570 1386/1115/582 1385/1114/581 1373/1102/569
f 1376/1104/571 1388/1116/583 1387/1117/584 1375/1105/572
f 1377/1106/573 1389/1118/585 1388/1116/583 1376/1104/571
f 1378/1107/574 1390/1119/586 1389/1118/585 1377/1106/573
f 1379/1108/575 1391/1120/587 1390/1119/586 1378/1107/574
f 1380/1109/576 1392/1121/588 1391/1120/587 1379/1108/575
f 1381/1110/577 1393/1122/589 1392/1121/588 1380/1109/576
f 1382/1111/578 1394/1123/590 1393/1122/589 1381/1110/577
f 1383/1112/579 1395/1124/591 1394/1123/590 1382/1111/578
f 1384/1113/580 1396/1125/592 1395/1124/591 1383/1112/579
f 1385/1114/581 1397/1126/593 1396/1125/592 1384/1113/580
f 1386/1115/582 1398/1127/594 1397/1126/593 1385/1114/581
f 1388/1116/583 1400/1128/595 1399/1129/596 1387/1117/584
f 1389/1118/585 1401/1130/597 1400/1128/595 1388/1116/583
f 1390/1119/586 1402/1131/598 1401/1130/597 1389/1118/585
f 1391/1120/587 1403/1132/599 1402/1131/598 1390/1119/586
f 1392/1121/588 1404/1133/600 1403/1132/599 1391/1120/587
f 1393/1122/589 1405/1134/601 1404/1133/600 1392/1121/588
f 1394/1123/590 1406/1135/602 1405/1134/601 1393/1122/589
f 1395/1124/591 1407/1136/603 1406/1135/602 1394/1123/590
f 1396/1125/592 1408/1137/604 1407/1136/603 1395/1124/591
f 1397/1126/593 1409/1138/605 1408/1137/604 1396/1125/592
f 1398/1127/594 1410/1139/606 1409/1138/605 1397/1126/593
f 1400/1128/595 1412/1140/607 1411/1141/608 1399/1129/596
f 1401/1130/597 1413/1142/609 1412/1140/607 1400/1128/595
f 1402/1131/598 1414/1143/610 1413/1142/609 1401/1130/597
f 1403/1132/599 1415/1144/611 1414/1143/610 1402/1131/598
f 1404/1133/600 1416/1145/612 1415/1144/611 1403/1132/599
f 1405/1134/601 1417/1146/613 1416/1145/612 1404/1133/600
f 1406/1135/602 1418/1147/614 1417/1146/613 1405/1134/601
f 1407/1136/603 1419/1148/615 1418/1147/614 1406/1135/602
f 1408/1137/604 1420/1149/616 1419/1148/615 1407/1136/603
f 1409/1138/605 1421/1150/617 1420/1149/616 1408/1137/604
f 1410/1139/606 1422/1151/618 1421/1150/617 1409/1138/605
f 1412/1140/607 1424/1152/619 1423/1153/620 1411/1141/608
f 1413/1142/609 1425/1154/621 1424/1152/619 1412/1140/607
f 1414/1143/610 1426/1155/622 1425/1154/621 1413/1142/609
f 1415/1144/611 1427/1156/623 1426/1155/622 1414/1143/610
f 1416/1145/612 1428/1157/624 1427/1156/623 1415/1144/611
f 1417/1146/613 1429/1158/625 1428/1157/624 1416/1145/612
f 1418/1147/614 1430/1159/626 1429/1158/625 1417/1146/613
f 1419/1148/615 1431/1160/627 1430/1159/626 1418/1147/614
f 1420/1149/616 1432/1161/628 1431/1160/627 1419/1148/615
f 1421/1150/617 1433/1162/629 1432/1161/628 1420/1149/616
f 1422/1151/618 1434/1163/630 1433/1162/629 1421/1150/617
f 1424/1152/619 1436/1164/631 1435/1165/632 1423/1153/620
f 1425/1154/621 1437/1166/633 1436/1164/631 1424/1152/619
f 1426/1155/622 1438/1167/634 1437/1166/633 1425/1154/621
f 1427/1156/623 1439/1168/635 1438/1167/634 1426/1155/622
f 1428/1157/624 1440/1169/636 1439/1168/635 1427/1156/623
f 1429/1158/625 1441/1170/637 1440/1169/636 1428/1157/624
f 1430/1159/626 1442/1171/638 1441/1170/637 1429/1158/625
f 1431/1160/627 1443/1172/639 1442/1171/638 1430/1159/626
f 1432/1161/628 1444/1173/640 1443/1172/639 1431/1160/627
f 1433/1162/629 1445/1174/641 1444/1173/640 1432/1161/628
f 1434/1163/630 1446/1175/642 1445/1174/641 1433/1162/629
f 1436/1164/631 1448/1176/643 1447/1177/644 1435/1165/632
f 1437/1166/633 1449/1178/645 1448/1176/643 1436/1164/631
f 1438/1167/634 1450/1179/646 1449/1178/645 1437/1166/633
f 1439/1168/635 1451/1180/647 1450/1179/646 1438/1167/634
f 1440/1169/636 1452/1181/648 1451/1180/647 1439/1168/635
f 1441/1170/637 1453/1182/649 1452/1181/648 1440/1169/636
f 1442/1171/638 1454/1183/650 1453/1182/649 1441/1170/637
f 1443/1172/639 1455/1184/651 1454/1183/650 1442/1171/638
f 1444/1173/640 1456/1185/652 1455/1184/651 1443/1172/639
f 1445/1174/641 1457/1186/653 1456/1185/652 1444/1173/640
f 1446/1175/642 1458/1187/654 1457/1186/653 1445/1174/641
f 1448/1176/643 1460/1188/655 1459/1189/656 1447/1177/644
f 1449/1178/645 1461/1190/657 1460/1188/655 1448/1176/643
f 1450/1179/646 1462/1191/658 1461/1190/657 1449/1178/645
f 1451/1180/647 1463/1192/659 1462/1191/658 1450/1179/646
f 1452/1181/648 1464/1193/660 1463/1192/659 1451/1180/647
f 1453/1182/649 1465/1194/661 1464/1193/660 1452/1181/648
f 1454/1183/650 1466/1195/662 1465/1194/661 1453/1182/649
f 1455/1184/651 1467/1196/663 1466/1195/662 1454/1183/650
f 1456/1185/652 1468/1197/664 1467/1196/663 1455/1184/651
f 1457/1186/653 1469/1198/665 1468/1197/664 1456/1185/652
f 1458/1187/654 1470/1199/666 1469/1198/665 1457/1186/653
f 1460/1188/655 1472/1200/667 1471/1201/668 1459/1189/656
f 1461/1190/657 1473/1202/669 1472/1200/667 1460/1188/655
f 1462/1191/658 1474/1203/670 1473/1202/669 1461/1190/657
f 1463/1192/659 1475/1204/671 1474/1203/670 1462/1191/658
f 1464/1193/660 1476/1205/672 1475/1204/671 1463/1192/659
f 1465/1194/661 1477/1206/673 1476/1205/672 1464/1193/660
f 1466/1195/662 1478/1207/674 1477/1206/673 1465/1194/661
f 1467/1196/663 1479/1208/675 1478/1207/674 1466/1195/662
f 1468/1197/664 1480/1209/676 1479/1208/675 1467/1196/663
f 1469/1198/665 1481/1210/677 1480/1209/676 1468/1197/664
f 1470/1199/666 1482/1211/678 1481/1210/677 1469/1198/665
f 1472/1200/667 1484/1212/679 1483/1213/680 1471/1201/668
f 1473/1202/669 1485/1214/681 1484/1212/679 1472/1200/667
f 1474/1203/670 1486/1215/682 1485/1214/681 1473/1202/669
f 1475/1204/671 1487/1216/683 1486/1215/682 1474/1203/670
f 1476/1205/672 1488/1217/684 1487/1216/683 1475/1204/671
f 1477/1206/673 1489/1218/685 1488/1217/684 1476/1205/672
f 1478/1207/674 1490/1219/686 1489/1218/685 1477/1206/673
f 1479/1208/675 1491/1220/687 1490/1219/686 1478/1207/674
f 1480/1209/676 1492/1221/688 1491/1220/687 1479/1208/675
f 1481/1210/677 1493/1222/689 1492/1221/688 1480/1209/676
f 1482/1211/678 1494/1223/690 1493/1222/689 1481/1210/677
f 1484/1212/679 1496/1224/691 1495/1225/692 1483/1213/680
f 1485/1214/681 1497/1226/693 1496/1224/691 1484/1212/679
f 1486/1215/682 1498/1227/694 1497/1226/693 1485/1214/681
f 1487/1216/683 1499/1228/695 1498/1227/694 1486/1215/682
f 1488/1217/684 1500/1229/696 1499/1228/695 1487/1216/683
f 1489/1218/685 1501/1230/697 1500/1229/696 1488/1217/684
f 1490/1219/686 1502/1231/698 1501/1230/697 1489/1218/685
f 1491/1220/687 1503/1232/699 1502/1231/698 1490/1219/686
f 1492/1221/688 1504/1233/700 1503/1232/699 1491/1220/687
f 1493/1222/689 1505/1234/701 1504/1233/700 1492/1221/688
f 1494/1223/690 1506/1235/702 1505/1234/701 1493/1222/689
f 1496/1224/691 1508/1236/703 1507/1237/704 1495/1225/692
f 1497/1226/693 1509/1238/705 1508/1236/703 1496/1224/691
f 1498/1227/694 1510/1239/706 1509/1238/705 1497/1226/693
f 1499/1228/695 1511/1240/707 1510/1239/706 1498/1227/694
f 1500/1229/696 1512/1241/708 1511/1240/707 1499/1228/695
f 1501/1230/697 1513/1242/709 1512/1241/708 1500/1229/696
f 1502/1231/698 1514/1243/710 1513/1242/709 1501/1230/697
f 1503/1232/699 1515/1244/711 1514/1243/710 1502/1231/698
f 1504/1233/700 1516/1245/712 1515/1244/711 1503/1232/699
f 1505/1234/701 1517/1246/713 1516/1245/712 1504/1233/700
f 1506/1235/702 1518/1247/714 1517/1246/713 1505/1234/701
f 1508/1236/703 1520/1248/715 1519/1249/716 1507/1237/704
f 1509/1238/705 1521/1250/717 1520/1248/715 1508/1236/703
f 1510/1239/706 1522/1251/718 1521/1250/717 1509/1238/705
f 1511/1240/707 1523/1252/719 1522/1251/718 1510/1239/706
f 1512/1241/708 1524/1253/720 1523/1252/719 1511/1240/707
f 1513/1242/709 1525/1254/721 1524/1253/720 1512/1241/708
f 1514/1243/710 1526/1255/722 1525/1254/721 1513/1242/709
f 1515/1244/711 1527/1256/723 1526/1255/722 1514/1243/710
f 1516/1245/712 1528/1257/724 1527/1256/723 1515/1244/711
f 1517/1246/713 1529/1258/725 1528/1257/724 1516/1245/712
f 1518/1247/714 1530/1259/726 1529/1258/725 1517/1246/713
f 1520/1248/715 1532/1260/727 1531/1261/728 1519/1249/716
f 1521/1250/717 1533/1262/729 1532/1260/727 1520/1248/715
f 1522/1251/718 1534/1263/730 1533/1262/729 1521/1250/717
f 1523/1252/719 1535/1264/731 1534/1263/730 1522/1251/718
f 1524/1253/720 1536/1265/732 1535/1264/731 1523/1252/719
f 1525/1254/721 1537/1266/733 1536/1265/732 1524/1253/720
f 1526/1255/722 1538/1267/734 1537/1266/733 1525/1254/721
f 1527/1256/723 1539/1268/735 1538/1267/734 1526/1255/722
f 1528/1257/724 1540/1269/736 1539/1268/735 1527/1256/723
f 1529/1258/725 1541/1270/737 1540/1269/736 1528/1257/724
f 1530/1259/726 1542/1271/738 1541/1270/737 1529/1258/725
f 1532/1260/727 1544/1272/739 1543/1273/740 1531/1261/728
f 1533/1262/729 1545/1274/741 1544/1272/739 1532/1260/727
f 1534/1263/730 1546/1275/742 1545/1274/741 1533/1262/729
f 1535/1264/731 1547/1276/743 1546/1275/742 1534/1263/730
f 1536/1265/732 1548/1277/744 1547/1276/743 1535/1264/731
f 1537/1266/733 1549/1278/745 1548/1277/744 1536/1265/732
f 1538/1267/734 1550/1279/746 1549/1278/745 1537/1266/733
f 1539/1268/735 1551/1280/747 1550/1279/746 1538/1267/734
f 1540/1269/736 1552/1281/748 1551/1280/747 1539/1268/735
f 1541/1270/737 1553/1282/749 1552/1281/748 1540/1269/736
f 1542/1271/738 1554/1283/750 1553/1282/749 1541/1270/737
f 1544/1272/739 1556/1284/751 1555/1285/752 1543/1273/740
f 1545/1274/741 1557/1286/753 1556/1284/751 1544/1272/739
f 1546/1275/742 1558/1287/754 1557/1286/753 1545/1274/741
f 1547/1276/743 1559/1288/755 1558/1287/754 1546/1275/742
f 1548/1277/744 1560/1289/756 1559/1288/755 1547/1276/743
f 1549/1278/745 1561/1290/757 1560/1289/756 1548/1277/744
f 1550/1279/746 1562/1291/758 1561/1290/757 1549/1278/745
f 1551/1280/747 1563/1292/759 1562/1291/758 1550/1279/746
f 1552/1281/748 1564/1293/760 1563/1292/759 1551/1280/747
f 1553/1282/749 1565/1294/761 1564/1293/760 1552/1281/748
f 1554/1283/750 1566/1295/762 1565/1294/761 1553/1282/749
f 1556/1284/751 1568/1296/763 1567/1297/764 1555/1285/752
f 1557/1286/753 1569/1298/765 1568/1296/763 1556/1284/751
f 1558/1287/754 1570/1299/766 1569/1298/765 1557/1286/753
f 1559/1288/755 1571/1300/767 1570/1299/766 1558/1287/754
f 1560/1289/756 1572/1301/768 1571/1300/767 1559/1288/755
f 1561/1290/757 1573/1302/769 1572/1301/768 1560/1289/756
f 1562/1291/758 1574/1303/770 1573/1302/769 1561/1290/757
f 1563/1292/759 1575/1304/771 1574/1303/770 1562/1291/758
f 1564/1293/760 1576/1305/772 1575/1304/771 1563/1292/759
f 1565/1294/761 1577/1306/773 1576/1305/772 1564/1293/760
f 1566/1295/762 1578/1307/774 1577/1306/773 1565/1294/761
f 1568/1296/763 1580/1308/775 1579/1309/776 1567/1297/764
f 1569/1298/765 1581/1310/777 1580/1308/775 1568/1296/763
f 1570/1299/766 1582/1311/778 1581/1310/777 1569/1298/765
f 1571/1300/767 1583/1312/779 1582/1311/778 1570/1299/766
f 1572/1301/768 1584/1313/780 1583/1312/779 1571/1300/767
f 1573/1302/769 1585/1314/781 1584/1313/780 1572/1301/768
f 1574/1303/770 1586/1315/782 1585/1314/781 1573/1302/769
f 1575/1304/771 1587/1316/783 1586/1315/782 1574/1303/770
f 1576/1305/772 1588/1317/784 1587/1316/783 1575/1304/771
f 1577/1306/773 1589/1318/785 1588/1317/784 1576/1305/772
f 1578/1307/774 1590/1319/786 1589/1318/785 1577/1306/773
f 1580/1308/775 1592/1320/787 1591/1321/788 1579/1309/776
f 1581/1310/777 1593/1322/789 1592/1320/787 1580/1308/775
f 1582/1311/778 1594/1323/790 1593/1322/789 1581/1310/777
f 1583/1312/779 1595/1324/791 1594/1323/790 1582/1311/778
f 1584/1313/780 1596/1325/792 1595/1324/791 1583/1312/779
f 1585/1314/781 1597/1326/793 1596/1325/792 1584/1313/780
f 1586/1315/782 1598/1327/794 1597/1326/793 1585/1314/781
f 1587/1316/783 1599/1328/795 1598/1327/794 1586/1315/782
f 1588/1317/784 1600/1329/796 1599/1328/795 1587/1316/783
f 1589/1318/785 1601/1330/797 1600/1329/796 1588/1317/784
f 1590/1319/786 1602/1331/798 1601/1330/797 1589/1318/785
f 1592/1320/787 1604/1332/799 1603/1333/800 1591/1321/788
f 1593/1322/789 1605/1334/801 1604/1332/799 1592/1320/787
f 1594/1323/790 1606/1335/802 1605/1334/801 1593/1322/789
f 1595/1324/791 1607/1336/803 1606/1335/802 1594/1323/790
f 1596/1325/792 1608/1337/804 1607/1336/803 1595/1324/791
f 1597/1326/793 1609/1338/805 1608/1337/804 1596/1325/792
f 1598/1327/794 1610/1339/806 1609/1338/805 1597/1326/793
f 1599/1328/795 1611/1340/807 1610/1339/806 1598/1327/794
f 1600/1329/796 1612/1341/808 1611/1340/807 1599/1328/795
f 1601/1330/797 1613/1342/809 1612/1341/808 1600/1329/796
f 1602/1331/798 1614/1343/810 1613/1342/809 1601/1330/797
f 1604/1332/799 1616/1344/811 1615/1345/812 1603/1333/800
f 1605/1334/801 1617/1346/813 1616/1344/811 1604/1332/799
f 1606/1335/802 1618/1347/814 1617/1346/813 1605/1334/801
f 1607/1336/803 1619/1348/815 1618/1347/814 1606/1335/802
f 1608/1337/804 1620/1349/816 1619/1348/815 1607/1336/803
f 1609/1338/805 1621/1350/817 1620/1349/816 1608/1337/804
f 1610/1339/806 1622/1351/818 1621/1350/817 1609/1338/805
f 1611/1340/807 1623/1352/819 1622/1351/818 1610/1339/806
f 1612/1341/808 1624/1353/820 1623/1352/819 1611/1340/807
f 1613/1342/809 1625/1354/821 1624/1353/820 1612/1341/808
f 1614/1343/810 1626/1355/822 1625/1354/821 1613/1342/809
f 1616/1344/811 1628/1356/823 1627/1357/824 1615/1345/812
f 1617/1346/813 1629/1358/825 1628/1356/823 1616/1344/811
f 1618/1347/814 1630/1359/826 1629/1358/825 1617/1346/813
f 1619/1348/815 1631/1360/827 1630/1359/826 1618/1347/814
f 1620/1349/816 1632/1361/828 1631/1360/827 1619/1348/815
f 1621/1350/817 1633/1362/829 1632/1361/828 1620/1349/816
f 1622/1351/818 1634/1363/830 1633/1362/829 1621/1350/817
f 1623/1352/819 1635/1364/831 1634/1363/830 1622/1351/818
f 1624/1353/820 1636/1365/832 1635/1364/831 1623/1352/819
f 1625/1354/821 1637/1366/833 1636/1365/832 1624/1353/820
f 1626/1355/822 1638/1367/834 1637/1366/833 1625/1354/821
f 1628/1356/823 1640/1368/835 1639/1369/836 1627/1357/824
f 1629/1358/825 1641/1370/837 1640/1368/835 1628/1356/823
f 1630/1359/826 1642/1371/838 1641/1370/837 1629/1358/825
f 1631/1360/827 1643/1372/839 1642/1371/838 1630/1359/826
f 1632/1361/828 1644/1373/840 1643/1372/839 1631/1360/827
f 1633/1362/829 1645/1374/841 1644/1373/840 1632/1361/828
f 1634/1363/830 1646/1375/842 1645/1374/841 1633/1362/829
f 1635/1364/831 1647/1376/843 1646/1375/842 1634/1363/830
f 1636/1365/832 1648/1377/844 1647/1376/843 1635/1364/831
f 1637/1366/833 1649/1378/845 1648/1377/844 1636/1365/832
f 1638/1367/834 1650/1379/846 1649/1378/845 1637/1366/833
f 1640/1368/835 1652/1380/847 1651/1381/848 1639/1369/836
f 1641/1370/837 1653/1382/849 1652/1380/847 1640/1368/835
f 1642/1371/838 1654/1383/850 1653/1382/849 1641/1370/837
f 1643/1372/839 1655/1384/851 1654/1383/850 1642/1371/838
f 1644/1373/840 1656/1385/852 1655/1384/851 1643/1372/839
f 1645/1374/841 1657/1386/853 1656/1385/852 1644/1373/840
f 1646/1375/842 1658/1387/854 1657/1386/853 1645/1374/841
f 1647/1376/843 1659/1388/855 1658/1387/854 1646/1375/842
f 1648/1377/844 1660/1389/856 1659/1388/855 1647/1376/843
f 1649/1378/845 1661/1390/857 1660/1389/856 1648/1377/844
f 1650/1379/846 1662/1391/858 1661/1390/857 1649/1378/845
f 1652/1380/847 1664/1392/859 1663/1393/860 1651/1381/848
f 1653/1382/849 1665/1394/861 1664/1392/859 1652/1380/847
f 1654/1383/850 1666/1395/862 1665/1394/861 1653/1382/849
f 1655/1384/851 1667/1396/863 1666/1395/862 1654/1383/850
f 1656/1385/852 1668/1397/864 1667/1396/863 1655/1384/851
f 1657/1386/853 1669/1398/865 1668/1397/864 1656/1385/852
f 1658/1387/854 1670/1399/866 1669/1398/865 1657/1386/853
f 1659/1388/855 1671/1400/867 1670/1399/866 1658/1387/854
f 1660/1389/856 1672/1401/868 1671/1400/867 1659/1388/855
f 1661/1390/857 1673/1402/869 1672/1401/868 1660/1389/856
f 1662/1391/858 1674/1403/870 1673/1402/869 1661/1390/857
f 1664/1392/859 1676/1404/871 1675/1405/872 1663/1393/860
f 1665/1394/861 1677/1406/873 1676/1404/871 1664/1392/859
f 1666/1395/862 1678/1407/874 1677/1406/873 1665/1394/861
f 1667/1396/863 1679/1408/875 1678/1407/874 1666/1395/862
f 1668/1397/864 1680/1409/876 1679/1408/875 1667/1396/863
f 1669/1398/865 1681/1410/877 1680/1409/876 1668/1397/864
f 1670/1399/866 1682/1411/878 1681/1410/877 1669/1398/865
f 1671/1400/867 1683/1412/879 1682/1411/878 1670/1399/866
f 1672/1401/868 1684/1413/880 1683/1412/879 1671/1400/867
f 1673/1402/869 1685/1414/881 1684/1413/880 1672/1401/868
f 1674/1403/870 1686/1415/882 1685/1414/881 1673/1402/869
f 1676/1404/871 1688/1416/883 1687/1417/884 1675/1405/872
f 1677/1406/873 1689/1418/885 1688/1416/883 1676/1404/871
f 1678/1407/874 1690/1419/886 1689/1418/885 1677/1406/873
f 1679/1408/875 1691/1420/887 1690/1419/886 1678/1407/874
f 1680/1409/876 1692/1421/888 1691/1420/887 1679/1408/875
f 1681/1410/877 1693/1422/889 1692/1421/888 1680/1409/876
f 1682/1411/878 1694/1423/890 1693/1422/889 1681/1410/877
f 1683/1412/879 1695/1424/891 1694/1423/890 1682/1411/878
f 1684/1413/880 1696/1425/892 1695/1424/891 1683/1412/879
f 1685/1414/881 1697/1426/893 1696/1425/892 1684/1413/880
f 1686/1415/882 1698/1427/894 1697/1426/893 1685/1414/881
f 1688/1416/883 1700/1428/895 1699/1429/896 1687/1417/884
f 1689/1418/885 1701/1430/897 1700/1428/895 1688/1416/883
f 1690/1419/886 1702/1431/898 1701/1430/897 1689/1418/885
f 1691/1420/887 1703/1432/899 1702/1431/898 1690/1419/886
f 1692/1421/888 1704/1433/900 1703/1432/899 1691/1420/887
f 1693/1422/889 1705/1434/901 1704/1433/900 1692/1421/888
f 1694/1423/890 1706/1435/902 1705/1434/901 1693/1422/889
f 1695/1424/891 1707/1436/903 1706/1435/902 1694/1423/890
f 1696/1425/892 1708/1437/904 1707/1436/903 1695/1424/891
f 1697/1426/893 1709/1438/905 1708/1437/904 1696/1425/892
f 1698/1427/894 1710/1439/906 1709/1438/905 1697/1426/893
f 1700/1428/895 1712/1440/907 1711/1441/908 1699/1429/896
f 1701/1430/897 1713/1442/909 1712/1440/907 1700/1428/895
f 1702/1431/898 1714/1443/910 1713/1442/909 1701/1430/897
f 1703/1432/899 1715/1444/911 1714/1443/910 1702/1431/898
f 1704/1433/900 1716/1445/912 1715/1444/911 1703/1432/899
f 1705/1434/901 1717/1446/913 1716/1445/912 1704/1433/900
f 1706/1435/902 1718/1447/914 1717/1446/913 1705/1434/901
f 1707/1436/903 1719/1448/915 1718/1447/914 1706/1435/902
f 1708/1437/904 1720/1449/916 1719/1448/915 1707/1436/903
f 1709/1438/905 1721/1450/917 1720/1449/916 1708/1437/904
f 1710/1439/906 1722/1451/918 1721/1450/917 1709/1438/905
f 1712/1440/907 1724/1452/919 1723/1453/920 1711/1441/908
f 1713/1442/909 1725/1454/921 1724/1452/919 1712/1440/907
f 1714/1443/910 1726/1455/922 1725/1454/921 1713/1442/909
f 1715/1444/911 1727/1456/923 1726/1455/922 1714/1443/910
f 1716/1445/912 1728/1457/924 1727/1456/923 1715/1444/911
f 1717/1446/913 1729/1458/925 1728/1457/924 1716/1445/912
f 1718/1447/914 1730/1459/926 1729/1458/925 1717/1446/913
f 1719/1448/915 1731/1460/927 1730/1459/926 1718/1447/914
f 1720/1449/916 1732/1461/928 1731/1460/927 1719/1448/915
f 1721/1450/917 1733/1462/929 1732/1461/928 1720/1449/916
f 1722/1451/918 1734/1463/930 1733/1462/929 1721/1450/917
f 1724/1452/919 1736/1464/931 1735/1465/788 1723/1453/920
f 1725/1454/921 1737/1466/932 1736/1464/931 1724/1452/919
f 1726/1455/922 1738/1467/933 1737/1466/932 1725/1454/921
f 1727/1456/923 1739/1468/934 1738/1467/933 1726/1455/922
f 1728/1457/924 1740/1469/935 1739/1468/934 1727/1456/923
f 1729/1458/925 1741/1470/936 1740/1469/935 1728/1457/924
f 1730/1459/926 1742/1471/937 1741/1470/936 1729/1458/925
f 1731/1460/927 1743/1472/938 1742/1471/937 1730/1459/926
f 1732/1461/928 1744/1473/939 1743/1472/938 1731/1460/927
f 1733/1462/929 1745/1474/940 1744/1473/939 1732/1461/928
f 1734/1463/930 1746/1475/798 1745/1474/940 1733/1462/929
f 1736/1464/931 1748/1476/941 1747/1477/942 1735/1465/788
f 1737/1466/932 1749/1478/943 1748/1476/941 1736/1464/931
f 1738/1467/933 1750/1479/944 1749/1478/943 1737/1466/932
f 1739/1468/934 1751/1480/945 1750/1479/944 1738/1467/933
f 1740/1469/935 1752/1481/946 1751/1480/945 1739/1468/934
f 1741/1470/936 1753/1482/947 1752/1481/946 1740/1469/935
f 1742/1471/937 1754/1483/948 1753/1482/947 1741/1470/936
f 1743/1472/938 1755/1484/949 1754/1483/948 1742/1471/937
f 1744/1473/939 1756/1485/950 1755/1484/949 1743/1472/938
f 1745/1474/940 1757/1486/951 1756/1485/950 1744/1473/939
f 1746/1475/798 1758/1487/952 1757/1486/951 1745/1474/940
f 1748/1476/941 1760/1488/953 1759/1489/954 1747/1477/942
f 1749/1478/943 1761/1490/955 1760/1488/953 1748/1476/941
f 1750/1479/944 1762/1491/956 1761/1490/955 1749/1478/943
f 1751/1480/945 1763/1492/957 1762/1491/956 1750/1479/944
f 1752/1481/946 1764/1493/958 1763/1492/957 1751/1480/945
f 1753/1482/947 1765/1494/959 1764/1493/958 1752/1481/946
f 1754/1483/948 1766/1495/960 1765/1494/959 1753/1482/947
f 1755/1484/949 1767/1496/961 1766/1495/960 1754/1483/948
f 1756/1485/950 1768/1497/962 1767/1496/961 1755/1484/949
f 1757/1486/951 1769/1498/963 1768/1497/962 1756/1485/950
f 1758/1487/952 1770/1499/964 1769/1498/963 1757/1486/951
f 1760/1488/953 1772/1500/965 1771/1501/966 1759/1489/954
f 1761/1490/955 1773/1502/967 1772/1500/965 1760/1488/953
f 1762/1491/956 1774/1503/968 1773/1502/967 1761/1490/955
f 1763/1492/957 1775/1504/969 1774/1503/968 1762/1491/956
f 1764/1493/958 1776/1505/970 1775/1504/969 1763/1492/957
f 1765/1494/959 1777/1506/971 1776/1505/970 1764/1493/958
f 1766/1495/960 1778/1507/972 1777/1506/971 1765/1494/959
f 1767/1496/961 1779/1508/973 1778/1507/972 1766/1495/960
f 1768/1497/962 1780/1509/974 1779/1508/973 1767/1496/961
f 1769/1498/963 1781/1510/975 1780/1509/974 1768/1497/962
f 1770/1499/964 1782/1511/976 1781/1510/975 1769/1498/963
f 1772/1500/965 1784/1512/977 1783/1513/978 1771/1501/966
f 1773/1502/967 1785/1514/979 1784/1512/977 1772/1500/965
f 1774/1503/968 1786/1515/980 1785/1514/979 1773/1502/967
f 1775/1504/969 1787/1516/981 1786/1515/980 1774/1503/968
f 1776/1505/970 1788/1517/982 1787/1516/981 1775/1504/969
f 1777/1506/971 1789/1518/983 1788/1517/982 1776/1505/970
f 1778/1507/972 1790/1519/984 1789/1518/983 1777/1506/971
f 1779/1508/973 1791/1520/985 1790/1519/984 1778/1507/972
f 1780/1509/974 1792/1521/986 1791/1520/985 1779/1508/973
f 1781/1510/975 1793/1522/987 1792/1521/986 1780/1509/974
f 1782/1511/976 1794/1523/988 1793/1522/987 1781/1510/975
f 1784/1512/977 1796/1524/989 1795/1525/990 1783/1513/978
f 1785/1514/979 1797/1526/991 1796/1524/989 1784/1512/977
f 1786/1515/980 1798/1527/992 1797/1526/991 1785/1514/979
f 1787/1516/981 1799/1528/993 1798/1527/992 1786/1515/980
f 1788/1517/982 1800/1529/994 1799/1528/993 1787/1516/981
f 1789/1518/983 1801/1530/995 1800/1529/994 1788/1517/982
f 1790/1519/984 1802/1531/996 1801/1530/995 1789/1518/983
f 1791/1520/985 1803/1532/997 1802/1531/996 1790/1519/984
f 1792/1521/986 1804/1533/998 1803/1532/997 1791/1520/985
f 1793/1522/987 1805/1534/999 1804/1533/998 1792/1521/986
f 1794/1523/988 1806/1535/1000 1805/1534/999 1793/1522/987
f 1796/1524/989 1808/1536/1001 1807/1537/1002 1795/1525/990
f 1797/1526/991 1809/1538/1003 1808/1536/1001 1796/1524/989
f 1798/1527/992 1810/1539/1004 1809/1538/1003 1797/1526/991
f 1799/1528/993 1811/1540/1005 1810/1539/1004 1798/1527/992
f 1800/1529/994 1812/1541/1006 1811/1540/1005 1799/1528/993
f 1801/1530/995 1813/1542/1007 1812/1541/1006 1800/1529/994
f 1802/1531/996 1814/1543/1008 1813/1542/1007 1801/1530/995
f 1803/1532/997 1815/1544/1009 1814/1543/1008 1802/1531/996
f 1804/1533/998 1816/1545/1010 1815/1544/1009 1803/1532/997
f 1805/1534/999 1817/1546/1011 1816/1545/1010 1804/1533/998
f 1806/1535/1000 1818/1547/1012 1817/1546/1011 1805/1534/999
f 1808/1536/1001 1820/1548/1013 1819/1549/1014 1807/1537/1002
f 1809/1538/1003 1821/1550/1015 1820/1548/1013 1808/1536/1001
f 1810/1539/1004 1822/1551/1016 1821/1550/1015 1809/1538/1003
f 1811/1540/1005 1823/1552/1017 1822/1551/1016 1810/1539/1004
f 1812/1541/1006 1824/1553/1018 1823/1552/1017 1811/1540/1005
f 1813/1542/1007 1825/1554/1019 1824/1553/1018 1812/1541/1006
f 1814/1543/1008 1826/1555/1020 1825/1554/1019 1813/1542/1007
f 1815/1544/1009 1827/1556/1021 1826/1555/1020 1814/1543/1008
f 1816/1545/1010 1828/1557/1022 1827/1556/1021 1815/1544/1009
f 1817/1546/1011 1829/1558/1023 1828/1557/1022 1816/1545/1010
f 1818/1547/1012 1830/1559/1024 1829/1558/1023 1817/1546/1011
f 1820/1548/1013 1832/1560/1025 1831/1561/1026 1819/1549/1014
f 1821/1550/1015 1833/1562/1027 1832/1560/1025 1820/1548/1013
f 1822/1551/1016 1834/1563/1028 1833/1562/1027 1821/1550/1015
f 1823/1552/1017 1835/1564/1029 1834/1563/1028 1822/1551/1016
f 1824/1553/1018 1836/1565/1030 1835/1564/1029 1823/1552/1017
f 1825/1554/1019 1837/1566/1031 1836/1565/1030 1824/1553/1018
f 1826/1555/1020 1838/1567/1032 1837/1566/1031 1825/1554/1019
f 1827/1556/1021 1839/1568/1033 1838/1567/1032 1826/1555/1020
f 1828/1557/1022 1840/1569/1034 1839/1568/1033 1827/1556/1021
f 1829/1558/1023 1841/1570/1035 1840/1569/1034 1828/1557/1022
f 1830/1559/1024 1842/1571/1036 1841/1570/1035 1829/1558/1023
f 1832/1560/1025 1844/1572/1037 1843/1573/1038 1831/1561/1026
f 1833/1562/1027 1845/1574/1039 1844/1572/1037 1832/1560/1025
f 1834/1563/1028 1846/1575/1040 1845/1574/1039 1833/1562/1027
f 1835/1564/1029 1847/1576/1041 1846/1575/1040 1834/1563/1028
f 1836/1565/1030 1848/1577/1042 1847/1576/1041 1835/1564/1029
f 1837/1566/1031 1849/1578/1043 1848/1577/1042 1836/1565/1030
f 1838/1567/1032 1850/1579/1044 1849/1578/1043 1837/1566/1031
f 1839/1568/1033 1851/1580/1045 1850/1579/1044 1838/1567/1032
f 1840/1569/1034 1852/1581/1046 1851/1580/1045 1839/1568/1033
f 1841/1570/1035 1853/1582/1047 1852/1581/1046 1840/1569/1034
f 1842/1571/1036 1854/1583/1048 1853/1582/1047 1841/1570/1035
f 1844/1572/1037 1856/1584/1049 1855/1585/1050 1843/1573/1038
f 1845/1574/1039 1857/1586/1051 1856/1584/1049 1844/1572/1037
f 1846/1575/1040 1858/1587/1052 1857/1586/1051 1845/1574/1039
f 1847/1576/1041 1859/1588/1053 1858/1587/1052 1846/1575/1040
f 1848/1577/1042 1860/1589/1054 1859/1588/1053 1847/1576/1041
f 1849/1578/1043 1861/1590/1055 1860/1589/1054 1848/1577/1042
f 1850/1579/1044 1862/1591/1056 1861/1590/1055 1849/1578/1043
f 1851/1580/1045 1863/1592/1057 1862/1591/1056 1850/1579/1044
f 1852/1581/1046 1864/1593/1058 1863/1592/1057 1851/1580/1045
f 1853/1582/1047 1865/1594/1059 1864/1593/1058 1852/1581/1046
f 1854/1583/1048 1866/1595/1060 1865/1594/1059 1853/1582/1047
f 1856/1584/1049 1868/1596/1061 1867/1597/1062 1855/1585/1050
f 1857/1586/1051 1869/1598/1063 1868/1596/1061 1856/1584/1049
f 1858/1587/1052 1870/1599/1064 1869/1598/1063 1857/1586/1051
f 1859/1588/1053 1871/1600/1065 1870/1599/1064 1858/1587/1052
f 1860/1589/1054 1872/1601/1066 1871/1600/1065 1859/1588/1053
f 1861/1590/1055 1873/1602/1067 1872/1601/1066 1860/1589/1054
f 1862/1591/1056 1874/1603/1068 1873/1602/1067 1861/1590/1055
f 1863/1592/1057 1875/1604/1069 1874/1603/1068 1862/1591/1056
f 1864/1593/1058 1876/1605/1070 1875/1604/1069 1863/1592/1057
f 1865/1594/1059 1877/1606/1071 1876/1605/1070 1864/1593/1058
f 1866/1595/1060 1878/1607/1072 1877/1606/1071 1865/1594/1059
f 1868/1596/1061 1880/1608/1073 1879/1609/1074 1867/1597/1062
f 1869/1598/1063 1881/1610/1075 1880/1608/1073 1868/1596/1061
f 1870/1599/1064 1882/1611/1076 1881/1610/1075 1869/1598/1063
f 1871/1600/1065 1883/1612/1077 1882/1611/1076 1870/1599/1064
f 1872/1601/1066 1884/1613/1078 1883/1612/1077 1871/1600/1065
f 1873/1602/1067 1885/1614/1079 1884/1613/1078 1872/1601/1066
f 1874/1603/1068 1886/1615/1080 1885/1614/1079 1873/1602/1067
f 1875/1604/1069 1887/1616/1081 1886/1615/1080 1874/1603/1068
f 1876/1605/1070 1888/1617/1082 1887/1616/1081 1875/1604/1069
f 1877/1606/1071 1889/1618/1083 1888/1617/1082 1876/1605/1070
f 1878/1607/1072 1890/1619/1084 1889/1618/1083 1877/1606/1071
f 1880/1608/1073 1892/1620/1085 1891/1621/1086 1879/1609/1074
f 1881/1610/1075 1893/1622/1087 1892/1620/1085 1880/1608/1073
f 1882/1611/1076 1894/1623/1088 1893/1622/1087 1881/1610/1075
f 1883/1612/1077 1895/1624/1089 1894/1623/1088 1882/1611/1076
f 1884/1613/1078 1896/1625/1090 1895/1624/1089 1883/1612/1077
f 1885/1614/1079 1897/1626/1091 1896/1625/1090 1884/1613/1078
f 1886/1615/1080 1898/1627/1092 1897/1626/1091 1885/1614/1079
f 1887/1616/1081 1899/1628/1093 1898/1627/1092 1886/1615/1080
f 1888/1617/1082 1900/1629/1094 1899/1628/1093 1887/1616/1081
f 1889/1618/1083 1901/1630/1095 1900/1629/1094 1888/1617/1082
f 1890/1619/1084 1902/1631/1096 1901/1630/1095 1889/1618/1083
f 1892/1620/1085 1904/1632/1097 1903/1633/1098 1891/1621/1086
f 1893/1622/1087 1905/1634/1099 1904/1632/1097 1892/1620/1085
f 1894/1623/1088 1906/1635/1100 1905/1634/1099 1893/1622/1087
f 1895/1624/1089 1907/1636/1101 1906/1635/1100 1894/1623/1088
f 1896/1625/1090 1908/1637/1102 1907/1636/1101 1895/1624/1089
f 1897/1626/1091 1909/1638/1103 1908/1637/1102 1896/1625/1090
f 1898/1627/1092 1910/1639/1104 1909/1638/1103 1897/1626/1091
f 1899/1628/1093 1911/1640/1105 1910/1639/1104 1898/1627/1092
f 1900/1629/1094 1912/1641/1106 1911/1640/1105 1899/1628/1093
f 1901/1630/1095 1913/1642/1107 1912/1641/1106 1900/1629/1094
f 1902/1631/1096 1914/1643/1108 1913/1642/1107 1901/1630/1095
f 1904/1632/1097 1916/1644/1109 1915/1645/1110 1903/1633/1098
f 1905/1634/1099 1917/1646/1111 1916/1644/1109 1904/1632/1097
f 1906/1635/1100 1918/1647/1112 1917/1646/1111 1905/1634/1099
f 1907/1636/1101 1919/1648/1113 1918/1647/1112 1906/1635/1100
f 1908/1637/1102 1920/1649/1114 1919/1648/1113 1907/1636/1101
f 1909/1638/1103 1921/1650/1115 1920/1649/1114 1908/1637/1102
f 1910/1639/1104 1922/1651/1116 1921/1650/1115 1909/1638/1103
f 1911/1640/1105 1923/1652/1117 1922/1651/1116 1910/1639/1104
f 1912/1641/1106 1924/1653/1118 1923/1652/1117 1911/1640/1105
f 1913/1642/1107 1925/1654/1119 1924/1653/1118 1912/1641/1106
f 1914/1643/1108 1926/1655/1120 1925/1654/1119 1913/1642/1107
f 1916/1644/1109 1928/1656/1121 1927/1657/1122 1915/1645/1110
f 1917/1646/1111 1929/1658/1123 1928/1656/1121 1916/1644/1109
f 1918/1647/1112 1930/1659/1124 1929/1658/1123 1917/1646/1111
f 1919/1648/1113 1931/1660/1125 1930/1659/1124 1918/1647/1112
f 1920/1649/1114 1932/1661/1126 1931/1660/1125 1919/1648/1113
f 1921/1650/1115 1933/1662/1127 1932/1661/1126 1920/1649/1114
f 1922/1651/1116 1934/1663/1128 1933/1662/1127 1921/1650/1115
f 1923/1652/1117 1935/1664/1129 1934/1663/1128 1922/1651/1116
f 1924/1653/1118 1936/1665/1130 1935/1664/1129 1923/1652/1117
f 1925/1654/1119 1937/1666/1131 1936/1665/1130 1924/1653/1118
f 1926/1655/1120 1938/1667/1132 1937/1666/1131 1925/1654/1119
f 1928/1656/1121 1940/1668/1133 1939/1669/1134 1927/1657/1122
f 1929/1658/1123 1941/1670/1135 1940/1668/1133 1928/1656/1121
f 1930/1659/1124 1942/1671/1136 1941/1670/1135 1929/1658/1123
f 1931/1660/1125 1943/1672/1137 1942/1671/1136 1930/1659/1124
f 1932/1661/1126 1944/1673/1138 1943/1672/1137 1931/1660/1125
f 1933/1662/1127 1945/1674/1139 1944/1673/1138 1932/1661/1126
f 1934/1663/1128 1946/1675/1140 1945/1674/1139 1933/1662/1127
f 1935/1664/1129 1947/1676/1141 1946/1675/1140 1934/1663/1128
f 1936/1665/1130 1948/1677/1142 1947/1676/1141 1935/1664/1129
f 1937/1666/1131 1949/1678/1143 1948/1677/1142 1936/1665/1130
f 1938/1667/1132 1950/1679/1144 1949/1678/1143 1937/1666/1131
f 1940/1668/1133 1952/1680/1145 1951/1681/1146 1939/1669/1134
f 1941/1670/1135 1953/1682/1147 1952/1680/1145 1940/1668/1133
f 1942/1671/1136 1954/1683/1148 1953/1682/1147 1941/1670/1135
f 1943/1672/1137 1955/1684/1149 1954/1683/1148 1942/1671/1136
f 1944/1673/1138 1956/1685/1150 1955/1684/1149 1943/1672/1137
f 1945/1674/1139 1957/1686/1151 1956/1685/1150 1944/1673/1138
f 1946/1675/1140 1958/1687/1152 1957/1686/1151 1945/1674/1139
f 1947/1676/1141 1959/1688/1153 1958/1687/1152 1946/1675/1140
f 1948/1677/1142 1960/1689/1154 1959/1688/1153 1947/1676/1141
f 1949/1678/1143 1961/1690/1155 1960/1689/1154 1948/1677/1142
f 1950/1679/1144 1962/1691/1156 1961/1690/1155 1949/1678/1143
f 1952/1680/1145 1964/1692/1157 1963/1693/1158 1951/1681/1146
f 1953/1682/1147 1965/1694/1159 1964/1692/1157 1952/1680/1145
f 1954/1683/1148 1966/1695/1160 1965/1694/1159 1953/1682/1147
f 1955/1684/1149 1967/1696/1161 1966/1695/1160 1954/1683/1148
f 1956/1685/1150 1968/1697/1162 1967/1696/1161 1955/1684/1149
f 1957/1686/1151 1969/1698/1163 1968/1697/1162 1956/1685/1150
f 1958/1687/1152 1970/1699/1164 1969/1698/1163 1957/1686/1151
f 1959/1688/1153 1971/1700/1165 1970/1699/1164 1958/1687/1152
f 1960/1689/1154 1972/1701/1166 1971/1700/1165 1959/1688/1153
f 1961/1690/1155 1973/1702/1167 1972/1701/1166 1960/1689/1154
f 1962/1691/1156 1974/1703/1168 1973/1702/1167 1961/1690/1155
f 1964/1692/1157 1976/1704/243 1975/1705/246 1963/1693/1158
f 1965/1694/1159 1977/1706/247 1976/1704/243 1964/1692/1157
f 1966/1695/1160 1978/1707/249 1977/1706/247 1965/1694/1159
f 1967/1696/1161 1979/1708/251 1978/1707/249 1966/1695/1160
f 1968/1697/1162 1980/1709/421 1979/1708/251 1967/1696/1161
f 1969/1698/1163 1981/1710/423 1980/1709/421 1968/1697/1162
f 1970/1699/1164 1982/1711/425 1981/1710/423 1969/1698/1163
f 1971/1700/1165 1983/1712/259 1982/1711/425 1970/1699/1164
f 1972/1701/1166 1984/1713/261 1983/1712/259 1971/1700/1165
f 1973/1702/1167 1985/1714/263 1984/1713/261 1972/1701/1166
f 1974/1703/1168 1986/1715/265 1985/1714/263 1973/1702/1167
f 1976/1704/243 1988/1716/277 1987/1717/246 1975/1705/246
f 1977/1706/247 1989/1718/278 1988/1716/277 1976/1704/243
f 1978/1707/249 1990/1719/279 1989/1718/278 1977/1706/247
f 1979/1708/251 1991/1720/280 1990/1719/279 1978/1707/249
f 1980/1709/421 1992/1721/281 1991/1720/280 1979/1708/251
f 1981/1710/423 1993/1722/282 1992/1721/281 1980/1709/421
f 1982/1711/425 1994/1723/283 1993/1722/282 1981/1710/423
f 1983/1712/259 1995/1724/284 1994/1723/283 1982/1711/425
f 1984/1713/261 1996/1725/285 1995/1724/284 1983/1712/259
f 1985/1714/263 1997/1726/286 1996/1725/285 1984/1713/261
f 1986/1715/265 1998/1727/265 1997/1726/286 1985/1714/263
f 1988/1716/277 2000/1728/287 1999/1729/288 1987/1717/246
f 1989/1718/278 2001/1730/289 2000/1728/287 1988/1716/277
f 1990/1719/279 2002/1731/290 2001/1730/289 1989/1718/278
f 1991/1720/280 2003/1732/291 2002/1731/290 1990/1719/279
f 1992/1721/281 2004/1733/292 2003/1732/291 1991/1720/280
f 1993/1722/282 2005/1734/293 2004/1733/292 1992/1721/281
f 1994/1723/283 2006/1735/294 2005/1734/293 1993/1722/282
f 1995/1724/284 2007/1736/295 2006/1735/294 1994/1723/283
f 1996/1725/285 2008/1737/296 2007/1736/295 1995/1724/284
f 1997/1726/286 2009/1738/297 2008/1737/296 1996/1725/285
f 1998/1727/265 2010/1739/298 2009/1738/297 1997/1726/286
f 2000/1728/287 2012/1740/299 2011/1741/300 1999/1729/288
f 2001/1730/289 2013/1742/301 2012/1740/299 2000/1728/287
f 2002/1731/290 2014/1743/302 2013/1742/301 2001/1730/289
f 2003/1732/291 2015/1744/303 2014/1743/302 2002/1731/290
f 2004/1733/292 2016/1745/304 2015/1744/303 2003/1732/291
f 2005/1734/293 2017/1746/305 2016/1745/304 2004/1733/292
f 2006/1735/294 2018/1747/306 2017/1746/305 2005/1734/293
f 2007/1736/295 2019/1748/307 2018/1747/306 2006/1735/294
f 2008/1737/296 2020/1749/308 2019/1748/307 2007/1736/295
f 2009/1738/297 2021/1750/309 2020/1749/308 2008/1737/296
f 2010/1739/298 2022/1751/310 2021/1750/309 2009/1738/297
f 2012/1740/299 2024/1752/1169 2023/1753/1170 2011/1741/300
f 2013/1742/301 2025/1754/1171 2024/1752/1169 2012/1740/299
f 2014/1743/302 2026/1755/1172 2025/1754/1171 2013/1742/301
f 2015/1744/303 2027/1756/1173 2026/1755/1172 2014/1743/302
f 2016/1745/304 2028/1757/1174 2027/1756/1173 2015/1744/303
f 2017/1746/305 2029/1758/1175 2028/1757/1174 2016/1745/304
f 2018/1747/306 2030/1759/1176 2029/1758/1175 2017/1746/305
f 2019/1748/307 2031/1760/1177 2030/1759/1176 2018/1747/306
f 2020/1749/308 2032/1761/1178 2031/1760/1177 2019/1748/307
f 2021/1750/309 2033/1762/1179 2032/1761/1178 2020/1749/308
f 2022/1751/310 2034/1763/1180 2033/1762/1179 2021/1750/309
f 2024/1752/1169 1232/821/427 1231/506/430 2023/1753/1170
f 2025/1754/1171 1233/822/431 1232/821/427 2024/1752/1169
f 2026/1755/1172 1234/823/433 1233/822/431 2025/1754/1171
f 2027/1756/1173 1235/824/435 1234/823/433 2026/1755/1172
f 2028/1757/1174 1236/825/437 1235/824/435 2027/1756/1173
f 2029/1758/1175 1237/826/439 1236/825/437 2028/1757/1174
f 2030/1759/1176 1238/827/441 1237/826/439 2029/1758/1175
f 2031/1760/1177 1239/828/443 1238/827/441 2030/1759/1176
f 2032/1761/1178 1240/829/445 1239/828/443 2031/1760/1177
f 2033/1762/1179 1241/830/447 1240/829/445 2032/1761/1178
f 2034/1763/1180 1242/831/449 1241/830/447 2033/1762/1179
f 2036/681/1181 2048/1764/1182 2047/1765/1183 2035/514/1184
f 2037/684/1185 2049/1766/1186 2048/1764/1182 2036/681/1181
f 2038/686/1187 2050/1767/1188 2049/1766/1186 2037/684/1185
f 2039/688/1189 2051/1768/1190 2050/1767/1188 2038/686/1187
f 2040/690/1191 2052/1769/1192 2051/1768/1190 2039/688/1189
f 2041/692/1193 2053/1770/1194 2052/1769/1192 2040/690/1191
f 2042/694/1195 2054/1771/1196 2053/1770/1194 2041/692/1193
f 2043/696/1197 2055/1772/1198 2054/1771/1196 2042/694/1195
f 2044/698/1199 2056/1773/1200 2055/1772/1198 2043/696/1197
f 2045/700/1201 2057/1774/1202 2056/1773/1200 2044/698/1199
f 2046/702/1203 2058/1775/1204 2057/1774/1202 2045/700/1201
f 2048/1764/1182 2060/1776/1205 2059/1777/1206 2047/1765/1183
f 2049/1766/1186 2061/1778/1207 2060/1776/1205 2048/1764/1182
f 2050/1767/1188 2062/1779/1208 2061/1778/1207 2049/1766/1186
f 2051/1768/1190 2063/1780/1209 2062/1779/1208 2050/1767/1188
f 2052/1769/1192 2064/1781/1210 2063/1780/1209 2051/1768/1190
f 2053/1770/1194 2065/1782/1211 2064/1781/1210 2052/1769/1192
f 2054/1771/1196 2066/1783/1212 2065/1782/1211 2053/1770/1194
f 2055/1772/1198 2067/1784/1213 2066/1783/1212 2054/1771/1196
f 2056/1773/1200 2068/1785/1214 2067/1784/1213 2055/1772/1198
f 2057/1774/1202 2069/1786/1215 2068/1785/1214 2056/1773/1200
f 2058/1775/1204 2070/1787/1216 2069/1786/1215 2057/1774/1202
f 2060/1776/1205 2072/1788/1217 2071/1789/1218 2059/1777/1206
f 2061/1778/1207 2073/1790/1219 2072/1788/1217 2060/1776/1205
f 2062/1779/1208 2074/1791/1220 2073/1790/1219 2061/1778/1207
f 2063/1780/1209 2075/1792/1221 2074/1791/1220 2062/1779/1208
f 2064/1781/1210 2076/1793/1222 2075/1792/1221 2063/1780/1209
f 2065/1782/1211 2077/1794/1223 2076/1793/1222 2064/1781/1210
f 2066/1783/1212 2078/1795/1224 2077/1794/1223 2065/1782/1211
f 2067/1784/1213 2079/1796/1225 2078/1795/1224 2066/1783/1212
f 2068/1785/1214 2080/1797/1226 2079/1796/1225 2067/1784/1213
f 2069/1786/1215 2081/1798/1227 2080/1797/1226 2068/1785/1214
f 2070/1787/1216 2082/1799/1228 2081/1798/1227 2069/1786/1215
f 2072/1788/1217 2084/1800/1229 2083/1801/1230 2071/1789/1218
f 2073/1790/1219 2085/1802/1231 2084/1800/1229 2072/1788/1217
f 2074/1791/1220 2086/1803/1232 2085/1802/1231 2073/1790/1219
f 2075/1792/1221 2087/1804/1233 2086/1803/1232 2074/1791/1220
f 2076/1793/1222 2088/1805/1234 2087/1804/1233 2075/1792/1221
f 2077/1794/1223 2089/1806/1235 2088/1805/1234 2076/1793/1222
f 2078/1795/1224 2090/1807/1236 2089/1806/1235 2077/1794/1223
f 2079/1796/1225 2091/1808/1237 2090/1807/1236 2078/1795/1224
f 2080/1797/1226 2092/1809/1238 2091/1808/1237 2079/1796/1225
f 2081/1798/1227 2093/1810/1239 2092/1809/1238 2080/1797/1226
f 2082/1799/1228 2094/1811/1240 2093/1810/1239 2081/1798/1227
f 2084/1800/1229 2096/1812/1241 2095/1813/1242 2083/1801/1230
f 2085/1802/1231 2097/1814/1243 2096/1812/1241 2084/1800/1229
f 2086/1803/1232 2098/1815/1244 2097/1814/1243 2085/1802/1231
f 2087/1804/1233 2099/1816/1245 2098/1815/1244 2086/1803/1232
f 2088/1805/1234 2100/1817/1246 2099/1816/1245 2087/1804/1233
f 2089/1806/1235 2101/1818/1247 2100/1817/1246 2088/1805/1234
f 2090/1807/1236 2102/1819/1248 2101/1818/1247 2089/1806/1235
f 2091/1808/1237 2103/1820/1249 2102/1819/1248 2090/1807/1236
f 2092/1809/1238 2104/1821/1250 2103/1820/1249 2091/1808/1237
f 2093/1810/1239 2105/1822/1251 2104/1821/1250 2092/1809/1238
f 2094/1811/1240 2106/1823/1252 2105/1822/1251 2093/1810/1239
f 2096/1812/1241 2108/1824/1253 2107/1825/1254 2095/1813/1242
f 2097/1814/1243 2109/1826/1255 2108/1824/1253 2096/1812/1241
f 2098/1815/1244 2110/1827/1256 2109/1826/1255 2097/1814/1243
f 2099/1816/1245 2111/1828/1257 2110/1827/1256 2098/1815/1244
f 2100/1817/1246 2112/1829/1258 2111/1828/1257 2099/1816/1245
f 2101/1818/1247 2113/1830/1259 2112/1829/1258 2100/1817/1246
f 2102/1819/1248 2114/1831/1260 2113/1830/1259 2101/1818/1247
f 2103/1820/1249 2115/1832/1261 2114/1831/1260 2102/1819/1248
f 2104/1821/1250 2116/1833/1262 2115/1832/1261 2103/1820/1249
f 2105/1822/1251 2117/1834/1263 2116/1833/1262 2104/1821/1250
f 2106/1823/1252 2118/1835/1264 2117/1834/1263 2105/1822/1251
f 2108/1824/1253 2120/1836/1265 2119/1837/1266 2107/1825/1254
f 2109/1826/1255 2121/1838/1267 2120/1836/1265 2108/1824/1253
f 2110/1827/1256 2122/1839/1268 2121/1838/1267 2109/1826/1255
f 2111/1828/1257 2123/1840/1269 2122/1839/1268 2110/1827/1256
f 2112/1829/1258 2124/1841/1270 2123/1840/1269 2111/1828/1257
f 2113/1830/1259 2125/1842/1271 2124/1841/1270 2112/1829/1258
f 2114/1831/1260 2126/1843/1272 2125/1842/1271 2113/1830/1259
f 2115/1832/1261 2127/1844/1273 2126/1843/1272 2114/1831/1260
f 2116/1833/1262 2128/1845/1274 2127/1844/1273 2115/1832/1261
f 2117/1834/1263 2129/1846/1275 2128/1845/1274 2116/1833/1262
f 2118/1835/1264 2130/1847/1276 2129/1846/1275 2117/1834/1263
f 2120/1836/1265 2132/1848/1277 2131/1849/1278 2119/1837/1266
f 2121/1838/1267 2133/1850/1279 2132/1848/1277 2120/1836/1265
f 2122/1839/1268 2134/1851/1280 2133/1850/1279 2121/1838/1267
f 2123/1840/1269 2135/1852/1281 2134/1851/1280 2122/1839/1268
f 2124/1841/1270 2136/1853/1282 2135/1852/1281 2123/1840/1269
f 2125/1842/1271 2137/1854/1283 2136/1853/1282 2124/1841/1270
f 2126/1843/1272 2138/1855/1284 2137/1854/1283 2125/1842/1271
f 2127/1844/1273 2139/1856/1285 2138/1855/1284 2126/1843/1272
f 2128/1845/1274 2140/1857/1286 2139/1856/1285 2127/1844/1273
f 2129/1846/1275 2141/1858/1287 2140/1857/1286 2128/1845/1274
f 2130/1847/1276 2142/1859/1288 2141/1858/1287 2129/1846/1275
f 2132/1848/1277 2144/728/1289 2143/618/1290 2131/1849/1278
f 2133/1850/1279 2145/729/1291 2144/728/1289 2132/1848/1277
f 2134/1851/1280 2146/730/1292 2145/729/1291 2133/1850/1279
f 2135/1852/1281 2147/731/1293 2146/730/1292 2134/1851/1280
f 2136/1853/1282 2148/732/1294 2147/731/1293 2135/1852/1281
f 2137/1854/1283 2149/733/1295 2148/732/1294 2136/1853/1282
f 2138/1855/1284 2150/734/1296 2149/733/1295 2137/1854/1283
f 2139/1856/1285 2151/735/1297 2150/734/1296 2138/1855/1284
f 2140/1857/1286 2152/736/1298 2151/735/1297 2139/1856/1285
f 2141/1858/1287 2153/737/1299 2152/736/1298 2140/1857/1286
f 2142/1859/1288 2154/738/1300 2153/737/1299 2141/1858/1287
f 2144/728/1289 2156/1860/1301 2155/1861/1302 2143/618/1290
f 2145/729/1291 2157/1862/1303 2156/1860/1301 2144/728/1289
f 2146/730/1292 2158/1863/1304 2157/1862/1303 2145/729/1291
f 2147/731/1293 2159/1864/1305 2158/1863/1304 2146/730/1292
f 2148/732/1294 2160/1865/1306 2159/1864/1305 2147/731/1293
f 2149/733/1295 2161/1866/1307 2160/1865/1306 2148/732/1294
f 2150/734/1296 2162/1867/1308 2161/1866/1307 2149/733/1295
f 2151/735/1297 2163/1868/1309 2162/1867/1308 2150/734/1296
f 2152/736/1298 2164/1869/1310 2163/1868/1309 2151/735/1297
f 2153/737/1299 2165/1870/1311 2164/1869/1310 2152/736/1298
f 2154/738/1300 2166/1871/1312 2165/1870/1311 2153/737/1299
f 2156/1860/1301 2168/1872/1313 2167/1873/1314 2155/1861/1302
f 2157/1862/1303 2169/1874/1315 2168/1872/1313 2156/1860/1301
f 2158/1863/1304 2170/1875/1316 2169/1874/1315 2157/1862/1303
f 2159/1864/1305 2171/1876/1317 2170/1875/1316 2158/1863/1304
f 2160/1865/1306 2172/1877/1318 2171/1876/1317 2159/1864/1305
f 2161/1866/1307 2173/1878/1319 2172/1877/1318 2160/1865/1306
f 2162/1867/1308 2174/1879/1320 2173/1878/1319 2161/1866/1307
f 2163/1868/1309 2175/1880/1321 2174/1879/1320 2162/1867/1308
f 2164/1869/1310 2176/1881/1322 2175/1880/1321 2163/1868/1309
f 2165/1870/1311 2177/1882/1323 2176/1881/1322 2164/1869/1310
f 2166/1871/1312 2178/1883/1324 2177/1882/1323 2165/1870/1311
f 2168/1872/1313 2180/1884/1325 2179/1885/1326 2167/1873/1314
f 2169/1874/1315 2181/1886/1327 2180/1884/1325 2168/1872/1313
f 2170/1875/1316 2182/1887/1328 2181/1886/1327 2169/1874/1315
f 2171/1876/1317 2183/1888/1329 2182/1887/1328 2170/1875/1316
f 2172/1877/1318 2184/1889/1330 2183/1888/1329 2171/1876/1317
f 2173/1878/1319 2185/1890/1331 2184/1889/1330 2172/1877/1318
f 2174/1879/1320 2186/1891/1332 2185/1890/1331 2173/1878/1319
f 2175/1880/1321 2187/1892/1333 2186/1891/1332 2174/1879/1320
f 2176/1881/1322 2188/1893/1334 2187/1892/1333 2175/1880/1321
f 2177/1882/1323 2189/1894/1335 2188/1893/1334 2176/1881/1322
f 2178/1883/1324 2190/1895/1336 2189/1894/1335 2177/1882/1323
f 2180/1884/1325 2192/1896/1337 2191/1897/1338 2179/1885/1326
f 2181/1886/1327 2193/1898/1339 2192/1896/1337 2180/1884/1325
f 2182/1887/1328 2194/1899/1340 2193/1898/1339 2181/1886/1327
f 2183/1888/1329 2195/1900/1341 2194/1899/1340 2182/1887/1328
f 2184/1889/1330 2196/1901/1342 2195/1900/1341 2183/1888/1329
f 2185/1890/1331 2197/1902/1343 2196/1901/1342 2184/1889/1330
f 2186/1891/1332 2198/1903/1344 2197/1902/1343 2185/1890/1331
f 2187/1892/1333 2199/1904/1345 2198/1903/1344 2186/1891/1332
f 2188/1893/1334 2200/1905/1346 2199/1904/1345 2187/1892/1333
f 2189/1894/1335 2201/1906/1347 2200/1905/1346 2188/1893/1334
f 2190/1895/1336 2202/1907/1348 2201/1906/1347 2189/1894/1335
f 2192/1896/1337 2204/1908/1349 2203/1909/1350 2191/1897/1338
f 2193/1898/1339 2205/1910/1351 2204/1908/1349 2192/1896/1337
f 2194/1899/1340 2206/1911/1352 2205/1910/1351 2193/1898/1339
f 2195/1900/1341 2207/1912/1353 2206/1911/1352 2194/1899/1340
f 2196/1901/1342 2208/1913/1354 2207/1912/1353 2195/1900/1341
f 2197/1902/1343 2209/1914/1355 2208/1913/1354 2196/1901/1342
f 2198/1903/1344 2210/1915/1356 2209/1914/1355 2197/1902/1343
f 2199/1904/1345 2211/1916/1357 2210/1915/1356 2198/1903/1344
f 2200/1905/1346 2212/1917/1358 2211/1916/1357 2199/1904/1345
f 2201/1906/1347 2213/1918/1359 2212/1917/1358 2200/1905/1346
f 2202/1907/1348 2214/1919/1360 2213/1918/1359 2201/1906/1347
f 2204/1908/1349 2216/1920/1361 2215/1921/1362 2203/1909/1350
f 2205/1910/1351 2217/1922/1363 2216/1920/1361 2204/1908/1349
f 2206/1911/1352 2218/1923/1364 2217/1922/1363 2205/1910/1351
f 2207/1912/1353 2219/1924/1365 2218/1923/1364 2206/1911/1352
f 2208/1913/1354 2220/1925/1366 2219/1924/1365 2207/1912/1353
f 2209/1914/1355 2221/1926/1367 2220/1925/1366 2208/1913/1354
f 2210/1915/1356 2222/1927/1368 2221/1926/1367 2209/1914/1355
f 2211/1916/1357 2223/1928/1369 2222/1927/1368 2210/1915/1356
f 2212/1917/1358 2224/1929/1370 2223/1928/1369 2211/1916/1357
f 2213/1918/1359 2225/1930/1371 2224/1929/1370 2212/1917/1358
f 2214/1919/1360 2226/1931/1372 2225/1930/1371 2213/1918/1359
f 2216/1920/1361 2228/1932/1373 2227/1933/1374 2215/1921/1362
f 2217/1922/1363 2229/1934/1375 2228/1932/1373 2216/1920/1361
f 2218/1923/1364 2230/1935/1376 2229/1934/1375 2217/1922/1363
f 2219/1924/1365 2231/1936/1377 2230/1935/1376 2218/1923/1364
f 2220/1925/1366 2232/1937/1378 2231/1936/1377 2219/1924/1365
f 2221/1926/1367 2233/1938/1379 2232/1937/1378 2220/1925/1366
f 2222/1927/1368 2234/1939/1380 2233/1938/1379 2221/1926/1367
f 2223/1928/1369 2235/1940/1381 2234/1939/1380 2222/1927/1368
f 2224/1929/1370 2236/1941/1382 2235/1940/1381 2223/1928/1369
f 2225/1930/1371 2237/1942/1383 2236/1941/1382 2224/1929/1370
f 2226/1931/1372 2238/1943/1384 2237/1942/1383 2225/1930/1371
f 2228/1932/1373 2240/1944/1385 2239/1945/1386 2227/1933/1374
f 2229/1934/1375 2241/1946/1387 2240/1944/1385 2228/1932/1373
f 2230/1935/1376 2242/1947/1388 2241/1946/1387 2229/1934/1375
f 2231/1936/1377 2243/1948/1389 2242/1947/1388 2230/1935/1376
f 2232/1937/1378 2244/1949/1390 2243/1948/1389 2231/1936/1377
f 2233/1938/1379 2245/1950/1391 2244/1949/1390 2232/1937/1378
f 2234/1939/1380 2246/1951/1392 2245/1950/1391 2233/1938/1379
f 2235/1940/1381 2247/1952/1393 2246/1951/1392 2234/1939/1380
f 2236/1941/1382 2248/1953/1394 2247/1952/1393 2235/1940/1381
f 2237/1942/1383 2249/1954/1395 2248/1953/1394 2236/1941/1382
f 2238/1943/1384 2250/1955/1396 2249/1954/1395 2237/1942/1383
f 2240/1944/1385 2252/774/1397 2251/568/1398 2239/1945/1386
f 2241/1946/1387 2253/775/1399 2252/774/1397 2240/1944/1385
f 2242/1947/1388 2254/776/1400 2253/775/1399 2241/1946/1387
f 2243/1948/1389 2255/777/1401 2254/776/1400 2242/1947/1388
f 2244/1949/1390 2256/778/1402 2255/777/1401 2243/1948/1389
f 2245/1950/1391 2257/779/1403 2256/778/1402 2244/1949/1390
f 2246/1951/1392 2258/780/1404 2257/779/1403 2245/1950/1391
f 2247/1952/1393 2259/781/1405 2258/780/1404 2246/1951/1392
f 2248/1953/1394 2260/782/1406 2259/781/1405 2247/1952/1393
f 2249/1954/1395 2261/783/1407 2260/782/1406 2248/1953/1394
f 2250/1955/1396 2262/784/1408 2261/783/1407 2249/1954/1395
f 2252/774/1397 2264/1956/1409 2263/1957/1410 2251/568/1398
f 2253/775/1399 2265/1958/1411 2264/1956/1409 2252/774/1397
f 2254/776/1400 2266/1959/1412 2265/1958/1411 2253/775/1399
f 2255/777/1401 2267/1960/1413 2266/1959/1412 2254/776/1400
f 2256/778/1402 2268/1961/1414 2267/1960/1413 2255/777/1401
f 2257/779/1403 2269/1962/1415 2268/1961/1414 2256/778/1402
f 2258/780/1404 2270/1963/1416 2269/1962/1415 2257/779/1403
f 2259/781/1405 2271/1964/1417 2270/1963/1416 2258/780/1404
f 2260/782/1406 2272/1965/1418 2271/1964/1417 2259/781/1405
f 2261/783/1407 2273/1966/1419 2272/1965/1418 2260/782/1406
f 2262/784/1408 2274/1967/1420 2273/1966/1419 2261/783/1407
f 2264/1956/1409 2276/1968/1421 2275/1969/1422 2263/1957/1410
f 2265/1958/1411 2277/1970/1423 2276/1968/1421 2264/1956/1409
f 2266/1959/1412 2278/1971/1424 2277/1970/1423 2265/1958/1411
f 2267/1960/1413 2279/1972/1425 2278/1971/1424 2266/1959/1412
f 2268/1961/1414 2280/1973/1426 2279/1972/1425 2267/1960/1413
f 2269/1962/1415 2281/1974/1427 2280/1973/1426 2268/1961/1414
f 2270/1963/1416 2282/1975/1428 2281/1974/1427 2269/1962/1415
f 2271/1964/1417 2283/1976/1429 2282/1975/1428 2270/1963/1416
f 2272/1965/1418 2284/1977/1430 2283/1976/1429 2271/1964/1417
f 2273/1966/1419 2285/1978/1431 2284/1977/1430 2272/1965/1418
f 2274/1967/1420 2286/1979/1432 2285/1978/1431 2273/1966/1419
f 2276/1968/1421 2288/1980/1433 2287/1981/1434 2275/1969/1422
f 2277/1970/1423 2289/1982/1435 2288/1980/1433 2276/1968/1421
f 2278/1971/1424 2290/1983/1436 2289/1982/1435 2277/1970/1423
f 2279/1972/1425 2291/1984/1437 2290/1983/1436 2278/1971/1424
f 2280/1973/1426 2292/1985/1438 2291/1984/1437 2279/1972/1425
f 2281/1974/1427 2293/1986/1439 2292/1985/1438 2280/1973/1426
f 2282/1975/1428 2294/1987/1440 2293/1986/1439 2281/1974/1427
f 2283/1976/1429 2295/1988/1441 2294/1987/1440 2282/1975/1428
f 2284/1977/1430 2296/1989/1442 2295/1988/1441 2283/1976/1429
f 2285/1978/1431 2297/1990/1443 2296/1989/1442 2284/1977/1430
f 2286/1979/1432 2298/1991/1444 2297/1990/1443 2285/1978/1431
f 2288/1980/1433 2300/1992/1445 2299/1993/1446 2287/1981/1434
f 2289/1982/1435 2301/1994/1447 2300/1992/1445 2288/1980/1433
f 2290/1983/1436 2302/1995/1448 2301/1994/1447 2289/1982/1435
f 2291/1984/1437 2303/1996/1449 2302/1995/1448 2290/1983/1436
f 2292/1985/1438 2304/1997/1450 2303/1996/1449 2291/1984/1437
f 2293/1986/1439 2305/1998/1451 2304/1997/1450 2292/1985/1438
f 2294/1987/1440 2306/1999/1452 2305/1998/1451 2293/1986/1439
f 2295/1988/1441 2307/2000/1453 2306/1999/1452 2294/1987/1440
f 2296/1989/1442 2308/2001/1454 2307/2000/1453 2295/1988/1441
f 2297/1990/1443 2309/2002/1455 2308/2001/1454 2296/1989/1442
f 2298/1991/1444 2310/2003/1456 2309/2002/1455 2297/1990/1443
f 2300/1992/1445 2312/2004/1457 2311/2005/1458 2299/1993/1446
f 2301/1994/1447 2313/2006/1459 2312/2004/1457 2300/1992/1445
f 2302/1995/1448 2314/2007/1460 2313/2006/1459 2301/1994/1447
f 2303/1996/1449 2315/2008/1461 2314/2007/1460 2302/1995/1448
f 2304/1997/1450 2316/2009/1462 2315/2008/1461 2303/1996/1449
f 2305/1998/1451 2317/2010/1463 2316/2009/1462 2304/1997/1450
f 2306/1999/1452 2318/2011/1464 2317/2010/1463 2305/1998/1451
f 2307/2000/1453 2319/2012/1465 2318/2011/1464 2306/1999/1452
f 2308/2001/1454 2320/2013/1466 2319/2012/1465 2307/2000/1453
f 2309/2002/1455 2321/2014/1467 2320/2013/1466 2308/2001/1454
f 2310/2003/1456 2322/2015/1468 2321/2014/1467 2309/2002/1455
f 2312/2004/1457 2324/2016/1469 2323/2017/1470 2311/2005/1458
f 2313/2006/1459 2325/2018/1471 2324/2016/1469 2312/2004/1457
f 2314/2007/1460 2326/2019/1472 2325/2018/1471 2313/2006/1459
f 2315/2008/1461 2327/2020/1473 2326/2019/1472 2314/2007/1460
f 2316/2009/1462 2328/2021/1474 2327/2020/1473 2315/2008/1461
f 2317/2010/1463 2329/2022/1475 2328/2021/1474 2316/2009/1462
f 2318/2011/1464 2330/2023/1476 2329/2022/1475 2317/2010/1463
f 2319/2012/1465 2331/2024/1477 2330/2023/1476 2318/2011/1464
f 2320/2013/1466 2332/2025/1478 2331/2024/1477 2319/2012/1465
f 2321/2014/1467 2333/2026/1479 2332/2025/1478 2320/2013/1466
f 2322/2015/1468 2334/2027/1480 2333/2026/1479 2321/2014/1467
f 2324/2016/1469 2336/2028/243 2335/2029/246 2323/2017/1470
f 2325/2018/1471 2337/2030/247 2336/2028/243 2324/2016/1469
f 2326/2019/1472 2338/2031/249 2337/2030/247 2325/2018/1471
f 2327/2020/1473 2339/2032/1481 2338/2031/249 2326/2019/1472
f 2328/2021/1474 2340/2033/421 2339/2032/1481 2327/2020/1473
f 2329/2022/1475 2341/2034/423 2340/2033/421 2328/2021/1474
f 2330/2023/1476 2342/2035/425 2341/2034/423 2329/2022/1475
f 2331/2024/1477 2343/2036/259 2342/2035/425 2330/2023/1476
f 2332/2025/1478 2344/2037/261 2343/2036/259 2331/2024/1477
f 2333/2026/1479 2345/2038/263 2344/2037/261 2332/2025/1478
f 2334/2027/1480 2346/2039/265 2345/2038/263 2333/2026/1479
f 2336/2028/243 2348/2040/244 2347/2041/245 2335/2029/246
f 2337/2030/247 2349/2042/248 2348/2040/244 2336/2028/243
f 2338/2031/249 2350/2043/250 2349/2042/248 2337/2030/247
f 2339/2032/1481 2351/2044/420 2350/2043/250 2338/2031/249
f 2340/2033/421 2352/2045/422 2351/2044/420 2339/2032/1481
f 2341/2034/423 2353/2046/424 2352/2045/422 2340/2033/421
f 2342/2035/425 2354/2047/258 2353/2046/424 2341/2034/423
f 2343/2036/259 2355/2048/260 2354/2047/258 2342/2035/425
f 2344/2037/261 2356/2049/262 2355/2048/260 2343/2036/259
f 2345/2038/263 2357/2050/264 2356/2049/262 2344/2037/261
f 2346/2039/265 2358/2051/266 2357/2050/264 2345/2038/263
f 2348/2040/244 2036/821/1181 2035/506/1184 2347/2041/245
f 2349/2042/248 2037/822/1185 2036/821/1181 2348/2040/244
f 2350/2043/250 2038/823/1187 2037/822/1185 2349/2042/248
f 2351/2044/420 2039/824/1189 2038/823/1187 2350/2043/250
f 2352/2045/422 2040/825/1191 2039/824/1189 2351/2044/420
f 2353/2046/424 2041/826/1193 2040/825/1191 2352/2045/422
f 2354/2047/258 2042/827/1195 2041/826/1193 2353/2046/424
f 2355/2048/260 2043/828/1197 2042/827/1195 2354/2047/258
f 2356/2049/262 2044/829/1199 2043/828/1197 2355/2048/260
f 2357/2050/264 2045/830/1201 2044/829/1199 2356/2049/262
f 2358/2051/266 2046/831/1203 2045/830/1201 2357/2050/264
f 2360/681/1482 2372/2052/1483 2371/2053/1484 2359/514/1484
f 2361/684/1485 2373/2054/1486 2372/2052/1483 2360/681/1482
f 2362/686/1487 2374/2055/1488 2373/2054/1486 2361/684/1485
f 2363/688/1489 2375/2056/1490 2374/2055/1488 2362/686/1487
f 2364/690/1491 2376/2057/1492 2375/2056/1490 2363/688/1489
f 2365/692/1493 2377/2058/1494 2376/2057/1492 2364/690/1491
f 2366/694/1495 2378/2059/1496 2377/2058/1494 2365/692/1493
f 2367/696/1497 2379/2060/1498 2378/2059/1496 2366/694/1495
f 2368/698/1499 2380/2061/1500 2379/2060/1498 2367/696/1497
f 2369/700/1501 2381/2062/1502 2380/2061/1500 2368/698/1499
f 2370/702/1503 2382/2063/1503 2381/2062/1502 2369/700/1501
f 2372/2052/1483 2384/716/1504 2383/717/1505 2371/2053/1484
f 2373/2054/1486 2385/718/1506 2384/716/1504 2372/2052/1483
f 2374/2055/1488 2386/719/1507 2385/718/1506 2373/2054/1486
f 2375/2056/1490 2387/720/1508 2386/719/1507 2374/2055/1488
f 2376/2057/1492 2388/721/1509 2387/720/1508 2375/2056/1490
f 2377/2058/1494 2389/722/1510 2388/721/1509 2376/2057/1492
f 2378/2059/1496 2390/723/1511 2389/722/1510 2377/2058/1494
f 2379/2060/1498 2391/724/1512 2390/723/1511 2378/2059/1496
f 2380/2061/1500 2392/725/1513 2391/724/1512 2379/2060/1498
f 2381/2062/1502 2393/726/1514 2392/725/1513 2380/2061/1500
f 2382/2063/1503 2394/727/1515 2393/726/1514 2381/2062/1502
f 2384/716/1504 2396/2064/1516 2395/2065/1505 2383/717/1505
f 2385/718/1506 2397/2066/1517 2396/2064/1516 2384/716/1504
f 2386/719/1507 2398/2067/1518 2397/2066/1517 2385/718/1506
f 2387/720/1508 2399/2068/1519 2398/2067/1518 2386/719/1507
f 2388/721/1509 2400/2069/1520 2399/2068/1519 2387/720/1508
f 2389/722/1510 2401/2070/1521 2400/2069/1520 2388/721/1509
f 2390/723/1511 2402/2071/1522 2401/2070/1521 2389/722/1510
f 2391/724/1512 2403/2072/1523 2402/2071/1522 2390/723/1511
f 2392/725/1513 2404/2073/1524 2403/2072/1523 2391/724/1512
f 2393/726/1514 2405/2074/1525 2404/2073/1524 2392/725/1513
f 2394/727/1515 2406/2075/1515 2405/2074/1525 2393/726/1514
f 2396/2064/1516 2408/751/1526 2407/563/1527 2395/2065/1505
f 2397/2066/1517 2409/752/1528 2408/751/1526 2396/2064/1516
f 2398/2067/1518 2410/753/1529 2409/752/1528 2397/2066/1517
f 2399/2068/1519 2411/754/1530 2410/753/1529 2398/2067/1518
f 2400/2069/1520 2412/755/1531 2411/754/1530 2399/2068/1519
f 2401/2070/1521 2413/756/1532 2412/755/1531 2400/2069/1520
f 2402/2071/1522 2414/757/1533 2413/756/1532 2401/2070/1521
f 2403/2072/1523 2415/758/1534 2414/757/1533 2402/2071/1522
f 2404/2073/1524 2416/759/1535 2415/758/1534 2403/2072/1523
f 2405/2074/1525 2417/760/1536 2416/759/1535 2404/2073/1524
f 2406/2075/1515 2418/761/1537 2417/760/1536 2405/2074/1525
f 2408/751/1526 2420/2076/1538 2419/2077/1539 2407/563/1527
f 2409/752/1528 2421/2078/1540 2420/2076/1538 2408/751/1526
f 2410/753/1529 2422/2079/1541 2421/2078/1540 2409/752/1528
f 2411/754/1530 2423/2080/1542 2422/2079/1541 2410/753/1529
f 2412/755/1531 2424/2081/1543 2423/2080/1542 2411/754/1530
f 2413/756/1532 2425/2082/1544 2424/2081/1543 2412/755/1531
f 2414/757/1533 2426/2083/1545 2425/2082/1544 2413/756/1532
f 2415/758/1534 2427/2084/1546 2426/2083/1545 2414/757/1533
f 2416/759/1535 2428/2085/1547 2427/2084/1546 2415/758/1534
f 2417/760/1536 2429/2086/1548 2428/2085/1547 2416/759/1535
f 2418/761/1537 2430/2087/1549 2429/2086/1548 2417/760/1536
f 2420/2076/1538 2432/785/1550 2431/786/1551 2419/2077/1539
f 2421/2078/1540 2433/787/1552 2432/785/1550 2420/2076/1538
f 2422/2079/1541 2434/788/1553 2433/787/1552 2421/2078/1540
f 2423/2080/1542 2435/789/1554 2434/788/1553 2422/2079/1541
f 2424/2081/1543 2436/790/1555 2435/789/1554 2423/2080/1542
f 2425/2082/1544 2437/791/1556 2436/790/1555 2424/2081/1543
f 2426/2083/1545 2438/792/1557 2437/791/1556 2425/2082/1544
f 2427/2084/1546 2439/793/1558 2438/792/1557 2426/2083/1545
f 2428/2085/1547 2440/794/1559 2439/793/1558 2427/2084/1546
f 2429/2086/1548 2441/795/1560 2440/794/1559 2428/2085/1547
f 2430/2087/1549 2442/796/1561 2441/795/1560 2429/2086/1548
f 2432/785/1550 2444/2088/1562 2443/2089/1563 2431/786/1551
f 2433/787/1552 2445/2090/1564 2444/2088/1562 2432/785/1550
f 2434/788/1553 2446/2091/1565 2445/2090/1564 2433/787/1552
f 2435/789/1554 2447/2092/1566 2446/2091/1565 2434/788/1553
f 2436/790/1555 2448/2093/1567 2447/2092/1566 2435/789/1554
f 2437/791/1556 2449/2094/1568 2448/2093/1567 2436/790/1555
f 2438/792/1557 2450/2095/1569 2449/2094/1568 2437/791/1556
f 2439/793/1558 2451/2096/1570 2450/2095/1569 2438/792/1557
f 2440/794/1559 2452/2097/1571 2451/2096/1570 2439/793/1558
f 2441/795/1560 2453/2098/1572 2452/2097/1571 2440/794/1559
f 2442/796/1561 2454/2099/1573 2453/2098/1572 2441/795/1560
f 2444/2088/1562 2360/821/1482 2359/506/1484 2443/2089/1563
f 2445/2090/1564 2361/822/1485 2360/821/1482 2444/2088/1562
f 2446/2091/1565 2362/823/1487 2361/822/1485 2445/2090/1564
f 2447/2092/1566 2363/824/1489 2362/823/1487 2446/2091/1565
f 2448/2093/1567 2364/825/1491 2363/824/1489 2447/2092/1566
f 2449/2094/1568 2365/826/1493 2364/825/1491 2448/2093/1567
f 2450/2095/1569 2366/827/1495 2365/826/1493 2449/2094/1568
f 2451/2096/1570 2367/828/1497 2366/827/1495 2450/2095/1569
f 2452/2097/1571 2368/829/1499 2367/828/1497 2451/2096/1570
f 2453/2098/1572 2369/830/1501 2368/829/1499 2452/2097/1571
f 2454/2099/1573 2370/831/1503 2369/830/1501 2453/2098/1572
f 2456/681/1574 2468/728/1575 2467/618/1576 2455/514/1577
f 2457/684/1578 2469/729/1579 2468/728/1575 2456/681/1574
f 2458/686/1580 2470/730/1581 2469/729/1579 2457/684/1578
f 2459/688/1582 2471/731/1583 2470/730/1581 2458/686/1580
f 2460/690/1584 2472/732/1585 2471/731/1583 2459/688/1582
f 2461/692/1586 2473/733/1587 2472/732/1585 2460/690/1584
f 2462/694/1588 2474/734/1589 2473/733/1587 2461/692/1586
f 2463/696/1590 2475/735/1591 2474/734/1589 2462/694/1588
f 2464/698/1592 2476/736/1593 2475/735/1591 2463/696/1590
f 2465/700/1594 2477/737/1595 2476/736/1593 2464/698/1592
f 2466/702/1596 2478/738/1597 2477/737/1595 2465/700/1594
f 2468/728/1575 2480/774/1598 2479/568/1599 2467/618/1576
f 2469/729/1579 2481/775/1600 2480/774/1598 2468/728/1575
f 2470/730/1581 2482/776/1601 2481/775/1600 2469/729/1579
f 2471/731/1583 2483/777/1602 2482/776/1601 2470/730/1581
f 2472/732/1585 2484/778/1603 2483/777/1602 2471/731/1583
f 2473/733/1587 2485/779/1604 2484/778/1603 2472/732/1585
f 2474/734/1589 2486/780/1605 2485/779/1604 2473/733/1587
f 2475/735/1591 2487/781/1606 2486/780/1605 2474/734/1589
f 2476/736/1593 2488/782/1607 2487/781/1606 2475/735/1591
f 2477/737/1595 2489/783/1608 2488/782/1607 2476/736/1593
f 2478/738/1597 2490/784/1609 2489/783/1608 2477/737/1595
f 2480/774/1598 2456/821/1574 2455/506/1577 2479/568/1599
f 2481/775/1600 2457/822/1578 2456/821/1574 2480/774/1598
f 2482/776/1601 2458/823/1580 2457/822/1578 2481/775/1600
f 2483/777/1602 2459/824/1582 2458/823/1580 2482/776/1601
f 2484/778/1603 2460/825/1584 2459/824/1582 2483/777/1602
f 2485/779/1604 2461/826/1586 2460/825/1584 2484/778/1603
f 2486/780/1605 2462/827/1588 2461/826/1586 2485/779/1604
f 2487/781/1606 2463/828/1590 2462/827/1588 2486/780/1605
f 2488/782/1607 2464/829/1592 2463/828/1590 2487/781/1606
f 2489/783/1608 2465/830/1594 2464/829/1592 2488/782/1607
f 2490/784/1609 2466/831/1596 2465/830/1594 2489/783/1608
f 2492/681/267 2504/704/277 2503/705/246 2491/514/245
f 2493/684/268 2505/706/278 2504/704/277 2492/681/267
f 2494/686/269 2506/707/279 2505/706/278 2493/684/268
f 2495/688/270 2507/708/280 2506/707/279 2494/686/269
f 2496/690/271 2508/709/281 2507/708/280 2495/688/270
f 2497/692/272 2509/710/282 2508/709/281 2496/690/271
f 2498/694/273 2510/711/283 2509/710/282 2497/692/272
f 2499/696/274 2511/712/284 2510/711/283 2498/694/273
f 2500/698/275 2512/713/285 2511/712/284 2499/696/274
f 2501/700/276 2513/714/286 2512/713/285 2500/698/275
f 2502/702/266 2514/715/265 2513/714/286 2501/700/276
f 2504/704/277 2516/728/287 2515/618/288 2503/705/246
f 2505/706/278 2517/729/289 2516/728/287 2504/704/277
f 2506/707/279 2518/730/290 2517/729/289 2505/706/278
f 2507/708/280 2519/731/291 2518/730/290 2506/707/279
f 2508/709/281 2520/732/292 2519/731/291 2507/708/280
f 2509/710/282 2521/733/293 2520/732/292 2508/709/281
f 2510/711/283 2522/734/294 2521/733/293 2509/710/282
f 2511/712/284 2523/735/295 2522/734/294 2510/711/283
f 2512/713/285 2524/736/296 2523/735/295 2511/712/284
f 2513/714/286 2525/737/297 2524/736/296 2512/713/285
f 2514/715/265 2526/738/298 2525/737/297 2513/714/286
f 2516/728/287 2528/751/299 2527/563/300 2515/618/288
f 2517/729/289 2529/752/301 2528/751/299 2516/728/287
f 2518/730/290 2530/753/426 2529/752/301 2517/729/289
f 2519/731/291 2531/754/303 2530/753/426 2518/730/290
f 2520/732/292 2532/755/304 2531/754/303 2519/731/291
f 2521/733/293 2533/756/305 2532/755/304 2520/732/292
f 2522/734/294 2534/757/306 2533/756/305 2521/733/293
f 2523/735/295 2535/758/307 2534/757/306 2522/734/294
f 2524/736/296 2536/759/308 2535/758/307 2523/735/295
f 2525/737/297 2537/760/309 2536/759/308 2524/736/296
f 2526/738/298 2538/761/310 2537/760/309 2525/737/297
f 2528/751/299 2540/774/267 2539/568/245 2527/563/300
f 2529/752/301 2541/775/268 2540/774/267 2528/751/299
f 2530/753/426 2542/776/269 2541/775/268 2529/752/301
f 2531/754/303 2543/777/270 2542/776/269 2530/753/426
f 2532/755/304 2544/778/271 2543/777/270 2531/754/303
f 2533/756/305 2545/779/272 2544/778/271 2532/755/304
f 2534/757/306 2546/780/273 2545/779/272 2533/756/305
f 2535/758/307 2547/781/274 2546/780/273 2534/757/306
f 2536/759/308 2548/782/275 2547/781/274 2535/758/307
f 2537/760/309 2549/783/276 2548/782/275 2536/759/308
f 2538/761/310 2550/784/266 2549/783/276 2537/760/309
f 2540/774/267 2552/797/244 2551/798/245 2539/568/245
f 2541/775/268 2553/799/248 2552/797/244 2540/774/267
f 2542/776/269 2554/800/250 2553/799/248 2541/775/268
f 2543/777/270 2555/801/252 2554/800/250 2542/776/269
f 2544/778/271 2556/802/254 2555/801/252 2543/777/270
f 2545/779/272 2557/803/256 2556/802/254 2544/778/271
f 2546/780/273 2558/804/258 2557/803/256 2545/779/272
f 2547/781/274 2559/805/260 2558/804/258 2546/780/273
f 2548/782/275 2560/806/262 2559/805/260 2547/781/274
f 2549/783/276 2561/807/264 2560/806/262 2548/782/275
f 2550/784/266 2562/808/266 2561/807/264 2549/783/276
f 2552/797/244 2492/821/267 2491/506/245 2551/798/245
f 2553/799/248 2493/822/268 2492/821/267 2552/797/244
f 2554/800/250 2494/823/269 2493/822/268 2553/799/248
f 2555/801/252 2495/824/270 2494/823/269 2554/800/250
f 2556/802/254 2496/825/271 2495/824/270 2555/801/252
f 2557/803/256 2497/826/272 2496/825/271 2556/802/254
f 2558/804/258 2498/827/273 2497/826/272 2557/803/256
f 2559/805/260 2499/828/274 2498/827/273 2558/804/258
f 2560/806/262 2500/829/275 2499/828/274 2559/805/260
f 2561/807/264 2501/830/276 2500/829/275 2560/806/262
f 2562/808/266 2502/831/266 2501/830/276 2561/807/264
f 2564/681/1610 2576/1764/1611 2575/1765/1612 2563/514/1613
f 2565/684/1614 2577/1766/1615 2576/1764/1611 2564/681/1610
f 2566/686/1616 2578/1767/1617 2577/1766/1615 2565/684/1614
f 2567/688/1618 2579/1768/1619 2578/1767/1617 2566/686/1616
f 2568/690/1620 2580/1769/1621 2579/1768/1619 2567/688/1618
f 2569/692/1622 2581/1770/1623 2580/1769/1621 2568/690/1620
f 2570/694/1624 2582/1771/1625 2581/1770/1623 2569/692/1622
f 2571/696/1626 2583/1772/1627 2582/1771/1625 2570/694/1624
f 2572/698/1628 2584/1773/1629 2583/1772/1627 2571/696/1626
f 2573/700/1630 2585/1774/1631 2584/1773/1629 2572/698/1628
f 2574/702/1632 2586/1775/1633 2585/1774/1631 2573/700/1630
f 2576/1764/1611 2588/1776/1634 2587/1777/1635 2575/1765/1612
f 2577/1766/1615 2589/1778/1636 2588/1776/1634 2576/1764/1611
f 2578/1767/1617 2590/1779/1637 2589/1778/1636 2577/1766/1615
f 2579/1768/1619 2591/1780/1638 2590/1779/1637 2578/1767/1617
f 2580/1769/1621 2592/1781/1639 2591/1780/1638 2579/1768/1619
f 2581/1770/1623 2593/1782/1640 2592/1781/1639 2580/1769/1621
f 2582/1771/1625 2594/1783/1641 2593/1782/1640 2581/1770/1623
f 2583/1772/1627 2595/1784/1642 2594/1783/1641 2582/1771/1625
f 2584/1773/1629 2596/1785/1643 2595/1784/1642 2583/1772/1627
f 2585/1774/1631 2597/1786/1644 2596/1785/1643 2584/1773/1629
f 2586/1775/1633 2598/1787/1645 2597/1786/1644 2585/1774/1631
f 2588/1776/1634 2600/1788/1646 2599/1789/1647 2587/1777/1635
f 2589/1778/1636 2601/1790/1648 2600/1788/1646 2588/1776/1634
f 2590/1779/1637 2602/1791/1649 2601/1790/1648 2589/1778/1636
f 2591/1780/1638 2603/1792/1650 2602/1791/1649 2590/1779/1637
f 2592/1781/1639 2604/1793/1651 2603/1792/1650 2591/1780/1638
f 2593/1782/1640 2605/1794/1652 2604/1793/1651 2592/1781/1639
f 2594/1783/1641 2606/1795/1653 2605/1794/1652 2593/1782/1640
f 2595/1784/1642 2607/1796/1654 2606/1795/1653 2594/1783/1641
f 2596/1785/1643 2608/1797/1655 2607/1796/1654 2595/1784/1642
f 2597/1786/1644 2609/1798/1656 2608/1797/1655 2596/1785/1643
f 2598/1787/1645 2610/1799/1657 2609/1798/1656 2597/1786/1644
f 2600/1788/1646 2612/1800/1658 2611/1801/1659 2599/1789/1647
f 2601/1790/1648 2613/1802/1660 2612/1800/1658 2600/1788/1646
f 2602/1791/1649 2614/1803/1661 2613/1802/1660 2601/1790/1648
f 2603/1792/1650 2615/1804/1662 2614/1803/1661 2602/1791/1649
f 2604/1793/1651 2616/1805/1663 2615/1804/1662 2603/1792/1650
f 2605/1794/1652 2617/1806/1664 2616/1805/1663 2604/1793/1651
f 2606/1795/1653 2618/1807/1665 2617/1806/1664 2605/1794/1652
f 2607/1796/1654 2619/1808/1666 2618/1807/1665 2606/1795/1653
f 2608/1797/1655 2620/1809/1667 2619/1808/1666 2607/1796/1654
f 2609/1798/1656 2621/1810/1668 2620/1809/1667 2608/1797/1655
f 2610/1799/1657 2622/1811/1669 2621/1810/1668 2609/1798/1656
f 2612/1800/1658 2624/1812/1670 2623/1813/1671 2611/1801/1659
f 2613/1802/1660 2625/1814/1672 2624/1812/1670 2612/1800/1658
f 2614/1803/1661 2626/1815/1673 2625/1814/1672 2613/1802/1660
f 2615/1804/1662 2627/1816/1674 2626/1815/1673 2614/1803/1661
f 2616/1805/1663 2628/1817/1675 2627/1816/1674 2615/1804/1662
f 2617/1806/1664 2629/1818/1676 2628/1817/1675 2616/1805/1663
f 2618/1807/1665 2630/1819/1677 2629/1818/1676 2617/1806/1664
f 2619/1808/1666 2631/1820/1678 2630/1819/1677 2618/1807/1665
f 2620/1809/1667 2632/1821/1679 2631/1820/1678 2619/1808/1666
f 2621/1810/1668 2633/1822/1680 2632/1821/1679 2620/1809/1667
f 2622/1811/1669 2634/1823/1681 2633/1822/1680 2621/1810/1668
f 2624/1812/1670 2636/1824/1682 2635/1825/1683 2623/1813/1671
f 2625/1814/1672 2637/1826/1684 2636/1824/1682 2624/1812/1670
f 2626/1815/1673 2638/1827/1685 2637/1826/1684 2625/1814/1672
f 2627/1816/1674 2639/1828/1686 2638/1827/1685 2626/1815/1673
f 2628/1817/1675 2640/1829/1687 2639/1828/1686 2627/1816/1674
f 2629/1818/1676 2641/1830/1688 2640/1829/1687 2628/1817/1675
f 2630/1819/1677 2642/1831/1689 2641/1830/1688 2629/1818/1676
f 2631/1820/1678 2643/1832/1690 2642/1831/1689 2630/1819/1677
f 2632/1821/1679 2644/1833/1691 2643/1832/1690 2631/1820/1678
f 2633/1822/1680 2645/1834/1692 2644/1833/1691 2632/1821/1679
f 2634/1823/1681 2646/1835/1693 2645/1834/1692 2633/1822/1680
f 2636/1824/1682 2648/1836/1694 2647/1837/1695 2635/1825/1683
f 2637/1826/1684 2649/1838/1696 2648/1836/1694 2636/1824/1682
f 2638/1827/1685 2650/1839/1697 2649/1838/1696 2637/1826/1684
f 2639/1828/1686 2651/1840/1698 2650/1839/1697 2638/1827/1685
f 2640/1829/1687 2652/1841/1699 2651/1840/1698 2639/1828/1686
f 2641/1830/1688 2653/1842/1700 2652/1841/1699 2640/1829/1687
f 2642/1831/1689 2654/1843/1701 2653/1842/1700 2641/1830/1688
f 2643/1832/1690 2655/1844/1702 2654/1843/1701 2642/1831/1689
f 2644/1833/1691 2656/1845/1703 2655/1844/1702 2643/1832/1690
f 2645/1834/1692 2657/1846/1704 2656/1845/1703 2644/1833/1691
f 2646/1835/1693 2658/1847/1705 2657/1846/1704 2645/1834/1692
f 2648/1836/1694 2660/1848/1706 2659/1849/1707 2647/1837/1695
f 2649/1838/1696 2661/1850/1708 2660/1848/1706 2648/1836/1694
f 2650/1839/1697 2662/1851/1709 2661/1850/1708 2649/1838/1696
f 2651/1840/1698 2663/1852/1710 2662/1851/1709 2650/1839/1697
f 2652/1841/1699 2664/1853/1711 2663/1852/1710 2651/1840/1698
f 2653/1842/1700 2665/1854/1712 2664/1853/1711 2652/1841/1699
f 2654/1843/1701 2666/1855/1713 2665/1854/1712 2653/1842/1700
f 2655/1844/1702 2667/1856/1714 2666/1855/1713 2654/1843/1701
f 2656/1845/1703 2668/1857/1715 2667/1856/1714 2655/1844/1702
f 2657/1846/1704 2669/1858/1716 2668/1857/1715 2656/1845/1703
f 2658/1847/1705 2670/1859/1717 2669/1858/1716 2657/1846/1704
f 2660/1848/1706 2672/728/1718 2671/618/1719 2659/1849/1707
f 2661/1850/1708 2673/729/1720 2672/728/1718 2660/1848/1706
f 2662/1851/1709 2674/730/1721 2673/729/1720 2661/1850/1708
f 2663/1852/1710 2675/731/1722 2674/730/1721 2662/1851/1709
f 2664/1853/1711 2676/732/1723 2675/731/1722 2663/1852/1710
f 2665/1854/1712 2677/733/1724 2676/732/1723 2664/1853/1711
f 2666/1855/1713 2678/734/1725 2677/733/1724 2665/1854/1712
f 2667/1856/1714 2679/735/1726 2678/734/1725 2666/1855/1713
f 2668/1857/1715 2680/736/1727 2679/735/1726 2667/1856/1714
f 2669/1858/1716 2681/737/1728 2680/736/1727 2668/1857/1715
f 2670/1859/1717 2682/738/1729 2681/737/1728 2669/1858/1716
f 2672/728/1718 2684/1860/1730 2683/1861/1731 2671/618/1719
f 2673/729/1720 2685/1862/1732 2684/1860/1730 2672/728/1718
f 2674/730/1721 2686/1863/1733 2685/1862/1732 2673/729/1720
f 2675/731/1722 2687/1864/1734 2686/1863/1733 2674/730/1721
f 2676/732/1723 2688/1865/1735 2687/1864/1734 2675/731/1722
f 2677/733/1724 2689/1866/1736 2688/1865/1735 2676/732/1723
f 2678/734/1725 2690/1867/1737 2689/1866/1736 2677/733/1724
f 2679/735/1726 2691/1868/1738 2690/1867/1737 2678/734/1725
f 2680/736/1727 2692/1869/1739 2691/1868/1738 2679/735/1726
f 2681/737/1728 2693/1870/1740 2692/1869/1739 2680/736/1727
f 2682/738/1729 2694/1871/1741 2693/1870/1740 2681/737/1728
f 2684/1860/1730 2696/1872/1742 2695/1873/1743 2683/1861/1731
f 2685/1862/1732 2697/1874/1744 2696/1872/1742 2684/1860/1730
f 2686/1863/1733 2698/1875/1745 2697/1874/1744 2685/1862/1732
f 2687/1864/1734 2699/1876/1746 2698/1875/1745 2686/1863/1733
f 2688/1865/1735 2700/1877/1747 2699/1876/1746 2687/1864/1734
f 2689/1866/1736 2701/1878/1748 2700/1877/1747 2688/1865/1735
f 2690/1867/1737 2702/1879/1749 2701/1878/1748 2689/1866/1736
f 2691/1868/1738 2703/1880/1750 2702/1879/1749 2690/1867/1737
f 2692/1869/1739 2704/1881/1751 2703/1880/1750 2691/1868/1738
f 2693/1870/1740 2705/1882/1752 2704/1881/1751 2692/1869/1739
f 2694/1871/1741 2706/1883/1753 2705/1882/1752 2693/1870/1740
f 2696/1872/1742 2708/1884/1754 2707/1885/1755 2695/1873/1743
f 2697/1874/1744 2709/1886/1756 2708/1884/1754 2696/1872/1742
f 2698/1875/1745 2710/1887/1757 2709/1886/1756 2697/1874/1744
f 2699/1876/1746 2711/1888/1758 2710/1887/1757 2698/1875/1745
f 2700/1877/1747 2712/1889/1759 2711/1888/1758 2699/1876/1746
f 2701/1878/1748 2713/1890/1760 2712/1889/1759 2700/1877/1747
f 2702/1879/1749 2714/1891/1761 2713/1890/1760 2701/1878/1748
f 2703/1880/1750 2715/1892/1762 2714/1891/1761 2702/1879/1749
f 2704/1881/1751 2716/1893/1763 2715/1892/1762 2703/1880/1750
f 2705/1882/1752 2717/1894/1764 2716/1893/1763 2704/1881/1751
f 2706/1883/1753 2718/1895/1765 2717/1894/1764 2705/1882/1752
f 2708/1884/1754 2720/1896/1766 2719/1897/1767 2707/1885/1755
f 2709/1886/1756 2721/1898/1768 2720/1896/1766 2708/1884/1754
f 2710/1887/1757 2722/1899/1769 2721/1898/1768 2709/1886/1756
f 2711/1888/1758 2723/1900/1770 2722/1899/1769 2710/1887/1757
f 2712/1889/1759 2724/1901/1771 2723/1900/1770 2711/1888/1758
f 2713/1890/1760 2725/1902/1772 2724/1901/1771 2712/1889/1759
f 2714/1891/1761 2726/1903/1773 2725/1902/1772 2713/1890/1760
f 2715/1892/1762 2727/1904/1774 2726/1903/1773 2714/1891/1761
f 2716/1893/1763 2728/1905/1775 2727/1904/1774 2715/1892/1762
f 2717/1894/1764 2729/1906/1776 2728/1905/1775 2716/1893/1763
f 2718/1895/1765 2730/1907/1777 2729/1906/1776 2717/1894/1764
f 2720/1896/1766 2732/1908/1778 2731/1909/1779 2719/1897/1767
f 2721/1898/1768 2733/1910/1780 2732/1908/1778 2720/1896/1766
f 2722/1899/1769 2734/1911/1781 2733/1910/1780 2721/1898/1768
f 2723/1900/1770 2735/1912/1782 2734/1911/1781 2722/1899/1769
f 2724/1901/1771 2736/1913/1783 2735/1912/1782 2723/1900/1770
f 2725/1902/1772 2737/1914/1784 2736/1913/1783 2724/1901/1771
f 2726/1903/1773 2738/1915/1785 2737/1914/1784 2725/1902/1772
f 2727/1904/1774 2739/1916/1786 2738/1915/1785 2726/1903/1773
f 2728/1905/1775 2740/1917/1787 2739/1916/1786 2727/1904/1774
f 2729/1906/1776 2741/1918/1788 2740/1917/1787 2728/1905/1775
f 2730/1907/1777 2742/1919/1789 2741/1918/1788 2729/1906/1776
f 2732/1908/1778 2744/1920/1790 2743/1921/1791 2731/1909/1779
f 2733/1910/1780 2745/1922/1792 2744/1920/1790 2732/1908/1778
f 2734/1911/1781 2746/1923/1793 2745/1922/1792 2733/1910/1780
f 2735/1912/1782 2747/1924/1794 2746/1923/1793 2734/1911/1781
f 2736/1913/1783 2748/1925/1795 2747/1924/1794 2735/1912/1782
f 2737/1914/1784 2749/1926/1796 2748/1925/1795 2736/1913/1783
f 2738/1915/1785 2750/1927/1797 2749/1926/1796 2737/1914/1784
f 2739/1916/1786 2751/1928/1798 2750/1927/1797 2738/1915/1785
f 2740/1917/1787 2752/1929/1799 2751/1928/1798 2739/1916/1786
f 2741/1918/1788 2753/1930/1800 2752/1929/1799 2740/1917/1787
f 2742/1919/1789 2754/1931/1801 2753/1930/1800 2741/1918/1788
f 2744/1920/1790 2756/1932/1802 2755/1933/1803 2743/1921/1791
f 2745/1922/1792 2757/1934/1804 2756/1932/1802 2744/1920/1790
f 2746/1923/1793 2758/1935/1805 2757/1934/1804 2745/1922/1792
f 2747/1924/1794 2759/1936/1806 2758/1935/1805 2746/1923/1793
f 2748/1925/1795 2760/1937/1807 2759/1936/1806 2747/1924/1794
f 2749/1926/1796 2761/1938/1808 2760/1937/1807 2748/1925/1795
f 2750/1927/1797 2762/1939/1809 2761/1938/1808 2749/1926/1796
f 2751/1928/1798 2763/1940/1810 2762/1939/1809 2750/1927/1797
f 2752/1929/1799 2764/1941/1811 2763/1940/1810 2751/1928/1798
f 2753/1930/1800 2765/1942/1812 2764/1941/1811 2752/1929/1799
f 2754/1931/1801 2766/1943/1813 2765/1942/1812 2753/1930/1800
f 2756/1932/1802 2768/1944/1814 2767/1945/1815 2755/1933/1803
f 2757/1934/1804 2769/1946/1816 2768/1944/1814 2756/1932/1802
f 2758/1935/1805 2770/1947/1817 2769/1946/1816 2757/1934/1804
f 2759/1936/1806 2771/1948/1818 2770/1947/1817 2758/1935/1805
f 2760/1937/1807 2772/1949/1819 2771/1948/1818 2759/1936/1806
f 2761/1938/1808 2773/1950/1820 2772/1949/1819 2760/1937/1807
f 2762/1939/1809 2774/1951/1821 2773/1950/1820 2761/1938/1808
f 2763/1940/1810 2775/1952/1822 2774/1951/1821 2762/1939/1809
f 2764/1941/1811 2776/1953/1823 2775/1952/1822 2763/1940/1810
f 2765/1942/1812 2777/1954/1824 2776/1953/1823 2764/1941/1811
f 2766/1943/1813 2778/1955/1825 2777/1954/1824 2765/1942/1812
f 2768/1944/1814 2780/774/1826 2779/568/1827 2767/1945/1815
f 2769/1946/1816 2781/775/1828 2780/774/1826 2768/1944/1814
f 2770/1947/1817 2782/776/1829 2781/775/1828 2769/1946/1816
f 2771/1948/1818 2783/777/1830 2782/776/1829 2770/1947/1817
f 2772/1949/1819 2784/778/1831 2783/777/1830 2771/1948/1818
f 2773/1950/1820 2785/779/1832 2784/778/1831 2772/1949/1819
f 2774/1951/1821 2786/780/1833 2785/779/1832 2773/1950/1820
f 2775/1952/1822 2787/781/1834 2786/780/1833 2774/1951/1821
f 2776/1953/1823 2788/782/1835 2787/781/1834 2775/1952/1822
f 2777/1954/1824 2789/783/1836 2788/782/1835 2776/1953/1823
f 2778/1955/1825 2790/784/1837 2789/783/1836 2777/1954/1824
f 2780/774/1826 2792/1956/1838 2791/1957/1839 2779/568/1827
f 2781/775/1828 2793/1958/1840 2792/1956/1838 2780/774/1826
f 2782/776/1829 2794/1959/1841 2793/1958/1840 2781/775/1828
f 2783/777/1830 2795/1960/1842 2794/1959/1841 2782/776/1829
f 2784/778/1831 2796/1961/1843 2795/1960/1842 2783/777/1830
f 2785/779/1832 2797/1962/1844 2796/1961/1843 2784/778/1831
f 2786/780/1833 2798/1963/1845 2797/1962/1844 2785/779/1832
f 2787/781/1834 2799/1964/1846 2798/1963/1845 2786/780/1833
f 2788/782/1835 2800/1965/1847 2799/1964/1846 2787/781/1834
f 2789/783/1836 2801/1966/1848 2800/1965/1847 2788/782/1835
f 2790/784/1837 2802/1967/1849 2801/1966/1848 2789/783/1836
f 2792/1956/1838 2804/1968/1850 2803/1969/1851 2791/1957/1839
f 2793/1958/1840 2805/1970/1852 2804/1968/1850 2792/1956/1838
f 2794/1959/1841 2806/1971/1853 2805/1970/1852 2793/1958/1840
f 2795/1960/1842 2807/1972/1854 2806/1971/1853 2794/1959/1841
f 2796/1961/1843 2808/1973/1855 2807/1972/1854 2795/1960/1842
f 2797/1962/1844 2809/1974/1856 2808/1973/1855 2796/1961/1843
f 2798/1963/1845 2810/1975/1857 2809/1974/1856 2797/1962/1844
f 2799/1964/1846 2811/1976/1858 2810/1975/1857 2798/1963/1845
f 2800/1965/1847 2812/1977/1859 2811/1976/1858 2799/1964/1846
f 2801/1966/1848 2813/1978/1860 2812/1977/1859 2800/1965/1847
f 2802/1967/1849 2814/1979/1861 2813/1978/1860 2801/1966/1848
f 2804/1968/1850 2816/1980/1862 2815/1981/1863 2803/1969/1851
f 2805/1970/1852 2817/1982/1864 2816/1980/1862 2804/1968/1850
f 2806/1971/1853 2818/1983/1865 2817/1982/1864 2805/1970/1852
f 2807/1972/1854 2819/1984/1866 2818/1983/1865 2806/1971/1853
f 2808/1973/1855 2820/1985/1867 2819/1984/1866 2807/1972/1854
f 2809/1974/1856 2821/1986/1868 2820/1985/1867 2808/1973/1855
f 2810/1975/1857 2822/1987/1869 2821/1986/1868 2809/1974/1856
f 2811/1976/1858 2823/1988/1870 2822/1987/1869 2810/1975/1857
f 2812/1977/1859 2824/1989/1871 2823/1988/1870 2811/1976/1858
f 2813/1978/1860 2825/1990/1872 2824/1989/1871 2812/1977/1859
f 2814/1979/1861 2826/1991/1873 2825/1990/1872 2813/1978/1860
f 2816/1980/1862 2828/1992/1874 2827/1993/1875 2815/1981/1863
f 2817/1982/1864 2829/1994/1876 2828/1992/1874 2816/1980/1862
f 2818/1983/1865 2830/1995/1877 2829/1994/1876 2817/1982/1864
f 2819/1984/1866 2831/1996/1878 2830/1995/1877 2818/1983/1865
f 2820/1985/1867 2832/1997/1879 2831/1996/1878 2819/1984/1866
f 2821/1986/1868 2833/1998/1880 2832/1997/1879 2820/1985/1867
f 2822/1987/1869 2834/1999/1881 2833/1998/1880 2821/1986/1868
f 2823/1988/1870 2835/2000/1882 2834/1999/1881 2822/1987/1869
f 2824/1989/1871 2836/2001/1883 2835/2000/1882 2823/1988/1870
f 2825/1990/1872 2837/2002/1884 2836/2001/1883 2824/1989/1871
f 2826/1991/1873 2838/2003/1885 2837/2002/1884 2825/1990/1872
f 2828/1992/1874 2840/2004/1886 2839/2005/1887 2827/1993/1875
f 2829/1994/1876 2841/2006/1888 2840/2004/1886 2828/1992/1874
f 2830/1995/1877 2842/2007/1889 2841/2006/1888 2829/1994/1876
f 2831/1996/1878 2843/2008/1890 2842/2007/1889 2830/1995/1877
f 2832/1997/1879 2844/2009/1891 2843/2008/1890 2831/1996/1878
f 2833/1998/1880 2845/2010/1892 2844/2009/1891 2832/1997/1879
f 2834/1999/1881 2846/2011/1893 2845/2010/1892 2833/1998/1880
f 2835/2000/1882 2847/2012/1894 2846/2011/1893 2834/1999/1881
f 2836/2001/1883 2848/2013/1895 2847/2012/1894 2835/2000/1882
f 2837/2002/1884 2849/2014/1896 2848/2013/1895 2836/2001/1883
f 2838/2003/1885 2850/2015/1897 2849/2014/1896 2837/2002/1884
f 2840/2004/1886 2852/2016/1898 2851/2017/1899 2839/2005/1887
f 2841/2006/1888 2853/2018/1900 2852/2016/1898 2840/2004/1886
f 2842/2007/1889 2854/2019/1901 2853/2018/1900 2841/2006/1888
f 2843/2008/1890 2855/2020/1902 2854/2019/1901 2842/2007/1889
f 2844/2009/1891 2856/2021/1903 2855/2020/1902 2843/2008/1890
f 2845/2010/1892 2857/2022/1904 2856/2021/1903 2844/2009/1891
f 2846/2011/1893 2858/2023/1905 2857/2022/1904 2845/2010/1892
f 2847/2012/1894 2859/2024/1906 2858/2023/1905 2846/2011/1893
f 2848/2013/1895 2860/2025/1907 2859/2024/1906 2847/2012/1894
f 2849/2014/1896 2861/2026/1908 2860/2025/1907 2848/2013/1895
f 2850/2015/1897 2862/2027/1909 2861/2026/1908 2849/2014/1896
f 2852/2016/1898 2864/2028/287 2863/2029/288 2851/2017/1899
f 2853/2018/1900 2865/2030/289 2864/2028/287 2852/2016/1898
f 2854/2019/1901 2866/2031/290 2865/2030/289 2853/2018/1900
f 2855/2020/1902 2867/2032/291 2866/2031/290 2854/2019/1901
f 2856/2021/1903 2868/2033/292 2867/2032/291 2855/2020/1902
f 2857/2022/1904 2869/2034/293 2868/2033/292 2856/2021/1903
f 2858/2023/1905 2870/2035/294 2869/2034/293 2857/2022/1904
f 2859/2024/1906 2871/2036/295 2870/2035/294 2858/2023/1905
f 2860/2025/1907 2872/2037/296 2871/2036/295 2859/2024/1906
f 2861/2026/1908 2873/2038/297 2872/2037/296 2860/2025/1907
f 2862/2027/1909 2874/2039/298 2873/2038/297 2861/2026/1908
f 2864/2028/287 2876/2040/299 2875/2041/300 2863/2029/288
f 2865/2030/289 2877/2042/301 2876/2040/299 2864/2028/287
f 2866/2031/290 2878/2043/302 2877/2042/301 2865/2030/289
f 2867/2032/291 2879/2044/303 2878/2043/302 2866/2031/290
f 2868/2033/292 2880/2045/304 2879/2044/303 2867/2032/291
f 2869/2034/293 2881/2046/305 2880/2045/304 2868/2033/292
f 2870/2035/294 2882/2047/306 2881/2046/305 2869/2034/293
f 2871/2036/295 2883/2048/307 2882/2047/306 2870/2035/294
f 2872/2037/296 2884/2049/308 2883/2048/307 2871/2036/295
f 2873/2038/297 2885/2050/309 2884/2049/308 2872/2037/296
f 2874/2039/298 2886/2051/310 2885/2050/309 2873/2038/297
f 2876/2040/299 2564/821/1610 2563/506/1613 2875/2041/300
f 2877/2042/301 2565/822/1614 2564/821/1610 2876/2040/299
f 2878/2043/302 2566/823/1616 2565/822/1614 2877/2042/301
f 2879/2044/303 2567/824/1618 2566/823/1616 2878/2043/302
f 2880/2045/304 2568/825/1620 2567/824/1618 2879/2044/303
f 2881/2046/305 2569/826/1622 2568/825/1620 2880/2045/304
f 2882/2047/306 2570/827/1624 2569/826/1622 2881/2046/305
f 2883/2048/307 2571/828/1626 2570/827/1624 2882/2047/306
f 2884/2049/308 2572/829/1628 2571/828/1626 2883/2048/307
f 2885/2050/309 2573/830/1630 2572/829/1628 2884/2049/308
f 2886/2051/310 2574/831/1632 2573/830/1630 2885/2050/309
f 2888/681/1910 2900/1764/1911 2899/1765/1912 2887/514/1913
f 2889/684/1914 2901/1766/1915 2900/1764/1911 2888/681/1910
f 2890/686/1916 2902/1767/1917 2901/1766/1915 2889/684/1914
f 2891/688/1918 2903/1768/1919 2902/1767/1917 2890/686/1916
f 2892/690/1920 2904/1769/1921 2903/1768/1919 2891/688/1918
f 2893/692/1922 2905/1770/1923 2904/1769/1921 2892/690/1920
f 2894/694/1924 2906/1771/1925 2905/1770/1923 2893/692/1922
f 2895/696/1926 2907/1772/1927 2906/1771/1925 2894/694/1924
f 2896/698/1928 2908/1773/1929 2907/1772/1927 2895/696/1926
f 2897/700/1930 2909/1774/1931 2908/1773/1929 2896/698/1928
f 2898/702/1932 2910/1775/1933 2909/1774/1931 2897/700/1930
f 2900/1764/1911 2912/1776/1934 2911/1777/1935 2899/1765/1912
f 2901/1766/1915 2913/1778/1936 2912/1776/1934 2900/1764/1911
f 2902/1767/1917 2914/1779/1937 2913/1778/1936 2901/1766/1915
f 2903/1768/1919 2915/1780/1938 2914/1779/1937 2902/1767/1917
f 2904/1769/1921 2916/1781/1939 2915/1780/1938 2903/1768/1919
f 2905/1770/1923 2917/1782/1940 2916/1781/1939 2904/1769/1921
f 2906/1771/1925 2918/1783/1941 2917/1782/1940 2905/1770/1923
f 2907/1772/1927 2919/1784/1942 2918/1783/1941 2906/1771/1925
f 2908/1773/1929 2920/1785/1943 2919/1784/1942 2907/1772/1927
f 2909/1774/1931 2921/1786/1944 2920/1785/1943 2908/1773/1929
f 2910/1775/1933 2922/1787/1945 2921/1786/1944 2909/1774/1931
f 2912/1776/1934 2924/1788/1946 2923/1789/1947 2911/1777/1935
f 2913/1778/1936 2925/1790/1948 2924/1788/1946 2912/1776/1934
f 2914/1779/1937 2926/1791/1949 2925/1790/1948 2913/1778/1936
f 2915/1780/1938 2927/1792/1950 2926/1791/1949 2914/1779/1937
f 2916/1781/1939 2928/1793/1951 2927/1792/1950 2915/1780/1938
f 2917/1782/1940 2929/1794/1952 2928/1793/1951 2916/1781/1939
f 2918/1783/1941 2930/1795/1953 2929/1794/1952 2917/1782/1940
f 2919/1784/1942 2931/1796/1954 2930/1795/1953 2918/1783/1941
f 2920/1785/1943 2932/1797/1955 2931/1796/1954 2919/1784/1942
f 2921/1786/1944 2933/1798/1956 2932/1797/1955 2920/1785/1943
f 2922/1787/1945 2934/1799/1957 2933/1798/1956 2921/1786/1944
f 2924/1788/1946 2936/1800/1958 2935/1801/1959 2923/1789/1947
f 2925/1790/1948 2937/1802/1960 2936/1800/1958 2924/1788/1946
f 2926/1791/1949 2938/1803/1961 2937/1802/1960 2925/1790/1948
f 2927/1792/1950 2939/1804/1962 2938/1803/1961 2926/1791/1949
f 2928/1793/1951 2940/1805/1963 2939/1804/1962 2927/1792/1950
f 2929/1794/1952 2941/1806/1964 2940/1805/1963 2928/1793/1951
f 2930/1795/1953 2942/1807/1965 2941/1806/1964 2929/1794/1952
f 2931/1796/1954 2943/1808/1966 2942/1807/1965 2930/1795/1953
f 2932/1797/1955 2944/1809/1967 2943/1808/1966 2931/1796/1954
f 2933/1798/1956 2945/1810/1968 2944/1809/1967 2932/1797/1955
f 2934/1799/1957 2946/1811/1969 2945/1810/1968 2933/1798/1956
f 2936/1800/1958 2948/1812/1970 2947/1813/1971 2935/1801/1959
f 2937/1802/1960 2949/1814/1972 2948/1812/1970 2936/1800/1958
f 2938/1803/1961 2950/1815/1973 2949/1814/1972 2937/1802/1960
f 2939/1804/1962 2951/1816/1974 2950/1815/1973 2938/1803/1961
f 2940/1805/1963 2952/1817/1975 2951/1816/1974 2939/1804/1962
f 2941/1806/1964 2953/1818/1976 2952/1817/1975 2940/1805/1963
f 2942/1807/1965 2954/1819/1977 2953/1818/1976 2941/1806/1964
f 2943/1808/1966 2955/1820/1978 2954/1819/1977 2942/1807/1965
f 2944/1809/1967 2956/1821/1979 2955/1820/1978 2943/1808/1966
f 2945/1810/1968 2957/1822/1980 2956/1821/1979 2944/1809/1967
f 2946/1811/1969 2958/1823/1981 2957/1822/1980 2945/1810/1968
f 2948/1812/1970 2960/1824/1982 2959/1825/1983 2947/1813/1971
f 2949/1814/1972 2961/1826/1984 2960/1824/1982 2948/1812/1970
f 2950/1815/1973 2962/1827/1985 2961/1826/1984 2949/1814/1972
f 2951/1816/1974 2963/1828/1986 2962/1827/1985 2950/1815/1973
f 2952/1817/1975 2964/1829/1987 2963/1828/1986 2951/1816/1974
f 2953/1818/1976 2965/1830/1988 2964/1829/1987 2952/1817/1975
f 2954/1819/1977 2966/1831/1989 2965/1830/1988 2953/1818/1976
f 2955/1820/1978 2967/1832/1990 2966/1831/1989 2954/1819/1977
f 2956/1821/1979 2968/1833/1991 2967/1832/1990 2955/1820/1978
f 2957/1822/1980 2969/1834/1992 2968/1833/1991 2956/1821/1979
f 2958/1823/1981 2970/1835/1993 2969/1834/1992 2957/1822/1980
f 2960/1824/1982 2972/1836/1994 2971/1837/1995 2959/1825/1983
f 2961/1826/1984 2973/1838/1996 2972/1836/1994 2960/1824/1982
f 2962/1827/1985 2974/1839/1997 2973/1838/1996 2961/1826/1984
f 2963/1828/1986 2975/1840/1998 2974/1839/1997 2962/1827/1985
f 2964/1829/1987 2976/1841/1999 2975/1840/1998 2963/1828/1986
f 2965/1830/1988 2977/1842/2000 2976/1841/1999 2964/1829/1987
f 2966/1831/1989 2978/1843/2001 2977/1842/2000 2965/1830/1988
f 2967/1832/1990 2979/1844/2002 2978/1843/2001 2966/1831/1989
f 2968/1833/1991 2980/1845/2003 2979/1844/2002 2967/1832/1990
f 2969/1834/1992 2981/1846/2004 2980/1845/2003 2968/1833/1991
f 2970/1835/1993 2982/1847/2005 2981/1846/2004 2969/1834/1992
f 2972/1836/1994 2984/1848/2006 2983/1849/2007 2971/1837/1995
f 2973/1838/1996 2985/1850/2008 2984/1848/2006 2972/1836/1994
f 2974/1839/1997 2986/1851/2009 2985/1850/2008 2973/1838/1996
f 2975/1840/1998 2987/1852/2010 2986/1851/2009 2974/1839/1997
f 2976/1841/1999 2988/1853/2011 2987/1852/2010 2975/1840/1998
f 2977/1842/2000 2989/1854/2012 2988/1853/2011 2976/1841/1999
f 2978/1843/2001 2990/1855/2013 2989/1854/2012 2977/1842/2000
f 2979/1844/2002 2991/1856/2014 2990/1855/2013 2978/1843/2001
f 2980/1845/2003 2992/1857/2015 2991/1856/2014 2979/1844/2002
f 2981/1846/2004 2993/1858/2016 2992/1857/2015 2980/1845/2003
f 2982/1847/2005 2994/1859/2017 2993/1858/2016 2981/1846/2004
f 2984/1848/2006 2996/728/2018 2995/618/2019 2983/1849/2007
f 2985/1850/2008 2997/729/2020 2996/728/2018 2984/1848/2006
f 2986/1851/2009 2998/730/2021 2997/729/2020 2985/1850/2008
f 2987/1852/2010 2999/731/2022 2998/730/2021 2986/1851/2009
f 2988/1853/2011 3000/732/2023 2999/731/2022 2987/1852/2010
f 2989/1854/2012 3001/733/2024 3000/732/2023 2988/1853/2011
f 2990/1855/2013 3002/734/2025 3001/733/2024 2989/1854/2012
f 2991/1856/2014 3003/735/2026 3002/734/2025 2990/1855/2013
f 2992/1857/2015 3004/736/2027 3003/735/2026 2991/1856/2014
f 2993/1858/2016 3005/737/2028 3004/736/2027 2992/1857/2015
f 2994/1859/2017 3006/738/2029 3005/737/2028 2993/1858/2016
f 2996/728/2018 3008/1860/2030 3007/1861/2031 2995/618/2019
f 2997/729/2020 3009/1862/2032 3008/1860/2030 2996/728/2018
f 2998/730/2021 3010/1863/2033 3009/1862/2032 2997/729/2020
f 2999/731/2022 3011/1864/2034 3010/1863/2033 2998/730/2021
f 3000/732/2023 3012/1865/2035 3011/1864/2034 2999/731/2022
f 3001/733/2024 3013/1866/2036 3012/1865/2035 3000/732/2023
f 3002/734/2025 3014/1867/2037 3013/1866/2036 3001/733/2024
f 3003/735/2026 3015/1868/2038 3014/1867/2037 3002/734/2025
f 3004/736/2027 3016/1869/2039 3015/1868/2038 3003/735/2026
f 3005/737/2028 3017/1870/2040 3016/1869/2039 3004/736/2027
f 3006/738/2029 3018/1871/2041 3017/1870/2040 3005/737/2028
f 3008/1860/2030 3020/1872/2042 3019/1873/2043 3007/1861/2031
f 3009/1862/2032 3021/1874/2044 3020/1872/2042 3008/1860/2030
f 3010/1863/2033 3022/1875/2045 3021/1874/2044 3009/1862/2032
f 3011/1864/2034 3023/1876/2046 3022/1875/2045 3010/1863/2033
f 3012/1865/2035 3024/1877/2047 3023/1876/2046 3011/1864/2034
f 3013/1866/2036 3025/1878/2048 3024/1877/2047 3012/1865/2035
f 3014/1867/2037 3026/1879/2049 3025/1878/2048 3013/1866/2036
f 3015/1868/2038 3027/1880/2050 3026/1879/2049 3014/1867/2037
f 3016/1869/2039 3028/1881/2051 3027/1880/2050 3015/1868/2038
f 3017/1870/2040 3029/1882/2052 3028/1881/2051 3016/1869/2039
f 3018/1871/2041 3030/1883/2053 3029/1882/2052 3017/1870/2040
f 3020/1872/2042 3032/1884/2054 3031/1885/2055 3019/1873/2043
f 3021/1874/2044 3033/1886/2056 3032/1884/2054 3020/1872/2042
f 3022/1875/2045 3034/1887/2057 3033/1886/2056 3021/1874/2044
f 3023/1876/2046 3035/1888/2058 3034/1887/2057 3022/1875/2045
f 3024/1877/2047 3036/1889/2059 3035/1888/2058 3023/1876/2046
f 3025/1878/2048 3037/1890/2060 3036/1889/2059 3024/1877/2047
f 3026/1879/2049 3038/1891/2061 3037/1890/2060 3025/1878/2048
f 3027/1880/2050 3039/1892/2062 3038/1891/2061 3026/1879/2049
f 3028/1881/2051 3040/1893/2063 3039/1892/2062 3027/1880/2050
f 3029/1882/2052 3041/1894/2064 3040/1893/2063 3028/1881/2051
f 3030/1883/2053 3042/1895/2065 3041/1894/2064 3029/1882/2052
f 3032/1884/2054 3044/1896/2066 3043/1897/2067 3031/1885/2055
f 3033/1886/2056 3045/1898/2068 3044/1896/2066 3032/1884/2054
f 3034/1887/2057 3046/1899/2069 3045/1898/2068 3033/1886/2056
f 3035/1888/2058 3047/1900/2070 3046/1899/2069 3034/1887/2057
f 3036/1889/2059 3048/1901/2071 3047/1900/2070 3035/1888/2058
f 3037/1890/2060 3049/1902/2072 3048/1901/2071 3036/1889/2059
f 3038/1891/2061 3050/1903/2073 3049/1902/2072 3037/1890/2060
f 3039/1892/2062 3051/1904/2074 3050/1903/2073 3038/1891/2061
f 3040/1893/2063 3052/1905/2075 3051/1904/2074 3039/1892/2062
f 3041/1894/2064 3053/1906/2076 3052/1905/2075 3040/1893/2063
f 3042/1895/2065 3054/1907/2077 3053/1906/2076 3041/1894/2064
f 3044/1896/2066 3056/1908/2078 3055/1909/2079 3043/1897/2067
f 3045/1898/2068 3057/1910/2080 3056/1908/2078 3044/1896/2066
f 3046/1899/2069 3058/1911/2081 3057/1910/2080 3045/1898/2068
f 3047/1900/2070 3059/1912/2082 3058/1911/2081 3046/1899/2069
f 3048/1901/2071 3060/1913/2083 3059/1912/2082 3047/1900/2070
f 3049/1902/2072 3061/1914/2084 3060/1913/2083 3048/1901/2071
f 3050/1903/2073 3062/1915/2085 3061/1914/2084 3049/1902/2072
f 3051/1904/2074 3063/1916/2086 3062/1915/2085 3050/1903/2073
f 3052/1905/2075 3064/1917/2087 3063/1916/2086 3051/1904/2074
f 3053/1906/2076 3065/1918/2088 3064/1917/2087 3052/1905/2075
f 3054/1907/2077 3066/1919/2089 3065/1918/2088 3053/1906/2076
f 3056/1908/2078 3068/1920/2090 3067/1921/2091 3055/1909/2079
f 3057/1910/2080 3069/1922/2092 3068/1920/2090 3056/1908/2078
f 3058/1911/2081 3070/1923/2093 3069/1922/2092 3057/1910/2080
f 3059/1912/2082 3071/1924/2094 3070/1923/2093 3058/1911/2081
f 3060/1913/2083 3072/1925/2095 3071/1924/2094 3059/1912/2082
f 3061/1914/2084 3073/1926/2096 3072/1925/2095 3060/1913/2083
f 3062/1915/2085 3074/1927/2097 3073/1926/2096 3061/1914/2084
f 3063/1916/2086 3075/1928/2098 3074/1927/2097 3062/1915/2085
f 3064/1917/2087 3076/1929/2099 3075/1928/2098 3063/1916/2086
f 3065/1918/2088 3077/1930/2100 3076/1929/2099 3064/1917/2087
f 3066/1919/2089 3078/1931/2101 3077/1930/2100 3065/1918/2088
f 3068/1920/2090 3080/1932/2102 3079/1933/2103 3067/1921/2091
f 3069/1922/2092 3081/1934/2104 3080/1932/2102 3068/1920/2090
f 3070/1923/2093 3082/1935/2105 3081/1934/2104 3069/1922/2092
f 3071/1924/2094 3083/1936/2106 3082/1935/2105 3070/1923/2093
f 3072/1925/2095 3084/1937/2107 3083/1936/2106 3071/1924/2094
f 3073/1926/2096 3085/1938/2108 3084/1937/2107 3072/1925/2095
f 3074/1927/2097 3086/1939/2109 3085/1938/2108 3073/1926/2096
f 3075/1928/2098 3087/1940/2110 3086/1939/2109 3074/1927/2097
f 3076/1929/2099 3088/1941/2111 3087/1940/2110 3075/1928/2098
f 3077/1930/2100 3089/1942/2112 3088/1941/2111 3076/1929/2099
f 3078/1931/2101 3090/1943/2113 3089/1942/2112 3077/1930/2100
f 3080/1932/2102 3092/1944/2114 3091/1945/2115 3079/1933/2103
f 3081/1934/2104 3093/1946/2116 3092/1944/2114 3080/1932/2102
f 3082/1935/2105 3094/1947/2117 3093/1946/2116 3081/1934/2104
f 3083/1936/2106 3095/1948/2118 3094/1947/2117 3082/1935/2105
f 3084/1937/2107 3096/1949/2119 3095/1948/2118 3083/1936/2106
f 3085/1938/2108 3097/1950/2120 3096/1949/2119 3084/1937/2107
f 3086/1939/2109 3098/1951/2121 3097/1950/2120 3085/1938/2108
f 3087/1940/2110 3099/1952/2122 3098/1951/2121 3086/1939/2109
f 3088/1941/2111 3100/1953/2123 3099/1952/2122 3087/1940/2110
f 3089/1942/2112 3101/1954/2124 3100/1953/2123 3088/1941/2111
f 3090/1943/2113 3102/1955/2125 3101/1954/2124 3089/1942/2112
f 3092/1944/2114 3104/774/2126 3103/568/2127 3091/1945/2115
f 3093/1946/2116 3105/775/2128 3104/774/2126 3092/1944/2114
f 3094/1947/2117 3106/776/2129 3105/775/2128 3093/1946/2116
f 3095/1948/2118 3107/777/2130 3106/776/2129 3094/1947/2117
f 3096/1949/2119 3108/778/2131 3107/777/2130 3095/1948/2118
f 3097/1950/2120 3109/779/2132 3108/778/2131 3096/1949/2119
f 3098/1951/2121 3110/780/2133 3109/779/2132 3097/1950/2120
f 3099/1952/2122 3111/781/2134 3110/780/2133 3098/1951/2121
f 3100/1953/2123 3112/782/2135 3111/781/2134 3099/1952/2122
f 3101/1954/2124 3113/783/2136 3112/782/2135 3100/1953/2123
f 3102/1955/2125 3114/784/2137 3113/783/2136 3101/1954/2124
f 3104/774/2126 3116/1956/2138 3115/1957/2139 3103/568/2127
f 3105/775/2128 3117/1958/2140 3116/1956/2138 3104/774/2126
f 3106/776/2129 3118/1959/2141 3117/1958/2140 3105/775/2128
f 3107/777/2130 3119/1960/2142 3118/1959/2141 3106/776/2129
f 3108/778/2131 3120/1961/2143 3119/1960/2142 3107/777/2130
f 3109/779/2132 3121/1962/2144 3120/1961/2143 3108/778/2131
f 3110/780/2133 3122/1963/2145 3121/1962/2144 3109/779/2132
f 3111/781/2134 3123/1964/2146 3122/1963/2145 3110/780/2133
f 3112/782/2135 3124/1965/2147 3123/1964/2146 3111/781/2134
f 3113/783/2136 3125/1966/2148 3124/1965/2147 3112/782/2135
f 3114/784/2137 3126/1967/2149 3125/1966/2148 3113/783/2136
f 3116/1956/2138 3128/1968/2150 3127/1969/2151 3115/1957/2139
f 3117/1958/2140 3129/1970/2152 3128/1968/2150 3116/1956/2138
f 3118/1959/2141 3130/1971/2153 3129/1970/2152 3117/1958/2140
f 3119/1960/2142 3131/1972/2154 3130/1971/2153 3118/1959/2141
f 3120/1961/2143 3132/1973/2155 3131/1972/2154 3119/1960/2142
f 3121/1962/2144 3133/1974/2156 3132/1973/2155 3120/1961/2143
f 3122/1963/2145 3134/1975/2157 3133/1974/2156 3121/1962/2144
f 3123/1964/2146 3135/1976/2158 3134/1975/2157 3122/1963/2145
f 3124/1965/2147 3136/1977/2159 3135/1976/2158 3123/1964/2146
f 3125/1966/2148 3137/1978/2160 3136/1977/2159 3124/1965/2147
f 3126/1967/2149 3138/1979/2161 3137/1978/2160 3125/1966/2148
f 3128/1968/2150 3140/1980/2162 3139/1981/2163 3127/1969/2151
f 3129/1970/2152 3141/1982/2164 3140/1980/2162 3128/1968/2150
f 3130/1971/2153 3142/1983/2165 3141/1982/2164 3129/1970/2152
f 3131/1972/2154 3143/1984/2166 3142/1983/2165 3130/1971/2153
f 3132/1973/2155 3144/1985/2167 3143/1984/2166 3131/1972/2154
f 3133/1974/2156 3145/1986/2168 3144/1985/2167 3132/1973/2155
f 3134/1975/2157 3146/1987/2169 3145/1986/2168 3133/1974/2156
f 3135/1976/2158 3147/1988/2170 3146/1987/2169 3134/1975/2157
f 3136/1977/2159 3148/1989/2171 3147/1988/2170 3135/1976/2158
f 3137/1978/2160 3149/1990/2172 3148/1989/2171 3136/1977/2159
f 3138/1979/2161 3150/1991/2173 3149/1990/2172 3137/1978/2160
f 3140/1980/2162 3152/1992/2174 3151/1993/2175 3139/1981/2163
f 3141/1982/2164 3153/1994/2176 3152/1992/2174 3140/1980/2162
f 3142/1983/2165 3154/1995/2177 3153/1994/2176 3141/1982/2164
f 3143/1984/2166 3155/1996/2178 3154/1995/2177 3142/1983/2165
f 3144/1985/2167 3156/1997/2179 3155/1996/2178 3143/1984/2166
f 3145/1986/2168 3157/1998/2180 3156/1997/2179 3144/1985/2167
f 3146/1987/2169 3158/1999/2181 3157/1998/2180 3145/1986/2168
f 3147/1988/2170 3159/2000/2182 3158/1999/2181 3146/1987/2169
f 3148/1989/2171 3160/2001/2183 3159/2000/2182 3147/1988/2170
f 3149/1990/2172 3161/2002/2184 3160/2001/2183 3148/1989/2171
f 3150/1991/2173 3162/2003/2185 3161/2002/2184 3149/1990/2172
f 3152/1992/2174 3164/2004/2186 3163/2005/2187 3151/1993/2175
f 3153/1994/2176 3165/2006/2188 3164/2004/2186 3152/1992/2174
f 3154/1995/2177 3166/2007/2189 3165/2006/2188 3153/1994/2176
f 3155/1996/2178 3167/2008/2190 3166/2007/2189 3154/1995/2177
f 3156/1997/2179 3168/2009/2191 3167/2008/2190 3155/1996/2178
f 3157/1998/2180 3169/2010/2192 3168/2009/2191 3156/1997/2179
f 3158/1999/2181 3170/2011/2193 3169/2010/2192 3157/1998/2180
f 3159/2000/2182 3171/2012/2194 3170/2011/2193 3158/1999/2181
f 3160/2001/2183 3172/2013/2195 3171/2012/2194 3159/2000/2182
f 3161/2002/2184 3173/2014/2196 3172/2013/2195 3160/2001/2183
f 3162/2003/2185 3174/2015/2197 3173/2014/2196 3161/2002/2184
f 3164/2004/2186 3176/2016/2198 3175/2017/2199 3163/2005/2187
f 3165/2006/2188 3177/2018/2200 3176/2016/2198 3164/2004/2186
f 3166/2007/2189 3178/2019/2201 3177/2018/2200 3165/2006/2188
f 3167/2008/2190 3179/2020/2202 3178/2019/2201 3166/2007/2189
f 3168/2009/2191 3180/2021/2203 3179/2020/2202 3167/2008/2190
f 3169/2010/2192 3181/2022/2204 3180/2021/2203 3168/2009/2191
f 3170/2011/2193 3182/2023/2205 3181/2022/2204 3169/2010/2192
f 3171/2012/2194 3183/2024/2206 3182/2023/2205 3170/2011/2193
f 3172/2013/2195 3184/2025/2207 3183/2024/2206 3171/2012/2194
f 3173/2014/2196 3185/2026/2208 3184/2025/2207 3172/2013/2195
f 3174/2015/2197 3186/2027/2209 3185/2026/2208 3173/2014/2196
f 3176/2016/2198 3188/2028/243 3187/2029/246 3175/2017/2199
f 3177/2018/2200 3189/2030/247 3188/2028/243 3176/2016/2198
f 3178/2019/2201 3190/2031/249 3189/2030/247 3177/2018/2200
f 3179/2020/2202 3191/2032/251 3190/2031/249 3178/2019/2201
f 3180/2021/2203 3192/2033/253 3191/2032/251 3179/2020/2202
f 3181/2022/2204 3193/2034/255 3192/2033/253 3180/2021/2203
f 3182/2023/2205 3194/2035/257 3193/2034/255 3181/2022/2204
f 3183/2024/2206 3195/2036/259 3194/2035/257 3182/2023/2205
f 3184/2025/2207 3196/2037/261 3195/2036/259 3183/2024/2206
f 3185/2026/2208 3197/2038/263 3196/2037/261 3184/2025/2207
f 3186/2027/2209 3198/2039/265 3197/2038/263 3185/2026/2208
f 3188/2028/243 3200/2040/244 3199/2041/245 3187/2029/246
f 3189/2030/247 3201/2042/248 3200/2040/244 3188/2028/243
f 3190/2031/249 3202/2043/250 3201/2042/248 3189/2030/247
f 3191/2032/251 3203/2044/252 3202/2043/250 3190/2031/249
f 3192/2033/253 3204/2045/254 3203/2044/252 3191/2032/251
f 3193/2034/255 3205/2046/256 3204/2045/254 3192/2033/253
f 3194/2035/257 3206/2047/258 3205/2046/256 3193/2034/255
f 3195/2036/259 3207/2048/260 3206/2047/258 3194/2035/257
f 3196/2037/261 3208/2049/262 3207/2048/260 3195/2036/259
f 3197/2038/263 3209/2050/264 3208/2049/262 3196/2037/261
f 3198/2039/265 3210/2051/266 3209/2050/264 3197/2038/263
f 3200/2040/244 2888/821/1910 2887/506/1913 3199/2041/245
f 3201/2042/248 2889/822/1914 2888/821/1910 3200/2040/244
f 3202/2043/250 2890/823/1916 2889/822/1914 3201/2042/248
f 3203/2044/252 2891/824/1918 2890/823/1916 3202/2043/250
f 3204/2045/254 2892/825/1920 2891/824/1918 3203/2044/252
f 3205/2046/256 2893/826/1922 2892/825/1920 3204/2045/254
f 3206/2047/258 2894/827/1924 2893/826/1922 3205/2046/256
f 3207/2048/260 2895/828/1926 2894/827/1924 3206/2047/258
f 3208/2049/262 2896/829/1928 2895/828/1926 3207/2048/260
f 3209/2050/264 2897/830/1930 2896/829/1928 3208/2049/262
f 3210/2051/266 2898/831/1932 2897/830/1930 3209/2050/264
