# Blender 5.1.2
# www.blender.org
mtllib ruby_shard.mtl
o ruby_crystal_body
v 0.000000 2.680000 0.000000
v 0.451000 2.082000 0.000000
v 0.318905 2.082000 -0.229612
v 0.000000 2.082000 -0.324720
v -0.318905 2.082000 -0.229612
v -0.451000 2.082000 -0.000000
v -0.318905 2.082000 0.229612
v -0.000000 2.082000 0.324720
v 0.318905 2.082000 0.229612
v 0.508134 1.380000 -0.151543
v 0.210476 1.380000 -0.365856
v -0.210476 1.380000 -0.365856
v -0.508134 1.380000 -0.151543
v -0.508134 1.380000 0.151543
v -0.210476 1.380000 0.365856
v 0.210476 1.380000 0.365856
v 0.508134 1.380000 0.151543
v 0.396000 0.652000 0.000000
v 0.280014 0.652000 -0.201610
v 0.000000 0.652000 -0.285120
v -0.280014 0.652000 -0.201610
v -0.396000 0.652000 -0.000000
v -0.280014 0.652000 0.201610
v -0.000000 0.652000 0.285120
v 0.280014 0.652000 0.201610
v 0.000000 0.080000 0.000000
vn -0.0000 1.0000 -0.0001
vn 0.9324 0.2991 -0.2029
vn 0.4509 0.2425 -0.8590
vn 0.9536 -0.0333 -0.2994
vn 0.4137 -0.0264 -0.9100
vn 0.4510 0.2425 -0.8590
vn 0.9535 -0.0334 -0.2994
vn 0.9226 -0.3154 -0.2219
vn 0.4375 -0.2558 -0.8621
vn 0.4136 -0.0265 -0.9101
vn 0.9226 -0.3155 -0.2219
vn -0.0000 -1.0000 -0.0000
vn 0.4374 -0.2559 -0.8621
vn -0.0000 1.0000 -0.0000
vn 0.4509 0.2426 -0.8590
vn -0.1093 0.2237 -0.9685
vn 0.4136 -0.0264 -0.9101
vn -0.1606 -0.0249 -0.9867
vn -0.1092 0.2237 -0.9685
vn 0.4374 -0.2558 -0.8621
vn -0.1201 -0.2373 -0.9640
vn 0.0001 -1.0000 -0.0000
vn -0.1202 -0.2373 -0.9640
vn -0.0001 1.0000 -0.0000
vn -0.6774 0.2657 -0.6859
vn -0.1606 -0.0248 -0.9867
vn -0.7515 -0.0303 -0.6590
vn -0.6774 0.2657 -0.6860
vn -0.6855 -0.2825 -0.6710
vn -0.7516 -0.0303 -0.6590
vn 0.0001 -1.0000 -0.0001
vn -0.6855 -0.2826 -0.6710
vn -0.9324 0.2990 0.2029
vn -0.9536 -0.0333 0.2994
vn -0.9324 0.2991 0.2029
vn -0.7516 -0.0303 -0.6589
vn -0.9226 -0.3154 0.2219
vn -0.9536 -0.0334 0.2994
vn -0.9226 -0.3155 0.2220
vn -0.0000 1.0000 0.0001
vn -0.4509 0.2425 0.8590
vn -0.4137 -0.0264 0.9100
vn -0.4510 0.2425 0.8590
vn -0.9535 -0.0334 0.2994
vn -0.4375 -0.2558 0.8621
vn -0.4136 -0.0265 0.9101
vn -0.9226 -0.3155 0.2219
vn -0.4374 -0.2559 0.8621
vn -0.4509 0.2426 0.8590
vn 0.1093 0.2237 0.9685
vn -0.4136 -0.0264 0.9101
vn 0.1606 -0.0249 0.9867
vn 0.1092 0.2237 0.9685
vn -0.4374 -0.2558 0.8621
vn 0.1201 -0.2373 0.9640
vn -0.0001 -1.0000 -0.0000
vn 0.1202 -0.2373 0.9640
vn 0.0001 1.0000 -0.0000
vn 0.6774 0.2657 0.6859
vn 0.1606 -0.0248 0.9867
vn 0.7515 -0.0303 0.6590
vn 0.6774 0.2657 0.6860
vn 0.6855 -0.2825 0.6710
vn 0.7516 -0.0303 0.6590
vn -0.0001 -1.0000 0.0001
vn 0.6855 -0.2826 0.6710
vn 0.9324 0.2990 -0.2029
vn 0.7516 -0.0303 0.6589
vn 0.9536 -0.0334 -0.2994
vn 0.9226 -0.3155 -0.2220
s 0
usemtl ruby_transparent_crystal.001
f 1//1 2//2 3//3
f 2//2 10//4 11//5 3//6
f 10//7 18//8 19//9 11//10
f 18//11 26//12 19//13
f 1//14 3//15 4//16
f 3//15 11//17 12//18 4//19
f 11//10 19//20 20//21 12//18
f 19//13 26//22 20//23
f 1//24 4//16 5//25
f 4//16 12//26 13//27 5//28
f 12//18 20//23 21//29 13//30
f 20//23 26//31 21//32
f 1//1 5//25 6//33
f 5//28 13//30 14//34 6//35
f 13//36 21//29 22//37 14//38
f 21//32 26//12 22//39
f 1//40 6//35 7//41
f 6//35 14//34 15//42 7//43
f 14//44 22//37 23//45 15//46
f 22//47 26//12 23//48
f 1//14 7//49 8//50
f 7//49 15//51 16//52 8//53
f 15//46 23//54 24//55 16//52
f 23//48 26//56 24//57
f 1//58 8//50 9//59
f 8//50 16//60 17//61 9//62
f 16//52 24//57 25//63 17//64
f 24//57 26//65 25//66
f 1//40 9//59 2//67
f 9//62 17//64 10//4 2//2
f 17//68 25//63 18//8 10//69
f 25//66 26//12 18//70
o ruby_display_base_top
v 0.000000 -0.120000 -0.700000
v 0.000000 0.060000 -0.700000
v 0.181173 -0.120000 -0.676148
v 0.181173 0.060000 -0.676148
v 0.350000 -0.120000 -0.606218
v 0.350000 0.060000 -0.606218
v 0.494975 -0.120000 -0.494975
v 0.494975 0.060000 -0.494975
v 0.606218 -0.120000 -0.350000
v 0.606218 0.060000 -0.350000
v 0.676148 -0.120000 -0.181173
v 0.676148 0.060000 -0.181173
v 0.700000 -0.120000 0.000000
v 0.700000 0.060000 0.000000
v 0.676148 -0.120000 0.181173
v 0.676148 0.060000 0.181173
v 0.606218 -0.120000 0.350000
v 0.606218 0.060000 0.350000
v 0.494975 -0.120000 0.494975
v 0.494975 0.060000 0.494975
v 0.350000 -0.120000 0.606218
v 0.350000 0.060000 0.606218
v 0.181173 -0.120000 0.676148
v 0.181173 0.060000 0.676148
v 0.000000 -0.120000 0.700000
v 0.000000 0.060000 0.700000
v -0.181173 -0.120000 0.676148
v -0.181173 0.060000 0.676148
v -0.350000 -0.120000 0.606218
v -0.350000 0.060000 0.606218
v -0.494975 -0.120000 0.494975
v -0.494975 0.060000 0.494975
v -0.606218 -0.120000 0.350000
v -0.606218 0.060000 0.350000
v -0.676148 -0.120000 0.181173
v -0.676148 0.060000 0.181173
v -0.700000 -0.120000 0.000000
v -0.700000 0.060000 0.000000
v -0.676148 -0.120000 -0.181173
v -0.676148 0.060000 -0.181173
v -0.606218 -0.120000 -0.350000
v -0.606218 0.060000 -0.350000
v -0.494975 -0.120000 -0.494975
v -0.494975 0.060000 -0.494975
v -0.350000 -0.120000 -0.606218
v -0.350000 0.060000 -0.606218
v -0.181173 -0.120000 -0.676148
v -0.181173 0.060000 -0.676148
vn 0.1305 -0.0000 -0.9914
vn 0.3827 -0.0000 -0.9239
vn 0.6088 -0.0000 -0.7934
vn 0.7934 -0.0000 -0.6088
vn 0.9239 -0.0000 -0.3827
vn 0.9914 -0.0000 -0.1305
vn 0.9914 -0.0000 0.1305
vn 0.9239 -0.0000 0.3827
vn 0.7934 -0.0000 0.6088
vn 0.6088 -0.0000 0.7934
vn 0.3827 -0.0000 0.9239
vn 0.1305 -0.0000 0.9914
vn -0.1305 -0.0000 0.9914
vn -0.3827 -0.0000 0.9239
vn -0.6088 -0.0000 0.7934
vn -0.7934 -0.0000 0.6088
vn -0.9239 -0.0000 0.3827
vn -0.9914 -0.0000 0.1305
vn -0.9914 -0.0000 -0.1305
vn -0.9239 -0.0000 -0.3827
vn -0.7934 -0.0000 -0.6088
vn -0.6088 -0.0000 -0.7934
vn -0.0000 1.0000 -0.0000
vn -0.3827 -0.0000 -0.9239
vn -0.1305 -0.0000 -0.9914
vn -0.0000 -1.0000 -0.0000
vt 1.000000 0.500000
vt 1.000000 1.000000
vt 0.958333 1.000000
vt 0.958333 0.500000
vt 0.916667 1.000000
vt 0.916667 0.500000
vt 0.875000 1.000000
vt 0.875000 0.500000
vt 0.833333 1.000000
vt 0.833333 0.500000
vt 0.791667 1.000000
vt 0.791667 0.500000
vt 0.750000 1.000000
vt 0.750000 0.500000
vt 0.708333 1.000000
vt 0.708333 0.500000
vt 0.666667 1.000000
vt 0.666667 0.500000
vt 0.625000 1.000000
vt 0.625000 0.500000
vt 0.583333 1.000000
vt 0.583333 0.500000
vt 0.541666 1.000000
vt 0.541666 0.500000
vt 0.500000 1.000000
vt 0.500000 0.500000
vt 0.458333 1.000000
vt 0.458333 0.500000
vt 0.416666 1.000000
vt 0.416666 0.500000
vt 0.375000 1.000000
vt 0.375000 0.500000
vt 0.333333 1.000000
vt 0.333333 0.500000
vt 0.291667 1.000000
vt 0.291667 0.500000
vt 0.250000 1.000000
vt 0.250000 0.500000
vt 0.208333 1.000000
vt 0.208333 0.500000
vt 0.166666 1.000000
vt 0.166666 0.500000
vt 0.125000 1.000000
vt 0.125000 0.500000
vt 0.083333 1.000000
vt 0.083333 0.500000
vt 0.312117 0.481822
vt 0.250000 0.490000
vt 0.187883 0.481822
vt 0.130000 0.457846
vt 0.080294 0.419706
vt 0.042154 0.370000
vt 0.018178 0.312117
vt 0.010000 0.250000
vt 0.018178 0.187883
vt 0.042154 0.130000
vt 0.080294 0.080294
vt 0.130000 0.042154
vt 0.187883 0.018178
vt 0.250000 0.010000
vt 0.312117 0.018178
vt 0.370000 0.042154
vt 0.419706 0.080294
vt 0.457846 0.130000
vt 0.481822 0.187883
vt 0.490000 0.250000
vt 0.481822 0.312117
vt 0.457846 0.370000
vt 0.419706 0.419706
vt 0.370000 0.457846
vt 0.041666 1.000000
vt 0.041666 0.500000
vt -0.000000 1.000000
vt -0.000000 0.500000
vt 0.750000 0.490000
vt 0.812117 0.481822
vt 0.870000 0.457846
vt 0.919706 0.419706
vt 0.957846 0.370000
vt 0.981822 0.312117
vt 0.990000 0.250000
vt 0.981822 0.187883
vt 0.957846 0.130000
vt 0.919706 0.080294
vt 0.870000 0.042154
vt 0.812117 0.018178
vt 0.750000 0.010000
vt 0.687883 0.018178
vt 0.630000 0.042154
vt 0.580294 0.080294
vt 0.542154 0.130000
vt 0.518178 0.187883
vt 0.510000 0.250000
vt 0.518178 0.312117
vt 0.542154 0.370000
vt 0.580294 0.419706
vt 0.630000 0.457846
vt 0.687883 0.481822
s 0
usemtl reflective_gold.007
f 27/1/71 28/2/71 30/3/71 29/4/71
f 29/4/72 30/3/72 32/5/72 31/6/72
f 31/6/73 32/5/73 34/7/73 33/8/73
f 33/8/74 34/7/74 36/9/74 35/10/74
f 35/10/75 36/9/75 38/11/75 37/12/75
f 37/12/76 38/11/76 40/13/76 39/14/76
f 39/14/77 40/13/77 42/15/77 41/16/77
f 41/16/78 42/15/78 44/17/78 43/18/78
f 43/18/79 44/17/79 46/19/79 45/20/79
f 45/20/80 46/19/80 48/21/80 47/22/80
f 47/22/81 48/21/81 50/23/81 49/24/81
f 49/24/82 50/23/82 52/25/82 51/26/82
f 51/26/83 52/25/83 54/27/83 53/28/83
f 53/28/84 54/27/84 56/29/84 55/30/84
f 55/30/85 56/29/85 58/31/85 57/32/85
f 57/32/86 58/31/86 60/33/86 59/34/86
f 59/34/87 60/33/87 62/35/87 61/36/87
f 61/36/88 62/35/88 64/37/88 63/38/88
f 63/38/89 64/37/89 66/39/89 65/40/89
f 65/40/90 66/39/90 68/41/90 67/42/90
f 67/42/91 68/41/91 70/43/91 69/44/91
f 69/44/92 70/43/92 72/45/92 71/46/92
f 30/47/93 28/48/93 74/49/93 72/50/93 70/51/93 68/52/93 66/53/93 64/54/93 62/55/93 60/56/93 58/57/93 56/58/93 54/59/93 52/60/93 50/61/93 48/62/93 46/63/93 44/64/93 42/65/93 40/66/93 38/67/93 36/68/93 34/69/93 32/70/93
f 71/46/94 72/45/94 74/71/94 73/72/94
f 73/72/95 74/71/95 28/73/95 27/74/95
f 27/75/96 29/76/96 31/77/96 33/78/96 35/79/96 37/80/96 39/81/96 41/82/96 43/83/96 45/84/96 47/85/96 49/86/96 51/87/96 53/88/96 55/89/96 57/90/96 59/91/96 61/92/96 63/93/96 65/94/96 67/95/96 69/96/96 71/97/96 73/98/96
o ruby_display_base_black_gold
v 0.000000 -0.380000 -0.820000
v 0.000000 -0.100000 -0.820000
v 0.212232 -0.380000 -0.792059
v 0.212232 -0.100000 -0.792059
v 0.410000 -0.380000 -0.710141
v 0.410000 -0.100000 -0.710141
v 0.579828 -0.380000 -0.579828
v 0.579828 -0.100000 -0.579828
v 0.710141 -0.380000 -0.410000
v 0.710141 -0.100000 -0.410000
v 0.792059 -0.380000 -0.212232
v 0.792059 -0.100000 -0.212232
v 0.820000 -0.380000 0.000000
v 0.820000 -0.100000 0.000000
v 0.792059 -0.380000 0.212232
v 0.792059 -0.100000 0.212232
v 0.710141 -0.380000 0.410000
v 0.710141 -0.100000 0.410000
v 0.579828 -0.380000 0.579828
v 0.579828 -0.100000 0.579828
v 0.410000 -0.380000 0.710141
v 0.410000 -0.100000 0.710141
v 0.212232 -0.380000 0.792059
v 0.212232 -0.100000 0.792059
v 0.000000 -0.380000 0.820000
v 0.000000 -0.100000 0.820000
v -0.212232 -0.380000 0.792059
v -0.212232 -0.100000 0.792059
v -0.410000 -0.380000 0.710141
v -0.410000 -0.100000 0.710141
v -0.579828 -0.380000 0.579828
v -0.579828 -0.100000 0.579828
v -0.710141 -0.380000 0.410000
v -0.710141 -0.100000 0.410000
v -0.792059 -0.380000 0.212232
v -0.792059 -0.100000 0.212232
v -0.820000 -0.380000 0.000000
v -0.820000 -0.100000 0.000000
v -0.792059 -0.380000 -0.212232
v -0.792059 -0.100000 -0.212232
v -0.710141 -0.380000 -0.410000
v -0.710141 -0.100000 -0.410000
v -0.579828 -0.380000 -0.579828
v -0.579828 -0.100000 -0.579828
v -0.410000 -0.380000 -0.710141
v -0.410000 -0.100000 -0.710141
v -0.212232 -0.380000 -0.792059
v -0.212232 -0.100000 -0.792059
vn 0.1305 -0.0000 -0.9914
vn 0.3827 -0.0000 -0.9239
vn 0.6088 -0.0000 -0.7934
vn 0.7934 -0.0000 -0.6088
vn 0.9239 -0.0000 -0.3827
vn 0.9914 -0.0000 -0.1305
vn 0.9914 -0.0000 0.1305
vn 0.9239 -0.0000 0.3827
vn 0.7934 -0.0000 0.6088
vn 0.6088 -0.0000 0.7934
vn 0.3827 -0.0000 0.9239
vn 0.1305 -0.0000 0.9914
vn -0.1305 -0.0000 0.9914
vn -0.3827 -0.0000 0.9239
vn -0.6088 -0.0000 0.7934
vn -0.7934 -0.0000 0.6088
vn -0.9239 -0.0000 0.3827
vn -0.9914 -0.0000 0.1305
vn -0.9914 -0.0000 -0.1305
vn -0.9239 -0.0000 -0.3827
vn -0.7934 -0.0000 -0.6088
vn -0.6088 -0.0000 -0.7934
vn -0.0000 1.0000 -0.0000
vn -0.3827 -0.0000 -0.9239
vn -0.1305 -0.0000 -0.9914
vn -0.0000 -1.0000 -0.0000
vt 1.000000 0.500000
vt 1.000000 1.000000
vt 0.958333 1.000000
vt 0.958333 0.500000
vt 0.916667 1.000000
vt 0.916667 0.500000
vt 0.875000 1.000000
vt 0.875000 0.500000
vt 0.833333 1.000000
vt 0.833333 0.500000
vt 0.791667 1.000000
vt 0.791667 0.500000
vt 0.750000 1.000000
vt 0.750000 0.500000
vt 0.708333 1.000000
vt 0.708333 0.500000
vt 0.666667 1.000000
vt 0.666667 0.500000
vt 0.625000 1.000000
vt 0.625000 0.500000
vt 0.583333 1.000000
vt 0.583333 0.500000
vt 0.541666 1.000000
vt 0.541666 0.500000
vt 0.500000 1.000000
vt 0.500000 0.500000
vt 0.458333 1.000000
vt 0.458333 0.500000
vt 0.416666 1.000000
vt 0.416666 0.500000
vt 0.375000 1.000000
vt 0.375000 0.500000
vt 0.333333 1.000000
vt 0.333333 0.500000
vt 0.291667 1.000000
vt 0.291667 0.500000
vt 0.250000 1.000000
vt 0.250000 0.500000
vt 0.208333 1.000000
vt 0.208333 0.500000
vt 0.166666 1.000000
vt 0.166666 0.500000
vt 0.125000 1.000000
vt 0.125000 0.500000
vt 0.083333 1.000000
vt 0.083333 0.500000
vt 0.312117 0.481822
vt 0.250000 0.490000
vt 0.187883 0.481822
vt 0.130000 0.457846
vt 0.080294 0.419706
vt 0.042154 0.370000
vt 0.018178 0.312117
vt 0.010000 0.250000
vt 0.018178 0.187883
vt 0.042154 0.130000
vt 0.080294 0.080294
vt 0.130000 0.042154
vt 0.187883 0.018178
vt 0.250000 0.010000
vt 0.312117 0.018178
vt 0.370000 0.042154
vt 0.419706 0.080294
vt 0.457846 0.130000
vt 0.481822 0.187883
vt 0.490000 0.250000
vt 0.481822 0.312117
vt 0.457846 0.370000
vt 0.419706 0.419706
vt 0.370000 0.457846
vt 0.041666 1.000000
vt 0.041666 0.500000
vt -0.000000 1.000000
vt -0.000000 0.500000
vt 0.750000 0.490000
vt 0.812117 0.481822
vt 0.870000 0.457846
vt 0.919706 0.419706
vt 0.957846 0.370000
vt 0.981822 0.312117
vt 0.990000 0.250000
vt 0.981822 0.187883
vt 0.957846 0.130000
vt 0.919706 0.080294
vt 0.870000 0.042154
vt 0.812117 0.018178
vt 0.750000 0.010000
vt 0.687883 0.018178
vt 0.630000 0.042154
vt 0.580294 0.080294
vt 0.542154 0.130000
vt 0.518178 0.187883
vt 0.510000 0.250000
vt 0.518178 0.312117
vt 0.542154 0.370000
vt 0.580294 0.419706
vt 0.630000 0.457846
vt 0.687883 0.481822
s 0
usemtl black_enamel.007
f 75/99/97 76/100/97 78/101/97 77/102/97
f 77/102/98 78/101/98 80/103/98 79/104/98
f 79/104/99 80/103/99 82/105/99 81/106/99
f 81/106/100 82/105/100 84/107/100 83/108/100
f 83/108/101 84/107/101 86/109/101 85/110/101
f 85/110/102 86/109/102 88/111/102 87/112/102
f 87/112/103 88/111/103 90/113/103 89/114/103
f 89/114/104 90/113/104 92/115/104 91/116/104
f 91/116/105 92/115/105 94/117/105 93/118/105
f 93/118/106 94/117/106 96/119/106 95/120/106
f 95/120/107 96/119/107 98/121/107 97/122/107
f 97/122/108 98/121/108 100/123/108 99/124/108
f 99/124/109 100/123/109 102/125/109 101/126/109
f 101/126/110 102/125/110 104/127/110 103/128/110
f 103/128/111 104/127/111 106/129/111 105/130/111
f 105/130/112 106/129/112 108/131/112 107/132/112
f 107/132/113 108/131/113 110/133/113 109/134/113
f 109/134/114 110/133/114 112/135/114 111/136/114
f 111/136/115 112/135/115 114/137/115 113/138/115
f 113/138/116 114/137/116 116/139/116 115/140/116
f 115/140/117 116/139/117 118/141/117 117/142/117
f 117/142/118 118/141/118 120/143/118 119/144/118
f 78/145/119 76/146/119 122/147/119 120/148/119 118/149/119 116/150/119 114/151/119 112/152/119 110/153/119 108/154/119 106/155/119 104/156/119 102/157/119 100/158/119 98/159/119 96/160/119 94/161/119 92/162/119 90/163/119 88/164/119 86/165/119 84/166/119 82/167/119 80/168/119
f 119/144/120 120/143/120 122/169/120 121/170/120
f 121/170/121 122/169/121 76/171/121 75/172/121
f 75/173/122 77/174/122 79/175/122 81/176/122 83/177/122 85/178/122 87/179/122 89/180/122 91/181/122 93/182/122 95/183/122 97/184/122 99/185/122 101/186/122 103/187/122 105/188/122 107/189/122 109/190/122 111/191/122 113/192/122 115/193/122 117/194/122 119/195/122 121/196/122
o ruby_gold_base_ring
v 0.655000 0.100000 0.000000
v 0.644749 0.124749 0.000000
v 0.620000 0.135000 0.000000
v 0.595251 0.124749 0.000000
v 0.585000 0.100000 0.000000
v 0.595251 0.075251 0.000000
v 0.620000 0.065000 0.000000
v 0.644749 0.075251 0.000000
v 0.632681 0.100000 -0.169526
v 0.622779 0.124749 -0.166873
v 0.598874 0.135000 -0.160468
v 0.574969 0.124749 -0.154062
v 0.565067 0.100000 -0.151409
v 0.574969 0.075251 -0.154062
v 0.598874 0.065000 -0.160468
v 0.622779 0.075251 -0.166873
v 0.567247 0.100000 -0.327500
v 0.558369 0.124749 -0.322374
v 0.536936 0.135000 -0.310000
v 0.515503 0.124749 -0.297626
v 0.506625 0.100000 -0.292500
v 0.515503 0.075251 -0.297626
v 0.536936 0.065000 -0.310000
v 0.558369 0.075251 -0.322374
v 0.463155 0.100000 -0.463155
v 0.455906 0.124749 -0.455906
v 0.438406 0.135000 -0.438406
v 0.420906 0.124749 -0.420906
v 0.413657 0.100000 -0.413657
v 0.420906 0.075251 -0.420906
v 0.438406 0.065000 -0.438406
v 0.455906 0.075251 -0.455906
v 0.327500 0.100000 -0.567247
v 0.322374 0.124749 -0.558369
v 0.310000 0.135000 -0.536936
v 0.297626 0.124749 -0.515503
v 0.292500 0.100000 -0.506625
v 0.297626 0.075251 -0.515503
v 0.310000 0.065000 -0.536936
v 0.322374 0.075251 -0.558369
v 0.169527 0.100000 -0.632681
v 0.166873 0.124749 -0.622779
v 0.160468 0.135000 -0.598874
v 0.154062 0.124749 -0.574969
v 0.151409 0.100000 -0.565067
v 0.154062 0.075251 -0.574969
v 0.160468 0.065000 -0.598874
v 0.166873 0.075251 -0.622779
v 0.000000 0.100000 -0.655000
v 0.000000 0.124749 -0.644749
v 0.000000 0.135000 -0.620000
v 0.000000 0.124749 -0.595251
v 0.000000 0.100000 -0.585000
v 0.000000 0.075251 -0.595251
v 0.000000 0.065000 -0.620000
v 0.000000 0.075251 -0.644749
v -0.169526 0.100000 -0.632681
v -0.166873 0.124749 -0.622779
v -0.160468 0.135000 -0.598874
v -0.154062 0.124749 -0.574969
v -0.151409 0.100000 -0.565067
v -0.154062 0.075251 -0.574969
v -0.160468 0.065000 -0.598874
v -0.166873 0.075251 -0.622779
v -0.327500 0.100000 -0.567247
v -0.322374 0.124749 -0.558369
v -0.310000 0.135000 -0.536936
v -0.297626 0.124749 -0.515503
v -0.292500 0.100000 -0.506625
v -0.297626 0.075251 -0.515503
v -0.310000 0.065000 -0.536936
v -0.322374 0.075251 -0.558369
v -0.463155 0.100000 -0.463155
v -0.455906 0.124749 -0.455906
v -0.438406 0.135000 -0.438406
v -0.420906 0.124749 -0.420906
v -0.413658 0.100000 -0.413657
v -0.420906 0.075251 -0.420906
v -0.438406 0.065000 -0.438406
v -0.455906 0.075251 -0.455906
v -0.567247 0.100000 -0.327500
v -0.558369 0.124749 -0.322375
v -0.536936 0.135000 -0.310000
v -0.515503 0.124749 -0.297626
v -0.506625 0.100000 -0.292500
v -0.515503 0.075251 -0.297626
v -0.536936 0.065000 -0.310000
v -0.558369 0.075251 -0.322375
v -0.632681 0.100000 -0.169526
v -0.622779 0.124749 -0.166873
v -0.598874 0.135000 -0.160468
v -0.574969 0.124749 -0.154062
v -0.565067 0.100000 -0.151409
v -0.574969 0.075251 -0.154062
v -0.598874 0.065000 -0.160468
v -0.622779 0.075251 -0.166873
v -0.655000 0.100000 -0.000000
v -0.644749 0.124749 -0.000000
v -0.620000 0.135000 -0.000000
v -0.595251 0.124749 -0.000000
v -0.585000 0.100000 -0.000000
v -0.595251 0.075251 -0.000000
v -0.620000 0.065000 -0.000000
v -0.644749 0.075251 -0.000000
v -0.632681 0.100000 0.169526
v -0.622779 0.124749 0.166873
v -0.598874 0.135000 0.160468
v -0.574969 0.124749 0.154062
v -0.565067 0.100000 0.151409
v -0.574969 0.075251 0.154062
v -0.598874 0.065000 0.160468
v -0.622779 0.075251 0.166873
v -0.567247 0.100000 0.327500
v -0.558369 0.124749 0.322374
v -0.536936 0.135000 0.310000
v -0.515503 0.124749 0.297626
v -0.506625 0.100000 0.292500
v -0.515503 0.075251 0.297626
v -0.536936 0.065000 0.310000
v -0.558369 0.075251 0.322374
v -0.463155 0.100000 0.463155
v -0.455906 0.124749 0.455906
v -0.438406 0.135000 0.438406
v -0.420906 0.124749 0.420906
v -0.413658 0.100000 0.413657
v -0.420906 0.075251 0.420906
v -0.438406 0.065000 0.438406
v -0.455906 0.075251 0.455906
v -0.327500 0.100000 0.567247
v -0.322374 0.124749 0.558369
v -0.310000 0.135000 0.536936
v -0.297626 0.124749 0.515503
v -0.292500 0.100000 0.506625
v -0.297626 0.075251 0.515503
v -0.310000 0.065000 0.536936
v -0.322374 0.075251 0.558369
v -0.169527 0.100000 0.632681
v -0.166873 0.124749 0.622779
v -0.160468 0.135000 0.598874
v -0.154063 0.124749 0.574969
v -0.151409 0.100000 0.565067
v -0.154063 0.075251 0.574969
v -0.160468 0.065000 0.598874
v -0.166873 0.075251 0.622779
v 0.000000 0.100000 0.655000
v 0.000000 0.124749 0.644749
v 0.000000 0.135000 0.620000
v 0.000000 0.124749 0.595251
v 0.000000 0.100000 0.585000
v 0.000000 0.075251 0.595251
v 0.000000 0.065000 0.620000
v 0.000000 0.075251 0.644749
v 0.169526 0.100000 0.632681
v 0.166873 0.124749 0.622780
v 0.160468 0.135000 0.598874
v 0.154062 0.124749 0.574969
v 0.151409 0.100000 0.565067
v 0.154062 0.075251 0.574969
v 0.160468 0.065000 0.598874
v 0.166873 0.075251 0.622780
v 0.327500 0.100000 0.567247
v 0.322374 0.124749 0.558369
v 0.310000 0.135000 0.536936
v 0.297626 0.124749 0.515503
v 0.292500 0.100000 0.506625
v 0.297626 0.075251 0.515503
v 0.310000 0.065000 0.536936
v 0.322374 0.075251 0.558369
v 0.463155 0.100000 0.463155
v 0.455906 0.124749 0.455906
v 0.438406 0.135000 0.438406
v 0.420906 0.124749 0.420906
v 0.413657 0.100000 0.413658
v 0.420906 0.075251 0.420906
v 0.438406 0.065000 0.438406
v 0.455906 0.075251 0.455906
v 0.567247 0.100000 0.327500
v 0.558369 0.124749 0.322374
v 0.536936 0.135000 0.310000
v 0.515503 0.124749 0.297626
v 0.506625 0.100000 0.292500
v 0.515503 0.075251 0.297626
v 0.536936 0.065000 0.310000
v 0.558369 0.075251 0.322374
v 0.632681 0.100000 0.169526
v 0.622779 0.124749 0.166873
v 0.598874 0.135000 0.160468
v 0.574969 0.124749 0.154062
v 0.565067 0.100000 0.151409
v 0.574969 0.075251 0.154062
v 0.598874 0.065000 0.160468
v 0.622779 0.075251 0.166873
vn 0.9171 0.3799 -0.1207
vn 0.3822 0.9227 -0.0503
vn -0.3822 0.9227 0.0503
vn -0.9171 0.3799 0.1207
vn -0.9171 -0.3799 0.1207
vn -0.3822 -0.9227 0.0503
vn 0.3822 -0.9227 -0.0503
vn 0.9171 -0.3799 -0.1207
vn 0.8546 0.3799 -0.3540
vn 0.3562 0.9227 -0.1475
vn -0.3562 0.9227 0.1475
vn -0.8546 0.3799 0.3540
vn -0.8546 -0.3799 0.3540
vn -0.3562 -0.9227 0.1475
vn 0.3562 -0.9227 -0.1475
vn 0.8546 -0.3799 -0.3540
vn 0.7339 0.3799 -0.5631
vn 0.3058 0.9227 -0.2347
vn -0.3058 0.9227 0.2347
vn -0.7339 0.3799 0.5631
vn -0.7339 -0.3799 0.5631
vn -0.3058 -0.9227 0.2347
vn 0.3058 -0.9227 -0.2347
vn 0.7339 -0.3799 -0.5631
vn 0.5631 0.3799 -0.7339
vn 0.2347 0.9227 -0.3058
vn -0.2347 0.9227 0.3058
vn -0.5631 0.3799 0.7339
vn -0.5631 -0.3799 0.7339
vn -0.2347 -0.9227 0.3058
vn 0.2347 -0.9227 -0.3058
vn 0.5631 -0.3799 -0.7339
vn 0.3540 0.3799 -0.8546
vn 0.1475 0.9227 -0.3562
vn -0.1475 0.9227 0.3562
vn -0.3540 0.3799 0.8546
vn -0.3540 -0.3799 0.8546
vn -0.1475 -0.9227 0.3562
vn 0.1475 -0.9227 -0.3562
vn 0.3540 -0.3799 -0.8546
vn 0.1207 0.3799 -0.9171
vn 0.0503 0.9227 -0.3822
vn -0.0503 0.9227 0.3822
vn -0.1207 0.3799 0.9171
vn -0.1207 -0.3799 0.9171
vn -0.0503 -0.9227 0.3822
vn 0.0503 -0.9227 -0.3822
vn 0.1207 -0.3799 -0.9171
vn -0.1207 0.3799 -0.9171
vn -0.0503 0.9227 -0.3822
vn 0.0503 0.9227 0.3822
vn 0.1207 0.3799 0.9171
vn 0.1207 -0.3799 0.9171
vn 0.0503 -0.9227 0.3822
vn -0.0503 -0.9227 -0.3822
vn -0.1207 -0.3799 -0.9171
vn -0.3540 0.3799 -0.8546
vn -0.1475 0.9227 -0.3562
vn 0.1475 0.9227 0.3562
vn 0.3540 0.3799 0.8546
vn 0.3540 -0.3799 0.8546
vn 0.1475 -0.9227 0.3562
vn -0.1475 -0.9227 -0.3562
vn -0.3540 -0.3799 -0.8546
vn -0.5631 0.3799 -0.7339
vn -0.2347 0.9227 -0.3058
vn 0.2347 0.9227 0.3058
vn 0.5631 0.3799 0.7339
vn 0.5631 -0.3799 0.7339
vn 0.2347 -0.9227 0.3058
vn -0.2347 -0.9227 -0.3058
vn -0.5631 -0.3799 -0.7339
vn -0.7339 0.3799 -0.5631
vn -0.3058 0.9227 -0.2347
vn 0.3058 0.9227 0.2347
vn 0.7339 0.3799 0.5631
vn 0.7339 -0.3799 0.5631
vn 0.3058 -0.9227 0.2347
vn -0.3058 -0.9227 -0.2347
vn -0.7339 -0.3799 -0.5631
vn -0.8546 0.3799 -0.3540
vn -0.3562 0.9227 -0.1475
vn 0.3562 0.9227 0.1475
vn 0.8546 0.3799 0.3540
vn 0.8546 -0.3799 0.3540
vn 0.3562 -0.9227 0.1475
vn -0.3562 -0.9227 -0.1475
vn -0.8546 -0.3799 -0.3540
vn -0.9171 0.3799 -0.1207
vn -0.3822 0.9227 -0.0503
vn 0.3822 0.9227 0.0503
vn 0.9171 0.3799 0.1207
vn 0.9171 -0.3799 0.1207
vn 0.3822 -0.9227 0.0503
vn -0.3822 -0.9227 -0.0503
vn -0.9171 -0.3799 -0.1207
vt 0.500000 0.500000
vt 0.541667 0.500000
vt 0.541667 0.625000
vt 0.500000 0.625000
vt 0.541667 0.750000
vt 0.500000 0.750000
vt 0.541667 0.875000
vt 0.500000 0.875000
vt 0.541667 1.000000
vt 0.500000 1.000000
vt 0.500000 0.000000
vt 0.541667 0.000000
vt 0.541667 0.125000
vt 0.500000 0.125000
vt 0.541667 0.250000
vt 0.500000 0.250000
vt 0.541667 0.375000
vt 0.500000 0.375000
vt 0.583333 0.500000
vt 0.583333 0.625000
vt 0.583333 0.750000
vt 0.583333 0.875000
vt 0.583333 1.000000
vt 0.583333 0.000000
vt 0.583333 0.125000
vt 0.583333 0.250000
vt 0.583333 0.375000
vt 0.625000 0.500000
vt 0.625000 0.625000
vt 0.625000 0.750000
vt 0.625000 0.875000
vt 0.625000 1.000000
vt 0.625000 0.000000
vt 0.625000 0.125000
vt 0.625000 0.250000
vt 0.625000 0.375000
vt 0.666667 0.500000
vt 0.666667 0.625000
vt 0.666667 0.750000
vt 0.666667 0.875000
vt 0.666667 1.000000
vt 0.666667 0.000000
vt 0.666667 0.125000
vt 0.666667 0.250000
vt 0.666667 0.375000
vt 0.708333 0.500000
vt 0.708333 0.625000
vt 0.708333 0.750000
vt 0.708333 0.875000
vt 0.708333 1.000000
vt 0.708333 0.000000
vt 0.708333 0.125000
vt 0.708333 0.250000
vt 0.708333 0.375000
vt 0.750000 0.500000
vt 0.750000 0.625000
vt 0.750000 0.750000
vt 0.750000 0.875000
vt 0.750000 1.000000
vt 0.750000 0.000000
vt 0.750000 0.125000
vt 0.750000 0.250000
vt 0.750000 0.375000
vt 0.791667 0.500000
vt 0.791667 0.625000
vt 0.791667 0.750000
vt 0.791667 0.875000
vt 0.791667 1.000000
vt 0.791667 0.000000
vt 0.791667 0.125000
vt 0.791667 0.250000
vt 0.791667 0.375000
vt 0.833333 0.500000
vt 0.833333 0.625000
vt 0.833333 0.750000
vt 0.833333 0.875000
vt 0.833333 1.000000
vt 0.833333 0.000000
vt 0.833333 0.125000
vt 0.833333 0.250000
vt 0.833333 0.375000
vt 0.875000 0.500000
vt 0.875000 0.625000
vt 0.875000 0.750000
vt 0.875000 0.875000
vt 0.875000 1.000000
vt 0.875000 0.000000
vt 0.875000 0.125000
vt 0.875000 0.250000
vt 0.875000 0.375000
vt 0.916667 0.500000
vt 0.916667 0.625000
vt 0.916667 0.750000
vt 0.916667 0.875000
vt 0.916667 1.000000
vt 0.916667 0.000000
vt 0.916667 0.125000
vt 0.916667 0.250000
vt 0.916667 0.375000
vt 0.958333 0.500000
vt 0.958333 0.625000
vt 0.958333 0.750000
vt 0.958333 0.875000
vt 0.958333 1.000000
vt 0.958333 0.000000
vt 0.958333 0.125000
vt 0.958333 0.250000
vt 0.958333 0.375000
vt 1.000000 0.500000
vt 1.000000 0.625000
vt 1.000000 0.750000
vt 1.000000 0.875000
vt 1.000000 1.000000
vt 1.000000 0.000000
vt 1.000000 0.125000
vt 1.000000 0.250000
vt 1.000000 0.375000
vt -0.000000 0.500000
vt 0.041667 0.500000
vt 0.041667 0.625000
vt -0.000000 0.625000
vt 0.041667 0.750000
vt -0.000000 0.750000
vt 0.041667 0.875000
vt -0.000000 0.875000
vt 0.041667 1.000000
vt -0.000000 1.000000
vt -0.000000 0.000000
vt 0.041667 0.000000
vt 0.041667 0.125000
vt -0.000000 0.125000
vt 0.041667 0.250000
vt -0.000000 0.250000
vt 0.041667 0.375000
vt -0.000000 0.375000
vt 0.083333 0.500000
vt 0.083333 0.625000
vt 0.083333 0.750000
vt 0.083333 0.875000
vt 0.083333 1.000000
vt 0.083333 0.000000
vt 0.083333 0.125000
vt 0.083333 0.250000
vt 0.083333 0.375000
vt 0.125000 0.500000
vt 0.125000 0.625000
vt 0.125000 0.750000
vt 0.125000 0.875000
vt 0.125000 1.000000
vt 0.125000 0.000000
vt 0.125000 0.125000
vt 0.125000 0.250000
vt 0.125000 0.375000
vt 0.166667 0.500000
vt 0.166667 0.625000
vt 0.166667 0.750000
vt 0.166667 0.875000
vt 0.166667 1.000000
vt 0.166667 0.000000
vt 0.166667 0.125000
vt 0.166667 0.250000
vt 0.166667 0.375000
vt 0.208333 0.500000
vt 0.208333 0.625000
vt 0.208333 0.750000
vt 0.208333 0.875000
vt 0.208333 1.000000
vt 0.208333 0.000000
vt 0.208333 0.125000
vt 0.208333 0.250000
vt 0.208333 0.375000
vt 0.250000 0.500000
vt 0.250000 0.625000
vt 0.250000 0.750000
vt 0.250000 0.875000
vt 0.250000 1.000000
vt 0.250000 0.000000
vt 0.250000 0.125000
vt 0.250000 0.250000
vt 0.250000 0.375000
vt 0.291667 0.500000
vt 0.291667 0.625000
vt 0.291667 0.750000
vt 0.291667 0.875000
vt 0.291667 1.000000
vt 0.291667 0.000000
vt 0.291667 0.125000
vt 0.291667 0.250000
vt 0.291667 0.375000
vt 0.333333 0.500000
vt 0.333333 0.625000
vt 0.333333 0.750000
vt 0.333333 0.875000
vt 0.333333 1.000000
vt 0.333333 0.000000
vt 0.333333 0.125000
vt 0.333333 0.250000
vt 0.333333 0.375000
vt 0.375000 0.500000
vt 0.375000 0.625000
vt 0.375000 0.750000
vt 0.375000 0.875000
vt 0.375000 1.000000
vt 0.375000 0.000000
vt 0.375000 0.125000
vt 0.375000 0.250000
vt 0.375000 0.375000
vt 0.416667 0.500000
vt 0.416667 0.625000
vt 0.416667 0.750000
vt 0.416667 0.875000
vt 0.416667 1.000000
vt 0.416667 0.000000
vt 0.416667 0.125000
vt 0.416667 0.250000
vt 0.416667 0.375000
vt 0.458333 0.500000
vt 0.458333 0.625000
vt 0.458333 0.750000
vt 0.458333 0.875000
vt 0.458333 1.000000
vt 0.458333 0.000000
vt 0.458333 0.125000
vt 0.458333 0.250000
vt 0.458333 0.375000
s 0
usemtl reflective_gold.007
f 123/197/123 131/198/123 132/199/123 124/200/123
f 124/200/124 132/199/124 133/201/124 125/202/124
f 125/202/125 133/201/125 134/203/125 126/204/125
f 126/204/126 134/203/126 135/205/126 127/206/126
f 127/207/127 135/208/127 136/209/127 128/210/127
f 128/210/128 136/209/128 137/211/128 129/212/128
f 129/212/129 137/211/129 138/213/129 130/214/129
f 130/214/130 138/213/130 131/198/130 123/197/130
f 131/198/131 139/215/131 140/216/131 132/199/131
f 132/199/132 140/216/132 141/217/132 133/201/132
f 133/201/133 141/217/133 142/218/133 134/203/133
f 134/203/134 142/218/134 143/219/134 135/205/134
f 135/208/135 143/220/135 144/221/135 136/209/135
f 136/209/136 144/221/136 145/222/136 137/211/136
f 137/211/137 145/222/137 146/223/137 138/213/137
f 138/213/138 146/223/138 139/215/138 131/198/138
f 139/215/139 147/224/139 148/225/139 140/216/139
f 140/216/140 148/225/140 149/226/140 141/217/140
f 141/217/141 149/226/141 150/227/141 142/218/141
f 142/218/142 150/227/142 151/228/142 143/219/142
f 143/220/143 151/229/143 152/230/143 144/221/143
f 144/221/144 152/230/144 153/231/144 145/222/144
f 145/222/145 153/231/145 154/232/145 146/223/145
f 146/223/146 154/232/146 147/224/146 139/215/146
f 147/224/147 155/233/147 156/234/147 148/225/147
f 148/225/148 156/234/148 157/235/148 149/226/148
f 149/226/149 157/235/149 158/236/149 150/227/149
f 150/227/150 158/236/150 159/237/150 151/228/150
f 151/229/151 159/238/151 160/239/151 152/230/151
f 152/230/152 160/239/152 161/240/152 153/231/152
f 153/231/153 161/240/153 162/241/153 154/232/153
f 154/232/154 162/241/154 155/233/154 147/224/154
f 155/233/155 163/242/155 164/243/155 156/234/155
f 156/234/156 164/243/156 165/244/156 157/235/156
f 157/235/157 165/244/157 166/245/157 158/236/157
f 158/236/158 166/245/158 167/246/158 159/237/158
f 159/238/159 167/247/159 168/248/159 160/239/159
f 160/239/160 168/248/160 169/249/160 161/240/160
f 161/240/161 169/249/161 170/250/161 162/241/161
f 162/241/162 170/250/162 163/242/162 155/233/162
f 163/242/163 171/251/163 172/252/163 164/243/163
f 164/243/164 172/252/164 173/253/164 165/244/164
f 165/244/165 173/253/165 174/254/165 166/245/165
f 166/245/166 174/254/166 175/255/166 167/246/166
f 167/247/167 175/256/167 176/257/167 168/248/167
f 168/248/168 176/257/168 177/258/168 169/249/168
f 169/249/169 177/258/169 178/259/169 170/250/169
f 170/250/170 178/259/170 171/251/170 163/242/170
f 171/251/171 179/260/171 180/261/171 172/252/171
f 172/252/172 180/261/172 181/262/172 173/253/172
f 173/253/173 181/262/173 182/263/173 174/254/173
f 174/254/174 182/263/174 183/264/174 175/255/174
f 175/256/175 183/265/175 184/266/175 176/257/175
f 176/257/176 184/266/176 185/267/176 177/258/176
f 177/258/177 185/267/177 186/268/177 178/259/177
f 178/259/178 186/268/178 179/260/178 171/251/178
f 179/260/179 187/269/179 188/270/179 180/261/179
f 180/261/180 188/270/180 189/271/180 181/262/180
f 181/262/181 189/271/181 190/272/181 182/263/181
f 182/263/182 190/272/182 191/273/182 183/264/182
f 183/265/183 191/274/183 192/275/183 184/266/183
f 184/266/184 192/275/184 193/276/184 185/267/184
f 185/267/185 193/276/185 194/277/185 186/268/185
f 186/268/186 194/277/186 187/269/186 179/260/186
f 187/269/187 195/278/187 196/279/187 188/270/187
f 188/270/188 196/279/188 197/280/188 189/271/188
f 189/271/189 197/280/189 198/281/189 190/272/189
f 190/272/190 198/281/190 199/282/190 191/273/190
f 191/274/191 199/283/191 200/284/191 192/275/191
f 192/275/192 200/284/192 201/285/192 193/276/192
f 193/276/193 201/285/193 202/286/193 194/277/193
f 194/277/194 202/286/194 195/278/194 187/269/194
f 195/278/195 203/287/195 204/288/195 196/279/195
f 196/279/196 204/288/196 205/289/196 197/280/196
f 197/280/197 205/289/197 206/290/197 198/281/197
f 198/281/198 206/290/198 207/291/198 199/282/198
f 199/283/199 207/292/199 208/293/199 200/284/199
f 200/284/200 208/293/200 209/294/200 201/285/200
f 201/285/201 209/294/201 210/295/201 202/286/201
f 202/286/202 210/295/202 203/287/202 195/278/202
f 203/287/203 211/296/203 212/297/203 204/288/203
f 204/288/204 212/297/204 213/298/204 205/289/204
f 205/289/205 213/298/205 214/299/205 206/290/205
f 206/290/206 214/299/206 215/300/206 207/291/206
f 207/292/207 215/301/207 216/302/207 208/293/207
f 208/293/208 216/302/208 217/303/208 209/294/208
f 209/294/209 217/303/209 218/304/209 210/295/209
f 210/295/210 218/304/210 211/296/210 203/287/210
f 211/296/211 219/305/211 220/306/211 212/297/211
f 212/297/212 220/306/212 221/307/212 213/298/212
f 213/298/213 221/307/213 222/308/213 214/299/213
f 214/299/214 222/308/214 223/309/214 215/300/214
f 215/301/215 223/310/215 224/311/215 216/302/215
f 216/302/216 224/311/216 225/312/216 217/303/216
f 217/303/217 225/312/217 226/313/217 218/304/217
f 218/304/218 226/313/218 219/305/218 211/296/218
f 219/314/126 227/315/126 228/316/126 220/317/126
f 220/317/125 228/316/125 229/318/125 221/319/125
f 221/319/124 229/318/124 230/320/124 222/321/124
f 222/321/123 230/320/123 231/322/123 223/323/123
f 223/324/130 231/325/130 232/326/130 224/327/130
f 224/327/129 232/326/129 233/328/129 225/329/129
f 225/329/128 233/328/128 234/330/128 226/331/128
f 226/331/127 234/330/127 227/315/127 219/314/127
f 227/315/134 235/332/134 236/333/134 228/316/134
f 228/316/133 236/333/133 237/334/133 229/318/133
f 229/318/132 237/334/132 238/335/132 230/320/132
f 230/320/131 238/335/131 239/336/131 231/322/131
f 231/325/138 239/337/138 240/338/138 232/326/138
f 232/326/137 240/338/137 241/339/137 233/328/137
f 233/328/136 241/339/136 242/340/136 234/330/136
f 234/330/135 242/340/135 235/332/135 227/315/135
f 235/332/142 243/341/142 244/342/142 236/333/142
f 236/333/141 244/342/141 245/343/141 237/334/141
f 237/334/140 245/343/140 246/344/140 238/335/140
f 238/335/139 246/344/139 247/345/139 239/336/139
f 239/337/146 247/346/146 248/347/146 240/338/146
f 240/338/145 248/347/145 249/348/145 241/339/145
f 241/339/144 249/348/144 250/349/144 242/340/144
f 242/340/143 250/349/143 243/341/143 235/332/143
f 243/341/150 251/350/150 252/351/150 244/342/150
f 244/342/149 252/351/149 253/352/149 245/343/149
f 245/343/148 253/352/148 254/353/148 246/344/148
f 246/344/147 254/353/147 255/354/147 247/345/147
f 247/346/154 255/355/154 256/356/154 248/347/154
f 248/347/153 256/356/153 257/357/153 249/348/153
f 249/348/152 257/357/152 258/358/152 250/349/152
f 250/349/151 258/358/151 251/350/151 243/341/151
f 251/350/158 259/359/158 260/360/158 252/351/158
f 252/351/157 260/360/157 261/361/157 253/352/157
f 253/352/156 261/361/156 262/362/156 254/353/156
f 254/353/155 262/362/155 263/363/155 255/354/155
f 255/355/162 263/364/162 264/365/162 256/356/162
f 256/356/161 264/365/161 265/366/161 257/357/161
f 257/357/160 265/366/160 266/367/160 258/358/160
f 258/358/159 266/367/159 259/359/159 251/350/159
f 259/359/166 267/368/166 268/369/166 260/360/166
f 260/360/165 268/369/165 269/370/165 261/361/165
f 261/361/164 269/370/164 270/371/164 262/362/164
f 262/362/163 270/371/163 271/372/163 263/363/163
f 263/364/170 271/373/170 272/374/170 264/365/170
f 264/365/169 272/374/169 273/375/169 265/366/169
f 265/366/168 273/375/168 274/376/168 266/367/168
f 266/367/167 274/376/167 267/368/167 259/359/167
f 267/368/174 275/377/174 276/378/174 268/369/174
f 268/369/173 276/378/173 277/379/173 269/370/173
f 269/370/172 277/379/172 278/380/172 270/371/172
f 270/371/171 278/380/171 279/381/171 271/372/171
f 271/373/178 279/382/178 280/383/178 272/374/178
f 272/374/177 280/383/177 281/384/177 273/375/177
f 273/375/176 281/384/176 282/385/176 274/376/176
f 274/376/175 282/385/175 275/377/175 267/368/175
f 275/377/182 283/386/182 284/387/182 276/378/182
f 276/378/181 284/387/181 285/388/181 277/379/181
f 277/379/180 285/388/180 286/389/180 278/380/180
f 278/380/179 286/389/179 287/390/179 279/381/179
f 279/382/186 287/391/186 288/392/186 280/383/186
f 280/383/185 288/392/185 289/393/185 281/384/185
f 281/384/184 289/393/184 290/394/184 282/385/184
f 282/385/183 290/394/183 283/386/183 275/377/183
f 283/386/190 291/395/190 292/396/190 284/387/190
f 284/387/189 292/396/189 293/397/189 285/388/189
f 285/388/188 293/397/188 294/398/188 286/389/188
f 286/389/187 294/398/187 295/399/187 287/390/187
f 287/391/194 295/400/194 296/401/194 288/392/194
f 288/392/193 296/401/193 297/402/193 289/393/193
f 289/393/192 297/402/192 298/403/192 290/394/192
f 290/394/191 298/403/191 291/395/191 283/386/191
f 291/395/198 299/404/198 300/405/198 292/396/198
f 292/396/197 300/405/197 301/406/197 293/397/197
f 293/397/196 301/406/196 302/407/196 294/398/196
f 294/398/195 302/407/195 303/408/195 295/399/195
f 295/400/202 303/409/202 304/410/202 296/401/202
f 296/401/201 304/410/201 305/411/201 297/402/201
f 297/402/200 305/411/200 306/412/200 298/403/200
f 298/403/199 306/412/199 299/404/199 291/395/199
f 299/404/206 307/413/206 308/414/206 300/405/206
f 300/405/205 308/414/205 309/415/205 301/406/205
f 301/406/204 309/415/204 310/416/204 302/407/204
f 302/407/203 310/416/203 311/417/203 303/408/203
f 303/409/210 311/418/210 312/419/210 304/410/210
f 304/410/209 312/419/209 313/420/209 305/411/209
f 305/411/208 313/420/208 314/421/208 306/412/208
f 306/412/207 314/421/207 307/413/207 299/404/207
f 307/413/214 123/197/214 124/200/214 308/414/214
f 308/414/213 124/200/213 125/202/213 309/415/213
f 309/415/212 125/202/212 126/204/212 310/416/212
f 310/416/211 126/204/211 127/206/211 311/417/211
f 311/418/218 127/207/218 128/210/218 312/419/218
f 312/419/217 128/210/217 129/212/217 313/420/217
f 313/420/216 129/212/216 130/214/216 314/421/216
f 314/421/215 130/214/215 123/197/215 307/413/215
o ruby_colored_light_pad
v 0.000000 0.080000 -0.380000
v 0.000000 0.100000 -0.380000
v 0.117426 0.080000 -0.361401
v 0.117426 0.100000 -0.361401
v 0.223358 0.080000 -0.307426
v 0.223358 0.100000 -0.307426
v 0.307426 0.080000 -0.223358
v 0.307426 0.100000 -0.223358
v 0.361401 0.080000 -0.117426
v 0.361401 0.100000 -0.117426
v 0.380000 0.080000 0.000000
v 0.380000 0.100000 0.000000
v 0.361401 0.080000 0.117426
v 0.361401 0.100000 0.117426
v 0.307426 0.080000 0.223358
v 0.307426 0.100000 0.223358
v 0.223358 0.080000 0.307426
v 0.223358 0.100000 0.307426
v 0.117426 0.080000 0.361401
v 0.117426 0.100000 0.361401
v 0.000000 0.080000 0.380000
v 0.000000 0.100000 0.380000
v -0.117426 0.080000 0.361401
v -0.117426 0.100000 0.361401
v -0.223358 0.080000 0.307426
v -0.223358 0.100000 0.307426
v -0.307426 0.080000 0.223358
v -0.307426 0.100000 0.223358
v -0.361401 0.080000 0.117426
v -0.361401 0.100000 0.117426
v -0.380000 0.080000 0.000000
v -0.380000 0.100000 0.000000
v -0.361401 0.080000 -0.117426
v -0.361401 0.100000 -0.117426
v -0.307426 0.080000 -0.223358
v -0.307426 0.100000 -0.223358
v -0.223358 0.080000 -0.307426
v -0.223358 0.100000 -0.307426
v -0.117426 0.080000 -0.361401
v -0.117426 0.100000 -0.361401
vn 0.1564 -0.0000 -0.9877
vn 0.4540 -0.0000 -0.8910
vn 0.7071 -0.0000 -0.7071
vn 0.8910 -0.0000 -0.4540
vn 0.9877 -0.0000 -0.1564
vn 0.9877 -0.0000 0.1564
vn 0.8910 -0.0000 0.4540
vn 0.7071 -0.0000 0.7071
vn 0.4540 -0.0000 0.8910
vn 0.1564 -0.0000 0.9877
vn -0.1564 -0.0000 0.9877
vn -0.4540 -0.0000 0.8910
vn -0.7071 -0.0000 0.7071
vn -0.8910 -0.0000 0.4540
vn -0.9877 -0.0000 0.1564
vn -0.9877 -0.0000 -0.1564
vn -0.8910 -0.0000 -0.4540
vn -0.7071 -0.0000 -0.7071
vn -0.0000 1.0000 -0.0000
vn -0.4540 -0.0000 -0.8910
vn -0.1564 -0.0000 -0.9877
vn -0.0000 -1.0000 -0.0000
vt 1.000000 0.500000
vt 1.000000 1.000000
vt 0.950000 1.000000
vt 0.950000 0.500000
vt 0.900000 1.000000
vt 0.900000 0.500000
vt 0.850000 1.000000
vt 0.850000 0.500000
vt 0.800000 1.000000
vt 0.800000 0.500000
vt 0.750000 1.000000
vt 0.750000 0.500000
vt 0.700000 1.000000
vt 0.700000 0.500000
vt 0.650000 1.000000
vt 0.650000 0.500000
vt 0.600000 1.000000
vt 0.600000 0.500000
vt 0.550000 1.000000
vt 0.550000 0.500000
vt 0.500000 1.000000
vt 0.500000 0.500000
vt 0.450000 1.000000
vt 0.450000 0.500000
vt 0.400000 1.000000
vt 0.400000 0.500000
vt 0.350000 1.000000
vt 0.350000 0.500000
vt 0.300000 1.000000
vt 0.300000 0.500000
vt 0.250000 1.000000
vt 0.250000 0.500000
vt 0.200000 1.000000
vt 0.200000 0.500000
vt 0.150000 1.000000
vt 0.150000 0.500000
vt 0.100000 1.000000
vt 0.100000 0.500000
vt 0.324164 0.478254
vt 0.250000 0.490000
vt 0.175836 0.478254
vt 0.108932 0.444164
vt 0.055836 0.391068
vt 0.021746 0.324164
vt 0.010000 0.250000
vt 0.021746 0.175836
vt 0.055836 0.108932
vt 0.108932 0.055836
vt 0.175836 0.021746
vt 0.250000 0.010000
vt 0.324164 0.021746
vt 0.391068 0.055836
vt 0.444164 0.108932
vt 0.478254 0.175836
vt 0.490000 0.250000
vt 0.478254 0.324164
vt 0.444164 0.391068
vt 0.391068 0.444164
vt 0.050000 1.000000
vt 0.050000 0.500000
vt -0.000000 1.000000
vt -0.000000 0.500000
vt 0.750000 0.490000
vt 0.824164 0.478254
vt 0.891068 0.444164
vt 0.944164 0.391068
vt 0.978254 0.324164
vt 0.990000 0.250000
vt 0.978254 0.175836
vt 0.944164 0.108932
vt 0.891068 0.055836
vt 0.824164 0.021746
vt 0.750000 0.010000
vt 0.675836 0.021746
vt 0.608932 0.055836
vt 0.555836 0.108932
vt 0.521746 0.175836
vt 0.510000 0.250000
vt 0.521746 0.324164
vt 0.555836 0.391068
vt 0.608932 0.444164
vt 0.675836 0.478254
s 0
usemtl ruby_emissive_glow.001
f 315/422/219 316/423/219 318/424/219 317/425/219
f 317/425/220 318/424/220 320/426/220 319/427/220
f 319/427/221 320/426/221 322/428/221 321/429/221
f 321/429/222 322/428/222 324/430/222 323/431/222
f 323/431/223 324/430/223 326/432/223 325/433/223
f 325/433/224 326/432/224 328/434/224 327/435/224
f 327/435/225 328/434/225 330/436/225 329/437/225
f 329/437/226 330/436/226 332/438/226 331/439/226
f 331/439/227 332/438/227 334/440/227 333/441/227
f 333/441/228 334/440/228 336/442/228 335/443/228
f 335/443/229 336/442/229 338/444/229 337/445/229
f 337/445/230 338/444/230 340/446/230 339/447/230
f 339/447/231 340/446/231 342/448/231 341/449/231
f 341/449/232 342/448/232 344/450/232 343/451/232
f 343/451/233 344/450/233 346/452/233 345/453/233
f 345/453/234 346/452/234 348/454/234 347/455/234
f 347/455/235 348/454/235 350/456/235 349/457/235
f 349/457/236 350/456/236 352/458/236 351/459/236
f 318/460/237 316/461/237 354/462/237 352/463/237 350/464/237 348/465/237 346/466/237 344/467/237 342/468/237 340/469/237 338/470/237 336/471/237 334/472/237 332/473/237 330/474/237 328/475/237 326/476/237 324/477/237 322/478/237 320/479/237
f 351/459/238 352/458/238 354/480/238 353/481/238
f 353/481/239 354/480/239 316/482/239 315/483/239
f 315/484/240 317/485/240 319/486/240 321/487/240 323/488/240 325/489/240 327/490/240 329/491/240 331/492/240 333/493/240 335/494/240 337/495/240 339/496/240 341/497/240 343/498/240 345/499/240 347/500/240 349/501/240 351/502/240 353/503/240
o ruby_base_label
v 0.223110 -0.168153 0.758610
v 0.177570 -0.223276 0.776521
v 0.177570 -0.284905 0.796545
v 0.159930 -0.284905 0.796545
v 0.159930 -0.223105 0.776465
v 0.114390 -0.168153 0.758610
v 0.135630 -0.168153 0.758610
v 0.168570 -0.208383 0.771681
v 0.201870 -0.168153 0.758610
v 0.062190 -0.168153 0.758610
v 0.068492 -0.168458 0.758709
v 0.074177 -0.169337 0.758995
v 0.079259 -0.170737 0.759450
v 0.083750 -0.172604 0.760056
v 0.087663 -0.174885 0.760797
v 0.091012 -0.177526 0.761655
v 0.093810 -0.180473 0.762613
v 0.096070 -0.183674 0.763653
v 0.097805 -0.187075 0.764758
v 0.099027 -0.190622 0.765911
v 0.099752 -0.194261 0.767093
v 0.099990 -0.197940 0.768288
v 0.099866 -0.200890 0.769247
v 0.099491 -0.203667 0.770149
v 0.098862 -0.206275 0.770997
v 0.097977 -0.208719 0.771791
v 0.096831 -0.211003 0.772533
v 0.095422 -0.213133 0.773225
v 0.093748 -0.215113 0.773868
v 0.091803 -0.216949 0.774465
v 0.089587 -0.218643 0.775015
v 0.087094 -0.220203 0.775522
v 0.084323 -0.221631 0.775986
v 0.081270 -0.222934 0.776409
v 0.081270 -0.223276 0.776521
v 0.085708 -0.224258 0.776840
v 0.089832 -0.225569 0.777266
v 0.093628 -0.227195 0.777794
v 0.097083 -0.229122 0.778420
v 0.100184 -0.231337 0.779140
v 0.102915 -0.233826 0.779948
v 0.105264 -0.236575 0.780842
v 0.107217 -0.239571 0.781815
v 0.108759 -0.242800 0.782864
v 0.109878 -0.246248 0.783985
v 0.110560 -0.249902 0.785172
v 0.110790 -0.253748 0.786422
v 0.110549 -0.257382 0.787602
v 0.109808 -0.261049 0.788794
v 0.108537 -0.264683 0.789974
v 0.106710 -0.268217 0.791123
v 0.104298 -0.271584 0.792217
v 0.101273 -0.274719 0.793235
v 0.097606 -0.277554 0.794156
v 0.093270 -0.280023 0.794959
v 0.088237 -0.282059 0.795620
v 0.082477 -0.283596 0.796120
v 0.075965 -0.284566 0.796435
v 0.068670 -0.284905 0.796545
v 0.026550 -0.284905 0.796545
v 0.026550 -0.168153 0.758610
v 0.055890 -0.218141 0.774852
v 0.060068 -0.218012 0.774810
v 0.063872 -0.217626 0.774685
v 0.067306 -0.216982 0.774476
v 0.070370 -0.216080 0.774182
v 0.073067 -0.214918 0.773805
v 0.075397 -0.213497 0.773343
v 0.077365 -0.211815 0.772797
v 0.078970 -0.209873 0.772166
v 0.080215 -0.207669 0.771449
v 0.081102 -0.205202 0.770648
v 0.081633 -0.202473 0.769761
v 0.081810 -0.199481 0.768789
v 0.081698 -0.197327 0.768089
v 0.081348 -0.195245 0.767413
v 0.080741 -0.193256 0.766767
v 0.079857 -0.191384 0.766158
v 0.078675 -0.189650 0.765595
v 0.077175 -0.188075 0.765083
v 0.075338 -0.186683 0.764631
v 0.073143 -0.185494 0.764244
v 0.070571 -0.184531 0.763932
v 0.067602 -0.183816 0.763699
v 0.064215 -0.183371 0.763555
v 0.060390 -0.183218 0.763505
v 0.044190 -0.183218 0.763505
v 0.044190 -0.218141 0.774852
v 0.066330 -0.269840 0.791650
v 0.071196 -0.269643 0.791586
v 0.075464 -0.269077 0.791402
v 0.079169 -0.268179 0.791110
v 0.082343 -0.266987 0.790723
v 0.085020 -0.265538 0.790252
v 0.087233 -0.263870 0.789710
v 0.089014 -0.262020 0.789109
v 0.090397 -0.260025 0.788461
v 0.091415 -0.257924 0.787778
v 0.092101 -0.255753 0.787073
v 0.092488 -0.253549 0.786357
v 0.092610 -0.251352 0.785643
v 0.092429 -0.248765 0.784802
v 0.091884 -0.246322 0.784009
v 0.090970 -0.244038 0.783267
v 0.089683 -0.241930 0.782582
v 0.088019 -0.240011 0.781958
v 0.085973 -0.238298 0.781402
v 0.083540 -0.236806 0.780917
v 0.080717 -0.235551 0.780509
v 0.077498 -0.234548 0.780183
v 0.073881 -0.233812 0.779944
v 0.069859 -0.233360 0.779797
v 0.065430 -0.233205 0.779747
v 0.044190 -0.233205 0.779747
v 0.044190 -0.269840 0.791650
v 0.001875 -0.245964 0.783893
v 0.000747 -0.252465 0.786005
v -0.001133 -0.258496 0.787964
v -0.003770 -0.264026 0.789761
v -0.007164 -0.269023 0.791385
v -0.011318 -0.273456 0.792825
v -0.016232 -0.277294 0.794072
v -0.021910 -0.280505 0.795115
v -0.028353 -0.283056 0.795944
v -0.035563 -0.284918 0.796549
v -0.043541 -0.286058 0.796920
v -0.052290 -0.286445 0.797046
v -0.058741 -0.286154 0.796951
v -0.065077 -0.285271 0.796664
v -0.071213 -0.283781 0.796180
v -0.077063 -0.281671 0.795494
v -0.082544 -0.278926 0.794602
v -0.087570 -0.275532 0.793500
v -0.092056 -0.271475 0.792181
v -0.095917 -0.266740 0.790643
v -0.099068 -0.261313 0.788879
v -0.101423 -0.255179 0.786887
v -0.102899 -0.248326 0.784660
v -0.103410 -0.240738 0.782194
v -0.103410 -0.168153 0.758610
v -0.085770 -0.168153 0.758610
v -0.085770 -0.237143 0.781026
v -0.085731 -0.240282 0.782046
v -0.085611 -0.243126 0.782970
v -0.085402 -0.245702 0.783807
v -0.085097 -0.248035 0.784565
v -0.084689 -0.250152 0.785253
v -0.084173 -0.252079 0.785879
v -0.083539 -0.253842 0.786452
v -0.082783 -0.255466 0.786980
v -0.081897 -0.256979 0.787471
v -0.080874 -0.258407 0.787935
v -0.079707 -0.259775 0.788380
v -0.078390 -0.261109 0.788813
v -0.076597 -0.262707 0.789333
v -0.074730 -0.264163 0.789806
v -0.072787 -0.265477 0.790233
v -0.070770 -0.266651 0.790614
v -0.068677 -0.267684 0.790950
v -0.066510 -0.268578 0.791240
v -0.064267 -0.269332 0.791485
v -0.061950 -0.269948 0.791685
v -0.059557 -0.270426 0.791840
v -0.057090 -0.270767 0.791951
v -0.054548 -0.270971 0.792017
v -0.051930 -0.271038 0.792040
v -0.048634 -0.270954 0.792012
v -0.045497 -0.270709 0.791933
v -0.042519 -0.270314 0.791804
v -0.039703 -0.269777 0.791630
v -0.037050 -0.269109 0.791413
v -0.034560 -0.268321 0.791156
v -0.032235 -0.267422 0.790864
v -0.030077 -0.266423 0.790540
v -0.028086 -0.265333 0.790186
v -0.026263 -0.264163 0.789806
v -0.024611 -0.262923 0.789403
v -0.023130 -0.261623 0.788980
v -0.021654 -0.260072 0.788476
v -0.020369 -0.258414 0.787938
v -0.019263 -0.256650 0.787365
v -0.018323 -0.254782 0.786757
v -0.017539 -0.252808 0.786116
v -0.016897 -0.250731 0.785441
v -0.016387 -0.248550 0.784733
v -0.015997 -0.246267 0.783991
v -0.015713 -0.243881 0.783215
v -0.015526 -0.241393 0.782407
v -0.015422 -0.238805 0.781566
v -0.015390 -0.236116 0.780692
v -0.015390 -0.168153 0.758610
v 0.002250 -0.168153 0.758610
v 0.002250 -0.239026 0.781638
v -0.172279 -0.168411 0.758694
v -0.166678 -0.169172 0.758941
v -0.161511 -0.170421 0.759347
v -0.156797 -0.172141 0.759906
v -0.152558 -0.174315 0.760612
v -0.148815 -0.176927 0.761461
v -0.145590 -0.179959 0.762446
v -0.142903 -0.183395 0.763563
v -0.140777 -0.187219 0.764805
v -0.139232 -0.191414 0.766168
v -0.138289 -0.195964 0.767646
v -0.137970 -0.200850 0.769234
v -0.138123 -0.204159 0.770309
v -0.138577 -0.207319 0.771336
v -0.139328 -0.210325 0.772312
v -0.140370 -0.213170 0.773237
v -0.141697 -0.215848 0.774107
v -0.143303 -0.218355 0.774921
v -0.145182 -0.220683 0.775678
v -0.147330 -0.222826 0.776374
v -0.149740 -0.224780 0.777009
v -0.152407 -0.226537 0.777580
v -0.155326 -0.228092 0.778085
v -0.158490 -0.229439 0.778523
v -0.155786 -0.231272 0.779119
v -0.153238 -0.233262 0.779765
v -0.150823 -0.235409 0.780463
v -0.148517 -0.237713 0.781212
v -0.146295 -0.240174 0.782011
v -0.144135 -0.242792 0.782862
v -0.142012 -0.245567 0.783763
v -0.139903 -0.248498 0.784716
v -0.137784 -0.251587 0.785719
v -0.135632 -0.254832 0.786774
v -0.133421 -0.258235 0.787879
v -0.131130 -0.261794 0.789036
v -0.129866 -0.263727 0.789664
v -0.128665 -0.265527 0.790249
v -0.127502 -0.267235 0.790804
v -0.126350 -0.268889 0.791341
v -0.125183 -0.270529 0.791874
v -0.123975 -0.272194 0.792415
v -0.122699 -0.273923 0.792977
v -0.121330 -0.275756 0.793572
v -0.119841 -0.277731 0.794214
v -0.118205 -0.279888 0.794915
v -0.116397 -0.282266 0.795688
v -0.114390 -0.284905 0.796545
v -0.135450 -0.284905 0.796545
v -0.151650 -0.260938 0.788758
v -0.155522 -0.255378 0.786951
v -0.159063 -0.250638 0.785411
v -0.162309 -0.246654 0.784117
v -0.165297 -0.243363 0.783047
v -0.168061 -0.240698 0.782181
v -0.170640 -0.238598 0.781499
v -0.173069 -0.236996 0.780979
v -0.175383 -0.235830 0.780600
v -0.177621 -0.235035 0.780341
v -0.179817 -0.234546 0.780182
v -0.182008 -0.234300 0.780103
v -0.184230 -0.234232 0.780081
v -0.191610 -0.234232 0.780081
v -0.191610 -0.284905 0.796545
v -0.209250 -0.284905 0.796545
v -0.209250 -0.168153 0.758610
v -0.178290 -0.168153 0.758610
v -0.180270 -0.219168 0.775186
v -0.175822 -0.218980 0.775125
v -0.171908 -0.218438 0.774949
v -0.168502 -0.217571 0.774667
v -0.165577 -0.216410 0.774290
v -0.163103 -0.214985 0.773826
v -0.161055 -0.213326 0.773288
v -0.159404 -0.211464 0.772683
v -0.158123 -0.209429 0.772021
v -0.157185 -0.207251 0.771314
v -0.156562 -0.204961 0.770570
v -0.156226 -0.202589 0.769799
v -0.156150 -0.200166 0.769012
v -0.156336 -0.197517 0.768151
v -0.156812 -0.195055 0.767351
v -0.157590 -0.192788 0.766615
v -0.158683 -0.190725 0.765944
v -0.160104 -0.188873 0.765342
v -0.161865 -0.187241 0.764812
v -0.163978 -0.185837 0.764356
v -0.166457 -0.184670 0.763977
v -0.169313 -0.183747 0.763677
v -0.172558 -0.183078 0.763460
v -0.176207 -0.182671 0.763327
v -0.180270 -0.182533 0.763282
v -0.191610 -0.182533 0.763282
v -0.191610 -0.219168 0.775186
v 0.223110 -0.181058 0.718894
v 0.177570 -0.236181 0.736805
v 0.177570 -0.297809 0.756829
v 0.159930 -0.297809 0.756829
v 0.159930 -0.236010 0.736749
v 0.114390 -0.181058 0.718894
v 0.135630 -0.181058 0.718894
v 0.168570 -0.221287 0.731965
v 0.201870 -0.181058 0.718894
v 0.062190 -0.181058 0.718894
v 0.068492 -0.181363 0.718993
v 0.074177 -0.182242 0.719279
v 0.079259 -0.183642 0.719733
v 0.083750 -0.185509 0.720340
v 0.087663 -0.187789 0.721081
v 0.091012 -0.190430 0.721939
v 0.093810 -0.193378 0.722897
v 0.096070 -0.196579 0.723937
v 0.097805 -0.199979 0.725042
v 0.099027 -0.203526 0.726194
v 0.099752 -0.207166 0.727377
v 0.099990 -0.210845 0.728572
v 0.099866 -0.213795 0.729531
v 0.099491 -0.216572 0.730433
v 0.098862 -0.219180 0.731280
v 0.097977 -0.221623 0.732074
v 0.096831 -0.223908 0.732817
v 0.095422 -0.226038 0.733509
v 0.093748 -0.228018 0.734152
v 0.091803 -0.229853 0.734749
v 0.089587 -0.231548 0.735299
v 0.087094 -0.233107 0.735806
v 0.084323 -0.234536 0.736270
v 0.081270 -0.235838 0.736693
v 0.081270 -0.236181 0.736805
v 0.085708 -0.237163 0.737124
v 0.089832 -0.238474 0.737550
v 0.093628 -0.240100 0.738078
v 0.097083 -0.242027 0.738704
v 0.100184 -0.244242 0.739424
v 0.102915 -0.246730 0.740232
v 0.105264 -0.249480 0.741126
v 0.107217 -0.252476 0.742099
v 0.108759 -0.255705 0.743148
v 0.109878 -0.259153 0.744269
v 0.110560 -0.262807 0.745456
v 0.110790 -0.266653 0.746705
v 0.110549 -0.270287 0.747886
v 0.109808 -0.273954 0.749078
v 0.108537 -0.277587 0.750258
v 0.106710 -0.281121 0.751407
v 0.104298 -0.284489 0.752501
v 0.101273 -0.287623 0.753519
v 0.097606 -0.290458 0.754440
v 0.093270 -0.292927 0.755243
v 0.088237 -0.294963 0.755904
v 0.082477 -0.296500 0.756403
v 0.075965 -0.297471 0.756719
v 0.068670 -0.297809 0.756829
v 0.026550 -0.297809 0.756829
v 0.026550 -0.181058 0.718894
v 0.055890 -0.231045 0.735136
v 0.060068 -0.230917 0.735094
v 0.063872 -0.230531 0.734969
v 0.067306 -0.229887 0.734760
v 0.070370 -0.228985 0.734466
v 0.073067 -0.227823 0.734089
v 0.075397 -0.226402 0.733627
v 0.077365 -0.224720 0.733081
v 0.078970 -0.222777 0.732449
v 0.080215 -0.220573 0.731733
v 0.081102 -0.218107 0.730932
v 0.081633 -0.215378 0.730045
v 0.081810 -0.212385 0.729073
v 0.081698 -0.210231 0.728373
v 0.081348 -0.208149 0.727697
v 0.080741 -0.206161 0.727050
v 0.079857 -0.204289 0.726442
v 0.078675 -0.202554 0.725879
v 0.077175 -0.200980 0.725367
v 0.075338 -0.199587 0.724915
v 0.073143 -0.198399 0.724528
v 0.070571 -0.197436 0.724215
v 0.067602 -0.196721 0.723983
v 0.064215 -0.196276 0.723839
v 0.060390 -0.196122 0.723789
v 0.044190 -0.196122 0.723789
v 0.044190 -0.231045 0.735136
v 0.066330 -0.282745 0.751934
v 0.071196 -0.282548 0.751870
v 0.075464 -0.281981 0.751686
v 0.079169 -0.281084 0.751394
v 0.082343 -0.279891 0.751007
v 0.085020 -0.278443 0.750536
v 0.087233 -0.276774 0.749994
v 0.089014 -0.274924 0.749393
v 0.090397 -0.272930 0.748745
v 0.091415 -0.270828 0.748062
v 0.092101 -0.268657 0.747357
v 0.092488 -0.266454 0.746641
v 0.092610 -0.264256 0.745927
v 0.092429 -0.261669 0.745086
v 0.091884 -0.259227 0.744293
v 0.090970 -0.256943 0.743551
v 0.089683 -0.254834 0.742865
v 0.088019 -0.252916 0.742242
v 0.085973 -0.251203 0.741685
v 0.083540 -0.249711 0.741201
v 0.080717 -0.248456 0.740793
v 0.077498 -0.247453 0.740467
v 0.073881 -0.246717 0.740228
v 0.069859 -0.246264 0.740081
v 0.065430 -0.246110 0.740031
v 0.044190 -0.246110 0.740031
v 0.044190 -0.282745 0.751934
v 0.001875 -0.258869 0.744176
v 0.000747 -0.265370 0.746289
v -0.001133 -0.271401 0.748248
v -0.003770 -0.276930 0.750045
v -0.007164 -0.281928 0.751669
v -0.011318 -0.286361 0.753109
v -0.016232 -0.290199 0.754356
v -0.021910 -0.293409 0.755399
v -0.028353 -0.295961 0.756228
v -0.035563 -0.297823 0.756833
v -0.043541 -0.298963 0.757204
v -0.052290 -0.299350 0.757329
v -0.058741 -0.299059 0.757235
v -0.065077 -0.298175 0.756948
v -0.071213 -0.296686 0.756464
v -0.077063 -0.294576 0.755778
v -0.082544 -0.291831 0.754886
v -0.087570 -0.288437 0.753783
v -0.092056 -0.284379 0.752465
v -0.095917 -0.279644 0.750927
v -0.099068 -0.274217 0.749163
v -0.101423 -0.268084 0.747171
v -0.102899 -0.261230 0.744944
v -0.103410 -0.253642 0.742478
v -0.103410 -0.181058 0.718894
v -0.085770 -0.181058 0.718894
v -0.085770 -0.250047 0.741310
v -0.085731 -0.253187 0.742330
v -0.085611 -0.256031 0.743254
v -0.085402 -0.258607 0.744091
v -0.085097 -0.260940 0.744849
v -0.084689 -0.263057 0.745537
v -0.084173 -0.264984 0.746163
v -0.083539 -0.266746 0.746736
v -0.082783 -0.268371 0.747264
v -0.081897 -0.269884 0.747755
v -0.080874 -0.271311 0.748219
v -0.079707 -0.272679 0.748664
v -0.078390 -0.274014 0.749097
v -0.076597 -0.275612 0.749616
v -0.074730 -0.277068 0.750089
v -0.072787 -0.278382 0.750516
v -0.070770 -0.279555 0.750898
v -0.068677 -0.280589 0.751233
v -0.066510 -0.281482 0.751524
v -0.064267 -0.282236 0.751769
v -0.061950 -0.282852 0.751969
v -0.059557 -0.283330 0.752124
v -0.057090 -0.283671 0.752235
v -0.054548 -0.283875 0.752301
v -0.051930 -0.283943 0.752323
v -0.048634 -0.283859 0.752296
v -0.045497 -0.283614 0.752217
v -0.042519 -0.283218 0.752088
v -0.039703 -0.282681 0.751913
v -0.037050 -0.282014 0.751696
v -0.034560 -0.281225 0.751440
v -0.032235 -0.280326 0.751148
v -0.030077 -0.279327 0.750824
v -0.028086 -0.278237 0.750470
v -0.026263 -0.277068 0.750089
v -0.024611 -0.275828 0.749687
v -0.023130 -0.274527 0.749264
v -0.021654 -0.272976 0.748760
v -0.020369 -0.271318 0.748221
v -0.019263 -0.269555 0.747648
v -0.018323 -0.267686 0.747041
v -0.017539 -0.265713 0.746400
v -0.016897 -0.263635 0.745725
v -0.016387 -0.261455 0.745017
v -0.015997 -0.259171 0.744274
v -0.015713 -0.256785 0.743499
v -0.015526 -0.254298 0.742691
v -0.015422 -0.251709 0.741850
v -0.015390 -0.249020 0.740976
v -0.015390 -0.181058 0.718894
v 0.002250 -0.181058 0.718894
v 0.002250 -0.251930 0.741922
v -0.172279 -0.181315 0.718978
v -0.166678 -0.182077 0.719225
v -0.161511 -0.183326 0.719631
v -0.156797 -0.185046 0.720190
v -0.152558 -0.187220 0.720896
v -0.148815 -0.189831 0.721745
v -0.145590 -0.192863 0.722730
v -0.142903 -0.196300 0.723846
v -0.140777 -0.200124 0.725089
v -0.139232 -0.204319 0.726452
v -0.138289 -0.208868 0.727930
v -0.137970 -0.213755 0.729518
v -0.138123 -0.217064 0.730593
v -0.138577 -0.220224 0.731620
v -0.139328 -0.223229 0.732596
v -0.140370 -0.226074 0.733521
v -0.141697 -0.228753 0.734391
v -0.143303 -0.231259 0.735205
v -0.145182 -0.233587 0.735962
v -0.147330 -0.235731 0.736658
v -0.149740 -0.237684 0.737293
v -0.152407 -0.239441 0.737864
v -0.155326 -0.240997 0.738369
v -0.158490 -0.242344 0.738807
v -0.155786 -0.244177 0.739403
v -0.153238 -0.246167 0.740049
v -0.150823 -0.248314 0.740747
v -0.148517 -0.250618 0.741495
v -0.146295 -0.253079 0.742295
v -0.144135 -0.255697 0.743146
v -0.142012 -0.258471 0.744047
v -0.139903 -0.261403 0.745000
v -0.137784 -0.264491 0.746003
v -0.135632 -0.267737 0.747058
v -0.133421 -0.271139 0.748163
v -0.131130 -0.274699 0.749320
v -0.129866 -0.276631 0.749948
v -0.128665 -0.278432 0.750533
v -0.127502 -0.280139 0.751087
v -0.126350 -0.281794 0.751625
v -0.125183 -0.283433 0.752158
v -0.123975 -0.285098 0.752699
v -0.122699 -0.286828 0.753261
v -0.121330 -0.288660 0.753856
v -0.119841 -0.290635 0.754498
v -0.118205 -0.292792 0.755199
v -0.116397 -0.295171 0.755971
v -0.114390 -0.297809 0.756829
v -0.135450 -0.297809 0.756829
v -0.151650 -0.273843 0.749042
v -0.155522 -0.268283 0.747235
v -0.159063 -0.263543 0.745695
v -0.162309 -0.259559 0.744401
v -0.165297 -0.256267 0.743331
v -0.168061 -0.253603 0.742465
v -0.170640 -0.251502 0.741783
v -0.173069 -0.249901 0.741262
v -0.175383 -0.248735 0.740884
v -0.177621 -0.247939 0.740625
v -0.179817 -0.247451 0.740466
v -0.182008 -0.247205 0.740386
v -0.184230 -0.247137 0.740364
v -0.191610 -0.247137 0.740364
v -0.191610 -0.297809 0.756829
v -0.209250 -0.297809 0.756829
v -0.209250 -0.181058 0.718894
v -0.178290 -0.181058 0.718894
v -0.180270 -0.232072 0.735470
v -0.175822 -0.231885 0.735409
v -0.171908 -0.231342 0.735232
v -0.168502 -0.230475 0.734951
v -0.165577 -0.229314 0.734573
v -0.163103 -0.227889 0.734110
v -0.161055 -0.226230 0.733571
v -0.159404 -0.224368 0.732966
v -0.158123 -0.222333 0.732305
v -0.157185 -0.220156 0.731598
v -0.156562 -0.217866 0.730854
v -0.156226 -0.215494 0.730083
v -0.156150 -0.213070 0.729295
v -0.156336 -0.210422 0.728435
v -0.156812 -0.207960 0.727635
v -0.157590 -0.205693 0.726898
v -0.158683 -0.203629 0.726228
v -0.160104 -0.201777 0.725626
v -0.161865 -0.200145 0.725096
v -0.163978 -0.198742 0.724640
v -0.166457 -0.197574 0.724261
v -0.169313 -0.196652 0.723961
v -0.172558 -0.195983 0.723743
v -0.176207 -0.195575 0.723611
v -0.180270 -0.195438 0.723566
v -0.191610 -0.195438 0.723566
v -0.191610 -0.232072 0.735470
v -0.172279 -0.181315 0.718978
v -0.172195 -0.180428 0.718837
v -0.172120 -0.179540 0.718979
v -0.172061 -0.178739 0.719389
v -0.172022 -0.178104 0.720027
v -0.172009 -0.177695 0.720830
v -0.172009 -0.166570 0.755068
v -0.172022 -0.166429 0.755957
v -0.172061 -0.166569 0.756847
v -0.172120 -0.166976 0.757649
v -0.172195 -0.167610 0.758286
v -0.172279 -0.168411 0.758694
v -0.166678 -0.182077 0.719225
v -0.166505 -0.181202 0.719089
v -0.166349 -0.180325 0.719234
v -0.166225 -0.179533 0.719647
v -0.166146 -0.178903 0.720286
v -0.166118 -0.178496 0.721090
v -0.166118 -0.167372 0.755328
v -0.166146 -0.167228 0.756217
v -0.166225 -0.167362 0.757105
v -0.166349 -0.167761 0.757904
v -0.166505 -0.168384 0.758537
v -0.166678 -0.169172 0.758941
v -0.161511 -0.183326 0.719631
v -0.161241 -0.182474 0.719502
v -0.160997 -0.181619 0.719655
v -0.160804 -0.180843 0.720073
v -0.160680 -0.180224 0.720715
v -0.160637 -0.179821 0.721520
v -0.160637 -0.168696 0.755758
v -0.160680 -0.168549 0.756646
v -0.160804 -0.168673 0.757531
v -0.160997 -0.169054 0.758325
v -0.161241 -0.169657 0.758950
v -0.161511 -0.170421 0.759347
v -0.156797 -0.185046 0.720190
v -0.156425 -0.184231 0.720073
v -0.156089 -0.183410 0.720236
v -0.155822 -0.182661 0.720663
v -0.155651 -0.182059 0.721312
v -0.155592 -0.181661 0.722118
v -0.155592 -0.170537 0.756356
v -0.155651 -0.170384 0.757242
v -0.155822 -0.170490 0.758121
v -0.156089 -0.170845 0.758906
v -0.156425 -0.171414 0.759521
v -0.156797 -0.172141 0.759906
v -0.152558 -0.187220 0.720896
v -0.152081 -0.186459 0.720797
v -0.151651 -0.185686 0.720976
v -0.151310 -0.184975 0.721415
v -0.151091 -0.184398 0.722072
v -0.151015 -0.184009 0.722881
v -0.151015 -0.172884 0.757119
v -0.151091 -0.172723 0.758002
v -0.151310 -0.172804 0.758873
v -0.151651 -0.173121 0.759646
v -0.152081 -0.173642 0.760245
v -0.152558 -0.174315 0.760612
v -0.148815 -0.189831 0.721745
v -0.148236 -0.189142 0.721669
v -0.147713 -0.188433 0.721869
v -0.147299 -0.187774 0.722324
v -0.147032 -0.187229 0.722992
v -0.146941 -0.186852 0.723805
v -0.146941 -0.175727 0.758043
v -0.147032 -0.175554 0.758922
v -0.147299 -0.175603 0.759782
v -0.147713 -0.175868 0.760539
v -0.148236 -0.176324 0.761117
v -0.148815 -0.176927 0.761461
v -0.145590 -0.192863 0.722730
v -0.144916 -0.192263 0.722683
v -0.144308 -0.191635 0.722909
v -0.143826 -0.191039 0.723385
v -0.143516 -0.190535 0.724066
v -0.143409 -0.190172 0.724884
v -0.143409 -0.179047 0.759122
v -0.143516 -0.178861 0.759997
v -0.143826 -0.178868 0.760843
v -0.144308 -0.179070 0.761579
v -0.144916 -0.179446 0.762131
v -0.145590 -0.179959 0.762446
v -0.142903 -0.196300 0.723846
v -0.142148 -0.195803 0.723833
v -0.141467 -0.195268 0.724090
v -0.140927 -0.194747 0.724590
v -0.140580 -0.194291 0.725286
v -0.140461 -0.193944 0.726109
v -0.140461 -0.182819 0.760347
v -0.140580 -0.182616 0.761217
v -0.140927 -0.182576 0.762048
v -0.141467 -0.182704 0.762759
v -0.142148 -0.182986 0.763281
v -0.142903 -0.183395 0.763563
v -0.140777 -0.200124 0.725089
v -0.139959 -0.199741 0.725113
v -0.139221 -0.199308 0.725402
v -0.138636 -0.198868 0.725929
v -0.138260 -0.198464 0.726642
v -0.138130 -0.198135 0.727471
v -0.138130 -0.187010 0.761709
v -0.138260 -0.186789 0.762573
v -0.138636 -0.186697 0.763387
v -0.139221 -0.186743 0.764072
v -0.139959 -0.186923 0.764561
v -0.140777 -0.187219 0.764805
v -0.139232 -0.204319 0.726452
v -0.138371 -0.204052 0.726514
v -0.137594 -0.203725 0.726837
v -0.136978 -0.203369 0.727391
v -0.136582 -0.203018 0.728122
v -0.136446 -0.202708 0.728957
v -0.136446 -0.191583 0.763195
v -0.136582 -0.191343 0.764053
v -0.136978 -0.191198 0.764849
v -0.137594 -0.191160 0.765507
v -0.138371 -0.191235 0.765962
v -0.139232 -0.191414 0.766168
v -0.138289 -0.208868 0.727930
v -0.137404 -0.208716 0.728029
v -0.136606 -0.208492 0.728386
v -0.135973 -0.208217 0.728967
v -0.135566 -0.207919 0.729714
v -0.135426 -0.207627 0.730555
v -0.135426 -0.196502 0.764793
v -0.135566 -0.196244 0.765645
v -0.135973 -0.196046 0.766425
v -0.136606 -0.195927 0.767056
v -0.137404 -0.195899 0.767477
v -0.138289 -0.195964 0.767646
v -0.137970 -0.213755 0.729518
v -0.137079 -0.213704 0.729649
v -0.136275 -0.213570 0.730036
v -0.135637 -0.213368 0.730640
v -0.135227 -0.213116 0.731403
v -0.135086 -0.212840 0.732249
v -0.135086 -0.201716 0.766487
v -0.135227 -0.201442 0.767334
v -0.135637 -0.201197 0.768098
v -0.136275 -0.201006 0.768706
v -0.137079 -0.200886 0.769098
v -0.137970 -0.200850 0.769234
v -0.138123 -0.217064 0.730593
v -0.137235 -0.217096 0.730752
v -0.136435 -0.217038 0.731163
v -0.135800 -0.216896 0.731787
v -0.135392 -0.216683 0.732562
v -0.135251 -0.216420 0.733412
v -0.135251 -0.205295 0.767650
v -0.135392 -0.205008 0.768493
v -0.135800 -0.204725 0.769245
v -0.136435 -0.204474 0.769833
v -0.137235 -0.204279 0.770200
v -0.138123 -0.204159 0.770309
v -0.138577 -0.220224 0.731620
v -0.137702 -0.220336 0.731804
v -0.136911 -0.220350 0.732239
v -0.136284 -0.220264 0.732881
v -0.135882 -0.220088 0.733668
v -0.135743 -0.219837 0.734522
v -0.135743 -0.208713 0.768760
v -0.135882 -0.208413 0.769599
v -0.136284 -0.208093 0.770339
v -0.136911 -0.207785 0.770909
v -0.137702 -0.207518 0.771252
v -0.138577 -0.207319 0.771336
v -0.139328 -0.223229 0.732596
v -0.138473 -0.223423 0.732808
v -0.137701 -0.223511 0.733266
v -0.137089 -0.223484 0.733927
v -0.136696 -0.223346 0.734727
v -0.136560 -0.223108 0.735585
v -0.136560 -0.211984 0.769823
v -0.136696 -0.211671 0.770657
v -0.137089 -0.211314 0.771385
v -0.137701 -0.210947 0.771936
v -0.138473 -0.210606 0.772256
v -0.139328 -0.210325 0.772312
v -0.140370 -0.226074 0.733521
v -0.139545 -0.226351 0.733759
v -0.138801 -0.226514 0.734242
v -0.138210 -0.226546 0.734922
v -0.137831 -0.226445 0.735734
v -0.137700 -0.226221 0.736597
v -0.137700 -0.215096 0.770835
v -0.137831 -0.214771 0.771665
v -0.138210 -0.214375 0.772380
v -0.138801 -0.213949 0.772912
v -0.139545 -0.213534 0.773207
v -0.140370 -0.213170 0.773237
v -0.141697 -0.228753 0.734391
v -0.140912 -0.229111 0.734656
v -0.140204 -0.229347 0.735162
v -0.139642 -0.229438 0.735862
v -0.139281 -0.229374 0.736685
v -0.139157 -0.229163 0.737552
v -0.139157 -0.218038 0.771791
v -0.139281 -0.217700 0.772616
v -0.139642 -0.217267 0.773320
v -0.140204 -0.216782 0.773832
v -0.140912 -0.216294 0.774104
v -0.141697 -0.215848 0.774107
v -0.143303 -0.231259 0.735205
v -0.142567 -0.231695 0.735495
v -0.141904 -0.232001 0.736025
v -0.141378 -0.232147 0.736742
v -0.141040 -0.232120 0.737577
v -0.140924 -0.231920 0.738448
v -0.140924 -0.220796 0.772686
v -0.141040 -0.220445 0.773508
v -0.141378 -0.219976 0.774200
v -0.141904 -0.219436 0.774695
v -0.142567 -0.218878 0.774943
v -0.143303 -0.218355 0.774921
v -0.145182 -0.233587 0.735962
v -0.144505 -0.234095 0.736275
v -0.143894 -0.234466 0.736826
v -0.143410 -0.234663 0.737560
v -0.143099 -0.234669 0.738406
v -0.142991 -0.234481 0.739280
v -0.142991 -0.223356 0.773518
v -0.143099 -0.222994 0.774337
v -0.143410 -0.222493 0.775018
v -0.143894 -0.221901 0.775495
v -0.144505 -0.221277 0.775723
v -0.145182 -0.220683 0.775678
v -0.147330 -0.235731 0.736658
v -0.146718 -0.236303 0.736992
v -0.146165 -0.236732 0.737562
v -0.145727 -0.236976 0.738311
v -0.145445 -0.237011 0.739167
v -0.145348 -0.236833 0.740045
v -0.145348 -0.225709 0.774283
v -0.145445 -0.225336 0.775097
v -0.145727 -0.224805 0.775769
v -0.146165 -0.224167 0.776232
v -0.146718 -0.223485 0.776440
v -0.147330 -0.222826 0.776374
v -0.149740 -0.237684 0.737293
v -0.149197 -0.238312 0.737645
v -0.148707 -0.238792 0.738231
v -0.148318 -0.239076 0.738993
v -0.148068 -0.239136 0.739857
v -0.147982 -0.238968 0.740738
v -0.147982 -0.227843 0.774976
v -0.148068 -0.227462 0.775788
v -0.148318 -0.226905 0.776451
v -0.148707 -0.226227 0.776901
v -0.149197 -0.225495 0.777093
v -0.149740 -0.224780 0.777009
v -0.152407 -0.239441 0.737864
v -0.151936 -0.240117 0.738232
v -0.151510 -0.240638 0.738831
v -0.151172 -0.240956 0.739604
v -0.150955 -0.241038 0.740475
v -0.150880 -0.240877 0.741359
v -0.150880 -0.229753 0.775597
v -0.150955 -0.229364 0.776406
v -0.151172 -0.228785 0.777062
v -0.151510 -0.228074 0.777501
v -0.151936 -0.227299 0.777680
v -0.152407 -0.226537 0.777580
v -0.155326 -0.240997 0.738369
v -0.154926 -0.241710 0.738749
v -0.154565 -0.242266 0.739360
v -0.154278 -0.242612 0.740142
v -0.154094 -0.242711 0.741019
v -0.154031 -0.242556 0.741904
v -0.154031 -0.231432 0.776142
v -0.154094 -0.231037 0.776950
v -0.154278 -0.230441 0.777600
v -0.154565 -0.229702 0.778030
v -0.154926 -0.228893 0.778197
v -0.155326 -0.228092 0.778085
v -0.158490 -0.242344 0.738807
v -0.156708 -0.242469 0.738996
v -0.155100 -0.242495 0.739434
v -0.153825 -0.242418 0.740080
v -0.153006 -0.242248 0.740868
v -0.152723 -0.242000 0.741723
v -0.152723 -0.230875 0.775961
v -0.153006 -0.230573 0.776799
v -0.153825 -0.230248 0.777537
v -0.155100 -0.229930 0.778104
v -0.156708 -0.229651 0.778444
v -0.158490 -0.229439 0.778523
v -0.155786 -0.244177 0.739403
v -0.155245 -0.243461 0.739318
v -0.154756 -0.242728 0.739510
v -0.154369 -0.242050 0.739960
v -0.154120 -0.241492 0.740623
v -0.154034 -0.241111 0.741435
v -0.154034 -0.229986 0.775673
v -0.154120 -0.229818 0.776554
v -0.154369 -0.229879 0.777418
v -0.154756 -0.230163 0.778180
v -0.155245 -0.230643 0.778766
v -0.155786 -0.231272 0.779119
v -0.153238 -0.246167 0.740049
v -0.152651 -0.245487 0.739976
v -0.152122 -0.244786 0.740179
v -0.151702 -0.244133 0.740637
v -0.151432 -0.243592 0.741305
v -0.151339 -0.243216 0.742119
v -0.151339 -0.232091 0.776357
v -0.151432 -0.231917 0.777236
v -0.151702 -0.231962 0.778095
v -0.152122 -0.232221 0.778849
v -0.152651 -0.232669 0.779424
v -0.153238 -0.233262 0.779765
v -0.150823 -0.248314 0.740747
v -0.150196 -0.247669 0.740685
v -0.149631 -0.247000 0.740898
v -0.149183 -0.246372 0.741364
v -0.148894 -0.245848 0.742038
v -0.148795 -0.245477 0.742853
v -0.148795 -0.234353 0.777091
v -0.148894 -0.234173 0.777969
v -0.149183 -0.234202 0.778822
v -0.149631 -0.234435 0.779568
v -0.150196 -0.234851 0.780133
v -0.150823 -0.235409 0.780463
v -0.148517 -0.250618 0.741495
v -0.147856 -0.250006 0.741445
v -0.147261 -0.249368 0.741668
v -0.146788 -0.248764 0.742141
v -0.146484 -0.248255 0.742820
v -0.146380 -0.247890 0.743637
v -0.146380 -0.236766 0.777875
v -0.146484 -0.236581 0.778751
v -0.146788 -0.236593 0.779599
v -0.147261 -0.236803 0.780337
v -0.147856 -0.237189 0.780893
v -0.148517 -0.237713 0.781212
v -0.146295 -0.253079 0.742295
v -0.145607 -0.252498 0.742254
v -0.144987 -0.251887 0.742486
v -0.144494 -0.251305 0.742967
v -0.144178 -0.250810 0.743650
v -0.144069 -0.250450 0.744469
v -0.144069 -0.239326 0.778707
v -0.144178 -0.239136 0.779581
v -0.144494 -0.239135 0.780425
v -0.144987 -0.239322 0.781156
v -0.145607 -0.239681 0.781703
v -0.146295 -0.240174 0.782011
v -0.144135 -0.255697 0.743146
v -0.143425 -0.255143 0.743114
v -0.142784 -0.254556 0.743353
v -0.142276 -0.253993 0.743840
v -0.141950 -0.253511 0.744528
v -0.141837 -0.253155 0.745348
v -0.141837 -0.242030 0.779586
v -0.141950 -0.241836 0.780459
v -0.142276 -0.241823 0.781298
v -0.142784 -0.241991 0.782023
v -0.143425 -0.242325 0.782562
v -0.144135 -0.242792 0.782862
v -0.142012 -0.258471 0.744047
v -0.141285 -0.257940 0.744023
v -0.140629 -0.257373 0.744269
v -0.140108 -0.256827 0.744761
v -0.139774 -0.256354 0.745452
v -0.139659 -0.256002 0.746273
v -0.139659 -0.244877 0.780511
v -0.139774 -0.244680 0.781383
v -0.140108 -0.244656 0.782219
v -0.140629 -0.244808 0.782938
v -0.141285 -0.245122 0.783471
v -0.142012 -0.245567 0.783763
v -0.139903 -0.261403 0.745000
v -0.139163 -0.260889 0.744981
v -0.138496 -0.260338 0.745232
v -0.137966 -0.259805 0.745729
v -0.137626 -0.259341 0.746422
v -0.137509 -0.258991 0.747244
v -0.137509 -0.247866 0.781482
v -0.137626 -0.247666 0.782353
v -0.137966 -0.247634 0.783187
v -0.138496 -0.247774 0.783902
v -0.139163 -0.248072 0.784429
v -0.139903 -0.248498 0.784716
v -0.137784 -0.264491 0.746003
v -0.137035 -0.263991 0.745989
v -0.136360 -0.263452 0.746244
v -0.135823 -0.262928 0.746743
v -0.135479 -0.262470 0.747439
v -0.135360 -0.262122 0.748262
v -0.135360 -0.250998 0.782500
v -0.135479 -0.250795 0.783370
v -0.135823 -0.250757 0.784201
v -0.136360 -0.250887 0.784914
v -0.137035 -0.251173 0.785437
v -0.137784 -0.251587 0.785719
v -0.135632 -0.267737 0.747058
v -0.134877 -0.267245 0.747046
v -0.134196 -0.266714 0.747304
v -0.133655 -0.266197 0.747805
v -0.133308 -0.265742 0.748502
v -0.133189 -0.265396 0.749325
v -0.133189 -0.254272 0.783563
v -0.133308 -0.254068 0.784433
v -0.133655 -0.254026 0.785263
v -0.134196 -0.254150 0.785974
v -0.134877 -0.254428 0.786494
v -0.135632 -0.254832 0.786774
v -0.133421 -0.271139 0.748163
v -0.132663 -0.270652 0.748153
v -0.131980 -0.270126 0.748412
v -0.131437 -0.269612 0.748915
v -0.131088 -0.269160 0.749612
v -0.130968 -0.268814 0.750436
v -0.130968 -0.257690 0.784674
v -0.131088 -0.257485 0.785543
v -0.131437 -0.257441 0.786373
v -0.131980 -0.257561 0.787082
v -0.132663 -0.257835 0.787601
v -0.133421 -0.258235 0.787879
v -0.131130 -0.274699 0.749320
v -0.130373 -0.274211 0.749309
v -0.129689 -0.273683 0.749568
v -0.129147 -0.273168 0.750071
v -0.128799 -0.272715 0.750768
v -0.128679 -0.272370 0.751591
v -0.128679 -0.261245 0.785829
v -0.128799 -0.261041 0.786699
v -0.129147 -0.260997 0.787529
v -0.129689 -0.261118 0.788238
v -0.130373 -0.261393 0.788757
v -0.131130 -0.261794 0.789036
v -0.129866 -0.276631 0.749948
v -0.129112 -0.276137 0.749935
v -0.128432 -0.275605 0.750192
v -0.127893 -0.275085 0.750694
v -0.127546 -0.274630 0.751390
v -0.127427 -0.274284 0.752213
v -0.127427 -0.263159 0.786451
v -0.127546 -0.262956 0.787321
v -0.127893 -0.262915 0.788152
v -0.128432 -0.263040 0.788862
v -0.129112 -0.263320 0.789383
v -0.129866 -0.263727 0.789664
v -0.128665 -0.278432 0.750533
v -0.127916 -0.277931 0.750518
v -0.127240 -0.277393 0.750773
v -0.126703 -0.276869 0.751273
v -0.126359 -0.276411 0.751969
v -0.126240 -0.276064 0.752791
v -0.126240 -0.264939 0.787029
v -0.126359 -0.264736 0.787899
v -0.126703 -0.264698 0.788731
v -0.127240 -0.264828 0.789443
v -0.127916 -0.265114 0.789966
v -0.128665 -0.265527 0.790249
v -0.127502 -0.280139 0.751087
v -0.126757 -0.279632 0.751071
v -0.126086 -0.279087 0.751324
v -0.125553 -0.278558 0.751822
v -0.125211 -0.278097 0.752516
v -0.125093 -0.277749 0.753339
v -0.125093 -0.266624 0.787577
v -0.125211 -0.266422 0.788447
v -0.125553 -0.266387 0.789280
v -0.126086 -0.266523 0.789994
v -0.126757 -0.266815 0.790519
v -0.127502 -0.267235 0.790804
v -0.126350 -0.281794 0.751625
v -0.125610 -0.281279 0.751606
v -0.124943 -0.280728 0.751857
v -0.124414 -0.280194 0.752354
v -0.124074 -0.279729 0.753047
v -0.123957 -0.279380 0.753869
v -0.123957 -0.268255 0.788107
v -0.124074 -0.268055 0.788978
v -0.124414 -0.268023 0.789811
v -0.124943 -0.268163 0.790527
v -0.125610 -0.268462 0.791054
v -0.126350 -0.268889 0.791341
v -0.125183 -0.283433 0.752158
v -0.124448 -0.282912 0.752137
v -0.123785 -0.282355 0.752386
v -0.123259 -0.281816 0.752881
v -0.122922 -0.281349 0.753573
v -0.122805 -0.280998 0.754395
v -0.122805 -0.269873 0.788633
v -0.122922 -0.269674 0.789504
v -0.123259 -0.269646 0.790339
v -0.123785 -0.269791 0.791056
v -0.124448 -0.270095 0.791585
v -0.125183 -0.270529 0.791874
v -0.123975 -0.285098 0.752699
v -0.123244 -0.284571 0.752676
v -0.122585 -0.284009 0.752923
v -0.122062 -0.283466 0.753417
v -0.121727 -0.282996 0.754108
v -0.121611 -0.282644 0.754930
v -0.121611 -0.271519 0.789168
v -0.121727 -0.271321 0.790039
v -0.122062 -0.271295 0.790875
v -0.122585 -0.271444 0.791593
v -0.123244 -0.271754 0.792124
v -0.123975 -0.272194 0.792415
v -0.122699 -0.286828 0.753261
v -0.121972 -0.286296 0.753236
v -0.121317 -0.285729 0.753482
v -0.120796 -0.285183 0.753974
v -0.120462 -0.284710 0.754665
v -0.120347 -0.284358 0.755486
v -0.120347 -0.273233 0.789724
v -0.120462 -0.273035 0.790596
v -0.120796 -0.273012 0.791432
v -0.121317 -0.273164 0.792152
v -0.121972 -0.273478 0.792684
v -0.122699 -0.273923 0.792977
v -0.121330 -0.288660 0.753856
v -0.120606 -0.288125 0.753830
v -0.119952 -0.287555 0.754075
v -0.119434 -0.287006 0.754567
v -0.119101 -0.286532 0.755257
v -0.118986 -0.286179 0.756078
v -0.118986 -0.275054 0.790316
v -0.119101 -0.274857 0.791188
v -0.119434 -0.274835 0.792025
v -0.119952 -0.274990 0.792745
v -0.120606 -0.275307 0.793278
v -0.121330 -0.275756 0.793572
v -0.119841 -0.290635 0.754498
v -0.119118 -0.290098 0.754471
v -0.118466 -0.289525 0.754716
v -0.117949 -0.288975 0.755207
v -0.117617 -0.288500 0.755896
v -0.117502 -0.288146 0.756717
v -0.117502 -0.277022 0.790955
v -0.117617 -0.276825 0.791827
v -0.117949 -0.276804 0.792665
v -0.118466 -0.276961 0.793386
v -0.119118 -0.277280 0.793919
v -0.119841 -0.277731 0.794214
v -0.118205 -0.292792 0.755199
v -0.117483 -0.292253 0.755172
v -0.116833 -0.291680 0.755416
v -0.116316 -0.291128 0.755906
v -0.115984 -0.290653 0.756596
v -0.115870 -0.290299 0.757417
v -0.115870 -0.279174 0.791655
v -0.115984 -0.278978 0.792527
v -0.116316 -0.278958 0.793364
v -0.116833 -0.279115 0.794086
v -0.117483 -0.279436 0.794620
v -0.118205 -0.279888 0.794915
v -0.116397 -0.295171 0.755971
v -0.115676 -0.294631 0.755944
v -0.115025 -0.294057 0.756188
v -0.114509 -0.293505 0.756679
v -0.114177 -0.293029 0.757368
v -0.114063 -0.292676 0.758189
v -0.114063 -0.281551 0.792427
v -0.114177 -0.281355 0.793299
v -0.114509 -0.281334 0.794137
v -0.115025 -0.281493 0.794858
v -0.115676 -0.281814 0.795392
v -0.116397 -0.282266 0.795688
v -0.114390 -0.297809 0.756829
v -0.112648 -0.298612 0.757238
v -0.111076 -0.299249 0.757875
v -0.109829 -0.299658 0.758678
v -0.109028 -0.299799 0.759568
v -0.108752 -0.299658 0.760458
v -0.108752 -0.288534 0.794696
v -0.109028 -0.288125 0.795499
v -0.109829 -0.287488 0.796136
v -0.111076 -0.286685 0.796545
v -0.112648 -0.285795 0.796686
v -0.114390 -0.284905 0.796545
v -0.135450 -0.297809 0.756829
v -0.135936 -0.298612 0.757238
v -0.136374 -0.299249 0.757875
v -0.136722 -0.299658 0.758678
v -0.136945 -0.299799 0.759568
v -0.137022 -0.299658 0.760458
v -0.137022 -0.288534 0.794696
v -0.136945 -0.288125 0.795499
v -0.136722 -0.287488 0.796136
v -0.136374 -0.286685 0.796545
v -0.135936 -0.285795 0.796686
v -0.135450 -0.284905 0.796545
v -0.151650 -0.273843 0.749042
v -0.152395 -0.274262 0.749326
v -0.153068 -0.274553 0.749851
v -0.153601 -0.274687 0.750564
v -0.153944 -0.274651 0.751397
v -0.154062 -0.274450 0.752267
v -0.154062 -0.263325 0.786505
v -0.153944 -0.262977 0.787328
v -0.153601 -0.262516 0.788022
v -0.153068 -0.261988 0.788521
v -0.152395 -0.261444 0.788774
v -0.151650 -0.260938 0.788758
v -0.155522 -0.268283 0.747235
v -0.156256 -0.268718 0.747525
v -0.156918 -0.269024 0.748054
v -0.157444 -0.269170 0.748771
v -0.157781 -0.269142 0.749607
v -0.157897 -0.268943 0.750478
v -0.157897 -0.257818 0.784716
v -0.157781 -0.257467 0.785537
v -0.157444 -0.256999 0.786229
v -0.156918 -0.256459 0.786724
v -0.156256 -0.255901 0.786973
v -0.155522 -0.255378 0.786951
v -0.159063 -0.263543 0.745695
v -0.159778 -0.264004 0.745993
v -0.160423 -0.264333 0.746530
v -0.160935 -0.264497 0.747253
v -0.161263 -0.264481 0.748092
v -0.161376 -0.264286 0.748965
v -0.161376 -0.253161 0.783203
v -0.161263 -0.252806 0.784023
v -0.160935 -0.252326 0.784711
v -0.160423 -0.251768 0.785200
v -0.159778 -0.251186 0.785441
v -0.159063 -0.250638 0.785411
v -0.162309 -0.259559 0.744401
v -0.162998 -0.260052 0.744709
v -0.163620 -0.260409 0.745255
v -0.164113 -0.260596 0.745986
v -0.164430 -0.260594 0.746829
v -0.164539 -0.260404 0.747703
v -0.164539 -0.249279 0.781941
v -0.164430 -0.248919 0.782760
v -0.164113 -0.248425 0.783444
v -0.163620 -0.247844 0.783925
v -0.162998 -0.247234 0.784157
v -0.162309 -0.246654 0.784117
v -0.165297 -0.256267 0.743331
v -0.165951 -0.256798 0.743652
v -0.166541 -0.257190 0.744209
v -0.167010 -0.257404 0.744949
v -0.167310 -0.257420 0.745798
v -0.167414 -0.257236 0.746674
v -0.167414 -0.246112 0.780912
v -0.167310 -0.245746 0.781729
v -0.167010 -0.245233 0.782407
v -0.166541 -0.244625 0.782879
v -0.165951 -0.243981 0.783100
v -0.165297 -0.243363 0.783047
v -0.168061 -0.253603 0.742465
v -0.168669 -0.254179 0.742801
v -0.169217 -0.254612 0.743371
v -0.169651 -0.254859 0.744122
v -0.169930 -0.254896 0.744978
v -0.170027 -0.254719 0.745856
v -0.170027 -0.243594 0.780094
v -0.169930 -0.243221 0.780909
v -0.169651 -0.242688 0.781580
v -0.169217 -0.242047 0.782041
v -0.168669 -0.241362 0.782249
v -0.168061 -0.240698 0.782181
v -0.170640 -0.251502 0.741783
v -0.171184 -0.252130 0.742135
v -0.171676 -0.252609 0.742721
v -0.172065 -0.252892 0.743483
v -0.172316 -0.252952 0.744346
v -0.172402 -0.252784 0.745227
v -0.172402 -0.241659 0.779465
v -0.172316 -0.241278 0.780277
v -0.172065 -0.240721 0.780941
v -0.171676 -0.240044 0.781390
v -0.171184 -0.239312 0.781583
v -0.170640 -0.238598 0.781499
v -0.173069 -0.249901 0.741262
v -0.173532 -0.250582 0.741632
v -0.173950 -0.251109 0.742233
v -0.174282 -0.251430 0.743008
v -0.174495 -0.251515 0.743879
v -0.174568 -0.251355 0.744763
v -0.174568 -0.240230 0.779001
v -0.174495 -0.239841 0.779810
v -0.174282 -0.239260 0.780466
v -0.173950 -0.238544 0.780903
v -0.173532 -0.237764 0.781080
v -0.173069 -0.236996 0.780979
v -0.175383 -0.248735 0.740884
v -0.175749 -0.249465 0.741269
v -0.176079 -0.250036 0.741885
v -0.176341 -0.250393 0.742671
v -0.176509 -0.250501 0.743550
v -0.176567 -0.250348 0.744436
v -0.176567 -0.239224 0.778674
v -0.176509 -0.238826 0.779481
v -0.176341 -0.238222 0.780129
v -0.176079 -0.237472 0.780555
v -0.175749 -0.236647 0.780717
v -0.175383 -0.235830 0.780600
v -0.177621 -0.247939 0.740625
v -0.177879 -0.248708 0.741023
v -0.178112 -0.249314 0.741650
v -0.178297 -0.249698 0.742445
v -0.178415 -0.249823 0.743330
v -0.178456 -0.249677 0.744218
v -0.178456 -0.238552 0.778456
v -0.178415 -0.238148 0.779260
v -0.178297 -0.237527 0.779903
v -0.178112 -0.236749 0.780320
v -0.177879 -0.235890 0.780471
v -0.177621 -0.235035 0.780341
v -0.179817 -0.247451 0.740466
v -0.179971 -0.248242 0.740872
v -0.180110 -0.248869 0.741506
v -0.180220 -0.249270 0.742306
v -0.180291 -0.249406 0.743194
v -0.180315 -0.249263 0.744083
v -0.180315 -0.238138 0.778321
v -0.180291 -0.237731 0.779125
v -0.180220 -0.237099 0.779764
v -0.180110 -0.236305 0.780175
v -0.179971 -0.235425 0.780320
v -0.179817 -0.234546 0.780182
v -0.182008 -0.247205 0.740386
v -0.182074 -0.248006 0.740795
v -0.182134 -0.248642 0.741432
v -0.182182 -0.249050 0.742234
v -0.182213 -0.249190 0.743124
v -0.182223 -0.249049 0.744014
v -0.182223 -0.237924 0.778252
v -0.182213 -0.237515 0.779055
v -0.182182 -0.236879 0.779692
v -0.182134 -0.236077 0.780102
v -0.182074 -0.235189 0.780243
v -0.182008 -0.234300 0.780103
v -0.184230 -0.247137 0.740364
v -0.184244 -0.247940 0.740773
v -0.184257 -0.248577 0.741411
v -0.184267 -0.248986 0.742213
v -0.184274 -0.249127 0.743103
v -0.184276 -0.248986 0.743993
v -0.184276 -0.237861 0.778231
v -0.184274 -0.237452 0.779034
v -0.184267 -0.236815 0.779671
v -0.184257 -0.236012 0.780081
v -0.184244 -0.235122 0.780221
v -0.184230 -0.234232 0.780081
v -0.191610 -0.247137 0.740364
v -0.190720 -0.247940 0.740773
v -0.189917 -0.248577 0.741411
v -0.189280 -0.248986 0.742213
v -0.188871 -0.249127 0.743103
v -0.188730 -0.248986 0.743993
v -0.188730 -0.237861 0.778231
v -0.188871 -0.237452 0.779034
v -0.189280 -0.236815 0.779671
v -0.189917 -0.236012 0.780081
v -0.190720 -0.235122 0.780221
v -0.191610 -0.234232 0.780081
v -0.191610 -0.297809 0.756829
v -0.190720 -0.298612 0.757238
v -0.189917 -0.299249 0.757875
v -0.189280 -0.299658 0.758678
v -0.188871 -0.299799 0.759568
v -0.188730 -0.299658 0.760458
v -0.188730 -0.288534 0.794696
v -0.188871 -0.288125 0.795499
v -0.189280 -0.287488 0.796136
v -0.189917 -0.286685 0.796545
v -0.190720 -0.285795 0.796686
v -0.191610 -0.284905 0.796545
v -0.209250 -0.297809 0.756829
v -0.210140 -0.298612 0.757238
v -0.210943 -0.299249 0.757875
v -0.211580 -0.299658 0.758678
v -0.211989 -0.299799 0.759568
v -0.212130 -0.299658 0.760458
v -0.212130 -0.288534 0.794696
v -0.211989 -0.288125 0.795499
v -0.211580 -0.287488 0.796136
v -0.210943 -0.286685 0.796545
v -0.210140 -0.285795 0.796686
v -0.209250 -0.284905 0.796545
v -0.209250 -0.181058 0.718894
v -0.210140 -0.180168 0.718753
v -0.210943 -0.179278 0.718894
v -0.211580 -0.178475 0.719303
v -0.211989 -0.177838 0.719940
v -0.212130 -0.177429 0.720743
v -0.212130 -0.166304 0.754981
v -0.211989 -0.166163 0.755871
v -0.211580 -0.166304 0.756761
v -0.210943 -0.166713 0.757564
v -0.210140 -0.167350 0.758201
v -0.209250 -0.168153 0.758610
v -0.178290 -0.181058 0.718894
v -0.178270 -0.180168 0.718753
v -0.178252 -0.179278 0.718894
v -0.178238 -0.178475 0.719303
v -0.178228 -0.177838 0.719940
v -0.178225 -0.177429 0.720743
v -0.178225 -0.166304 0.754981
v -0.178228 -0.166163 0.755871
v -0.178238 -0.166304 0.756761
v -0.178252 -0.166713 0.757564
v -0.178270 -0.167350 0.758201
v -0.178290 -0.168153 0.758610
v -0.180270 -0.232072 0.735470
v -0.180290 -0.231182 0.735329
v -0.180308 -0.230292 0.735470
v -0.180322 -0.229490 0.735879
v -0.180331 -0.228852 0.736516
v -0.180334 -0.228443 0.737319
v -0.180334 -0.217319 0.771557
v -0.180331 -0.217178 0.772447
v -0.180322 -0.217319 0.773337
v -0.180308 -0.217728 0.774139
v -0.180290 -0.218365 0.774777
v -0.180270 -0.219168 0.775186
v -0.175822 -0.231885 0.735409
v -0.175906 -0.230998 0.735269
v -0.175982 -0.230110 0.735410
v -0.176042 -0.229309 0.735820
v -0.176080 -0.228673 0.736458
v -0.176094 -0.228265 0.737261
v -0.176094 -0.217140 0.771499
v -0.176080 -0.216999 0.772388
v -0.176042 -0.217138 0.773278
v -0.175982 -0.217545 0.774080
v -0.175906 -0.218180 0.774717
v -0.175822 -0.218980 0.775125
v -0.171908 -0.231342 0.735232
v -0.172088 -0.230468 0.735097
v -0.172250 -0.229593 0.735242
v -0.172379 -0.228801 0.735655
v -0.172462 -0.228172 0.736295
v -0.172490 -0.227765 0.737098
v -0.172490 -0.216640 0.771336
v -0.172462 -0.216497 0.772225
v -0.172379 -0.216631 0.773113
v -0.172250 -0.217028 0.773912
v -0.172088 -0.217651 0.774545
v -0.171908 -0.218438 0.774949
v -0.168502 -0.230475 0.734951
v -0.168790 -0.229629 0.734824
v -0.169050 -0.228778 0.734978
v -0.169256 -0.228006 0.735397
v -0.169388 -0.227389 0.736040
v -0.169434 -0.226987 0.736845
v -0.169434 -0.215862 0.771084
v -0.169388 -0.215715 0.771971
v -0.169256 -0.215836 0.772855
v -0.169050 -0.216213 0.773647
v -0.168790 -0.216811 0.774272
v -0.168502 -0.217571 0.774667
v -0.165577 -0.229314 0.734573
v -0.165981 -0.228514 0.734462
v -0.166345 -0.227705 0.734629
v -0.166635 -0.226966 0.735059
v -0.166821 -0.226370 0.735709
v -0.166885 -0.225975 0.736517
v -0.166885 -0.214851 0.770755
v -0.166821 -0.214696 0.771640
v -0.166635 -0.214795 0.772517
v -0.166345 -0.215140 0.773299
v -0.165981 -0.215696 0.773910
v -0.165577 -0.216410 0.774290
v -0.163103 -0.227889 0.734110
v -0.163626 -0.227157 0.734021
v -0.164097 -0.226409 0.734208
v -0.164471 -0.225719 0.734654
v -0.164711 -0.225155 0.735314
v -0.164794 -0.224771 0.736125
v -0.164794 -0.213646 0.770363
v -0.164711 -0.213480 0.771245
v -0.164471 -0.213549 0.772112
v -0.164097 -0.213845 0.772878
v -0.163626 -0.214340 0.773469
v -0.163103 -0.214985 0.773826
v -0.161055 -0.226230 0.733571
v -0.161688 -0.225588 0.733511
v -0.162259 -0.224921 0.733724
v -0.162712 -0.224295 0.734191
v -0.163003 -0.223772 0.734865
v -0.163103 -0.223402 0.735681
v -0.163103 -0.212277 0.769919
v -0.163003 -0.212097 0.770796
v -0.162712 -0.212124 0.771649
v -0.162259 -0.212356 0.772394
v -0.161688 -0.212770 0.772959
v -0.161055 -0.213326 0.773288
v -0.159404 -0.224368 0.732966
v -0.160131 -0.223832 0.732940
v -0.160786 -0.223260 0.733185
v -0.161307 -0.222710 0.733676
v -0.161641 -0.222235 0.734366
v -0.161756 -0.221882 0.735187
v -0.161756 -0.210757 0.769425
v -0.161641 -0.210560 0.770297
v -0.161307 -0.210539 0.771134
v -0.160786 -0.210695 0.771855
v -0.160131 -0.211014 0.772388
v -0.159404 -0.211464 0.772683
v -0.158123 -0.222333 0.732305
v -0.158921 -0.221910 0.732316
v -0.159641 -0.221441 0.732594
v -0.160213 -0.220972 0.733111
v -0.160580 -0.220549 0.733818
v -0.160706 -0.220214 0.734645
v -0.160706 -0.209089 0.768883
v -0.160580 -0.208874 0.769749
v -0.160213 -0.208801 0.770569
v -0.159641 -0.208876 0.771263
v -0.158921 -0.209092 0.771764
v -0.158123 -0.209429 0.772021
v -0.157185 -0.220156 0.731598
v -0.158031 -0.219845 0.731645
v -0.158795 -0.219477 0.731955
v -0.159401 -0.219088 0.732499
v -0.159790 -0.218717 0.733223
v -0.159924 -0.218399 0.734055
v -0.159924 -0.207275 0.768293
v -0.159790 -0.207042 0.769153
v -0.159401 -0.206917 0.769957
v -0.158795 -0.206912 0.770625
v -0.158031 -0.207027 0.771093
v -0.157185 -0.207251 0.771314
v -0.156562 -0.217866 0.730854
v -0.157437 -0.217659 0.730935
v -0.158226 -0.217386 0.731276
v -0.158852 -0.217072 0.731844
v -0.159254 -0.216749 0.732583
v -0.159393 -0.216448 0.733421
v -0.159393 -0.205323 0.767659
v -0.159254 -0.205074 0.768514
v -0.158852 -0.204901 0.769302
v -0.158226 -0.204821 0.769946
v -0.157437 -0.204842 0.770383
v -0.156562 -0.204961 0.770570
v -0.156226 -0.215494 0.730083
v -0.157114 -0.215381 0.730195
v -0.157915 -0.215192 0.730563
v -0.158551 -0.214946 0.731153
v -0.158959 -0.214666 0.731906
v -0.159100 -0.214380 0.732749
v -0.159100 -0.203255 0.766987
v -0.158959 -0.202991 0.767837
v -0.158551 -0.202775 0.768611
v -0.157915 -0.202628 0.769233
v -0.157114 -0.202564 0.769642
v -0.156226 -0.202589 0.769799
v -0.156150 -0.213070 0.729295
v -0.157041 -0.213042 0.729435
v -0.157845 -0.212930 0.729828
v -0.158482 -0.212744 0.730438
v -0.158892 -0.212503 0.731204
v -0.159033 -0.212231 0.732051
v -0.159033 -0.201106 0.766289
v -0.158892 -0.200829 0.767135
v -0.158482 -0.200573 0.767896
v -0.157845 -0.200365 0.768498
v -0.157041 -0.200225 0.768883
v -0.156150 -0.200166 0.769012
v -0.156336 -0.210422 0.728435
v -0.157220 -0.210483 0.728603
v -0.158018 -0.210452 0.729023
v -0.158652 -0.210330 0.729653
v -0.159058 -0.210130 0.730433
v -0.159198 -0.209872 0.731284
v -0.159198 -0.198747 0.765522
v -0.159058 -0.198455 0.766363
v -0.158652 -0.198159 0.767111
v -0.158018 -0.197887 0.767693
v -0.157220 -0.197666 0.768051
v -0.156336 -0.197517 0.768151
v -0.156812 -0.207960 0.727635
v -0.157676 -0.208125 0.727837
v -0.158456 -0.208187 0.728287
v -0.159075 -0.208140 0.728942
v -0.159472 -0.207988 0.729736
v -0.159609 -0.207746 0.730594
v -0.159609 -0.196621 0.764832
v -0.159472 -0.196313 0.765667
v -0.159075 -0.195969 0.766400
v -0.158456 -0.195622 0.766957
v -0.157676 -0.195308 0.767285
v -0.156812 -0.195055 0.767351
v -0.157590 -0.205693 0.726898
v -0.158415 -0.205973 0.727138
v -0.159159 -0.206139 0.727622
v -0.159750 -0.206173 0.728303
v -0.160129 -0.206074 0.729115
v -0.160260 -0.205850 0.729978
v -0.160260 -0.194726 0.764216
v -0.160129 -0.194399 0.765046
v -0.159750 -0.194003 0.765761
v -0.159159 -0.193574 0.766291
v -0.158415 -0.193156 0.766586
v -0.157590 -0.192788 0.766615
v -0.158683 -0.203629 0.726228
v -0.159445 -0.204029 0.726506
v -0.160133 -0.204302 0.727025
v -0.160678 -0.204422 0.727734
v -0.161028 -0.204377 0.728563
v -0.161149 -0.204172 0.729433
v -0.161149 -0.193048 0.763671
v -0.161028 -0.192703 0.764494
v -0.160678 -0.192251 0.765192
v -0.160133 -0.191737 0.765695
v -0.159445 -0.191211 0.765954
v -0.158683 -0.190725 0.765944
v -0.160104 -0.201777 0.725626
v -0.160779 -0.202290 0.725941
v -0.161388 -0.202666 0.726493
v -0.161871 -0.202867 0.727229
v -0.162181 -0.202875 0.728075
v -0.162288 -0.202688 0.728950
v -0.162288 -0.191563 0.763188
v -0.162181 -0.191200 0.764006
v -0.161871 -0.190696 0.764687
v -0.161388 -0.190101 0.765163
v -0.160779 -0.189473 0.765389
v -0.160104 -0.188873 0.765342
v -0.161865 -0.200145 0.725096
v -0.162434 -0.200756 0.725443
v -0.162948 -0.201220 0.726023
v -0.163355 -0.201492 0.726782
v -0.163617 -0.201544 0.727643
v -0.163707 -0.201373 0.728523
v -0.163707 -0.190248 0.762761
v -0.163617 -0.189870 0.763574
v -0.163355 -0.189321 0.764240
v -0.162948 -0.188655 0.764693
v -0.162434 -0.187939 0.764891
v -0.161865 -0.187241 0.764812
v -0.163978 -0.198742 0.724640
v -0.164433 -0.199428 0.725011
v -0.164843 -0.199961 0.725614
v -0.165169 -0.200287 0.726390
v -0.165378 -0.200374 0.727263
v -0.165450 -0.200215 0.728147
v -0.165450 -0.189090 0.762385
v -0.165378 -0.188700 0.763194
v -0.165169 -0.188116 0.763848
v -0.164843 -0.187396 0.764284
v -0.164433 -0.186611 0.764459
v -0.163978 -0.185837 0.764356
v -0.166457 -0.197574 0.724261
v -0.166799 -0.198314 0.724649
v -0.167107 -0.198894 0.725268
v -0.167352 -0.199258 0.726056
v -0.167509 -0.199370 0.726937
v -0.167564 -0.199219 0.727823
v -0.167564 -0.188095 0.762061
v -0.167509 -0.187696 0.762867
v -0.167352 -0.187088 0.763514
v -0.167107 -0.186330 0.763938
v -0.166799 -0.185497 0.764097
v -0.166457 -0.184670 0.763977
v -0.169313 -0.196652 0.723961
v -0.169551 -0.197425 0.724360
v -0.169765 -0.198036 0.724989
v -0.169936 -0.198424 0.725785
v -0.170045 -0.198551 0.726670
v -0.170083 -0.198406 0.727559
v -0.170083 -0.187281 0.761797
v -0.170045 -0.186877 0.762601
v -0.169936 -0.186253 0.763243
v -0.169765 -0.185471 0.763659
v -0.169551 -0.184608 0.763808
v -0.169313 -0.183747 0.763677
v -0.172558 -0.195983 0.723743
v -0.172705 -0.196775 0.724149
v -0.172837 -0.197403 0.724783
v -0.172942 -0.197804 0.725583
v -0.173009 -0.197940 0.726472
v -0.173032 -0.197798 0.727361
v -0.173032 -0.186673 0.761599
v -0.173009 -0.186266 0.762403
v -0.172942 -0.185633 0.763041
v -0.172837 -0.184838 0.763453
v -0.172705 -0.183958 0.763597
v -0.172558 -0.183078 0.763460
v -0.176207 -0.195575 0.723611
v -0.176275 -0.196376 0.724019
v -0.176336 -0.197012 0.724656
v -0.176384 -0.197420 0.725459
v -0.176416 -0.197560 0.726348
v -0.176426 -0.197419 0.727238
v -0.176426 -0.186294 0.761476
v -0.176416 -0.185885 0.762279
v -0.176384 -0.185249 0.762917
v -0.176336 -0.184447 0.763326
v -0.176275 -0.183559 0.763467
v -0.176207 -0.182671 0.763327
v -0.180270 -0.195438 0.723566
v -0.180286 -0.196240 0.723975
v -0.180300 -0.196878 0.724612
v -0.180312 -0.197287 0.725415
v -0.180319 -0.197428 0.726305
v -0.180321 -0.197287 0.727195
v -0.180321 -0.186162 0.761433
v -0.180319 -0.185753 0.762236
v -0.180312 -0.185116 0.762873
v -0.180300 -0.184313 0.763282
v -0.180286 -0.183423 0.763423
v -0.180270 -0.182533 0.763282
v -0.191610 -0.195438 0.723566
v -0.190720 -0.196240 0.723975
v -0.189917 -0.196878 0.724612
v -0.189280 -0.197287 0.725415
v -0.188871 -0.197428 0.726305
v -0.188730 -0.197287 0.727195
v -0.188730 -0.186162 0.761433
v -0.188871 -0.185753 0.762236
v -0.189280 -0.185116 0.762873
v -0.189917 -0.184313 0.763282
v -0.190720 -0.183423 0.763423
v -0.191610 -0.182533 0.763282
v -0.191610 -0.232072 0.735470
v -0.190720 -0.231182 0.735329
v -0.189917 -0.230292 0.735470
v -0.189280 -0.229490 0.735879
v -0.188871 -0.228852 0.736516
v -0.188730 -0.228443 0.737319
v -0.188730 -0.217319 0.771557
v -0.188871 -0.217178 0.772447
v -0.189280 -0.217319 0.773337
v -0.189917 -0.217728 0.774139
v -0.190720 -0.218365 0.774777
v -0.191610 -0.219168 0.775186
v 0.001875 -0.258869 0.744176
v 0.002761 -0.258916 0.744340
v 0.003560 -0.258872 0.744756
v 0.004195 -0.258740 0.745383
v 0.004602 -0.258534 0.746160
v 0.004743 -0.258273 0.747011
v 0.004743 -0.247149 0.781249
v 0.004602 -0.246859 0.782091
v 0.004195 -0.246569 0.782841
v 0.003560 -0.246307 0.783426
v 0.002761 -0.246099 0.783788
v 0.001875 -0.245964 0.783893
v 0.000747 -0.265370 0.746289
v 0.001617 -0.265516 0.746484
v 0.002401 -0.265561 0.746929
v 0.003023 -0.265500 0.747579
v 0.003422 -0.265339 0.748371
v 0.003560 -0.265094 0.749227
v 0.003560 -0.253970 0.783465
v 0.003422 -0.253665 0.784302
v 0.003023 -0.253329 0.785037
v 0.002401 -0.252996 0.785599
v 0.001617 -0.252699 0.785932
v 0.000747 -0.252465 0.786005
v -0.001133 -0.271401 0.748248
v -0.000298 -0.271654 0.748479
v 0.000456 -0.271795 0.748954
v 0.001055 -0.271810 0.749629
v 0.001439 -0.271698 0.750437
v 0.001571 -0.271470 0.751299
v 0.001571 -0.260346 0.785537
v 0.001439 -0.260024 0.786368
v 0.001055 -0.259639 0.787087
v 0.000456 -0.259230 0.787624
v -0.000298 -0.258836 0.787926
v -0.001133 -0.258496 0.787964
v -0.003770 -0.276930 0.750045
v -0.002987 -0.277294 0.750311
v -0.002280 -0.277534 0.750819
v -0.001719 -0.277628 0.751520
v -0.001359 -0.277567 0.752344
v -0.001235 -0.277356 0.753211
v -0.001235 -0.266232 0.787449
v -0.001359 -0.265892 0.788275
v -0.001719 -0.265457 0.788978
v -0.002280 -0.264969 0.789489
v -0.002987 -0.264476 0.789759
v -0.003770 -0.264026 0.789761
v -0.007164 -0.281928 0.751669
v -0.006454 -0.282398 0.751970
v -0.005813 -0.282736 0.752510
v -0.005305 -0.282907 0.753235
v -0.004978 -0.282895 0.754075
v -0.004866 -0.282702 0.754948
v -0.004866 -0.271577 0.789186
v -0.004978 -0.271221 0.790006
v -0.005305 -0.270736 0.790693
v -0.005813 -0.270171 0.791179
v -0.006454 -0.269581 0.791418
v -0.007164 -0.269023 0.791385
v -0.011318 -0.286361 0.753109
v -0.010699 -0.286930 0.753442
v -0.010141 -0.287356 0.754011
v -0.009699 -0.287597 0.754759
v -0.009414 -0.287631 0.755614
v -0.009317 -0.287453 0.756492
v -0.009317 -0.276328 0.790730
v -0.009414 -0.275956 0.791545
v -0.009699 -0.275426 0.792217
v -0.010141 -0.274791 0.792681
v -0.010699 -0.274112 0.792890
v -0.011318 -0.273456 0.792825
v -0.016232 -0.290199 0.754356
v -0.015719 -0.290850 0.754716
v -0.015257 -0.291350 0.755309
v -0.014890 -0.291651 0.756076
v -0.014654 -0.291722 0.756943
v -0.014573 -0.291557 0.757826
v -0.014573 -0.280432 0.792064
v -0.014654 -0.280047 0.792874
v -0.014890 -0.279480 0.793534
v -0.015257 -0.278786 0.793978
v -0.015719 -0.278032 0.794164
v -0.016232 -0.277294 0.794072
v -0.021910 -0.293409 0.755399
v -0.021510 -0.294124 0.755780
v -0.021148 -0.294681 0.756391
v -0.020861 -0.295027 0.757173
v -0.020677 -0.295128 0.758050
v -0.020614 -0.294973 0.758935
v -0.020614 -0.283848 0.793173
v -0.020677 -0.283453 0.793981
v -0.020861 -0.282857 0.794631
v -0.021148 -0.282117 0.795061
v -0.021510 -0.281306 0.795228
v -0.021910 -0.280505 0.795115
v -0.028353 -0.295961 0.756228
v -0.028064 -0.296720 0.756623
v -0.027803 -0.297317 0.757247
v -0.027596 -0.297695 0.758040
v -0.027464 -0.297816 0.758923
v -0.027418 -0.297668 0.759811
v -0.027418 -0.286543 0.794049
v -0.027464 -0.286141 0.794854
v -0.027596 -0.285524 0.795498
v -0.027803 -0.284753 0.795917
v -0.028064 -0.283902 0.796071
v -0.028353 -0.283056 0.795944
v -0.035563 -0.297823 0.756833
v -0.035379 -0.298609 0.757237
v -0.035214 -0.299231 0.757869
v -0.035083 -0.299628 0.758668
v -0.034998 -0.299761 0.759556
v -0.034969 -0.299618 0.760445
v -0.034969 -0.288493 0.794683
v -0.034998 -0.288087 0.795486
v -0.035083 -0.287457 0.796126
v -0.035214 -0.286666 0.796539
v -0.035379 -0.285792 0.796685
v -0.035563 -0.284918 0.796549
v -0.043541 -0.298963 0.757204
v -0.043454 -0.299763 0.757612
v -0.043375 -0.300397 0.758248
v -0.043313 -0.300804 0.759050
v -0.043273 -0.300944 0.759940
v -0.043259 -0.300803 0.760830
v -0.043259 -0.289678 0.795068
v -0.043273 -0.289269 0.795871
v -0.043313 -0.288634 0.796508
v -0.043375 -0.287833 0.796918
v -0.043454 -0.286945 0.797060
v -0.043541 -0.286058 0.796920
v -0.052290 -0.299350 0.757329
v -0.052290 -0.300154 0.757739
v -0.052291 -0.300792 0.758376
v -0.052291 -0.301202 0.759179
v -0.052291 -0.301343 0.760069
v -0.052291 -0.301202 0.760959
v -0.052291 -0.290078 0.795197
v -0.052291 -0.289668 0.796000
v -0.052291 -0.289031 0.796637
v -0.052291 -0.288227 0.797046
v -0.052290 -0.287336 0.797187
v -0.052290 -0.286445 0.797046
v -0.058741 -0.299059 0.757235
v -0.058827 -0.299859 0.757643
v -0.058904 -0.300493 0.758279
v -0.058966 -0.300900 0.759081
v -0.059005 -0.301040 0.759971
v -0.059019 -0.300898 0.760861
v -0.059019 -0.289774 0.795099
v -0.059005 -0.289365 0.795902
v -0.058966 -0.288729 0.796539
v -0.058904 -0.287929 0.796949
v -0.058827 -0.287041 0.797091
v -0.058741 -0.286154 0.796951
v -0.065077 -0.298175 0.756948
v -0.065252 -0.298963 0.757352
v -0.065410 -0.299586 0.757985
v -0.065535 -0.299984 0.758784
v -0.065615 -0.300118 0.759672
v -0.065643 -0.299975 0.760561
v -0.065643 -0.288850 0.794799
v -0.065615 -0.288444 0.795602
v -0.065535 -0.287814 0.796242
v -0.065410 -0.287022 0.796654
v -0.065252 -0.286146 0.796800
v -0.065077 -0.285271 0.796664
v -0.071213 -0.296686 0.756464
v -0.071481 -0.297451 0.756860
v -0.071724 -0.298053 0.757486
v -0.071916 -0.298435 0.758280
v -0.072039 -0.298559 0.759165
v -0.072082 -0.298412 0.760053
v -0.072082 -0.287287 0.794291
v -0.072039 -0.286884 0.795096
v -0.071916 -0.286264 0.795738
v -0.071724 -0.285489 0.796156
v -0.071481 -0.284633 0.796309
v -0.071213 -0.283781 0.796180
v -0.077063 -0.294576 0.755778
v -0.077430 -0.295305 0.756163
v -0.077760 -0.295876 0.756779
v -0.078023 -0.296233 0.757565
v -0.078191 -0.296340 0.758444
v -0.078249 -0.296187 0.759330
v -0.078249 -0.285063 0.793568
v -0.078191 -0.284665 0.794375
v -0.078023 -0.284062 0.795023
v -0.077760 -0.283312 0.795449
v -0.077430 -0.282488 0.795611
v -0.077063 -0.281671 0.795494
v -0.082544 -0.291831 0.754886
v -0.083011 -0.292510 0.755255
v -0.083433 -0.293035 0.755856
v -0.083767 -0.293356 0.756630
v -0.083982 -0.293440 0.757502
v -0.084055 -0.293279 0.758385
v -0.084055 -0.282155 0.792623
v -0.083982 -0.281765 0.793432
v -0.083767 -0.281185 0.794088
v -0.083433 -0.280471 0.794526
v -0.083011 -0.279692 0.794703
v -0.082544 -0.278926 0.794602
v -0.087570 -0.288437 0.753783
v -0.088137 -0.289048 0.754130
v -0.088649 -0.289513 0.754711
v -0.089055 -0.289785 0.755470
v -0.089316 -0.289838 0.756331
v -0.089405 -0.289667 0.757211
v -0.089405 -0.278542 0.791449
v -0.089316 -0.278163 0.792262
v -0.089055 -0.277614 0.792928
v -0.088649 -0.276948 0.793381
v -0.088137 -0.276231 0.793578
v -0.087570 -0.275532 0.793500
v -0.092056 -0.284379 0.752465
v -0.092718 -0.284905 0.752784
v -0.093315 -0.285292 0.753340
v -0.093789 -0.285503 0.754078
v -0.094093 -0.285516 0.754927
v -0.094198 -0.285331 0.755803
v -0.094198 -0.274207 0.790041
v -0.094093 -0.273842 0.790858
v -0.093789 -0.273332 0.791536
v -0.093315 -0.272727 0.792010
v -0.092718 -0.272087 0.792232
v -0.092056 -0.271475 0.792181
v -0.095917 -0.279644 0.750927
v -0.096662 -0.280067 0.751212
v -0.097335 -0.280362 0.751738
v -0.097869 -0.280499 0.752453
v -0.098212 -0.280466 0.753286
v -0.098330 -0.280264 0.754156
v -0.098330 -0.269140 0.788394
v -0.098212 -0.268791 0.789217
v -0.097869 -0.268328 0.789911
v -0.097335 -0.267797 0.790408
v -0.096662 -0.267250 0.790660
v -0.095917 -0.266740 0.790643
v -0.099068 -0.274217 0.749163
v -0.099880 -0.274525 0.749412
v -0.100613 -0.274716 0.749904
v -0.101194 -0.274772 0.750592
v -0.101568 -0.274685 0.751408
v -0.101696 -0.274466 0.752272
v -0.101696 -0.263341 0.786510
v -0.101568 -0.263011 0.787339
v -0.101194 -0.262601 0.788050
v -0.100613 -0.262152 0.788574
v -0.099880 -0.261708 0.788860
v -0.099068 -0.261313 0.788879
v -0.101423 -0.268084 0.747171
v -0.102282 -0.268272 0.747380
v -0.103057 -0.268354 0.747837
v -0.103671 -0.268323 0.748496
v -0.104066 -0.268181 0.749295
v -0.104202 -0.267943 0.750153
v -0.104202 -0.256818 0.784391
v -0.104066 -0.256507 0.785225
v -0.103671 -0.256152 0.785954
v -0.103057 -0.255790 0.786507
v -0.102282 -0.255454 0.786828
v -0.101423 -0.255179 0.786887
v -0.102899 -0.261230 0.744944
v -0.103783 -0.261299 0.745114
v -0.104581 -0.261274 0.745536
v -0.105214 -0.261158 0.746168
v -0.105621 -0.260962 0.746949
v -0.105761 -0.260705 0.747801
v -0.105761 -0.249580 0.782039
v -0.105621 -0.249287 0.782880
v -0.105214 -0.248987 0.783626
v -0.104581 -0.248710 0.784206
v -0.103783 -0.248482 0.784562
v -0.102899 -0.248326 0.784660
v -0.103410 -0.253642 0.742478
v -0.104300 -0.253626 0.742621
v -0.105103 -0.253524 0.743018
v -0.105740 -0.253346 0.743630
v -0.106149 -0.253111 0.744398
v -0.106290 -0.252840 0.745246
v -0.106290 -0.241715 0.779484
v -0.106149 -0.241436 0.780329
v -0.105740 -0.241175 0.781088
v -0.105103 -0.240959 0.781688
v -0.104300 -0.240808 0.782069
v -0.103410 -0.240738 0.782194
v -0.103410 -0.181058 0.718894
v -0.104300 -0.180168 0.718753
v -0.105103 -0.179278 0.718894
v -0.105740 -0.178475 0.719303
v -0.106149 -0.177838 0.719940
v -0.106290 -0.177429 0.720743
v -0.106290 -0.166304 0.754981
v -0.106149 -0.166163 0.755871
v -0.105740 -0.166304 0.756761
v -0.105103 -0.166713 0.757564
v -0.104300 -0.167350 0.758201
v -0.103410 -0.168153 0.758610
v -0.085770 -0.181058 0.718894
v -0.084880 -0.180168 0.718753
v -0.084077 -0.179278 0.718894
v -0.083440 -0.178475 0.719303
v -0.083031 -0.177838 0.719940
v -0.082890 -0.177429 0.720743
v -0.082890 -0.166304 0.754981
v -0.083031 -0.166163 0.755871
v -0.083440 -0.166304 0.756761
v -0.084077 -0.166713 0.757564
v -0.084880 -0.167350 0.758201
v -0.085770 -0.168153 0.758610
v -0.085770 -0.250047 0.741310
v -0.084880 -0.249999 0.741442
v -0.084077 -0.249868 0.741830
v -0.083440 -0.249667 0.742435
v -0.083031 -0.249417 0.743198
v -0.082890 -0.249141 0.744044
v -0.082890 -0.238017 0.778282
v -0.083031 -0.237742 0.779129
v -0.083440 -0.237497 0.779893
v -0.084077 -0.237303 0.780500
v -0.084880 -0.237181 0.780890
v -0.085770 -0.237143 0.781026
v -0.085731 -0.253187 0.742330
v -0.084842 -0.253121 0.742457
v -0.084039 -0.252975 0.742840
v -0.083402 -0.252762 0.743440
v -0.082993 -0.252504 0.744201
v -0.082852 -0.252225 0.745046
v -0.082852 -0.241101 0.779284
v -0.082993 -0.240829 0.780132
v -0.083402 -0.240591 0.780898
v -0.084039 -0.240410 0.781509
v -0.084842 -0.240304 0.781905
v -0.085731 -0.240282 0.782046
v -0.085611 -0.256031 0.743254
v -0.084722 -0.255938 0.743372
v -0.083921 -0.255767 0.743747
v -0.083284 -0.255534 0.744341
v -0.082876 -0.255263 0.745097
v -0.082735 -0.254980 0.745941
v -0.082735 -0.243856 0.780179
v -0.082876 -0.243589 0.781028
v -0.083284 -0.243363 0.781799
v -0.083921 -0.243202 0.782417
v -0.084722 -0.243120 0.782820
v -0.085611 -0.243126 0.782970
v -0.085402 -0.258607 0.744091
v -0.084516 -0.258478 0.744198
v -0.083717 -0.258275 0.744562
v -0.083083 -0.258018 0.745148
v -0.082676 -0.257731 0.745899
v -0.082535 -0.257442 0.746741
v -0.082535 -0.246318 0.780979
v -0.082676 -0.246056 0.781830
v -0.083083 -0.245847 0.782606
v -0.083717 -0.245711 0.783232
v -0.084516 -0.245661 0.783646
v -0.085402 -0.245702 0.783807
v -0.085097 -0.260940 0.744849
v -0.084217 -0.260768 0.744942
v -0.083423 -0.260526 0.745293
v -0.082793 -0.260237 0.745869
v -0.082388 -0.259930 0.746613
v -0.082249 -0.259634 0.747453
v -0.082249 -0.248510 0.781691
v -0.082388 -0.248255 0.782544
v -0.082793 -0.248066 0.783327
v -0.083423 -0.247961 0.783963
v -0.084217 -0.247951 0.784390
v -0.085097 -0.248035 0.784565
v -0.084689 -0.263057 0.745537
v -0.083819 -0.262832 0.745612
v -0.083035 -0.262543 0.745948
v -0.082412 -0.262216 0.746512
v -0.082012 -0.261885 0.747249
v -0.081874 -0.261581 0.748086
v -0.081874 -0.250457 0.782324
v -0.082012 -0.250210 0.783180
v -0.082412 -0.250045 0.783970
v -0.083035 -0.249978 0.784618
v -0.083819 -0.250015 0.785060
v -0.084689 -0.250152 0.785253
v -0.084173 -0.264984 0.746163
v -0.083319 -0.264698 0.746219
v -0.082549 -0.264354 0.746537
v -0.081938 -0.263984 0.747087
v -0.081545 -0.263625 0.747814
v -0.081410 -0.263311 0.748648
v -0.081410 -0.252187 0.782886
v -0.081545 -0.251950 0.783745
v -0.081938 -0.251813 0.784544
v -0.082549 -0.251789 0.785207
v -0.083319 -0.251881 0.785667
v -0.084173 -0.252079 0.785879
v -0.083539 -0.266746 0.746736
v -0.082710 -0.266394 0.746770
v -0.081961 -0.265989 0.747068
v -0.081368 -0.265571 0.747602
v -0.080986 -0.265181 0.748320
v -0.080855 -0.264857 0.749150
v -0.080855 -0.253733 0.783388
v -0.080986 -0.253507 0.784251
v -0.081368 -0.253400 0.785060
v -0.081961 -0.253425 0.785738
v -0.082710 -0.253577 0.786218
v -0.083539 -0.253842 0.786452
v -0.082783 -0.268371 0.747264
v -0.081986 -0.267949 0.747275
v -0.081267 -0.267482 0.747553
v -0.080696 -0.267014 0.748071
v -0.080329 -0.266593 0.748778
v -0.080203 -0.266258 0.749605
v -0.080203 -0.255133 0.783843
v -0.080329 -0.254918 0.784709
v -0.080696 -0.254844 0.785529
v -0.081267 -0.254917 0.786223
v -0.081986 -0.255132 0.786723
v -0.082783 -0.255466 0.786980
v -0.081897 -0.269884 0.747755
v -0.081139 -0.269395 0.747745
v -0.080455 -0.268867 0.748003
v -0.079913 -0.268351 0.748506
v -0.079564 -0.267899 0.749203
v -0.079444 -0.267553 0.750026
v -0.079444 -0.256429 0.784264
v -0.079564 -0.256224 0.785134
v -0.079913 -0.256181 0.785964
v -0.080455 -0.256303 0.786673
v -0.081139 -0.256578 0.787193
v -0.081897 -0.256979 0.787471
v -0.080874 -0.271311 0.748219
v -0.080160 -0.270762 0.748189
v -0.079515 -0.270179 0.748430
v -0.079004 -0.269620 0.748918
v -0.078675 -0.269139 0.749606
v -0.078562 -0.268784 0.750426
v -0.078562 -0.257660 0.784664
v -0.078675 -0.257465 0.785537
v -0.079004 -0.257449 0.786376
v -0.079515 -0.257615 0.787099
v -0.080160 -0.257944 0.787637
v -0.080874 -0.258407 0.787935
v -0.079707 -0.272679 0.748664
v -0.079037 -0.272079 0.748617
v -0.078431 -0.271450 0.748842
v -0.077951 -0.270854 0.749319
v -0.077643 -0.270350 0.749999
v -0.077536 -0.269987 0.750817
v -0.077536 -0.258862 0.785055
v -0.077643 -0.258675 0.785930
v -0.077951 -0.258683 0.786777
v -0.078431 -0.258885 0.787512
v -0.079037 -0.259261 0.788065
v -0.079707 -0.259775 0.788380
v -0.078390 -0.274014 0.749097
v -0.077761 -0.273371 0.749037
v -0.077193 -0.272704 0.749250
v -0.076742 -0.272079 0.749717
v -0.076453 -0.271555 0.750391
v -0.076353 -0.271185 0.751206
v -0.076353 -0.260061 0.785444
v -0.076453 -0.259881 0.786322
v -0.076742 -0.259908 0.787175
v -0.077193 -0.260140 0.787920
v -0.077761 -0.260554 0.788485
v -0.078390 -0.261109 0.788813
v -0.076597 -0.275612 0.749616
v -0.076010 -0.274931 0.749544
v -0.075481 -0.274231 0.749746
v -0.075061 -0.273578 0.750204
v -0.074791 -0.273037 0.750872
v -0.074698 -0.272661 0.751686
v -0.074698 -0.261537 0.785924
v -0.074791 -0.261362 0.786803
v -0.075061 -0.261407 0.787662
v -0.075481 -0.261666 0.788416
v -0.076010 -0.262114 0.788992
v -0.076597 -0.262707 0.789333
v -0.074730 -0.277068 0.750089
v -0.074189 -0.276351 0.750005
v -0.073702 -0.275618 0.750197
v -0.073314 -0.274939 0.750646
v -0.073066 -0.274382 0.751309
v -0.072980 -0.274000 0.752121
v -0.072980 -0.262875 0.786359
v -0.073066 -0.262707 0.787240
v -0.073314 -0.262768 0.788104
v -0.073702 -0.263053 0.788867
v -0.074189 -0.263534 0.789453
v -0.074730 -0.264163 0.789806
v -0.072787 -0.278382 0.750516
v -0.072297 -0.277632 0.750421
v -0.071854 -0.276868 0.750603
v -0.071503 -0.276165 0.751044
v -0.071277 -0.275592 0.751702
v -0.071199 -0.275205 0.752512
v -0.071199 -0.264080 0.786750
v -0.071277 -0.263917 0.787633
v -0.071503 -0.263994 0.788502
v -0.071854 -0.264303 0.789273
v -0.072297 -0.264814 0.789869
v -0.072787 -0.265477 0.790233
v -0.070770 -0.279555 0.750898
v -0.070332 -0.278774 0.750792
v -0.069937 -0.277983 0.750965
v -0.069624 -0.277258 0.751399
v -0.069423 -0.276670 0.752053
v -0.069353 -0.276279 0.752861
v -0.069353 -0.265154 0.787099
v -0.069423 -0.264996 0.787984
v -0.069624 -0.265087 0.788857
v -0.069937 -0.265418 0.789635
v -0.070332 -0.265957 0.790240
v -0.070770 -0.266651 0.790614
v -0.068677 -0.280589 0.751233
v -0.068295 -0.279780 0.751119
v -0.067950 -0.278964 0.751284
v -0.067676 -0.278219 0.751712
v -0.067500 -0.277620 0.752361
v -0.067440 -0.277224 0.753168
v -0.067440 -0.266099 0.787406
v -0.067500 -0.265945 0.788292
v -0.067676 -0.266048 0.789170
v -0.067950 -0.266399 0.789954
v -0.068295 -0.266963 0.790567
v -0.068677 -0.267684 0.790950
v -0.066510 -0.281482 0.751524
v -0.066184 -0.280650 0.751402
v -0.065890 -0.279813 0.751560
v -0.065657 -0.279052 0.751982
v -0.065507 -0.278441 0.752628
v -0.065456 -0.278041 0.753434
v -0.065456 -0.266917 0.787672
v -0.065507 -0.266767 0.788559
v -0.065657 -0.266881 0.789440
v -0.065890 -0.267248 0.790230
v -0.066184 -0.267833 0.790850
v -0.066510 -0.268578 0.791240
v -0.064267 -0.282236 0.751769
v -0.063999 -0.281385 0.751641
v -0.063757 -0.280531 0.751793
v -0.063565 -0.279756 0.752211
v -0.063441 -0.279136 0.752854
v -0.063399 -0.278733 0.753659
v -0.063399 -0.267609 0.787897
v -0.063441 -0.267462 0.788785
v -0.063565 -0.267585 0.789669
v -0.063757 -0.267966 0.790463
v -0.063999 -0.268568 0.791089
v -0.064267 -0.269332 0.791485
v -0.061950 -0.282852 0.751969
v -0.061739 -0.281986 0.751836
v -0.061548 -0.281118 0.751984
v -0.061396 -0.280332 0.752398
v -0.061299 -0.279706 0.753039
v -0.061266 -0.279300 0.753843
v -0.061266 -0.268176 0.788081
v -0.061299 -0.268031 0.788970
v -0.061396 -0.268161 0.789856
v -0.061548 -0.268553 0.790654
v -0.061739 -0.269169 0.791284
v -0.061950 -0.269948 0.791685
v -0.059557 -0.283330 0.752124
v -0.059402 -0.282453 0.751987
v -0.059262 -0.281574 0.752132
v -0.059150 -0.280781 0.752544
v -0.059079 -0.280149 0.753183
v -0.059054 -0.279742 0.753987
v -0.059054 -0.268618 0.788225
v -0.059079 -0.268475 0.789114
v -0.059150 -0.268610 0.790002
v -0.059262 -0.269010 0.790802
v -0.059402 -0.269636 0.791435
v -0.059557 -0.270426 0.791840
v -0.057090 -0.283671 0.752235
v -0.056989 -0.282786 0.752096
v -0.056897 -0.281901 0.752238
v -0.056824 -0.281102 0.752648
v -0.056778 -0.280467 0.753286
v -0.056762 -0.280059 0.754090
v -0.056762 -0.268934 0.788328
v -0.056778 -0.268792 0.789217
v -0.056824 -0.268931 0.790106
v -0.056897 -0.269336 0.790908
v -0.056989 -0.269969 0.791544
v -0.057090 -0.270767 0.791951
v -0.054548 -0.283875 0.752301
v -0.054498 -0.282986 0.752161
v -0.054453 -0.282097 0.752302
v -0.054418 -0.281295 0.752711
v -0.054395 -0.280658 0.753349
v -0.054387 -0.280249 0.754151
v -0.054387 -0.269125 0.788389
v -0.054395 -0.268983 0.789279
v -0.054418 -0.269124 0.790169
v -0.054453 -0.269532 0.790972
v -0.054498 -0.270169 0.791609
v -0.054548 -0.270971 0.792017
v -0.051930 -0.283943 0.752323
v -0.051930 -0.283053 0.752182
v -0.051930 -0.282162 0.752323
v -0.051929 -0.281359 0.752732
v -0.051929 -0.280722 0.753369
v -0.051929 -0.280313 0.754172
v -0.051929 -0.269188 0.788410
v -0.051929 -0.269047 0.789300
v -0.051929 -0.269188 0.790190
v -0.051930 -0.269598 0.790993
v -0.051930 -0.270235 0.791630
v -0.051930 -0.271038 0.792040
v -0.048634 -0.283859 0.752296
v -0.048682 -0.282970 0.752155
v -0.048726 -0.282081 0.752297
v -0.048761 -0.281279 0.752706
v -0.048783 -0.280642 0.753343
v -0.048790 -0.280233 0.754146
v -0.048790 -0.269108 0.788384
v -0.048783 -0.268967 0.789274
v -0.048761 -0.269108 0.790164
v -0.048726 -0.269516 0.790967
v -0.048682 -0.270153 0.791603
v -0.048634 -0.270954 0.792012
v -0.045497 -0.283614 0.752217
v -0.045595 -0.282729 0.752077
v -0.045683 -0.281843 0.752219
v -0.045754 -0.281044 0.752630
v -0.045799 -0.280409 0.753268
v -0.045814 -0.280001 0.754071
v -0.045814 -0.268876 0.788309
v -0.045799 -0.268734 0.789198
v -0.045754 -0.268873 0.790088
v -0.045683 -0.269279 0.790889
v -0.045595 -0.269911 0.791525
v -0.045497 -0.270709 0.791933
v -0.042519 -0.283218 0.752088
v -0.042669 -0.282340 0.751951
v -0.042803 -0.281460 0.752095
v -0.042910 -0.280666 0.752507
v -0.042979 -0.280034 0.753146
v -0.043002 -0.279627 0.753949
v -0.043002 -0.268502 0.788187
v -0.042979 -0.268359 0.789077
v -0.042910 -0.268495 0.789965
v -0.042803 -0.268896 0.790765
v -0.042669 -0.269522 0.791399
v -0.042519 -0.270314 0.791804
v -0.039703 -0.282681 0.751913
v -0.039905 -0.281813 0.751779
v -0.040087 -0.280942 0.751927
v -0.040231 -0.280155 0.752341
v -0.040323 -0.279528 0.752981
v -0.040355 -0.279122 0.753785
v -0.040355 -0.267997 0.788023
v -0.040323 -0.267853 0.788912
v -0.040231 -0.267984 0.789799
v -0.040087 -0.268378 0.790597
v -0.039905 -0.268995 0.791227
v -0.039703 -0.269777 0.791630
v -0.037050 -0.282014 0.751696
v -0.037304 -0.281159 0.751567
v -0.037534 -0.280300 0.751718
v -0.037716 -0.279522 0.752135
v -0.037833 -0.278901 0.752778
v -0.037874 -0.278498 0.753582
v -0.037874 -0.267373 0.787820
v -0.037833 -0.267227 0.788709
v -0.037716 -0.267351 0.789593
v -0.037534 -0.267735 0.790388
v -0.037304 -0.268341 0.791015
v -0.037050 -0.269109 0.791413
v -0.034560 -0.281225 0.751440
v -0.034868 -0.280387 0.751316
v -0.035147 -0.279544 0.751472
v -0.035368 -0.278779 0.751894
v -0.035509 -0.278165 0.752539
v -0.035558 -0.277764 0.753344
v -0.035558 -0.266640 0.787582
v -0.035509 -0.266491 0.788469
v -0.035368 -0.266608 0.789352
v -0.035147 -0.266980 0.790142
v -0.034868 -0.267570 0.790764
v -0.034560 -0.268321 0.791156
v -0.032235 -0.280326 0.751148
v -0.032598 -0.279509 0.751031
v -0.032925 -0.278685 0.751193
v -0.033185 -0.277935 0.751619
v -0.033352 -0.277331 0.752267
v -0.033409 -0.276934 0.753074
v -0.033409 -0.265809 0.787312
v -0.033352 -0.265656 0.788198
v -0.033185 -0.265764 0.789077
v -0.032925 -0.266121 0.789863
v -0.032598 -0.266692 0.790479
v -0.032235 -0.267422 0.790864
v -0.030077 -0.279327 0.750824
v -0.030494 -0.278535 0.750715
v -0.030870 -0.277734 0.750884
v -0.031169 -0.277001 0.751316
v -0.031361 -0.276409 0.751968
v -0.031427 -0.276016 0.752776
v -0.031427 -0.264891 0.787014
v -0.031361 -0.264735 0.787899
v -0.031169 -0.264831 0.788774
v -0.030870 -0.265169 0.789554
v -0.030494 -0.265718 0.790163
v -0.030077 -0.266423 0.790540
v -0.028086 -0.278237 0.750470
v -0.028557 -0.277475 0.750370
v -0.028982 -0.276701 0.750549
v -0.029320 -0.275990 0.750987
v -0.029537 -0.275411 0.751644
v -0.029611 -0.275022 0.752453
v -0.029611 -0.263898 0.786691
v -0.029537 -0.263737 0.787575
v -0.029320 -0.263819 0.788445
v -0.028982 -0.264136 0.789218
v -0.028557 -0.264658 0.789818
v -0.028086 -0.265333 0.790186
v -0.026263 -0.277068 0.750089
v -0.026789 -0.276340 0.750001
v -0.027263 -0.275597 0.750190
v -0.027639 -0.274910 0.750637
v -0.027880 -0.274348 0.751298
v -0.027963 -0.273964 0.752109
v -0.027963 -0.262840 0.786347
v -0.027880 -0.262673 0.787229
v -0.027639 -0.262739 0.788095
v -0.027263 -0.263032 0.788860
v -0.026789 -0.263523 0.789449
v -0.026263 -0.264163 0.789806
v -0.024611 -0.275828 0.749687
v -0.025189 -0.275140 0.749611
v -0.025711 -0.274432 0.749812
v -0.026125 -0.273774 0.750268
v -0.026391 -0.273230 0.750935
v -0.026483 -0.272853 0.751748
v -0.026483 -0.261728 0.785986
v -0.026391 -0.261555 0.786866
v -0.026125 -0.261603 0.787726
v -0.025711 -0.261868 0.788481
v -0.025189 -0.262322 0.789059
v -0.024611 -0.262923 0.789403
v -0.023130 -0.274527 0.749264
v -0.023763 -0.273888 0.749204
v -0.024334 -0.273224 0.749419
v -0.024787 -0.272600 0.749886
v -0.025078 -0.272078 0.750561
v -0.025179 -0.271708 0.751376
v -0.025179 -0.260584 0.785614
v -0.025078 -0.260403 0.786491
v -0.024787 -0.260429 0.787344
v -0.024334 -0.260659 0.788089
v -0.023763 -0.261070 0.788652
v -0.023130 -0.261623 0.788980
v -0.021654 -0.272976 0.748760
v -0.022344 -0.272396 0.748720
v -0.022966 -0.271786 0.748952
v -0.023460 -0.271205 0.749433
v -0.023777 -0.270710 0.750116
v -0.023887 -0.270350 0.750935
v -0.023887 -0.259226 0.785173
v -0.023777 -0.259036 0.786047
v -0.023460 -0.259034 0.786891
v -0.022966 -0.259221 0.787622
v -0.022344 -0.259579 0.788168
v -0.021654 -0.260072 0.788476
v -0.020369 -0.271318 0.748221
v -0.021111 -0.270806 0.748203
v -0.021781 -0.270256 0.748455
v -0.022312 -0.269723 0.748951
v -0.022653 -0.269260 0.749645
v -0.022770 -0.268910 0.750467
v -0.022770 -0.257786 0.784705
v -0.022653 -0.257585 0.785576
v -0.022312 -0.257553 0.786409
v -0.021781 -0.257692 0.787125
v -0.021111 -0.257988 0.787651
v -0.020369 -0.258414 0.787938
v -0.019263 -0.269555 0.747648
v -0.020048 -0.269111 0.747652
v -0.020756 -0.268624 0.747924
v -0.021319 -0.268140 0.748437
v -0.021680 -0.267708 0.749141
v -0.021804 -0.267370 0.749967
v -0.021804 -0.256245 0.784205
v -0.021680 -0.256034 0.785072
v -0.021319 -0.255969 0.785895
v -0.020756 -0.256059 0.786594
v -0.020048 -0.256294 0.787100
v -0.019263 -0.256650 0.787365
v -0.018323 -0.267686 0.747041
v -0.019142 -0.267310 0.747067
v -0.019881 -0.266883 0.747359
v -0.020468 -0.266448 0.747887
v -0.020844 -0.266047 0.748601
v -0.020974 -0.265719 0.749430
v -0.020974 -0.254595 0.783668
v -0.020844 -0.254372 0.784532
v -0.020468 -0.254277 0.785345
v -0.019881 -0.254319 0.786029
v -0.019142 -0.254492 0.786515
v -0.018323 -0.254782 0.786757
v -0.017539 -0.265713 0.746400
v -0.018383 -0.265400 0.746447
v -0.019145 -0.265031 0.746757
v -0.019750 -0.264641 0.747300
v -0.020138 -0.264269 0.748023
v -0.020271 -0.263951 0.748856
v -0.020271 -0.252827 0.783094
v -0.020138 -0.252595 0.783954
v -0.019750 -0.252470 0.784758
v -0.019145 -0.252466 0.785427
v -0.018383 -0.252583 0.785895
v -0.017539 -0.252808 0.786116
v -0.016897 -0.263635 0.745725
v -0.017760 -0.263381 0.745790
v -0.018538 -0.263063 0.746118
v -0.019155 -0.262715 0.746674
v -0.019551 -0.262370 0.747406
v -0.019688 -0.262062 0.748242
v -0.019688 -0.250937 0.782480
v -0.019551 -0.250695 0.783337
v -0.019155 -0.250544 0.784132
v -0.018538 -0.250499 0.784787
v -0.017760 -0.250563 0.785238
v -0.016897 -0.250731 0.785441
v -0.016387 -0.261455 0.745017
v -0.017262 -0.261251 0.745099
v -0.018050 -0.260980 0.745441
v -0.018676 -0.260669 0.746009
v -0.019078 -0.260347 0.746749
v -0.019217 -0.260047 0.747587
v -0.019217 -0.248922 0.781825
v -0.019078 -0.248673 0.782680
v -0.018676 -0.248498 0.783467
v -0.018050 -0.248416 0.784111
v -0.017262 -0.248434 0.784547
v -0.016387 -0.248550 0.784733
v -0.015997 -0.259171 0.744274
v -0.016879 -0.259012 0.744371
v -0.017674 -0.258781 0.744726
v -0.018306 -0.258502 0.745305
v -0.018711 -0.258201 0.746052
v -0.018851 -0.257907 0.746892
v -0.018851 -0.246783 0.781130
v -0.018711 -0.246526 0.781982
v -0.018306 -0.246331 0.782763
v -0.017674 -0.246217 0.783396
v -0.016879 -0.246195 0.783819
v -0.015997 -0.246267 0.783991
v -0.015713 -0.256785 0.743499
v -0.016600 -0.256664 0.743608
v -0.017399 -0.256467 0.743974
v -0.018034 -0.256215 0.744562
v -0.018441 -0.255931 0.745314
v -0.018582 -0.255643 0.746157
v -0.018582 -0.244519 0.780395
v -0.018441 -0.244256 0.781245
v -0.018034 -0.244044 0.782020
v -0.017399 -0.243903 0.782644
v -0.016600 -0.243846 0.783056
v -0.015713 -0.243881 0.783215
v -0.015526 -0.254298 0.742691
v -0.016415 -0.254208 0.742810
v -0.017216 -0.254039 0.743185
v -0.017853 -0.253809 0.743781
v -0.018261 -0.253540 0.744537
v -0.018402 -0.253257 0.745381
v -0.018402 -0.242133 0.779619
v -0.018261 -0.241865 0.780468
v -0.017853 -0.241638 0.781239
v -0.017216 -0.241475 0.781855
v -0.016415 -0.241390 0.782258
v -0.015526 -0.241393 0.782407
v -0.015422 -0.251709 0.741850
v -0.016312 -0.251645 0.741977
v -0.017114 -0.251499 0.742360
v -0.017751 -0.251287 0.742961
v -0.018160 -0.251030 0.743722
v -0.018301 -0.250751 0.744567
v -0.018301 -0.239627 0.778805
v -0.018160 -0.239355 0.779653
v -0.017751 -0.239117 0.780419
v -0.017114 -0.238935 0.781030
v -0.016312 -0.238827 0.781425
v -0.015422 -0.238805 0.781566
v -0.015390 -0.249020 0.740976
v -0.016280 -0.248972 0.741109
v -0.017083 -0.248841 0.741496
v -0.017720 -0.248641 0.742101
v -0.018129 -0.248390 0.742864
v -0.018270 -0.248115 0.743710
v -0.018270 -0.236990 0.777948
v -0.018129 -0.236716 0.778795
v -0.017720 -0.236470 0.779559
v -0.017083 -0.236276 0.780166
v -0.016280 -0.236154 0.780557
v -0.015390 -0.236116 0.780692
v -0.015390 -0.181058 0.718894
v -0.016280 -0.180168 0.718753
v -0.017083 -0.179278 0.718894
v -0.017720 -0.178475 0.719303
v -0.018129 -0.177838 0.719940
v -0.018270 -0.177429 0.720743
v -0.018270 -0.166304 0.754981
v -0.018129 -0.166163 0.755871
v -0.017720 -0.166304 0.756761
v -0.017083 -0.166713 0.757564
v -0.016280 -0.167350 0.758201
v -0.015390 -0.168153 0.758610
v 0.002250 -0.181058 0.718894
v 0.003140 -0.180168 0.718753
v 0.003943 -0.179278 0.718894
v 0.004580 -0.178475 0.719303
v 0.004989 -0.177838 0.719940
v 0.005130 -0.177429 0.720743
v 0.005130 -0.166304 0.754981
v 0.004989 -0.166163 0.755871
v 0.004580 -0.166304 0.756761
v 0.003943 -0.166713 0.757564
v 0.003140 -0.167350 0.758201
v 0.002250 -0.168153 0.758610
v 0.002250 -0.251930 0.741922
v 0.003140 -0.251909 0.742063
v 0.003943 -0.251802 0.742458
v 0.004580 -0.251620 0.743069
v 0.004989 -0.251382 0.743836
v 0.005130 -0.251111 0.744684
v 0.005130 -0.239986 0.778922
v 0.004989 -0.239708 0.779767
v 0.004580 -0.239450 0.780527
v 0.003943 -0.239237 0.781128
v 0.003140 -0.239091 0.781511
v 0.002250 -0.239026 0.781638
v 0.062190 -0.181058 0.718894
v 0.062213 -0.180168 0.718753
v 0.062233 -0.179278 0.718894
v 0.062249 -0.178475 0.719303
v 0.062260 -0.177838 0.719940
v 0.062263 -0.177429 0.720743
v 0.062263 -0.166304 0.754981
v 0.062260 -0.166163 0.755871
v 0.062249 -0.166304 0.756761
v 0.062233 -0.166713 0.757564
v 0.062213 -0.167350 0.758201
v 0.062190 -0.168153 0.758610
v 0.068492 -0.181363 0.718993
v 0.068586 -0.180476 0.718853
v 0.068672 -0.179589 0.718995
v 0.068739 -0.178789 0.719405
v 0.068782 -0.178153 0.720043
v 0.068797 -0.177745 0.720846
v 0.068797 -0.166620 0.755084
v 0.068782 -0.166479 0.755974
v 0.068739 -0.166618 0.756863
v 0.068672 -0.167025 0.757665
v 0.068586 -0.167659 0.758301
v 0.068492 -0.168458 0.758709
v 0.074177 -0.182242 0.719279
v 0.074373 -0.181371 0.719144
v 0.074550 -0.180498 0.719290
v 0.074690 -0.179709 0.719704
v 0.074780 -0.179081 0.720344
v 0.074812 -0.178675 0.721148
v 0.074812 -0.167550 0.755386
v 0.074780 -0.167406 0.756275
v 0.074690 -0.167538 0.757162
v 0.074550 -0.167934 0.757960
v 0.074373 -0.168553 0.758592
v 0.074177 -0.169337 0.758995
v 0.079259 -0.183642 0.719733
v 0.079562 -0.182800 0.719608
v 0.079836 -0.181954 0.719764
v 0.080053 -0.181186 0.720184
v 0.080193 -0.180572 0.720828
v 0.080241 -0.180170 0.721634
v 0.080241 -0.169046 0.755872
v 0.080193 -0.168897 0.756759
v 0.080053 -0.169016 0.757642
v 0.079836 -0.169390 0.758434
v 0.079562 -0.169983 0.759056
v 0.079259 -0.170737 0.759450
v 0.083750 -0.185509 0.720340
v 0.084163 -0.184713 0.720230
v 0.084535 -0.183908 0.720398
v 0.084830 -0.183172 0.720829
v 0.085020 -0.182579 0.721481
v 0.085085 -0.182184 0.722288
v 0.085085 -0.171060 0.756526
v 0.085020 -0.170904 0.757411
v 0.084830 -0.171002 0.758287
v 0.084535 -0.171343 0.759068
v 0.084163 -0.171895 0.759678
v 0.083750 -0.172604 0.760056
v 0.087663 -0.187789 0.721081
v 0.088183 -0.187056 0.720991
v 0.088651 -0.186307 0.721178
v 0.089023 -0.185616 0.721623
v 0.089261 -0.185050 0.722284
v 0.089343 -0.184666 0.723095
v 0.089343 -0.173541 0.757333
v 0.089261 -0.173376 0.758215
v 0.089023 -0.173445 0.759081
v 0.088651 -0.173742 0.759848
v 0.088183 -0.174238 0.760439
v 0.087663 -0.174885 0.760797
v 0.091012 -0.190430 0.721939
v 0.091630 -0.189774 0.721874
v 0.092187 -0.189095 0.722084
v 0.092629 -0.188460 0.722547
v 0.092913 -0.187930 0.723219
v 0.093011 -0.187558 0.724034
v 0.093011 -0.176433 0.758272
v 0.092913 -0.176255 0.759150
v 0.092629 -0.176289 0.760005
v 0.092187 -0.176531 0.760754
v 0.091630 -0.176957 0.761322
v 0.091012 -0.177526 0.761655
v 0.093810 -0.193378 0.722897
v 0.094514 -0.192812 0.722861
v 0.095148 -0.192215 0.723097
v 0.095652 -0.191644 0.723582
v 0.095975 -0.191156 0.724268
v 0.096086 -0.190798 0.725087
v 0.096086 -0.179674 0.759325
v 0.095975 -0.179481 0.760198
v 0.095652 -0.179473 0.761040
v 0.095148 -0.179650 0.761767
v 0.094514 -0.179995 0.762309
v 0.093810 -0.180473 0.762613
v 0.096070 -0.196579 0.723937
v 0.096844 -0.196113 0.723934
v 0.097541 -0.195605 0.724199
v 0.098095 -0.195105 0.724707
v 0.098451 -0.194663 0.725407
v 0.098573 -0.194321 0.726232
v 0.098573 -0.183196 0.760470
v 0.098451 -0.182988 0.761338
v 0.098095 -0.182935 0.762165
v 0.097541 -0.183040 0.762869
v 0.096844 -0.183295 0.763382
v 0.096070 -0.183674 0.763653
v 0.097805 -0.199979 0.725042
v 0.098632 -0.199618 0.725073
v 0.099378 -0.199205 0.725369
v 0.099970 -0.198780 0.725901
v 0.100350 -0.198386 0.726617
v 0.100481 -0.198060 0.727447
v 0.100481 -0.186936 0.761685
v 0.100350 -0.186711 0.762547
v 0.099970 -0.186609 0.763359
v 0.099378 -0.186640 0.764038
v 0.098632 -0.186800 0.764521
v 0.097805 -0.187075 0.764758
v 0.099027 -0.203526 0.726194
v 0.099891 -0.203271 0.726260
v 0.100670 -0.202954 0.726587
v 0.101289 -0.202606 0.727144
v 0.101686 -0.202261 0.727876
v 0.101822 -0.201952 0.728711
v 0.101822 -0.190828 0.762949
v 0.101686 -0.190586 0.763807
v 0.101289 -0.190435 0.764602
v 0.100670 -0.190390 0.765257
v 0.099891 -0.190454 0.765708
v 0.099027 -0.190622 0.765911
v 0.099752 -0.207166 0.727377
v 0.100636 -0.207017 0.727477
v 0.101435 -0.206796 0.727835
v 0.102068 -0.206524 0.728417
v 0.102475 -0.206227 0.729164
v 0.102615 -0.205936 0.730006
v 0.102615 -0.194811 0.764244
v 0.102475 -0.194553 0.765095
v 0.102068 -0.194353 0.765875
v 0.101435 -0.194231 0.766505
v 0.100636 -0.194200 0.766925
v 0.099752 -0.194261 0.767093
v 0.099990 -0.210845 0.728572
v 0.100881 -0.210792 0.728703
v 0.101685 -0.210657 0.729090
v 0.102323 -0.210454 0.729694
v 0.102732 -0.210202 0.730456
v 0.102874 -0.209925 0.731302
v 0.102874 -0.198801 0.765540
v 0.102732 -0.198527 0.766387
v 0.102323 -0.198283 0.767152
v 0.101685 -0.198093 0.767760
v 0.100881 -0.197975 0.768151
v 0.099990 -0.197940 0.768288
v 0.099866 -0.213795 0.729531
v 0.100753 -0.213822 0.729688
v 0.101554 -0.213760 0.730098
v 0.102190 -0.213614 0.730720
v 0.102598 -0.213398 0.731495
v 0.102738 -0.213135 0.732345
v 0.102738 -0.202010 0.766583
v 0.102598 -0.201724 0.767425
v 0.102190 -0.201443 0.768178
v 0.101554 -0.201195 0.768768
v 0.100753 -0.201005 0.769136
v 0.099866 -0.200890 0.769247
v 0.099491 -0.216572 0.730433
v 0.100368 -0.216677 0.730616
v 0.101159 -0.216685 0.731048
v 0.101787 -0.216594 0.731689
v 0.102191 -0.216415 0.732475
v 0.102329 -0.216163 0.733329
v 0.102329 -0.205039 0.767567
v 0.102191 -0.204740 0.768405
v 0.101787 -0.204424 0.769147
v 0.101159 -0.204120 0.769718
v 0.100368 -0.203859 0.770064
v 0.099491 -0.203667 0.770149
v 0.098862 -0.219180 0.731280
v 0.099719 -0.219369 0.731490
v 0.100492 -0.219453 0.731948
v 0.101105 -0.219423 0.732608
v 0.101499 -0.219282 0.733406
v 0.101635 -0.219044 0.734265
v 0.101635 -0.207919 0.768503
v 0.101499 -0.207607 0.769337
v 0.101105 -0.207252 0.770066
v 0.100492 -0.206888 0.770618
v 0.099719 -0.206552 0.770938
v 0.098862 -0.206275 0.770997
v 0.097977 -0.221623 0.732074
v 0.098802 -0.221901 0.732313
v 0.099546 -0.222064 0.732796
v 0.100137 -0.222097 0.733477
v 0.100516 -0.221997 0.734288
v 0.100646 -0.221772 0.735151
v 0.100646 -0.210648 0.769389
v 0.100516 -0.210322 0.770219
v 0.100137 -0.209926 0.770935
v 0.099546 -0.209500 0.771466
v 0.098802 -0.209083 0.771761
v 0.097977 -0.208719 0.771791
v 0.096831 -0.223908 0.732817
v 0.097612 -0.224273 0.733084
v 0.098317 -0.224516 0.733593
v 0.098876 -0.224611 0.734294
v 0.099235 -0.224551 0.735118
v 0.099358 -0.224341 0.735986
v 0.099358 -0.213216 0.770224
v 0.099235 -0.212877 0.771049
v 0.098876 -0.212441 0.771752
v 0.098317 -0.211951 0.772263
v 0.097612 -0.211456 0.772532
v 0.096831 -0.211003 0.772533
v 0.095422 -0.226038 0.733509
v 0.096148 -0.226487 0.733803
v 0.096803 -0.226804 0.734336
v 0.097323 -0.226960 0.735057
v 0.097656 -0.226938 0.735894
v 0.097771 -0.226741 0.736766
v 0.097771 -0.215616 0.771004
v 0.097656 -0.215263 0.771825
v 0.097323 -0.214789 0.772515
v 0.096803 -0.214240 0.773006
v 0.096148 -0.213669 0.773251
v 0.095422 -0.213133 0.773225
v 0.093748 -0.228018 0.734152
v 0.094410 -0.228542 0.734471
v 0.095007 -0.228927 0.735026
v 0.095481 -0.229137 0.735764
v 0.095786 -0.229149 0.736612
v 0.095891 -0.228964 0.737488
v 0.095891 -0.217840 0.771726
v 0.095786 -0.217475 0.772543
v 0.095481 -0.216966 0.773222
v 0.095007 -0.216363 0.773696
v 0.094410 -0.215724 0.773919
v 0.093748 -0.215113 0.773868
v 0.091803 -0.229853 0.734749
v 0.092397 -0.230442 0.735088
v 0.092933 -0.230885 0.735662
v 0.093358 -0.231141 0.736415
v 0.093631 -0.231183 0.737273
v 0.093725 -0.231008 0.738152
v 0.093725 -0.219884 0.772390
v 0.093631 -0.219508 0.773204
v 0.093358 -0.218970 0.773873
v 0.092933 -0.218321 0.774332
v 0.092397 -0.217624 0.774536
v 0.091803 -0.216949 0.774465
v 0.089587 -0.231548 0.735299
v 0.090111 -0.232189 0.735656
v 0.090584 -0.232681 0.736246
v 0.090960 -0.232974 0.737011
v 0.091201 -0.233041 0.737877
v 0.091284 -0.232875 0.738759
v 0.091284 -0.221750 0.772997
v 0.091201 -0.221366 0.773808
v 0.090960 -0.220804 0.774469
v 0.090584 -0.220116 0.774916
v 0.090111 -0.219372 0.775104
v 0.089587 -0.218643 0.775015
v 0.087094 -0.233107 0.735806
v 0.087552 -0.233791 0.736176
v 0.087964 -0.234320 0.736778
v 0.088292 -0.234644 0.737553
v 0.088502 -0.234730 0.738425
v 0.088574 -0.234570 0.739309
v 0.088574 -0.223445 0.773547
v 0.088502 -0.223055 0.774356
v 0.088292 -0.222473 0.775011
v 0.087964 -0.221756 0.775448
v 0.087552 -0.220973 0.775624
v 0.087094 -0.220203 0.775522
v 0.084323 -0.234536 0.736270
v 0.084718 -0.235252 0.736651
v 0.085074 -0.235810 0.737262
v 0.085356 -0.236157 0.738045
v 0.085538 -0.236258 0.738922
v 0.085600 -0.236103 0.739807
v 0.085600 -0.224978 0.774045
v 0.085538 -0.224583 0.774853
v 0.085356 -0.223986 0.775503
v 0.085074 -0.223246 0.775932
v 0.084718 -0.222434 0.776099
v 0.084323 -0.221631 0.775986
v 0.081270 -0.235838 0.736693
v 0.082160 -0.236343 0.737005
v 0.082963 -0.236711 0.737555
v 0.083600 -0.236906 0.738289
v 0.084009 -0.236910 0.739134
v 0.084150 -0.236722 0.740009
v 0.084150 -0.225597 0.774247
v 0.084009 -0.225235 0.775065
v 0.083600 -0.224735 0.775746
v 0.082963 -0.224146 0.776225
v 0.082160 -0.223525 0.776453
v 0.081270 -0.222934 0.776409
v 0.081270 -0.236181 0.736805
v 0.082160 -0.235465 0.736720
v 0.082963 -0.234733 0.736912
v 0.083600 -0.234054 0.737362
v 0.084009 -0.233497 0.738025
v 0.084150 -0.233116 0.738837
v 0.084150 -0.221991 0.773075
v 0.084009 -0.221823 0.773956
v 0.083600 -0.221884 0.774820
v 0.082963 -0.222168 0.775582
v 0.082160 -0.222648 0.776168
v 0.081270 -0.223276 0.776521
v 0.085708 -0.237163 0.737124
v 0.085950 -0.236304 0.736993
v 0.086169 -0.235442 0.737143
v 0.086342 -0.234661 0.737559
v 0.086454 -0.234039 0.738201
v 0.086492 -0.233634 0.739005
v 0.086492 -0.222510 0.773243
v 0.086454 -0.222364 0.774132
v 0.086342 -0.222491 0.775017
v 0.086169 -0.222877 0.775813
v 0.085950 -0.223487 0.776441
v 0.085708 -0.224258 0.776840
v 0.089832 -0.238474 0.737550
v 0.090156 -0.237641 0.737427
v 0.090449 -0.236802 0.737585
v 0.090681 -0.236041 0.738007
v 0.090831 -0.235430 0.738653
v 0.090882 -0.235030 0.739459
v 0.090882 -0.223905 0.773697
v 0.090831 -0.223755 0.774584
v 0.090681 -0.223870 0.775465
v 0.090449 -0.224238 0.776255
v 0.090156 -0.224823 0.776875
v 0.089832 -0.225569 0.777266
v 0.093628 -0.240100 0.738078
v 0.094037 -0.239303 0.737967
v 0.094406 -0.238497 0.738135
v 0.094699 -0.237761 0.738566
v 0.094887 -0.237167 0.739217
v 0.094952 -0.236772 0.740025
v 0.094952 -0.225648 0.774263
v 0.094887 -0.225492 0.775148
v 0.094699 -0.225590 0.776024
v 0.094406 -0.225932 0.776805
v 0.094037 -0.226485 0.777415
v 0.093628 -0.227195 0.777794
v 0.097083 -0.242027 0.738704
v 0.097577 -0.241277 0.738609
v 0.098023 -0.240514 0.738791
v 0.098377 -0.239812 0.739233
v 0.098604 -0.239240 0.739891
v 0.098682 -0.238853 0.740701
v 0.098682 -0.227728 0.774939
v 0.098604 -0.227565 0.775822
v 0.098377 -0.227641 0.776691
v 0.098023 -0.227950 0.777461
v 0.097577 -0.228460 0.778057
v 0.097083 -0.229122 0.778420
v 0.100184 -0.244242 0.739424
v 0.100761 -0.243552 0.739348
v 0.101281 -0.242842 0.739547
v 0.101695 -0.242183 0.740003
v 0.101960 -0.241638 0.740670
v 0.102051 -0.241260 0.741483
v 0.102051 -0.230136 0.775721
v 0.101960 -0.229963 0.776601
v 0.101695 -0.230012 0.777461
v 0.101281 -0.230278 0.778217
v 0.100761 -0.230734 0.778796
v 0.100184 -0.231337 0.779140
v 0.102915 -0.246730 0.740232
v 0.103571 -0.246112 0.740180
v 0.104162 -0.245467 0.740400
v 0.104632 -0.244859 0.740873
v 0.104933 -0.244347 0.741550
v 0.105037 -0.243981 0.742367
v 0.105037 -0.232856 0.776605
v 0.104933 -0.232672 0.777481
v 0.104632 -0.232688 0.778331
v 0.104162 -0.232903 0.779070
v 0.103571 -0.233295 0.779628
v 0.102915 -0.233826 0.779948
v 0.105264 -0.249480 0.741126
v 0.105990 -0.248944 0.741100
v 0.106646 -0.248374 0.741345
v 0.107166 -0.247825 0.741836
v 0.107500 -0.247351 0.742526
v 0.107615 -0.246998 0.743347
v 0.107615 -0.235873 0.777586
v 0.107500 -0.235676 0.778457
v 0.107166 -0.235654 0.779294
v 0.106646 -0.235810 0.780015
v 0.105990 -0.236127 0.780548
v 0.105264 -0.236575 0.780842
v 0.107217 -0.252476 0.742099
v 0.108003 -0.252032 0.742103
v 0.108713 -0.251545 0.742375
v 0.109276 -0.251062 0.742888
v 0.109637 -0.250631 0.743592
v 0.109762 -0.250292 0.744418
v 0.109762 -0.239168 0.778656
v 0.109637 -0.238956 0.779523
v 0.109276 -0.238892 0.780346
v 0.108713 -0.238981 0.781045
v 0.108003 -0.239215 0.781551
v 0.107217 -0.239571 0.781815
v 0.108759 -0.255705 0.743148
v 0.109593 -0.255360 0.743184
v 0.110345 -0.254962 0.743485
v 0.110942 -0.254549 0.744021
v 0.111325 -0.254163 0.744740
v 0.111457 -0.253840 0.745571
v 0.111457 -0.242716 0.779809
v 0.111325 -0.242488 0.780671
v 0.110942 -0.242379 0.781479
v 0.110345 -0.242397 0.782155
v 0.109593 -0.242542 0.782632
v 0.108759 -0.242800 0.782864
v 0.109878 -0.259153 0.744269
v 0.110745 -0.258910 0.744338
v 0.111527 -0.258603 0.744668
v 0.112147 -0.258264 0.745228
v 0.112546 -0.257924 0.745962
v 0.112683 -0.257617 0.746798
v 0.112683 -0.246493 0.781036
v 0.112546 -0.246249 0.781893
v 0.112147 -0.246093 0.782686
v 0.111527 -0.246039 0.783338
v 0.110745 -0.246092 0.783786
v 0.109878 -0.246248 0.783985
v 0.110560 -0.262807 0.745456
v 0.111445 -0.262665 0.745558
v 0.112244 -0.262450 0.745918
v 0.112878 -0.262183 0.746501
v 0.113285 -0.261889 0.747250
v 0.113425 -0.261599 0.748092
v 0.113425 -0.250474 0.782329
v 0.113285 -0.250215 0.783181
v 0.112878 -0.250012 0.783959
v 0.112244 -0.249885 0.784588
v 0.111445 -0.249847 0.785006
v 0.110560 -0.249902 0.785172
v 0.110790 -0.266653 0.746705
v 0.111682 -0.266612 0.746840
v 0.112486 -0.266488 0.747230
v 0.113124 -0.266293 0.747837
v 0.113534 -0.266046 0.748601
v 0.113675 -0.265771 0.749447
v 0.113675 -0.254647 0.783685
v 0.113534 -0.254371 0.784532
v 0.113124 -0.254122 0.785295
v 0.112486 -0.253923 0.785900
v 0.111682 -0.253794 0.786288
v 0.110790 -0.253748 0.786422
v 0.110549 -0.270287 0.747886
v 0.111434 -0.270350 0.748055
v 0.112232 -0.270320 0.748475
v 0.112865 -0.270200 0.749106
v 0.113272 -0.270001 0.749886
v 0.113412 -0.269743 0.750738
v 0.113412 -0.258618 0.784976
v 0.113272 -0.258326 0.785817
v 0.112865 -0.258029 0.786564
v 0.112232 -0.257755 0.787145
v 0.111434 -0.257533 0.787503
v 0.110549 -0.257382 0.787602
v 0.109808 -0.273954 0.749078
v 0.110670 -0.274124 0.749281
v 0.111449 -0.274191 0.749733
v 0.112067 -0.274148 0.750389
v 0.112463 -0.273998 0.751185
v 0.112600 -0.273757 0.752042
v 0.112600 -0.262633 0.786280
v 0.112463 -0.262324 0.787116
v 0.112067 -0.261977 0.787847
v 0.111449 -0.261627 0.788403
v 0.110670 -0.261307 0.788729
v 0.109808 -0.261049 0.788794
v 0.108537 -0.277587 0.750258
v 0.109363 -0.277866 0.750497
v 0.110107 -0.278030 0.750980
v 0.110698 -0.278063 0.751661
v 0.111077 -0.277963 0.752473
v 0.111208 -0.277739 0.753336
v 0.111208 -0.266614 0.787574
v 0.111077 -0.266288 0.788404
v 0.110698 -0.265892 0.789119
v 0.110107 -0.265465 0.789650
v 0.109363 -0.265048 0.789945
v 0.108537 -0.264683 0.789974
v 0.106710 -0.281121 0.751407
v 0.107481 -0.281505 0.751679
v 0.108176 -0.281764 0.752194
v 0.108728 -0.281873 0.752899
v 0.109083 -0.281821 0.753726
v 0.109205 -0.281614 0.754595
v 0.109205 -0.270489 0.788833
v 0.109083 -0.270146 0.789657
v 0.108728 -0.269702 0.790357
v 0.108176 -0.269199 0.790864
v 0.107481 -0.268688 0.791127
v 0.106710 -0.268217 0.791123
v 0.104298 -0.284489 0.752501
v 0.104997 -0.284973 0.752806
v 0.105628 -0.285322 0.753350
v 0.106128 -0.285502 0.754078
v 0.106450 -0.285497 0.754921
v 0.106561 -0.285305 0.755794
v 0.106561 -0.274180 0.790032
v 0.106450 -0.273822 0.790851
v 0.106128 -0.273332 0.791536
v 0.105628 -0.272757 0.792020
v 0.104997 -0.272155 0.792254
v 0.104298 -0.271584 0.792217
v 0.101273 -0.287623 0.753519
v 0.101884 -0.288198 0.753854
v 0.102436 -0.288629 0.754424
v 0.102874 -0.288874 0.755174
v 0.103155 -0.288910 0.756030
v 0.103252 -0.288733 0.756908
v 0.103252 -0.277608 0.791146
v 0.103155 -0.277235 0.791961
v 0.102874 -0.276703 0.792632
v 0.102436 -0.276064 0.793094
v 0.101884 -0.275380 0.793302
v 0.101273 -0.274719 0.793235
v 0.097606 -0.290458 0.754440
v 0.098118 -0.291110 0.754800
v 0.098580 -0.291611 0.755393
v 0.098946 -0.291911 0.756161
v 0.099181 -0.291983 0.757028
v 0.099262 -0.291818 0.757910
v 0.099262 -0.280693 0.792148
v 0.099181 -0.280308 0.792959
v 0.098946 -0.279740 0.793619
v 0.098580 -0.279046 0.794063
v 0.098118 -0.278293 0.794248
v 0.097606 -0.277554 0.794156
v 0.093270 -0.292927 0.755243
v 0.093675 -0.293640 0.755622
v 0.094040 -0.294195 0.756233
v 0.094329 -0.294540 0.757015
v 0.094515 -0.294639 0.757891
v 0.094579 -0.294484 0.758777
v 0.094579 -0.283359 0.793015
v 0.094515 -0.282965 0.793822
v 0.094329 -0.282369 0.794473
v 0.094040 -0.281631 0.794903
v 0.093675 -0.280822 0.795070
v 0.093270 -0.280023 0.794959
v 0.088237 -0.294963 0.755904
v 0.088532 -0.295720 0.756298
v 0.088799 -0.296315 0.756922
v 0.089010 -0.296691 0.757714
v 0.089146 -0.296811 0.758597
v 0.089193 -0.296663 0.759485
v 0.089193 -0.285538 0.793723
v 0.089146 -0.285137 0.794528
v 0.089010 -0.284521 0.795172
v 0.088799 -0.283751 0.795592
v 0.088532 -0.282903 0.795746
v 0.088237 -0.282059 0.795620
v 0.082477 -0.296500 0.756403
v 0.082667 -0.297285 0.756807
v 0.082838 -0.297906 0.757439
v 0.082974 -0.298302 0.758237
v 0.083062 -0.298435 0.759125
v 0.083092 -0.298291 0.760014
v 0.083092 -0.287166 0.794252
v 0.083062 -0.286760 0.795055
v 0.082974 -0.286131 0.795695
v 0.082838 -0.285341 0.796108
v 0.082667 -0.284468 0.796255
v 0.082477 -0.283596 0.796120
v 0.075965 -0.297471 0.756719
v 0.076056 -0.298271 0.757127
v 0.076137 -0.298905 0.757763
v 0.076203 -0.299312 0.758565
v 0.076244 -0.299451 0.759455
v 0.076259 -0.299310 0.760345
v 0.076259 -0.288185 0.794583
v 0.076244 -0.287776 0.795386
v 0.076203 -0.287141 0.796023
v 0.076137 -0.286340 0.796433
v 0.076056 -0.285453 0.796575
v 0.075965 -0.284566 0.796435
v 0.068670 -0.297809 0.756829
v 0.068692 -0.298612 0.757238
v 0.068711 -0.299249 0.757875
v 0.068727 -0.299658 0.758678
v 0.068737 -0.299799 0.759568
v 0.068740 -0.299658 0.760458
v 0.068740 -0.288534 0.794696
v 0.068737 -0.288125 0.795499
v 0.068727 -0.287488 0.796136
v 0.068711 -0.286685 0.796545
v 0.068692 -0.285795 0.796686
v 0.068670 -0.284905 0.796545
v 0.026550 -0.297809 0.756829
v 0.025660 -0.298612 0.757238
v 0.024857 -0.299249 0.757875
v 0.024220 -0.299658 0.758678
v 0.023811 -0.299799 0.759568
v 0.023670 -0.299658 0.760458
v 0.023670 -0.288534 0.794696
v 0.023811 -0.288125 0.795499
v 0.024220 -0.287488 0.796136
v 0.024857 -0.286685 0.796545
v 0.025660 -0.285795 0.796686
v 0.026550 -0.284905 0.796545
v 0.026550 -0.181058 0.718894
v 0.025660 -0.180168 0.718753
v 0.024857 -0.179278 0.718894
v 0.024220 -0.178475 0.719303
v 0.023811 -0.177838 0.719940
v 0.023670 -0.177429 0.720743
v 0.023670 -0.166304 0.754981
v 0.023811 -0.166163 0.755871
v 0.024220 -0.166304 0.756761
v 0.024857 -0.166713 0.757564
v 0.025660 -0.167350 0.758201
v 0.026550 -0.168153 0.758610
v 0.055890 -0.231045 0.735136
v 0.055876 -0.230155 0.734995
v 0.055863 -0.229265 0.735136
v 0.055852 -0.228462 0.735545
v 0.055846 -0.227825 0.736182
v 0.055843 -0.227416 0.736985
v 0.055843 -0.216292 0.771223
v 0.055846 -0.216151 0.772113
v 0.055852 -0.216292 0.773003
v 0.055863 -0.216701 0.773806
v 0.055876 -0.217338 0.774443
v 0.055890 -0.218141 0.774852
v 0.060068 -0.230917 0.735094
v 0.060006 -0.230028 0.734954
v 0.059951 -0.229139 0.735095
v 0.059906 -0.228338 0.735504
v 0.059878 -0.227701 0.736142
v 0.059868 -0.227292 0.736945
v 0.059868 -0.216168 0.771183
v 0.059878 -0.216027 0.772073
v 0.059906 -0.216167 0.772962
v 0.059951 -0.216575 0.773765
v 0.060006 -0.217211 0.774402
v 0.060068 -0.218012 0.774810
v 0.063872 -0.230531 0.734969
v 0.063739 -0.229650 0.734831
v 0.063619 -0.228767 0.734974
v 0.063523 -0.227971 0.735385
v 0.063462 -0.227338 0.736024
v 0.063440 -0.226930 0.736827
v 0.063440 -0.215805 0.771065
v 0.063462 -0.215663 0.771955
v 0.063523 -0.215800 0.772843
v 0.063619 -0.216203 0.773644
v 0.063739 -0.216832 0.774279
v 0.063872 -0.217626 0.774685
v 0.067306 -0.229887 0.734760
v 0.067088 -0.229022 0.734627
v 0.066891 -0.228154 0.734775
v 0.066734 -0.227369 0.735190
v 0.066634 -0.226743 0.735830
v 0.066599 -0.226338 0.736634
v 0.066599 -0.215213 0.770873
v 0.066634 -0.215068 0.771761
v 0.066734 -0.215198 0.772648
v 0.066891 -0.215589 0.773445
v 0.067088 -0.216204 0.774075
v 0.067306 -0.216982 0.774476
v 0.070370 -0.228985 0.734466
v 0.070054 -0.228148 0.734343
v 0.069768 -0.227306 0.734499
v 0.069541 -0.226542 0.734921
v 0.069396 -0.225929 0.735566
v 0.069346 -0.225529 0.736372
v 0.069346 -0.214404 0.770610
v 0.069396 -0.214255 0.771497
v 0.069541 -0.214371 0.772379
v 0.069768 -0.214742 0.773169
v 0.070054 -0.215331 0.773791
v 0.070370 -0.216080 0.774182
v 0.073067 -0.227823 0.734089
v 0.072641 -0.227034 0.733981
v 0.072256 -0.226235 0.734151
v 0.071951 -0.225504 0.734584
v 0.071755 -0.224913 0.735236
v 0.071688 -0.224520 0.736044
v 0.071688 -0.213395 0.770282
v 0.071755 -0.213238 0.771167
v 0.071951 -0.213333 0.772042
v 0.072256 -0.213670 0.772821
v 0.072641 -0.214216 0.773429
v 0.073067 -0.214918 0.773805
v 0.075397 -0.226402 0.733627
v 0.074856 -0.225683 0.733542
v 0.074368 -0.224947 0.733733
v 0.073981 -0.224266 0.734182
v 0.073732 -0.223708 0.734844
v 0.073646 -0.223326 0.735656
v 0.073646 -0.212201 0.769894
v 0.073732 -0.212033 0.770775
v 0.073981 -0.212096 0.771640
v 0.074368 -0.212382 0.772403
v 0.074856 -0.212865 0.772990
v 0.075397 -0.213497 0.773343
v 0.077365 -0.224720 0.733081
v 0.076713 -0.224096 0.733026
v 0.076124 -0.223446 0.733245
v 0.075657 -0.222833 0.733716
v 0.075357 -0.222318 0.734393
v 0.075254 -0.221951 0.735209
v 0.075254 -0.210827 0.769447
v 0.075357 -0.210644 0.770324
v 0.075657 -0.210662 0.771174
v 0.076124 -0.210881 0.771915
v 0.076713 -0.211278 0.772474
v 0.077365 -0.211815 0.772797
v 0.078970 -0.222777 0.732449
v 0.078223 -0.222268 0.732432
v 0.077548 -0.221722 0.732685
v 0.077013 -0.221192 0.733183
v 0.076670 -0.220730 0.733877
v 0.076551 -0.220382 0.734699
v 0.076551 -0.209257 0.768937
v 0.076670 -0.209056 0.769808
v 0.077013 -0.209021 0.770641
v 0.077548 -0.209158 0.771355
v 0.078223 -0.209451 0.771880
v 0.078970 -0.209873 0.772166
v 0.080215 -0.220573 0.731733
v 0.079397 -0.220190 0.731757
v 0.078659 -0.219757 0.732047
v 0.078073 -0.219317 0.732574
v 0.077696 -0.218913 0.733286
v 0.077567 -0.218584 0.734115
v 0.077567 -0.207460 0.768353
v 0.077696 -0.207238 0.769217
v 0.078073 -0.207146 0.770031
v 0.078659 -0.207193 0.770716
v 0.079397 -0.207373 0.771205
v 0.080215 -0.207669 0.771449
v 0.081102 -0.218107 0.730932
v 0.080239 -0.217848 0.730996
v 0.079461 -0.217528 0.731322
v 0.078843 -0.217177 0.731878
v 0.078446 -0.216830 0.732609
v 0.078309 -0.216521 0.733445
v 0.078309 -0.205396 0.767683
v 0.078446 -0.205155 0.768540
v 0.078843 -0.205006 0.769336
v 0.079461 -0.204963 0.769992
v 0.080239 -0.205031 0.770444
v 0.081102 -0.205202 0.770648
v 0.081633 -0.215378 0.730045
v 0.080748 -0.215233 0.730146
v 0.079949 -0.215015 0.730506
v 0.079315 -0.214746 0.731088
v 0.078908 -0.214452 0.731837
v 0.078768 -0.214161 0.732678
v 0.078768 -0.203036 0.766916
v 0.078908 -0.202777 0.767768
v 0.079315 -0.202575 0.768546
v 0.079949 -0.202451 0.769176
v 0.080748 -0.202416 0.769594
v 0.081633 -0.202473 0.769761
v 0.081810 -0.212385 0.729073
v 0.080919 -0.212339 0.729206
v 0.080115 -0.212210 0.729594
v 0.079477 -0.212011 0.730200
v 0.079067 -0.211762 0.730963
v 0.078926 -0.211486 0.731809
v 0.078926 -0.200362 0.766047
v 0.079067 -0.200087 0.766894
v 0.079477 -0.199840 0.767658
v 0.080115 -0.199646 0.768264
v 0.080919 -0.199522 0.768654
v 0.081810 -0.199481 0.768789
v 0.081698 -0.210231 0.728373
v 0.080811 -0.210276 0.728536
v 0.080012 -0.210229 0.728951
v 0.079377 -0.210095 0.729577
v 0.078970 -0.209887 0.730354
v 0.078829 -0.209626 0.731205
v 0.078829 -0.198501 0.765443
v 0.078970 -0.198212 0.766284
v 0.079377 -0.197924 0.767035
v 0.080012 -0.197664 0.767620
v 0.080811 -0.197458 0.767984
v 0.081698 -0.197327 0.768089
v 0.081348 -0.208149 0.727697
v 0.080478 -0.208291 0.727891
v 0.079693 -0.208332 0.728334
v 0.079070 -0.208268 0.728983
v 0.078670 -0.208105 0.729775
v 0.078533 -0.207859 0.730631
v 0.078533 -0.196735 0.764869
v 0.078670 -0.196430 0.765705
v 0.079070 -0.196097 0.766441
v 0.079693 -0.195767 0.767004
v 0.080478 -0.195474 0.767339
v 0.081348 -0.195245 0.767413
v 0.080741 -0.206161 0.727050
v 0.079904 -0.206410 0.727280
v 0.079149 -0.206548 0.727755
v 0.078549 -0.206561 0.728429
v 0.078164 -0.206448 0.729236
v 0.078032 -0.206219 0.730098
v 0.078032 -0.195094 0.764336
v 0.078164 -0.194773 0.765167
v 0.078549 -0.194390 0.765887
v 0.079149 -0.193984 0.766425
v 0.079904 -0.193593 0.766728
v 0.080741 -0.193256 0.766767
v 0.079857 -0.204289 0.726442
v 0.079073 -0.204651 0.726708
v 0.078366 -0.204891 0.727216
v 0.077804 -0.204985 0.727917
v 0.077444 -0.204923 0.728741
v 0.077320 -0.204713 0.729608
v 0.077320 -0.193588 0.763846
v 0.077444 -0.193249 0.764672
v 0.077804 -0.192814 0.765375
v 0.078366 -0.192326 0.765886
v 0.079073 -0.191834 0.766156
v 0.079857 -0.191384 0.766158
v 0.078675 -0.202554 0.725879
v 0.077967 -0.203028 0.726181
v 0.077328 -0.203369 0.726722
v 0.076822 -0.203543 0.727448
v 0.076496 -0.203533 0.728289
v 0.076384 -0.203340 0.729162
v 0.076384 -0.192215 0.763400
v 0.076496 -0.191858 0.764220
v 0.076822 -0.191372 0.764906
v 0.077328 -0.190804 0.765392
v 0.077967 -0.190211 0.765629
v 0.078675 -0.189650 0.765595
v 0.077175 -0.200980 0.725367
v 0.076564 -0.201555 0.725702
v 0.076013 -0.201988 0.726273
v 0.075575 -0.202234 0.727023
v 0.075294 -0.202270 0.727879
v 0.075197 -0.202093 0.728757
v 0.075197 -0.190969 0.762995
v 0.075294 -0.190596 0.763810
v 0.075575 -0.190063 0.764481
v 0.076013 -0.189423 0.764943
v 0.076564 -0.188738 0.765150
v 0.077175 -0.188075 0.765083
v 0.075338 -0.199587 0.724915
v 0.074837 -0.200247 0.725277
v 0.074386 -0.200754 0.725872
v 0.074027 -0.201061 0.726642
v 0.073797 -0.201136 0.727510
v 0.073718 -0.200972 0.728393
v 0.073718 -0.189847 0.762631
v 0.073797 -0.189461 0.763441
v 0.074027 -0.188890 0.764100
v 0.074386 -0.188190 0.764542
v 0.074837 -0.187429 0.764725
v 0.075338 -0.186683 0.764631
v 0.073143 -0.198399 0.724528
v 0.072758 -0.199120 0.724911
v 0.072411 -0.199685 0.725524
v 0.072135 -0.200036 0.726309
v 0.071958 -0.200139 0.727186
v 0.071897 -0.199986 0.728072
v 0.071897 -0.188861 0.762310
v 0.071958 -0.188465 0.763117
v 0.072135 -0.187865 0.763766
v 0.072411 -0.187120 0.764194
v 0.072758 -0.186303 0.764359
v 0.073143 -0.185494 0.764244
v 0.070571 -0.197436 0.724215
v 0.070298 -0.198199 0.724612
v 0.070051 -0.198801 0.725238
v 0.069856 -0.199182 0.726031
v 0.069730 -0.199305 0.726915
v 0.069687 -0.199158 0.727803
v 0.069687 -0.188034 0.762041
v 0.069730 -0.187631 0.762846
v 0.069856 -0.187012 0.763489
v 0.070051 -0.186237 0.763907
v 0.070298 -0.185382 0.764060
v 0.070571 -0.184531 0.763932
v 0.067602 -0.196721 0.723983
v 0.067431 -0.197509 0.724388
v 0.067277 -0.198133 0.725020
v 0.067155 -0.198532 0.725820
v 0.067076 -0.198666 0.726708
v 0.067049 -0.198523 0.727597
v 0.067049 -0.187399 0.761835
v 0.067076 -0.186992 0.762639
v 0.067155 -0.186361 0.763278
v 0.067277 -0.185569 0.763690
v 0.067431 -0.184692 0.763836
v 0.067602 -0.183816 0.763699
v 0.064215 -0.196276 0.723839
v 0.064135 -0.197076 0.724247
v 0.064063 -0.197711 0.724883
v 0.064006 -0.198118 0.725686
v 0.063969 -0.198258 0.726575
v 0.063956 -0.198117 0.727465
v 0.063956 -0.186992 0.761703
v 0.063969 -0.186583 0.762506
v 0.064006 -0.185947 0.763143
v 0.064063 -0.185146 0.763553
v 0.064135 -0.184259 0.763695
v 0.064215 -0.183371 0.763555
v 0.060390 -0.196122 0.723789
v 0.060371 -0.196925 0.724198
v 0.060354 -0.197562 0.724835
v 0.060341 -0.197971 0.725638
v 0.060332 -0.198112 0.726528
v 0.060329 -0.197971 0.727418
v 0.060329 -0.186847 0.761656
v 0.060332 -0.186438 0.762459
v 0.060341 -0.185801 0.763096
v 0.060354 -0.184998 0.763505
v 0.060371 -0.184108 0.763646
v 0.060390 -0.183218 0.763505
v 0.044190 -0.196122 0.723789
v 0.045080 -0.196925 0.724198
v 0.045883 -0.197562 0.724835
v 0.046520 -0.197971 0.725638
v 0.046929 -0.198112 0.726528
v 0.047070 -0.197971 0.727418
v 0.047070 -0.186847 0.761656
v 0.046929 -0.186438 0.762459
v 0.046520 -0.185801 0.763096
v 0.045883 -0.184998 0.763505
v 0.045080 -0.184108 0.763646
v 0.044190 -0.183218 0.763505
v 0.044190 -0.231045 0.735136
v 0.045080 -0.230155 0.734995
v 0.045883 -0.229265 0.735136
v 0.046520 -0.228462 0.735545
v 0.046929 -0.227825 0.736182
v 0.047070 -0.227416 0.736985
v 0.047070 -0.216292 0.771223
v 0.046929 -0.216151 0.772113
v 0.046520 -0.216292 0.773003
v 0.045883 -0.216701 0.773806
v 0.045080 -0.217338 0.774443
v 0.044190 -0.218141 0.774852
v 0.066330 -0.282745 0.751934
v 0.066311 -0.281855 0.751793
v 0.066294 -0.280965 0.751934
v 0.066280 -0.280162 0.752343
v 0.066272 -0.279525 0.752980
v 0.066269 -0.279116 0.753783
v 0.066269 -0.267991 0.788021
v 0.066272 -0.267850 0.788911
v 0.066280 -0.267991 0.789801
v 0.066294 -0.268400 0.790604
v 0.066311 -0.269037 0.791241
v 0.066330 -0.269840 0.791650
v 0.071196 -0.282548 0.751870
v 0.071115 -0.281660 0.751730
v 0.071042 -0.280772 0.751872
v 0.070985 -0.279971 0.752281
v 0.070948 -0.279335 0.752919
v 0.070935 -0.278927 0.753722
v 0.070935 -0.267802 0.787960
v 0.070948 -0.267661 0.788850
v 0.070985 -0.267800 0.789739
v 0.071042 -0.268208 0.790541
v 0.071115 -0.268843 0.791178
v 0.071196 -0.269643 0.791586
v 0.075464 -0.281981 0.751686
v 0.075292 -0.281106 0.751550
v 0.075137 -0.280229 0.751695
v 0.075014 -0.279437 0.752108
v 0.074935 -0.278806 0.752747
v 0.074908 -0.278400 0.753550
v 0.074908 -0.267275 0.787789
v 0.074935 -0.267132 0.788678
v 0.075014 -0.267266 0.789566
v 0.075137 -0.267665 0.790365
v 0.075292 -0.268289 0.790998
v 0.075464 -0.269077 0.791402
v 0.079169 -0.281084 0.751394
v 0.078895 -0.280233 0.751266
v 0.078647 -0.279379 0.751419
v 0.078451 -0.278604 0.751837
v 0.078325 -0.277985 0.752480
v 0.078281 -0.277582 0.753285
v 0.078281 -0.266458 0.787523
v 0.078325 -0.266310 0.788411
v 0.078451 -0.266433 0.789295
v 0.078647 -0.266814 0.790089
v 0.078895 -0.267416 0.790714
v 0.079169 -0.268179 0.791110
v 0.082343 -0.279891 0.751007
v 0.081958 -0.279083 0.750892
v 0.081610 -0.278266 0.751057
v 0.081334 -0.277521 0.751485
v 0.081157 -0.276921 0.752134
v 0.081096 -0.276525 0.752941
v 0.081096 -0.265400 0.787179
v 0.081157 -0.265247 0.788065
v 0.081334 -0.265350 0.788943
v 0.081610 -0.265701 0.789727
v 0.081958 -0.266265 0.790340
v 0.082343 -0.266987 0.790723
v 0.085020 -0.278443 0.750536
v 0.084521 -0.277695 0.750442
v 0.084070 -0.276934 0.750624
v 0.083712 -0.276234 0.751067
v 0.083483 -0.275662 0.751725
v 0.083404 -0.275276 0.752535
v 0.083404 -0.264151 0.786774
v 0.083483 -0.263988 0.787656
v 0.083712 -0.264063 0.788525
v 0.084070 -0.264370 0.789294
v 0.084521 -0.264878 0.789890
v 0.085020 -0.265538 0.790252
v 0.087233 -0.276774 0.749994
v 0.086624 -0.276109 0.749926
v 0.086075 -0.275423 0.750133
v 0.085639 -0.274781 0.750595
v 0.085360 -0.274247 0.751265
v 0.085263 -0.273874 0.752080
v 0.085263 -0.262749 0.786318
v 0.085360 -0.262572 0.787196
v 0.085639 -0.262610 0.788053
v 0.086075 -0.262858 0.788803
v 0.086624 -0.263292 0.789374
v 0.087233 -0.263870 0.789710
v 0.089014 -0.274924 0.749393
v 0.088310 -0.274359 0.749357
v 0.087674 -0.273761 0.749593
v 0.087170 -0.273191 0.750078
v 0.086847 -0.272703 0.750764
v 0.086735 -0.272345 0.751583
v 0.086735 -0.261220 0.785821
v 0.086847 -0.261028 0.786694
v 0.087170 -0.261020 0.787536
v 0.087674 -0.261197 0.788263
v 0.088310 -0.261541 0.788805
v 0.089014 -0.262020 0.789109
v 0.090397 -0.272930 0.748745
v 0.089617 -0.272474 0.748745
v 0.088913 -0.271975 0.749013
v 0.088354 -0.271483 0.749523
v 0.087996 -0.271045 0.750225
v 0.087872 -0.270705 0.751050
v 0.087872 -0.259580 0.785288
v 0.087996 -0.259371 0.786156
v 0.088354 -0.259312 0.786981
v 0.088913 -0.259411 0.787683
v 0.089617 -0.259656 0.788193
v 0.090397 -0.260025 0.788461
v 0.091415 -0.270828 0.748062
v 0.090580 -0.270484 0.748099
v 0.089828 -0.270087 0.748400
v 0.089230 -0.269675 0.748936
v 0.088847 -0.269289 0.749654
v 0.088715 -0.268966 0.750485
v 0.088715 -0.257842 0.784723
v 0.088847 -0.257614 0.785585
v 0.089230 -0.257504 0.786394
v 0.089828 -0.257522 0.787069
v 0.090580 -0.257667 0.787547
v 0.091415 -0.257924 0.787778
v 0.092101 -0.268657 0.747357
v 0.091232 -0.268421 0.747428
v 0.090449 -0.268121 0.747761
v 0.089827 -0.267787 0.748322
v 0.089428 -0.267450 0.749057
v 0.089290 -0.267145 0.749893
v 0.089290 -0.256020 0.784131
v 0.089428 -0.255775 0.784988
v 0.089827 -0.255616 0.785780
v 0.090449 -0.255557 0.786431
v 0.091232 -0.255604 0.786876
v 0.092101 -0.255753 0.787073
v 0.092488 -0.266454 0.746641
v 0.091602 -0.266318 0.746745
v 0.090803 -0.266108 0.747107
v 0.090168 -0.265845 0.747691
v 0.089761 -0.265555 0.748441
v 0.089621 -0.265265 0.749283
v 0.089621 -0.254140 0.783521
v 0.089761 -0.253880 0.784372
v 0.090168 -0.253674 0.785149
v 0.090803 -0.253544 0.785777
v 0.091602 -0.253501 0.786193
v 0.092488 -0.253549 0.786357
v 0.092610 -0.264256 0.745927
v 0.091718 -0.264218 0.746063
v 0.090914 -0.264097 0.746453
v 0.090276 -0.263904 0.747061
v 0.089866 -0.263659 0.747825
v 0.089725 -0.263385 0.748672
v 0.089725 -0.252260 0.782910
v 0.089866 -0.251984 0.783756
v 0.090276 -0.251734 0.784519
v 0.090914 -0.251533 0.785123
v 0.091718 -0.251401 0.785511
v 0.092610 -0.251352 0.785643
v 0.092429 -0.261669 0.745086
v 0.091545 -0.261742 0.745258
v 0.090748 -0.261721 0.745681
v 0.090115 -0.261608 0.746314
v 0.089709 -0.261413 0.747095
v 0.089569 -0.261156 0.747948
v 0.089569 -0.250032 0.782186
v 0.089709 -0.249738 0.783026
v 0.090115 -0.249437 0.783772
v 0.090748 -0.249156 0.784351
v 0.091545 -0.248925 0.784706
v 0.092429 -0.248765 0.784802
v 0.091884 -0.259227 0.744293
v 0.091028 -0.259423 0.744505
v 0.090255 -0.259513 0.744964
v 0.089642 -0.259488 0.745626
v 0.089249 -0.259350 0.746425
v 0.089113 -0.259113 0.747284
v 0.089113 -0.247988 0.781522
v 0.089249 -0.247675 0.782356
v 0.089642 -0.247317 0.783084
v 0.090255 -0.246948 0.783634
v 0.091028 -0.246605 0.783953
v 0.091884 -0.246322 0.784009
v 0.090970 -0.256943 0.743551
v 0.090164 -0.257265 0.743803
v 0.089437 -0.257468 0.744300
v 0.088860 -0.257533 0.744990
v 0.088490 -0.257453 0.745809
v 0.088362 -0.257235 0.746674
v 0.088362 -0.246111 0.780912
v 0.088490 -0.245778 0.781739
v 0.088860 -0.245362 0.782448
v 0.089437 -0.244903 0.782969
v 0.090164 -0.244447 0.783251
v 0.090970 -0.244038 0.783267
v 0.089683 -0.254834 0.742865
v 0.088950 -0.255276 0.743157
v 0.088289 -0.255587 0.743688
v 0.087764 -0.255737 0.744407
v 0.087427 -0.255712 0.745243
v 0.087311 -0.255514 0.746114
v 0.087311 -0.244389 0.780352
v 0.087427 -0.244037 0.781174
v 0.087764 -0.243566 0.781865
v 0.088289 -0.243022 0.782358
v 0.088950 -0.242458 0.782605
v 0.089683 -0.241930 0.782582
v 0.088019 -0.252916 0.742242
v 0.087378 -0.253463 0.742568
v 0.086799 -0.253869 0.743130
v 0.086340 -0.254095 0.743874
v 0.086045 -0.254119 0.744725
v 0.085944 -0.253937 0.745602
v 0.085944 -0.242813 0.779840
v 0.086045 -0.242444 0.780656
v 0.086340 -0.241925 0.781332
v 0.086799 -0.241305 0.781800
v 0.087378 -0.240645 0.782016
v 0.088019 -0.240011 0.781958
v 0.085973 -0.251203 0.741685
v 0.085434 -0.251836 0.742040
v 0.084949 -0.252321 0.742627
v 0.084564 -0.252609 0.743391
v 0.084316 -0.252672 0.744255
v 0.084231 -0.252504 0.745136
v 0.084231 -0.241379 0.779374
v 0.084316 -0.240997 0.780186
v 0.084564 -0.240438 0.780849
v 0.084949 -0.239756 0.781297
v 0.085434 -0.239019 0.781488
v 0.085973 -0.238298 0.781402
v 0.083540 -0.249711 0.741201
v 0.083108 -0.250410 0.741576
v 0.082719 -0.250953 0.742183
v 0.082410 -0.251288 0.742961
v 0.082212 -0.251381 0.743836
v 0.082143 -0.251224 0.744720
v 0.082143 -0.240099 0.778958
v 0.082212 -0.239706 0.779767
v 0.082410 -0.239117 0.780419
v 0.082719 -0.238389 0.780853
v 0.083108 -0.237592 0.781024
v 0.083540 -0.236806 0.780917
v 0.080717 -0.248456 0.740793
v 0.080388 -0.249201 0.741183
v 0.080092 -0.249785 0.741803
v 0.079857 -0.250153 0.742593
v 0.079706 -0.250267 0.743474
v 0.079654 -0.250117 0.744361
v 0.079654 -0.238993 0.778599
v 0.079706 -0.238593 0.779405
v 0.079857 -0.237982 0.780051
v 0.080092 -0.237221 0.780473
v 0.080388 -0.236383 0.780631
v 0.080717 -0.235551 0.780509
v 0.077498 -0.247453 0.740467
v 0.077266 -0.248227 0.740867
v 0.077057 -0.248839 0.741496
v 0.076890 -0.249228 0.742292
v 0.076784 -0.249356 0.743178
v 0.076747 -0.249211 0.744066
v 0.076747 -0.238086 0.778304
v 0.076784 -0.237682 0.779109
v 0.076890 -0.237057 0.779750
v 0.077057 -0.236275 0.780166
v 0.077266 -0.235410 0.780315
v 0.077498 -0.234548 0.780183
v 0.073881 -0.246717 0.740228
v 0.073735 -0.247509 0.740634
v 0.073604 -0.248137 0.741268
v 0.073499 -0.248539 0.742068
v 0.073432 -0.248675 0.742956
v 0.073409 -0.248532 0.743846
v 0.073409 -0.237407 0.778084
v 0.073432 -0.237000 0.778887
v 0.073499 -0.236368 0.779526
v 0.073604 -0.235572 0.779938
v 0.073735 -0.234692 0.780082
v 0.073881 -0.233812 0.779944
v 0.069859 -0.246264 0.740081
v 0.069791 -0.247065 0.740489
v 0.069729 -0.247701 0.741126
v 0.069680 -0.248109 0.741928
v 0.069648 -0.248249 0.742818
v 0.069637 -0.248107 0.743708
v 0.069637 -0.236983 0.777946
v 0.069648 -0.236574 0.778749
v 0.069680 -0.235938 0.779386
v 0.069729 -0.235136 0.779796
v 0.069791 -0.234248 0.779937
v 0.069859 -0.233360 0.779797
v 0.065430 -0.246110 0.740031
v 0.065414 -0.246913 0.740440
v 0.065399 -0.247550 0.741077
v 0.065387 -0.247959 0.741880
v 0.065380 -0.248100 0.742770
v 0.065377 -0.247959 0.743660
v 0.065377 -0.236834 0.777898
v 0.065380 -0.236425 0.778701
v 0.065387 -0.235788 0.779338
v 0.065399 -0.234985 0.779747
v 0.065414 -0.234095 0.779888
v 0.065430 -0.233205 0.779747
v 0.044190 -0.246110 0.740031
v 0.045080 -0.246913 0.740440
v 0.045883 -0.247550 0.741077
v 0.046520 -0.247959 0.741880
v 0.046929 -0.248100 0.742770
v 0.047070 -0.247959 0.743660
v 0.047070 -0.236834 0.777898
v 0.046929 -0.236425 0.778701
v 0.046520 -0.235788 0.779338
v 0.045883 -0.234985 0.779747
v 0.045080 -0.234095 0.779888
v 0.044190 -0.233205 0.779747
v 0.044190 -0.282745 0.751934
v 0.045080 -0.281855 0.751793
v 0.045883 -0.280965 0.751934
v 0.046520 -0.280162 0.752343
v 0.046929 -0.279525 0.752980
v 0.047070 -0.279116 0.753783
v 0.047070 -0.267991 0.788021
v 0.046929 -0.267850 0.788911
v 0.046520 -0.267991 0.789801
v 0.045883 -0.268400 0.790604
v 0.045080 -0.269037 0.791241
v 0.044190 -0.269840 0.791650
v 0.223110 -0.181058 0.718894
v 0.224941 -0.180168 0.718753
v 0.226593 -0.179278 0.718894
v 0.227904 -0.178475 0.719303
v 0.228745 -0.177838 0.719940
v 0.229035 -0.177429 0.720743
v 0.229035 -0.166304 0.754981
v 0.228745 -0.166163 0.755871
v 0.227904 -0.166304 0.756761
v 0.226593 -0.166713 0.757564
v 0.224941 -0.167350 0.758201
v 0.223110 -0.168153 0.758610
v 0.177570 -0.236181 0.736805
v 0.178460 -0.236430 0.737034
v 0.179263 -0.236568 0.737509
v 0.179900 -0.236580 0.738183
v 0.180309 -0.236467 0.738990
v 0.180450 -0.236238 0.739851
v 0.180450 -0.225114 0.774089
v 0.180309 -0.224792 0.774921
v 0.179900 -0.224410 0.775641
v 0.179263 -0.224003 0.776178
v 0.178460 -0.223613 0.776482
v 0.177570 -0.223276 0.776521
v 0.177570 -0.297809 0.756829
v 0.178460 -0.298612 0.757238
v 0.179263 -0.299249 0.757875
v 0.179900 -0.299658 0.758678
v 0.180309 -0.299799 0.759568
v 0.180450 -0.299658 0.760458
v 0.180450 -0.288534 0.794696
v 0.180309 -0.288125 0.795499
v 0.179900 -0.287488 0.796136
v 0.179263 -0.286685 0.796545
v 0.178460 -0.285795 0.796686
v 0.177570 -0.284905 0.796545
v 0.159930 -0.297809 0.756829
v 0.159040 -0.298612 0.757238
v 0.158237 -0.299249 0.757875
v 0.157600 -0.299658 0.758678
v 0.157191 -0.299799 0.759568
v 0.157050 -0.299658 0.760458
v 0.157050 -0.288534 0.794696
v 0.157191 -0.288125 0.795499
v 0.157600 -0.287488 0.796136
v 0.158237 -0.286685 0.796545
v 0.159040 -0.285795 0.796686
v 0.159930 -0.284905 0.796545
v 0.159930 -0.236010 0.736749
v 0.159040 -0.236260 0.736978
v 0.158237 -0.236398 0.737453
v 0.157600 -0.236411 0.738128
v 0.157191 -0.236298 0.738935
v 0.157050 -0.236069 0.739797
v 0.157050 -0.224945 0.774035
v 0.157191 -0.224623 0.774866
v 0.157600 -0.224240 0.775586
v 0.158237 -0.223833 0.776123
v 0.159040 -0.223442 0.776426
v 0.159930 -0.223105 0.776465
v 0.114390 -0.181058 0.718894
v 0.112555 -0.180168 0.718753
v 0.110900 -0.179278 0.718894
v 0.109587 -0.178475 0.719303
v 0.108744 -0.177838 0.719940
v 0.108453 -0.177429 0.720743
v 0.108453 -0.166304 0.754981
v 0.108744 -0.166163 0.755871
v 0.109587 -0.166304 0.756761
v 0.110900 -0.166713 0.757564
v 0.112555 -0.167350 0.758201
v 0.114390 -0.168153 0.758610
v 0.135630 -0.181058 0.718894
v 0.136065 -0.180168 0.718753
v 0.136457 -0.179278 0.718894
v 0.136769 -0.178475 0.719303
v 0.136969 -0.177838 0.719940
v 0.137037 -0.177429 0.720743
v 0.137037 -0.166304 0.754981
v 0.136969 -0.166163 0.755871
v 0.136769 -0.166304 0.756761
v 0.136457 -0.166713 0.757564
v 0.136065 -0.167350 0.758201
v 0.135630 -0.168153 0.758610
v 0.168570 -0.221287 0.731965
v 0.168574 -0.219871 0.731653
v 0.168577 -0.218506 0.731640
v 0.168580 -0.217326 0.731927
v 0.168582 -0.216447 0.732485
v 0.168582 -0.215954 0.733261
v 0.168582 -0.204830 0.767499
v 0.168582 -0.204772 0.768416
v 0.168580 -0.205155 0.769384
v 0.168577 -0.205941 0.770310
v 0.168574 -0.207053 0.771101
v 0.168570 -0.208383 0.771681
v 0.201870 -0.181058 0.718894
v 0.201438 -0.180168 0.718753
v 0.201048 -0.179278 0.718894
v 0.200739 -0.178475 0.719303
v 0.200540 -0.177838 0.719940
v 0.200472 -0.177429 0.720743
v 0.200472 -0.166304 0.754981
v 0.200540 -0.166163 0.755871
v 0.200739 -0.166304 0.756761
v 0.201048 -0.166713 0.757564
v 0.201438 -0.167350 0.758201
v 0.201870 -0.168153 0.758610
vn -0.0000 0.3090 0.9511
vn -0.0000 -0.3090 -0.9511
vn 0.0292 0.0029 -0.9996
vn 0.0609 -0.0010 -0.9981
vn 0.0303 -0.1595 -0.9867
vn 0.0146 -0.1573 -0.9874
vn 0.0551 0.3098 -0.9492
vn 0.1147 0.3018 -0.9465
vn 0.0757 0.5863 -0.8066
vn 0.1574 0.5751 -0.8028
vn 0.0889 0.8057 -0.5856
vn 0.1848 0.7925 -0.5812
vn 0.0931 0.9198 -0.3812
vn 0.1936 0.9059 -0.3767
vn 0.0931 0.9682 -0.2322
vn 0.1936 0.9543 -0.2277
vn 0.0889 0.9960 0.0001
vn 0.1848 0.9828 0.0044
vn 0.0757 0.9484 0.3079
vn 0.1574 0.9371 0.3114
vn 0.0551 0.8085 0.5859
vn 0.1147 0.8004 0.5883
vn 0.0292 0.5899 0.8069
vn 0.0609 0.5859 0.8081
vn 0.0146 0.4532 0.8913
vn 0.0303 0.4510 0.8920
vn 0.0950 -0.0090 -0.9954
vn 0.0473 -0.1637 -0.9854
vn 0.1789 0.2864 -0.9413
vn 0.2454 0.5537 -0.7957
vn 0.2881 0.7673 -0.5729
vn 0.3018 0.8794 -0.3681
vn 0.3018 0.9278 -0.2191
vn 0.2881 0.9575 0.0125
vn 0.2454 0.9157 0.3183
vn 0.1789 0.7849 0.5932
vn 0.0950 0.5779 0.8106
vn 0.0473 0.4468 0.8934
vn 0.1311 -0.0218 -0.9911
vn 0.0651 -0.1703 -0.9832
vn 0.2467 0.2617 -0.9331
vn 0.3383 0.5197 -0.7845
vn 0.3970 0.7273 -0.5598
vn 0.4160 0.8374 -0.3545
vn 0.4160 0.8859 -0.2054
vn 0.3970 0.9175 0.0254
vn 0.3383 0.8816 0.3292
vn 0.2467 0.7602 0.6010
vn 0.1311 0.5649 0.8146
vn 0.0651 0.4402 0.8956
vn 0.1681 -0.0404 -0.9849
vn 0.0834 -0.1798 -0.9802
vn 0.3160 0.2262 -0.9214
vn 0.4332 0.4708 -0.7685
vn 0.5084 0.6698 -0.5411
vn 0.5327 0.7772 -0.3349
vn 0.5327 0.8256 -0.1859
vn 0.5084 0.8600 0.0441
vn 0.4332 0.8326 0.3450
vn 0.3160 0.7246 0.6125
vn 0.1681 0.5462 0.8206
vn 0.0834 0.4307 0.8986
vn 0.2044 -0.0655 -0.9767
vn 0.1013 -0.1923 -0.9761
vn 0.3839 0.1788 -0.9059
vn 0.5262 0.4058 -0.7473
vn 0.6176 0.5934 -0.5162
vn 0.6470 0.6971 -0.3089
vn 0.6470 0.7455 -0.1598
vn 0.6176 0.7835 0.0689
vn 0.5262 0.7675 0.3661
vn 0.3839 0.6772 0.6277
vn 0.2044 0.5211 0.8287
vn 0.1013 0.4181 0.9027
vn 0.2378 -0.0968 -0.9665
vn 0.1178 -0.2079 -0.9710
vn 0.4466 0.1199 -0.8866
vn 0.6121 0.3249 -0.7209
vn 0.7183 0.4984 -0.4854
vn 0.7526 0.5976 -0.2766
vn 0.7526 0.6460 -0.1275
vn 0.7183 0.6885 0.0997
vn 0.6121 0.6866 0.3923
vn 0.4466 0.6181 0.6469
vn 0.2378 0.4898 0.8388
vn 0.1178 0.4025 0.9078
vn 0.2665 -0.1334 -0.9546
vn 0.1319 -0.2261 -0.9651
vn 0.5004 0.0511 -0.8643
vn 0.6857 0.2307 -0.6903
vn 0.8047 0.3879 -0.4494
vn 0.8431 0.4817 -0.2389
vn 0.8431 0.5302 -0.0898
vn 0.8047 0.5780 0.1356
vn 0.6857 0.5924 0.4229
vn 0.5004 0.5494 0.6692
vn 0.2665 0.4532 0.8507
vn 0.1319 0.3844 0.9137
vn 0.2886 -0.1734 -0.9416
vn 0.1430 -0.2459 -0.9587
vn 0.5422 -0.0240 -0.8399
vn 0.7431 0.1277 -0.6569
vn 0.8720 0.2671 -0.4102
vn 0.9136 0.3552 -0.1978
vn 0.9136 0.4036 -0.0487
vn 0.8720 0.4572 0.1749
vn 0.7431 0.4895 0.4564
vn 0.5422 0.4743 0.6936
vn 0.2886 0.4132 0.8637
vn 0.1430 0.3646 0.9201
vn 0.3037 -0.2147 -0.9283
vn 0.1506 -0.2663 -0.9521
vn 0.5707 -0.1014 -0.8149
vn 0.7823 0.0216 -0.6225
vn 0.9181 0.1426 -0.3698
vn 0.9619 0.2248 -0.1555
vn 0.9619 0.2733 -0.0064
vn 0.9181 0.3327 0.2153
vn 0.7823 0.3834 0.4909
vn 0.5707 0.3969 0.7189
vn 0.3037 0.3719 0.8772
vn 0.1506 0.3442 0.9267
vn 0.3118 -0.2551 -0.9153
vn 0.1548 -0.2862 -0.9456
vn 0.5864 -0.1773 -0.7904
vn 0.8040 -0.0823 -0.5889
vn 0.9437 0.0207 -0.3302
vn 0.9887 0.0971 -0.1139
vn 0.9887 0.1455 0.0351
vn 0.9437 0.2109 0.2550
vn 0.8040 0.2796 0.5248
vn 0.5864 0.3212 0.7436
vn 0.3118 0.3316 0.8904
vn 0.1548 0.3242 0.9332
vn 0.3134 -0.2908 -0.9040
vn 0.1562 -0.3039 -0.9398
vn 0.5907 -0.2443 -0.7691
vn 0.8104 -0.1740 -0.5594
vn 0.9514 -0.0869 -0.2954
vn 0.9969 -0.0156 -0.0773
vn 0.9969 0.0328 0.0717
vn 0.9514 0.1033 0.2901
vn 0.8104 0.1880 0.5549
vn 0.5907 0.2544 0.7657
vn 0.3134 0.2961 0.9023
vn 0.1562 0.3066 0.9389
vn 0.3116 -0.3202 -0.8946
vn 0.1556 -0.3186 -0.9350
vn 0.5880 -0.2999 -0.7512
vn 0.8070 -0.2503 -0.5348
vn 0.9476 -0.1764 -0.2665
vn 0.9929 -0.1094 -0.0469
vn 0.9929 -0.0609 0.1022
vn 0.9476 0.0139 0.3193
vn 0.8070 0.1119 0.5798
vn 0.5880 0.1990 0.7840
vn 0.3116 0.2668 0.9120
vn 0.1556 0.2919 0.9437
vn 0.3077 -0.3481 -0.8855
vn 0.1536 -0.3325 -0.9305
vn 0.5805 -0.3525 -0.7340
vn 0.7966 -0.3226 -0.5113
vn 0.9352 -0.2613 -0.2389
vn 0.9800 -0.1983 -0.0180
vn 0.9800 -0.1499 0.1311
vn 0.9352 -0.0710 0.3468
vn 0.7966 0.0396 0.6032
vn 0.5805 0.1463 0.8010
vn 0.3077 0.2388 0.9210
vn 0.1536 0.2779 0.9482
vn 0.3007 -0.3770 -0.8761
vn 0.1500 -0.3469 -0.9258
vn 0.5669 -0.4068 -0.7163
vn 0.7779 -0.3971 -0.4870
vn 0.9133 -0.3488 -0.2104
vn 0.9569 -0.2900 0.0118
vn 0.9569 -0.2416 0.1609
vn 0.9133 -0.1586 0.3752
vn 0.7779 -0.0350 0.6274
vn 0.5669 0.0919 0.8186
vn 0.3007 0.2099 0.9303
vn 0.1500 0.2636 0.9529
vn 0.2901 -0.4061 -0.8666
vn 0.1446 -0.3614 -0.9211
vn 0.5469 -0.4617 -0.6984
vn 0.7503 -0.4724 -0.4625
vn 0.8808 -0.4372 -0.1817
vn 0.9230 -0.3826 0.0419
vn 0.9230 -0.3342 0.1910
vn 0.8808 -0.2469 0.4039
vn 0.7503 -0.1103 0.6518
vn 0.5469 0.0370 0.8364
vn 0.2901 0.1808 0.9398
vn 0.1446 0.2491 0.9576
vn 0.2760 -0.4347 -0.8572
vn 0.1376 -0.3756 -0.9165
vn 0.5202 -0.5156 -0.6809
vn 0.7137 -0.5463 -0.4384
vn 0.8378 -0.5240 -0.1534
vn 0.8779 -0.4736 0.0715
vn 0.8779 -0.4251 0.2205
vn 0.8378 -0.3337 0.4321
vn 0.7137 -0.1843 0.6758
vn 0.5202 -0.0169 0.8539
vn 0.2760 0.1522 0.9490
vn 0.1376 0.2348 0.9623
vn 0.2585 -0.4620 -0.8483
vn 0.1288 -0.3892 -0.9121
vn 0.4872 -0.5671 -0.6641
vn 0.6684 -0.6169 -0.4155
vn 0.7847 -0.6069 -0.1265
vn 0.8222 -0.5604 0.0997
vn 0.8222 -0.5120 0.2488
vn 0.7847 -0.4166 0.4590
vn 0.6684 -0.2549 0.6988
vn 0.4872 -0.0684 0.8706
vn 0.2585 0.1248 0.9579
vn 0.1288 0.2212 0.9667
vn 0.2381 -0.4873 -0.8402
vn 0.1187 -0.4019 -0.9080
vn 0.4487 -0.6147 -0.6487
vn 0.6156 -0.6823 -0.3942
vn 0.7227 -0.6836 -0.1016
vn 0.7573 -0.6409 0.1258
vn 0.7573 -0.5924 0.2749
vn 0.7227 -0.4934 0.4840
vn 0.6156 -0.3203 0.7200
vn 0.4487 -0.1160 0.8861
vn 0.2381 0.0996 0.9661
vn 0.1187 0.2086 0.9708
vn 0.2153 -0.5099 -0.8328
vn 0.1074 -0.4132 -0.9043
vn 0.4059 -0.6574 -0.6348
vn 0.5569 -0.7410 -0.3752
vn 0.6538 -0.7525 -0.0792
vn 0.6851 -0.7130 0.1493
vn 0.6851 -0.6646 0.2983
vn 0.6538 -0.5622 0.5064
vn 0.5569 -0.3789 0.7391
vn 0.4059 -0.1587 0.9000
vn 0.2153 0.0770 0.9735
vn 0.1074 0.1973 0.9745
vn 0.1910 -0.5295 -0.8265
vn 0.0953 -0.4230 -0.9011
vn 0.3601 -0.6945 -0.6229
vn 0.4942 -0.7919 -0.3587
vn 0.5802 -0.8123 -0.0598
vn 0.6079 -0.7757 0.1696
vn 0.6079 -0.7272 0.3187
vn 0.5802 -0.6220 0.5258
vn 0.4942 -0.4298 0.7557
vn 0.3601 -0.1958 0.9121
vn 0.1910 0.0574 0.9799
vn 0.0953 0.1874 0.9776
vn 0.1658 -0.5460 -0.8212
vn 0.0828 -0.4313 -0.8984
vn 0.3128 -0.7257 -0.6128
vn 0.4293 -0.8347 -0.3449
vn 0.5040 -0.8626 -0.0435
vn 0.5281 -0.8284 0.1868
vn 0.5281 -0.7800 0.3358
vn 0.5040 -0.6723 0.5422
vn 0.4293 -0.4726 0.7697
vn 0.3128 -0.2269 0.9223
vn 0.1658 0.0410 0.9853
vn 0.0828 0.1792 0.9803
vn 0.1405 -0.5593 -0.8170
vn 0.0702 -0.4380 -0.8962
vn 0.2652 -0.7510 -0.6047
vn 0.3532 -0.8034 -0.4793
vn 0.8508 0.5153 -0.1030
vn 0.8702 0.4710 -0.1448
vn 0.8702 0.4662 -0.1597
vn 0.8508 0.4774 -0.2195
vn 0.3532 -0.3682 0.8600
vn 0.2651 -0.2522 0.9306
vn 0.1405 0.0277 0.9897
vn 0.0702 0.1724 0.9825
vn 0.1063 -0.3173 -0.9423
vn 0.0781 -0.3155 -0.9457
vn 0.2233 -0.4825 -0.8469
vn -0.6945 0.0085 0.7194
vn -0.8773 0.2289 0.4219
vn -0.9850 0.1371 0.1049
vn -0.9850 0.0493 -0.1655
vn -0.8773 -0.0628 -0.4758
vn -0.6945 -0.4160 -0.5870
vn 0.2233 0.1074 0.9688
vn 0.1063 0.2972 0.9489
vn 0.0781 0.3007 0.9505
vn 0.1896 -0.0581 -0.9801
vn 0.0950 -0.1872 -0.9777
vn 0.2956 0.0528 -0.9538
vn 0.7652 -0.5663 0.3063
vn 0.7385 -0.6197 0.2657
vn 0.7630 -0.6123 0.2072
vn 0.7630 -0.6172 0.1923
vn 0.7385 -0.6575 0.1493
vn 0.7652 -0.6382 0.0851
vn 0.2956 0.6034 0.7406
vn 0.1896 0.5291 0.8271
vn 0.0950 0.4233 0.9010
vn 0.2055 -0.0706 -0.9761
vn 0.1031 -0.1934 -0.9757
vn 0.3887 0.1722 -0.9051
vn 0.5339 0.3981 -0.7460
vn 0.6270 0.5852 -0.5142
vn 0.6571 0.6888 -0.3062
vn 0.6571 0.7373 -0.1571
vn 0.6270 0.7757 0.0721
vn 0.5339 0.7606 0.3695
vn 0.3887 0.6713 0.6311
vn 0.2055 0.5166 0.8312
vn 0.1031 0.4170 0.9030
vn 0.2193 -0.0832 -0.9721
vn 0.1101 -0.1996 -0.9737
vn 0.4149 0.1487 -0.8976
vn 0.5700 0.3659 -0.7356
vn 0.6696 0.5474 -0.5020
vn 0.7017 0.6493 -0.2934
vn 0.7017 0.6977 -0.1443
vn 0.6696 0.7379 0.0844
vn 0.5700 0.7284 0.3801
vn 0.4149 0.6479 0.6388
vn 0.2193 0.5041 0.8353
vn 0.1101 0.4109 0.9050
vn 0.2309 -0.0951 -0.9683
vn 0.1160 -0.2055 -0.9718
vn 0.4371 0.1263 -0.8905
vn 0.6007 0.3353 -0.7258
vn 0.7056 0.5115 -0.4904
vn 0.7395 0.6117 -0.2812
vn 0.7395 0.6601 -0.1321
vn 0.7056 0.7021 0.0961
vn 0.6007 0.6979 0.3901
vn 0.4371 0.6256 0.6462
vn 0.2309 0.4922 0.8393
vn 0.1160 0.4050 0.9069
vn 0.2403 -0.1061 -0.9649
vn 0.1209 -0.2108 -0.9700
vn 0.4553 0.1058 -0.8840
vn 0.6258 0.3073 -0.7169
vn 0.7352 0.4788 -0.4799
vn 0.7705 0.5774 -0.2700
vn 0.7705 0.6259 -0.1209
vn 0.7352 0.6694 0.1068
vn 0.6258 0.6700 0.3993
vn 0.4553 0.6052 0.6530
vn 0.2403 0.4813 0.8429
vn 0.1209 0.3996 0.9087
vn 0.2478 -0.1156 -0.9619
vn 0.1248 -0.2155 -0.9685
vn 0.4698 0.0880 -0.8784
vn 0.6459 0.2829 -0.7091
vn 0.7589 0.4501 -0.4707
vn 0.7953 0.5475 -0.2603
vn 0.7953 0.5959 -0.1112
vn 0.7589 0.6408 0.1162
vn 0.6459 0.6457 0.4074
vn 0.4698 0.5875 0.6589
vn 0.2478 0.4719 0.8461
vn 0.1248 0.3949 0.9102
vn 0.2535 -0.1236 -0.9594
vn 0.1278 -0.2194 -0.9672
vn 0.4810 0.0730 -0.8737
vn 0.6614 0.2624 -0.7026
vn 0.7772 0.4262 -0.4630
vn 0.8145 0.5224 -0.2522
vn 0.8145 0.5709 -0.1030
vn 0.7772 0.6169 0.1240
vn 0.6614 0.6253 0.4142
vn 0.4810 0.5726 0.6639
vn 0.2535 0.4639 0.8488
vn 0.1278 0.3910 0.9115
vn 0.2577 -0.1300 -0.9574
vn 0.1301 -0.2226 -0.9662
vn 0.4893 0.0611 -0.8700
vn 0.6730 0.2462 -0.6975
vn 0.7908 0.4072 -0.4569
vn 0.8289 0.5025 -0.2457
vn 0.8289 0.5510 -0.0966
vn 0.7908 0.5980 0.1303
vn 0.6730 0.6092 0.4196
vn 0.4893 0.5608 0.6679
vn 0.2577 0.4576 0.8510
vn 0.1301 0.3879 0.9125
vn 0.2607 -0.1348 -0.9560
vn 0.1317 -0.2249 -0.9655
vn 0.4951 0.0522 -0.8673
vn 0.6811 0.2341 -0.6937
vn 0.8005 0.3931 -0.4524
vn 0.8391 0.4878 -0.2410
vn 0.8391 0.5362 -0.0918
vn 0.8005 0.5839 0.1350
vn 0.6811 0.5972 0.4236
vn 0.4951 0.5520 0.6709
vn 0.2607 0.4529 0.8526
vn 0.1317 0.3856 0.9132
vn 0.2625 -0.1380 -0.9550
vn 0.1327 -0.2264 -0.9649
vn 0.4989 0.0463 -0.8655
vn 0.6864 0.2260 -0.6912
vn 0.8068 0.3836 -0.4494
vn 0.8457 0.4779 -0.2377
vn 0.8457 0.5263 -0.0885
vn 0.8068 0.5745 0.1381
vn 0.6864 0.5891 0.4264
vn 0.4989 0.5461 0.6730
vn 0.2625 0.4497 0.8537
vn 0.1327 0.3840 0.9137
vn 0.2634 -0.1398 -0.9545
vn 0.1332 -0.2273 -0.9647
vn 0.5008 0.0430 -0.8645
vn 0.6892 0.2215 -0.6899
vn 0.8101 0.3784 -0.4478
vn 0.8492 0.4725 -0.2360
vn 0.8492 0.5210 -0.0868
vn 0.8101 0.5693 0.1399
vn 0.6892 0.5847 0.4279
vn 0.5008 0.5429 0.6742
vn 0.2634 0.4479 0.8544
vn 0.1333 0.3832 0.9140
vn 0.2627 -0.1397 -0.9547
vn 0.1331 -0.2271 -0.9647
vn 0.5000 0.0435 -0.8650
vn 0.6883 0.2224 -0.6905
vn 0.8093 0.3796 -0.4484
vn 0.8483 0.4738 -0.2364
vn 0.8483 0.5223 -0.0872
vn 0.8093 0.5706 0.1396
vn 0.6883 0.5858 0.4279
vn 0.5000 0.5436 0.6742
vn 0.2627 0.4481 0.8545
vn 0.1331 0.3834 0.9140
vn 0.2613 -0.1378 -0.9554
vn 0.1325 -0.2261 -0.9651
vn 0.4975 0.0472 -0.8662
vn 0.6849 0.2275 -0.6922
vn 0.8053 0.3856 -0.4503
vn 0.8442 0.4801 -0.2385
vn 0.8442 0.5286 -0.0892
vn 0.8053 0.5767 0.1377
vn 0.6849 0.5909 0.4262
vn 0.4975 0.5473 0.6730
vn 0.2613 0.4501 0.8539
vn 0.1325 0.3844 0.9136
vn 0.2598 -0.1356 -0.9561
vn 0.1317 -0.2249 -0.9654
vn 0.4946 0.0514 -0.8676
vn 0.6810 0.2334 -0.6941
vn 0.8007 0.3925 -0.4526
vn 0.8393 0.4874 -0.2409
vn 0.8393 0.5359 -0.0916
vn 0.8007 0.5836 0.1354
vn 0.6810 0.5968 0.4244
vn 0.4946 0.5516 0.6717
vn 0.2598 0.4523 0.8532
vn 0.1317 0.3855 0.9133
vn 0.2581 -0.1332 -0.9569
vn 0.1309 -0.2237 -0.9658
vn 0.4914 0.0560 -0.8691
vn 0.6766 0.2398 -0.6962
vn 0.7956 0.4000 -0.4551
vn 0.8340 0.4952 -0.2434
vn 0.8340 0.5437 -0.0942
vn 0.7956 0.5911 0.1330
vn 0.6766 0.6032 0.4223
vn 0.4914 0.5562 0.6702
vn 0.2581 0.4547 0.8524
vn 0.1309 0.3867 0.9129
vn 0.2564 -0.1307 -0.9577
vn 0.1300 -0.2224 -0.9662
vn 0.4882 0.0607 -0.8706
vn 0.6721 0.2462 -0.6983
vn 0.7903 0.4076 -0.4575
vn 0.8284 0.5032 -0.2460
vn 0.8284 0.5517 -0.0967
vn 0.7903 0.5987 0.1306
vn 0.6721 0.6096 0.4202
vn 0.4882 0.5609 0.6687
vn 0.2564 0.4572 0.8516
vn 0.1300 0.3880 0.9125
vn 0.2548 -0.1283 -0.9584
vn 0.1292 -0.2213 -0.9666
vn 0.4850 0.0652 -0.8721
vn 0.6678 0.2523 -0.7003
vn 0.7852 0.4148 -0.4598
vn 0.8231 0.5107 -0.2485
vn 0.8231 0.5592 -0.0992
vn 0.7852 0.6059 0.1282
vn 0.6678 0.6157 0.4182
vn 0.4850 0.5653 0.6672
vn 0.2548 0.4595 0.8508
vn 0.1292 0.3892 0.9121
vn 0.2534 -0.1263 -0.9591
vn 0.1284 -0.2202 -0.9670
vn 0.4823 0.0691 -0.8733
vn 0.6640 0.2577 -0.7020
vn 0.7806 0.4211 -0.4619
vn 0.8183 0.5173 -0.2506
vn 0.8183 0.5658 -0.1013
vn 0.7806 0.6121 0.1261
vn 0.6640 0.6211 0.4164
vn 0.4823 0.5692 0.6659
vn 0.2534 0.4616 0.8501
vn 0.1284 0.3902 0.9117
vn 0.2522 -0.1245 -0.9596
vn 0.4800 0.0723 -0.8743
vn 0.6608 0.2621 -0.7033
vn 0.7769 0.4262 -0.4635
vn 0.8144 0.5226 -0.2523
vn 0.8144 0.5711 -0.1031
vn 0.7769 0.6172 0.1245
vn 0.6608 0.6254 0.4150
vn 0.4800 0.5724 0.6648
vn 0.2522 0.4633 0.8496
vn 0.2513 -0.1233 -0.9600
vn 0.1273 -0.2188 -0.9674
vn 0.4783 0.0747 -0.8750
vn 0.6584 0.2653 -0.7044
vn 0.7740 0.4300 -0.4647
vn 0.8114 0.5266 -0.2536
vn 0.8114 0.5751 -0.1044
vn 0.7740 0.6210 0.1232
vn 0.6584 0.6287 0.4139
vn 0.4783 0.5748 0.6640
vn 0.2513 0.4646 0.8491
vn 0.1273 0.3917 0.9113
vn 0.2508 -0.1224 -0.9603
vn 0.1270 -0.2184 -0.9676
vn 0.4771 0.0763 -0.8755
vn 0.6568 0.2675 -0.7050
vn 0.7721 0.4326 -0.4655
vn 0.8094 0.5293 -0.2545
vn 0.8094 0.5778 -0.1052
vn 0.7721 0.6236 0.1223
vn 0.6568 0.6308 0.4131
vn 0.4771 0.5763 0.6635
vn 0.2508 0.4654 0.8488
vn 0.1270 0.3921 0.9111
vn 0.2505 -0.1219 -0.9604
vn 0.1268 -0.2181 -0.9676
vn 0.4765 0.0772 -0.8758
vn 0.6559 0.2688 -0.7054
vn 0.7710 0.4340 -0.4660
vn 0.8082 0.5308 -0.2550
vn 0.8082 0.5793 -0.1057
vn 0.7710 0.6250 0.1219
vn 0.6559 0.6321 0.4127
vn 0.4765 0.5772 0.6631
vn 0.2505 0.4659 0.8486
vn 0.1268 0.3923 0.9110
vn 0.2504 -0.1217 -0.9605
vn 0.1268 -0.2180 -0.9677
vn 0.4763 0.0776 -0.8759
vn 0.6555 0.2693 -0.7055
vn 0.7706 0.4346 -0.4661
vn 0.8078 0.5314 -0.2552
vn 0.8078 0.5799 -0.1059
vn 0.7706 0.6256 0.1217
vn 0.6555 0.6325 0.4125
vn 0.4763 0.5776 0.6630
vn 0.2504 0.4661 0.8486
vn 0.1268 0.3924 0.9110
vn 0.1788 -0.3896 -0.9035
vn 0.0640 -0.3393 -0.9385
vn 0.3370 -0.4497 -0.8272
vn 0.5399 -0.5081 -0.6711
vn 0.7731 -0.5290 -0.3500
vn 0.8800 -0.4748 -0.0066
vn 0.8800 -0.3803 0.2844
vn 0.7731 -0.2222 0.5941
vn 0.5399 -0.0166 0.8416
vn 0.3370 0.1223 0.9335
vn 0.1788 0.2159 0.9599
vn 0.0640 0.2771 0.9587
vn -0.1514 -0.5569 -0.8167
vn -0.0660 -0.4210 -0.9047
vn -0.2739 -0.7307 -0.6254
vn -0.3791 -0.8494 -0.3671
vn -0.4525 -0.8899 -0.0567
vn -0.4774 -0.8584 0.1876
vn -0.4774 -0.8048 0.3528
vn -0.4525 -0.6866 0.5690
vn -0.3791 -0.4714 0.7963
vn -0.2739 -0.2236 0.9354
vn -0.1514 0.0295 0.9880
vn -0.0660 0.1911 0.9793
vn -0.2583 -0.4542 -0.8526
vn -0.1310 -0.3865 -0.9129
vn -0.4919 -0.5554 -0.6705
vn -0.6773 -0.6021 -0.4227
vn -0.7964 -0.5898 -0.1335
vn -0.8349 -0.5424 0.0937
vn -0.8349 -0.4939 0.2430
vn -0.7964 -0.3987 0.4547
vn -0.6773 -0.2386 0.6959
vn -0.4919 -0.0552 0.8689
vn -0.2583 0.1337 0.9568
vn -0.1310 0.2239 0.9658
vn -0.2536 -0.4595 -0.8512
vn -0.1290 -0.3894 -0.9120
vn -0.4837 -0.5659 -0.6676
vn -0.6666 -0.6169 -0.4185
vn -0.7841 -0.6073 -0.1281
vn -0.8220 -0.5607 0.0996
vn -0.8220 -0.5122 0.2490
vn -0.7841 -0.4160 0.4606
vn -0.6666 -0.2531 0.7011
vn -0.4837 -0.0654 0.8728
vn -0.2536 0.1286 0.9587
vn -0.1290 0.2210 0.9667
vn -0.2466 -0.4682 -0.8485
vn -0.1256 -0.3939 -0.9105
vn -0.4708 -0.5827 -0.6624
vn -0.6490 -0.6401 -0.4112
vn -0.7635 -0.6347 -0.1194
vn -0.8005 -0.5894 0.1089
vn -0.8005 -0.5408 0.2583
vn -0.7635 -0.4433 0.4696
vn -0.6490 -0.2762 0.7089
vn -0.4708 -0.0820 0.8784
vn -0.2466 0.1200 0.9617
vn -0.1256 0.2166 0.9682
vn -0.2373 -0.4787 -0.8453
vn -0.1210 -0.3994 -0.9088
vn -0.4535 -0.6033 -0.6561
vn -0.6254 -0.6686 -0.4022
vn -0.7359 -0.6683 -0.1087
vn -0.7716 -0.6246 0.1203
vn -0.7716 -0.5760 0.2698
vn -0.7359 -0.4768 0.4807
vn -0.6254 -0.3045 0.7184
vn -0.4535 -0.1024 0.8853
vn -0.2373 0.1095 0.9652
vn -0.1210 0.2110 0.9700
vn -0.2247 -0.4915 -0.8414
vn -0.1149 -0.4061 -0.9066
vn -0.4301 -0.6282 -0.6484
vn -0.5935 -0.7032 -0.3914
vn -0.6986 -0.7091 -0.0957
vn -0.7325 -0.6674 0.1342
vn -0.7325 -0.6188 0.2837
vn -0.6986 -0.5174 0.4942
vn -0.5935 -0.3389 0.7300
vn -0.4301 -0.1271 0.8938
vn -0.2247 0.0969 0.9696
vn -0.1149 0.2044 0.9721
vn -0.2079 -0.5065 -0.8368
vn -0.1066 -0.4140 -0.9040
vn -0.3986 -0.6575 -0.6393
vn -0.5504 -0.7441 -0.3787
vn -0.6480 -0.7574 -0.0804
vn -0.6796 -0.7180 0.1505
vn -0.6796 -0.6693 0.3002
vn -0.6480 -0.5655 0.5102
vn -0.5504 -0.3794 0.7437
vn -0.3986 -0.1562 0.9037
vn -0.2079 0.0821 0.9747
vn -0.1066 0.1965 0.9747
vn -0.1858 -0.5233 -0.8316
vn -0.0955 -0.4229 -0.9012
vn -0.3568 -0.6905 -0.6292
vn -0.4930 -0.7901 -0.3644
vn -0.5807 -0.8117 -0.0631
vn -0.6091 -0.7749 0.1690
vn -0.6091 -0.7262 0.3188
vn -0.5807 -0.6196 0.5282
vn -0.4930 -0.4250 0.7592
vn -0.3568 -0.1888 0.9149
vn -0.1858 0.0654 0.9804
vn -0.0955 0.1876 0.9776
vn -0.1576 -0.5408 -0.8263
vn -0.0812 -0.4321 -0.8982
vn -0.3032 -0.7249 -0.6186
vn -0.4193 -0.8379 -0.3494
vn -0.4940 -0.8683 -0.0451
vn -0.5182 -0.8343 0.1882
vn -0.5182 -0.7856 0.3381
vn -0.4940 -0.6759 0.5469
vn -0.4193 -0.4725 0.7752
vn -0.3032 -0.2228 0.9265
vn -0.1576 0.0482 0.9863
vn -0.0812 0.1784 0.9806
vn -0.1241 -0.5570 -0.8212
vn -0.0640 -0.4407 -0.8954
vn -0.2389 -0.7566 -0.6086
vn -0.3305 -0.8822 -0.3354
vn -0.3896 -0.9206 -0.0284
vn -0.4087 -0.8891 0.2060
vn -0.4087 -0.8404 0.3560
vn -0.3896 -0.7280 0.5641
vn -0.3305 -0.5165 0.7899
vn -0.2389 -0.2544 0.9371
vn -0.1241 0.0320 0.9918
vn -0.0640 0.1698 0.9834
vn -0.0876 -0.5701 -0.8169
vn -0.0452 -0.4473 -0.8932
vn -0.1688 -0.7817 -0.6004
vn -0.2334 -0.9167 -0.3242
vn -0.2751 -0.9613 -0.0151
vn -0.2886 -0.9319 0.2198
vn -0.2886 -0.8831 0.3699
vn -0.2751 -0.7688 0.5773
vn -0.2334 -0.5511 0.8011
vn -0.1688 -0.2795 0.9452
vn -0.0876 0.0190 0.9960
vn -0.0452 0.1631 0.9856
vn -0.0525 -0.5788 -0.8138
vn -0.0270 -0.4515 -0.8918
vn -0.1008 -0.7976 -0.5947
vn -0.1394 -0.9383 -0.3166
vn -0.1642 -0.9864 -0.0066
vn -0.1723 -0.9582 0.2285
vn -0.1723 -0.9095 0.3784
vn -0.1642 -0.7941 0.5851
vn -0.1394 -0.5730 0.8076
vn -0.1008 -0.2957 0.9500
vn -0.0525 0.0101 0.9986
vn -0.0270 0.1589 0.9869
vn -0.0228 -0.5835 -0.8118
vn -0.0117 -0.4534 -0.8912
vn -0.0437 -0.8052 -0.5914
vn -0.0603 -0.9480 -0.3125
vn -0.0710 -0.9975 -0.0024
vn -0.0745 -0.9698 0.2324
vn -0.0745 -0.9211 0.3820
vn -0.0710 -0.8056 0.5882
vn -0.0603 -0.5833 0.8100
vn -0.0437 -0.3038 0.9517
vn -0.0228 0.0051 0.9997
vn -0.0117 0.1570 0.9875
vn -0.0049 -0.5865 -0.8099
vn -0.0025 -0.4540 -0.8910
vn -0.0094 -0.8082 -0.5889
vn -0.0130 -0.9506 -0.3100
vn -0.0152 -0.9999 -0.0006
vn -0.0160 -0.9723 0.2333
vn -0.0160 -0.9237 0.3827
vn -0.0152 -0.8086 0.5882
vn -0.0130 -0.5869 0.8096
vn -0.0094 -0.3077 0.9514
vn -0.0049 0.0016 1.0000
vn -0.0025 0.1565 0.9877
vn 0.1203 -0.4190 -0.9000
vn 0.0787 -0.3819 -0.9208
vn 0.2882 -0.5563 -0.7794
vn 0.4666 -0.6760 -0.5704
vn 0.6319 -0.7397 -0.2315
vn 0.7023 -0.7038 0.1069
vn 0.7023 -0.6322 0.3272
vn 0.6319 -0.4623 0.6220
vn 0.4666 -0.2116 0.8588
vn 0.2882 0.0081 0.9575
vn 0.1203 0.1901 0.9744
vn 0.0787 0.2322 0.9695
vn 0.1980 -0.4850 -0.8518
vn 0.3610 -0.6090 -0.7062
vn 0.5226 -0.7052 -0.4792
vn 0.6543 -0.7395 -0.1585
vn 0.7032 -0.7012 0.1175
vn 0.7032 -0.6364 0.3171
vn 0.6543 -0.5051 0.5629
vn 0.5226 -0.2889 0.8021
vn 0.3610 -0.0776 0.9293
vn 0.1980 0.1083 0.9742
vn -0.1980 -0.4850 -0.8518
vn -0.0787 -0.3819 -0.9208
vn -0.3610 -0.6090 -0.7062
vn -0.5226 -0.7052 -0.4792
vn -0.6543 -0.7395 -0.1585
vn -0.7032 -0.7012 0.1175
vn -0.7032 -0.6364 0.3171
vn -0.6543 -0.5051 0.5629
vn -0.5226 -0.2889 0.8021
vn -0.3610 -0.0776 0.9293
vn -0.1980 0.1083 0.9742
vn -0.0787 0.2322 0.9695
vn -0.1980 -0.1083 -0.9742
vn -0.0787 -0.2322 -0.9695
vn -0.3610 0.0776 -0.9293
vn -0.5226 0.2889 -0.8021
vn -0.6543 0.5051 -0.5629
vn -0.7032 0.6364 -0.3171
vn -0.7032 0.7012 -0.1175
vn -0.6543 0.7395 0.1585
vn -0.5226 0.7052 0.4792
vn -0.3610 0.6090 0.7062
vn -0.1980 0.4850 0.8518
vn -0.0787 0.3819 0.9208
vn 0.0070 0.0020 -1.0000
vn 0.0035 -0.1565 -0.9877
vn 0.0133 0.3105 -0.9505
vn 0.0182 0.5886 -0.8082
vn 0.0214 0.8092 -0.5872
vn 0.0224 0.9237 -0.3825
vn 0.0224 0.9721 -0.2334
vn 0.0214 0.9998 -0.0005
vn 0.0182 0.9512 0.3079
vn 0.0133 0.8099 0.5865
vn 0.0070 0.5894 0.8078
vn 0.0035 0.4539 0.8910
vn -0.0068 -0.0022 -1.0000
vn -0.0287 -0.0064 -0.9996
vn -0.0147 -0.1573 -0.9874
vn -0.0035 -0.1565 -0.9877
vn -0.0130 0.3071 -0.9516
vn -0.0551 0.3021 -0.9517
vn -0.0179 0.5865 -0.8098
vn -0.0761 0.5815 -0.8100
vn -0.0211 0.8084 -0.5883
vn -0.0897 0.8039 -0.5880
vn -0.0221 0.9236 -0.3827
vn -0.0941 0.9195 -0.3816
vn -0.0221 0.9722 -0.2333
vn -0.0941 0.9682 -0.2318
vn -0.0211 0.9998 0.0008
vn -0.0897 0.9960 0.0032
vn -0.0179 0.9504 0.3104
vn -0.0761 0.9465 0.3135
vn -0.0130 0.8078 0.5894
vn -0.0551 0.8038 0.5923
vn -0.0068 0.5860 0.8103
vn -0.0287 0.5824 0.8124
vn -0.0035 0.4539 0.8910
vn -0.0147 0.4532 0.8913
vn -0.0612 -0.0119 -0.9981
vn -0.0315 -0.1597 -0.9867
vn -0.1177 0.2924 -0.9490
vn -0.1627 0.5686 -0.8064
vn -0.1917 0.7891 -0.5836
vn -0.2011 0.9043 -0.3767
vn -0.2011 0.9530 -0.2268
vn -0.1917 0.9814 0.0083
vn -0.1627 0.9340 0.3181
vn -0.1177 0.7944 0.5959
vn -0.0612 0.5770 0.8145
vn -0.0315 0.4507 0.8921
vn -0.0975 -0.0223 -0.9950
vn -0.0503 -0.1647 -0.9851
vn -0.1879 0.2733 -0.9434
vn -0.2600 0.5428 -0.7986
vn -0.3065 0.7591 -0.5743
vn -0.3215 0.8730 -0.3666
vn -0.3215 0.9218 -0.2166
vn -0.3065 0.9517 0.0184
vn -0.2600 0.9085 0.3270
vn -0.1879 0.7756 0.6026
vn -0.0975 0.5668 0.8181
vn -0.0503 0.4457 0.8937
vn -0.1366 -0.0390 -0.9899
vn -0.0707 -0.1729 -0.9824
vn -0.2635 0.2420 -0.9338
vn -0.3649 0.5001 -0.7853
vn -0.4303 0.7092 -0.5585
vn -0.4515 0.8209 -0.3498
vn -0.4515 0.8697 -0.1995
vn -0.4303 0.9020 0.0349
vn -0.3649 0.8662 0.3414
vn -0.2635 0.7447 0.6132
vn -0.1366 0.5503 0.8237
vn -0.0707 0.4375 0.8964
vn -0.1761 -0.0626 -0.9824
vn -0.0912 -0.1850 -0.9785
vn -0.3401 0.1969 -0.9195
vn -0.4712 0.4379 -0.7656
vn -0.5559 0.6362 -0.5350
vn -0.5833 0.7444 -0.3250
vn -0.5833 0.7933 -0.1747
vn -0.5559 0.8292 0.0589
vn -0.4712 0.8043 0.3620
vn -0.3401 0.6998 0.6282
vn -0.1761 0.5268 0.8316
vn -0.0912 0.4255 0.9003
vn -0.2131 -0.0930 -0.9726
vn -0.1105 -0.2006 -0.9734
vn -0.4119 0.1384 -0.9007
vn -0.5707 0.3570 -0.7395
vn -0.6733 0.5408 -0.5042
vn -0.7066 0.6444 -0.2925
vn -0.7066 0.6932 -0.1421
vn -0.6733 0.7338 0.0900
vn -0.5707 0.7234 0.3884
vn -0.4119 0.6413 0.6473
vn -0.2131 0.4964 0.8415
vn -0.1105 0.4098 0.9054
vn -0.2449 -0.1284 -0.9610
vn -0.1269 -0.2191 -0.9674
vn -0.4731 0.0698 -0.8782
vn -0.6555 0.2618 -0.7084
vn -0.7732 0.4284 -0.4676
vn -0.8114 0.5264 -0.2541
vn -0.8114 0.5753 -0.1038
vn -0.7732 0.6214 0.1264
vn -0.6555 0.6282 0.4192
vn -0.4731 0.5726 0.6695
vn -0.2449 0.4610 0.8530
vn -0.1269 0.3914 0.9114
vn -0.2696 -0.1663 -0.9485
vn -0.1395 -0.2388 -0.9610
vn -0.5202 -0.0036 -0.8540
vn -0.7204 0.1599 -0.6749
vn -0.8496 0.3081 -0.4282
vn -0.8914 0.4000 -0.2130
vn -0.8914 0.4488 -0.0628
vn -0.8496 0.5009 0.1653
vn -0.7204 0.5261 0.4520
vn -0.5202 0.4990 0.6930
vn -0.2696 0.4230 0.8651
vn -0.1395 0.3717 0.9178
vn -0.2868 -0.2038 -0.9360
vn -0.1481 -0.2584 -0.9546
vn -0.5527 -0.0763 -0.8299
vn -0.7648 0.0591 -0.6415
vn -0.9016 0.1889 -0.3891
vn -0.9459 0.2749 -0.1723
vn -0.9459 0.3236 -0.0222
vn -0.9016 0.3815 0.2037
vn -0.7648 0.4249 0.4843
vn -0.5527 0.4260 0.7162
vn -0.2868 0.3853 0.8771
vn -0.1481 0.3521 0.9242
vn -0.2975 -0.2390 -0.9243
vn -0.1532 -0.2767 -0.9487
vn -0.5723 -0.1443 -0.8072
vn -0.7914 -0.0352 -0.6103
vn -0.9326 0.0777 -0.3525
vn -0.9783 0.1580 -0.1342
vn -0.9783 0.2067 0.0157
vn -0.9326 0.2701 0.2395
vn -0.7914 0.3303 0.5144
vn -0.5723 0.3577 0.7379
vn -0.2975 0.3499 0.8883
vn -0.1532 0.3338 0.9301
vn -0.3029 -0.2708 -0.9137
vn -0.1557 -0.2931 -0.9433
vn -0.5819 -0.2055 -0.7868
vn -0.8042 -0.1199 -0.5822
vn -0.9473 -0.0222 -0.3197
vn -0.9936 0.0531 -0.1001
vn -0.9936 0.1018 0.0497
vn -0.9473 0.1699 0.2717
vn -0.8042 0.2453 0.5415
vn -0.5819 0.2962 0.7574
vn -0.3029 0.3180 0.8984
vn -0.1557 0.3174 0.9354
vn -0.3043 -0.2997 -0.9042
vn -0.1562 -0.3080 -0.9385
vn -0.5841 -0.2610 -0.7686
vn -0.8069 -0.1966 -0.5570
vn -0.9503 -0.1127 -0.2901
vn -0.9967 -0.0418 -0.0692
vn -0.9967 0.0068 0.0806
vn -0.9503 0.0794 0.3010
vn -0.8069 0.1683 0.5662
vn -0.5841 0.2406 0.7752
vn -0.3043 0.2890 0.9077
vn -0.1562 0.3025 0.9403
vn -0.3010 -0.3302 -0.8946
vn -0.1550 -0.3236 -0.9334
vn -0.5789 -0.3197 -0.7501
vn -0.8004 -0.2777 -0.5313
vn -0.9430 -0.2081 -0.2595
vn -0.9892 -0.1418 -0.0368
vn -0.9892 -0.0931 0.1131
vn -0.9430 -0.0158 0.3323
vn -0.8004 0.0876 0.5931
vn -0.5789 0.1822 0.7948
vn -0.3010 0.2587 0.9178
vn -0.1550 0.2868 0.9454
vn -0.2931 -0.3653 -0.8835
vn -0.1513 -0.3418 -0.9275
vn -0.5646 -0.3875 -0.7287
vn -0.7813 -0.3716 -0.5015
vn -0.9210 -0.3187 -0.2241
vn -0.9662 -0.2578 0.0008
vn -0.9662 -0.2090 0.1509
vn -0.9210 -0.1262 0.3686
vn -0.7813 -0.0058 0.6241
vn -0.5646 0.1148 0.8173
vn -0.2931 0.2238 0.9295
vn -0.1513 0.2687 0.9513
vn -0.2787 -0.4040 -0.8713
vn -0.1442 -0.3618 -0.9210
vn -0.5378 -0.4623 -0.7050
vn -0.7448 -0.4752 -0.4685
vn -0.8783 -0.4409 -0.1848
vn -0.9216 -0.3859 0.0423
vn -0.9216 -0.3371 0.1926
vn -0.8783 -0.2481 0.4087
vn -0.7448 -0.1091 0.6584
vn -0.5378 0.0404 0.8421
vn -0.2787 0.1853 0.9423
vn -0.1442 0.2487 0.9578
vn -0.2566 -0.4439 -0.8586
vn -0.1330 -0.3826 -0.9143
vn -0.4959 -0.5397 -0.6803
vn -0.6871 -0.5826 -0.4341
vn -0.8106 -0.5676 -0.1440
vn -0.8506 -0.5188 0.0855
vn -0.8506 -0.4700 0.2358
vn -0.8106 -0.3746 0.4501
vn -0.6871 -0.2161 0.6937
vn -0.4959 -0.0368 0.8676
vn -0.2566 0.1456 0.9555
vn -0.1330 0.2279 0.9645
vn -0.2270 -0.4820 -0.8463
vn -0.1178 -0.4024 -0.9079
vn -0.4389 -0.6135 -0.6565
vn -0.6083 -0.6849 -0.4011
vn -0.7177 -0.6884 -0.1049
vn -0.7532 -0.6455 0.1266
vn -0.7532 -0.5967 0.2770
vn -0.7177 -0.4953 0.4895
vn -0.6083 -0.3184 0.7270
vn -0.4389 -0.1104 0.8917
vn -0.2270 0.1075 0.9679
vn -0.1178 0.2081 0.9710
vn -0.1917 -0.5151 -0.8354
vn -0.0994 -0.4195 -0.9023
vn -0.3705 -0.6774 -0.6355
vn -0.5133 -0.7734 -0.3721
vn -0.6055 -0.7927 -0.0708
vn -0.6354 -0.7550 0.1622
vn -0.6354 -0.7061 0.3125
vn -0.6055 -0.5997 0.5232
vn -0.5133 -0.4069 0.7556
vn -0.3705 -0.1745 0.9123
vn -0.1917 0.0743 0.9786
vn -0.0994 0.1910 0.9766
vn -0.1537 -0.5414 -0.8266
vn -0.0795 -0.4329 -0.8979
vn -0.2965 -0.7274 -0.6188
vn -0.4106 -0.8423 -0.3492
vn -0.4842 -0.8739 -0.0441
vn -0.5080 -0.8401 0.1899
vn -0.5080 -0.7913 0.3402
vn -0.4842 -0.6810 0.5493
vn -0.4106 -0.4762 0.7776
vn -0.2965 -0.2248 0.9282
vn -0.1537 0.0479 0.9870
vn -0.0795 0.1776 0.9809
vn -0.1160 -0.5602 -0.8202
vn -0.0599 -0.4423 -0.8948
vn -0.2234 -0.7629 -0.6067
vn -0.3092 -0.8909 -0.3327
vn -0.3644 -0.9309 -0.0251
vn -0.3823 -0.9000 0.2095
vn -0.3823 -0.8512 0.3595
vn -0.3644 -0.7383 0.5675
vn -0.3092 -0.5252 0.7928
vn -0.2234 -0.2606 0.9392
vn -0.1160 0.0289 0.9928
vn -0.0599 0.1681 0.9839
vn -0.0811 -0.5726 -0.8159
vn -0.0417 -0.4484 -0.8929
vn -0.1559 -0.7857 -0.5987
vn -0.2155 -0.9219 -0.3220
vn -0.2539 -0.9672 -0.0129
vn -0.2663 -0.9380 0.2219
vn -0.2663 -0.8893 0.3718
vn -0.2539 -0.7749 0.5789
vn -0.2155 -0.5566 0.8024
vn -0.1559 -0.2838 0.9461
vn -0.0811 0.0163 0.9966
vn -0.0417 0.1621 0.9859
vn -0.0500 -0.5799 -0.8132
vn -0.0257 -0.4518 -0.8917
vn -0.0961 -0.7988 -0.5938
vn -0.1327 -0.9396 -0.3156
vn -0.1563 -0.9877 -0.0058
vn -0.1639 -0.9595 0.2290
vn -0.1639 -0.9109 0.3788
vn -0.1563 -0.7956 0.5853
vn -0.1327 -0.5746 0.8076
vn -0.0961 -0.2972 0.9500
vn -0.0500 0.0088 0.9987
vn -0.0257 0.1586 0.9870
vn -0.0233 -0.5836 -0.8117
vn -0.0119 -0.4534 -0.8912
vn -0.0446 -0.8052 -0.5913
vn -0.0615 -0.9480 -0.3124
vn -0.0724 -0.9974 -0.0023
vn -0.0760 -0.9697 0.2323
vn -0.0760 -0.9210 0.3820
vn -0.0724 -0.8055 0.5881
vn -0.0615 -0.5833 0.8099
vn -0.0446 -0.3039 0.9517
vn -0.0233 0.0049 0.9997
vn -0.0119 0.1570 0.9875
vn -0.0055 -0.5863 -0.8100
vn -0.0028 -0.4539 -0.8910
vn -0.0104 -0.8080 -0.5890
vn -0.0144 -0.9506 -0.3101
vn -0.0169 -0.9999 -0.0006
vn -0.0178 -0.9722 0.2333
vn -0.0178 -0.9237 0.3827
vn -0.0169 -0.8085 0.5882
vn -0.0144 -0.5868 0.8096
vn -0.0104 -0.3075 0.9515
vn -0.0055 0.0018 1.0000
vn -0.0028 0.1565 0.9877
vn 0.1203 -0.1901 -0.9744
vn 0.0787 -0.2322 -0.9695
vn 0.2882 -0.0081 -0.9575
vn 0.4666 0.2116 -0.8588
vn 0.6319 0.4623 -0.6220
vn 0.7023 0.6322 -0.3272
vn 0.7023 0.7038 -0.1069
vn 0.6319 0.7397 0.2315
vn 0.4666 0.6760 0.5704
vn 0.2882 0.5563 0.7794
vn 0.1203 0.4190 0.9000
vn 0.0787 0.3819 0.9208
vn 0.3118 -0.3254 -0.8927
vn 0.3061 -0.3603 -0.8812
vn 0.1522 -0.3385 -0.9286
vn 0.1553 -0.3212 -0.9342
vn 0.5874 -0.3096 -0.7477
vn 0.5761 -0.3752 -0.7262
vn 0.8058 -0.2636 -0.5302
vn 0.7900 -0.3536 -0.5008
vn 0.9460 -0.1921 -0.2612
vn 0.9273 -0.2978 -0.2268
vn 0.9912 -0.1259 -0.0415
vn 0.9716 -0.2366 -0.0055
vn 0.9912 -0.0774 0.1076
vn 0.9716 -0.1881 0.1435
vn 0.9460 -0.0019 0.3243
vn 0.9273 -0.1076 0.3585
vn 0.8058 0.0984 0.5839
vn 0.7900 0.0083 0.6130
vn 0.5874 0.1891 0.7869
vn 0.5761 0.1233 0.8080
vn 0.3118 0.2614 0.9135
vn 0.3061 0.2265 0.9247
vn 0.1553 0.2893 0.9446
vn 0.1522 0.2720 0.9502
vn 0.2947 -0.3979 -0.8688
vn 0.1462 -0.3571 -0.9225
vn 0.5541 -0.4458 -0.7031
vn 0.7596 -0.4504 -0.4692
vn 0.8915 -0.4113 -0.1898
vn 0.9341 -0.3556 0.0331
vn 0.9341 -0.3071 0.1822
vn 0.8915 -0.2212 0.3954
vn 0.7596 -0.0886 0.6443
vn 0.5541 0.0526 0.8308
vn 0.2947 0.1888 0.9368
vn 0.1462 0.2534 0.9563
vn 0.2764 -0.4368 -0.8561
vn 0.1369 -0.3763 -0.9163
vn 0.5193 -0.5187 -0.6792
vn 0.7117 -0.5503 -0.4366
vn 0.8352 -0.5286 -0.1517
vn 0.8751 -0.4785 0.0730
vn 0.8751 -0.4300 0.2221
vn 0.8352 -0.3385 0.4334
vn 0.7117 -0.1886 0.6767
vn 0.5193 -0.0204 0.8544
vn 0.2764 0.1498 0.9493
vn 0.1369 0.2341 0.9625
vn 0.2507 -0.4748 -0.8436
vn 0.1241 -0.3951 -0.9102
vn 0.4708 -0.5900 -0.6560
vn 0.6452 -0.6480 -0.4048
vn 0.7571 -0.6432 -0.1144
vn 0.7932 -0.5985 0.1121
vn 0.7932 -0.5501 0.2612
vn 0.7571 -0.4531 0.4706
vn 0.6452 -0.2863 0.7084
vn 0.4708 -0.0917 0.8775
vn 0.2507 0.1117 0.9616
vn 0.1241 0.2154 0.9686
vn 0.2183 -0.5095 -0.8323
vn 0.1080 -0.4122 -0.9047
vn 0.4099 -0.6550 -0.6348
vn 0.5617 -0.7371 -0.3759
vn 0.6591 -0.7477 -0.0804
vn 0.6905 -0.7081 0.1476
vn 0.6905 -0.6596 0.2967
vn 0.6591 -0.5577 0.5046
vn 0.5617 -0.3754 0.7373
vn 0.4099 -0.1568 0.8986
vn 0.2183 0.0771 0.9728
vn 0.1080 0.1982 0.9742
vn 0.1810 -0.5385 -0.8230
vn 0.0896 -0.4267 -0.9000
vn 0.3398 -0.7097 -0.6171
vn 0.4658 -0.8121 -0.3515
vn 0.5466 -0.8358 -0.0518
vn 0.5727 -0.8003 0.1776
vn 0.5727 -0.7519 0.3267
vn 0.5466 -0.6457 0.5332
vn 0.4658 -0.4504 0.7617
vn 0.3398 -0.2114 0.9164
vn 0.1810 0.0481 0.9823
vn 0.0896 0.1838 0.9789
vn 0.1413 -0.5608 -0.8158
vn 0.0700 -0.4379 -0.8963
vn 0.2655 -0.7518 -0.6036
vn 0.3639 -0.8699 -0.3328
vn 0.4271 -0.9037 -0.0298
vn 0.4475 -0.8715 0.2007
vn 0.4475 -0.8230 0.3498
vn 0.4271 -0.7136 0.5553
vn 0.3639 -0.5081 0.7806
vn 0.2655 -0.2535 0.9302
vn 0.1413 0.0259 0.9896
vn 0.0700 0.1726 0.9825
vn 0.1018 -0.5761 -0.8110
vn 0.0506 -0.4457 -0.8938
vn 0.1915 -0.7812 -0.5942
vn 0.2626 -0.9104 -0.3198
vn 0.3082 -0.9512 -0.0145
vn 0.3229 -0.9212 0.2169
vn 0.3229 -0.8728 0.3660
vn 0.3082 -0.7610 0.5708
vn 0.2626 -0.5485 0.7939
vn 0.1915 -0.2827 0.9399
vn 0.1018 0.0106 0.9947
vn 0.0506 0.1648 0.9850
vn 0.0645 -0.5854 -0.8081
vn 0.0321 -0.4506 -0.8922
vn 0.1215 -0.7993 -0.5885
vn 0.1667 -0.9354 -0.3119
vn 0.1957 -0.9807 -0.0050
vn 0.2050 -0.9521 0.2270
vn 0.2050 -0.9036 0.3760
vn 0.1957 -0.7904 0.5804
vn 0.1667 -0.5734 0.8021
vn 0.1215 -0.3007 0.9459
vn 0.0645 0.0014 0.9979
vn 0.0321 0.1599 0.9866
vn 0.0306 -0.5900 -0.8068
vn 0.0153 -0.4531 -0.8913
vn 0.0577 -0.8084 -0.5858
vn 0.0791 -0.9481 -0.3079
vn 0.0929 -0.9957 -0.0002
vn 0.0974 -0.9678 0.2321
vn 0.0974 -0.9194 0.3811
vn 0.0929 -0.8054 0.5854
vn 0.0791 -0.5860 0.8064
vn 0.0577 -0.3097 0.9491
vn 0.0306 -0.0030 0.9995
vn 0.0153 0.1573 0.9874
vn -0.0001 -0.5911 -0.8066
vn -0.0001 -0.4538 -0.8911
vn -0.0003 -0.8109 -0.5851
vn -0.0004 -0.9517 -0.3069
vn -0.0005 -1.0000 0.0011
vn -0.0005 -0.9723 0.2335
vn -0.0005 -0.9239 0.3826
vn -0.0005 -0.8097 0.5869
vn -0.0004 -0.5896 0.8077
vn -0.0003 -0.3121 0.9500
vn -0.0001 -0.0041 1.0000
vn -0.0001 0.1566 0.9877
vn -0.0302 -0.5899 -0.8069
vn -0.0151 -0.4531 -0.8913
vn -0.0569 -0.8084 -0.5859
vn -0.0781 -0.9482 -0.3080
vn -0.0917 -0.9958 -0.0002
vn -0.0960 -0.9679 0.2321
vn -0.0960 -0.9195 0.3812
vn -0.0917 -0.8055 0.5855
vn -0.0781 -0.5861 0.8065
vn -0.0569 -0.3096 0.9492
vn -0.0302 -0.0029 0.9995
vn -0.0151 0.1573 0.9874
vn -0.0616 -0.5856 -0.8082
vn -0.0307 -0.4509 -0.8920
vn -0.1160 -0.8002 -0.5885
vn -0.1592 -0.9368 -0.3116
vn -0.1869 -0.9824 -0.0045
vn -0.1958 -0.9539 0.2275
vn -0.1958 -0.9054 0.3766
vn -0.1869 -0.7921 0.5811
vn -0.1592 -0.5747 0.8027
vn -0.1160 -0.3015 0.9464
vn -0.0616 0.0013 0.9981
vn -0.0307 0.1595 0.9867
vn -0.0945 -0.5778 -0.8107
vn -0.0471 -0.4469 -0.8934
vn -0.1781 -0.7851 -0.5932
vn -0.2443 -0.9160 -0.3182
vn -0.2868 -0.9579 -0.0124
vn -0.3005 -0.9282 0.2192
vn -0.3005 -0.8798 0.3683
vn -0.2868 -0.7677 0.5731
vn -0.2443 -0.5540 0.7959
vn -0.1781 -0.2865 0.9414
vn -0.0945 0.0090 0.9955
vn -0.0471 0.1636 0.9854
vn -0.1291 -0.5656 -0.8145
vn -0.0642 -0.4406 -0.8954
vn -0.2429 -0.7617 -0.6006
vn -0.3332 -0.8838 -0.3286
vn -0.3911 -0.9200 -0.0246
vn -0.4098 -0.8886 0.2063
vn -0.4098 -0.8401 0.3554
vn -0.3911 -0.7298 0.5607
vn -0.3332 -0.5218 0.7853
vn -0.2429 -0.2632 0.9337
vn -0.1291 0.0212 0.9914
vn -0.0642 0.1698 0.9834
vn -0.1646 -0.5481 -0.8201
vn -0.0817 -0.4317 -0.8983
vn -0.3096 -0.7283 -0.6113
vn -0.4245 -0.8378 -0.3434
vn -0.4982 -0.8660 -0.0421
vn -0.5220 -0.8320 0.1879
vn -0.5220 -0.7835 0.3370
vn -0.4982 -0.6759 0.5431
vn -0.4245 -0.4760 0.7702
vn -0.3096 -0.2299 0.9227
vn -0.1646 0.0386 0.9856
vn -0.0817 0.1787 0.9805
vn -0.2001 -0.5244 -0.8276
vn -0.0992 -0.4198 -0.9022
vn -0.3760 -0.6834 -0.6258
vn -0.5154 -0.7761 -0.3633
vn -0.6049 -0.7936 -0.0656
vn -0.6337 -0.7561 0.1633
vn -0.6337 -0.7077 0.3124
vn -0.6049 -0.6035 0.5195
vn -0.5154 -0.4144 0.7501
vn -0.3760 -0.1851 0.9080
vn -0.2001 0.0622 0.9778
vn -0.0992 0.1907 0.9766
vn -0.2337 -0.4942 -0.8374
vn -0.1157 -0.4047 -0.9071
vn -0.4389 -0.6265 -0.6442
vn -0.6015 -0.6980 -0.3886
vn -0.7058 -0.7019 -0.0953
vn -0.7395 -0.6601 0.1320
vn -0.7395 -0.6116 0.2811
vn -0.7058 -0.5118 0.4897
vn -0.6015 -0.3363 0.7247
vn -0.4389 -0.1282 0.8894
vn -0.2337 0.0924 0.9679
vn -0.1157 0.2057 0.9717
vn -0.2633 -0.4580 -0.8491
vn -0.1303 -0.3868 -0.9129
vn -0.4943 -0.5585 -0.6662
vn -0.6773 -0.6048 -0.4188
vn -0.7948 -0.5925 -0.1309
vn -0.8328 -0.5454 0.0948
vn -0.8328 -0.4970 0.2439
vn -0.7948 -0.4024 0.4542
vn -0.6773 -0.2431 0.6943
vn -0.4943 -0.0602 0.8672
vn -0.2633 0.1285 0.9561
vn -0.1303 0.2237 0.9659
vn -0.2868 -0.4175 -0.8622
vn -0.1420 -0.3667 -0.9194
vn -0.5385 -0.4824 -0.6909
vn -0.7379 -0.5005 -0.4527
vn -0.8659 -0.4701 -0.1706
vn -0.9073 -0.4172 0.0531
vn -0.9073 -0.3688 0.2022
vn -0.8659 -0.2801 0.4144
vn -0.7379 -0.1388 0.6605
vn -0.5385 0.0159 0.8425
vn -0.2868 0.1691 0.9430
vn -0.1420 0.2437 0.9594
vn -0.3030 -0.3749 -0.8761
vn -0.1501 -0.3457 -0.9263
vn -0.5692 -0.4025 -0.7170
vn -0.7801 -0.3911 -0.4883
vn -0.9155 -0.3418 -0.2124
vn -0.9592 -0.2827 0.0094
vn -0.9592 -0.2343 0.1585
vn -0.9155 -0.1517 0.3727
vn -0.7801 -0.0294 0.6250
vn -0.5692 0.0958 0.8166
vn -0.3030 0.2116 0.9292
vn -0.1501 0.2648 0.9526
vn -0.3118 -0.3330 -0.8899
vn -0.1547 -0.3249 -0.9330
vn -0.5862 -0.3238 -0.7427
vn -0.8036 -0.2831 -0.5235
vn -0.9431 -0.2150 -0.2536
vn -0.9881 -0.1499 -0.0337
vn -0.9881 -0.1015 0.1154
vn -0.9431 -0.0249 0.3316
vn -0.8036 0.0787 0.5900
vn -0.5862 0.1746 0.7912
vn -0.3118 0.2537 0.9157
vn -0.1547 0.2856 0.9458
vn -0.3116 -0.3031 -0.9006
vn -0.1563 -0.3100 -0.9378
vn -0.5894 -0.2675 -0.7623
vn -0.8096 -0.2058 -0.5498
vn -0.9508 -0.1242 -0.2837
vn -0.9964 -0.0545 -0.0647
vn -0.9964 -0.0061 0.0844
vn -0.9508 0.0663 0.3025
vn -0.8096 0.1566 0.5658
vn -0.5894 0.2316 0.7739
vn -0.3116 0.2841 0.9067
vn -0.1563 0.3005 0.9409
vn 0.1980 -0.1083 -0.9742
vn 0.3610 0.0776 -0.9293
vn 0.5226 0.2889 -0.8021
vn 0.6543 0.5051 -0.5629
vn 0.7032 0.6364 -0.3171
vn 0.7032 0.7012 -0.1175
vn 0.6543 0.7395 0.1585
vn 0.5226 0.7052 0.4792
vn 0.3610 0.6090 0.7062
vn 0.1980 0.4850 0.8518
vn 0.3085 -0.2922 -0.9052
vn 0.1564 -0.3043 -0.9396
vn 0.5874 -0.2468 -0.7708
vn 0.8088 -0.1772 -0.5607
vn 0.9510 -0.0903 -0.2958
vn 0.9969 -0.0187 -0.0764
vn 0.9969 0.0298 0.0728
vn 0.9510 0.1008 0.2923
vn 0.8088 0.1862 0.5578
vn 0.5874 0.2534 0.7686
vn 0.3085 0.2957 0.9041
vn 0.1564 0.3061 0.9391
vn 0.3076 -0.2864 -0.9074
vn 0.1564 -0.3013 -0.9406
vn 0.5866 -0.2357 -0.7748
vn 0.8082 -0.1619 -0.5662
vn 0.9506 -0.0721 -0.3020
vn 0.9966 0.0004 -0.0827
vn 0.9966 0.0489 0.0667
vn 0.9506 0.1191 0.2867
vn 0.8082 0.2018 0.5532
vn 0.5866 0.2647 0.7654
vn 0.3076 0.3016 0.9024
vn 0.1564 0.3091 0.9381
vn 0.3068 -0.2769 -0.9106
vn 0.1561 -0.2965 -0.9422
vn 0.5855 -0.2176 -0.7809
vn 0.8069 -0.1368 -0.5746
vn 0.9492 -0.0426 -0.3117
vn 0.9952 0.0313 -0.0928
vn 0.9952 0.0799 0.0566
vn 0.9492 0.1487 0.2772
vn 0.8069 0.2270 0.5453
vn 0.5855 0.2830 0.7597
vn 0.3068 0.3112 0.8995
vn 0.1561 0.3139 0.9365
vn 0.3053 -0.2649 -0.9147
vn 0.1556 -0.2903 -0.9442
vn 0.5832 -0.1945 -0.7887
vn 0.8041 -0.1050 -0.5852
vn 0.9460 -0.0051 -0.3241
vn 0.9919 0.0707 -0.1056
vn 0.9919 0.1193 0.0439
vn 0.9460 0.1863 0.2652
vn 0.8041 0.2590 0.5351
vn 0.5832 0.3062 0.7524
vn 0.3053 0.3234 0.8957
vn 0.1556 0.3201 0.9345
vn 0.3028 -0.2500 -0.9197
vn 0.1546 -0.2826 -0.9467
vn 0.5790 -0.1659 -0.7983
vn 0.7986 -0.0655 -0.5983
vn 0.9397 0.0414 -0.3394
vn 0.9854 0.1196 -0.1215
vn 0.9854 0.1682 0.0280
vn 0.9397 0.2330 0.2502
vn 0.7986 0.2987 0.5226
vn 0.5790 0.3350 0.7433
vn 0.3028 0.3384 0.8910
vn 0.1546 0.3278 0.9320
vn 0.2987 -0.2321 -0.9257
vn 0.1527 -0.2734 -0.9497
vn 0.5718 -0.1316 -0.8098
vn 0.7890 -0.0180 -0.6141
vn 0.9287 0.0974 -0.3578
vn 0.9739 0.1783 -0.1406
vn 0.9739 0.2269 0.0089
vn 0.9287 0.2891 0.2322
vn 0.7890 0.3464 0.5074
vn 0.5718 0.3695 0.7325
vn 0.2987 0.3564 0.8853
vn 0.1527 0.3370 0.9290
vn 0.2925 -0.2114 -0.9326
vn 0.1498 -0.2628 -0.9532
vn 0.5606 -0.0919 -0.8230
vn 0.7738 0.0369 -0.6323
vn 0.9111 0.1621 -0.3790
vn 0.9554 0.2463 -0.1628
vn 0.9554 0.2949 -0.0131
vn 0.9111 0.3540 0.2114
vn 0.7738 0.4015 0.4899
vn 0.5606 0.4094 0.7198
vn 0.2925 0.3771 0.8787
vn 0.1498 0.3477 0.9256
vn 0.2839 -0.1887 -0.9401
vn 0.1455 -0.2511 -0.9570
vn 0.5444 -0.0482 -0.8374
vn 0.7518 0.0973 -0.6522
vn 0.8852 0.2334 -0.4024
vn 0.9284 0.3211 -0.1871
vn 0.9284 0.3697 -0.0374
vn 0.8852 0.4253 0.1883
vn 0.7518 0.4621 0.4704
vn 0.5444 0.4533 0.7058
vn 0.2839 0.3999 0.8715
vn 0.1455 0.3594 0.9218
vn 0.2726 -0.1651 -0.9479
vn 0.1399 -0.2389 -0.9609
vn 0.5230 -0.0028 -0.8523
vn 0.7224 0.1601 -0.6727
vn 0.8507 0.3073 -0.4265
vn 0.8922 0.3987 -0.2123
vn 0.8922 0.4473 -0.0626
vn 0.8507 0.4993 0.1644
vn 0.7224 0.5249 0.4502
vn 0.5230 0.4987 0.6912
vn 0.2726 0.4236 0.8639
vn 0.1399 0.3715 0.9178
vn 0.2592 -0.1421 -0.9553
vn 0.1330 -0.2271 -0.9647
vn 0.4973 0.0413 -0.8666
vn 0.6868 0.2210 -0.6925
vn 0.8087 0.3790 -0.4498
vn 0.8482 0.4739 -0.2367
vn 0.8482 0.5225 -0.0870
vn 0.8087 0.5710 0.1411
vn 0.6868 0.5858 0.4303
vn 0.4973 0.5428 0.6768
vn 0.2592 0.4466 0.8564
vn 0.1330 0.3833 0.9140
vn 0.2447 -0.1211 -0.9620
vn 0.1254 -0.2165 -0.9682
vn 0.4691 0.0814 -0.8794
vn 0.6476 0.2761 -0.7102
vn 0.7625 0.4439 -0.4707
vn 0.7997 0.5418 -0.2588
vn 0.7997 0.5905 -0.1091
vn 0.7625 0.6358 0.1199
vn 0.6476 0.6408 0.4122
vn 0.4691 0.5828 0.6636
vn 0.2447 0.4675 0.8494
vn 0.1254 0.3940 0.9105
vn 0.2302 -0.1031 -0.9677
vn 0.1178 -0.2074 -0.9711
vn 0.4408 0.1154 -0.8901
vn 0.6084 0.3229 -0.7250
vn 0.7162 0.4987 -0.4883
vn 0.7510 0.5992 -0.2774
vn 0.7510 0.6478 -0.1278
vn 0.7162 0.6905 0.1019
vn 0.6084 0.6873 0.3968
vn 0.4408 0.6166 0.6523
vn 0.2302 0.4854 0.8435
vn 0.1178 0.4030 0.9076
vn 0.2163 -0.0883 -0.9723
vn 0.1105 -0.2000 -0.9735
vn 0.4139 0.1434 -0.8990
vn 0.5710 0.3613 -0.7372
vn 0.6720 0.5438 -0.5027
vn 0.7046 0.6464 -0.2927
vn 0.7046 0.6950 -0.1431
vn 0.6720 0.7354 0.0871
vn 0.5710 0.7256 0.3841
vn 0.4139 0.6444 0.6430
vn 0.2163 0.5001 0.8385
vn 0.1105 0.4104 0.9052
vn 0.2017 -0.0755 -0.9765
vn 0.3859 0.1681 -0.9071
vn 0.5325 0.3954 -0.7484
vn 0.6267 0.5840 -0.5159
vn 0.6572 0.6886 -0.3064
vn 0.6572 0.7372 -0.1569
vn 0.6267 0.7757 0.0741
vn 0.5325 0.7598 0.3730
vn 0.3859 0.6692 0.6350
vn 0.2017 0.5129 0.8344
vn 0.1857 -0.0631 -0.9806
vn 0.0949 -0.1871 -0.9777
vn 0.3554 0.1918 -0.9148
vn 0.4904 0.4281 -0.7591
vn 0.5772 0.6226 -0.5284
vn 0.6053 0.7290 -0.3196
vn 0.6053 0.7776 -0.1700
vn 0.5772 0.8143 0.0616
vn 0.4904 0.7926 0.3624
vn 0.3554 0.6929 0.6274
vn 0.1857 0.5253 0.8304
vn 0.0949 0.4234 0.9010
vn 0.1685 -0.0516 -0.9844
vn 0.0862 -0.1811 -0.9797
vn 0.3225 0.2139 -0.9221
vn 0.4451 0.4588 -0.7691
vn 0.5239 0.6586 -0.5402
vn 0.5493 0.7669 -0.3319
vn 0.5493 0.8155 -0.1823
vn 0.5239 0.8503 0.0499
vn 0.4451 0.8232 0.3525
vn 0.3225 0.7151 0.6202
vn 0.1685 0.5369 0.8267
vn 0.0862 0.4293 0.8990
vn 0.1503 -0.0410 -0.9878
vn 0.0769 -0.1757 -0.9814
vn 0.2877 0.2342 -0.9287
vn 0.3970 0.4867 -0.7782
vn 0.4673 0.6915 -0.5509
vn 0.4900 0.8014 -0.3431
vn 0.4900 0.8500 -0.1935
vn 0.4673 0.8832 0.0392
vn 0.3970 0.8511 0.3435
vn 0.2877 0.7353 0.6137
vn 0.1503 0.5474 0.8233
vn 0.0769 0.4347 0.8973
vn 0.1313 -0.0317 -0.9908
vn 0.0671 -0.1709 -0.9830
vn 0.2514 0.2521 -0.9345
vn 0.3469 0.5114 -0.7862
vn 0.4083 0.7206 -0.5603
vn 0.4282 0.8319 -0.3530
vn 0.4282 0.8805 -0.2034
vn 0.4083 0.9124 0.0297
vn 0.3469 0.8759 0.3354
vn 0.2514 0.7532 0.6078
vn 0.1313 0.5568 0.8202
vn 0.0671 0.4395 0.8957
vn 0.1118 -0.0236 -0.9934
vn 0.0572 -0.1668 -0.9843
vn 0.2141 0.2675 -0.9395
vn 0.2954 0.5327 -0.7931
vn 0.3478 0.7456 -0.5684
vn 0.3647 0.8581 -0.3615
vn 0.3647 0.9067 -0.2119
vn 0.3478 0.9373 0.0216
vn 0.2954 0.8971 0.3285
vn 0.2141 0.7686 0.6028
vn 0.1118 0.5648 0.8176
vn 0.0572 0.4436 0.8944
vn 0.0922 -0.0169 -0.9956
vn 0.0471 -0.1634 -0.9854
vn 0.1765 0.2803 -0.9436
vn 0.2435 0.5502 -0.7987
vn 0.2866 0.7662 -0.5751
vn 0.3005 0.8797 -0.3685
vn 0.3005 0.9283 -0.2189
vn 0.2866 0.9579 0.0149
vn 0.2435 0.9146 0.3228
vn 0.1765 0.7814 0.5986
vn 0.0922 0.5715 0.8154
vn 0.0471 0.4470 0.8933
vn 0.0727 -0.0116 -0.9973
vn 0.0371 -0.1608 -0.9863
vn 0.1390 0.2903 -0.9468
vn 0.1918 0.5641 -0.8031
vn 0.2258 0.7825 -0.5803
vn 0.2368 0.8967 -0.3740
vn 0.2368 0.9453 -0.2245
vn 0.2258 0.9741 0.0096
vn 0.1918 0.9284 0.3182
vn 0.1390 0.7914 0.5953
vn 0.0727 0.5768 0.8136
vn 0.0371 0.4497 0.8924
vn 0.0535 -0.0076 -0.9985
vn 0.0273 -0.1588 -0.9869
vn 0.1023 0.2978 -0.9491
vn 0.1411 0.5743 -0.8064
vn 0.1661 0.7945 -0.5842
vn 0.1742 0.9092 -0.3781
vn 0.1742 0.9578 -0.2286
vn 0.1661 0.9861 0.0056
vn 0.1411 0.9386 0.3148
vn 0.1023 0.7988 0.5928
vn 0.0535 0.5808 0.8123
vn 0.0273 0.4516 0.8918
vn 0.0349 -0.0049 -0.9994
vn 0.0178 -0.1575 -0.9874
vn 0.0667 0.3029 -0.9507
vn 0.0920 0.5812 -0.8085
vn 0.1083 0.8025 -0.5867
vn 0.1136 0.9176 -0.3808
vn 0.1136 0.9662 -0.2313
vn 0.1083 0.9941 0.0030
vn 0.0920 0.9454 0.3125
vn 0.0667 0.8038 0.5911
vn 0.0349 0.5835 0.8114
vn 0.0178 0.4530 0.8914
vn 0.0171 -0.0033 -0.9998
vn 0.0087 -0.1567 -0.9876
vn 0.0326 0.3058 -0.9515
vn 0.0450 0.5851 -0.8097
vn 0.0529 0.8070 -0.5881
vn 0.0555 0.9224 -0.3823
vn 0.0555 0.9709 -0.2328
vn 0.0529 0.9986 0.0014
vn 0.0450 0.9493 0.3112
vn 0.0326 0.8067 0.5901
vn 0.0171 0.5851 0.8108
vn 0.0087 0.4537 0.8911
vn 0.0001 -0.0027 -1.0000
vn -0.0000 -0.1565 -0.9877
vn 0.0001 0.3068 -0.9518
vn 0.0002 0.5864 -0.8100
vn 0.0002 0.8085 -0.5885
vn 0.0002 0.9238 -0.3828
vn 0.0002 0.9724 -0.2333
vn 0.0002 1.0000 0.0009
vn 0.0002 0.9505 0.3107
vn 0.0001 0.8076 0.5897
vn 0.0001 0.5856 0.8106
vn -0.0000 0.4539 0.8910
vn -0.0166 -0.0032 -0.9999
vn -0.0085 -0.1567 -0.9876
vn -0.0318 0.3059 -0.9515
vn -0.0439 0.5852 -0.8097
vn -0.0516 0.8071 -0.5881
vn -0.0541 0.9224 -0.3824
vn -0.0541 0.9710 -0.2329
vn -0.0516 0.9987 0.0014
vn -0.0439 0.9494 0.3111
vn -0.0318 0.8068 0.5900
vn -0.0166 0.5852 0.8108
vn -0.0085 0.4537 0.8911
vn -0.0338 -0.0046 -0.9994
vn -0.0172 -0.1574 -0.9874
vn -0.0646 0.3033 -0.9507
vn -0.0890 0.5816 -0.8086
vn -0.1048 0.8029 -0.5868
vn -0.1099 0.9180 -0.3809
vn -0.1099 0.9666 -0.2314
vn -0.1048 0.9945 0.0028
vn -0.0890 0.9458 0.3123
vn -0.0646 0.8042 0.5909
vn -0.0338 0.5837 0.8112
vn -0.0172 0.4530 0.8913
vn -0.0513 -0.0070 -0.9987
vn -0.0262 -0.1586 -0.9870
vn -0.0982 0.2987 -0.9493
vn -0.1354 0.5754 -0.8066
vn -0.1593 0.7956 -0.5845
vn -0.1671 0.9104 -0.3785
vn -0.1671 0.9590 -0.2289
vn -0.1593 0.9872 0.0052
vn -0.1354 0.9396 0.3144
vn -0.0982 0.7996 0.5924
vn -0.0513 0.5813 0.8121
vn -0.0262 0.4518 0.8917
vn -0.0693 -0.0106 -0.9975
vn -0.0354 -0.1604 -0.9864
vn -0.1325 0.2920 -0.9472
vn -0.1828 0.5662 -0.8037
vn -0.2151 0.7849 -0.5810
vn -0.2255 0.8992 -0.3748
vn -0.2255 0.9478 -0.2253
vn -0.2151 0.9766 0.0087
vn -0.1828 0.9305 0.3174
vn -0.1325 0.7930 0.5946
vn -0.0693 0.5778 0.8132
vn -0.0354 0.4501 0.8923
vn -0.0875 -0.0153 -0.9960
vn -0.0447 -0.1627 -0.9857
vn -0.1674 0.2831 -0.9443
vn -0.2310 0.5540 -0.7998
vn -0.2719 0.7706 -0.5764
vn -0.2851 0.8842 -0.3700
vn -0.2851 0.9328 -0.2204
vn -0.2719 0.9622 0.0134
vn -0.2310 0.9183 0.3214
vn -0.1674 0.7841 0.5976
vn -0.0875 0.5731 0.8148
vn -0.0447 0.4477 0.8931
vn -0.1060 -0.0212 -0.9941
vn -0.0542 -0.1657 -0.9847
vn -0.2028 0.2718 -0.9407
vn -0.2798 0.5385 -0.7948
vn -0.3293 0.7524 -0.5705
vn -0.3453 0.8651 -0.3638
vn -0.3453 0.9137 -0.2142
vn -0.3293 0.9440 0.0193
vn -0.2798 0.9028 0.3265
vn -0.2028 0.7729 0.6013
vn -0.1060 0.5672 0.8168
vn -0.0542 0.4447 0.8940
vn -0.1246 -0.0286 -0.9918
vn -0.0637 -0.1694 -0.9835
vn -0.2385 0.2579 -0.9363
vn -0.3290 0.5194 -0.7887
vn -0.3873 0.7299 -0.5633
vn -0.4061 0.8416 -0.3561
vn -0.4061 0.8902 -0.2066
vn -0.3873 0.9216 0.0267
vn -0.3290 0.8837 0.3328
vn -0.2385 0.7590 0.6059
vn -0.1246 0.5599 0.8192
vn -0.0637 0.4410 0.8952
vn -0.1432 -0.0373 -0.9890
vn -0.0732 -0.1739 -0.9820
vn -0.2742 0.2412 -0.9309
vn -0.3784 0.4964 -0.7813
vn -0.4454 0.7029 -0.5545
vn -0.4670 0.8133 -0.3470
vn -0.4670 0.8619 -0.1974
vn -0.4454 0.8946 0.0355
vn -0.3784 0.8608 0.3403
vn -0.2742 0.7423 0.6113
vn -0.1432 0.5511 0.8220
vn -0.0732 0.4366 0.8967
vn -0.1618 -0.0477 -0.9857
vn -0.0828 -0.1791 -0.9803
vn -0.3098 0.2216 -0.9246
vn -0.4276 0.4694 -0.7726
vn -0.5033 0.6711 -0.5443
vn -0.5278 0.7800 -0.3361
vn -0.5278 0.8286 -0.1865
vn -0.5033 0.8629 0.0458
vn -0.4276 0.8338 0.3491
vn -0.3098 0.7227 0.6178
vn -0.1618 0.5408 0.8254
vn -0.0828 0.4314 0.8984
vn -0.1802 -0.0596 -0.9818
vn -0.0922 -0.1852 -0.9784
vn -0.3451 0.1987 -0.9173
vn -0.4764 0.4379 -0.7624
vn -0.5608 0.6342 -0.5323
vn -0.5881 0.7413 -0.3236
vn -0.5881 0.7899 -0.1739
vn -0.5608 0.8259 0.0579
vn -0.4764 0.8024 0.3594
vn -0.3451 0.6999 0.6253
vn -0.1802 0.5288 0.8294
vn -0.0922 0.4253 0.9004
vn -0.1983 -0.0734 -0.9774
vn -0.1015 -0.1922 -0.9761
vn -0.3799 0.1725 -0.9088
vn -0.5243 0.4017 -0.7508
vn -0.6173 0.5917 -0.5186
vn -0.6473 0.6967 -0.3091
vn -0.6473 0.7453 -0.1595
vn -0.6173 0.7835 0.0718
vn -0.5243 0.7663 0.3713
vn -0.3799 0.6737 0.6339
vn -0.1983 0.5151 0.8339
vn -0.1015 0.4183 0.9026
vn -0.2165 -0.0904 -0.9721
vn -0.1111 -0.2006 -0.9733
vn -0.4153 0.1404 -0.8988
vn -0.5736 0.3577 -0.7369
vn -0.6755 0.5401 -0.5021
vn -0.7084 0.6427 -0.2916
vn -0.7084 0.6914 -0.1419
vn -0.6755 0.7320 0.0887
vn -0.5736 0.7225 0.3859
vn -0.4153 0.6418 0.6446
vn -0.2165 0.4982 0.8396
vn -0.1111 0.4098 0.9054
vn -0.2355 -0.1113 -0.9655
vn -0.1210 -0.2112 -0.9699
vn -0.4522 0.1007 -0.8862
vn -0.6247 0.3033 -0.7196
vn -0.7358 0.4761 -0.4815
vn -0.7718 0.5758 -0.2699
vn -0.7718 0.6244 -0.1201
vn -0.7358 0.6682 0.1097
vn -0.6247 0.6683 0.4039
vn -0.4522 0.6024 0.6578
vn -0.2355 0.4775 0.8465
vn -0.1210 0.3993 0.9088
vn -0.2534 -0.1342 -0.9580
vn -0.1301 -0.2230 -0.9661
vn -0.4865 0.0567 -0.8718
vn -0.6721 0.2424 -0.6997
vn -0.7916 0.4044 -0.4581
vn -0.8302 0.5005 -0.2454
vn -0.8302 0.5492 -0.0956
vn -0.7916 0.5964 0.1330
vn -0.6721 0.6074 0.4236
vn -0.4865 0.5584 0.6720
vn -0.2534 0.4546 0.8539
vn -0.1301 0.3875 0.9126
vn -0.2685 -0.1575 -0.9503
vn -0.1377 -0.2350 -0.9622
vn -0.5151 0.0118 -0.8571
vn -0.7114 0.1802 -0.6793
vn -0.8378 0.3310 -0.4342
vn -0.8787 0.4235 -0.2204
vn -0.8787 0.4722 -0.0706
vn -0.8378 0.5230 0.1567
vn -0.7114 0.5450 0.4436
vn -0.5151 0.5133 0.6865
vn -0.2685 0.4312 0.8614
vn -0.1377 0.3754 0.9166
vn -0.2804 -0.1804 -0.9428
vn -0.1437 -0.2468 -0.9583
vn -0.5377 -0.0322 -0.8425
vn -0.7424 0.1193 -0.6592
vn -0.8741 0.2592 -0.4107
vn -0.9167 0.3482 -0.1959
vn -0.9167 0.3968 -0.0462
vn -0.8741 0.4511 0.1799
vn -0.7424 0.4840 0.4632
vn -0.5377 0.4691 0.7006
vn -0.2804 0.4082 0.8687
vn -0.1437 0.3636 0.9204
vn -0.2896 -0.2019 -0.9356
vn -0.1482 -0.2580 -0.9547
vn -0.5547 -0.0737 -0.8288
vn -0.7656 0.0619 -0.6403
vn -0.9013 0.1915 -0.3885
vn -0.9452 0.2771 -0.1728
vn -0.9452 0.3257 -0.0231
vn -0.9013 0.3833 0.2017
vn -0.7656 0.4264 0.4816
vn -0.5547 0.4275 0.7138
vn -0.2896 0.3866 0.8756
vn -0.1482 0.3525 0.9240
vn -0.2962 -0.2216 -0.9291
vn -0.1514 -0.2681 -0.9514
vn -0.5669 -0.1116 -0.8162
vn -0.7822 0.0095 -0.6230
vn -0.9206 0.1298 -0.3683
vn -0.9654 0.2123 -0.1517
vn -0.9654 0.2609 -0.0021
vn -0.9206 0.3215 0.2216
vn -0.7822 0.3739 0.4984
vn -0.5669 0.3895 0.7259
vn -0.2962 0.3668 0.8819
vn -0.1514 0.3423 0.9273
vn -0.3008 -0.2391 -0.9232
vn -0.1536 -0.2771 -0.9485
vn -0.5752 -0.1452 -0.8050
vn -0.7934 -0.0369 -0.6076
vn -0.9336 0.0751 -0.3503
vn -0.9789 0.1549 -0.1330
vn -0.9789 0.2034 0.0165
vn -0.9336 0.2666 0.2393
vn -0.7934 0.3273 0.5133
vn -0.5752 0.3557 0.7366
vn -0.3008 0.3492 0.8875
vn -0.1536 0.3333 0.9302
vn -0.3039 -0.2543 -0.9181
vn -0.1549 -0.2849 -0.9459
vn -0.5806 -0.1743 -0.7953
vn -0.8005 -0.0772 -0.5943
vn -0.9419 0.0276 -0.3347
vn -0.9876 0.1051 -0.1168
vn -0.9876 0.1536 0.0327
vn -0.9419 0.2191 0.2546
vn -0.8005 0.2869 0.5262
vn -0.5806 0.3264 0.7459
vn -0.3039 0.3339 0.8923
vn -0.1549 0.3255 0.9328
vn -0.3058 -0.2672 -0.9138
vn -0.1557 -0.2915 -0.9438
vn -0.5839 -0.1991 -0.7870
vn -0.8048 -0.1113 -0.5830
vn -0.9468 -0.0126 -0.3215
vn -0.9927 0.0628 -0.1030
vn -0.9927 0.1114 0.0464
vn -0.9468 0.1788 0.2675
vn -0.8048 0.2526 0.5371
vn -0.5839 0.3016 0.7537
vn -0.3058 0.3209 0.8964
vn -0.1557 0.3189 0.9349
vn -0.3070 -0.2780 -0.9102
vn -0.1562 -0.2971 -0.9420
vn -0.5858 -0.2197 -0.7802
vn -0.8072 -0.1397 -0.5735
vn -0.9495 -0.0461 -0.3105
vn -0.9954 0.0277 -0.0916
vn -0.9954 0.0763 0.0578
vn -0.9495 0.1453 0.2783
vn -0.8072 0.2241 0.5461
vn -0.5858 0.2809 0.7603
vn -0.3070 0.3101 0.8998
vn -0.1562 0.3134 0.9367
vn -0.3077 -0.2868 -0.9072
vn -0.1564 -0.3015 -0.9405
vn -0.5867 -0.2364 -0.7745
vn -0.8083 -0.1628 -0.5658
vn -0.9506 -0.0733 -0.3016
vn -0.9966 -0.0008 -0.0823
vn -0.9966 0.0477 0.0671
vn -0.9506 0.1180 0.2870
vn -0.8083 0.2009 0.5535
vn -0.5867 0.2640 0.7656
vn -0.3077 0.3013 0.9025
vn -0.1564 0.3089 0.9382
vn -0.3085 -0.2923 -0.9052
vn -0.1564 -0.3044 -0.9396
vn -0.5874 -0.2469 -0.7707
vn -0.8088 -0.1774 -0.5607
vn -0.9510 -0.0904 -0.2957
vn -0.9969 -0.0189 -0.0764
vn -0.9969 0.0296 0.0729
vn -0.9510 0.1007 0.2924
vn -0.8088 0.1861 0.5579
vn -0.5874 0.2532 0.7687
vn -0.3085 0.2956 0.9041
vn -0.1564 0.3061 0.9391
vn 0.3111 -0.3013 -0.9013
vn 0.1563 -0.3090 -0.9381
vn 0.5891 -0.2641 -0.7637
vn 0.8095 -0.2011 -0.5515
vn 0.9510 -0.1185 -0.2857
vn 0.9966 -0.0486 -0.0666
vn 0.9966 -0.0001 0.0825
vn 0.9510 0.0720 0.3008
vn 0.8095 0.1615 0.5644
vn 0.5891 0.2352 0.7730
vn 0.3111 0.2861 0.9063
vn 0.1563 0.3014 0.9406
vn 0.0079 0.0022 -1.0000
vn 0.0332 0.0031 -0.9994
vn 0.0165 -0.1575 -0.9874
vn 0.0040 -0.1565 -0.9877
vn 0.0150 0.3106 -0.9504
vn 0.0625 0.3094 -0.9489
vn 0.0206 0.5886 -0.8082
vn 0.0858 0.5855 -0.8061
vn 0.0242 0.8091 -0.5871
vn 0.1007 0.8047 -0.5851
vn 0.0253 0.9236 -0.3825
vn 0.1055 0.9186 -0.3809
vn 0.0253 0.9720 -0.2334
vn 0.1055 0.9670 -0.2318
vn 0.0242 0.9997 -0.0006
vn 0.1007 0.9949 0.0004
vn 0.0206 0.9512 0.3078
vn 0.0858 0.9475 0.3080
vn 0.0150 0.8099 0.5863
vn 0.0625 0.8081 0.5858
vn 0.0079 0.5896 0.8077
vn 0.0332 0.5900 0.8067
vn 0.0040 0.4539 0.8910
vn 0.0165 0.4529 0.8914
vn 0.0690 -0.0021 -0.9976
vn 0.0343 -0.1603 -0.9865
vn 0.1299 0.2991 -0.9453
vn 0.1781 0.5711 -0.8013
vn 0.2091 0.7877 -0.5795
vn 0.2191 0.9007 -0.3751
vn 0.2191 0.9492 -0.2260
vn 0.2091 0.9779 0.0059
vn 0.1781 0.9330 0.3126
vn 0.1299 0.7976 0.5890
vn 0.0690 0.5847 0.8083
vn 0.0343 0.4501 0.8923
vn 0.1069 -0.0123 -0.9942
vn 0.0531 -0.1656 -0.9848
vn 0.2011 0.2795 -0.9388
vn 0.2757 0.5441 -0.7924
vn 0.3236 0.7559 -0.5691
vn 0.3390 0.8674 -0.3642
vn 0.3390 0.9158 -0.2152
vn 0.3236 0.9461 0.0161
vn 0.2757 0.9060 0.3213
vn 0.2011 0.7780 0.5952
vn 0.1069 0.5744 0.8115
vn 0.0531 0.4448 0.8940
vn 0.1455 -0.0281 -0.9890
vn 0.0722 -0.1736 -0.9822
vn 0.2736 0.2494 -0.9289
vn 0.3751 0.5027 -0.7789
vn 0.4402 0.7072 -0.5533
vn 0.4612 0.8164 -0.3477
vn 0.4612 0.8648 -0.1986
vn 0.4402 0.8973 0.0319
vn 0.3751 0.8645 0.3347
vn 0.2736 0.7478 0.6049
vn 0.1455 0.5585 0.8166
vn 0.0722 0.4368 0.8966
vn 0.1831 -0.0499 -0.9818
vn 0.0908 -0.1845 -0.9786
vn 0.3441 0.2083 -0.9155
vn 0.4718 0.4462 -0.7605
vn 0.5536 0.6409 -0.5317
vn 0.5801 0.7469 -0.3251
vn 0.5801 0.7953 -0.1760
vn 0.5536 0.8310 0.0534
vn 0.4718 0.8080 0.3530
vn 0.3441 0.7067 0.6182
vn 0.1831 0.5367 0.8236
vn 0.0908 0.4259 0.9002
vn 0.2179 -0.0772 -0.9729
vn 0.1080 -0.1981 -0.9742
vn 0.4094 0.1569 -0.8988
vn 0.5611 0.3757 -0.7375
vn 0.6585 0.5581 -0.5048
vn 0.6900 0.6602 -0.2969
vn 0.6900 0.7086 -0.1478
vn 0.6585 0.7483 0.0803
vn 0.5611 0.7375 0.3758
vn 0.4094 0.6552 0.6349
vn 0.2179 0.5094 0.8325
vn 0.1080 0.4123 0.9046
vn 0.2481 -0.1091 -0.9626
vn 0.1230 -0.2139 -0.9691
vn 0.4662 0.0970 -0.8793
vn 0.6391 0.2936 -0.7109
vn 0.7501 0.4618 -0.4735
vn 0.7859 0.5592 -0.2641
vn 0.7859 0.6076 -0.1150
vn 0.7501 0.6519 0.1116
vn 0.6391 0.6554 0.4025
vn 0.4662 0.5953 0.6544
vn 0.2481 0.4775 0.8429
vn 0.1230 0.3965 0.9097
vn 0.2728 -0.1443 -0.9512
vn 0.1353 -0.2313 -0.9634
vn 0.5128 0.0310 -0.8580
vn 0.7030 0.2032 -0.6816
vn 0.8250 0.3557 -0.4391
vn 0.8644 0.4481 -0.2280
vn 0.8644 0.4965 -0.0789
vn 0.8250 0.5459 0.1461
vn 0.7030 0.5650 0.4319
vn 0.5128 0.5294 0.6759
vn 0.2728 0.4424 0.8543
vn 0.1353 0.3792 0.9154
vn 0.2915 -0.1812 -0.9392
vn 0.1447 -0.2496 -0.9575
vn 0.5482 -0.0384 -0.8355
vn 0.7516 0.1081 -0.6507
vn 0.8821 0.2442 -0.4028
vn 0.9242 0.3312 -0.1900
vn 0.9242 0.3797 -0.0410
vn 0.8821 0.4343 0.1824
vn 0.7516 0.4700 0.4629
vn 0.5482 0.4600 0.6985
vn 0.2915 0.4055 0.8664
vn 0.1447 0.3609 0.9213
vn 0.3043 -0.2189 -0.9271
vn 0.1512 -0.2682 -0.9514
vn 0.5726 -0.1091 -0.8126
vn 0.7851 0.0112 -0.6193
vn 0.9215 0.1305 -0.3659
vn 0.9655 0.2121 -0.1513
vn 0.9655 0.2605 -0.0023
vn 0.9215 0.3206 0.2193
vn 0.7851 0.3731 0.4944
vn 0.5726 0.3894 0.7215
vn 0.3043 0.3679 0.8787
vn 0.1512 0.3422 0.9274
vn 0.3117 -0.2563 -0.9150
vn 0.1549 -0.2868 -0.9454
vn 0.5866 -0.1796 -0.7897
vn 0.8044 -0.0854 -0.5879
vn 0.9441 0.0171 -0.3291
vn 0.9892 0.0933 -0.1127
vn 0.9892 0.1417 0.0363
vn 0.9441 0.2073 0.2562
vn 0.8044 0.2765 0.5258
vn 0.5866 0.3189 0.7445
vn 0.3117 0.3304 0.8909
vn 0.1549 0.3236 0.9334
vn 0.3132 -0.2903 -0.9042
vn 0.1562 -0.3036 -0.9399
vn 0.5906 -0.2433 -0.7694
vn 0.8104 -0.1727 -0.5599
vn 0.9514 -0.0854 -0.2960
vn 0.9969 -0.0140 -0.0778
vn 0.9969 0.0344 0.0712
vn 0.9514 0.1049 0.2896
vn 0.8104 0.1893 0.5545
vn 0.5906 0.2554 0.7655
vn 0.3132 0.2967 0.9022
vn 0.1562 0.3068 0.9389
vn 0.3116 -0.3184 -0.8953
vn 0.1557 -0.3177 -0.9353
vn 0.5882 -0.2965 -0.7524
vn 0.8074 -0.2457 -0.5364
vn 0.9480 -0.1710 -0.2683
vn 0.9934 -0.1036 -0.0487
vn 0.9934 -0.0552 0.1003
vn 0.9480 0.0194 0.3176
vn 0.8074 0.1165 0.5784
vn 0.5882 0.2024 0.7830
vn 0.3116 0.2686 0.9115
vn 0.1557 0.2928 0.9434
vn 0.3082 -0.3458 -0.8863
vn 0.1538 -0.3313 -0.9309
vn 0.5813 -0.3480 -0.7355
vn 0.7978 -0.3164 -0.5133
vn 0.9366 -0.2541 -0.2412
vn 0.9814 -0.1907 -0.0204
vn 0.9814 -0.1423 0.1286
vn 0.9366 -0.0638 0.3445
vn 0.7978 0.0457 0.6012
vn 0.5813 0.1508 0.7996
vn 0.3082 0.2412 0.9202
vn 0.1538 0.2791 0.9479
vn 0.3013 -0.3754 -0.8765
vn 0.1502 -0.3461 -0.9261
vn 0.5679 -0.4039 -0.7172
vn 0.7792 -0.3930 -0.4882
vn 0.9147 -0.3440 -0.2119
vn 0.9585 -0.2850 0.0102
vn 0.9585 -0.2365 0.1593
vn 0.9147 -0.1537 0.3736
vn 0.7792 -0.0310 0.6260
vn 0.5679 0.0948 0.8176
vn 0.3013 0.2115 0.9298
vn 0.1502 0.2644 0.9527
vn 0.2903 -0.4064 -0.8664
vn 0.1446 -0.3615 -0.9211
vn 0.5468 -0.4621 -0.6981
vn 0.7501 -0.4729 -0.4622
vn 0.8806 -0.4378 -0.1814
vn 0.9227 -0.3833 0.0422
vn 0.9227 -0.3349 0.1912
vn 0.8806 -0.2476 0.4041
vn 0.7501 -0.1110 0.6519
vn 0.5468 0.0365 0.8364
vn 0.2903 0.1804 0.9398
vn 0.1446 0.2490 0.9577
vn 0.2749 -0.4373 -0.8563
vn 0.1368 -0.3769 -0.9161
vn 0.5177 -0.5203 -0.6792
vn 0.7101 -0.5527 -0.4362
vn 0.8335 -0.5315 -0.1509
vn 0.8733 -0.4815 0.0740
vn 0.8733 -0.4330 0.2231
vn 0.8335 -0.3413 0.4345
vn 0.7101 -0.1908 0.6778
vn 0.5177 -0.0217 0.8553
vn 0.2749 0.1495 0.9498
vn 0.1368 0.2336 0.9627
vn 0.2555 -0.4667 -0.8467
vn 0.1272 -0.3915 -0.9114
vn 0.4811 -0.5756 -0.6612
vn 0.6599 -0.6285 -0.4116
vn 0.7747 -0.6205 -0.1220
vn 0.8117 -0.5747 0.1043
vn 0.8117 -0.5263 0.2534
vn 0.7747 -0.4303 0.4634
vn 0.6599 -0.2666 0.7024
vn 0.4811 -0.0770 0.8733
vn 0.2555 0.1202 0.9593
vn 0.1272 0.2190 0.9674
vn 0.2330 -0.4931 -0.8382
vn 0.1160 -0.4047 -0.9071
vn 0.4390 -0.6254 -0.6451
vn 0.6022 -0.6970 -0.3894
vn 0.7069 -0.7008 -0.0959
vn 0.7407 -0.6588 0.1317
vn 0.7407 -0.6104 0.2807
vn 0.7069 -0.5106 0.4895
vn 0.6022 -0.3350 0.7247
vn 0.4390 -0.1268 0.8895
vn 0.2330 0.0938 0.9679
vn 0.1160 0.2058 0.9717
vn 0.2088 -0.5156 -0.8310
vn 0.1041 -0.4160 -0.9034
vn 0.3936 -0.6682 -0.6313
vn 0.5401 -0.7557 -0.3704
vn 0.6340 -0.7698 -0.0736
vn 0.6643 -0.7311 0.1552
vn 0.6643 -0.6827 0.3042
vn 0.6340 -0.5795 0.5120
vn 0.5401 -0.3937 0.7439
vn 0.3936 -0.1695 0.9035
vn 0.2088 0.0713 0.9754
vn 0.1041 0.1944 0.9754
vn 0.1843 -0.5341 -0.8251
vn 0.0920 -0.4253 -0.9003
vn 0.3476 -0.7033 -0.6201
vn 0.4771 -0.8040 -0.3549
vn 0.5601 -0.8266 -0.0552
vn 0.5869 -0.7906 0.1745
vn 0.5869 -0.7422 0.3235
vn 0.5601 -0.6363 0.5305
vn 0.4771 -0.4419 0.7597
vn 0.3476 -0.2045 0.9151
vn 0.1843 0.0529 0.9815
vn 0.0920 0.1851 0.9784
vn 0.1605 -0.5486 -0.8205
vn 0.0803 -0.4328 -0.8979
vn 0.3031 -0.7311 -0.6112
vn 0.4161 -0.8423 -0.3426
vn 0.4886 -0.8716 -0.0407
vn 0.5119 -0.8378 0.1898
vn 0.5119 -0.7894 0.3389
vn 0.4886 -0.6812 0.5452
vn 0.4161 -0.4801 0.7723
vn 0.3031 -0.2322 0.9242
vn 0.1605 0.0384 0.9863
vn 0.0803 0.1777 0.9808
vn 0.1384 -0.5597 -0.8170
vn 0.0693 -0.4385 -0.8961
vn 0.2615 -0.7525 -0.6045
vn 0.3591 -0.8718 -0.3332
vn 0.4217 -0.9063 -0.0295
vn 0.4419 -0.8741 0.2016
vn 0.4419 -0.8257 0.3507
vn 0.4217 -0.7158 0.5566
vn 0.3591 -0.5095 0.7820
vn 0.2615 -0.2534 0.9313
vn 0.1384 0.0274 0.9900
vn 0.0693 0.1719 0.9827
vn -0.7126 -0.7003 0.0426
vn -0.5435 -0.7983 0.2594
vn -0.5817 -0.8081 0.0926
vn -0.5138 -0.8460 0.1421
vn -0.4726 -0.8573 0.2042
vn -0.5014 -0.8257 0.2585
vn -0.5014 -0.8199 0.2762
vn -0.4726 -0.8136 0.3387
vn -0.5138 -0.7680 0.3823
vn -0.5817 -0.7082 0.4001
vn -0.7126 -0.5916 0.3771
vn -0.7699 0.5301 -0.3554
vn -0.6218 0.7448 -0.2420
vn -0.6564 0.6505 -0.3820
vn -0.5955 0.7138 -0.3686
vn -0.5563 0.7641 -0.3267
vn -0.5826 0.7699 -0.2606
vn -0.5826 0.7760 -0.2417
vn -0.5563 0.8102 -0.1848
vn -0.5955 0.7941 -0.1214
vn -0.6564 0.7508 -0.0733
vn -0.7699 0.6377 -0.0240
vn 0.0852 -0.0071 -0.9963
vn 0.0425 -0.1622 -0.9858
vn 0.1607 0.2909 -0.9432
vn 0.2205 0.5605 -0.7983
vn 0.2589 0.7755 -0.5758
vn 0.2713 0.8881 -0.3710
vn 0.2713 0.9366 -0.2219
vn 0.2589 0.9659 0.0100
vn 0.2205 0.9227 0.3163
vn 0.1607 0.7897 0.5920
vn 0.0851 0.5799 0.8102
vn 0.0425 0.4482 0.8929
vn 0.1141 -0.0161 -0.9933
vn 0.0569 -0.1668 -0.9843
vn 0.2151 0.2737 -0.9374
vn 0.2952 0.5367 -0.7904
vn 0.3465 0.7476 -0.5666
vn 0.3631 0.8588 -0.3614
vn 0.3631 0.9072 -0.2124
vn 0.3465 0.9378 0.0190
vn 0.2952 0.8988 0.3240
vn 0.2151 0.7725 0.5975
vn 0.1141 0.5709 0.8131
vn 0.0569 0.4436 0.8944
vn 0.1438 -0.0286 -0.9892
vn 0.0717 -0.1732 -0.9823
vn 0.2711 0.2498 -0.9296
vn 0.3719 0.5038 -0.7796
vn 0.4366 0.7088 -0.5540
vn 0.4575 0.8182 -0.3482
vn 0.4575 0.8666 -0.1992
vn 0.4366 0.8991 0.0315
vn 0.3719 0.8659 0.3346
vn 0.2711 0.7485 0.6052
vn 0.1438 0.5583 0.8171
vn 0.0717 0.4372 0.8965
vn 0.1738 -0.0451 -0.9837
vn 0.0866 -0.1816 -0.9796
vn 0.3274 0.2185 -0.9193
vn 0.4492 0.4607 -0.7655
vn 0.5272 0.6581 -0.5375
vn 0.5524 0.7650 -0.3310
vn 0.5524 0.8135 -0.1819
vn 0.5272 0.8484 0.0480
vn 0.4492 0.8227 0.3485
vn 0.3274 0.7171 0.6153
vn 0.1738 0.5418 0.8224
vn 0.0866 0.4289 0.8992
vn 0.2032 -0.0659 -0.9769
vn 0.1011 -0.1920 -0.9762
vn 0.3826 0.1791 -0.9064
vn 0.5247 0.4066 -0.7479
vn 0.6160 0.5946 -0.5168
vn 0.6454 0.6984 -0.3093
vn 0.6454 0.7469 -0.1603
vn 0.6160 0.7848 0.0686
vn 0.5247 0.7685 0.3660
vn 0.3826 0.6777 0.6280
vn 0.2032 0.5209 0.8291
vn 0.1011 0.4184 0.9026
vn 0.2310 -0.0910 -0.9687
vn 0.1148 -0.2046 -0.9721
vn 0.4347 0.1317 -0.8909
vn 0.5961 0.3415 -0.7267
vn 0.6997 0.5181 -0.4919
vn 0.7331 0.6183 -0.2833
vn 0.7331 0.6667 -0.1342
vn 0.6997 0.7083 0.0934
vn 0.5961 0.7034 0.3872
vn 0.4347 0.6302 0.6433
vn 0.2310 0.4958 0.8372
vn 0.1148 0.4059 0.9067
vn 0.2560 -0.1201 -0.9592
vn 0.1272 -0.2191 -0.9674
vn 0.4816 0.0768 -0.8730
vn 0.6604 0.2662 -0.7021
vn 0.7751 0.4297 -0.4632
vn 0.8122 0.5256 -0.2532
vn 0.8122 0.5741 -0.1041
vn 0.7751 0.6199 0.1221
vn 0.6604 0.6280 0.4116
vn 0.4816 0.5753 0.6611
vn 0.2560 0.4667 0.8466
vn 0.1272 0.3913 0.9114
vn 0.2771 -0.1525 -0.9486
vn 0.1377 -0.2353 -0.9621
vn 0.5214 0.0157 -0.8532
vn 0.7150 0.1824 -0.6749
vn 0.8392 0.3314 -0.4312
vn 0.8793 0.4226 -0.2197
vn 0.8793 0.4710 -0.0706
vn 0.8392 0.5215 0.1541
vn 0.7150 0.5443 0.4388
vn 0.5214 0.5142 0.6810
vn 0.2771 0.4342 0.8571
vn 0.1377 0.3752 0.9167
vn 0.2937 -0.1873 -0.9374
vn 0.1460 -0.2525 -0.9565
vn 0.5527 -0.0496 -0.8319
vn 0.7578 0.0928 -0.6458
vn 0.8895 0.2262 -0.3970
vn 0.9320 0.3124 -0.1839
vn 0.9320 0.3608 -0.0348
vn 0.8895 0.4163 0.1883
vn 0.7578 0.4546 0.4679
vn 0.5527 0.4488 0.7022
vn 0.2937 0.3994 0.8684
vn 0.1460 0.3579 0.9223
vn 0.3052 -0.2231 -0.9258
vn 0.1518 -0.2703 -0.9507
vn 0.5745 -0.1170 -0.8101
vn 0.7879 0.0004 -0.6158
vn 0.9248 0.1178 -0.3618
vn 0.9690 0.1988 -0.1470
vn 0.9690 0.2472 0.0021
vn 0.9248 0.3079 0.2235
vn 0.7879 0.3623 0.4980
vn 0.5745 0.3815 0.7242
vn 0.3052 0.3636 0.8801
vn 0.1518 0.3402 0.9280
vn 0.3117 -0.2588 -0.9142
vn 0.1551 -0.2880 -0.9450
vn 0.5870 -0.1841 -0.7884
vn 0.8051 -0.0916 -0.5860
vn 0.9450 0.0098 -0.3268
vn 0.9902 0.0857 -0.1102
vn 0.9902 0.1341 0.0388
vn 0.9450 0.2000 0.2586
vn 0.8051 0.2704 0.5279
vn 0.5870 0.3144 0.7460
vn 0.3117 0.3280 0.8918
vn 0.1551 0.3224 0.9338
vn 0.3139 -0.2943 -0.9027
vn 0.1562 -0.3057 -0.9392
vn 0.5910 -0.2510 -0.7666
vn 0.8106 -0.1833 -0.5562
vn 0.9515 -0.0979 -0.2918
vn 0.9969 -0.0271 -0.0736
vn 0.9969 0.0213 0.0755
vn 0.9515 0.0923 0.2936
vn 0.8106 0.1786 0.5577
vn 0.5910 0.2476 0.7677
vn 0.3139 0.2925 0.9033
vn 0.1562 0.3048 0.9395
vn 0.3117 -0.3311 -0.8907
vn 0.1549 -0.3240 -0.9333
vn 0.5864 -0.3202 -0.7440
vn 0.8042 -0.2782 -0.5253
vn 0.9439 -0.2092 -0.2556
vn 0.9890 -0.1438 -0.0357
vn 0.9890 -0.0954 0.1134
vn 0.9439 -0.0191 0.3297
vn 0.8042 0.0837 0.5885
vn 0.5864 0.1783 0.7901
vn 0.3117 0.2557 0.9151
vn 0.1549 0.2865 0.9455
vn 0.3041 -0.3689 -0.8783
vn 0.1510 -0.3427 -0.9272
vn 0.5720 -0.3913 -0.7209
vn 0.7844 -0.3758 -0.4935
vn 0.9206 -0.3238 -0.2183
vn 0.9646 -0.2638 0.0033
vn 0.9646 -0.2154 0.1524
vn 0.9206 -0.1336 0.3669
vn 0.7844 -0.0139 0.6201
vn 0.5720 0.1071 0.8132
vn 0.3041 0.2178 0.9274
vn 0.1510 0.2677 0.9516
vn 0.2910 -0.4068 -0.8659
vn 0.1444 -0.3615 -0.9211
vn 0.5472 -0.4625 -0.6977
vn 0.7502 -0.4733 -0.4618
vn 0.8804 -0.4383 -0.1811
vn 0.9224 -0.3838 0.0423
vn 0.9224 -0.3354 0.1914
vn 0.8804 -0.2481 0.4041
vn 0.7502 -0.1115 0.6518
vn 0.5472 0.0359 0.8363
vn 0.2910 0.1799 0.9397
vn 0.1444 0.2489 0.9577
vn 0.2719 -0.4440 -0.8538
vn 0.1348 -0.3799 -0.9151
vn 0.5110 -0.5323 -0.6749
vn 0.7005 -0.5690 -0.4306
vn 0.8222 -0.5506 -0.1446
vn 0.8614 -0.5015 0.0805
vn 0.8614 -0.4531 0.2296
vn 0.8222 -0.3605 0.4406
vn 0.7005 -0.2073 0.6828
vn 0.5110 -0.0340 0.8589
vn 0.2719 0.1427 0.9517
vn 0.1348 0.2305 0.9637
vn 0.2467 -0.4793 -0.8423
vn 0.1223 -0.3974 -0.9095
vn 0.4635 -0.5986 -0.6533
vn 0.6353 -0.6599 -0.4010
vn 0.7456 -0.6572 -0.1099
vn 0.7812 -0.6132 0.1168
vn 0.7812 -0.5648 0.2659
vn 0.7456 -0.4671 0.4752
vn 0.6353 -0.2982 0.7123
vn 0.4635 -0.1003 0.8804
vn 0.2467 0.1073 0.9631
vn 0.1223 0.2130 0.9694
vn 0.2158 -0.5113 -0.8319
vn 0.1070 -0.4133 -0.9043
vn 0.4055 -0.6587 -0.6338
vn 0.5559 -0.7423 -0.3743
vn 0.6523 -0.7539 -0.0785
vn 0.6835 -0.7145 0.1497
vn 0.6835 -0.6660 0.2988
vn 0.6523 -0.5637 0.5066
vn 0.5559 -0.3805 0.7391
vn 0.4055 -0.1604 0.8999
vn 0.2158 0.0753 0.9735
vn 0.1070 0.1972 0.9745
vn 0.1806 -0.5385 -0.8231
vn 0.0895 -0.4268 -0.8999
vn 0.3393 -0.7099 -0.6172
vn 0.4651 -0.8125 -0.3515
vn 0.5459 -0.8363 -0.0517
vn 0.5719 -0.8008 0.1778
vn 0.5719 -0.7524 0.3269
vn 0.5459 -0.6461 0.5334
vn 0.4651 -0.4507 0.7619
vn 0.3393 -0.2116 0.9166
vn 0.1806 0.0481 0.9824
vn 0.0895 0.1837 0.9789
vn 0.1427 -0.5599 -0.8162
vn 0.0708 -0.4375 -0.8964
vn 0.2682 -0.7504 -0.6041
vn 0.3677 -0.8681 -0.3335
vn 0.4316 -0.9015 -0.0305
vn 0.4522 -0.8692 0.2000
vn 0.4522 -0.8208 0.3491
vn 0.4316 -0.7114 0.5546
vn 0.3677 -0.5063 0.7800
vn 0.2682 -0.2520 0.9298
vn 0.1427 0.0267 0.9894
vn 0.0708 0.1729 0.9824
vn 0.1042 -0.5753 -0.8113
vn 0.0517 -0.4453 -0.8939
vn 0.1960 -0.7797 -0.5947
vn 0.2687 -0.9083 -0.3205
vn 0.3154 -0.9488 -0.0152
vn 0.3304 -0.9188 0.2161
vn 0.3304 -0.8703 0.3652
vn 0.3154 -0.7587 0.5700
vn 0.2687 -0.5465 0.7932
vn 0.1960 -0.2812 0.9394
vn 0.1042 0.0114 0.9945
vn 0.0517 0.1651 0.9849
vn 0.0668 -0.5850 -0.8082
vn 0.0332 -0.4503 -0.8922
vn 0.1258 -0.7984 -0.5888
vn 0.1725 -0.9342 -0.3122
vn 0.2025 -0.9793 -0.0054
vn 0.2122 -0.9506 0.2265
vn 0.2122 -0.9022 0.3755
vn 0.2025 -0.7890 0.5800
vn 0.1725 -0.5723 0.8017
vn 0.1258 -0.2999 0.9456
vn 0.0668 0.0018 0.9978
vn 0.0332 0.1601 0.9865
vn 0.0319 -0.5900 -0.8068
vn 0.0159 -0.4530 -0.8914
vn 0.0602 -0.8082 -0.5858
vn 0.0826 -0.9478 -0.3080
vn 0.0970 -0.9953 -0.0003
vn 0.1016 -0.9674 0.2319
vn 0.1016 -0.9190 0.3810
vn 0.0970 -0.8050 0.5853
vn 0.0826 -0.5858 0.8063
vn 0.0602 -0.3095 0.9490
vn 0.0319 -0.0031 0.9995
vn 0.0159 0.1574 0.9874
vn 0.0076 -0.5895 -0.8077
vn 0.0038 -0.4539 -0.8910
vn 0.0144 -0.8099 -0.5864
vn 0.0197 -0.9512 -0.3079
vn 0.0232 -0.9997 0.0006
vn 0.0243 -0.9721 0.2334
vn 0.0243 -0.9236 0.3825
vn 0.0232 -0.8091 0.5872
vn 0.0197 -0.5886 0.8082
vn 0.0144 -0.3106 0.9504
vn 0.0076 -0.0021 1.0000
vn 0.0038 0.1565 0.9877
vn -0.5226 0.2889 -0.8022
vn -0.0050 -0.0016 -1.0000
vn -0.0211 -0.0044 -0.9998
vn -0.0108 -0.1569 -0.9876
vn -0.0025 -0.1565 -0.9877
vn -0.0095 0.3076 -0.9515
vn -0.0405 0.3045 -0.9516
vn -0.0131 0.5869 -0.8096
vn -0.0559 0.5839 -0.8099
vn -0.0154 0.8086 -0.5882
vn -0.0658 0.8061 -0.5882
vn -0.0161 0.9237 -0.3827
vn -0.0690 0.9215 -0.3821
vn -0.0161 0.9723 -0.2333
vn -0.0690 0.9701 -0.2325
vn -0.0154 0.9999 0.0006
vn -0.0658 0.9978 0.0020
vn -0.0131 0.9506 0.3100
vn -0.0559 0.9484 0.3120
vn -0.0095 0.8081 0.5889
vn -0.0405 0.8057 0.5909
vn -0.0050 0.5865 0.8099
vn -0.0211 0.5841 0.8114
vn -0.0025 0.4540 0.8910
vn -0.0108 0.4535 0.8912
vn -0.0457 -0.0077 -0.9989
vn -0.0234 -0.1583 -0.9871
vn -0.0876 0.2989 -0.9502
vn -0.1210 0.5766 -0.8080
vn -0.1425 0.7978 -0.5858
vn -0.1494 0.9131 -0.3794
vn -0.1494 0.9617 -0.2297
vn -0.1425 0.9898 0.0050
vn -0.1210 0.9414 0.3147
vn -0.0876 0.8004 0.5931
vn -0.0457 0.5809 0.8127
vn -0.0234 0.4522 0.8916
vn -0.0744 -0.0142 -0.9971
vn -0.0383 -0.1612 -0.9862
vn -0.1430 0.2874 -0.9471
vn -0.1976 0.5614 -0.8036
vn -0.2328 0.7803 -0.5805
vn -0.2442 0.8949 -0.3736
vn -0.2442 0.9436 -0.2238
vn -0.2328 0.9725 0.0110
vn -0.1976 0.9265 0.3202
vn -0.1430 0.7892 0.5972
vn -0.0744 0.5746 0.8150
vn -0.0383 0.4493 0.8926
vn -0.1075 -0.0252 -0.9939
vn -0.0554 -0.1664 -0.9845
vn -0.2069 0.2673 -0.9411
vn -0.2862 0.5342 -0.7955
vn -0.3372 0.7487 -0.5707
vn -0.3538 0.8620 -0.3630
vn -0.3538 0.9107 -0.2130
vn -0.3372 0.9412 0.0216
vn -0.2862 0.8997 0.3296
vn -0.2069 0.7694 0.6043
vn -0.1075 0.5638 0.8189
vn -0.0554 0.4441 0.8943
vn -0.1441 -0.0424 -0.9887
vn -0.0745 -0.1748 -0.9818
vn -0.2779 0.2351 -0.9314
vn -0.3847 0.4904 -0.7820
vn -0.4536 0.6976 -0.5546
vn -0.4759 0.8087 -0.3458
vn -0.4759 0.8575 -0.1956
vn -0.4536 0.8904 0.0386
vn -0.3847 0.8564 0.3444
vn -0.2779 0.7377 0.6153
vn -0.1441 0.5468 0.8248
vn -0.0745 0.4356 0.8970
vn -0.1823 -0.0671 -0.9809
vn -0.0945 -0.1873 -0.9777
vn -0.3523 0.1882 -0.9168
vn -0.4881 0.4260 -0.7618
vn -0.5758 0.6221 -0.5305
vn -0.6042 0.7297 -0.3202
vn -0.6042 0.7785 -0.1699
vn -0.5758 0.8151 0.0635
vn -0.4881 0.7924 0.3659
vn -0.3523 0.6911 0.6310
vn -0.1823 0.5223 0.8331
vn -0.0945 0.4232 0.9011
vn -0.2192 -0.0996 -0.9706
vn -0.1138 -0.2039 -0.9723
vn -0.4240 0.1259 -0.8969
vn -0.5877 0.3399 -0.7342
vn -0.6935 0.5208 -0.4979
vn -0.7278 0.6234 -0.2857
vn -0.7278 0.6723 -0.1353
vn -0.6935 0.7139 0.0967
vn -0.5877 0.7065 0.3942
vn -0.4240 0.6290 0.6516
vn -0.2192 0.4899 0.8438
vn -0.1138 0.4065 0.9065
vn -0.2512 -0.1384 -0.9580
vn -0.1304 -0.2241 -0.9658
vn -0.4859 0.0509 -0.8725
vn -0.6735 0.2360 -0.7005
vn -0.7948 0.3982 -0.4580
vn -0.8341 0.4948 -0.2439
vn -0.8341 0.5437 -0.0935
vn -0.7948 0.5914 0.1365
vn -0.6735 0.6026 0.4280
vn -0.4859 0.5540 0.6760
vn -0.2512 0.4511 0.8564
vn -0.1304 0.3864 0.9131
vn -0.2757 -0.1803 -0.9442
vn -0.1429 -0.2459 -0.9587
vn -0.5327 -0.0305 -0.8458
vn -0.7381 0.1230 -0.6634
vn -0.8707 0.2647 -0.4144
vn -0.9137 0.3547 -0.1983
vn -0.9137 0.4035 -0.0480
vn -0.8707 0.4578 0.1797
vn -0.7381 0.4894 0.4644
vn -0.5327 0.4725 0.7021
vn -0.2757 0.4091 0.8699
vn -0.1429 0.3645 0.9202
vn -0.2918 -0.2219 -0.9304
vn -0.1509 -0.2676 -0.9516
vn -0.5630 -0.1110 -0.8190
vn -0.7794 0.0112 -0.6264
vn -0.9191 0.1327 -0.3711
vn -0.9643 0.2159 -0.1532
vn -0.9643 0.2647 -0.0030
vn -0.9191 0.3254 0.2222
vn -0.7794 0.3773 0.5002
vn -0.5630 0.3916 0.7278
vn -0.2918 0.3674 0.8831
vn -0.1509 0.3428 0.9272
vn -0.3006 -0.2602 -0.9176
vn -0.1550 -0.2875 -0.9451
vn -0.5787 -0.1850 -0.7943
vn -0.8005 -0.0914 -0.5923
vn -0.9435 0.0115 -0.3312
vn -0.9898 0.0887 -0.1117
vn -0.9898 0.1374 0.0383
vn -0.9435 0.2040 0.2612
vn -0.8005 0.2742 0.5329
vn -0.5787 0.3172 0.7513
vn -0.3006 0.3288 0.8953
vn -0.1550 0.3229 0.9336
vn -0.3039 -0.2934 -0.9064
vn -0.1562 -0.3047 -0.9395
vn -0.5838 -0.2491 -0.7727
vn -0.8068 -0.1800 -0.5627
vn -0.9504 -0.0931 -0.2967
vn -0.9969 -0.0212 -0.0759
vn -0.9969 0.0275 0.0739
vn -0.9504 0.0991 0.2948
vn -0.8068 0.1851 0.5611
vn -0.5838 0.2527 0.7716
vn -0.3039 0.2954 0.9058
vn -0.1562 0.3057 0.9392
vn -0.3021 -0.3244 -0.8964
vn -0.1554 -0.3206 -0.9344
vn -0.5805 -0.3085 -0.7535
vn -0.8024 -0.2622 -0.5361
vn -0.9453 -0.1899 -0.2653
vn -0.9915 -0.1227 -0.0430
vn -0.9915 -0.0740 0.1069
vn -0.9453 0.0024 0.3263
vn -0.8024 0.1030 0.5879
vn -0.5805 0.1933 0.7910
vn -0.3021 0.2645 0.9159
vn -0.1554 0.2898 0.9444
vn -0.2956 -0.3575 -0.8859
vn -0.1524 -0.3377 -0.9288
vn -0.5689 -0.3723 -0.7333
vn -0.7868 -0.3505 -0.5080
vn -0.9273 -0.2939 -0.2319
vn -0.9728 -0.2317 -0.0076
vn -0.9728 -0.1830 0.1424
vn -0.9273 -0.1014 0.3604
vn -0.7868 0.0151 0.6170
vn -0.5689 0.1298 0.8121
vn -0.2956 0.2315 0.9268
vn -0.1524 0.2728 0.9499
vn -0.2835 -0.3938 -0.8744
vn -0.1465 -0.3565 -0.9228
vn -0.5465 -0.4424 -0.7111
vn -0.7564 -0.4475 -0.4771
vn -0.8918 -0.4083 -0.1951
vn -0.9356 -0.3517 0.0313
vn -0.9356 -0.3029 0.1814
vn -0.8918 -0.2156 0.3978
vn -0.7564 -0.0817 0.6490
vn -0.5465 0.0600 0.8353
vn -0.2835 0.1954 0.9389
vn -0.1465 0.2540 0.9561
vn -0.2646 -0.4317 -0.8623
vn -0.1370 -0.3762 -0.9164
vn -0.5108 -0.5160 -0.6876
vn -0.7075 -0.5495 -0.4444
vn -0.8343 -0.5286 -0.1564
vn -0.8755 -0.4779 0.0722
vn -0.8755 -0.4290 0.2225
vn -0.8343 -0.3357 0.4372
vn -0.7075 -0.1833 0.6826
vn -0.5108 -0.0132 0.8596
vn -0.2646 0.1576 0.9514
vn -0.1370 0.2343 0.9625
vn -0.2385 -0.4691 -0.8503
vn -0.1236 -0.3956 -0.9100
vn -0.4608 -0.5885 -0.6644
vn -0.6384 -0.6501 -0.4121
vn -0.7531 -0.6473 -0.1180
vn -0.7902 -0.6024 0.1126
vn -0.7902 -0.5535 0.2629
vn -0.7531 -0.4543 0.4759
vn -0.6384 -0.2837 0.7155
vn -0.4608 -0.0856 0.8834
vn -0.2385 0.1202 0.9637
vn -0.1236 0.2148 0.9688
vn -0.2059 -0.5033 -0.8392
vn -0.1067 -0.4134 -0.9043
vn -0.3979 -0.6545 -0.6429
vn -0.5512 -0.7416 -0.3824
vn -0.6502 -0.7552 -0.0830
vn -0.6823 -0.7156 0.1494
vn -0.6823 -0.6668 0.2997
vn -0.6502 -0.5622 0.5110
vn -0.5512 -0.3752 0.7453
vn -0.3979 -0.1516 0.9048
vn -0.2059 0.0861 0.9748
vn -0.1067 0.1971 0.9746
vn -0.1689 -0.5318 -0.8298
vn -0.0875 -0.4281 -0.8995
vn -0.3261 -0.7093 -0.6249
vn -0.4517 -0.8174 -0.3575
vn -0.5328 -0.8446 -0.0538
vn -0.5590 -0.8094 0.1799
vn -0.5590 -0.7606 0.3302
vn -0.5328 -0.6517 0.5399
vn -0.4517 -0.4512 0.7697
vn -0.3261 -0.2066 0.9225
vn -0.1689 0.0575 0.9840
vn -0.0875 0.1824 0.9793
vn -0.1303 -0.5536 -0.8225
vn -0.0674 -0.4391 -0.8959
vn -0.2513 -0.7507 -0.6110
vn -0.3479 -0.8743 -0.3385
vn -0.4102 -0.9115 -0.0317
vn -0.4303 -0.8796 0.2028
vn -0.4303 -0.8308 0.3529
vn -0.4102 -0.7188 0.5614
vn -0.3479 -0.5083 0.7878
vn -0.2513 -0.2482 0.9356
vn -0.1303 0.0356 0.9908
vn -0.0674 0.1714 0.9829
vn -0.0928 -0.5686 -0.8174
vn -0.0478 -0.4466 -0.8935
vn -0.1786 -0.7788 -0.6013
vn -0.2471 -0.9127 -0.3254
vn -0.2912 -0.9565 -0.0167
vn -0.3055 -0.9268 0.2182
vn -0.3055 -0.8781 0.3682
vn -0.2912 -0.7640 0.5757
vn -0.2471 -0.5471 0.7998
vn -0.1786 -0.2766 0.9442
vn -0.0928 0.0204 0.9955
vn -0.0478 0.1639 0.9853
vn -0.0581 -0.5778 -0.8141
vn -0.0299 -0.4510 -0.8920
vn -0.1117 -0.7957 -0.5953
vn -0.1544 -0.9356 -0.3174
vn -0.1819 -0.9833 -0.0076
vn -0.1908 -0.9549 0.2274
vn -0.1908 -0.9062 0.3773
vn -0.1819 -0.7910 0.5841
vn -0.1544 -0.5704 0.8067
vn -0.1117 -0.2938 0.9493
vn -0.0581 0.0110 0.9982
vn -0.0299 0.1594 0.9868
vn -0.0273 -0.5827 -0.8122
vn -0.0140 -0.4532 -0.8913
vn -0.0523 -0.8042 -0.5920
vn -0.0723 -0.9469 -0.3132
vn -0.0852 -0.9964 -0.0030
vn -0.0893 -0.9686 0.2319
vn -0.0893 -0.9200 0.3817
vn -0.0852 -0.8043 0.5881
vn -0.0723 -0.5820 0.8100
vn -0.0523 -0.3026 0.9517
vn -0.0273 0.0060 0.9996
vn -0.0140 0.1572 0.9875
vn -0.0065 -0.5861 -0.8102
vn -0.0033 -0.4539 -0.8910
vn -0.0123 -0.8078 -0.5893
vn -0.0170 -0.9505 -0.3103
vn -0.0200 -0.9998 -0.0008
vn -0.0210 -0.9722 0.2333
vn -0.0210 -0.9236 0.3827
vn -0.0200 -0.8084 0.5883
vn -0.0170 -0.5865 0.8097
vn -0.0123 -0.3072 0.9516
vn -0.0065 0.0021 1.0000
vn -0.0033 0.1565 0.9877
vn 0.7024 -0.7038 0.1069
vn 0.7024 -0.6322 0.3272
vn 0.6319 -0.4624 0.6220
vn 0.6319 0.4624 -0.6220
vn 0.7024 0.6322 -0.3272
vn 0.7024 0.7038 -0.1069
vn -0.0065 -0.0021 -1.0000
vn -0.0275 -0.0061 -0.9996
vn -0.0141 -0.1572 -0.9875
vn -0.0033 -0.1565 -0.9877
vn -0.0125 0.3072 -0.9516
vn -0.0528 0.3026 -0.9517
vn -0.0172 0.5865 -0.8098
vn -0.0730 0.5819 -0.8100
vn -0.0202 0.8084 -0.5883
vn -0.0860 0.8042 -0.5880
vn -0.0212 0.9236 -0.3827
vn -0.0902 0.9199 -0.3817
vn -0.0212 0.9722 -0.2333
vn -0.0902 0.9685 -0.2319
vn -0.0202 0.9998 0.0008
vn -0.0860 0.9963 0.0030
vn -0.0172 0.9505 0.3104
vn -0.0730 0.9469 0.3132
vn -0.0125 0.8078 0.5893
vn -0.0528 0.8041 0.5921
vn -0.0065 0.5860 0.8103
vn -0.0275 0.5827 0.8123
vn -0.0033 0.4539 0.8910
vn -0.0141 0.4532 0.8913
vn -0.0585 -0.0111 -0.9982
vn -0.0301 -0.1595 -0.9867
vn -0.1125 0.2937 -0.9493
vn -0.1555 0.5702 -0.8067
vn -0.1833 0.7908 -0.5840
vn -0.1922 0.9060 -0.3772
vn -0.1922 0.9547 -0.2273
vn -0.1833 0.9830 0.0077
vn -0.1555 0.9354 0.3175
vn -0.1125 0.7955 0.5954
vn -0.0585 0.5778 0.8141
vn -0.0301 0.4510 0.8920
vn -0.0932 -0.0205 -0.9954
vn -0.0480 -0.1639 -0.9853
vn -0.1794 0.2764 -0.9442
vn -0.2481 0.5468 -0.7996
vn -0.2924 0.7637 -0.5756
vn -0.3068 0.8777 -0.3681
vn -0.3068 0.9265 -0.2181
vn -0.2924 0.9561 0.0168
vn -0.2481 0.9124 0.3255
vn -0.1794 0.7786 0.6014
vn -0.0932 0.5685 0.8174
vn -0.0480 0.4465 0.8935
vn -0.1305 -0.0356 -0.9908
vn -0.0674 -0.1714 -0.9829
vn -0.2515 0.2481 -0.9355
vn -0.3482 0.5083 -0.7877
vn -0.4105 0.7186 -0.5613
vn -0.4307 0.8307 -0.3529
vn -0.4307 0.8794 -0.2028
vn -0.4105 0.9113 0.0317
vn -0.3482 0.8742 0.3385
vn -0.2515 0.7506 0.6110
vn -0.1305 0.5536 0.8225
vn -0.0674 0.4391 0.8959
vn -0.1686 -0.0571 -0.9840
vn -0.0873 -0.1823 -0.9794
vn -0.3255 0.2071 -0.9226
vn -0.4508 0.4519 -0.7698
vn -0.5316 0.6524 -0.5401
vn -0.5578 0.7613 -0.3304
vn -0.5578 0.8102 -0.1802
vn -0.5316 0.8453 0.0535
vn -0.4508 0.8180 0.3572
vn -0.3255 0.7098 0.6246
vn -0.1686 0.5322 0.8297
vn -0.0873 0.4282 0.8995
vn -0.2051 -0.0852 -0.9750
vn -0.1063 -0.1967 -0.9747
vn -0.3963 0.1532 -0.9053
vn -0.5489 0.3773 -0.7459
vn -0.6475 0.5647 -0.5118
vn -0.6794 0.6694 -0.3006
vn -0.6794 0.7182 -0.1503
vn -0.6475 0.7576 0.0821
vn -0.5489 0.7437 0.3816
vn -0.3963 0.6560 0.6423
vn -0.2051 0.5042 0.8389
vn -0.1063 0.4138 0.9042
vn -0.2374 -0.1187 -0.9641
vn -0.1230 -0.2140 -0.9691
vn -0.4585 0.0886 -0.8842
vn -0.6352 0.2878 -0.7167
vn -0.7492 0.4590 -0.4774
vn -0.7862 0.5585 -0.2645
vn -0.7862 0.6073 -0.1143
vn -0.7492 0.6520 0.1164
vn -0.6352 0.6541 0.4107
vn -0.4585 0.5914 0.6633
vn -0.2374 0.4707 0.8497
vn -0.1230 0.3964 0.9098
vn -0.2635 -0.1554 -0.9521
vn -0.1363 -0.2331 -0.9628
vn -0.5085 0.0175 -0.8609
vn -0.7041 0.1892 -0.6844
vn -0.8304 0.3426 -0.4394
vn -0.8713 0.4362 -0.2248
vn -0.8713 0.4851 -0.0746
vn -0.8304 0.5354 0.1541
vn -0.7041 0.5553 0.4425
vn -0.5085 0.5202 0.6862
vn -0.2635 0.4339 0.8616
vn -0.1363 0.3773 0.9160
vn -0.2825 -0.1929 -0.9397
vn -0.1460 -0.2527 -0.9565
vn -0.5446 -0.0552 -0.8369
vn -0.7537 0.0884 -0.6512
vn -0.8886 0.2236 -0.4004
vn -0.9323 0.3112 -0.1841
vn -0.9323 0.3600 -0.0340
vn -0.8886 0.4162 0.1925
vn -0.7537 0.4543 0.4749
vn -0.5446 0.4473 0.7095
vn -0.2825 0.3963 0.8736
vn -0.1460 0.3578 0.9223
vn -0.2949 -0.2292 -0.9276
vn -0.1521 -0.2715 -0.9503
vn -0.5677 -0.1253 -0.8136
vn -0.7853 -0.0088 -0.6191
vn -0.9255 0.1088 -0.3628
vn -0.9709 0.1907 -0.1449
vn -0.9709 0.2394 0.0051
vn -0.9255 0.3012 0.2296
vn -0.7853 0.3567 0.5061
vn -0.5677 0.3768 0.7319
vn -0.2949 0.3598 0.8852
vn -0.1521 0.3389 0.9284
vn -0.3017 -0.2630 -0.9164
vn -0.1553 -0.2890 -0.9446
vn -0.5800 -0.1905 -0.7920
vn -0.8018 -0.0991 -0.5893
vn -0.9447 0.0023 -0.3279
vn -0.9910 0.0789 -0.1085
vn -0.9910 0.1277 0.0414
vn -0.9447 0.1946 0.2639
vn -0.8018 0.2662 0.5350
vn -0.5800 0.3114 0.7527
vn -0.3017 0.3259 0.8960
vn -0.1553 0.3214 0.9341
vn -0.3032 -0.2964 -0.9057
vn -0.1562 -0.3062 -0.9391
vn -0.5832 -0.2548 -0.7713
vn -0.8065 -0.1880 -0.5606
vn -0.9503 -0.1024 -0.2940
vn -0.9969 -0.0309 -0.0729
vn -0.9969 0.0179 0.0771
vn -0.9503 0.0900 0.2980
vn -0.8065 0.1775 0.5640
vn -0.5832 0.2472 0.7738
vn -0.3032 0.2925 0.9069
vn -0.1562 0.3042 0.9397
vn -0.2990 -0.3340 -0.8939
vn -0.1546 -0.3256 -0.9328
vn -0.5766 -0.3273 -0.7486
vn -0.7982 -0.2882 -0.5290
vn -0.9411 -0.2204 -0.2562
vn -0.9874 -0.1546 -0.0328
vn -0.9874 -0.1058 0.1174
vn -0.9411 -0.0277 0.3369
vn -0.7982 0.0777 0.5973
vn -0.5766 0.1752 0.7980
vn -0.2990 0.2552 0.9195
vn -0.1546 0.2849 0.9460
vn -0.2890 -0.3756 -0.8806
vn -0.1496 -0.3471 -0.9258
vn -0.5579 -0.4076 -0.7229
vn -0.7727 -0.3995 -0.4932
vn -0.9113 -0.3517 -0.2139
vn -0.9563 -0.2922 0.0119
vn -0.9563 -0.2434 0.1622
vn -0.9113 -0.1588 0.3798
vn -0.7727 -0.0333 0.6339
vn -0.5579 0.0951 0.8244
vn -0.2890 0.2137 0.9332
vn -0.1496 0.2633 0.9530
vn -0.2715 -0.4178 -0.8670
vn -0.1408 -0.3690 -0.9187
vn -0.5247 -0.4893 -0.6966
vn -0.7269 -0.5127 -0.4568
vn -0.8576 -0.4853 -0.1707
vn -0.8999 -0.4324 0.0574
vn -0.8999 -0.3835 0.2077
vn -0.8576 -0.2922 0.4233
vn -0.7269 -0.1463 0.6709
vn -0.5247 0.0136 0.8512
vn -0.2716 0.1716 0.9470
vn -0.1408 0.2414 0.9602
vn -0.2469 -0.4581 -0.8540
vn -0.1280 -0.3899 -0.9119
vn -0.4770 -0.5671 -0.6714
vn -0.6610 -0.6206 -0.4218
vn -0.7798 -0.6125 -0.1294
vn -0.8183 -0.5659 0.1008
vn -0.8183 -0.5171 0.2511
vn -0.7798 -0.4195 0.4647
vn -0.6610 -0.2542 0.7060
vn -0.4770 -0.0642 0.8765
vn -0.2469 0.1314 0.9601
vn -0.1280 0.2205 0.9669
vn -0.2162 -0.4939 -0.8422
vn -0.1120 -0.4084 -0.9059
vn -0.4176 -0.6361 -0.6488
vn -0.5785 -0.7161 -0.3906
vn -0.6824 -0.7251 -0.0927
vn -0.7160 -0.6840 0.1392
vn -0.7160 -0.6352 0.2895
vn -0.6824 -0.5321 0.5012
vn -0.5785 -0.3498 0.7369
vn -0.4176 -0.1333 0.8988
vn -0.2162 0.0955 0.9717
vn -0.1120 0.2020 0.9729
vn -0.1818 -0.5234 -0.8324
vn -0.0941 -0.4236 -0.9010
vn -0.3508 -0.6928 -0.6300
vn -0.4858 -0.7943 -0.3647
vn -0.5729 -0.8173 -0.0625
vn -0.6011 -0.7808 0.1707
vn -0.6011 -0.7319 0.3209
vn -0.5729 -0.6245 0.5309
vn -0.4858 -0.4282 0.7620
vn -0.3508 -0.1902 0.9169
vn -0.1818 0.0658 0.9811
vn -0.0941 0.1869 0.9779
vn -0.1463 -0.5462 -0.8248
vn -0.0755 -0.4351 -0.8972
vn -0.2818 -0.7360 -0.6155
vn -0.3900 -0.8538 -0.3449
vn -0.4597 -0.8872 -0.0394
vn -0.4823 -0.8541 0.1946
vn -0.4823 -0.8054 0.3446
vn -0.4597 -0.6946 0.5534
vn -0.3900 -0.4880 0.7809
vn -0.2818 -0.2337 0.9306
vn -0.1463 0.0429 0.9883
vn -0.0755 0.1753 0.9816
vn -0.1116 -0.5625 -0.8192
vn -0.0575 -0.4433 -0.8945
vn -0.2147 -0.7667 -0.6050
vn -0.2969 -0.8958 -0.3307
vn -0.3498 -0.9365 -0.0230
vn -0.3670 -0.9059 0.2114
vn -0.3670 -0.8572 0.3614
vn -0.3498 -0.7441 0.5691
vn -0.2969 -0.5304 0.7941
vn -0.2147 -0.2646 0.9401
vn -0.1116 0.0265 0.9934
vn -0.0575 0.1671 0.9843
vn -0.0792 -0.5734 -0.8154
vn -0.0407 -0.4487 -0.8928
vn -0.1522 -0.7869 -0.5980
vn -0.2103 -0.9234 -0.3212
vn -0.2477 -0.9688 -0.0122
vn -0.2598 -0.9397 0.2225
vn -0.2598 -0.8910 0.3723
vn -0.2477 -0.7766 0.5793
vn -0.2103 -0.5582 0.8026
vn -0.1522 -0.2851 0.9463
vn -0.0792 0.0154 0.9967
vn -0.0407 0.1618 0.9860
vn -0.0498 -0.5801 -0.8130
vn -0.0256 -0.4518 -0.8917
vn -0.0955 -0.7990 -0.5936
vn -0.1320 -0.9397 -0.3154
vn -0.1554 -0.9878 -0.0057
vn -0.1630 -0.9597 0.2290
vn -0.1630 -0.9110 0.3788
vn -0.1554 -0.7958 0.5852
vn -0.1320 -0.5748 0.8075
vn -0.0955 -0.2975 0.9499
vn -0.0498 0.0086 0.9987
vn -0.0256 0.1586 0.9870
vn -0.0235 -0.5836 -0.8117
vn -0.0121 -0.4534 -0.8912
vn -0.0451 -0.8052 -0.5913
vn -0.0623 -0.9479 -0.3124
vn -0.0733 -0.9973 -0.0024
vn -0.0769 -0.9696 0.2323
vn -0.0769 -0.9210 0.3820
vn -0.0733 -0.8054 0.5881
vn -0.0623 -0.5833 0.8099
vn -0.0451 -0.3039 0.9516
vn -0.0235 0.0049 0.9997
vn -0.0121 0.1570 0.9875
vn -0.0056 -0.5863 -0.8101
vn -0.0029 -0.4539 -0.8910
vn -0.0107 -0.8080 -0.5891
vn -0.0148 -0.9506 -0.3102
vn -0.0174 -0.9998 -0.0007
vn -0.0183 -0.9722 0.2333
vn -0.0183 -0.9237 0.3827
vn -0.0174 -0.8085 0.5882
vn -0.0148 -0.5867 0.8096
vn -0.0107 -0.3074 0.9515
vn -0.0056 0.0018 1.0000
vn -0.0029 0.1565 0.9877
vn 0.1747 -0.2224 -0.9592
vn 0.2503 -0.3803 -0.8904
vn 0.1399 -0.3516 -0.9256
vn 0.0621 -0.2796 -0.9581
vn 0.3301 -0.1349 -0.9343
vn 0.5144 -0.4284 -0.7428
vn 0.5335 -0.0021 -0.8458
vn 0.7378 -0.4358 -0.5156
vn 0.7750 0.2014 -0.5990
vn 0.8904 -0.3965 -0.2237
vn 0.8881 0.3617 -0.2838
vn 0.9417 -0.3358 0.0204
vn 0.8881 0.4594 0.0170
vn 0.9417 -0.2837 0.1809
vn 0.7750 0.5150 0.3662
vn 0.8904 -0.1893 0.4140
vn 0.5335 0.4954 0.6855
vn 0.7378 -0.0495 0.6733
vn 0.3301 0.4400 0.8351
vn 0.5144 0.0900 0.8528
vn 0.1747 0.3839 0.9067
vn 0.2503 0.2157 0.9439
vn 0.0621 0.3370 0.9395
vn 0.1399 0.2596 0.9555
vn -0.2501 -0.3805 -0.8903
vn -0.1398 -0.3517 -0.9256
vn -0.5141 -0.4288 -0.7428
vn -0.7375 -0.4363 -0.5155
vn -0.8901 -0.3971 -0.2236
vn -0.9415 -0.3365 0.0206
vn -0.9415 -0.2843 0.1812
vn -0.8901 -0.1899 0.4143
vn -0.7375 -0.0500 0.6735
vn -0.5141 0.0897 0.8530
vn -0.2501 0.2155 0.9439
vn -0.1398 0.2595 0.9556
vn -0.1745 -0.2226 -0.9592
vn -0.0620 -0.2797 -0.9581
vn -0.3298 -0.1353 -0.9343
vn -0.5333 -0.0029 -0.8459
vn -0.7751 0.2006 -0.5992
vn -0.8884 0.3609 -0.2837
vn -0.8884 0.4588 0.0174
vn -0.7751 0.5145 0.3668
vn -0.5333 0.4949 0.6861
vn -0.3298 0.4397 0.8354
vn -0.1745 0.3837 0.9068
vn -0.0620 0.3369 0.9395
vn 0.1399 -0.0206 -0.9899
vn 0.0619 -0.1856 -0.9807
vn 0.2535 0.2410 -0.9368
vn 0.3495 0.4930 -0.7967
vn 0.4154 0.7082 -0.5709
vn 0.4375 0.8251 -0.3576
vn 0.4375 0.8777 -0.1957
vn 0.4154 0.9085 0.0456
vn 0.3495 0.8672 0.3548
vn 0.2535 0.7456 0.6163
vn 0.1399 0.5652 0.8130
vn 0.0619 0.4263 0.9025
vn 0.0004 -0.1715 -0.9852
vn 0.0003 -0.2151 -0.9766
vn 0.0009 0.0483 -0.9988
vn 0.0016 0.3236 -0.9462
vn 0.0023 0.6638 -0.7479
vn 0.0026 0.9011 -0.4337
vn 0.0026 0.9839 -0.1788
vn 0.0023 0.9766 0.2148
vn 0.0016 0.8180 0.5753
vn 0.0009 0.6261 0.7797
vn 0.0004 0.4403 0.8978
vn 0.0003 0.4000 0.9165
vn -0.1392 -0.0201 -0.9901
vn -0.0616 -0.1852 -0.9808
vn -0.2523 0.2419 -0.9369
vn -0.3477 0.4942 -0.7968
vn -0.4132 0.7094 -0.5710
vn -0.4351 0.8262 -0.3578
vn -0.4351 0.8787 -0.1961
vn -0.4132 0.9095 0.0450
vn -0.3477 0.8682 0.3541
vn -0.2523 0.7464 0.6158
vn -0.1392 0.5656 0.8128
vn -0.0616 0.4266 0.9023
vt 0.750000 0.000000
vt 0.625000 0.000000
vt 0.500000 0.000000
vt 1.000000 0.000000
vt 0.125000 0.000000
vt 0.000000 0.000000
vt 0.875000 0.000000
vt 0.250000 0.000000
vt 0.375000 0.000000
vt 0.476190 0.000000
vt 0.990476 0.000000
vt 0.485714 0.000000
vt 0.742857 0.000000
vt 0.733333 0.000000
vt 0.504762 0.000000
vt 0.495238 0.000000
vt 0.980952 0.000000
vt 0.514286 0.000000
vt 0.714286 0.000000
vt 0.723810 0.000000
vt 0.752381 0.000000
vt 0.466667 0.000000
vt 0.761905 0.000000
vt 0.523810 0.000000
vt 0.971429 0.000000
vt 0.533333 0.000000
vt 0.695238 0.000000
vt 0.019048 0.000000
vt 0.704762 0.000000
vt 0.009524 0.000000
vt 0.771429 0.000000
vt 0.457143 0.000000
vt 0.447619 0.000000
vt 0.780952 0.000000
vt 0.942857 0.000000
vt 0.238095 0.000000
vt 0.952381 0.000000
vt 0.228571 0.000000
vt 0.219048 0.000000
vt 0.552381 0.000000
vt 0.561905 0.000000
vt 0.961905 0.000000
vt 0.542857 0.000000
vt 0.676190 0.000000
vt 0.038095 0.000000
vt 0.685714 0.000000
vt 0.028571 0.000000
vt 0.257143 0.000000
vt 0.923810 0.000000
vt 0.266667 0.000000
vt 0.800000 0.000000
vt 0.428571 0.000000
vt 0.419048 0.000000
vt 0.809524 0.000000
vt 0.409524 0.000000
vt 0.819048 0.000000
vt 0.400000 0.000000
vt 0.828571 0.000000
vt 0.390476 0.000000
vt 0.838095 0.000000
vt 0.380952 0.000000
vt 0.371429 0.000000
vt 0.847619 0.000000
vt 0.361905 0.000000
vt 0.857143 0.000000
vt 0.352381 0.000000
vt 0.866667 0.000000
vt 0.342857 0.000000
vt 0.333333 0.000000
vt 0.876190 0.000000
vt 0.323810 0.000000
vt 0.885714 0.000000
vt 0.314286 0.000000
vt 0.895238 0.000000
vt 0.304762 0.000000
vt 0.295238 0.000000
vt 0.904762 0.000000
vt 0.285714 0.000000
vt 0.914286 0.000000
vt 0.276190 0.000000
vt 0.438095 0.000000
vt 0.790476 0.000000
vt 0.933333 0.000000
vt 0.247619 0.000000
vt 0.209524 0.000000
vt 0.571429 0.000000
vt 0.200000 0.000000
vt 0.190476 0.000000
vt 0.580952 0.000000
vt 0.180952 0.000000
vt 0.171429 0.000000
vt 0.590476 0.000000
vt 0.161905 0.000000
vt 0.152381 0.000000
vt 0.600000 0.000000
vt 0.142857 0.000000
vt 0.133333 0.000000
vt 0.609524 0.000000
vt 0.123810 0.000000
vt 0.114286 0.000000
vt 0.619048 0.000000
vt 0.104762 0.000000
vt 0.628571 0.000000
vt 0.095238 0.000000
vt 0.638095 0.000000
vt 0.085714 0.000000
vt 0.076190 0.000000
vt 0.647619 0.000000
vt 0.066667 0.000000
vt 0.657143 0.000000
vt 0.057143 0.000000
vt 0.666667 0.000000
vt 0.047619 0.000000
vt 0.311688 0.000000
vt 0.298701 0.000000
vt 0.337662 0.000000
vt 0.259740 0.000000
vt 0.246753 0.000000
vt 0.441558 0.000000
vt 0.415584 0.000000
vt 0.272727 0.000000
vt 0.402597 0.000000
vt 0.389610 0.000000
vt 0.376623 0.000000
vt 0.363636 0.000000
vt 0.350649 0.000000
vt 0.324675 0.000000
vt 0.584416 0.000000
vt 0.168831 0.000000
vt 0.597403 0.000000
vt 0.636364 0.000000
vt 0.155844 0.000000
vt 0.623377 0.000000
vt 0.610390 0.000000
vt 0.181818 0.000000
vt 0.558442 0.000000
vt 0.194805 0.000000
vt 0.545455 0.000000
vt 0.207792 0.000000
vt 0.532468 0.000000
vt 0.519481 0.000000
vt 0.220779 0.000000
vt 0.506494 0.000000
vt 0.493506 0.000000
vt 0.233766 0.000000
vt 0.480519 0.000000
vt 0.467532 0.000000
vt 0.454545 0.000000
vt 0.129870 0.000000
vt 0.675325 0.000000
vt 0.662338 0.000000
vt 0.701299 0.000000
vt 0.688312 0.000000
vt 0.116883 0.000000
vt 0.740260 0.000000
vt 0.103896 0.000000
vt 0.090909 0.000000
vt 0.753247 0.000000
vt 0.766234 0.000000
vt 0.727273 0.000000
vt 0.987013 0.000000
vt 0.961039 0.000000
vt 0.974026 0.000000
vt 0.844156 0.000000
vt 0.038961 0.000000
vt 0.025974 0.000000
vt 0.870130 0.000000
vt 0.883117 0.000000
vt 0.012987 0.000000
vt 0.896104 0.000000
vt 0.909091 0.000000
vt 0.922078 0.000000
vt 0.935065 0.000000
vt 0.948052 0.000000
vt 0.077922 0.000000
vt 0.779221 0.000000
vt 0.792208 0.000000
vt 0.064935 0.000000
vt 0.805195 0.000000
vt 0.818182 0.000000
vt 0.051948 0.000000
vt 0.831169 0.000000
vt 0.649351 0.000000
vt 0.677419 0.000000
vt 0.688172 0.000000
vt 0.698925 0.000000
vt 0.634409 0.000000
vt 0.720430 0.000000
vt 0.645161 0.000000
vt 0.655914 0.000000
vt 0.989247 0.000000
vt 0.612903 0.000000
vt 0.731183 0.000000
vt 0.623656 0.000000
vt 0.602151 0.000000
vt 0.741935 0.000000
vt 0.956989 0.000000
vt 0.967742 0.000000
vt 0.709677 0.000000
vt 0.978495 0.000000
vt 0.774194 0.000000
vt 0.763441 0.000000
vt 0.247312 0.000000
vt 0.935484 0.000000
vt 0.924731 0.000000
vt 0.032258 0.000000
vt 0.021505 0.000000
vt 0.580645 0.000000
vt 0.591398 0.000000
vt 0.752688 0.000000
vt 0.946237 0.000000
vt 0.010753 0.000000
vt 0.322581 0.000000
vt 0.311828 0.000000
vt 0.537634 0.000000
vt 0.505376 0.000000
vt 0.494624 0.000000
vt 0.516129 0.000000
vt 0.483871 0.000000
vt 0.473118 0.000000
vt 0.462366 0.000000
vt 0.451613 0.000000
vt 0.440860 0.000000
vt 0.430108 0.000000
vt 0.419355 0.000000
vt 0.408602 0.000000
vt 0.397849 0.000000
vt 0.387097 0.000000
vt 0.526882 0.000000
vt 0.376344 0.000000
vt 0.365591 0.000000
vt 0.354839 0.000000
vt 0.344086 0.000000
vt 0.118280 0.000000
vt 0.107527 0.000000
vt 0.849462 0.000000
vt 0.548387 0.000000
vt 0.301075 0.000000
vt 0.290323 0.000000
vt 0.559140 0.000000
vt 0.279570 0.000000
vt 0.268817 0.000000
vt 0.569892 0.000000
vt 0.258065 0.000000
vt 0.236559 0.000000
vt 0.225806 0.000000
vt 0.784946 0.000000
vt 0.215054 0.000000
vt 0.204301 0.000000
vt 0.795699 0.000000
vt 0.193548 0.000000
vt 0.806452 0.000000
vt 0.182796 0.000000
vt 0.172043 0.000000
vt 0.817204 0.000000
vt 0.161290 0.000000
vt 0.150538 0.000000
vt 0.827957 0.000000
vt 0.139785 0.000000
vt 0.838710 0.000000
vt 0.129032 0.000000
vt 0.860215 0.000000
vt 0.096774 0.000000
vt 0.870968 0.000000
vt 0.086022 0.000000
vt 0.881720 0.000000
vt 0.075269 0.000000
vt 0.892473 0.000000
vt 0.064516 0.000000
vt 0.903226 0.000000
vt 0.053763 0.000000
vt 0.913979 0.000000
vt 0.043011 0.000000
vt 0.000000 0.090909
vt 0.014925 0.090909
vt 0.014925 0.000000
vt 0.000000 0.181818
vt 0.014925 0.181818
vt 0.000000 0.272727
vt 0.014925 0.272727
vt 0.000000 0.363636
vt 0.014925 0.363636
vt 0.000000 0.454545
vt 0.014925 0.454545
vt 0.000000 0.545455
vt 0.014925 0.545455
vt 0.000000 0.636364
vt 0.014925 0.636364
vt 0.000000 0.727273
vt 0.014925 0.727273
vt 0.000000 0.818182
vt 0.014925 0.818182
vt 0.000000 0.909091
vt 0.014925 0.909091
vt 0.000000 1.000000
vt 0.014925 1.000000
vt 0.029851 0.090909
vt 0.029851 0.000000
vt 0.029851 0.181818
vt 0.029851 0.272727
vt 0.029851 0.363636
vt 0.029851 0.454545
vt 0.029851 0.545455
vt 0.029851 0.636364
vt 0.029851 0.727273
vt 0.029851 0.818182
vt 0.029851 0.909091
vt 0.029851 1.000000
vt 0.044776 0.090909
vt 0.044776 0.000000
vt 0.044776 0.181818
vt 0.044776 0.272727
vt 0.044776 0.363636
vt 0.044776 0.454545
vt 0.044776 0.545455
vt 0.044776 0.636364
vt 0.044776 0.727273
vt 0.044776 0.818182
vt 0.044776 0.909091
vt 0.044776 1.000000
vt 0.059701 0.090909
vt 0.059701 0.000000
vt 0.059701 0.181818
vt 0.059701 0.272727
vt 0.059701 0.363636
vt 0.059701 0.454545
vt 0.059701 0.545455
vt 0.059701 0.636364
vt 0.059701 0.727273
vt 0.059701 0.818182
vt 0.059701 0.909091
vt 0.059701 1.000000
vt 0.074627 0.090909
vt 0.074627 0.000000
vt 0.074627 0.181818
vt 0.074627 0.272727
vt 0.074627 0.363636
vt 0.074627 0.454545
vt 0.074627 0.545455
vt 0.074627 0.636364
vt 0.074627 0.727273
vt 0.074627 0.818182
vt 0.074627 0.909091
vt 0.074627 1.000000
vt 0.089552 0.090909
vt 0.089552 0.000000
vt 0.089552 0.181818
vt 0.089552 0.272727
vt 0.089552 0.363636
vt 0.089552 0.454545
vt 0.089552 0.545455
vt 0.089552 0.636364
vt 0.089552 0.727273
vt 0.089552 0.818182
vt 0.089552 0.909091
vt 0.089552 1.000000
vt 0.104478 0.090909
vt 0.104478 0.000000
vt 0.104478 0.181818
vt 0.104478 0.272727
vt 0.104478 0.363636
vt 0.104478 0.454545
vt 0.104478 0.545455
vt 0.104478 0.636364
vt 0.104478 0.727273
vt 0.104478 0.818182
vt 0.104478 0.909091
vt 0.104478 1.000000
vt 0.119403 0.090909
vt 0.119403 0.000000
vt 0.119403 0.181818
vt 0.119403 0.272727
vt 0.119403 0.363636
vt 0.119403 0.454545
vt 0.119403 0.545455
vt 0.119403 0.636364
vt 0.119403 0.727273
vt 0.119403 0.818182
vt 0.119403 0.909091
vt 0.119403 1.000000
vt 0.134328 0.090909
vt 0.134328 0.000000
vt 0.134328 0.181818
vt 0.134328 0.272727
vt 0.134328 0.363636
vt 0.134328 0.454545
vt 0.134328 0.545455
vt 0.134328 0.636364
vt 0.134328 0.727273
vt 0.134328 0.818182
vt 0.134328 0.909091
vt 0.134328 1.000000
vt 0.149254 0.090909
vt 0.149254 0.000000
vt 0.149254 0.181818
vt 0.149254 0.272727
vt 0.149254 0.363636
vt 0.149254 0.454545
vt 0.149254 0.545455
vt 0.149254 0.636364
vt 0.149254 0.727273
vt 0.149254 0.818182
vt 0.149254 0.909091
vt 0.149254 1.000000
vt 0.164179 0.090909
vt 0.164179 0.000000
vt 0.164179 0.181818
vt 0.164179 0.272727
vt 0.164179 0.363636
vt 0.164179 0.454545
vt 0.164179 0.545455
vt 0.164179 0.636364
vt 0.164179 0.727273
vt 0.164179 0.818182
vt 0.164179 0.909091
vt 0.164179 1.000000
vt 0.179104 0.090909
vt 0.179104 0.000000
vt 0.179104 0.181818
vt 0.179104 0.272727
vt 0.179104 0.363636
vt 0.179104 0.454545
vt 0.179104 0.545455
vt 0.179104 0.636364
vt 0.179104 0.727273
vt 0.179104 0.818182
vt 0.179104 0.909091
vt 0.179104 1.000000
vt 0.194030 0.090909
vt 0.194030 0.000000
vt 0.194030 0.181818
vt 0.194030 0.272727
vt 0.194030 0.363636
vt 0.194030 0.454545
vt 0.194030 0.545455
vt 0.194030 0.636364
vt 0.194030 0.727273
vt 0.194030 0.818182
vt 0.194030 0.909091
vt 0.194030 1.000000
vt 0.208955 0.090909
vt 0.208955 0.000000
vt 0.208955 0.181818
vt 0.208955 0.272727
vt 0.208955 0.363636
vt 0.208955 0.454545
vt 0.208955 0.545455
vt 0.208955 0.636364
vt 0.208955 0.727273
vt 0.208955 0.818182
vt 0.208955 0.909091
vt 0.208955 1.000000
vt 0.223881 0.090909
vt 0.223881 0.000000
vt 0.223881 0.181818
vt 0.223881 0.272727
vt 0.223881 0.363636
vt 0.223881 0.454545
vt 0.223881 0.545455
vt 0.223881 0.636364
vt 0.223881 0.727273
vt 0.223881 0.818182
vt 0.223881 0.909091
vt 0.223881 1.000000
vt 0.238806 0.090909
vt 0.238806 0.000000
vt 0.238806 0.181818
vt 0.238806 0.272727
vt 0.238806 0.363636
vt 0.238806 0.454545
vt 0.238806 0.545455
vt 0.238806 0.636364
vt 0.238806 0.727273
vt 0.238806 0.818182
vt 0.238806 0.909091
vt 0.238806 1.000000
vt 0.253731 0.090909
vt 0.253731 0.000000
vt 0.253731 0.181818
vt 0.253731 0.272727
vt 0.253731 0.363636
vt 0.253731 0.454545
vt 0.253731 0.545455
vt 0.253731 0.636364
vt 0.253731 0.727273
vt 0.253731 0.818182
vt 0.253731 0.909091
vt 0.253731 1.000000
vt 0.268657 0.090909
vt 0.268657 0.000000
vt 0.268657 0.181818
vt 0.268657 0.272727
vt 0.268657 0.363636
vt 0.268657 0.454545
vt 0.268657 0.545455
vt 0.268657 0.636364
vt 0.268657 0.727273
vt 0.268657 0.818182
vt 0.268657 0.909091
vt 0.268657 1.000000
vt 0.283582 0.090909
vt 0.283582 0.000000
vt 0.283582 0.181818
vt 0.283582 0.272727
vt 0.283582 0.363636
vt 0.283582 0.454545
vt 0.283582 0.545455
vt 0.283582 0.636364
vt 0.283582 0.727273
vt 0.283582 0.818182
vt 0.283582 0.909091
vt 0.283582 1.000000
vt 0.298507 0.090909
vt 0.298507 0.000000
vt 0.298507 0.181818
vt 0.298507 0.272727
vt 0.298507 0.363636
vt 0.298507 0.454545
vt 0.298507 0.545455
vt 0.298507 0.636364
vt 0.298507 0.727273
vt 0.298507 0.818182
vt 0.298507 0.909091
vt 0.298507 1.000000
vt 0.313433 0.090909
vt 0.313433 0.000000
vt 0.313433 0.181818
vt 0.313433 0.272727
vt 0.313433 0.363636
vt 0.313433 0.454545
vt 0.313433 0.545455
vt 0.313433 0.636364
vt 0.313433 0.727273
vt 0.313433 0.818182
vt 0.313433 0.909091
vt 0.313433 1.000000
vt 0.328358 0.090909
vt 0.328358 0.000000
vt 0.328358 0.181818
vt 0.328358 0.272727
vt 0.328358 0.363636
vt 0.328358 0.454545
vt 0.328358 0.545455
vt 0.328358 0.636364
vt 0.328358 0.727273
vt 0.328358 0.818182
vt 0.328358 0.909091
vt 0.328358 1.000000
vt 0.343284 0.090909
vt 0.343284 0.000000
vt 0.343284 0.181818
vt 0.343284 0.272727
vt 0.343284 0.363636
vt 0.343284 0.454545
vt 0.343284 0.545455
vt 0.343284 0.636364
vt 0.343284 0.727273
vt 0.343284 0.818182
vt 0.343284 0.909091
vt 0.343284 1.000000
vt 0.358209 0.090909
vt 0.358209 0.000000
vt 0.358209 0.181818
vt 0.358209 0.272727
vt 0.358209 0.363636
vt 0.358209 0.454545
vt 0.358209 0.545455
vt 0.358209 0.636364
vt 0.358209 0.727273
vt 0.358209 0.818182
vt 0.358209 0.909091
vt 0.358209 1.000000
vt 0.373134 0.090909
vt 0.373134 0.000000
vt 0.373134 0.181818
vt 0.373134 0.272727
vt 0.373134 0.363636
vt 0.373134 0.454545
vt 0.373134 0.545455
vt 0.373134 0.636364
vt 0.373134 0.727273
vt 0.373134 0.818182
vt 0.373134 0.909091
vt 0.373134 1.000000
vt 0.388060 0.090909
vt 0.388060 0.000000
vt 0.388060 0.181818
vt 0.388060 0.272727
vt 0.388060 0.363636
vt 0.388060 0.454545
vt 0.388060 0.545455
vt 0.388060 0.636364
vt 0.388060 0.727273
vt 0.388060 0.818182
vt 0.388060 0.909091
vt 0.388060 1.000000
vt 0.402985 0.090909
vt 0.402985 0.000000
vt 0.402985 0.181818
vt 0.402985 0.272727
vt 0.402985 0.363636
vt 0.402985 0.454545
vt 0.402985 0.545455
vt 0.402985 0.636364
vt 0.402985 0.727273
vt 0.402985 0.818182
vt 0.402985 0.909091
vt 0.402985 1.000000
vt 0.417910 0.090909
vt 0.417910 0.000000
vt 0.417910 0.181818
vt 0.417910 0.272727
vt 0.417910 0.363636
vt 0.417910 0.454545
vt 0.417910 0.545455
vt 0.417910 0.636364
vt 0.417910 0.727273
vt 0.417910 0.818182
vt 0.417910 0.909091
vt 0.417910 1.000000
vt 0.432836 0.090909
vt 0.432836 0.000000
vt 0.432836 0.181818
vt 0.432836 0.272727
vt 0.432836 0.363636
vt 0.432836 0.454545
vt 0.432836 0.545455
vt 0.432836 0.636364
vt 0.432836 0.727273
vt 0.432836 0.818182
vt 0.432836 0.909091
vt 0.432836 1.000000
vt 0.447761 0.090909
vt 0.447761 0.000000
vt 0.447761 0.181818
vt 0.447761 0.272727
vt 0.447761 0.363636
vt 0.447761 0.454545
vt 0.447761 0.545455
vt 0.447761 0.636364
vt 0.447761 0.727273
vt 0.447761 0.818182
vt 0.447761 0.909091
vt 0.447761 1.000000
vt 0.462687 0.090909
vt 0.462687 0.000000
vt 0.462687 0.181818
vt 0.462687 0.272727
vt 0.462687 0.363636
vt 0.462687 0.454545
vt 0.462687 0.545455
vt 0.462687 0.636364
vt 0.462687 0.727273
vt 0.462687 0.818182
vt 0.462687 0.909091
vt 0.462687 1.000000
vt 0.477612 0.090909
vt 0.477612 0.000000
vt 0.477612 0.181818
vt 0.477612 0.272727
vt 0.477612 0.363636
vt 0.477612 0.454545
vt 0.477612 0.545455
vt 0.477612 0.636364
vt 0.477612 0.727273
vt 0.477612 0.818182
vt 0.477612 0.909091
vt 0.477612 1.000000
vt 0.492537 0.090909
vt 0.492537 0.000000
vt 0.492537 0.181818
vt 0.492537 0.272727
vt 0.492537 0.363636
vt 0.492537 0.454545
vt 0.492537 0.545455
vt 0.492537 0.636364
vt 0.492537 0.727273
vt 0.492537 0.818182
vt 0.492537 0.909091
vt 0.492537 1.000000
vt 0.507463 0.090909
vt 0.507463 0.000000
vt 0.507463 0.181818
vt 0.507463 0.272727
vt 0.507463 0.363636
vt 0.507463 0.454545
vt 0.507463 0.545455
vt 0.507463 0.636364
vt 0.507463 0.727273
vt 0.507463 0.818182
vt 0.507463 0.909091
vt 0.507463 1.000000
vt 0.522388 0.090909
vt 0.522388 0.000000
vt 0.522388 0.181818
vt 0.522388 0.272727
vt 0.522388 0.363636
vt 0.522388 0.454545
vt 0.522388 0.545455
vt 0.522388 0.636364
vt 0.522388 0.727273
vt 0.522388 0.818182
vt 0.522388 0.909091
vt 0.522388 1.000000
vt 0.537313 0.090909
vt 0.537313 0.000000
vt 0.537313 0.181818
vt 0.537313 0.272727
vt 0.537313 0.363636
vt 0.537313 0.454545
vt 0.537313 0.545455
vt 0.537313 0.636364
vt 0.537313 0.727273
vt 0.537313 0.818182
vt 0.537313 0.909091
vt 0.537313 1.000000
vt 0.552239 0.090909
vt 0.552239 0.000000
vt 0.552239 0.181818
vt 0.552239 0.272727
vt 0.552239 0.363636
vt 0.552239 0.454545
vt 0.552239 0.545455
vt 0.552239 0.636364
vt 0.552239 0.727273
vt 0.552239 0.818182
vt 0.552239 0.909091
vt 0.552239 1.000000
vt 0.567164 0.090909
vt 0.567164 0.000000
vt 0.567164 0.181818
vt 0.567164 0.272727
vt 0.567164 0.363636
vt 0.567164 0.454545
vt 0.567164 0.545455
vt 0.567164 0.636364
vt 0.567164 0.727273
vt 0.567164 0.818182
vt 0.567164 0.909091
vt 0.567164 1.000000
vt 0.582090 0.090909
vt 0.582090 0.000000
vt 0.582090 0.181818
vt 0.582090 0.272727
vt 0.582090 0.363636
vt 0.582090 0.454545
vt 0.582090 0.545455
vt 0.582090 0.636364
vt 0.582090 0.727273
vt 0.582090 0.818182
vt 0.582090 0.909091
vt 0.582090 1.000000
vt 0.597015 0.090909
vt 0.597015 0.000000
vt 0.597015 0.181818
vt 0.597015 0.272727
vt 0.597015 0.363636
vt 0.597015 0.454545
vt 0.597015 0.545455
vt 0.597015 0.636364
vt 0.597015 0.727273
vt 0.597015 0.818182
vt 0.597015 0.909091
vt 0.597015 1.000000
vt 0.611940 0.090909
vt 0.611940 0.000000
vt 0.611940 0.181818
vt 0.611940 0.272727
vt 0.611940 0.363636
vt 0.611940 0.454545
vt 0.611940 0.545455
vt 0.611940 0.636364
vt 0.611940 0.727273
vt 0.611940 0.818182
vt 0.611940 0.909091
vt 0.611940 1.000000
vt 0.626866 0.090909
vt 0.626866 0.000000
vt 0.626866 0.181818
vt 0.626866 0.272727
vt 0.626866 0.363636
vt 0.626866 0.454545
vt 0.626866 0.545455
vt 0.626866 0.636364
vt 0.626866 0.727273
vt 0.626866 0.818182
vt 0.626866 0.909091
vt 0.626866 1.000000
vt 0.641791 0.090909
vt 0.641791 0.000000
vt 0.641791 0.181818
vt 0.641791 0.272727
vt 0.641791 0.363636
vt 0.641791 0.454545
vt 0.641791 0.545455
vt 0.641791 0.636364
vt 0.641791 0.727273
vt 0.641791 0.818182
vt 0.641791 0.909091
vt 0.641791 1.000000
vt 0.656716 0.090909
vt 0.656716 0.000000
vt 0.656716 0.181818
vt 0.656716 0.272727
vt 0.656716 0.363636
vt 0.656716 0.454545
vt 0.656716 0.545455
vt 0.656716 0.636364
vt 0.656716 0.727273
vt 0.656716 0.818182
vt 0.656716 0.909091
vt 0.656716 1.000000
vt 0.671642 0.090909
vt 0.671642 0.000000
vt 0.671642 0.181818
vt 0.671642 0.272727
vt 0.671642 0.363636
vt 0.671642 0.454545
vt 0.671642 0.545455
vt 0.671642 0.636364
vt 0.671642 0.727273
vt 0.671642 0.818182
vt 0.671642 0.909091
vt 0.671642 1.000000
vt 0.686567 0.090909
vt 0.686567 0.000000
vt 0.686567 0.181818
vt 0.686567 0.272727
vt 0.686567 0.363636
vt 0.686567 0.454545
vt 0.686567 0.545455
vt 0.686567 0.636364
vt 0.686567 0.727273
vt 0.686567 0.818182
vt 0.686567 0.909091
vt 0.686567 1.000000
vt 0.701493 0.090909
vt 0.701493 0.000000
vt 0.701493 0.181818
vt 0.701493 0.272727
vt 0.701493 0.363636
vt 0.701493 0.454545
vt 0.701493 0.545455
vt 0.701493 0.636364
vt 0.701493 0.727273
vt 0.701493 0.818182
vt 0.701493 0.909091
vt 0.701493 1.000000
vt 0.716418 0.090909
vt 0.716418 0.000000
vt 0.716418 0.181818
vt 0.716418 0.272727
vt 0.716418 0.363636
vt 0.716418 0.454545
vt 0.716418 0.545455
vt 0.716418 0.636364
vt 0.716418 0.727273
vt 0.716418 0.818182
vt 0.716418 0.909091
vt 0.716418 1.000000
vt 0.731343 0.090909
vt 0.731343 0.000000
vt 0.731343 0.181818
vt 0.731343 0.272727
vt 0.731343 0.363636
vt 0.731343 0.454545
vt 0.731343 0.545455
vt 0.731343 0.636364
vt 0.731343 0.727273
vt 0.731343 0.818182
vt 0.731343 0.909091
vt 0.731343 1.000000
vt 0.746269 0.090909
vt 0.746269 0.000000
vt 0.746269 0.181818
vt 0.746269 0.272727
vt 0.746269 0.363636
vt 0.746269 0.454545
vt 0.746269 0.545455
vt 0.746269 0.636364
vt 0.746269 0.727273
vt 0.746269 0.818182
vt 0.746269 0.909091
vt 0.746269 1.000000
vt 0.761194 0.090909
vt 0.761194 0.000000
vt 0.761194 0.181818
vt 0.761194 0.272727
vt 0.761194 0.363636
vt 0.761194 0.454545
vt 0.761194 0.545455
vt 0.761194 0.636364
vt 0.761194 0.727273
vt 0.761194 0.818182
vt 0.761194 0.909091
vt 0.761194 1.000000
vt 0.776119 0.090909
vt 0.776119 0.000000
vt 0.776119 0.181818
vt 0.776119 0.272727
vt 0.776119 0.363636
vt 0.776119 0.454545
vt 0.776119 0.545455
vt 0.776119 0.636364
vt 0.776119 0.727273
vt 0.776119 0.818182
vt 0.776119 0.909091
vt 0.776119 1.000000
vt 0.791045 0.090909
vt 0.791045 0.000000
vt 0.791045 0.181818
vt 0.791045 0.272727
vt 0.791045 0.363636
vt 0.791045 0.454545
vt 0.791045 0.545455
vt 0.791045 0.636364
vt 0.791045 0.727273
vt 0.791045 0.818182
vt 0.791045 0.909091
vt 0.791045 1.000000
vt 0.805970 0.090909
vt 0.805970 0.000000
vt 0.805970 0.181818
vt 0.805970 0.272727
vt 0.805970 0.363636
vt 0.805970 0.454545
vt 0.805970 0.545455
vt 0.805970 0.636364
vt 0.805970 0.727273
vt 0.805970 0.818182
vt 0.805970 0.909091
vt 0.805970 1.000000
vt 0.820895 0.090909
vt 0.820895 0.000000
vt 0.820895 0.181818
vt 0.820895 0.272727
vt 0.820895 0.363636
vt 0.820895 0.454545
vt 0.820895 0.545455
vt 0.820895 0.636364
vt 0.820895 0.727273
vt 0.820895 0.818182
vt 0.820895 0.909091
vt 0.820895 1.000000
vt 0.835821 0.090909
vt 0.835821 0.000000
vt 0.835821 0.181818
vt 0.835821 0.272727
vt 0.835821 0.363636
vt 0.835821 0.454545
vt 0.835821 0.545455
vt 0.835821 0.636364
vt 0.835821 0.727273
vt 0.835821 0.818182
vt 0.835821 0.909091
vt 0.835821 1.000000
vt 0.850746 0.090909
vt 0.850746 0.000000
vt 0.850746 0.181818
vt 0.850746 0.272727
vt 0.850746 0.363636
vt 0.850746 0.454545
vt 0.850746 0.545455
vt 0.850746 0.636364
vt 0.850746 0.727273
vt 0.850746 0.818182
vt 0.850746 0.909091
vt 0.850746 1.000000
vt 0.865672 0.090909
vt 0.865672 0.000000
vt 0.865672 0.181818
vt 0.865672 0.272727
vt 0.865672 0.363636
vt 0.865672 0.454545
vt 0.865672 0.545455
vt 0.865672 0.636364
vt 0.865672 0.727273
vt 0.865672 0.818182
vt 0.865672 0.909091
vt 0.865672 1.000000
vt 0.880597 0.090909
vt 0.880597 0.000000
vt 0.880597 0.181818
vt 0.880597 0.272727
vt 0.880597 0.363636
vt 0.880597 0.454545
vt 0.880597 0.545455
vt 0.880597 0.636364
vt 0.880597 0.727273
vt 0.880597 0.818182
vt 0.880597 0.909091
vt 0.880597 1.000000
vt 0.895522 0.090909
vt 0.895522 0.000000
vt 0.895522 0.181818
vt 0.895522 0.272727
vt 0.895522 0.363636
vt 0.895522 0.454545
vt 0.895522 0.545455
vt 0.895522 0.636364
vt 0.895522 0.727273
vt 0.895522 0.818182
vt 0.895522 0.909091
vt 0.895522 1.000000
vt 0.910448 0.090909
vt 0.910448 0.000000
vt 0.910448 0.181818
vt 0.910448 0.272727
vt 0.910448 0.363636
vt 0.910448 0.454545
vt 0.910448 0.545455
vt 0.910448 0.636364
vt 0.910448 0.727273
vt 0.910448 0.818182
vt 0.910448 0.909091
vt 0.910448 1.000000
vt 0.925373 0.090909
vt 0.925373 0.000000
vt 0.925373 0.181818
vt 0.925373 0.272727
vt 0.925373 0.363636
vt 0.925373 0.454545
vt 0.925373 0.545455
vt 0.925373 0.636364
vt 0.925373 0.727273
vt 0.925373 0.818182
vt 0.925373 0.909091
vt 0.925373 1.000000
vt 0.940298 0.090909
vt 0.940298 0.000000
vt 0.940298 0.181818
vt 0.940298 0.272727
vt 0.940298 0.363636
vt 0.940298 0.454545
vt 0.940298 0.545455
vt 0.940298 0.636364
vt 0.940298 0.727273
vt 0.940298 0.818182
vt 0.940298 0.909091
vt 0.940298 1.000000
vt 0.955224 0.090909
vt 0.955224 0.000000
vt 0.955224 0.181818
vt 0.955224 0.272727
vt 0.955224 0.363636
vt 0.955224 0.454545
vt 0.955224 0.545455
vt 0.955224 0.636364
vt 0.955224 0.727273
vt 0.955224 0.818182
vt 0.955224 0.909091
vt 0.955224 1.000000
vt 0.970149 0.090909
vt 0.970149 0.000000
vt 0.970149 0.181818
vt 0.970149 0.272727
vt 0.970149 0.363636
vt 0.970149 0.454545
vt 0.970149 0.545455
vt 0.970149 0.636364
vt 0.970149 0.727273
vt 0.970149 0.818182
vt 0.970149 0.909091
vt 0.970149 1.000000
vt 0.985075 0.090909
vt 0.985075 0.000000
vt 0.985075 0.181818
vt 0.985075 0.272727
vt 0.985075 0.363636
vt 0.985075 0.454545
vt 0.985075 0.545455
vt 0.985075 0.636364
vt 0.985075 0.727273
vt 0.985075 0.818182
vt 0.985075 0.909091
vt 0.985075 1.000000
vt 1.000000 0.090909
vt 1.000000 0.181818
vt 1.000000 0.272727
vt 1.000000 0.363636
vt 1.000000 0.454545
vt 1.000000 0.545455
vt 1.000000 0.636364
vt 1.000000 0.727273
vt 1.000000 0.818182
vt 1.000000 0.909091
vt 1.000000 1.000000
vt 0.037037 0.090909
vt 0.037037 0.000000
vt 0.037037 0.181818
vt 0.037037 0.272727
vt 0.037037 0.363636
vt 0.037037 0.454545
vt 0.037037 0.545455
vt 0.037037 0.636364
vt 0.037037 0.727273
vt 0.037037 0.818182
vt 0.037037 0.909091
vt 0.037037 1.000000
vt 0.074074 0.090909
vt 0.074074 0.000000
vt 0.074074 0.181818
vt 0.074074 0.272727
vt 0.074074 0.363636
vt 0.074074 0.454545
vt 0.074074 0.545455
vt 0.074074 0.636364
vt 0.074074 0.727273
vt 0.074074 0.818182
vt 0.074074 0.909091
vt 0.074074 1.000000
vt 0.111111 0.090909
vt 0.111111 0.000000
vt 0.111111 0.181818
vt 0.111111 0.272727
vt 0.111111 0.363636
vt 0.111111 0.454545
vt 0.111111 0.545455
vt 0.111111 0.636364
vt 0.111111 0.727273
vt 0.111111 0.818182
vt 0.111111 0.909091
vt 0.111111 1.000000
vt 0.148148 0.090909
vt 0.148148 0.000000
vt 0.148148 0.181818
vt 0.148148 0.272727
vt 0.148148 0.363636
vt 0.148148 0.454545
vt 0.148148 0.545455
vt 0.148148 0.636364
vt 0.148148 0.727273
vt 0.148148 0.818182
vt 0.148148 0.909091
vt 0.148148 1.000000
vt 0.185185 0.090909
vt 0.185185 0.000000
vt 0.185185 0.181818
vt 0.185185 0.272727
vt 0.185185 0.363636
vt 0.185185 0.454545
vt 0.185185 0.545455
vt 0.185185 0.636364
vt 0.185185 0.727273
vt 0.185185 0.818182
vt 0.185185 0.909091
vt 0.185185 1.000000
vt 0.222222 0.090909
vt 0.222222 0.000000
vt 0.222222 0.181818
vt 0.222222 0.272727
vt 0.222222 0.363636
vt 0.222222 0.454545
vt 0.222222 0.545455
vt 0.222222 0.636364
vt 0.222222 0.727273
vt 0.222222 0.818182
vt 0.222222 0.909091
vt 0.222222 1.000000
vt 0.259259 0.090909
vt 0.259259 0.000000
vt 0.259259 0.181818
vt 0.259259 0.272727
vt 0.259259 0.363636
vt 0.259259 0.454545
vt 0.259259 0.545455
vt 0.259259 0.636364
vt 0.259259 0.727273
vt 0.259259 0.818182
vt 0.259259 0.909091
vt 0.259259 1.000000
vt 0.296296 0.090909
vt 0.296296 0.000000
vt 0.296296 0.181818
vt 0.296296 0.272727
vt 0.296296 0.363636
vt 0.296296 0.454545
vt 0.296296 0.545455
vt 0.296296 0.636364
vt 0.296296 0.727273
vt 0.296296 0.818182
vt 0.296296 0.909091
vt 0.296296 1.000000
vt 0.333333 0.090909
vt 0.333333 0.181818
vt 0.333333 0.272727
vt 0.333333 0.363636
vt 0.333333 0.454545
vt 0.333333 0.545455
vt 0.333333 0.636364
vt 0.333333 0.727273
vt 0.333333 0.818182
vt 0.333333 0.909091
vt 0.333333 1.000000
vt 0.370370 0.090909
vt 0.370370 0.000000
vt 0.370370 0.181818
vt 0.370370 0.272727
vt 0.370370 0.363636
vt 0.370370 0.454545
vt 0.370370 0.545455
vt 0.370370 0.636364
vt 0.370370 0.727273
vt 0.370370 0.818182
vt 0.370370 0.909091
vt 0.370370 1.000000
vt 0.407407 0.090909
vt 0.407407 0.000000
vt 0.407407 0.181818
vt 0.407407 0.272727
vt 0.407407 0.363636
vt 0.407407 0.454545
vt 0.407407 0.545455
vt 0.407407 0.636364
vt 0.407407 0.727273
vt 0.407407 0.818182
vt 0.407407 0.909091
vt 0.407407 1.000000
vt 0.444444 0.090909
vt 0.444444 0.000000
vt 0.444444 0.181818
vt 0.444444 0.272727
vt 0.444444 0.363636
vt 0.444444 0.454545
vt 0.444444 0.545455
vt 0.444444 0.636364
vt 0.444444 0.727273
vt 0.444444 0.818182
vt 0.444444 0.909091
vt 0.444444 1.000000
vt 0.481481 0.090909
vt 0.481481 0.000000
vt 0.481481 0.181818
vt 0.481481 0.272727
vt 0.481481 0.363636
vt 0.481481 0.454545
vt 0.481481 0.545455
vt 0.481481 0.636364
vt 0.481481 0.727273
vt 0.481481 0.818182
vt 0.481481 0.909091
vt 0.481481 1.000000
vt 0.518519 0.090909
vt 0.518519 0.000000
vt 0.518519 0.181818
vt 0.518519 0.272727
vt 0.518519 0.363636
vt 0.518519 0.454545
vt 0.518519 0.545455
vt 0.518519 0.636364
vt 0.518519 0.727273
vt 0.518519 0.818182
vt 0.518519 0.909091
vt 0.518519 1.000000
vt 0.555556 0.090909
vt 0.555556 0.000000
vt 0.555556 0.181818
vt 0.555556 0.272727
vt 0.555556 0.363636
vt 0.555556 0.454545
vt 0.555556 0.545455
vt 0.555556 0.636364
vt 0.555556 0.727273
vt 0.555556 0.818182
vt 0.555556 0.909091
vt 0.555556 1.000000
vt 0.592593 0.090909
vt 0.592593 0.000000
vt 0.592593 0.181818
vt 0.592593 0.272727
vt 0.592593 0.363636
vt 0.592593 0.454545
vt 0.592593 0.545455
vt 0.592593 0.636364
vt 0.592593 0.727273
vt 0.592593 0.818182
vt 0.592593 0.909091
vt 0.592593 1.000000
vt 0.629630 0.090909
vt 0.629630 0.000000
vt 0.629630 0.181818
vt 0.629630 0.272727
vt 0.629630 0.363636
vt 0.629630 0.454545
vt 0.629630 0.545455
vt 0.629630 0.636364
vt 0.629630 0.727273
vt 0.629630 0.818182
vt 0.629630 0.909091
vt 0.629630 1.000000
vt 0.666667 0.090909
vt 0.666667 0.181818
vt 0.666667 0.272727
vt 0.666667 0.363636
vt 0.666667 0.454545
vt 0.666667 0.545455
vt 0.666667 0.636364
vt 0.666667 0.727273
vt 0.666667 0.818182
vt 0.666667 0.909091
vt 0.666667 1.000000
vt 0.703704 0.090909
vt 0.703704 0.000000
vt 0.703704 0.181818
vt 0.703704 0.272727
vt 0.703704 0.363636
vt 0.703704 0.454545
vt 0.703704 0.545455
vt 0.703704 0.636364
vt 0.703704 0.727273
vt 0.703704 0.818182
vt 0.703704 0.909091
vt 0.703704 1.000000
vt 0.740741 0.090909
vt 0.740741 0.000000
vt 0.740741 0.181818
vt 0.740741 0.272727
vt 0.740741 0.363636
vt 0.740741 0.454545
vt 0.740741 0.545455
vt 0.740741 0.636364
vt 0.740741 0.727273
vt 0.740741 0.818182
vt 0.740741 0.909091
vt 0.740741 1.000000
vt 0.777778 0.090909
vt 0.777778 0.000000
vt 0.777778 0.181818
vt 0.777778 0.272727
vt 0.777778 0.363636
vt 0.777778 0.454545
vt 0.777778 0.545455
vt 0.777778 0.636364
vt 0.777778 0.727273
vt 0.777778 0.818182
vt 0.777778 0.909091
vt 0.777778 1.000000
vt 0.814815 0.090909
vt 0.814815 0.000000
vt 0.814815 0.181818
vt 0.814815 0.272727
vt 0.814815 0.363636
vt 0.814815 0.454545
vt 0.814815 0.545455
vt 0.814815 0.636364
vt 0.814815 0.727273
vt 0.814815 0.818182
vt 0.814815 0.909091
vt 0.814815 1.000000
vt 0.851852 0.090909
vt 0.851852 0.000000
vt 0.851852 0.181818
vt 0.851852 0.272727
vt 0.851852 0.363636
vt 0.851852 0.454545
vt 0.851852 0.545455
vt 0.851852 0.636364
vt 0.851852 0.727273
vt 0.851852 0.818182
vt 0.851852 0.909091
vt 0.851852 1.000000
vt 0.888889 0.090909
vt 0.888889 0.000000
vt 0.888889 0.181818
vt 0.888889 0.272727
vt 0.888889 0.363636
vt 0.888889 0.454545
vt 0.888889 0.545455
vt 0.888889 0.636364
vt 0.888889 0.727273
vt 0.888889 0.818182
vt 0.888889 0.909091
vt 0.888889 1.000000
vt 0.925926 0.090909
vt 0.925926 0.000000
vt 0.925926 0.181818
vt 0.925926 0.272727
vt 0.925926 0.363636
vt 0.925926 0.454545
vt 0.925926 0.545455
vt 0.925926 0.636364
vt 0.925926 0.727273
vt 0.925926 0.818182
vt 0.925926 0.909091
vt 0.925926 1.000000
vt 0.962963 0.090909
vt 0.962963 0.000000
vt 0.962963 0.181818
vt 0.962963 0.272727
vt 0.962963 0.363636
vt 0.962963 0.454545
vt 0.962963 0.545455
vt 0.962963 0.636364
vt 0.962963 0.727273
vt 0.962963 0.818182
vt 0.962963 0.909091
vt 0.962963 1.000000
vt 0.012821 0.090909
vt 0.012821 0.000000
vt 0.012821 0.181818
vt 0.012821 0.272727
vt 0.012821 0.363636
vt 0.012821 0.454545
vt 0.012821 0.545455
vt 0.012821 0.636364
vt 0.012821 0.727273
vt 0.012821 0.818182
vt 0.012821 0.909091
vt 0.012821 1.000000
vt 0.025641 0.090909
vt 0.025641 0.000000
vt 0.025641 0.181818
vt 0.025641 0.272727
vt 0.025641 0.363636
vt 0.025641 0.454545
vt 0.025641 0.545455
vt 0.025641 0.636364
vt 0.025641 0.727273
vt 0.025641 0.818182
vt 0.025641 0.909091
vt 0.025641 1.000000
vt 0.038462 0.090909
vt 0.038462 0.000000
vt 0.038462 0.181818
vt 0.038462 0.272727
vt 0.038462 0.363636
vt 0.038462 0.454545
vt 0.038462 0.545455
vt 0.038462 0.636364
vt 0.038462 0.727273
vt 0.038462 0.818182
vt 0.038462 0.909091
vt 0.038462 1.000000
vt 0.051282 0.090909
vt 0.051282 0.000000
vt 0.051282 0.181818
vt 0.051282 0.272727
vt 0.051282 0.363636
vt 0.051282 0.454545
vt 0.051282 0.545455
vt 0.051282 0.636364
vt 0.051282 0.727273
vt 0.051282 0.818182
vt 0.051282 0.909091
vt 0.051282 1.000000
vt 0.064103 0.090909
vt 0.064103 0.000000
vt 0.064103 0.181818
vt 0.064103 0.272727
vt 0.064103 0.363636
vt 0.064103 0.454545
vt 0.064103 0.545455
vt 0.064103 0.636364
vt 0.064103 0.727273
vt 0.064103 0.818182
vt 0.064103 0.909091
vt 0.064103 1.000000
vt 0.076923 0.090909
vt 0.076923 0.000000
vt 0.076923 0.181818
vt 0.076923 0.272727
vt 0.076923 0.363636
vt 0.076923 0.454545
vt 0.076923 0.545455
vt 0.076923 0.636364
vt 0.076923 0.727273
vt 0.076923 0.818182
vt 0.076923 0.909091
vt 0.076923 1.000000
vt 0.089744 0.090909
vt 0.089744 0.000000
vt 0.089744 0.181818
vt 0.089744 0.272727
vt 0.089744 0.363636
vt 0.089744 0.454545
vt 0.089744 0.545455
vt 0.089744 0.636364
vt 0.089744 0.727273
vt 0.089744 0.818182
vt 0.089744 0.909091
vt 0.089744 1.000000
vt 0.102564 0.090909
vt 0.102564 0.000000
vt 0.102564 0.181818
vt 0.102564 0.272727
vt 0.102564 0.363636
vt 0.102564 0.454545
vt 0.102564 0.545455
vt 0.102564 0.636364
vt 0.102564 0.727273
vt 0.102564 0.818182
vt 0.102564 0.909091
vt 0.102564 1.000000
vt 0.115385 0.090909
vt 0.115385 0.000000
vt 0.115385 0.181818
vt 0.115385 0.272727
vt 0.115385 0.363636
vt 0.115385 0.454545
vt 0.115385 0.545455
vt 0.115385 0.636364
vt 0.115385 0.727273
vt 0.115385 0.818182
vt 0.115385 0.909091
vt 0.115385 1.000000
vt 0.128205 0.090909
vt 0.128205 0.000000
vt 0.128205 0.181818
vt 0.128205 0.272727
vt 0.128205 0.363636
vt 0.128205 0.454545
vt 0.128205 0.545455
vt 0.128205 0.636364
vt 0.128205 0.727273
vt 0.128205 0.818182
vt 0.128205 0.909091
vt 0.128205 1.000000
vt 0.141026 0.090909
vt 0.141026 0.000000
vt 0.141026 0.181818
vt 0.141026 0.272727
vt 0.141026 0.363636
vt 0.141026 0.454545
vt 0.141026 0.545455
vt 0.141026 0.636364
vt 0.141026 0.727273
vt 0.141026 0.818182
vt 0.141026 0.909091
vt 0.141026 1.000000
vt 0.153846 0.090909
vt 0.153846 0.000000
vt 0.153846 0.181818
vt 0.153846 0.272727
vt 0.153846 0.363636
vt 0.153846 0.454545
vt 0.153846 0.545455
vt 0.153846 0.636364
vt 0.153846 0.727273
vt 0.153846 0.818182
vt 0.153846 0.909091
vt 0.153846 1.000000
vt 0.166667 0.090909
vt 0.166667 0.000000
vt 0.166667 0.181818
vt 0.166667 0.272727
vt 0.166667 0.363636
vt 0.166667 0.454545
vt 0.166667 0.545455
vt 0.166667 0.636364
vt 0.166667 0.727273
vt 0.166667 0.818182
vt 0.166667 0.909091
vt 0.166667 1.000000
vt 0.179487 0.090909
vt 0.179487 0.000000
vt 0.179487 0.181818
vt 0.179487 0.272727
vt 0.179487 0.363636
vt 0.179487 0.454545
vt 0.179487 0.545455
vt 0.179487 0.636364
vt 0.179487 0.727273
vt 0.179487 0.818182
vt 0.179487 0.909091
vt 0.179487 1.000000
vt 0.192308 0.090909
vt 0.192308 0.000000
vt 0.192308 0.181818
vt 0.192308 0.272727
vt 0.192308 0.363636
vt 0.192308 0.454545
vt 0.192308 0.545455
vt 0.192308 0.636364
vt 0.192308 0.727273
vt 0.192308 0.818182
vt 0.192308 0.909091
vt 0.192308 1.000000
vt 0.205128 0.090909
vt 0.205128 0.000000
vt 0.205128 0.181818
vt 0.205128 0.272727
vt 0.205128 0.363636
vt 0.205128 0.454545
vt 0.205128 0.545455
vt 0.205128 0.636364
vt 0.205128 0.727273
vt 0.205128 0.818182
vt 0.205128 0.909091
vt 0.205128 1.000000
vt 0.217949 0.090909
vt 0.217949 0.000000
vt 0.217949 0.181818
vt 0.217949 0.272727
vt 0.217949 0.363636
vt 0.217949 0.454545
vt 0.217949 0.545455
vt 0.217949 0.636364
vt 0.217949 0.727273
vt 0.217949 0.818182
vt 0.217949 0.909091
vt 0.217949 1.000000
vt 0.230769 0.090909
vt 0.230769 0.000000
vt 0.230769 0.181818
vt 0.230769 0.272727
vt 0.230769 0.363636
vt 0.230769 0.454545
vt 0.230769 0.545455
vt 0.230769 0.636364
vt 0.230769 0.727273
vt 0.230769 0.818182
vt 0.230769 0.909091
vt 0.230769 1.000000
vt 0.243590 0.090909
vt 0.243590 0.000000
vt 0.243590 0.181818
vt 0.243590 0.272727
vt 0.243590 0.363636
vt 0.243590 0.454545
vt 0.243590 0.545455
vt 0.243590 0.636364
vt 0.243590 0.727273
vt 0.243590 0.818182
vt 0.243590 0.909091
vt 0.243590 1.000000
vt 0.256410 0.090909
vt 0.256410 0.000000
vt 0.256410 0.181818
vt 0.256410 0.272727
vt 0.256410 0.363636
vt 0.256410 0.454545
vt 0.256410 0.545455
vt 0.256410 0.636364
vt 0.256410 0.727273
vt 0.256410 0.818182
vt 0.256410 0.909091
vt 0.256410 1.000000
vt 0.269231 0.090909
vt 0.269231 0.000000
vt 0.269231 0.181818
vt 0.269231 0.272727
vt 0.269231 0.363636
vt 0.269231 0.454545
vt 0.269231 0.545455
vt 0.269231 0.636364
vt 0.269231 0.727273
vt 0.269231 0.818182
vt 0.269231 0.909091
vt 0.269231 1.000000
vt 0.282051 0.090909
vt 0.282051 0.000000
vt 0.282051 0.181818
vt 0.282051 0.272727
vt 0.282051 0.363636
vt 0.282051 0.454545
vt 0.282051 0.545455
vt 0.282051 0.636364
vt 0.282051 0.727273
vt 0.282051 0.818182
vt 0.282051 0.909091
vt 0.282051 1.000000
vt 0.294872 0.090909
vt 0.294872 0.000000
vt 0.294872 0.181818
vt 0.294872 0.272727
vt 0.294872 0.363636
vt 0.294872 0.454545
vt 0.294872 0.545455
vt 0.294872 0.636364
vt 0.294872 0.727273
vt 0.294872 0.818182
vt 0.294872 0.909091
vt 0.294872 1.000000
vt 0.307692 0.090909
vt 0.307692 0.000000
vt 0.307692 0.181818
vt 0.307692 0.272727
vt 0.307692 0.363636
vt 0.307692 0.454545
vt 0.307692 0.545455
vt 0.307692 0.636364
vt 0.307692 0.727273
vt 0.307692 0.818182
vt 0.307692 0.909091
vt 0.307692 1.000000
vt 0.320513 0.090909
vt 0.320513 0.000000
vt 0.320513 0.181818
vt 0.320513 0.272727
vt 0.320513 0.363636
vt 0.320513 0.454545
vt 0.320513 0.545455
vt 0.320513 0.636364
vt 0.320513 0.727273
vt 0.320513 0.818182
vt 0.320513 0.909091
vt 0.320513 1.000000
vt 0.346154 0.090909
vt 0.346154 0.000000
vt 0.346154 0.181818
vt 0.346154 0.272727
vt 0.346154 0.363636
vt 0.346154 0.454545
vt 0.346154 0.545455
vt 0.346154 0.636364
vt 0.346154 0.727273
vt 0.346154 0.818182
vt 0.346154 0.909091
vt 0.346154 1.000000
vt 0.358974 0.090909
vt 0.358974 0.000000
vt 0.358974 0.181818
vt 0.358974 0.272727
vt 0.358974 0.363636
vt 0.358974 0.454545
vt 0.358974 0.545455
vt 0.358974 0.636364
vt 0.358974 0.727273
vt 0.358974 0.818182
vt 0.358974 0.909091
vt 0.358974 1.000000
vt 0.371795 0.090909
vt 0.371795 0.000000
vt 0.371795 0.181818
vt 0.371795 0.272727
vt 0.371795 0.363636
vt 0.371795 0.454545
vt 0.371795 0.545455
vt 0.371795 0.636364
vt 0.371795 0.727273
vt 0.371795 0.818182
vt 0.371795 0.909091
vt 0.371795 1.000000
vt 0.384615 0.090909
vt 0.384615 0.000000
vt 0.384615 0.181818
vt 0.384615 0.272727
vt 0.384615 0.363636
vt 0.384615 0.454545
vt 0.384615 0.545455
vt 0.384615 0.636364
vt 0.384615 0.727273
vt 0.384615 0.818182
vt 0.384615 0.909091
vt 0.384615 1.000000
vt 0.397436 0.090909
vt 0.397436 0.000000
vt 0.397436 0.181818
vt 0.397436 0.272727
vt 0.397436 0.363636
vt 0.397436 0.454545
vt 0.397436 0.545455
vt 0.397436 0.636364
vt 0.397436 0.727273
vt 0.397436 0.818182
vt 0.397436 0.909091
vt 0.397436 1.000000
vt 0.410256 0.090909
vt 0.410256 0.000000
vt 0.410256 0.181818
vt 0.410256 0.272727
vt 0.410256 0.363636
vt 0.410256 0.454545
vt 0.410256 0.545455
vt 0.410256 0.636364
vt 0.410256 0.727273
vt 0.410256 0.818182
vt 0.410256 0.909091
vt 0.410256 1.000000
vt 0.423077 0.090909
vt 0.423077 0.000000
vt 0.423077 0.181818
vt 0.423077 0.272727
vt 0.423077 0.363636
vt 0.423077 0.454545
vt 0.423077 0.545455
vt 0.423077 0.636364
vt 0.423077 0.727273
vt 0.423077 0.818182
vt 0.423077 0.909091
vt 0.423077 1.000000
vt 0.435897 0.090909
vt 0.435897 0.000000
vt 0.435897 0.181818
vt 0.435897 0.272727
vt 0.435897 0.363636
vt 0.435897 0.454545
vt 0.435897 0.545455
vt 0.435897 0.636364
vt 0.435897 0.727273
vt 0.435897 0.818182
vt 0.435897 0.909091
vt 0.435897 1.000000
vt 0.448718 0.090909
vt 0.448718 0.000000
vt 0.448718 0.181818
vt 0.448718 0.272727
vt 0.448718 0.363636
vt 0.448718 0.454545
vt 0.448718 0.545455
vt 0.448718 0.636364
vt 0.448718 0.727273
vt 0.448718 0.818182
vt 0.448718 0.909091
vt 0.448718 1.000000
vt 0.461538 0.090909
vt 0.461538 0.000000
vt 0.461538 0.181818
vt 0.461538 0.272727
vt 0.461538 0.363636
vt 0.461538 0.454545
vt 0.461538 0.545455
vt 0.461538 0.636364
vt 0.461538 0.727273
vt 0.461538 0.818182
vt 0.461538 0.909091
vt 0.461538 1.000000
vt 0.474359 0.090909
vt 0.474359 0.000000
vt 0.474359 0.181818
vt 0.474359 0.272727
vt 0.474359 0.363636
vt 0.474359 0.454545
vt 0.474359 0.545455
vt 0.474359 0.636364
vt 0.474359 0.727273
vt 0.474359 0.818182
vt 0.474359 0.909091
vt 0.474359 1.000000
vt 0.487179 0.090909
vt 0.487179 0.000000
vt 0.487179 0.181818
vt 0.487179 0.272727
vt 0.487179 0.363636
vt 0.487179 0.454545
vt 0.487179 0.545455
vt 0.487179 0.636364
vt 0.487179 0.727273
vt 0.487179 0.818182
vt 0.487179 0.909091
vt 0.487179 1.000000
vt 0.500000 0.090909
vt 0.500000 0.181818
vt 0.500000 0.272727
vt 0.500000 0.363636
vt 0.500000 0.454545
vt 0.500000 0.545455
vt 0.500000 0.636364
vt 0.500000 0.727273
vt 0.500000 0.818182
vt 0.500000 0.909091
vt 0.500000 1.000000
vt 0.512821 0.090909
vt 0.512821 0.000000
vt 0.512821 0.181818
vt 0.512821 0.272727
vt 0.512821 0.363636
vt 0.512821 0.454545
vt 0.512821 0.545455
vt 0.512821 0.636364
vt 0.512821 0.727273
vt 0.512821 0.818182
vt 0.512821 0.909091
vt 0.512821 1.000000
vt 0.525641 0.090909
vt 0.525641 0.000000
vt 0.525641 0.181818
vt 0.525641 0.272727
vt 0.525641 0.363636
vt 0.525641 0.454545
vt 0.525641 0.545455
vt 0.525641 0.636364
vt 0.525641 0.727273
vt 0.525641 0.818182
vt 0.525641 0.909091
vt 0.525641 1.000000
vt 0.538462 0.090909
vt 0.538462 0.000000
vt 0.538462 0.181818
vt 0.538462 0.272727
vt 0.538462 0.363636
vt 0.538462 0.454545
vt 0.538462 0.545455
vt 0.538462 0.636364
vt 0.538462 0.727273
vt 0.538462 0.818182
vt 0.538462 0.909091
vt 0.538462 1.000000
vt 0.551282 0.090909
vt 0.551282 0.000000
vt 0.551282 0.181818
vt 0.551282 0.272727
vt 0.551282 0.363636
vt 0.551282 0.454545
vt 0.551282 0.545455
vt 0.551282 0.636364
vt 0.551282 0.727273
vt 0.551282 0.818182
vt 0.551282 0.909091
vt 0.551282 1.000000
vt 0.564103 0.090909
vt 0.564103 0.000000
vt 0.564103 0.181818
vt 0.564103 0.272727
vt 0.564103 0.363636
vt 0.564103 0.454545
vt 0.564103 0.545455
vt 0.564103 0.636364
vt 0.564103 0.727273
vt 0.564103 0.818182
vt 0.564103 0.909091
vt 0.564103 1.000000
vt 0.576923 0.090909
vt 0.576923 0.000000
vt 0.576923 0.181818
vt 0.576923 0.272727
vt 0.576923 0.363636
vt 0.576923 0.454545
vt 0.576923 0.545455
vt 0.576923 0.636364
vt 0.576923 0.727273
vt 0.576923 0.818182
vt 0.576923 0.909091
vt 0.576923 1.000000
vt 0.589744 0.090909
vt 0.589744 0.000000
vt 0.589744 0.181818
vt 0.589744 0.272727
vt 0.589744 0.363636
vt 0.589744 0.454545
vt 0.589744 0.545455
vt 0.589744 0.636364
vt 0.589744 0.727273
vt 0.589744 0.818182
vt 0.589744 0.909091
vt 0.589744 1.000000
vt 0.602564 0.090909
vt 0.602564 0.000000
vt 0.602564 0.181818
vt 0.602564 0.272727
vt 0.602564 0.363636
vt 0.602564 0.454545
vt 0.602564 0.545455
vt 0.602564 0.636364
vt 0.602564 0.727273
vt 0.602564 0.818182
vt 0.602564 0.909091
vt 0.602564 1.000000
vt 0.615385 0.090909
vt 0.615385 0.000000
vt 0.615385 0.181818
vt 0.615385 0.272727
vt 0.615385 0.363636
vt 0.615385 0.454545
vt 0.615385 0.545455
vt 0.615385 0.636364
vt 0.615385 0.727273
vt 0.615385 0.818182
vt 0.615385 0.909091
vt 0.615385 1.000000
vt 0.628205 0.090909
vt 0.628205 0.000000
vt 0.628205 0.181818
vt 0.628205 0.272727
vt 0.628205 0.363636
vt 0.628205 0.454545
vt 0.628205 0.545455
vt 0.628205 0.636364
vt 0.628205 0.727273
vt 0.628205 0.818182
vt 0.628205 0.909091
vt 0.628205 1.000000
vt 0.641026 0.090909
vt 0.641026 0.000000
vt 0.641026 0.181818
vt 0.641026 0.272727
vt 0.641026 0.363636
vt 0.641026 0.454545
vt 0.641026 0.545455
vt 0.641026 0.636364
vt 0.641026 0.727273
vt 0.641026 0.818182
vt 0.641026 0.909091
vt 0.641026 1.000000
vt 0.653846 0.090909
vt 0.653846 0.000000
vt 0.653846 0.181818
vt 0.653846 0.272727
vt 0.653846 0.363636
vt 0.653846 0.454545
vt 0.653846 0.545455
vt 0.653846 0.636364
vt 0.653846 0.727273
vt 0.653846 0.818182
vt 0.653846 0.909091
vt 0.653846 1.000000
vt 0.679487 0.090909
vt 0.679487 0.000000
vt 0.679487 0.181818
vt 0.679487 0.272727
vt 0.679487 0.363636
vt 0.679487 0.454545
vt 0.679487 0.545455
vt 0.679487 0.636364
vt 0.679487 0.727273
vt 0.679487 0.818182
vt 0.679487 0.909091
vt 0.679487 1.000000
vt 0.692308 0.090909
vt 0.692308 0.000000
vt 0.692308 0.181818
vt 0.692308 0.272727
vt 0.692308 0.363636
vt 0.692308 0.454545
vt 0.692308 0.545455
vt 0.692308 0.636364
vt 0.692308 0.727273
vt 0.692308 0.818182
vt 0.692308 0.909091
vt 0.692308 1.000000
vt 0.705128 0.090909
vt 0.705128 0.000000
vt 0.705128 0.181818
vt 0.705128 0.272727
vt 0.705128 0.363636
vt 0.705128 0.454545
vt 0.705128 0.545455
vt 0.705128 0.636364
vt 0.705128 0.727273
vt 0.705128 0.818182
vt 0.705128 0.909091
vt 0.705128 1.000000
vt 0.717949 0.090909
vt 0.717949 0.000000
vt 0.717949 0.181818
vt 0.717949 0.272727
vt 0.717949 0.363636
vt 0.717949 0.454545
vt 0.717949 0.545455
vt 0.717949 0.636364
vt 0.717949 0.727273
vt 0.717949 0.818182
vt 0.717949 0.909091
vt 0.717949 1.000000
vt 0.730769 0.090909
vt 0.730769 0.000000
vt 0.730769 0.181818
vt 0.730769 0.272727
vt 0.730769 0.363636
vt 0.730769 0.454545
vt 0.730769 0.545455
vt 0.730769 0.636364
vt 0.730769 0.727273
vt 0.730769 0.818182
vt 0.730769 0.909091
vt 0.730769 1.000000
vt 0.743590 0.090909
vt 0.743590 0.000000
vt 0.743590 0.181818
vt 0.743590 0.272727
vt 0.743590 0.363636
vt 0.743590 0.454545
vt 0.743590 0.545455
vt 0.743590 0.636364
vt 0.743590 0.727273
vt 0.743590 0.818182
vt 0.743590 0.909091
vt 0.743590 1.000000
vt 0.756410 0.090909
vt 0.756410 0.000000
vt 0.756410 0.181818
vt 0.756410 0.272727
vt 0.756410 0.363636
vt 0.756410 0.454545
vt 0.756410 0.545455
vt 0.756410 0.636364
vt 0.756410 0.727273
vt 0.756410 0.818182
vt 0.756410 0.909091
vt 0.756410 1.000000
vt 0.769231 0.090909
vt 0.769231 0.000000
vt 0.769231 0.181818
vt 0.769231 0.272727
vt 0.769231 0.363636
vt 0.769231 0.454545
vt 0.769231 0.545455
vt 0.769231 0.636364
vt 0.769231 0.727273
vt 0.769231 0.818182
vt 0.769231 0.909091
vt 0.769231 1.000000
vt 0.782051 0.090909
vt 0.782051 0.000000
vt 0.782051 0.181818
vt 0.782051 0.272727
vt 0.782051 0.363636
vt 0.782051 0.454545
vt 0.782051 0.545455
vt 0.782051 0.636364
vt 0.782051 0.727273
vt 0.782051 0.818182
vt 0.782051 0.909091
vt 0.782051 1.000000
vt 0.794872 0.090909
vt 0.794872 0.000000
vt 0.794872 0.181818
vt 0.794872 0.272727
vt 0.794872 0.363636
vt 0.794872 0.454545
vt 0.794872 0.545455
vt 0.794872 0.636364
vt 0.794872 0.727273
vt 0.794872 0.818182
vt 0.794872 0.909091
vt 0.794872 1.000000
vt 0.807692 0.090909
vt 0.807692 0.000000
vt 0.807692 0.181818
vt 0.807692 0.272727
vt 0.807692 0.363636
vt 0.807692 0.454545
vt 0.807692 0.545455
vt 0.807692 0.636364
vt 0.807692 0.727273
vt 0.807692 0.818182
vt 0.807692 0.909091
vt 0.807692 1.000000
vt 0.820513 0.090909
vt 0.820513 0.000000
vt 0.820513 0.181818
vt 0.820513 0.272727
vt 0.820513 0.363636
vt 0.820513 0.454545
vt 0.820513 0.545455
vt 0.820513 0.636364
vt 0.820513 0.727273
vt 0.820513 0.818182
vt 0.820513 0.909091
vt 0.820513 1.000000
vt 0.833333 0.090909
vt 0.833333 0.000000
vt 0.833333 0.181818
vt 0.833333 0.272727
vt 0.833333 0.363636
vt 0.833333 0.454545
vt 0.833333 0.545455
vt 0.833333 0.636364
vt 0.833333 0.727273
vt 0.833333 0.818182
vt 0.833333 0.909091
vt 0.833333 1.000000
vt 0.846154 0.090909
vt 0.846154 0.000000
vt 0.846154 0.181818
vt 0.846154 0.272727
vt 0.846154 0.363636
vt 0.846154 0.454545
vt 0.846154 0.545455
vt 0.846154 0.636364
vt 0.846154 0.727273
vt 0.846154 0.818182
vt 0.846154 0.909091
vt 0.846154 1.000000
vt 0.858974 0.090909
vt 0.858974 0.000000
vt 0.858974 0.181818
vt 0.858974 0.272727
vt 0.858974 0.363636
vt 0.858974 0.454545
vt 0.858974 0.545455
vt 0.858974 0.636364
vt 0.858974 0.727273
vt 0.858974 0.818182
vt 0.858974 0.909091
vt 0.858974 1.000000
vt 0.871795 0.090909
vt 0.871795 0.000000
vt 0.871795 0.181818
vt 0.871795 0.272727
vt 0.871795 0.363636
vt 0.871795 0.454545
vt 0.871795 0.545455
vt 0.871795 0.636364
vt 0.871795 0.727273
vt 0.871795 0.818182
vt 0.871795 0.909091
vt 0.871795 1.000000
vt 0.884615 0.090909
vt 0.884615 0.000000
vt 0.884615 0.181818
vt 0.884615 0.272727
vt 0.884615 0.363636
vt 0.884615 0.454545
vt 0.884615 0.545455
vt 0.884615 0.636364
vt 0.884615 0.727273
vt 0.884615 0.818182
vt 0.884615 0.909091
vt 0.884615 1.000000
vt 0.897436 0.090909
vt 0.897436 0.000000
vt 0.897436 0.181818
vt 0.897436 0.272727
vt 0.897436 0.363636
vt 0.897436 0.454545
vt 0.897436 0.545455
vt 0.897436 0.636364
vt 0.897436 0.727273
vt 0.897436 0.818182
vt 0.897436 0.909091
vt 0.897436 1.000000
vt 0.910256 0.090909
vt 0.910256 0.000000
vt 0.910256 0.181818
vt 0.910256 0.272727
vt 0.910256 0.363636
vt 0.910256 0.454545
vt 0.910256 0.545455
vt 0.910256 0.636364
vt 0.910256 0.727273
vt 0.910256 0.818182
vt 0.910256 0.909091
vt 0.910256 1.000000
vt 0.923077 0.090909
vt 0.923077 0.000000
vt 0.923077 0.181818
vt 0.923077 0.272727
vt 0.923077 0.363636
vt 0.923077 0.454545
vt 0.923077 0.545455
vt 0.923077 0.636364
vt 0.923077 0.727273
vt 0.923077 0.818182
vt 0.923077 0.909091
vt 0.923077 1.000000
vt 0.935897 0.090909
vt 0.935897 0.000000
vt 0.935897 0.181818
vt 0.935897 0.272727
vt 0.935897 0.363636
vt 0.935897 0.454545
vt 0.935897 0.545455
vt 0.935897 0.636364
vt 0.935897 0.727273
vt 0.935897 0.818182
vt 0.935897 0.909091
vt 0.935897 1.000000
vt 0.948718 0.090909
vt 0.948718 0.000000
vt 0.948718 0.181818
vt 0.948718 0.272727
vt 0.948718 0.363636
vt 0.948718 0.454545
vt 0.948718 0.545455
vt 0.948718 0.636364
vt 0.948718 0.727273
vt 0.948718 0.818182
vt 0.948718 0.909091
vt 0.948718 1.000000
vt 0.961538 0.090909
vt 0.961538 0.000000
vt 0.961538 0.181818
vt 0.961538 0.272727
vt 0.961538 0.363636
vt 0.961538 0.454545
vt 0.961538 0.545455
vt 0.961538 0.636364
vt 0.961538 0.727273
vt 0.961538 0.818182
vt 0.961538 0.909091
vt 0.961538 1.000000
vt 0.974359 0.090909
vt 0.974359 0.000000
vt 0.974359 0.181818
vt 0.974359 0.272727
vt 0.974359 0.363636
vt 0.974359 0.454545
vt 0.974359 0.545455
vt 0.974359 0.636364
vt 0.974359 0.727273
vt 0.974359 0.818182
vt 0.974359 0.909091
vt 0.974359 1.000000
vt 0.987179 0.090909
vt 0.987179 0.000000
vt 0.987179 0.181818
vt 0.987179 0.272727
vt 0.987179 0.363636
vt 0.987179 0.454545
vt 0.987179 0.545455
vt 0.987179 0.636364
vt 0.987179 0.727273
vt 0.987179 0.818182
vt 0.987179 0.909091
vt 0.987179 1.000000
vt 0.019231 0.090909
vt 0.019231 0.000000
vt 0.019231 0.181818
vt 0.019231 0.272727
vt 0.019231 0.363636
vt 0.019231 0.454545
vt 0.019231 0.545455
vt 0.019231 0.636364
vt 0.019231 0.727273
vt 0.019231 0.818182
vt 0.019231 0.909091
vt 0.019231 1.000000
vt 0.057692 0.090909
vt 0.057692 0.000000
vt 0.057692 0.181818
vt 0.057692 0.272727
vt 0.057692 0.363636
vt 0.057692 0.454545
vt 0.057692 0.545455
vt 0.057692 0.636364
vt 0.057692 0.727273
vt 0.057692 0.818182
vt 0.057692 0.909091
vt 0.057692 1.000000
vt 0.096154 0.090909
vt 0.096154 0.000000
vt 0.096154 0.181818
vt 0.096154 0.272727
vt 0.096154 0.363636
vt 0.096154 0.454545
vt 0.096154 0.545455
vt 0.096154 0.636364
vt 0.096154 0.727273
vt 0.096154 0.818182
vt 0.096154 0.909091
vt 0.096154 1.000000
vt 0.134615 0.090909
vt 0.134615 0.000000
vt 0.134615 0.181818
vt 0.134615 0.272727
vt 0.134615 0.363636
vt 0.134615 0.454545
vt 0.134615 0.545455
vt 0.134615 0.636364
vt 0.134615 0.727273
vt 0.134615 0.818182
vt 0.134615 0.909091
vt 0.134615 1.000000
vt 0.173077 0.090909
vt 0.173077 0.000000
vt 0.173077 0.181818
vt 0.173077 0.272727
vt 0.173077 0.363636
vt 0.173077 0.454545
vt 0.173077 0.545455
vt 0.173077 0.636364
vt 0.173077 0.727273
vt 0.173077 0.818182
vt 0.173077 0.909091
vt 0.173077 1.000000
vt 0.211538 0.090909
vt 0.211538 0.000000
vt 0.211538 0.181818
vt 0.211538 0.272727
vt 0.211538 0.363636
vt 0.211538 0.454545
vt 0.211538 0.545455
vt 0.211538 0.636364
vt 0.211538 0.727273
vt 0.211538 0.818182
vt 0.211538 0.909091
vt 0.211538 1.000000
vt 0.250000 0.090909
vt 0.250000 0.181818
vt 0.250000 0.272727
vt 0.250000 0.363636
vt 0.250000 0.454545
vt 0.250000 0.545455
vt 0.250000 0.636364
vt 0.250000 0.727273
vt 0.250000 0.818182
vt 0.250000 0.909091
vt 0.250000 1.000000
vt 0.288462 0.090909
vt 0.288462 0.000000
vt 0.288462 0.181818
vt 0.288462 0.272727
vt 0.288462 0.363636
vt 0.288462 0.454545
vt 0.288462 0.545455
vt 0.288462 0.636364
vt 0.288462 0.727273
vt 0.288462 0.818182
vt 0.288462 0.909091
vt 0.288462 1.000000
vt 0.326923 0.090909
vt 0.326923 0.000000
vt 0.326923 0.181818
vt 0.326923 0.272727
vt 0.326923 0.363636
vt 0.326923 0.454545
vt 0.326923 0.545455
vt 0.326923 0.636364
vt 0.326923 0.727273
vt 0.326923 0.818182
vt 0.326923 0.909091
vt 0.326923 1.000000
vt 0.365385 0.090909
vt 0.365385 0.000000
vt 0.365385 0.181818
vt 0.365385 0.272727
vt 0.365385 0.363636
vt 0.365385 0.454545
vt 0.365385 0.545455
vt 0.365385 0.636364
vt 0.365385 0.727273
vt 0.365385 0.818182
vt 0.365385 0.909091
vt 0.365385 1.000000
vt 0.403846 0.090909
vt 0.403846 0.000000
vt 0.403846 0.181818
vt 0.403846 0.272727
vt 0.403846 0.363636
vt 0.403846 0.454545
vt 0.403846 0.545455
vt 0.403846 0.636364
vt 0.403846 0.727273
vt 0.403846 0.818182
vt 0.403846 0.909091
vt 0.403846 1.000000
vt 0.442308 0.090909
vt 0.442308 0.000000
vt 0.442308 0.181818
vt 0.442308 0.272727
vt 0.442308 0.363636
vt 0.442308 0.454545
vt 0.442308 0.545455
vt 0.442308 0.636364
vt 0.442308 0.727273
vt 0.442308 0.818182
vt 0.442308 0.909091
vt 0.442308 1.000000
vt 0.480769 0.090909
vt 0.480769 0.000000
vt 0.480769 0.181818
vt 0.480769 0.272727
vt 0.480769 0.363636
vt 0.480769 0.454545
vt 0.480769 0.545455
vt 0.480769 0.636364
vt 0.480769 0.727273
vt 0.480769 0.818182
vt 0.480769 0.909091
vt 0.480769 1.000000
vt 0.519231 0.090909
vt 0.519231 0.000000
vt 0.519231 0.181818
vt 0.519231 0.272727
vt 0.519231 0.363636
vt 0.519231 0.454545
vt 0.519231 0.545455
vt 0.519231 0.636364
vt 0.519231 0.727273
vt 0.519231 0.818182
vt 0.519231 0.909091
vt 0.519231 1.000000
vt 0.557692 0.090909
vt 0.557692 0.000000
vt 0.557692 0.181818
vt 0.557692 0.272727
vt 0.557692 0.363636
vt 0.557692 0.454545
vt 0.557692 0.545455
vt 0.557692 0.636364
vt 0.557692 0.727273
vt 0.557692 0.818182
vt 0.557692 0.909091
vt 0.557692 1.000000
vt 0.596154 0.090909
vt 0.596154 0.000000
vt 0.596154 0.181818
vt 0.596154 0.272727
vt 0.596154 0.363636
vt 0.596154 0.454545
vt 0.596154 0.545455
vt 0.596154 0.636364
vt 0.596154 0.727273
vt 0.596154 0.818182
vt 0.596154 0.909091
vt 0.596154 1.000000
vt 0.634615 0.090909
vt 0.634615 0.000000
vt 0.634615 0.181818
vt 0.634615 0.272727
vt 0.634615 0.363636
vt 0.634615 0.454545
vt 0.634615 0.545455
vt 0.634615 0.636364
vt 0.634615 0.727273
vt 0.634615 0.818182
vt 0.634615 0.909091
vt 0.634615 1.000000
vt 0.673077 0.090909
vt 0.673077 0.000000
vt 0.673077 0.181818
vt 0.673077 0.272727
vt 0.673077 0.363636
vt 0.673077 0.454545
vt 0.673077 0.545455
vt 0.673077 0.636364
vt 0.673077 0.727273
vt 0.673077 0.818182
vt 0.673077 0.909091
vt 0.673077 1.000000
vt 0.711538 0.090909
vt 0.711538 0.000000
vt 0.711538 0.181818
vt 0.711538 0.272727
vt 0.711538 0.363636
vt 0.711538 0.454545
vt 0.711538 0.545455
vt 0.711538 0.636364
vt 0.711538 0.727273
vt 0.711538 0.818182
vt 0.711538 0.909091
vt 0.711538 1.000000
vt 0.750000 0.090909
vt 0.750000 0.181818
vt 0.750000 0.272727
vt 0.750000 0.363636
vt 0.750000 0.454545
vt 0.750000 0.545455
vt 0.750000 0.636364
vt 0.750000 0.727273
vt 0.750000 0.818182
vt 0.750000 0.909091
vt 0.750000 1.000000
vt 0.788462 0.090909
vt 0.788462 0.000000
vt 0.788462 0.181818
vt 0.788462 0.272727
vt 0.788462 0.363636
vt 0.788462 0.454545
vt 0.788462 0.545455
vt 0.788462 0.636364
vt 0.788462 0.727273
vt 0.788462 0.818182
vt 0.788462 0.909091
vt 0.788462 1.000000
vt 0.826923 0.090909
vt 0.826923 0.000000
vt 0.826923 0.181818
vt 0.826923 0.272727
vt 0.826923 0.363636
vt 0.826923 0.454545
vt 0.826923 0.545455
vt 0.826923 0.636364
vt 0.826923 0.727273
vt 0.826923 0.818182
vt 0.826923 0.909091
vt 0.826923 1.000000
vt 0.865385 0.090909
vt 0.865385 0.000000
vt 0.865385 0.181818
vt 0.865385 0.272727
vt 0.865385 0.363636
vt 0.865385 0.454545
vt 0.865385 0.545455
vt 0.865385 0.636364
vt 0.865385 0.727273
vt 0.865385 0.818182
vt 0.865385 0.909091
vt 0.865385 1.000000
vt 0.903846 0.090909
vt 0.903846 0.000000
vt 0.903846 0.181818
vt 0.903846 0.272727
vt 0.903846 0.363636
vt 0.903846 0.454545
vt 0.903846 0.545455
vt 0.903846 0.636364
vt 0.903846 0.727273
vt 0.903846 0.818182
vt 0.903846 0.909091
vt 0.903846 1.000000
vt 0.942308 0.090909
vt 0.942308 0.000000
vt 0.942308 0.181818
vt 0.942308 0.272727
vt 0.942308 0.363636
vt 0.942308 0.454545
vt 0.942308 0.545455
vt 0.942308 0.636364
vt 0.942308 0.727273
vt 0.942308 0.818182
vt 0.942308 0.909091
vt 0.942308 1.000000
vt 0.980769 0.090909
vt 0.980769 0.000000
vt 0.980769 0.181818
vt 0.980769 0.272727
vt 0.980769 0.363636
vt 0.980769 0.454545
vt 0.980769 0.545455
vt 0.980769 0.636364
vt 0.980769 0.727273
vt 0.980769 0.818182
vt 0.980769 0.909091
vt 0.980769 1.000000
s 0
usemtl reflective_gold.007
f 361/504/241 360/505/241 359/506/241
f 363/507/241 356/508/241 355/509/241
f 356/508/241 363/507/241 362/510/241
f 357/511/241 356/508/241 358/512/241
f 359/506/241 358/512/241 356/508/241
f 356/508/241 362/510/241 359/506/241
f 361/504/241 359/506/241 362/510/241
f 414/513/241 469/507/241 468/514/241
f 415/515/241 414/513/241 468/514/241
f 468/514/241 442/516/241 415/515/241
f 442/516/241 441/517/241 415/515/241
f 417/518/241 416/519/241 467/520/241
f 467/520/241 418/521/241 417/518/241
f 439/522/241 364/509/241 440/523/241
f 467/520/241 416/519/241 468/514/241
f 442/516/241 468/514/241 416/519/241
f 440/523/241 364/509/241 441/517/241
f 415/515/241 441/517/241 364/509/241
f 443/524/241 413/525/241 444/526/241
f 419/527/241 466/528/241 420/529/241
f 437/530/241 366/531/241 438/532/241
f 365/533/241 438/532/241 366/531/241
f 469/507/241 414/513/241 413/525/241
f 413/525/241 443/524/241 469/507/241
f 466/528/241 419/527/241 467/520/241
f 418/521/241 467/520/241 419/527/241
f 438/532/241 365/533/241 439/522/241
f 364/509/241 439/522/241 365/533/241
f 445/534/241 412/535/241 411/536/241
f 446/537/241 445/534/241 411/536/241
f 463/538/241 389/539/241 464/540/241
f 388/541/241 387/542/241 422/543/241
f 423/544/241 422/543/241 387/542/241
f 444/526/241 413/525/241 412/535/241
f 412/535/241 445/534/241 444/526/241
f 464/540/241 389/539/241 465/545/241
f 466/528/241 465/545/241 389/539/241
f 420/529/241 466/528/241 389/539/241
f 389/539/241 388/541/241 420/529/241
f 421/546/241 420/529/241 388/541/241
f 388/541/241 422/543/241 421/546/241
f 435/547/241 368/548/241 436/549/241
f 368/548/241 367/550/241 436/549/241
f 437/530/241 436/549/241 367/550/241
f 366/531/241 437/530/241 367/550/241
f 391/551/241 461/552/241 392/553/241
f 448/554/241 409/555/241 408/556/241
f 449/557/241 448/554/241 408/556/241
f 408/556/241 407/558/241 449/557/241
f 450/559/241 449/557/241 407/558/241
f 407/558/241 406/560/241 450/559/241
f 451/561/241 450/559/241 406/560/241
f 406/560/241 405/562/241 451/561/241
f 452/563/241 451/561/241 405/562/241
f 405/562/241 404/564/241 452/563/241
f 404/564/241 403/565/241 452/563/241
f 453/566/241 452/563/241 403/565/241
f 403/565/241 402/567/241 453/566/241
f 454/568/241 453/566/241 402/567/241
f 402/567/241 401/569/241 454/568/241
f 455/570/241 454/568/241 401/569/241
f 401/569/241 400/571/241 455/570/241
f 400/571/241 399/572/241 455/570/241
f 456/573/241 455/570/241 399/572/241
f 399/572/241 398/574/241 456/573/241
f 457/575/241 456/573/241 398/574/241
f 398/574/241 397/576/241 457/575/241
f 458/577/241 457/575/241 397/576/241
f 397/576/241 396/578/241 458/577/241
f 396/578/241 395/579/241 458/577/241
f 459/580/241 458/577/241 395/579/241
f 395/579/241 394/581/241 459/580/241
f 460/582/241 459/580/241 394/581/241
f 394/581/241 393/583/241 460/582/241
f 461/552/241 460/582/241 393/583/241
f 392/553/241 461/552/241 393/583/241
f 446/537/241 411/536/241 410/584/241
f 447/585/241 446/537/241 410/584/241
f 410/584/241 409/555/241 447/585/241
f 409/555/241 448/554/241 447/585/241
f 461/552/241 391/551/241 462/586/241
f 391/551/241 390/587/241 462/586/241
f 463/538/241 462/586/241 390/587/241
f 389/539/241 463/538/241 390/587/241
f 423/544/241 387/542/241 386/588/241
f 424/589/241 423/544/241 386/588/241
f 386/588/241 385/590/241 424/589/241
f 385/590/241 384/591/241 424/589/241
f 425/592/241 424/589/241 384/591/241
f 384/591/241 383/593/241 425/592/241
f 383/593/241 382/594/241 425/592/241
f 426/595/241 425/592/241 382/594/241
f 382/594/241 381/596/241 426/595/241
f 381/596/241 380/597/241 426/595/241
f 427/598/241 426/595/241 380/597/241
f 380/597/241 379/599/241 427/598/241
f 379/599/241 378/600/241 427/598/241
f 428/601/241 427/598/241 378/600/241
f 378/600/241 377/602/241 428/601/241
f 377/602/241 376/603/241 428/601/241
f 429/604/241 428/601/241 376/603/241
f 376/603/241 375/605/241 429/604/241
f 430/606/241 429/604/241 375/605/241
f 375/605/241 374/607/241 430/606/241
f 431/608/241 430/606/241 374/607/241
f 374/607/241 373/609/241 431/608/241
f 373/609/241 372/610/241 431/608/241
f 432/611/241 431/608/241 372/610/241
f 372/610/241 371/612/241 432/611/241
f 433/613/241 432/611/241 371/612/241
f 371/612/241 370/614/241 433/613/241
f 434/615/241 433/613/241 370/614/241
f 370/614/241 369/616/241 434/615/241
f 435/547/241 434/615/241 369/616/241
f 368/548/241 435/547/241 369/616/241
f 494/617/241 493/618/241 496/619/241
f 490/620/241 489/621/241 504/622/241
f 504/622/241 503/555/241 490/620/241
f 503/555/241 502/623/241 490/620/241
f 491/624/241 490/620/241 502/623/241
f 502/623/241 501/625/241 491/624/241
f 501/625/241 500/626/241 491/624/241
f 492/581/241 491/624/241 500/626/241
f 500/626/241 499/627/241 492/581/241
f 499/627/241 498/628/241 492/581/241
f 493/618/241 492/581/241 498/628/241
f 498/628/241 497/629/241 493/618/241
f 496/619/241 493/618/241 497/629/241
f 494/617/241 496/619/241 495/630/241
f 515/631/241 483/632/241 516/633/241
f 481/599/241 519/634/241 482/635/241
f 519/634/241 518/636/241 482/635/241
f 517/637/241 482/635/241 518/636/241
f 482/635/241 517/637/241 483/632/241
f 516/633/241 483/632/241 517/637/241
f 483/632/241 515/631/241 484/638/241
f 515/631/241 514/589/241 484/638/241
f 514/589/241 513/639/241 484/638/241
f 485/640/241 484/638/241 513/639/241
f 512/641/241 485/640/241 513/639/241
f 485/640/241 512/641/241 486/642/241
f 512/641/241 511/643/241 486/642/241
f 511/643/241 510/644/241 486/642/241
f 487/645/241 486/642/241 510/644/241
f 510/644/241 509/646/241 487/645/241
f 509/646/241 508/647/241 487/645/241
f 488/648/241 487/645/241 508/647/241
f 508/647/241 507/649/241 488/648/241
f 507/649/241 506/650/241 488/648/241
f 489/621/241 488/648/241 506/650/241
f 506/650/241 505/651/241 489/621/241
f 504/622/241 489/621/241 505/651/241
f 480/652/241 522/653/241 521/654/241
f 524/655/241 523/656/241 479/657/241
f 479/657/241 525/522/241 524/655/241
f 479/657/241 523/656/241 480/652/241
f 522/653/241 480/652/241 523/656/241
f 527/658/241 478/659/241 477/660/241
f 528/661/241 527/658/241 477/660/241
f 529/662/241 528/661/241 477/660/241
f 525/522/241 479/657/241 478/659/241
f 526/663/241 525/522/241 478/659/241
f 478/659/241 527/658/241 526/663/241
f 547/507/241 546/664/241 544/665/241
f 545/666/241 544/665/241 546/664/241
f 536/568/241 535/667/241 473/668/241
f 473/668/241 472/669/241 536/568/241
f 537/670/241 536/568/241 472/669/241
f 538/671/241 537/670/241 472/669/241
f 472/669/241 471/672/241 538/671/241
f 539/673/241 538/671/241 471/672/241
f 540/674/241 539/673/241 471/672/241
f 471/672/241 470/509/241 540/674/241
f 541/675/241 540/674/241 470/509/241
f 542/676/241 541/675/241 470/509/241
f 470/509/241 547/507/241 542/676/241
f 543/677/241 542/676/241 547/507/241
f 547/507/241 544/665/241 543/677/241
f 529/662/241 477/660/241 476/678/241
f 530/679/241 529/662/241 476/678/241
f 531/680/241 530/679/241 476/678/241
f 476/678/241 475/681/241 531/680/241
f 532/682/241 531/680/241 475/681/241
f 533/683/241 532/682/241 475/681/241
f 475/681/241 474/684/241 533/683/241
f 534/685/241 533/683/241 474/684/241
f 474/684/241 473/668/241 534/685/241
f 473/668/241 535/667/241 534/685/241
f 480/652/241 521/654/241 481/599/241
f 521/654/241 520/686/241 481/599/241
f 519/634/241 481/599/241 520/686/241
f 611/687/241 610/615/241 612/688/241
f 610/615/241 641/507/241 612/688/241
f 613/689/241 612/688/241 641/507/241
f 607/690/241 615/691/241 608/692/241
f 609/693/241 608/692/241 615/691/241
f 641/507/241 610/615/241 609/693/241
f 609/693/241 615/691/241 641/507/241
f 613/689/241 641/507/241 640/694/241
f 605/695/241 616/696/241 606/697/241
f 605/695/241 604/698/241 617/699/241
f 616/696/241 605/695/241 617/699/241
f 637/700/241 548/509/241 638/701/241
f 614/702/241 638/701/241 548/509/241
f 606/697/241 616/696/241 607/690/241
f 615/691/241 607/690/241 616/696/241
f 638/701/241 614/702/241 639/703/241
f 640/694/241 639/703/241 614/702/241
f 613/689/241 640/694/241 614/702/241
f 620/704/241 619/705/241 571/706/241
f 635/707/241 634/708/241 551/709/241
f 550/710/241 635/707/241 551/709/241
f 602/711/241 571/706/241 603/712/241
f 604/698/241 603/712/241 571/706/241
f 617/699/241 604/698/241 571/706/241
f 618/713/241 617/699/241 571/706/241
f 571/706/241 619/705/241 618/713/241
f 635/707/241 550/710/241 636/714/241
f 550/710/241 549/715/241 636/714/241
f 637/700/241 636/714/241 549/715/241
f 548/509/241 637/700/241 549/715/241
f 578/716/241 577/717/241 598/718/241
f 595/719/241 594/720/241 596/721/241
f 594/720/241 593/722/241 596/721/241
f 593/722/241 592/723/241 596/721/241
f 592/723/241 591/724/241 596/721/241
f 591/724/241 590/725/241 596/721/241
f 590/725/241 589/726/241 596/721/241
f 589/726/241 588/727/241 596/721/241
f 588/727/241 587/728/241 596/721/241
f 587/728/241 586/729/241 596/721/241
f 586/729/241 585/730/241 596/721/241
f 585/730/241 584/731/241 596/721/241
f 596/721/241 584/731/241 597/732/241
f 584/731/241 583/733/241 597/732/241
f 583/733/241 582/734/241 597/732/241
f 582/734/241 581/735/241 597/732/241
f 581/735/241 580/736/241 597/732/241
f 580/736/241 579/572/241 597/732/241
f 598/718/241 597/732/241 579/572/241
f 578/716/241 598/718/241 579/572/241
f 559/737/241 558/738/241 627/739/241
f 598/718/241 577/717/241 599/740/241
f 577/717/241 576/741/241 599/740/241
f 576/741/241 575/742/241 599/740/241
f 600/743/241 599/740/241 575/742/241
f 575/742/241 574/744/241 600/743/241
f 574/744/241 573/745/241 600/743/241
f 601/746/241 600/743/241 573/745/241
f 573/745/241 572/747/241 601/746/241
f 602/711/241 601/746/241 572/747/241
f 571/706/241 602/711/241 572/747/241
f 620/704/241 571/706/241 570/748/241
f 570/748/241 569/749/241 620/704/241
f 621/750/241 620/704/241 569/749/241
f 569/749/241 568/751/241 621/750/241
f 568/751/241 567/752/241 621/750/241
f 622/753/241 621/750/241 567/752/241
f 567/752/241 566/754/241 622/753/241
f 623/755/241 622/753/241 566/754/241
f 566/754/241 565/756/241 623/755/241
f 565/756/241 564/757/241 623/755/241
f 624/758/241 623/755/241 564/757/241
f 564/757/241 563/759/241 624/758/241
f 563/759/241 562/760/241 624/758/241
f 625/761/241 624/758/241 562/760/241
f 562/760/241 561/762/241 625/761/241
f 626/763/241 625/761/241 561/762/241
f 561/762/241 560/764/241 626/763/241
f 560/764/241 559/737/241 626/763/241
f 559/737/241 627/739/241 626/763/241
f 627/739/241 558/738/241 628/765/241
f 558/738/241 557/766/241 628/765/241
f 629/767/241 628/765/241 557/766/241
f 557/766/241 556/768/241 629/767/241
f 630/769/241 629/767/241 556/768/241
f 556/768/241 555/770/241 630/769/241
f 631/771/241 630/769/241 555/770/241
f 555/770/241 554/772/241 631/771/241
f 632/773/241 631/771/241 554/772/241
f 554/772/241 553/774/241 632/773/241
f 633/775/241 632/773/241 553/774/241
f 553/774/241 552/776/241 633/775/241
f 634/708/241 633/775/241 552/776/241
f 551/709/241 634/708/241 552/776/241
f 648/504/242 646/506/242 647/505/242
f 650/507/242 642/509/242 643/508/242
f 643/508/242 649/510/242 650/507/242
f 644/511/242 645/512/242 643/508/242
f 646/506/242 643/508/242 645/512/242
f 643/508/242 646/506/242 649/510/242
f 648/504/242 649/510/242 646/506/242
f 701/513/242 755/514/242 756/507/242
f 702/515/242 755/514/242 701/513/242
f 755/514/242 702/515/242 729/516/242
f 729/516/242 702/515/242 728/517/242
f 704/518/242 754/520/242 703/519/242
f 754/520/242 704/518/242 705/521/242
f 726/522/242 727/523/242 651/509/242
f 754/520/242 755/514/242 703/519/242
f 729/516/242 703/519/242 755/514/242
f 727/523/242 728/517/242 651/509/242
f 702/515/242 651/509/242 728/517/242
f 730/524/242 731/526/242 700/525/242
f 706/527/242 707/529/242 753/528/242
f 724/530/242 725/532/242 653/531/242
f 652/533/242 653/531/242 725/532/242
f 756/507/242 700/525/242 701/513/242
f 700/525/242 756/507/242 730/524/242
f 753/528/242 754/520/242 706/527/242
f 705/521/242 706/527/242 754/520/242
f 725/532/242 726/522/242 652/533/242
f 651/509/242 652/533/242 726/522/242
f 732/534/242 698/536/242 699/535/242
f 733/537/242 698/536/242 732/534/242
f 750/538/242 751/540/242 676/539/242
f 675/541/242 709/543/242 674/542/242
f 710/544/242 674/542/242 709/543/242
f 731/526/242 699/535/242 700/525/242
f 699/535/242 731/526/242 732/534/242
f 751/540/242 752/545/242 676/539/242
f 753/528/242 676/539/242 752/545/242
f 707/529/242 676/539/242 753/528/242
f 676/539/242 707/529/242 675/541/242
f 708/546/242 675/541/242 707/529/242
f 675/541/242 708/546/242 709/543/242
f 722/547/242 723/549/242 655/548/242
f 655/548/242 723/549/242 654/550/242
f 724/530/242 654/550/242 723/549/242
f 653/531/242 654/550/242 724/530/242
f 678/551/242 679/553/242 748/552/242
f 735/554/242 695/556/242 696/555/242
f 736/557/242 695/556/242 735/554/242
f 695/556/242 736/557/242 694/558/242
f 737/559/242 694/558/242 736/557/242
f 694/558/242 737/559/242 693/560/242
f 738/561/242 693/560/242 737/559/242
f 693/560/242 738/561/242 692/562/242
f 739/563/242 692/562/242 738/561/242
f 692/562/242 739/563/242 691/564/242
f 691/564/242 739/563/242 690/565/242
f 740/566/242 690/565/242 739/563/242
f 690/565/242 740/566/242 689/567/242
f 741/568/242 689/567/242 740/566/242
f 689/567/242 741/568/242 688/569/242
f 742/570/242 688/569/242 741/568/242
f 688/569/242 742/570/242 687/571/242
f 687/571/242 742/570/242 686/572/242
f 743/573/242 686/572/242 742/570/242
f 686/572/242 743/573/242 685/574/242
f 744/575/242 685/574/242 743/573/242
f 685/574/242 744/575/242 684/576/242
f 745/577/242 684/576/242 744/575/242
f 684/576/242 745/577/242 683/578/242
f 683/578/242 745/577/242 682/579/242
f 746/580/242 682/579/242 745/577/242
f 682/579/242 746/580/242 681/581/242
f 747/582/242 681/581/242 746/580/242
f 681/581/242 747/582/242 680/583/242
f 748/552/242 680/583/242 747/582/242
f 679/553/242 680/583/242 748/552/242
f 733/537/242 697/584/242 698/536/242
f 734/585/242 697/584/242 733/537/242
f 697/584/242 734/585/242 696/555/242
f 696/555/242 734/585/242 735/554/242
f 748/552/242 749/586/242 678/551/242
f 678/551/242 749/586/242 677/587/242
f 750/538/242 677/587/242 749/586/242
f 676/539/242 677/587/242 750/538/242
f 710/544/242 673/588/242 674/542/242
f 711/589/242 673/588/242 710/544/242
f 673/588/242 711/589/242 672/590/242
f 672/590/242 711/589/242 671/591/242
f 712/592/242 671/591/242 711/589/242
f 671/591/242 712/592/242 670/593/242
f 670/593/242 712/592/242 669/594/242
f 713/595/242 669/594/242 712/592/242
f 669/594/242 713/595/242 668/596/242
f 668/596/242 713/595/242 667/597/242
f 714/598/242 667/597/242 713/595/242
f 667/597/242 714/598/242 666/599/242
f 666/599/242 714/598/242 665/600/242
f 715/601/242 665/600/242 714/598/242
f 665/600/242 715/601/242 664/602/242
f 664/602/242 715/601/242 663/603/242
f 716/604/242 663/603/242 715/601/242
f 663/603/242 716/604/242 662/605/242
f 717/606/242 662/605/242 716/604/242
f 662/605/242 717/606/242 661/607/242
f 718/608/242 661/607/242 717/606/242
f 661/607/242 718/608/242 660/609/242
f 660/609/242 718/608/242 659/610/242
f 719/611/242 659/610/242 718/608/242
f 659/610/242 719/611/242 658/612/242
f 720/613/242 658/612/242 719/611/242
f 658/612/242 720/613/242 657/614/242
f 721/615/242 657/614/242 720/613/242
f 657/614/242 721/615/242 656/616/242
f 722/547/242 656/616/242 721/615/242
f 655/548/242 656/616/242 722/547/242
f 781/617/242 783/619/242 780/618/242
f 777/620/242 791/622/242 776/621/242
f 791/622/242 777/620/242 790/555/242
f 790/555/242 777/620/242 789/623/242
f 778/624/242 789/623/242 777/620/242
f 789/623/242 778/624/242 788/625/242
f 788/625/242 778/624/242 787/626/242
f 779/581/242 787/626/242 778/624/242
f 787/626/242 779/581/242 786/627/242
f 786/627/242 779/581/242 785/628/242
f 780/618/242 785/628/242 779/581/242
f 785/628/242 780/618/242 784/629/242
f 783/619/242 784/629/242 780/618/242
f 781/617/242 782/630/242 783/619/242
f 802/631/242 803/633/242 770/632/242
f 768/599/242 769/635/242 806/634/242
f 806/634/242 769/635/242 805/636/242
f 804/637/242 805/636/242 769/635/242
f 769/635/242 770/632/242 804/637/242
f 803/633/242 804/637/242 770/632/242
f 770/632/242 771/638/242 802/631/242
f 802/631/242 771/638/242 801/589/242
f 801/589/242 771/638/242 800/639/242
f 772/640/242 800/639/242 771/638/242
f 799/641/242 800/639/242 772/640/242
f 772/640/242 773/642/242 799/641/242
f 799/641/242 773/642/242 798/643/242
f 798/643/242 773/642/242 797/644/242
f 774/645/242 797/644/242 773/642/242
f 797/644/242 774/645/242 796/646/242
f 796/646/242 774/645/242 795/647/242
f 775/648/242 795/647/242 774/645/242
f 795/647/242 775/648/242 794/649/242
f 794/649/242 775/648/242 793/650/242
f 776/621/242 793/650/242 775/648/242
f 793/650/242 776/621/242 792/651/242
f 791/622/242 792/651/242 776/621/242
f 767/652/242 808/654/242 809/653/242
f 811/655/242 766/657/242 810/656/242
f 766/657/242 811/655/242 812/522/242
f 766/657/242 767/652/242 810/656/242
f 809/653/242 810/656/242 767/652/242
f 814/658/242 764/660/242 765/659/242
f 815/661/242 764/660/242 814/658/242
f 816/662/242 764/660/242 815/661/242
f 812/522/242 765/659/242 766/657/242
f 813/663/242 765/659/242 812/522/242
f 765/659/242 813/663/242 814/658/242
f 834/507/242 831/665/242 833/664/242
f 832/666/242 833/664/242 831/665/242
f 823/568/242 760/668/242 822/667/242
f 760/668/242 823/568/242 759/669/242
f 824/670/242 759/669/242 823/568/242
f 825/671/242 759/669/242 824/670/242
f 759/669/242 825/671/242 758/672/242
f 826/673/242 758/672/242 825/671/242
f 827/674/242 758/672/242 826/673/242
f 758/672/242 827/674/242 757/509/242
f 828/675/242 757/509/242 827/674/242
f 829/676/242 757/509/242 828/675/242
f 757/509/242 829/676/242 834/507/242
f 830/677/242 834/507/242 829/676/242
f 834/507/242 830/677/242 831/665/242
f 816/662/242 763/678/242 764/660/242
f 817/679/242 763/678/242 816/662/242
f 818/680/242 763/678/242 817/679/242
f 763/678/242 818/680/242 762/681/242
f 819/682/242 762/681/242 818/680/242
f 820/683/242 762/681/242 819/682/242
f 762/681/242 820/683/242 761/684/242
f 821/685/242 761/684/242 820/683/242
f 761/684/242 821/685/242 760/668/242
f 760/668/242 821/685/242 822/667/242
f 767/652/242 768/599/242 808/654/242
f 808/654/242 768/599/242 807/686/242
f 806/634/242 807/686/242 768/599/242
f 898/687/242 899/688/242 897/615/242
f 897/615/242 899/688/242 928/507/242
f 900/689/242 928/507/242 899/688/242
f 894/690/242 895/692/242 902/691/242
f 896/693/242 902/691/242 895/692/242
f 928/507/242 896/693/242 897/615/242
f 896/693/242 928/507/242 902/691/242
f 900/689/242 927/694/242 928/507/242
f 892/695/242 893/697/242 903/696/242
f 892/695/242 904/699/242 891/698/242
f 903/696/242 904/699/242 892/695/242
f 924/700/242 925/701/242 835/509/242
f 901/702/242 835/509/242 925/701/242
f 893/697/242 894/690/242 903/696/242
f 902/691/242 903/696/242 894/690/242
f 925/701/242 926/703/242 901/702/242
f 927/694/242 901/702/242 926/703/242
f 900/689/242 901/702/242 927/694/242
f 907/704/242 858/706/242 906/705/242
f 922/707/242 838/709/242 921/708/242
f 837/710/242 838/709/242 922/707/242
f 889/711/242 890/712/242 858/706/242
f 891/698/242 858/706/242 890/712/242
f 904/699/242 858/706/242 891/698/242
f 905/713/242 858/706/242 904/699/242
f 858/706/242 905/713/242 906/705/242
f 922/707/242 923/714/242 837/710/242
f 837/710/242 923/714/242 836/715/242
f 924/700/242 836/715/242 923/714/242
f 835/509/242 836/715/242 924/700/242
f 865/716/242 885/718/242 864/717/242
f 882/719/242 883/721/242 881/720/242
f 881/720/242 883/721/242 880/722/242
f 880/722/242 883/721/242 879/723/242
f 879/723/242 883/721/242 878/724/242
f 878/724/242 883/721/242 877/725/242
f 877/725/242 883/721/242 876/726/242
f 876/726/242 883/721/242 875/727/242
f 875/727/242 883/721/242 874/728/242
f 874/728/242 883/721/242 873/729/242
f 873/729/242 883/721/242 872/730/242
f 872/730/242 883/721/242 871/731/242
f 883/721/242 884/732/242 871/731/242
f 871/731/242 884/732/242 870/733/242
f 870/733/242 884/732/242 869/734/242
f 869/734/242 884/732/242 868/735/242
f 868/735/242 884/732/242 867/736/242
f 867/736/242 884/732/242 866/572/242
f 885/718/242 866/572/242 884/732/242
f 865/716/242 866/572/242 885/718/242
f 846/737/242 914/739/242 845/738/242
f 885/718/242 886/740/242 864/717/242
f 864/717/242 886/740/242 863/741/242
f 863/741/242 886/740/242 862/742/242
f 887/743/242 862/742/242 886/740/242
f 862/742/242 887/743/242 861/744/242
f 861/744/242 887/743/242 860/745/242
f 888/746/242 860/745/242 887/743/242
f 860/745/242 888/746/242 859/747/242
f 889/711/242 859/747/242 888/746/242
f 858/706/242 859/747/242 889/711/242
f 907/704/242 857/748/242 858/706/242
f 857/748/242 907/704/242 856/749/242
f 908/750/242 856/749/242 907/704/242
f 856/749/242 908/750/242 855/751/242
f 855/751/242 908/750/242 854/752/242
f 909/753/242 854/752/242 908/750/242
f 854/752/242 909/753/242 853/754/242
f 910/755/242 853/754/242 909/753/242
f 853/754/242 910/755/242 852/756/242
f 852/756/242 910/755/242 851/757/242
f 911/758/242 851/757/242 910/755/242
f 851/757/242 911/758/242 850/759/242
f 850/759/242 911/758/242 849/760/242
f 912/761/242 849/760/242 911/758/242
f 849/760/242 912/761/242 848/762/242
f 913/763/242 848/762/242 912/761/242
f 848/762/242 913/763/242 847/764/242
f 847/764/242 913/763/242 846/737/242
f 846/737/242 913/763/242 914/739/242
f 914/739/242 915/765/242 845/738/242
f 845/738/242 915/765/242 844/766/242
f 916/767/242 844/766/242 915/765/242
f 844/766/242 916/767/242 843/768/242
f 917/769/242 843/768/242 916/767/242
f 843/768/242 917/769/242 842/770/242
f 918/771/242 842/770/242 917/769/242
f 842/770/242 918/771/242 841/772/242
f 919/773/242 841/772/242 918/771/242
f 841/772/242 919/773/242 840/774/242
f 920/775/242 840/774/242 919/773/242
f 840/774/242 920/775/242 839/776/242
f 921/708/242 839/776/242 920/775/242
f 838/709/242 839/776/242 921/708/242
s 1
f 930/777/243 942/778/244 941/779/245 929/509/246
f 931/780/247 943/781/248 942/778/244 930/777/243
f 932/782/249 944/783/250 943/781/248 931/780/247
f 933/784/251 945/785/252 944/783/250 932/782/249
f 934/786/253 946/787/254 945/785/252 933/784/251
f 935/788/255 947/789/256 946/787/254 934/786/253
f 936/790/257 948/791/258 947/789/256 935/788/255
f 937/792/259 949/793/260 948/791/258 936/790/257
f 938/794/261 950/795/262 949/793/260 937/792/259
f 939/796/263 951/797/264 950/795/262 938/794/261
f 940/798/265 952/799/266 951/797/264 939/796/263
f 942/778/244 954/800/267 953/801/268 941/779/245
f 943/781/248 955/802/269 954/800/267 942/778/244
f 944/783/250 956/803/270 955/802/269 943/781/248
f 945/785/252 957/804/271 956/803/270 944/783/250
f 946/787/254 958/805/272 957/804/271 945/785/252
f 947/789/256 959/806/273 958/805/272 946/787/254
f 948/791/258 960/807/274 959/806/273 947/789/256
f 949/793/260 961/808/275 960/807/274 948/791/258
f 950/795/262 962/809/276 961/808/275 949/793/260
f 951/797/264 963/810/277 962/809/276 950/795/262
f 952/799/266 964/811/278 963/810/277 951/797/264
f 954/800/267 966/812/279 965/813/280 953/801/268
f 955/802/269 967/814/281 966/812/279 954/800/267
f 956/803/270 968/815/282 967/814/281 955/802/269
f 957/804/271 969/816/283 968/815/282 956/803/270
f 958/805/272 970/817/284 969/816/283 957/804/271
f 959/806/273 971/818/285 970/817/284 958/805/272
f 960/807/274 972/819/286 971/818/285 959/806/273
f 961/808/275 973/820/287 972/819/286 960/807/274
f 962/809/276 974/821/288 973/820/287 961/808/275
f 963/810/277 975/822/289 974/821/288 962/809/276
f 964/811/278 976/823/290 975/822/289 963/810/277
f 966/812/279 978/824/291 977/825/292 965/813/280
f 967/814/281 979/826/293 978/824/291 966/812/279
f 968/815/282 980/827/294 979/826/293 967/814/281
f 969/816/283 981/828/295 980/827/294 968/815/282
f 970/817/284 982/829/296 981/828/295 969/816/283
f 971/818/285 983/830/297 982/829/296 970/817/284
f 972/819/286 984/831/298 983/830/297 971/818/285
f 973/820/287 985/832/299 984/831/298 972/819/286
f 974/821/288 986/833/300 985/832/299 973/820/287
f 975/822/289 987/834/301 986/833/300 974/821/288
f 976/823/290 988/835/302 987/834/301 975/822/289
f 978/824/291 990/836/303 989/837/304 977/825/292
f 979/826/293 991/838/305 990/836/303 978/824/291
f 980/827/294 992/839/306 991/838/305 979/826/293
f 981/828/295 993/840/307 992/839/306 980/827/294
f 982/829/296 994/841/308 993/840/307 981/828/295
f 983/830/297 995/842/309 994/841/308 982/829/296
f 984/831/298 996/843/310 995/842/309 983/830/297
f 985/832/299 997/844/311 996/843/310 984/831/298
f 986/833/300 998/845/312 997/844/311 985/832/299
f 987/834/301 999/846/313 998/845/312 986/833/300
f 988/835/302 1000/847/314 999/846/313 987/834/301
f 990/836/303 1002/848/315 1001/849/316 989/837/304
f 991/838/305 1003/850/317 1002/848/315 990/836/303
f 992/839/306 1004/851/318 1003/850/317 991/838/305
f 993/840/307 1005/852/319 1004/851/318 992/839/306
f 994/841/308 1006/853/320 1005/852/319 993/840/307
f 995/842/309 1007/854/321 1006/853/320 994/841/308
f 996/843/310 1008/855/322 1007/854/321 995/842/309
f 997/844/311 1009/856/323 1008/855/322 996/843/310
f 998/845/312 1010/857/324 1009/856/323 997/844/311
f 999/846/313 1011/858/325 1010/857/324 998/845/312
f 1000/847/314 1012/859/326 1011/858/325 999/846/313
f 1002/848/315 1014/860/327 1013/861/328 1001/849/316
f 1003/850/317 1015/862/329 1014/860/327 1002/848/315
f 1004/851/318 1016/863/330 1015/862/329 1003/850/317
f 1005/852/319 1017/864/331 1016/863/330 1004/851/318
f 1006/853/320 1018/865/332 1017/864/331 1005/852/319
f 1007/854/321 1019/866/333 1018/865/332 1006/853/320
f 1008/855/322 1020/867/334 1019/866/333 1007/854/321
f 1009/856/323 1021/868/335 1020/867/334 1008/855/322
f 1010/857/324 1022/869/336 1021/868/335 1009/856/323
f 1011/858/325 1023/870/337 1022/869/336 1010/857/324
f 1012/859/326 1024/871/338 1023/870/337 1011/858/325
f 1014/860/327 1026/872/339 1025/873/340 1013/861/328
f 1015/862/329 1027/874/341 1026/872/339 1014/860/327
f 1016/863/330 1028/875/342 1027/874/341 1015/862/329
f 1017/864/331 1029/876/343 1028/875/342 1016/863/330
f 1018/865/332 1030/877/344 1029/876/343 1017/864/331
f 1019/866/333 1031/878/345 1030/877/344 1018/865/332
f 1020/867/334 1032/879/346 1031/878/345 1019/866/333
f 1021/868/335 1033/880/347 1032/879/346 1020/867/334
f 1022/869/336 1034/881/348 1033/880/347 1021/868/335
f 1023/870/337 1035/882/349 1034/881/348 1022/869/336
f 1024/871/338 1036/883/350 1035/882/349 1023/870/337
f 1026/872/339 1038/884/351 1037/885/352 1025/873/340
f 1027/874/341 1039/886/353 1038/884/351 1026/872/339
f 1028/875/342 1040/887/354 1039/886/353 1027/874/341
f 1029/876/343 1041/888/355 1040/887/354 1028/875/342
f 1030/877/344 1042/889/356 1041/888/355 1029/876/343
f 1031/878/345 1043/890/357 1042/889/356 1030/877/344
f 1032/879/346 1044/891/358 1043/890/357 1031/878/345
f 1033/880/347 1045/892/359 1044/891/358 1032/879/346
f 1034/881/348 1046/893/360 1045/892/359 1033/880/347
f 1035/882/349 1047/894/361 1046/893/360 1034/881/348
f 1036/883/350 1048/895/362 1047/894/361 1035/882/349
f 1038/884/351 1050/896/363 1049/897/364 1037/885/352
f 1039/886/353 1051/898/365 1050/896/363 1038/884/351
f 1040/887/354 1052/899/366 1051/898/365 1039/886/353
f 1041/888/355 1053/900/367 1052/899/366 1040/887/354
f 1042/889/356 1054/901/368 1053/900/367 1041/888/355
f 1043/890/357 1055/902/369 1054/901/368 1042/889/356
f 1044/891/358 1056/903/370 1055/902/369 1043/890/357
f 1045/892/359 1057/904/371 1056/903/370 1044/891/358
f 1046/893/360 1058/905/372 1057/904/371 1045/892/359
f 1047/894/361 1059/906/373 1058/905/372 1046/893/360
f 1048/895/362 1060/907/374 1059/906/373 1047/894/361
f 1050/896/363 1062/908/375 1061/909/376 1049/897/364
f 1051/898/365 1063/910/377 1062/908/375 1050/896/363
f 1052/899/366 1064/911/378 1063/910/377 1051/898/365
f 1053/900/367 1065/912/379 1064/911/378 1052/899/366
f 1054/901/368 1066/913/380 1065/912/379 1053/900/367
f 1055/902/369 1067/914/381 1066/913/380 1054/901/368
f 1056/903/370 1068/915/382 1067/914/381 1055/902/369
f 1057/904/371 1069/916/383 1068/915/382 1056/903/370
f 1058/905/372 1070/917/384 1069/916/383 1057/904/371
f 1059/906/373 1071/918/385 1070/917/384 1058/905/372
f 1060/907/374 1072/919/386 1071/918/385 1059/906/373
f 1062/908/375 1074/920/387 1073/921/388 1061/909/376
f 1063/910/377 1075/922/389 1074/920/387 1062/908/375
f 1064/911/378 1076/923/390 1075/922/389 1063/910/377
f 1065/912/379 1077/924/391 1076/923/390 1064/911/378
f 1066/913/380 1078/925/392 1077/924/391 1065/912/379
f 1067/914/381 1079/926/393 1078/925/392 1066/913/380
f 1068/915/382 1080/927/394 1079/926/393 1067/914/381
f 1069/916/383 1081/928/395 1080/927/394 1068/915/382
f 1070/917/384 1082/929/396 1081/928/395 1069/916/383
f 1071/918/385 1083/930/397 1082/929/396 1070/917/384
f 1072/919/386 1084/931/398 1083/930/397 1071/918/385
f 1074/920/387 1086/932/399 1085/933/400 1073/921/388
f 1075/922/389 1087/934/401 1086/932/399 1074/920/387
f 1076/923/390 1088/935/402 1087/934/401 1075/922/389
f 1077/924/391 1089/936/403 1088/935/402 1076/923/390
f 1078/925/392 1090/937/404 1089/936/403 1077/924/391
f 1079/926/393 1091/938/405 1090/937/404 1078/925/392
f 1080/927/394 1092/939/406 1091/938/405 1079/926/393
f 1081/928/395 1093/940/407 1092/939/406 1080/927/394
f 1082/929/396 1094/941/408 1093/940/407 1081/928/395
f 1083/930/397 1095/942/409 1094/941/408 1082/929/396
f 1084/931/398 1096/943/410 1095/942/409 1083/930/397
f 1086/932/399 1098/944/411 1097/945/412 1085/933/400
f 1087/934/401 1099/946/413 1098/944/411 1086/932/399
f 1088/935/402 1100/947/414 1099/946/413 1087/934/401
f 1089/936/403 1101/948/415 1100/947/414 1088/935/402
f 1090/937/404 1102/949/416 1101/948/415 1089/936/403
f 1091/938/405 1103/950/417 1102/949/416 1090/937/404
f 1092/939/406 1104/951/418 1103/950/417 1091/938/405
f 1093/940/407 1105/952/419 1104/951/418 1092/939/406
f 1094/941/408 1106/953/420 1105/952/419 1093/940/407
f 1095/942/409 1107/954/421 1106/953/420 1094/941/408
f 1096/943/410 1108/955/422 1107/954/421 1095/942/409
f 1098/944/411 1110/956/423 1109/957/424 1097/945/412
f 1099/946/413 1111/958/425 1110/956/423 1098/944/411
f 1100/947/414 1112/959/426 1111/958/425 1099/946/413
f 1101/948/415 1113/960/427 1112/959/426 1100/947/414
f 1102/949/416 1114/961/428 1113/960/427 1101/948/415
f 1103/950/417 1115/962/429 1114/961/428 1102/949/416
f 1104/951/418 1116/963/430 1115/962/429 1103/950/417
f 1105/952/419 1117/964/431 1116/963/430 1104/951/418
f 1106/953/420 1118/965/432 1117/964/431 1105/952/419
f 1107/954/421 1119/966/433 1118/965/432 1106/953/420
f 1108/955/422 1120/967/434 1119/966/433 1107/954/421
f 1110/956/423 1122/968/435 1121/969/436 1109/957/424
f 1111/958/425 1123/970/437 1122/968/435 1110/956/423
f 1112/959/426 1124/971/438 1123/970/437 1111/958/425
f 1113/960/427 1125/972/439 1124/971/438 1112/959/426
f 1114/961/428 1126/973/440 1125/972/439 1113/960/427
f 1115/962/429 1127/974/441 1126/973/440 1114/961/428
f 1116/963/430 1128/975/442 1127/974/441 1115/962/429
f 1117/964/431 1129/976/443 1128/975/442 1116/963/430
f 1118/965/432 1130/977/444 1129/976/443 1117/964/431
f 1119/966/433 1131/978/445 1130/977/444 1118/965/432
f 1120/967/434 1132/979/446 1131/978/445 1119/966/433
f 1122/968/435 1134/980/447 1133/981/448 1121/969/436
f 1123/970/437 1135/982/449 1134/980/447 1122/968/435
f 1124/971/438 1136/983/450 1135/982/449 1123/970/437
f 1125/972/439 1137/984/451 1136/983/450 1124/971/438
f 1126/973/440 1138/985/452 1137/984/451 1125/972/439
f 1127/974/441 1139/986/453 1138/985/452 1126/973/440
f 1128/975/442 1140/987/454 1139/986/453 1127/974/441
f 1129/976/443 1141/988/455 1140/987/454 1128/975/442
f 1130/977/444 1142/989/456 1141/988/455 1129/976/443
f 1131/978/445 1143/990/457 1142/989/456 1130/977/444
f 1132/979/446 1144/991/458 1143/990/457 1131/978/445
f 1134/980/447 1146/992/459 1145/993/460 1133/981/448
f 1135/982/449 1147/994/461 1146/992/459 1134/980/447
f 1136/983/450 1148/995/462 1147/994/461 1135/982/449
f 1137/984/451 1149/996/463 1148/995/462 1136/983/450
f 1138/985/452 1150/997/464 1149/996/463 1137/984/451
f 1139/986/453 1151/998/465 1150/997/464 1138/985/452
f 1140/987/454 1152/999/466 1151/998/465 1139/986/453
f 1141/988/455 1153/1000/467 1152/999/466 1140/987/454
f 1142/989/456 1154/1001/468 1153/1000/467 1141/988/455
f 1143/990/457 1155/1002/469 1154/1001/468 1142/989/456
f 1144/991/458 1156/1003/470 1155/1002/469 1143/990/457
f 1146/992/459 1158/1004/471 1157/1005/472 1145/993/460
f 1147/994/461 1159/1006/473 1158/1004/471 1146/992/459
f 1148/995/462 1160/1007/474 1159/1006/473 1147/994/461
f 1149/996/463 1161/1008/475 1160/1007/474 1148/995/462
f 1150/997/464 1162/1009/476 1161/1008/475 1149/996/463
f 1151/998/465 1163/1010/477 1162/1009/476 1150/997/464
f 1152/999/466 1164/1011/478 1163/1010/477 1151/998/465
f 1153/1000/467 1165/1012/479 1164/1011/478 1152/999/466
f 1154/1001/468 1166/1013/480 1165/1012/479 1153/1000/467
f 1155/1002/469 1167/1014/481 1166/1013/480 1154/1001/468
f 1156/1003/470 1168/1015/482 1167/1014/481 1155/1002/469
f 1158/1004/471 1170/1016/483 1169/1017/484 1157/1005/472
f 1159/1006/473 1171/1018/485 1170/1016/483 1158/1004/471
f 1160/1007/474 1172/1019/486 1171/1018/485 1159/1006/473
f 1161/1008/475 1173/1020/487 1172/1019/486 1160/1007/474
f 1162/1009/476 1174/1021/488 1173/1020/487 1161/1008/475
f 1163/1010/477 1175/1022/489 1174/1021/488 1162/1009/476
f 1164/1011/478 1176/1023/490 1175/1022/489 1163/1010/477
f 1165/1012/479 1177/1024/491 1176/1023/490 1164/1011/478
f 1166/1013/480 1178/1025/492 1177/1024/491 1165/1012/479
f 1167/1014/481 1179/1026/493 1178/1025/492 1166/1013/480
f 1168/1015/482 1180/1027/494 1179/1026/493 1167/1014/481
f 1170/1016/483 1182/1028/495 1181/1029/496 1169/1017/484
f 1171/1018/485 1183/1030/497 1182/1028/495 1170/1016/483
f 1172/1019/486 1184/1031/498 1183/1030/497 1171/1018/485
f 1173/1020/487 1185/1032/499 1184/1031/498 1172/1019/486
f 1174/1021/488 1186/1033/500 1185/1032/499 1173/1020/487
f 1175/1022/489 1187/1034/501 1186/1033/500 1174/1021/488
f 1176/1023/490 1188/1035/502 1187/1034/501 1175/1022/489
f 1177/1024/491 1189/1036/503 1188/1035/502 1176/1023/490
f 1178/1025/492 1190/1037/504 1189/1036/503 1177/1024/491
f 1179/1026/493 1191/1038/505 1190/1037/504 1178/1025/492
f 1180/1027/494 1192/1039/506 1191/1038/505 1179/1026/493
f 1182/1028/495 1194/1040/507 1193/1041/508 1181/1029/496
f 1183/1030/497 1195/1042/509 1194/1040/507 1182/1028/495
f 1184/1031/498 1196/1043/510 1195/1042/509 1183/1030/497
f 1185/1032/499 1197/1044/511 1196/1043/510 1184/1031/498
f 1186/1033/500 1198/1045/512 1197/1044/511 1185/1032/499
f 1187/1034/501 1199/1046/513 1198/1045/512 1186/1033/500
f 1188/1035/502 1200/1047/514 1199/1046/513 1187/1034/501
f 1189/1036/503 1201/1048/515 1200/1047/514 1188/1035/502
f 1190/1037/504 1202/1049/516 1201/1048/515 1189/1036/503
f 1191/1038/505 1203/1050/517 1202/1049/516 1190/1037/504
f 1192/1039/506 1204/1051/518 1203/1050/517 1191/1038/505
f 1194/1040/507 1206/1052/519 1205/1053/520 1193/1041/508
f 1195/1042/509 1207/1054/521 1206/1052/519 1194/1040/507
f 1196/1043/510 1208/1055/522 1207/1054/521 1195/1042/509
f 1197/1044/511 1209/1056/523 1208/1055/522 1196/1043/510
f 1198/1045/512 1210/1057/524 1209/1056/523 1197/1044/511
f 1199/1046/513 1211/1058/525 1210/1057/524 1198/1045/512
f 1200/1047/514 1212/1059/526 1211/1058/525 1199/1046/513
f 1201/1048/515 1213/1060/527 1212/1059/526 1200/1047/514
f 1202/1049/516 1214/1061/528 1213/1060/527 1201/1048/515
f 1203/1050/517 1215/1062/529 1214/1061/528 1202/1049/516
f 1204/1051/518 1216/1063/530 1215/1062/529 1203/1050/517
f 1206/1052/519 1218/1064/531 1217/1065/532 1205/1053/520
f 1207/1054/521 1219/1066/533 1218/1064/531 1206/1052/519
f 1208/1055/522 1220/1067/534 1219/1066/533 1207/1054/521
f 1209/1056/523 1221/1068/535 1220/1067/534 1208/1055/522
f 1210/1057/524 1222/1069/536 1221/1068/535 1209/1056/523
f 1211/1058/525 1223/1070/537 1222/1069/536 1210/1057/524
f 1212/1059/526 1224/1071/538 1223/1070/537 1211/1058/525
f 1213/1060/527 1225/1072/539 1224/1071/538 1212/1059/526
f 1214/1061/528 1226/1073/540 1225/1072/539 1213/1060/527
f 1215/1062/529 1227/1074/541 1226/1073/540 1214/1061/528
f 1216/1063/530 1228/1075/542 1227/1074/541 1215/1062/529
f 1218/1064/531 1230/1076/543 1229/1077/544 1217/1065/532
f 1219/1066/533 1231/1078/545 1230/1076/543 1218/1064/531
f 1220/1067/534 1232/1079/546 1231/1078/545 1219/1066/533
f 1221/1068/535 1233/1080/547 1232/1079/546 1220/1067/534
f 1222/1069/536 1234/1081/548 1233/1080/547 1221/1068/535
f 1223/1070/537 1235/1082/549 1234/1081/548 1222/1069/536
f 1224/1071/538 1236/1083/550 1235/1082/549 1223/1070/537
f 1225/1072/539 1237/1084/551 1236/1083/550 1224/1071/538
f 1226/1073/540 1238/1085/552 1237/1084/551 1225/1072/539
f 1227/1074/541 1239/1086/553 1238/1085/552 1226/1073/540
f 1228/1075/542 1240/1087/554 1239/1086/553 1227/1074/541
f 1230/1076/543 1242/1088/555 1241/1089/556 1229/1077/544
f 1231/1078/545 1243/1090/557 1242/1088/555 1230/1076/543
f 1232/1079/546 1244/1091/558 1243/1090/557 1231/1078/545
f 1233/1080/547 1245/1092/559 1244/1091/558 1232/1079/546
f 1234/1081/548 1246/1093/560 1245/1092/559 1233/1080/547
f 1235/1082/549 1247/1094/561 1246/1093/560 1234/1081/548
f 1236/1083/550 1248/1095/562 1247/1094/561 1235/1082/549
f 1237/1084/551 1249/1096/563 1248/1095/562 1236/1083/550
f 1238/1085/552 1250/1097/564 1249/1096/563 1237/1084/551
f 1239/1086/553 1251/1098/565 1250/1097/564 1238/1085/552
f 1240/1087/554 1252/1099/566 1251/1098/565 1239/1086/553
f 1242/1088/555 1254/1100/567 1253/1101/568 1241/1089/556
f 1243/1090/557 1255/1102/569 1254/1100/567 1242/1088/555
f 1244/1091/558 1256/1103/570 1255/1102/569 1243/1090/557
f 1245/1092/559 1257/1104/571 1256/1103/570 1244/1091/558
f 1246/1093/560 1258/1105/572 1257/1104/571 1245/1092/559
f 1247/1094/561 1259/1106/573 1258/1105/572 1246/1093/560
f 1248/1095/562 1260/1107/574 1259/1106/573 1247/1094/561
f 1249/1096/563 1261/1108/575 1260/1107/574 1248/1095/562
f 1250/1097/564 1262/1109/576 1261/1108/575 1249/1096/563
f 1251/1098/565 1263/1110/577 1262/1109/576 1250/1097/564
f 1252/1099/566 1264/1111/578 1263/1110/577 1251/1098/565
f 1254/1100/567 1266/1112/579 1265/1113/580 1253/1101/568
f 1255/1102/569 1267/1114/581 1266/1112/579 1254/1100/567
f 1256/1103/570 1268/1115/582 1267/1114/581 1255/1102/569
f 1257/1104/571 1269/1116/583 1268/1115/582 1256/1103/570
f 1258/1105/572 1270/1117/584 1269/1116/583 1257/1104/571
f 1259/1106/573 1271/1118/585 1270/1117/584 1258/1105/572
f 1260/1107/574 1272/1119/586 1271/1118/585 1259/1106/573
f 1261/1108/575 1273/1120/587 1272/1119/586 1260/1107/574
f 1262/1109/576 1274/1121/588 1273/1120/587 1261/1108/575
f 1263/1110/577 1275/1122/589 1274/1121/588 1262/1109/576
f 1264/1111/578 1276/1123/590 1275/1122/589 1263/1110/577
f 1266/1112/579 1278/1124/591 1277/1125/592 1265/1113/580
f 1267/1114/581 1279/1126/593 1278/1124/591 1266/1112/579
f 1268/1115/582 1280/1127/594 1279/1126/593 1267/1114/581
f 1269/1116/583 1281/1128/595 1280/1127/594 1268/1115/582
f 1270/1117/584 1282/1129/596 1281/1128/595 1269/1116/583
f 1271/1118/585 1283/1130/597 1282/1129/596 1270/1117/584
f 1272/1119/586 1284/1131/598 1283/1130/597 1271/1118/585
f 1273/1120/587 1285/1132/599 1284/1131/598 1272/1119/586
f 1274/1121/588 1286/1133/600 1285/1132/599 1273/1120/587
f 1275/1122/589 1287/1134/601 1286/1133/600 1274/1121/588
f 1276/1123/590 1288/1135/602 1287/1134/601 1275/1122/589
f 1278/1124/591 1290/1136/603 1289/1137/604 1277/1125/592
f 1279/1126/593 1291/1138/605 1290/1136/603 1278/1124/591
f 1280/1127/594 1292/1139/606 1291/1138/605 1279/1126/593
f 1281/1128/595 1293/1140/607 1292/1139/606 1280/1127/594
f 1282/1129/596 1294/1141/608 1293/1140/607 1281/1128/595
f 1283/1130/597 1295/1142/609 1294/1141/608 1282/1129/596
f 1284/1131/598 1296/1143/610 1295/1142/609 1283/1130/597
f 1285/1132/599 1297/1144/611 1296/1143/610 1284/1131/598
f 1286/1133/600 1298/1145/612 1297/1144/611 1285/1132/599
f 1287/1134/601 1299/1146/613 1298/1145/612 1286/1133/600
f 1288/1135/602 1300/1147/614 1299/1146/613 1287/1134/601
f 1290/1136/603 1302/1148/615 1301/1149/616 1289/1137/604
f 1291/1138/605 1303/1150/617 1302/1148/615 1290/1136/603
f 1292/1139/606 1304/1151/618 1303/1150/617 1291/1138/605
f 1293/1140/607 1305/1152/619 1304/1151/618 1292/1139/606
f 1294/1141/608 1306/1153/620 1305/1152/619 1293/1140/607
f 1295/1142/609 1307/1154/621 1306/1153/620 1294/1141/608
f 1296/1143/610 1308/1155/622 1307/1154/621 1295/1142/609
f 1297/1144/611 1309/1156/623 1308/1155/622 1296/1143/610
f 1298/1145/612 1310/1157/624 1309/1156/623 1297/1144/611
f 1299/1146/613 1311/1158/625 1310/1157/624 1298/1145/612
f 1300/1147/614 1312/1159/626 1311/1158/625 1299/1146/613
f 1302/1148/615 1314/1160/627 1313/1161/628 1301/1149/616
f 1303/1150/617 1315/1162/629 1314/1160/627 1302/1148/615
f 1304/1151/618 1316/1163/630 1315/1162/629 1303/1150/617
f 1305/1152/619 1317/1164/631 1316/1163/630 1304/1151/618
f 1306/1153/620 1318/1165/632 1317/1164/631 1305/1152/619
f 1307/1154/621 1319/1166/633 1318/1165/632 1306/1153/620
f 1308/1155/622 1320/1167/634 1319/1166/633 1307/1154/621
f 1309/1156/623 1321/1168/635 1320/1167/634 1308/1155/622
f 1310/1157/624 1322/1169/636 1321/1168/635 1309/1156/623
f 1311/1158/625 1323/1170/637 1322/1169/636 1310/1157/624
f 1312/1159/626 1324/1171/638 1323/1170/637 1311/1158/625
f 1314/1160/627 1326/1172/639 1325/1173/640 1313/1161/628
f 1315/1162/629 1327/1174/641 1326/1172/639 1314/1160/627
f 1316/1163/630 1328/1175/642 1327/1174/641 1315/1162/629
f 1317/1164/631 1329/1176/643 1328/1175/642 1316/1163/630
f 1318/1165/632 1330/1177/644 1329/1176/643 1317/1164/631
f 1319/1166/633 1331/1178/645 1330/1177/644 1318/1165/632
f 1320/1167/634 1332/1179/646 1331/1178/645 1319/1166/633
f 1321/1168/635 1333/1180/647 1332/1179/646 1320/1167/634
f 1322/1169/636 1334/1181/648 1333/1180/647 1321/1168/635
f 1323/1170/637 1335/1182/649 1334/1181/648 1322/1169/636
f 1324/1171/638 1336/1183/650 1335/1182/649 1323/1170/637
f 1326/1172/639 1338/1184/651 1337/1185/652 1325/1173/640
f 1327/1174/641 1339/1186/653 1338/1184/651 1326/1172/639
f 1328/1175/642 1340/1187/654 1339/1186/653 1327/1174/641
f 1329/1176/643 1341/1188/655 1340/1187/654 1328/1175/642
f 1330/1177/644 1342/1189/656 1341/1188/655 1329/1176/643
f 1331/1178/645 1343/1190/657 1342/1189/656 1330/1177/644
f 1332/1179/646 1344/1191/658 1343/1190/657 1331/1178/645
f 1333/1180/647 1345/1192/659 1344/1191/658 1332/1179/646
f 1334/1181/648 1346/1193/660 1345/1192/659 1333/1180/647
f 1335/1182/649 1347/1194/661 1346/1193/660 1334/1181/648
f 1336/1183/650 1348/1195/662 1347/1194/661 1335/1182/649
f 1338/1184/651 1350/1196/663 1349/1197/664 1337/1185/652
f 1339/1186/653 1351/1198/665 1350/1196/663 1338/1184/651
f 1340/1187/654 1352/1199/666 1351/1198/665 1339/1186/653
f 1341/1188/655 1353/1200/667 1352/1199/666 1340/1187/654
f 1342/1189/656 1354/1201/668 1353/1200/667 1341/1188/655
f 1343/1190/657 1355/1202/669 1354/1201/668 1342/1189/656
f 1344/1191/658 1356/1203/670 1355/1202/669 1343/1190/657
f 1345/1192/659 1357/1204/671 1356/1203/670 1344/1191/658
f 1346/1193/660 1358/1205/672 1357/1204/671 1345/1192/659
f 1347/1194/661 1359/1206/673 1358/1205/672 1346/1193/660
f 1348/1195/662 1360/1207/674 1359/1206/673 1347/1194/661
f 1350/1196/663 1362/1208/675 1361/1209/676 1349/1197/664
f 1351/1198/665 1363/1210/677 1362/1208/675 1350/1196/663
f 1352/1199/666 1364/1211/678 1363/1210/677 1351/1198/665
f 1353/1200/667 1365/1212/679 1364/1211/678 1352/1199/666
f 1354/1201/668 1366/1213/680 1365/1212/679 1353/1200/667
f 1355/1202/669 1367/1214/681 1366/1213/680 1354/1201/668
f 1356/1203/670 1368/1215/682 1367/1214/681 1355/1202/669
f 1357/1204/671 1369/1216/683 1368/1215/682 1356/1203/670
f 1358/1205/672 1370/1217/684 1369/1216/683 1357/1204/671
f 1359/1206/673 1371/1218/685 1370/1217/684 1358/1205/672
f 1360/1207/674 1372/1219/686 1371/1218/685 1359/1206/673
f 1362/1208/675 1374/1220/687 1373/1221/688 1361/1209/676
f 1363/1210/677 1375/1222/689 1374/1220/687 1362/1208/675
f 1364/1211/678 1376/1223/690 1375/1222/689 1363/1210/677
f 1365/1212/679 1377/1224/691 1376/1223/690 1364/1211/678
f 1366/1213/680 1378/1225/692 1377/1224/691 1365/1212/679
f 1367/1214/681 1379/1226/693 1378/1225/692 1366/1213/680
f 1368/1215/682 1380/1227/694 1379/1226/693 1367/1214/681
f 1369/1216/683 1381/1228/695 1380/1227/694 1368/1215/682
f 1370/1217/684 1382/1229/696 1381/1228/695 1369/1216/683
f 1371/1218/685 1383/1230/697 1382/1229/696 1370/1217/684
f 1372/1219/686 1384/1231/698 1383/1230/697 1371/1218/685
f 1374/1220/687 1386/1232/699 1385/1233/700 1373/1221/688
f 1375/1222/689 1387/1234/701 1386/1232/699 1374/1220/687
f 1376/1223/690 1388/1235/702 1387/1234/701 1375/1222/689
f 1377/1224/691 1389/1236/703 1388/1235/702 1376/1223/690
f 1378/1225/692 1390/1237/704 1389/1236/703 1377/1224/691
f 1379/1226/693 1391/1238/705 1390/1237/704 1378/1225/692
f 1380/1227/694 1392/1239/706 1391/1238/705 1379/1226/693
f 1381/1228/695 1393/1240/707 1392/1239/706 1380/1227/694
f 1382/1229/696 1394/1241/708 1393/1240/707 1381/1228/695
f 1383/1230/697 1395/1242/709 1394/1241/708 1382/1229/696
f 1384/1231/698 1396/1243/710 1395/1242/709 1383/1230/697
f 1386/1232/699 1398/1244/711 1397/1245/712 1385/1233/700
f 1387/1234/701 1399/1246/713 1398/1244/711 1386/1232/699
f 1388/1235/702 1400/1247/714 1399/1246/713 1387/1234/701
f 1389/1236/703 1401/1248/715 1400/1247/714 1388/1235/702
f 1390/1237/704 1402/1249/716 1401/1248/715 1389/1236/703
f 1391/1238/705 1403/1250/717 1402/1249/716 1390/1237/704
f 1392/1239/706 1404/1251/718 1403/1250/717 1391/1238/705
f 1393/1240/707 1405/1252/719 1404/1251/718 1392/1239/706
f 1394/1241/708 1406/1253/720 1405/1252/719 1393/1240/707
f 1395/1242/709 1407/1254/721 1406/1253/720 1394/1241/708
f 1396/1243/710 1408/1255/722 1407/1254/721 1395/1242/709
f 1398/1244/711 1410/1256/723 1409/1257/724 1397/1245/712
f 1399/1246/713 1411/1258/725 1410/1256/723 1398/1244/711
f 1400/1247/714 1412/1259/726 1411/1258/725 1399/1246/713
f 1401/1248/715 1413/1260/727 1412/1259/726 1400/1247/714
f 1402/1249/716 1414/1261/728 1413/1260/727 1401/1248/715
f 1403/1250/717 1415/1262/729 1414/1261/728 1402/1249/716
f 1404/1251/718 1416/1263/730 1415/1262/729 1403/1250/717
f 1405/1252/719 1417/1264/731 1416/1263/730 1404/1251/718
f 1406/1253/720 1418/1265/732 1417/1264/731 1405/1252/719
f 1407/1254/721 1419/1266/733 1418/1265/732 1406/1253/720
f 1408/1255/722 1420/1267/734 1419/1266/733 1407/1254/721
f 1410/1256/723 1422/1268/735 1421/1269/736 1409/1257/724
f 1411/1258/725 1423/1270/737 1422/1268/735 1410/1256/723
f 1412/1259/726 1424/1271/738 1423/1270/737 1411/1258/725
f 1413/1260/727 1425/1272/739 1424/1271/738 1412/1259/726
f 1414/1261/728 1426/1273/740 1425/1272/739 1413/1260/727
f 1415/1262/729 1427/1274/741 1426/1273/740 1414/1261/728
f 1416/1263/730 1428/1275/742 1427/1274/741 1415/1262/729
f 1417/1264/731 1429/1276/743 1428/1275/742 1416/1263/730
f 1418/1265/732 1430/1277/744 1429/1276/743 1417/1264/731
f 1419/1266/733 1431/1278/745 1430/1277/744 1418/1265/732
f 1420/1267/734 1432/1279/746 1431/1278/745 1419/1266/733
f 1422/1268/735 1434/1280/747 1433/1281/604 1421/1269/736
f 1423/1270/737 1435/1282/748 1434/1280/747 1422/1268/735
f 1424/1271/738 1436/1283/749 1435/1282/748 1423/1270/737
f 1425/1272/739 1437/1284/750 1436/1283/749 1424/1271/738
f 1426/1273/740 1438/1285/751 1437/1284/750 1425/1272/739
f 1427/1274/741 1439/1286/752 1438/1285/751 1426/1273/740
f 1428/1275/742 1440/1287/753 1439/1286/752 1427/1274/741
f 1429/1276/743 1441/1288/754 1440/1287/753 1428/1275/742
f 1430/1277/744 1442/1289/755 1441/1288/754 1429/1276/743
f 1431/1278/745 1443/1290/756 1442/1289/755 1430/1277/744
f 1432/1279/746 1444/1291/614 1443/1290/756 1431/1278/745
f 1434/1280/747 1446/1292/757 1445/1293/758 1433/1281/604
f 1435/1282/748 1447/1294/759 1446/1292/757 1434/1280/747
f 1436/1283/749 1448/1295/760 1447/1294/759 1435/1282/748
f 1437/1284/750 1449/1296/761 1448/1295/760 1436/1283/749
f 1438/1285/751 1450/1297/762 1449/1296/761 1437/1284/750
f 1439/1286/752 1451/1298/763 1450/1297/762 1438/1285/751
f 1440/1287/753 1452/1299/764 1451/1298/763 1439/1286/752
f 1441/1288/754 1453/1300/765 1452/1299/764 1440/1287/753
f 1442/1289/755 1454/1301/766 1453/1300/765 1441/1288/754
f 1443/1290/756 1455/1302/767 1454/1301/766 1442/1289/755
f 1444/1291/614 1456/1303/768 1455/1302/767 1443/1290/756
f 1446/1292/757 1458/1304/769 1457/1305/770 1445/1293/758
f 1447/1294/759 1459/1306/771 1458/1304/769 1446/1292/757
f 1448/1295/760 1460/1307/772 1459/1306/771 1447/1294/759
f 1449/1296/761 1461/1308/773 1460/1307/772 1448/1295/760
f 1450/1297/762 1462/1309/774 1461/1308/773 1449/1296/761
f 1451/1298/763 1463/1310/775 1462/1309/774 1450/1297/762
f 1452/1299/764 1464/1311/776 1463/1310/775 1451/1298/763
f 1453/1300/765 1465/1312/777 1464/1311/776 1452/1299/764
f 1454/1301/766 1466/1313/778 1465/1312/777 1453/1300/765
f 1455/1302/767 1467/1314/779 1466/1313/778 1454/1301/766
f 1456/1303/768 1468/1315/780 1467/1314/779 1455/1302/767
f 1458/1304/769 1470/1316/781 1469/1317/782 1457/1305/770
f 1459/1306/771 1471/1318/783 1470/1316/781 1458/1304/769
f 1460/1307/772 1472/1319/784 1471/1318/783 1459/1306/771
f 1461/1308/773 1473/1320/785 1472/1319/784 1460/1307/772
f 1462/1309/774 1474/1321/786 1473/1320/785 1461/1308/773
f 1463/1310/775 1475/1322/787 1474/1321/786 1462/1309/774
f 1464/1311/776 1476/1323/788 1475/1322/787 1463/1310/775
f 1465/1312/777 1477/1324/789 1476/1323/788 1464/1311/776
f 1466/1313/778 1478/1325/790 1477/1324/789 1465/1312/777
f 1467/1314/779 1479/1326/791 1478/1325/790 1466/1313/778
f 1468/1315/780 1480/1327/792 1479/1326/791 1467/1314/779
f 1470/1316/781 1482/1328/793 1481/1329/794 1469/1317/782
f 1471/1318/783 1483/1330/795 1482/1328/793 1470/1316/781
f 1472/1319/784 1484/1331/796 1483/1330/795 1471/1318/783
f 1473/1320/785 1485/1332/797 1484/1331/796 1472/1319/784
f 1474/1321/786 1486/1333/798 1485/1332/797 1473/1320/785
f 1475/1322/787 1487/1334/799 1486/1333/798 1474/1321/786
f 1476/1323/788 1488/1335/800 1487/1334/799 1475/1322/787
f 1477/1324/789 1489/1336/801 1488/1335/800 1476/1323/788
f 1478/1325/790 1490/1337/802 1489/1336/801 1477/1324/789
f 1479/1326/791 1491/1338/803 1490/1337/802 1478/1325/790
f 1480/1327/792 1492/1339/804 1491/1338/803 1479/1326/791
f 1482/1328/793 1494/1340/805 1493/1341/806 1481/1329/794
f 1483/1330/795 1495/1342/807 1494/1340/805 1482/1328/793
f 1484/1331/796 1496/1343/808 1495/1342/807 1483/1330/795
f 1485/1332/797 1497/1344/809 1496/1343/808 1484/1331/796
f 1486/1333/798 1498/1345/810 1497/1344/809 1485/1332/797
f 1487/1334/799 1499/1346/811 1498/1345/810 1486/1333/798
f 1488/1335/800 1500/1347/812 1499/1346/811 1487/1334/799
f 1489/1336/801 1501/1348/813 1500/1347/812 1488/1335/800
f 1490/1337/802 1502/1349/814 1501/1348/813 1489/1336/801
f 1491/1338/803 1503/1350/815 1502/1349/814 1490/1337/802
f 1492/1339/804 1504/1351/816 1503/1350/815 1491/1338/803
f 1494/1340/805 1506/1352/817 1505/1353/818 1493/1341/806
f 1495/1342/807 1507/1354/819 1506/1352/817 1494/1340/805
f 1496/1343/808 1508/1355/820 1507/1354/819 1495/1342/807
f 1497/1344/809 1509/1356/821 1508/1355/820 1496/1343/808
f 1498/1345/810 1510/1357/822 1509/1356/821 1497/1344/809
f 1499/1346/811 1511/1358/823 1510/1357/822 1498/1345/810
f 1500/1347/812 1512/1359/824 1511/1358/823 1499/1346/811
f 1501/1348/813 1513/1360/825 1512/1359/824 1500/1347/812
f 1502/1349/814 1514/1361/826 1513/1360/825 1501/1348/813
f 1503/1350/815 1515/1362/827 1514/1361/826 1502/1349/814
f 1504/1351/816 1516/1363/828 1515/1362/827 1503/1350/815
f 1506/1352/817 1518/1364/829 1517/1365/830 1505/1353/818
f 1507/1354/819 1519/1366/831 1518/1364/829 1506/1352/817
f 1508/1355/820 1520/1367/832 1519/1366/831 1507/1354/819
f 1509/1356/821 1521/1368/833 1520/1367/832 1508/1355/820
f 1510/1357/822 1522/1369/834 1521/1368/833 1509/1356/821
f 1511/1358/823 1523/1370/835 1522/1369/834 1510/1357/822
f 1512/1359/824 1524/1371/836 1523/1370/835 1511/1358/823
f 1513/1360/825 1525/1372/837 1524/1371/836 1512/1359/824
f 1514/1361/826 1526/1373/838 1525/1372/837 1513/1360/825
f 1515/1362/827 1527/1374/839 1526/1373/838 1514/1361/826
f 1516/1363/828 1528/1375/840 1527/1374/839 1515/1362/827
f 1518/1364/829 1530/1376/841 1529/1377/842 1517/1365/830
f 1519/1366/831 1531/1378/843 1530/1376/841 1518/1364/829
f 1520/1367/832 1532/1379/844 1531/1378/843 1519/1366/831
f 1521/1368/833 1533/1380/845 1532/1379/844 1520/1367/832
f 1522/1369/834 1534/1381/846 1533/1380/845 1521/1368/833
f 1523/1370/835 1535/1382/847 1534/1381/846 1522/1369/834
f 1524/1371/836 1536/1383/848 1535/1382/847 1523/1370/835
f 1525/1372/837 1537/1384/849 1536/1383/848 1524/1371/836
f 1526/1373/838 1538/1385/850 1537/1384/849 1525/1372/837
f 1527/1374/839 1539/1386/851 1538/1385/850 1526/1373/838
f 1528/1375/840 1540/1387/852 1539/1386/851 1527/1374/839
f 1530/1376/841 1542/1388/853 1541/1389/854 1529/1377/842
f 1531/1378/843 1543/1390/855 1542/1388/853 1530/1376/841
f 1532/1379/844 1544/1391/856 1543/1390/855 1531/1378/843
f 1533/1380/845 1545/1392/857 1544/1391/856 1532/1379/844
f 1534/1381/846 1546/1393/858 1545/1392/857 1533/1380/845
f 1535/1382/847 1547/1394/859 1546/1393/858 1534/1381/846
f 1536/1383/848 1548/1395/860 1547/1394/859 1535/1382/847
f 1537/1384/849 1549/1396/861 1548/1395/860 1536/1383/848
f 1538/1385/850 1550/1397/862 1549/1396/861 1537/1384/849
f 1539/1386/851 1551/1398/863 1550/1397/862 1538/1385/850
f 1540/1387/852 1552/1399/864 1551/1398/863 1539/1386/851
f 1542/1388/853 1554/1400/865 1553/1401/866 1541/1389/854
f 1543/1390/855 1555/1402/867 1554/1400/865 1542/1388/853
f 1544/1391/856 1556/1403/868 1555/1402/867 1543/1390/855
f 1545/1392/857 1557/1404/869 1556/1403/868 1544/1391/856
f 1546/1393/858 1558/1405/870 1557/1404/869 1545/1392/857
f 1547/1394/859 1559/1406/871 1558/1405/870 1546/1393/858
f 1548/1395/860 1560/1407/872 1559/1406/871 1547/1394/859
f 1549/1396/861 1561/1408/873 1560/1407/872 1548/1395/860
f 1550/1397/862 1562/1409/874 1561/1408/873 1549/1396/861
f 1551/1398/863 1563/1410/875 1562/1409/874 1550/1397/862
f 1552/1399/864 1564/1411/876 1563/1410/875 1551/1398/863
f 1554/1400/865 1566/1412/877 1565/1413/878 1553/1401/866
f 1555/1402/867 1567/1414/879 1566/1412/877 1554/1400/865
f 1556/1403/868 1568/1415/880 1567/1414/879 1555/1402/867
f 1557/1404/869 1569/1416/881 1568/1415/880 1556/1403/868
f 1558/1405/870 1570/1417/882 1569/1416/881 1557/1404/869
f 1559/1406/871 1571/1418/883 1570/1417/882 1558/1405/870
f 1560/1407/872 1572/1419/884 1571/1418/883 1559/1406/871
f 1561/1408/873 1573/1420/885 1572/1419/884 1560/1407/872
f 1562/1409/874 1574/1421/886 1573/1420/885 1561/1408/873
f 1563/1410/875 1575/1422/887 1574/1421/886 1562/1409/874
f 1564/1411/876 1576/1423/888 1575/1422/887 1563/1410/875
f 1566/1412/877 1578/1424/889 1577/1425/890 1565/1413/878
f 1567/1414/879 1579/1426/891 1578/1424/889 1566/1412/877
f 1568/1415/880 1580/1427/892 1579/1426/891 1567/1414/879
f 1569/1416/881 1581/1428/893 1580/1427/892 1568/1415/880
f 1570/1417/882 1582/1429/894 1581/1428/893 1569/1416/881
f 1571/1418/883 1583/1430/895 1582/1429/894 1570/1417/882
f 1572/1419/884 1584/1431/896 1583/1430/895 1571/1418/883
f 1573/1420/885 1585/1432/897 1584/1431/896 1572/1419/884
f 1574/1421/886 1586/1433/898 1585/1432/897 1573/1420/885
f 1575/1422/887 1587/1434/899 1586/1433/898 1574/1421/886
f 1576/1423/888 1588/1435/900 1587/1434/899 1575/1422/887
f 1578/1424/889 1590/1436/901 1589/1437/902 1577/1425/890
f 1579/1426/891 1591/1438/903 1590/1436/901 1578/1424/889
f 1580/1427/892 1592/1439/904 1591/1438/903 1579/1426/891
f 1581/1428/893 1593/1440/905 1592/1439/904 1580/1427/892
f 1582/1429/894 1594/1441/906 1593/1440/905 1581/1428/893
f 1583/1430/895 1595/1442/907 1594/1441/906 1582/1429/894
f 1584/1431/896 1596/1443/908 1595/1442/907 1583/1430/895
f 1585/1432/897 1597/1444/909 1596/1443/908 1584/1431/896
f 1586/1433/898 1598/1445/910 1597/1444/909 1585/1432/897
f 1587/1434/899 1599/1446/911 1598/1445/910 1586/1433/898
f 1588/1435/900 1600/1447/912 1599/1446/911 1587/1434/899
f 1590/1436/901 1602/1448/913 1601/1449/914 1589/1437/902
f 1591/1438/903 1603/1450/915 1602/1448/913 1590/1436/901
f 1592/1439/904 1604/1451/916 1603/1450/915 1591/1438/903
f 1593/1440/905 1605/1452/917 1604/1451/916 1592/1439/904
f 1594/1441/906 1606/1453/918 1605/1452/917 1593/1440/905
f 1595/1442/907 1607/1454/919 1606/1453/918 1594/1441/906
f 1596/1443/908 1608/1455/920 1607/1454/919 1595/1442/907
f 1597/1444/909 1609/1456/921 1608/1455/920 1596/1443/908
f 1598/1445/910 1610/1457/922 1609/1456/921 1597/1444/909
f 1599/1446/911 1611/1458/923 1610/1457/922 1598/1445/910
f 1600/1447/912 1612/1459/924 1611/1458/923 1599/1446/911
f 1602/1448/913 1614/1460/925 1613/1461/926 1601/1449/914
f 1603/1450/915 1615/1462/927 1614/1460/925 1602/1448/913
f 1604/1451/916 1616/1463/928 1615/1462/927 1603/1450/915
f 1605/1452/917 1617/1464/929 1616/1463/928 1604/1451/916
f 1606/1453/918 1618/1465/930 1617/1464/929 1605/1452/917
f 1607/1454/919 1619/1466/931 1618/1465/930 1606/1453/918
f 1608/1455/920 1620/1467/932 1619/1466/931 1607/1454/919
f 1609/1456/921 1621/1468/933 1620/1467/932 1608/1455/920
f 1610/1457/922 1622/1469/934 1621/1468/933 1609/1456/921
f 1611/1458/923 1623/1470/935 1622/1469/934 1610/1457/922
f 1612/1459/924 1624/1471/936 1623/1470/935 1611/1458/923
f 1614/1460/925 1626/1472/937 1625/1473/938 1613/1461/926
f 1615/1462/927 1627/1474/939 1626/1472/937 1614/1460/925
f 1616/1463/928 1628/1475/940 1627/1474/939 1615/1462/927
f 1617/1464/929 1629/1476/941 1628/1475/940 1616/1463/928
f 1618/1465/930 1630/1477/942 1629/1476/941 1617/1464/929
f 1619/1466/931 1631/1478/943 1630/1477/942 1618/1465/930
f 1620/1467/932 1632/1479/944 1631/1478/943 1619/1466/931
f 1621/1468/933 1633/1480/945 1632/1479/944 1620/1467/932
f 1622/1469/934 1634/1481/946 1633/1480/945 1621/1468/933
f 1623/1470/935 1635/1482/947 1634/1481/946 1622/1469/934
f 1624/1471/936 1636/1483/948 1635/1482/947 1623/1470/935
f 1626/1472/937 1638/1484/949 1637/1485/950 1625/1473/938
f 1627/1474/939 1639/1486/951 1638/1484/949 1626/1472/937
f 1628/1475/940 1640/1487/952 1639/1486/951 1627/1474/939
f 1629/1476/941 1641/1488/953 1640/1487/952 1628/1475/940
f 1630/1477/942 1642/1489/954 1641/1488/953 1629/1476/941
f 1631/1478/943 1643/1490/955 1642/1489/954 1630/1477/942
f 1632/1479/944 1644/1491/956 1643/1490/955 1631/1478/943
f 1633/1480/945 1645/1492/957 1644/1491/956 1632/1479/944
f 1634/1481/946 1646/1493/958 1645/1492/957 1633/1480/945
f 1635/1482/947 1647/1494/959 1646/1493/958 1634/1481/946
f 1636/1483/948 1648/1495/960 1647/1494/959 1635/1482/947
f 1638/1484/949 1650/1496/961 1649/1497/962 1637/1485/950
f 1639/1486/951 1651/1498/963 1650/1496/961 1638/1484/949
f 1640/1487/952 1652/1499/964 1651/1498/963 1639/1486/951
f 1641/1488/953 1653/1500/965 1652/1499/964 1640/1487/952
f 1642/1489/954 1654/1501/966 1653/1500/965 1641/1488/953
f 1643/1490/955 1655/1502/967 1654/1501/966 1642/1489/954
f 1644/1491/956 1656/1503/968 1655/1502/967 1643/1490/955
f 1645/1492/957 1657/1504/969 1656/1503/968 1644/1491/956
f 1646/1493/958 1658/1505/970 1657/1504/969 1645/1492/957
f 1647/1494/959 1659/1506/971 1658/1505/970 1646/1493/958
f 1648/1495/960 1660/1507/972 1659/1506/971 1647/1494/959
f 1650/1496/961 1662/1508/973 1661/1509/974 1649/1497/962
f 1651/1498/963 1663/1510/975 1662/1508/973 1650/1496/961
f 1652/1499/964 1664/1511/976 1663/1510/975 1651/1498/963
f 1653/1500/965 1665/1512/977 1664/1511/976 1652/1499/964
f 1654/1501/966 1666/1513/978 1665/1512/977 1653/1500/965
f 1655/1502/967 1667/1514/979 1666/1513/978 1654/1501/966
f 1656/1503/968 1668/1515/980 1667/1514/979 1655/1502/967
f 1657/1504/969 1669/1516/981 1668/1515/980 1656/1503/968
f 1658/1505/970 1670/1517/982 1669/1516/981 1657/1504/969
f 1659/1506/971 1671/1518/983 1670/1517/982 1658/1505/970
f 1660/1507/972 1672/1519/984 1671/1518/983 1659/1506/971
f 1662/1508/973 1674/1520/985 1673/1521/986 1661/1509/974
f 1663/1510/975 1675/1522/987 1674/1520/985 1662/1508/973
f 1664/1511/976 1676/1523/988 1675/1522/987 1663/1510/975
f 1665/1512/977 1677/1524/989 1676/1523/988 1664/1511/976
f 1666/1513/978 1678/1525/990 1677/1524/989 1665/1512/977
f 1667/1514/979 1679/1526/991 1678/1525/990 1666/1513/978
f 1668/1515/980 1680/1527/992 1679/1526/991 1667/1514/979
f 1669/1516/981 1681/1528/993 1680/1527/992 1668/1515/980
f 1670/1517/982 1682/1529/994 1681/1528/993 1669/1516/981
f 1671/1518/983 1683/1530/995 1682/1529/994 1670/1517/982
f 1672/1519/984 1684/1531/996 1683/1530/995 1671/1518/983
f 1674/1520/985 1686/1532/997 1685/1533/986 1673/1521/986
f 1675/1522/987 1687/1534/998 1686/1532/997 1674/1520/985
f 1676/1523/988 1688/1535/999 1687/1534/998 1675/1522/987
f 1677/1524/989 1689/1536/1000 1688/1535/999 1676/1523/988
f 1678/1525/990 1690/1537/1001 1689/1536/1000 1677/1524/989
f 1679/1526/991 1691/1538/1002 1690/1537/1001 1678/1525/990
f 1680/1527/992 1692/1539/1003 1691/1538/1002 1679/1526/991
f 1681/1528/993 1693/1540/1004 1692/1539/1003 1680/1527/992
f 1682/1529/994 1694/1541/1005 1693/1540/1004 1681/1528/993
f 1683/1530/995 1695/1542/1006 1694/1541/1005 1682/1529/994
f 1684/1531/996 1696/1543/996 1695/1542/1006 1683/1530/995
f 1686/1532/997 1698/1544/1007 1697/1545/1008 1685/1533/986
f 1687/1534/998 1699/1546/1009 1698/1544/1007 1686/1532/997
f 1688/1535/999 1700/1547/1010 1699/1546/1009 1687/1534/998
f 1689/1536/1000 1701/1548/1011 1700/1547/1010 1688/1535/999
f 1690/1537/1001 1702/1549/1012 1701/1548/1011 1689/1536/1000
f 1691/1538/1002 1703/1550/1013 1702/1549/1012 1690/1537/1001
f 1692/1539/1003 1704/1551/1014 1703/1550/1013 1691/1538/1002
f 1693/1540/1004 1705/1552/1015 1704/1551/1014 1692/1539/1003
f 1694/1541/1005 1706/1553/1016 1705/1552/1015 1693/1540/1004
f 1695/1542/1006 1707/1554/1017 1706/1553/1016 1694/1541/1005
f 1696/1543/996 1708/1555/1018 1707/1554/1017 1695/1542/1006
f 1698/1544/1007 1710/1556/1019 1709/1557/1020 1697/1545/1008
f 1699/1546/1009 1711/1558/1021 1710/1556/1019 1698/1544/1007
f 1700/1547/1010 1712/1559/1022 1711/1558/1021 1699/1546/1009
f 1701/1548/1011 1713/1560/1023 1712/1559/1022 1700/1547/1010
f 1702/1549/1012 1714/1561/1024 1713/1560/1023 1701/1548/1011
f 1703/1550/1013 1715/1562/1025 1714/1561/1024 1702/1549/1012
f 1704/1551/1014 1716/1563/1026 1715/1562/1025 1703/1550/1013
f 1705/1552/1015 1717/1564/1027 1716/1563/1026 1704/1551/1014
f 1706/1553/1016 1718/1565/1028 1717/1564/1027 1705/1552/1015
f 1707/1554/1017 1719/1566/1029 1718/1565/1028 1706/1553/1016
f 1708/1555/1018 1720/1567/1030 1719/1566/1029 1707/1554/1017
f 1710/1556/1019 1722/1568/1031 1721/1569/1032 1709/1557/1020
f 1711/1558/1021 1723/1570/1033 1722/1568/1031 1710/1556/1019
f 1712/1559/1022 1724/1571/1034 1723/1570/1033 1711/1558/1021
f 1713/1560/1023 1725/1572/1035 1724/1571/1034 1712/1559/1022
f 1714/1561/1024 1726/1573/1036 1725/1572/1035 1713/1560/1023
f 1715/1562/1025 1727/1574/1037 1726/1573/1036 1714/1561/1024
f 1716/1563/1026 1728/1575/1038 1727/1574/1037 1715/1562/1025
f 1717/1564/1027 1729/1576/1039 1728/1575/1038 1716/1563/1026
f 1718/1565/1028 1730/1577/1040 1729/1576/1039 1717/1564/1027
f 1719/1566/1029 1731/1578/1041 1730/1577/1040 1718/1565/1028
f 1720/1567/1030 1732/1579/1042 1731/1578/1041 1719/1566/1029
f 1722/1568/1031 930/1580/243 929/507/246 1721/1569/1032
f 1723/1570/1033 931/1581/247 930/1580/243 1722/1568/1031
f 1724/1571/1034 932/1582/249 931/1581/247 1723/1570/1033
f 1725/1572/1035 933/1583/251 932/1582/249 1724/1571/1034
f 1726/1573/1036 934/1584/253 933/1583/251 1725/1572/1035
f 1727/1574/1037 935/1585/255 934/1584/253 1726/1573/1036
f 1728/1575/1038 936/1586/257 935/1585/255 1727/1574/1037
f 1729/1576/1039 937/1587/259 936/1586/257 1728/1575/1038
f 1730/1577/1040 938/1588/261 937/1587/259 1729/1576/1039
f 1731/1578/1041 939/1589/263 938/1588/261 1730/1577/1040
f 1732/1579/1042 940/1590/265 939/1589/263 1731/1578/1041
f 1734/777/1043 1746/1591/1044 1745/1592/1045 1733/509/1046
f 1735/780/1047 1747/1593/1048 1746/1591/1044 1734/777/1043
f 1736/782/1049 1748/1594/1050 1747/1593/1048 1735/780/1047
f 1737/784/1051 1749/1595/1052 1748/1594/1050 1736/782/1049
f 1738/786/1053 1750/1596/1054 1749/1595/1052 1737/784/1051
f 1739/788/1055 1751/1597/1056 1750/1596/1054 1738/786/1053
f 1740/790/1057 1752/1598/1058 1751/1597/1056 1739/788/1055
f 1741/792/1059 1753/1599/1060 1752/1598/1058 1740/790/1057
f 1742/794/1061 1754/1600/1062 1753/1599/1060 1741/792/1059
f 1743/796/1063 1755/1601/1064 1754/1600/1062 1742/794/1061
f 1744/798/1065 1756/1602/1066 1755/1601/1064 1743/796/1063
f 1746/1591/1044 1758/1603/1067 1757/1604/1068 1745/1592/1045
f 1747/1593/1048 1759/1605/1069 1758/1603/1067 1746/1591/1044
f 1748/1594/1050 1760/1606/1070 1759/1605/1069 1747/1593/1048
f 1749/1595/1052 1761/1607/1071 1760/1606/1070 1748/1594/1050
f 1750/1596/1054 1762/1608/1072 1761/1607/1071 1749/1595/1052
f 1751/1597/1056 1763/1609/1073 1762/1608/1072 1750/1596/1054
f 1752/1598/1058 1764/1610/1074 1763/1609/1073 1751/1597/1056
f 1753/1599/1060 1765/1611/1075 1764/1610/1074 1752/1598/1058
f 1754/1600/1062 1766/1612/1076 1765/1611/1075 1753/1599/1060
f 1755/1601/1064 1767/1613/1077 1766/1612/1076 1754/1600/1062
f 1756/1602/1066 1768/1614/1078 1767/1613/1077 1755/1601/1064
f 1758/1603/1067 1770/1615/1079 1769/1616/1080 1757/1604/1068
f 1759/1605/1069 1771/1617/1081 1770/1615/1079 1758/1603/1067
f 1760/1606/1070 1772/1618/1082 1771/1617/1081 1759/1605/1069
f 1761/1607/1071 1773/1619/1083 1772/1618/1082 1760/1606/1070
f 1762/1608/1072 1774/1620/1084 1773/1619/1083 1761/1607/1071
f 1763/1609/1073 1775/1621/1085 1774/1620/1084 1762/1608/1072
f 1764/1610/1074 1776/1622/1086 1775/1621/1085 1763/1609/1073
f 1765/1611/1075 1777/1623/1087 1776/1622/1086 1764/1610/1074
f 1766/1612/1076 1778/1624/1088 1777/1623/1087 1765/1611/1075
f 1767/1613/1077 1779/1625/1089 1778/1624/1088 1766/1612/1076
f 1768/1614/1078 1780/1626/1090 1779/1625/1089 1767/1613/1077
f 1770/1615/1079 1782/1627/1091 1781/1628/1092 1769/1616/1080
f 1771/1617/1081 1783/1629/1093 1782/1627/1091 1770/1615/1079
f 1772/1618/1082 1784/1630/1094 1783/1629/1093 1771/1617/1081
f 1773/1619/1083 1785/1631/1095 1784/1630/1094 1772/1618/1082
f 1774/1620/1084 1786/1632/1096 1785/1631/1095 1773/1619/1083
f 1775/1621/1085 1787/1633/1097 1786/1632/1096 1774/1620/1084
f 1776/1622/1086 1788/1634/1098 1787/1633/1097 1775/1621/1085
f 1777/1623/1087 1789/1635/1099 1788/1634/1098 1776/1622/1086
f 1778/1624/1088 1790/1636/1100 1789/1635/1099 1777/1623/1087
f 1779/1625/1089 1791/1637/1101 1790/1636/1100 1778/1624/1088
f 1780/1626/1090 1792/1638/1102 1791/1637/1101 1779/1625/1089
f 1782/1627/1091 1794/1639/1103 1793/1640/1104 1781/1628/1092
f 1783/1629/1093 1795/1641/1105 1794/1639/1103 1782/1627/1091
f 1784/1630/1094 1796/1642/1106 1795/1641/1105 1783/1629/1093
f 1785/1631/1095 1797/1643/1107 1796/1642/1106 1784/1630/1094
f 1786/1632/1096 1798/1644/1108 1797/1643/1107 1785/1631/1095
f 1787/1633/1097 1799/1645/1109 1798/1644/1108 1786/1632/1096
f 1788/1634/1098 1800/1646/1110 1799/1645/1109 1787/1633/1097
f 1789/1635/1099 1801/1647/1111 1800/1646/1110 1788/1634/1098
f 1790/1636/1100 1802/1648/1112 1801/1647/1111 1789/1635/1099
f 1791/1637/1101 1803/1649/1113 1802/1648/1112 1790/1636/1100
f 1792/1638/1102 1804/1650/1114 1803/1649/1113 1791/1637/1101
f 1794/1639/1103 1806/1651/1115 1805/1652/1116 1793/1640/1104
f 1795/1641/1105 1807/1653/1117 1806/1651/1115 1794/1639/1103
f 1796/1642/1106 1808/1654/1118 1807/1653/1117 1795/1641/1105
f 1797/1643/1107 1809/1655/1119 1808/1654/1118 1796/1642/1106
f 1798/1644/1108 1810/1656/1120 1809/1655/1119 1797/1643/1107
f 1799/1645/1109 1811/1657/1121 1810/1656/1120 1798/1644/1108
f 1800/1646/1110 1812/1658/1122 1811/1657/1121 1799/1645/1109
f 1801/1647/1111 1813/1659/1123 1812/1658/1122 1800/1646/1110
f 1802/1648/1112 1814/1660/1124 1813/1659/1123 1801/1647/1111
f 1803/1649/1113 1815/1661/1125 1814/1660/1124 1802/1648/1112
f 1804/1650/1114 1816/1662/1126 1815/1661/1125 1803/1649/1113
f 1806/1651/1115 1818/1663/1127 1817/1664/1128 1805/1652/1116
f 1807/1653/1117 1819/1665/1129 1818/1663/1127 1806/1651/1115
f 1808/1654/1118 1820/1666/1130 1819/1665/1129 1807/1653/1117
f 1809/1655/1119 1821/1667/1131 1820/1666/1130 1808/1654/1118
f 1810/1656/1120 1822/1668/1132 1821/1667/1131 1809/1655/1119
f 1811/1657/1121 1823/1669/1133 1822/1668/1132 1810/1656/1120
f 1812/1658/1122 1824/1670/1134 1823/1669/1133 1811/1657/1121
f 1813/1659/1123 1825/1671/1135 1824/1670/1134 1812/1658/1122
f 1814/1660/1124 1826/1672/1136 1825/1671/1135 1813/1659/1123
f 1815/1661/1125 1827/1673/1137 1826/1672/1136 1814/1660/1124
f 1816/1662/1126 1828/1674/1138 1827/1673/1137 1815/1661/1125
f 1818/1663/1127 1830/1675/1139 1829/1676/1140 1817/1664/1128
f 1819/1665/1129 1831/1677/1141 1830/1675/1139 1818/1663/1127
f 1820/1666/1130 1832/1678/1142 1831/1677/1141 1819/1665/1129
f 1821/1667/1131 1833/1679/1143 1832/1678/1142 1820/1666/1130
f 1822/1668/1132 1834/1680/1144 1833/1679/1143 1821/1667/1131
f 1823/1669/1133 1835/1681/1145 1834/1680/1144 1822/1668/1132
f 1824/1670/1134 1836/1682/1146 1835/1681/1145 1823/1669/1133
f 1825/1671/1135 1837/1683/1147 1836/1682/1146 1824/1670/1134
f 1826/1672/1136 1838/1684/1148 1837/1683/1147 1825/1671/1135
f 1827/1673/1137 1839/1685/1149 1838/1684/1148 1826/1672/1136
f 1828/1674/1138 1840/1686/1150 1839/1685/1149 1827/1673/1137
f 1830/1675/1139 1842/1687/1151 1841/572/1152 1829/1676/1140
f 1831/1677/1141 1843/1688/1153 1842/1687/1151 1830/1675/1139
f 1832/1678/1142 1844/1689/1154 1843/1688/1153 1831/1677/1141
f 1833/1679/1143 1845/1690/1155 1844/1689/1154 1832/1678/1142
f 1834/1680/1144 1846/1691/1156 1845/1690/1155 1833/1679/1143
f 1835/1681/1145 1847/1692/1157 1846/1691/1156 1834/1680/1144
f 1836/1682/1146 1848/1693/1158 1847/1692/1157 1835/1681/1145
f 1837/1683/1147 1849/1694/1159 1848/1693/1158 1836/1682/1146
f 1838/1684/1148 1850/1695/1160 1849/1694/1159 1837/1683/1147
f 1839/1685/1149 1851/1696/1161 1850/1695/1160 1838/1684/1148
f 1840/1686/1150 1852/1697/1162 1851/1696/1161 1839/1685/1149
f 1842/1687/1151 1854/1698/1163 1853/1699/1164 1841/572/1152
f 1843/1688/1153 1855/1700/1165 1854/1698/1163 1842/1687/1151
f 1844/1689/1154 1856/1701/1166 1855/1700/1165 1843/1688/1153
f 1845/1690/1155 1857/1702/1167 1856/1701/1166 1844/1689/1154
f 1846/1691/1156 1858/1703/1168 1857/1702/1167 1845/1690/1155
f 1847/1692/1157 1859/1704/1169 1858/1703/1168 1846/1691/1156
f 1848/1693/1158 1860/1705/1170 1859/1704/1169 1847/1692/1157
f 1849/1694/1159 1861/1706/1171 1860/1705/1170 1848/1693/1158
f 1850/1695/1160 1862/1707/1172 1861/1706/1171 1849/1694/1159
f 1851/1696/1161 1863/1708/1173 1862/1707/1172 1850/1695/1160
f 1852/1697/1162 1864/1709/1174 1863/1708/1173 1851/1696/1161
f 1854/1698/1163 1866/1710/1175 1865/1711/1176 1853/1699/1164
f 1855/1700/1165 1867/1712/1177 1866/1710/1175 1854/1698/1163
f 1856/1701/1166 1868/1713/1178 1867/1712/1177 1855/1700/1165
f 1857/1702/1167 1869/1714/1179 1868/1713/1178 1856/1701/1166
f 1858/1703/1168 1870/1715/1180 1869/1714/1179 1857/1702/1167
f 1859/1704/1169 1871/1716/1181 1870/1715/1180 1858/1703/1168
f 1860/1705/1170 1872/1717/1182 1871/1716/1181 1859/1704/1169
f 1861/1706/1171 1873/1718/1183 1872/1717/1182 1860/1705/1170
f 1862/1707/1172 1874/1719/1184 1873/1718/1183 1861/1706/1171
f 1863/1708/1173 1875/1720/1185 1874/1719/1184 1862/1707/1172
f 1864/1709/1174 1876/1721/1186 1875/1720/1185 1863/1708/1173
f 1866/1710/1175 1878/1722/1187 1877/1723/1188 1865/1711/1176
f 1867/1712/1177 1879/1724/1189 1878/1722/1187 1866/1710/1175
f 1868/1713/1178 1880/1725/1190 1879/1724/1189 1867/1712/1177
f 1869/1714/1179 1881/1726/1191 1880/1725/1190 1868/1713/1178
f 1870/1715/1180 1882/1727/1192 1881/1726/1191 1869/1714/1179
f 1871/1716/1181 1883/1728/1193 1882/1727/1192 1870/1715/1180
f 1872/1717/1182 1884/1729/1194 1883/1728/1193 1871/1716/1181
f 1873/1718/1183 1885/1730/1195 1884/1729/1194 1872/1717/1182
f 1874/1719/1184 1886/1731/1196 1885/1730/1195 1873/1718/1183
f 1875/1720/1185 1887/1732/1197 1886/1731/1196 1874/1719/1184
f 1876/1721/1186 1888/1733/1198 1887/1732/1197 1875/1720/1185
f 1878/1722/1187 1890/1734/1199 1889/1735/1200 1877/1723/1188
f 1879/1724/1189 1891/1736/1201 1890/1734/1199 1878/1722/1187
f 1880/1725/1190 1892/1737/1202 1891/1736/1201 1879/1724/1189
f 1881/1726/1191 1893/1738/1203 1892/1737/1202 1880/1725/1190
f 1882/1727/1192 1894/1739/1204 1893/1738/1203 1881/1726/1191
f 1883/1728/1193 1895/1740/1205 1894/1739/1204 1882/1727/1192
f 1884/1729/1194 1896/1741/1206 1895/1740/1205 1883/1728/1193
f 1885/1730/1195 1897/1742/1207 1896/1741/1206 1884/1729/1194
f 1886/1731/1196 1898/1743/1208 1897/1742/1207 1885/1730/1195
f 1887/1732/1197 1899/1744/1209 1898/1743/1208 1886/1731/1196
f 1888/1733/1198 1900/1745/1210 1899/1744/1209 1887/1732/1197
f 1890/1734/1199 1902/1746/1211 1901/1747/1212 1889/1735/1200
f 1891/1736/1201 1903/1748/1213 1902/1746/1211 1890/1734/1199
f 1892/1737/1202 1904/1749/1214 1903/1748/1213 1891/1736/1201
f 1893/1738/1203 1905/1750/1215 1904/1749/1214 1892/1737/1202
f 1894/1739/1204 1906/1751/1216 1905/1750/1215 1893/1738/1203
f 1895/1740/1205 1907/1752/1217 1906/1751/1216 1894/1739/1204
f 1896/1741/1206 1908/1753/1218 1907/1752/1217 1895/1740/1205
f 1897/1742/1207 1909/1754/1219 1908/1753/1218 1896/1741/1206
f 1898/1743/1208 1910/1755/1220 1909/1754/1219 1897/1742/1207
f 1899/1744/1209 1911/1756/1221 1910/1755/1220 1898/1743/1208
f 1900/1745/1210 1912/1757/1222 1911/1756/1221 1899/1744/1209
f 1902/1746/1211 1914/1758/1223 1913/1759/1224 1901/1747/1212
f 1903/1748/1213 1915/1760/1225 1914/1758/1223 1902/1746/1211
f 1904/1749/1214 1916/1761/1226 1915/1760/1225 1903/1748/1213
f 1905/1750/1215 1917/1762/1227 1916/1761/1226 1904/1749/1214
f 1906/1751/1216 1918/1763/1228 1917/1762/1227 1905/1750/1215
f 1907/1752/1217 1919/1764/1229 1918/1763/1228 1906/1751/1216
f 1908/1753/1218 1920/1765/1230 1919/1764/1229 1907/1752/1217
f 1909/1754/1219 1921/1766/1231 1920/1765/1230 1908/1753/1218
f 1910/1755/1220 1922/1767/1232 1921/1766/1231 1909/1754/1219
f 1911/1756/1221 1923/1768/1233 1922/1767/1232 1910/1755/1220
f 1912/1757/1222 1924/1769/1234 1923/1768/1233 1911/1756/1221
f 1914/1758/1223 1926/1770/1235 1925/1771/1236 1913/1759/1224
f 1915/1760/1225 1927/1772/1237 1926/1770/1235 1914/1758/1223
f 1916/1761/1226 1928/1773/1238 1927/1772/1237 1915/1760/1225
f 1917/1762/1227 1929/1774/1239 1928/1773/1238 1916/1761/1226
f 1918/1763/1228 1930/1775/1240 1929/1774/1239 1917/1762/1227
f 1919/1764/1229 1931/1776/1241 1930/1775/1240 1918/1763/1228
f 1920/1765/1230 1932/1777/1242 1931/1776/1241 1919/1764/1229
f 1921/1766/1231 1933/1778/1243 1932/1777/1242 1920/1765/1230
f 1922/1767/1232 1934/1779/1244 1933/1778/1243 1921/1766/1231
f 1923/1768/1233 1935/1780/1245 1934/1779/1244 1922/1767/1232
f 1924/1769/1234 1936/1781/1246 1935/1780/1245 1923/1768/1233
f 1926/1770/1235 1938/1782/1247 1937/1783/1248 1925/1771/1236
f 1927/1772/1237 1939/1784/1249 1938/1782/1247 1926/1770/1235
f 1928/1773/1238 1940/1785/1250 1939/1784/1249 1927/1772/1237
f 1929/1774/1239 1941/1786/1251 1940/1785/1250 1928/1773/1238
f 1930/1775/1240 1942/1787/1252 1941/1786/1251 1929/1774/1239
f 1931/1776/1241 1943/1788/1253 1942/1787/1252 1930/1775/1240
f 1932/1777/1242 1944/1789/1254 1943/1788/1253 1931/1776/1241
f 1933/1778/1243 1945/1790/1255 1944/1789/1254 1932/1777/1242
f 1934/1779/1244 1946/1791/1256 1945/1790/1255 1933/1778/1243
f 1935/1780/1245 1947/1792/1257 1946/1791/1256 1934/1779/1244
f 1936/1781/1246 1948/1793/1258 1947/1792/1257 1935/1780/1245
f 1938/1782/1247 1950/1794/1259 1949/615/1260 1937/1783/1248
f 1939/1784/1249 1951/1795/1261 1950/1794/1259 1938/1782/1247
f 1940/1785/1250 1952/1796/1262 1951/1795/1261 1939/1784/1249
f 1941/1786/1251 1953/1797/1263 1952/1796/1262 1940/1785/1250
f 1942/1787/1252 1954/1798/1264 1953/1797/1263 1941/1786/1251
f 1943/1788/1253 1955/1799/1265 1954/1798/1264 1942/1787/1252
f 1944/1789/1254 1956/1800/1266 1955/1799/1265 1943/1788/1253
f 1945/1790/1255 1957/1801/1267 1956/1800/1266 1944/1789/1254
f 1946/1791/1256 1958/1802/1268 1957/1801/1267 1945/1790/1255
f 1947/1792/1257 1959/1803/1269 1958/1802/1268 1946/1791/1256
f 1948/1793/1258 1960/1804/1270 1959/1803/1269 1947/1792/1257
f 1950/1794/1259 1962/1805/1271 1961/1806/1272 1949/615/1260
f 1951/1795/1261 1963/1807/1273 1962/1805/1271 1950/1794/1259
f 1952/1796/1262 1964/1808/1274 1963/1807/1273 1951/1795/1261
f 1953/1797/1263 1965/1809/1275 1964/1808/1274 1952/1796/1262
f 1954/1798/1264 1966/1810/1276 1965/1809/1275 1953/1797/1263
f 1955/1799/1265 1967/1811/1277 1966/1810/1276 1954/1798/1264
f 1956/1800/1266 1968/1812/1278 1967/1811/1277 1955/1799/1265
f 1957/1801/1267 1969/1813/1279 1968/1812/1278 1956/1800/1266
f 1958/1802/1268 1970/1814/1280 1969/1813/1279 1957/1801/1267
f 1959/1803/1269 1971/1815/1281 1970/1814/1280 1958/1802/1268
f 1960/1804/1270 1972/1816/1282 1971/1815/1281 1959/1803/1269
f 1962/1805/1271 1974/1817/1283 1973/1818/1284 1961/1806/1272
f 1963/1807/1273 1975/1819/1285 1974/1817/1283 1962/1805/1271
f 1964/1808/1274 1976/1820/1286 1975/1819/1285 1963/1807/1273
f 1965/1809/1275 1977/1821/1287 1976/1820/1286 1964/1808/1274
f 1966/1810/1276 1978/1822/1288 1977/1821/1287 1965/1809/1275
f 1967/1811/1277 1979/1823/1289 1978/1822/1288 1966/1810/1276
f 1968/1812/1278 1980/1824/1290 1979/1823/1289 1967/1811/1277
f 1969/1813/1279 1981/1825/1291 1980/1824/1290 1968/1812/1278
f 1970/1814/1280 1982/1826/1292 1981/1825/1291 1969/1813/1279
f 1971/1815/1281 1983/1827/1293 1982/1826/1292 1970/1814/1280
f 1972/1816/1282 1984/1828/1294 1983/1827/1293 1971/1815/1281
f 1974/1817/1283 1986/1829/1295 1985/1830/1296 1973/1818/1284
f 1975/1819/1285 1987/1831/1297 1986/1829/1295 1974/1817/1283
f 1976/1820/1286 1988/1832/1298 1987/1831/1297 1975/1819/1285
f 1977/1821/1287 1989/1833/1299 1988/1832/1298 1976/1820/1286
f 1978/1822/1288 1990/1834/1300 1989/1833/1299 1977/1821/1287
f 1979/1823/1289 1991/1835/1301 1990/1834/1300 1978/1822/1288
f 1980/1824/1290 1992/1836/1302 1991/1835/1301 1979/1823/1289
f 1981/1825/1291 1993/1837/1303 1992/1836/1302 1980/1824/1290
f 1982/1826/1292 1994/1838/1304 1993/1837/1303 1981/1825/1291
f 1983/1827/1293 1995/1839/1305 1994/1838/1304 1982/1826/1292
f 1984/1828/1294 1996/1840/1306 1995/1839/1305 1983/1827/1293
f 1986/1829/1295 1998/1841/1307 1997/1842/1308 1985/1830/1296
f 1987/1831/1297 1999/1843/1309 1998/1841/1307 1986/1829/1295
f 1988/1832/1298 2000/1844/1310 1999/1843/1309 1987/1831/1297
f 1989/1833/1299 2001/1845/1311 2000/1844/1310 1988/1832/1298
f 1990/1834/1300 2002/1846/1312 2001/1845/1311 1989/1833/1299
f 1991/1835/1301 2003/1847/1313 2002/1846/1312 1990/1834/1300
f 1992/1836/1302 2004/1848/1314 2003/1847/1313 1991/1835/1301
f 1993/1837/1303 2005/1849/1315 2004/1848/1314 1992/1836/1302
f 1994/1838/1304 2006/1850/1316 2005/1849/1315 1993/1837/1303
f 1995/1839/1305 2007/1851/1317 2006/1850/1316 1994/1838/1304
f 1996/1840/1306 2008/1852/1318 2007/1851/1317 1995/1839/1305
f 1998/1841/1307 2010/1853/1319 2009/1854/1320 1997/1842/1308
f 1999/1843/1309 2011/1855/1321 2010/1853/1319 1998/1841/1307
f 2000/1844/1310 2012/1856/1322 2011/1855/1321 1999/1843/1309
f 2001/1845/1311 2013/1857/1323 2012/1856/1322 2000/1844/1310
f 2002/1846/1312 2014/1858/1324 2013/1857/1323 2001/1845/1311
f 2003/1847/1313 2015/1859/1325 2014/1858/1324 2002/1846/1312
f 2004/1848/1314 2016/1860/1326 2015/1859/1325 2003/1847/1313
f 2005/1849/1315 2017/1861/1327 2016/1860/1326 2004/1848/1314
f 2006/1850/1316 2018/1862/1328 2017/1861/1327 2005/1849/1315
f 2007/1851/1317 2019/1863/1329 2018/1862/1328 2006/1850/1316
f 2008/1852/1318 2020/1864/1330 2019/1863/1329 2007/1851/1317
f 2010/1853/1319 2022/1865/1331 2021/1866/1332 2009/1854/1320
f 2011/1855/1321 2023/1867/1333 2022/1865/1331 2010/1853/1319
f 2012/1856/1322 2024/1868/1334 2023/1867/1333 2011/1855/1321
f 2013/1857/1323 2025/1869/1335 2024/1868/1334 2012/1856/1322
f 2014/1858/1324 2026/1870/1336 2025/1869/1335 2013/1857/1323
f 2015/1859/1325 2027/1871/1337 2026/1870/1336 2014/1858/1324
f 2016/1860/1326 2028/1872/1338 2027/1871/1337 2015/1859/1325
f 2017/1861/1327 2029/1873/1339 2028/1872/1338 2016/1860/1326
f 2018/1862/1328 2030/1874/1340 2029/1873/1339 2017/1861/1327
f 2019/1863/1329 2031/1875/1341 2030/1874/1340 2018/1862/1328
f 2020/1864/1330 2032/1876/1342 2031/1875/1341 2019/1863/1329
f 2022/1865/1331 2034/1877/985 2033/1878/986 2021/1866/1332
f 2023/1867/1333 2035/1879/987 2034/1877/985 2022/1865/1331
f 2024/1868/1334 2036/1880/988 2035/1879/987 2023/1867/1333
f 2025/1869/1335 2037/1881/989 2036/1880/988 2024/1868/1334
f 2026/1870/1336 2038/1882/990 2037/1881/989 2025/1869/1335
f 2027/1871/1337 2039/1883/991 2038/1882/990 2026/1870/1336
f 2028/1872/1338 2040/1884/992 2039/1883/991 2027/1871/1337
f 2029/1873/1339 2041/1885/993 2040/1884/992 2028/1872/1338
f 2030/1874/1340 2042/1886/994 2041/1885/993 2029/1873/1339
f 2031/1875/1341 2043/1887/995 2042/1886/994 2030/1874/1340
f 2032/1876/1342 2044/1888/996 2043/1887/995 2031/1875/1341
f 2034/1877/985 2046/1889/1343 2045/1890/1344 2033/1878/986
f 2035/1879/987 2047/1891/1345 2046/1889/1343 2034/1877/985
f 2036/1880/988 2048/1892/1346 2047/1891/1345 2035/1879/987
f 2037/1881/989 2049/1893/1347 2048/1892/1346 2036/1880/988
f 2038/1882/990 2050/1894/1348 2049/1893/1347 2037/1881/989
f 2039/1883/991 2051/1895/1349 2050/1894/1348 2038/1882/990
f 2040/1884/992 2052/1896/1350 2051/1895/1349 2039/1883/991
f 2041/1885/993 2053/1897/1351 2052/1896/1350 2040/1884/992
f 2042/1886/994 2054/1898/1352 2053/1897/1351 2041/1885/993
f 2043/1887/995 2055/1899/1353 2054/1898/1352 2042/1886/994
f 2044/1888/996 2056/1900/1354 2055/1899/1353 2043/1887/995
f 2046/1889/1343 1734/1580/1043 1733/507/1046 2045/1890/1344
f 2047/1891/1345 1735/1581/1047 1734/1580/1043 2046/1889/1343
f 2048/1892/1346 1736/1582/1049 1735/1581/1047 2047/1891/1345
f 2049/1893/1347 1737/1583/1051 1736/1582/1049 2048/1892/1346
f 2050/1894/1348 1738/1584/1053 1737/1583/1051 2049/1893/1347
f 2051/1895/1349 1739/1585/1055 1738/1584/1053 2050/1894/1348
f 2052/1896/1350 1740/1586/1057 1739/1585/1055 2051/1895/1349
f 2053/1897/1351 1741/1587/1059 1740/1586/1057 2052/1896/1350
f 2054/1898/1352 1742/1588/1061 1741/1587/1059 2053/1897/1351
f 2055/1899/1353 1743/1589/1063 1742/1588/1061 2054/1898/1352
f 2056/1900/1354 1744/1590/1065 1743/1589/1063 2055/1899/1353
f 2058/777/1355 2070/1901/1356 2069/1902/1357 2057/509/1358
f 2059/780/1359 2071/1903/1360 2070/1901/1356 2058/777/1355
f 2060/782/1361 2072/1904/1362 2071/1903/1360 2059/780/1359
f 2061/784/1363 2073/1905/1364 2072/1904/1362 2060/782/1361
f 2062/786/1365 2074/1906/1366 2073/1905/1364 2061/784/1363
f 2063/788/1367 2075/1907/1368 2074/1906/1366 2062/786/1365
f 2064/790/1369 2076/1908/1370 2075/1907/1368 2063/788/1367
f 2065/792/1371 2077/1909/1372 2076/1908/1370 2064/790/1369
f 2066/794/1373 2078/1910/1374 2077/1909/1372 2065/792/1371
f 2067/796/1375 2079/1911/1376 2078/1910/1374 2066/794/1373
f 2068/798/1377 2080/1912/1378 2079/1911/1376 2067/796/1375
f 2070/1901/1356 2082/1913/1379 2081/1914/1380 2069/1902/1357
f 2071/1903/1360 2083/1915/1381 2082/1913/1379 2070/1901/1356
f 2072/1904/1362 2084/1916/1382 2083/1915/1381 2071/1903/1360
f 2073/1905/1364 2085/1917/1383 2084/1916/1382 2072/1904/1362
f 2074/1906/1366 2086/1918/1384 2085/1917/1383 2073/1905/1364
f 2075/1907/1368 2087/1919/1385 2086/1918/1384 2074/1906/1366
f 2076/1908/1370 2088/1920/1386 2087/1919/1385 2075/1907/1368
f 2077/1909/1372 2089/1921/1387 2088/1920/1386 2076/1908/1370
f 2078/1910/1374 2090/1922/1388 2089/1921/1387 2077/1909/1372
f 2079/1911/1376 2091/1923/1389 2090/1922/1388 2078/1910/1374
f 2080/1912/1378 2092/1924/1390 2091/1923/1389 2079/1911/1376
f 2082/1913/1379 2094/1925/1391 2093/1926/1392 2081/1914/1380
f 2083/1915/1381 2095/1927/1393 2094/1925/1391 2082/1913/1379
f 2084/1916/1382 2096/1928/1394 2095/1927/1393 2083/1915/1381
f 2085/1917/1383 2097/1929/1395 2096/1928/1394 2084/1916/1382
f 2086/1918/1384 2098/1930/1396 2097/1929/1395 2085/1917/1383
f 2087/1919/1385 2099/1931/1397 2098/1930/1396 2086/1918/1384
f 2088/1920/1386 2100/1932/1398 2099/1931/1397 2087/1919/1385
f 2089/1921/1387 2101/1933/1399 2100/1932/1398 2088/1920/1386
f 2090/1922/1388 2102/1934/1400 2101/1933/1399 2089/1921/1387
f 2091/1923/1389 2103/1935/1401 2102/1934/1400 2090/1922/1388
f 2092/1924/1390 2104/1936/1402 2103/1935/1401 2091/1923/1389
f 2094/1925/1391 2106/1937/1403 2105/1938/1404 2093/1926/1392
f 2095/1927/1393 2107/1939/1405 2106/1937/1403 2094/1925/1391
f 2096/1928/1394 2108/1940/1406 2107/1939/1405 2095/1927/1393
f 2097/1929/1395 2109/1941/1407 2108/1940/1406 2096/1928/1394
f 2098/1930/1396 2110/1942/1408 2109/1941/1407 2097/1929/1395
f 2099/1931/1397 2111/1943/1409 2110/1942/1408 2098/1930/1396
f 2100/1932/1398 2112/1944/1410 2111/1943/1409 2099/1931/1397
f 2101/1933/1399 2113/1945/1411 2112/1944/1410 2100/1932/1398
f 2102/1934/1400 2114/1946/1412 2113/1945/1411 2101/1933/1399
f 2103/1935/1401 2115/1947/1413 2114/1946/1412 2102/1934/1400
f 2104/1936/1402 2116/1948/1414 2115/1947/1413 2103/1935/1401
f 2106/1937/1403 2118/1949/1415 2117/1950/1416 2105/1938/1404
f 2107/1939/1405 2119/1951/1417 2118/1949/1415 2106/1937/1403
f 2108/1940/1406 2120/1952/1418 2119/1951/1417 2107/1939/1405
f 2109/1941/1407 2121/1953/1419 2120/1952/1418 2108/1940/1406
f 2110/1942/1408 2122/1954/1420 2121/1953/1419 2109/1941/1407
f 2111/1943/1409 2123/1955/1421 2122/1954/1420 2110/1942/1408
f 2112/1944/1410 2124/1956/1422 2123/1955/1421 2111/1943/1409
f 2113/1945/1411 2125/1957/1423 2124/1956/1422 2112/1944/1410
f 2114/1946/1412 2126/1958/1424 2125/1957/1423 2113/1945/1411
f 2115/1947/1413 2127/1959/1425 2126/1958/1424 2114/1946/1412
f 2116/1948/1414 2128/1960/1426 2127/1959/1425 2115/1947/1413
f 2118/1949/1415 2130/1961/1427 2129/1962/1428 2117/1950/1416
f 2119/1951/1417 2131/1963/1429 2130/1961/1427 2118/1949/1415
f 2120/1952/1418 2132/1964/1430 2131/1963/1429 2119/1951/1417
f 2121/1953/1419 2133/1965/1431 2132/1964/1430 2120/1952/1418
f 2122/1954/1420 2134/1966/1432 2133/1965/1431 2121/1953/1419
f 2123/1955/1421 2135/1967/1433 2134/1966/1432 2122/1954/1420
f 2124/1956/1422 2136/1968/1434 2135/1967/1433 2123/1955/1421
f 2125/1957/1423 2137/1969/1435 2136/1968/1434 2124/1956/1422
f 2126/1958/1424 2138/1970/1436 2137/1969/1435 2125/1957/1423
f 2127/1959/1425 2139/1971/1437 2138/1970/1436 2126/1958/1424
f 2128/1960/1426 2140/1972/1438 2139/1971/1437 2127/1959/1425
f 2130/1961/1427 2142/1973/1439 2141/1974/1440 2129/1962/1428
f 2131/1963/1429 2143/1975/1441 2142/1973/1439 2130/1961/1427
f 2132/1964/1430 2144/1976/1442 2143/1975/1441 2131/1963/1429
f 2133/1965/1431 2145/1977/1443 2144/1976/1442 2132/1964/1430
f 2134/1966/1432 2146/1978/1444 2145/1977/1443 2133/1965/1431
f 2135/1967/1433 2147/1979/1445 2146/1978/1444 2134/1966/1432
f 2136/1968/1434 2148/1980/1446 2147/1979/1445 2135/1967/1433
f 2137/1969/1435 2149/1981/1447 2148/1980/1446 2136/1968/1434
f 2138/1970/1436 2150/1982/1448 2149/1981/1447 2137/1969/1435
f 2139/1971/1437 2151/1983/1449 2150/1982/1448 2138/1970/1436
f 2140/1972/1438 2152/1984/1450 2151/1983/1449 2139/1971/1437
f 2142/1973/1439 2154/1985/1451 2153/1986/1452 2141/1974/1440
f 2143/1975/1441 2155/1987/1453 2154/1985/1451 2142/1973/1439
f 2144/1976/1442 2156/1988/1454 2155/1987/1453 2143/1975/1441
f 2145/1977/1443 2157/1989/1455 2156/1988/1454 2144/1976/1442
f 2146/1978/1444 2158/1990/1456 2157/1989/1455 2145/1977/1443
f 2147/1979/1445 2159/1991/1457 2158/1990/1456 2146/1978/1444
f 2148/1980/1446 2160/1992/1458 2159/1991/1457 2147/1979/1445
f 2149/1981/1447 2161/1993/1459 2160/1992/1458 2148/1980/1446
f 2150/1982/1448 2162/1994/1460 2161/1993/1459 2149/1981/1447
f 2151/1983/1449 2163/1995/1461 2162/1994/1460 2150/1982/1448
f 2152/1984/1450 2164/1996/1462 2163/1995/1461 2151/1983/1449
f 2154/1985/1451 2166/1997/1463 2165/1998/1464 2153/1986/1452
f 2155/1987/1453 2167/1999/1465 2166/1997/1463 2154/1985/1451
f 2156/1988/1454 2168/2000/1466 2167/1999/1465 2155/1987/1453
f 2157/1989/1455 2169/2001/1467 2168/2000/1466 2156/1988/1454
f 2158/1990/1456 2170/2002/1468 2169/2001/1467 2157/1989/1455
f 2159/1991/1457 2171/2003/1469 2170/2002/1468 2158/1990/1456
f 2160/1992/1458 2172/2004/1470 2171/2003/1469 2159/1991/1457
f 2161/1993/1459 2173/2005/1471 2172/2004/1470 2160/1992/1458
f 2162/1994/1460 2174/2006/1472 2173/2005/1471 2161/1993/1459
f 2163/1995/1461 2175/2007/1473 2174/2006/1472 2162/1994/1460
f 2164/1996/1462 2176/2008/1474 2175/2007/1473 2163/1995/1461
f 2166/1997/1463 2178/2009/1475 2177/2010/1476 2165/1998/1464
f 2167/1999/1465 2179/2011/1477 2178/2009/1475 2166/1997/1463
f 2168/2000/1466 2180/2012/1478 2179/2011/1477 2167/1999/1465
f 2169/2001/1467 2181/2013/1479 2180/2012/1478 2168/2000/1466
f 2170/2002/1468 2182/2014/1480 2181/2013/1479 2169/2001/1467
f 2171/2003/1469 2183/2015/1481 2182/2014/1480 2170/2002/1468
f 2172/2004/1470 2184/2016/1482 2183/2015/1481 2171/2003/1469
f 2173/2005/1471 2185/2017/1483 2184/2016/1482 2172/2004/1470
f 2174/2006/1472 2186/2018/1484 2185/2017/1483 2173/2005/1471
f 2175/2007/1473 2187/2019/1485 2186/2018/1484 2174/2006/1472
f 2176/2008/1474 2188/2020/1486 2187/2019/1485 2175/2007/1473
f 2178/2009/1475 2190/2021/1487 2189/2022/1488 2177/2010/1476
f 2179/2011/1477 2191/2023/1489 2190/2021/1487 2178/2009/1475
f 2180/2012/1478 2192/2024/1490 2191/2023/1489 2179/2011/1477
f 2181/2013/1479 2193/2025/1491 2192/2024/1490 2180/2012/1478
f 2182/2014/1480 2194/2026/1492 2193/2025/1491 2181/2013/1479
f 2183/2015/1481 2195/2027/1493 2194/2026/1492 2182/2014/1480
f 2184/2016/1482 2196/2028/1494 2195/2027/1493 2183/2015/1481
f 2185/2017/1483 2197/2029/1495 2196/2028/1494 2184/2016/1482
f 2186/2018/1484 2198/2030/1496 2197/2029/1495 2185/2017/1483
f 2187/2019/1485 2199/2031/1497 2198/2030/1496 2186/2018/1484
f 2188/2020/1486 2200/2032/1498 2199/2031/1497 2187/2019/1485
f 2190/2021/1487 2202/2033/1499 2201/2034/1500 2189/2022/1488
f 2191/2023/1489 2203/2035/1501 2202/2033/1499 2190/2021/1487
f 2192/2024/1490 2204/2036/1502 2203/2035/1501 2191/2023/1489
f 2193/2025/1491 2205/2037/1503 2204/2036/1502 2192/2024/1490
f 2194/2026/1492 2206/2038/1504 2205/2037/1503 2193/2025/1491
f 2195/2027/1493 2207/2039/1505 2206/2038/1504 2194/2026/1492
f 2196/2028/1494 2208/2040/1506 2207/2039/1505 2195/2027/1493
f 2197/2029/1495 2209/2041/1507 2208/2040/1506 2196/2028/1494
f 2198/2030/1496 2210/2042/1508 2209/2041/1507 2197/2029/1495
f 2199/2031/1497 2211/2043/1509 2210/2042/1508 2198/2030/1496
f 2200/2032/1498 2212/2044/1510 2211/2043/1509 2199/2031/1497
f 2202/2033/1499 2214/2045/1511 2213/2046/1512 2201/2034/1500
f 2203/2035/1501 2215/2047/1513 2214/2045/1511 2202/2033/1499
f 2204/2036/1502 2216/2048/1514 2215/2047/1513 2203/2035/1501
f 2205/2037/1503 2217/2049/1515 2216/2048/1514 2204/2036/1502
f 2206/2038/1504 2218/2050/1516 2217/2049/1515 2205/2037/1503
f 2207/2039/1505 2219/2051/1517 2218/2050/1516 2206/2038/1504
f 2208/2040/1506 2220/2052/1518 2219/2051/1517 2207/2039/1505
f 2209/2041/1507 2221/2053/1519 2220/2052/1518 2208/2040/1506
f 2210/2042/1508 2222/2054/1520 2221/2053/1519 2209/2041/1507
f 2211/2043/1509 2223/2055/1521 2222/2054/1520 2210/2042/1508
f 2212/2044/1510 2224/2056/1522 2223/2055/1521 2211/2043/1509
f 2214/2045/1511 2226/2057/1523 2225/2058/1524 2213/2046/1512
f 2215/2047/1513 2227/2059/1525 2226/2057/1523 2214/2045/1511
f 2216/2048/1514 2228/2060/1526 2227/2059/1525 2215/2047/1513
f 2217/2049/1515 2229/2061/1527 2228/2060/1526 2216/2048/1514
f 2218/2050/1516 2230/2062/1528 2229/2061/1527 2217/2049/1515
f 2219/2051/1517 2231/2063/1529 2230/2062/1528 2218/2050/1516
f 2220/2052/1518 2232/2064/1530 2231/2063/1529 2219/2051/1517
f 2221/2053/1519 2233/2065/1531 2232/2064/1530 2220/2052/1518
f 2222/2054/1520 2234/2066/1532 2233/2065/1531 2221/2053/1519
f 2223/2055/1521 2235/2067/1533 2234/2066/1532 2222/2054/1520
f 2224/2056/1522 2236/2068/1534 2235/2067/1533 2223/2055/1521
f 2226/2057/1523 2238/2069/1535 2237/2070/1536 2225/2058/1524
f 2227/2059/1525 2239/2071/1537 2238/2069/1535 2226/2057/1523
f 2228/2060/1526 2240/2072/1538 2239/2071/1537 2227/2059/1525
f 2229/2061/1527 2241/2073/1539 2240/2072/1538 2228/2060/1526
f 2230/2062/1528 2242/2074/1540 2241/2073/1539 2229/2061/1527
f 2231/2063/1529 2243/2075/1541 2242/2074/1540 2230/2062/1528
f 2232/2064/1530 2244/2076/1542 2243/2075/1541 2231/2063/1529
f 2233/2065/1531 2245/2077/1543 2244/2076/1542 2232/2064/1530
f 2234/2066/1532 2246/2078/1544 2245/2077/1543 2233/2065/1531
f 2235/2067/1533 2247/2079/1545 2246/2078/1544 2234/2066/1532
f 2236/2068/1534 2248/2080/1546 2247/2079/1545 2235/2067/1533
f 2238/2069/1535 2250/2081/1547 2249/2082/1548 2237/2070/1536
f 2239/2071/1537 2251/2083/1549 2250/2081/1547 2238/2069/1535
f 2240/2072/1538 2252/2084/1550 2251/2083/1549 2239/2071/1537
f 2241/2073/1539 2253/2085/1551 2252/2084/1550 2240/2072/1538
f 2242/2074/1540 2254/2086/1552 2253/2085/1551 2241/2073/1539
f 2243/2075/1541 2255/2087/1553 2254/2086/1552 2242/2074/1540
f 2244/2076/1542 2256/2088/1554 2255/2087/1553 2243/2075/1541
f 2245/2077/1543 2257/2089/1555 2256/2088/1554 2244/2076/1542
f 2246/2078/1544 2258/2090/1556 2257/2089/1555 2245/2077/1543
f 2247/2079/1545 2259/2091/1557 2258/2090/1556 2246/2078/1544
f 2248/2080/1546 2260/2092/1558 2259/2091/1557 2247/2079/1545
f 2250/2081/1547 2262/2093/1559 2261/2094/1560 2249/2082/1548
f 2251/2083/1549 2263/2095/1561 2262/2093/1559 2250/2081/1547
f 2252/2084/1550 2264/2096/1562 2263/2095/1561 2251/2083/1549
f 2253/2085/1551 2265/2097/1563 2264/2096/1562 2252/2084/1550
f 2254/2086/1552 2266/2098/1564 2265/2097/1563 2253/2085/1551
f 2255/2087/1553 2267/2099/1565 2266/2098/1564 2254/2086/1552
f 2256/2088/1554 2268/2100/1566 2267/2099/1565 2255/2087/1553
f 2257/2089/1555 2269/2101/1567 2268/2100/1566 2256/2088/1554
f 2258/2090/1556 2270/2102/1568 2269/2101/1567 2257/2089/1555
f 2259/2091/1557 2271/2103/1569 2270/2102/1568 2258/2090/1556
f 2260/2092/1558 2272/2104/1570 2271/2103/1569 2259/2091/1557
f 2262/2093/1559 2274/2105/1571 2273/2106/1572 2261/2094/1560
f 2263/2095/1561 2275/2107/1573 2274/2105/1571 2262/2093/1559
f 2264/2096/1562 2276/2108/1574 2275/2107/1573 2263/2095/1561
f 2265/2097/1563 2277/2109/1575 2276/2108/1574 2264/2096/1562
f 2266/2098/1564 2278/2110/1576 2277/2109/1575 2265/2097/1563
f 2267/2099/1565 2279/2111/1577 2278/2110/1576 2266/2098/1564
f 2268/2100/1566 2280/2112/1578 2279/2111/1577 2267/2099/1565
f 2269/2101/1567 2281/2113/1579 2280/2112/1578 2268/2100/1566
f 2270/2102/1568 2282/2114/1580 2281/2113/1579 2269/2101/1567
f 2271/2103/1569 2283/2115/1581 2282/2114/1580 2270/2102/1568
f 2272/2104/1570 2284/2116/1582 2283/2115/1581 2271/2103/1569
f 2274/2105/1571 2286/2117/1583 2285/2118/1584 2273/2106/1572
f 2275/2107/1573 2287/2119/1585 2286/2117/1583 2274/2105/1571
f 2276/2108/1574 2288/2120/1586 2287/2119/1585 2275/2107/1573
f 2277/2109/1575 2289/2121/1587 2288/2120/1586 2276/2108/1574
f 2278/2110/1576 2290/2122/1588 2289/2121/1587 2277/2109/1575
f 2279/2111/1577 2291/2123/1589 2290/2122/1588 2278/2110/1576
f 2280/2112/1578 2292/2124/1590 2291/2123/1589 2279/2111/1577
f 2281/2113/1579 2293/2125/1591 2292/2124/1590 2280/2112/1578
f 2282/2114/1580 2294/2126/1592 2293/2125/1591 2281/2113/1579
f 2283/2115/1581 2295/2127/1593 2294/2126/1592 2282/2114/1580
f 2284/2116/1582 2296/2128/1594 2295/2127/1593 2283/2115/1581
f 2286/2117/1583 2298/2129/1595 2297/2130/1596 2285/2118/1584
f 2287/2119/1585 2299/2131/1597 2298/2129/1595 2286/2117/1583
f 2288/2120/1586 2300/2132/1598 2299/2131/1597 2287/2119/1585
f 2289/2121/1587 2301/2133/1599 2300/2132/1598 2288/2120/1586
f 2290/2122/1588 2302/2134/1600 2301/2133/1599 2289/2121/1587
f 2291/2123/1589 2303/2135/1601 2302/2134/1600 2290/2122/1588
f 2292/2124/1590 2304/2136/1602 2303/2135/1601 2291/2123/1589
f 2293/2125/1591 2305/2137/1603 2304/2136/1602 2292/2124/1590
f 2294/2126/1592 2306/2138/1604 2305/2137/1603 2293/2125/1591
f 2295/2127/1593 2307/2139/1605 2306/2138/1604 2294/2126/1592
f 2296/2128/1594 2308/2140/1606 2307/2139/1605 2295/2127/1593
f 2298/2129/1595 2310/2141/1607 2309/2142/1608 2297/2130/1596
f 2299/2131/1597 2311/2143/1609 2310/2141/1607 2298/2129/1595
f 2300/2132/1598 2312/2144/1610 2311/2143/1609 2299/2131/1597
f 2301/2133/1599 2313/2145/1611 2312/2144/1610 2300/2132/1598
f 2302/2134/1600 2314/2146/1612 2313/2145/1611 2301/2133/1599
f 2303/2135/1601 2315/2147/1613 2314/2146/1612 2302/2134/1600
f 2304/2136/1602 2316/2148/1614 2315/2147/1613 2303/2135/1601
f 2305/2137/1603 2317/2149/1615 2316/2148/1614 2304/2136/1602
f 2306/2138/1604 2318/2150/1616 2317/2149/1615 2305/2137/1603
f 2307/2139/1605 2319/2151/1617 2318/2150/1616 2306/2138/1604
f 2308/2140/1606 2320/2152/1618 2319/2151/1617 2307/2139/1605
f 2310/2141/1607 2322/2153/1619 2321/2154/1620 2309/2142/1608
f 2311/2143/1609 2323/2155/1621 2322/2153/1619 2310/2141/1607
f 2312/2144/1610 2324/2156/1622 2323/2155/1621 2311/2143/1609
f 2313/2145/1611 2325/2157/1623 2324/2156/1622 2312/2144/1610
f 2314/2146/1612 2326/2158/1624 2325/2157/1623 2313/2145/1611
f 2315/2147/1613 2327/2159/1625 2326/2158/1624 2314/2146/1612
f 2316/2148/1614 2328/2160/1626 2327/2159/1625 2315/2147/1613
f 2317/2149/1615 2329/2161/1627 2328/2160/1626 2316/2148/1614
f 2318/2150/1616 2330/2162/1628 2329/2161/1627 2317/2149/1615
f 2319/2151/1617 2331/2163/1629 2330/2162/1628 2318/2150/1616
f 2320/2152/1618 2332/2164/1630 2331/2163/1629 2319/2151/1617
f 2322/2153/1619 2334/2165/1631 2333/2166/1632 2321/2154/1620
f 2323/2155/1621 2335/2167/1633 2334/2165/1631 2322/2153/1619
f 2324/2156/1622 2336/2168/1634 2335/2167/1633 2323/2155/1621
f 2325/2157/1623 2337/2169/1635 2336/2168/1634 2324/2156/1622
f 2326/2158/1624 2338/2170/1636 2337/2169/1635 2325/2157/1623
f 2327/2159/1625 2339/2171/1637 2338/2170/1636 2326/2158/1624
f 2328/2160/1626 2340/2172/1638 2339/2171/1637 2327/2159/1625
f 2329/2161/1627 2341/2173/1639 2340/2172/1638 2328/2160/1626
f 2330/2162/1628 2342/2174/1640 2341/2173/1639 2329/2161/1627
f 2331/2163/1629 2343/2175/1641 2342/2174/1640 2330/2162/1628
f 2332/2164/1630 2344/2176/1642 2343/2175/1641 2331/2163/1629
f 2334/2165/1631 2346/2177/1019 2345/2178/1020 2333/2166/1632
f 2335/2167/1633 2347/2179/1021 2346/2177/1019 2334/2165/1631
f 2336/2168/1634 2348/2180/1022 2347/2179/1021 2335/2167/1633
f 2337/2169/1635 2349/2181/1023 2348/2180/1022 2336/2168/1634
f 2338/2170/1636 2350/2182/1024 2349/2181/1023 2337/2169/1635
f 2339/2171/1637 2351/2183/1025 2350/2182/1024 2338/2170/1636
f 2340/2172/1638 2352/2184/1026 2351/2183/1025 2339/2171/1637
f 2341/2173/1639 2353/2185/1027 2352/2184/1026 2340/2172/1638
f 2342/2174/1640 2354/2186/1028 2353/2185/1027 2341/2173/1639
f 2343/2175/1641 2355/2187/1029 2354/2186/1028 2342/2174/1640
f 2344/2176/1642 2356/2188/1030 2355/2187/1029 2343/2175/1641
f 2346/2177/1019 2358/2189/1643 2357/2190/1344 2345/2178/1020
f 2347/2179/1021 2359/2191/1644 2358/2189/1643 2346/2177/1019
f 2348/2180/1022 2360/2192/1645 2359/2191/1644 2347/2179/1021
f 2349/2181/1023 2361/2193/1646 2360/2192/1645 2348/2180/1022
f 2350/2182/1024 2362/2194/1647 2361/2193/1646 2349/2181/1023
f 2351/2183/1025 2363/2195/1648 2362/2194/1647 2350/2182/1024
f 2352/2184/1026 2364/2196/1649 2363/2195/1648 2351/2183/1025
f 2353/2185/1027 2365/2197/1650 2364/2196/1649 2352/2184/1026
f 2354/2186/1028 2366/2198/1651 2365/2197/1650 2353/2185/1027
f 2355/2187/1029 2367/2199/1652 2366/2198/1651 2354/2186/1028
f 2356/2188/1030 2368/2200/1354 2367/2199/1652 2355/2187/1029
f 2358/2189/1643 2370/1687/1653 2369/572/1654 2357/2190/1344
f 2359/2191/1644 2371/1688/1655 2370/1687/1653 2358/2189/1643
f 2360/2192/1645 2372/1689/1656 2371/1688/1655 2359/2191/1644
f 2361/2193/1646 2373/1690/1657 2372/1689/1656 2360/2192/1645
f 2362/2194/1647 2374/1691/1658 2373/1690/1657 2361/2193/1646
f 2363/2195/1648 2375/1692/1659 2374/1691/1658 2362/2194/1647
f 2364/2196/1649 2376/1693/1660 2375/1692/1659 2363/2195/1648
f 2365/2197/1650 2377/1694/1661 2376/1693/1660 2364/2196/1649
f 2366/2198/1651 2378/1695/1662 2377/1694/1661 2365/2197/1650
f 2367/2199/1652 2379/1696/1663 2378/1695/1662 2366/2198/1651
f 2368/2200/1354 2380/1697/1664 2379/1696/1663 2367/2199/1652
f 2370/1687/1653 2382/2201/1665 2381/2202/1666 2369/572/1654
f 2371/1688/1655 2383/2203/1667 2382/2201/1665 2370/1687/1653
f 2372/1689/1656 2384/2204/1668 2383/2203/1667 2371/1688/1655
f 2373/1690/1657 2385/2205/1669 2384/2204/1668 2372/1689/1656
f 2374/1691/1658 2386/2206/1670 2385/2205/1669 2373/1690/1657
f 2375/1692/1659 2387/2207/1671 2386/2206/1670 2374/1691/1658
f 2376/1693/1660 2388/2208/1672 2387/2207/1671 2375/1692/1659
f 2377/1694/1661 2389/2209/1673 2388/2208/1672 2376/1693/1660
f 2378/1695/1662 2390/2210/1674 2389/2209/1673 2377/1694/1661
f 2379/1696/1663 2391/2211/1675 2390/2210/1674 2378/1695/1662
f 2380/1697/1664 2392/2212/1676 2391/2211/1675 2379/1696/1663
f 2382/2201/1665 2394/2213/1677 2393/2214/1678 2381/2202/1666
f 2383/2203/1667 2395/2215/1679 2394/2213/1677 2382/2201/1665
f 2384/2204/1668 2396/2216/1680 2395/2215/1679 2383/2203/1667
f 2385/2205/1669 2397/2217/1681 2396/2216/1680 2384/2204/1668
f 2386/2206/1670 2398/2218/1682 2397/2217/1681 2385/2205/1669
f 2387/2207/1671 2399/2219/1683 2398/2218/1682 2386/2206/1670
f 2388/2208/1672 2400/2220/1684 2399/2219/1683 2387/2207/1671
f 2389/2209/1673 2401/2221/1685 2400/2220/1684 2388/2208/1672
f 2390/2210/1674 2402/2222/1686 2401/2221/1685 2389/2209/1673
f 2391/2211/1675 2403/2223/1687 2402/2222/1686 2390/2210/1674
f 2392/2212/1676 2404/2224/1688 2403/2223/1687 2391/2211/1675
f 2394/2213/1677 2406/2225/1689 2405/2226/1690 2393/2214/1678
f 2395/2215/1679 2407/2227/1691 2406/2225/1689 2394/2213/1677
f 2396/2216/1680 2408/2228/1692 2407/2227/1691 2395/2215/1679
f 2397/2217/1681 2409/2229/1693 2408/2228/1692 2396/2216/1680
f 2398/2218/1682 2410/2230/1694 2409/2229/1693 2397/2217/1681
f 2399/2219/1683 2411/2231/1695 2410/2230/1694 2398/2218/1682
f 2400/2220/1684 2412/2232/1696 2411/2231/1695 2399/2219/1683
f 2401/2221/1685 2413/2233/1697 2412/2232/1696 2400/2220/1684
f 2402/2222/1686 2414/2234/1698 2413/2233/1697 2401/2221/1685
f 2403/2223/1687 2415/2235/1699 2414/2234/1698 2402/2222/1686
f 2404/2224/1688 2416/2236/1700 2415/2235/1699 2403/2223/1687
f 2406/2225/1689 2418/2237/1701 2417/2238/1702 2405/2226/1690
f 2407/2227/1691 2419/2239/1703 2418/2237/1701 2406/2225/1689
f 2408/2228/1692 2420/2240/1704 2419/2239/1703 2407/2227/1691
f 2409/2229/1693 2421/2241/1705 2420/2240/1704 2408/2228/1692
f 2410/2230/1694 2422/2242/1706 2421/2241/1705 2409/2229/1693
f 2411/2231/1695 2423/2243/1707 2422/2242/1706 2410/2230/1694
f 2412/2232/1696 2424/2244/1708 2423/2243/1707 2411/2231/1695
f 2413/2233/1697 2425/2245/1709 2424/2244/1708 2412/2232/1696
f 2414/2234/1698 2426/2246/1710 2425/2245/1709 2413/2233/1697
f 2415/2235/1699 2427/2247/1711 2426/2246/1710 2414/2234/1698
f 2416/2236/1700 2428/2248/1712 2427/2247/1711 2415/2235/1699
f 2418/2237/1701 2430/2249/1713 2429/2250/1714 2417/2238/1702
f 2419/2239/1703 2431/2251/1715 2430/2249/1713 2418/2237/1701
f 2420/2240/1704 2432/2252/1716 2431/2251/1715 2419/2239/1703
f 2421/2241/1705 2433/2253/1717 2432/2252/1716 2420/2240/1704
f 2422/2242/1706 2434/2254/1718 2433/2253/1717 2421/2241/1705
f 2423/2243/1707 2435/2255/1719 2434/2254/1718 2422/2242/1706
f 2424/2244/1708 2436/2256/1720 2435/2255/1719 2423/2243/1707
f 2425/2245/1709 2437/2257/1721 2436/2256/1720 2424/2244/1708
f 2426/2246/1710 2438/2258/1722 2437/2257/1721 2425/2245/1709
f 2427/2247/1711 2439/2259/1723 2438/2258/1722 2426/2246/1710
f 2428/2248/1712 2440/2260/1724 2439/2259/1723 2427/2247/1711
f 2430/2249/1713 2442/2261/1725 2441/2262/1726 2429/2250/1714
f 2431/2251/1715 2443/2263/1727 2442/2261/1725 2430/2249/1713
f 2432/2252/1716 2444/2264/1728 2443/2263/1727 2431/2251/1715
f 2433/2253/1717 2445/2265/1729 2444/2264/1728 2432/2252/1716
f 2434/2254/1718 2446/2266/1730 2445/2265/1729 2433/2253/1717
f 2435/2255/1719 2447/2267/1731 2446/2266/1730 2434/2254/1718
f 2436/2256/1720 2448/2268/1732 2447/2267/1731 2435/2255/1719
f 2437/2257/1721 2449/2269/1733 2448/2268/1732 2436/2256/1720
f 2438/2258/1722 2450/2270/1734 2449/2269/1733 2437/2257/1721
f 2439/2259/1723 2451/2271/1735 2450/2270/1734 2438/2258/1722
f 2440/2260/1724 2452/2272/1736 2451/2271/1735 2439/2259/1723
f 2442/2261/1725 2454/2273/1737 2453/2274/1738 2441/2262/1726
f 2443/2263/1727 2455/2275/1739 2454/2273/1737 2442/2261/1725
f 2444/2264/1728 2456/2276/1740 2455/2275/1739 2443/2263/1727
f 2445/2265/1729 2457/2277/1741 2456/2276/1740 2444/2264/1728
f 2446/2266/1730 2458/2278/1742 2457/2277/1741 2445/2265/1729
f 2447/2267/1731 2459/2279/1743 2458/2278/1742 2446/2266/1730
f 2448/2268/1732 2460/2280/1744 2459/2279/1743 2447/2267/1731
f 2449/2269/1733 2461/2281/1745 2460/2280/1744 2448/2268/1732
f 2450/2270/1734 2462/2282/1746 2461/2281/1745 2449/2269/1733
f 2451/2271/1735 2463/2283/1747 2462/2282/1746 2450/2270/1734
f 2452/2272/1736 2464/2284/1748 2463/2283/1747 2451/2271/1735
f 2454/2273/1737 2466/2285/1749 2465/2286/1750 2453/2274/1738
f 2455/2275/1739 2467/2287/1751 2466/2285/1749 2454/2273/1737
f 2456/2276/1740 2468/2288/1752 2467/2287/1751 2455/2275/1739
f 2457/2277/1741 2469/2289/1753 2468/2288/1752 2456/2276/1740
f 2458/2278/1742 2470/2290/1754 2469/2289/1753 2457/2277/1741
f 2459/2279/1743 2471/2291/1755 2470/2290/1754 2458/2278/1742
f 2460/2280/1744 2472/2292/1756 2471/2291/1755 2459/2279/1743
f 2461/2281/1745 2473/2293/1757 2472/2292/1756 2460/2280/1744
f 2462/2282/1746 2474/2294/1758 2473/2293/1757 2461/2281/1745
f 2463/2283/1747 2475/2295/1759 2474/2294/1758 2462/2282/1746
f 2464/2284/1748 2476/2296/1760 2475/2295/1759 2463/2283/1747
f 2466/2285/1749 2478/2297/1761 2477/2298/1762 2465/2286/1750
f 2467/2287/1751 2479/2299/1763 2478/2297/1761 2466/2285/1749
f 2468/2288/1752 2480/2300/1764 2479/2299/1763 2467/2287/1751
f 2469/2289/1753 2481/2301/1765 2480/2300/1764 2468/2288/1752
f 2470/2290/1754 2482/2302/1766 2481/2301/1765 2469/2289/1753
f 2471/2291/1755 2483/2303/1767 2482/2302/1766 2470/2290/1754
f 2472/2292/1756 2484/2304/1768 2483/2303/1767 2471/2291/1755
f 2473/2293/1757 2485/2305/1769 2484/2304/1768 2472/2292/1756
f 2474/2294/1758 2486/2306/1770 2485/2305/1769 2473/2293/1757
f 2475/2295/1759 2487/2307/1771 2486/2306/1770 2474/2294/1758
f 2476/2296/1760 2488/2308/1772 2487/2307/1771 2475/2295/1759
f 2478/2297/1761 2490/2309/1773 2489/2310/1774 2477/2298/1762
f 2479/2299/1763 2491/2311/1775 2490/2309/1773 2478/2297/1761
f 2480/2300/1764 2492/2312/1776 2491/2311/1775 2479/2299/1763
f 2481/2301/1765 2493/2313/1777 2492/2312/1776 2480/2300/1764
f 2482/2302/1766 2494/2314/1778 2493/2313/1777 2481/2301/1765
f 2483/2303/1767 2495/2315/1779 2494/2314/1778 2482/2302/1766
f 2484/2304/1768 2496/2316/1780 2495/2315/1779 2483/2303/1767
f 2485/2305/1769 2497/2317/1781 2496/2316/1780 2484/2304/1768
f 2486/2306/1770 2498/2318/1782 2497/2317/1781 2485/2305/1769
f 2487/2307/1771 2499/2319/1783 2498/2318/1782 2486/2306/1770
f 2488/2308/1772 2500/2320/1784 2499/2319/1783 2487/2307/1771
f 2490/2309/1773 2502/2321/1785 2501/2322/1786 2489/2310/1774
f 2491/2311/1775 2503/2323/1787 2502/2321/1785 2490/2309/1773
f 2492/2312/1776 2504/2324/1788 2503/2323/1787 2491/2311/1775
f 2493/2313/1777 2505/2325/1789 2504/2324/1788 2492/2312/1776
f 2494/2314/1778 2506/2326/1790 2505/2325/1789 2493/2313/1777
f 2495/2315/1779 2507/2327/1791 2506/2326/1790 2494/2314/1778
f 2496/2316/1780 2508/2328/1792 2507/2327/1791 2495/2315/1779
f 2497/2317/1781 2509/2329/1793 2508/2328/1792 2496/2316/1780
f 2498/2318/1782 2510/2330/1794 2509/2329/1793 2497/2317/1781
f 2499/2319/1783 2511/2331/1795 2510/2330/1794 2498/2318/1782
f 2500/2320/1784 2512/2332/1796 2511/2331/1795 2499/2319/1783
f 2502/2321/1785 2514/2333/1797 2513/2334/1798 2501/2322/1786
f 2503/2323/1787 2515/2335/1799 2514/2333/1797 2502/2321/1785
f 2504/2324/1788 2516/2336/1800 2515/2335/1799 2503/2323/1787
f 2505/2325/1789 2517/2337/1801 2516/2336/1800 2504/2324/1788
f 2506/2326/1790 2518/2338/1802 2517/2337/1801 2505/2325/1789
f 2507/2327/1791 2519/2339/1803 2518/2338/1802 2506/2326/1790
f 2508/2328/1792 2520/2340/1804 2519/2339/1803 2507/2327/1791
f 2509/2329/1793 2521/2341/1805 2520/2340/1804 2508/2328/1792
f 2510/2330/1794 2522/2342/1806 2521/2341/1805 2509/2329/1793
f 2511/2331/1795 2523/2343/1807 2522/2342/1806 2510/2330/1794
f 2512/2332/1796 2524/2344/1808 2523/2343/1807 2511/2331/1795
f 2514/2333/1797 2526/2345/1809 2525/506/544 2513/2334/1798
f 2515/2335/1799 2527/2346/1810 2526/2345/1809 2514/2333/1797
f 2516/2336/1800 2528/2347/1811 2527/2346/1810 2515/2335/1799
f 2517/2337/1801 2529/2348/1812 2528/2347/1811 2516/2336/1800
f 2518/2338/1802 2530/2349/1813 2529/2348/1812 2517/2337/1801
f 2519/2339/1803 2531/2350/1814 2530/2349/1813 2518/2338/1802
f 2520/2340/1804 2532/2351/1815 2531/2350/1814 2519/2339/1803
f 2521/2341/1805 2533/2352/1816 2532/2351/1815 2520/2340/1804
f 2522/2342/1806 2534/2353/1817 2533/2352/1816 2521/2341/1805
f 2523/2343/1807 2535/2354/1818 2534/2353/1817 2522/2342/1806
f 2524/2344/1808 2536/2355/554 2535/2354/1818 2523/2343/1807
f 2526/2345/1809 2538/2356/1819 2537/2357/1820 2525/506/544
f 2527/2346/1810 2539/2358/1821 2538/2356/1819 2526/2345/1809
f 2528/2347/1811 2540/2359/1822 2539/2358/1821 2527/2346/1810
f 2529/2348/1812 2541/2360/1823 2540/2359/1822 2528/2347/1811
f 2530/2349/1813 2542/2361/1824 2541/2360/1823 2529/2348/1812
f 2531/2350/1814 2543/2362/1825 2542/2361/1824 2530/2349/1813
f 2532/2351/1815 2544/2363/1826 2543/2362/1825 2531/2350/1814
f 2533/2352/1816 2545/2364/1827 2544/2363/1826 2532/2351/1815
f 2534/2353/1817 2546/2365/1828 2545/2364/1827 2533/2352/1816
f 2535/2354/1818 2547/2366/1829 2546/2365/1828 2534/2353/1817
f 2536/2355/554 2548/2367/1830 2547/2366/1829 2535/2354/1818
f 2538/2356/1819 2550/2368/1831 2549/2369/1832 2537/2357/1820
f 2539/2358/1821 2551/2370/1833 2550/2368/1831 2538/2356/1819
f 2540/2359/1822 2552/2371/1834 2551/2370/1833 2539/2358/1821
f 2541/2360/1823 2553/2372/1835 2552/2371/1834 2540/2359/1822
f 2542/2361/1824 2554/2373/1836 2553/2372/1835 2541/2360/1823
f 2543/2362/1825 2555/2374/1837 2554/2373/1836 2542/2361/1824
f 2544/2363/1826 2556/2375/1838 2555/2374/1837 2543/2362/1825
f 2545/2364/1827 2557/2376/1839 2556/2375/1838 2544/2363/1826
f 2546/2365/1828 2558/2377/1840 2557/2376/1839 2545/2364/1827
f 2547/2366/1829 2559/2378/1841 2558/2377/1840 2546/2365/1828
f 2548/2367/1830 2560/2379/1842 2559/2378/1841 2547/2366/1829
f 2550/2368/1831 2562/2380/1843 2561/2381/1844 2549/2369/1832
f 2551/2370/1833 2563/2382/1845 2562/2380/1843 2550/2368/1831
f 2552/2371/1834 2564/2383/1846 2563/2382/1845 2551/2370/1833
f 2553/2372/1835 2565/2384/1847 2564/2383/1846 2552/2371/1834
f 2554/2373/1836 2566/2385/1848 2565/2384/1847 2553/2372/1835
f 2555/2374/1837 2567/2386/1849 2566/2385/1848 2554/2373/1836
f 2556/2375/1838 2568/2387/1850 2567/2386/1849 2555/2374/1837
f 2557/2376/1839 2569/2388/1851 2568/2387/1850 2556/2375/1838
f 2558/2377/1840 2570/2389/1852 2569/2388/1851 2557/2376/1839
f 2559/2378/1841 2571/2390/1853 2570/2389/1852 2558/2377/1840
f 2560/2379/1842 2572/2391/1854 2571/2390/1853 2559/2378/1841
f 2562/2380/1843 2574/2392/1855 2573/2393/1856 2561/2381/1844
f 2563/2382/1845 2575/2394/1857 2574/2392/1855 2562/2380/1843
f 2564/2383/1846 2576/2395/1858 2575/2394/1857 2563/2382/1845
f 2565/2384/1847 2577/2396/1859 2576/2395/1858 2564/2383/1846
f 2566/2385/1848 2578/2397/1860 2577/2396/1859 2565/2384/1847
f 2567/2386/1849 2579/2398/1861 2578/2397/1860 2566/2385/1848
f 2568/2387/1850 2580/2399/1862 2579/2398/1861 2567/2386/1849
f 2569/2388/1851 2581/2400/1863 2580/2399/1862 2568/2387/1850
f 2570/2389/1852 2582/2401/1864 2581/2400/1863 2569/2388/1851
f 2571/2390/1853 2583/2402/1865 2582/2401/1864 2570/2389/1852
f 2572/2391/1854 2584/2403/1866 2583/2402/1865 2571/2390/1853
f 2574/2392/1855 2586/2404/1867 2585/2405/1868 2573/2393/1856
f 2575/2394/1857 2587/2406/1869 2586/2404/1867 2574/2392/1855
f 2576/2395/1858 2588/2407/1870 2587/2406/1869 2575/2394/1857
f 2577/2396/1859 2589/2408/1871 2588/2407/1870 2576/2395/1858
f 2578/2397/1860 2590/2409/1872 2589/2408/1871 2577/2396/1859
f 2579/2398/1861 2591/2410/1873 2590/2409/1872 2578/2397/1860
f 2580/2399/1862 2592/2411/1874 2591/2410/1873 2579/2398/1861
f 2581/2400/1863 2593/2412/1875 2592/2411/1874 2580/2399/1862
f 2582/2401/1864 2594/2413/1876 2593/2412/1875 2581/2400/1863
f 2583/2402/1865 2595/2414/1877 2594/2413/1876 2582/2401/1864
f 2584/2403/1866 2596/2415/1878 2595/2414/1877 2583/2402/1865
f 2586/2404/1867 2598/2416/1879 2597/2417/1880 2585/2405/1868
f 2587/2406/1869 2599/2418/1881 2598/2416/1879 2586/2404/1867
f 2588/2407/1870 2600/2419/1882 2599/2418/1881 2587/2406/1869
f 2589/2408/1871 2601/2420/1883 2600/2419/1882 2588/2407/1870
f 2590/2409/1872 2602/2421/1884 2601/2420/1883 2589/2408/1871
f 2591/2410/1873 2603/2422/1885 2602/2421/1884 2590/2409/1872
f 2592/2411/1874 2604/2423/1886 2603/2422/1885 2591/2410/1873
f 2593/2412/1875 2605/2424/1887 2604/2423/1886 2592/2411/1874
f 2594/2413/1876 2606/2425/1888 2605/2424/1887 2593/2412/1875
f 2595/2414/1877 2607/2426/1889 2606/2425/1888 2594/2413/1876
f 2596/2415/1878 2608/2427/1890 2607/2426/1889 2595/2414/1877
f 2598/2416/1879 2610/2428/1891 2609/2429/1892 2597/2417/1880
f 2599/2418/1881 2611/2430/1893 2610/2428/1891 2598/2416/1879
f 2600/2419/1882 2612/2431/1894 2611/2430/1893 2599/2418/1881
f 2601/2420/1883 2613/2432/1895 2612/2431/1894 2600/2419/1882
f 2602/2421/1884 2614/2433/1896 2613/2432/1895 2601/2420/1883
f 2603/2422/1885 2615/2434/1897 2614/2433/1896 2602/2421/1884
f 2604/2423/1886 2616/2435/1898 2615/2434/1897 2603/2422/1885
f 2605/2424/1887 2617/2436/1899 2616/2435/1898 2604/2423/1886
f 2606/2425/1888 2618/2437/1900 2617/2436/1899 2605/2424/1887
f 2607/2426/1889 2619/2438/1901 2618/2437/1900 2606/2425/1888
f 2608/2427/1890 2620/2439/1902 2619/2438/1901 2607/2426/1889
f 2610/2428/1891 2622/2440/1903 2621/2441/1904 2609/2429/1892
f 2611/2430/1893 2623/2442/1905 2622/2440/1903 2610/2428/1891
f 2612/2431/1894 2624/2443/1906 2623/2442/1905 2611/2430/1893
f 2613/2432/1895 2625/2444/1907 2624/2443/1906 2612/2431/1894
f 2614/2433/1896 2626/2445/1908 2625/2444/1907 2613/2432/1895
f 2615/2434/1897 2627/2446/1909 2626/2445/1908 2614/2433/1896
f 2616/2435/1898 2628/2447/1910 2627/2446/1909 2615/2434/1897
f 2617/2436/1899 2629/2448/1911 2628/2447/1910 2616/2435/1898
f 2618/2437/1900 2630/2449/1912 2629/2448/1911 2617/2436/1899
f 2619/2438/1901 2631/2450/1913 2630/2449/1912 2618/2437/1900
f 2620/2439/1902 2632/2451/1914 2631/2450/1913 2619/2438/1901
f 2622/2440/1903 2634/2452/1915 2633/2453/1916 2621/2441/1904
f 2623/2442/1905 2635/2454/1917 2634/2452/1915 2622/2440/1903
f 2624/2443/1906 2636/2455/1918 2635/2454/1917 2623/2442/1905
f 2625/2444/1907 2637/2456/1919 2636/2455/1918 2624/2443/1906
f 2626/2445/1908 2638/2457/1920 2637/2456/1919 2625/2444/1907
f 2627/2446/1909 2639/2458/1921 2638/2457/1920 2626/2445/1908
f 2628/2447/1910 2640/2459/1922 2639/2458/1921 2627/2446/1909
f 2629/2448/1911 2641/2460/1923 2640/2459/1922 2628/2447/1910
f 2630/2449/1912 2642/2461/1924 2641/2460/1923 2629/2448/1911
f 2631/2450/1913 2643/2462/1925 2642/2461/1924 2630/2449/1912
f 2632/2451/1914 2644/2463/1926 2643/2462/1925 2631/2450/1913
f 2634/2452/1915 2646/2464/1927 2645/2465/1928 2633/2453/1916
f 2635/2454/1917 2647/2466/1929 2646/2464/1927 2634/2452/1915
f 2636/2455/1918 2648/2467/1930 2647/2466/1929 2635/2454/1917
f 2637/2456/1919 2649/2468/1931 2648/2467/1930 2636/2455/1918
f 2638/2457/1920 2650/2469/1932 2649/2468/1931 2637/2456/1919
f 2639/2458/1921 2651/2470/1933 2650/2469/1932 2638/2457/1920
f 2640/2459/1922 2652/2471/1934 2651/2470/1933 2639/2458/1921
f 2641/2460/1923 2653/2472/1935 2652/2471/1934 2640/2459/1922
f 2642/2461/1924 2654/2473/1936 2653/2472/1935 2641/2460/1923
f 2643/2462/1925 2655/2474/1937 2654/2473/1936 2642/2461/1924
f 2644/2463/1926 2656/2475/1938 2655/2474/1937 2643/2462/1925
f 2646/2464/1927 2658/2476/1939 2657/2477/1940 2645/2465/1928
f 2647/2466/1929 2659/2478/1941 2658/2476/1939 2646/2464/1927
f 2648/2467/1930 2660/2479/1942 2659/2478/1941 2647/2466/1929
f 2649/2468/1931 2661/2480/1943 2660/2479/1942 2648/2467/1930
f 2650/2469/1932 2662/2481/1944 2661/2480/1943 2649/2468/1931
f 2651/2470/1933 2663/2482/1945 2662/2481/1944 2650/2469/1932
f 2652/2471/1934 2664/2483/1946 2663/2482/1945 2651/2470/1933
f 2653/2472/1935 2665/2484/1947 2664/2483/1946 2652/2471/1934
f 2654/2473/1936 2666/2485/1948 2665/2484/1947 2653/2472/1935
f 2655/2474/1937 2667/2486/1949 2666/2485/1948 2654/2473/1936
f 2656/2475/1938 2668/2487/1950 2667/2486/1949 2655/2474/1937
f 2658/2476/1939 2670/2488/1951 2669/2489/1952 2657/2477/1940
f 2659/2478/1941 2671/2490/1953 2670/2488/1951 2658/2476/1939
f 2660/2479/1942 2672/2491/1954 2671/2490/1953 2659/2478/1941
f 2661/2480/1943 2673/2492/1955 2672/2491/1954 2660/2479/1942
f 2662/2481/1944 2674/2493/1956 2673/2492/1955 2661/2480/1943
f 2663/2482/1945 2675/2494/1957 2674/2493/1956 2662/2481/1944
f 2664/2483/1946 2676/2495/1958 2675/2494/1957 2663/2482/1945
f 2665/2484/1947 2677/2496/1959 2676/2495/1958 2664/2483/1946
f 2666/2485/1948 2678/2497/1960 2677/2496/1959 2665/2484/1947
f 2667/2486/1949 2679/2498/1961 2678/2497/1960 2666/2485/1948
f 2668/2487/1950 2680/2499/1962 2679/2498/1961 2667/2486/1949
f 2670/2488/1951 2682/1794/1963 2681/615/1964 2669/2489/1952
f 2671/2490/1953 2683/1795/1965 2682/1794/1963 2670/2488/1951
f 2672/2491/1954 2684/1796/1966 2683/1795/1965 2671/2490/1953
f 2673/2492/1955 2685/1797/1967 2684/1796/1966 2672/2491/1954
f 2674/2493/1956 2686/1798/1968 2685/1797/1967 2673/2492/1955
f 2675/2494/1957 2687/1799/1969 2686/1798/1968 2674/2493/1956
f 2676/2495/1958 2688/1800/1970 2687/1799/1969 2675/2494/1957
f 2677/2496/1959 2689/1801/1971 2688/1800/1970 2676/2495/1958
f 2678/2497/1960 2690/1802/1972 2689/1801/1971 2677/2496/1959
f 2679/2498/1961 2691/1803/1973 2690/1802/1972 2678/2497/1960
f 2680/2499/1962 2692/1804/1974 2691/1803/1973 2679/2498/1961
f 2682/1794/1963 2694/2500/1975 2693/2501/1976 2681/615/1964
f 2683/1795/1965 2695/2502/1977 2694/2500/1975 2682/1794/1963
f 2684/1796/1966 2696/2503/1978 2695/2502/1977 2683/1795/1965
f 2685/1797/1967 2697/2504/1979 2696/2503/1978 2684/1796/1966
f 2686/1798/1968 2698/2505/1980 2697/2504/1979 2685/1797/1967
f 2687/1799/1969 2699/2506/1981 2698/2505/1980 2686/1798/1968
f 2688/1800/1970 2700/2507/1982 2699/2506/1981 2687/1799/1969
f 2689/1801/1971 2701/2508/1983 2700/2507/1982 2688/1800/1970
f 2690/1802/1972 2702/2509/1984 2701/2508/1983 2689/1801/1971
f 2691/1803/1973 2703/2510/1985 2702/2509/1984 2690/1802/1972
f 2692/1804/1974 2704/2511/1986 2703/2510/1985 2691/1803/1973
f 2694/2500/1975 2706/2512/1987 2705/2513/1988 2693/2501/1976
f 2695/2502/1977 2707/2514/1989 2706/2512/1987 2694/2500/1975
f 2696/2503/1978 2708/2515/1990 2707/2514/1989 2695/2502/1977
f 2697/2504/1979 2709/2516/1991 2708/2515/1990 2696/2503/1978
f 2698/2505/1980 2710/2517/1992 2709/2516/1991 2697/2504/1979
f 2699/2506/1981 2711/2518/1993 2710/2517/1992 2698/2505/1980
f 2700/2507/1982 2712/2519/1994 2711/2518/1993 2699/2506/1981
f 2701/2508/1983 2713/2520/1995 2712/2519/1994 2700/2507/1982
f 2702/2509/1984 2714/2521/1996 2713/2520/1995 2701/2508/1983
f 2703/2510/1985 2715/2522/1997 2714/2521/1996 2702/2509/1984
f 2704/2511/1986 2716/2523/1998 2715/2522/1997 2703/2510/1985
f 2706/2512/1987 2718/2524/1999 2717/2525/2000 2705/2513/1988
f 2707/2514/1989 2719/2526/2001 2718/2524/1999 2706/2512/1987
f 2708/2515/1990 2720/2527/2002 2719/2526/2001 2707/2514/1989
f 2709/2516/1991 2721/2528/2003 2720/2527/2002 2708/2515/1990
f 2710/2517/1992 2722/2529/2004 2721/2528/2003 2709/2516/1991
f 2711/2518/1993 2723/2530/2005 2722/2529/2004 2710/2517/1992
f 2712/2519/1994 2724/2531/2006 2723/2530/2005 2711/2518/1993
f 2713/2520/1995 2725/2532/2007 2724/2531/2006 2712/2519/1994
f 2714/2521/1996 2726/2533/2008 2725/2532/2007 2713/2520/1995
f 2715/2522/1997 2727/2534/2009 2726/2533/2008 2714/2521/1996
f 2716/2523/1998 2728/2535/2010 2727/2534/2009 2715/2522/1997
f 2718/2524/1999 2730/2536/2011 2729/2537/2012 2717/2525/2000
f 2719/2526/2001 2731/2538/2013 2730/2536/2011 2718/2524/1999
f 2720/2527/2002 2732/2539/2014 2731/2538/2013 2719/2526/2001
f 2721/2528/2003 2733/2540/2015 2732/2539/2014 2720/2527/2002
f 2722/2529/2004 2734/2541/2016 2733/2540/2015 2721/2528/2003
f 2723/2530/2005 2735/2542/2017 2734/2541/2016 2722/2529/2004
f 2724/2531/2006 2736/2543/2018 2735/2542/2017 2723/2530/2005
f 2725/2532/2007 2737/2544/2019 2736/2543/2018 2724/2531/2006
f 2726/2533/2008 2738/2545/2020 2737/2544/2019 2725/2532/2007
f 2727/2534/2009 2739/2546/2021 2738/2545/2020 2726/2533/2008
f 2728/2535/2010 2740/2547/2022 2739/2546/2021 2727/2534/2009
f 2730/2536/2011 2742/2548/2023 2741/2549/2024 2729/2537/2012
f 2731/2538/2013 2743/2550/2025 2742/2548/2023 2730/2536/2011
f 2732/2539/2014 2744/2551/2026 2743/2550/2025 2731/2538/2013
f 2733/2540/2015 2745/2552/2027 2744/2551/2026 2732/2539/2014
f 2734/2541/2016 2746/2553/2028 2745/2552/2027 2733/2540/2015
f 2735/2542/2017 2747/2554/2029 2746/2553/2028 2734/2541/2016
f 2736/2543/2018 2748/2555/2030 2747/2554/2029 2735/2542/2017
f 2737/2544/2019 2749/2556/2031 2748/2555/2030 2736/2543/2018
f 2738/2545/2020 2750/2557/2032 2749/2556/2031 2737/2544/2019
f 2739/2546/2021 2751/2558/2033 2750/2557/2032 2738/2545/2020
f 2740/2547/2022 2752/2559/2034 2751/2558/2033 2739/2546/2021
f 2742/2548/2023 2754/2560/2035 2753/2561/2036 2741/2549/2024
f 2743/2550/2025 2755/2562/2037 2754/2560/2035 2742/2548/2023
f 2744/2551/2026 2756/2563/2038 2755/2562/2037 2743/2550/2025
f 2745/2552/2027 2757/2564/2039 2756/2563/2038 2744/2551/2026
f 2746/2553/2028 2758/2565/2040 2757/2564/2039 2745/2552/2027
f 2747/2554/2029 2759/2566/2041 2758/2565/2040 2746/2553/2028
f 2748/2555/2030 2760/2567/2042 2759/2566/2041 2747/2554/2029
f 2749/2556/2031 2761/2568/2043 2760/2567/2042 2748/2555/2030
f 2750/2557/2032 2762/2569/2044 2761/2568/2043 2749/2556/2031
f 2751/2558/2033 2763/2570/2045 2762/2569/2044 2750/2557/2032
f 2752/2559/2034 2764/2571/2046 2763/2570/2045 2751/2558/2033
f 2754/2560/2035 2766/2572/2047 2765/2573/2048 2753/2561/2036
f 2755/2562/2037 2767/2574/2049 2766/2572/2047 2754/2560/2035
f 2756/2563/2038 2768/2575/2050 2767/2574/2049 2755/2562/2037
f 2757/2564/2039 2769/2576/2051 2768/2575/2050 2756/2563/2038
f 2758/2565/2040 2770/2577/2052 2769/2576/2051 2757/2564/2039
f 2759/2566/2041 2771/2578/2053 2770/2577/2052 2758/2565/2040
f 2760/2567/2042 2772/2579/2054 2771/2578/2053 2759/2566/2041
f 2761/2568/2043 2773/2580/2055 2772/2579/2054 2760/2567/2042
f 2762/2569/2044 2774/2581/2056 2773/2580/2055 2761/2568/2043
f 2763/2570/2045 2775/2582/2057 2774/2581/2056 2762/2569/2044
f 2764/2571/2046 2776/2583/2058 2775/2582/2057 2763/2570/2045
f 2766/2572/2047 2778/2584/2059 2777/2585/2060 2765/2573/2048
f 2767/2574/2049 2779/2586/2061 2778/2584/2059 2766/2572/2047
f 2768/2575/2050 2780/2587/2062 2779/2586/2061 2767/2574/2049
f 2769/2576/2051 2781/2588/2063 2780/2587/2062 2768/2575/2050
f 2770/2577/2052 2782/2589/2064 2781/2588/2063 2769/2576/2051
f 2771/2578/2053 2783/2590/2065 2782/2589/2064 2770/2577/2052
f 2772/2579/2054 2784/2591/2066 2783/2590/2065 2771/2578/2053
f 2773/2580/2055 2785/2592/2067 2784/2591/2066 2772/2579/2054
f 2774/2581/2056 2786/2593/2068 2785/2592/2067 2773/2580/2055
f 2775/2582/2057 2787/2594/2069 2786/2593/2068 2774/2581/2056
f 2776/2583/2058 2788/2595/2070 2787/2594/2069 2775/2582/2057
f 2778/2584/2059 2790/2596/2071 2789/2597/2072 2777/2585/2060
f 2779/2586/2061 2791/2598/2073 2790/2596/2071 2778/2584/2059
f 2780/2587/2062 2792/2599/2074 2791/2598/2073 2779/2586/2061
f 2781/2588/2063 2793/2600/2075 2792/2599/2074 2780/2587/2062
f 2782/2589/2064 2794/2601/2076 2793/2600/2075 2781/2588/2063
f 2783/2590/2065 2795/2602/2077 2794/2601/2076 2782/2589/2064
f 2784/2591/2066 2796/2603/2078 2795/2602/2077 2783/2590/2065
f 2785/2592/2067 2797/2604/2079 2796/2603/2078 2784/2591/2066
f 2786/2593/2068 2798/2605/2080 2797/2604/2079 2785/2592/2067
f 2787/2594/2069 2799/2606/2081 2798/2605/2080 2786/2593/2068
f 2788/2595/2070 2800/2607/2082 2799/2606/2081 2787/2594/2069
f 2790/2596/2071 2802/2608/2083 2801/2609/2084 2789/2597/2072
f 2791/2598/2073 2803/2610/2085 2802/2608/2083 2790/2596/2071
f 2792/2599/2074 2804/2611/2086 2803/2610/2085 2791/2598/2073
f 2793/2600/2075 2805/2612/2087 2804/2611/2086 2792/2599/2074
f 2794/2601/2076 2806/2613/2088 2805/2612/2087 2793/2600/2075
f 2795/2602/2077 2807/2614/2089 2806/2613/2088 2794/2601/2076
f 2796/2603/2078 2808/2615/2090 2807/2614/2089 2795/2602/2077
f 2797/2604/2079 2809/2616/2091 2808/2615/2090 2796/2603/2078
f 2798/2605/2080 2810/2617/2092 2809/2616/2091 2797/2604/2079
f 2799/2606/2081 2811/2618/2093 2810/2617/2092 2798/2605/2080
f 2800/2607/2082 2812/2619/2094 2811/2618/2093 2799/2606/2081
f 2802/2608/2083 2814/2620/2095 2813/2621/2096 2801/2609/2084
f 2803/2610/2085 2815/2622/2097 2814/2620/2095 2802/2608/2083
f 2804/2611/2086 2816/2623/2098 2815/2622/2097 2803/2610/2085
f 2805/2612/2087 2817/2624/2099 2816/2623/2098 2804/2611/2086
f 2806/2613/2088 2818/2625/2100 2817/2624/2099 2805/2612/2087
f 2807/2614/2089 2819/2626/2101 2818/2625/2100 2806/2613/2088
f 2808/2615/2090 2820/2627/2102 2819/2626/2101 2807/2614/2089
f 2809/2616/2091 2821/2628/2103 2820/2627/2102 2808/2615/2090
f 2810/2617/2092 2822/2629/2104 2821/2628/2103 2809/2616/2091
f 2811/2618/2093 2823/2630/2105 2822/2629/2104 2810/2617/2092
f 2812/2619/2094 2824/2631/2106 2823/2630/2105 2811/2618/2093
f 2814/2620/2095 2826/2632/2107 2825/2633/2108 2813/2621/2096
f 2815/2622/2097 2827/2634/2109 2826/2632/2107 2814/2620/2095
f 2816/2623/2098 2828/2635/2110 2827/2634/2109 2815/2622/2097
f 2817/2624/2099 2829/2636/2111 2828/2635/2110 2816/2623/2098
f 2818/2625/2100 2830/2637/2112 2829/2636/2111 2817/2624/2099
f 2819/2626/2101 2831/2638/2113 2830/2637/2112 2818/2625/2100
f 2820/2627/2102 2832/2639/2114 2831/2638/2113 2819/2626/2101
f 2821/2628/2103 2833/2640/2115 2832/2639/2114 2820/2627/2102
f 2822/2629/2104 2834/2641/2116 2833/2640/2115 2821/2628/2103
f 2823/2630/2105 2835/2642/2117 2834/2641/2116 2822/2629/2104
f 2824/2631/2106 2836/2643/2118 2835/2642/2117 2823/2630/2105
f 2826/2632/2107 2838/2644/2119 2837/2645/2120 2825/2633/2108
f 2827/2634/2109 2839/2646/2121 2838/2644/2119 2826/2632/2107
f 2828/2635/2110 2840/2647/2122 2839/2646/2121 2827/2634/2109
f 2829/2636/2111 2841/2648/2123 2840/2647/2122 2828/2635/2110
f 2830/2637/2112 2842/2649/2124 2841/2648/2123 2829/2636/2111
f 2831/2638/2113 2843/2650/2125 2842/2649/2124 2830/2637/2112
f 2832/2639/2114 2844/2651/2126 2843/2650/2125 2831/2638/2113
f 2833/2640/2115 2845/2652/2127 2844/2651/2126 2832/2639/2114
f 2834/2641/2116 2846/2653/2128 2845/2652/2127 2833/2640/2115
f 2835/2642/2117 2847/2654/2129 2846/2653/2128 2834/2641/2116
f 2836/2643/2118 2848/2655/2130 2847/2654/2129 2835/2642/2117
f 2838/2644/2119 2850/2656/2131 2849/2657/2132 2837/2645/2120
f 2839/2646/2121 2851/2658/2133 2850/2656/2131 2838/2644/2119
f 2840/2647/2122 2852/2659/2134 2851/2658/2133 2839/2646/2121
f 2841/2648/2123 2853/2660/2135 2852/2659/2134 2840/2647/2122
f 2842/2649/2124 2854/2661/2136 2853/2660/2135 2841/2648/2123
f 2843/2650/2125 2855/2662/2137 2854/2661/2136 2842/2649/2124
f 2844/2651/2126 2856/2663/2138 2855/2662/2137 2843/2650/2125
f 2845/2652/2127 2857/2664/2139 2856/2663/2138 2844/2651/2126
f 2846/2653/2128 2858/2665/2140 2857/2664/2139 2845/2652/2127
f 2847/2654/2129 2859/2666/2141 2858/2665/2140 2846/2653/2128
f 2848/2655/2130 2860/2667/2142 2859/2666/2141 2847/2654/2129
f 2850/2656/2131 2862/2668/2143 2861/2669/2144 2849/2657/2132
f 2851/2658/2133 2863/2670/2145 2862/2668/2143 2850/2656/2131
f 2852/2659/2134 2864/2671/2146 2863/2670/2145 2851/2658/2133
f 2853/2660/2135 2865/2672/2147 2864/2671/2146 2852/2659/2134
f 2854/2661/2136 2866/2673/2148 2865/2672/2147 2853/2660/2135
f 2855/2662/2137 2867/2674/2149 2866/2673/2148 2854/2661/2136
f 2856/2663/2138 2868/2675/2150 2867/2674/2149 2855/2662/2137
f 2857/2664/2139 2869/2676/2151 2868/2675/2150 2856/2663/2138
f 2858/2665/2140 2870/2677/2152 2869/2676/2151 2857/2664/2139
f 2859/2666/2141 2871/2678/2153 2870/2677/2152 2858/2665/2140
f 2860/2667/2142 2872/2679/2154 2871/2678/2153 2859/2666/2141
f 2862/2668/2143 2874/2680/2155 2873/2681/2156 2861/2669/2144
f 2863/2670/2145 2875/2682/2157 2874/2680/2155 2862/2668/2143
f 2864/2671/2146 2876/2683/2158 2875/2682/2157 2863/2670/2145
f 2865/2672/2147 2877/2684/2159 2876/2683/2158 2864/2671/2146
f 2866/2673/2148 2878/2685/2160 2877/2684/2159 2865/2672/2147
f 2867/2674/2149 2879/2686/2161 2878/2685/2160 2866/2673/2148
f 2868/2675/2150 2880/2687/2162 2879/2686/2161 2867/2674/2149
f 2869/2676/2151 2881/2688/2163 2880/2687/2162 2868/2675/2150
f 2870/2677/2152 2882/2689/2164 2881/2688/2163 2869/2676/2151
f 2871/2678/2153 2883/2690/2165 2882/2689/2164 2870/2677/2152
f 2872/2679/2154 2884/2691/2166 2883/2690/2165 2871/2678/2153
f 2874/2680/2155 2886/2692/2167 2885/2693/2168 2873/2681/2156
f 2875/2682/2157 2887/2694/2169 2886/2692/2167 2874/2680/2155
f 2876/2683/2158 2888/2695/2170 2887/2694/2169 2875/2682/2157
f 2877/2684/2159 2889/2696/2171 2888/2695/2170 2876/2683/2158
f 2878/2685/2160 2890/2697/2172 2889/2696/2171 2877/2684/2159
f 2879/2686/2161 2891/2698/2173 2890/2697/2172 2878/2685/2160
f 2880/2687/2162 2892/2699/2174 2891/2698/2173 2879/2686/2161
f 2881/2688/2163 2893/2700/2175 2892/2699/2174 2880/2687/2162
f 2882/2689/2164 2894/2701/2176 2893/2700/2175 2881/2688/2163
f 2883/2690/2165 2895/2702/2177 2894/2701/2176 2882/2689/2164
f 2884/2691/2166 2896/2703/2178 2895/2702/2177 2883/2690/2165
f 2886/2692/2167 2898/2704/2179 2897/2705/2180 2885/2693/2168
f 2887/2694/2169 2899/2706/2181 2898/2704/2179 2886/2692/2167
f 2888/2695/2170 2900/2707/2182 2899/2706/2181 2887/2694/2169
f 2889/2696/2171 2901/2708/2183 2900/2707/2182 2888/2695/2170
f 2890/2697/2172 2902/2709/2184 2901/2708/2183 2889/2696/2171
f 2891/2698/2173 2903/2710/2185 2902/2709/2184 2890/2697/2172
f 2892/2699/2174 2904/2711/2186 2903/2710/2185 2891/2698/2173
f 2893/2700/2175 2905/2712/2187 2904/2711/2186 2892/2699/2174
f 2894/2701/2176 2906/2713/2188 2905/2712/2187 2893/2700/2175
f 2895/2702/2177 2907/2714/2189 2906/2713/2188 2894/2701/2176
f 2896/2703/2178 2908/2715/2190 2907/2714/2189 2895/2702/2177
f 2898/2704/2179 2910/2716/2191 2909/2717/2192 2897/2705/2180
f 2899/2706/2181 2911/2718/2193 2910/2716/2191 2898/2704/2179
f 2900/2707/2182 2912/2719/2194 2911/2718/2193 2899/2706/2181
f 2901/2708/2183 2913/2720/2195 2912/2719/2194 2900/2707/2182
f 2902/2709/2184 2914/2721/2196 2913/2720/2195 2901/2708/2183
f 2903/2710/2185 2915/2722/2197 2914/2721/2196 2902/2709/2184
f 2904/2711/2186 2916/2723/2198 2915/2722/2197 2903/2710/2185
f 2905/2712/2187 2917/2724/2199 2916/2723/2198 2904/2711/2186
f 2906/2713/2188 2918/2725/2200 2917/2724/2199 2905/2712/2187
f 2907/2714/2189 2919/2726/2201 2918/2725/2200 2906/2713/2188
f 2908/2715/2190 2920/2727/2202 2919/2726/2201 2907/2714/2189
f 2910/2716/2191 2922/2728/2203 2921/2729/2204 2909/2717/2192
f 2911/2718/2193 2923/2730/2205 2922/2728/2203 2910/2716/2191
f 2912/2719/2194 2924/2731/2206 2923/2730/2205 2911/2718/2193
f 2913/2720/2195 2925/2732/2207 2924/2731/2206 2912/2719/2194
f 2914/2721/2196 2926/2733/2208 2925/2732/2207 2913/2720/2195
f 2915/2722/2197 2927/2734/2209 2926/2733/2208 2914/2721/2196
f 2916/2723/2198 2928/2735/2210 2927/2734/2209 2915/2722/2197
f 2917/2724/2199 2929/2736/2211 2928/2735/2210 2916/2723/2198
f 2918/2725/2200 2930/2737/2212 2929/2736/2211 2917/2724/2199
f 2919/2726/2201 2931/2738/2213 2930/2737/2212 2918/2725/2200
f 2920/2727/2202 2932/2739/2214 2931/2738/2213 2919/2726/2201
f 2922/2728/2203 2934/2740/2215 2933/2741/2216 2921/2729/2204
f 2923/2730/2205 2935/2742/2217 2934/2740/2215 2922/2728/2203
f 2924/2731/2206 2936/2743/2218 2935/2742/2217 2923/2730/2205
f 2925/2732/2207 2937/2744/2219 2936/2743/2218 2924/2731/2206
f 2926/2733/2208 2938/2745/2220 2937/2744/2219 2925/2732/2207
f 2927/2734/2209 2939/2746/2221 2938/2745/2220 2926/2733/2208
f 2928/2735/2210 2940/2747/2222 2939/2746/2221 2927/2734/2209
f 2929/2736/2211 2941/2748/2223 2940/2747/2222 2928/2735/2210
f 2930/2737/2212 2942/2749/2224 2941/2748/2223 2929/2736/2211
f 2931/2738/2213 2943/2750/2225 2942/2749/2224 2930/2737/2212
f 2932/2739/2214 2944/2751/2226 2943/2750/2225 2931/2738/2213
f 2934/2740/2215 2946/2752/2227 2945/2753/2228 2933/2741/2216
f 2935/2742/2217 2947/2754/2229 2946/2752/2227 2934/2740/2215
f 2936/2743/2218 2948/2755/2230 2947/2754/2229 2935/2742/2217
f 2937/2744/2219 2949/2756/2231 2948/2755/2230 2936/2743/2218
f 2938/2745/2220 2950/2757/2232 2949/2756/2231 2937/2744/2219
f 2939/2746/2221 2951/2758/2233 2950/2757/2232 2938/2745/2220
f 2940/2747/2222 2952/2759/2234 2951/2758/2233 2939/2746/2221
f 2941/2748/2223 2953/2760/2235 2952/2759/2234 2940/2747/2222
f 2942/2749/2224 2954/2761/2236 2953/2760/2235 2941/2748/2223
f 2943/2750/2225 2955/2762/2237 2954/2761/2236 2942/2749/2224
f 2944/2751/2226 2956/2763/2238 2955/2762/2237 2943/2750/2225
f 2946/2752/2227 2958/2764/1019 2957/2765/1020 2945/2753/2228
f 2947/2754/2229 2959/2766/1021 2958/2764/1019 2946/2752/2227
f 2948/2755/2230 2960/2767/1022 2959/2766/1021 2947/2754/2229
f 2949/2756/2231 2961/2768/1023 2960/2767/1022 2948/2755/2230
f 2950/2757/2232 2962/2769/1024 2961/2768/1023 2949/2756/2231
f 2951/2758/2233 2963/2770/1025 2962/2769/1024 2950/2757/2232
f 2952/2759/2234 2964/2771/1026 2963/2770/1025 2951/2758/2233
f 2953/2760/2235 2965/2772/1027 2964/2771/1026 2952/2759/2234
f 2954/2761/2236 2966/2773/1028 2965/2772/1027 2953/2760/2235
f 2955/2762/2237 2967/2774/1029 2966/2773/1028 2954/2761/2236
f 2956/2763/2238 2968/2775/1030 2967/2774/1029 2955/2762/2237
f 2958/2764/1019 2970/2776/1643 2969/2777/1344 2957/2765/1020
f 2959/2766/1021 2971/2778/1644 2970/2776/1643 2958/2764/1019
f 2960/2767/1022 2972/2779/1645 2971/2778/1644 2959/2766/1021
f 2961/2768/1023 2973/2780/1646 2972/2779/1645 2960/2767/1022
f 2962/2769/1024 2974/2781/1647 2973/2780/1646 2961/2768/1023
f 2963/2770/1025 2975/2782/1648 2974/2781/1647 2962/2769/1024
f 2964/2771/1026 2976/2783/1649 2975/2782/1648 2963/2770/1025
f 2965/2772/1027 2977/2784/1650 2976/2783/1649 2964/2771/1026
f 2966/2773/1028 2978/2785/1651 2977/2784/1650 2965/2772/1027
f 2967/2774/1029 2979/2786/1652 2978/2785/1651 2966/2773/1028
f 2968/2775/1030 2980/2787/1354 2979/2786/1652 2967/2774/1029
f 2970/2776/1643 2982/2788/2239 2981/2789/2240 2969/2777/1344
f 2971/2778/1644 2983/2790/2241 2982/2788/2239 2970/2776/1643
f 2972/2779/1645 2984/2791/2242 2983/2790/2241 2971/2778/1644
f 2973/2780/1646 2985/2792/2243 2984/2791/2242 2972/2779/1645
f 2974/2781/1647 2986/2793/2244 2985/2792/2243 2973/2780/1646
f 2975/2782/1648 2987/2794/2245 2986/2793/2244 2974/2781/1647
f 2976/2783/1649 2988/2795/2246 2987/2794/2245 2975/2782/1648
f 2977/2784/1650 2989/2796/2247 2988/2795/2246 2976/2783/1649
f 2978/2785/1651 2990/2797/2248 2989/2796/2247 2977/2784/1650
f 2979/2786/1652 2991/2798/2249 2990/2797/2248 2978/2785/1651
f 2980/2787/1354 2992/2799/2250 2991/2798/2249 2979/2786/1652
f 2982/2788/2239 2058/1580/1355 2057/507/1358 2981/2789/2240
f 2983/2790/2241 2059/1581/1359 2058/1580/1355 2982/2788/2239
f 2984/2791/2242 2060/1582/1361 2059/1581/1359 2983/2790/2241
f 2985/2792/2243 2061/1583/1363 2060/1582/1361 2984/2791/2242
f 2986/2793/2244 2062/1584/1365 2061/1583/1363 2985/2792/2243
f 2987/2794/2245 2063/1585/1367 2062/1584/1365 2986/2793/2244
f 2988/2795/2246 2064/1586/1369 2063/1585/1367 2987/2794/2245
f 2989/2796/2247 2065/1587/1371 2064/1586/1369 2988/2795/2246
f 2990/2797/2248 2066/1588/1373 2065/1587/1371 2989/2796/2247
f 2991/2798/2249 2067/1589/1375 2066/1588/1373 2990/2797/2248
f 2992/2799/2250 2068/1590/1377 2067/1589/1375 2991/2798/2249
f 2994/777/2251 3006/2800/2252 3005/2801/2253 2993/509/2254
f 2995/780/2255 3007/2802/2256 3006/2800/2252 2994/777/2251
f 2996/782/2257 3008/2803/2258 3007/2802/2256 2995/780/2255
f 2997/784/2259 3009/2804/2260 3008/2803/2258 2996/782/2257
f 2998/786/2261 3010/2805/2262 3009/2804/2260 2997/784/2259
f 2999/788/2263 3011/2806/2264 3010/2805/2262 2998/786/2261
f 3000/790/2265 3012/2807/2266 3011/2806/2264 2999/788/2263
f 3001/792/2267 3013/2808/2268 3012/2807/2266 3000/790/2265
f 3002/794/2269 3014/2809/2270 3013/2808/2268 3001/792/2267
f 3003/796/2271 3015/2810/2272 3014/2809/2270 3002/794/2269
f 3004/798/2273 3016/2811/2274 3015/2810/2272 3003/796/2271
f 3006/2800/2252 3018/1925/2275 3017/1926/2276 3005/2801/2253
f 3007/2802/2256 3019/1927/2277 3018/1925/2275 3006/2800/2252
f 3008/2803/2258 3020/1928/2278 3019/1927/2277 3007/2802/2256
f 3009/2804/2260 3021/1929/2279 3020/1928/2278 3008/2803/2258
f 3010/2805/2262 3022/1930/2280 3021/1929/2279 3009/2804/2260
f 3011/2806/2264 3023/1931/2281 3022/1930/2280 3010/2805/2262
f 3012/2807/2266 3024/1932/2282 3023/1931/2281 3011/2806/2264
f 3013/2808/2268 3025/1933/2283 3024/1932/2282 3012/2807/2266
f 3014/2809/2270 3026/1934/2284 3025/1933/2283 3013/2808/2268
f 3015/2810/2272 3027/1935/2285 3026/1934/2284 3014/2809/2270
f 3016/2811/2274 3028/1936/2286 3027/1935/2285 3015/2810/2272
f 3018/1925/2275 3030/2812/2287 3029/2813/2288 3017/1926/2276
f 3019/1927/2277 3031/2814/2289 3030/2812/2287 3018/1925/2275
f 3020/1928/2278 3032/2815/2290 3031/2814/2289 3019/1927/2277
f 3021/1929/2279 3033/2816/2291 3032/2815/2290 3020/1928/2278
f 3022/1930/2280 3034/2817/2292 3033/2816/2291 3021/1929/2279
f 3023/1931/2281 3035/2818/2293 3034/2817/2292 3022/1930/2280
f 3024/1932/2282 3036/2819/2294 3035/2818/2293 3023/1931/2281
f 3025/1933/2283 3037/2820/2295 3036/2819/2294 3024/1932/2282
f 3026/1934/2284 3038/2821/2296 3037/2820/2295 3025/1933/2283
f 3027/1935/2285 3039/2822/2297 3038/2821/2296 3026/1934/2284
f 3028/1936/2286 3040/2823/2298 3039/2822/2297 3027/1935/2285
f 3030/2812/2287 3042/1961/2299 3041/1962/2300 3029/2813/2288
f 3031/2814/2289 3043/1963/2301 3042/1961/2299 3030/2812/2287
f 3032/2815/2290 3044/1964/2302 3043/1963/2301 3031/2814/2289
f 3033/2816/2291 3045/1965/2303 3044/1964/2302 3032/2815/2290
f 3034/2817/2292 3046/1966/2304 3045/1965/2303 3033/2816/2291
f 3035/2818/2293 3047/1967/2305 3046/1966/2304 3034/2817/2292
f 3036/2819/2294 3048/1968/2306 3047/1967/2305 3035/2818/2293
f 3037/2820/2295 3049/1969/2307 3048/1968/2306 3036/2819/2294
f 3038/2821/2296 3050/1970/2308 3049/1969/2307 3037/2820/2295
f 3039/2822/2297 3051/1971/2309 3050/1970/2308 3038/2821/2296
f 3040/2823/2298 3052/1972/2310 3051/1971/2309 3039/2822/2297
f 3042/1961/2299 3054/2824/2311 3053/2825/2312 3041/1962/2300
f 3043/1963/2301 3055/2826/2313 3054/2824/2311 3042/1961/2299
f 3044/1964/2302 3056/2827/2314 3055/2826/2313 3043/1963/2301
f 3045/1965/2303 3057/2828/2315 3056/2827/2314 3044/1964/2302
f 3046/1966/2304 3058/2829/2316 3057/2828/2315 3045/1965/2303
f 3047/1967/2305 3059/2830/2317 3058/2829/2316 3046/1966/2304
f 3048/1968/2306 3060/2831/2318 3059/2830/2317 3047/1967/2305
f 3049/1969/2307 3061/2832/2319 3060/2831/2318 3048/1968/2306
f 3050/1970/2308 3062/2833/2320 3061/2832/2319 3049/1969/2307
f 3051/1971/2309 3063/2834/2321 3062/2833/2320 3050/1970/2308
f 3052/1972/2310 3064/2835/2322 3063/2834/2321 3051/1971/2309
f 3054/2824/2311 3066/1997/2323 3065/1998/2324 3053/2825/2312
f 3055/2826/2313 3067/1999/2325 3066/1997/2323 3054/2824/2311
f 3056/2827/2314 3068/2000/2326 3067/1999/2325 3055/2826/2313
f 3057/2828/2315 3069/2001/2327 3068/2000/2326 3056/2827/2314
f 3058/2829/2316 3070/2002/2328 3069/2001/2327 3057/2828/2315
f 3059/2830/2317 3071/2003/2329 3070/2002/2328 3058/2829/2316
f 3060/2831/2318 3072/2004/2330 3071/2003/2329 3059/2830/2317
f 3061/2832/2319 3073/2005/2331 3072/2004/2330 3060/2831/2318
f 3062/2833/2320 3074/2006/2332 3073/2005/2331 3061/2832/2319
f 3063/2834/2321 3075/2007/2333 3074/2006/2332 3062/2833/2320
f 3064/2835/2322 3076/2008/2334 3075/2007/2333 3063/2834/2321
f 3066/1997/2323 3078/2836/2335 3077/2837/2336 3065/1998/2324
f 3067/1999/2325 3079/2838/2337 3078/2836/2335 3066/1997/2323
f 3068/2000/2326 3080/2839/2338 3079/2838/2337 3067/1999/2325
f 3069/2001/2327 3081/2840/2339 3080/2839/2338 3068/2000/2326
f 3070/2002/2328 3082/2841/2340 3081/2840/2339 3069/2001/2327
f 3071/2003/2329 3083/2842/2341 3082/2841/2340 3070/2002/2328
f 3072/2004/2330 3084/2843/2342 3083/2842/2341 3071/2003/2329
f 3073/2005/2331 3085/2844/2343 3084/2843/2342 3072/2004/2330
f 3074/2006/2332 3086/2845/2344 3085/2844/2343 3073/2005/2331
f 3075/2007/2333 3087/2846/2345 3086/2845/2344 3074/2006/2332
f 3076/2008/2334 3088/2847/2346 3087/2846/2345 3075/2007/2333
f 3078/2836/2335 3090/2033/2347 3089/2034/2348 3077/2837/2336
f 3079/2838/2337 3091/2035/2349 3090/2033/2347 3078/2836/2335
f 3080/2839/2338 3092/2036/2350 3091/2035/2349 3079/2838/2337
f 3081/2840/2339 3093/2037/2351 3092/2036/2350 3080/2839/2338
f 3082/2841/2340 3094/2038/2352 3093/2037/2351 3081/2840/2339
f 3083/2842/2341 3095/2039/2353 3094/2038/2352 3082/2841/2340
f 3084/2843/2342 3096/2040/2354 3095/2039/2353 3083/2842/2341
f 3085/2844/2343 3097/2041/2355 3096/2040/2354 3084/2843/2342
f 3086/2845/2344 3098/2042/2356 3097/2041/2355 3085/2844/2343
f 3087/2846/2345 3099/2043/2357 3098/2042/2356 3086/2845/2344
f 3088/2847/2346 3100/2044/2358 3099/2043/2357 3087/2846/2345
f 3090/2033/2347 3102/2848/2359 3101/2849/2360 3089/2034/2348
f 3091/2035/2349 3103/2850/2361 3102/2848/2359 3090/2033/2347
f 3092/2036/2350 3104/2851/2362 3103/2850/2361 3091/2035/2349
f 3093/2037/2351 3105/2852/2363 3104/2851/2362 3092/2036/2350
f 3094/2038/2352 3106/2853/2364 3105/2852/2363 3093/2037/2351
f 3095/2039/2353 3107/2854/2365 3106/2853/2364 3094/2038/2352
f 3096/2040/2354 3108/2855/2366 3107/2854/2365 3095/2039/2353
f 3097/2041/2355 3109/2856/2367 3108/2855/2366 3096/2040/2354
f 3098/2042/2356 3110/2857/2368 3109/2856/2367 3097/2041/2355
f 3099/2043/2357 3111/2858/2369 3110/2857/2368 3098/2042/2356
f 3100/2044/2358 3112/2859/2370 3111/2858/2369 3099/2043/2357
f 3102/2848/2359 3114/2069/2371 3113/2070/2372 3101/2849/2360
f 3103/2850/2361 3115/2071/2373 3114/2069/2371 3102/2848/2359
f 3104/2851/2362 3116/2072/2374 3115/2071/2373 3103/2850/2361
f 3105/2852/2363 3117/2073/2375 3116/2072/2374 3104/2851/2362
f 3106/2853/2364 3118/2074/2376 3117/2073/2375 3105/2852/2363
f 3107/2854/2365 3119/2075/2377 3118/2074/2376 3106/2853/2364
f 3108/2855/2366 3120/2076/2378 3119/2075/2377 3107/2854/2365
f 3109/2856/2367 3121/2077/2379 3120/2076/2378 3108/2855/2366
f 3110/2857/2368 3122/2078/2380 3121/2077/2379 3109/2856/2367
f 3111/2858/2369 3123/2079/2381 3122/2078/2380 3110/2857/2368
f 3112/2859/2370 3124/2080/2382 3123/2079/2381 3111/2858/2369
f 3114/2069/2371 3126/2860/2383 3125/2861/2384 3113/2070/2372
f 3115/2071/2373 3127/2862/2385 3126/2860/2383 3114/2069/2371
f 3116/2072/2374 3128/2863/2386 3127/2862/2385 3115/2071/2373
f 3117/2073/2375 3129/2864/2387 3128/2863/2386 3116/2072/2374
f 3118/2074/2376 3130/2865/2388 3129/2864/2387 3117/2073/2375
f 3119/2075/2377 3131/2866/2389 3130/2865/2388 3118/2074/2376
f 3120/2076/2378 3132/2867/2390 3131/2866/2389 3119/2075/2377
f 3121/2077/2379 3133/2868/2391 3132/2867/2390 3120/2076/2378
f 3122/2078/2380 3134/2869/2392 3133/2868/2391 3121/2077/2379
f 3123/2079/2381 3135/2870/2393 3134/2869/2392 3122/2078/2380
f 3124/2080/2382 3136/2871/2394 3135/2870/2393 3123/2079/2381
f 3126/2860/2383 3138/2105/2395 3137/2106/2396 3125/2861/2384
f 3127/2862/2385 3139/2107/2397 3138/2105/2395 3126/2860/2383
f 3128/2863/2386 3140/2108/2398 3139/2107/2397 3127/2862/2385
f 3129/2864/2387 3141/2109/2399 3140/2108/2398 3128/2863/2386
f 3130/2865/2388 3142/2110/2400 3141/2109/2399 3129/2864/2387
f 3131/2866/2389 3143/2111/2401 3142/2110/2400 3130/2865/2388
f 3132/2867/2390 3144/2112/2402 3143/2111/2401 3131/2866/2389
f 3133/2868/2391 3145/2113/2403 3144/2112/2402 3132/2867/2390
f 3134/2869/2392 3146/2114/2404 3145/2113/2403 3133/2868/2391
f 3135/2870/2393 3147/2115/2405 3146/2114/2404 3134/2869/2392
f 3136/2871/2394 3148/2116/2406 3147/2115/2405 3135/2870/2393
f 3138/2105/2395 3150/2872/2407 3149/511/2408 3137/2106/2396
f 3139/2107/2397 3151/2873/2409 3150/2872/2407 3138/2105/2395
f 3140/2108/2398 3152/2874/2410 3151/2873/2409 3139/2107/2397
f 3141/2109/2399 3153/2875/2411 3152/2874/2410 3140/2108/2398
f 3142/2110/2400 3154/2876/2412 3153/2875/2411 3141/2109/2399
f 3143/2111/2401 3155/2877/2413 3154/2876/2412 3142/2110/2400
f 3144/2112/2402 3156/2878/2414 3155/2877/2413 3143/2111/2401
f 3145/2113/2403 3157/2879/2415 3156/2878/2414 3144/2112/2402
f 3146/2114/2404 3158/2880/2416 3157/2879/2415 3145/2113/2403
f 3147/2115/2405 3159/2881/2417 3158/2880/2416 3146/2114/2404
f 3148/2116/2406 3160/2882/2418 3159/2881/2417 3147/2115/2405
f 3150/2872/2407 3162/2141/2419 3161/2142/2420 3149/511/2408
f 3151/2873/2409 3163/2143/2421 3162/2141/2419 3150/2872/2407
f 3152/2874/2410 3164/2144/2422 3163/2143/2421 3151/2873/2409
f 3153/2875/2411 3165/2145/2423 3164/2144/2422 3152/2874/2410
f 3154/2876/2412 3166/2146/2424 3165/2145/2423 3153/2875/2411
f 3155/2877/2413 3167/2147/2425 3166/2146/2424 3154/2876/2412
f 3156/2878/2414 3168/2148/2426 3167/2147/2425 3155/2877/2413
f 3157/2879/2415 3169/2149/2427 3168/2148/2426 3156/2878/2414
f 3158/2880/2416 3170/2150/2428 3169/2149/2427 3157/2879/2415
f 3159/2881/2417 3171/2151/2429 3170/2150/2428 3158/2880/2416
f 3160/2882/2418 3172/2152/2430 3171/2151/2429 3159/2881/2417
f 3162/2141/2419 3174/2883/2431 3173/2884/2432 3161/2142/2420
f 3163/2143/2421 3175/2885/2433 3174/2883/2431 3162/2141/2419
f 3164/2144/2422 3176/2886/2434 3175/2885/2433 3163/2143/2421
f 3165/2145/2423 3177/2887/2435 3176/2886/2434 3164/2144/2422
f 3166/2146/2424 3178/2888/2436 3177/2887/2435 3165/2145/2423
f 3167/2147/2425 3179/2889/2437 3178/2888/2436 3166/2146/2424
f 3168/2148/2426 3180/2890/2438 3179/2889/2437 3167/2147/2425
f 3169/2149/2427 3181/2891/2439 3180/2890/2438 3168/2148/2426
f 3170/2150/2428 3182/2892/2440 3181/2891/2439 3169/2149/2427
f 3171/2151/2429 3183/2893/2441 3182/2892/2440 3170/2150/2428
f 3172/2152/2430 3184/2894/2442 3183/2893/2441 3171/2151/2429
f 3174/2883/2431 3186/2177/2443 3185/2178/2444 3173/2884/2432
f 3175/2885/2433 3187/2179/2445 3186/2177/2443 3174/2883/2431
f 3176/2886/2434 3188/2180/2446 3187/2179/2445 3175/2885/2433
f 3177/2887/2435 3189/2181/2447 3188/2180/2446 3176/2886/2434
f 3178/2888/2436 3190/2182/2448 3189/2181/2447 3177/2887/2435
f 3179/2889/2437 3191/2183/2449 3190/2182/2448 3178/2888/2436
f 3180/2890/2438 3192/2184/2450 3191/2183/2449 3179/2889/2437
f 3181/2891/2439 3193/2185/2451 3192/2184/2450 3180/2890/2438
f 3182/2892/2440 3194/2186/2452 3193/2185/2451 3181/2891/2439
f 3183/2893/2441 3195/2187/2453 3194/2186/2452 3182/2892/2440
f 3184/2894/2442 3196/2188/2454 3195/2187/2453 3183/2893/2441
f 3186/2177/2443 3198/2895/2455 3197/2896/2456 3185/2178/2444
f 3187/2179/2445 3199/2897/2457 3198/2895/2455 3186/2177/2443
f 3188/2180/2446 3200/2898/2458 3199/2897/2457 3187/2179/2445
f 3189/2181/2447 3201/2899/2459 3200/2898/2458 3188/2180/2446
f 3190/2182/2448 3202/2900/2460 3201/2899/2459 3189/2181/2447
f 3191/2183/2449 3203/2901/2461 3202/2900/2460 3190/2182/2448
f 3192/2184/2450 3204/2902/2462 3203/2901/2461 3191/2183/2449
f 3193/2185/2451 3205/2903/2463 3204/2902/2462 3192/2184/2450
f 3194/2186/2452 3206/2904/2464 3205/2903/2463 3193/2185/2451
f 3195/2187/2453 3207/2905/2465 3206/2904/2464 3194/2186/2452
f 3196/2188/2454 3208/2906/2466 3207/2905/2465 3195/2187/2453
f 3198/2895/2455 3210/2201/2467 3209/2202/2468 3197/2896/2456
f 3199/2897/2457 3211/2203/2469 3210/2201/2467 3198/2895/2455
f 3200/2898/2458 3212/2204/2470 3211/2203/2469 3199/2897/2457
f 3201/2899/2459 3213/2205/2471 3212/2204/2470 3200/2898/2458
f 3202/2900/2460 3214/2206/2472 3213/2205/2471 3201/2899/2459
f 3203/2901/2461 3215/2207/2473 3214/2206/2472 3202/2900/2460
f 3204/2902/2462 3216/2208/2474 3215/2207/2473 3203/2901/2461
f 3205/2903/2463 3217/2209/2475 3216/2208/2474 3204/2902/2462
f 3206/2904/2464 3218/2210/2476 3217/2209/2475 3205/2903/2463
f 3207/2905/2465 3219/2211/2477 3218/2210/2476 3206/2904/2464
f 3208/2906/2466 3220/2212/2478 3219/2211/2477 3207/2905/2465
f 3210/2201/2467 3222/2907/2479 3221/2908/2480 3209/2202/2468
f 3211/2203/2469 3223/2909/2481 3222/2907/2479 3210/2201/2467
f 3212/2204/2470 3224/2910/2482 3223/2909/2481 3211/2203/2469
f 3213/2205/2471 3225/2911/2483 3224/2910/2482 3212/2204/2470
f 3214/2206/2472 3226/2912/2484 3225/2911/2483 3213/2205/2471
f 3215/2207/2473 3227/2913/2485 3226/2912/2484 3214/2206/2472
f 3216/2208/2474 3228/2914/2486 3227/2913/2485 3215/2207/2473
f 3217/2209/2475 3229/2915/2487 3228/2914/2486 3216/2208/2474
f 3218/2210/2476 3230/2916/2488 3229/2915/2487 3217/2209/2475
f 3219/2211/2477 3231/2917/2489 3230/2916/2488 3218/2210/2476
f 3220/2212/2478 3232/2918/2490 3231/2917/2489 3219/2211/2477
f 3222/2907/2479 3234/2237/2491 3233/2238/2492 3221/2908/2480
f 3223/2909/2481 3235/2239/2493 3234/2237/2491 3222/2907/2479
f 3224/2910/2482 3236/2240/2494 3235/2239/2493 3223/2909/2481
f 3225/2911/2483 3237/2241/2495 3236/2240/2494 3224/2910/2482
f 3226/2912/2484 3238/2242/2496 3237/2241/2495 3225/2911/2483
f 3227/2913/2485 3239/2243/2497 3238/2242/2496 3226/2912/2484
f 3228/2914/2486 3240/2244/2498 3239/2243/2497 3227/2913/2485
f 3229/2915/2487 3241/2245/2499 3240/2244/2498 3228/2914/2486
f 3230/2916/2488 3242/2246/2500 3241/2245/2499 3229/2915/2487
f 3231/2917/2489 3243/2247/2501 3242/2246/2500 3230/2916/2488
f 3232/2918/2490 3244/2248/2502 3243/2247/2501 3231/2917/2489
f 3234/2237/2491 3246/2919/2503 3245/2920/2504 3233/2238/2492
f 3235/2239/2493 3247/2921/2505 3246/2919/2503 3234/2237/2491
f 3236/2240/2494 3248/2922/2506 3247/2921/2505 3235/2239/2493
f 3237/2241/2495 3249/2923/2507 3248/2922/2506 3236/2240/2494
f 3238/2242/2496 3250/2924/2508 3249/2923/2507 3237/2241/2495
f 3239/2243/2497 3251/2925/2509 3250/2924/2508 3238/2242/2496
f 3240/2244/2498 3252/2926/2510 3251/2925/2509 3239/2243/2497
f 3241/2245/2499 3253/2927/2511 3252/2926/2510 3240/2244/2498
f 3242/2246/2500 3254/2928/2512 3253/2927/2511 3241/2245/2499
f 3243/2247/2501 3255/2929/2513 3254/2928/2512 3242/2246/2500
f 3244/2248/2502 3256/2930/2514 3255/2929/2513 3243/2247/2501
f 3246/2919/2503 3258/2273/2515 3257/2274/2516 3245/2920/2504
f 3247/2921/2505 3259/2275/2517 3258/2273/2515 3246/2919/2503
f 3248/2922/2506 3260/2276/2518 3259/2275/2517 3247/2921/2505
f 3249/2923/2507 3261/2277/2519 3260/2276/2518 3248/2922/2506
f 3250/2924/2508 3262/2278/2520 3261/2277/2519 3249/2923/2507
f 3251/2925/2509 3263/2279/2521 3262/2278/2520 3250/2924/2508
f 3252/2926/2510 3264/2280/2522 3263/2279/2521 3251/2925/2509
f 3253/2927/2511 3265/2281/2523 3264/2280/2522 3252/2926/2510
f 3254/2928/2512 3266/2282/2524 3265/2281/2523 3253/2927/2511
f 3255/2929/2513 3267/2283/2525 3266/2282/2524 3254/2928/2512
f 3256/2930/2514 3268/2284/2526 3267/2283/2525 3255/2929/2513
f 3258/2273/2515 3270/2931/2527 3269/2932/2528 3257/2274/2516
f 3259/2275/2517 3271/2933/2529 3270/2931/2527 3258/2273/2515
f 3260/2276/2518 3272/2934/2530 3271/2933/2529 3259/2275/2517
f 3261/2277/2519 3273/2935/2531 3272/2934/2530 3260/2276/2518
f 3262/2278/2520 3274/2936/2532 3273/2935/2531 3261/2277/2519
f 3263/2279/2521 3275/2937/2533 3274/2936/2532 3262/2278/2520
f 3264/2280/2522 3276/2938/2534 3275/2937/2533 3263/2279/2521
f 3265/2281/2523 3277/2939/2535 3276/2938/2534 3264/2280/2522
f 3266/2282/2524 3278/2940/2536 3277/2939/2535 3265/2281/2523
f 3267/2283/2525 3279/2941/2537 3278/2940/2536 3266/2282/2524
f 3268/2284/2526 3280/2942/2538 3279/2941/2537 3267/2283/2525
f 3270/2931/2527 3282/2309/2539 3281/2310/2540 3269/2932/2528
f 3271/2933/2529 3283/2311/2541 3282/2309/2539 3270/2931/2527
f 3272/2934/2530 3284/2312/2542 3283/2311/2541 3271/2933/2529
f 3273/2935/2531 3285/2313/2543 3284/2312/2542 3272/2934/2530
f 3274/2936/2532 3286/2314/2544 3285/2313/2543 3273/2935/2531
f 3275/2937/2533 3287/2315/2545 3286/2314/2544 3274/2936/2532
f 3276/2938/2534 3288/2316/2546 3287/2315/2545 3275/2937/2533
f 3277/2939/2535 3289/2317/2547 3288/2316/2546 3276/2938/2534
f 3278/2940/2536 3290/2318/2548 3289/2317/2547 3277/2939/2535
f 3279/2941/2537 3291/2319/2549 3290/2318/2548 3278/2940/2536
f 3280/2942/2538 3292/2320/2540 3291/2319/2549 3279/2941/2537
f 3282/2309/2539 3294/2943/2550 3293/2944/2551 3281/2310/2540
f 3283/2311/2541 3295/2945/2552 3294/2943/2550 3282/2309/2539
f 3284/2312/2542 3296/2946/2553 3295/2945/2552 3283/2311/2541
f 3285/2313/2543 3297/2947/2554 3296/2946/2553 3284/2312/2542
f 3286/2314/2544 3298/2948/2555 3297/2947/2554 3285/2313/2543
f 3287/2315/2545 3299/2949/2556 3298/2948/2555 3286/2314/2544
f 3288/2316/2546 3300/2950/2557 3299/2949/2556 3287/2315/2545
f 3289/2317/2547 3301/2951/2558 3300/2950/2557 3288/2316/2546
f 3290/2318/2548 3302/2952/2559 3301/2951/2558 3289/2317/2547
f 3291/2319/2549 3303/2953/2560 3302/2952/2559 3290/2318/2548
f 3292/2320/2540 3304/2954/2551 3303/2953/2560 3291/2319/2549
f 3294/2943/2550 3306/2345/2561 3305/506/2562 3293/2944/2551
f 3295/2945/2552 3307/2346/2563 3306/2345/2561 3294/2943/2550
f 3296/2946/2553 3308/2347/2564 3307/2346/2563 3295/2945/2552
f 3297/2947/2554 3309/2348/2565 3308/2347/2564 3296/2946/2553
f 3298/2948/2555 3310/2349/2566 3309/2348/2565 3297/2947/2554
f 3299/2949/2556 3311/2350/2567 3310/2349/2566 3298/2948/2555
f 3300/2950/2557 3312/2351/2568 3311/2350/2567 3299/2949/2556
f 3301/2951/2558 3313/2352/2569 3312/2351/2568 3300/2950/2557
f 3302/2952/2559 3314/2353/2570 3313/2352/2569 3301/2951/2558
f 3303/2953/2560 3315/2354/2571 3314/2353/2570 3302/2952/2559
f 3304/2954/2551 3316/2355/2572 3315/2354/2571 3303/2953/2560
f 3306/2345/2561 3318/2955/2573 3317/2956/2574 3305/506/2562
f 3307/2346/2563 3319/2957/2575 3318/2955/2573 3306/2345/2561
f 3308/2347/2564 3320/2958/2576 3319/2957/2575 3307/2346/2563
f 3309/2348/2565 3321/2959/2577 3320/2958/2576 3308/2347/2564
f 3310/2349/2566 3322/2960/2578 3321/2959/2577 3309/2348/2565
f 3311/2350/2567 3323/2961/2579 3322/2960/2578 3310/2349/2566
f 3312/2351/2568 3324/2962/2580 3323/2961/2579 3311/2350/2567
f 3313/2352/2569 3325/2963/2581 3324/2962/2580 3312/2351/2568
f 3314/2353/2570 3326/2964/2582 3325/2963/2581 3313/2352/2569
f 3315/2354/2571 3327/2965/2583 3326/2964/2582 3314/2353/2570
f 3316/2355/2572 3328/2966/2584 3327/2965/2583 3315/2354/2571
f 3318/2955/2573 3330/2380/2585 3329/2381/2586 3317/2956/2574
f 3319/2957/2575 3331/2382/2587 3330/2380/2585 3318/2955/2573
f 3320/2958/2576 3332/2383/2588 3331/2382/2587 3319/2957/2575
f 3321/2959/2577 3333/2384/2589 3332/2383/2588 3320/2958/2576
f 3322/2960/2578 3334/2385/2590 3333/2384/2589 3321/2959/2577
f 3323/2961/2579 3335/2386/2591 3334/2385/2590 3322/2960/2578
f 3324/2962/2580 3336/2387/2592 3335/2386/2591 3323/2961/2579
f 3325/2963/2581 3337/2388/2593 3336/2387/2592 3324/2962/2580
f 3326/2964/2582 3338/2389/2594 3337/2388/2593 3325/2963/2581
f 3327/2965/2583 3339/2390/2595 3338/2389/2594 3326/2964/2582
f 3328/2966/2584 3340/2391/2596 3339/2390/2595 3327/2965/2583
f 3330/2380/2585 3342/2967/2597 3341/2968/2598 3329/2381/2586
f 3331/2382/2587 3343/2969/2599 3342/2967/2597 3330/2380/2585
f 3332/2383/2588 3344/2970/2600 3343/2969/2599 3331/2382/2587
f 3333/2384/2589 3345/2971/2601 3344/2970/2600 3332/2383/2588
f 3334/2385/2590 3346/2972/2602 3345/2971/2601 3333/2384/2589
f 3335/2386/2591 3347/2973/2603 3346/2972/2602 3334/2385/2590
f 3336/2387/2592 3348/2974/2604 3347/2973/2603 3335/2386/2591
f 3337/2388/2593 3349/2975/2605 3348/2974/2604 3336/2387/2592
f 3338/2389/2594 3350/2976/2606 3349/2975/2605 3337/2388/2593
f 3339/2390/2595 3351/2977/2607 3350/2976/2606 3338/2389/2594
f 3340/2391/2596 3352/2978/2608 3351/2977/2607 3339/2390/2595
f 3342/2967/2597 3354/2416/2609 3353/2417/2610 3341/2968/2598
f 3343/2969/2599 3355/2418/2611 3354/2416/2609 3342/2967/2597
f 3344/2970/2600 3356/2419/2612 3355/2418/2611 3343/2969/2599
f 3345/2971/2601 3357/2420/2613 3356/2419/2612 3344/2970/2600
f 3346/2972/2602 3358/2421/2614 3357/2420/2613 3345/2971/2601
f 3347/2973/2603 3359/2422/2615 3358/2421/2614 3346/2972/2602
f 3348/2974/2604 3360/2423/2616 3359/2422/2615 3347/2973/2603
f 3349/2975/2605 3361/2424/2617 3360/2423/2616 3348/2974/2604
f 3350/2976/2606 3362/2425/2618 3361/2424/2617 3349/2975/2605
f 3351/2977/2607 3363/2426/2619 3362/2425/2618 3350/2976/2606
f 3352/2978/2608 3364/2427/2620 3363/2426/2619 3351/2977/2607
f 3354/2416/2609 3366/2979/2621 3365/2980/2622 3353/2417/2610
f 3355/2418/2611 3367/2981/2623 3366/2979/2621 3354/2416/2609
f 3356/2419/2612 3368/2982/2624 3367/2981/2623 3355/2418/2611
f 3357/2420/2613 3369/2983/2625 3368/2982/2624 3356/2419/2612
f 3358/2421/2614 3370/2984/2626 3369/2983/2625 3357/2420/2613
f 3359/2422/2615 3371/2985/2627 3370/2984/2626 3358/2421/2614
f 3360/2423/2616 3372/2986/2628 3371/2985/2627 3359/2422/2615
f 3361/2424/2617 3373/2987/2629 3372/2986/2628 3360/2423/2616
f 3362/2425/2618 3374/2988/2630 3373/2987/2629 3361/2424/2617
f 3363/2426/2619 3375/2989/2631 3374/2988/2630 3362/2425/2618
f 3364/2427/2620 3376/2990/2632 3375/2989/2631 3363/2426/2619
f 3366/2979/2621 3378/2452/2633 3377/2453/2634 3365/2980/2622
f 3367/2981/2623 3379/2454/2635 3378/2452/2633 3366/2979/2621
f 3368/2982/2624 3380/2455/2636 3379/2454/2635 3367/2981/2623
f 3369/2983/2625 3381/2456/2637 3380/2455/2636 3368/2982/2624
f 3370/2984/2626 3382/2457/2638 3381/2456/2637 3369/2983/2625
f 3371/2985/2627 3383/2458/2639 3382/2457/2638 3370/2984/2626
f 3372/2986/2628 3384/2459/2640 3383/2458/2639 3371/2985/2627
f 3373/2987/2629 3385/2460/2641 3384/2459/2640 3372/2986/2628
f 3374/2988/2630 3386/2461/2642 3385/2460/2641 3373/2987/2629
f 3375/2989/2631 3387/2462/2643 3386/2461/2642 3374/2988/2630
f 3376/2990/2632 3388/2463/2644 3387/2462/2643 3375/2989/2631
f 3378/2452/2633 3390/2991/2645 3389/2992/2646 3377/2453/2634
f 3379/2454/2635 3391/2993/2647 3390/2991/2645 3378/2452/2633
f 3380/2455/2636 3392/2994/2648 3391/2993/2647 3379/2454/2635
f 3381/2456/2637 3393/2995/2649 3392/2994/2648 3380/2455/2636
f 3382/2457/2638 3394/2996/2650 3393/2995/2649 3381/2456/2637
f 3383/2458/2639 3395/2997/2651 3394/2996/2650 3382/2457/2638
f 3384/2459/2640 3396/2998/2652 3395/2997/2651 3383/2458/2639
f 3385/2460/2641 3397/2999/2653 3396/2998/2652 3384/2459/2640
f 3386/2461/2642 3398/3000/2654 3397/2999/2653 3385/2460/2641
f 3387/2462/2643 3399/3001/2655 3398/3000/2654 3386/2461/2642
f 3388/2463/2644 3400/3002/2656 3399/3001/2655 3387/2462/2643
f 3390/2991/2645 3402/2488/2657 3401/2489/2658 3389/2992/2646
f 3391/2993/2647 3403/2490/2659 3402/2488/2657 3390/2991/2645
f 3392/2994/2648 3404/2491/2660 3403/2490/2659 3391/2993/2647
f 3393/2995/2649 3405/2492/2661 3404/2491/2660 3392/2994/2648
f 3394/2996/2650 3406/2493/2662 3405/2492/2661 3393/2995/2649
f 3395/2997/2651 3407/2494/2663 3406/2493/2662 3394/2996/2650
f 3396/2998/2652 3408/2495/2664 3407/2494/2663 3395/2997/2651
f 3397/2999/2653 3409/2496/2665 3408/2495/2664 3396/2998/2652
f 3398/3000/2654 3410/2497/2666 3409/2496/2665 3397/2999/2653
f 3399/3001/2655 3411/2498/2667 3410/2497/2666 3398/3000/2654
f 3400/3002/2656 3412/2499/2668 3411/2498/2667 3399/3001/2655
f 3402/2488/2657 3414/3003/2669 3413/3004/2670 3401/2489/2658
f 3403/2490/2659 3415/3005/2671 3414/3003/2669 3402/2488/2657
f 3404/2491/2660 3416/3006/2672 3415/3005/2671 3403/2490/2659
f 3405/2492/2661 3417/3007/2673 3416/3006/2672 3404/2491/2660
f 3406/2493/2662 3418/3008/2674 3417/3007/2673 3405/2492/2661
f 3407/2494/2663 3419/3009/2675 3418/3008/2674 3406/2493/2662
f 3408/2495/2664 3420/3010/2676 3419/3009/2675 3407/2494/2663
f 3409/2496/2665 3421/3011/2677 3420/3010/2676 3408/2495/2664
f 3410/2497/2666 3422/3012/2678 3421/3011/2677 3409/2496/2665
f 3411/2498/2667 3423/3013/2679 3422/3012/2678 3410/2497/2666
f 3412/2499/2668 3424/3014/2680 3423/3013/2679 3411/2498/2667
f 3414/3003/2669 3426/2512/2681 3425/2513/2682 3413/3004/2670
f 3415/3005/2671 3427/2514/2683 3426/2512/2681 3414/3003/2669
f 3416/3006/2672 3428/2515/2684 3427/2514/2683 3415/3005/2671
f 3417/3007/2673 3429/2516/2685 3428/2515/2684 3416/3006/2672
f 3418/3008/2674 3430/2517/2686 3429/2516/2685 3417/3007/2673
f 3419/3009/2675 3431/2518/2687 3430/2517/2686 3418/3008/2674
f 3420/3010/2676 3432/2519/2688 3431/2518/2687 3419/3009/2675
f 3421/3011/2677 3433/2520/2689 3432/2519/2688 3420/3010/2676
f 3422/3012/2678 3434/2521/2690 3433/2520/2689 3421/3011/2677
f 3423/3013/2679 3435/2522/2691 3434/2521/2690 3422/3012/2678
f 3424/3014/2680 3436/2523/2692 3435/2522/2691 3423/3013/2679
f 3426/2512/2681 3438/3015/2693 3437/3016/2694 3425/2513/2682
f 3427/2514/2683 3439/3017/2695 3438/3015/2693 3426/2512/2681
f 3428/2515/2684 3440/3018/2696 3439/3017/2695 3427/2514/2683
f 3429/2516/2685 3441/3019/2697 3440/3018/2696 3428/2515/2684
f 3430/2517/2686 3442/3020/2698 3441/3019/2697 3429/2516/2685
f 3431/2518/2687 3443/3021/2699 3442/3020/2698 3430/2517/2686
f 3432/2519/2688 3444/3022/2700 3443/3021/2699 3431/2518/2687
f 3433/2520/2689 3445/3023/2701 3444/3022/2700 3432/2519/2688
f 3434/2521/2690 3446/3024/2702 3445/3023/2701 3433/2520/2689
f 3435/2522/2691 3447/3025/2703 3446/3024/2702 3434/2521/2690
f 3436/2523/2692 3448/3026/2704 3447/3025/2703 3435/2522/2691
f 3438/3015/2693 3450/2548/2705 3449/2549/2706 3437/3016/2694
f 3439/3017/2695 3451/2550/2707 3450/2548/2705 3438/3015/2693
f 3440/3018/2696 3452/2551/2708 3451/2550/2707 3439/3017/2695
f 3441/3019/2697 3453/2552/2709 3452/2551/2708 3440/3018/2696
f 3442/3020/2698 3454/2553/2710 3453/2552/2709 3441/3019/2697
f 3443/3021/2699 3455/2554/2711 3454/2553/2710 3442/3020/2698
f 3444/3022/2700 3456/2555/2712 3455/2554/2711 3443/3021/2699
f 3445/3023/2701 3457/2556/2713 3456/2555/2712 3444/3022/2700
f 3446/3024/2702 3458/2557/2714 3457/2556/2713 3445/3023/2701
f 3447/3025/2703 3459/2558/2715 3458/2557/2714 3446/3024/2702
f 3448/3026/2704 3460/2559/2716 3459/2558/2715 3447/3025/2703
f 3450/2548/2705 3462/3027/2717 3461/504/2718 3449/2549/2706
f 3451/2550/2707 3463/3028/2719 3462/3027/2717 3450/2548/2705
f 3452/2551/2708 3464/3029/2720 3463/3028/2719 3451/2550/2707
f 3453/2552/2709 3465/3030/2721 3464/3029/2720 3452/2551/2708
f 3454/2553/2710 3466/3031/2722 3465/3030/2721 3453/2552/2709
f 3455/2554/2711 3467/3032/2723 3466/3031/2722 3454/2553/2710
f 3456/2555/2712 3468/3033/2724 3467/3032/2723 3455/2554/2711
f 3457/2556/2713 3469/3034/2725 3468/3033/2724 3456/2555/2712
f 3458/2557/2714 3470/3035/2726 3469/3034/2725 3457/2556/2713
f 3459/2558/2715 3471/3036/2727 3470/3035/2726 3458/2557/2714
f 3460/2559/2716 3472/3037/2728 3471/3036/2727 3459/2558/2715
f 3462/3027/2717 3474/2584/2729 3473/2585/2730 3461/504/2718
f 3463/3028/2719 3475/2586/2731 3474/2584/2729 3462/3027/2717
f 3464/3029/2720 3476/2587/2732 3475/2586/2731 3463/3028/2719
f 3465/3030/2721 3477/2588/2733 3476/2587/2732 3464/3029/2720
f 3466/3031/2722 3478/2589/2734 3477/2588/2733 3465/3030/2721
f 3467/3032/2723 3479/2590/2735 3478/2589/2734 3466/3031/2722
f 3468/3033/2724 3480/2591/2736 3479/2590/2735 3467/3032/2723
f 3469/3034/2725 3481/2592/2737 3480/2591/2736 3468/3033/2724
f 3470/3035/2726 3482/2593/2738 3481/2592/2737 3469/3034/2725
f 3471/3036/2727 3483/2594/2739 3482/2593/2738 3470/3035/2726
f 3472/3037/2728 3484/2595/2740 3483/2594/2739 3471/3036/2727
f 3474/2584/2729 3486/3038/2741 3485/3039/2742 3473/2585/2730
f 3475/2586/2731 3487/3040/2743 3486/3038/2741 3474/2584/2729
f 3476/2587/2732 3488/3041/2744 3487/3040/2743 3475/2586/2731
f 3477/2588/2733 3489/3042/2745 3488/3041/2744 3476/2587/2732
f 3478/2589/2734 3490/3043/2746 3489/3042/2745 3477/2588/2733
f 3479/2590/2735 3491/3044/2747 3490/3043/2746 3478/2589/2734
f 3480/2591/2736 3492/3045/2748 3491/3044/2747 3479/2590/2735
f 3481/2592/2737 3493/3046/2749 3492/3045/2748 3480/2591/2736
f 3482/2593/2738 3494/3047/2750 3493/3046/2749 3481/2592/2737
f 3483/2594/2739 3495/3048/2751 3494/3047/2750 3482/2593/2738
f 3484/2595/2740 3496/3049/2752 3495/3048/2751 3483/2594/2739
f 3486/3038/2741 3498/2620/2753 3497/2621/2754 3485/3039/2742
f 3487/3040/2743 3499/2622/2755 3498/2620/2753 3486/3038/2741
f 3488/3041/2744 3500/2623/2756 3499/2622/2755 3487/3040/2743
f 3489/3042/2745 3501/2624/2757 3500/2623/2756 3488/3041/2744
f 3490/3043/2746 3502/2625/2758 3501/2624/2757 3489/3042/2745
f 3491/3044/2747 3503/2626/2759 3502/2625/2758 3490/3043/2746
f 3492/3045/2748 3504/2627/2760 3503/2626/2759 3491/3044/2747
f 3493/3046/2749 3505/2628/2761 3504/2627/2760 3492/3045/2748
f 3494/3047/2750 3506/2629/2762 3505/2628/2761 3493/3046/2749
f 3495/3048/2751 3507/2630/2763 3506/2629/2762 3494/3047/2750
f 3496/3049/2752 3508/2631/2764 3507/2630/2763 3495/3048/2751
f 3498/2620/2753 3510/3050/2765 3509/3051/2766 3497/2621/2754
f 3499/2622/2755 3511/3052/2767 3510/3050/2765 3498/2620/2753
f 3500/2623/2756 3512/3053/2768 3511/3052/2767 3499/2622/2755
f 3501/2624/2757 3513/3054/2769 3512/3053/2768 3500/2623/2756
f 3502/2625/2758 3514/3055/2770 3513/3054/2769 3501/2624/2757
f 3503/2626/2759 3515/3056/2771 3514/3055/2770 3502/2625/2758
f 3504/2627/2760 3516/3057/2772 3515/3056/2771 3503/2626/2759
f 3505/2628/2761 3517/3058/2773 3516/3057/2772 3504/2627/2760
f 3506/2629/2762 3518/3059/2774 3517/3058/2773 3505/2628/2761
f 3507/2630/2763 3519/3060/2775 3518/3059/2774 3506/2629/2762
f 3508/2631/2764 3520/3061/2776 3519/3060/2775 3507/2630/2763
f 3510/3050/2765 3522/2656/2777 3521/2657/2778 3509/3051/2766
f 3511/3052/2767 3523/2658/2779 3522/2656/2777 3510/3050/2765
f 3512/3053/2768 3524/2659/2780 3523/2658/2779 3511/3052/2767
f 3513/3054/2769 3525/2660/2781 3524/2659/2780 3512/3053/2768
f 3514/3055/2770 3526/2661/2782 3525/2660/2781 3513/3054/2769
f 3515/3056/2771 3527/2662/2783 3526/2661/2782 3514/3055/2770
f 3516/3057/2772 3528/2663/2784 3527/2662/2783 3515/3056/2771
f 3517/3058/2773 3529/2664/2785 3528/2663/2784 3516/3057/2772
f 3518/3059/2774 3530/2665/2786 3529/2664/2785 3517/3058/2773
f 3519/3060/2775 3531/2666/2787 3530/2665/2786 3518/3059/2774
f 3520/3061/2776 3532/2667/2788 3531/2666/2787 3519/3060/2775
f 3522/2656/2777 3534/3062/2789 3533/3063/2790 3521/2657/2778
f 3523/2658/2779 3535/3064/2791 3534/3062/2789 3522/2656/2777
f 3524/2659/2780 3536/3065/2792 3535/3064/2791 3523/2658/2779
f 3525/2660/2781 3537/3066/2793 3536/3065/2792 3524/2659/2780
f 3526/2661/2782 3538/3067/2794 3537/3066/2793 3525/2660/2781
f 3527/2662/2783 3539/3068/2795 3538/3067/2794 3526/2661/2782
f 3528/2663/2784 3540/3069/2796 3539/3068/2795 3527/2662/2783
f 3529/2664/2785 3541/3070/2797 3540/3069/2796 3528/2663/2784
f 3530/2665/2786 3542/3071/2798 3541/3070/2797 3529/2664/2785
f 3531/2666/2787 3543/3072/2799 3542/3071/2798 3530/2665/2786
f 3532/2667/2788 3544/3073/2800 3543/3072/2799 3531/2666/2787
f 3534/3062/2789 3546/2692/2801 3545/2693/2802 3533/3063/2790
f 3535/3064/2791 3547/2694/2803 3546/2692/2801 3534/3062/2789
f 3536/3065/2792 3548/2695/2804 3547/2694/2803 3535/3064/2791
f 3537/3066/2793 3549/2696/2805 3548/2695/2804 3536/3065/2792
f 3538/3067/2794 3550/2697/2806 3549/2696/2805 3537/3066/2793
f 3539/3068/2795 3551/2698/2807 3550/2697/2806 3538/3067/2794
f 3540/3069/2796 3552/2699/2808 3551/2698/2807 3539/3068/2795
f 3541/3070/2797 3553/2700/2809 3552/2699/2808 3540/3069/2796
f 3542/3071/2798 3554/2701/2810 3553/2700/2809 3541/3070/2797
f 3543/3072/2799 3555/2702/2811 3554/2701/2810 3542/3071/2798
f 3544/3073/2800 3556/2703/2812 3555/2702/2811 3543/3072/2799
f 3546/2692/2801 3558/3074/2813 3557/3075/2814 3545/2693/2802
f 3547/2694/2803 3559/3076/2815 3558/3074/2813 3546/2692/2801
f 3548/2695/2804 3560/3077/2816 3559/3076/2815 3547/2694/2803
f 3549/2696/2805 3561/3078/2817 3560/3077/2816 3548/2695/2804
f 3550/2697/2806 3562/3079/2818 3561/3078/2817 3549/2696/2805
f 3551/2698/2807 3563/3080/2819 3562/3079/2818 3550/2697/2806
f 3552/2699/2808 3564/3081/2820 3563/3080/2819 3551/2698/2807
f 3553/2700/2809 3565/3082/2821 3564/3081/2820 3552/2699/2808
f 3554/2701/2810 3566/3083/2822 3565/3082/2821 3553/2700/2809
f 3555/2702/2811 3567/3084/2823 3566/3083/2822 3554/2701/2810
f 3556/2703/2812 3568/3085/2824 3567/3084/2823 3555/2702/2811
f 3558/3074/2813 3570/2728/2825 3569/2729/2826 3557/3075/2814
f 3559/3076/2815 3571/2730/2827 3570/2728/2825 3558/3074/2813
f 3560/3077/2816 3572/2731/2828 3571/2730/2827 3559/3076/2815
f 3561/3078/2817 3573/2732/2829 3572/2731/2828 3560/3077/2816
f 3562/3079/2818 3574/2733/2830 3573/2732/2829 3561/3078/2817
f 3563/3080/2819 3575/2734/2831 3574/2733/2830 3562/3079/2818
f 3564/3081/2820 3576/2735/2832 3575/2734/2831 3563/3080/2819
f 3565/3082/2821 3577/2736/2833 3576/2735/2832 3564/3081/2820
f 3566/3083/2822 3578/2737/2834 3577/2736/2833 3565/3082/2821
f 3567/3084/2823 3579/2738/2835 3578/2737/2834 3566/3083/2822
f 3568/3085/2824 3580/2739/2836 3579/2738/2835 3567/3084/2823
f 3570/2728/2825 3582/3086/2837 3581/3087/2838 3569/2729/2826
f 3571/2730/2827 3583/3088/2839 3582/3086/2837 3570/2728/2825
f 3572/2731/2828 3584/3089/2840 3583/3088/2839 3571/2730/2827
f 3573/2732/2829 3585/3090/2841 3584/3089/2840 3572/2731/2828
f 3574/2733/2830 3586/3091/2842 3585/3090/2841 3573/2732/2829
f 3575/2734/2831 3587/3092/2843 3586/3091/2842 3574/2733/2830
f 3576/2735/2832 3588/3093/2844 3587/3092/2843 3575/2734/2831
f 3577/2736/2833 3589/3094/2845 3588/3093/2844 3576/2735/2832
f 3578/2737/2834 3590/3095/2846 3589/3094/2845 3577/2736/2833
f 3579/2738/2835 3591/3096/2847 3590/3095/2846 3578/2737/2834
f 3580/2739/2836 3592/3097/2848 3591/3096/2847 3579/2738/2835
f 3582/3086/2837 3594/2764/1007 3593/2765/1008 3581/3087/2838
f 3583/3088/2839 3595/2766/1009 3594/2764/1007 3582/3086/2837
f 3584/3089/2840 3596/2767/1010 3595/2766/1009 3583/3088/2839
f 3585/3090/2841 3597/2768/1011 3596/2767/1010 3584/3089/2840
f 3586/3091/2842 3598/2769/1012 3597/2768/1011 3585/3090/2841
f 3587/3092/2843 3599/2770/1013 3598/2769/1012 3586/3091/2842
f 3588/3093/2844 3600/2771/1014 3599/2770/1013 3587/3092/2843
f 3589/3094/2845 3601/2772/1015 3600/2771/1014 3588/3093/2844
f 3590/3095/2846 3602/2773/1016 3601/2772/1015 3589/3094/2845
f 3591/3096/2847 3603/2774/1017 3602/2773/1016 3590/3095/2846
f 3592/3097/2848 3604/2775/1018 3603/2774/1017 3591/3096/2847
f 3594/2764/1007 3606/3098/1019 3605/3099/1020 3593/2765/1008
f 3595/2766/1009 3607/3100/1021 3606/3098/1019 3594/2764/1007
f 3596/2767/1010 3608/3101/2849 3607/3100/1021 3595/2766/1009
f 3597/2768/1011 3609/3102/1023 3608/3101/2849 3596/2767/1010
f 3598/2769/1012 3610/3103/1024 3609/3102/1023 3597/2768/1011
f 3599/2770/1013 3611/3104/1025 3610/3103/1024 3598/2769/1012
f 3600/2771/1014 3612/3105/1026 3611/3104/1025 3599/2770/1013
f 3601/2772/1015 3613/3106/1027 3612/3105/1026 3600/2771/1014
f 3602/2773/1016 3614/3107/1028 3613/3106/1027 3601/2772/1015
f 3603/2774/1017 3615/3108/1029 3614/3107/1028 3602/2773/1016
f 3604/2775/1018 3616/3109/1030 3615/3108/1029 3603/2774/1017
f 3606/3098/1019 2994/1580/2251 2993/507/2254 3605/3099/1020
f 3607/3100/1021 2995/1581/2255 2994/1580/2251 3606/3098/1019
f 3608/3101/2849 2996/1582/2257 2995/1581/2255 3607/3100/1021
f 3609/3102/1023 2997/1583/2259 2996/1582/2257 3608/3101/2849
f 3610/3103/1024 2998/1584/2261 2997/1583/2259 3609/3102/1023
f 3611/3104/1025 2999/1585/2263 2998/1584/2261 3610/3103/1024
f 3612/3105/1026 3000/1586/2265 2999/1585/2263 3611/3104/1025
f 3613/3106/1027 3001/1587/2267 3000/1586/2265 3612/3105/1026
f 3614/3107/1028 3002/1588/2269 3001/1587/2267 3613/3106/1027
f 3615/3108/1029 3003/1589/2271 3002/1588/2269 3614/3107/1028
f 3616/3109/1030 3004/1590/2273 3003/1589/2271 3615/3108/1029
f 3618/777/2850 3630/1591/2851 3629/1592/2852 3617/509/2853
f 3619/780/2854 3631/1593/2855 3630/1591/2851 3618/777/2850
f 3620/782/2856 3632/1594/2857 3631/1593/2855 3619/780/2854
f 3621/784/2858 3633/1595/2859 3632/1594/2857 3620/782/2856
f 3622/786/2860 3634/1596/2861 3633/1595/2859 3621/784/2858
f 3623/788/2862 3635/1597/2863 3634/1596/2861 3622/786/2860
f 3624/790/2864 3636/1598/2865 3635/1597/2863 3623/788/2862
f 3625/792/2866 3637/1599/2867 3636/1598/2865 3624/790/2864
f 3626/794/2868 3638/1600/2869 3637/1599/2867 3625/792/2866
f 3627/796/2870 3639/1601/2871 3638/1600/2869 3626/794/2868
f 3628/798/2872 3640/1602/2873 3639/1601/2871 3627/796/2870
f 3630/1591/2851 3642/1603/2874 3641/1604/2875 3629/1592/2852
f 3631/1593/2855 3643/1605/2876 3642/1603/2874 3630/1591/2851
f 3632/1594/2857 3644/1606/2877 3643/1605/2876 3631/1593/2855
f 3633/1595/2859 3645/1607/2878 3644/1606/2877 3632/1594/2857
f 3634/1596/2861 3646/1608/2879 3645/1607/2878 3633/1595/2859
f 3635/1597/2863 3647/1609/2880 3646/1608/2879 3634/1596/2861
f 3636/1598/2865 3648/1610/2881 3647/1609/2880 3635/1597/2863
f 3637/1599/2867 3649/1611/2882 3648/1610/2881 3636/1598/2865
f 3638/1600/2869 3650/1612/2883 3649/1611/2882 3637/1599/2867
f 3639/1601/2871 3651/1613/2884 3650/1612/2883 3638/1600/2869
f 3640/1602/2873 3652/1614/2885 3651/1613/2884 3639/1601/2871
f 3642/1603/2874 3654/1615/2886 3653/1616/2887 3641/1604/2875
f 3643/1605/2876 3655/1617/2888 3654/1615/2886 3642/1603/2874
f 3644/1606/2877 3656/1618/2889 3655/1617/2888 3643/1605/2876
f 3645/1607/2878 3657/1619/2890 3656/1618/2889 3644/1606/2877
f 3646/1608/2879 3658/1620/2891 3657/1619/2890 3645/1607/2878
f 3647/1609/2880 3659/1621/2892 3658/1620/2891 3646/1608/2879
f 3648/1610/2881 3660/1622/2893 3659/1621/2892 3647/1609/2880
f 3649/1611/2882 3661/1623/2894 3660/1622/2893 3648/1610/2881
f 3650/1612/2883 3662/1624/2895 3661/1623/2894 3649/1611/2882
f 3651/1613/2884 3663/1625/2896 3662/1624/2895 3650/1612/2883
f 3652/1614/2885 3664/1626/2897 3663/1625/2896 3651/1613/2884
f 3654/1615/2886 3666/1627/2898 3665/1628/2899 3653/1616/2887
f 3655/1617/2888 3667/1629/2900 3666/1627/2898 3654/1615/2886
f 3656/1618/2889 3668/1630/2901 3667/1629/2900 3655/1617/2888
f 3657/1619/2890 3669/1631/2902 3668/1630/2901 3656/1618/2889
f 3658/1620/2891 3670/1632/2903 3669/1631/2902 3657/1619/2890
f 3659/1621/2892 3671/1633/2904 3670/1632/2903 3658/1620/2891
f 3660/1622/2893 3672/1634/2905 3671/1633/2904 3659/1621/2892
f 3661/1623/2894 3673/1635/2906 3672/1634/2905 3660/1622/2893
f 3662/1624/2895 3674/1636/2907 3673/1635/2906 3661/1623/2894
f 3663/1625/2896 3675/1637/2908 3674/1636/2907 3662/1624/2895
f 3664/1626/2897 3676/1638/2909 3675/1637/2908 3663/1625/2896
f 3666/1627/2898 3678/1639/2910 3677/1640/2911 3665/1628/2899
f 3667/1629/2900 3679/1641/2912 3678/1639/2910 3666/1627/2898
f 3668/1630/2901 3680/1642/2913 3679/1641/2912 3667/1629/2900
f 3669/1631/2902 3681/1643/2914 3680/1642/2913 3668/1630/2901
f 3670/1632/2903 3682/1644/2915 3681/1643/2914 3669/1631/2902
f 3671/1633/2904 3683/1645/2916 3682/1644/2915 3670/1632/2903
f 3672/1634/2905 3684/1646/2917 3683/1645/2916 3671/1633/2904
f 3673/1635/2906 3685/1647/2918 3684/1646/2917 3672/1634/2905
f 3674/1636/2907 3686/1648/2919 3685/1647/2918 3673/1635/2906
f 3675/1637/2908 3687/1649/2920 3686/1648/2919 3674/1636/2907
f 3676/1638/2909 3688/1650/2921 3687/1649/2920 3675/1637/2908
f 3678/1639/2910 3690/1651/2922 3689/1652/2923 3677/1640/2911
f 3679/1641/2912 3691/1653/2924 3690/1651/2922 3678/1639/2910
f 3680/1642/2913 3692/1654/2925 3691/1653/2924 3679/1641/2912
f 3681/1643/2914 3693/1655/2926 3692/1654/2925 3680/1642/2913
f 3682/1644/2915 3694/1656/2927 3693/1655/2926 3681/1643/2914
f 3683/1645/2916 3695/1657/2928 3694/1656/2927 3682/1644/2915
f 3684/1646/2917 3696/1658/2929 3695/1657/2928 3683/1645/2916
f 3685/1647/2918 3697/1659/2930 3696/1658/2929 3684/1646/2917
f 3686/1648/2919 3698/1660/2931 3697/1659/2930 3685/1647/2918
f 3687/1649/2920 3699/1661/2932 3698/1660/2931 3686/1648/2919
f 3688/1650/2921 3700/1662/2933 3699/1661/2932 3687/1649/2920
f 3690/1651/2922 3702/1663/2934 3701/1664/2935 3689/1652/2923
f 3691/1653/2924 3703/1665/2936 3702/1663/2934 3690/1651/2922
f 3692/1654/2925 3704/1666/2937 3703/1665/2936 3691/1653/2924
f 3693/1655/2926 3705/1667/2938 3704/1666/2937 3692/1654/2925
f 3694/1656/2927 3706/1668/2939 3705/1667/2938 3693/1655/2926
f 3695/1657/2928 3707/1669/2940 3706/1668/2939 3694/1656/2927
f 3696/1658/2929 3708/1670/2941 3707/1669/2940 3695/1657/2928
f 3697/1659/2930 3709/1671/2942 3708/1670/2941 3696/1658/2929
f 3698/1660/2931 3710/1672/2943 3709/1671/2942 3697/1659/2930
f 3699/1661/2932 3711/1673/2944 3710/1672/2943 3698/1660/2931
f 3700/1662/2933 3712/1674/2945 3711/1673/2944 3699/1661/2932
f 3702/1663/2934 3714/1675/2946 3713/1676/2947 3701/1664/2935
f 3703/1665/2936 3715/1677/2948 3714/1675/2946 3702/1663/2934
f 3704/1666/2937 3716/1678/2949 3715/1677/2948 3703/1665/2936
f 3705/1667/2938 3717/1679/2950 3716/1678/2949 3704/1666/2937
f 3706/1668/2939 3718/1680/2951 3717/1679/2950 3705/1667/2938
f 3707/1669/2940 3719/1681/2952 3718/1680/2951 3706/1668/2939
f 3708/1670/2941 3720/1682/2953 3719/1681/2952 3707/1669/2940
f 3709/1671/2942 3721/1683/2954 3720/1682/2953 3708/1670/2941
f 3710/1672/2943 3722/1684/2955 3721/1683/2954 3709/1671/2942
f 3711/1673/2944 3723/1685/2956 3722/1684/2955 3710/1672/2943
f 3712/1674/2945 3724/1686/2957 3723/1685/2956 3711/1673/2944
f 3714/1675/2946 3726/1687/2958 3725/572/2959 3713/1676/2947
f 3715/1677/2948 3727/1688/2960 3726/1687/2958 3714/1675/2946
f 3716/1678/2949 3728/1689/2961 3727/1688/2960 3715/1677/2948
f 3717/1679/2950 3729/1690/2962 3728/1689/2961 3716/1678/2949
f 3718/1680/2951 3730/1691/2963 3729/1690/2962 3717/1679/2950
f 3719/1681/2952 3731/1692/2964 3730/1691/2963 3718/1680/2951
f 3720/1682/2953 3732/1693/2965 3731/1692/2964 3719/1681/2952
f 3721/1683/2954 3733/1694/2966 3732/1693/2965 3720/1682/2953
f 3722/1684/2955 3734/1695/2967 3733/1694/2966 3721/1683/2954
f 3723/1685/2956 3735/1696/2968 3734/1695/2967 3722/1684/2955
f 3724/1686/2957 3736/1697/2969 3735/1696/2968 3723/1685/2956
f 3726/1687/2958 3738/1698/2970 3737/1699/2971 3725/572/2959
f 3727/1688/2960 3739/1700/2972 3738/1698/2970 3726/1687/2958
f 3728/1689/2961 3740/1701/2973 3739/1700/2972 3727/1688/2960
f 3729/1690/2962 3741/1702/2974 3740/1701/2973 3728/1689/2961
f 3730/1691/2963 3742/1703/2975 3741/1702/2974 3729/1690/2962
f 3731/1692/2964 3743/1704/2976 3742/1703/2975 3730/1691/2963
f 3732/1693/2965 3744/1705/2977 3743/1704/2976 3731/1692/2964
f 3733/1694/2966 3745/1706/2978 3744/1705/2977 3732/1693/2965
f 3734/1695/2967 3746/1707/2979 3745/1706/2978 3733/1694/2966
f 3735/1696/2968 3747/1708/2980 3746/1707/2979 3734/1695/2967
f 3736/1697/2969 3748/1709/2981 3747/1708/2980 3735/1696/2968
f 3738/1698/2970 3750/1710/2982 3749/1711/2983 3737/1699/2971
f 3739/1700/2972 3751/1712/2984 3750/1710/2982 3738/1698/2970
f 3740/1701/2973 3752/1713/2985 3751/1712/2984 3739/1700/2972
f 3741/1702/2974 3753/1714/2986 3752/1713/2985 3740/1701/2973
f 3742/1703/2975 3754/1715/2987 3753/1714/2986 3741/1702/2974
f 3743/1704/2976 3755/1716/2988 3754/1715/2987 3742/1703/2975
f 3744/1705/2977 3756/1717/2989 3755/1716/2988 3743/1704/2976
f 3745/1706/2978 3757/1718/2990 3756/1717/2989 3744/1705/2977
f 3746/1707/2979 3758/1719/2991 3757/1718/2990 3745/1706/2978
f 3747/1708/2980 3759/1720/2992 3758/1719/2991 3746/1707/2979
f 3748/1709/2981 3760/1721/2993 3759/1720/2992 3747/1708/2980
f 3750/1710/2982 3762/1722/2994 3761/1723/2995 3749/1711/2983
f 3751/1712/2984 3763/1724/2996 3762/1722/2994 3750/1710/2982
f 3752/1713/2985 3764/1725/2997 3763/1724/2996 3751/1712/2984
f 3753/1714/2986 3765/1726/2998 3764/1725/2997 3752/1713/2985
f 3754/1715/2987 3766/1727/2999 3765/1726/2998 3753/1714/2986
f 3755/1716/2988 3767/1728/3000 3766/1727/2999 3754/1715/2987
f 3756/1717/2989 3768/1729/3001 3767/1728/3000 3755/1716/2988
f 3757/1718/2990 3769/1730/3002 3768/1729/3001 3756/1717/2989
f 3758/1719/2991 3770/1731/3003 3769/1730/3002 3757/1718/2990
f 3759/1720/2992 3771/1732/3004 3770/1731/3003 3758/1719/2991
f 3760/1721/2993 3772/1733/3005 3771/1732/3004 3759/1720/2992
f 3762/1722/2994 3774/1734/3006 3773/1735/3007 3761/1723/2995
f 3763/1724/2996 3775/1736/3008 3774/1734/3006 3762/1722/2994
f 3764/1725/2997 3776/1737/3009 3775/1736/3008 3763/1724/2996
f 3765/1726/2998 3777/1738/3010 3776/1737/3009 3764/1725/2997
f 3766/1727/2999 3778/1739/3011 3777/1738/3010 3765/1726/2998
f 3767/1728/3000 3779/1740/3012 3778/1739/3011 3766/1727/2999
f 3768/1729/3001 3780/1741/3013 3779/1740/3012 3767/1728/3000
f 3769/1730/3002 3781/1742/3014 3780/1741/3013 3768/1729/3001
f 3770/1731/3003 3782/1743/3015 3781/1742/3014 3769/1730/3002
f 3771/1732/3004 3783/1744/3016 3782/1743/3015 3770/1731/3003
f 3772/1733/3005 3784/1745/3017 3783/1744/3016 3771/1732/3004
f 3774/1734/3006 3786/1746/3018 3785/1747/3019 3773/1735/3007
f 3775/1736/3008 3787/1748/3020 3786/1746/3018 3774/1734/3006
f 3776/1737/3009 3788/1749/3021 3787/1748/3020 3775/1736/3008
f 3777/1738/3010 3789/1750/3022 3788/1749/3021 3776/1737/3009
f 3778/1739/3011 3790/1751/3023 3789/1750/3022 3777/1738/3010
f 3779/1740/3012 3791/1752/3024 3790/1751/3023 3778/1739/3011
f 3780/1741/3013 3792/1753/3025 3791/1752/3024 3779/1740/3012
f 3781/1742/3014 3793/1754/3026 3792/1753/3025 3780/1741/3013
f 3782/1743/3015 3794/1755/3027 3793/1754/3026 3781/1742/3014
f 3783/1744/3016 3795/1756/3028 3794/1755/3027 3782/1743/3015
f 3784/1745/3017 3796/1757/3029 3795/1756/3028 3783/1744/3016
f 3786/1746/3018 3798/1758/3030 3797/1759/3031 3785/1747/3019
f 3787/1748/3020 3799/1760/3032 3798/1758/3030 3786/1746/3018
f 3788/1749/3021 3800/1761/3033 3799/1760/3032 3787/1748/3020
f 3789/1750/3022 3801/1762/3034 3800/1761/3033 3788/1749/3021
f 3790/1751/3023 3802/1763/3035 3801/1762/3034 3789/1750/3022
f 3791/1752/3024 3803/1764/3036 3802/1763/3035 3790/1751/3023
f 3792/1753/3025 3804/1765/3037 3803/1764/3036 3791/1752/3024
f 3793/1754/3026 3805/1766/3038 3804/1765/3037 3792/1753/3025
f 3794/1755/3027 3806/1767/3039 3805/1766/3038 3793/1754/3026
f 3795/1756/3028 3807/1768/3040 3806/1767/3039 3794/1755/3027
f 3796/1757/3029 3808/1769/3041 3807/1768/3040 3795/1756/3028
f 3798/1758/3030 3810/1770/3042 3809/1771/3043 3797/1759/3031
f 3799/1760/3032 3811/1772/3044 3810/1770/3042 3798/1758/3030
f 3800/1761/3033 3812/1773/3045 3811/1772/3044 3799/1760/3032
f 3801/1762/3034 3813/1774/3046 3812/1773/3045 3800/1761/3033
f 3802/1763/3035 3814/1775/3047 3813/1774/3046 3801/1762/3034
f 3803/1764/3036 3815/1776/3048 3814/1775/3047 3802/1763/3035
f 3804/1765/3037 3816/1777/3049 3815/1776/3048 3803/1764/3036
f 3805/1766/3038 3817/1778/3050 3816/1777/3049 3804/1765/3037
f 3806/1767/3039 3818/1779/3051 3817/1778/3050 3805/1766/3038
f 3807/1768/3040 3819/1780/3052 3818/1779/3051 3806/1767/3039
f 3808/1769/3041 3820/1781/3053 3819/1780/3052 3807/1768/3040
f 3810/1770/3042 3822/1782/3054 3821/1783/3055 3809/1771/3043
f 3811/1772/3044 3823/1784/3056 3822/1782/3054 3810/1770/3042
f 3812/1773/3045 3824/1785/3057 3823/1784/3056 3811/1772/3044
f 3813/1774/3046 3825/1786/3058 3824/1785/3057 3812/1773/3045
f 3814/1775/3047 3826/1787/3059 3825/1786/3058 3813/1774/3046
f 3815/1776/3048 3827/1788/3060 3826/1787/3059 3814/1775/3047
f 3816/1777/3049 3828/1789/3061 3827/1788/3060 3815/1776/3048
f 3817/1778/3050 3829/1790/3062 3828/1789/3061 3816/1777/3049
f 3818/1779/3051 3830/1791/3063 3829/1790/3062 3817/1778/3050
f 3819/1780/3052 3831/1792/3064 3830/1791/3063 3818/1779/3051
f 3820/1781/3053 3832/1793/3065 3831/1792/3064 3819/1780/3052
f 3822/1782/3054 3834/1794/3066 3833/615/3067 3821/1783/3055
f 3823/1784/3056 3835/1795/3068 3834/1794/3066 3822/1782/3054
f 3824/1785/3057 3836/1796/3069 3835/1795/3068 3823/1784/3056
f 3825/1786/3058 3837/1797/3070 3836/1796/3069 3824/1785/3057
f 3826/1787/3059 3838/1798/3071 3837/1797/3070 3825/1786/3058
f 3827/1788/3060 3839/1799/3072 3838/1798/3071 3826/1787/3059
f 3828/1789/3061 3840/1800/3073 3839/1799/3072 3827/1788/3060
f 3829/1790/3062 3841/1801/3074 3840/1800/3073 3828/1789/3061
f 3830/1791/3063 3842/1802/3075 3841/1801/3074 3829/1790/3062
f 3831/1792/3064 3843/1803/3076 3842/1802/3075 3830/1791/3063
f 3832/1793/3065 3844/1804/3077 3843/1803/3076 3831/1792/3064
f 3834/1794/3066 3846/1805/3078 3845/1806/3079 3833/615/3067
f 3835/1795/3068 3847/1807/3080 3846/1805/3078 3834/1794/3066
f 3836/1796/3069 3848/1808/3081 3847/1807/3080 3835/1795/3068
f 3837/1797/3070 3849/1809/3082 3848/1808/3081 3836/1796/3069
f 3838/1798/3071 3850/1810/3083 3849/1809/3082 3837/1797/3070
f 3839/1799/3072 3851/1811/3084 3850/1810/3083 3838/1798/3071
f 3840/1800/3073 3852/1812/3085 3851/1811/3084 3839/1799/3072
f 3841/1801/3074 3853/1813/3086 3852/1812/3085 3840/1800/3073
f 3842/1802/3075 3854/1814/3087 3853/1813/3086 3841/1801/3074
f 3843/1803/3076 3855/1815/3088 3854/1814/3087 3842/1802/3075
f 3844/1804/3077 3856/1816/3089 3855/1815/3088 3843/1803/3076
f 3846/1805/3078 3858/1817/3090 3857/1818/3091 3845/1806/3079
f 3847/1807/3080 3859/1819/3092 3858/1817/3090 3846/1805/3078
f 3848/1808/3081 3860/1820/3093 3859/1819/3092 3847/1807/3080
f 3849/1809/3082 3861/1821/3094 3860/1820/3093 3848/1808/3081
f 3850/1810/3083 3862/1822/3095 3861/1821/3094 3849/1809/3082
f 3851/1811/3084 3863/1823/3096 3862/1822/3095 3850/1810/3083
f 3852/1812/3085 3864/1824/3097 3863/1823/3096 3851/1811/3084
f 3853/1813/3086 3865/1825/3098 3864/1824/3097 3852/1812/3085
f 3854/1814/3087 3866/1826/3099 3865/1825/3098 3853/1813/3086
f 3855/1815/3088 3867/1827/3100 3866/1826/3099 3854/1814/3087
f 3856/1816/3089 3868/1828/3101 3867/1827/3100 3855/1815/3088
f 3858/1817/3090 3870/1829/3102 3869/1830/3103 3857/1818/3091
f 3859/1819/3092 3871/1831/3104 3870/1829/3102 3858/1817/3090
f 3860/1820/3093 3872/1832/3105 3871/1831/3104 3859/1819/3092
f 3861/1821/3094 3873/1833/3106 3872/1832/3105 3860/1820/3093
f 3862/1822/3095 3874/1834/3107 3873/1833/3106 3861/1821/3094
f 3863/1823/3096 3875/1835/3108 3874/1834/3107 3862/1822/3095
f 3864/1824/3097 3876/1836/3109 3875/1835/3108 3863/1823/3096
f 3865/1825/3098 3877/1837/3110 3876/1836/3109 3864/1824/3097
f 3866/1826/3099 3878/1838/3111 3877/1837/3110 3865/1825/3098
f 3867/1827/3100 3879/1839/3112 3878/1838/3111 3866/1826/3099
f 3868/1828/3101 3880/1840/3113 3879/1839/3112 3867/1827/3100
f 3870/1829/3102 3882/1841/3114 3881/1842/3115 3869/1830/3103
f 3871/1831/3104 3883/1843/3116 3882/1841/3114 3870/1829/3102
f 3872/1832/3105 3884/1844/3117 3883/1843/3116 3871/1831/3104
f 3873/1833/3106 3885/1845/3118 3884/1844/3117 3872/1832/3105
f 3874/1834/3107 3886/1846/3119 3885/1845/3118 3873/1833/3106
f 3875/1835/3108 3887/1847/3120 3886/1846/3119 3874/1834/3107
f 3876/1836/3109 3888/1848/3121 3887/1847/3120 3875/1835/3108
f 3877/1837/3110 3889/1849/3122 3888/1848/3121 3876/1836/3109
f 3878/1838/3111 3890/1850/3123 3889/1849/3122 3877/1837/3110
f 3879/1839/3112 3891/1851/3124 3890/1850/3123 3878/1838/3111
f 3880/1840/3113 3892/1852/3125 3891/1851/3124 3879/1839/3112
f 3882/1841/3114 3894/1853/3126 3893/1854/3127 3881/1842/3115
f 3883/1843/3116 3895/1855/3128 3894/1853/3126 3882/1841/3114
f 3884/1844/3117 3896/1856/3129 3895/1855/3128 3883/1843/3116
f 3885/1845/3118 3897/1857/3130 3896/1856/3129 3884/1844/3117
f 3886/1846/3119 3898/1858/3131 3897/1857/3130 3885/1845/3118
f 3887/1847/3120 3899/1859/3132 3898/1858/3131 3886/1846/3119
f 3888/1848/3121 3900/1860/3133 3899/1859/3132 3887/1847/3120
f 3889/1849/3122 3901/1861/3134 3900/1860/3133 3888/1848/3121
f 3890/1850/3123 3902/1862/3135 3901/1861/3134 3889/1849/3122
f 3891/1851/3124 3903/1863/3136 3902/1862/3135 3890/1850/3123
f 3892/1852/3125 3904/1864/3137 3903/1863/3136 3891/1851/3124
f 3894/1853/3126 3906/1865/3138 3905/1866/3139 3893/1854/3127
f 3895/1855/3128 3907/1867/3140 3906/1865/3138 3894/1853/3126
f 3896/1856/3129 3908/1868/3141 3907/1867/3140 3895/1855/3128
f 3897/1857/3130 3909/1869/3142 3908/1868/3141 3896/1856/3129
f 3898/1858/3131 3910/1870/3143 3909/1869/3142 3897/1857/3130
f 3899/1859/3132 3911/1871/3144 3910/1870/3143 3898/1858/3131
f 3900/1860/3133 3912/1872/3145 3911/1871/3144 3899/1859/3132
f 3901/1861/3134 3913/1873/3146 3912/1872/3145 3900/1860/3133
f 3902/1862/3135 3914/1874/3147 3913/1873/3146 3901/1861/3134
f 3903/1863/3136 3915/1875/3148 3914/1874/3147 3902/1862/3135
f 3904/1864/3137 3916/1876/3149 3915/1875/3148 3903/1863/3136
f 3906/1865/3138 3918/1877/985 3917/1878/986 3905/1866/3139
f 3907/1867/3140 3919/1879/987 3918/1877/985 3906/1865/3138
f 3908/1868/3141 3920/1880/988 3919/1879/987 3907/1867/3140
f 3909/1869/3142 3921/1881/989 3920/1880/988 3908/1868/3141
f 3910/1870/3143 3922/1882/3150 3921/1881/989 3909/1869/3142
f 3911/1871/3144 3923/1883/3151 3922/1882/3150 3910/1870/3143
f 3912/1872/3145 3924/1884/3152 3923/1883/3151 3911/1871/3144
f 3913/1873/3146 3925/1885/993 3924/1884/3152 3912/1872/3145
f 3914/1874/3147 3926/1886/994 3925/1885/993 3913/1873/3146
f 3915/1875/3148 3927/1887/995 3926/1886/994 3914/1874/3147
f 3916/1876/3149 3928/1888/996 3927/1887/995 3915/1875/3148
f 3918/1877/985 3930/1889/1343 3929/1890/1344 3917/1878/986
f 3919/1879/987 3931/1891/1345 3930/1889/1343 3918/1877/985
f 3920/1880/988 3932/1892/1346 3931/1891/1345 3919/1879/987
f 3921/1881/989 3933/1893/3153 3932/1892/1346 3920/1880/988
f 3922/1882/3150 3934/1894/3154 3933/1893/3153 3921/1881/989
f 3923/1883/3151 3935/1895/3155 3934/1894/3154 3922/1882/3150
f 3924/1884/3152 3936/1896/1350 3935/1895/3155 3923/1883/3151
f 3925/1885/993 3937/1897/1351 3936/1896/1350 3924/1884/3152
f 3926/1886/994 3938/1898/1352 3937/1897/1351 3925/1885/993
f 3927/1887/995 3939/1899/1353 3938/1898/1352 3926/1886/994
f 3928/1888/996 3940/1900/1354 3939/1899/1353 3927/1887/995
f 3930/1889/1343 3618/1580/2850 3617/507/2853 3929/1890/1344
f 3931/1891/1345 3619/1581/2854 3618/1580/2850 3930/1889/1343
f 3932/1892/1346 3620/1582/2856 3619/1581/2854 3931/1891/1345
f 3933/1893/3153 3621/1583/2858 3620/1582/2856 3932/1892/1346
f 3934/1894/3154 3622/1584/2860 3621/1583/2858 3933/1893/3153
f 3935/1895/3155 3623/1585/2862 3622/1584/2860 3934/1894/3154
f 3936/1896/1350 3624/1586/2864 3623/1585/2862 3935/1895/3155
f 3937/1897/1351 3625/1587/2866 3624/1586/2864 3936/1896/1350
f 3938/1898/1352 3626/1588/2868 3625/1587/2866 3937/1897/1351
f 3939/1899/1353 3627/1589/2870 3626/1588/2868 3938/1898/1352
f 3940/1900/1354 3628/1590/2872 3627/1589/2870 3939/1899/1353
f 3942/777/3156 3954/1591/3157 3953/1592/3158 3941/509/3159
f 3943/780/3160 3955/1593/3161 3954/1591/3157 3942/777/3156
f 3944/782/3162 3956/1594/3163 3955/1593/3161 3943/780/3160
f 3945/784/3164 3957/1595/3165 3956/1594/3163 3944/782/3162
f 3946/786/3166 3958/1596/3167 3957/1595/3165 3945/784/3164
f 3947/788/3168 3959/1597/3169 3958/1596/3167 3946/786/3166
f 3948/790/3170 3960/1598/3171 3959/1597/3169 3947/788/3168
f 3949/792/3172 3961/1599/3173 3960/1598/3171 3948/790/3170
f 3950/794/3174 3962/1600/3175 3961/1599/3173 3949/792/3172
f 3951/796/3176 3963/1601/3177 3962/1600/3175 3950/794/3174
f 3952/798/3178 3964/1602/3179 3963/1601/3177 3951/796/3176
f 3954/1591/3157 3966/1603/3180 3965/1604/3181 3953/1592/3158
f 3955/1593/3161 3967/1605/3182 3966/1603/3180 3954/1591/3157
f 3956/1594/3163 3968/1606/3183 3967/1605/3182 3955/1593/3161
f 3957/1595/3165 3969/1607/3184 3968/1606/3183 3956/1594/3163
f 3958/1596/3167 3970/1608/3185 3969/1607/3184 3957/1595/3165
f 3959/1597/3169 3971/1609/3186 3970/1608/3185 3958/1596/3167
f 3960/1598/3171 3972/1610/3187 3971/1609/3186 3959/1597/3169
f 3961/1599/3173 3973/1611/3188 3972/1610/3187 3960/1598/3171
f 3962/1600/3175 3974/1612/3189 3973/1611/3188 3961/1599/3173
f 3963/1601/3177 3975/1613/3190 3974/1612/3189 3962/1600/3175
f 3964/1602/3179 3976/1614/3191 3975/1613/3190 3963/1601/3177
f 3966/1603/3180 3978/1615/3192 3977/1616/3193 3965/1604/3181
f 3967/1605/3182 3979/1617/3194 3978/1615/3192 3966/1603/3180
f 3968/1606/3183 3980/1618/3195 3979/1617/3194 3967/1605/3182
f 3969/1607/3184 3981/1619/3196 3980/1618/3195 3968/1606/3183
f 3970/1608/3185 3982/1620/3197 3981/1619/3196 3969/1607/3184
f 3971/1609/3186 3983/1621/3198 3982/1620/3197 3970/1608/3185
f 3972/1610/3187 3984/1622/3199 3983/1621/3198 3971/1609/3186
f 3973/1611/3188 3985/1623/3200 3984/1622/3199 3972/1610/3187
f 3974/1612/3189 3986/1624/3201 3985/1623/3200 3973/1611/3188
f 3975/1613/3190 3987/1625/3202 3986/1624/3201 3974/1612/3189
f 3976/1614/3191 3988/1626/3203 3987/1625/3202 3975/1613/3190
f 3978/1615/3192 3990/1627/3204 3989/1628/3205 3977/1616/3193
f 3979/1617/3194 3991/1629/3206 3990/1627/3204 3978/1615/3192
f 3980/1618/3195 3992/1630/3207 3991/1629/3206 3979/1617/3194
f 3981/1619/3196 3993/1631/3208 3992/1630/3207 3980/1618/3195
f 3982/1620/3197 3994/1632/3209 3993/1631/3208 3981/1619/3196
f 3983/1621/3198 3995/1633/3210 3994/1632/3209 3982/1620/3197
f 3984/1622/3199 3996/1634/3211 3995/1633/3210 3983/1621/3198
f 3985/1623/3200 3997/1635/3212 3996/1634/3211 3984/1622/3199
f 3986/1624/3201 3998/1636/3213 3997/1635/3212 3985/1623/3200
f 3987/1625/3202 3999/1637/3214 3998/1636/3213 3986/1624/3201
f 3988/1626/3203 4000/1638/3215 3999/1637/3214 3987/1625/3202
f 3990/1627/3204 4002/1639/3216 4001/1640/3217 3989/1628/3205
f 3991/1629/3206 4003/1641/3218 4002/1639/3216 3990/1627/3204
f 3992/1630/3207 4004/1642/3219 4003/1641/3218 3991/1629/3206
f 3993/1631/3208 4005/1643/3220 4004/1642/3219 3992/1630/3207
f 3994/1632/3209 4006/1644/3221 4005/1643/3220 3993/1631/3208
f 3995/1633/3210 4007/1645/3222 4006/1644/3221 3994/1632/3209
f 3996/1634/3211 4008/1646/3223 4007/1645/3222 3995/1633/3210
f 3997/1635/3212 4009/1647/3224 4008/1646/3223 3996/1634/3211
f 3998/1636/3213 4010/1648/3225 4009/1647/3224 3997/1635/3212
f 3999/1637/3214 4011/1649/3226 4010/1648/3225 3998/1636/3213
f 4000/1638/3215 4012/1650/3227 4011/1649/3226 3999/1637/3214
f 4002/1639/3216 4014/1651/3228 4013/1652/3229 4001/1640/3217
f 4003/1641/3218 4015/1653/3230 4014/1651/3228 4002/1639/3216
f 4004/1642/3219 4016/1654/3231 4015/1653/3230 4003/1641/3218
f 4005/1643/3220 4017/1655/3232 4016/1654/3231 4004/1642/3219
f 4006/1644/3221 4018/1656/3233 4017/1655/3232 4005/1643/3220
f 4007/1645/3222 4019/1657/3234 4018/1656/3233 4006/1644/3221
f 4008/1646/3223 4020/1658/3235 4019/1657/3234 4007/1645/3222
f 4009/1647/3224 4021/1659/3236 4020/1658/3235 4008/1646/3223
f 4010/1648/3225 4022/1660/3237 4021/1659/3236 4009/1647/3224
f 4011/1649/3226 4023/1661/3238 4022/1660/3237 4010/1648/3225
f 4012/1650/3227 4024/1662/3239 4023/1661/3238 4011/1649/3226
f 4014/1651/3228 4026/1663/3240 4025/1664/3241 4013/1652/3229
f 4015/1653/3230 4027/1665/3242 4026/1663/3240 4014/1651/3228
f 4016/1654/3231 4028/1666/3243 4027/1665/3242 4015/1653/3230
f 4017/1655/3232 4029/1667/3244 4028/1666/3243 4016/1654/3231
f 4018/1656/3233 4030/1668/3245 4029/1667/3244 4017/1655/3232
f 4019/1657/3234 4031/1669/3246 4030/1668/3245 4018/1656/3233
f 4020/1658/3235 4032/1670/3247 4031/1669/3246 4019/1657/3234
f 4021/1659/3236 4033/1671/3248 4032/1670/3247 4020/1658/3235
f 4022/1660/3237 4034/1672/3249 4033/1671/3248 4021/1659/3236
f 4023/1661/3238 4035/1673/3250 4034/1672/3249 4022/1660/3237
f 4024/1662/3239 4036/1674/3251 4035/1673/3250 4023/1661/3238
f 4026/1663/3240 4038/1675/3252 4037/1676/3253 4025/1664/3241
f 4027/1665/3242 4039/1677/3254 4038/1675/3252 4026/1663/3240
f 4028/1666/3243 4040/1678/3255 4039/1677/3254 4027/1665/3242
f 4029/1667/3244 4041/1679/3256 4040/1678/3255 4028/1666/3243
f 4030/1668/3245 4042/1680/3257 4041/1679/3256 4029/1667/3244
f 4031/1669/3246 4043/1681/3258 4042/1680/3257 4030/1668/3245
f 4032/1670/3247 4044/1682/3259 4043/1681/3258 4031/1669/3246
f 4033/1671/3248 4045/1683/3260 4044/1682/3259 4032/1670/3247
f 4034/1672/3249 4046/1684/3261 4045/1683/3260 4033/1671/3248
f 4035/1673/3250 4047/1685/3262 4046/1684/3261 4034/1672/3249
f 4036/1674/3251 4048/1686/3263 4047/1685/3262 4035/1673/3250
f 4038/1675/3252 4050/1687/3264 4049/572/3265 4037/1676/3253
f 4039/1677/3254 4051/1688/3266 4050/1687/3264 4038/1675/3252
f 4040/1678/3255 4052/1689/3267 4051/1688/3266 4039/1677/3254
f 4041/1679/3256 4053/1690/3268 4052/1689/3267 4040/1678/3255
f 4042/1680/3257 4054/1691/3269 4053/1690/3268 4041/1679/3256
f 4043/1681/3258 4055/1692/3270 4054/1691/3269 4042/1680/3257
f 4044/1682/3259 4056/1693/3271 4055/1692/3270 4043/1681/3258
f 4045/1683/3260 4057/1694/3272 4056/1693/3271 4044/1682/3259
f 4046/1684/3261 4058/1695/3273 4057/1694/3272 4045/1683/3260
f 4047/1685/3262 4059/1696/3274 4058/1695/3273 4046/1684/3261
f 4048/1686/3263 4060/1697/3275 4059/1696/3274 4047/1685/3262
f 4050/1687/3264 4062/1698/3276 4061/1699/3277 4049/572/3265
f 4051/1688/3266 4063/1700/3278 4062/1698/3276 4050/1687/3264
f 4052/1689/3267 4064/1701/3279 4063/1700/3278 4051/1688/3266
f 4053/1690/3268 4065/1702/3280 4064/1701/3279 4052/1689/3267
f 4054/1691/3269 4066/1703/3281 4065/1702/3280 4053/1690/3268
f 4055/1692/3270 4067/1704/3282 4066/1703/3281 4054/1691/3269
f 4056/1693/3271 4068/1705/3283 4067/1704/3282 4055/1692/3270
f 4057/1694/3272 4069/1706/3284 4068/1705/3283 4056/1693/3271
f 4058/1695/3273 4070/1707/3285 4069/1706/3284 4057/1694/3272
f 4059/1696/3274 4071/1708/3286 4070/1707/3285 4058/1695/3273
f 4060/1697/3275 4072/1709/3287 4071/1708/3286 4059/1696/3274
f 4062/1698/3276 4074/1710/3288 4073/1711/3289 4061/1699/3277
f 4063/1700/3278 4075/1712/3290 4074/1710/3288 4062/1698/3276
f 4064/1701/3279 4076/1713/3291 4075/1712/3290 4063/1700/3278
f 4065/1702/3280 4077/1714/3292 4076/1713/3291 4064/1701/3279
f 4066/1703/3281 4078/1715/3293 4077/1714/3292 4065/1702/3280
f 4067/1704/3282 4079/1716/3294 4078/1715/3293 4066/1703/3281
f 4068/1705/3283 4080/1717/3295 4079/1716/3294 4067/1704/3282
f 4069/1706/3284 4081/1718/3296 4080/1717/3295 4068/1705/3283
f 4070/1707/3285 4082/1719/3297 4081/1718/3296 4069/1706/3284
f 4071/1708/3286 4083/1720/3298 4082/1719/3297 4070/1707/3285
f 4072/1709/3287 4084/1721/3299 4083/1720/3298 4071/1708/3286
f 4074/1710/3288 4086/1722/3300 4085/1723/3301 4073/1711/3289
f 4075/1712/3290 4087/1724/3302 4086/1722/3300 4074/1710/3288
f 4076/1713/3291 4088/1725/3303 4087/1724/3302 4075/1712/3290
f 4077/1714/3292 4089/1726/3304 4088/1725/3303 4076/1713/3291
f 4078/1715/3293 4090/1727/3305 4089/1726/3304 4077/1714/3292
f 4079/1716/3294 4091/1728/3306 4090/1727/3305 4078/1715/3293
f 4080/1717/3295 4092/1729/3307 4091/1728/3306 4079/1716/3294
f 4081/1718/3296 4093/1730/3308 4092/1729/3307 4080/1717/3295
f 4082/1719/3297 4094/1731/3309 4093/1730/3308 4081/1718/3296
f 4083/1720/3298 4095/1732/3310 4094/1731/3309 4082/1719/3297
f 4084/1721/3299 4096/1733/3311 4095/1732/3310 4083/1720/3298
f 4086/1722/3300 4098/1734/3312 4097/1735/3313 4085/1723/3301
f 4087/1724/3302 4099/1736/3314 4098/1734/3312 4086/1722/3300
f 4088/1725/3303 4100/1737/3315 4099/1736/3314 4087/1724/3302
f 4089/1726/3304 4101/1738/3316 4100/1737/3315 4088/1725/3303
f 4090/1727/3305 4102/1739/3317 4101/1738/3316 4089/1726/3304
f 4091/1728/3306 4103/1740/3318 4102/1739/3317 4090/1727/3305
f 4092/1729/3307 4104/1741/3319 4103/1740/3318 4091/1728/3306
f 4093/1730/3308 4105/1742/3320 4104/1741/3319 4092/1729/3307
f 4094/1731/3309 4106/1743/3321 4105/1742/3320 4093/1730/3308
f 4095/1732/3310 4107/1744/3322 4106/1743/3321 4094/1731/3309
f 4096/1733/3311 4108/1745/3323 4107/1744/3322 4095/1732/3310
f 4098/1734/3312 4110/1746/3324 4109/1747/3325 4097/1735/3313
f 4099/1736/3314 4111/1748/3326 4110/1746/3324 4098/1734/3312
f 4100/1737/3315 4112/1749/3327 4111/1748/3326 4099/1736/3314
f 4101/1738/3316 4113/1750/3328 4112/1749/3327 4100/1737/3315
f 4102/1739/3317 4114/1751/3329 4113/1750/3328 4101/1738/3316
f 4103/1740/3318 4115/1752/3330 4114/1751/3329 4102/1739/3317
f 4104/1741/3319 4116/1753/3331 4115/1752/3330 4103/1740/3318
f 4105/1742/3320 4117/1754/3332 4116/1753/3331 4104/1741/3319
f 4106/1743/3321 4118/1755/3333 4117/1754/3332 4105/1742/3320
f 4107/1744/3322 4119/1756/3334 4118/1755/3333 4106/1743/3321
f 4108/1745/3323 4120/1757/3335 4119/1756/3334 4107/1744/3322
f 4110/1746/3324 4122/1758/3336 4121/1759/3337 4109/1747/3325
f 4111/1748/3326 4123/1760/3338 4122/1758/3336 4110/1746/3324
f 4112/1749/3327 4124/1761/3339 4123/1760/3338 4111/1748/3326
f 4113/1750/3328 4125/1762/3340 4124/1761/3339 4112/1749/3327
f 4114/1751/3329 4126/1763/3341 4125/1762/3340 4113/1750/3328
f 4115/1752/3330 4127/1764/3342 4126/1763/3341 4114/1751/3329
f 4116/1753/3331 4128/1765/3343 4127/1764/3342 4115/1752/3330
f 4117/1754/3332 4129/1766/3344 4128/1765/3343 4116/1753/3331
f 4118/1755/3333 4130/1767/3345 4129/1766/3344 4117/1754/3332
f 4119/1756/3334 4131/1768/3346 4130/1767/3345 4118/1755/3333
f 4120/1757/3335 4132/1769/3347 4131/1768/3346 4119/1756/3334
f 4122/1758/3336 4134/1770/3348 4133/1771/3349 4121/1759/3337
f 4123/1760/3338 4135/1772/3350 4134/1770/3348 4122/1758/3336
f 4124/1761/3339 4136/1773/3351 4135/1772/3350 4123/1760/3338
f 4125/1762/3340 4137/1774/3352 4136/1773/3351 4124/1761/3339
f 4126/1763/3341 4138/1775/3353 4137/1774/3352 4125/1762/3340
f 4127/1764/3342 4139/1776/3354 4138/1775/3353 4126/1763/3341
f 4128/1765/3343 4140/1777/3355 4139/1776/3354 4127/1764/3342
f 4129/1766/3344 4141/1778/3356 4140/1777/3355 4128/1765/3343
f 4130/1767/3345 4142/1779/3357 4141/1778/3356 4129/1766/3344
f 4131/1768/3346 4143/1780/3358 4142/1779/3357 4130/1767/3345
f 4132/1769/3347 4144/1781/3359 4143/1780/3358 4131/1768/3346
f 4134/1770/3348 4146/1782/3360 4145/1783/3361 4133/1771/3349
f 4135/1772/3350 4147/1784/3362 4146/1782/3360 4134/1770/3348
f 4136/1773/3351 4148/1785/3363 4147/1784/3362 4135/1772/3350
f 4137/1774/3352 4149/1786/3364 4148/1785/3363 4136/1773/3351
f 4138/1775/3353 4150/1787/3365 4149/1786/3364 4137/1774/3352
f 4139/1776/3354 4151/1788/3366 4150/1787/3365 4138/1775/3353
f 4140/1777/3355 4152/1789/3367 4151/1788/3366 4139/1776/3354
f 4141/1778/3356 4153/1790/3368 4152/1789/3367 4140/1777/3355
f 4142/1779/3357 4154/1791/3369 4153/1790/3368 4141/1778/3356
f 4143/1780/3358 4155/1792/3370 4154/1791/3369 4142/1779/3357
f 4144/1781/3359 4156/1793/3371 4155/1792/3370 4143/1780/3358
f 4146/1782/3360 4158/1794/3372 4157/615/3373 4145/1783/3361
f 4147/1784/3362 4159/1795/3374 4158/1794/3372 4146/1782/3360
f 4148/1785/3363 4160/1796/3375 4159/1795/3374 4147/1784/3362
f 4149/1786/3364 4161/1797/3376 4160/1796/3375 4148/1785/3363
f 4150/1787/3365 4162/1798/3377 4161/1797/3376 4149/1786/3364
f 4151/1788/3366 4163/1799/3378 4162/1798/3377 4150/1787/3365
f 4152/1789/3367 4164/1800/3379 4163/1799/3378 4151/1788/3366
f 4153/1790/3368 4165/1801/3380 4164/1800/3379 4152/1789/3367
f 4154/1791/3369 4166/1802/3381 4165/1801/3380 4153/1790/3368
f 4155/1792/3370 4167/1803/3382 4166/1802/3381 4154/1791/3369
f 4156/1793/3371 4168/1804/3383 4167/1803/3382 4155/1792/3370
f 4158/1794/3372 4170/1805/3384 4169/1806/3385 4157/615/3373
f 4159/1795/3374 4171/1807/3386 4170/1805/3384 4158/1794/3372
f 4160/1796/3375 4172/1808/3387 4171/1807/3386 4159/1795/3374
f 4161/1797/3376 4173/1809/3388 4172/1808/3387 4160/1796/3375
f 4162/1798/3377 4174/1810/3389 4173/1809/3388 4161/1797/3376
f 4163/1799/3378 4175/1811/3390 4174/1810/3389 4162/1798/3377
f 4164/1800/3379 4176/1812/3391 4175/1811/3390 4163/1799/3378
f 4165/1801/3380 4177/1813/3392 4176/1812/3391 4164/1800/3379
f 4166/1802/3381 4178/1814/3393 4177/1813/3392 4165/1801/3380
f 4167/1803/3382 4179/1815/3394 4178/1814/3393 4166/1802/3381
f 4168/1804/3383 4180/1816/3395 4179/1815/3394 4167/1803/3382
f 4170/1805/3384 4182/1817/3396 4181/1818/3397 4169/1806/3385
f 4171/1807/3386 4183/1819/3398 4182/1817/3396 4170/1805/3384
f 4172/1808/3387 4184/1820/3399 4183/1819/3398 4171/1807/3386
f 4173/1809/3388 4185/1821/3400 4184/1820/3399 4172/1808/3387
f 4174/1810/3389 4186/1822/3401 4185/1821/3400 4173/1809/3388
f 4175/1811/3390 4187/1823/3402 4186/1822/3401 4174/1810/3389
f 4176/1812/3391 4188/1824/3403 4187/1823/3402 4175/1811/3390
f 4177/1813/3392 4189/1825/3404 4188/1824/3403 4176/1812/3391
f 4178/1814/3393 4190/1826/3405 4189/1825/3404 4177/1813/3392
f 4179/1815/3394 4191/1827/3406 4190/1826/3405 4178/1814/3393
f 4180/1816/3395 4192/1828/3407 4191/1827/3406 4179/1815/3394
f 4182/1817/3396 4194/1829/3408 4193/1830/3409 4181/1818/3397
f 4183/1819/3398 4195/1831/3410 4194/1829/3408 4182/1817/3396
f 4184/1820/3399 4196/1832/3411 4195/1831/3410 4183/1819/3398
f 4185/1821/3400 4197/1833/3412 4196/1832/3411 4184/1820/3399
f 4186/1822/3401 4198/1834/3413 4197/1833/3412 4185/1821/3400
f 4187/1823/3402 4199/1835/3414 4198/1834/3413 4186/1822/3401
f 4188/1824/3403 4200/1836/3415 4199/1835/3414 4187/1823/3402
f 4189/1825/3404 4201/1837/3416 4200/1836/3415 4188/1824/3403
f 4190/1826/3405 4202/1838/3417 4201/1837/3416 4189/1825/3404
f 4191/1827/3406 4203/1839/3418 4202/1838/3417 4190/1826/3405
f 4192/1828/3407 4204/1840/3419 4203/1839/3418 4191/1827/3406
f 4194/1829/3408 4206/1841/3420 4205/1842/3421 4193/1830/3409
f 4195/1831/3410 4207/1843/3422 4206/1841/3420 4194/1829/3408
f 4196/1832/3411 4208/1844/3423 4207/1843/3422 4195/1831/3410
f 4197/1833/3412 4209/1845/3424 4208/1844/3423 4196/1832/3411
f 4198/1834/3413 4210/1846/3425 4209/1845/3424 4197/1833/3412
f 4199/1835/3414 4211/1847/3426 4210/1846/3425 4198/1834/3413
f 4200/1836/3415 4212/1848/3427 4211/1847/3426 4199/1835/3414
f 4201/1837/3416 4213/1849/3428 4212/1848/3427 4200/1836/3415
f 4202/1838/3417 4214/1850/3429 4213/1849/3428 4201/1837/3416
f 4203/1839/3418 4215/1851/3430 4214/1850/3429 4202/1838/3417
f 4204/1840/3419 4216/1852/3431 4215/1851/3430 4203/1839/3418
f 4206/1841/3420 4218/1853/3432 4217/1854/3433 4205/1842/3421
f 4207/1843/3422 4219/1855/3434 4218/1853/3432 4206/1841/3420
f 4208/1844/3423 4220/1856/3435 4219/1855/3434 4207/1843/3422
f 4209/1845/3424 4221/1857/3436 4220/1856/3435 4208/1844/3423
f 4210/1846/3425 4222/1858/3437 4221/1857/3436 4209/1845/3424
f 4211/1847/3426 4223/1859/3438 4222/1858/3437 4210/1846/3425
f 4212/1848/3427 4224/1860/3439 4223/1859/3438 4211/1847/3426
f 4213/1849/3428 4225/1861/3440 4224/1860/3439 4212/1848/3427
f 4214/1850/3429 4226/1862/3441 4225/1861/3440 4213/1849/3428
f 4215/1851/3430 4227/1863/3442 4226/1862/3441 4214/1850/3429
f 4216/1852/3431 4228/1864/3443 4227/1863/3442 4215/1851/3430
f 4218/1853/3432 4230/1865/3444 4229/1866/3445 4217/1854/3433
f 4219/1855/3434 4231/1867/3446 4230/1865/3444 4218/1853/3432
f 4220/1856/3435 4232/1868/3447 4231/1867/3446 4219/1855/3434
f 4221/1857/3436 4233/1869/3448 4232/1868/3447 4220/1856/3435
f 4222/1858/3437 4234/1870/3449 4233/1869/3448 4221/1857/3436
f 4223/1859/3438 4235/1871/3450 4234/1870/3449 4222/1858/3437
f 4224/1860/3439 4236/1872/3451 4235/1871/3450 4223/1859/3438
f 4225/1861/3440 4237/1873/3452 4236/1872/3451 4224/1860/3439
f 4226/1862/3441 4238/1874/3453 4237/1873/3452 4225/1861/3440
f 4227/1863/3442 4239/1875/3454 4238/1874/3453 4226/1862/3441
f 4228/1864/3443 4240/1876/3455 4239/1875/3454 4227/1863/3442
f 4230/1865/3444 4242/1877/985 4241/1878/986 4229/1866/3445
f 4231/1867/3446 4243/1879/987 4242/1877/985 4230/1865/3444
f 4232/1868/3447 4244/1880/988 4243/1879/987 4231/1867/3446
f 4233/1869/3448 4245/1881/989 4244/1880/988 4232/1868/3447
f 4234/1870/3449 4246/1882/3150 4245/1881/989 4233/1869/3448
f 4235/1871/3450 4247/1883/3151 4246/1882/3150 4234/1870/3449
f 4236/1872/3451 4248/1884/3152 4247/1883/3151 4235/1871/3450
f 4237/1873/3452 4249/1885/993 4248/1884/3152 4236/1872/3451
f 4238/1874/3453 4250/1886/994 4249/1885/993 4237/1873/3452
f 4239/1875/3454 4251/1887/995 4250/1886/994 4238/1874/3453
f 4240/1876/3455 4252/1888/996 4251/1887/995 4239/1875/3454
f 4242/1877/985 4254/1889/1343 4253/1890/1344 4241/1878/986
f 4243/1879/987 4255/1891/1345 4254/1889/1343 4242/1877/985
f 4244/1880/988 4256/1892/1346 4255/1891/1345 4243/1879/987
f 4245/1881/989 4257/1893/3153 4256/1892/1346 4244/1880/988
f 4246/1882/3150 4258/1894/3154 4257/1893/3153 4245/1881/989
f 4247/1883/3151 4259/1895/3155 4258/1894/3154 4246/1882/3150
f 4248/1884/3152 4260/1896/1350 4259/1895/3155 4247/1883/3151
f 4249/1885/993 4261/1897/1351 4260/1896/1350 4248/1884/3152
f 4250/1886/994 4262/1898/1352 4261/1897/1351 4249/1885/993
f 4251/1887/995 4263/1899/1353 4262/1898/1352 4250/1886/994
f 4252/1888/996 4264/1900/1354 4263/1899/1353 4251/1887/995
f 4254/1889/1343 3942/1580/3156 3941/507/3159 4253/1890/1344
f 4255/1891/1345 3943/1581/3160 3942/1580/3156 4254/1889/1343
f 4256/1892/1346 3944/1582/3162 3943/1581/3160 4255/1891/1345
f 4257/1893/3153 3945/1583/3164 3944/1582/3162 4256/1892/1346
f 4258/1894/3154 3946/1584/3166 3945/1583/3164 4257/1893/3153
f 4259/1895/3155 3947/1585/3168 3946/1584/3166 4258/1894/3154
f 4260/1896/1350 3948/1586/3170 3947/1585/3168 4259/1895/3155
f 4261/1897/1351 3949/1587/3172 3948/1586/3170 4260/1896/1350
f 4262/1898/1352 3950/1588/3174 3949/1587/3172 4261/1897/1351
f 4263/1899/1353 3951/1589/3176 3950/1588/3174 4262/1898/1352
f 4264/1900/1354 3952/1590/3178 3951/1589/3176 4263/1899/1353
f 4266/777/3456 4278/1615/3457 4277/1616/3458 4265/509/3459
f 4267/780/3460 4279/1617/3461 4278/1615/3457 4266/777/3456
f 4268/782/3462 4280/1618/3463 4279/1617/3461 4267/780/3460
f 4269/784/3464 4281/1619/3465 4280/1618/3463 4268/782/3462
f 4270/786/3466 4282/1620/3467 4281/1619/3465 4269/784/3464
f 4271/788/3468 4283/1621/3469 4282/1620/3467 4270/786/3466
f 4272/790/3470 4284/1622/3471 4283/1621/3469 4271/788/3468
f 4273/792/3472 4285/1623/3473 4284/1622/3471 4272/790/3470
f 4274/794/3474 4286/1624/3475 4285/1623/3473 4273/792/3472
f 4275/796/3476 4287/1625/3477 4286/1624/3475 4274/794/3474
f 4276/798/3478 4288/1626/3479 4287/1625/3477 4275/796/3476
f 4278/1615/3457 4290/1651/997 4289/1652/986 4277/1616/3458
f 4279/1617/3461 4291/1653/998 4290/1651/997 4278/1615/3457
f 4280/1618/3463 4292/1654/999 4291/1653/998 4279/1617/3461
f 4281/1619/3465 4293/1655/1000 4292/1654/999 4280/1618/3463
f 4282/1620/3467 4294/1656/1001 4293/1655/1000 4281/1619/3465
f 4283/1621/3469 4295/1657/1002 4294/1656/1001 4282/1620/3467
f 4284/1622/3471 4296/1658/1003 4295/1657/1002 4283/1621/3469
f 4285/1623/3473 4297/1659/1004 4296/1658/1003 4284/1622/3471
f 4286/1624/3475 4298/1660/1005 4297/1659/1004 4285/1623/3473
f 4287/1625/3477 4299/1661/1006 4298/1660/1005 4286/1624/3475
f 4288/1626/3479 4300/1662/996 4299/1661/1006 4287/1625/3477
f 4290/1651/997 4302/1687/1007 4301/572/1008 4289/1652/986
f 4291/1653/998 4303/1688/1009 4302/1687/1007 4290/1651/997
f 4292/1654/999 4304/1689/1010 4303/1688/1009 4291/1653/998
f 4293/1655/1000 4305/1690/1011 4304/1689/1010 4292/1654/999
f 4294/1656/1001 4306/1691/1012 4305/1690/1011 4293/1655/1000
f 4295/1657/1002 4307/1692/1013 4306/1691/1012 4294/1656/1001
f 4296/1658/1003 4308/1693/1014 4307/1692/1013 4295/1657/1002
f 4297/1659/1004 4309/1694/1015 4308/1693/1014 4296/1658/1003
f 4298/1660/1005 4310/1695/1016 4309/1694/1015 4297/1659/1004
f 4299/1661/1006 4311/1696/1017 4310/1695/1016 4298/1660/1005
f 4300/1662/996 4312/1697/1018 4311/1696/1017 4299/1661/1006
f 4302/1687/1007 4314/1722/3480 4313/1723/3481 4301/572/1008
f 4303/1688/1009 4315/1724/3482 4314/1722/3480 4302/1687/1007
f 4304/1689/1010 4316/1725/3483 4315/1724/3482 4303/1688/1009
f 4305/1690/1011 4317/1726/3484 4316/1725/3483 4304/1689/1010
f 4306/1691/1012 4318/1727/3485 4317/1726/3484 4305/1690/1011
f 4307/1692/1013 4319/1728/3486 4318/1727/3485 4306/1691/1012
f 4308/1693/1014 4320/1729/3487 4319/1728/3486 4307/1692/1013
f 4309/1694/1015 4321/1730/3488 4320/1729/3487 4308/1693/1014
f 4310/1695/1016 4322/1731/3489 4321/1730/3488 4309/1694/1015
f 4311/1696/1017 4323/1732/3490 4322/1731/3489 4310/1695/1016
f 4312/1697/1018 4324/1733/3491 4323/1732/3490 4311/1696/1017
f 4314/1722/3480 4326/1758/3492 4325/1759/3493 4313/1723/3481
f 4315/1724/3482 4327/1760/3494 4326/1758/3492 4314/1722/3480
f 4316/1725/3483 4328/1761/3495 4327/1760/3494 4315/1724/3482
f 4317/1726/3484 4329/1762/3496 4328/1761/3495 4316/1725/3483
f 4318/1727/3485 4330/1763/3497 4329/1762/3496 4317/1726/3484
f 4319/1728/3486 4331/1764/3498 4330/1763/3497 4318/1727/3485
f 4320/1729/3487 4332/1765/3499 4331/1764/3498 4319/1728/3486
f 4321/1730/3488 4333/1766/3500 4332/1765/3499 4320/1729/3487
f 4322/1731/3489 4334/1767/3501 4333/1766/3500 4321/1730/3488
f 4323/1732/3490 4335/1768/3502 4334/1767/3501 4322/1731/3489
f 4324/1733/3491 4336/1769/3503 4335/1768/3502 4323/1732/3490
f 4326/1758/3492 4338/1794/3504 4337/615/3505 4325/1759/3493
f 4327/1760/3494 4339/1795/3506 4338/1794/3504 4326/1758/3492
f 4328/1761/3495 4340/1796/3507 4339/1795/3506 4327/1760/3494
f 4329/1762/3496 4341/1797/3508 4340/1796/3507 4328/1761/3495
f 4330/1763/3497 4342/1798/3509 4341/1797/3508 4329/1762/3496
f 4331/1764/3498 4343/1799/3510 4342/1798/3509 4330/1763/3497
f 4332/1765/3499 4344/1800/3511 4343/1799/3510 4331/1764/3498
f 4333/1766/3500 4345/1801/3512 4344/1800/3511 4332/1765/3499
f 4334/1767/3501 4346/1802/3513 4345/1801/3512 4333/1766/3500
f 4335/1768/3502 4347/1803/3514 4346/1802/3513 4334/1767/3501
f 4336/1769/3503 4348/1804/3515 4347/1803/3514 4335/1768/3502
f 4338/1794/3504 4350/1829/3516 4349/1830/3517 4337/615/3505
f 4339/1795/3506 4351/1831/3518 4350/1829/3516 4338/1794/3504
f 4340/1796/3507 4352/1832/3519 4351/1831/3518 4339/1795/3506
f 4341/1797/3508 4353/1833/3520 4352/1832/3519 4340/1796/3507
f 4342/1798/3509 4354/1834/3521 4353/1833/3520 4341/1797/3508
f 4343/1799/3510 4355/1835/3522 4354/1834/3521 4342/1798/3509
f 4344/1800/3511 4356/1836/3523 4355/1835/3522 4343/1799/3510
f 4345/1801/3512 4357/1837/3524 4356/1836/3523 4344/1800/3511
f 4346/1802/3513 4358/1838/3525 4357/1837/3524 4345/1801/3512
f 4347/1803/3514 4359/1839/3526 4358/1838/3525 4346/1802/3513
f 4348/1804/3515 4360/1840/3527 4359/1839/3526 4347/1803/3514
f 4350/1829/3516 4362/1865/3528 4361/1866/3529 4349/1830/3517
f 4351/1831/3518 4363/1867/3530 4362/1865/3528 4350/1829/3516
f 4352/1832/3519 4364/1868/3531 4363/1867/3530 4351/1831/3518
f 4353/1833/3520 4365/1869/3532 4364/1868/3531 4352/1832/3519
f 4354/1834/3521 4366/1870/3533 4365/1869/3532 4353/1833/3520
f 4355/1835/3522 4367/1871/3534 4366/1870/3533 4354/1834/3521
f 4356/1836/3523 4368/1872/3535 4367/1871/3534 4355/1835/3522
f 4357/1837/3524 4369/1873/3536 4368/1872/3535 4356/1836/3523
f 4358/1838/3525 4370/1874/3537 4369/1873/3536 4357/1837/3524
f 4359/1839/3526 4371/1875/3538 4370/1874/3537 4358/1838/3525
f 4360/1840/3527 4372/1876/3539 4371/1875/3538 4359/1839/3526
f 4362/1865/3528 4266/1580/3456 4265/507/3459 4361/1866/3529
f 4363/1867/3530 4267/1581/3460 4266/1580/3456 4362/1865/3528
f 4364/1868/3531 4268/1582/3462 4267/1581/3460 4363/1867/3530
f 4365/1869/3532 4269/1583/3464 4268/1582/3462 4364/1868/3531
f 4366/1870/3533 4270/1584/3466 4269/1583/3464 4365/1869/3532
f 4367/1871/3534 4271/1585/3468 4270/1584/3466 4366/1870/3533
f 4368/1872/3535 4272/1586/3470 4271/1585/3468 4367/1871/3534
f 4369/1873/3536 4273/1587/3472 4272/1586/3470 4368/1872/3535
f 4370/1874/3537 4274/1588/3474 4273/1587/3472 4369/1873/3536
f 4371/1875/3538 4275/1589/3476 4274/1588/3474 4370/1874/3537
f 4372/1876/3539 4276/1590/3478 4275/1589/3476 4371/1875/3538
