# Blender 5.1.2
# www.blender.org
mtllib sapphire_shard.mtl
o sapphire_crystal_body
v 0.000000 2.680000 0.000000
v 0.451000 2.082000 0.000000
v 0.318905 2.082000 -0.229612
v 0.000000 2.082000 -0.324720
v -0.318905 2.082000 -0.229612
v -0.451000 2.082000 -0.000000
v -0.318905 2.082000 0.229612
v -0.000000 2.082000 0.324720
v 0.318905 2.082000 0.229612
v 0.508134 1.380000 -0.151543
v 0.210476 1.380000 -0.365856
v -0.210476 1.380000 -0.365856
v -0.508134 1.380000 -0.151543
v -0.508134 1.380000 0.151543
v -0.210476 1.380000 0.365856
v 0.210476 1.380000 0.365856
v 0.508134 1.380000 0.151543
v 0.396000 0.652000 0.000000
v 0.280014 0.652000 -0.201610
v 0.000000 0.652000 -0.285120
v -0.280014 0.652000 -0.201610
v -0.396000 0.652000 -0.000000
v -0.280014 0.652000 0.201610
v -0.000000 0.652000 0.285120
v 0.280014 0.652000 0.201610
v 0.000000 0.080000 0.000000
vn -0.0000 1.0000 -0.0001
vn 0.9324 0.2991 -0.2029
vn 0.4509 0.2425 -0.8590
vn 0.9536 -0.0333 -0.2994
vn 0.4137 -0.0264 -0.9100
vn 0.4510 0.2425 -0.8590
vn 0.9535 -0.0334 -0.2994
vn 0.9226 -0.3154 -0.2219
vn 0.4375 -0.2558 -0.8621
vn 0.4136 -0.0265 -0.9101
vn 0.9226 -0.3155 -0.2219
vn -0.0000 -1.0000 -0.0000
vn 0.4374 -0.2559 -0.8621
vn -0.0000 1.0000 -0.0000
vn 0.4509 0.2426 -0.8590
vn -0.1093 0.2237 -0.9685
vn 0.4136 -0.0264 -0.9101
vn -0.1606 -0.0249 -0.9867
vn -0.1092 0.2237 -0.9685
vn 0.4374 -0.2558 -0.8621
vn -0.1201 -0.2373 -0.9640
vn 0.0001 -1.0000 -0.0000
vn -0.1202 -0.2373 -0.9640
vn -0.0001 1.0000 -0.0000
vn -0.6774 0.2657 -0.6859
vn -0.1606 -0.0248 -0.9867
vn -0.7515 -0.0303 -0.6590
vn -0.6774 0.2657 -0.6860
vn -0.6855 -0.2825 -0.6710
vn -0.7516 -0.0303 -0.6590
vn 0.0001 -1.0000 -0.0001
vn -0.6855 -0.2826 -0.6710
vn -0.9324 0.2990 0.2029
vn -0.9536 -0.0333 0.2994
vn -0.9324 0.2991 0.2029
vn -0.7516 -0.0303 -0.6589
vn -0.9226 -0.3154 0.2219
vn -0.9536 -0.0334 0.2994
vn -0.9226 -0.3155 0.2220
vn -0.0000 1.0000 0.0001
vn -0.4509 0.2425 0.8590
vn -0.4137 -0.0264 0.9100
vn -0.4510 0.2425 0.8590
vn -0.9535 -0.0334 0.2994
vn -0.4375 -0.2558 0.8621
vn -0.4136 -0.0265 0.9101
vn -0.9226 -0.3155 0.2219
vn -0.4374 -0.2559 0.8621
vn -0.4509 0.2426 0.8590
vn 0.1093 0.2237 0.9685
vn -0.4136 -0.0264 0.9101
vn 0.1606 -0.0249 0.9867
vn 0.1092 0.2237 0.9685
vn -0.4374 -0.2558 0.8621
vn 0.1201 -0.2373 0.9640
vn -0.0001 -1.0000 -0.0000
vn 0.1202 -0.2373 0.9640
vn 0.0001 1.0000 -0.0000
vn 0.6774 0.2657 0.6859
vn 0.1606 -0.0248 0.9867
vn 0.7515 -0.0303 0.6590
vn 0.6774 0.2657 0.6860
vn 0.6855 -0.2825 0.6710
vn 0.7516 -0.0303 0.6590
vn -0.0001 -1.0000 0.0001
vn 0.6855 -0.2826 0.6710
vn 0.9324 0.2990 -0.2029
vn 0.7516 -0.0303 0.6589
vn 0.9536 -0.0334 -0.2994
vn 0.9226 -0.3155 -0.2220
s 0
usemtl sapphire_transparent_crystal.001
f 1//1 2//2 3//3
f 2//2 10//4 11//5 3//6
f 10//7 18//8 19//9 11//10
f 18//11 26//12 19//13
f 1//14 3//15 4//16
f 3//15 11//17 12//18 4//19
f 11//10 19//20 20//21 12//18
f 19//13 26//22 20//23
f 1//24 4//16 5//25
f 4//16 12//26 13//27 5//28
f 12//18 20//23 21//29 13//30
f 20//23 26//31 21//32
f 1//1 5//25 6//33
f 5//28 13//30 14//34 6//35
f 13//36 21//29 22//37 14//38
f 21//32 26//12 22//39
f 1//40 6//35 7//41
f 6//35 14//34 15//42 7//43
f 14//44 22//37 23//45 15//46
f 22//47 26//12 23//48
f 1//14 7//49 8//50
f 7//49 15//51 16//52 8//53
f 15//46 23//54 24//55 16//52
f 23//48 26//56 24//57
f 1//58 8//50 9//59
f 8//50 16//60 17//61 9//62
f 16//52 24//57 25//63 17//64
f 24//57 26//65 25//66
f 1//40 9//59 2//67
f 9//62 17//64 10//4 2//2
f 17//68 25//63 18//8 10//69
f 25//66 26//12 18//70
o sapphire_display_base_top
v 0.000000 -0.120000 -0.700000
v 0.000000 0.060000 -0.700000
v 0.181173 -0.120000 -0.676148
v 0.181173 0.060000 -0.676148
v 0.350000 -0.120000 -0.606218
v 0.350000 0.060000 -0.606218
v 0.494975 -0.120000 -0.494975
v 0.494975 0.060000 -0.494975
v 0.606218 -0.120000 -0.350000
v 0.606218 0.060000 -0.350000
v 0.676148 -0.120000 -0.181173
v 0.676148 0.060000 -0.181173
v 0.700000 -0.120000 0.000000
v 0.700000 0.060000 0.000000
v 0.676148 -0.120000 0.181173
v 0.676148 0.060000 0.181173
v 0.606218 -0.120000 0.350000
v 0.606218 0.060000 0.350000
v 0.494975 -0.120000 0.494975
v 0.494975 0.060000 0.494975
v 0.350000 -0.120000 0.606218
v 0.350000 0.060000 0.606218
v 0.181173 -0.120000 0.676148
v 0.181173 0.060000 0.676148
v 0.000000 -0.120000 0.700000
v 0.000000 0.060000 0.700000
v -0.181173 -0.120000 0.676148
v -0.181173 0.060000 0.676148
v -0.350000 -0.120000 0.606218
v -0.350000 0.060000 0.606218
v -0.494975 -0.120000 0.494975
v -0.494975 0.060000 0.494975
v -0.606218 -0.120000 0.350000
v -0.606218 0.060000 0.350000
v -0.676148 -0.120000 0.181173
v -0.676148 0.060000 0.181173
v -0.700000 -0.120000 0.000000
v -0.700000 0.060000 0.000000
v -0.676148 -0.120000 -0.181173
v -0.676148 0.060000 -0.181173
v -0.606218 -0.120000 -0.350000
v -0.606218 0.060000 -0.350000
v -0.494975 -0.120000 -0.494975
v -0.494975 0.060000 -0.494975
v -0.350000 -0.120000 -0.606218
v -0.350000 0.060000 -0.606218
v -0.181173 -0.120000 -0.676148
v -0.181173 0.060000 -0.676148
vn 0.1305 -0.0000 -0.9914
vn 0.3827 -0.0000 -0.9239
vn 0.6088 -0.0000 -0.7934
vn 0.7934 -0.0000 -0.6088
vn 0.9239 -0.0000 -0.3827
vn 0.9914 -0.0000 -0.1305
vn 0.9914 -0.0000 0.1305
vn 0.9239 -0.0000 0.3827
vn 0.7934 -0.0000 0.6088
vn 0.6088 -0.0000 0.7934
vn 0.3827 -0.0000 0.9239
vn 0.1305 -0.0000 0.9914
vn -0.1305 -0.0000 0.9914
vn -0.3827 -0.0000 0.9239
vn -0.6088 -0.0000 0.7934
vn -0.7934 -0.0000 0.6088
vn -0.9239 -0.0000 0.3827
vn -0.9914 -0.0000 0.1305
vn -0.9914 -0.0000 -0.1305
vn -0.9239 -0.0000 -0.3827
vn -0.7934 -0.0000 -0.6088
vn -0.6088 -0.0000 -0.7934
vn -0.0000 1.0000 -0.0000
vn -0.3827 -0.0000 -0.9239
vn -0.1305 -0.0000 -0.9914
vn -0.0000 -1.0000 -0.0000
vt 1.000000 0.500000
vt 1.000000 1.000000
vt 0.958333 1.000000
vt 0.958333 0.500000
vt 0.916667 1.000000
vt 0.916667 0.500000
vt 0.875000 1.000000
vt 0.875000 0.500000
vt 0.833333 1.000000
vt 0.833333 0.500000
vt 0.791667 1.000000
vt 0.791667 0.500000
vt 0.750000 1.000000
vt 0.750000 0.500000
vt 0.708333 1.000000
vt 0.708333 0.500000
vt 0.666667 1.000000
vt 0.666667 0.500000
vt 0.625000 1.000000
vt 0.625000 0.500000
vt 0.583333 1.000000
vt 0.583333 0.500000
vt 0.541666 1.000000
vt 0.541666 0.500000
vt 0.500000 1.000000
vt 0.500000 0.500000
vt 0.458333 1.000000
vt 0.458333 0.500000
vt 0.416666 1.000000
vt 0.416666 0.500000
vt 0.375000 1.000000
vt 0.375000 0.500000
vt 0.333333 1.000000
vt 0.333333 0.500000
vt 0.291667 1.000000
vt 0.291667 0.500000
vt 0.250000 1.000000
vt 0.250000 0.500000
vt 0.208333 1.000000
vt 0.208333 0.500000
vt 0.166666 1.000000
vt 0.166666 0.500000
vt 0.125000 1.000000
vt 0.125000 0.500000
vt 0.083333 1.000000
vt 0.083333 0.500000
vt 0.312117 0.481822
vt 0.250000 0.490000
vt 0.187883 0.481822
vt 0.130000 0.457846
vt 0.080294 0.419706
vt 0.042154 0.370000
vt 0.018178 0.312117
vt 0.010000 0.250000
vt 0.018178 0.187883
vt 0.042154 0.130000
vt 0.080294 0.080294
vt 0.130000 0.042154
vt 0.187883 0.018178
vt 0.250000 0.010000
vt 0.312117 0.018178
vt 0.370000 0.042154
vt 0.419706 0.080294
vt 0.457846 0.130000
vt 0.481822 0.187883
vt 0.490000 0.250000
vt 0.481822 0.312117
vt 0.457846 0.370000
vt 0.419706 0.419706
vt 0.370000 0.457846
vt 0.041666 1.000000
vt 0.041666 0.500000
vt -0.000000 1.000000
vt -0.000000 0.500000
vt 0.750000 0.490000
vt 0.812117 0.481822
vt 0.870000 0.457846
vt 0.919706 0.419706
vt 0.957846 0.370000
vt 0.981822 0.312117
vt 0.990000 0.250000
vt 0.981822 0.187883
vt 0.957846 0.130000
vt 0.919706 0.080294
vt 0.870000 0.042154
vt 0.812117 0.018178
vt 0.750000 0.010000
vt 0.687883 0.018178
vt 0.630000 0.042154
vt 0.580294 0.080294
vt 0.542154 0.130000
vt 0.518178 0.187883
vt 0.510000 0.250000
vt 0.518178 0.312117
vt 0.542154 0.370000
vt 0.580294 0.419706
vt 0.630000 0.457846
vt 0.687883 0.481822
s 0
usemtl reflective_gold.009
f 27/1/71 28/2/71 30/3/71 29/4/71
f 29/4/72 30/3/72 32/5/72 31/6/72
f 31/6/73 32/5/73 34/7/73 33/8/73
f 33/8/74 34/7/74 36/9/74 35/10/74
f 35/10/75 36/9/75 38/11/75 37/12/75
f 37/12/76 38/11/76 40/13/76 39/14/76
f 39/14/77 40/13/77 42/15/77 41/16/77
f 41/16/78 42/15/78 44/17/78 43/18/78
f 43/18/79 44/17/79 46/19/79 45/20/79
f 45/20/80 46/19/80 48/21/80 47/22/80
f 47/22/81 48/21/81 50/23/81 49/24/81
f 49/24/82 50/23/82 52/25/82 51/26/82
f 51/26/83 52/25/83 54/27/83 53/28/83
f 53/28/84 54/27/84 56/29/84 55/30/84
f 55/30/85 56/29/85 58/31/85 57/32/85
f 57/32/86 58/31/86 60/33/86 59/34/86
f 59/34/87 60/33/87 62/35/87 61/36/87
f 61/36/88 62/35/88 64/37/88 63/38/88
f 63/38/89 64/37/89 66/39/89 65/40/89
f 65/40/90 66/39/90 68/41/90 67/42/90
f 67/42/91 68/41/91 70/43/91 69/44/91
f 69/44/92 70/43/92 72/45/92 71/46/92
f 30/47/93 28/48/93 74/49/93 72/50/93 70/51/93 68/52/93 66/53/93 64/54/93 62/55/93 60/56/93 58/57/93 56/58/93 54/59/93 52/60/93 50/61/93 48/62/93 46/63/93 44/64/93 42/65/93 40/66/93 38/67/93 36/68/93 34/69/93 32/70/93
f 71/46/94 72/45/94 74/71/94 73/72/94
f 73/72/95 74/71/95 28/73/95 27/74/95
f 27/75/96 29/76/96 31/77/96 33/78/96 35/79/96 37/80/96 39/81/96 41/82/96 43/83/96 45/84/96 47/85/96 49/86/96 51/87/96 53/88/96 55/89/96 57/90/96 59/91/96 61/92/96 63/93/96 65/94/96 67/95/96 69/96/96 71/97/96 73/98/96
o sapphire_display_base_black_gold
v 0.000000 -0.380000 -0.820000
v 0.000000 -0.100000 -0.820000
v 0.212232 -0.380000 -0.792059
v 0.212232 -0.100000 -0.792059
v 0.410000 -0.380000 -0.710141
v 0.410000 -0.100000 -0.710141
v 0.579828 -0.380000 -0.579828
v 0.579828 -0.100000 -0.579828
v 0.710141 -0.380000 -0.410000
v 0.710141 -0.100000 -0.410000
v 0.792059 -0.380000 -0.212232
v 0.792059 -0.100000 -0.212232
v 0.820000 -0.380000 0.000000
v 0.820000 -0.100000 0.000000
v 0.792059 -0.380000 0.212232
v 0.792059 -0.100000 0.212232
v 0.710141 -0.380000 0.410000
v 0.710141 -0.100000 0.410000
v 0.579828 -0.380000 0.579828
v 0.579828 -0.100000 0.579828
v 0.410000 -0.380000 0.710141
v 0.410000 -0.100000 0.710141
v 0.212232 -0.380000 0.792059
v 0.212232 -0.100000 0.792059
v 0.000000 -0.380000 0.820000
v 0.000000 -0.100000 0.820000
v -0.212232 -0.380000 0.792059
v -0.212232 -0.100000 0.792059
v -0.410000 -0.380000 0.710141
v -0.410000 -0.100000 0.710141
v -0.579828 -0.380000 0.579828
v -0.579828 -0.100000 0.579828
v -0.710141 -0.380000 0.410000
v -0.710141 -0.100000 0.410000
v -0.792059 -0.380000 0.212232
v -0.792059 -0.100000 0.212232
v -0.820000 -0.380000 0.000000
v -0.820000 -0.100000 0.000000
v -0.792059 -0.380000 -0.212232
v -0.792059 -0.100000 -0.212232
v -0.710141 -0.380000 -0.410000
v -0.710141 -0.100000 -0.410000
v -0.579828 -0.380000 -0.579828
v -0.579828 -0.100000 -0.579828
v -0.410000 -0.380000 -0.710141
v -0.410000 -0.100000 -0.710141
v -0.212232 -0.380000 -0.792059
v -0.212232 -0.100000 -0.792059
vn 0.1305 -0.0000 -0.9914
vn 0.3827 -0.0000 -0.9239
vn 0.6088 -0.0000 -0.7934
vn 0.7934 -0.0000 -0.6088
vn 0.9239 -0.0000 -0.3827
vn 0.9914 -0.0000 -0.1305
vn 0.9914 -0.0000 0.1305
vn 0.9239 -0.0000 0.3827
vn 0.7934 -0.0000 0.6088
vn 0.6088 -0.0000 0.7934
vn 0.3827 -0.0000 0.9239
vn 0.1305 -0.0000 0.9914
vn -0.1305 -0.0000 0.9914
vn -0.3827 -0.0000 0.9239
vn -0.6088 -0.0000 0.7934
vn -0.7934 -0.0000 0.6088
vn -0.9239 -0.0000 0.3827
vn -0.9914 -0.0000 0.1305
vn -0.9914 -0.0000 -0.1305
vn -0.9239 -0.0000 -0.3827
vn -0.7934 -0.0000 -0.6088
vn -0.6088 -0.0000 -0.7934
vn -0.0000 1.0000 -0.0000
vn -0.3827 -0.0000 -0.9239
vn -0.1305 -0.0000 -0.9914
vn -0.0000 -1.0000 -0.0000
vt 1.000000 0.500000
vt 1.000000 1.000000
vt 0.958333 1.000000
vt 0.958333 0.500000
vt 0.916667 1.000000
vt 0.916667 0.500000
vt 0.875000 1.000000
vt 0.875000 0.500000
vt 0.833333 1.000000
vt 0.833333 0.500000
vt 0.791667 1.000000
vt 0.791667 0.500000
vt 0.750000 1.000000
vt 0.750000 0.500000
vt 0.708333 1.000000
vt 0.708333 0.500000
vt 0.666667 1.000000
vt 0.666667 0.500000
vt 0.625000 1.000000
vt 0.625000 0.500000
vt 0.583333 1.000000
vt 0.583333 0.500000
vt 0.541666 1.000000
vt 0.541666 0.500000
vt 0.500000 1.000000
vt 0.500000 0.500000
vt 0.458333 1.000000
vt 0.458333 0.500000
vt 0.416666 1.000000
vt 0.416666 0.500000
vt 0.375000 1.000000
vt 0.375000 0.500000
vt 0.333333 1.000000
vt 0.333333 0.500000
vt 0.291667 1.000000
vt 0.291667 0.500000
vt 0.250000 1.000000
vt 0.250000 0.500000
vt 0.208333 1.000000
vt 0.208333 0.500000
vt 0.166666 1.000000
vt 0.166666 0.500000
vt 0.125000 1.000000
vt 0.125000 0.500000
vt 0.083333 1.000000
vt 0.083333 0.500000
vt 0.312117 0.481822
vt 0.250000 0.490000
vt 0.187883 0.481822
vt 0.130000 0.457846
vt 0.080294 0.419706
vt 0.042154 0.370000
vt 0.018178 0.312117
vt 0.010000 0.250000
vt 0.018178 0.187883
vt 0.042154 0.130000
vt 0.080294 0.080294
vt 0.130000 0.042154
vt 0.187883 0.018178
vt 0.250000 0.010000
vt 0.312117 0.018178
vt 0.370000 0.042154
vt 0.419706 0.080294
vt 0.457846 0.130000
vt 0.481822 0.187883
vt 0.490000 0.250000
vt 0.481822 0.312117
vt 0.457846 0.370000
vt 0.419706 0.419706
vt 0.370000 0.457846
vt 0.041666 1.000000
vt 0.041666 0.500000
vt -0.000000 1.000000
vt -0.000000 0.500000
vt 0.750000 0.490000
vt 0.812117 0.481822
vt 0.870000 0.457846
vt 0.919706 0.419706
vt 0.957846 0.370000
vt 0.981822 0.312117
vt 0.990000 0.250000
vt 0.981822 0.187883
vt 0.957846 0.130000
vt 0.919706 0.080294
vt 0.870000 0.042154
vt 0.812117 0.018178
vt 0.750000 0.010000
vt 0.687883 0.018178
vt 0.630000 0.042154
vt 0.580294 0.080294
vt 0.542154 0.130000
vt 0.518178 0.187883
vt 0.510000 0.250000
vt 0.518178 0.312117
vt 0.542154 0.370000
vt 0.580294 0.419706
vt 0.630000 0.457846
vt 0.687883 0.481822
s 0
usemtl black_enamel.009
f 75/99/97 76/100/97 78/101/97 77/102/97
f 77/102/98 78/101/98 80/103/98 79/104/98
f 79/104/99 80/103/99 82/105/99 81/106/99
f 81/106/100 82/105/100 84/107/100 83/108/100
f 83/108/101 84/107/101 86/109/101 85/110/101
f 85/110/102 86/109/102 88/111/102 87/112/102
f 87/112/103 88/111/103 90/113/103 89/114/103
f 89/114/104 90/113/104 92/115/104 91/116/104
f 91/116/105 92/115/105 94/117/105 93/118/105
f 93/118/106 94/117/106 96/119/106 95/120/106
f 95/120/107 96/119/107 98/121/107 97/122/107
f 97/122/108 98/121/108 100/123/108 99/124/108
f 99/124/109 100/123/109 102/125/109 101/126/109
f 101/126/110 102/125/110 104/127/110 103/128/110
f 103/128/111 104/127/111 106/129/111 105/130/111
f 105/130/112 106/129/112 108/131/112 107/132/112
f 107/132/113 108/131/113 110/133/113 109/134/113
f 109/134/114 110/133/114 112/135/114 111/136/114
f 111/136/115 112/135/115 114/137/115 113/138/115
f 113/138/116 114/137/116 116/139/116 115/140/116
f 115/140/117 116/139/117 118/141/117 117/142/117
f 117/142/118 118/141/118 120/143/118 119/144/118
f 78/145/119 76/146/119 122/147/119 120/148/119 118/149/119 116/150/119 114/151/119 112/152/119 110/153/119 108/154/119 106/155/119 104/156/119 102/157/119 100/158/119 98/159/119 96/160/119 94/161/119 92/162/119 90/163/119 88/164/119 86/165/119 84/166/119 82/167/119 80/168/119
f 119/144/120 120/143/120 122/169/120 121/170/120
f 121/170/121 122/169/121 76/171/121 75/172/121
f 75/173/122 77/174/122 79/175/122 81/176/122 83/177/122 85/178/122 87/179/122 89/180/122 91/181/122 93/182/122 95/183/122 97/184/122 99/185/122 101/186/122 103/187/122 105/188/122 107/189/122 109/190/122 111/191/122 113/192/122 115/193/122 117/194/122 119/195/122 121/196/122
o sapphire_gold_base_ring
v 0.655000 0.100000 0.000000
v 0.644749 0.124749 0.000000
v 0.620000 0.135000 0.000000
v 0.595251 0.124749 0.000000
v 0.585000 0.100000 0.000000
v 0.595251 0.075251 0.000000
v 0.620000 0.065000 0.000000
v 0.644749 0.075251 0.000000
v 0.632681 0.100000 -0.169526
v 0.622779 0.124749 -0.166873
v 0.598874 0.135000 -0.160468
v 0.574969 0.124749 -0.154062
v 0.565067 0.100000 -0.151409
v 0.574969 0.075251 -0.154062
v 0.598874 0.065000 -0.160468
v 0.622779 0.075251 -0.166873
v 0.567247 0.100000 -0.327500
v 0.558369 0.124749 -0.322374
v 0.536936 0.135000 -0.310000
v 0.515503 0.124749 -0.297626
v 0.506625 0.100000 -0.292500
v 0.515503 0.075251 -0.297626
v 0.536936 0.065000 -0.310000
v 0.558369 0.075251 -0.322374
v 0.463155 0.100000 -0.463155
v 0.455906 0.124749 -0.455906
v 0.438406 0.135000 -0.438406
v 0.420906 0.124749 -0.420906
v 0.413657 0.100000 -0.413657
v 0.420906 0.075251 -0.420906
v 0.438406 0.065000 -0.438406
v 0.455906 0.075251 -0.455906
v 0.327500 0.100000 -0.567247
v 0.322374 0.124749 -0.558369
v 0.310000 0.135000 -0.536936
v 0.297626 0.124749 -0.515503
v 0.292500 0.100000 -0.506625
v 0.297626 0.075251 -0.515503
v 0.310000 0.065000 -0.536936
v 0.322374 0.075251 -0.558369
v 0.169527 0.100000 -0.632681
v 0.166873 0.124749 -0.622779
v 0.160468 0.135000 -0.598874
v 0.154062 0.124749 -0.574969
v 0.151409 0.100000 -0.565067
v 0.154062 0.075251 -0.574969
v 0.160468 0.065000 -0.598874
v 0.166873 0.075251 -0.622779
v 0.000000 0.100000 -0.655000
v 0.000000 0.124749 -0.644749
v 0.000000 0.135000 -0.620000
v 0.000000 0.124749 -0.595251
v 0.000000 0.100000 -0.585000
v 0.000000 0.075251 -0.595251
v 0.000000 0.065000 -0.620000
v 0.000000 0.075251 -0.644749
v -0.169526 0.100000 -0.632681
v -0.166873 0.124749 -0.622779
v -0.160468 0.135000 -0.598874
v -0.154062 0.124749 -0.574969
v -0.151409 0.100000 -0.565067
v -0.154062 0.075251 -0.574969
v -0.160468 0.065000 -0.598874
v -0.166873 0.075251 -0.622779
v -0.327500 0.100000 -0.567247
v -0.322374 0.124749 -0.558369
v -0.310000 0.135000 -0.536936
v -0.297626 0.124749 -0.515503
v -0.292500 0.100000 -0.506625
v -0.297626 0.075251 -0.515503
v -0.310000 0.065000 -0.536936
v -0.322374 0.075251 -0.558369
v -0.463155 0.100000 -0.463155
v -0.455906 0.124749 -0.455906
v -0.438406 0.135000 -0.438406
v -0.420906 0.124749 -0.420906
v -0.413658 0.100000 -0.413657
v -0.420906 0.075251 -0.420906
v -0.438406 0.065000 -0.438406
v -0.455906 0.075251 -0.455906
v -0.567247 0.100000 -0.327500
v -0.558369 0.124749 -0.322375
v -0.536936 0.135000 -0.310000
v -0.515503 0.124749 -0.297626
v -0.506625 0.100000 -0.292500
v -0.515503 0.075251 -0.297626
v -0.536936 0.065000 -0.310000
v -0.558369 0.075251 -0.322375
v -0.632681 0.100000 -0.169526
v -0.622779 0.124749 -0.166873
v -0.598874 0.135000 -0.160468
v -0.574969 0.124749 -0.154062
v -0.565067 0.100000 -0.151409
v -0.574969 0.075251 -0.154062
v -0.598874 0.065000 -0.160468
v -0.622779 0.075251 -0.166873
v -0.655000 0.100000 -0.000000
v -0.644749 0.124749 -0.000000
v -0.620000 0.135000 -0.000000
v -0.595251 0.124749 -0.000000
v -0.585000 0.100000 -0.000000
v -0.595251 0.075251 -0.000000
v -0.620000 0.065000 -0.000000
v -0.644749 0.075251 -0.000000
v -0.632681 0.100000 0.169526
v -0.622779 0.124749 0.166873
v -0.598874 0.135000 0.160468
v -0.574969 0.124749 0.154062
v -0.565067 0.100000 0.151409
v -0.574969 0.075251 0.154062
v -0.598874 0.065000 0.160468
v -0.622779 0.075251 0.166873
v -0.567247 0.100000 0.327500
v -0.558369 0.124749 0.322374
v -0.536936 0.135000 0.310000
v -0.515503 0.124749 0.297626
v -0.506625 0.100000 0.292500
v -0.515503 0.075251 0.297626
v -0.536936 0.065000 0.310000
v -0.558369 0.075251 0.322374
v -0.463155 0.100000 0.463155
v -0.455906 0.124749 0.455906
v -0.438406 0.135000 0.438406
v -0.420906 0.124749 0.420906
v -0.413658 0.100000 0.413657
v -0.420906 0.075251 0.420906
v -0.438406 0.065000 0.438406
v -0.455906 0.075251 0.455906
v -0.327500 0.100000 0.567247
v -0.322374 0.124749 0.558369
v -0.310000 0.135000 0.536936
v -0.297626 0.124749 0.515503
v -0.292500 0.100000 0.506625
v -0.297626 0.075251 0.515503
v -0.310000 0.065000 0.536936
v -0.322374 0.075251 0.558369
v -0.169527 0.100000 0.632681
v -0.166873 0.124749 0.622779
v -0.160468 0.135000 0.598874
v -0.154063 0.124749 0.574969
v -0.151409 0.100000 0.565067
v -0.154063 0.075251 0.574969
v -0.160468 0.065000 0.598874
v -0.166873 0.075251 0.622779
v 0.000000 0.100000 0.655000
v 0.000000 0.124749 0.644749
v 0.000000 0.135000 0.620000
v 0.000000 0.124749 0.595251
v 0.000000 0.100000 0.585000
v 0.000000 0.075251 0.595251
v 0.000000 0.065000 0.620000
v 0.000000 0.075251 0.644749
v 0.169526 0.100000 0.632681
v 0.166873 0.124749 0.622780
v 0.160468 0.135000 0.598874
v 0.154062 0.124749 0.574969
v 0.151409 0.100000 0.565067
v 0.154062 0.075251 0.574969
v 0.160468 0.065000 0.598874
v 0.166873 0.075251 0.622780
v 0.327500 0.100000 0.567247
v 0.322374 0.124749 0.558369
v 0.310000 0.135000 0.536936
v 0.297626 0.124749 0.515503
v 0.292500 0.100000 0.506625
v 0.297626 0.075251 0.515503
v 0.310000 0.065000 0.536936
v 0.322374 0.075251 0.558369
v 0.463155 0.100000 0.463155
v 0.455906 0.124749 0.455906
v 0.438406 0.135000 0.438406
v 0.420906 0.124749 0.420906
v 0.413657 0.100000 0.413658
v 0.420906 0.075251 0.420906
v 0.438406 0.065000 0.438406
v 0.455906 0.075251 0.455906
v 0.567247 0.100000 0.327500
v 0.558369 0.124749 0.322374
v 0.536936 0.135000 0.310000
v 0.515503 0.124749 0.297626
v 0.506625 0.100000 0.292500
v 0.515503 0.075251 0.297626
v 0.536936 0.065000 0.310000
v 0.558369 0.075251 0.322374
v 0.632681 0.100000 0.169526
v 0.622779 0.124749 0.166873
v 0.598874 0.135000 0.160468
v 0.574969 0.124749 0.154062
v 0.565067 0.100000 0.151409
v 0.574969 0.075251 0.154062
v 0.598874 0.065000 0.160468
v 0.622779 0.075251 0.166873
vn 0.9171 0.3799 -0.1207
vn 0.3822 0.9227 -0.0503
vn -0.3822 0.9227 0.0503
vn -0.9171 0.3799 0.1207
vn -0.9171 -0.3799 0.1207
vn -0.3822 -0.9227 0.0503
vn 0.3822 -0.9227 -0.0503
vn 0.9171 -0.3799 -0.1207
vn 0.8546 0.3799 -0.3540
vn 0.3562 0.9227 -0.1475
vn -0.3562 0.9227 0.1475
vn -0.8546 0.3799 0.3540
vn -0.8546 -0.3799 0.3540
vn -0.3562 -0.9227 0.1475
vn 0.3562 -0.9227 -0.1475
vn 0.8546 -0.3799 -0.3540
vn 0.7339 0.3799 -0.5631
vn 0.3058 0.9227 -0.2347
vn -0.3058 0.9227 0.2347
vn -0.7339 0.3799 0.5631
vn -0.7339 -0.3799 0.5631
vn -0.3058 -0.9227 0.2347
vn 0.3058 -0.9227 -0.2347
vn 0.7339 -0.3799 -0.5631
vn 0.5631 0.3799 -0.7339
vn 0.2347 0.9227 -0.3058
vn -0.2347 0.9227 0.3058
vn -0.5631 0.3799 0.7339
vn -0.5631 -0.3799 0.7339
vn -0.2347 -0.9227 0.3058
vn 0.2347 -0.9227 -0.3058
vn 0.5631 -0.3799 -0.7339
vn 0.3540 0.3799 -0.8546
vn 0.1475 0.9227 -0.3562
vn -0.1475 0.9227 0.3562
vn -0.3540 0.3799 0.8546
vn -0.3540 -0.3799 0.8546
vn -0.1475 -0.9227 0.3562
vn 0.1475 -0.9227 -0.3562
vn 0.3540 -0.3799 -0.8546
vn 0.1207 0.3799 -0.9171
vn 0.0503 0.9227 -0.3822
vn -0.0503 0.9227 0.3822
vn -0.1207 0.3799 0.9171
vn -0.1207 -0.3799 0.9171
vn -0.0503 -0.9227 0.3822
vn 0.0503 -0.9227 -0.3822
vn 0.1207 -0.3799 -0.9171
vn -0.1207 0.3799 -0.9171
vn -0.0503 0.9227 -0.3822
vn 0.0503 0.9227 0.3822
vn 0.1207 0.3799 0.9171
vn 0.1207 -0.3799 0.9171
vn 0.0503 -0.9227 0.3822
vn -0.0503 -0.9227 -0.3822
vn -0.1207 -0.3799 -0.9171
vn -0.3540 0.3799 -0.8546
vn -0.1475 0.9227 -0.3562
vn 0.1475 0.9227 0.3562
vn 0.3540 0.3799 0.8546
vn 0.3540 -0.3799 0.8546
vn 0.1475 -0.9227 0.3562
vn -0.1475 -0.9227 -0.3562
vn -0.3540 -0.3799 -0.8546
vn -0.5631 0.3799 -0.7339
vn -0.2347 0.9227 -0.3058
vn 0.2347 0.9227 0.3058
vn 0.5631 0.3799 0.7339
vn 0.5631 -0.3799 0.7339
vn 0.2347 -0.9227 0.3058
vn -0.2347 -0.9227 -0.3058
vn -0.5631 -0.3799 -0.7339
vn -0.7339 0.3799 -0.5631
vn -0.3058 0.9227 -0.2347
vn 0.3058 0.9227 0.2347
vn 0.7339 0.3799 0.5631
vn 0.7339 -0.3799 0.5631
vn 0.3058 -0.9227 0.2347
vn -0.3058 -0.9227 -0.2347
vn -0.7339 -0.3799 -0.5631
vn -0.8546 0.3799 -0.3540
vn -0.3562 0.9227 -0.1475
vn 0.3562 0.9227 0.1475
vn 0.8546 0.3799 0.3540
vn 0.8546 -0.3799 0.3540
vn 0.3562 -0.9227 0.1475
vn -0.3562 -0.9227 -0.1475
vn -0.8546 -0.3799 -0.3540
vn -0.9171 0.3799 -0.1207
vn -0.3822 0.9227 -0.0503
vn 0.3822 0.9227 0.0503
vn 0.9171 0.3799 0.1207
vn 0.9171 -0.3799 0.1207
vn 0.3822 -0.9227 0.0503
vn -0.3822 -0.9227 -0.0503
vn -0.9171 -0.3799 -0.1207
vt 0.500000 0.500000
vt 0.541667 0.500000
vt 0.541667 0.625000
vt 0.500000 0.625000
vt 0.541667 0.750000
vt 0.500000 0.750000
vt 0.541667 0.875000
vt 0.500000 0.875000
vt 0.541667 1.000000
vt 0.500000 1.000000
vt 0.500000 0.000000
vt 0.541667 0.000000
vt 0.541667 0.125000
vt 0.500000 0.125000
vt 0.541667 0.250000
vt 0.500000 0.250000
vt 0.541667 0.375000
vt 0.500000 0.375000
vt 0.583333 0.500000
vt 0.583333 0.625000
vt 0.583333 0.750000
vt 0.583333 0.875000
vt 0.583333 1.000000
vt 0.583333 0.000000
vt 0.583333 0.125000
vt 0.583333 0.250000
vt 0.583333 0.375000
vt 0.625000 0.500000
vt 0.625000 0.625000
vt 0.625000 0.750000
vt 0.625000 0.875000
vt 0.625000 1.000000
vt 0.625000 0.000000
vt 0.625000 0.125000
vt 0.625000 0.250000
vt 0.625000 0.375000
vt 0.666667 0.500000
vt 0.666667 0.625000
vt 0.666667 0.750000
vt 0.666667 0.875000
vt 0.666667 1.000000
vt 0.666667 0.000000
vt 0.666667 0.125000
vt 0.666667 0.250000
vt 0.666667 0.375000
vt 0.708333 0.500000
vt 0.708333 0.625000
vt 0.708333 0.750000
vt 0.708333 0.875000
vt 0.708333 1.000000
vt 0.708333 0.000000
vt 0.708333 0.125000
vt 0.708333 0.250000
vt 0.708333 0.375000
vt 0.750000 0.500000
vt 0.750000 0.625000
vt 0.750000 0.750000
vt 0.750000 0.875000
vt 0.750000 1.000000
vt 0.750000 0.000000
vt 0.750000 0.125000
vt 0.750000 0.250000
vt 0.750000 0.375000
vt 0.791667 0.500000
vt 0.791667 0.625000
vt 0.791667 0.750000
vt 0.791667 0.875000
vt 0.791667 1.000000
vt 0.791667 0.000000
vt 0.791667 0.125000
vt 0.791667 0.250000
vt 0.791667 0.375000
vt 0.833333 0.500000
vt 0.833333 0.625000
vt 0.833333 0.750000
vt 0.833333 0.875000
vt 0.833333 1.000000
vt 0.833333 0.000000
vt 0.833333 0.125000
vt 0.833333 0.250000
vt 0.833333 0.375000
vt 0.875000 0.500000
vt 0.875000 0.625000
vt 0.875000 0.750000
vt 0.875000 0.875000
vt 0.875000 1.000000
vt 0.875000 0.000000
vt 0.875000 0.125000
vt 0.875000 0.250000
vt 0.875000 0.375000
vt 0.916667 0.500000
vt 0.916667 0.625000
vt 0.916667 0.750000
vt 0.916667 0.875000
vt 0.916667 1.000000
vt 0.916667 0.000000
vt 0.916667 0.125000
vt 0.916667 0.250000
vt 0.916667 0.375000
vt 0.958333 0.500000
vt 0.958333 0.625000
vt 0.958333 0.750000
vt 0.958333 0.875000
vt 0.958333 1.000000
vt 0.958333 0.000000
vt 0.958333 0.125000
vt 0.958333 0.250000
vt 0.958333 0.375000
vt 1.000000 0.500000
vt 1.000000 0.625000
vt 1.000000 0.750000
vt 1.000000 0.875000
vt 1.000000 1.000000
vt 1.000000 0.000000
vt 1.000000 0.125000
vt 1.000000 0.250000
vt 1.000000 0.375000
vt -0.000000 0.500000
vt 0.041667 0.500000
vt 0.041667 0.625000
vt -0.000000 0.625000
vt 0.041667 0.750000
vt -0.000000 0.750000
vt 0.041667 0.875000
vt -0.000000 0.875000
vt 0.041667 1.000000
vt -0.000000 1.000000
vt -0.000000 0.000000
vt 0.041667 0.000000
vt 0.041667 0.125000
vt -0.000000 0.125000
vt 0.041667 0.250000
vt -0.000000 0.250000
vt 0.041667 0.375000
vt -0.000000 0.375000
vt 0.083333 0.500000
vt 0.083333 0.625000
vt 0.083333 0.750000
vt 0.083333 0.875000
vt 0.083333 1.000000
vt 0.083333 0.000000
vt 0.083333 0.125000
vt 0.083333 0.250000
vt 0.083333 0.375000
vt 0.125000 0.500000
vt 0.125000 0.625000
vt 0.125000 0.750000
vt 0.125000 0.875000
vt 0.125000 1.000000
vt 0.125000 0.000000
vt 0.125000 0.125000
vt 0.125000 0.250000
vt 0.125000 0.375000
vt 0.166667 0.500000
vt 0.166667 0.625000
vt 0.166667 0.750000
vt 0.166667 0.875000
vt 0.166667 1.000000
vt 0.166667 0.000000
vt 0.166667 0.125000
vt 0.166667 0.250000
vt 0.166667 0.375000
vt 0.208333 0.500000
vt 0.208333 0.625000
vt 0.208333 0.750000
vt 0.208333 0.875000
vt 0.208333 1.000000
vt 0.208333 0.000000
vt 0.208333 0.125000
vt 0.208333 0.250000
vt 0.208333 0.375000
vt 0.250000 0.500000
vt 0.250000 0.625000
vt 0.250000 0.750000
vt 0.250000 0.875000
vt 0.250000 1.000000
vt 0.250000 0.000000
vt 0.250000 0.125000
vt 0.250000 0.250000
vt 0.250000 0.375000
vt 0.291667 0.500000
vt 0.291667 0.625000
vt 0.291667 0.750000
vt 0.291667 0.875000
vt 0.291667 1.000000
vt 0.291667 0.000000
vt 0.291667 0.125000
vt 0.291667 0.250000
vt 0.291667 0.375000
vt 0.333333 0.500000
vt 0.333333 0.625000
vt 0.333333 0.750000
vt 0.333333 0.875000
vt 0.333333 1.000000
vt 0.333333 0.000000
vt 0.333333 0.125000
vt 0.333333 0.250000
vt 0.333333 0.375000
vt 0.375000 0.500000
vt 0.375000 0.625000
vt 0.375000 0.750000
vt 0.375000 0.875000
vt 0.375000 1.000000
vt 0.375000 0.000000
vt 0.375000 0.125000
vt 0.375000 0.250000
vt 0.375000 0.375000
vt 0.416667 0.500000
vt 0.416667 0.625000
vt 0.416667 0.750000
vt 0.416667 0.875000
vt 0.416667 1.000000
vt 0.416667 0.000000
vt 0.416667 0.125000
vt 0.416667 0.250000
vt 0.416667 0.375000
vt 0.458333 0.500000
vt 0.458333 0.625000
vt 0.458333 0.750000
vt 0.458333 0.875000
vt 0.458333 1.000000
vt 0.458333 0.000000
vt 0.458333 0.125000
vt 0.458333 0.250000
vt 0.458333 0.375000
s 0
usemtl reflective_gold.009
f 123/197/123 131/198/123 132/199/123 124/200/123
f 124/200/124 132/199/124 133/201/124 125/202/124
f 125/202/125 133/201/125 134/203/125 126/204/125
f 126/204/126 134/203/126 135/205/126 127/206/126
f 127/207/127 135/208/127 136/209/127 128/210/127
f 128/210/128 136/209/128 137/211/128 129/212/128
f 129/212/129 137/211/129 138/213/129 130/214/129
f 130/214/130 138/213/130 131/198/130 123/197/130
f 131/198/131 139/215/131 140/216/131 132/199/131
f 132/199/132 140/216/132 141/217/132 133/201/132
f 133/201/133 141/217/133 142/218/133 134/203/133
f 134/203/134 142/218/134 143/219/134 135/205/134
f 135/208/135 143/220/135 144/221/135 136/209/135
f 136/209/136 144/221/136 145/222/136 137/211/136
f 137/211/137 145/222/137 146/223/137 138/213/137
f 138/213/138 146/223/138 139/215/138 131/198/138
f 139/215/139 147/224/139 148/225/139 140/216/139
f 140/216/140 148/225/140 149/226/140 141/217/140
f 141/217/141 149/226/141 150/227/141 142/218/141
f 142/218/142 150/227/142 151/228/142 143/219/142
f 143/220/143 151/229/143 152/230/143 144/221/143
f 144/221/144 152/230/144 153/231/144 145/222/144
f 145/222/145 153/231/145 154/232/145 146/223/145
f 146/223/146 154/232/146 147/224/146 139/215/146
f 147/224/147 155/233/147 156/234/147 148/225/147
f 148/225/148 156/234/148 157/235/148 149/226/148
f 149/226/149 157/235/149 158/236/149 150/227/149
f 150/227/150 158/236/150 159/237/150 151/228/150
f 151/229/151 159/238/151 160/239/151 152/230/151
f 152/230/152 160/239/152 161/240/152 153/231/152
f 153/231/153 161/240/153 162/241/153 154/232/153
f 154/232/154 162/241/154 155/233/154 147/224/154
f 155/233/155 163/242/155 164/243/155 156/234/155
f 156/234/156 164/243/156 165/244/156 157/235/156
f 157/235/157 165/244/157 166/245/157 158/236/157
f 158/236/158 166/245/158 167/246/158 159/237/158
f 159/238/159 167/247/159 168/248/159 160/239/159
f 160/239/160 168/248/160 169/249/160 161/240/160
f 161/240/161 169/249/161 170/250/161 162/241/161
f 162/241/162 170/250/162 163/242/162 155/233/162
f 163/242/163 171/251/163 172/252/163 164/243/163
f 164/243/164 172/252/164 173/253/164 165/244/164
f 165/244/165 173/253/165 174/254/165 166/245/165
f 166/245/166 174/254/166 175/255/166 167/246/166
f 167/247/167 175/256/167 176/257/167 168/248/167
f 168/248/168 176/257/168 177/258/168 169/249/168
f 169/249/169 177/258/169 178/259/169 170/250/169
f 170/250/170 178/259/170 171/251/170 163/242/170
f 171/251/171 179/260/171 180/261/171 172/252/171
f 172/252/172 180/261/172 181/262/172 173/253/172
f 173/253/173 181/262/173 182/263/173 174/254/173
f 174/254/174 182/263/174 183/264/174 175/255/174
f 175/256/175 183/265/175 184/266/175 176/257/175
f 176/257/176 184/266/176 185/267/176 177/258/176
f 177/258/177 185/267/177 186/268/177 178/259/177
f 178/259/178 186/268/178 179/260/178 171/251/178
f 179/260/179 187/269/179 188/270/179 180/261/179
f 180/261/180 188/270/180 189/271/180 181/262/180
f 181/262/181 189/271/181 190/272/181 182/263/181
f 182/263/182 190/272/182 191/273/182 183/264/182
f 183/265/183 191/274/183 192/275/183 184/266/183
f 184/266/184 192/275/184 193/276/184 185/267/184
f 185/267/185 193/276/185 194/277/185 186/268/185
f 186/268/186 194/277/186 187/269/186 179/260/186
f 187/269/187 195/278/187 196/279/187 188/270/187
f 188/270/188 196/279/188 197/280/188 189/271/188
f 189/271/189 197/280/189 198/281/189 190/272/189
f 190/272/190 198/281/190 199/282/190 191/273/190
f 191/274/191 199/283/191 200/284/191 192/275/191
f 192/275/192 200/284/192 201/285/192 193/276/192
f 193/276/193 201/285/193 202/286/193 194/277/193
f 194/277/194 202/286/194 195/278/194 187/269/194
f 195/278/195 203/287/195 204/288/195 196/279/195
f 196/279/196 204/288/196 205/289/196 197/280/196
f 197/280/197 205/289/197 206/290/197 198/281/197
f 198/281/198 206/290/198 207/291/198 199/282/198
f 199/283/199 207/292/199 208/293/199 200/284/199
f 200/284/200 208/293/200 209/294/200 201/285/200
f 201/285/201 209/294/201 210/295/201 202/286/201
f 202/286/202 210/295/202 203/287/202 195/278/202
f 203/287/203 211/296/203 212/297/203 204/288/203
f 204/288/204 212/297/204 213/298/204 205/289/204
f 205/289/205 213/298/205 214/299/205 206/290/205
f 206/290/206 214/299/206 215/300/206 207/291/206
f 207/292/207 215/301/207 216/302/207 208/293/207
f 208/293/208 216/302/208 217/303/208 209/294/208
f 209/294/209 217/303/209 218/304/209 210/295/209
f 210/295/210 218/304/210 211/296/210 203/287/210
f 211/296/211 219/305/211 220/306/211 212/297/211
f 212/297/212 220/306/212 221/307/212 213/298/212
f 213/298/213 221/307/213 222/308/213 214/299/213
f 214/299/214 222/308/214 223/309/214 215/300/214
f 215/301/215 223/310/215 224/311/215 216/302/215
f 216/302/216 224/311/216 225/312/216 217/303/216
f 217/303/217 225/312/217 226/313/217 218/304/217
f 218/304/218 226/313/218 219/305/218 211/296/218
f 219/314/126 227/315/126 228/316/126 220/317/126
f 220/317/125 228/316/125 229/318/125 221/319/125
f 221/319/124 229/318/124 230/320/124 222/321/124
f 222/321/123 230/320/123 231/322/123 223/323/123
f 223/324/130 231/325/130 232/326/130 224/327/130
f 224/327/129 232/326/129 233/328/129 225/329/129
f 225/329/128 233/328/128 234/330/128 226/331/128
f 226/331/127 234/330/127 227/315/127 219/314/127
f 227/315/134 235/332/134 236/333/134 228/316/134
f 228/316/133 236/333/133 237/334/133 229/318/133
f 229/318/132 237/334/132 238/335/132 230/320/132
f 230/320/131 238/335/131 239/336/131 231/322/131
f 231/325/138 239/337/138 240/338/138 232/326/138
f 232/326/137 240/338/137 241/339/137 233/328/137
f 233/328/136 241/339/136 242/340/136 234/330/136
f 234/330/135 242/340/135 235/332/135 227/315/135
f 235/332/142 243/341/142 244/342/142 236/333/142
f 236/333/141 244/342/141 245/343/141 237/334/141
f 237/334/140 245/343/140 246/344/140 238/335/140
f 238/335/139 246/344/139 247/345/139 239/336/139
f 239/337/146 247/346/146 248/347/146 240/338/146
f 240/338/145 248/347/145 249/348/145 241/339/145
f 241/339/144 249/348/144 250/349/144 242/340/144
f 242/340/143 250/349/143 243/341/143 235/332/143
f 243/341/150 251/350/150 252/351/150 244/342/150
f 244/342/149 252/351/149 253/352/149 245/343/149
f 245/343/148 253/352/148 254/353/148 246/344/148
f 246/344/147 254/353/147 255/354/147 247/345/147
f 247/346/154 255/355/154 256/356/154 248/347/154
f 248/347/153 256/356/153 257/357/153 249/348/153
f 249/348/152 257/357/152 258/358/152 250/349/152
f 250/349/151 258/358/151 251/350/151 243/341/151
f 251/350/158 259/359/158 260/360/158 252/351/158
f 252/351/157 260/360/157 261/361/157 253/352/157
f 253/352/156 261/361/156 262/362/156 254/353/156
f 254/353/155 262/362/155 263/363/155 255/354/155
f 255/355/162 263/364/162 264/365/162 256/356/162
f 256/356/161 264/365/161 265/366/161 257/357/161
f 257/357/160 265/366/160 266/367/160 258/358/160
f 258/358/159 266/367/159 259/359/159 251/350/159
f 259/359/166 267/368/166 268/369/166 260/360/166
f 260/360/165 268/369/165 269/370/165 261/361/165
f 261/361/164 269/370/164 270/371/164 262/362/164
f 262/362/163 270/371/163 271/372/163 263/363/163
f 263/364/170 271/373/170 272/374/170 264/365/170
f 264/365/169 272/374/169 273/375/169 265/366/169
f 265/366/168 273/375/168 274/376/168 266/367/168
f 266/367/167 274/376/167 267/368/167 259/359/167
f 267/368/174 275/377/174 276/378/174 268/369/174
f 268/369/173 276/378/173 277/379/173 269/370/173
f 269/370/172 277/379/172 278/380/172 270/371/172
f 270/371/171 278/380/171 279/381/171 271/372/171
f 271/373/178 279/382/178 280/383/178 272/374/178
f 272/374/177 280/383/177 281/384/177 273/375/177
f 273/375/176 281/384/176 282/385/176 274/376/176
f 274/376/175 282/385/175 275/377/175 267/368/175
f 275/377/182 283/386/182 284/387/182 276/378/182
f 276/378/181 284/387/181 285/388/181 277/379/181
f 277/379/180 285/388/180 286/389/180 278/380/180
f 278/380/179 286/389/179 287/390/179 279/381/179
f 279/382/186 287/391/186 288/392/186 280/383/186
f 280/383/185 288/392/185 289/393/185 281/384/185
f 281/384/184 289/393/184 290/394/184 282/385/184
f 282/385/183 290/394/183 283/386/183 275/377/183
f 283/386/190 291/395/190 292/396/190 284/387/190
f 284/387/189 292/396/189 293/397/189 285/388/189
f 285/388/188 293/397/188 294/398/188 286/389/188
f 286/389/187 294/398/187 295/399/187 287/390/187
f 287/391/194 295/400/194 296/401/194 288/392/194
f 288/392/193 296/401/193 297/402/193 289/393/193
f 289/393/192 297/402/192 298/403/192 290/394/192
f 290/394/191 298/403/191 291/395/191 283/386/191
f 291/395/198 299/404/198 300/405/198 292/396/198
f 292/396/197 300/405/197 301/406/197 293/397/197
f 293/397/196 301/406/196 302/407/196 294/398/196
f 294/398/195 302/407/195 303/408/195 295/399/195
f 295/400/202 303/409/202 304/410/202 296/401/202
f 296/401/201 304/410/201 305/411/201 297/402/201
f 297/402/200 305/411/200 306/412/200 298/403/200
f 298/403/199 306/412/199 299/404/199 291/395/199
f 299/404/206 307/413/206 308/414/206 300/405/206
f 300/405/205 308/414/205 309/415/205 301/406/205
f 301/406/204 309/415/204 310/416/204 302/407/204
f 302/407/203 310/416/203 311/417/203 303/408/203
f 303/409/210 311/418/210 312/419/210 304/410/210
f 304/410/209 312/419/209 313/420/209 305/411/209
f 305/411/208 313/420/208 314/421/208 306/412/208
f 306/412/207 314/421/207 307/413/207 299/404/207
f 307/413/214 123/197/214 124/200/214 308/414/214
f 308/414/213 124/200/213 125/202/213 309/415/213
f 309/415/212 125/202/212 126/204/212 310/416/212
f 310/416/211 126/204/211 127/206/211 311/417/211
f 311/418/218 127/207/218 128/210/218 312/419/218
f 312/419/217 128/210/217 129/212/217 313/420/217
f 313/420/216 129/212/216 130/214/216 314/421/216
f 314/421/215 130/214/215 123/197/215 307/413/215
o sapphire_colored_light_pad
v 0.000000 0.080000 -0.380000
v 0.000000 0.100000 -0.380000
v 0.117426 0.080000 -0.361401
v 0.117426 0.100000 -0.361401
v 0.223358 0.080000 -0.307426
v 0.223358 0.100000 -0.307426
v 0.307426 0.080000 -0.223358
v 0.307426 0.100000 -0.223358
v 0.361401 0.080000 -0.117426
v 0.361401 0.100000 -0.117426
v 0.380000 0.080000 0.000000
v 0.380000 0.100000 0.000000
v 0.361401 0.080000 0.117426
v 0.361401 0.100000 0.117426
v 0.307426 0.080000 0.223358
v 0.307426 0.100000 0.223358
v 0.223358 0.080000 0.307426
v 0.223358 0.100000 0.307426
v 0.117426 0.080000 0.361401
v 0.117426 0.100000 0.361401
v 0.000000 0.080000 0.380000
v 0.000000 0.100000 0.380000
v -0.117426 0.080000 0.361401
v -0.117426 0.100000 0.361401
v -0.223358 0.080000 0.307426
v -0.223358 0.100000 0.307426
v -0.307426 0.080000 0.223358
v -0.307426 0.100000 0.223358
v -0.361401 0.080000 0.117426
v -0.361401 0.100000 0.117426
v -0.380000 0.080000 0.000000
v -0.380000 0.100000 0.000000
v -0.361401 0.080000 -0.117426
v -0.361401 0.100000 -0.117426
v -0.307426 0.080000 -0.223358
v -0.307426 0.100000 -0.223358
v -0.223358 0.080000 -0.307426
v -0.223358 0.100000 -0.307426
v -0.117426 0.080000 -0.361401
v -0.117426 0.100000 -0.361401
vn 0.1564 -0.0000 -0.9877
vn 0.4540 -0.0000 -0.8910
vn 0.7071 -0.0000 -0.7071
vn 0.8910 -0.0000 -0.4540
vn 0.9877 -0.0000 -0.1564
vn 0.9877 -0.0000 0.1564
vn 0.8910 -0.0000 0.4540
vn 0.7071 -0.0000 0.7071
vn 0.4540 -0.0000 0.8910
vn 0.1564 -0.0000 0.9877
vn -0.1564 -0.0000 0.9877
vn -0.4540 -0.0000 0.8910
vn -0.7071 -0.0000 0.7071
vn -0.8910 -0.0000 0.4540
vn -0.9877 -0.0000 0.1564
vn -0.9877 -0.0000 -0.1564
vn -0.8910 -0.0000 -0.4540
vn -0.7071 -0.0000 -0.7071
vn -0.0000 1.0000 -0.0000
vn -0.4540 -0.0000 -0.8910
vn -0.1564 -0.0000 -0.9877
vn -0.0000 -1.0000 -0.0000
vt 1.000000 0.500000
vt 1.000000 1.000000
vt 0.950000 1.000000
vt 0.950000 0.500000
vt 0.900000 1.000000
vt 0.900000 0.500000
vt 0.850000 1.000000
vt 0.850000 0.500000
vt 0.800000 1.000000
vt 0.800000 0.500000
vt 0.750000 1.000000
vt 0.750000 0.500000
vt 0.700000 1.000000
vt 0.700000 0.500000
vt 0.650000 1.000000
vt 0.650000 0.500000
vt 0.600000 1.000000
vt 0.600000 0.500000
vt 0.550000 1.000000
vt 0.550000 0.500000
vt 0.500000 1.000000
vt 0.500000 0.500000
vt 0.450000 1.000000
vt 0.450000 0.500000
vt 0.400000 1.000000
vt 0.400000 0.500000
vt 0.350000 1.000000
vt 0.350000 0.500000
vt 0.300000 1.000000
vt 0.300000 0.500000
vt 0.250000 1.000000
vt 0.250000 0.500000
vt 0.200000 1.000000
vt 0.200000 0.500000
vt 0.150000 1.000000
vt 0.150000 0.500000
vt 0.100000 1.000000
vt 0.100000 0.500000
vt 0.324164 0.478254
vt 0.250000 0.490000
vt 0.175836 0.478254
vt 0.108932 0.444164
vt 0.055836 0.391068
vt 0.021746 0.324164
vt 0.010000 0.250000
vt 0.021746 0.175836
vt 0.055836 0.108932
vt 0.108932 0.055836
vt 0.175836 0.021746
vt 0.250000 0.010000
vt 0.324164 0.021746
vt 0.391068 0.055836
vt 0.444164 0.108932
vt 0.478254 0.175836
vt 0.490000 0.250000
vt 0.478254 0.324164
vt 0.444164 0.391068
vt 0.391068 0.444164
vt 0.050000 1.000000
vt 0.050000 0.500000
vt -0.000000 1.000000
vt -0.000000 0.500000
vt 0.750000 0.490000
vt 0.824164 0.478254
vt 0.891068 0.444164
vt 0.944164 0.391068
vt 0.978254 0.324164
vt 0.990000 0.250000
vt 0.978254 0.175836
vt 0.944164 0.108932
vt 0.891068 0.055836
vt 0.824164 0.021746
vt 0.750000 0.010000
vt 0.675836 0.021746
vt 0.608932 0.055836
vt 0.555836 0.108932
vt 0.521746 0.175836
vt 0.510000 0.250000
vt 0.521746 0.324164
vt 0.555836 0.391068
vt 0.608932 0.444164
vt 0.675836 0.478254
s 0
usemtl sapphire_emissive_glow.001
f 315/422/219 316/423/219 318/424/219 317/425/219
f 317/425/220 318/424/220 320/426/220 319/427/220
f 319/427/221 320/426/221 322/428/221 321/429/221
f 321/429/222 322/428/222 324/430/222 323/431/222
f 323/431/223 324/430/223 326/432/223 325/433/223
f 325/433/224 326/432/224 328/434/224 327/435/224
f 327/435/225 328/434/225 330/436/225 329/437/225
f 329/437/226 330/436/226 332/438/226 331/439/226
f 331/439/227 332/438/227 334/440/227 333/441/227
f 333/441/228 334/440/228 336/442/228 335/443/228
f 335/443/229 336/442/229 338/444/229 337/445/229
f 337/445/230 338/444/230 340/446/230 339/447/230
f 339/447/231 340/446/231 342/448/231 341/449/231
f 341/449/232 342/448/232 344/450/232 343/451/232
f 343/451/233 344/450/233 346/452/233 345/453/233
f 345/453/234 346/452/234 348/454/234 347/455/234
f 347/455/235 348/454/235 350/456/235 349/457/235
f 349/457/236 350/456/236 352/458/236 351/459/236
f 318/460/237 316/461/237 354/462/237 352/463/237 350/464/237 348/465/237 346/466/237 344/467/237 342/468/237 340/469/237 338/470/237 336/471/237 334/472/237 332/473/237 330/474/237 328/475/237 326/476/237 324/477/237 322/478/237 320/479/237
f 351/459/238 352/458/238 354/480/238 353/481/238
f 353/481/239 354/480/239 316/482/239 315/483/239
f 315/484/240 317/485/240 319/486/240 321/487/240 323/488/240 325/489/240 327/490/240 329/491/240 331/492/240 333/493/240 335/494/240 337/495/240 339/496/240 341/497/240 343/498/240 345/499/240 347/500/240 349/501/240 351/502/240 353/503/240
o sapphire_base_label
v 0.321660 -0.183218 0.763505
v 0.321660 -0.218483 0.774963
v 0.371880 -0.218483 0.774963
v 0.371880 -0.233548 0.779858
v 0.321660 -0.233548 0.779858
v 0.321660 -0.269840 0.791650
v 0.375300 -0.269840 0.791650
v 0.375300 -0.284905 0.796545
v 0.304020 -0.284905 0.796545
v 0.304020 -0.168153 0.758610
v 0.373680 -0.168153 0.758610
v 0.373680 -0.183218 0.763505
v 0.232631 -0.168411 0.758694
v 0.238232 -0.169172 0.758941
v 0.243399 -0.170421 0.759347
v 0.248113 -0.172141 0.759906
v 0.252352 -0.174315 0.760612
v 0.256095 -0.176927 0.761461
v 0.259320 -0.179959 0.762446
v 0.262007 -0.183395 0.763563
v 0.264133 -0.187219 0.764805
v 0.265678 -0.191414 0.766168
v 0.266621 -0.195964 0.767646
v 0.266940 -0.200850 0.769234
v 0.266787 -0.204159 0.770309
v 0.266333 -0.207319 0.771336
v 0.265582 -0.210325 0.772312
v 0.264540 -0.213170 0.773237
v 0.263213 -0.215848 0.774107
v 0.261608 -0.218355 0.774922
v 0.259728 -0.220683 0.775678
v 0.257580 -0.222826 0.776374
v 0.255170 -0.224780 0.777009
v 0.252503 -0.226537 0.777580
v 0.249584 -0.228092 0.778085
v 0.246420 -0.229439 0.778523
v 0.249124 -0.231272 0.779119
v 0.251672 -0.233262 0.779765
v 0.254087 -0.235409 0.780463
v 0.256393 -0.237713 0.781212
v 0.258615 -0.240174 0.782011
v 0.260775 -0.242792 0.782862
v 0.262898 -0.245567 0.783763
v 0.265007 -0.248498 0.784716
v 0.267126 -0.251587 0.785719
v 0.269278 -0.254832 0.786774
v 0.271489 -0.258235 0.787879
v 0.273780 -0.261794 0.789036
v 0.275044 -0.263727 0.789664
v 0.276245 -0.265527 0.790249
v 0.277408 -0.267235 0.790804
v 0.278560 -0.268889 0.791341
v 0.279727 -0.270529 0.791874
v 0.280935 -0.272194 0.792415
v 0.282211 -0.273923 0.792977
v 0.283580 -0.275756 0.793572
v 0.285069 -0.277731 0.794214
v 0.286705 -0.279888 0.794915
v 0.288513 -0.282266 0.795688
v 0.290520 -0.284905 0.796545
v 0.269460 -0.284905 0.796545
v 0.253260 -0.260938 0.788758
v 0.249388 -0.255378 0.786951
v 0.245847 -0.250638 0.785411
v 0.242601 -0.246654 0.784117
v 0.239613 -0.243363 0.783047
v 0.236849 -0.240698 0.782182
v 0.234270 -0.238598 0.781499
v 0.231841 -0.236996 0.780979
v 0.229527 -0.235830 0.780600
v 0.227289 -0.235035 0.780341
v 0.225093 -0.234546 0.780183
v 0.222902 -0.234300 0.780103
v 0.220680 -0.234232 0.780081
v 0.213300 -0.234232 0.780081
v 0.213300 -0.284905 0.796545
v 0.195660 -0.284905 0.796545
v 0.195660 -0.168153 0.758610
v 0.226620 -0.168153 0.758610
v 0.224640 -0.219168 0.775186
v 0.229088 -0.218980 0.775125
v 0.233002 -0.218438 0.774949
v 0.236408 -0.217571 0.774667
v 0.239333 -0.216410 0.774290
v 0.241807 -0.214985 0.773827
v 0.243855 -0.213326 0.773288
v 0.245506 -0.211464 0.772683
v 0.246787 -0.209429 0.772021
v 0.247725 -0.207251 0.771314
v 0.248348 -0.204961 0.770570
v 0.248684 -0.202589 0.769799
v 0.248760 -0.200166 0.769012
v 0.248574 -0.197517 0.768151
v 0.248098 -0.195055 0.767351
v 0.247320 -0.192788 0.766615
v 0.246227 -0.190725 0.765944
v 0.244806 -0.188873 0.765342
v 0.243045 -0.187241 0.764812
v 0.240932 -0.185837 0.764356
v 0.238453 -0.184670 0.763977
v 0.235598 -0.183747 0.763677
v 0.232352 -0.183078 0.763460
v 0.228703 -0.182671 0.763327
v 0.224640 -0.182533 0.763282
v 0.213300 -0.182533 0.763282
v 0.213300 -0.219168 0.775186
v 0.150480 -0.284905 0.796545
v 0.150480 -0.168153 0.758610
v 0.168120 -0.168153 0.758610
v 0.168120 -0.284905 0.796545
v 0.105480 -0.284905 0.796545
v 0.105480 -0.234061 0.780025
v 0.036720 -0.234061 0.780025
v 0.036720 -0.284905 0.796545
v 0.019080 -0.284905 0.796545
v 0.019080 -0.168153 0.758610
v 0.036720 -0.168153 0.758610
v 0.036720 -0.218997 0.775130
v 0.105480 -0.218997 0.775130
v 0.105480 -0.168153 0.758610
v 0.123120 -0.168153 0.758610
v 0.123120 -0.284905 0.796545
v -0.028877 -0.168460 0.758710
v -0.023074 -0.169355 0.759000
v -0.017862 -0.170796 0.759469
v -0.013233 -0.172743 0.760102
v -0.009179 -0.175157 0.760886
v -0.005693 -0.177997 0.761808
v -0.002764 -0.181221 0.762856
v -0.000387 -0.184790 0.764016
v 0.001448 -0.188664 0.765274
v 0.002749 -0.192801 0.766619
v 0.003524 -0.197162 0.768036
v 0.003780 -0.201706 0.769512
v 0.003509 -0.206198 0.770971
v 0.002688 -0.210489 0.772366
v 0.001311 -0.214543 0.773683
v -0.000633 -0.218324 0.774912
v -0.003152 -0.221797 0.776040
v -0.006255 -0.224924 0.777056
v -0.009950 -0.227669 0.777948
v -0.014247 -0.229997 0.778704
v -0.019153 -0.231871 0.779313
v -0.024678 -0.233254 0.779763
v -0.030831 -0.234110 0.780041
v -0.037620 -0.234404 0.780136
v -0.055980 -0.234404 0.780136
v -0.055980 -0.284905 0.796545
v -0.073620 -0.284905 0.796545
v -0.073620 -0.168153 0.758610
v -0.035280 -0.168153 0.758610
v -0.036000 -0.219339 0.775241
v -0.032815 -0.219201 0.775196
v -0.029838 -0.218790 0.775063
v -0.027082 -0.218114 0.774843
v -0.024560 -0.217177 0.774539
v -0.022286 -0.215985 0.774152
v -0.020273 -0.214546 0.773684
v -0.018533 -0.212863 0.773137
v -0.017080 -0.210944 0.772514
v -0.015927 -0.208795 0.771815
v -0.015088 -0.206420 0.771044
v -0.014574 -0.203827 0.770201
v -0.014400 -0.201022 0.769290
v -0.014505 -0.198873 0.768592
v -0.014834 -0.196731 0.767896
v -0.015410 -0.194629 0.767213
v -0.016253 -0.192602 0.766554
v -0.017387 -0.190684 0.765931
v -0.018833 -0.188910 0.765354
v -0.020612 -0.187314 0.764836
v -0.022747 -0.185931 0.764387
v -0.025259 -0.184796 0.764018
v -0.028171 -0.183942 0.763740
v -0.031504 -0.183405 0.763566
v -0.035280 -0.183218 0.763505
v -0.055980 -0.183218 0.763505
v -0.055980 -0.219339 0.775241
v -0.120677 -0.168460 0.758710
v -0.114874 -0.169355 0.759000
v -0.109662 -0.170796 0.759469
v -0.105033 -0.172743 0.760102
v -0.100980 -0.175157 0.760886
v -0.097493 -0.177997 0.761808
v -0.094564 -0.181221 0.762856
v -0.092187 -0.184790 0.764016
v -0.090352 -0.188664 0.765274
v -0.089051 -0.192801 0.766619
v -0.088276 -0.197162 0.768036
v -0.088020 -0.201706 0.769512
v -0.088291 -0.206198 0.770971
v -0.089112 -0.210489 0.772366
v -0.090489 -0.214543 0.773683
v -0.092433 -0.218324 0.774912
v -0.094952 -0.221797 0.776040
v -0.098055 -0.224924 0.777056
v -0.101750 -0.227669 0.777948
v -0.106047 -0.229997 0.778704
v -0.110953 -0.231871 0.779313
v -0.116478 -0.233254 0.779763
v -0.122631 -0.234110 0.780041
v -0.129420 -0.234404 0.780136
v -0.147780 -0.234404 0.780136
v -0.147780 -0.284905 0.796545
v -0.165420 -0.284905 0.796545
v -0.165420 -0.168153 0.758610
v -0.127080 -0.168153 0.758610
v -0.127800 -0.219339 0.775241
v -0.124615 -0.219201 0.775196
v -0.121638 -0.218790 0.775063
v -0.118882 -0.218114 0.774843
v -0.116360 -0.217177 0.774539
v -0.114086 -0.215985 0.774152
v -0.112073 -0.214546 0.773684
v -0.110333 -0.212863 0.773137
v -0.108880 -0.210944 0.772514
v -0.107727 -0.208795 0.771815
v -0.106888 -0.206420 0.771044
v -0.106374 -0.203827 0.770201
v -0.106200 -0.201022 0.769290
v -0.106305 -0.198873 0.768592
v -0.106634 -0.196731 0.767896
v -0.107210 -0.194629 0.767213
v -0.108053 -0.192602 0.766554
v -0.109187 -0.190684 0.765931
v -0.110633 -0.188910 0.765354
v -0.112412 -0.187314 0.764836
v -0.114547 -0.185931 0.764387
v -0.117059 -0.184796 0.764018
v -0.119971 -0.183942 0.763740
v -0.123304 -0.183405 0.763566
v -0.127080 -0.183218 0.763505
v -0.147780 -0.183218 0.763505
v -0.147780 -0.219339 0.775241
v -0.196020 -0.284905 0.796545
v -0.212400 -0.250496 0.785365
v -0.264600 -0.250496 0.785365
v -0.280080 -0.284905 0.796545
v -0.298080 -0.284905 0.796545
v -0.245340 -0.167468 0.758388
v -0.232920 -0.167468 0.758388
v -0.178020 -0.284905 0.796545
v -0.219600 -0.235431 0.780470
v -0.239400 -0.193147 0.766731
v -0.257760 -0.235431 0.780470
v -0.311302 -0.191615 0.766233
v -0.313883 -0.189662 0.765599
v -0.316440 -0.187960 0.765046
v -0.318967 -0.186496 0.764570
v -0.321458 -0.185255 0.764167
v -0.323910 -0.184224 0.763832
v -0.326317 -0.183388 0.763560
v -0.328673 -0.182736 0.763348
v -0.330975 -0.182252 0.763191
v -0.333217 -0.181924 0.763084
v -0.335393 -0.181736 0.763024
v -0.337500 -0.181677 0.763004
v -0.340265 -0.181793 0.763042
v -0.342878 -0.182134 0.763153
v -0.345322 -0.182688 0.763333
v -0.347580 -0.183446 0.763579
v -0.349636 -0.184397 0.763888
v -0.351473 -0.185529 0.764256
v -0.353073 -0.186832 0.764679
v -0.354420 -0.188296 0.765155
v -0.355497 -0.189910 0.765679
v -0.356288 -0.191663 0.766249
v -0.356774 -0.193544 0.766860
v -0.356940 -0.195543 0.767510
v -0.355895 -0.200710 0.769189
v -0.353007 -0.205138 0.770627
v -0.348643 -0.209035 0.771894
v -0.343173 -0.212612 0.773056
v -0.336966 -0.216076 0.774181
v -0.330390 -0.219639 0.775339
v -0.323814 -0.223507 0.776596
v -0.317607 -0.227892 0.778020
v -0.312137 -0.233002 0.779681
v -0.307773 -0.239046 0.781645
v -0.304885 -0.246234 0.783980
v -0.303840 -0.254775 0.786755
v -0.304138 -0.259246 0.788208
v -0.305012 -0.263481 0.789584
v -0.306428 -0.267451 0.790874
v -0.308353 -0.271127 0.792068
v -0.310757 -0.274480 0.793158
v -0.313605 -0.277479 0.794132
v -0.316866 -0.280098 0.794983
v -0.320507 -0.282305 0.795700
v -0.324495 -0.284073 0.796275
v -0.328798 -0.285372 0.796697
v -0.333384 -0.286172 0.796957
v -0.338220 -0.286445 0.797046
v -0.341499 -0.286374 0.797022
v -0.344679 -0.286158 0.796952
v -0.347769 -0.285796 0.796834
v -0.350773 -0.285285 0.796669
v -0.353701 -0.284625 0.796454
v -0.356558 -0.283813 0.796190
v -0.359351 -0.282848 0.795877
v -0.362087 -0.281728 0.795513
v -0.364773 -0.280451 0.795098
v -0.367416 -0.279015 0.794631
v -0.370023 -0.277419 0.794113
v -0.372600 -0.275661 0.793541
v -0.372600 -0.254433 0.786644
v -0.370302 -0.257068 0.787500
v -0.367913 -0.259493 0.788288
v -0.365437 -0.261703 0.789006
v -0.362880 -0.263696 0.789654
v -0.360248 -0.265468 0.790230
v -0.357548 -0.267015 0.790732
v -0.354783 -0.268334 0.791161
v -0.351960 -0.269422 0.791514
v -0.349085 -0.270273 0.791791
v -0.346163 -0.270886 0.791990
v -0.343199 -0.271257 0.792110
v -0.340200 -0.271381 0.792151
v -0.336933 -0.271215 0.792097
v -0.333970 -0.270742 0.791943
v -0.331307 -0.269995 0.791701
v -0.328940 -0.269009 0.791380
v -0.326866 -0.267819 0.790994
v -0.325080 -0.266459 0.790552
v -0.323579 -0.264963 0.790066
v -0.322360 -0.263367 0.789547
v -0.321418 -0.261703 0.789006
v -0.320750 -0.260008 0.788455
v -0.320352 -0.258315 0.787905
v -0.320220 -0.256658 0.787367
v -0.321265 -0.251040 0.785542
v -0.324153 -0.246138 0.783949
v -0.328517 -0.241776 0.782531
v -0.333987 -0.237777 0.781232
v -0.340194 -0.233966 0.779994
v -0.346770 -0.230167 0.778759
v -0.353346 -0.226204 0.777472
v -0.359553 -0.221900 0.776074
v -0.365023 -0.217081 0.774508
v -0.369387 -0.211570 0.772717
v -0.372275 -0.205192 0.770645
v -0.373320 -0.197769 0.768233
v -0.373017 -0.193164 0.766737
v -0.372123 -0.188863 0.765339
v -0.370662 -0.184884 0.764046
v -0.368660 -0.181246 0.762864
v -0.366140 -0.177967 0.761799
v -0.363128 -0.175065 0.760856
v -0.359646 -0.172559 0.760042
v -0.355720 -0.170467 0.759362
v -0.351374 -0.168808 0.758823
v -0.346633 -0.167601 0.758431
v -0.341520 -0.166862 0.758191
v -0.336060 -0.166612 0.758109
v -0.333721 -0.166669 0.758128
v -0.331383 -0.166841 0.758184
v -0.329051 -0.167126 0.758276
v -0.326727 -0.167525 0.758406
v -0.324412 -0.168039 0.758573
v -0.322110 -0.168667 0.758777
v -0.319823 -0.169408 0.759018
v -0.317553 -0.170264 0.759296
v -0.315304 -0.171234 0.759611
v -0.313077 -0.172319 0.759964
v -0.310875 -0.173517 0.760353
v -0.308700 -0.174829 0.760779
v -0.308700 -0.193832 0.766954
v 0.321660 -0.196122 0.723789
v 0.321660 -0.231388 0.735247
v 0.371880 -0.231388 0.735247
v 0.371880 -0.246452 0.740142
v 0.321660 -0.246452 0.740142
v 0.321660 -0.282745 0.751934
v 0.375300 -0.282745 0.751934
v 0.375300 -0.297809 0.756829
v 0.304020 -0.297809 0.756829
v 0.304020 -0.181058 0.718894
v 0.373680 -0.181058 0.718894
v 0.373680 -0.196122 0.723789
v 0.232631 -0.181315 0.718978
v 0.238232 -0.182077 0.719225
v 0.243399 -0.183326 0.719631
v 0.248113 -0.185046 0.720190
v 0.252352 -0.187220 0.720896
v 0.256095 -0.189831 0.721745
v 0.259320 -0.192863 0.722730
v 0.262007 -0.196300 0.723846
v 0.264133 -0.200124 0.725089
v 0.265678 -0.204319 0.726452
v 0.266621 -0.208868 0.727930
v 0.266940 -0.213755 0.729518
v 0.266787 -0.217064 0.730593
v 0.266333 -0.220224 0.731620
v 0.265582 -0.223229 0.732596
v 0.264540 -0.226074 0.733521
v 0.263213 -0.228753 0.734391
v 0.261608 -0.231259 0.735205
v 0.259728 -0.233587 0.735962
v 0.257580 -0.235731 0.736658
v 0.255170 -0.237684 0.737293
v 0.252503 -0.239441 0.737864
v 0.249584 -0.240997 0.738369
v 0.246420 -0.242344 0.738807
v 0.249124 -0.244177 0.739403
v 0.251672 -0.246167 0.740049
v 0.254087 -0.248314 0.740747
v 0.256393 -0.250618 0.741495
v 0.258615 -0.253079 0.742295
v 0.260775 -0.255697 0.743146
v 0.262898 -0.258471 0.744047
v 0.265007 -0.261403 0.745000
v 0.267126 -0.264491 0.746003
v 0.269278 -0.267737 0.747058
v 0.271489 -0.271139 0.748163
v 0.273780 -0.274699 0.749320
v 0.275044 -0.276631 0.749948
v 0.276245 -0.278432 0.750533
v 0.277408 -0.280139 0.751088
v 0.278560 -0.281794 0.751625
v 0.279727 -0.283433 0.752158
v 0.280935 -0.285098 0.752699
v 0.282211 -0.286828 0.753261
v 0.283580 -0.288660 0.753856
v 0.285069 -0.290635 0.754498
v 0.286705 -0.292792 0.755199
v 0.288513 -0.295171 0.755972
v 0.290520 -0.297809 0.756829
v 0.269460 -0.297809 0.756829
v 0.253260 -0.273843 0.749042
v 0.249388 -0.268283 0.747235
v 0.245847 -0.263543 0.745695
v 0.242601 -0.259559 0.744401
v 0.239613 -0.256267 0.743331
v 0.236849 -0.253603 0.742465
v 0.234270 -0.251502 0.741783
v 0.231841 -0.249901 0.741262
v 0.229527 -0.248735 0.740884
v 0.227289 -0.247939 0.740625
v 0.225093 -0.247451 0.740466
v 0.222902 -0.247205 0.740386
v 0.220680 -0.247137 0.740364
v 0.213300 -0.247137 0.740364
v 0.213300 -0.297809 0.756829
v 0.195660 -0.297809 0.756829
v 0.195660 -0.181058 0.718894
v 0.226620 -0.181058 0.718894
v 0.224640 -0.232072 0.735470
v 0.229088 -0.231885 0.735409
v 0.233002 -0.231342 0.735232
v 0.236408 -0.230475 0.734951
v 0.239333 -0.229314 0.734573
v 0.241807 -0.227889 0.734110
v 0.243855 -0.226230 0.733571
v 0.245506 -0.224368 0.732966
v 0.246787 -0.222333 0.732305
v 0.247725 -0.220156 0.731598
v 0.248348 -0.217866 0.730854
v 0.248684 -0.215494 0.730083
v 0.248760 -0.213070 0.729295
v 0.248574 -0.210422 0.728435
v 0.248098 -0.207960 0.727635
v 0.247320 -0.205693 0.726898
v 0.246227 -0.203629 0.726228
v 0.244806 -0.201777 0.725626
v 0.243045 -0.200145 0.725096
v 0.240932 -0.198742 0.724640
v 0.238453 -0.197574 0.724261
v 0.235598 -0.196652 0.723961
v 0.232352 -0.195983 0.723743
v 0.228703 -0.195575 0.723611
v 0.224640 -0.195438 0.723566
v 0.213300 -0.195438 0.723566
v 0.213300 -0.232072 0.735470
v 0.150480 -0.297809 0.756829
v 0.150480 -0.181058 0.718894
v 0.168120 -0.181058 0.718894
v 0.168120 -0.297809 0.756829
v 0.105480 -0.297809 0.756829
v 0.105480 -0.246966 0.740309
v 0.036720 -0.246966 0.740309
v 0.036720 -0.297809 0.756829
v 0.019080 -0.297809 0.756829
v 0.019080 -0.181058 0.718894
v 0.036720 -0.181058 0.718894
v 0.036720 -0.231901 0.735414
v 0.105480 -0.231901 0.735414
v 0.105480 -0.181058 0.718894
v 0.123120 -0.181058 0.718894
v 0.123120 -0.297809 0.756829
v -0.028877 -0.181365 0.718994
v -0.023074 -0.182259 0.719284
v -0.017862 -0.183700 0.719753
v -0.013233 -0.185648 0.720385
v -0.009179 -0.188062 0.721170
v -0.005693 -0.190901 0.722092
v -0.002764 -0.194126 0.723140
v -0.000387 -0.197695 0.724300
v 0.001448 -0.201568 0.725558
v 0.002749 -0.205706 0.726903
v 0.003524 -0.210067 0.728320
v 0.003780 -0.214611 0.729796
v 0.003509 -0.219102 0.731255
v 0.002688 -0.223393 0.732650
v 0.001311 -0.227447 0.733967
v -0.000633 -0.231229 0.735196
v -0.003152 -0.234701 0.736324
v -0.006255 -0.237829 0.737340
v -0.009950 -0.240574 0.738232
v -0.014247 -0.242902 0.738988
v -0.019153 -0.244775 0.739597
v -0.024678 -0.246158 0.740046
v -0.030831 -0.247015 0.740325
v -0.037620 -0.247308 0.740420
v -0.055980 -0.247308 0.740420
v -0.055980 -0.297809 0.756829
v -0.073620 -0.297809 0.756829
v -0.073620 -0.181058 0.718894
v -0.035280 -0.181058 0.718894
v -0.036000 -0.232243 0.735525
v -0.032815 -0.232105 0.735480
v -0.029838 -0.231695 0.735347
v -0.027082 -0.231018 0.735127
v -0.024560 -0.230081 0.734823
v -0.022286 -0.228890 0.734436
v -0.020273 -0.227450 0.733968
v -0.018533 -0.225768 0.733421
v -0.017080 -0.223849 0.732798
v -0.015927 -0.221699 0.732099
v -0.015088 -0.219325 0.731328
v -0.014574 -0.216732 0.730485
v -0.014400 -0.213926 0.729574
v -0.014505 -0.211778 0.728876
v -0.014834 -0.209635 0.728179
v -0.015410 -0.207533 0.727496
v -0.016253 -0.205506 0.726838
v -0.017387 -0.203588 0.726215
v -0.018833 -0.201814 0.725638
v -0.020612 -0.200219 0.725120
v -0.022747 -0.198836 0.724670
v -0.025259 -0.197701 0.724302
v -0.028171 -0.196847 0.724024
v -0.031504 -0.196309 0.723849
v -0.035280 -0.196122 0.723789
v -0.055980 -0.196122 0.723789
v -0.055980 -0.232243 0.735525
v -0.120677 -0.181365 0.718994
v -0.114874 -0.182259 0.719284
v -0.109662 -0.183700 0.719753
v -0.105033 -0.185648 0.720385
v -0.100980 -0.188062 0.721170
v -0.097493 -0.190901 0.722092
v -0.094564 -0.194126 0.723140
v -0.092187 -0.197695 0.724300
v -0.090352 -0.201568 0.725558
v -0.089051 -0.205706 0.726903
v -0.088276 -0.210067 0.728320
v -0.088020 -0.214611 0.729796
v -0.088291 -0.219102 0.731255
v -0.089112 -0.223393 0.732650
v -0.090489 -0.227447 0.733967
v -0.092433 -0.231229 0.735196
v -0.094952 -0.234701 0.736324
v -0.098055 -0.237829 0.737340
v -0.101750 -0.240574 0.738232
v -0.106047 -0.242902 0.738988
v -0.110953 -0.244775 0.739597
v -0.116478 -0.246158 0.740046
v -0.122631 -0.247015 0.740325
v -0.129420 -0.247308 0.740420
v -0.147780 -0.247308 0.740420
v -0.147780 -0.297809 0.756829
v -0.165420 -0.297809 0.756829
v -0.165420 -0.181058 0.718894
v -0.127080 -0.181058 0.718894
v -0.127800 -0.232243 0.735525
v -0.124615 -0.232105 0.735480
v -0.121638 -0.231695 0.735347
v -0.118882 -0.231018 0.735127
v -0.116360 -0.230081 0.734823
v -0.114086 -0.228890 0.734436
v -0.112073 -0.227450 0.733968
v -0.110333 -0.225768 0.733421
v -0.108880 -0.223849 0.732798
v -0.107727 -0.221699 0.732099
v -0.106888 -0.219325 0.731328
v -0.106374 -0.216732 0.730485
v -0.106200 -0.213926 0.729574
v -0.106305 -0.211778 0.728876
v -0.106634 -0.209635 0.728179
v -0.107210 -0.207533 0.727496
v -0.108053 -0.205506 0.726838
v -0.109187 -0.203588 0.726215
v -0.110633 -0.201814 0.725638
v -0.112412 -0.200219 0.725120
v -0.114547 -0.198836 0.724670
v -0.117059 -0.197701 0.724302
v -0.119971 -0.196847 0.724024
v -0.123304 -0.196309 0.723849
v -0.127080 -0.196122 0.723789
v -0.147780 -0.196122 0.723789
v -0.147780 -0.232243 0.735525
v -0.196020 -0.297809 0.756829
v -0.212400 -0.263400 0.745649
v -0.264600 -0.263400 0.745649
v -0.280080 -0.297809 0.756829
v -0.298080 -0.297809 0.756829
v -0.245340 -0.180373 0.718671
v -0.232920 -0.180373 0.718671
v -0.178020 -0.297809 0.756829
v -0.219600 -0.248335 0.740754
v -0.239400 -0.206051 0.727015
v -0.257760 -0.248335 0.740754
v -0.311302 -0.204519 0.726517
v -0.313883 -0.202567 0.725883
v -0.316440 -0.200865 0.725330
v -0.318967 -0.199400 0.724854
v -0.321458 -0.198159 0.724451
v -0.323910 -0.197128 0.724116
v -0.326317 -0.196293 0.723844
v -0.328673 -0.195640 0.723632
v -0.330975 -0.195157 0.723475
v -0.333217 -0.194828 0.723368
v -0.335393 -0.194641 0.723307
v -0.337500 -0.194582 0.723288
v -0.340265 -0.194698 0.723326
v -0.342878 -0.195038 0.723436
v -0.345322 -0.195593 0.723617
v -0.347580 -0.196351 0.723863
v -0.349636 -0.197301 0.724172
v -0.351473 -0.198433 0.724540
v -0.353073 -0.199737 0.724963
v -0.354420 -0.201201 0.725439
v -0.355497 -0.202815 0.725963
v -0.356288 -0.204568 0.726533
v -0.356774 -0.206449 0.727144
v -0.356940 -0.208448 0.727794
v -0.355895 -0.213615 0.729472
v -0.353007 -0.218043 0.730911
v -0.348643 -0.221940 0.732177
v -0.343173 -0.225516 0.733339
v -0.336966 -0.228981 0.734465
v -0.330390 -0.232543 0.735623
v -0.323814 -0.236412 0.736880
v -0.317607 -0.240797 0.738304
v -0.312137 -0.245907 0.739965
v -0.307773 -0.251951 0.741929
v -0.304885 -0.259139 0.744264
v -0.303840 -0.267680 0.747039
v -0.304138 -0.272151 0.748492
v -0.305012 -0.276386 0.749868
v -0.306428 -0.280356 0.751158
v -0.308353 -0.284032 0.752352
v -0.310757 -0.287384 0.753442
v -0.313605 -0.290384 0.754416
v -0.316866 -0.293002 0.755267
v -0.320507 -0.295210 0.755984
v -0.324495 -0.296977 0.756559
v -0.328798 -0.298276 0.756981
v -0.333384 -0.299077 0.757241
v -0.338220 -0.299350 0.757329
v -0.341499 -0.299278 0.757306
v -0.344679 -0.299062 0.757236
v -0.347769 -0.298700 0.757118
v -0.350773 -0.298190 0.756952
v -0.353701 -0.297530 0.756738
v -0.356558 -0.296718 0.756474
v -0.359351 -0.295753 0.756161
v -0.362087 -0.294633 0.755797
v -0.364773 -0.293356 0.755382
v -0.367416 -0.291920 0.754915
v -0.370023 -0.290324 0.754397
v -0.372600 -0.288565 0.753825
v -0.372600 -0.267337 0.746928
v -0.370302 -0.269973 0.747784
v -0.367913 -0.272397 0.748572
v -0.365437 -0.274608 0.749290
v -0.362880 -0.276601 0.749938
v -0.360248 -0.278373 0.750513
v -0.357548 -0.279920 0.751016
v -0.354783 -0.281239 0.751445
v -0.351960 -0.282326 0.751798
v -0.349085 -0.283178 0.752075
v -0.346163 -0.283791 0.752274
v -0.343199 -0.284161 0.752394
v -0.340200 -0.284285 0.752435
v -0.336933 -0.284120 0.752381
v -0.333970 -0.283646 0.752227
v -0.331307 -0.282900 0.751984
v -0.328940 -0.281914 0.751664
v -0.326866 -0.280724 0.751277
v -0.325080 -0.279364 0.750835
v -0.323579 -0.277868 0.750349
v -0.322360 -0.276271 0.749831
v -0.321418 -0.274608 0.749290
v -0.320750 -0.272912 0.748739
v -0.320352 -0.271219 0.748189
v -0.320220 -0.269563 0.747651
v -0.321265 -0.263945 0.745826
v -0.324153 -0.259043 0.744233
v -0.328517 -0.254680 0.742815
v -0.333987 -0.250681 0.741516
v -0.340194 -0.246870 0.740278
v -0.346770 -0.243071 0.739043
v -0.353346 -0.239108 0.737756
v -0.359553 -0.234805 0.736358
v -0.365023 -0.229986 0.734792
v -0.369387 -0.224475 0.733001
v -0.372275 -0.218096 0.730928
v -0.373320 -0.210674 0.728517
v -0.373017 -0.206069 0.727021
v -0.372123 -0.201768 0.725623
v -0.370662 -0.197789 0.724330
v -0.368660 -0.194150 0.723148
v -0.366140 -0.190871 0.722083
v -0.363128 -0.187969 0.721140
v -0.359646 -0.185463 0.720325
v -0.355720 -0.183372 0.719646
v -0.351374 -0.181713 0.719107
v -0.346633 -0.180505 0.718714
v -0.341520 -0.179767 0.718475
v -0.336060 -0.179517 0.718393
v -0.333721 -0.179574 0.718412
v -0.331383 -0.179745 0.718467
v -0.329051 -0.180030 0.718560
v -0.326727 -0.180430 0.718690
v -0.324412 -0.180943 0.718857
v -0.322110 -0.181571 0.719061
v -0.319823 -0.182313 0.719302
v -0.317553 -0.183169 0.719580
v -0.315304 -0.184139 0.719895
v -0.313077 -0.185223 0.720247
v -0.310875 -0.186422 0.720637
v -0.308700 -0.187734 0.721063
v -0.308700 -0.206736 0.727237
v -0.311302 -0.204519 0.726517
v -0.311876 -0.205123 0.726861
v -0.312394 -0.205580 0.727440
v -0.312806 -0.205846 0.728196
v -0.313070 -0.205895 0.729057
v -0.313161 -0.205723 0.729936
v -0.313161 -0.194598 0.764174
v -0.313070 -0.194221 0.764988
v -0.312806 -0.193675 0.765654
v -0.312394 -0.193015 0.766110
v -0.311876 -0.192305 0.766309
v -0.311302 -0.191615 0.766233
v -0.313883 -0.202567 0.725883
v -0.314416 -0.203202 0.726237
v -0.314896 -0.203687 0.726825
v -0.315278 -0.203976 0.727589
v -0.315523 -0.204040 0.728454
v -0.315607 -0.203873 0.729335
v -0.315607 -0.192748 0.763573
v -0.315523 -0.192365 0.764385
v -0.315278 -0.191805 0.765047
v -0.314896 -0.191123 0.765495
v -0.314416 -0.190384 0.765685
v -0.313883 -0.189662 0.765599
v -0.316440 -0.200865 0.725330
v -0.316927 -0.201530 0.725694
v -0.317367 -0.202043 0.726291
v -0.317716 -0.202354 0.727062
v -0.317940 -0.202431 0.727931
v -0.318017 -0.202269 0.728814
v -0.318017 -0.191144 0.763052
v -0.317940 -0.190757 0.763862
v -0.317716 -0.190183 0.764520
v -0.317367 -0.189479 0.764961
v -0.316927 -0.188713 0.765142
v -0.316440 -0.187960 0.765046
v -0.318967 -0.199400 0.724854
v -0.319405 -0.200094 0.725227
v -0.319801 -0.200632 0.725832
v -0.320115 -0.200963 0.726610
v -0.320316 -0.201054 0.727484
v -0.320386 -0.200896 0.728368
v -0.320386 -0.189771 0.762606
v -0.320316 -0.189379 0.763414
v -0.320115 -0.188792 0.764068
v -0.319801 -0.188068 0.764502
v -0.319405 -0.187276 0.764675
v -0.318967 -0.186496 0.764570
v -0.321458 -0.198159 0.724451
v -0.321845 -0.198879 0.724833
v -0.322194 -0.199440 0.725445
v -0.322471 -0.199789 0.726229
v -0.322649 -0.199892 0.727106
v -0.322710 -0.199738 0.727992
v -0.322710 -0.188613 0.762230
v -0.322649 -0.188217 0.763037
v -0.322471 -0.187619 0.763687
v -0.322194 -0.186876 0.764115
v -0.321845 -0.186061 0.764280
v -0.321458 -0.185255 0.764167
v -0.323910 -0.197128 0.724116
v -0.324243 -0.197870 0.724505
v -0.324543 -0.198452 0.725124
v -0.324782 -0.198818 0.725913
v -0.324935 -0.198931 0.726794
v -0.324987 -0.198780 0.727681
v -0.324987 -0.187655 0.761919
v -0.324935 -0.187256 0.762725
v -0.324782 -0.186647 0.763371
v -0.324543 -0.185888 0.763794
v -0.324243 -0.185053 0.763953
v -0.323910 -0.184224 0.763832
v -0.326317 -0.196293 0.723844
v -0.326594 -0.197054 0.724240
v -0.326844 -0.197654 0.724865
v -0.327042 -0.198033 0.725658
v -0.327170 -0.198155 0.726542
v -0.327214 -0.198007 0.727430
v -0.327214 -0.186883 0.761667
v -0.327170 -0.186480 0.762473
v -0.327042 -0.185862 0.763116
v -0.326844 -0.185089 0.763535
v -0.326594 -0.184237 0.763688
v -0.326317 -0.183388 0.763560
v -0.328673 -0.195640 0.723632
v -0.328894 -0.196417 0.724033
v -0.329093 -0.197031 0.724662
v -0.329251 -0.197422 0.725459
v -0.329352 -0.197551 0.726345
v -0.329387 -0.197406 0.727234
v -0.329387 -0.186281 0.761472
v -0.329352 -0.185876 0.762276
v -0.329251 -0.185251 0.762917
v -0.329093 -0.184466 0.763332
v -0.328894 -0.183600 0.763481
v -0.328673 -0.182736 0.763348
v -0.330975 -0.195157 0.723475
v -0.331139 -0.195946 0.723880
v -0.331287 -0.196570 0.724513
v -0.331404 -0.196969 0.725312
v -0.331480 -0.197104 0.726200
v -0.331506 -0.196960 0.727089
v -0.331506 -0.185836 0.761327
v -0.331480 -0.185429 0.762131
v -0.331404 -0.184798 0.762770
v -0.331287 -0.184005 0.763182
v -0.331139 -0.183128 0.763328
v -0.330975 -0.182252 0.763191
v -0.333217 -0.194828 0.723368
v -0.333325 -0.195625 0.723775
v -0.333422 -0.196257 0.724411
v -0.333499 -0.196662 0.725212
v -0.333549 -0.196800 0.726101
v -0.333566 -0.196658 0.726991
v -0.333566 -0.185534 0.761229
v -0.333549 -0.185126 0.762032
v -0.333499 -0.184491 0.762670
v -0.333422 -0.183692 0.763081
v -0.333325 -0.182808 0.763223
v -0.333217 -0.181924 0.763084
v -0.335393 -0.194641 0.723307
v -0.335447 -0.195443 0.723716
v -0.335495 -0.196079 0.724353
v -0.335533 -0.196487 0.725156
v -0.335557 -0.196628 0.726045
v -0.335566 -0.196486 0.726935
v -0.335566 -0.185362 0.761173
v -0.335557 -0.184953 0.761976
v -0.335533 -0.184316 0.762614
v -0.335495 -0.183514 0.763023
v -0.335447 -0.182625 0.763164
v -0.335393 -0.181736 0.763024
v -0.337500 -0.194582 0.723288
v -0.337494 -0.195385 0.723697
v -0.337488 -0.196023 0.724335
v -0.337483 -0.196432 0.725138
v -0.337480 -0.196573 0.726028
v -0.337479 -0.196433 0.726918
v -0.337479 -0.185308 0.761156
v -0.337480 -0.184899 0.761959
v -0.337483 -0.184261 0.762596
v -0.337488 -0.183458 0.763005
v -0.337494 -0.182568 0.763145
v -0.337500 -0.181677 0.763004
v -0.340265 -0.194698 0.723326
v -0.340185 -0.195498 0.723734
v -0.340112 -0.196133 0.724370
v -0.340055 -0.196540 0.725173
v -0.340018 -0.196680 0.726062
v -0.340005 -0.196538 0.726952
v -0.340005 -0.185414 0.761190
v -0.340018 -0.185005 0.761993
v -0.340055 -0.184369 0.762631
v -0.340112 -0.183568 0.763040
v -0.340185 -0.182680 0.763182
v -0.340265 -0.181793 0.763042
v -0.342878 -0.195038 0.723436
v -0.342713 -0.195828 0.723841
v -0.342565 -0.196452 0.724474
v -0.342448 -0.196852 0.725274
v -0.342373 -0.196987 0.726162
v -0.342347 -0.196844 0.727051
v -0.342347 -0.185719 0.761289
v -0.342373 -0.185312 0.762093
v -0.342448 -0.184681 0.762732
v -0.342565 -0.183888 0.763144
v -0.342713 -0.183010 0.763289
v -0.342878 -0.182134 0.763153
v -0.345322 -0.195593 0.723617
v -0.345070 -0.196362 0.724015
v -0.344842 -0.196969 0.724642
v -0.344662 -0.197354 0.725437
v -0.344546 -0.197480 0.726322
v -0.344506 -0.197334 0.727211
v -0.344506 -0.186209 0.761449
v -0.344546 -0.185805 0.762253
v -0.344662 -0.185183 0.762895
v -0.344842 -0.184405 0.763312
v -0.345070 -0.183545 0.763463
v -0.345322 -0.182688 0.763333
v -0.347580 -0.196351 0.723863
v -0.347236 -0.197089 0.724251
v -0.346926 -0.197668 0.724869
v -0.346680 -0.198032 0.725657
v -0.346522 -0.198143 0.726538
v -0.346468 -0.197992 0.727424
v -0.346468 -0.186867 0.761662
v -0.346522 -0.186468 0.762469
v -0.346680 -0.185861 0.763115
v -0.346926 -0.185104 0.763539
v -0.347236 -0.184272 0.763699
v -0.347580 -0.183446 0.763579
v -0.349636 -0.197301 0.724172
v -0.349198 -0.197996 0.724546
v -0.348802 -0.198536 0.725151
v -0.348489 -0.198868 0.725929
v -0.348287 -0.198959 0.726803
v -0.348218 -0.198801 0.727687
v -0.348218 -0.187676 0.761925
v -0.348287 -0.187284 0.762734
v -0.348489 -0.186697 0.763387
v -0.348802 -0.185971 0.763821
v -0.349198 -0.185179 0.763994
v -0.349636 -0.184397 0.763888
v -0.351473 -0.198433 0.724540
v -0.350939 -0.199069 0.724895
v -0.350457 -0.199556 0.725483
v -0.350075 -0.199846 0.726247
v -0.349829 -0.199910 0.727112
v -0.349745 -0.199742 0.727993
v -0.349745 -0.188618 0.762231
v -0.349829 -0.188235 0.763043
v -0.350075 -0.187675 0.763705
v -0.350457 -0.186991 0.764153
v -0.350939 -0.186252 0.764343
v -0.351473 -0.185529 0.764256
v -0.353073 -0.199737 0.724963
v -0.352445 -0.200297 0.725293
v -0.351879 -0.200714 0.725859
v -0.351430 -0.200949 0.726605
v -0.351142 -0.200979 0.727459
v -0.351042 -0.200799 0.728337
v -0.351042 -0.189675 0.762575
v -0.351142 -0.189304 0.763390
v -0.351430 -0.188779 0.764063
v -0.351879 -0.188150 0.764529
v -0.352445 -0.187479 0.764741
v -0.353073 -0.186832 0.764679
v -0.354420 -0.201201 0.725439
v -0.353705 -0.201666 0.725738
v -0.353061 -0.201998 0.726276
v -0.352549 -0.202165 0.727001
v -0.352220 -0.202151 0.727840
v -0.352107 -0.201957 0.728713
v -0.352107 -0.190832 0.762951
v -0.352220 -0.190476 0.763771
v -0.352549 -0.189995 0.764459
v -0.353061 -0.189434 0.764946
v -0.353705 -0.188848 0.765186
v -0.354420 -0.188296 0.765155
v -0.355497 -0.202815 0.725963
v -0.354708 -0.203167 0.726226
v -0.353995 -0.203398 0.726731
v -0.353430 -0.203485 0.727429
v -0.353067 -0.203419 0.728252
v -0.352942 -0.203207 0.729119
v -0.352942 -0.192082 0.763357
v -0.353067 -0.191744 0.764183
v -0.353430 -0.191314 0.764887
v -0.353995 -0.190834 0.765401
v -0.354708 -0.190350 0.765674
v -0.355497 -0.189910 0.765679
v -0.356288 -0.204568 0.726533
v -0.355441 -0.204794 0.726754
v -0.354677 -0.204911 0.727223
v -0.354071 -0.204907 0.727891
v -0.353682 -0.204783 0.728695
v -0.353547 -0.204550 0.729555
v -0.353547 -0.193426 0.763793
v -0.353682 -0.193108 0.764626
v -0.354071 -0.192736 0.765349
v -0.354677 -0.192346 0.765893
v -0.355441 -0.191976 0.766203
v -0.356288 -0.191663 0.766249
v -0.356774 -0.206449 0.727144
v -0.355893 -0.206541 0.727322
v -0.355097 -0.206536 0.727751
v -0.354466 -0.206436 0.728388
v -0.354061 -0.206250 0.729172
v -0.353922 -0.205997 0.730025
v -0.353922 -0.194872 0.764263
v -0.354061 -0.194576 0.765103
v -0.354466 -0.194266 0.765846
v -0.355097 -0.193972 0.766421
v -0.355893 -0.193723 0.766770
v -0.356774 -0.193544 0.766860
v -0.356940 -0.208448 0.727794
v -0.356043 -0.208357 0.727912
v -0.355234 -0.208188 0.728287
v -0.354593 -0.207957 0.728882
v -0.354180 -0.207687 0.729639
v -0.354038 -0.207404 0.730483
v -0.354038 -0.196280 0.764721
v -0.354180 -0.196012 0.765570
v -0.354593 -0.195786 0.766340
v -0.355234 -0.195623 0.766957
v -0.356043 -0.195540 0.767360
v -0.356940 -0.195543 0.767510
v -0.355895 -0.213615 0.729472
v -0.355052 -0.213258 0.729505
v -0.354292 -0.212849 0.729802
v -0.353688 -0.212428 0.730335
v -0.353301 -0.212036 0.731052
v -0.353168 -0.211711 0.731882
v -0.353168 -0.200586 0.766120
v -0.353301 -0.200361 0.766983
v -0.353688 -0.200257 0.767793
v -0.354292 -0.200284 0.768472
v -0.355052 -0.200441 0.768953
v -0.355895 -0.200710 0.769189
v -0.353007 -0.218043 0.730911
v -0.352312 -0.217458 0.730869
v -0.351686 -0.216844 0.731100
v -0.351188 -0.216260 0.731580
v -0.350869 -0.215763 0.732263
v -0.350759 -0.215403 0.733082
v -0.350759 -0.204278 0.767320
v -0.350869 -0.204089 0.768194
v -0.351188 -0.204089 0.769038
v -0.351686 -0.204279 0.769770
v -0.352312 -0.204641 0.770317
v -0.353007 -0.205138 0.770627
v -0.348643 -0.221940 0.732177
v -0.348083 -0.221235 0.732097
v -0.347578 -0.220513 0.732292
v -0.347177 -0.219842 0.732744
v -0.346920 -0.219291 0.733409
v -0.346831 -0.218911 0.734221
v -0.346831 -0.207786 0.768459
v -0.346920 -0.207616 0.769340
v -0.347177 -0.207672 0.770202
v -0.347578 -0.207948 0.770962
v -0.348083 -0.208418 0.771545
v -0.348643 -0.209035 0.771894
v -0.343173 -0.225516 0.733339
v -0.342695 -0.224758 0.733241
v -0.342264 -0.223987 0.733421
v -0.341922 -0.223278 0.733861
v -0.341702 -0.222702 0.734517
v -0.341627 -0.222314 0.735327
v -0.341627 -0.211189 0.769565
v -0.341702 -0.211027 0.770448
v -0.341922 -0.211108 0.771319
v -0.342264 -0.211422 0.772091
v -0.342695 -0.211941 0.772689
v -0.343173 -0.212612 0.773056
v -0.336966 -0.228981 0.734465
v -0.336521 -0.228205 0.734361
v -0.336119 -0.227417 0.734535
v -0.335800 -0.226696 0.734971
v -0.335595 -0.226111 0.735625
v -0.335524 -0.225720 0.736434
v -0.335524 -0.214595 0.770672
v -0.335595 -0.214436 0.771556
v -0.335800 -0.214525 0.772429
v -0.336119 -0.214853 0.773205
v -0.336521 -0.215387 0.773809
v -0.336966 -0.216076 0.774181
v -0.330390 -0.232543 0.735623
v -0.329936 -0.231772 0.735520
v -0.329526 -0.230989 0.735696
v -0.329200 -0.230271 0.736132
v -0.328991 -0.229688 0.736787
v -0.328919 -0.229298 0.737596
v -0.328919 -0.218173 0.771834
v -0.328991 -0.218013 0.772718
v -0.329200 -0.218100 0.773590
v -0.329526 -0.218424 0.774366
v -0.329936 -0.218954 0.774968
v -0.330390 -0.219639 0.775339
v -0.323814 -0.236412 0.736880
v -0.323314 -0.235667 0.736786
v -0.322862 -0.234909 0.736970
v -0.322504 -0.234210 0.737412
v -0.322274 -0.233640 0.738071
v -0.322195 -0.233254 0.738882
v -0.322195 -0.222129 0.773120
v -0.322274 -0.221965 0.774002
v -0.322504 -0.222039 0.774870
v -0.322862 -0.222344 0.775639
v -0.323314 -0.222850 0.776234
v -0.323814 -0.223507 0.776596
v -0.317607 -0.240797 0.738304
v -0.317027 -0.240108 0.738229
v -0.316504 -0.239400 0.738429
v -0.316089 -0.238742 0.738885
v -0.315822 -0.238197 0.739552
v -0.315730 -0.237820 0.740366
v -0.315730 -0.226696 0.774603
v -0.315822 -0.226523 0.775483
v -0.316089 -0.226571 0.776343
v -0.316504 -0.226836 0.777099
v -0.317027 -0.227291 0.777677
v -0.317607 -0.227892 0.778020
v -0.312137 -0.245907 0.739965
v -0.311452 -0.245317 0.739921
v -0.310834 -0.244697 0.740150
v -0.310344 -0.244109 0.740629
v -0.310029 -0.243610 0.741311
v -0.309920 -0.243248 0.742129
v -0.309920 -0.232123 0.776367
v -0.310029 -0.231935 0.777242
v -0.310344 -0.231938 0.778087
v -0.310834 -0.232132 0.778820
v -0.311452 -0.232499 0.779369
v -0.312137 -0.233002 0.779681
v -0.307773 -0.251951 0.741929
v -0.306980 -0.251511 0.741934
v -0.306264 -0.251027 0.742207
v -0.305696 -0.250547 0.742721
v -0.305331 -0.250117 0.743425
v -0.305205 -0.249779 0.744251
v -0.305205 -0.238654 0.778489
v -0.305331 -0.238442 0.779356
v -0.305696 -0.238376 0.780179
v -0.306264 -0.238463 0.780877
v -0.306980 -0.238694 0.781382
v -0.307773 -0.239046 0.781645
v -0.304885 -0.259139 0.744264
v -0.304014 -0.258892 0.744332
v -0.303228 -0.258583 0.744662
v -0.302604 -0.258240 0.745220
v -0.302204 -0.257899 0.745954
v -0.302066 -0.257592 0.746790
v -0.302066 -0.246467 0.781028
v -0.302204 -0.246224 0.781884
v -0.302604 -0.246069 0.782678
v -0.303228 -0.246018 0.783332
v -0.304014 -0.246075 0.783780
v -0.304885 -0.246234 0.783980
v -0.303840 -0.267680 0.747039
v -0.302947 -0.267614 0.747166
v -0.302141 -0.267467 0.747549
v -0.301502 -0.267255 0.748149
v -0.301091 -0.266996 0.748910
v -0.300949 -0.266718 0.749755
v -0.300949 -0.255593 0.783993
v -0.301091 -0.255322 0.784840
v -0.301502 -0.255084 0.785607
v -0.302141 -0.254903 0.786218
v -0.302947 -0.254797 0.786614
v -0.303840 -0.254775 0.786755
v -0.304138 -0.272151 0.748492
v -0.303254 -0.272216 0.748661
v -0.302456 -0.272188 0.749082
v -0.301823 -0.272069 0.749713
v -0.301416 -0.271871 0.750493
v -0.301276 -0.271613 0.751345
v -0.301276 -0.260488 0.785583
v -0.301416 -0.260196 0.786424
v -0.301823 -0.259898 0.787171
v -0.302456 -0.259623 0.787752
v -0.303254 -0.259399 0.788109
v -0.304138 -0.259246 0.788208
v -0.305012 -0.276386 0.749868
v -0.304150 -0.276561 0.750073
v -0.303372 -0.276631 0.750526
v -0.302755 -0.276591 0.751183
v -0.302359 -0.276443 0.751979
v -0.302223 -0.276203 0.752837
v -0.302223 -0.265078 0.787075
v -0.302359 -0.264768 0.787910
v -0.302755 -0.264420 0.788641
v -0.303372 -0.264067 0.789196
v -0.304150 -0.263743 0.789521
v -0.305012 -0.263481 0.789584
v -0.306428 -0.280356 0.751158
v -0.305604 -0.280639 0.751398
v -0.304861 -0.280806 0.751883
v -0.304272 -0.280843 0.752564
v -0.303893 -0.280745 0.753377
v -0.303763 -0.280521 0.754240
v -0.303763 -0.269397 0.788478
v -0.303893 -0.269070 0.789308
v -0.304272 -0.268672 0.790022
v -0.304861 -0.268242 0.790552
v -0.305604 -0.267821 0.790846
v -0.306428 -0.267451 0.790874
v -0.308353 -0.284032 0.752352
v -0.307584 -0.284417 0.752626
v -0.306890 -0.284678 0.753141
v -0.306339 -0.284788 0.753846
v -0.305985 -0.284737 0.754674
v -0.305863 -0.284530 0.755543
v -0.305863 -0.273406 0.789780
v -0.305985 -0.273063 0.790605
v -0.306339 -0.272617 0.791304
v -0.306890 -0.272113 0.791810
v -0.307584 -0.271600 0.792074
v -0.308353 -0.271127 0.792068
v -0.310757 -0.287384 0.753442
v -0.310056 -0.287865 0.753746
v -0.309423 -0.288212 0.754289
v -0.308921 -0.288390 0.755017
v -0.308599 -0.288383 0.755859
v -0.308488 -0.288191 0.756732
v -0.308488 -0.277067 0.790970
v -0.308599 -0.276709 0.791789
v -0.308921 -0.276219 0.792475
v -0.309423 -0.275647 0.792959
v -0.310056 -0.275048 0.793194
v -0.310757 -0.274480 0.793158
v -0.313605 -0.290384 0.754416
v -0.312985 -0.290950 0.754748
v -0.312425 -0.291374 0.755316
v -0.311981 -0.291614 0.756064
v -0.311696 -0.291646 0.756919
v -0.311598 -0.291467 0.757796
v -0.311598 -0.280343 0.792034
v -0.311696 -0.279971 0.792849
v -0.311981 -0.279443 0.793522
v -0.312425 -0.278809 0.793986
v -0.312985 -0.278133 0.794196
v -0.313605 -0.277479 0.794132
v -0.316866 -0.293002 0.755267
v -0.316337 -0.293642 0.755623
v -0.315860 -0.294132 0.756212
v -0.315482 -0.294424 0.756977
v -0.315239 -0.294490 0.757843
v -0.315155 -0.294323 0.758724
v -0.315155 -0.283199 0.792962
v -0.315239 -0.282816 0.793774
v -0.315482 -0.282253 0.794435
v -0.315860 -0.281567 0.794882
v -0.316337 -0.280824 0.795071
v -0.316866 -0.280098 0.794983
v -0.320507 -0.295210 0.755984
v -0.320078 -0.295910 0.756360
v -0.319691 -0.296454 0.756967
v -0.319384 -0.296790 0.757746
v -0.319186 -0.296884 0.758621
v -0.319118 -0.296726 0.759505
v -0.319118 -0.285602 0.793743
v -0.319186 -0.285209 0.794551
v -0.319384 -0.284619 0.795204
v -0.319691 -0.283890 0.795637
v -0.320078 -0.283092 0.795808
v -0.320507 -0.282305 0.795700
v -0.324495 -0.296977 0.756559
v -0.324171 -0.297724 0.756949
v -0.323879 -0.298311 0.757570
v -0.323647 -0.298680 0.758360
v -0.323498 -0.298795 0.759241
v -0.323447 -0.298645 0.760129
v -0.323447 -0.287520 0.794367
v -0.323498 -0.287120 0.795172
v -0.323647 -0.286509 0.795818
v -0.323879 -0.285746 0.796240
v -0.324171 -0.284907 0.796397
v -0.324495 -0.284073 0.796275
v -0.328798 -0.298276 0.756981
v -0.328583 -0.299055 0.757382
v -0.328388 -0.299671 0.758012
v -0.328233 -0.300064 0.758810
v -0.328134 -0.300194 0.759696
v -0.328100 -0.300049 0.760585
v -0.328100 -0.288924 0.794823
v -0.328134 -0.288519 0.795627
v -0.328233 -0.287893 0.796268
v -0.328388 -0.287107 0.796682
v -0.328583 -0.286238 0.796830
v -0.328798 -0.285372 0.796697
v -0.333384 -0.299077 0.757241
v -0.333277 -0.299875 0.757648
v -0.333180 -0.300508 0.758284
v -0.333104 -0.300914 0.759086
v -0.333054 -0.301053 0.759975
v -0.333038 -0.300911 0.760865
v -0.333038 -0.289786 0.795103
v -0.333054 -0.289378 0.795906
v -0.333104 -0.288743 0.796544
v -0.333180 -0.287943 0.796954
v -0.333277 -0.287058 0.797096
v -0.333384 -0.286172 0.796957
v -0.338220 -0.299350 0.757329
v -0.338204 -0.300153 0.757739
v -0.338189 -0.300791 0.758376
v -0.338178 -0.301201 0.759179
v -0.338170 -0.301342 0.760069
v -0.338168 -0.301201 0.760959
v -0.338168 -0.290076 0.795197
v -0.338170 -0.289667 0.796000
v -0.338178 -0.289030 0.796637
v -0.338189 -0.288227 0.797046
v -0.338204 -0.287336 0.797187
v -0.338220 -0.286445 0.797046
v -0.341499 -0.299278 0.757306
v -0.341541 -0.300081 0.757715
v -0.341578 -0.300717 0.758352
v -0.341609 -0.301126 0.759155
v -0.341628 -0.301266 0.760045
v -0.341634 -0.301125 0.760934
v -0.341634 -0.290001 0.795173
v -0.341628 -0.289592 0.795975
v -0.341609 -0.288955 0.796613
v -0.341578 -0.288152 0.797022
v -0.341541 -0.287263 0.797163
v -0.341499 -0.286374 0.797022
v -0.344679 -0.299062 0.757236
v -0.344765 -0.299861 0.757644
v -0.344843 -0.300495 0.758280
v -0.344905 -0.300902 0.759082
v -0.344945 -0.301041 0.759971
v -0.344958 -0.300899 0.760861
v -0.344958 -0.289775 0.795099
v -0.344945 -0.289366 0.795902
v -0.344905 -0.288731 0.796540
v -0.344843 -0.287931 0.796950
v -0.344765 -0.287044 0.797092
v -0.344679 -0.286158 0.796952
v -0.347769 -0.298700 0.757118
v -0.347901 -0.299494 0.757524
v -0.348021 -0.300123 0.758159
v -0.348116 -0.300525 0.758960
v -0.348177 -0.300662 0.759848
v -0.348198 -0.300519 0.760738
v -0.348198 -0.289395 0.794976
v -0.348177 -0.288987 0.795779
v -0.348116 -0.288354 0.796418
v -0.348021 -0.287558 0.796829
v -0.347901 -0.286676 0.796972
v -0.347769 -0.285796 0.796834
v -0.350773 -0.298190 0.756952
v -0.350954 -0.298975 0.757356
v -0.351118 -0.299597 0.757988
v -0.351247 -0.299993 0.758787
v -0.351331 -0.300126 0.759674
v -0.351359 -0.299983 0.760563
v -0.351359 -0.288858 0.794801
v -0.351331 -0.288452 0.795605
v -0.351247 -0.287823 0.796245
v -0.351118 -0.287032 0.796658
v -0.350954 -0.286158 0.796804
v -0.350773 -0.285285 0.796669
v -0.353701 -0.297530 0.756738
v -0.353931 -0.298304 0.757138
v -0.354139 -0.298916 0.757767
v -0.354304 -0.299304 0.758563
v -0.354409 -0.299432 0.759449
v -0.354446 -0.299287 0.760337
v -0.354446 -0.288162 0.794575
v -0.354409 -0.287757 0.795379
v -0.354304 -0.287133 0.796021
v -0.354139 -0.286351 0.796437
v -0.353931 -0.285487 0.796586
v -0.353701 -0.284625 0.796454
v -0.356558 -0.296718 0.756474
v -0.356837 -0.297478 0.756870
v -0.357089 -0.298077 0.757494
v -0.357289 -0.298456 0.758287
v -0.357418 -0.298577 0.759171
v -0.357462 -0.298430 0.760059
v -0.357462 -0.287305 0.794297
v -0.357418 -0.286903 0.795102
v -0.357289 -0.286285 0.795745
v -0.357089 -0.285513 0.796164
v -0.356837 -0.284661 0.796318
v -0.356558 -0.283813 0.796190
v -0.359351 -0.295753 0.756161
v -0.359679 -0.296497 0.756551
v -0.359975 -0.297080 0.757170
v -0.360210 -0.297447 0.757959
v -0.360361 -0.297561 0.758841
v -0.360413 -0.297410 0.759727
v -0.360413 -0.286286 0.793965
v -0.360361 -0.285886 0.794771
v -0.360210 -0.285276 0.795417
v -0.359975 -0.284516 0.795840
v -0.359679 -0.283679 0.795999
v -0.359351 -0.282848 0.795877
v -0.362087 -0.294633 0.755797
v -0.362462 -0.295357 0.756180
v -0.362800 -0.295923 0.756794
v -0.363069 -0.296276 0.757579
v -0.363242 -0.296381 0.758457
v -0.363301 -0.296228 0.759343
v -0.363301 -0.285103 0.793581
v -0.363242 -0.284707 0.794388
v -0.363069 -0.284105 0.795037
v -0.362800 -0.283359 0.795464
v -0.362462 -0.282540 0.795628
v -0.362087 -0.281728 0.795513
v -0.364773 -0.293356 0.755382
v -0.365193 -0.294059 0.755758
v -0.365572 -0.294606 0.756366
v -0.365872 -0.294943 0.757146
v -0.366066 -0.295039 0.758021
v -0.366132 -0.294882 0.758906
v -0.366132 -0.283757 0.793144
v -0.366066 -0.283364 0.793952
v -0.365872 -0.282773 0.794604
v -0.365572 -0.282041 0.795036
v -0.365193 -0.281241 0.795206
v -0.364773 -0.280451 0.795098
v -0.367416 -0.291920 0.754915
v -0.367878 -0.292600 0.755284
v -0.368295 -0.293127 0.755886
v -0.368625 -0.293448 0.756660
v -0.368838 -0.293533 0.757532
v -0.368911 -0.293372 0.758415
v -0.368911 -0.282248 0.792653
v -0.368838 -0.281858 0.793463
v -0.368625 -0.281277 0.794118
v -0.368295 -0.280562 0.794556
v -0.367878 -0.279783 0.794733
v -0.367416 -0.279015 0.794631
v -0.370023 -0.290324 0.754397
v -0.370523 -0.290980 0.754758
v -0.370975 -0.291485 0.755352
v -0.371333 -0.291790 0.756121
v -0.371563 -0.291863 0.756989
v -0.371643 -0.291699 0.757872
v -0.371643 -0.280575 0.792110
v -0.371563 -0.280189 0.792920
v -0.371333 -0.279619 0.793579
v -0.370975 -0.278921 0.794022
v -0.370523 -0.278163 0.794206
v -0.370023 -0.277419 0.794113
v -0.372600 -0.288565 0.753825
v -0.373490 -0.288956 0.754100
v -0.374293 -0.289221 0.754617
v -0.374930 -0.289336 0.755324
v -0.375339 -0.289287 0.756152
v -0.375480 -0.289081 0.757021
v -0.375480 -0.277956 0.791259
v -0.375339 -0.277613 0.792083
v -0.374930 -0.277165 0.792782
v -0.374293 -0.276657 0.793287
v -0.373490 -0.276139 0.793548
v -0.372600 -0.275661 0.793541
v -0.372600 -0.267337 0.746928
v -0.373490 -0.264947 0.746300
v -0.374293 -0.262704 0.746001
v -0.374930 -0.260828 0.746061
v -0.375339 -0.259501 0.746474
v -0.375480 -0.258854 0.747200
v -0.375480 -0.247730 0.781438
v -0.375339 -0.247826 0.782405
v -0.374930 -0.248657 0.783519
v -0.374293 -0.250140 0.784671
v -0.373490 -0.252130 0.785748
v -0.372600 -0.254433 0.786644
v -0.370302 -0.269973 0.747784
v -0.369634 -0.269369 0.747736
v -0.369032 -0.268737 0.747961
v -0.368554 -0.268139 0.748437
v -0.368247 -0.267634 0.749117
v -0.368141 -0.267270 0.749934
v -0.368141 -0.256145 0.784172
v -0.368247 -0.255959 0.785048
v -0.368554 -0.255968 0.785895
v -0.369032 -0.256173 0.786631
v -0.369634 -0.256551 0.787184
v -0.370302 -0.257068 0.787500
v -0.367913 -0.272397 0.748572
v -0.367283 -0.271755 0.748511
v -0.366715 -0.271089 0.748725
v -0.366264 -0.270463 0.749192
v -0.365974 -0.269940 0.749866
v -0.365874 -0.269570 0.750682
v -0.365874 -0.258445 0.784920
v -0.365974 -0.258265 0.785797
v -0.366264 -0.258292 0.786650
v -0.366715 -0.258524 0.787395
v -0.367283 -0.258938 0.787960
v -0.367913 -0.259493 0.788288
v -0.365437 -0.274608 0.749290
v -0.364849 -0.273928 0.749217
v -0.364319 -0.273227 0.749420
v -0.363899 -0.272574 0.749878
v -0.363629 -0.272034 0.750546
v -0.363536 -0.271658 0.751360
v -0.363536 -0.260533 0.785598
v -0.363629 -0.260359 0.786477
v -0.363899 -0.260403 0.787336
v -0.364319 -0.260662 0.788090
v -0.364849 -0.261110 0.788665
v -0.365437 -0.261703 0.789006
v -0.362880 -0.276601 0.749938
v -0.362340 -0.275884 0.749853
v -0.361853 -0.275150 0.750045
v -0.361467 -0.274471 0.750494
v -0.361218 -0.273913 0.751157
v -0.361133 -0.273531 0.751969
v -0.361133 -0.262407 0.786207
v -0.361218 -0.262238 0.787088
v -0.361467 -0.262300 0.787952
v -0.361853 -0.262585 0.788715
v -0.362340 -0.263066 0.789301
v -0.362880 -0.263696 0.789654
v -0.360248 -0.278373 0.750513
v -0.359761 -0.277620 0.750417
v -0.359321 -0.276854 0.750598
v -0.358972 -0.276150 0.751040
v -0.358748 -0.275576 0.751697
v -0.358671 -0.275189 0.752507
v -0.358671 -0.264064 0.786745
v -0.358748 -0.263901 0.787628
v -0.358972 -0.263979 0.788498
v -0.359321 -0.264290 0.789268
v -0.359761 -0.264803 0.789865
v -0.360248 -0.265468 0.790230
v -0.357548 -0.279920 0.751016
v -0.357118 -0.279134 0.750909
v -0.356730 -0.278339 0.751081
v -0.356422 -0.277611 0.751514
v -0.356225 -0.277022 0.752167
v -0.356157 -0.276629 0.752975
v -0.356157 -0.265505 0.787213
v -0.356225 -0.265347 0.788098
v -0.356422 -0.265440 0.788972
v -0.356730 -0.265774 0.789751
v -0.357118 -0.266317 0.790357
v -0.357548 -0.267015 0.790732
v -0.354783 -0.281239 0.751445
v -0.354416 -0.280424 0.751328
v -0.354085 -0.279601 0.751491
v -0.353822 -0.278852 0.751917
v -0.353653 -0.278249 0.752566
v -0.353595 -0.277851 0.753372
v -0.353595 -0.266727 0.787610
v -0.353653 -0.266574 0.788497
v -0.353822 -0.266681 0.789375
v -0.354085 -0.267036 0.790161
v -0.354416 -0.267606 0.790776
v -0.354783 -0.268334 0.791161
v -0.351960 -0.282326 0.751798
v -0.351660 -0.281485 0.751673
v -0.351390 -0.280639 0.751828
v -0.351175 -0.279871 0.752249
v -0.351037 -0.279256 0.752893
v -0.350990 -0.278855 0.753698
v -0.350990 -0.267730 0.787936
v -0.351037 -0.267581 0.788824
v -0.351175 -0.267700 0.789707
v -0.351390 -0.268074 0.790498
v -0.351660 -0.268667 0.791121
v -0.351960 -0.269422 0.791514
v -0.349085 -0.283178 0.752075
v -0.348856 -0.282316 0.751943
v -0.348650 -0.281450 0.752092
v -0.348486 -0.280667 0.752507
v -0.348381 -0.280043 0.753149
v -0.348345 -0.279638 0.753953
v -0.348345 -0.268514 0.788191
v -0.348381 -0.268368 0.789079
v -0.348486 -0.268497 0.789965
v -0.348650 -0.268886 0.790762
v -0.348856 -0.269498 0.791391
v -0.349085 -0.270273 0.791791
v -0.346163 -0.283791 0.752274
v -0.346008 -0.282913 0.752137
v -0.345869 -0.282034 0.752281
v -0.345759 -0.281239 0.752693
v -0.345688 -0.280608 0.753332
v -0.345664 -0.280201 0.754136
v -0.345664 -0.269076 0.788374
v -0.345688 -0.268933 0.789263
v -0.345759 -0.269068 0.790151
v -0.345869 -0.269469 0.790951
v -0.346008 -0.270095 0.791585
v -0.346163 -0.270886 0.791990
v -0.343199 -0.284161 0.752394
v -0.343122 -0.283274 0.752254
v -0.343052 -0.282386 0.752396
v -0.342996 -0.281585 0.752805
v -0.342961 -0.280949 0.753443
v -0.342948 -0.280540 0.754246
v -0.342948 -0.269415 0.788484
v -0.342961 -0.269274 0.789374
v -0.342996 -0.269414 0.790263
v -0.343052 -0.269821 0.791066
v -0.343122 -0.270456 0.791702
v -0.343199 -0.271257 0.792110
v -0.340200 -0.284285 0.752435
v -0.340204 -0.283394 0.752293
v -0.340208 -0.282503 0.752434
v -0.340211 -0.281700 0.752843
v -0.340213 -0.281062 0.753480
v -0.340214 -0.280653 0.754283
v -0.340214 -0.269529 0.788521
v -0.340213 -0.269388 0.789411
v -0.340211 -0.269529 0.790301
v -0.340208 -0.269939 0.791104
v -0.340204 -0.270577 0.791741
v -0.340200 -0.271381 0.792151
v -0.336933 -0.284120 0.752381
v -0.337031 -0.283234 0.752241
v -0.337119 -0.282347 0.752383
v -0.337189 -0.281547 0.752793
v -0.337234 -0.280911 0.753431
v -0.337249 -0.280503 0.754234
v -0.337249 -0.269378 0.788472
v -0.337234 -0.269237 0.789362
v -0.337189 -0.269376 0.790251
v -0.337119 -0.269782 0.791053
v -0.337031 -0.270416 0.791689
v -0.336933 -0.271215 0.792097
v -0.333970 -0.283646 0.752227
v -0.334170 -0.282777 0.752093
v -0.334351 -0.281905 0.752240
v -0.334494 -0.281116 0.752653
v -0.334587 -0.280489 0.753293
v -0.334618 -0.280083 0.754097
v -0.334618 -0.268958 0.788335
v -0.334587 -0.268814 0.789224
v -0.334494 -0.268946 0.790111
v -0.334351 -0.269340 0.790909
v -0.334170 -0.269959 0.791541
v -0.333970 -0.270742 0.791943
v -0.331307 -0.282900 0.751984
v -0.331613 -0.282059 0.751860
v -0.331888 -0.281214 0.752015
v -0.332107 -0.280447 0.752436
v -0.332247 -0.279833 0.753080
v -0.332296 -0.279431 0.753886
v -0.332296 -0.268307 0.788124
v -0.332247 -0.268158 0.789011
v -0.332107 -0.268276 0.789894
v -0.331888 -0.268650 0.790685
v -0.331613 -0.269242 0.791308
v -0.331307 -0.269995 0.791701
v -0.328940 -0.281914 0.751664
v -0.329350 -0.281117 0.751553
v -0.329720 -0.280311 0.751722
v -0.330014 -0.279575 0.752153
v -0.330202 -0.278981 0.752804
v -0.330267 -0.278587 0.753611
v -0.330267 -0.267462 0.787849
v -0.330202 -0.267306 0.788734
v -0.330014 -0.267404 0.789611
v -0.329720 -0.267747 0.790392
v -0.329350 -0.268300 0.791001
v -0.328940 -0.269009 0.791380
v -0.326866 -0.280724 0.751277
v -0.327376 -0.279985 0.751185
v -0.327836 -0.279230 0.751371
v -0.328202 -0.278535 0.751815
v -0.328436 -0.277968 0.752474
v -0.328517 -0.277582 0.753285
v -0.328517 -0.266458 0.787523
v -0.328436 -0.266293 0.788405
v -0.328202 -0.266365 0.789273
v -0.327836 -0.266666 0.790040
v -0.327376 -0.267167 0.790633
v -0.326866 -0.267819 0.790994
v -0.325080 -0.279364 0.750835
v -0.325683 -0.278695 0.750766
v -0.326227 -0.278004 0.750972
v -0.326658 -0.277360 0.751433
v -0.326935 -0.276824 0.752103
v -0.327031 -0.276450 0.752917
v -0.327031 -0.265326 0.787155
v -0.326935 -0.265150 0.788034
v -0.326658 -0.265189 0.788891
v -0.326227 -0.265440 0.789642
v -0.325683 -0.265877 0.790214
v -0.325080 -0.266459 0.790552
v -0.323579 -0.277868 0.750349
v -0.324264 -0.277281 0.750307
v -0.324883 -0.276664 0.750537
v -0.325373 -0.276079 0.751016
v -0.325688 -0.275581 0.751699
v -0.325796 -0.275220 0.752517
v -0.325796 -0.264095 0.786755
v -0.325688 -0.263906 0.787630
v -0.325373 -0.263908 0.788474
v -0.324883 -0.264100 0.789207
v -0.324264 -0.264464 0.789755
v -0.323579 -0.264963 0.790066
v -0.322360 -0.276271 0.749831
v -0.323115 -0.275776 0.749818
v -0.323797 -0.275243 0.750075
v -0.324337 -0.274722 0.750576
v -0.324684 -0.274267 0.751272
v -0.324804 -0.273920 0.752095
v -0.324804 -0.262796 0.786333
v -0.324684 -0.262592 0.787203
v -0.324337 -0.262552 0.788034
v -0.323797 -0.262678 0.788745
v -0.323115 -0.262959 0.789266
v -0.322360 -0.263367 0.789547
v -0.321418 -0.274608 0.749290
v -0.322230 -0.274213 0.749310
v -0.322963 -0.273770 0.749596
v -0.323545 -0.273322 0.750121
v -0.323918 -0.272913 0.750832
v -0.324046 -0.272583 0.751660
v -0.324046 -0.261458 0.785898
v -0.323918 -0.261238 0.786763
v -0.323545 -0.261152 0.787579
v -0.322963 -0.261206 0.788266
v -0.322230 -0.261396 0.788758
v -0.321418 -0.261703 0.789006
v -0.320750 -0.272912 0.748739
v -0.321605 -0.272627 0.748795
v -0.322376 -0.272282 0.749113
v -0.322989 -0.271912 0.749662
v -0.323382 -0.271552 0.750390
v -0.323517 -0.271239 0.751224
v -0.323517 -0.260114 0.785462
v -0.323382 -0.259878 0.786321
v -0.322989 -0.259741 0.787120
v -0.322376 -0.259717 0.787783
v -0.321605 -0.259809 0.788243
v -0.320750 -0.260008 0.788455
v -0.320352 -0.271219 0.748189
v -0.321234 -0.271051 0.748283
v -0.322031 -0.270811 0.748635
v -0.322663 -0.270525 0.749212
v -0.323068 -0.270220 0.749957
v -0.323208 -0.269925 0.750797
v -0.323208 -0.258800 0.785035
v -0.323068 -0.258545 0.785888
v -0.322663 -0.258354 0.786670
v -0.322031 -0.258247 0.787305
v -0.321234 -0.258233 0.787731
v -0.320352 -0.258315 0.787905
v -0.320220 -0.269563 0.747651
v -0.321116 -0.269562 0.747799
v -0.321924 -0.269474 0.748200
v -0.322566 -0.269307 0.748816
v -0.322977 -0.269079 0.749586
v -0.323119 -0.268810 0.750435
v -0.323119 -0.257686 0.784673
v -0.322977 -0.257404 0.785517
v -0.322566 -0.257136 0.786274
v -0.321924 -0.256909 0.786870
v -0.321116 -0.256744 0.787247
v -0.320220 -0.256658 0.787367
v -0.321265 -0.263945 0.745826
v -0.322115 -0.264190 0.746054
v -0.322882 -0.264324 0.746527
v -0.323491 -0.264334 0.747200
v -0.323881 -0.264218 0.748007
v -0.324016 -0.263989 0.748868
v -0.324016 -0.252864 0.783106
v -0.323881 -0.252544 0.783938
v -0.323491 -0.252163 0.784658
v -0.322882 -0.251759 0.785197
v -0.322115 -0.251373 0.785502
v -0.321265 -0.251040 0.785542
v -0.324153 -0.259043 0.744233
v -0.324875 -0.259506 0.744531
v -0.325526 -0.259836 0.745069
v -0.326043 -0.260002 0.745793
v -0.326375 -0.259986 0.746632
v -0.326489 -0.259791 0.747504
v -0.326489 -0.248667 0.781742
v -0.326375 -0.248312 0.782563
v -0.326043 -0.247831 0.783251
v -0.325526 -0.247271 0.783739
v -0.324875 -0.246688 0.783979
v -0.324153 -0.246138 0.783949
v -0.328517 -0.254680 0.742815
v -0.329114 -0.255268 0.743154
v -0.329653 -0.255710 0.743728
v -0.330080 -0.255965 0.744481
v -0.330355 -0.256007 0.745339
v -0.330450 -0.255832 0.746218
v -0.330450 -0.244707 0.780456
v -0.330355 -0.244333 0.781270
v -0.330080 -0.243794 0.781939
v -0.329653 -0.243146 0.782398
v -0.329114 -0.242450 0.782602
v -0.328517 -0.241776 0.782531
v -0.333987 -0.250681 0.741516
v -0.334500 -0.251330 0.741875
v -0.334963 -0.251828 0.742467
v -0.335331 -0.252127 0.743234
v -0.335567 -0.252197 0.744101
v -0.335648 -0.252032 0.744983
v -0.335648 -0.240907 0.779221
v -0.335567 -0.240522 0.780032
v -0.335331 -0.239956 0.780692
v -0.334963 -0.239263 0.781137
v -0.334500 -0.238513 0.781323
v -0.333987 -0.237777 0.781232
v -0.340194 -0.246870 0.740278
v -0.340667 -0.247544 0.740645
v -0.341093 -0.248065 0.741244
v -0.341431 -0.248382 0.742017
v -0.341648 -0.248463 0.742888
v -0.341723 -0.248302 0.743771
v -0.341723 -0.237177 0.778009
v -0.341648 -0.236789 0.778819
v -0.341431 -0.236211 0.779475
v -0.341093 -0.235500 0.779914
v -0.340667 -0.234727 0.780093
v -0.340194 -0.233966 0.779994
v -0.346770 -0.243071 0.739043
v -0.347239 -0.243747 0.739411
v -0.347663 -0.244269 0.740011
v -0.347999 -0.244587 0.740784
v -0.348214 -0.244670 0.741655
v -0.348289 -0.244509 0.742539
v -0.348289 -0.233384 0.776777
v -0.348214 -0.232995 0.777586
v -0.347999 -0.232417 0.778242
v -0.347663 -0.231705 0.778681
v -0.347239 -0.230930 0.778859
v -0.346770 -0.230167 0.778759
v -0.353346 -0.239108 0.737756
v -0.353847 -0.239765 0.738117
v -0.354299 -0.240270 0.738712
v -0.354657 -0.240574 0.739480
v -0.354888 -0.240648 0.740349
v -0.354967 -0.240484 0.741231
v -0.354967 -0.229359 0.775469
v -0.354888 -0.228974 0.776279
v -0.354657 -0.228404 0.776938
v -0.354299 -0.227705 0.777381
v -0.353847 -0.226947 0.777565
v -0.353346 -0.226204 0.777472
v -0.359553 -0.234805 0.736358
v -0.360120 -0.235416 0.736704
v -0.360631 -0.235880 0.737285
v -0.361036 -0.236152 0.738043
v -0.361297 -0.236205 0.738905
v -0.361387 -0.236034 0.739785
v -0.361387 -0.224909 0.774023
v -0.361297 -0.224530 0.774836
v -0.361036 -0.223981 0.775501
v -0.360631 -0.223316 0.775955
v -0.360120 -0.222599 0.776152
v -0.359553 -0.221900 0.776074
v -0.365023 -0.229986 0.734792
v -0.365686 -0.230512 0.735111
v -0.366285 -0.230899 0.735667
v -0.366759 -0.231110 0.736405
v -0.367064 -0.231124 0.737254
v -0.367169 -0.230939 0.738130
v -0.367169 -0.219814 0.772368
v -0.367064 -0.219449 0.773185
v -0.366759 -0.218939 0.773863
v -0.366285 -0.218335 0.774337
v -0.365686 -0.217694 0.774559
v -0.365023 -0.217081 0.774508
v -0.369387 -0.224475 0.733001
v -0.370162 -0.224859 0.733274
v -0.370861 -0.225119 0.733789
v -0.371416 -0.225229 0.734494
v -0.371772 -0.225177 0.735322
v -0.371895 -0.224970 0.736190
v -0.371895 -0.213846 0.770428
v -0.371772 -0.213503 0.771253
v -0.371416 -0.213058 0.771952
v -0.370861 -0.212555 0.772459
v -0.370162 -0.212042 0.772722
v -0.369387 -0.211570 0.772717
v -0.372275 -0.218096 0.730928
v -0.373141 -0.218280 0.731137
v -0.373922 -0.218359 0.731592
v -0.374542 -0.218326 0.732251
v -0.374940 -0.218182 0.733049
v -0.375077 -0.217943 0.733907
v -0.375077 -0.206819 0.768145
v -0.374940 -0.206508 0.768980
v -0.374542 -0.206155 0.769709
v -0.373922 -0.205795 0.770262
v -0.373141 -0.205463 0.770585
v -0.372275 -0.205192 0.770645
v -0.373320 -0.210674 0.728517
v -0.374214 -0.210660 0.728661
v -0.375020 -0.210561 0.729058
v -0.375660 -0.210385 0.729671
v -0.376071 -0.210151 0.730439
v -0.376212 -0.209881 0.731287
v -0.376212 -0.198756 0.765525
v -0.376071 -0.198476 0.766370
v -0.375660 -0.198214 0.767129
v -0.375020 -0.197996 0.767728
v -0.374214 -0.197842 0.768109
v -0.373320 -0.197769 0.768233
v -0.373017 -0.206069 0.727021
v -0.373901 -0.205916 0.727119
v -0.374699 -0.205691 0.727476
v -0.375332 -0.205416 0.728057
v -0.375739 -0.205118 0.728804
v -0.375879 -0.204826 0.729645
v -0.375879 -0.193701 0.763883
v -0.375739 -0.193444 0.764735
v -0.375332 -0.193246 0.765515
v -0.374699 -0.193127 0.766146
v -0.373901 -0.193099 0.766567
v -0.373017 -0.193164 0.766737
v -0.372123 -0.201768 0.725623
v -0.372983 -0.201501 0.725685
v -0.373760 -0.201174 0.726009
v -0.374376 -0.200818 0.726563
v -0.374772 -0.200467 0.727293
v -0.374909 -0.200157 0.728128
v -0.374909 -0.189033 0.762366
v -0.374772 -0.188793 0.763224
v -0.374376 -0.188647 0.764021
v -0.373760 -0.188610 0.764678
v -0.372983 -0.188684 0.765133
v -0.372123 -0.188863 0.765339
v -0.370662 -0.197789 0.724330
v -0.371481 -0.197408 0.724355
v -0.372220 -0.196977 0.724645
v -0.372806 -0.196538 0.725172
v -0.373182 -0.196135 0.725885
v -0.373312 -0.195807 0.726714
v -0.373312 -0.184682 0.760952
v -0.373182 -0.184460 0.761816
v -0.372806 -0.184367 0.762630
v -0.372220 -0.184412 0.763315
v -0.371481 -0.184590 0.763803
v -0.370662 -0.184884 0.764046
v -0.368660 -0.194150 0.723148
v -0.369418 -0.193659 0.723136
v -0.370101 -0.193128 0.723394
v -0.370644 -0.192610 0.723896
v -0.370992 -0.192155 0.724592
v -0.371112 -0.191809 0.725416
v -0.371112 -0.180685 0.759654
v -0.370992 -0.180481 0.760523
v -0.370644 -0.180439 0.761354
v -0.370101 -0.180563 0.762064
v -0.369418 -0.180841 0.762584
v -0.368660 -0.181246 0.762864
v -0.366140 -0.190871 0.722083
v -0.366820 -0.190278 0.722038
v -0.367433 -0.189655 0.722266
v -0.367920 -0.189064 0.722744
v -0.368232 -0.188563 0.723425
v -0.368340 -0.188201 0.724243
v -0.368340 -0.177077 0.758481
v -0.368232 -0.176889 0.759356
v -0.367920 -0.176893 0.760202
v -0.367433 -0.177090 0.760936
v -0.366820 -0.177460 0.761486
v -0.366140 -0.177967 0.761799
v -0.363128 -0.187969 0.721140
v -0.363716 -0.187288 0.721066
v -0.364246 -0.186586 0.721268
v -0.364668 -0.185932 0.721726
v -0.364938 -0.185391 0.722394
v -0.365031 -0.185014 0.723208
v -0.365031 -0.173890 0.757446
v -0.364938 -0.173716 0.758325
v -0.364668 -0.173761 0.759184
v -0.364246 -0.174021 0.759938
v -0.363716 -0.174470 0.760514
v -0.363128 -0.175065 0.760856
v -0.359646 -0.185463 0.720325
v -0.360134 -0.184710 0.720229
v -0.360575 -0.183943 0.720410
v -0.360924 -0.183238 0.720851
v -0.361149 -0.182663 0.721508
v -0.361226 -0.182276 0.722318
v -0.361226 -0.171151 0.756556
v -0.361149 -0.170989 0.757439
v -0.360924 -0.171067 0.758309
v -0.360575 -0.171378 0.759080
v -0.360134 -0.171892 0.759677
v -0.359646 -0.172559 0.760042
v -0.355720 -0.183372 0.719646
v -0.356105 -0.182563 0.719531
v -0.356452 -0.181746 0.719696
v -0.356728 -0.181002 0.720124
v -0.356904 -0.180402 0.720773
v -0.356965 -0.180006 0.721580
v -0.356965 -0.168881 0.755818
v -0.356904 -0.168727 0.756704
v -0.356728 -0.168831 0.757582
v -0.356452 -0.169182 0.758366
v -0.356105 -0.169746 0.758979
v -0.355720 -0.170467 0.759362
v -0.351374 -0.181713 0.719107
v -0.351656 -0.180865 0.718980
v -0.351910 -0.180013 0.719133
v -0.352112 -0.179240 0.719552
v -0.352242 -0.178622 0.720195
v -0.352286 -0.178220 0.721000
v -0.352286 -0.167095 0.755238
v -0.352242 -0.166948 0.756126
v -0.352112 -0.167069 0.757010
v -0.351910 -0.167448 0.757803
v -0.351656 -0.168048 0.758428
v -0.351374 -0.168808 0.758823
v -0.346633 -0.180505 0.718714
v -0.346815 -0.179632 0.718579
v -0.346980 -0.178757 0.718725
v -0.347110 -0.177966 0.719138
v -0.347194 -0.177336 0.719777
v -0.347223 -0.176930 0.720581
v -0.347223 -0.165805 0.754819
v -0.347194 -0.165662 0.755708
v -0.347110 -0.165795 0.756596
v -0.346980 -0.166192 0.757395
v -0.346815 -0.166814 0.758027
v -0.346633 -0.167601 0.758431
v -0.341520 -0.179767 0.718475
v -0.341608 -0.178880 0.718335
v -0.341688 -0.177993 0.718476
v -0.341751 -0.177192 0.718886
v -0.341792 -0.176557 0.719524
v -0.341806 -0.176148 0.720327
v -0.341806 -0.165023 0.754565
v -0.341792 -0.164882 0.755455
v -0.341751 -0.165021 0.756344
v -0.341688 -0.165428 0.757146
v -0.341608 -0.166063 0.757783
v -0.341520 -0.166862 0.758191
v -0.336060 -0.179517 0.718393
v -0.336070 -0.178626 0.718252
v -0.336079 -0.177736 0.718393
v -0.336086 -0.176933 0.718802
v -0.336091 -0.176295 0.719439
v -0.336093 -0.175886 0.720242
v -0.336093 -0.164762 0.754480
v -0.336091 -0.164621 0.755370
v -0.336086 -0.164762 0.756260
v -0.336079 -0.165171 0.757063
v -0.336070 -0.165809 0.757700
v -0.336060 -0.166612 0.758109
v -0.333721 -0.179574 0.718412
v -0.333675 -0.178685 0.718271
v -0.333634 -0.177796 0.718412
v -0.333601 -0.176993 0.718822
v -0.333580 -0.176357 0.719459
v -0.333573 -0.175948 0.720262
v -0.333573 -0.164823 0.754500
v -0.333580 -0.164682 0.755390
v -0.333601 -0.164823 0.756280
v -0.333634 -0.165231 0.757082
v -0.333675 -0.165867 0.757719
v -0.333721 -0.166669 0.758128
v -0.331383 -0.179745 0.718467
v -0.331292 -0.178859 0.718328
v -0.331210 -0.177973 0.718470
v -0.331145 -0.177173 0.718880
v -0.331103 -0.176538 0.719518
v -0.331089 -0.176130 0.720321
v -0.331089 -0.165005 0.754559
v -0.331103 -0.164863 0.755449
v -0.331145 -0.165002 0.756338
v -0.331210 -0.165408 0.757140
v -0.331292 -0.166042 0.757776
v -0.331383 -0.166841 0.758184
v -0.329051 -0.180030 0.718560
v -0.328915 -0.179150 0.718422
v -0.328793 -0.178269 0.718566
v -0.328695 -0.177473 0.718978
v -0.328633 -0.176840 0.719616
v -0.328611 -0.176433 0.720419
v -0.328611 -0.165308 0.754657
v -0.328633 -0.165166 0.755547
v -0.328695 -0.165302 0.756435
v -0.328793 -0.165704 0.757236
v -0.328915 -0.166333 0.757870
v -0.329051 -0.167126 0.758276
v -0.326727 -0.180430 0.718690
v -0.326546 -0.179557 0.718555
v -0.326384 -0.178683 0.718701
v -0.326255 -0.177892 0.719114
v -0.326172 -0.177263 0.719754
v -0.326143 -0.176857 0.720557
v -0.326143 -0.165732 0.754795
v -0.326172 -0.165589 0.755684
v -0.326255 -0.165722 0.756572
v -0.326384 -0.166118 0.757371
v -0.326546 -0.166740 0.758003
v -0.326727 -0.167525 0.758406
v -0.324412 -0.180943 0.718857
v -0.324188 -0.180080 0.718725
v -0.323986 -0.179215 0.718874
v -0.323826 -0.178431 0.719289
v -0.323723 -0.177806 0.719930
v -0.323688 -0.177402 0.720734
v -0.323688 -0.166277 0.754972
v -0.323723 -0.166132 0.755861
v -0.323826 -0.166260 0.756747
v -0.323986 -0.166650 0.757543
v -0.324188 -0.167263 0.758173
v -0.324412 -0.168039 0.758573
v -0.322110 -0.181571 0.719061
v -0.321844 -0.180720 0.718932
v -0.321603 -0.179865 0.719085
v -0.321413 -0.179089 0.719503
v -0.321290 -0.178470 0.720146
v -0.321248 -0.178067 0.720950
v -0.321248 -0.166942 0.755188
v -0.321290 -0.166795 0.756076
v -0.321413 -0.166918 0.756961
v -0.321603 -0.167300 0.757755
v -0.321844 -0.167902 0.758380
v -0.322110 -0.168667 0.758777
v -0.319823 -0.182313 0.719302
v -0.319515 -0.181475 0.719178
v -0.319237 -0.180632 0.719334
v -0.319017 -0.179866 0.719755
v -0.318876 -0.179253 0.720400
v -0.318827 -0.178852 0.721206
v -0.318827 -0.167728 0.755444
v -0.318876 -0.167578 0.756331
v -0.319017 -0.167695 0.757213
v -0.319237 -0.168067 0.758004
v -0.319515 -0.168658 0.758626
v -0.319823 -0.169408 0.759018
v -0.317553 -0.183169 0.719580
v -0.317205 -0.182346 0.719461
v -0.316892 -0.181517 0.719621
v -0.316642 -0.180762 0.720046
v -0.316482 -0.180156 0.720693
v -0.316427 -0.179757 0.721500
v -0.316427 -0.168633 0.755738
v -0.316482 -0.168481 0.756624
v -0.316642 -0.168591 0.757504
v -0.316892 -0.168952 0.758291
v -0.317205 -0.169529 0.758909
v -0.317553 -0.170264 0.759296
v -0.315304 -0.184139 0.719895
v -0.314917 -0.183333 0.719781
v -0.314568 -0.182519 0.719947
v -0.314291 -0.181776 0.720376
v -0.314114 -0.181177 0.721025
v -0.314052 -0.180781 0.721832
v -0.314052 -0.169657 0.756070
v -0.314114 -0.169502 0.756956
v -0.314291 -0.169605 0.757833
v -0.314568 -0.169954 0.758617
v -0.314917 -0.170515 0.759229
v -0.315304 -0.171234 0.759611
v -0.313077 -0.185223 0.720247
v -0.312653 -0.184435 0.720140
v -0.312270 -0.183637 0.720310
v -0.311967 -0.182907 0.720743
v -0.311772 -0.182317 0.721396
v -0.311705 -0.181924 0.722204
v -0.311705 -0.170800 0.756442
v -0.311772 -0.170642 0.757326
v -0.311967 -0.170737 0.758201
v -0.312270 -0.171073 0.758980
v -0.312653 -0.171618 0.759588
v -0.313077 -0.172319 0.759964
v -0.310875 -0.186422 0.720637
v -0.310415 -0.185653 0.720535
v -0.310000 -0.184873 0.720712
v -0.309671 -0.184157 0.721149
v -0.309460 -0.183575 0.721804
v -0.309387 -0.183185 0.722614
v -0.309387 -0.172061 0.756852
v -0.309460 -0.171901 0.757735
v -0.309671 -0.171986 0.758607
v -0.310000 -0.172308 0.759382
v -0.310415 -0.172836 0.759983
v -0.310875 -0.173517 0.760353
v -0.308700 -0.187734 0.721063
v -0.307810 -0.187225 0.721046
v -0.307007 -0.186679 0.721299
v -0.306370 -0.186149 0.721796
v -0.305961 -0.185687 0.722491
v -0.305820 -0.185338 0.723313
v -0.305820 -0.174214 0.757551
v -0.305961 -0.174012 0.758421
v -0.306370 -0.173978 0.759254
v -0.307007 -0.174114 0.759969
v -0.307810 -0.174408 0.760494
v -0.308700 -0.174829 0.760779
v -0.308700 -0.206736 0.727237
v -0.307810 -0.208587 0.727987
v -0.307007 -0.210170 0.728932
v -0.306370 -0.211330 0.729978
v -0.305961 -0.211953 0.731025
v -0.305820 -0.211978 0.731969
v -0.305820 -0.200853 0.766207
v -0.305961 -0.200278 0.766956
v -0.306370 -0.199159 0.767436
v -0.307007 -0.197606 0.767601
v -0.307810 -0.195770 0.767435
v -0.308700 -0.193832 0.766954
v -0.196020 -0.297809 0.756829
v -0.196594 -0.298612 0.757238
v -0.197112 -0.299249 0.757875
v -0.197523 -0.299658 0.758678
v -0.197787 -0.299799 0.759568
v -0.197878 -0.299658 0.760458
v -0.197878 -0.288534 0.794696
v -0.197787 -0.288125 0.795499
v -0.197523 -0.287488 0.796136
v -0.197112 -0.286685 0.796545
v -0.196594 -0.285795 0.796686
v -0.196020 -0.284905 0.796545
v -0.212400 -0.263400 0.745649
v -0.212974 -0.264203 0.746058
v -0.213492 -0.264840 0.746695
v -0.213903 -0.265249 0.747498
v -0.214167 -0.265390 0.748388
v -0.214258 -0.265249 0.749278
v -0.214258 -0.254125 0.783516
v -0.214167 -0.253715 0.784319
v -0.213903 -0.253078 0.784956
v -0.213492 -0.252275 0.785365
v -0.212974 -0.251386 0.785506
v -0.212400 -0.250496 0.785365
v -0.264600 -0.263400 0.745649
v -0.264013 -0.264203 0.746058
v -0.263483 -0.264840 0.746695
v -0.263063 -0.265249 0.747498
v -0.262793 -0.265390 0.748388
v -0.262700 -0.265249 0.749278
v -0.262700 -0.254125 0.783516
v -0.262793 -0.253715 0.784319
v -0.263063 -0.253078 0.784956
v -0.263483 -0.252275 0.785365
v -0.264013 -0.251386 0.785506
v -0.264600 -0.250496 0.785365
v -0.280080 -0.297809 0.756829
v -0.279493 -0.298612 0.757238
v -0.278963 -0.299249 0.757875
v -0.278543 -0.299658 0.758678
v -0.278273 -0.299799 0.759568
v -0.278180 -0.299658 0.760458
v -0.278180 -0.288534 0.794696
v -0.278273 -0.288125 0.795499
v -0.278543 -0.287488 0.796136
v -0.278963 -0.286685 0.796545
v -0.279493 -0.285795 0.796686
v -0.280080 -0.284905 0.796545
v -0.298080 -0.297809 0.756829
v -0.299428 -0.298612 0.757238
v -0.300644 -0.299249 0.757875
v -0.301609 -0.299658 0.758678
v -0.302228 -0.299799 0.759568
v -0.302442 -0.299658 0.760458
v -0.302442 -0.288534 0.794696
v -0.302228 -0.288125 0.795499
v -0.301609 -0.287488 0.796136
v -0.300644 -0.286685 0.796545
v -0.299428 -0.285795 0.796686
v -0.298080 -0.284905 0.796545
v -0.245340 -0.180373 0.718671
v -0.245928 -0.179483 0.718530
v -0.246458 -0.178593 0.718671
v -0.246878 -0.177790 0.719081
v -0.247149 -0.177153 0.719718
v -0.247242 -0.176744 0.720520
v -0.247242 -0.165619 0.754759
v -0.247149 -0.165478 0.755648
v -0.246878 -0.165619 0.756539
v -0.246458 -0.166028 0.757341
v -0.245928 -0.166665 0.757978
v -0.245340 -0.167468 0.758388
v -0.232920 -0.180373 0.718671
v -0.232342 -0.179483 0.718530
v -0.231820 -0.178593 0.718671
v -0.231406 -0.177790 0.719081
v -0.231140 -0.177153 0.719718
v -0.231049 -0.176744 0.720520
v -0.231049 -0.165619 0.754759
v -0.231140 -0.165478 0.755648
v -0.231406 -0.165619 0.756539
v -0.231820 -0.166028 0.757341
v -0.232342 -0.166665 0.757978
v -0.232920 -0.167468 0.758388
v -0.178020 -0.297809 0.756829
v -0.176650 -0.298612 0.757238
v -0.175415 -0.299249 0.757875
v -0.174434 -0.299658 0.758678
v -0.173805 -0.299799 0.759568
v -0.173588 -0.299658 0.760458
v -0.173588 -0.288534 0.794696
v -0.173805 -0.288125 0.795499
v -0.174434 -0.287488 0.796136
v -0.175415 -0.286685 0.796545
v -0.176650 -0.285795 0.796686
v -0.178020 -0.284905 0.796545
v -0.219600 -0.248335 0.740754
v -0.220971 -0.247445 0.740613
v -0.222207 -0.246555 0.740754
v -0.223188 -0.245753 0.741163
v -0.223818 -0.245115 0.741800
v -0.224035 -0.244706 0.742603
v -0.224035 -0.233582 0.776841
v -0.223818 -0.233441 0.777731
v -0.223188 -0.233582 0.778621
v -0.222207 -0.233991 0.779424
v -0.220971 -0.234628 0.780061
v -0.219600 -0.235431 0.780470
v -0.239400 -0.206051 0.727015
v -0.239369 -0.208154 0.727846
v -0.239341 -0.209964 0.728865
v -0.239319 -0.211304 0.729970
v -0.239305 -0.212043 0.731054
v -0.239300 -0.212107 0.732011
v -0.239300 -0.200983 0.766249
v -0.239305 -0.200368 0.766985
v -0.239319 -0.199133 0.767428
v -0.239341 -0.197400 0.767534
v -0.239369 -0.195337 0.767294
v -0.239400 -0.193147 0.766731
v -0.257760 -0.248335 0.740754
v -0.256430 -0.247445 0.740613
v -0.255230 -0.246555 0.740754
v -0.254277 -0.245753 0.741163
v -0.253666 -0.245115 0.741800
v -0.253455 -0.244706 0.742603
v -0.253455 -0.233582 0.776841
v -0.253666 -0.233441 0.777731
v -0.254277 -0.233582 0.778621
v -0.255230 -0.233991 0.779424
v -0.256430 -0.234628 0.780061
v -0.257760 -0.235431 0.780470
v -0.120677 -0.181365 0.718994
v -0.120584 -0.180478 0.718854
v -0.120499 -0.179591 0.718996
v -0.120432 -0.178791 0.719406
v -0.120389 -0.178155 0.720043
v -0.120374 -0.177747 0.720846
v -0.120374 -0.166622 0.755084
v -0.120389 -0.166481 0.755974
v -0.120432 -0.166620 0.756864
v -0.120499 -0.167027 0.757666
v -0.120584 -0.167661 0.758302
v -0.120677 -0.168460 0.758710
v -0.114874 -0.182259 0.719284
v -0.114678 -0.181388 0.719150
v -0.114501 -0.180516 0.719296
v -0.114361 -0.179727 0.719710
v -0.114271 -0.179098 0.720350
v -0.114239 -0.178692 0.721154
v -0.114239 -0.167568 0.755392
v -0.114271 -0.167424 0.756281
v -0.114361 -0.167556 0.757168
v -0.114501 -0.167951 0.757966
v -0.114678 -0.168571 0.758598
v -0.114874 -0.169355 0.759000
v -0.109662 -0.183700 0.719753
v -0.109357 -0.182860 0.719628
v -0.109081 -0.182015 0.719783
v -0.108862 -0.181247 0.720204
v -0.108722 -0.180633 0.720848
v -0.108673 -0.180231 0.721654
v -0.108673 -0.169107 0.755892
v -0.108722 -0.168958 0.756779
v -0.108862 -0.169076 0.757662
v -0.109081 -0.169450 0.758453
v -0.109357 -0.170042 0.759076
v -0.109662 -0.170796 0.759469
v -0.105033 -0.185648 0.720385
v -0.104615 -0.184855 0.720276
v -0.104238 -0.184052 0.720445
v -0.103938 -0.183319 0.720877
v -0.103746 -0.182726 0.721529
v -0.103680 -0.182333 0.722336
v -0.103680 -0.171208 0.756574
v -0.103746 -0.171052 0.757459
v -0.103938 -0.171148 0.758335
v -0.104238 -0.171488 0.759115
v -0.104615 -0.172038 0.759724
v -0.105033 -0.172743 0.760102
v -0.100980 -0.188062 0.721170
v -0.100451 -0.187334 0.721082
v -0.099974 -0.186591 0.721270
v -0.099596 -0.185904 0.721717
v -0.099353 -0.185342 0.722378
v -0.099269 -0.184958 0.723190
v -0.099269 -0.173834 0.757428
v -0.099353 -0.173667 0.758309
v -0.099596 -0.173733 0.759175
v -0.099974 -0.174026 0.759940
v -0.100451 -0.174517 0.760530
v -0.100980 -0.175157 0.760886
v -0.097493 -0.190901 0.722092
v -0.096863 -0.190256 0.722031
v -0.096295 -0.189587 0.722244
v -0.095844 -0.188959 0.722710
v -0.095554 -0.188435 0.723383
v -0.095455 -0.188065 0.724199
v -0.095455 -0.176940 0.758437
v -0.095554 -0.176760 0.759314
v -0.095844 -0.176789 0.760168
v -0.096295 -0.177022 0.760914
v -0.096863 -0.177439 0.761479
v -0.097493 -0.177997 0.761808
v -0.094564 -0.194126 0.723140
v -0.093848 -0.193576 0.723110
v -0.093201 -0.192993 0.723350
v -0.092688 -0.192434 0.723839
v -0.092359 -0.191954 0.724527
v -0.092245 -0.191599 0.725347
v -0.092245 -0.180474 0.759585
v -0.092359 -0.180279 0.760458
v -0.092688 -0.180263 0.761297
v -0.093201 -0.180429 0.762020
v -0.093848 -0.180759 0.762558
v -0.094564 -0.181221 0.762856
v -0.092187 -0.197695 0.724300
v -0.091401 -0.197249 0.724303
v -0.090693 -0.196759 0.724574
v -0.090130 -0.196275 0.725087
v -0.089769 -0.195842 0.725790
v -0.089645 -0.195503 0.726616
v -0.089645 -0.184378 0.760854
v -0.089769 -0.184167 0.761721
v -0.090130 -0.184104 0.762544
v -0.090693 -0.184195 0.763244
v -0.091401 -0.184431 0.763751
v -0.092187 -0.184790 0.764016
v -0.090352 -0.201568 0.725558
v -0.089516 -0.201228 0.725596
v -0.088762 -0.200835 0.725898
v -0.088164 -0.200426 0.726435
v -0.087780 -0.200041 0.727154
v -0.087647 -0.199719 0.727986
v -0.087647 -0.188595 0.762224
v -0.087780 -0.188367 0.763085
v -0.088164 -0.188255 0.763893
v -0.088762 -0.188270 0.764568
v -0.089516 -0.188411 0.765044
v -0.090352 -0.188664 0.765274
v -0.089051 -0.205706 0.726903
v -0.088182 -0.205470 0.726974
v -0.087399 -0.205170 0.727307
v -0.086777 -0.204835 0.727868
v -0.086378 -0.204499 0.728603
v -0.086241 -0.204193 0.729439
v -0.086241 -0.193068 0.763677
v -0.086378 -0.192824 0.764534
v -0.086777 -0.192664 0.765326
v -0.087399 -0.192605 0.765977
v -0.088182 -0.192652 0.766422
v -0.089051 -0.192801 0.766619
v -0.088276 -0.210067 0.728320
v -0.087390 -0.209930 0.728423
v -0.086591 -0.209719 0.728785
v -0.085957 -0.209455 0.729369
v -0.085550 -0.209164 0.730119
v -0.085409 -0.208874 0.730960
v -0.085409 -0.197750 0.765198
v -0.085550 -0.197490 0.766050
v -0.085957 -0.197284 0.766827
v -0.086591 -0.197154 0.767455
v -0.087390 -0.197112 0.767871
v -0.088276 -0.197162 0.768036
v -0.088020 -0.214611 0.729796
v -0.087129 -0.214569 0.729931
v -0.086325 -0.214444 0.730320
v -0.085686 -0.214248 0.730927
v -0.085277 -0.214001 0.731690
v -0.085136 -0.213726 0.732537
v -0.085136 -0.202602 0.766775
v -0.085277 -0.202326 0.767621
v -0.085686 -0.202077 0.768384
v -0.086325 -0.201879 0.768990
v -0.087129 -0.201752 0.769379
v -0.088020 -0.201706 0.769512
v -0.088291 -0.219102 0.731255
v -0.087406 -0.219159 0.731422
v -0.086607 -0.219123 0.731840
v -0.085974 -0.218998 0.732470
v -0.085567 -0.218796 0.733248
v -0.085426 -0.218537 0.734100
v -0.085426 -0.207412 0.768338
v -0.085567 -0.207121 0.769179
v -0.085974 -0.206827 0.769928
v -0.086607 -0.206558 0.770510
v -0.087406 -0.206342 0.770870
v -0.088291 -0.206198 0.770971
v -0.089112 -0.223393 0.732650
v -0.088247 -0.223556 0.732851
v -0.087466 -0.223616 0.733300
v -0.086847 -0.223568 0.733954
v -0.086449 -0.223414 0.734749
v -0.086312 -0.223172 0.735606
v -0.086312 -0.212048 0.769844
v -0.086449 -0.211740 0.770680
v -0.086847 -0.211397 0.771412
v -0.087466 -0.211052 0.771970
v -0.088247 -0.210739 0.772299
v -0.089112 -0.210489 0.772366
v -0.090489 -0.227447 0.733967
v -0.089662 -0.227722 0.734204
v -0.088916 -0.227882 0.734686
v -0.088323 -0.227912 0.735366
v -0.087943 -0.227810 0.736177
v -0.087812 -0.227585 0.737040
v -0.087812 -0.216461 0.771278
v -0.087943 -0.216135 0.772108
v -0.088323 -0.215741 0.772824
v -0.088916 -0.215317 0.773356
v -0.089662 -0.214904 0.773652
v -0.090489 -0.214543 0.773683
v -0.092433 -0.231229 0.735196
v -0.091663 -0.231614 0.735469
v -0.090968 -0.231874 0.735984
v -0.090417 -0.231984 0.736689
v -0.090063 -0.231933 0.737517
v -0.089941 -0.231726 0.738385
v -0.089941 -0.220601 0.772623
v -0.090063 -0.220258 0.773448
v -0.090417 -0.219813 0.774147
v -0.090968 -0.219310 0.774653
v -0.091663 -0.218797 0.774917
v -0.092433 -0.218324 0.774912
v -0.094952 -0.234701 0.736324
v -0.094258 -0.235192 0.736631
v -0.093632 -0.235547 0.737177
v -0.093136 -0.235732 0.737907
v -0.092817 -0.235730 0.738750
v -0.092707 -0.235539 0.739624
v -0.092707 -0.224415 0.773862
v -0.092817 -0.224055 0.774681
v -0.093136 -0.223561 0.775365
v -0.093632 -0.222982 0.775847
v -0.094258 -0.222374 0.776079
v -0.094952 -0.221797 0.776040
v -0.098055 -0.237829 0.737340
v -0.097454 -0.238413 0.737678
v -0.096912 -0.238852 0.738251
v -0.096482 -0.239105 0.739003
v -0.096205 -0.239145 0.739860
v -0.096110 -0.238969 0.740739
v -0.096110 -0.227845 0.774977
v -0.096205 -0.227470 0.775791
v -0.096482 -0.226934 0.776461
v -0.096912 -0.226288 0.776921
v -0.097454 -0.225595 0.777126
v -0.098055 -0.224924 0.777056
v -0.101750 -0.240574 0.738232
v -0.101253 -0.241235 0.738595
v -0.100805 -0.241745 0.739191
v -0.100450 -0.242053 0.739961
v -0.100221 -0.242129 0.740830
v -0.100143 -0.241965 0.741712
v -0.100143 -0.230841 0.775950
v -0.100221 -0.230454 0.776760
v -0.100450 -0.229882 0.777419
v -0.100805 -0.229180 0.777861
v -0.101253 -0.228418 0.778043
v -0.101750 -0.227669 0.777948
v -0.106047 -0.242902 0.738988
v -0.105659 -0.243622 0.739371
v -0.105309 -0.244185 0.739984
v -0.105031 -0.244535 0.740767
v -0.104853 -0.244638 0.741645
v -0.104792 -0.244484 0.742531
v -0.104792 -0.233359 0.776769
v -0.104853 -0.232963 0.777576
v -0.105031 -0.232364 0.778225
v -0.105309 -0.231620 0.778653
v -0.105659 -0.230805 0.778819
v -0.106047 -0.229997 0.778704
v -0.110953 -0.244775 0.739597
v -0.110673 -0.245537 0.739993
v -0.110420 -0.246137 0.740618
v -0.110220 -0.246516 0.741411
v -0.110091 -0.246638 0.742295
v -0.110047 -0.246491 0.743183
v -0.110047 -0.235366 0.777421
v -0.110091 -0.234963 0.778226
v -0.110220 -0.234345 0.778869
v -0.110420 -0.233572 0.779288
v -0.110673 -0.232719 0.779441
v -0.110953 -0.231871 0.779313
v -0.116478 -0.246158 0.740046
v -0.116300 -0.246945 0.740450
v -0.116139 -0.247568 0.741083
v -0.116012 -0.247966 0.741882
v -0.115930 -0.248100 0.742770
v -0.115901 -0.247956 0.743659
v -0.115901 -0.236832 0.777897
v -0.115930 -0.236425 0.778701
v -0.116012 -0.235795 0.779340
v -0.116139 -0.235004 0.779753
v -0.116300 -0.234128 0.779898
v -0.116478 -0.233254 0.779763
v -0.122631 -0.247015 0.740325
v -0.122546 -0.247815 0.740733
v -0.122470 -0.248449 0.741369
v -0.122409 -0.248856 0.742171
v -0.122370 -0.248996 0.743061
v -0.122356 -0.248855 0.743951
v -0.122356 -0.237730 0.778189
v -0.122370 -0.237321 0.778992
v -0.122409 -0.236686 0.779629
v -0.122470 -0.235885 0.780039
v -0.122546 -0.234997 0.780181
v -0.122631 -0.234110 0.780041
v -0.129420 -0.247308 0.740420
v -0.129400 -0.248111 0.740829
v -0.129382 -0.248748 0.741466
v -0.129367 -0.249157 0.742269
v -0.129358 -0.249298 0.743159
v -0.129355 -0.249157 0.744049
v -0.129355 -0.238033 0.778287
v -0.129358 -0.237624 0.779090
v -0.129367 -0.236986 0.779727
v -0.129382 -0.236184 0.780136
v -0.129400 -0.235294 0.780277
v -0.129420 -0.234404 0.780136
v -0.147780 -0.247308 0.740420
v -0.146890 -0.248111 0.740829
v -0.146087 -0.248748 0.741466
v -0.145450 -0.249157 0.742269
v -0.145041 -0.249298 0.743159
v -0.144900 -0.249157 0.744049
v -0.144900 -0.238033 0.778287
v -0.145041 -0.237624 0.779090
v -0.145450 -0.236986 0.779727
v -0.146087 -0.236184 0.780136
v -0.146890 -0.235294 0.780277
v -0.147780 -0.234404 0.780136
v -0.147780 -0.297809 0.756829
v -0.146890 -0.298612 0.757238
v -0.146087 -0.299249 0.757875
v -0.145450 -0.299658 0.758678
v -0.145041 -0.299799 0.759568
v -0.144900 -0.299658 0.760458
v -0.144900 -0.288534 0.794696
v -0.145041 -0.288125 0.795499
v -0.145450 -0.287488 0.796136
v -0.146087 -0.286685 0.796545
v -0.146890 -0.285795 0.796686
v -0.147780 -0.284905 0.796545
v -0.165420 -0.297809 0.756829
v -0.166310 -0.298612 0.757238
v -0.167113 -0.299249 0.757875
v -0.167750 -0.299658 0.758678
v -0.168159 -0.299799 0.759568
v -0.168300 -0.299658 0.760458
v -0.168300 -0.288534 0.794696
v -0.168159 -0.288125 0.795499
v -0.167750 -0.287488 0.796136
v -0.167113 -0.286685 0.796545
v -0.166310 -0.285795 0.796686
v -0.165420 -0.284905 0.796545
v -0.165420 -0.181058 0.718894
v -0.166310 -0.180168 0.718753
v -0.167113 -0.179278 0.718894
v -0.167750 -0.178475 0.719303
v -0.168159 -0.177838 0.719940
v -0.168300 -0.177429 0.720743
v -0.168300 -0.166304 0.754981
v -0.168159 -0.166163 0.755871
v -0.167750 -0.166304 0.756761
v -0.167113 -0.166713 0.757564
v -0.166310 -0.167350 0.758201
v -0.165420 -0.168153 0.758610
v -0.127080 -0.181058 0.718894
v -0.127058 -0.180168 0.718753
v -0.127037 -0.179278 0.718894
v -0.127021 -0.178475 0.719303
v -0.127011 -0.177838 0.719940
v -0.127007 -0.177429 0.720743
v -0.127007 -0.166304 0.754981
v -0.127011 -0.166163 0.755871
v -0.127021 -0.166304 0.756761
v -0.127037 -0.166713 0.757564
v -0.127058 -0.167350 0.758201
v -0.127080 -0.168153 0.758610
v -0.127800 -0.232243 0.735525
v -0.127820 -0.231354 0.735384
v -0.127839 -0.230464 0.735525
v -0.127853 -0.229661 0.735934
v -0.127862 -0.229024 0.736571
v -0.127866 -0.228614 0.737374
v -0.127866 -0.217490 0.771612
v -0.127862 -0.217349 0.772502
v -0.127853 -0.217490 0.773392
v -0.127839 -0.217899 0.774195
v -0.127820 -0.218536 0.774832
v -0.127800 -0.219339 0.775241
v -0.124615 -0.232105 0.735480
v -0.124699 -0.231218 0.735340
v -0.124775 -0.230331 0.735482
v -0.124835 -0.229530 0.735892
v -0.124874 -0.228894 0.736529
v -0.124887 -0.228485 0.737332
v -0.124887 -0.217361 0.771570
v -0.124874 -0.217219 0.772460
v -0.124835 -0.217359 0.773350
v -0.124775 -0.217766 0.774152
v -0.124699 -0.218401 0.774788
v -0.124615 -0.219201 0.775196
v -0.121638 -0.231695 0.735347
v -0.121813 -0.230820 0.735211
v -0.121971 -0.229944 0.735357
v -0.122097 -0.229152 0.735769
v -0.122178 -0.228522 0.736409
v -0.122206 -0.228116 0.737212
v -0.122206 -0.216991 0.771450
v -0.122178 -0.216848 0.772339
v -0.122097 -0.216982 0.773227
v -0.121971 -0.217380 0.774026
v -0.121813 -0.218003 0.774659
v -0.121638 -0.218790 0.775063
v -0.118882 -0.231018 0.735127
v -0.119156 -0.230168 0.734999
v -0.119403 -0.229314 0.735152
v -0.119599 -0.228539 0.735570
v -0.119725 -0.227920 0.736213
v -0.119769 -0.227517 0.737018
v -0.119769 -0.216393 0.771256
v -0.119725 -0.216246 0.772144
v -0.119599 -0.216368 0.773028
v -0.119403 -0.216749 0.773822
v -0.119156 -0.217351 0.774447
v -0.118882 -0.218114 0.774843
v -0.116360 -0.230081 0.734823
v -0.116738 -0.229270 0.734707
v -0.117080 -0.228450 0.734871
v -0.117350 -0.227703 0.735298
v -0.117524 -0.227102 0.735947
v -0.117584 -0.226706 0.736754
v -0.117584 -0.215581 0.770992
v -0.117524 -0.215428 0.771878
v -0.117350 -0.215533 0.772756
v -0.117080 -0.215886 0.773541
v -0.116738 -0.216452 0.774155
v -0.116360 -0.217177 0.774539
v -0.114086 -0.228890 0.734436
v -0.114571 -0.228134 0.734338
v -0.115008 -0.227365 0.734518
v -0.115355 -0.226658 0.734959
v -0.115577 -0.226082 0.735616
v -0.115654 -0.225694 0.736426
v -0.115654 -0.214570 0.770664
v -0.115577 -0.214408 0.771547
v -0.115355 -0.214487 0.772417
v -0.115008 -0.214800 0.773188
v -0.114571 -0.215317 0.773786
v -0.114086 -0.215985 0.774152
v -0.112073 -0.227450 0.733968
v -0.112660 -0.226768 0.733894
v -0.113191 -0.226066 0.734096
v -0.113612 -0.225412 0.734554
v -0.113882 -0.224870 0.735222
v -0.113975 -0.224494 0.736035
v -0.113975 -0.213369 0.770273
v -0.113882 -0.213195 0.771153
v -0.113612 -0.213241 0.772012
v -0.113191 -0.213501 0.772766
v -0.112660 -0.213951 0.773342
v -0.112073 -0.214546 0.773684
v -0.110333 -0.225768 0.733421
v -0.111015 -0.225177 0.733377
v -0.111631 -0.224557 0.733606
v -0.112119 -0.223968 0.734085
v -0.112433 -0.223469 0.734767
v -0.112541 -0.223107 0.735585
v -0.112541 -0.211982 0.769823
v -0.112433 -0.211794 0.770697
v -0.112119 -0.211797 0.771543
v -0.111631 -0.211992 0.772276
v -0.111015 -0.212360 0.772825
v -0.110333 -0.212863 0.773137
v -0.108880 -0.223849 0.732798
v -0.109642 -0.223363 0.732788
v -0.110329 -0.222838 0.733047
v -0.110875 -0.222324 0.733551
v -0.111225 -0.221873 0.734248
v -0.111346 -0.221528 0.735072
v -0.111346 -0.210403 0.769310
v -0.111225 -0.210198 0.770179
v -0.110875 -0.210154 0.771009
v -0.110329 -0.210273 0.771717
v -0.109642 -0.210546 0.772236
v -0.108880 -0.210944 0.772514
v -0.107727 -0.221699 0.732099
v -0.108550 -0.221327 0.732126
v -0.109292 -0.220904 0.732419
v -0.109881 -0.220471 0.732948
v -0.110259 -0.220072 0.733663
v -0.110389 -0.219745 0.734492
v -0.110389 -0.208620 0.768730
v -0.110259 -0.208397 0.769594
v -0.109881 -0.208300 0.770406
v -0.109292 -0.208339 0.771089
v -0.108550 -0.208509 0.771574
v -0.107727 -0.208795 0.771815
v -0.106888 -0.219325 0.731328
v -0.107751 -0.219067 0.731392
v -0.108529 -0.218747 0.731718
v -0.109147 -0.218397 0.732275
v -0.109544 -0.218051 0.733006
v -0.109681 -0.217742 0.733841
v -0.109681 -0.206617 0.768080
v -0.109544 -0.206376 0.768937
v -0.109147 -0.206226 0.769733
v -0.108529 -0.206183 0.770388
v -0.107751 -0.206250 0.770840
v -0.106888 -0.206420 0.771044
v -0.106374 -0.216732 0.730485
v -0.107259 -0.216585 0.730586
v -0.108058 -0.216365 0.730944
v -0.108691 -0.216094 0.731526
v -0.109098 -0.215798 0.732274
v -0.109238 -0.215507 0.733115
v -0.109238 -0.204382 0.767353
v -0.109098 -0.204123 0.768205
v -0.108691 -0.203923 0.768984
v -0.108058 -0.203800 0.769614
v -0.107259 -0.203767 0.770034
v -0.106374 -0.203827 0.770201
v -0.106200 -0.213926 0.729574
v -0.107091 -0.213877 0.729706
v -0.107895 -0.213746 0.730093
v -0.108533 -0.213545 0.730698
v -0.108943 -0.213295 0.731461
v -0.109084 -0.213019 0.732307
v -0.109084 -0.201894 0.766545
v -0.108943 -0.201620 0.767392
v -0.108533 -0.201375 0.768156
v -0.107895 -0.201181 0.768763
v -0.107091 -0.201060 0.769154
v -0.106200 -0.201022 0.769290
v -0.106305 -0.211778 0.728876
v -0.107192 -0.211815 0.729036
v -0.107992 -0.211762 0.729449
v -0.108627 -0.211623 0.730074
v -0.109035 -0.211412 0.730849
v -0.109175 -0.211150 0.731700
v -0.109175 -0.200025 0.765938
v -0.109035 -0.199738 0.766780
v -0.108627 -0.199452 0.767532
v -0.107992 -0.199197 0.768119
v -0.107192 -0.198998 0.768484
v -0.106305 -0.198873 0.768592
v -0.106634 -0.209635 0.728179
v -0.107508 -0.209760 0.728368
v -0.108296 -0.209786 0.728807
v -0.108921 -0.209709 0.729452
v -0.109323 -0.209538 0.730240
v -0.109461 -0.209290 0.731095
v -0.109461 -0.198166 0.765333
v -0.109323 -0.197864 0.766171
v -0.108921 -0.197538 0.766910
v -0.108296 -0.197221 0.767476
v -0.107508 -0.196943 0.767816
v -0.106634 -0.196731 0.767896
v -0.107210 -0.207533 0.727496
v -0.108057 -0.207753 0.727716
v -0.108822 -0.207864 0.728182
v -0.109429 -0.207856 0.728850
v -0.109818 -0.207729 0.729652
v -0.109952 -0.207496 0.730512
v -0.109952 -0.196371 0.764750
v -0.109818 -0.196054 0.765583
v -0.109429 -0.195685 0.766307
v -0.108822 -0.195300 0.766852
v -0.108057 -0.194936 0.767164
v -0.107210 -0.194629 0.767213
v -0.108053 -0.205506 0.726838
v -0.108859 -0.205827 0.727090
v -0.109585 -0.206030 0.727586
v -0.110162 -0.206094 0.728277
v -0.110532 -0.206014 0.729095
v -0.110659 -0.205797 0.729960
v -0.110659 -0.194672 0.764198
v -0.110532 -0.194339 0.765026
v -0.110162 -0.193924 0.765735
v -0.109585 -0.193465 0.766256
v -0.108859 -0.193010 0.766538
v -0.108053 -0.192602 0.766554
v -0.109187 -0.203588 0.726215
v -0.109931 -0.204014 0.726501
v -0.110601 -0.204311 0.727028
v -0.111134 -0.204450 0.727743
v -0.111476 -0.204417 0.728576
v -0.111593 -0.204217 0.729447
v -0.111593 -0.193092 0.763685
v -0.111476 -0.192743 0.764507
v -0.111134 -0.192279 0.765201
v -0.110601 -0.191746 0.765698
v -0.109931 -0.191197 0.765949
v -0.109187 -0.190684 0.765931
v -0.110633 -0.201814 0.725638
v -0.111294 -0.202341 0.725958
v -0.111890 -0.202730 0.726514
v -0.112363 -0.202941 0.727253
v -0.112667 -0.202956 0.728101
v -0.112772 -0.202771 0.728977
v -0.112772 -0.191646 0.763215
v -0.112667 -0.191281 0.764032
v -0.112363 -0.190771 0.764711
v -0.111890 -0.190165 0.765184
v -0.111294 -0.189524 0.765406
v -0.110633 -0.188910 0.765354
v -0.112412 -0.200219 0.725120
v -0.112971 -0.200837 0.725469
v -0.113476 -0.201308 0.726052
v -0.113876 -0.201585 0.726812
v -0.114133 -0.201641 0.727674
v -0.114222 -0.201471 0.728555
v -0.114222 -0.190346 0.762793
v -0.114133 -0.189966 0.763605
v -0.113876 -0.189414 0.764270
v -0.113476 -0.188743 0.764722
v -0.112971 -0.188020 0.764917
v -0.112412 -0.187314 0.764836
v -0.114547 -0.198836 0.724670
v -0.114991 -0.199529 0.725044
v -0.115391 -0.200067 0.725649
v -0.115709 -0.200397 0.726426
v -0.115914 -0.200487 0.727300
v -0.115984 -0.200329 0.728184
v -0.115984 -0.189204 0.762422
v -0.115914 -0.188813 0.763230
v -0.115709 -0.188226 0.763884
v -0.115391 -0.187502 0.764319
v -0.114991 -0.186711 0.764492
v -0.114547 -0.185931 0.764387
v -0.117059 -0.197701 0.724302
v -0.117383 -0.198448 0.724693
v -0.117675 -0.199035 0.725313
v -0.117907 -0.199404 0.726103
v -0.118056 -0.199519 0.726985
v -0.118107 -0.199370 0.727872
v -0.118107 -0.188245 0.762110
v -0.118056 -0.187845 0.762916
v -0.117907 -0.187233 0.763561
v -0.117675 -0.186470 0.763983
v -0.117383 -0.185630 0.764141
v -0.117059 -0.184796 0.764018
v -0.119971 -0.196847 0.724024
v -0.120177 -0.197628 0.724426
v -0.120363 -0.198246 0.725057
v -0.120511 -0.198640 0.725855
v -0.120606 -0.198772 0.726742
v -0.120639 -0.198627 0.727631
v -0.120639 -0.187503 0.761869
v -0.120606 -0.187097 0.762673
v -0.120511 -0.186469 0.763313
v -0.120363 -0.185682 0.763727
v -0.120177 -0.184811 0.763874
v -0.119971 -0.183942 0.763740
v -0.123304 -0.196309 0.723849
v -0.123402 -0.197108 0.724257
v -0.123490 -0.197742 0.724893
v -0.123560 -0.198149 0.725695
v -0.123605 -0.198288 0.726585
v -0.123621 -0.198146 0.727475
v -0.123621 -0.187022 0.761713
v -0.123605 -0.186613 0.762516
v -0.123560 -0.185978 0.763153
v -0.123490 -0.185178 0.763563
v -0.123402 -0.184291 0.763705
v -0.123304 -0.183405 0.763566
v -0.127080 -0.196122 0.723789
v -0.127103 -0.196925 0.724198
v -0.127124 -0.197562 0.724835
v -0.127141 -0.197971 0.725638
v -0.127151 -0.198112 0.726528
v -0.127155 -0.197971 0.727418
v -0.127155 -0.186847 0.761656
v -0.127151 -0.186438 0.762459
v -0.127141 -0.185801 0.763096
v -0.127124 -0.184998 0.763505
v -0.127103 -0.184108 0.763646
v -0.127080 -0.183218 0.763505
v -0.147780 -0.196122 0.723789
v -0.146890 -0.196925 0.724198
v -0.146087 -0.197562 0.724835
v -0.145450 -0.197971 0.725638
v -0.145041 -0.198112 0.726528
v -0.144900 -0.197971 0.727418
v -0.144900 -0.186847 0.761656
v -0.145041 -0.186438 0.762459
v -0.145450 -0.185801 0.763096
v -0.146087 -0.184998 0.763505
v -0.146890 -0.184108 0.763646
v -0.147780 -0.183218 0.763505
v -0.147780 -0.232243 0.735525
v -0.146890 -0.231354 0.735384
v -0.146087 -0.230464 0.735525
v -0.145450 -0.229661 0.735934
v -0.145041 -0.229024 0.736571
v -0.144900 -0.228614 0.737374
v -0.144900 -0.217490 0.771612
v -0.145041 -0.217349 0.772502
v -0.145450 -0.217490 0.773392
v -0.146087 -0.217899 0.774195
v -0.146890 -0.218536 0.774832
v -0.147780 -0.219339 0.775241
v -0.028877 -0.181365 0.718994
v -0.028784 -0.180478 0.718854
v -0.028699 -0.179591 0.718996
v -0.028632 -0.178791 0.719406
v -0.028588 -0.178155 0.720043
v -0.028574 -0.177747 0.720846
v -0.028574 -0.166622 0.755084
v -0.028588 -0.166481 0.755974
v -0.028632 -0.166620 0.756864
v -0.028699 -0.167027 0.757666
v -0.028784 -0.167661 0.758302
v -0.028877 -0.168460 0.758710
v -0.023074 -0.182259 0.719284
v -0.022878 -0.181388 0.719150
v -0.022701 -0.180516 0.719296
v -0.022561 -0.179727 0.719710
v -0.022470 -0.179098 0.720350
v -0.022439 -0.178692 0.721154
v -0.022439 -0.167568 0.755392
v -0.022470 -0.167424 0.756281
v -0.022561 -0.167556 0.757168
v -0.022701 -0.167951 0.757966
v -0.022878 -0.168571 0.758598
v -0.023074 -0.169355 0.759000
v -0.017862 -0.183700 0.719753
v -0.017557 -0.182860 0.719628
v -0.017281 -0.182015 0.719783
v -0.017062 -0.181247 0.720204
v -0.016922 -0.180633 0.720848
v -0.016873 -0.180231 0.721654
v -0.016873 -0.169107 0.755892
v -0.016922 -0.168958 0.756779
v -0.017062 -0.169076 0.757662
v -0.017281 -0.169450 0.758453
v -0.017557 -0.170042 0.759076
v -0.017862 -0.170796 0.759469
v -0.013233 -0.185648 0.720385
v -0.012815 -0.184855 0.720276
v -0.012438 -0.184052 0.720445
v -0.012138 -0.183319 0.720877
v -0.011946 -0.182726 0.721529
v -0.011880 -0.182333 0.722336
v -0.011880 -0.171208 0.756574
v -0.011946 -0.171052 0.757459
v -0.012138 -0.171148 0.758335
v -0.012438 -0.171488 0.759115
v -0.012815 -0.172038 0.759724
v -0.013233 -0.172743 0.760102
v -0.009179 -0.188062 0.721170
v -0.008651 -0.187334 0.721082
v -0.008174 -0.186591 0.721270
v -0.007796 -0.185904 0.721717
v -0.007553 -0.185342 0.722378
v -0.007469 -0.184958 0.723190
v -0.007469 -0.173834 0.757428
v -0.007553 -0.173667 0.758309
v -0.007796 -0.173733 0.759175
v -0.008174 -0.174026 0.759940
v -0.008651 -0.174517 0.760530
v -0.009179 -0.175157 0.760886
v -0.005693 -0.190901 0.722092
v -0.005063 -0.190256 0.722031
v -0.004495 -0.189587 0.722244
v -0.004044 -0.188959 0.722710
v -0.003754 -0.188435 0.723383
v -0.003655 -0.188065 0.724199
v -0.003655 -0.176940 0.758437
v -0.003754 -0.176760 0.759314
v -0.004044 -0.176789 0.760168
v -0.004495 -0.177022 0.760914
v -0.005063 -0.177439 0.761479
v -0.005693 -0.177997 0.761808
v -0.002764 -0.194126 0.723140
v -0.002048 -0.193576 0.723110
v -0.001401 -0.192993 0.723350
v -0.000888 -0.192434 0.723839
v -0.000559 -0.191954 0.724527
v -0.000445 -0.191599 0.725347
v -0.000445 -0.180474 0.759585
v -0.000559 -0.180279 0.760458
v -0.000888 -0.180263 0.761297
v -0.001401 -0.180429 0.762020
v -0.002048 -0.180759 0.762558
v -0.002764 -0.181221 0.762856
v -0.000387 -0.197695 0.724300
v 0.000399 -0.197249 0.724303
v 0.001107 -0.196759 0.724574
v 0.001670 -0.196275 0.725087
v 0.002031 -0.195842 0.725790
v 0.002155 -0.195503 0.726616
v 0.002155 -0.184378 0.760854
v 0.002031 -0.184167 0.761721
v 0.001670 -0.184104 0.762544
v 0.001107 -0.184195 0.763244
v 0.000399 -0.184431 0.763751
v -0.000387 -0.184790 0.764016
v 0.001448 -0.201568 0.725558
v 0.002284 -0.201228 0.725596
v 0.003038 -0.200835 0.725898
v 0.003636 -0.200426 0.726435
v 0.004021 -0.200041 0.727154
v 0.004153 -0.199719 0.727986
v 0.004153 -0.188595 0.762224
v 0.004021 -0.188367 0.763085
v 0.003636 -0.188255 0.763893
v 0.003038 -0.188270 0.764568
v 0.002284 -0.188411 0.765044
v 0.001448 -0.188664 0.765274
v 0.002749 -0.205706 0.726903
v 0.003618 -0.205470 0.726974
v 0.004401 -0.205170 0.727307
v 0.005023 -0.204835 0.727868
v 0.005422 -0.204499 0.728603
v 0.005559 -0.204193 0.729439
v 0.005559 -0.193068 0.763677
v 0.005422 -0.192824 0.764534
v 0.005023 -0.192664 0.765326
v 0.004401 -0.192605 0.765977
v 0.003618 -0.192652 0.766422
v 0.002749 -0.192801 0.766619
v 0.003524 -0.210067 0.728320
v 0.004410 -0.209930 0.728423
v 0.005209 -0.209719 0.728785
v 0.005843 -0.209455 0.729369
v 0.006250 -0.209164 0.730119
v 0.006391 -0.208874 0.730960
v 0.006391 -0.197750 0.765198
v 0.006250 -0.197490 0.766050
v 0.005843 -0.197284 0.766827
v 0.005209 -0.197154 0.767455
v 0.004410 -0.197112 0.767871
v 0.003524 -0.197162 0.768036
v 0.003780 -0.214611 0.729796
v 0.004671 -0.214569 0.729931
v 0.005475 -0.214444 0.730320
v 0.006114 -0.214248 0.730927
v 0.006523 -0.214001 0.731690
v 0.006664 -0.213726 0.732537
v 0.006664 -0.202602 0.766775
v 0.006523 -0.202326 0.767621
v 0.006114 -0.202077 0.768384
v 0.005475 -0.201879 0.768990
v 0.004671 -0.201752 0.769379
v 0.003780 -0.201706 0.769512
v 0.003509 -0.219102 0.731255
v 0.004394 -0.219159 0.731422
v 0.005193 -0.219123 0.731840
v 0.005826 -0.218998 0.732470
v 0.006233 -0.218796 0.733248
v 0.006374 -0.218537 0.734100
v 0.006374 -0.207412 0.768338
v 0.006233 -0.207121 0.769179
v 0.005826 -0.206827 0.769928
v 0.005193 -0.206558 0.770510
v 0.004394 -0.206342 0.770870
v 0.003509 -0.206198 0.770971
v 0.002688 -0.223393 0.732650
v 0.003553 -0.223556 0.732851
v 0.004334 -0.223616 0.733300
v 0.004953 -0.223568 0.733954
v 0.005351 -0.223414 0.734749
v 0.005488 -0.223172 0.735606
v 0.005488 -0.212048 0.769844
v 0.005351 -0.211740 0.770680
v 0.004953 -0.211397 0.771412
v 0.004334 -0.211052 0.771970
v 0.003553 -0.210739 0.772299
v 0.002688 -0.210489 0.772366
v 0.001311 -0.227447 0.733967
v 0.002138 -0.227722 0.734204
v 0.002884 -0.227882 0.734686
v 0.003477 -0.227912 0.735366
v 0.003857 -0.227810 0.736177
v 0.003988 -0.227585 0.737040
v 0.003988 -0.216461 0.771278
v 0.003857 -0.216135 0.772108
v 0.003477 -0.215741 0.772824
v 0.002884 -0.215317 0.773356
v 0.002138 -0.214904 0.773652
v 0.001311 -0.214543 0.773683
v -0.000633 -0.231229 0.735196
v 0.000137 -0.231614 0.735469
v 0.000832 -0.231874 0.735984
v 0.001383 -0.231984 0.736689
v 0.001737 -0.231933 0.737517
v 0.001859 -0.231726 0.738385
v 0.001859 -0.220601 0.772623
v 0.001737 -0.220258 0.773448
v 0.001383 -0.219813 0.774147
v 0.000832 -0.219310 0.774653
v 0.000137 -0.218797 0.774917
v -0.000633 -0.218324 0.774912
v -0.003152 -0.234701 0.736324
v -0.002458 -0.235192 0.736631
v -0.001832 -0.235547 0.737177
v -0.001336 -0.235732 0.737907
v -0.001017 -0.235730 0.738750
v -0.000907 -0.235539 0.739624
v -0.000907 -0.224415 0.773862
v -0.001017 -0.224055 0.774681
v -0.001336 -0.223561 0.775365
v -0.001832 -0.222982 0.775847
v -0.002458 -0.222374 0.776079
v -0.003152 -0.221797 0.776040
v -0.006255 -0.237829 0.737340
v -0.005654 -0.238413 0.737678
v -0.005112 -0.238852 0.738251
v -0.004682 -0.239105 0.739003
v -0.004405 -0.239145 0.739860
v -0.004310 -0.238969 0.740739
v -0.004310 -0.227845 0.774977
v -0.004405 -0.227470 0.775791
v -0.004682 -0.226934 0.776461
v -0.005112 -0.226288 0.776921
v -0.005654 -0.225595 0.777126
v -0.006255 -0.224924 0.777056
v -0.009950 -0.240574 0.738232
v -0.009453 -0.241235 0.738595
v -0.009005 -0.241745 0.739191
v -0.008650 -0.242053 0.739961
v -0.008421 -0.242129 0.740830
v -0.008342 -0.241965 0.741712
v -0.008342 -0.230841 0.775950
v -0.008421 -0.230454 0.776760
v -0.008650 -0.229882 0.777419
v -0.009005 -0.229180 0.777861
v -0.009453 -0.228418 0.778043
v -0.009950 -0.227669 0.777948
v -0.014247 -0.242902 0.738988
v -0.013859 -0.243622 0.739371
v -0.013509 -0.244185 0.739984
v -0.013231 -0.244535 0.740767
v -0.013053 -0.244638 0.741645
v -0.012992 -0.244484 0.742531
v -0.012992 -0.233359 0.776769
v -0.013053 -0.232963 0.777576
v -0.013231 -0.232364 0.778225
v -0.013509 -0.231620 0.778653
v -0.013859 -0.230805 0.778819
v -0.014247 -0.229997 0.778704
v -0.019153 -0.244775 0.739597
v -0.018873 -0.245537 0.739993
v -0.018620 -0.246137 0.740618
v -0.018420 -0.246516 0.741411
v -0.018291 -0.246638 0.742295
v -0.018247 -0.246491 0.743183
v -0.018247 -0.235366 0.777421
v -0.018291 -0.234963 0.778226
v -0.018420 -0.234345 0.778869
v -0.018620 -0.233572 0.779288
v -0.018873 -0.232719 0.779441
v -0.019153 -0.231871 0.779313
v -0.024678 -0.246158 0.740046
v -0.024500 -0.246945 0.740450
v -0.024339 -0.247568 0.741083
v -0.024212 -0.247966 0.741882
v -0.024130 -0.248100 0.742770
v -0.024101 -0.247956 0.743659
v -0.024101 -0.236832 0.777897
v -0.024130 -0.236425 0.778701
v -0.024212 -0.235795 0.779340
v -0.024339 -0.235004 0.779753
v -0.024500 -0.234128 0.779898
v -0.024678 -0.233254 0.779763
v -0.030831 -0.247015 0.740325
v -0.030746 -0.247815 0.740733
v -0.030670 -0.248449 0.741369
v -0.030609 -0.248856 0.742171
v -0.030570 -0.248996 0.743061
v -0.030556 -0.248855 0.743951
v -0.030556 -0.237730 0.778189
v -0.030570 -0.237321 0.778992
v -0.030609 -0.236686 0.779629
v -0.030670 -0.235885 0.780039
v -0.030746 -0.234997 0.780181
v -0.030831 -0.234110 0.780041
v -0.037620 -0.247308 0.740420
v -0.037600 -0.248111 0.740829
v -0.037582 -0.248748 0.741466
v -0.037567 -0.249157 0.742269
v -0.037558 -0.249298 0.743159
v -0.037555 -0.249157 0.744049
v -0.037555 -0.238033 0.778287
v -0.037558 -0.237624 0.779090
v -0.037567 -0.236986 0.779727
v -0.037582 -0.236184 0.780136
v -0.037600 -0.235294 0.780277
v -0.037620 -0.234404 0.780136
v -0.055980 -0.247308 0.740420
v -0.055090 -0.248111 0.740829
v -0.054287 -0.248748 0.741466
v -0.053650 -0.249157 0.742269
v -0.053241 -0.249298 0.743159
v -0.053100 -0.249157 0.744049
v -0.053100 -0.238033 0.778287
v -0.053241 -0.237624 0.779090
v -0.053650 -0.236986 0.779727
v -0.054287 -0.236184 0.780136
v -0.055090 -0.235294 0.780277
v -0.055980 -0.234404 0.780136
v -0.055980 -0.297809 0.756829
v -0.055090 -0.298612 0.757238
v -0.054287 -0.299249 0.757875
v -0.053650 -0.299658 0.758678
v -0.053241 -0.299799 0.759568
v -0.053100 -0.299658 0.760458
v -0.053100 -0.288534 0.794696
v -0.053241 -0.288125 0.795499
v -0.053650 -0.287488 0.796136
v -0.054287 -0.286685 0.796545
v -0.055090 -0.285795 0.796686
v -0.055980 -0.284905 0.796545
v -0.073620 -0.297809 0.756829
v -0.074510 -0.298612 0.757238
v -0.075313 -0.299249 0.757875
v -0.075950 -0.299658 0.758678
v -0.076359 -0.299799 0.759568
v -0.076500 -0.299658 0.760458
v -0.076500 -0.288534 0.794696
v -0.076359 -0.288125 0.795499
v -0.075950 -0.287488 0.796136
v -0.075313 -0.286685 0.796545
v -0.074510 -0.285795 0.796686
v -0.073620 -0.284905 0.796545
v -0.073620 -0.181058 0.718894
v -0.074510 -0.180168 0.718753
v -0.075313 -0.179278 0.718894
v -0.075950 -0.178475 0.719303
v -0.076359 -0.177838 0.719940
v -0.076500 -0.177429 0.720743
v -0.076500 -0.166304 0.754981
v -0.076359 -0.166163 0.755871
v -0.075950 -0.166304 0.756761
v -0.075313 -0.166713 0.757564
v -0.074510 -0.167350 0.758201
v -0.073620 -0.168153 0.758610
v -0.035280 -0.181058 0.718894
v -0.035258 -0.180168 0.718753
v -0.035237 -0.179278 0.718894
v -0.035221 -0.178475 0.719303
v -0.035211 -0.177838 0.719940
v -0.035207 -0.177429 0.720743
v -0.035207 -0.166304 0.754981
v -0.035211 -0.166163 0.755871
v -0.035221 -0.166304 0.756761
v -0.035237 -0.166713 0.757564
v -0.035258 -0.167350 0.758201
v -0.035280 -0.168153 0.758610
v -0.036000 -0.232243 0.735525
v -0.036020 -0.231354 0.735384
v -0.036039 -0.230464 0.735525
v -0.036053 -0.229661 0.735934
v -0.036062 -0.229024 0.736571
v -0.036066 -0.228614 0.737374
v -0.036066 -0.217490 0.771612
v -0.036062 -0.217349 0.772502
v -0.036053 -0.217490 0.773392
v -0.036039 -0.217899 0.774195
v -0.036020 -0.218536 0.774832
v -0.036000 -0.219339 0.775241
v -0.032815 -0.232105 0.735480
v -0.032899 -0.231218 0.735340
v -0.032975 -0.230331 0.735482
v -0.033035 -0.229530 0.735892
v -0.033074 -0.228894 0.736529
v -0.033087 -0.228485 0.737332
v -0.033087 -0.217361 0.771570
v -0.033074 -0.217219 0.772460
v -0.033035 -0.217359 0.773350
v -0.032975 -0.217766 0.774152
v -0.032899 -0.218401 0.774788
v -0.032815 -0.219201 0.775196
v -0.029838 -0.231695 0.735347
v -0.030013 -0.230820 0.735211
v -0.030171 -0.229944 0.735357
v -0.030297 -0.229152 0.735769
v -0.030378 -0.228522 0.736409
v -0.030406 -0.228116 0.737212
v -0.030406 -0.216991 0.771450
v -0.030378 -0.216848 0.772339
v -0.030297 -0.216982 0.773227
v -0.030171 -0.217380 0.774026
v -0.030013 -0.218003 0.774659
v -0.029838 -0.218790 0.775063
v -0.027082 -0.231018 0.735127
v -0.027356 -0.230168 0.734999
v -0.027603 -0.229314 0.735152
v -0.027799 -0.228539 0.735570
v -0.027925 -0.227920 0.736213
v -0.027969 -0.227517 0.737018
v -0.027969 -0.216393 0.771256
v -0.027925 -0.216246 0.772144
v -0.027799 -0.216368 0.773028
v -0.027603 -0.216749 0.773822
v -0.027356 -0.217351 0.774447
v -0.027082 -0.218114 0.774843
v -0.024560 -0.230081 0.734823
v -0.024938 -0.229270 0.734707
v -0.025280 -0.228450 0.734871
v -0.025550 -0.227703 0.735298
v -0.025724 -0.227102 0.735947
v -0.025784 -0.226706 0.736754
v -0.025784 -0.215581 0.770992
v -0.025724 -0.215428 0.771878
v -0.025550 -0.215533 0.772756
v -0.025280 -0.215886 0.773541
v -0.024938 -0.216452 0.774155
v -0.024560 -0.217177 0.774539
v -0.022286 -0.228890 0.734436
v -0.022770 -0.228134 0.734338
v -0.023208 -0.227365 0.734518
v -0.023555 -0.226658 0.734959
v -0.023777 -0.226082 0.735616
v -0.023854 -0.225694 0.736426
v -0.023854 -0.214570 0.770664
v -0.023777 -0.214408 0.771547
v -0.023555 -0.214487 0.772417
v -0.023208 -0.214800 0.773188
v -0.022770 -0.215317 0.773786
v -0.022286 -0.215985 0.774152
v -0.020273 -0.227450 0.733968
v -0.020860 -0.226768 0.733894
v -0.021391 -0.226066 0.734096
v -0.021812 -0.225412 0.734554
v -0.022082 -0.224870 0.735222
v -0.022175 -0.224494 0.736035
v -0.022175 -0.213369 0.770273
v -0.022082 -0.213195 0.771153
v -0.021812 -0.213241 0.772012
v -0.021391 -0.213501 0.772766
v -0.020860 -0.213951 0.773342
v -0.020273 -0.214546 0.773684
v -0.018533 -0.225768 0.733421
v -0.019215 -0.225177 0.733377
v -0.019831 -0.224557 0.733606
v -0.020319 -0.223968 0.734085
v -0.020633 -0.223469 0.734767
v -0.020741 -0.223107 0.735585
v -0.020741 -0.211982 0.769823
v -0.020633 -0.211794 0.770697
v -0.020319 -0.211797 0.771543
v -0.019831 -0.211992 0.772276
v -0.019215 -0.212360 0.772825
v -0.018533 -0.212863 0.773137
v -0.017080 -0.223849 0.732798
v -0.017842 -0.223363 0.732788
v -0.018529 -0.222838 0.733047
v -0.019075 -0.222324 0.733551
v -0.019425 -0.221873 0.734248
v -0.019546 -0.221528 0.735072
v -0.019546 -0.210403 0.769310
v -0.019425 -0.210198 0.770179
v -0.019075 -0.210154 0.771009
v -0.018529 -0.210273 0.771717
v -0.017842 -0.210546 0.772236
v -0.017080 -0.210944 0.772514
v -0.015927 -0.221699 0.732099
v -0.016750 -0.221327 0.732126
v -0.017492 -0.220904 0.732419
v -0.018081 -0.220471 0.732948
v -0.018459 -0.220072 0.733663
v -0.018589 -0.219745 0.734492
v -0.018589 -0.208620 0.768730
v -0.018459 -0.208397 0.769594
v -0.018081 -0.208300 0.770406
v -0.017492 -0.208339 0.771089
v -0.016750 -0.208509 0.771574
v -0.015927 -0.208795 0.771815
v -0.015088 -0.219325 0.731328
v -0.015951 -0.219067 0.731392
v -0.016729 -0.218747 0.731718
v -0.017347 -0.218397 0.732275
v -0.017744 -0.218051 0.733006
v -0.017881 -0.217742 0.733841
v -0.017881 -0.206617 0.768080
v -0.017744 -0.206376 0.768937
v -0.017347 -0.206226 0.769733
v -0.016729 -0.206183 0.770388
v -0.015951 -0.206250 0.770840
v -0.015088 -0.206420 0.771044
v -0.014574 -0.216732 0.730485
v -0.015459 -0.216585 0.730586
v -0.016258 -0.216365 0.730944
v -0.016891 -0.216094 0.731526
v -0.017298 -0.215798 0.732274
v -0.017438 -0.215507 0.733115
v -0.017438 -0.204382 0.767353
v -0.017298 -0.204123 0.768205
v -0.016891 -0.203923 0.768984
v -0.016258 -0.203800 0.769614
v -0.015459 -0.203767 0.770034
v -0.014574 -0.203827 0.770201
v -0.014400 -0.213926 0.729574
v -0.015291 -0.213877 0.729706
v -0.016095 -0.213746 0.730093
v -0.016733 -0.213545 0.730698
v -0.017143 -0.213295 0.731461
v -0.017284 -0.213019 0.732307
v -0.017284 -0.201894 0.766545
v -0.017143 -0.201620 0.767392
v -0.016733 -0.201375 0.768156
v -0.016095 -0.201181 0.768763
v -0.015291 -0.201060 0.769154
v -0.014400 -0.201022 0.769290
v -0.014505 -0.211778 0.728876
v -0.015392 -0.211815 0.729036
v -0.016192 -0.211762 0.729449
v -0.016827 -0.211623 0.730074
v -0.017235 -0.211412 0.730849
v -0.017375 -0.211150 0.731700
v -0.017375 -0.200025 0.765938
v -0.017235 -0.199738 0.766780
v -0.016827 -0.199452 0.767532
v -0.016192 -0.199197 0.768119
v -0.015392 -0.198998 0.768484
v -0.014505 -0.198873 0.768592
v -0.014834 -0.209635 0.728179
v -0.015708 -0.209760 0.728368
v -0.016496 -0.209786 0.728807
v -0.017121 -0.209709 0.729452
v -0.017523 -0.209538 0.730240
v -0.017661 -0.209290 0.731095
v -0.017661 -0.198166 0.765333
v -0.017523 -0.197864 0.766171
v -0.017121 -0.197538 0.766910
v -0.016496 -0.197221 0.767476
v -0.015708 -0.196943 0.767816
v -0.014834 -0.196731 0.767896
v -0.015410 -0.207533 0.727496
v -0.016257 -0.207753 0.727716
v -0.017022 -0.207864 0.728182
v -0.017629 -0.207856 0.728850
v -0.018018 -0.207729 0.729652
v -0.018152 -0.207496 0.730512
v -0.018152 -0.196371 0.764750
v -0.018018 -0.196054 0.765583
v -0.017629 -0.195685 0.766307
v -0.017022 -0.195300 0.766852
v -0.016257 -0.194936 0.767164
v -0.015410 -0.194629 0.767213
v -0.016253 -0.205506 0.726838
v -0.017059 -0.205827 0.727090
v -0.017785 -0.206030 0.727586
v -0.018362 -0.206094 0.728277
v -0.018732 -0.206014 0.729095
v -0.018859 -0.205797 0.729960
v -0.018859 -0.194672 0.764198
v -0.018732 -0.194339 0.765026
v -0.018362 -0.193924 0.765735
v -0.017785 -0.193465 0.766256
v -0.017059 -0.193010 0.766538
v -0.016253 -0.192602 0.766554
v -0.017387 -0.203588 0.726215
v -0.018131 -0.204014 0.726501
v -0.018801 -0.204311 0.727028
v -0.019334 -0.204450 0.727743
v -0.019676 -0.204417 0.728576
v -0.019793 -0.204217 0.729447
v -0.019793 -0.193092 0.763685
v -0.019676 -0.192743 0.764507
v -0.019334 -0.192279 0.765201
v -0.018801 -0.191746 0.765698
v -0.018131 -0.191197 0.765949
v -0.017387 -0.190684 0.765931
v -0.018833 -0.201814 0.725638
v -0.019493 -0.202341 0.725958
v -0.020090 -0.202730 0.726514
v -0.020563 -0.202941 0.727253
v -0.020867 -0.202956 0.728101
v -0.020972 -0.202771 0.728977
v -0.020972 -0.191646 0.763215
v -0.020867 -0.191281 0.764032
v -0.020563 -0.190771 0.764711
v -0.020090 -0.190165 0.765184
v -0.019493 -0.189524 0.765406
v -0.018833 -0.188910 0.765354
v -0.020612 -0.200219 0.725120
v -0.021171 -0.200837 0.725469
v -0.021676 -0.201308 0.726052
v -0.022076 -0.201585 0.726812
v -0.022333 -0.201641 0.727674
v -0.022422 -0.201471 0.728555
v -0.022422 -0.190346 0.762793
v -0.022333 -0.189966 0.763605
v -0.022076 -0.189414 0.764270
v -0.021676 -0.188743 0.764722
v -0.021171 -0.188020 0.764917
v -0.020612 -0.187314 0.764836
v -0.022747 -0.198836 0.724670
v -0.023191 -0.199529 0.725044
v -0.023591 -0.200067 0.725649
v -0.023909 -0.200397 0.726426
v -0.024114 -0.200487 0.727300
v -0.024184 -0.200329 0.728184
v -0.024184 -0.189204 0.762422
v -0.024114 -0.188813 0.763230
v -0.023909 -0.188226 0.763884
v -0.023591 -0.187502 0.764319
v -0.023191 -0.186711 0.764492
v -0.022747 -0.185931 0.764387
v -0.025259 -0.197701 0.724302
v -0.025583 -0.198448 0.724693
v -0.025875 -0.199035 0.725313
v -0.026107 -0.199404 0.726103
v -0.026256 -0.199519 0.726985
v -0.026307 -0.199370 0.727872
v -0.026307 -0.188245 0.762110
v -0.026256 -0.187845 0.762916
v -0.026107 -0.187233 0.763561
v -0.025875 -0.186470 0.763983
v -0.025583 -0.185630 0.764141
v -0.025259 -0.184796 0.764018
v -0.028171 -0.196847 0.724024
v -0.028377 -0.197628 0.724426
v -0.028563 -0.198246 0.725057
v -0.028711 -0.198640 0.725855
v -0.028806 -0.198772 0.726742
v -0.028839 -0.198627 0.727631
v -0.028839 -0.187503 0.761869
v -0.028806 -0.187097 0.762673
v -0.028711 -0.186469 0.763313
v -0.028563 -0.185682 0.763727
v -0.028377 -0.184811 0.763874
v -0.028171 -0.183942 0.763740
v -0.031504 -0.196309 0.723849
v -0.031602 -0.197108 0.724257
v -0.031690 -0.197742 0.724893
v -0.031760 -0.198149 0.725695
v -0.031805 -0.198288 0.726585
v -0.031821 -0.198146 0.727475
v -0.031821 -0.187022 0.761713
v -0.031805 -0.186613 0.762516
v -0.031760 -0.185978 0.763153
v -0.031690 -0.185178 0.763563
v -0.031602 -0.184291 0.763705
v -0.031504 -0.183405 0.763566
v -0.035280 -0.196122 0.723789
v -0.035303 -0.196925 0.724198
v -0.035324 -0.197562 0.724835
v -0.035341 -0.197971 0.725638
v -0.035351 -0.198112 0.726528
v -0.035355 -0.197971 0.727418
v -0.035355 -0.186847 0.761656
v -0.035351 -0.186438 0.762459
v -0.035341 -0.185801 0.763096
v -0.035324 -0.184998 0.763505
v -0.035303 -0.184108 0.763646
v -0.035280 -0.183218 0.763505
v -0.055980 -0.196122 0.723789
v -0.055090 -0.196925 0.724198
v -0.054287 -0.197562 0.724835
v -0.053650 -0.197971 0.725638
v -0.053241 -0.198112 0.726528
v -0.053100 -0.197971 0.727418
v -0.053100 -0.186847 0.761656
v -0.053241 -0.186438 0.762459
v -0.053650 -0.185801 0.763096
v -0.054287 -0.184998 0.763505
v -0.055090 -0.184108 0.763646
v -0.055980 -0.183218 0.763505
v -0.055980 -0.232243 0.735525
v -0.055090 -0.231354 0.735384
v -0.054287 -0.230464 0.735525
v -0.053650 -0.229661 0.735934
v -0.053241 -0.229024 0.736571
v -0.053100 -0.228614 0.737374
v -0.053100 -0.217490 0.771612
v -0.053241 -0.217349 0.772502
v -0.053650 -0.217490 0.773392
v -0.054287 -0.217899 0.774195
v -0.055090 -0.218536 0.774832
v -0.055980 -0.219339 0.775241
v 0.105480 -0.297809 0.756829
v 0.104590 -0.298612 0.757238
v 0.103787 -0.299249 0.757875
v 0.103150 -0.299658 0.758678
v 0.102741 -0.299799 0.759568
v 0.102600 -0.299658 0.760458
v 0.102600 -0.288534 0.794696
v 0.102741 -0.288125 0.795499
v 0.103150 -0.287488 0.796136
v 0.103787 -0.286685 0.796545
v 0.104590 -0.285795 0.796686
v 0.105480 -0.284905 0.796545
v 0.105480 -0.246966 0.740309
v 0.104590 -0.247769 0.740718
v 0.103787 -0.248406 0.741355
v 0.103150 -0.248815 0.742158
v 0.102741 -0.248956 0.743048
v 0.102600 -0.248815 0.743938
v 0.102600 -0.237690 0.778176
v 0.102741 -0.237281 0.778979
v 0.103150 -0.236644 0.779616
v 0.103787 -0.235841 0.780025
v 0.104590 -0.234951 0.780166
v 0.105480 -0.234061 0.780025
v 0.036720 -0.246966 0.740309
v 0.037610 -0.247769 0.740718
v 0.038413 -0.248406 0.741355
v 0.039050 -0.248815 0.742158
v 0.039459 -0.248956 0.743048
v 0.039600 -0.248815 0.743938
v 0.039600 -0.237690 0.778176
v 0.039459 -0.237281 0.778979
v 0.039050 -0.236644 0.779616
v 0.038413 -0.235841 0.780025
v 0.037610 -0.234951 0.780166
v 0.036720 -0.234061 0.780025
v 0.036720 -0.297809 0.756829
v 0.037610 -0.298612 0.757238
v 0.038413 -0.299249 0.757875
v 0.039050 -0.299658 0.758678
v 0.039459 -0.299799 0.759568
v 0.039600 -0.299658 0.760458
v 0.039600 -0.288534 0.794696
v 0.039459 -0.288125 0.795499
v 0.039050 -0.287488 0.796136
v 0.038413 -0.286685 0.796545
v 0.037610 -0.285795 0.796686
v 0.036720 -0.284905 0.796545
v 0.019080 -0.297809 0.756829
v 0.018190 -0.298612 0.757238
v 0.017387 -0.299249 0.757875
v 0.016750 -0.299658 0.758678
v 0.016341 -0.299799 0.759568
v 0.016200 -0.299658 0.760458
v 0.016200 -0.288534 0.794696
v 0.016341 -0.288125 0.795499
v 0.016750 -0.287488 0.796136
v 0.017387 -0.286685 0.796545
v 0.018190 -0.285795 0.796686
v 0.019080 -0.284905 0.796545
v 0.019080 -0.181058 0.718894
v 0.018190 -0.180168 0.718753
v 0.017387 -0.179278 0.718894
v 0.016750 -0.178475 0.719303
v 0.016341 -0.177838 0.719940
v 0.016200 -0.177429 0.720743
v 0.016200 -0.166304 0.754981
v 0.016341 -0.166163 0.755871
v 0.016750 -0.166304 0.756761
v 0.017387 -0.166713 0.757564
v 0.018190 -0.167350 0.758201
v 0.019080 -0.168153 0.758610
v 0.036720 -0.181058 0.718894
v 0.037610 -0.180168 0.718753
v 0.038413 -0.179278 0.718894
v 0.039050 -0.178475 0.719303
v 0.039459 -0.177838 0.719940
v 0.039600 -0.177429 0.720743
v 0.039600 -0.166304 0.754981
v 0.039459 -0.166163 0.755871
v 0.039050 -0.166304 0.756761
v 0.038413 -0.166713 0.757564
v 0.037610 -0.167350 0.758201
v 0.036720 -0.168153 0.758610
v 0.036720 -0.231901 0.735414
v 0.037610 -0.231011 0.735273
v 0.038413 -0.230121 0.735414
v 0.039050 -0.229318 0.735823
v 0.039459 -0.228681 0.736460
v 0.039600 -0.228272 0.737263
v 0.039600 -0.217147 0.771501
v 0.039459 -0.217007 0.772391
v 0.039050 -0.217147 0.773281
v 0.038413 -0.217557 0.774084
v 0.037610 -0.218194 0.774721
v 0.036720 -0.218997 0.775130
v 0.105480 -0.231901 0.735414
v 0.104590 -0.231011 0.735273
v 0.103787 -0.230121 0.735414
v 0.103150 -0.229318 0.735823
v 0.102741 -0.228681 0.736460
v 0.102600 -0.228272 0.737263
v 0.102600 -0.217147 0.771501
v 0.102741 -0.217007 0.772391
v 0.103150 -0.217147 0.773281
v 0.103787 -0.217557 0.774084
v 0.104590 -0.218194 0.774721
v 0.105480 -0.218997 0.775130
v 0.105480 -0.181058 0.718894
v 0.104590 -0.180168 0.718753
v 0.103787 -0.179278 0.718894
v 0.103150 -0.178475 0.719303
v 0.102741 -0.177838 0.719940
v 0.102600 -0.177429 0.720743
v 0.102600 -0.166304 0.754981
v 0.102741 -0.166163 0.755871
v 0.103150 -0.166304 0.756761
v 0.103787 -0.166713 0.757564
v 0.104590 -0.167350 0.758201
v 0.105480 -0.168153 0.758610
v 0.123120 -0.181058 0.718894
v 0.124010 -0.180168 0.718753
v 0.124813 -0.179278 0.718894
v 0.125450 -0.178475 0.719303
v 0.125859 -0.177838 0.719940
v 0.126000 -0.177429 0.720743
v 0.126000 -0.166304 0.754981
v 0.125859 -0.166163 0.755871
v 0.125450 -0.166304 0.756761
v 0.124813 -0.166713 0.757564
v 0.124010 -0.167350 0.758201
v 0.123120 -0.168153 0.758610
v 0.123120 -0.297809 0.756829
v 0.124010 -0.298612 0.757238
v 0.124813 -0.299249 0.757875
v 0.125450 -0.299658 0.758678
v 0.125859 -0.299799 0.759568
v 0.126000 -0.299658 0.760458
v 0.126000 -0.288534 0.794696
v 0.125859 -0.288125 0.795499
v 0.125450 -0.287488 0.796136
v 0.124813 -0.286685 0.796545
v 0.124010 -0.285795 0.796686
v 0.123120 -0.284905 0.796545
v 0.150480 -0.297809 0.756829
v 0.149590 -0.298612 0.757238
v 0.148787 -0.299249 0.757875
v 0.148150 -0.299658 0.758678
v 0.147741 -0.299799 0.759568
v 0.147600 -0.299658 0.760458
v 0.147600 -0.288534 0.794696
v 0.147741 -0.288125 0.795499
v 0.148150 -0.287488 0.796136
v 0.148787 -0.286685 0.796545
v 0.149590 -0.285795 0.796686
v 0.150480 -0.284905 0.796545
v 0.150480 -0.181058 0.718894
v 0.149590 -0.180168 0.718753
v 0.148787 -0.179278 0.718894
v 0.148150 -0.178475 0.719303
v 0.147741 -0.177838 0.719940
v 0.147600 -0.177429 0.720743
v 0.147600 -0.166304 0.754981
v 0.147741 -0.166163 0.755871
v 0.148150 -0.166304 0.756761
v 0.148787 -0.166713 0.757564
v 0.149590 -0.167350 0.758201
v 0.150480 -0.168153 0.758610
v 0.168120 -0.181058 0.718894
v 0.169010 -0.180168 0.718753
v 0.169813 -0.179278 0.718894
v 0.170450 -0.178475 0.719303
v 0.170859 -0.177838 0.719940
v 0.171000 -0.177429 0.720743
v 0.171000 -0.166304 0.754981
v 0.170859 -0.166163 0.755871
v 0.170450 -0.166304 0.756761
v 0.169813 -0.166713 0.757564
v 0.169010 -0.167350 0.758201
v 0.168120 -0.168153 0.758610
v 0.168120 -0.297809 0.756829
v 0.169010 -0.298612 0.757238
v 0.169813 -0.299249 0.757875
v 0.170450 -0.299658 0.758678
v 0.170859 -0.299799 0.759568
v 0.171000 -0.299658 0.760458
v 0.171000 -0.288534 0.794696
v 0.170859 -0.288125 0.795499
v 0.170450 -0.287488 0.796136
v 0.169813 -0.286685 0.796545
v 0.169010 -0.285795 0.796686
v 0.168120 -0.284905 0.796545
v 0.232631 -0.181315 0.718978
v 0.232715 -0.180428 0.718838
v 0.232790 -0.179540 0.718979
v 0.232849 -0.178739 0.719389
v 0.232888 -0.178104 0.720027
v 0.232901 -0.177695 0.720830
v 0.232901 -0.166570 0.755068
v 0.232888 -0.166429 0.755957
v 0.232849 -0.166569 0.756847
v 0.232790 -0.166976 0.757649
v 0.232715 -0.167610 0.758286
v 0.232631 -0.168411 0.758694
v 0.238232 -0.182077 0.719225
v 0.238405 -0.181202 0.719089
v 0.238561 -0.180325 0.719234
v 0.238685 -0.179533 0.719647
v 0.238764 -0.178903 0.720286
v 0.238792 -0.178496 0.721090
v 0.238792 -0.167372 0.755328
v 0.238764 -0.167228 0.756217
v 0.238685 -0.167362 0.757105
v 0.238561 -0.167761 0.757904
v 0.238405 -0.168384 0.758537
v 0.238232 -0.169172 0.758941
v 0.243399 -0.183326 0.719631
v 0.243669 -0.182474 0.719502
v 0.243913 -0.181619 0.719655
v 0.244106 -0.180843 0.720073
v 0.244230 -0.180224 0.720716
v 0.244273 -0.179821 0.721520
v 0.244273 -0.168696 0.755758
v 0.244230 -0.168549 0.756646
v 0.244106 -0.168673 0.757531
v 0.243913 -0.169054 0.758325
v 0.243669 -0.169657 0.758950
v 0.243399 -0.170421 0.759347
v 0.248113 -0.185046 0.720190
v 0.248485 -0.184231 0.720073
v 0.248821 -0.183410 0.720236
v 0.249088 -0.182661 0.720663
v 0.249259 -0.182058 0.721312
v 0.249318 -0.181661 0.722118
v 0.249318 -0.170537 0.756356
v 0.249259 -0.170384 0.757242
v 0.249088 -0.170490 0.758121
v 0.248821 -0.170845 0.758906
v 0.248485 -0.171414 0.759521
v 0.248113 -0.172141 0.759906
v 0.252352 -0.187220 0.720896
v 0.252829 -0.186459 0.720797
v 0.253259 -0.185686 0.720976
v 0.253600 -0.184975 0.721415
v 0.253819 -0.184398 0.722072
v 0.253895 -0.184009 0.722881
v 0.253895 -0.172884 0.757119
v 0.253819 -0.172723 0.758002
v 0.253600 -0.172804 0.758873
v 0.253259 -0.173121 0.759646
v 0.252829 -0.173642 0.760245
v 0.252352 -0.174315 0.760612
v 0.256095 -0.189831 0.721745
v 0.256674 -0.189142 0.721669
v 0.257197 -0.188433 0.721869
v 0.257611 -0.187774 0.722324
v 0.257878 -0.187229 0.722992
v 0.257969 -0.186852 0.723805
v 0.257969 -0.175727 0.758043
v 0.257878 -0.175554 0.758922
v 0.257611 -0.175603 0.759782
v 0.257197 -0.175868 0.760539
v 0.256674 -0.176324 0.761117
v 0.256095 -0.176927 0.761461
v 0.259320 -0.192863 0.722730
v 0.259994 -0.192263 0.722683
v 0.260602 -0.191635 0.722909
v 0.261084 -0.191039 0.723385
v 0.261394 -0.190535 0.724066
v 0.261501 -0.190172 0.724884
v 0.261501 -0.179047 0.759122
v 0.261394 -0.178861 0.759997
v 0.261084 -0.178868 0.760843
v 0.260602 -0.179070 0.761579
v 0.259994 -0.179446 0.762131
v 0.259320 -0.179959 0.762446
v 0.262007 -0.196300 0.723846
v 0.262762 -0.195803 0.723833
v 0.263443 -0.195268 0.724090
v 0.263983 -0.194747 0.724590
v 0.264330 -0.194291 0.725286
v 0.264449 -0.193944 0.726109
v 0.264449 -0.182819 0.760347
v 0.264330 -0.182616 0.761217
v 0.263983 -0.182576 0.762048
v 0.263443 -0.182704 0.762760
v 0.262762 -0.182986 0.763281
v 0.262007 -0.183395 0.763563
v 0.264133 -0.200124 0.725089
v 0.264951 -0.199741 0.725113
v 0.265689 -0.199308 0.725402
v 0.266274 -0.198868 0.725929
v 0.266650 -0.198464 0.726642
v 0.266780 -0.198135 0.727471
v 0.266780 -0.187010 0.761709
v 0.266650 -0.186789 0.762573
v 0.266274 -0.186697 0.763387
v 0.265689 -0.186743 0.764072
v 0.264951 -0.186923 0.764561
v 0.264133 -0.187219 0.764805
v 0.265678 -0.204319 0.726452
v 0.266539 -0.204052 0.726514
v 0.267316 -0.203725 0.726837
v 0.267932 -0.203368 0.727391
v 0.268328 -0.203018 0.728122
v 0.268464 -0.202708 0.728957
v 0.268464 -0.191583 0.763195
v 0.268328 -0.191343 0.764053
v 0.267932 -0.191198 0.764849
v 0.267316 -0.191160 0.765507
v 0.266539 -0.191235 0.765962
v 0.265678 -0.191414 0.766168
v 0.266621 -0.208868 0.727930
v 0.267506 -0.208716 0.728029
v 0.268304 -0.208492 0.728386
v 0.268937 -0.208217 0.728967
v 0.269344 -0.207919 0.729714
v 0.269484 -0.207627 0.730555
v 0.269484 -0.196502 0.764793
v 0.269344 -0.196244 0.765645
v 0.268937 -0.196046 0.766425
v 0.268304 -0.195927 0.767056
v 0.267506 -0.195899 0.767477
v 0.266621 -0.195964 0.767646
v 0.266940 -0.213755 0.729518
v 0.267831 -0.213704 0.729649
v 0.268635 -0.213570 0.730036
v 0.269273 -0.213368 0.730640
v 0.269683 -0.213116 0.731403
v 0.269824 -0.212840 0.732249
v 0.269824 -0.201716 0.766487
v 0.269683 -0.201442 0.767334
v 0.269273 -0.201197 0.768098
v 0.268635 -0.201006 0.768706
v 0.267831 -0.200886 0.769098
v 0.266940 -0.200850 0.769234
v 0.266787 -0.217064 0.730593
v 0.267675 -0.217096 0.730752
v 0.268475 -0.217038 0.731163
v 0.269110 -0.216896 0.731787
v 0.269518 -0.216683 0.732562
v 0.269659 -0.216420 0.733412
v 0.269659 -0.205295 0.767650
v 0.269518 -0.205008 0.768493
v 0.269110 -0.204725 0.769245
v 0.268475 -0.204474 0.769833
v 0.267675 -0.204279 0.770200
v 0.266787 -0.204159 0.770309
v 0.266333 -0.220224 0.731620
v 0.267208 -0.220336 0.731804
v 0.267999 -0.220350 0.732239
v 0.268626 -0.220264 0.732881
v 0.269028 -0.220088 0.733668
v 0.269167 -0.219837 0.734522
v 0.269167 -0.208713 0.768760
v 0.269028 -0.208413 0.769599
v 0.268626 -0.208093 0.770339
v 0.267999 -0.207785 0.770909
v 0.267208 -0.207518 0.771252
v 0.266333 -0.207319 0.771336
v 0.265582 -0.223229 0.732596
v 0.266437 -0.223423 0.732808
v 0.267209 -0.223511 0.733266
v 0.267821 -0.223484 0.733928
v 0.268214 -0.223346 0.734727
v 0.268350 -0.223108 0.735585
v 0.268350 -0.211984 0.769823
v 0.268214 -0.211671 0.770657
v 0.267821 -0.211314 0.771385
v 0.267209 -0.210947 0.771936
v 0.266437 -0.210606 0.772256
v 0.265582 -0.210325 0.772312
v 0.264540 -0.226074 0.733521
v 0.265365 -0.226351 0.733759
v 0.266109 -0.226514 0.734242
v 0.266700 -0.226546 0.734922
v 0.267079 -0.226445 0.735734
v 0.267210 -0.226221 0.736597
v 0.267210 -0.215096 0.770835
v 0.267079 -0.214771 0.771665
v 0.266700 -0.214375 0.772380
v 0.266109 -0.213949 0.772912
v 0.265365 -0.213534 0.773207
v 0.264540 -0.213170 0.773237
v 0.263213 -0.228753 0.734391
v 0.263998 -0.229111 0.734656
v 0.264706 -0.229347 0.735162
v 0.265268 -0.229438 0.735862
v 0.265629 -0.229374 0.736685
v 0.265753 -0.229163 0.737553
v 0.265753 -0.218038 0.771791
v 0.265629 -0.217700 0.772616
v 0.265268 -0.217267 0.773320
v 0.264706 -0.216782 0.773832
v 0.263998 -0.216294 0.774104
v 0.263213 -0.215848 0.774107
v 0.261608 -0.231259 0.735205
v 0.262343 -0.231695 0.735495
v 0.263006 -0.232001 0.736025
v 0.263532 -0.232147 0.736742
v 0.263870 -0.232120 0.737577
v 0.263986 -0.231920 0.738449
v 0.263986 -0.220796 0.772687
v 0.263870 -0.220445 0.773508
v 0.263532 -0.219976 0.774200
v 0.263006 -0.219436 0.774695
v 0.262343 -0.218878 0.774943
v 0.261608 -0.218355 0.774922
v 0.259728 -0.233587 0.735962
v 0.260405 -0.234095 0.736275
v 0.261016 -0.234466 0.736826
v 0.261500 -0.234663 0.737560
v 0.261811 -0.234669 0.738406
v 0.261919 -0.234481 0.739280
v 0.261919 -0.223356 0.773519
v 0.261811 -0.222994 0.774337
v 0.261500 -0.222493 0.775018
v 0.261016 -0.221901 0.775495
v 0.260405 -0.221277 0.775723
v 0.259728 -0.220683 0.775678
v 0.257580 -0.235731 0.736658
v 0.258192 -0.236303 0.736992
v 0.258745 -0.236732 0.737562
v 0.259183 -0.236976 0.738311
v 0.259465 -0.237011 0.739167
v 0.259562 -0.236833 0.740045
v 0.259562 -0.225709 0.774283
v 0.259465 -0.225336 0.775097
v 0.259183 -0.224805 0.775769
v 0.258745 -0.224167 0.776232
v 0.258192 -0.223485 0.776440
v 0.257580 -0.222826 0.776374
v 0.255170 -0.237684 0.737293
v 0.255713 -0.238312 0.737645
v 0.256203 -0.238792 0.738231
v 0.256592 -0.239076 0.738993
v 0.256842 -0.239136 0.739857
v 0.256928 -0.238968 0.740738
v 0.256928 -0.227843 0.774976
v 0.256842 -0.227462 0.775788
v 0.256592 -0.226905 0.776451
v 0.256203 -0.226227 0.776901
v 0.255713 -0.225495 0.777093
v 0.255170 -0.224780 0.777009
v 0.252503 -0.239441 0.737864
v 0.252975 -0.240117 0.738232
v 0.253400 -0.240638 0.738831
v 0.253738 -0.240956 0.739604
v 0.253955 -0.241038 0.740475
v 0.254030 -0.240877 0.741359
v 0.254030 -0.229753 0.775597
v 0.253955 -0.229364 0.776406
v 0.253738 -0.228785 0.777062
v 0.253400 -0.228074 0.777501
v 0.252975 -0.227299 0.777680
v 0.252503 -0.226537 0.777580
v 0.249584 -0.240997 0.738369
v 0.249984 -0.241710 0.738749
v 0.250345 -0.242266 0.739360
v 0.250632 -0.242612 0.740142
v 0.250816 -0.242711 0.741019
v 0.250879 -0.242556 0.741904
v 0.250879 -0.231432 0.776142
v 0.250816 -0.231037 0.776950
v 0.250632 -0.230441 0.777600
v 0.250345 -0.229702 0.778030
v 0.249984 -0.228893 0.778197
v 0.249584 -0.228092 0.778085
v 0.246420 -0.242344 0.738807
v 0.248202 -0.242469 0.738996
v 0.249810 -0.242495 0.739434
v 0.251085 -0.242418 0.740080
v 0.251904 -0.242248 0.740868
v 0.252187 -0.242000 0.741723
v 0.252187 -0.230875 0.775961
v 0.251904 -0.230573 0.776799
v 0.251085 -0.230248 0.777538
v 0.249810 -0.229930 0.778104
v 0.248202 -0.229651 0.778444
v 0.246420 -0.229439 0.778523
v 0.249124 -0.244177 0.739403
v 0.249665 -0.243461 0.739318
v 0.250154 -0.242728 0.739510
v 0.250541 -0.242050 0.739960
v 0.250790 -0.241492 0.740623
v 0.250876 -0.241111 0.741435
v 0.250876 -0.229986 0.775673
v 0.250790 -0.229818 0.776554
v 0.250541 -0.229879 0.777418
v 0.250154 -0.230163 0.778180
v 0.249665 -0.230643 0.778766
v 0.249124 -0.231272 0.779119
v 0.251672 -0.246167 0.740049
v 0.252259 -0.245487 0.739976
v 0.252788 -0.244786 0.740179
v 0.253208 -0.244133 0.740637
v 0.253478 -0.243592 0.741305
v 0.253571 -0.243216 0.742119
v 0.253571 -0.232091 0.776357
v 0.253478 -0.231917 0.777236
v 0.253208 -0.231962 0.778095
v 0.252788 -0.232221 0.778849
v 0.252259 -0.232669 0.779424
v 0.251672 -0.233262 0.779765
v 0.254087 -0.248314 0.740747
v 0.254714 -0.247669 0.740685
v 0.255279 -0.247000 0.740898
v 0.255727 -0.246372 0.741364
v 0.256016 -0.245848 0.742038
v 0.256115 -0.245477 0.742853
v 0.256115 -0.234353 0.777091
v 0.256016 -0.234173 0.777969
v 0.255727 -0.234202 0.778822
v 0.255279 -0.234435 0.779568
v 0.254714 -0.234851 0.780133
v 0.254087 -0.235409 0.780463
v 0.256393 -0.250618 0.741495
v 0.257054 -0.250006 0.741445
v 0.257649 -0.249368 0.741668
v 0.258122 -0.248764 0.742141
v 0.258426 -0.248255 0.742820
v 0.258530 -0.247890 0.743637
v 0.258530 -0.236766 0.777875
v 0.258426 -0.236581 0.778751
v 0.258122 -0.236593 0.779599
v 0.257649 -0.236803 0.780337
v 0.257054 -0.237189 0.780893
v 0.256393 -0.237713 0.781212
v 0.258615 -0.253079 0.742295
v 0.259303 -0.252498 0.742254
v 0.259923 -0.251887 0.742486
v 0.260416 -0.251305 0.742967
v 0.260732 -0.250810 0.743650
v 0.260841 -0.250450 0.744469
v 0.260841 -0.239326 0.778707
v 0.260732 -0.239136 0.779581
v 0.260416 -0.239135 0.780425
v 0.259923 -0.239322 0.781156
v 0.259303 -0.239681 0.781703
v 0.258615 -0.240174 0.782011
v 0.260775 -0.255697 0.743146
v 0.261485 -0.255143 0.743114
v 0.262126 -0.254556 0.743353
v 0.262634 -0.253993 0.743840
v 0.262961 -0.253511 0.744528
v 0.263073 -0.253155 0.745348
v 0.263073 -0.242030 0.779586
v 0.262961 -0.241836 0.780459
v 0.262634 -0.241823 0.781298
v 0.262126 -0.241991 0.782023
v 0.261485 -0.242325 0.782562
v 0.260775 -0.242792 0.782862
v 0.262898 -0.258471 0.744047
v 0.263625 -0.257940 0.744023
v 0.264281 -0.257373 0.744269
v 0.264802 -0.256827 0.744761
v 0.265136 -0.256354 0.745452
v 0.265251 -0.256002 0.746273
v 0.265251 -0.244877 0.780511
v 0.265136 -0.244680 0.781383
v 0.264802 -0.244656 0.782219
v 0.264281 -0.244808 0.782939
v 0.263625 -0.245122 0.783471
v 0.262898 -0.245567 0.783763
v 0.265007 -0.261403 0.745000
v 0.265747 -0.260889 0.744981
v 0.266414 -0.260338 0.745232
v 0.266944 -0.259805 0.745729
v 0.267284 -0.259341 0.746422
v 0.267401 -0.258991 0.747244
v 0.267401 -0.247866 0.781482
v 0.267284 -0.247666 0.782353
v 0.266944 -0.247634 0.783187
v 0.266414 -0.247774 0.783902
v 0.265747 -0.248072 0.784429
v 0.265007 -0.248498 0.784716
v 0.267126 -0.264491 0.746003
v 0.267875 -0.263991 0.745989
v 0.268550 -0.263452 0.746244
v 0.269087 -0.262928 0.746744
v 0.269431 -0.262470 0.747439
v 0.269550 -0.262122 0.748262
v 0.269550 -0.250998 0.782500
v 0.269431 -0.250795 0.783370
v 0.269087 -0.250757 0.784201
v 0.268550 -0.250887 0.784914
v 0.267875 -0.251173 0.785437
v 0.267126 -0.251587 0.785719
v 0.269278 -0.267737 0.747058
v 0.270033 -0.267245 0.747046
v 0.270714 -0.266714 0.747304
v 0.271255 -0.266197 0.747806
v 0.271602 -0.265742 0.748502
v 0.271721 -0.265396 0.749325
v 0.271721 -0.254272 0.783563
v 0.271602 -0.254068 0.784433
v 0.271255 -0.254026 0.785263
v 0.270714 -0.254150 0.785974
v 0.270033 -0.254428 0.786494
v 0.269278 -0.254832 0.786774
v 0.271489 -0.271139 0.748163
v 0.272247 -0.270652 0.748153
v 0.272930 -0.270126 0.748412
v 0.273473 -0.269612 0.748915
v 0.273822 -0.269160 0.749612
v 0.273942 -0.268814 0.750436
v 0.273942 -0.257690 0.784674
v 0.273822 -0.257485 0.785543
v 0.273473 -0.257441 0.786373
v 0.272930 -0.257561 0.787082
v 0.272247 -0.257835 0.787601
v 0.271489 -0.258235 0.787879
v 0.273780 -0.274699 0.749320
v 0.274537 -0.274211 0.749309
v 0.275221 -0.273683 0.749568
v 0.275763 -0.273168 0.750071
v 0.276111 -0.272715 0.750768
v 0.276231 -0.272370 0.751591
v 0.276231 -0.261245 0.785829
v 0.276111 -0.261041 0.786699
v 0.275763 -0.260997 0.787529
v 0.275221 -0.261118 0.788238
v 0.274537 -0.261393 0.788757
v 0.273780 -0.261794 0.789036
v 0.275044 -0.276631 0.749948
v 0.275798 -0.276137 0.749935
v 0.276478 -0.275605 0.750192
v 0.277017 -0.275085 0.750694
v 0.277364 -0.274630 0.751390
v 0.277483 -0.274284 0.752213
v 0.277483 -0.263159 0.786451
v 0.277364 -0.262956 0.787321
v 0.277017 -0.262915 0.788152
v 0.276478 -0.263040 0.788862
v 0.275798 -0.263320 0.789383
v 0.275044 -0.263727 0.789664
v 0.276245 -0.278432 0.750533
v 0.276994 -0.277931 0.750518
v 0.277670 -0.277393 0.750773
v 0.278207 -0.276869 0.751273
v 0.278551 -0.276411 0.751969
v 0.278670 -0.276064 0.752791
v 0.278670 -0.264939 0.787029
v 0.278551 -0.264736 0.787899
v 0.278207 -0.264698 0.788731
v 0.277670 -0.264828 0.789443
v 0.276994 -0.265114 0.789966
v 0.276245 -0.265527 0.790249
v 0.277408 -0.280139 0.751088
v 0.278153 -0.279632 0.751071
v 0.278824 -0.279087 0.751324
v 0.279357 -0.278558 0.751822
v 0.279699 -0.278097 0.752516
v 0.279817 -0.277749 0.753339
v 0.279817 -0.266624 0.787577
v 0.279699 -0.266422 0.788447
v 0.279357 -0.266387 0.789280
v 0.278824 -0.266523 0.789994
v 0.278153 -0.266815 0.790519
v 0.277408 -0.267235 0.790804
v 0.278560 -0.281794 0.751625
v 0.279300 -0.281279 0.751606
v 0.279967 -0.280728 0.751857
v 0.280496 -0.280194 0.752354
v 0.280836 -0.279729 0.753047
v 0.280953 -0.279380 0.753869
v 0.280953 -0.268255 0.788107
v 0.280836 -0.268055 0.788978
v 0.280496 -0.268023 0.789811
v 0.279967 -0.268163 0.790527
v 0.279300 -0.268462 0.791054
v 0.278560 -0.268889 0.791341
v 0.279727 -0.283433 0.752158
v 0.280462 -0.282912 0.752137
v 0.281125 -0.282355 0.752386
v 0.281651 -0.281816 0.752881
v 0.281988 -0.281349 0.753573
v 0.282105 -0.280998 0.754395
v 0.282105 -0.269873 0.788633
v 0.281988 -0.269674 0.789504
v 0.281651 -0.269646 0.790339
v 0.281125 -0.269791 0.791056
v 0.280462 -0.270095 0.791585
v 0.279727 -0.270529 0.791874
v 0.280935 -0.285098 0.752699
v 0.281666 -0.284571 0.752676
v 0.282325 -0.284009 0.752923
v 0.282848 -0.283466 0.753417
v 0.283183 -0.282996 0.754108
v 0.283299 -0.282644 0.754930
v 0.283299 -0.271519 0.789168
v 0.283183 -0.271321 0.790039
v 0.282848 -0.271295 0.790875
v 0.282325 -0.271444 0.791593
v 0.281666 -0.271754 0.792124
v 0.280935 -0.272194 0.792415
v 0.282211 -0.286828 0.753261
v 0.282938 -0.286296 0.753236
v 0.283593 -0.285729 0.753482
v 0.284114 -0.285183 0.753974
v 0.284448 -0.284710 0.754665
v 0.284563 -0.284358 0.755486
v 0.284563 -0.273233 0.789724
v 0.284448 -0.273035 0.790596
v 0.284114 -0.273012 0.791432
v 0.283593 -0.273164 0.792152
v 0.282938 -0.273478 0.792684
v 0.282211 -0.273923 0.792977
v 0.283580 -0.288660 0.753856
v 0.284304 -0.288125 0.753830
v 0.284958 -0.287555 0.754075
v 0.285476 -0.287006 0.754567
v 0.285809 -0.286532 0.755257
v 0.285924 -0.286179 0.756078
v 0.285924 -0.275054 0.790316
v 0.285809 -0.274857 0.791188
v 0.285476 -0.274835 0.792025
v 0.284958 -0.274990 0.792745
v 0.284304 -0.275307 0.793278
v 0.283580 -0.275756 0.793572
v 0.285069 -0.290635 0.754498
v 0.285792 -0.290098 0.754471
v 0.286444 -0.289525 0.754716
v 0.286961 -0.288975 0.755207
v 0.287293 -0.288500 0.755896
v 0.287408 -0.288146 0.756717
v 0.287408 -0.277022 0.790955
v 0.287293 -0.276825 0.791827
v 0.286961 -0.276804 0.792665
v 0.286444 -0.276961 0.793386
v 0.285792 -0.277280 0.793919
v 0.285069 -0.277731 0.794214
v 0.286705 -0.292792 0.755199
v 0.287427 -0.292253 0.755172
v 0.288077 -0.291680 0.755416
v 0.288594 -0.291128 0.755906
v 0.288926 -0.290653 0.756596
v 0.289040 -0.290299 0.757417
v 0.289040 -0.279174 0.791655
v 0.288926 -0.278978 0.792527
v 0.288594 -0.278958 0.793364
v 0.288077 -0.279115 0.794086
v 0.287427 -0.279436 0.794620
v 0.286705 -0.279888 0.794915
v 0.288513 -0.295171 0.755972
v 0.289234 -0.294631 0.755944
v 0.289885 -0.294057 0.756188
v 0.290401 -0.293505 0.756679
v 0.290733 -0.293029 0.757368
v 0.290847 -0.292676 0.758189
v 0.290847 -0.281551 0.792427
v 0.290733 -0.281355 0.793299
v 0.290401 -0.281334 0.794137
v 0.289885 -0.281493 0.794858
v 0.289234 -0.281814 0.795392
v 0.288513 -0.282266 0.795688
v 0.290520 -0.297809 0.756829
v 0.292262 -0.298612 0.757238
v 0.293834 -0.299249 0.757875
v 0.295081 -0.299658 0.758678
v 0.295882 -0.299799 0.759568
v 0.296158 -0.299658 0.760458
v 0.296158 -0.288534 0.794696
v 0.295882 -0.288125 0.795499
v 0.295081 -0.287488 0.796136
v 0.293834 -0.286685 0.796545
v 0.292262 -0.285795 0.796686
v 0.290520 -0.284905 0.796545
v 0.269460 -0.297809 0.756829
v 0.268974 -0.298612 0.757238
v 0.268536 -0.299249 0.757875
v 0.268188 -0.299658 0.758678
v 0.267965 -0.299799 0.759568
v 0.267888 -0.299658 0.760458
v 0.267888 -0.288534 0.794696
v 0.267965 -0.288125 0.795499
v 0.268188 -0.287488 0.796136
v 0.268536 -0.286685 0.796545
v 0.268974 -0.285795 0.796686
v 0.269460 -0.284905 0.796545
v 0.253260 -0.273843 0.749042
v 0.252515 -0.274262 0.749326
v 0.251842 -0.274553 0.749851
v 0.251309 -0.274687 0.750564
v 0.250966 -0.274651 0.751397
v 0.250848 -0.274450 0.752267
v 0.250848 -0.263325 0.786505
v 0.250966 -0.262977 0.787328
v 0.251309 -0.262516 0.788022
v 0.251842 -0.261988 0.788521
v 0.252515 -0.261444 0.788774
v 0.253260 -0.260938 0.788758
v 0.249388 -0.268283 0.747235
v 0.248654 -0.268718 0.747525
v 0.247992 -0.269024 0.748054
v 0.247466 -0.269170 0.748772
v 0.247129 -0.269142 0.749607
v 0.247013 -0.268943 0.750478
v 0.247013 -0.257818 0.784716
v 0.247129 -0.257467 0.785537
v 0.247466 -0.256999 0.786229
v 0.247992 -0.256459 0.786724
v 0.248654 -0.255901 0.786973
v 0.249388 -0.255378 0.786951
v 0.245847 -0.263543 0.745695
v 0.245132 -0.264004 0.745993
v 0.244487 -0.264333 0.746530
v 0.243975 -0.264497 0.747253
v 0.243647 -0.264481 0.748092
v 0.243534 -0.264286 0.748965
v 0.243534 -0.253161 0.783203
v 0.243647 -0.252806 0.784023
v 0.243975 -0.252326 0.784711
v 0.244487 -0.251768 0.785200
v 0.245132 -0.251186 0.785441
v 0.245847 -0.250638 0.785411
v 0.242601 -0.259559 0.744401
v 0.241912 -0.260052 0.744709
v 0.241290 -0.260409 0.745255
v 0.240797 -0.260596 0.745986
v 0.240480 -0.260594 0.746829
v 0.240371 -0.260404 0.747703
v 0.240371 -0.249279 0.781941
v 0.240480 -0.248919 0.782760
v 0.240797 -0.248425 0.783444
v 0.241290 -0.247844 0.783925
v 0.241912 -0.247234 0.784157
v 0.242601 -0.246654 0.784117
v 0.239613 -0.256267 0.743331
v 0.238959 -0.256798 0.743652
v 0.238369 -0.257190 0.744209
v 0.237900 -0.257404 0.744949
v 0.237600 -0.257420 0.745798
v 0.237496 -0.257236 0.746674
v 0.237496 -0.246112 0.780912
v 0.237600 -0.245746 0.781729
v 0.237900 -0.245233 0.782407
v 0.238369 -0.244625 0.782879
v 0.238959 -0.243981 0.783100
v 0.239613 -0.243363 0.783047
v 0.236849 -0.253603 0.742465
v 0.236241 -0.254179 0.742801
v 0.235693 -0.254612 0.743372
v 0.235259 -0.254859 0.744122
v 0.234980 -0.254896 0.744978
v 0.234883 -0.254719 0.745856
v 0.234883 -0.243594 0.780094
v 0.234980 -0.243221 0.780909
v 0.235259 -0.242688 0.781580
v 0.235693 -0.242047 0.782041
v 0.236241 -0.241362 0.782249
v 0.236849 -0.240698 0.782182
v 0.234270 -0.251502 0.741783
v 0.233726 -0.252130 0.742135
v 0.233234 -0.252609 0.742721
v 0.232845 -0.252892 0.743483
v 0.232594 -0.252952 0.744346
v 0.232508 -0.252784 0.745227
v 0.232508 -0.241659 0.779465
v 0.232594 -0.241278 0.780277
v 0.232845 -0.240721 0.780941
v 0.233234 -0.240044 0.781390
v 0.233726 -0.239312 0.781583
v 0.234270 -0.238598 0.781499
v 0.231841 -0.249901 0.741262
v 0.231378 -0.250582 0.741632
v 0.230960 -0.251109 0.742233
v 0.230628 -0.251430 0.743008
v 0.230415 -0.251515 0.743879
v 0.230342 -0.251355 0.744763
v 0.230342 -0.240230 0.779001
v 0.230415 -0.239841 0.779810
v 0.230628 -0.239260 0.780466
v 0.230960 -0.238544 0.780903
v 0.231378 -0.237764 0.781080
v 0.231841 -0.236996 0.780979
v 0.229527 -0.248735 0.740884
v 0.229161 -0.249465 0.741269
v 0.228831 -0.250036 0.741885
v 0.228569 -0.250393 0.742671
v 0.228401 -0.250501 0.743550
v 0.228343 -0.250348 0.744436
v 0.228343 -0.239224 0.778674
v 0.228401 -0.238826 0.779481
v 0.228569 -0.238222 0.780129
v 0.228831 -0.237472 0.780555
v 0.229161 -0.236647 0.780717
v 0.229527 -0.235830 0.780600
v 0.227289 -0.247939 0.740625
v 0.227031 -0.248708 0.741023
v 0.226798 -0.249314 0.741650
v 0.226613 -0.249698 0.742445
v 0.226495 -0.249823 0.743330
v 0.226454 -0.249677 0.744218
v 0.226454 -0.238552 0.778456
v 0.226495 -0.238148 0.779260
v 0.226613 -0.237527 0.779903
v 0.226798 -0.236749 0.780320
v 0.227031 -0.235890 0.780471
v 0.227289 -0.235035 0.780341
v 0.225093 -0.247451 0.740466
v 0.224939 -0.248242 0.740872
v 0.224800 -0.248869 0.741506
v 0.224690 -0.249270 0.742306
v 0.224619 -0.249406 0.743194
v 0.224595 -0.249263 0.744083
v 0.224595 -0.238138 0.778321
v 0.224619 -0.237731 0.779125
v 0.224690 -0.237099 0.779764
v 0.224800 -0.236305 0.780175
v 0.224939 -0.235425 0.780320
v 0.225093 -0.234546 0.780183
v 0.222902 -0.247205 0.740386
v 0.222836 -0.248006 0.740795
v 0.222776 -0.248642 0.741432
v 0.222728 -0.249050 0.742234
v 0.222697 -0.249190 0.743124
v 0.222687 -0.249049 0.744014
v 0.222687 -0.237924 0.778252
v 0.222697 -0.237515 0.779055
v 0.222728 -0.236879 0.779692
v 0.222776 -0.236077 0.780102
v 0.222836 -0.235189 0.780243
v 0.222902 -0.234300 0.780103
v 0.220680 -0.247137 0.740364
v 0.220666 -0.247940 0.740773
v 0.220653 -0.248577 0.741411
v 0.220643 -0.248986 0.742213
v 0.220636 -0.249127 0.743104
v 0.220634 -0.248986 0.743993
v 0.220634 -0.237861 0.778232
v 0.220636 -0.237452 0.779034
v 0.220643 -0.236815 0.779671
v 0.220653 -0.236012 0.780081
v 0.220666 -0.235122 0.780222
v 0.220680 -0.234232 0.780081
v 0.213300 -0.247137 0.740364
v 0.214190 -0.247940 0.740773
v 0.214993 -0.248577 0.741411
v 0.215630 -0.248986 0.742213
v 0.216039 -0.249127 0.743104
v 0.216180 -0.248986 0.743993
v 0.216180 -0.237861 0.778232
v 0.216039 -0.237452 0.779034
v 0.215630 -0.236815 0.779671
v 0.214993 -0.236012 0.780081
v 0.214190 -0.235122 0.780222
v 0.213300 -0.234232 0.780081
v 0.213300 -0.297809 0.756829
v 0.214190 -0.298612 0.757238
v 0.214993 -0.299249 0.757875
v 0.215630 -0.299658 0.758678
v 0.216039 -0.299799 0.759568
v 0.216180 -0.299658 0.760458
v 0.216180 -0.288534 0.794696
v 0.216039 -0.288125 0.795499
v 0.215630 -0.287488 0.796136
v 0.214993 -0.286685 0.796545
v 0.214190 -0.285795 0.796686
v 0.213300 -0.284905 0.796545
v 0.195660 -0.297809 0.756829
v 0.194770 -0.298612 0.757238
v 0.193967 -0.299249 0.757875
v 0.193330 -0.299658 0.758678
v 0.192921 -0.299799 0.759568
v 0.192780 -0.299658 0.760458
v 0.192780 -0.288534 0.794696
v 0.192921 -0.288125 0.795499
v 0.193330 -0.287488 0.796136
v 0.193967 -0.286685 0.796545
v 0.194770 -0.285795 0.796686
v 0.195660 -0.284905 0.796545
v 0.195660 -0.181058 0.718894
v 0.194770 -0.180168 0.718753
v 0.193967 -0.179278 0.718894
v 0.193330 -0.178475 0.719303
v 0.192921 -0.177838 0.719940
v 0.192780 -0.177429 0.720743
v 0.192780 -0.166304 0.754981
v 0.192921 -0.166163 0.755871
v 0.193330 -0.166304 0.756761
v 0.193967 -0.166713 0.757564
v 0.194770 -0.167350 0.758201
v 0.195660 -0.168153 0.758610
v 0.226620 -0.181058 0.718894
v 0.226640 -0.180168 0.718753
v 0.226658 -0.179278 0.718894
v 0.226672 -0.178475 0.719303
v 0.226682 -0.177838 0.719940
v 0.226685 -0.177429 0.720743
v 0.226685 -0.166304 0.754981
v 0.226682 -0.166163 0.755871
v 0.226672 -0.166304 0.756761
v 0.226658 -0.166713 0.757564
v 0.226640 -0.167350 0.758201
v 0.226620 -0.168153 0.758610
v 0.224640 -0.232072 0.735470
v 0.224620 -0.231182 0.735329
v 0.224603 -0.230292 0.735470
v 0.224588 -0.229490 0.735879
v 0.224579 -0.228852 0.736516
v 0.224576 -0.228443 0.737319
v 0.224576 -0.217319 0.771557
v 0.224579 -0.217178 0.772447
v 0.224588 -0.217319 0.773337
v 0.224603 -0.217728 0.774140
v 0.224620 -0.218365 0.774777
v 0.224640 -0.219168 0.775186
v 0.229088 -0.231885 0.735409
v 0.229004 -0.230998 0.735269
v 0.228928 -0.230110 0.735410
v 0.228868 -0.229309 0.735820
v 0.228830 -0.228673 0.736458
v 0.228816 -0.228265 0.737261
v 0.228816 -0.217140 0.771499
v 0.228830 -0.216999 0.772388
v 0.228868 -0.217138 0.773278
v 0.228928 -0.217545 0.774080
v 0.229004 -0.218180 0.774717
v 0.229088 -0.218980 0.775125
v 0.233002 -0.231342 0.735232
v 0.232822 -0.230468 0.735097
v 0.232660 -0.229593 0.735242
v 0.232531 -0.228801 0.735655
v 0.232448 -0.228172 0.736295
v 0.232420 -0.227765 0.737098
v 0.232420 -0.216640 0.771336
v 0.232448 -0.216497 0.772225
v 0.232531 -0.216631 0.773113
v 0.232660 -0.217028 0.773912
v 0.232822 -0.217651 0.774545
v 0.233002 -0.218438 0.774949
v 0.236408 -0.230475 0.734951
v 0.236120 -0.229629 0.734824
v 0.235860 -0.228778 0.734978
v 0.235654 -0.228006 0.735397
v 0.235522 -0.227389 0.736040
v 0.235477 -0.226987 0.736845
v 0.235477 -0.215862 0.771084
v 0.235522 -0.215715 0.771971
v 0.235654 -0.215836 0.772855
v 0.235860 -0.216213 0.773647
v 0.236120 -0.216811 0.774272
v 0.236408 -0.217571 0.774667
v 0.239333 -0.229314 0.734573
v 0.238929 -0.228514 0.734462
v 0.238565 -0.227705 0.734629
v 0.238275 -0.226966 0.735059
v 0.238089 -0.226370 0.735709
v 0.238025 -0.225975 0.736517
v 0.238025 -0.214851 0.770755
v 0.238089 -0.214696 0.771640
v 0.238275 -0.214795 0.772517
v 0.238565 -0.215140 0.773299
v 0.238929 -0.215696 0.773910
v 0.239333 -0.216410 0.774290
v 0.241807 -0.227889 0.734110
v 0.241284 -0.227157 0.734021
v 0.240813 -0.226409 0.734208
v 0.240439 -0.225719 0.734654
v 0.240199 -0.225155 0.735314
v 0.240116 -0.224771 0.736125
v 0.240116 -0.213646 0.770363
v 0.240199 -0.213480 0.771245
v 0.240439 -0.213549 0.772112
v 0.240813 -0.213845 0.772878
v 0.241284 -0.214340 0.773469
v 0.241807 -0.214985 0.773827
v 0.243855 -0.226230 0.733571
v 0.243222 -0.225588 0.733511
v 0.242651 -0.224921 0.733724
v 0.242198 -0.224295 0.734191
v 0.241907 -0.223772 0.734865
v 0.241807 -0.223402 0.735681
v 0.241807 -0.212277 0.769919
v 0.241907 -0.212097 0.770796
v 0.242198 -0.212124 0.771649
v 0.242651 -0.212356 0.772394
v 0.243222 -0.212770 0.772959
v 0.243855 -0.213326 0.773288
v 0.245506 -0.224368 0.732966
v 0.244779 -0.223832 0.732940
v 0.244124 -0.223260 0.733185
v 0.243603 -0.222710 0.733676
v 0.243269 -0.222235 0.734366
v 0.243154 -0.221882 0.735187
v 0.243154 -0.210757 0.769425
v 0.243269 -0.210560 0.770297
v 0.243603 -0.210539 0.771134
v 0.244124 -0.210695 0.771855
v 0.244779 -0.211014 0.772388
v 0.245506 -0.211464 0.772683
v 0.246787 -0.222333 0.732305
v 0.245989 -0.221910 0.732316
v 0.245269 -0.221441 0.732594
v 0.244697 -0.220972 0.733111
v 0.244330 -0.220549 0.733818
v 0.244204 -0.220214 0.734645
v 0.244204 -0.209089 0.768883
v 0.244330 -0.208874 0.769749
v 0.244697 -0.208801 0.770569
v 0.245269 -0.208876 0.771263
v 0.245989 -0.209092 0.771764
v 0.246787 -0.209429 0.772021
v 0.247725 -0.220156 0.731598
v 0.246879 -0.219845 0.731645
v 0.246115 -0.219477 0.731955
v 0.245509 -0.219088 0.732499
v 0.245120 -0.218717 0.733223
v 0.244986 -0.218399 0.734055
v 0.244986 -0.207275 0.768293
v 0.245120 -0.207042 0.769153
v 0.245509 -0.206917 0.769957
v 0.246115 -0.206912 0.770625
v 0.246879 -0.207027 0.771093
v 0.247725 -0.207251 0.771314
v 0.248348 -0.217866 0.730854
v 0.247473 -0.217659 0.730935
v 0.246684 -0.217386 0.731276
v 0.246058 -0.217072 0.731844
v 0.245656 -0.216749 0.732583
v 0.245517 -0.216448 0.733421
v 0.245517 -0.205323 0.767659
v 0.245656 -0.205074 0.768514
v 0.246058 -0.204901 0.769302
v 0.246684 -0.204821 0.769946
v 0.247473 -0.204842 0.770383
v 0.248348 -0.204961 0.770570
v 0.248684 -0.215494 0.730083
v 0.247796 -0.215381 0.730195
v 0.246995 -0.215192 0.730563
v 0.246359 -0.214946 0.731153
v 0.245951 -0.214666 0.731906
v 0.245810 -0.214380 0.732749
v 0.245810 -0.203255 0.766987
v 0.245951 -0.202991 0.767837
v 0.246359 -0.202775 0.768611
v 0.246995 -0.202628 0.769233
v 0.247796 -0.202564 0.769643
v 0.248684 -0.202589 0.769799
v 0.248760 -0.213070 0.729295
v 0.247869 -0.213042 0.729435
v 0.247065 -0.212930 0.729828
v 0.246428 -0.212744 0.730438
v 0.246018 -0.212503 0.731204
v 0.245877 -0.212231 0.732051
v 0.245877 -0.201106 0.766289
v 0.246018 -0.200829 0.767135
v 0.246428 -0.200573 0.767896
v 0.247065 -0.200365 0.768498
v 0.247869 -0.200225 0.768883
v 0.248760 -0.200166 0.769012
v 0.248574 -0.210422 0.728435
v 0.247690 -0.210483 0.728603
v 0.246892 -0.210452 0.729023
v 0.246258 -0.210330 0.729653
v 0.245852 -0.210130 0.730433
v 0.245712 -0.209872 0.731284
v 0.245712 -0.198747 0.765522
v 0.245852 -0.198455 0.766363
v 0.246258 -0.198159 0.767111
v 0.246892 -0.197887 0.767693
v 0.247690 -0.197666 0.768051
v 0.248574 -0.197517 0.768151
v 0.248098 -0.207960 0.727635
v 0.247234 -0.208125 0.727837
v 0.246454 -0.208187 0.728287
v 0.245835 -0.208140 0.728942
v 0.245438 -0.207988 0.729736
v 0.245301 -0.207746 0.730594
v 0.245301 -0.196621 0.764832
v 0.245438 -0.196313 0.765667
v 0.245835 -0.195969 0.766400
v 0.246454 -0.195622 0.766957
v 0.247234 -0.195308 0.767285
v 0.248098 -0.195055 0.767351
v 0.247320 -0.205693 0.726898
v 0.246495 -0.205973 0.727138
v 0.245751 -0.206139 0.727622
v 0.245160 -0.206173 0.728303
v 0.244781 -0.206074 0.729115
v 0.244650 -0.205850 0.729978
v 0.244650 -0.194726 0.764216
v 0.244781 -0.194399 0.765046
v 0.245160 -0.194003 0.765761
v 0.245751 -0.193574 0.766291
v 0.246495 -0.193156 0.766586
v 0.247320 -0.192788 0.766615
v 0.246227 -0.203629 0.726228
v 0.245465 -0.204029 0.726506
v 0.244777 -0.204302 0.727025
v 0.244232 -0.204422 0.727734
v 0.243882 -0.204377 0.728563
v 0.243761 -0.204172 0.729433
v 0.243761 -0.193048 0.763671
v 0.243882 -0.192703 0.764494
v 0.244232 -0.192251 0.765192
v 0.244777 -0.191737 0.765695
v 0.245465 -0.191211 0.765954
v 0.246227 -0.190725 0.765944
v 0.244806 -0.201777 0.725626
v 0.244131 -0.202290 0.725941
v 0.243522 -0.202666 0.726493
v 0.243039 -0.202867 0.727229
v 0.242729 -0.202875 0.728075
v 0.242622 -0.202688 0.728950
v 0.242622 -0.191563 0.763188
v 0.242729 -0.191200 0.764006
v 0.243039 -0.190696 0.764687
v 0.243522 -0.190101 0.765163
v 0.244131 -0.189473 0.765389
v 0.244806 -0.188873 0.765342
v 0.243045 -0.200145 0.725096
v 0.242476 -0.200756 0.725443
v 0.241962 -0.201220 0.726023
v 0.241555 -0.201492 0.726782
v 0.241293 -0.201544 0.727643
v 0.241203 -0.201373 0.728523
v 0.241203 -0.190248 0.762761
v 0.241293 -0.189870 0.763574
v 0.241555 -0.189321 0.764240
v 0.241962 -0.188655 0.764693
v 0.242476 -0.187939 0.764891
v 0.243045 -0.187241 0.764812
v 0.240932 -0.198742 0.724640
v 0.240477 -0.199428 0.725011
v 0.240067 -0.199961 0.725614
v 0.239741 -0.200287 0.726390
v 0.239532 -0.200374 0.727263
v 0.239460 -0.200215 0.728147
v 0.239460 -0.189090 0.762385
v 0.239532 -0.188700 0.763194
v 0.239741 -0.188116 0.763848
v 0.240067 -0.187396 0.764284
v 0.240477 -0.186611 0.764459
v 0.240932 -0.185837 0.764356
v 0.238453 -0.197574 0.724261
v 0.238111 -0.198314 0.724649
v 0.237803 -0.198894 0.725268
v 0.237558 -0.199258 0.726056
v 0.237401 -0.199370 0.726937
v 0.237346 -0.199219 0.727823
v 0.237346 -0.188095 0.762061
v 0.237401 -0.187696 0.762867
v 0.237558 -0.187088 0.763514
v 0.237803 -0.186330 0.763938
v 0.238111 -0.185497 0.764097
v 0.238453 -0.184670 0.763977
v 0.235598 -0.196652 0.723961
v 0.235359 -0.197425 0.724360
v 0.235145 -0.198036 0.724989
v 0.234974 -0.198424 0.725785
v 0.234865 -0.198551 0.726670
v 0.234827 -0.198406 0.727559
v 0.234827 -0.187281 0.761797
v 0.234865 -0.186877 0.762601
v 0.234974 -0.186253 0.763243
v 0.235145 -0.185471 0.763659
v 0.235359 -0.184608 0.763808
v 0.235598 -0.183747 0.763677
v 0.232352 -0.195983 0.723743
v 0.232205 -0.196775 0.724149
v 0.232073 -0.197403 0.724783
v 0.231968 -0.197804 0.725584
v 0.231901 -0.197940 0.726472
v 0.231878 -0.197798 0.727361
v 0.231878 -0.186673 0.761599
v 0.231901 -0.186266 0.762403
v 0.231968 -0.185633 0.763041
v 0.232073 -0.184838 0.763453
v 0.232205 -0.183958 0.763597
v 0.232352 -0.183078 0.763460
v 0.228703 -0.195575 0.723611
v 0.228635 -0.196376 0.724020
v 0.228574 -0.197012 0.724656
v 0.228526 -0.197420 0.725459
v 0.228494 -0.197560 0.726348
v 0.228484 -0.197419 0.727238
v 0.228484 -0.186294 0.761476
v 0.228494 -0.185885 0.762279
v 0.228526 -0.185249 0.762917
v 0.228574 -0.184447 0.763326
v 0.228635 -0.183559 0.763467
v 0.228703 -0.182671 0.763327
v 0.224640 -0.195438 0.723566
v 0.224624 -0.196240 0.723975
v 0.224610 -0.196878 0.724612
v 0.224599 -0.197287 0.725415
v 0.224591 -0.197428 0.726305
v 0.224589 -0.197287 0.727195
v 0.224589 -0.186162 0.761433
v 0.224591 -0.185753 0.762236
v 0.224599 -0.185116 0.762873
v 0.224610 -0.184313 0.763282
v 0.224624 -0.183423 0.763423
v 0.224640 -0.182533 0.763282
v 0.213300 -0.195438 0.723566
v 0.214190 -0.196240 0.723975
v 0.214993 -0.196878 0.724612
v 0.215630 -0.197287 0.725415
v 0.216039 -0.197428 0.726305
v 0.216180 -0.197287 0.727195
v 0.216180 -0.186162 0.761433
v 0.216039 -0.185753 0.762236
v 0.215630 -0.185116 0.762873
v 0.214993 -0.184313 0.763282
v 0.214190 -0.183423 0.763423
v 0.213300 -0.182533 0.763282
v 0.213300 -0.232072 0.735470
v 0.214190 -0.231182 0.735329
v 0.214993 -0.230292 0.735470
v 0.215630 -0.229490 0.735879
v 0.216039 -0.228852 0.736516
v 0.216180 -0.228443 0.737319
v 0.216180 -0.217319 0.771557
v 0.216039 -0.217178 0.772447
v 0.215630 -0.217319 0.773337
v 0.214993 -0.217728 0.774140
v 0.214190 -0.218365 0.774777
v 0.213300 -0.219168 0.775186
v 0.321660 -0.196122 0.723789
v 0.322550 -0.196925 0.724198
v 0.323353 -0.197562 0.724835
v 0.323990 -0.197971 0.725638
v 0.324399 -0.198112 0.726528
v 0.324540 -0.197971 0.727418
v 0.324540 -0.186847 0.761656
v 0.324399 -0.186438 0.762459
v 0.323990 -0.185801 0.763096
v 0.323353 -0.184998 0.763505
v 0.322550 -0.184108 0.763646
v 0.321660 -0.183218 0.763505
v 0.321660 -0.231388 0.735247
v 0.322550 -0.230498 0.735106
v 0.323353 -0.229608 0.735247
v 0.323990 -0.228805 0.735656
v 0.324399 -0.228168 0.736293
v 0.324540 -0.227759 0.737096
v 0.324540 -0.216634 0.771334
v 0.324399 -0.216493 0.772224
v 0.323990 -0.216634 0.773114
v 0.323353 -0.217043 0.773917
v 0.322550 -0.217680 0.774554
v 0.321660 -0.218483 0.774963
v 0.371880 -0.231388 0.735247
v 0.372770 -0.230498 0.735106
v 0.373573 -0.229608 0.735247
v 0.374210 -0.228805 0.735656
v 0.374619 -0.228168 0.736293
v 0.374760 -0.227759 0.737096
v 0.374760 -0.216634 0.771334
v 0.374619 -0.216493 0.772224
v 0.374210 -0.216634 0.773114
v 0.373573 -0.217043 0.773917
v 0.372770 -0.217680 0.774554
v 0.371880 -0.218483 0.774963
v 0.371880 -0.246452 0.740142
v 0.372770 -0.247255 0.740551
v 0.373573 -0.247892 0.741188
v 0.374210 -0.248301 0.741991
v 0.374619 -0.248442 0.742881
v 0.374760 -0.248301 0.743771
v 0.374760 -0.237177 0.778009
v 0.374619 -0.236768 0.778812
v 0.374210 -0.236131 0.779449
v 0.373573 -0.235328 0.779858
v 0.372770 -0.234438 0.779999
v 0.371880 -0.233548 0.779858
v 0.321660 -0.246452 0.740142
v 0.322550 -0.247255 0.740551
v 0.323353 -0.247892 0.741188
v 0.323990 -0.248301 0.741991
v 0.324399 -0.248442 0.742881
v 0.324540 -0.248301 0.743771
v 0.324540 -0.237177 0.778009
v 0.324399 -0.236768 0.778812
v 0.323990 -0.236131 0.779449
v 0.323353 -0.235328 0.779858
v 0.322550 -0.234438 0.779999
v 0.321660 -0.233548 0.779858
v 0.321660 -0.282745 0.751934
v 0.322550 -0.281855 0.751793
v 0.323353 -0.280965 0.751934
v 0.323990 -0.280162 0.752343
v 0.324399 -0.279525 0.752980
v 0.324540 -0.279116 0.753783
v 0.324540 -0.267991 0.788021
v 0.324399 -0.267850 0.788911
v 0.323990 -0.267991 0.789801
v 0.323353 -0.268400 0.790604
v 0.322550 -0.269037 0.791241
v 0.321660 -0.269840 0.791650
v 0.375300 -0.282745 0.751934
v 0.376190 -0.281855 0.751793
v 0.376993 -0.280965 0.751934
v 0.377630 -0.280162 0.752343
v 0.378039 -0.279525 0.752980
v 0.378180 -0.279116 0.753783
v 0.378180 -0.267991 0.788021
v 0.378039 -0.267850 0.788911
v 0.377630 -0.267991 0.789801
v 0.376993 -0.268400 0.790604
v 0.376190 -0.269037 0.791241
v 0.375300 -0.269840 0.791650
v 0.375300 -0.297809 0.756829
v 0.376190 -0.298612 0.757238
v 0.376993 -0.299249 0.757875
v 0.377630 -0.299658 0.758678
v 0.378039 -0.299799 0.759568
v 0.378180 -0.299658 0.760458
v 0.378180 -0.288534 0.794696
v 0.378039 -0.288125 0.795499
v 0.377630 -0.287488 0.796136
v 0.376993 -0.286685 0.796545
v 0.376190 -0.285795 0.796686
v 0.375300 -0.284905 0.796545
v 0.304020 -0.297809 0.756829
v 0.303130 -0.298612 0.757238
v 0.302327 -0.299249 0.757875
v 0.301690 -0.299658 0.758678
v 0.301281 -0.299799 0.759568
v 0.301140 -0.299658 0.760458
v 0.301140 -0.288534 0.794696
v 0.301281 -0.288125 0.795499
v 0.301690 -0.287488 0.796136
v 0.302327 -0.286685 0.796545
v 0.303130 -0.285795 0.796686
v 0.304020 -0.284905 0.796545
v 0.304020 -0.181058 0.718894
v 0.303130 -0.180168 0.718753
v 0.302327 -0.179278 0.718894
v 0.301690 -0.178475 0.719303
v 0.301281 -0.177838 0.719940
v 0.301140 -0.177429 0.720743
v 0.301140 -0.166304 0.754981
v 0.301281 -0.166163 0.755871
v 0.301690 -0.166304 0.756761
v 0.302327 -0.166713 0.757564
v 0.303130 -0.167350 0.758201
v 0.304020 -0.168153 0.758610
v 0.373680 -0.181058 0.718894
v 0.374570 -0.180168 0.718753
v 0.375373 -0.179278 0.718894
v 0.376010 -0.178475 0.719303
v 0.376419 -0.177838 0.719940
v 0.376560 -0.177429 0.720743
v 0.376560 -0.166304 0.754981
v 0.376419 -0.166163 0.755871
v 0.376010 -0.166304 0.756761
v 0.375373 -0.166713 0.757564
v 0.374570 -0.167350 0.758201
v 0.373680 -0.168153 0.758610
v 0.373680 -0.196122 0.723789
v 0.374570 -0.196925 0.724198
v 0.375373 -0.197562 0.724835
v 0.376010 -0.197971 0.725638
v 0.376419 -0.198112 0.726528
v 0.376560 -0.197971 0.727418
v 0.376560 -0.186847 0.761656
v 0.376419 -0.186438 0.762459
v 0.376010 -0.185801 0.763096
v 0.375373 -0.184998 0.763505
v 0.374570 -0.184108 0.763646
v 0.373680 -0.183218 0.763505
vn -0.0000 0.3090 0.9511
vn -0.0000 -0.3090 -0.9511
vn -0.1976 -0.5167 -0.8330
vn -0.1831 -0.5275 -0.8296
vn -0.0935 -0.4244 -0.9006
vn -0.1009 -0.4188 -0.9024
vn -0.3779 -0.6761 -0.6326
vn -0.3503 -0.6968 -0.6259
vn -0.5212 -0.7692 -0.3697
vn -0.4832 -0.7978 -0.3605
vn -0.6134 -0.7867 -0.0703
vn -0.5687 -0.8204 -0.0594
vn -0.6431 -0.7487 0.1606
vn -0.5963 -0.7841 0.1721
vn -0.6431 -0.7001 0.3101
vn -0.5963 -0.7355 0.3216
vn -0.6134 -0.5951 0.5193
vn -0.5687 -0.6288 0.5303
vn -0.5212 -0.4049 0.7512
vn -0.4832 -0.4335 0.7606
vn -0.3779 -0.1751 0.9091
vn -0.3503 -0.1958 0.9159
vn -0.1976 0.0716 0.9777
vn -0.1831 0.0609 0.9812
vn -0.1009 0.1916 0.9763
vn -0.0935 0.1860 0.9781
vn -0.1675 -0.5378 -0.8263
vn -0.0856 -0.4297 -0.8989
vn -0.3204 -0.7166 -0.6195
vn -0.4420 -0.8252 -0.3517
vn -0.5202 -0.8526 -0.0490
vn -0.5455 -0.8179 0.1831
vn -0.5455 -0.7693 0.3326
vn -0.5202 -0.6610 0.5408
vn -0.4420 -0.4609 0.7696
vn -0.3204 -0.2156 0.9224
vn -0.1675 0.0506 0.9846
vn -0.0856 0.1807 0.9798
vn -0.1507 -0.5474 -0.8232
vn -0.0770 -0.4346 -0.8973
vn -0.2883 -0.7351 -0.6136
vn -0.3978 -0.8508 -0.3434
vn -0.4682 -0.8828 -0.0392
vn -0.4909 -0.8495 0.1933
vn -0.4909 -0.8009 0.3429
vn -0.4682 -0.6911 0.5506
vn -0.3978 -0.4864 0.7779
vn -0.2883 -0.2341 0.9285
vn -0.1507 0.0409 0.9877
vn -0.0770 0.1758 0.9814
vn -0.1329 -0.5562 -0.8203
vn -0.0679 -0.4392 -0.8958
vn -0.2543 -0.7520 -0.6081
vn -0.3509 -0.8741 -0.3359
vn -0.4130 -0.9102 -0.0303
vn -0.4331 -0.8783 0.2027
vn -0.4331 -0.8297 0.3523
vn -0.4130 -0.7185 0.5596
vn -0.3509 -0.5097 0.7855
vn -0.2543 -0.2510 0.9340
vn -0.1329 0.0322 0.9906
vn -0.0679 0.1713 0.9829
vn -0.1143 -0.5640 -0.8178
vn -0.0584 -0.4431 -0.8945
vn -0.2188 -0.7669 -0.6033
vn -0.3019 -0.8947 -0.3292
vn -0.3554 -0.9345 -0.0225
vn -0.3727 -0.9037 0.2109
vn -0.3727 -0.8551 0.3605
vn -0.3554 -0.7428 0.5674
vn -0.3019 -0.5303 0.7922
vn -0.2188 -0.2659 0.9388
vn -0.1143 0.0244 0.9931
vn -0.0584 0.1673 0.9842
vn -0.0952 -0.5707 -0.8157
vn -0.0487 -0.4465 -0.8934
vn -0.1822 -0.7796 -0.5991
vn -0.2515 -0.9122 -0.3235
vn -0.2960 -0.9551 -0.0158
vn -0.3103 -0.9253 0.2180
vn -0.3103 -0.8767 0.3675
vn -0.2960 -0.7634 0.5741
vn -0.2515 -0.5478 0.7979
vn -0.1822 -0.2786 0.9430
vn -0.0952 0.0178 0.9953
vn -0.0487 0.1639 0.9853
vn -0.0758 -0.5761 -0.8139
vn -0.0387 -0.4493 -0.8926
vn -0.1451 -0.7899 -0.5958
vn -0.2002 -0.9264 -0.3189
vn -0.2356 -0.9718 -0.0103
vn -0.2470 -0.9428 0.2237
vn -0.2470 -0.8942 0.3732
vn -0.2356 -0.7801 0.5796
vn -0.2002 -0.5621 0.8025
vn -0.1451 -0.2889 0.9463
vn -0.0758 0.0123 0.9970
vn -0.0387 0.1612 0.9862
vn -0.0563 -0.5802 -0.8125
vn -0.0288 -0.4514 -0.8919
vn -0.1078 -0.7978 -0.5932
vn -0.1488 -0.9373 -0.3153
vn -0.1751 -0.9845 -0.0062
vn -0.1836 -0.9562 0.2280
vn -0.1836 -0.9076 0.3776
vn -0.1751 -0.7929 0.5837
vn -0.1488 -0.5729 0.8060
vn -0.1078 -0.2968 0.9488
vn -0.0563 0.0082 0.9984
vn -0.0288 0.1591 0.9868
vn -0.0371 -0.5831 -0.8115
vn -0.0190 -0.4528 -0.8914
vn -0.0710 -0.8033 -0.5914
vn -0.0979 -0.9447 -0.3128
vn -0.1153 -0.9933 -0.0033
vn -0.1209 -0.9654 0.2310
vn -0.1209 -0.9168 0.3806
vn -0.1153 -0.8017 0.5865
vn -0.0979 -0.5804 0.8084
vn -0.0710 -0.3023 0.9506
vn -0.0371 0.0053 0.9993
vn -0.0190 0.1576 0.9873
vn -0.0183 -0.5848 -0.8109
vn -0.0094 -0.4537 -0.8911
vn -0.0350 -0.8065 -0.5903
vn -0.0483 -0.9491 -0.3114
vn -0.0569 -0.9984 -0.0016
vn -0.0597 -0.9707 0.2327
vn -0.0597 -0.9221 0.3823
vn -0.0569 -0.8068 0.5881
vn -0.0483 -0.5848 0.8097
vn -0.0350 -0.3055 0.9515
vn -0.0183 0.0035 0.9998
vn -0.0094 0.1568 0.9876
vn 0.0022 -0.5848 -0.8112
vn 0.0011 -0.4539 -0.8911
vn 0.0042 -0.8071 -0.5904
vn 0.0058 -0.9503 -0.3114
vn 0.0069 -1.0000 -0.0013
vn 0.0072 -0.9724 0.2332
vn 0.0072 -0.9238 0.3829
vn 0.0069 -0.8082 0.5889
vn 0.0058 -0.5858 0.8105
vn 0.0042 -0.3059 0.9521
vn 0.0022 0.0037 1.0000
vn 0.0011 0.1565 0.9877
vn 0.0274 -0.5828 -0.8121
vn 0.0141 -0.4532 -0.8913
vn 0.0526 -0.8043 -0.5919
vn 0.0727 -0.9470 -0.3131
vn 0.0856 -0.9963 -0.0029
vn 0.0897 -0.9686 0.2319
vn 0.0897 -0.9199 0.3817
vn 0.0856 -0.8043 0.5880
vn 0.0727 -0.5821 0.8099
vn 0.0526 -0.3028 0.9516
vn 0.0274 0.0058 0.9996
vn 0.0141 0.1572 0.9875
vn 0.0560 -0.5788 -0.8135
vn 0.0288 -0.4513 -0.8919
vn 0.1076 -0.7969 -0.5945
vn 0.1486 -0.9369 -0.3165
vn 0.1750 -0.9845 -0.0069
vn 0.1836 -0.9562 0.2279
vn 0.1836 -0.9076 0.3777
vn 0.1750 -0.7925 0.5843
vn 0.1486 -0.5719 0.8068
vn 0.1076 -0.2952 0.9494
vn 0.0560 0.0099 0.9984
vn 0.0288 0.1592 0.9868
vn 0.0859 -0.5716 -0.8160
vn 0.0442 -0.4477 -0.8931
vn 0.1651 -0.7835 -0.5991
vn 0.2282 -0.9186 -0.3227
vn 0.2688 -0.9631 -0.0140
vn 0.2819 -0.9337 0.2206
vn 0.2819 -0.8851 0.3704
vn 0.2688 -0.7709 0.5774
vn 0.2282 -0.5534 0.8010
vn 0.1651 -0.2817 0.9452
vn 0.0859 0.0172 0.9962
vn 0.0442 0.1627 0.9857
vn 0.1170 -0.5608 -0.8197
vn 0.0602 -0.4423 -0.8949
vn 0.2250 -0.7630 -0.6060
vn 0.3110 -0.8905 -0.3322
vn 0.3664 -0.9301 -0.0249
vn 0.3844 -0.8991 0.2093
vn 0.3844 -0.8504 0.3592
vn 0.3664 -0.7378 0.5669
vn 0.3110 -0.5252 0.7921
vn 0.2250 -0.2611 0.9387
vn 0.1170 0.0281 0.9927
vn 0.0602 0.1682 0.9839
vn 0.1489 -0.5454 -0.8248
vn 0.0767 -0.4346 -0.8974
vn 0.2866 -0.7340 -0.6157
vn 0.3963 -0.8506 -0.3454
vn 0.4671 -0.8833 -0.0403
vn 0.4900 -0.8500 0.1933
vn 0.4900 -0.8013 0.3433
vn 0.4671 -0.6909 0.5518
vn 0.3963 -0.4851 0.7795
vn 0.2866 -0.2319 0.9296
vn 0.1489 0.0435 0.9879
vn 0.0767 0.1759 0.9814
vn 0.1810 -0.5250 -0.8317
vn 0.0934 -0.4242 -0.9008
vn 0.3487 -0.6950 -0.6288
vn 0.4825 -0.7970 -0.3633
vn 0.5688 -0.8202 -0.0611
vn 0.5967 -0.7839 0.1717
vn 0.5967 -0.7351 0.3218
vn 0.5688 -0.6277 0.5315
vn 0.4825 -0.4313 0.7624
vn 0.3487 -0.1927 0.9172
vn 0.1810 0.0641 0.9814
vn 0.0934 0.1863 0.9780
vn 0.2123 -0.4987 -0.8404
vn 0.1097 -0.4107 -0.9051
vn 0.4094 -0.6448 -0.6454
vn 0.5668 -0.7278 -0.3862
vn 0.6683 -0.7387 -0.0878
vn 0.7011 -0.6984 0.1439
vn 0.7011 -0.6496 0.2941
vn 0.6683 -0.5460 0.5053
vn 0.5668 -0.3618 0.7402
vn 0.4094 -0.1423 0.9012
vn 0.2123 0.0905 0.9730
vn 0.1097 0.1997 0.9737
vn 0.2413 -0.4663 -0.8511
vn 0.1249 -0.3941 -0.9105
vn 0.4658 -0.5827 -0.6659
vn 0.6450 -0.6420 -0.4144
vn 0.7608 -0.6377 -0.1209
vn 0.7982 -0.5923 0.1094
vn 0.7982 -0.5435 0.2597
vn 0.7608 -0.4448 0.4727
vn 0.6450 -0.2758 0.7126
vn 0.4658 -0.0800 0.8813
vn 0.2413 0.1230 0.9626
vn 0.1249 0.2164 0.9683
vn 0.2662 -0.4282 -0.8636
vn 0.1379 -0.3744 -0.9169
vn 0.5142 -0.5094 -0.6900
vn 0.7123 -0.5405 -0.4477
vn 0.8403 -0.5180 -0.1600
vn 0.8817 -0.4667 0.0686
vn 0.8817 -0.4179 0.2189
vn 0.8403 -0.3250 0.4339
vn 0.7123 -0.1741 0.6799
vn 0.5142 -0.0065 0.8577
vn 0.2662 0.1612 0.9504
vn 0.1379 0.2360 0.9619
vn 0.2852 -0.3855 -0.8775
vn 0.1479 -0.3523 -0.9241
vn 0.5511 -0.4270 -0.7169
vn 0.7636 -0.4264 -0.4849
vn 0.9008 -0.3834 -0.2038
vn 0.9453 -0.3255 0.0226
vn 0.9453 -0.2766 0.1730
vn 0.9008 -0.1904 0.3903
vn 0.7636 -0.0600 0.6429
vn 0.5511 0.0760 0.8310
vn 0.2852 0.2039 0.9365
vn 0.1479 0.2582 0.9547
vn 0.2970 -0.3403 -0.8922
vn 0.1539 -0.3289 -0.9317
vn 0.5738 -0.3395 -0.7453
vn 0.7950 -0.3052 -0.5242
vn 0.9379 -0.2404 -0.2503
vn 0.9841 -0.1755 -0.0261
vn 0.9841 -0.1266 0.1242
vn 0.9379 -0.0474 0.3438
vn 0.7950 0.0612 0.6035
vn 0.5738 0.1634 0.8025
vn 0.2970 0.2491 0.9218
vn 0.1539 0.2816 0.9471
vn 0.2940 -0.2798 -0.9139
vn 0.1548 -0.2971 -0.9422
vn 0.5747 -0.2223 -0.7876
vn 0.8006 -0.1423 -0.5821
vn 0.9475 -0.0473 -0.3163
vn 0.9953 0.0281 -0.0929
vn 0.9953 0.0773 0.0587
vn 0.9475 0.1476 0.2837
vn 0.8006 0.2270 0.5545
vn 0.5747 0.2831 0.7679
vn 0.2940 0.3109 0.9038
vn 0.1548 0.3135 0.9369
vn 0.2684 -0.1961 -0.9431
vn 0.1433 -0.2520 -0.9570
vn 0.5304 -0.0568 -0.8459
vn 0.7431 0.0900 -0.6630
vn 0.8827 0.2296 -0.4101
vn 0.9283 0.3203 -0.1887
vn 0.9283 0.3700 -0.0356
vn 0.8827 0.4268 0.1968
vn 0.7431 0.4626 0.4835
vn 0.5304 0.4512 0.7177
vn 0.2684 0.3957 0.8783
vn 0.1433 0.3586 0.9224
vn 0.2282 -0.1176 -0.9665
vn 0.1200 -0.2118 -0.9699
vn 0.4457 0.0944 -0.8902
vn 0.6206 0.2987 -0.7250
vn 0.7343 0.4744 -0.4856
vn 0.7713 0.5760 -0.2709
vn 0.7713 0.6252 -0.1194
vn 0.7343 0.6692 0.1140
vn 0.6206 0.6678 0.4110
vn 0.4457 0.5996 0.6647
vn 0.2282 0.4730 0.8510
vn 0.1200 0.3987 0.9092
vn 0.1891 -0.0714 -0.9794
vn 0.0979 -0.1897 -0.9770
vn 0.3650 0.1795 -0.9136
vn 0.5054 0.4136 -0.7573
vn 0.5960 0.6072 -0.5254
vn 0.6254 0.7139 -0.3150
vn 0.6254 0.7627 -0.1648
vn 0.5960 0.8001 0.0681
vn 0.5054 0.7797 0.3696
vn 0.3650 0.6822 0.6336
vn 0.1891 0.5179 0.8343
vn 0.0979 0.4208 0.9019
vn 0.1640 -0.0490 -0.9852
vn 0.0839 -0.1798 -0.9801
vn 0.3141 0.2190 -0.9238
vn 0.4334 0.4659 -0.7714
vn 0.5102 0.6670 -0.5429
vn 0.5350 0.7757 -0.3347
vn 0.5350 0.8243 -0.1851
vn 0.5102 0.8588 0.0472
vn 0.4334 0.8303 0.3503
vn 0.3141 0.7202 0.6186
vn 0.1640 0.5395 0.8259
vn 0.0839 0.4307 0.8986
vn 0.1544 -0.0400 -0.9872
vn 0.0783 -0.1764 -0.9812
vn 0.2940 0.2335 -0.9268
vn 0.4048 0.4842 -0.7757
vn 0.4760 0.6874 -0.5485
vn 0.4990 0.7965 -0.3413
vn 0.4990 0.8451 -0.1920
vn 0.4760 0.8785 0.0397
vn 0.4048 0.8476 0.3429
vn 0.2940 0.7337 0.6126
vn 0.1544 0.5479 0.8222
vn 0.0783 0.4340 0.8975
vn 0.1586 -0.0397 -0.9865
vn 0.0799 -0.1773 -0.9809
vn 0.3007 0.2318 -0.9251
vn 0.4134 0.4807 -0.7734
vn 0.4857 0.6825 -0.5462
vn 0.5090 0.7910 -0.3395
vn 0.5090 0.8395 -0.1903
vn 0.4857 0.8732 0.0407
vn 0.4134 0.8434 0.3431
vn 0.3007 0.7313 0.6122
vn 0.1586 0.5477 0.8215
vn 0.0799 0.4331 0.8978
vn 0.1756 -0.0476 -0.9833
vn 0.0878 -0.1822 -0.9793
vn 0.3315 0.2150 -0.9186
vn 0.4551 0.4564 -0.7646
vn 0.5344 0.6534 -0.5362
vn 0.5599 0.7602 -0.3294
vn 0.5599 0.8087 -0.1804
vn 0.5344 0.8438 0.0497
vn 0.4551 0.8187 0.3503
vn 0.3315 0.7139 0.6168
vn 0.1756 0.5395 0.8235
vn 0.0878 0.4282 0.8994
vn 0.2045 -0.0660 -0.9766
vn 0.1015 -0.1924 -0.9761
vn 0.3844 0.1782 -0.9058
vn 0.5270 0.4050 -0.7471
vn 0.6185 0.5926 -0.5160
vn 0.6481 0.6963 -0.3086
vn 0.6481 0.7447 -0.1596
vn 0.6185 0.7827 0.0692
vn 0.5270 0.7668 0.3664
vn 0.3844 0.6766 0.6281
vn 0.2045 0.5207 0.8289
vn 0.1015 0.4180 0.9028
vn 0.2424 -0.0998 -0.9650
vn 0.1193 -0.2101 -0.9704
vn 0.4538 0.1130 -0.8839
vn 0.6214 0.3150 -0.7174
vn 0.7290 0.4866 -0.4814
vn 0.7638 0.5851 -0.2726
vn 0.7638 0.6336 -0.1234
vn 0.7290 0.6766 0.1034
vn 0.6214 0.6765 0.3953
vn 0.4538 0.6110 0.6487
vn 0.2424 0.4865 0.8394
vn 0.1193 0.4004 0.9085
vn 0.2813 -0.1526 -0.9474
vn 0.1376 -0.2366 -0.9618
vn 0.5249 0.0132 -0.8511
vn 0.7182 0.1778 -0.6727
vn 0.8426 0.3256 -0.4291
vn 0.8827 0.4164 -0.2179
vn 0.8827 0.4649 -0.0685
vn 0.8426 0.5156 0.1557
vn 0.7182 0.5393 0.4397
vn 0.5249 0.5109 0.6808
vn 0.2813 0.4334 0.8562
vn 0.1376 0.3739 0.9172
vn 0.3089 -0.2209 -0.9251
vn 0.1508 -0.2701 -0.9509
vn 0.5759 -0.1145 -0.8095
vn 0.7879 0.0030 -0.6159
vn 0.9242 0.1205 -0.3624
vn 0.9682 0.2015 -0.1481
vn 0.9682 0.2501 0.0014
vn 0.9242 0.3105 0.2224
vn 0.7879 0.3644 0.4965
vn 0.5759 0.3831 0.7222
vn 0.3089 0.3650 0.8783
vn 0.1508 0.3404 0.9281
vn 0.3158 -0.2853 -0.9049
vn 0.1558 -0.3014 -0.9407
vn 0.5919 -0.2343 -0.7712
vn 0.8107 -0.1606 -0.5630
vn 0.9512 -0.0713 -0.3001
vn 0.9966 0.0006 -0.0827
vn 0.9966 0.0491 0.0665
vn 0.9512 0.1187 0.2847
vn 0.8107 0.2010 0.5498
vn 0.5919 0.2638 0.7616
vn 0.3158 0.3011 0.8998
vn 0.1558 0.3091 0.9382
vn 0.3117 -0.3317 -0.8904
vn 0.1548 -0.3243 -0.9332
vn 0.5863 -0.3213 -0.7436
vn 0.8040 -0.2797 -0.5247
vn 0.9436 -0.2111 -0.2549
vn 0.9887 -0.1457 -0.0350
vn 0.9887 -0.0973 0.1140
vn 0.9436 -0.0209 0.3303
vn 0.8040 0.0821 0.5889
vn 0.5863 0.1772 0.7905
vn 0.3117 0.2550 0.9153
vn 0.1548 0.2862 0.9456
vn 0.3038 -0.3703 -0.8778
vn 0.1508 -0.3434 -0.9270
vn 0.5714 -0.3940 -0.7200
vn 0.7834 -0.3794 -0.4923
vn 0.9194 -0.3280 -0.2169
vn 0.9633 -0.2683 0.0048
vn 0.9633 -0.2198 0.1538
vn 0.9194 -0.1379 0.3683
vn 0.7834 -0.0175 0.6213
vn 0.5714 0.1045 0.8140
vn 0.3038 0.2164 0.9278
vn 0.1508 0.2670 0.9518
vn 0.2903 -0.4083 -0.8654
vn 0.1441 -0.3623 -0.9209
vn 0.5459 -0.4654 -0.6967
vn 0.7484 -0.4774 -0.4605
vn 0.8784 -0.4430 -0.1796
vn 0.9203 -0.3887 0.0439
vn 0.9203 -0.3403 0.1930
vn 0.8784 -0.2529 0.4056
vn 0.7484 -0.1155 0.6531
vn 0.5459 0.0330 0.8372
vn 0.2903 0.1784 0.9402
vn 0.1441 0.2482 0.9579
vn 0.2713 -0.4446 -0.8536
vn 0.1346 -0.3803 -0.9150
vn 0.5101 -0.5337 -0.6745
vn 0.6994 -0.5709 -0.4301
vn 0.8208 -0.5528 -0.1439
vn 0.8600 -0.5038 0.0813
vn 0.8600 -0.4554 0.2304
vn 0.8208 -0.3627 0.4413
vn 0.6994 -0.2091 0.6835
vn 0.5101 -0.0353 0.8594
vn 0.2713 0.1420 0.9520
vn 0.1346 0.2301 0.9638
vn 0.2472 -0.4782 -0.8427
vn 0.1227 -0.3970 -0.9096
vn 0.4648 -0.5969 -0.6540
vn 0.6372 -0.6576 -0.4019
vn 0.7479 -0.6545 -0.1108
vn 0.7836 -0.6103 0.1159
vn 0.7836 -0.5619 0.2650
vn 0.7479 -0.4644 0.4744
vn 0.6372 -0.2957 0.7117
vn 0.4648 -0.0985 0.8799
vn 0.2472 0.1084 0.9629
vn 0.1227 0.2135 0.9692
vn 0.2186 -0.5083 -0.8330
vn 0.1085 -0.4119 -0.9047
vn 0.4111 -0.6534 -0.6356
vn 0.5636 -0.7351 -0.3767
vn 0.6615 -0.7455 -0.0813
vn 0.6931 -0.7057 0.1469
vn 0.6931 -0.6573 0.2960
vn 0.6615 -0.5554 0.5039
vn 0.5636 -0.3733 0.7369
vn 0.4111 -0.1550 0.8983
vn 0.2186 0.0784 0.9727
vn 0.1085 0.1985 0.9741
vn 0.1863 -0.5342 -0.8246
vn 0.0925 -0.4248 -0.9005
vn 0.3504 -0.7022 -0.6198
vn 0.4805 -0.8019 -0.3550
vn 0.5639 -0.8239 -0.0558
vn 0.5908 -0.7879 0.1736
vn 0.5908 -0.7395 0.3227
vn 0.5639 -0.6338 0.5294
vn 0.4805 -0.4401 0.7586
vn 0.3504 -0.2037 0.9142
vn 0.1863 0.0525 0.9811
vn 0.0925 0.1857 0.9783
vn 0.1512 -0.5554 -0.8177
vn 0.0751 -0.4354 -0.8971
vn 0.2844 -0.7422 -0.6068
vn 0.3900 -0.8569 -0.3372
vn 0.4577 -0.8884 -0.0348
vn 0.4796 -0.8554 0.1956
vn 0.4796 -0.8070 0.3446
vn 0.4577 -0.6983 0.5504
vn 0.3900 -0.4950 0.7765
vn 0.2844 -0.2438 0.9272
vn 0.1512 0.0313 0.9880
vn 0.0751 0.1751 0.9817
vn 0.1141 -0.5718 -0.8124
vn 0.0567 -0.4436 -0.8944
vn 0.2147 -0.7731 -0.5968
vn 0.2944 -0.8993 -0.3235
vn 0.3456 -0.9382 -0.0187
vn 0.3621 -0.9076 0.2125
vn 0.3621 -0.8592 0.3616
vn 0.3456 -0.7480 0.5666
vn 0.2944 -0.5374 0.7903
vn 0.2147 -0.2746 0.9373
vn 0.1141 0.0149 0.9934
vn 0.0567 0.1669 0.9843
vn 0.0760 -0.5832 -0.8087
vn 0.0378 -0.4493 -0.8926
vn 0.1430 -0.7947 -0.5899
vn 0.1962 -0.9290 -0.3138
vn 0.2302 -0.9731 -0.0074
vn 0.2412 -0.9442 0.2244
vn 0.2412 -0.8957 0.3734
vn 0.2302 -0.7829 0.5779
vn 0.1962 -0.5671 0.7999
vn 0.1430 -0.2962 0.9443
vn 0.0760 0.0035 0.9971
vn 0.0378 0.1611 0.9862
vn 0.0377 -0.5899 -0.8066
vn 0.0188 -0.4527 -0.8915
vn 0.0710 -0.8073 -0.5858
vn 0.0974 -0.9463 -0.3083
vn 0.1143 -0.9934 -0.0008
vn 0.1198 -0.9655 0.2313
vn 0.1198 -0.9170 0.3804
vn 0.1143 -0.8033 0.5846
vn 0.0974 -0.5844 0.8056
vn 0.0710 -0.3088 0.9485
vn 0.0377 -0.0031 0.9993
vn 0.0188 0.1578 0.9873
vn 0.0057 -0.5907 -0.8069
vn 0.0028 -0.4538 -0.8911
vn 0.0107 -0.8106 -0.5855
vn 0.0147 -0.9515 -0.3071
vn 0.0173 -0.9998 0.0010
vn 0.0181 -0.9722 0.2335
vn 0.0181 -0.9238 0.3825
vn 0.0173 -0.8095 0.5869
vn 0.0147 -0.5893 0.8078
vn 0.0107 -0.3117 0.9501
vn 0.0057 -0.0036 1.0000
vn 0.0028 0.1566 0.9877
vn -0.0147 -0.5892 -0.8078
vn -0.0074 -0.4538 -0.8911
vn -0.0278 -0.8095 -0.5865
vn -0.0382 -0.9506 -0.3081
vn -0.0448 -0.9990 0.0003
vn -0.0470 -0.9713 0.2332
vn -0.0470 -0.9229 0.3823
vn -0.0448 -0.8084 0.5869
vn -0.0382 -0.5880 0.8080
vn -0.0278 -0.3101 0.9503
vn -0.0147 -0.0019 0.9999
vn -0.0074 0.1566 0.9876
vn -0.0301 -0.5883 -0.8081
vn -0.0151 -0.4532 -0.8913
vn -0.0571 -0.8075 -0.5871
vn -0.0784 -0.9479 -0.3089
vn -0.0921 -0.9957 -0.0007
vn -0.0966 -0.9679 0.2321
vn -0.0966 -0.9195 0.3812
vn -0.0921 -0.8052 0.5858
vn -0.0784 -0.5853 0.8070
vn -0.0571 -0.3082 0.9496
vn -0.0301 -0.0009 0.9995
vn -0.0151 0.1572 0.9875
vn -0.0464 -0.5865 -0.8087
vn -0.0233 -0.4523 -0.8916
vn -0.0879 -0.8039 -0.5882
vn -0.1208 -0.9429 -0.3105
vn -0.1419 -0.9899 -0.0026
vn -0.1487 -0.9617 0.2301
vn -0.1487 -0.9133 0.3792
vn -0.1419 -0.7993 0.5839
vn -0.1208 -0.5803 0.8054
vn -0.0879 -0.3046 0.9484
vn -0.0464 0.0009 0.9989
vn -0.0233 0.1582 0.9871
vn -0.0633 -0.5837 -0.8095
vn -0.0318 -0.4508 -0.8920
vn -0.1198 -0.7985 -0.5899
vn -0.1647 -0.9354 -0.3129
vn -0.1934 -0.9811 -0.0054
vn -0.2027 -0.9525 0.2271
vn -0.2027 -0.9041 0.3762
vn -0.1934 -0.7906 0.5810
vn -0.1647 -0.5729 0.8029
vn -0.1198 -0.2993 0.9466
vn -0.0633 0.0036 0.9980
vn -0.0318 0.1596 0.9867
vn -0.0805 -0.5798 -0.8108
vn -0.0404 -0.4489 -0.8927
vn -0.1524 -0.7912 -0.5923
vn -0.2094 -0.9253 -0.3161
vn -0.2460 -0.9692 -0.0092
vn -0.2578 -0.9401 0.2231
vn -0.2578 -0.8917 0.3721
vn -0.2460 -0.7787 0.5772
vn -0.2094 -0.5628 0.7996
vn -0.1524 -0.2920 0.9442
vn -0.0805 0.0075 0.9967
vn -0.0404 0.1616 0.9860
vn -0.0978 -0.5749 -0.8123
vn -0.0491 -0.4464 -0.8935
vn -0.1851 -0.7819 -0.5953
vn -0.2543 -0.9126 -0.3202
vn -0.2987 -0.9542 -0.0141
vn -0.3130 -0.9244 0.2179
vn -0.3130 -0.8760 0.3670
vn -0.2987 -0.7637 0.5723
vn -0.2543 -0.5500 0.7955
vn -0.1851 -0.2827 0.9412
vn -0.0978 0.0124 0.9951
vn -0.0491 0.1640 0.9852
vn -0.1148 -0.5690 -0.8143
vn -0.0576 -0.4435 -0.8944
vn -0.2173 -0.7708 -0.5989
vn -0.2985 -0.8973 -0.3252
vn -0.3506 -0.9363 -0.0199
vn -0.3674 -0.9056 0.2118
vn -0.3674 -0.8572 0.3609
vn -0.3506 -0.7458 0.5665
vn -0.2985 -0.5348 0.7905
vn -0.2173 -0.2716 0.9376
vn -0.1148 0.0182 0.9932
vn -0.0576 0.1670 0.9843
vn -0.1313 -0.5623 -0.8165
vn -0.0659 -0.4401 -0.8955
vn -0.2484 -0.7580 -0.6030
vn -0.3413 -0.8798 -0.3309
vn -0.4009 -0.9157 -0.0266
vn -0.4201 -0.8840 0.2048
vn -0.4201 -0.8356 0.3539
vn -0.4009 -0.7252 0.5598
vn -0.3413 -0.5172 0.7848
vn -0.2484 -0.2588 0.9334
vn -0.1313 0.0250 0.9910
vn -0.0659 0.1703 0.9832
vn -0.1469 -0.5548 -0.8189
vn -0.0738 -0.4363 -0.8967
vn -0.2781 -0.7439 -0.6077
vn -0.3820 -0.8604 -0.3372
vn -0.4488 -0.8930 -0.0340
vn -0.4703 -0.8602 0.1971
vn -0.4703 -0.8118 0.3462
vn -0.4488 -0.7025 0.5524
vn -0.3820 -0.4979 0.7786
vn -0.2781 -0.2447 0.9289
vn -0.1469 0.0325 0.9886
vn -0.0738 0.1741 0.9820
vn -0.1615 -0.5468 -0.8216
vn -0.0811 -0.4324 -0.8980
vn -0.3058 -0.7288 -0.6126
vn -0.4202 -0.8397 -0.3440
vn -0.4936 -0.8687 -0.0419
vn -0.5173 -0.8347 0.1888
vn -0.5173 -0.7863 0.3379
vn -0.4936 -0.6781 0.5445
vn -0.4202 -0.4771 0.7719
vn -0.3058 -0.2295 0.9240
vn -0.1615 0.0406 0.9860
vn -0.0811 0.1781 0.9807
vn -0.1750 -0.5384 -0.8243
vn -0.0879 -0.4282 -0.8994
vn -0.3314 -0.7131 -0.6178
vn -0.4554 -0.8182 -0.3511
vn -0.5349 -0.8434 -0.0502
vn -0.5606 -0.8083 0.1802
vn -0.5606 -0.7598 0.3293
vn -0.5349 -0.6528 0.5364
vn -0.4554 -0.4556 0.7649
vn -0.3314 -0.2138 0.9190
vn -0.1750 0.0489 0.9834
vn -0.0879 0.1822 0.9793
vn -0.2825 -0.4309 -0.8570
vn -0.1241 -0.3666 -0.9221
vn -0.5115 -0.5025 -0.6970
vn -0.7063 -0.5327 -0.4662
vn -0.8410 -0.5113 -0.1768
vn -0.8864 -0.4592 0.0590
vn -0.8864 -0.4062 0.2222
vn -0.8410 -0.3098 0.4436
vn -0.7063 -0.1569 0.6903
vn -0.5115 0.0031 0.8593
vn -0.2825 0.1551 0.9466
vn -0.1241 0.2454 0.9614
vn -0.0530 -0.1654 -0.9848
vn -0.0182 -0.2606 -0.9653
vn -0.1016 -0.0270 -0.9945
vn -0.1727 0.1892 -0.9666
vn -0.2768 0.5510 -0.7873
vn -0.3329 0.8180 -0.4690
vn -0.3329 0.9375 -0.1014
vn -0.2768 0.9085 0.3131
vn -0.1727 0.7212 0.6708
vn -0.1016 0.5627 0.8204
vn -0.0530 0.4450 0.8940
vn -0.0182 0.3566 0.9341
vn 0.2296 -0.1016 -0.9680
vn 0.1173 -0.2069 -0.9713
vn 0.4392 0.1179 -0.8906
vn 0.6059 0.3261 -0.7257
vn 0.7130 0.5023 -0.4892
vn 0.7477 0.6028 -0.2785
vn 0.7477 0.6514 -0.1290
vn 0.7130 0.6939 0.1005
vn 0.6059 0.6903 0.3954
vn 0.4392 0.6189 0.6512
vn 0.2296 0.4868 0.8428
vn 0.1173 0.4036 0.9074
vn 0.2165 -0.0885 -0.9723
vn 0.1106 -0.2001 -0.9735
vn 0.4142 0.1431 -0.8989
vn 0.5714 0.3609 -0.7371
vn 0.6725 0.5433 -0.5026
vn 0.7052 0.6459 -0.2925
vn 0.7052 0.6945 -0.1430
vn 0.6725 0.7349 0.0873
vn 0.5714 0.7252 0.3842
vn 0.4142 0.6441 0.6431
vn 0.2165 0.4999 0.8386
vn 0.1106 0.4103 0.9052
vn 0.2017 -0.0756 -0.9765
vn 0.1031 -0.1934 -0.9757
vn 0.3861 0.1679 -0.9070
vn 0.5327 0.3952 -0.7483
vn 0.6270 0.5838 -0.5158
vn 0.6575 0.6884 -0.3063
vn 0.6575 0.7369 -0.1568
vn 0.6270 0.7755 0.0742
vn 0.5327 0.7596 0.3731
vn 0.3861 0.6690 0.6351
vn 0.2017 0.5128 0.8344
vn 0.1031 0.4170 0.9030
vn 0.1853 -0.0630 -0.9807
vn 0.0948 -0.1870 -0.9778
vn 0.3548 0.1921 -0.9150
vn 0.4896 0.4286 -0.7593
vn 0.5764 0.6232 -0.5287
vn 0.6044 0.7297 -0.3198
vn 0.6044 0.7783 -0.1702
vn 0.5764 0.8149 0.0614
vn 0.4896 0.7931 0.3624
vn 0.3548 0.6932 0.6273
vn 0.1853 0.5254 0.8304
vn 0.0948 0.4235 0.9009
vn 0.1672 -0.0511 -0.9846
vn 0.0856 -0.1808 -0.9798
vn 0.3202 0.2151 -0.9226
vn 0.4420 0.4605 -0.7698
vn 0.5203 0.6608 -0.5410
vn 0.5456 0.7692 -0.3326
vn 0.5456 0.8178 -0.1830
vn 0.5203 0.8526 0.0492
vn 0.4420 0.8251 0.3521
vn 0.3202 0.7163 0.6199
vn 0.1672 0.5374 0.8266
vn 0.0856 0.4297 0.8989
vn 0.1473 -0.0399 -0.9883
vn 0.0754 -0.1750 -0.9817
vn 0.2823 0.2367 -0.9297
vn 0.3896 0.4904 -0.7796
vn 0.4587 0.6960 -0.5525
vn 0.4810 0.8061 -0.3446
vn 0.4810 0.8547 -0.1950
vn 0.4587 0.8878 0.0379
vn 0.3896 0.8549 0.3425
vn 0.2823 0.7379 0.6130
vn 0.1473 0.5486 0.8230
vn 0.0754 0.4354 0.8971
vn 0.1258 -0.0298 -0.9916
vn 0.0644 -0.1698 -0.9834
vn 0.2411 0.2561 -0.9361
vn 0.3328 0.5173 -0.7884
vn 0.3918 0.7278 -0.5629
vn 0.4109 0.8395 -0.3555
vn 0.4109 0.8881 -0.2058
vn 0.3918 0.9196 0.0276
vn 0.3328 0.8819 0.3338
vn 0.2411 0.7574 0.6068
vn 0.1258 0.5587 0.8198
vn 0.0644 0.4407 0.8954
vn 0.1027 -0.0211 -0.9945
vn 0.0526 -0.1652 -0.9848
vn 0.1969 0.2730 -0.9417
vn 0.2718 0.5407 -0.7961
vn 0.3200 0.7553 -0.5719
vn 0.3356 0.8684 -0.3649
vn 0.3356 0.9171 -0.2152
vn 0.3200 0.9472 0.0187
vn 0.2718 0.9054 0.3263
vn 0.1969 0.7744 0.6013
vn 0.1027 0.5675 0.8170
vn 0.0526 0.4452 0.8939
vn 0.0782 -0.0140 -0.9968
vn 0.0401 -0.1615 -0.9860
vn 0.1500 0.2867 -0.9462
vn 0.2072 0.5597 -0.8024
vn 0.2439 0.7778 -0.5792
vn 0.2558 0.8920 -0.3726
vn 0.2558 0.9407 -0.2229
vn 0.2439 0.9697 0.0114
vn 0.2072 0.9244 0.3201
vn 0.1500 0.7881 0.5969
vn 0.0782 0.5746 0.8147
vn 0.0401 0.4489 0.8927
vn 0.0527 -0.0087 -0.9986
vn 0.0270 -0.1588 -0.9869
vn 0.1011 0.2969 -0.9495
vn 0.1396 0.5738 -0.8070
vn 0.1644 0.7944 -0.5847
vn 0.1724 0.9095 -0.3783
vn 0.1724 0.9581 -0.2286
vn 0.1644 0.9864 0.0060
vn 0.1396 0.9386 0.3156
vn 0.1011 0.7983 0.5937
vn 0.0527 0.5799 0.8130
vn 0.0270 0.4516 0.8918
vn 0.0265 -0.0055 -0.9996
vn 0.0136 -0.1571 -0.9875
vn 0.0508 0.3032 -0.9516
vn 0.0702 0.5825 -0.8098
vn 0.0827 0.8046 -0.5880
vn 0.0867 0.9202 -0.3817
vn 0.0867 0.9688 -0.2320
vn 0.0827 0.9966 0.0027
vn 0.0702 0.9472 0.3128
vn 0.0508 0.8046 0.5917
vn 0.0265 0.5831 0.8119
vn 0.0136 0.4533 0.8913
vn -0.0015 -0.0049 -1.0000
vn -0.0008 -0.1566 -0.9877
vn -0.0028 0.3048 -0.9524
vn -0.0039 0.5850 -0.8110
vn -0.0046 0.8079 -0.5893
vn -0.0048 0.9238 -0.3829
vn -0.0048 0.9724 -0.2332
vn -0.0046 1.0000 0.0018
vn -0.0039 0.9500 0.3122
vn -0.0028 0.8064 0.5914
vn -0.0015 0.5838 0.8119
vn -0.0008 0.4538 0.8911
vn -0.0333 -0.0076 -0.9994
vn -0.0171 -0.1576 -0.9874
vn -0.0639 0.3006 -0.9516
vn -0.0884 0.5799 -0.8099
vn -0.1041 0.8023 -0.5878
vn -0.1092 0.9180 -0.3811
vn -0.1092 0.9667 -0.2313
vn -0.1041 0.9946 0.0040
vn -0.0884 0.9452 0.3144
vn -0.0639 0.8025 0.5932
vn -0.0333 0.5813 0.8130
vn -0.0171 0.4529 0.8914
vn -0.0681 -0.0136 -0.9976
vn -0.0351 -0.1605 -0.9864
vn -0.1310 0.2894 -0.9482
vn -0.1812 0.5646 -0.8052
vn -0.2135 0.7845 -0.5822
vn -0.2239 0.8995 -0.3752
vn -0.2239 0.9482 -0.2252
vn -0.2135 0.9769 0.0099
vn -0.1812 0.9301 0.3195
vn -0.1310 0.7915 0.5970
vn -0.0681 0.5754 0.8150
vn -0.0351 0.4499 0.8924
vn -0.1038 -0.0240 -0.9943
vn -0.0535 -0.1657 -0.9847
vn -0.1997 0.2697 -0.9420
vn -0.2763 0.5376 -0.7966
vn -0.3256 0.7528 -0.5720
vn -0.3416 0.8663 -0.3644
vn -0.3416 0.9151 -0.2144
vn -0.3256 0.9453 0.0203
vn -0.2763 0.9032 0.3285
vn -0.1997 0.7719 0.6035
vn -0.1038 0.5651 0.8185
vn -0.0535 0.4447 0.8941
vn -0.1391 -0.0390 -0.9895
vn -0.0718 -0.1734 -0.9822
vn -0.2680 0.2410 -0.9328
vn -0.3707 0.4980 -0.7839
vn -0.4369 0.7063 -0.5570
vn -0.4584 0.8175 -0.3486
vn -0.4584 0.8663 -0.1985
vn -0.4369 0.8988 0.0355
vn -0.3707 0.8637 0.3415
vn -0.2680 0.7433 0.6130
vn -0.1391 0.5501 0.8234
vn -0.0718 0.4371 0.8966
vn -0.1730 -0.0586 -0.9832
vn -0.0893 -0.1835 -0.9790
vn -0.3333 0.2033 -0.9206
vn -0.4612 0.4459 -0.7671
vn -0.5436 0.6449 -0.5371
vn -0.5703 0.7532 -0.3277
vn -0.5703 0.8020 -0.1776
vn -0.5436 0.8375 0.0555
vn -0.4612 0.8117 0.3585
vn -0.3333 0.7056 0.6253
vn -0.1730 0.5305 0.8299
vn -0.0893 0.4270 0.8998
vn -0.2044 -0.0826 -0.9754
vn -0.1055 -0.1958 -0.9750
vn -0.3937 0.1572 -0.9057
vn -0.5448 0.3822 -0.7464
vn -0.6422 0.5698 -0.5128
vn -0.6737 0.6744 -0.3021
vn -0.6737 0.7232 -0.1520
vn -0.6422 0.7624 0.0799
vn -0.5448 0.7479 0.3792
vn -0.3937 0.6595 0.6403
vn -0.2044 0.5065 0.8377
vn -0.1055 0.4146 0.9038
vn -0.2322 -0.1104 -0.9664
vn -0.1199 -0.2102 -0.9703
vn -0.4474 0.1037 -0.8883
vn -0.6191 0.3081 -0.7224
vn -0.7298 0.4825 -0.4844
vn -0.7656 0.5828 -0.2723
vn -0.7656 0.6316 -0.1223
vn -0.7298 0.6750 0.1083
vn -0.6191 0.6738 0.4033
vn -0.4474 0.6060 0.6577
vn -0.2322 0.4787 0.8467
vn -0.1199 0.4003 0.9085
vn -0.2560 -0.1415 -0.9563
vn -0.1322 -0.2262 -0.9651
vn -0.4932 0.0436 -0.8688
vn -0.6825 0.2250 -0.6954
vn -0.8045 0.3846 -0.4526
vn -0.8440 0.4801 -0.2389
vn -0.8440 0.5289 -0.0889
vn -0.8045 0.5771 0.1401
vn -0.6825 0.5908 0.4303
vn -0.4932 0.5460 0.6772
vn -0.2560 0.4476 0.8568
vn -0.1322 0.3842 0.9137
vn -0.2752 -0.1757 -0.9452
vn -0.1421 -0.2438 -0.9593
vn -0.5304 -0.0221 -0.8475
vn -0.7339 0.1341 -0.6659
vn -0.8652 0.2774 -0.4178
vn -0.9077 0.3676 -0.2024
vn -0.9077 0.4164 -0.0523
vn -0.8652 0.4700 0.1750
vn -0.7339 0.4999 0.4599
vn -0.5304 0.4803 0.6986
vn -0.2752 0.4134 0.8679
vn -0.1421 0.3666 0.9195
vn -0.2896 -0.2126 -0.9332
vn -0.1496 -0.2629 -0.9532
vn -0.5582 -0.0932 -0.8245
vn -0.7725 0.0358 -0.6340
vn -0.9107 0.1615 -0.3802
vn -0.9555 0.2461 -0.1629
vn -0.9555 0.2949 -0.0128
vn -0.9107 0.3541 0.2127
vn -0.7725 0.4016 0.4919
vn -0.5582 0.4092 0.7218
vn -0.2896 0.3766 0.8800
vn -0.1496 0.3476 0.9256
vn -0.2985 -0.2523 -0.9204
vn -0.1543 -0.2834 -0.9465
vn -0.5757 -0.1697 -0.7998
vn -0.7970 -0.0701 -0.5999
vn -0.9398 0.0367 -0.3398
vn -0.9860 0.1152 -0.1204
vn -0.9860 0.1640 0.0297
vn -0.9398 0.2294 0.2534
vn -0.7970 0.2959 0.5265
vn -0.5757 0.3328 0.7468
vn -0.2985 0.3369 0.8930
vn -0.1543 0.3271 0.9323
vn -0.2952 -0.3092 -0.9040
vn -0.1550 -0.3126 -0.9371
vn -0.5759 -0.2797 -0.7682
vn -0.8015 -0.2223 -0.5552
vn -0.9480 -0.1422 -0.2849
vn -0.9956 -0.0717 -0.0603
vn -0.9956 -0.0226 0.0910
vn -0.9480 0.0524 0.3141
vn -0.8015 0.1464 0.5798
vn -0.5759 0.2252 0.7859
vn -0.2952 0.2812 0.9131
vn -0.1550 0.2979 0.9419
vn -0.2732 -0.3885 -0.8800
vn -0.1453 -0.3547 -0.9236
vn -0.5382 -0.4363 -0.7211
vn -0.7527 -0.4413 -0.4886
vn -0.8929 -0.4014 -0.2038
vn -0.9387 -0.3435 0.0273
vn -0.9387 -0.2940 0.1799
vn -0.8929 -0.2050 0.4009
vn -0.7527 -0.0698 0.6547
vn -0.5382 0.0709 0.8399
vn -0.2732 0.2029 0.9403
vn -0.1453 0.2560 0.9557
vn -0.2379 -0.4621 -0.8543
vn -0.1249 -0.3929 -0.9110
vn -0.4641 -0.5780 -0.6712
vn -0.6458 -0.6375 -0.4202
vn -0.7638 -0.6332 -0.1253
vn -0.8022 -0.5874 0.1072
vn -0.8022 -0.5382 0.2585
vn -0.7638 -0.4386 0.4736
vn -0.6458 -0.2687 0.7147
vn -0.4640 -0.0731 0.8828
vn -0.2379 0.1283 0.9628
vn -0.1249 0.2176 0.9680
vn -0.2015 -0.5076 -0.8377
vn -0.1043 -0.4155 -0.9036
vn -0.3891 -0.6625 -0.6401
vn -0.5389 -0.7525 -0.3786
vn -0.6356 -0.7680 -0.0786
vn -0.6669 -0.7291 0.1538
vn -0.6669 -0.6803 0.3041
vn -0.6356 -0.5751 0.5151
vn -0.5389 -0.3863 0.7486
vn -0.3891 -0.1597 0.9072
vn -0.2015 0.0817 0.9761
vn -0.1043 0.1950 0.9752
vn -0.1758 -0.5314 -0.8287
vn -0.0901 -0.4267 -0.8999
vn -0.3371 -0.7052 -0.6238
vn -0.4654 -0.8098 -0.3573
vn -0.5479 -0.8347 -0.0552
vn -0.5746 -0.7991 0.1769
vn -0.5746 -0.7505 0.3266
vn -0.5479 -0.6428 0.5353
vn -0.4654 -0.4451 0.7650
vn -0.3371 -0.2038 0.9192
vn -0.1758 0.0572 0.9828
vn -0.0901 0.1837 0.9788
vn -0.1634 -0.5421 -0.8243
vn -0.0830 -0.4313 -0.8984
vn -0.3115 -0.7232 -0.6164
vn -0.4292 -0.8335 -0.3479
vn -0.5048 -0.8621 -0.0453
vn -0.5292 -0.8278 0.1864
vn -0.5292 -0.7793 0.3358
vn -0.5048 -0.6708 0.5433
vn -0.4292 -0.4698 0.7714
vn -0.3115 -0.2228 0.9238
vn -0.1634 0.0460 0.9855
vn -0.0830 0.1791 0.9803
vn -0.1634 -0.5442 -0.8229
vn -0.0825 -0.4316 -0.8983
vn -0.3102 -0.7254 -0.6145
vn -0.4267 -0.8355 -0.3461
vn -0.5015 -0.8641 -0.0439
vn -0.5256 -0.8299 0.1872
vn -0.5256 -0.7814 0.3364
vn -0.5015 -0.6732 0.5434
vn -0.4267 -0.4725 0.7711
vn -0.3102 -0.2256 0.9235
vn -0.1634 0.0434 0.9856
vn -0.0825 0.1788 0.9804
vn -0.1754 -0.5388 -0.8240
vn -0.3317 -0.7133 -0.6174
vn -0.4556 -0.8182 -0.3508
vn -0.5351 -0.8433 -0.0501
vn -0.5607 -0.8082 0.1802
vn -0.5607 -0.7597 0.3293
vn -0.5351 -0.6528 0.5362
vn -0.4556 -0.4557 0.7647
vn -0.3317 -0.2142 0.9188
vn -0.1754 0.0484 0.9833
vn -0.0879 0.1823 0.9793
vn -0.1994 -0.5239 -0.8281
vn -0.0992 -0.4199 -0.9021
vn -0.3755 -0.6833 -0.6262
vn -0.5150 -0.7762 -0.3636
vn -0.6046 -0.7938 -0.0657
vn -0.6335 -0.7563 0.1634
vn -0.6335 -0.7079 0.3124
vn -0.6046 -0.6036 0.5197
vn -0.5150 -0.4143 0.7504
vn -0.3755 -0.1847 0.9082
vn -0.1994 0.0629 0.9779
vn -0.0992 0.1905 0.9767
vn -0.2345 -0.4946 -0.8369
vn -0.1156 -0.4046 -0.9072
vn -0.4394 -0.6264 -0.6438
vn -0.6019 -0.6977 -0.3885
vn -0.7062 -0.7016 -0.0954
vn -0.7399 -0.6597 0.1319
vn -0.7399 -0.6112 0.2811
vn -0.7062 -0.5115 0.4895
vn -0.6019 -0.3362 0.7244
vn -0.4394 -0.1284 0.8891
vn -0.2345 0.0918 0.9678
vn -0.1156 0.2059 0.9717
vn -0.2748 -0.4447 -0.8525
vn -0.1343 -0.3795 -0.9154
vn -0.5127 -0.5320 -0.6739
vn -0.7015 -0.5681 -0.4303
vn -0.8229 -0.5494 -0.1448
vn -0.8621 -0.5003 0.0800
vn -0.8621 -0.4518 0.2294
vn -0.8229 -0.3594 0.4401
vn -0.7015 -0.2067 0.6820
vn -0.5127 -0.0343 0.8579
vn -0.2748 0.1413 0.9511
vn -0.1343 0.2311 0.9636
vn -0.3071 -0.3737 -0.8752
vn -0.1494 -0.3446 -0.9268
vn -0.5717 -0.3992 -0.7168
vn -0.7818 -0.3864 -0.4894
vn -0.9171 -0.3363 -0.2141
vn -0.9608 -0.2771 0.0073
vn -0.9608 -0.2285 0.1569
vn -0.9171 -0.1462 0.3709
vn -0.7818 -0.0250 0.6230
vn -0.5717 0.0984 0.8146
vn -0.3071 0.2121 0.9277
vn -0.1494 0.2660 0.9523
vn -0.3163 -0.3037 -0.8987
vn -0.1556 -0.3105 -0.9378
vn -0.5920 -0.2688 -0.7598
vn -0.8106 -0.2079 -0.5475
vn -0.9510 -0.1269 -0.2820
vn -0.9963 -0.0577 -0.0638
vn -0.9963 -0.0092 0.0855
vn -0.9510 0.0631 0.3028
vn -0.8106 0.1536 0.5651
vn -0.5920 0.2291 0.7727
vn -0.3163 0.2825 0.9056
vn -0.1556 0.3000 0.9412
vn -0.3118 -0.2549 -0.9153
vn -0.1548 -0.2861 -0.9456
vn -0.5864 -0.1769 -0.7905
vn -0.8040 -0.0818 -0.5890
vn -0.9436 0.0212 -0.3304
vn -0.9887 0.0976 -0.1141
vn -0.9887 0.1461 0.0349
vn -0.9436 0.2114 0.2548
vn -0.8040 0.2800 0.5246
vn -0.5864 0.3215 0.7435
vn -0.3118 0.3318 0.8904
vn -0.1548 0.3243 0.9332
vn -0.3036 -0.2148 -0.9283
vn -0.1506 -0.2663 -0.9521
vn -0.5707 -0.1016 -0.8149
vn -0.7823 0.0214 -0.6225
vn -0.9182 0.1424 -0.3697
vn -0.9620 0.2246 -0.1554
vn -0.9620 0.2730 -0.0063
vn -0.9182 0.3325 0.2154
vn -0.7823 0.3832 0.4910
vn -0.5707 0.3968 0.7189
vn -0.3036 0.3718 0.8772
vn -0.1506 0.3442 0.9268
vn -0.2889 -0.1742 -0.9414
vn -0.1432 -0.2462 -0.9586
vn -0.5427 -0.0254 -0.8395
vn -0.7439 0.1258 -0.6563
vn -0.8730 0.2648 -0.4095
vn -0.9147 0.3528 -0.1971
vn -0.9147 0.4013 -0.0480
vn -0.8730 0.4549 0.1756
vn -0.7439 0.4875 0.4570
vn -0.5427 0.4729 0.6941
vn -0.2889 0.4124 0.8640
vn -0.1432 0.3642 0.9202
vn -0.2674 -0.1350 -0.9541
vn -0.1325 -0.2268 -0.9649
vn -0.5023 0.0481 -0.8634
vn -0.6884 0.2265 -0.6890
vn -0.8079 0.3831 -0.4479
vn -0.8464 0.4767 -0.2373
vn -0.8464 0.5251 -0.0882
vn -0.8079 0.5732 0.1372
vn -0.6884 0.5883 0.4243
vn -0.5023 0.5464 0.6702
vn -0.2674 0.4515 0.8512
vn -0.1325 0.3836 0.9139
vn -0.2398 -0.0992 -0.9657
vn -0.1188 -0.2091 -0.9707
vn -0.4505 0.1155 -0.8853
vn -0.6175 0.3189 -0.7190
vn -0.7246 0.4914 -0.4831
vn -0.7592 0.5903 -0.2742
vn -0.7592 0.6387 -0.1251
vn -0.7246 0.6815 0.1020
vn -0.6175 0.6806 0.3943
vn -0.4505 0.6138 0.6483
vn -0.2398 0.4874 0.8396
vn -0.1188 0.4014 0.9082
vn -0.2075 -0.0682 -0.9759
vn -0.1029 -0.1936 -0.9757
vn -0.3899 0.1738 -0.9043
vn -0.5345 0.3989 -0.7451
vn -0.6273 0.5854 -0.5137
vn -0.6572 0.6887 -0.3062
vn -0.6572 0.7372 -0.1571
vn -0.6273 0.7755 0.0715
vn -0.5345 0.7607 0.3683
vn -0.3899 0.6722 0.6294
vn -0.2075 0.5184 0.8296
vn -0.1029 0.4168 0.9031
vn -0.1722 -0.0430 -0.9841
vn -0.0854 -0.1810 -0.9798
vn -0.3237 0.2215 -0.9199
vn -0.4438 0.4644 -0.7664
vn -0.5208 0.6622 -0.5387
vn -0.5457 0.7692 -0.3324
vn -0.5457 0.8177 -0.1833
vn -0.5208 0.8524 0.0465
vn -0.4438 0.8262 0.3471
vn -0.3237 0.7199 0.6140
vn -0.1722 0.5437 0.8214
vn -0.0854 0.4295 0.8990
vn -0.1356 -0.0238 -0.9905
vn -0.0674 -0.1713 -0.9829
vn -0.2551 0.2580 -0.9319
vn -0.3498 0.5146 -0.7828
vn -0.4106 0.7213 -0.5579
vn -0.4302 0.8311 -0.3524
vn -0.4302 0.8795 -0.2034
vn -0.4106 0.9114 0.0274
vn -0.3498 0.8765 0.3309
vn -0.2551 0.7565 0.6022
vn -0.1356 0.5630 0.8153
vn -0.0674 0.4392 0.8959
vn -0.0992 -0.0102 -0.9950
vn -0.0494 -0.1643 -0.9852
vn -0.1869 0.2840 -0.9404
vn -0.2563 0.5504 -0.7946
vn -0.3008 0.7634 -0.5716
vn -0.3152 0.8753 -0.3668
vn -0.3152 0.9237 -0.2177
vn -0.3008 0.9536 0.0138
vn -0.2563 0.9123 0.3193
vn -0.1869 0.7825 0.5939
vn -0.0992 0.5766 0.8110
vn -0.0494 0.4461 0.8936
vn -0.0642 -0.0015 -0.9979
vn -0.0320 -0.1598 -0.9866
vn -0.1209 0.3007 -0.9460
vn -0.1659 0.5735 -0.8022
vn -0.1948 0.7906 -0.5805
vn -0.2041 0.9038 -0.3761
vn -0.2041 0.9523 -0.2270
vn -0.1948 0.9808 0.0050
vn -0.1659 0.9355 0.3119
vn -0.1209 0.7993 0.5886
vn -0.0642 0.5853 0.8082
vn -0.0320 0.4506 0.8921
vn -0.0311 0.0030 -0.9995
vn -0.0155 -0.1574 -0.9874
vn -0.0586 0.3096 -0.9491
vn -0.0804 0.5859 -0.8064
vn -0.0944 0.8053 -0.5854
vn -0.0989 0.9192 -0.3811
vn -0.0989 0.9677 -0.2320
vn -0.0944 0.9955 0.0003
vn -0.0804 0.9480 0.3080
vn -0.0586 0.8083 0.5858
vn -0.0311 0.5899 0.8069
vn -0.0155 0.4531 0.8913
vn -0.0035 0.0033 -1.0000
vn -0.0018 -0.1565 -0.9877
vn -0.0066 0.3115 -0.9502
vn -0.0091 0.5892 -0.8079
vn -0.0107 0.8095 -0.5870
vn -0.0112 0.9239 -0.3826
vn -0.0112 0.9723 -0.2335
vn -0.0107 0.9999 -0.0009
vn -0.0091 0.9516 0.3073
vn -0.0066 0.8105 0.5857
vn -0.0035 0.5904 0.8071
vn -0.0018 0.4539 0.8911
vn 0.0159 0.0019 -0.9999
vn 0.0080 -0.1567 -0.9876
vn 0.0302 0.3101 -0.9502
vn 0.0415 0.5879 -0.8079
vn 0.0487 0.8082 -0.5868
vn 0.0511 0.9227 -0.3822
vn 0.0511 0.9711 -0.2331
vn 0.0487 0.9988 -0.0003
vn 0.0415 0.9505 0.3081
vn 0.0302 0.8094 0.5865
vn 0.0159 0.5893 0.8078
vn 0.0080 0.4537 0.8911
vn 0.0318 0.0008 -0.9995
vn 0.0160 -0.1573 -0.9874
vn 0.0602 0.3079 -0.9495
vn 0.0828 0.5848 -0.8069
vn 0.0972 0.8047 -0.5857
vn 0.1019 0.9189 -0.3810
vn 0.1019 0.9674 -0.2319
vn 0.0972 0.9953 0.0008
vn 0.0828 0.9474 0.3091
vn 0.0602 0.8072 0.5872
vn 0.0318 0.5881 0.8082
vn 0.0160 0.4532 0.8913
vn 0.0475 -0.0012 -0.9989
vn 0.0239 -0.1582 -0.9871
vn 0.0900 0.3042 -0.9483
vn 0.1237 0.5798 -0.8053
vn 0.1453 0.7988 -0.5838
vn 0.1523 0.9128 -0.3790
vn 0.1523 0.9612 -0.2299
vn 0.1453 0.9894 0.0028
vn 0.1237 0.9424 0.3107
vn 0.0900 0.8036 0.5884
vn 0.0475 0.5862 0.8088
vn 0.0239 0.4522 0.8916
vn 0.0630 -0.0038 -0.9980
vn 0.0317 -0.1596 -0.9867
vn 0.1194 0.2992 -0.9467
vn 0.1640 0.5729 -0.8030
vn 0.1927 0.7907 -0.5811
vn 0.2019 0.9043 -0.3762
vn 0.2019 0.9527 -0.2271
vn 0.1927 0.9812 0.0054
vn 0.1640 0.9355 0.3129
vn 0.1194 0.7985 0.5900
vn 0.0630 0.5835 0.8097
vn 0.0317 0.4509 0.8920
vn 0.0783 -0.0072 -0.9969
vn 0.0393 -0.1613 -0.9861
vn 0.1482 0.2928 -0.9446
vn 0.2036 0.5641 -0.8002
vn 0.2392 0.7803 -0.5778
vn 0.2507 0.8934 -0.3727
vn 0.2507 0.9419 -0.2236
vn 0.2392 0.9709 0.0088
vn 0.2036 0.9267 0.3158
vn 0.1482 0.7921 0.5921
vn 0.0783 0.5801 0.8108
vn 0.0393 0.4492 0.8926
vn 0.0931 -0.0113 -0.9956
vn 0.0468 -0.1633 -0.9855
vn 0.1764 0.2851 -0.9421
vn 0.2424 0.5535 -0.7968
vn 0.2847 0.7679 -0.5738
vn 0.2984 0.8804 -0.3685
vn 0.2984 0.9289 -0.2194
vn 0.2847 0.9585 0.0128
vn 0.2424 0.9162 0.3192
vn 0.1764 0.7844 0.5946
vn 0.0931 0.5760 0.8121
vn 0.0468 0.4471 0.8932
vn 0.1076 -0.0160 -0.9941
vn 0.0541 -0.1657 -0.9847
vn 0.2038 0.2762 -0.9393
vn 0.2800 0.5413 -0.7928
vn 0.3290 0.7536 -0.5691
vn 0.3447 0.8654 -0.3636
vn 0.3447 0.9139 -0.2145
vn 0.3290 0.9442 0.0175
vn 0.2800 0.9039 0.3232
vn 0.2038 0.7755 0.5975
vn 0.1076 0.5713 0.8136
vn 0.0541 0.4448 0.8940
vn 0.1216 -0.0213 -0.9923
vn 0.0611 -0.1683 -0.9838
vn 0.2303 0.2661 -0.9360
vn 0.3165 0.5275 -0.7884
vn 0.3718 0.7374 -0.5639
vn 0.3897 0.8485 -0.3581
vn 0.3897 0.8969 -0.2090
vn 0.3718 0.9280 0.0227
vn 0.3165 0.8902 0.3277
vn 0.2303 0.7655 0.6008
vn 0.1216 0.5660 0.8154
vn 0.0611 0.4421 0.8949
vn 0.1351 -0.0272 -0.9905
vn 0.0679 -0.1712 -0.9829
vn 0.2560 0.2551 -0.9324
vn 0.3518 0.5123 -0.7834
vn 0.4132 0.7196 -0.5581
vn 0.4331 0.8298 -0.3520
vn 0.4331 0.8782 -0.2029
vn 0.4132 0.9102 0.0285
vn 0.3518 0.8750 0.3327
vn 0.2560 0.7544 0.6044
vn 0.1351 0.5602 0.8173
vn 0.0679 0.4392 0.8958
vn 0.1481 -0.0336 -0.9884
vn 0.0745 -0.1744 -0.9818
vn 0.2806 0.2430 -0.9285
vn 0.3857 0.4958 -0.7781
vn 0.4531 0.7002 -0.5518
vn 0.4748 0.8095 -0.3454
vn 0.4748 0.8579 -0.1963
vn 0.4531 0.8908 0.0348
vn 0.3857 0.8585 0.3380
vn 0.2806 0.7424 0.6083
vn 0.1481 0.5538 0.8194
vn 0.0745 0.4360 0.8969
vn 0.1606 -0.0404 -0.9862
vn 0.0808 -0.1778 -0.9807
vn 0.3042 0.2302 -0.9244
vn 0.4181 0.4782 -0.7724
vn 0.4912 0.6794 -0.5451
vn 0.5148 0.7877 -0.3384
vn 0.5148 0.8362 -0.1893
vn 0.4912 0.8701 0.0416
vn 0.4181 0.8408 0.3438
vn 0.3042 0.7295 0.6125
vn 0.1606 0.5470 0.8216
vn 0.0808 0.4326 0.8980
vn 0.2766 -0.1486 -0.9494
vn 0.1205 -0.2431 -0.9625
vn 0.5005 0.0080 -0.8657
vn 0.6930 0.1732 -0.6999
vn 0.8274 0.3309 -0.4538
vn 0.8730 0.4296 -0.2310
vn 0.8730 0.4833 -0.0656
vn 0.8274 0.5344 0.1726
vn 0.6930 0.5515 0.4644
vn 0.5005 0.5153 0.6956
vn 0.2766 0.4378 0.8554
vn 0.1205 0.3691 0.9216
vn 0.0747 -0.4629 -0.8833
vn 0.0263 -0.3644 -0.9309
vn 0.1418 -0.5917 -0.7936
vn 0.2326 -0.7490 -0.6204
vn 0.3467 -0.9009 -0.2612
vn 0.4021 -0.9078 0.1191
vn 0.4021 -0.8044 0.4373
vn 0.3467 -0.5753 0.7408
vn 0.2326 -0.2413 0.9422
vn 0.1418 -0.0122 0.9898
vn 0.0747 0.1447 0.9867
vn 0.0263 0.2524 0.9673
vn -0.1679 -0.5414 -0.8239
vn -0.1183 -0.4760 -0.8714
vn -0.0715 -0.4118 -0.9085
vn -0.3036 -0.7037 -0.6423
vn -0.2622 -0.6571 -0.7067
vn -0.4237 -0.8175 -0.3902
vn -0.3972 -0.7959 -0.4569
vn -0.5100 -0.8567 -0.0775
vn -0.5013 -0.8567 -0.1213
vn -0.5398 -0.8238 0.1729
vn -0.5395 -0.8252 0.1671
vn -0.5398 -0.7681 0.3444
vn -0.5395 -0.7658 0.3499
vn -0.5100 -0.6475 0.5662
vn -0.5013 -0.6218 0.6017
vn -0.4237 -0.4320 0.7962
vn -0.3972 -0.3754 0.8375
vn -0.3036 -0.1918 0.9333
vn -0.2622 -0.1162 0.9580
vn -0.1679 0.0463 0.9847
vn -0.1183 0.1271 0.9848
vn -0.0715 0.2009 0.9770
vn 0.1190 -0.4732 -0.8729
vn 0.0722 -0.4104 -0.9090
vn 0.2647 -0.6525 -0.7101
vn 0.4020 -0.7907 -0.4617
vn 0.5088 -0.8517 -0.1257
vn 0.5482 -0.8200 0.1646
vn 0.5482 -0.7602 0.3488
vn 0.5088 -0.6151 0.6023
vn 0.4020 -0.3683 0.8383
vn 0.2647 -0.1105 0.9580
vn 0.1190 0.1302 0.9843
vn 0.0722 0.2023 0.9767
vn 0.1700 -0.5390 -0.8250
vn 0.3075 -0.6996 -0.6450
vn 0.4296 -0.8126 -0.3938
vn 0.5179 -0.8516 -0.0808
vn 0.5485 -0.8186 0.1706
vn 0.5485 -0.7625 0.3431
vn 0.5179 -0.6415 0.5659
vn 0.4296 -0.4260 0.7962
vn 0.3075 -0.1869 0.9330
vn 0.1700 0.0489 0.9842
vn -0.1953 -0.4231 -0.8848
vn -0.0726 -0.3534 -0.9327
vn -0.3630 -0.5062 -0.7823
vn -0.5568 -0.5798 -0.5948
vn -0.7478 -0.6067 -0.2696
vn -0.8274 -0.5598 0.0450
vn -0.8274 -0.4793 0.2927
vn -0.7478 -0.3324 0.5748
vn -0.5568 -0.1195 0.8220
vn -0.3630 0.0503 0.9304
vn -0.1953 0.1778 0.9645
vn -0.0726 0.2623 0.9623
vn -0.1701 -0.0490 -0.9842
vn -0.0722 -0.2024 -0.9766
vn -0.3076 0.1867 -0.9330
vn -0.4298 0.4258 -0.7962
vn -0.5182 0.6413 -0.5659
vn -0.5487 0.7623 -0.3431
vn -0.5487 0.8184 -0.1705
vn -0.5182 0.8514 0.0809
vn -0.4298 0.8125 0.3939
vn -0.3076 0.6995 0.6451
vn -0.1701 0.5389 0.8250
vn -0.0722 0.4103 0.9091
vn 0.1686 -0.0471 -0.9846
vn 0.0717 -0.2013 -0.9769
vn 0.3049 0.1902 -0.9332
vn 0.4256 0.4300 -0.7962
vn 0.5126 0.6456 -0.5661
vn 0.5426 0.7663 -0.3440
vn 0.5426 0.8221 -0.1721
vn 0.5126 0.8550 0.0786
vn 0.4256 0.8159 0.3913
vn 0.3049 0.7024 0.6432
vn 0.1686 0.5406 0.8242
vn 0.0717 0.4113 0.9087
vn 0.1945 -0.4208 -0.8860
vn 0.0721 -0.3524 -0.9331
vn 0.3619 -0.5024 -0.7853
vn 0.5566 -0.5751 -0.5996
vn 0.7501 -0.6017 -0.2745
vn 0.8312 -0.5543 0.0419
vn 0.8312 -0.4731 0.2920
vn 0.7501 -0.3254 0.5757
vn 0.5566 -0.1128 0.8231
vn 0.3619 0.0551 0.9306
vn 0.1945 0.1804 0.9642
vn 0.0721 0.2633 0.9620
vn -0.1007 -0.2446 -0.9644
vn 0.0011 -0.3842 -0.9233
vn 0.0009 -0.3677 -0.9299
vn -0.0721 -0.2634 -0.9620
vn -0.2616 -0.1321 -0.9561
vn 0.0030 -0.5124 -0.8587
vn -0.4580 0.0240 -0.8886
vn 0.0057 -0.6746 -0.7382
vn -0.6951 0.2564 -0.6716
vn 0.0098 -0.8978 -0.4403
vn -0.8288 0.4646 -0.3117
vn 0.0134 -0.9951 0.0977
vn -0.8288 0.5591 -0.0209
vn 0.0134 -0.8625 0.5059
vn -0.6951 0.6022 0.3926
vn 0.0098 -0.4676 0.8839
vn -0.4580 0.5417 0.7048
vn 0.0057 -0.1119 0.9937
vn -0.2616 0.4551 0.8511
vn 0.0030 0.0902 0.9959
vn -0.1007 0.3690 0.9240
vn 0.0011 0.2319 0.9727
vn -0.0721 0.3524 0.9331
vn 0.0009 0.2491 0.9685
vn 0.1026 -0.2414 -0.9650
vn 0.0729 -0.2614 -0.9625
vn 0.2649 -0.1244 -0.9562
vn 0.4613 0.0365 -0.8865
vn 0.6939 0.2713 -0.6670
vn 0.8218 0.4766 -0.3121
vn 0.8218 0.5691 -0.0277
vn 0.6939 0.6116 0.3801
vn 0.4614 0.5506 0.6957
vn 0.2649 0.4614 0.8467
vn 0.1026 0.3719 0.9226
vn 0.0729 0.3542 0.9323
vn 0.0330 0.0031 -0.9994
vn 0.0691 -0.0021 -0.9976
vn 0.0344 -0.1604 -0.9865
vn 0.0165 -0.1575 -0.9874
vn 0.0622 0.3094 -0.9489
vn 0.1300 0.2991 -0.9453
vn 0.0854 0.5855 -0.8061
vn 0.1783 0.5711 -0.8013
vn 0.1002 0.8047 -0.5851
vn 0.2093 0.7876 -0.5795
vn 0.1050 0.9186 -0.3809
vn 0.2193 0.9007 -0.3750
vn 0.1050 0.9671 -0.2318
vn 0.2193 0.9491 -0.2260
vn 0.1002 0.9950 0.0004
vn 0.2093 0.9778 0.0059
vn 0.0854 0.9475 0.3080
vn 0.1783 0.9330 0.3126
vn 0.0622 0.8081 0.5858
vn 0.1300 0.7976 0.5890
vn 0.0330 0.5900 0.8067
vn 0.0691 0.5847 0.8083
vn 0.0165 0.4530 0.8914
vn 0.0344 0.4501 0.8923
vn 0.1077 -0.0124 -0.9941
vn 0.0535 -0.1658 -0.9847
vn 0.2026 0.2791 -0.9386
vn 0.2778 0.5434 -0.7922
vn 0.3260 0.7551 -0.5688
vn 0.3416 0.8665 -0.3640
vn 0.3416 0.9149 -0.2149
vn 0.3260 0.9452 0.0164
vn 0.2778 0.9053 0.3215
vn 0.2026 0.7775 0.5953
vn 0.1077 0.5743 0.8116
vn 0.0535 0.4447 0.8941
vn 0.1475 -0.0289 -0.9886
vn 0.0732 -0.1741 -0.9820
vn 0.2773 0.2477 -0.9283
vn 0.3801 0.5002 -0.7780
vn 0.4461 0.7043 -0.5523
vn 0.4674 0.8133 -0.3467
vn 0.4674 0.8617 -0.1976
vn 0.4461 0.8944 0.0328
vn 0.3801 0.8620 0.3354
vn 0.2773 0.7460 0.6054
vn 0.1475 0.5577 0.8168
vn 0.0732 0.4363 0.8968
vn 0.1865 -0.0519 -0.9811
vn 0.0924 -0.1857 -0.9783
vn 0.3503 0.2042 -0.9141
vn 0.4801 0.4405 -0.7586
vn 0.5634 0.6342 -0.5295
vn 0.5903 0.7398 -0.3228
vn 0.5903 0.7883 -0.1737
vn 0.5634 0.8243 0.0556
vn 0.4801 0.8023 0.3547
vn 0.3503 0.7025 0.6195
vn 0.1865 0.5347 0.8242
vn 0.0924 0.4248 0.9006
vn 0.2222 -0.0810 -0.9716
vn 0.1101 -0.2001 -0.9736
vn 0.4174 0.1496 -0.8963
vn 0.5721 0.3656 -0.7342
vn 0.6714 0.5462 -0.5009
vn 0.7034 0.6477 -0.2929
vn 0.7034 0.6961 -0.1438
vn 0.6714 0.7363 0.0842
vn 0.5721 0.7273 0.3791
vn 0.4174 0.6479 0.6372
vn 0.2223 0.5056 0.8337
vn 0.1101 0.4104 0.9053
vn 0.2529 -0.1148 -0.9607
vn 0.1253 -0.2168 -0.9681
vn 0.4750 0.0862 -0.8758
vn 0.6510 0.2787 -0.7060
vn 0.7640 0.4443 -0.4678
vn 0.8005 0.5409 -0.2582
vn 0.8005 0.5893 -0.1091
vn 0.7640 0.6344 0.1173
vn 0.6510 0.6405 0.4073
vn 0.4750 0.5845 0.6578
vn 0.2529 0.4718 0.8447
vn 0.1253 0.3937 0.9107
vn 0.2771 -0.1514 -0.9488
vn 0.1374 -0.2349 -0.9623
vn 0.5207 0.0175 -0.8535
vn 0.7138 0.1847 -0.6755
vn 0.8377 0.3340 -0.4320
vn 0.8777 0.4254 -0.2206
vn 0.8777 0.4738 -0.0715
vn 0.8377 0.5242 0.1532
vn 0.7138 0.5465 0.4379
vn 0.5207 0.5159 0.6802
vn 0.2771 0.4352 0.8566
vn 0.1374 0.3756 0.9165
vn 0.2946 -0.1889 -0.9368
vn 0.1463 -0.2534 -0.9563
vn 0.5540 -0.0527 -0.8308
vn 0.7596 0.0885 -0.6443
vn 0.8915 0.2211 -0.3953
vn 0.9341 0.3071 -0.1822
vn 0.9341 0.3555 -0.0331
vn 0.8915 0.4113 0.1899
vn 0.7596 0.4503 0.4693
vn 0.5540 0.4457 0.7032
vn 0.2946 0.3978 0.8689
vn 0.1463 0.3571 0.9225
vn 0.3058 -0.2256 -0.9250
vn 0.1521 -0.2715 -0.9503
vn 0.5757 -0.1217 -0.8086
vn 0.7895 -0.0060 -0.6138
vn 0.9266 0.1103 -0.3594
vn 0.9709 0.1909 -0.1444
vn 0.9709 0.2394 0.0046
vn 0.9266 0.3004 0.2259
vn 0.7895 0.3559 0.5001
vn 0.5757 0.3768 0.7257
vn 0.3058 0.3612 0.8809
vn 0.1521 0.3389 0.9284
vn 0.3118 -0.2605 -0.9137
vn 0.1552 -0.2888 -0.9447
vn 0.5873 -0.1874 -0.7874
vn 0.8056 -0.0960 -0.5846
vn 0.9457 0.0046 -0.3251
vn 0.9908 0.0803 -0.1085
vn 0.9908 0.1287 0.0406
vn 0.9457 0.1949 0.2603
vn 0.8056 0.2660 0.5294
vn 0.5873 0.3113 0.7471
vn 0.3118 0.3263 0.8924
vn 0.1552 0.3216 0.9341
vn 0.3136 -0.2940 -0.9029
vn 0.1562 -0.3055 -0.9393
vn 0.5908 -0.2504 -0.7670
vn 0.8105 -0.1825 -0.5566
vn 0.9514 -0.0968 -0.2922
vn 0.9969 -0.0260 -0.0739
vn 0.9969 0.0224 0.0751
vn 0.9514 0.0934 0.2933
vn 0.8105 0.1795 0.5575
vn 0.5908 0.2482 0.7677
vn 0.3136 0.2929 0.9033
vn 0.1562 0.3049 0.9395
vn 0.3118 -0.3287 -0.8915
vn 0.1551 -0.3228 -0.9337
vn 0.5869 -0.3158 -0.7455
vn 0.8049 -0.2722 -0.5273
vn 0.9448 -0.2022 -0.2579
vn 0.9899 -0.1364 -0.0381
vn 0.9899 -0.0880 0.1110
vn 0.9448 -0.0120 0.3275
vn 0.8049 0.0897 0.5866
vn 0.5869 0.1827 0.7888
vn 0.3118 0.2580 0.9144
vn 0.1551 0.2877 0.9451
vn 0.3049 -0.3662 -0.8792
vn 0.1514 -0.3414 -0.9276
vn 0.5734 -0.3863 -0.7225
vn 0.7862 -0.3688 -0.4958
vn 0.9228 -0.3156 -0.2210
vn 0.9669 -0.2553 0.0005
vn 0.9669 -0.2069 0.1496
vn 0.9228 -0.1255 0.3643
vn 0.7862 -0.0070 0.6179
vn 0.5734 0.1122 0.8115
vn 0.3049 0.2205 0.9265
vn 0.1514 0.2690 0.9512
vn 0.2918 -0.4053 -0.8663
vn 0.1447 -0.3608 -0.9214
vn 0.5485 -0.4597 -0.6985
vn 0.7518 -0.4695 -0.4629
vn 0.8823 -0.4338 -0.1825
vn 0.9244 -0.3791 0.0408
vn 0.9244 -0.3307 0.1899
vn 0.8823 -0.2437 0.4026
vn 0.7518 -0.1077 0.6505
vn 0.5485 0.0386 0.8353
vn 0.2918 0.1813 0.9391
vn 0.1447 0.2497 0.9575
vn 0.2718 -0.4445 -0.8535
vn 0.1347 -0.3802 -0.9151
vn 0.5106 -0.5332 -0.6745
vn 0.6999 -0.5703 -0.4301
vn 0.8213 -0.5520 -0.1441
vn 0.8605 -0.5030 0.0810
vn 0.8605 -0.4545 0.2301
vn 0.8213 -0.3619 0.4410
vn 0.6999 -0.2085 0.6832
vn 0.5106 -0.0350 0.8591
vn 0.2718 0.1420 0.9518
vn 0.1347 0.2303 0.9638
vn 0.2450 -0.4817 -0.8414
vn 0.1213 -0.3985 -0.9091
vn 0.4600 -0.6030 -0.6518
vn 0.6304 -0.6659 -0.3990
vn 0.7398 -0.6642 -0.1076
vn 0.7751 -0.6205 0.1192
vn 0.7751 -0.5721 0.2683
vn 0.7398 -0.4741 0.4774
vn 0.6304 -0.3041 0.7142
vn 0.4600 -0.1048 0.8817
vn 0.2450 0.1048 0.9639
vn 0.1213 0.2119 0.9697
vn 0.2121 -0.5148 -0.8307
vn 0.1050 -0.4149 -0.9038
vn 0.3984 -0.6651 -0.6316
vn 0.5460 -0.7510 -0.3714
vn 0.6407 -0.7641 -0.0752
vn 0.6713 -0.7252 0.1532
vn 0.6713 -0.6767 0.3023
vn 0.6407 -0.5740 0.5099
vn 0.5460 -0.3892 0.7419
vn 0.3984 -0.1668 0.9019
vn 0.2121 0.0718 0.9746
vn 0.1050 0.1956 0.9751
vn 0.1753 -0.5420 -0.8219
vn 0.0869 -0.4285 -0.8994
vn 0.3293 -0.7165 -0.6150
vn 0.4514 -0.8214 -0.3486
vn 0.5298 -0.8468 -0.0483
vn 0.5551 -0.8118 0.1814
vn 0.5551 -0.7634 0.3304
vn 0.5298 -0.6567 0.5368
vn 0.4514 -0.4597 0.7648
vn 0.3293 -0.2181 0.9187
vn 0.1753 0.0446 0.9835
vn 0.0869 0.1820 0.9795
vn 0.1367 -0.5627 -0.8153
vn 0.0679 -0.4389 -0.8960
vn 0.2571 -0.7557 -0.6024
vn 0.3525 -0.8753 -0.3312
vn 0.4137 -0.9100 -0.0278
vn 0.4334 -0.8780 0.2029
vn 0.4334 -0.8296 0.3520
vn 0.4137 -0.7199 0.5574
vn 0.3525 -0.5134 0.7824
vn 0.2571 -0.2573 0.9315
vn 0.1367 0.0240 0.9903
vn 0.0679 0.1716 0.9828
vn 0.0987 -0.5770 -0.8108
vn 0.0491 -0.4462 -0.8936
vn 0.1857 -0.7830 -0.5937
vn 0.2547 -0.9129 -0.3191
vn 0.2989 -0.9542 -0.0135
vn 0.3132 -0.9243 0.2179
vn 0.3132 -0.8759 0.3670
vn 0.2989 -0.7640 0.5718
vn 0.2547 -0.5510 0.7947
vn 0.1857 -0.2845 0.9405
vn 0.0987 0.0098 0.9951
vn 0.0491 0.1642 0.9852
vn 0.0627 -0.5857 -0.8081
vn 0.0312 -0.4508 -0.8921
vn 0.1182 -0.7999 -0.5884
vn 0.1621 -0.9363 -0.3117
vn 0.1903 -0.9817 -0.0047
vn 0.1994 -0.9532 0.2273
vn 0.1994 -0.9048 0.3764
vn 0.1903 -0.7915 0.5808
vn 0.1621 -0.5743 0.8025
vn 0.1182 -0.3013 0.9462
vn 0.0627 0.0012 0.9980
vn 0.0312 0.1597 0.9867
vn 0.0298 -0.5900 -0.8069
vn 0.0149 -0.4531 -0.8913
vn 0.0562 -0.8085 -0.5858
vn 0.0772 -0.9483 -0.3079
vn 0.0906 -0.9959 -0.0002
vn 0.0949 -0.9680 0.2321
vn 0.0949 -0.9196 0.3812
vn 0.0906 -0.8056 0.5855
vn 0.0772 -0.5862 0.8065
vn 0.0562 -0.3097 0.9492
vn 0.0298 -0.0030 0.9996
vn 0.0149 0.1573 0.9874
vn 0.0071 -0.5894 -0.8078
vn 0.0036 -0.4539 -0.8910
vn 0.0134 -0.8099 -0.5865
vn 0.0184 -0.9512 -0.3079
vn 0.0216 -0.9998 0.0005
vn 0.0226 -0.9721 0.2334
vn 0.0226 -0.9237 0.3825
vn 0.0216 -0.8092 0.5872
vn 0.0184 -0.5886 0.8082
vn 0.0134 -0.3105 0.9505
vn 0.0071 -0.0020 1.0000
vn 0.0036 0.1565 0.9877
vn 0.1203 -0.4190 -0.9000
vn 0.0787 -0.3819 -0.9208
vn 0.2882 -0.5563 -0.7794
vn 0.4666 -0.6760 -0.5704
vn 0.6319 -0.7397 -0.2315
vn 0.7023 -0.7038 0.1069
vn 0.7023 -0.6322 0.3272
vn 0.6319 -0.4623 0.6220
vn 0.4666 -0.2116 0.8588
vn 0.2882 0.0081 0.9575
vn 0.1203 0.1901 0.9744
vn 0.0787 0.2322 0.9695
vn 0.1980 -0.4850 -0.8518
vn 0.3610 -0.6090 -0.7062
vn 0.5226 -0.7052 -0.4792
vn 0.6543 -0.7395 -0.1585
vn 0.7032 -0.7012 0.1175
vn 0.7032 -0.6364 0.3171
vn 0.6543 -0.5051 0.5629
vn 0.5226 -0.2889 0.8021
vn 0.3610 -0.0776 0.9293
vn 0.1980 0.1083 0.9742
vn -0.1980 -0.4850 -0.8518
vn -0.0787 -0.3819 -0.9208
vn -0.3610 -0.6090 -0.7062
vn -0.5226 -0.7052 -0.4792
vn -0.6543 -0.7395 -0.1585
vn -0.7032 -0.7012 0.1175
vn -0.7032 -0.6364 0.3171
vn -0.6543 -0.5051 0.5629
vn -0.5226 -0.2889 0.8021
vn -0.3610 -0.0776 0.9293
vn -0.1980 0.1083 0.9742
vn -0.0787 0.2322 0.9695
vn -0.1980 -0.1083 -0.9742
vn -0.0787 -0.2322 -0.9695
vn -0.3610 0.0776 -0.9293
vn -0.5226 0.2889 -0.8021
vn -0.6543 0.5051 -0.5629
vn -0.7032 0.6364 -0.3171
vn -0.7032 0.7012 -0.1175
vn -0.6543 0.7395 0.1585
vn -0.5226 0.7052 0.4792
vn -0.3610 0.6090 0.7062
vn -0.1980 0.4850 0.8518
vn -0.0787 0.3819 0.9208
vn 0.0078 0.0022 -1.0000
vn 0.0039 -0.1565 -0.9877
vn 0.0148 0.3106 -0.9504
vn 0.0204 0.5886 -0.8082
vn 0.0240 0.8091 -0.5871
vn 0.0251 0.9236 -0.3825
vn 0.0251 0.9721 -0.2334
vn 0.0240 0.9997 -0.0006
vn 0.0204 0.9512 0.3078
vn 0.0148 0.8099 0.5863
vn 0.0078 0.5895 0.8077
vn 0.0039 0.4539 0.8910
vn -0.0070 -0.0023 -1.0000
vn -0.0288 -0.0063 -0.9996
vn -0.0148 -0.1573 -0.9874
vn -0.0036 -0.1565 -0.9877
vn -0.0134 0.3070 -0.9516
vn -0.0553 0.3022 -0.9516
vn -0.0184 0.5864 -0.8098
vn -0.0763 0.5816 -0.8099
vn -0.0217 0.8083 -0.5883
vn -0.0899 0.8039 -0.5880
vn -0.0227 0.9236 -0.3827
vn -0.0943 0.9195 -0.3816
vn -0.0227 0.9721 -0.2333
vn -0.0943 0.9682 -0.2318
vn -0.0217 0.9998 0.0009
vn -0.0899 0.9959 0.0032
vn -0.0184 0.9504 0.3105
vn -0.0763 0.9465 0.3134
vn -0.0134 0.8077 0.5894
vn -0.0553 0.8039 0.5922
vn -0.0070 0.5859 0.8104
vn -0.0288 0.5824 0.8124
vn -0.0036 0.4539 0.8910
vn -0.0148 0.4532 0.8913
vn -0.0598 -0.0112 -0.9981
vn -0.0308 -0.1596 -0.9867
vn -0.1150 0.2933 -0.9491
vn -0.1589 0.5696 -0.8064
vn -0.1872 0.7901 -0.5837
vn -0.1964 0.9052 -0.3770
vn -0.1964 0.9539 -0.2271
vn -0.1872 0.9823 0.0079
vn -0.1589 0.9348 0.3176
vn -0.1150 0.7952 0.5954
vn -0.0598 0.5776 0.8141
vn -0.0308 0.4509 0.8921
vn -0.0932 -0.0201 -0.9954
vn -0.0480 -0.1639 -0.9853
vn -0.1793 0.2768 -0.9441
vn -0.2480 0.5471 -0.7995
vn -0.2922 0.7638 -0.5755
vn -0.3065 0.8778 -0.3681
vn -0.3065 0.9265 -0.2182
vn -0.2922 0.9562 0.0166
vn -0.2480 0.9125 0.3252
vn -0.1793 0.7788 0.6011
vn -0.0932 0.5688 0.8172
vn -0.0480 0.4465 0.8935
vn -0.1283 -0.0340 -0.9912
vn -0.0662 -0.1708 -0.9831
vn -0.2471 0.2507 -0.9360
vn -0.3419 0.5115 -0.7883
vn -0.4030 0.7222 -0.5622
vn -0.4228 0.8342 -0.3540
vn -0.4228 0.8830 -0.2040
vn -0.4030 0.9147 0.0304
vn -0.3419 0.8772 0.3371
vn -0.2471 0.7530 0.6098
vn -0.1283 0.5551 0.8218
vn -0.0662 0.4397 0.8957
vn -0.1640 -0.0534 -0.9850
vn -0.0848 -0.1806 -0.9799
vn -0.3162 0.2137 -0.9243
vn -0.4377 0.4606 -0.7722
vn -0.5160 0.6624 -0.5431
vn -0.5414 0.7717 -0.3337
vn -0.5414 0.8205 -0.1836
vn -0.5160 0.8551 0.0500
vn -0.4377 0.8265 0.3540
vn -0.3162 0.7162 0.6222
vn -0.1640 0.5357 0.8283
vn -0.0848 0.4299 0.8989
vn -0.1987 -0.0789 -0.9769
vn -0.1028 -0.1936 -0.9757
vn -0.3833 0.1650 -0.9087
vn -0.5308 0.3934 -0.7507
vn -0.6259 0.5834 -0.5176
vn -0.6568 0.6889 -0.3069
vn -0.6568 0.7377 -0.1566
vn -0.6259 0.7762 0.0758
vn -0.5308 0.7595 0.3761
vn -0.3833 0.6676 0.6382
vn -0.1987 0.5104 0.8367
vn -0.1028 0.4169 0.9031
vn -0.2304 -0.1099 -0.9669
vn -0.1193 -0.2096 -0.9705
vn -0.4447 0.1053 -0.8895
vn -0.6158 0.3108 -0.7240
vn -0.7263 0.4860 -0.4860
vn -0.7621 0.5868 -0.2737
vn -0.7621 0.6356 -0.1235
vn -0.7263 0.6789 0.1075
vn -0.6158 0.6770 0.4030
vn -0.4447 0.6080 0.6577
vn -0.2304 0.4794 0.8468
vn -0.1193 0.4009 0.9083
vn -0.2573 -0.1454 -0.9553
vn -0.1332 -0.2280 -0.9645
vn -0.4966 0.0368 -0.8672
vn -0.6877 0.2160 -0.6931
vn -0.8110 0.3742 -0.4497
vn -0.8510 0.4694 -0.2356
vn -0.8510 0.5182 -0.0853
vn -0.8110 0.5671 0.1439
vn -0.6877 0.5821 0.4338
vn -0.4966 0.5395 0.6800
vn -0.2573 0.4439 0.8583
vn -0.1332 0.3825 0.9143
vn -0.2781 -0.1834 -0.9429
vn -0.1438 -0.2477 -0.9581
vn -0.5365 -0.0368 -0.8431
vn -0.7427 0.1140 -0.6598
vn -0.8758 0.2539 -0.4105
vn -0.9189 0.3431 -0.1945
vn -0.9189 0.3919 -0.0443
vn -0.8758 0.4467 0.1828
vn -0.7427 0.4801 0.4668
vn -0.5365 0.4658 0.7037
vn -0.2781 0.4058 0.8706
vn -0.1438 0.3628 0.9207
vn -0.2923 -0.2220 -0.9302
vn -0.1510 -0.2677 -0.9516
vn -0.5635 -0.1113 -0.8186
vn -0.7798 0.0106 -0.6259
vn -0.9194 0.1319 -0.3706
vn -0.9646 0.2150 -0.1528
vn -0.9646 0.2638 -0.0027
vn -0.9194 0.3245 0.2223
vn -0.7798 0.3765 0.5001
vn -0.5635 0.3911 0.7277
vn -0.2923 0.3671 0.8830
vn -0.1510 0.3427 0.9272
vn -0.3005 -0.2593 -0.9179
vn -0.1550 -0.2871 -0.9453
vn -0.5785 -0.1833 -0.7948
vn -0.8002 -0.0891 -0.5931
vn -0.9431 0.0142 -0.3321
vn -0.9894 0.0915 -0.1127
vn -0.9894 0.1403 0.0374
vn -0.9431 0.2067 0.2603
vn -0.8002 0.2765 0.5322
vn -0.5785 0.3189 0.7508
vn -0.3005 0.3297 0.8950
vn -0.1550 0.3234 0.9335
vn -0.3039 -0.2926 -0.9067
vn -0.1562 -0.3043 -0.9397
vn -0.5838 -0.2474 -0.7733
vn -0.8068 -0.1778 -0.5634
vn -0.9504 -0.0904 -0.2976
vn -0.9969 -0.0184 -0.0768
vn -0.9969 0.0303 0.0730
vn -0.9504 0.1017 0.2939
vn -0.8068 0.1874 0.5603
vn -0.5838 0.2544 0.7710
vn -0.3039 0.2962 0.9055
vn -0.1562 0.3062 0.9391
vn -0.3028 -0.3220 -0.8970
vn -0.1555 -0.3194 -0.9348
vn -0.5814 -0.3039 -0.7547
vn -0.8033 -0.2559 -0.5378
vn -0.9461 -0.1825 -0.2675
vn -0.9923 -0.1150 -0.0454
vn -0.9923 -0.0663 0.1044
vn -0.9461 0.0096 0.3237
vn -0.8033 0.1091 0.5855
vn -0.5814 0.1977 0.7892
vn -0.3028 0.2667 0.9150
vn -0.1555 0.2910 0.9440
vn -0.2976 -0.3518 -0.8875
vn -0.1531 -0.3347 -0.9298
vn -0.5720 -0.3612 -0.7364
vn -0.7906 -0.3350 -0.5125
vn -0.9315 -0.2756 -0.2375
vn -0.9770 -0.2126 -0.0138
vn -0.9770 -0.1640 0.1361
vn -0.9315 -0.0834 0.3541
vn -0.7906 0.0302 0.6115
vn -0.5720 0.1407 0.8081
vn -0.2976 0.2371 0.9248
vn -0.1531 0.2757 0.9490
vn -0.2880 -0.3840 -0.8773
vn -0.1484 -0.3514 -0.9244
vn -0.5543 -0.4233 -0.7167
vn -0.7665 -0.4209 -0.4850
vn -0.9033 -0.3769 -0.2049
vn -0.9476 -0.3188 0.0207
vn -0.9476 -0.2701 0.1707
vn -0.9033 -0.1845 0.3873
vn -0.7665 -0.0555 0.6398
vn -0.5543 0.0788 0.8286
vn -0.2880 0.2050 0.9354
vn -0.1484 0.2591 0.9544
vn -0.2729 -0.4182 -0.8664
vn -0.1409 -0.3691 -0.9187
vn -0.5259 -0.4894 -0.6956
vn -0.7277 -0.5125 -0.4558
vn -0.8579 -0.4849 -0.1701
vn -0.9000 -0.4321 0.0574
vn -0.9000 -0.3833 0.2075
vn -0.8579 -0.2923 0.4226
vn -0.7277 -0.1468 0.6700
vn -0.5259 0.0129 0.8505
vn -0.2729 0.1709 0.9467
vn -0.1409 0.2414 0.9601
vn -0.2514 -0.4532 -0.8552
vn -0.1300 -0.3873 -0.9128
vn -0.4849 -0.5573 -0.6740
vn -0.6714 -0.6066 -0.4257
vn -0.7917 -0.5959 -0.1343
vn -0.8307 -0.5485 0.0952
vn -0.8307 -0.4997 0.2454
vn -0.7917 -0.4031 0.4590
vn -0.6714 -0.2406 0.7009
vn -0.4849 -0.0547 0.8728
vn -0.2514 0.1360 0.9583
vn -0.1300 0.2232 0.9661
vn -0.2230 -0.4872 -0.8443
vn -0.1155 -0.4049 -0.9070
vn -0.4306 -0.6231 -0.6529
vn -0.5964 -0.6980 -0.3963
vn -0.7035 -0.7037 -0.0995
vn -0.7381 -0.6616 0.1319
vn -0.7381 -0.6128 0.2822
vn -0.7035 -0.5108 0.4942
vn -0.5964 -0.3318 0.7309
vn -0.4306 -0.1204 0.8945
vn -0.2230 0.1021 0.9694
vn -0.1155 0.2055 0.9718
vn -0.1886 -0.5179 -0.8344
vn -0.0977 -0.4209 -0.9019
vn -0.3642 -0.6825 -0.6337
vn -0.5045 -0.7802 -0.3697
vn -0.5951 -0.8008 -0.0681
vn -0.6245 -0.7634 0.1650
vn -0.6245 -0.7146 0.3153
vn -0.5951 -0.6078 0.5257
vn -0.5045 -0.4139 0.7577
vn -0.3642 -0.1796 0.9138
vn -0.1886 0.0715 0.9795
vn -0.0977 0.1896 0.9770
vn -0.1499 -0.5432 -0.8261
vn -0.0776 -0.4339 -0.8976
vn -0.2894 -0.7312 -0.6177
vn -0.4008 -0.8477 -0.3476
vn -0.4727 -0.8802 -0.0422
vn -0.4960 -0.8468 0.1921
vn -0.4960 -0.7980 0.3423
vn -0.4727 -0.6873 0.5515
vn -0.4008 -0.4814 0.7795
vn -0.2894 -0.2285 0.9296
vn -0.1499 0.0461 0.9876
vn -0.0776 0.1766 0.9812
vn -0.1095 -0.5621 -0.8198
vn -0.0566 -0.4435 -0.8945
vn -0.2112 -0.7671 -0.6057
vn -0.2924 -0.8971 -0.3312
vn -0.3448 -0.9384 -0.0230
vn -0.3617 -0.9079 0.2120
vn -0.3617 -0.8591 0.3621
vn -0.3448 -0.7457 0.5702
vn -0.2924 -0.5311 0.7952
vn -0.2112 -0.2646 0.9409
vn -0.1095 0.0271 0.9936
vn -0.0566 0.1669 0.9843
vn -0.0700 -0.5745 -0.8155
vn -0.0361 -0.4497 -0.8925
vn -0.1348 -0.7903 -0.5977
vn -0.1865 -0.9287 -0.3204
vn -0.2199 -0.9755 -0.0106
vn -0.2307 -0.9467 0.2247
vn -0.2307 -0.8980 0.3747
vn -0.2199 -0.7829 0.5819
vn -0.1865 -0.5631 0.8051
vn -0.1348 -0.2880 0.9481
vn -0.0700 0.0146 0.9974
vn -0.0361 0.1608 0.9863
vn -0.0333 -0.5812 -0.8131
vn -0.0171 -0.4529 -0.8914
vn -0.0640 -0.8024 -0.5933
vn -0.0885 -0.9451 -0.3145
vn -0.1043 -0.9945 -0.0040
vn -0.1094 -0.9667 0.2312
vn -0.1094 -0.9180 0.3812
vn -0.1043 -0.8022 0.5878
vn -0.0885 -0.5798 0.8100
vn -0.0640 -0.3005 0.9516
vn -0.0333 0.0077 0.9994
vn -0.0171 0.1576 0.9874
vn -0.0080 -0.5856 -0.8105
vn -0.0041 -0.4539 -0.8910
vn -0.0152 -0.8075 -0.5897
vn -0.0210 -0.9503 -0.3107
vn -0.0247 -0.9997 -0.0010
vn -0.0259 -0.9721 0.2332
vn -0.0259 -0.9235 0.3827
vn -0.0247 -0.8082 0.5884
vn -0.0210 -0.5862 0.8099
vn -0.0152 -0.3067 0.9517
vn -0.0080 0.0027 1.0000
vn -0.0041 0.1565 0.9877
vn 0.1203 -0.1901 -0.9744
vn 0.0787 -0.2322 -0.9695
vn 0.2882 -0.0081 -0.9575
vn 0.4666 0.2116 -0.8588
vn 0.6319 0.4623 -0.6220
vn 0.7023 0.6322 -0.3272
vn 0.7023 0.7038 -0.1069
vn 0.6319 0.7397 0.2315
vn 0.4666 0.6760 0.5704
vn 0.2882 0.5563 0.7794
vn 0.1203 0.4190 0.9000
vn 0.0787 0.3819 0.9208
vn 0.9267 0.1103 -0.3594
vn 0.9267 0.3004 0.2259
vn 0.5873 0.3113 0.7472
vn 0.7024 -0.7038 0.1069
vn 0.7024 -0.6322 0.3272
vn 0.6319 -0.4624 0.6220
vn -0.5226 -0.2889 0.8022
vn -0.5226 0.2889 -0.8022
vn -0.8002 0.2765 0.5321
vn -0.4850 -0.5573 -0.6740
vn -0.4850 -0.0547 0.8728
vn 0.6319 0.4624 -0.6220
vn 0.7024 0.6322 -0.3272
vn 0.7024 0.7038 -0.1069
vn -0.1203 -0.4190 -0.9000
vn -0.2882 -0.5563 -0.7794
vn -0.4666 -0.6760 -0.5704
vn -0.6319 -0.7397 -0.2315
vn -0.7024 -0.7038 0.1069
vn -0.7024 -0.6322 0.3272
vn -0.6319 -0.4624 0.6220
vn -0.4666 -0.2116 0.8588
vn -0.2882 0.0081 0.9575
vn -0.1203 0.1901 0.9744
vn 0.1980 -0.1083 -0.9742
vn 0.3610 0.0776 -0.9293
vn 0.5226 0.2889 -0.8021
vn 0.6543 0.5051 -0.5629
vn 0.7032 0.6364 -0.3171
vn 0.7032 0.7012 -0.1175
vn 0.6543 0.7395 0.1585
vn 0.5226 0.7052 0.4792
vn 0.3610 0.6090 0.7062
vn 0.1980 0.4850 0.8518
vn -0.1203 -0.1901 -0.9744
vn -0.2882 -0.0081 -0.9575
vn -0.4666 0.2116 -0.8588
vn -0.6319 0.4624 -0.6220
vn -0.7024 0.6322 -0.3272
vn -0.7024 0.7038 -0.1069
vn -0.6319 0.7397 0.2315
vn -0.4666 0.6760 0.5704
vn -0.2882 0.5563 0.7794
vn -0.1203 0.4190 0.9000
vn 0.5226 0.2889 -0.8022
vn 0.5226 -0.2889 0.8022
vn 0.0292 0.0029 -0.9996
vn 0.0609 -0.0010 -0.9981
vn 0.0303 -0.1595 -0.9867
vn 0.0146 -0.1573 -0.9874
vn 0.0551 0.3098 -0.9492
vn 0.1147 0.3018 -0.9465
vn 0.0757 0.5863 -0.8066
vn 0.1574 0.5751 -0.8028
vn 0.0889 0.8057 -0.5856
vn 0.1848 0.7925 -0.5812
vn 0.0931 0.9198 -0.3812
vn 0.1936 0.9059 -0.3767
vn 0.0931 0.9682 -0.2322
vn 0.1936 0.9543 -0.2277
vn 0.0889 0.9960 0.0001
vn 0.1848 0.9828 0.0044
vn 0.0757 0.9484 0.3079
vn 0.1574 0.9371 0.3114
vn 0.0551 0.8085 0.5859
vn 0.1147 0.8005 0.5883
vn 0.0292 0.5899 0.8069
vn 0.0609 0.5859 0.8081
vn 0.0146 0.4532 0.8913
vn 0.0303 0.4510 0.8920
vn 0.0950 -0.0090 -0.9954
vn 0.0473 -0.1637 -0.9854
vn 0.1789 0.2864 -0.9413
vn 0.2454 0.5537 -0.7957
vn 0.2881 0.7673 -0.5729
vn 0.3018 0.8794 -0.3681
vn 0.3018 0.9278 -0.2191
vn 0.2881 0.9575 0.0125
vn 0.2454 0.9157 0.3183
vn 0.1789 0.7849 0.5932
vn 0.0950 0.5779 0.8106
vn 0.0473 0.4468 0.8934
vn 0.1311 -0.0218 -0.9911
vn 0.0651 -0.1703 -0.9832
vn 0.2467 0.2617 -0.9331
vn 0.3383 0.5197 -0.7845
vn 0.3970 0.7273 -0.5598
vn 0.4160 0.8374 -0.3545
vn 0.4160 0.8859 -0.2054
vn 0.3970 0.9175 0.0254
vn 0.3383 0.8816 0.3292
vn 0.2467 0.7602 0.6010
vn 0.1311 0.5649 0.8146
vn 0.0651 0.4402 0.8956
vn 0.1681 -0.0404 -0.9849
vn 0.0834 -0.1798 -0.9802
vn 0.3160 0.2262 -0.9214
vn 0.4332 0.4708 -0.7685
vn 0.5084 0.6698 -0.5411
vn 0.5327 0.7772 -0.3349
vn 0.5327 0.8256 -0.1859
vn 0.5084 0.8600 0.0441
vn 0.4332 0.8326 0.3450
vn 0.3160 0.7246 0.6125
vn 0.1681 0.5462 0.8206
vn 0.0834 0.4307 0.8986
vn 0.2044 -0.0655 -0.9767
vn 0.1013 -0.1923 -0.9761
vn 0.3839 0.1788 -0.9059
vn 0.5262 0.4058 -0.7473
vn 0.6176 0.5934 -0.5162
vn 0.6470 0.6971 -0.3089
vn 0.6470 0.7455 -0.1598
vn 0.6176 0.7835 0.0689
vn 0.5262 0.7675 0.3661
vn 0.3839 0.6772 0.6277
vn 0.2044 0.5211 0.8287
vn 0.1013 0.4181 0.9027
vn 0.2378 -0.0968 -0.9665
vn 0.1178 -0.2079 -0.9710
vn 0.4466 0.1199 -0.8866
vn 0.6121 0.3249 -0.7209
vn 0.7183 0.4984 -0.4854
vn 0.7526 0.5976 -0.2766
vn 0.7526 0.6460 -0.1275
vn 0.7183 0.6885 0.0997
vn 0.6121 0.6866 0.3923
vn 0.4466 0.6181 0.6469
vn 0.2378 0.4898 0.8388
vn 0.1178 0.4025 0.9078
vn 0.2665 -0.1334 -0.9546
vn 0.1319 -0.2261 -0.9651
vn 0.5004 0.0511 -0.8643
vn 0.6857 0.2307 -0.6903
vn 0.8047 0.3879 -0.4494
vn 0.8431 0.4817 -0.2389
vn 0.8431 0.5302 -0.0899
vn 0.8047 0.5780 0.1356
vn 0.6857 0.5924 0.4229
vn 0.5004 0.5494 0.6692
vn 0.2665 0.4532 0.8507
vn 0.1319 0.3844 0.9137
vn 0.2886 -0.1734 -0.9416
vn 0.1430 -0.2459 -0.9587
vn 0.5422 -0.0240 -0.8399
vn 0.7431 0.1277 -0.6569
vn 0.8720 0.2671 -0.4102
vn 0.9136 0.3552 -0.1978
vn 0.9136 0.4036 -0.0487
vn 0.8720 0.4572 0.1749
vn 0.7431 0.4895 0.4564
vn 0.5422 0.4743 0.6936
vn 0.2886 0.4132 0.8637
vn 0.1430 0.3646 0.9201
vn 0.3037 -0.2147 -0.9283
vn 0.1506 -0.2663 -0.9521
vn 0.5707 -0.1014 -0.8149
vn 0.7823 0.0216 -0.6225
vn 0.9181 0.1426 -0.3698
vn 0.9619 0.2248 -0.1555
vn 0.9619 0.2733 -0.0064
vn 0.9181 0.3328 0.2153
vn 0.7823 0.3834 0.4909
vn 0.5707 0.3969 0.7189
vn 0.3037 0.3719 0.8772
vn 0.1506 0.3442 0.9267
vn 0.3118 -0.2551 -0.9153
vn 0.1548 -0.2862 -0.9456
vn 0.5864 -0.1773 -0.7904
vn 0.8040 -0.0823 -0.5889
vn 0.9437 0.0207 -0.3302
vn 0.9887 0.0971 -0.1140
vn 0.9887 0.1455 0.0351
vn 0.9437 0.2109 0.2550
vn 0.8040 0.2796 0.5248
vn 0.5864 0.3212 0.7436
vn 0.3118 0.3316 0.8904
vn 0.1548 0.3242 0.9332
vn 0.3134 -0.2908 -0.9040
vn 0.1562 -0.3039 -0.9398
vn 0.5907 -0.2443 -0.7690
vn 0.8104 -0.1740 -0.5594
vn 0.9514 -0.0869 -0.2954
vn 0.9969 -0.0156 -0.0773
vn 0.9969 0.0328 0.0717
vn 0.9514 0.1033 0.2901
vn 0.8104 0.1880 0.5549
vn 0.5907 0.2544 0.7657
vn 0.3134 0.2961 0.9023
vn 0.1562 0.3066 0.9389
vn 0.3116 -0.3202 -0.8946
vn 0.1556 -0.3186 -0.9350
vn 0.5880 -0.2998 -0.7512
vn 0.8070 -0.2503 -0.5348
vn 0.9476 -0.1764 -0.2665
vn 0.9929 -0.1094 -0.0469
vn 0.9929 -0.0609 0.1022
vn 0.9476 0.0139 0.3193
vn 0.8070 0.1119 0.5798
vn 0.5880 0.1990 0.7840
vn 0.3116 0.2668 0.9120
vn 0.1556 0.2919 0.9437
vn 0.3077 -0.3481 -0.8855
vn 0.1536 -0.3325 -0.9305
vn 0.5805 -0.3525 -0.7340
vn 0.7966 -0.3226 -0.5113
vn 0.9352 -0.2613 -0.2389
vn 0.9800 -0.1983 -0.0180
vn 0.9800 -0.1499 0.1311
vn 0.9352 -0.0710 0.3468
vn 0.7966 0.0396 0.6032
vn 0.5805 0.1463 0.8010
vn 0.3077 0.2388 0.9210
vn 0.1536 0.2779 0.9482
vn 0.3007 -0.3770 -0.8761
vn 0.1500 -0.3469 -0.9258
vn 0.5669 -0.4068 -0.7163
vn 0.7779 -0.3971 -0.4870
vn 0.9133 -0.3488 -0.2104
vn 0.9569 -0.2900 0.0118
vn 0.9569 -0.2416 0.1609
vn 0.9133 -0.1586 0.3752
vn 0.7779 -0.0350 0.6274
vn 0.5669 0.0919 0.8186
vn 0.3007 0.2099 0.9303
vn 0.1500 0.2636 0.9529
vn 0.2901 -0.4061 -0.8666
vn 0.1446 -0.3614 -0.9211
vn 0.5469 -0.4617 -0.6984
vn 0.7503 -0.4724 -0.4625
vn 0.8808 -0.4372 -0.1817
vn 0.9230 -0.3826 0.0419
vn 0.9230 -0.3342 0.1910
vn 0.8808 -0.2469 0.4039
vn 0.7503 -0.1103 0.6518
vn 0.5469 0.0370 0.8364
vn 0.2901 0.1808 0.9398
vn 0.1446 0.2491 0.9576
vn 0.2760 -0.4347 -0.8572
vn 0.1376 -0.3756 -0.9165
vn 0.5202 -0.5156 -0.6809
vn 0.7137 -0.5463 -0.4384
vn 0.8378 -0.5240 -0.1534
vn 0.8779 -0.4736 0.0715
vn 0.8779 -0.4251 0.2205
vn 0.8378 -0.3337 0.4321
vn 0.7137 -0.1843 0.6758
vn 0.5202 -0.0169 0.8539
vn 0.2760 0.1522 0.9490
vn 0.1376 0.2348 0.9623
vn 0.2585 -0.4620 -0.8483
vn 0.1288 -0.3892 -0.9121
vn 0.4872 -0.5671 -0.6641
vn 0.6684 -0.6169 -0.4155
vn 0.7847 -0.6069 -0.1265
vn 0.8222 -0.5604 0.0997
vn 0.8222 -0.5120 0.2488
vn 0.7847 -0.4166 0.4590
vn 0.6684 -0.2549 0.6988
vn 0.4872 -0.0684 0.8706
vn 0.2585 0.1248 0.9579
vn 0.1288 0.2212 0.9667
vn 0.2381 -0.4873 -0.8402
vn 0.1187 -0.4019 -0.9080
vn 0.4487 -0.6147 -0.6487
vn 0.6156 -0.6823 -0.3942
vn 0.7227 -0.6836 -0.1016
vn 0.7573 -0.6409 0.1258
vn 0.7573 -0.5924 0.2749
vn 0.7227 -0.4934 0.4840
vn 0.6156 -0.3203 0.7200
vn 0.4487 -0.1160 0.8861
vn 0.2381 0.0996 0.9661
vn 0.1187 0.2086 0.9708
vn 0.2153 -0.5099 -0.8328
vn 0.1074 -0.4132 -0.9043
vn 0.4059 -0.6574 -0.6348
vn 0.5569 -0.7410 -0.3752
vn 0.6538 -0.7525 -0.0792
vn 0.6851 -0.7130 0.1493
vn 0.6851 -0.6646 0.2983
vn 0.6538 -0.5622 0.5064
vn 0.5569 -0.3789 0.7391
vn 0.4059 -0.1587 0.9000
vn 0.2153 0.0770 0.9735
vn 0.1074 0.1973 0.9745
vn 0.1910 -0.5295 -0.8265
vn 0.0953 -0.4230 -0.9011
vn 0.3601 -0.6945 -0.6229
vn 0.4942 -0.7919 -0.3587
vn 0.5802 -0.8123 -0.0598
vn 0.6079 -0.7757 0.1696
vn 0.6079 -0.7272 0.3187
vn 0.5802 -0.6220 0.5258
vn 0.4942 -0.4298 0.7557
vn 0.3601 -0.1958 0.9121
vn 0.1910 0.0574 0.9799
vn 0.0953 0.1875 0.9776
vn 0.1658 -0.5460 -0.8212
vn 0.0828 -0.4313 -0.8984
vn 0.3128 -0.7257 -0.6128
vn 0.4293 -0.8347 -0.3449
vn 0.5040 -0.8626 -0.0435
vn 0.5281 -0.8284 0.1868
vn 0.5281 -0.7800 0.3358
vn 0.5040 -0.6723 0.5422
vn 0.4293 -0.4726 0.7697
vn 0.3128 -0.2269 0.9223
vn 0.1658 0.0410 0.9853
vn 0.0828 0.1792 0.9803
vn 0.1405 -0.5593 -0.8170
vn 0.0702 -0.4380 -0.8962
vn 0.2651 -0.7511 -0.6047
vn 0.3532 -0.8035 -0.4793
vn 0.8508 0.5153 -0.1031
vn 0.8702 0.4710 -0.1448
vn 0.8702 0.4662 -0.1597
vn 0.8508 0.4774 -0.2195
vn 0.3532 -0.3683 0.8600
vn 0.2651 -0.2522 0.9306
vn 0.1405 0.0277 0.9897
vn 0.0702 0.1724 0.9825
vn 0.1063 -0.3173 -0.9423
vn 0.0781 -0.3155 -0.9457
vn 0.2233 -0.4826 -0.8469
vn -0.6945 0.0084 0.7194
vn -0.8773 0.2289 0.4219
vn -0.9850 0.1371 0.1049
vn -0.9850 0.0493 -0.1655
vn -0.8773 -0.0628 -0.4758
vn -0.6945 -0.4161 -0.5870
vn 0.2233 0.1074 0.9688
vn 0.1063 0.2972 0.9489
vn 0.0781 0.3007 0.9505
vn 0.1896 -0.0581 -0.9801
vn 0.0950 -0.1872 -0.9777
vn 0.2956 0.0528 -0.9538
vn 0.7651 -0.5666 0.3060
vn 0.7385 -0.6197 0.2656
vn 0.7630 -0.6123 0.2072
vn 0.7630 -0.6171 0.1923
vn 0.7385 -0.6575 0.1494
vn 0.7651 -0.6383 0.0855
vn 0.2956 0.6034 0.7406
vn 0.1896 0.5291 0.8271
vn 0.0950 0.4233 0.9010
vn 0.2055 -0.0706 -0.9761
vn 0.3887 0.1722 -0.9051
vn 0.5339 0.3981 -0.7460
vn 0.6270 0.5852 -0.5142
vn 0.6571 0.6888 -0.3062
vn 0.6571 0.7373 -0.1571
vn 0.6270 0.7757 0.0721
vn 0.5339 0.7606 0.3695
vn 0.3887 0.6713 0.6311
vn 0.2055 0.5166 0.8312
vn 0.2193 -0.0832 -0.9721
vn 0.1101 -0.1996 -0.9737
vn 0.4149 0.1487 -0.8976
vn 0.5700 0.3659 -0.7356
vn 0.6696 0.5474 -0.5020
vn 0.7017 0.6493 -0.2934
vn 0.7017 0.6977 -0.1443
vn 0.6696 0.7379 0.0844
vn 0.5700 0.7284 0.3801
vn 0.4149 0.6479 0.6388
vn 0.2193 0.5041 0.8354
vn 0.1101 0.4109 0.9050
vn 0.2309 -0.0951 -0.9683
vn 0.1160 -0.2055 -0.9718
vn 0.4371 0.1263 -0.8905
vn 0.6007 0.3353 -0.7258
vn 0.7056 0.5115 -0.4904
vn 0.7395 0.6117 -0.2812
vn 0.7395 0.6601 -0.1321
vn 0.7056 0.7021 0.0961
vn 0.6007 0.6979 0.3901
vn 0.4371 0.6256 0.6462
vn 0.2309 0.4922 0.8393
vn 0.1160 0.4050 0.9069
vn 0.2403 -0.1061 -0.9649
vn 0.1209 -0.2108 -0.9700
vn 0.4553 0.1058 -0.8840
vn 0.6258 0.3073 -0.7169
vn 0.7352 0.4788 -0.4799
vn 0.7705 0.5774 -0.2700
vn 0.7705 0.6259 -0.1209
vn 0.7352 0.6694 0.1068
vn 0.6258 0.6700 0.3993
vn 0.4553 0.6052 0.6530
vn 0.2403 0.4813 0.8429
vn 0.1209 0.3996 0.9087
vn 0.2478 -0.1156 -0.9619
vn 0.1248 -0.2155 -0.9685
vn 0.4698 0.0880 -0.8784
vn 0.6459 0.2829 -0.7091
vn 0.7589 0.4501 -0.4707
vn 0.7953 0.5475 -0.2603
vn 0.7953 0.5959 -0.1112
vn 0.7589 0.6408 0.1162
vn 0.6459 0.6457 0.4074
vn 0.4698 0.5875 0.6589
vn 0.2478 0.4719 0.8461
vn 0.1248 0.3949 0.9102
vn 0.2535 -0.1236 -0.9594
vn 0.1278 -0.2194 -0.9672
vn 0.4810 0.0730 -0.8737
vn 0.6614 0.2624 -0.7026
vn 0.7772 0.4262 -0.4630
vn 0.8145 0.5224 -0.2522
vn 0.8145 0.5709 -0.1030
vn 0.7772 0.6169 0.1240
vn 0.6614 0.6253 0.4142
vn 0.4810 0.5726 0.6639
vn 0.2535 0.4639 0.8488
vn 0.1278 0.3910 0.9115
vn 0.2577 -0.1300 -0.9574
vn 0.1301 -0.2226 -0.9662
vn 0.4893 0.0611 -0.8700
vn 0.6730 0.2462 -0.6975
vn 0.7908 0.4072 -0.4569
vn 0.8289 0.5025 -0.2457
vn 0.8289 0.5510 -0.0966
vn 0.7908 0.5980 0.1303
vn 0.6730 0.6092 0.4196
vn 0.4893 0.5608 0.6679
vn 0.2577 0.4576 0.8510
vn 0.1301 0.3879 0.9125
vn 0.2607 -0.1348 -0.9560
vn 0.1317 -0.2249 -0.9655
vn 0.4951 0.0522 -0.8672
vn 0.6811 0.2341 -0.6937
vn 0.8005 0.3931 -0.4524
vn 0.8391 0.4878 -0.2409
vn 0.8391 0.5362 -0.0918
vn 0.8005 0.5839 0.1350
vn 0.6811 0.5972 0.4236
vn 0.4951 0.5520 0.6709
vn 0.2607 0.4529 0.8526
vn 0.1317 0.3856 0.9132
vn 0.2625 -0.1380 -0.9550
vn 0.1327 -0.2264 -0.9649
vn 0.4989 0.0463 -0.8655
vn 0.6864 0.2260 -0.6912
vn 0.8068 0.3836 -0.4494
vn 0.8457 0.4779 -0.2377
vn 0.8457 0.5263 -0.0885
vn 0.8068 0.5745 0.1381
vn 0.6864 0.5891 0.4264
vn 0.4989 0.5461 0.6730
vn 0.2625 0.4497 0.8537
vn 0.1327 0.3840 0.9137
vn 0.2634 -0.1398 -0.9545
vn 0.1332 -0.2273 -0.9647
vn 0.5008 0.0430 -0.8645
vn 0.6892 0.2215 -0.6899
vn 0.8101 0.3784 -0.4478
vn 0.8492 0.4725 -0.2360
vn 0.8492 0.5210 -0.0868
vn 0.8101 0.5693 0.1399
vn 0.6892 0.5847 0.4279
vn 0.5008 0.5429 0.6742
vn 0.2634 0.4479 0.8544
vn 0.1332 0.3832 0.9140
vn 0.2627 -0.1397 -0.9547
vn 0.1331 -0.2271 -0.9647
vn 0.5000 0.0435 -0.8650
vn 0.6883 0.2224 -0.6905
vn 0.8093 0.3795 -0.4484
vn 0.8483 0.4738 -0.2364
vn 0.8483 0.5222 -0.0872
vn 0.8093 0.5706 0.1396
vn 0.6883 0.5858 0.4279
vn 0.5000 0.5436 0.6742
vn 0.2627 0.4481 0.8545
vn 0.1331 0.3834 0.9140
vn 0.2613 -0.1378 -0.9554
vn 0.1325 -0.2261 -0.9651
vn 0.4975 0.0472 -0.8662
vn 0.6849 0.2275 -0.6922
vn 0.8053 0.3856 -0.4503
vn 0.8442 0.4801 -0.2385
vn 0.8442 0.5286 -0.0892
vn 0.8053 0.5767 0.1377
vn 0.6849 0.5909 0.4262
vn 0.4975 0.5473 0.6730
vn 0.2613 0.4501 0.8539
vn 0.1325 0.3844 0.9136
vn 0.2598 -0.1356 -0.9561
vn 0.1317 -0.2249 -0.9654
vn 0.4946 0.0514 -0.8676
vn 0.6810 0.2334 -0.6941
vn 0.8007 0.3925 -0.4526
vn 0.8393 0.4874 -0.2409
vn 0.8393 0.5359 -0.0916
vn 0.8007 0.5836 0.1354
vn 0.6810 0.5968 0.4244
vn 0.4946 0.5516 0.6717
vn 0.2598 0.4523 0.8532
vn 0.1317 0.3855 0.9133
vn 0.2581 -0.1332 -0.9569
vn 0.1309 -0.2237 -0.9658
vn 0.4914 0.0560 -0.8691
vn 0.6766 0.2398 -0.6962
vn 0.7956 0.4000 -0.4551
vn 0.8340 0.4952 -0.2434
vn 0.8340 0.5437 -0.0942
vn 0.7956 0.5911 0.1330
vn 0.6766 0.6032 0.4223
vn 0.4914 0.5562 0.6702
vn 0.2581 0.4547 0.8524
vn 0.1309 0.3867 0.9129
vn 0.2564 -0.1307 -0.9577
vn 0.1300 -0.2224 -0.9662
vn 0.4882 0.0607 -0.8706
vn 0.6721 0.2462 -0.6983
vn 0.7903 0.4076 -0.4575
vn 0.8284 0.5032 -0.2460
vn 0.8284 0.5517 -0.0967
vn 0.7903 0.5987 0.1305
vn 0.6721 0.6096 0.4202
vn 0.4882 0.5609 0.6687
vn 0.2564 0.4572 0.8516
vn 0.1300 0.3880 0.9125
vn 0.2548 -0.1283 -0.9584
vn 0.1292 -0.2213 -0.9666
vn 0.4850 0.0652 -0.8721
vn 0.6678 0.2523 -0.7003
vn 0.7852 0.4148 -0.4598
vn 0.8231 0.5107 -0.2485
vn 0.8231 0.5592 -0.0992
vn 0.7852 0.6059 0.1282
vn 0.6678 0.6157 0.4182
vn 0.4850 0.5653 0.6672
vn 0.2548 0.4595 0.8508
vn 0.1292 0.3892 0.9121
vn 0.2534 -0.1263 -0.9591
vn 0.1284 -0.2202 -0.9670
vn 0.4823 0.0691 -0.8733
vn 0.6640 0.2577 -0.7020
vn 0.7806 0.4211 -0.4619
vn 0.8183 0.5173 -0.2506
vn 0.8183 0.5658 -0.1013
vn 0.7806 0.6121 0.1261
vn 0.6640 0.6211 0.4164
vn 0.4823 0.5692 0.6659
vn 0.2534 0.4616 0.8501
vn 0.1284 0.3902 0.9117
vn 0.2522 -0.1245 -0.9596
vn 0.4800 0.0723 -0.8743
vn 0.6608 0.2621 -0.7033
vn 0.7769 0.4262 -0.4635
vn 0.8144 0.5226 -0.2523
vn 0.8144 0.5711 -0.1031
vn 0.7769 0.6172 0.1245
vn 0.6608 0.6254 0.4150
vn 0.4800 0.5724 0.6648
vn 0.2522 0.4633 0.8496
vn 0.2513 -0.1233 -0.9600
vn 0.1273 -0.2188 -0.9674
vn 0.4783 0.0747 -0.8750
vn 0.6584 0.2653 -0.7044
vn 0.7740 0.4300 -0.4647
vn 0.8114 0.5266 -0.2536
vn 0.8114 0.5751 -0.1044
vn 0.7740 0.6210 0.1232
vn 0.6584 0.6287 0.4139
vn 0.4783 0.5748 0.6640
vn 0.2513 0.4646 0.8491
vn 0.1273 0.3917 0.9113
vn 0.2508 -0.1224 -0.9603
vn 0.1270 -0.2183 -0.9676
vn 0.4771 0.0763 -0.8755
vn 0.6568 0.2675 -0.7050
vn 0.7721 0.4326 -0.4655
vn 0.8094 0.5293 -0.2545
vn 0.8094 0.5778 -0.1052
vn 0.7721 0.6236 0.1223
vn 0.6568 0.6308 0.4131
vn 0.4771 0.5763 0.6635
vn 0.2508 0.4654 0.8488
vn 0.1270 0.3921 0.9111
vn 0.2505 -0.1219 -0.9604
vn 0.1268 -0.2181 -0.9676
vn 0.4765 0.0772 -0.8758
vn 0.6559 0.2688 -0.7054
vn 0.7710 0.4340 -0.4660
vn 0.8082 0.5308 -0.2550
vn 0.8082 0.5793 -0.1057
vn 0.7710 0.6250 0.1219
vn 0.6559 0.6321 0.4127
vn 0.4765 0.5772 0.6631
vn 0.2505 0.4659 0.8486
vn 0.1268 0.3923 0.9110
vn 0.2504 -0.1217 -0.9605
vn 0.1268 -0.2180 -0.9677
vn 0.4763 0.0776 -0.8759
vn 0.6555 0.2693 -0.7055
vn 0.7706 0.4346 -0.4661
vn 0.8078 0.5314 -0.2552
vn 0.8078 0.5799 -0.1059
vn 0.7706 0.6256 0.1217
vn 0.6555 0.6325 0.4125
vn 0.4763 0.5776 0.6630
vn 0.2504 0.4661 0.8486
vn 0.1268 0.3924 0.9110
vn 0.1788 -0.3896 -0.9035
vn 0.0640 -0.3393 -0.9385
vn 0.3370 -0.4498 -0.8272
vn 0.5399 -0.5081 -0.6711
vn 0.7731 -0.5290 -0.3500
vn 0.8800 -0.4748 -0.0066
vn 0.8800 -0.3803 0.2844
vn 0.7731 -0.2222 0.5941
vn 0.5399 -0.0166 0.8415
vn 0.3370 0.1223 0.9335
vn 0.1788 0.2159 0.9599
vn 0.0640 0.2771 0.9587
vn -0.1514 -0.5569 -0.8167
vn -0.0660 -0.4210 -0.9047
vn -0.2739 -0.7307 -0.6254
vn -0.3791 -0.8494 -0.3671
vn -0.4525 -0.8899 -0.0567
vn -0.4774 -0.8584 0.1876
vn -0.4774 -0.8048 0.3528
vn -0.4525 -0.6866 0.5690
vn -0.3791 -0.4714 0.7963
vn -0.2739 -0.2236 0.9354
vn -0.1514 0.0295 0.9880
vn -0.0660 0.1911 0.9793
vn -0.2583 -0.4542 -0.8526
vn -0.1310 -0.3865 -0.9129
vn -0.4919 -0.5554 -0.6705
vn -0.6773 -0.6021 -0.4228
vn -0.7964 -0.5898 -0.1335
vn -0.8349 -0.5424 0.0937
vn -0.8349 -0.4939 0.2430
vn -0.7964 -0.3987 0.4547
vn -0.6773 -0.2386 0.6959
vn -0.4919 -0.0552 0.8689
vn -0.2583 0.1337 0.9568
vn -0.1310 0.2239 0.9658
vn -0.2536 -0.4595 -0.8512
vn -0.1290 -0.3894 -0.9120
vn -0.4837 -0.5659 -0.6676
vn -0.6666 -0.6169 -0.4185
vn -0.7841 -0.6073 -0.1281
vn -0.8220 -0.5607 0.0996
vn -0.8220 -0.5122 0.2490
vn -0.7841 -0.4160 0.4606
vn -0.6666 -0.2531 0.7011
vn -0.4837 -0.0654 0.8728
vn -0.2536 0.1286 0.9587
vn -0.1290 0.2210 0.9667
vn -0.2466 -0.4682 -0.8485
vn -0.1256 -0.3939 -0.9105
vn -0.4708 -0.5827 -0.6624
vn -0.6490 -0.6401 -0.4112
vn -0.7635 -0.6347 -0.1194
vn -0.8005 -0.5894 0.1089
vn -0.8005 -0.5408 0.2583
vn -0.7635 -0.4433 0.4696
vn -0.6490 -0.2762 0.7089
vn -0.4708 -0.0820 0.8784
vn -0.2466 0.1200 0.9617
vn -0.1256 0.2166 0.9682
vn -0.2373 -0.4787 -0.8453
vn -0.1210 -0.3994 -0.9088
vn -0.4535 -0.6033 -0.6561
vn -0.6254 -0.6686 -0.4022
vn -0.7359 -0.6683 -0.1087
vn -0.7716 -0.6246 0.1203
vn -0.7716 -0.5760 0.2698
vn -0.7359 -0.4768 0.4807
vn -0.6254 -0.3045 0.7184
vn -0.4535 -0.1024 0.8853
vn -0.2373 0.1095 0.9652
vn -0.1210 0.2110 0.9700
vn -0.2247 -0.4915 -0.8414
vn -0.1149 -0.4061 -0.9066
vn -0.4301 -0.6282 -0.6484
vn -0.5935 -0.7032 -0.3914
vn -0.6986 -0.7091 -0.0957
vn -0.7325 -0.6674 0.1342
vn -0.7325 -0.6188 0.2837
vn -0.6986 -0.5174 0.4942
vn -0.5935 -0.3389 0.7300
vn -0.4301 -0.1271 0.8938
vn -0.2247 0.0969 0.9696
vn -0.1149 0.2044 0.9721
vn -0.2079 -0.5065 -0.8368
vn -0.1066 -0.4140 -0.9040
vn -0.3986 -0.6575 -0.6393
vn -0.5504 -0.7441 -0.3787
vn -0.6480 -0.7574 -0.0804
vn -0.6796 -0.7180 0.1505
vn -0.6796 -0.6693 0.3002
vn -0.6480 -0.5655 0.5102
vn -0.5504 -0.3794 0.7437
vn -0.3986 -0.1562 0.9037
vn -0.2079 0.0821 0.9747
vn -0.1066 0.1965 0.9747
vn -0.1858 -0.5233 -0.8316
vn -0.0955 -0.4229 -0.9012
vn -0.3568 -0.6905 -0.6292
vn -0.4930 -0.7901 -0.3644
vn -0.5807 -0.8117 -0.0631
vn -0.6091 -0.7749 0.1690
vn -0.6091 -0.7262 0.3188
vn -0.5807 -0.6196 0.5282
vn -0.4930 -0.4250 0.7592
vn -0.3568 -0.1888 0.9149
vn -0.1858 0.0654 0.9804
vn -0.0955 0.1876 0.9776
vn -0.1576 -0.5408 -0.8263
vn -0.0812 -0.4321 -0.8982
vn -0.3032 -0.7249 -0.6186
vn -0.4193 -0.8379 -0.3494
vn -0.4940 -0.8683 -0.0451
vn -0.5182 -0.8343 0.1882
vn -0.5182 -0.7856 0.3381
vn -0.4940 -0.6759 0.5469
vn -0.4193 -0.4725 0.7752
vn -0.3032 -0.2228 0.9265
vn -0.1576 0.0482 0.9863
vn -0.0812 0.1784 0.9806
vn -0.1241 -0.5570 -0.8212
vn -0.0640 -0.4407 -0.8954
vn -0.2389 -0.7566 -0.6086
vn -0.3305 -0.8822 -0.3354
vn -0.3896 -0.9206 -0.0284
vn -0.4087 -0.8891 0.2060
vn -0.4087 -0.8404 0.3560
vn -0.3896 -0.7280 0.5641
vn -0.3305 -0.5165 0.7899
vn -0.2389 -0.2544 0.9371
vn -0.1241 0.0320 0.9918
vn -0.0640 0.1698 0.9834
vn -0.0876 -0.5701 -0.8169
vn -0.0452 -0.4473 -0.8932
vn -0.1688 -0.7817 -0.6004
vn -0.2334 -0.9167 -0.3242
vn -0.2751 -0.9613 -0.0151
vn -0.2886 -0.9319 0.2198
vn -0.2886 -0.8831 0.3699
vn -0.2751 -0.7688 0.5773
vn -0.2334 -0.5511 0.8011
vn -0.1688 -0.2795 0.9452
vn -0.0876 0.0190 0.9960
vn -0.0452 0.1631 0.9856
vn -0.0525 -0.5788 -0.8138
vn -0.0270 -0.4515 -0.8918
vn -0.1008 -0.7976 -0.5947
vn -0.1394 -0.9383 -0.3166
vn -0.1642 -0.9864 -0.0066
vn -0.1723 -0.9582 0.2285
vn -0.1723 -0.9095 0.3784
vn -0.1642 -0.7941 0.5851
vn -0.1394 -0.5730 0.8076
vn -0.1008 -0.2957 0.9500
vn -0.0525 0.0101 0.9986
vn -0.0270 0.1589 0.9869
vn -0.0228 -0.5835 -0.8118
vn -0.0117 -0.4534 -0.8912
vn -0.0437 -0.8052 -0.5914
vn -0.0603 -0.9480 -0.3125
vn -0.0710 -0.9975 -0.0024
vn -0.0745 -0.9698 0.2324
vn -0.0745 -0.9211 0.3820
vn -0.0710 -0.8056 0.5882
vn -0.0603 -0.5833 0.8100
vn -0.0437 -0.3038 0.9517
vn -0.0228 0.0051 0.9997
vn -0.0117 0.1570 0.9875
vn -0.0049 -0.5865 -0.8099
vn -0.0025 -0.4540 -0.8910
vn -0.0094 -0.8082 -0.5889
vn -0.0130 -0.9506 -0.3100
vn -0.0152 -0.9999 -0.0006
vn -0.0160 -0.9723 0.2333
vn -0.0160 -0.9237 0.3827
vn -0.0152 -0.8086 0.5882
vn -0.0130 -0.5869 0.8096
vn -0.0094 -0.3077 0.9514
vn -0.0049 0.0016 1.0000
vn -0.0025 0.1565 0.9877
vn 0.0070 0.0020 -1.0000
vn 0.0035 -0.1565 -0.9877
vn 0.0133 0.3105 -0.9505
vn 0.0182 0.5886 -0.8082
vn 0.0214 0.8092 -0.5872
vn 0.0224 0.9237 -0.3825
vn 0.0224 0.9721 -0.2334
vn 0.0214 0.9998 -0.0005
vn 0.0182 0.9512 0.3079
vn 0.0133 0.8099 0.5865
vn 0.0070 0.5894 0.8078
vn 0.0035 0.4539 0.8910
vn -0.0068 -0.0022 -1.0000
vn -0.0287 -0.0064 -0.9996
vn -0.0147 -0.1573 -0.9874
vn -0.0035 -0.1565 -0.9877
vn -0.0130 0.3071 -0.9516
vn -0.0551 0.3021 -0.9517
vn -0.0179 0.5865 -0.8098
vn -0.0761 0.5815 -0.8100
vn -0.0211 0.8084 -0.5883
vn -0.0897 0.8039 -0.5880
vn -0.0221 0.9236 -0.3827
vn -0.0941 0.9195 -0.3816
vn -0.0221 0.9722 -0.2333
vn -0.0941 0.9682 -0.2318
vn -0.0211 0.9998 0.0008
vn -0.0897 0.9960 0.0032
vn -0.0179 0.9504 0.3104
vn -0.0761 0.9465 0.3135
vn -0.0130 0.8078 0.5894
vn -0.0551 0.8038 0.5923
vn -0.0068 0.5860 0.8103
vn -0.0287 0.5824 0.8124
vn -0.0035 0.4539 0.8910
vn -0.0147 0.4532 0.8913
vn -0.0612 -0.0119 -0.9981
vn -0.0315 -0.1597 -0.9867
vn -0.1177 0.2924 -0.9490
vn -0.1627 0.5686 -0.8064
vn -0.1917 0.7891 -0.5836
vn -0.2011 0.9043 -0.3767
vn -0.2011 0.9530 -0.2268
vn -0.1917 0.9814 0.0083
vn -0.1627 0.9340 0.3181
vn -0.1177 0.7944 0.5959
vn -0.0612 0.5770 0.8145
vn -0.0315 0.4507 0.8921
vn -0.0975 -0.0223 -0.9950
vn -0.0503 -0.1647 -0.9851
vn -0.1879 0.2733 -0.9434
vn -0.2600 0.5428 -0.7986
vn -0.3065 0.7591 -0.5743
vn -0.3215 0.8730 -0.3666
vn -0.3215 0.9218 -0.2166
vn -0.3065 0.9517 0.0184
vn -0.2600 0.9085 0.3270
vn -0.1879 0.7756 0.6026
vn -0.0975 0.5668 0.8181
vn -0.0503 0.4457 0.8937
vn -0.1366 -0.0390 -0.9899
vn -0.0707 -0.1729 -0.9824
vn -0.2635 0.2420 -0.9338
vn -0.3649 0.5001 -0.7853
vn -0.4303 0.7092 -0.5585
vn -0.4515 0.8209 -0.3498
vn -0.4515 0.8697 -0.1995
vn -0.4303 0.9020 0.0349
vn -0.3649 0.8662 0.3414
vn -0.2635 0.7447 0.6132
vn -0.1366 0.5503 0.8237
vn -0.0707 0.4375 0.8964
vn -0.1761 -0.0626 -0.9824
vn -0.0912 -0.1850 -0.9785
vn -0.3401 0.1969 -0.9195
vn -0.4712 0.4379 -0.7656
vn -0.5559 0.6362 -0.5350
vn -0.5833 0.7444 -0.3250
vn -0.5833 0.7933 -0.1747
vn -0.5559 0.8292 0.0589
vn -0.4712 0.8043 0.3620
vn -0.3401 0.6998 0.6282
vn -0.1761 0.5268 0.8316
vn -0.0912 0.4255 0.9003
vn -0.2131 -0.0930 -0.9726
vn -0.1105 -0.2006 -0.9734
vn -0.4119 0.1384 -0.9007
vn -0.5707 0.3570 -0.7395
vn -0.6733 0.5408 -0.5042
vn -0.7066 0.6444 -0.2925
vn -0.7066 0.6932 -0.1421
vn -0.6733 0.7338 0.0900
vn -0.5707 0.7234 0.3884
vn -0.4119 0.6413 0.6473
vn -0.2131 0.4964 0.8415
vn -0.1105 0.4098 0.9054
vn -0.2449 -0.1284 -0.9610
vn -0.1269 -0.2191 -0.9674
vn -0.4731 0.0698 -0.8782
vn -0.6555 0.2618 -0.7084
vn -0.7732 0.4284 -0.4675
vn -0.8114 0.5264 -0.2541
vn -0.8114 0.5753 -0.1038
vn -0.7732 0.6214 0.1264
vn -0.6555 0.6282 0.4192
vn -0.4731 0.5726 0.6695
vn -0.2449 0.4610 0.8530
vn -0.1269 0.3914 0.9114
vn -0.2696 -0.1663 -0.9485
vn -0.1395 -0.2388 -0.9610
vn -0.5202 -0.0036 -0.8540
vn -0.7204 0.1599 -0.6749
vn -0.8496 0.3081 -0.4282
vn -0.8914 0.4000 -0.2130
vn -0.8914 0.4488 -0.0628
vn -0.8496 0.5009 0.1653
vn -0.7204 0.5261 0.4520
vn -0.5202 0.4990 0.6930
vn -0.2696 0.4230 0.8651
vn -0.1395 0.3717 0.9178
vn -0.2868 -0.2038 -0.9360
vn -0.1481 -0.2584 -0.9546
vn -0.5527 -0.0763 -0.8299
vn -0.7648 0.0591 -0.6415
vn -0.9016 0.1889 -0.3891
vn -0.9459 0.2749 -0.1723
vn -0.9459 0.3236 -0.0222
vn -0.9016 0.3815 0.2037
vn -0.7648 0.4249 0.4843
vn -0.5527 0.4260 0.7162
vn -0.2868 0.3853 0.8771
vn -0.1481 0.3521 0.9242
vn -0.2975 -0.2390 -0.9243
vn -0.1532 -0.2767 -0.9487
vn -0.5723 -0.1443 -0.8072
vn -0.7914 -0.0352 -0.6103
vn -0.9326 0.0777 -0.3525
vn -0.9783 0.1580 -0.1342
vn -0.9783 0.2068 0.0157
vn -0.9326 0.2701 0.2395
vn -0.7914 0.3303 0.5144
vn -0.5723 0.3577 0.7379
vn -0.2975 0.3499 0.8883
vn -0.1532 0.3338 0.9301
vn -0.3029 -0.2708 -0.9137
vn -0.1557 -0.2931 -0.9433
vn -0.5819 -0.2055 -0.7868
vn -0.8042 -0.1199 -0.5822
vn -0.9473 -0.0222 -0.3197
vn -0.9936 0.0531 -0.1001
vn -0.9936 0.1018 0.0497
vn -0.9473 0.1699 0.2717
vn -0.8042 0.2452 0.5415
vn -0.5819 0.2962 0.7574
vn -0.3029 0.3180 0.8984
vn -0.1557 0.3174 0.9354
vn -0.3043 -0.2997 -0.9042
vn -0.1562 -0.3080 -0.9385
vn -0.5841 -0.2610 -0.7686
vn -0.8069 -0.1966 -0.5570
vn -0.9503 -0.1127 -0.2901
vn -0.9967 -0.0418 -0.0692
vn -0.9967 0.0068 0.0806
vn -0.9503 0.0794 0.3010
vn -0.8069 0.1683 0.5662
vn -0.5841 0.2406 0.7752
vn -0.3043 0.2890 0.9077
vn -0.1562 0.3025 0.9403
vn -0.3010 -0.3302 -0.8946
vn -0.1550 -0.3236 -0.9334
vn -0.5789 -0.3197 -0.7501
vn -0.8004 -0.2777 -0.5313
vn -0.9430 -0.2081 -0.2595
vn -0.9892 -0.1418 -0.0368
vn -0.9892 -0.0931 0.1131
vn -0.9430 -0.0158 0.3323
vn -0.8004 0.0876 0.5931
vn -0.5789 0.1822 0.7948
vn -0.3010 0.2587 0.9178
vn -0.1550 0.2868 0.9454
vn -0.2931 -0.3653 -0.8835
vn -0.1513 -0.3418 -0.9275
vn -0.5646 -0.3875 -0.7287
vn -0.7813 -0.3716 -0.5015
vn -0.9210 -0.3187 -0.2241
vn -0.9662 -0.2578 0.0008
vn -0.9662 -0.2090 0.1509
vn -0.9210 -0.1262 0.3686
vn -0.7813 -0.0058 0.6241
vn -0.5646 0.1148 0.8173
vn -0.2931 0.2238 0.9295
vn -0.1513 0.2687 0.9513
vn -0.2787 -0.4040 -0.8713
vn -0.1442 -0.3618 -0.9210
vn -0.5378 -0.4623 -0.7050
vn -0.7448 -0.4752 -0.4685
vn -0.8783 -0.4409 -0.1848
vn -0.9216 -0.3859 0.0423
vn -0.9216 -0.3371 0.1926
vn -0.8783 -0.2481 0.4087
vn -0.7448 -0.1091 0.6584
vn -0.5378 0.0404 0.8421
vn -0.2787 0.1853 0.9423
vn -0.1442 0.2487 0.9578
vn -0.2566 -0.4439 -0.8586
vn -0.1330 -0.3826 -0.9143
vn -0.4959 -0.5397 -0.6803
vn -0.6871 -0.5826 -0.4341
vn -0.8106 -0.5676 -0.1440
vn -0.8506 -0.5188 0.0855
vn -0.8506 -0.4700 0.2358
vn -0.8106 -0.3746 0.4501
vn -0.6871 -0.2161 0.6937
vn -0.4959 -0.0368 0.8676
vn -0.2566 0.1456 0.9555
vn -0.1330 0.2279 0.9645
vn -0.2270 -0.4820 -0.8463
vn -0.1178 -0.4024 -0.9079
vn -0.4389 -0.6135 -0.6565
vn -0.6083 -0.6849 -0.4011
vn -0.7177 -0.6884 -0.1049
vn -0.7532 -0.6455 0.1266
vn -0.7532 -0.5967 0.2770
vn -0.7177 -0.4953 0.4895
vn -0.6083 -0.3184 0.7270
vn -0.4389 -0.1104 0.8917
vn -0.2270 0.1075 0.9679
vn -0.1178 0.2081 0.9710
vn -0.1917 -0.5151 -0.8354
vn -0.0994 -0.4195 -0.9023
vn -0.3705 -0.6774 -0.6355
vn -0.5133 -0.7734 -0.3721
vn -0.6055 -0.7927 -0.0708
vn -0.6354 -0.7550 0.1622
vn -0.6354 -0.7061 0.3125
vn -0.6055 -0.5997 0.5232
vn -0.5133 -0.4069 0.7556
vn -0.3705 -0.1745 0.9123
vn -0.1917 0.0743 0.9786
vn -0.0994 0.1910 0.9766
vn -0.1537 -0.5414 -0.8266
vn -0.0795 -0.4329 -0.8979
vn -0.2965 -0.7274 -0.6188
vn -0.4106 -0.8423 -0.3492
vn -0.4842 -0.8739 -0.0441
vn -0.5080 -0.8401 0.1899
vn -0.5080 -0.7913 0.3402
vn -0.4842 -0.6810 0.5493
vn -0.4106 -0.4762 0.7776
vn -0.2965 -0.2248 0.9282
vn -0.1537 0.0479 0.9870
vn -0.0795 0.1776 0.9809
vn -0.1160 -0.5602 -0.8202
vn -0.0599 -0.4423 -0.8948
vn -0.2234 -0.7629 -0.6067
vn -0.3092 -0.8909 -0.3327
vn -0.3644 -0.9309 -0.0251
vn -0.3823 -0.9000 0.2095
vn -0.3823 -0.8512 0.3595
vn -0.3644 -0.7383 0.5675
vn -0.3092 -0.5252 0.7928
vn -0.2234 -0.2606 0.9392
vn -0.1160 0.0289 0.9928
vn -0.0599 0.1681 0.9839
vn -0.0811 -0.5726 -0.8159
vn -0.0417 -0.4484 -0.8929
vn -0.1559 -0.7857 -0.5986
vn -0.2155 -0.9219 -0.3220
vn -0.2539 -0.9672 -0.0129
vn -0.2663 -0.9380 0.2219
vn -0.2663 -0.8893 0.3718
vn -0.2539 -0.7749 0.5789
vn -0.2155 -0.5566 0.8024
vn -0.1559 -0.2838 0.9461
vn -0.0811 0.0163 0.9966
vn -0.0417 0.1621 0.9859
vn -0.0500 -0.5799 -0.8132
vn -0.0257 -0.4518 -0.8917
vn -0.0961 -0.7988 -0.5938
vn -0.1327 -0.9396 -0.3156
vn -0.1563 -0.9877 -0.0058
vn -0.1639 -0.9595 0.2290
vn -0.1639 -0.9109 0.3787
vn -0.1563 -0.7956 0.5853
vn -0.1327 -0.5746 0.8076
vn -0.0961 -0.2972 0.9500
vn -0.0500 0.0088 0.9987
vn -0.0257 0.1586 0.9870
vn -0.0233 -0.5836 -0.8117
vn -0.0119 -0.4534 -0.8912
vn -0.0446 -0.8052 -0.5913
vn -0.0615 -0.9480 -0.3124
vn -0.0724 -0.9974 -0.0023
vn -0.0760 -0.9697 0.2323
vn -0.0760 -0.9210 0.3820
vn -0.0724 -0.8055 0.5881
vn -0.0615 -0.5833 0.8099
vn -0.0446 -0.3039 0.9517
vn -0.0233 0.0049 0.9997
vn -0.0119 0.1570 0.9875
vn -0.0055 -0.5863 -0.8100
vn -0.0028 -0.4539 -0.8910
vn -0.0104 -0.8080 -0.5890
vn -0.0144 -0.9506 -0.3101
vn -0.0169 -0.9999 -0.0006
vn -0.0178 -0.9722 0.2333
vn -0.0178 -0.9237 0.3827
vn -0.0169 -0.8085 0.5882
vn -0.0144 -0.5868 0.8096
vn -0.0104 -0.3075 0.9515
vn -0.0055 0.0018 1.0000
vn -0.0028 0.1565 0.9877
vt 0.727273 0.000000
vt 0.454545 0.000000
vt 0.363636 0.000000
vt 0.818182 0.000000
vt 0.090909 0.000000
vt 0.000000 0.000000
vt 0.636364 0.000000
vt 0.545455 0.000000
vt 0.272727 0.000000
vt 0.181818 0.000000
vt 1.000000 0.000000
vt 0.909091 0.000000
vt 0.677419 0.000000
vt 0.666667 0.000000
vt 0.688172 0.000000
vt 0.698925 0.000000
vt 0.634409 0.000000
vt 0.720430 0.000000
vt 0.645161 0.000000
vt 0.655914 0.000000
vt 0.989247 0.000000
vt 0.612903 0.000000
vt 0.731183 0.000000
vt 0.623656 0.000000
vt 0.602151 0.000000
vt 0.741935 0.000000
vt 0.956989 0.000000
vt 0.967742 0.000000
vt 0.709677 0.000000
vt 0.978495 0.000000
vt 0.774194 0.000000
vt 0.763441 0.000000
vt 0.247312 0.000000
vt 0.935484 0.000000
vt 0.924731 0.000000
vt 0.032258 0.000000
vt 0.021505 0.000000
vt 0.580645 0.000000
vt 0.591398 0.000000
vt 0.752688 0.000000
vt 0.946237 0.000000
vt 0.010753 0.000000
vt 0.322581 0.000000
vt 0.311828 0.000000
vt 0.537634 0.000000
vt 0.505376 0.000000
vt 0.494624 0.000000
vt 0.516129 0.000000
vt 0.483871 0.000000
vt 0.473118 0.000000
vt 0.462366 0.000000
vt 0.451613 0.000000
vt 0.440860 0.000000
vt 0.430108 0.000000
vt 0.419355 0.000000
vt 0.408602 0.000000
vt 0.397849 0.000000
vt 0.387097 0.000000
vt 0.526882 0.000000
vt 0.376344 0.000000
vt 0.365591 0.000000
vt 0.354839 0.000000
vt 0.344086 0.000000
vt 0.333333 0.000000
vt 0.118280 0.000000
vt 0.107527 0.000000
vt 0.849462 0.000000
vt 0.548387 0.000000
vt 0.301075 0.000000
vt 0.290323 0.000000
vt 0.559140 0.000000
vt 0.279570 0.000000
vt 0.268817 0.000000
vt 0.569892 0.000000
vt 0.258065 0.000000
vt 0.236559 0.000000
vt 0.225806 0.000000
vt 0.784946 0.000000
vt 0.215054 0.000000
vt 0.204301 0.000000
vt 0.795699 0.000000
vt 0.193548 0.000000
vt 0.806452 0.000000
vt 0.182796 0.000000
vt 0.172043 0.000000
vt 0.817204 0.000000
vt 0.161290 0.000000
vt 0.150538 0.000000
vt 0.827957 0.000000
vt 0.139785 0.000000
vt 0.838710 0.000000
vt 0.129032 0.000000
vt 0.860215 0.000000
vt 0.096774 0.000000
vt 0.870968 0.000000
vt 0.086022 0.000000
vt 0.881720 0.000000
vt 0.075269 0.000000
vt 0.892473 0.000000
vt 0.064516 0.000000
vt 0.903226 0.000000
vt 0.053763 0.000000
vt 0.913979 0.000000
vt 0.043011 0.000000
vt 0.436364 0.000000
vt 0.418182 0.000000
vt 0.472727 0.000000
vt 0.490909 0.000000
vt 0.981818 0.000000
vt 0.400000 0.000000
vt 0.563636 0.000000
vt 0.527273 0.000000
vt 0.509091 0.000000
vt 0.963636 0.000000
vt 0.945455 0.000000
vt 0.018182 0.000000
vt 0.927273 0.000000
vt 0.581818 0.000000
vt 0.381818 0.000000
vt 0.600000 0.000000
vt 0.290909 0.000000
vt 0.672727 0.000000
vt 0.690909 0.000000
vt 0.254545 0.000000
vt 0.709091 0.000000
vt 0.236364 0.000000
vt 0.218182 0.000000
vt 0.200000 0.000000
vt 0.745455 0.000000
vt 0.763636 0.000000
vt 0.781818 0.000000
vt 0.163636 0.000000
vt 0.800000 0.000000
vt 0.145455 0.000000
vt 0.127273 0.000000
vt 0.109091 0.000000
vt 0.836364 0.000000
vt 0.345455 0.000000
vt 0.618182 0.000000
vt 0.327273 0.000000
vt 0.309091 0.000000
vt 0.654545 0.000000
vt 0.854545 0.000000
vt 0.072727 0.000000
vt 0.872727 0.000000
vt 0.054545 0.000000
vt 0.890909 0.000000
vt 0.036364 0.000000
vt 0.300000 0.000000
vt 0.500000 0.000000
vt 0.900000 0.000000
vt 0.100000 0.000000
vt 0.700000 0.000000
vt 0.520661 0.000000
vt 0.512397 0.000000
vt 0.487603 0.000000
vt 0.504132 0.000000
vt 0.495868 0.000000
vt 0.462810 0.000000
vt 0.471074 0.000000
vt 0.537190 0.000000
vt 0.479339 0.000000
vt 0.528926 0.000000
vt 0.785124 0.000000
vt 0.776860 0.000000
vt 0.198347 0.000000
vt 0.793388 0.000000
vt 0.190083 0.000000
vt 0.801653 0.000000
vt 0.809917 0.000000
vt 0.173554 0.000000
vt 0.421488 0.000000
vt 0.570248 0.000000
vt 0.429752 0.000000
vt 0.404959 0.000000
vt 0.586777 0.000000
vt 0.413223 0.000000
vt 0.578512 0.000000
vt 0.388430 0.000000
vt 0.595041 0.000000
vt 0.396694 0.000000
vt 0.884298 0.000000
vt 0.107438 0.000000
vt 0.099174 0.000000
vt 0.876033 0.000000
vt 0.115702 0.000000
vt 0.743802 0.000000
vt 0.223140 0.000000
vt 0.752066 0.000000
vt 0.214876 0.000000
vt 0.859504 0.000000
vt 0.132231 0.000000
vt 0.123967 0.000000
vt 0.867769 0.000000
vt 0.438017 0.000000
vt 0.561983 0.000000
vt 0.446281 0.000000
vt 0.553719 0.000000
vt 0.760331 0.000000
vt 0.768595 0.000000
vt 0.206612 0.000000
vt 0.165289 0.000000
vt 0.826446 0.000000
vt 0.157025 0.000000
vt 0.834711 0.000000
vt 0.148760 0.000000
vt 0.842975 0.000000
vt 0.140496 0.000000
vt 0.851240 0.000000
vt 0.082645 0.000000
vt 0.892562 0.000000
vt 0.074380 0.000000
vt 0.900826 0.000000
vt 0.066116 0.000000
vt 0.917355 0.000000
vt 0.611570 0.000000
vt 0.603306 0.000000
vt 0.380165 0.000000
vt 0.925620 0.000000
vt 0.057851 0.000000
vt 0.933884 0.000000
vt 0.371901 0.000000
vt 0.619835 0.000000
vt 0.628099 0.000000
vt 0.239669 0.000000
vt 0.247934 0.000000
vt 0.991736 0.000000
vt 0.008264 0.000000
vt 0.322314 0.000000
vt 0.314050 0.000000
vt 0.669421 0.000000
vt 0.677686 0.000000
vt 0.305785 0.000000
vt 0.685950 0.000000
vt 0.297521 0.000000
vt 0.694215 0.000000
vt 0.289256 0.000000
vt 0.702479 0.000000
vt 0.280992 0.000000
vt 0.016529 0.000000
vt 0.024793 0.000000
vt 0.983471 0.000000
vt 0.975207 0.000000
vt 0.033058 0.000000
vt 0.966942 0.000000
vt 0.355372 0.000000
vt 0.347107 0.000000
vt 0.644628 0.000000
vt 0.338843 0.000000
vt 0.652893 0.000000
vt 0.330579 0.000000
vt 0.661157 0.000000
vt 0.710744 0.000000
vt 0.264463 0.000000
vt 0.719008 0.000000
vt 0.256198 0.000000
vt 0.041322 0.000000
vt 0.958678 0.000000
vt 0.950413 0.000000
vt 0.049587 0.000000
vt 0.942149 0.000000
vt 0.735537 0.000000
vt 0.231405 0.000000
vt 0.000000 0.090909
vt 0.008197 0.090909
vt 0.008197 0.000000
vt 0.000000 0.181818
vt 0.008197 0.181818
vt 0.000000 0.272727
vt 0.008197 0.272727
vt 0.000000 0.363636
vt 0.008197 0.363636
vt 0.000000 0.454545
vt 0.008197 0.454545
vt 0.000000 0.545455
vt 0.008197 0.545455
vt 0.000000 0.636364
vt 0.008197 0.636364
vt 0.000000 0.727273
vt 0.008197 0.727273
vt 0.000000 0.818182
vt 0.008197 0.818182
vt 0.000000 0.909091
vt 0.008197 0.909091
vt 0.000000 1.000000
vt 0.008197 1.000000
vt 0.016393 0.090909
vt 0.016393 0.000000
vt 0.016393 0.181818
vt 0.016393 0.272727
vt 0.016393 0.363636
vt 0.016393 0.454545
vt 0.016393 0.545455
vt 0.016393 0.636364
vt 0.016393 0.727273
vt 0.016393 0.818182
vt 0.016393 0.909091
vt 0.016393 1.000000
vt 0.024590 0.090909
vt 0.024590 0.000000
vt 0.024590 0.181818
vt 0.024590 0.272727
vt 0.024590 0.363636
vt 0.024590 0.454545
vt 0.024590 0.545455
vt 0.024590 0.636364
vt 0.024590 0.727273
vt 0.024590 0.818182
vt 0.024590 0.909091
vt 0.024590 1.000000
vt 0.032787 0.090909
vt 0.032787 0.000000
vt 0.032787 0.181818
vt 0.032787 0.272727
vt 0.032787 0.363636
vt 0.032787 0.454545
vt 0.032787 0.545455
vt 0.032787 0.636364
vt 0.032787 0.727273
vt 0.032787 0.818182
vt 0.032787 0.909091
vt 0.032787 1.000000
vt 0.040984 0.090909
vt 0.040984 0.000000
vt 0.040984 0.181818
vt 0.040984 0.272727
vt 0.040984 0.363636
vt 0.040984 0.454545
vt 0.040984 0.545455
vt 0.040984 0.636364
vt 0.040984 0.727273
vt 0.040984 0.818182
vt 0.040984 0.909091
vt 0.040984 1.000000
vt 0.049180 0.090909
vt 0.049180 0.000000
vt 0.049180 0.181818
vt 0.049180 0.272727
vt 0.049180 0.363636
vt 0.049180 0.454545
vt 0.049180 0.545455
vt 0.049180 0.636364
vt 0.049180 0.727273
vt 0.049180 0.818182
vt 0.049180 0.909091
vt 0.049180 1.000000
vt 0.057377 0.090909
vt 0.057377 0.000000
vt 0.057377 0.181818
vt 0.057377 0.272727
vt 0.057377 0.363636
vt 0.057377 0.454545
vt 0.057377 0.545455
vt 0.057377 0.636364
vt 0.057377 0.727273
vt 0.057377 0.818182
vt 0.057377 0.909091
vt 0.057377 1.000000
vt 0.065574 0.090909
vt 0.065574 0.000000
vt 0.065574 0.181818
vt 0.065574 0.272727
vt 0.065574 0.363636
vt 0.065574 0.454545
vt 0.065574 0.545455
vt 0.065574 0.636364
vt 0.065574 0.727273
vt 0.065574 0.818182
vt 0.065574 0.909091
vt 0.065574 1.000000
vt 0.073770 0.090909
vt 0.073770 0.000000
vt 0.073770 0.181818
vt 0.073770 0.272727
vt 0.073770 0.363636
vt 0.073770 0.454545
vt 0.073770 0.545455
vt 0.073770 0.636364
vt 0.073770 0.727273
vt 0.073770 0.818182
vt 0.073770 0.909091
vt 0.073770 1.000000
vt 0.081967 0.090909
vt 0.081967 0.000000
vt 0.081967 0.181818
vt 0.081967 0.272727
vt 0.081967 0.363636
vt 0.081967 0.454545
vt 0.081967 0.545455
vt 0.081967 0.636364
vt 0.081967 0.727273
vt 0.081967 0.818182
vt 0.081967 0.909091
vt 0.081967 1.000000
vt 0.090164 0.090909
vt 0.090164 0.000000
vt 0.090164 0.181818
vt 0.090164 0.272727
vt 0.090164 0.363636
vt 0.090164 0.454545
vt 0.090164 0.545455
vt 0.090164 0.636364
vt 0.090164 0.727273
vt 0.090164 0.818182
vt 0.090164 0.909091
vt 0.090164 1.000000
vt 0.098361 0.090909
vt 0.098361 0.000000
vt 0.098361 0.181818
vt 0.098361 0.272727
vt 0.098361 0.363636
vt 0.098361 0.454545
vt 0.098361 0.545455
vt 0.098361 0.636364
vt 0.098361 0.727273
vt 0.098361 0.818182
vt 0.098361 0.909091
vt 0.098361 1.000000
vt 0.106557 0.090909
vt 0.106557 0.000000
vt 0.106557 0.181818
vt 0.106557 0.272727
vt 0.106557 0.363636
vt 0.106557 0.454545
vt 0.106557 0.545455
vt 0.106557 0.636364
vt 0.106557 0.727273
vt 0.106557 0.818182
vt 0.106557 0.909091
vt 0.106557 1.000000
vt 0.114754 0.090909
vt 0.114754 0.000000
vt 0.114754 0.181818
vt 0.114754 0.272727
vt 0.114754 0.363636
vt 0.114754 0.454545
vt 0.114754 0.545455
vt 0.114754 0.636364
vt 0.114754 0.727273
vt 0.114754 0.818182
vt 0.114754 0.909091
vt 0.114754 1.000000
vt 0.122951 0.090909
vt 0.122951 0.000000
vt 0.122951 0.181818
vt 0.122951 0.272727
vt 0.122951 0.363636
vt 0.122951 0.454545
vt 0.122951 0.545455
vt 0.122951 0.636364
vt 0.122951 0.727273
vt 0.122951 0.818182
vt 0.122951 0.909091
vt 0.122951 1.000000
vt 0.131148 0.090909
vt 0.131148 0.000000
vt 0.131148 0.181818
vt 0.131148 0.272727
vt 0.131148 0.363636
vt 0.131148 0.454545
vt 0.131148 0.545455
vt 0.131148 0.636364
vt 0.131148 0.727273
vt 0.131148 0.818182
vt 0.131148 0.909091
vt 0.131148 1.000000
vt 0.139344 0.090909
vt 0.139344 0.000000
vt 0.139344 0.181818
vt 0.139344 0.272727
vt 0.139344 0.363636
vt 0.139344 0.454545
vt 0.139344 0.545455
vt 0.139344 0.636364
vt 0.139344 0.727273
vt 0.139344 0.818182
vt 0.139344 0.909091
vt 0.139344 1.000000
vt 0.147541 0.090909
vt 0.147541 0.000000
vt 0.147541 0.181818
vt 0.147541 0.272727
vt 0.147541 0.363636
vt 0.147541 0.454545
vt 0.147541 0.545455
vt 0.147541 0.636364
vt 0.147541 0.727273
vt 0.147541 0.818182
vt 0.147541 0.909091
vt 0.147541 1.000000
vt 0.155738 0.090909
vt 0.155738 0.000000
vt 0.155738 0.181818
vt 0.155738 0.272727
vt 0.155738 0.363636
vt 0.155738 0.454545
vt 0.155738 0.545455
vt 0.155738 0.636364
vt 0.155738 0.727273
vt 0.155738 0.818182
vt 0.155738 0.909091
vt 0.155738 1.000000
vt 0.163934 0.090909
vt 0.163934 0.000000
vt 0.163934 0.181818
vt 0.163934 0.272727
vt 0.163934 0.363636
vt 0.163934 0.454545
vt 0.163934 0.545455
vt 0.163934 0.636364
vt 0.163934 0.727273
vt 0.163934 0.818182
vt 0.163934 0.909091
vt 0.163934 1.000000
vt 0.172131 0.090909
vt 0.172131 0.000000
vt 0.172131 0.181818
vt 0.172131 0.272727
vt 0.172131 0.363636
vt 0.172131 0.454545
vt 0.172131 0.545455
vt 0.172131 0.636364
vt 0.172131 0.727273
vt 0.172131 0.818182
vt 0.172131 0.909091
vt 0.172131 1.000000
vt 0.180328 0.090909
vt 0.180328 0.000000
vt 0.180328 0.181818
vt 0.180328 0.272727
vt 0.180328 0.363636
vt 0.180328 0.454545
vt 0.180328 0.545455
vt 0.180328 0.636364
vt 0.180328 0.727273
vt 0.180328 0.818182
vt 0.180328 0.909091
vt 0.180328 1.000000
vt 0.188525 0.090909
vt 0.188525 0.000000
vt 0.188525 0.181818
vt 0.188525 0.272727
vt 0.188525 0.363636
vt 0.188525 0.454545
vt 0.188525 0.545455
vt 0.188525 0.636364
vt 0.188525 0.727273
vt 0.188525 0.818182
vt 0.188525 0.909091
vt 0.188525 1.000000
vt 0.196721 0.090909
vt 0.196721 0.000000
vt 0.196721 0.181818
vt 0.196721 0.272727
vt 0.196721 0.363636
vt 0.196721 0.454545
vt 0.196721 0.545455
vt 0.196721 0.636364
vt 0.196721 0.727273
vt 0.196721 0.818182
vt 0.196721 0.909091
vt 0.196721 1.000000
vt 0.204918 0.090909
vt 0.204918 0.000000
vt 0.204918 0.181818
vt 0.204918 0.272727
vt 0.204918 0.363636
vt 0.204918 0.454545
vt 0.204918 0.545455
vt 0.204918 0.636364
vt 0.204918 0.727273
vt 0.204918 0.818182
vt 0.204918 0.909091
vt 0.204918 1.000000
vt 0.213115 0.090909
vt 0.213115 0.000000
vt 0.213115 0.181818
vt 0.213115 0.272727
vt 0.213115 0.363636
vt 0.213115 0.454545
vt 0.213115 0.545455
vt 0.213115 0.636364
vt 0.213115 0.727273
vt 0.213115 0.818182
vt 0.213115 0.909091
vt 0.213115 1.000000
vt 0.221311 0.090909
vt 0.221311 0.000000
vt 0.221311 0.181818
vt 0.221311 0.272727
vt 0.221311 0.363636
vt 0.221311 0.454545
vt 0.221311 0.545455
vt 0.221311 0.636364
vt 0.221311 0.727273
vt 0.221311 0.818182
vt 0.221311 0.909091
vt 0.221311 1.000000
vt 0.229508 0.090909
vt 0.229508 0.000000
vt 0.229508 0.181818
vt 0.229508 0.272727
vt 0.229508 0.363636
vt 0.229508 0.454545
vt 0.229508 0.545455
vt 0.229508 0.636364
vt 0.229508 0.727273
vt 0.229508 0.818182
vt 0.229508 0.909091
vt 0.229508 1.000000
vt 0.237705 0.090909
vt 0.237705 0.000000
vt 0.237705 0.181818
vt 0.237705 0.272727
vt 0.237705 0.363636
vt 0.237705 0.454545
vt 0.237705 0.545455
vt 0.237705 0.636364
vt 0.237705 0.727273
vt 0.237705 0.818182
vt 0.237705 0.909091
vt 0.237705 1.000000
vt 0.245902 0.090909
vt 0.245902 0.000000
vt 0.245902 0.181818
vt 0.245902 0.272727
vt 0.245902 0.363636
vt 0.245902 0.454545
vt 0.245902 0.545455
vt 0.245902 0.636364
vt 0.245902 0.727273
vt 0.245902 0.818182
vt 0.245902 0.909091
vt 0.245902 1.000000
vt 0.254098 0.090909
vt 0.254098 0.000000
vt 0.254098 0.181818
vt 0.254098 0.272727
vt 0.254098 0.363636
vt 0.254098 0.454545
vt 0.254098 0.545455
vt 0.254098 0.636364
vt 0.254098 0.727273
vt 0.254098 0.818182
vt 0.254098 0.909091
vt 0.254098 1.000000
vt 0.262295 0.090909
vt 0.262295 0.000000
vt 0.262295 0.181818
vt 0.262295 0.272727
vt 0.262295 0.363636
vt 0.262295 0.454545
vt 0.262295 0.545455
vt 0.262295 0.636364
vt 0.262295 0.727273
vt 0.262295 0.818182
vt 0.262295 0.909091
vt 0.262295 1.000000
vt 0.270492 0.090909
vt 0.270492 0.000000
vt 0.270492 0.181818
vt 0.270492 0.272727
vt 0.270492 0.363636
vt 0.270492 0.454545
vt 0.270492 0.545455
vt 0.270492 0.636364
vt 0.270492 0.727273
vt 0.270492 0.818182
vt 0.270492 0.909091
vt 0.270492 1.000000
vt 0.278689 0.090909
vt 0.278689 0.000000
vt 0.278689 0.181818
vt 0.278689 0.272727
vt 0.278689 0.363636
vt 0.278689 0.454545
vt 0.278689 0.545455
vt 0.278689 0.636364
vt 0.278689 0.727273
vt 0.278689 0.818182
vt 0.278689 0.909091
vt 0.278689 1.000000
vt 0.286885 0.090909
vt 0.286885 0.000000
vt 0.286885 0.181818
vt 0.286885 0.272727
vt 0.286885 0.363636
vt 0.286885 0.454545
vt 0.286885 0.545455
vt 0.286885 0.636364
vt 0.286885 0.727273
vt 0.286885 0.818182
vt 0.286885 0.909091
vt 0.286885 1.000000
vt 0.295082 0.090909
vt 0.295082 0.000000
vt 0.295082 0.181818
vt 0.295082 0.272727
vt 0.295082 0.363636
vt 0.295082 0.454545
vt 0.295082 0.545455
vt 0.295082 0.636364
vt 0.295082 0.727273
vt 0.295082 0.818182
vt 0.295082 0.909091
vt 0.295082 1.000000
vt 0.303279 0.090909
vt 0.303279 0.000000
vt 0.303279 0.181818
vt 0.303279 0.272727
vt 0.303279 0.363636
vt 0.303279 0.454545
vt 0.303279 0.545455
vt 0.303279 0.636364
vt 0.303279 0.727273
vt 0.303279 0.818182
vt 0.303279 0.909091
vt 0.303279 1.000000
vt 0.311475 0.090909
vt 0.311475 0.000000
vt 0.311475 0.181818
vt 0.311475 0.272727
vt 0.311475 0.363636
vt 0.311475 0.454545
vt 0.311475 0.545455
vt 0.311475 0.636364
vt 0.311475 0.727273
vt 0.311475 0.818182
vt 0.311475 0.909091
vt 0.311475 1.000000
vt 0.319672 0.090909
vt 0.319672 0.000000
vt 0.319672 0.181818
vt 0.319672 0.272727
vt 0.319672 0.363636
vt 0.319672 0.454545
vt 0.319672 0.545455
vt 0.319672 0.636364
vt 0.319672 0.727273
vt 0.319672 0.818182
vt 0.319672 0.909091
vt 0.319672 1.000000
vt 0.327869 0.090909
vt 0.327869 0.000000
vt 0.327869 0.181818
vt 0.327869 0.272727
vt 0.327869 0.363636
vt 0.327869 0.454545
vt 0.327869 0.545455
vt 0.327869 0.636364
vt 0.327869 0.727273
vt 0.327869 0.818182
vt 0.327869 0.909091
vt 0.327869 1.000000
vt 0.336066 0.090909
vt 0.336066 0.000000
vt 0.336066 0.181818
vt 0.336066 0.272727
vt 0.336066 0.363636
vt 0.336066 0.454545
vt 0.336066 0.545455
vt 0.336066 0.636364
vt 0.336066 0.727273
vt 0.336066 0.818182
vt 0.336066 0.909091
vt 0.336066 1.000000
vt 0.344262 0.090909
vt 0.344262 0.000000
vt 0.344262 0.181818
vt 0.344262 0.272727
vt 0.344262 0.363636
vt 0.344262 0.454545
vt 0.344262 0.545455
vt 0.344262 0.636364
vt 0.344262 0.727273
vt 0.344262 0.818182
vt 0.344262 0.909091
vt 0.344262 1.000000
vt 0.352459 0.090909
vt 0.352459 0.000000
vt 0.352459 0.181818
vt 0.352459 0.272727
vt 0.352459 0.363636
vt 0.352459 0.454545
vt 0.352459 0.545455
vt 0.352459 0.636364
vt 0.352459 0.727273
vt 0.352459 0.818182
vt 0.352459 0.909091
vt 0.352459 1.000000
vt 0.360656 0.090909
vt 0.360656 0.000000
vt 0.360656 0.181818
vt 0.360656 0.272727
vt 0.360656 0.363636
vt 0.360656 0.454545
vt 0.360656 0.545455
vt 0.360656 0.636364
vt 0.360656 0.727273
vt 0.360656 0.818182
vt 0.360656 0.909091
vt 0.360656 1.000000
vt 0.368852 0.090909
vt 0.368852 0.000000
vt 0.368852 0.181818
vt 0.368852 0.272727
vt 0.368852 0.363636
vt 0.368852 0.454545
vt 0.368852 0.545455
vt 0.368852 0.636364
vt 0.368852 0.727273
vt 0.368852 0.818182
vt 0.368852 0.909091
vt 0.368852 1.000000
vt 0.377049 0.090909
vt 0.377049 0.000000
vt 0.377049 0.181818
vt 0.377049 0.272727
vt 0.377049 0.363636
vt 0.377049 0.454545
vt 0.377049 0.545455
vt 0.377049 0.636364
vt 0.377049 0.727273
vt 0.377049 0.818182
vt 0.377049 0.909091
vt 0.377049 1.000000
vt 0.385246 0.090909
vt 0.385246 0.000000
vt 0.385246 0.181818
vt 0.385246 0.272727
vt 0.385246 0.363636
vt 0.385246 0.454545
vt 0.385246 0.545455
vt 0.385246 0.636364
vt 0.385246 0.727273
vt 0.385246 0.818182
vt 0.385246 0.909091
vt 0.385246 1.000000
vt 0.393443 0.090909
vt 0.393443 0.000000
vt 0.393443 0.181818
vt 0.393443 0.272727
vt 0.393443 0.363636
vt 0.393443 0.454545
vt 0.393443 0.545455
vt 0.393443 0.636364
vt 0.393443 0.727273
vt 0.393443 0.818182
vt 0.393443 0.909091
vt 0.393443 1.000000
vt 0.401639 0.090909
vt 0.401639 0.000000
vt 0.401639 0.181818
vt 0.401639 0.272727
vt 0.401639 0.363636
vt 0.401639 0.454545
vt 0.401639 0.545455
vt 0.401639 0.636364
vt 0.401639 0.727273
vt 0.401639 0.818182
vt 0.401639 0.909091
vt 0.401639 1.000000
vt 0.409836 0.090909
vt 0.409836 0.000000
vt 0.409836 0.181818
vt 0.409836 0.272727
vt 0.409836 0.363636
vt 0.409836 0.454545
vt 0.409836 0.545455
vt 0.409836 0.636364
vt 0.409836 0.727273
vt 0.409836 0.818182
vt 0.409836 0.909091
vt 0.409836 1.000000
vt 0.418033 0.090909
vt 0.418033 0.000000
vt 0.418033 0.181818
vt 0.418033 0.272727
vt 0.418033 0.363636
vt 0.418033 0.454545
vt 0.418033 0.545455
vt 0.418033 0.636364
vt 0.418033 0.727273
vt 0.418033 0.818182
vt 0.418033 0.909091
vt 0.418033 1.000000
vt 0.426230 0.090909
vt 0.426230 0.000000
vt 0.426230 0.181818
vt 0.426230 0.272727
vt 0.426230 0.363636
vt 0.426230 0.454545
vt 0.426230 0.545455
vt 0.426230 0.636364
vt 0.426230 0.727273
vt 0.426230 0.818182
vt 0.426230 0.909091
vt 0.426230 1.000000
vt 0.434426 0.090909
vt 0.434426 0.000000
vt 0.434426 0.181818
vt 0.434426 0.272727
vt 0.434426 0.363636
vt 0.434426 0.454545
vt 0.434426 0.545455
vt 0.434426 0.636364
vt 0.434426 0.727273
vt 0.434426 0.818182
vt 0.434426 0.909091
vt 0.434426 1.000000
vt 0.442623 0.090909
vt 0.442623 0.000000
vt 0.442623 0.181818
vt 0.442623 0.272727
vt 0.442623 0.363636
vt 0.442623 0.454545
vt 0.442623 0.545455
vt 0.442623 0.636364
vt 0.442623 0.727273
vt 0.442623 0.818182
vt 0.442623 0.909091
vt 0.442623 1.000000
vt 0.450820 0.090909
vt 0.450820 0.000000
vt 0.450820 0.181818
vt 0.450820 0.272727
vt 0.450820 0.363636
vt 0.450820 0.454545
vt 0.450820 0.545455
vt 0.450820 0.636364
vt 0.450820 0.727273
vt 0.450820 0.818182
vt 0.450820 0.909091
vt 0.450820 1.000000
vt 0.459016 0.090909
vt 0.459016 0.000000
vt 0.459016 0.181818
vt 0.459016 0.272727
vt 0.459016 0.363636
vt 0.459016 0.454545
vt 0.459016 0.545455
vt 0.459016 0.636364
vt 0.459016 0.727273
vt 0.459016 0.818182
vt 0.459016 0.909091
vt 0.459016 1.000000
vt 0.467213 0.090909
vt 0.467213 0.000000
vt 0.467213 0.181818
vt 0.467213 0.272727
vt 0.467213 0.363636
vt 0.467213 0.454545
vt 0.467213 0.545455
vt 0.467213 0.636364
vt 0.467213 0.727273
vt 0.467213 0.818182
vt 0.467213 0.909091
vt 0.467213 1.000000
vt 0.475410 0.090909
vt 0.475410 0.000000
vt 0.475410 0.181818
vt 0.475410 0.272727
vt 0.475410 0.363636
vt 0.475410 0.454545
vt 0.475410 0.545455
vt 0.475410 0.636364
vt 0.475410 0.727273
vt 0.475410 0.818182
vt 0.475410 0.909091
vt 0.475410 1.000000
vt 0.483607 0.090909
vt 0.483607 0.000000
vt 0.483607 0.181818
vt 0.483607 0.272727
vt 0.483607 0.363636
vt 0.483607 0.454545
vt 0.483607 0.545455
vt 0.483607 0.636364
vt 0.483607 0.727273
vt 0.483607 0.818182
vt 0.483607 0.909091
vt 0.483607 1.000000
vt 0.491803 0.090909
vt 0.491803 0.000000
vt 0.491803 0.181818
vt 0.491803 0.272727
vt 0.491803 0.363636
vt 0.491803 0.454545
vt 0.491803 0.545455
vt 0.491803 0.636364
vt 0.491803 0.727273
vt 0.491803 0.818182
vt 0.491803 0.909091
vt 0.491803 1.000000
vt 0.500000 0.090909
vt 0.500000 0.181818
vt 0.500000 0.272727
vt 0.500000 0.363636
vt 0.500000 0.454545
vt 0.500000 0.545455
vt 0.500000 0.636364
vt 0.500000 0.727273
vt 0.500000 0.818182
vt 0.500000 0.909091
vt 0.500000 1.000000
vt 0.508197 0.090909
vt 0.508197 0.000000
vt 0.508197 0.181818
vt 0.508197 0.272727
vt 0.508197 0.363636
vt 0.508197 0.454545
vt 0.508197 0.545455
vt 0.508197 0.636364
vt 0.508197 0.727273
vt 0.508197 0.818182
vt 0.508197 0.909091
vt 0.508197 1.000000
vt 0.516393 0.090909
vt 0.516393 0.000000
vt 0.516393 0.181818
vt 0.516393 0.272727
vt 0.516393 0.363636
vt 0.516393 0.454545
vt 0.516393 0.545455
vt 0.516393 0.636364
vt 0.516393 0.727273
vt 0.516393 0.818182
vt 0.516393 0.909091
vt 0.516393 1.000000
vt 0.524590 0.090909
vt 0.524590 0.000000
vt 0.524590 0.181818
vt 0.524590 0.272727
vt 0.524590 0.363636
vt 0.524590 0.454545
vt 0.524590 0.545455
vt 0.524590 0.636364
vt 0.524590 0.727273
vt 0.524590 0.818182
vt 0.524590 0.909091
vt 0.524590 1.000000
vt 0.532787 0.090909
vt 0.532787 0.000000
vt 0.532787 0.181818
vt 0.532787 0.272727
vt 0.532787 0.363636
vt 0.532787 0.454545
vt 0.532787 0.545455
vt 0.532787 0.636364
vt 0.532787 0.727273
vt 0.532787 0.818182
vt 0.532787 0.909091
vt 0.532787 1.000000
vt 0.540984 0.090909
vt 0.540984 0.000000
vt 0.540984 0.181818
vt 0.540984 0.272727
vt 0.540984 0.363636
vt 0.540984 0.454545
vt 0.540984 0.545455
vt 0.540984 0.636364
vt 0.540984 0.727273
vt 0.540984 0.818182
vt 0.540984 0.909091
vt 0.540984 1.000000
vt 0.549180 0.090909
vt 0.549180 0.000000
vt 0.549180 0.181818
vt 0.549180 0.272727
vt 0.549180 0.363636
vt 0.549180 0.454545
vt 0.549180 0.545455
vt 0.549180 0.636364
vt 0.549180 0.727273
vt 0.549180 0.818182
vt 0.549180 0.909091
vt 0.549180 1.000000
vt 0.557377 0.090909
vt 0.557377 0.000000
vt 0.557377 0.181818
vt 0.557377 0.272727
vt 0.557377 0.363636
vt 0.557377 0.454545
vt 0.557377 0.545455
vt 0.557377 0.636364
vt 0.557377 0.727273
vt 0.557377 0.818182
vt 0.557377 0.909091
vt 0.557377 1.000000
vt 0.565574 0.090909
vt 0.565574 0.000000
vt 0.565574 0.181818
vt 0.565574 0.272727
vt 0.565574 0.363636
vt 0.565574 0.454545
vt 0.565574 0.545455
vt 0.565574 0.636364
vt 0.565574 0.727273
vt 0.565574 0.818182
vt 0.565574 0.909091
vt 0.565574 1.000000
vt 0.573770 0.090909
vt 0.573770 0.000000
vt 0.573770 0.181818
vt 0.573770 0.272727
vt 0.573770 0.363636
vt 0.573770 0.454545
vt 0.573770 0.545455
vt 0.573770 0.636364
vt 0.573770 0.727273
vt 0.573770 0.818182
vt 0.573770 0.909091
vt 0.573770 1.000000
vt 0.581967 0.090909
vt 0.581967 0.000000
vt 0.581967 0.181818
vt 0.581967 0.272727
vt 0.581967 0.363636
vt 0.581967 0.454545
vt 0.581967 0.545455
vt 0.581967 0.636364
vt 0.581967 0.727273
vt 0.581967 0.818182
vt 0.581967 0.909091
vt 0.581967 1.000000
vt 0.590164 0.090909
vt 0.590164 0.000000
vt 0.590164 0.181818
vt 0.590164 0.272727
vt 0.590164 0.363636
vt 0.590164 0.454545
vt 0.590164 0.545455
vt 0.590164 0.636364
vt 0.590164 0.727273
vt 0.590164 0.818182
vt 0.590164 0.909091
vt 0.590164 1.000000
vt 0.598361 0.090909
vt 0.598361 0.000000
vt 0.598361 0.181818
vt 0.598361 0.272727
vt 0.598361 0.363636
vt 0.598361 0.454545
vt 0.598361 0.545455
vt 0.598361 0.636364
vt 0.598361 0.727273
vt 0.598361 0.818182
vt 0.598361 0.909091
vt 0.598361 1.000000
vt 0.606557 0.090909
vt 0.606557 0.000000
vt 0.606557 0.181818
vt 0.606557 0.272727
vt 0.606557 0.363636
vt 0.606557 0.454545
vt 0.606557 0.545455
vt 0.606557 0.636364
vt 0.606557 0.727273
vt 0.606557 0.818182
vt 0.606557 0.909091
vt 0.606557 1.000000
vt 0.614754 0.090909
vt 0.614754 0.000000
vt 0.614754 0.181818
vt 0.614754 0.272727
vt 0.614754 0.363636
vt 0.614754 0.454545
vt 0.614754 0.545455
vt 0.614754 0.636364
vt 0.614754 0.727273
vt 0.614754 0.818182
vt 0.614754 0.909091
vt 0.614754 1.000000
vt 0.622951 0.090909
vt 0.622951 0.000000
vt 0.622951 0.181818
vt 0.622951 0.272727
vt 0.622951 0.363636
vt 0.622951 0.454545
vt 0.622951 0.545455
vt 0.622951 0.636364
vt 0.622951 0.727273
vt 0.622951 0.818182
vt 0.622951 0.909091
vt 0.622951 1.000000
vt 0.631148 0.090909
vt 0.631148 0.000000
vt 0.631148 0.181818
vt 0.631148 0.272727
vt 0.631148 0.363636
vt 0.631148 0.454545
vt 0.631148 0.545455
vt 0.631148 0.636364
vt 0.631148 0.727273
vt 0.631148 0.818182
vt 0.631148 0.909091
vt 0.631148 1.000000
vt 0.639344 0.090909
vt 0.639344 0.000000
vt 0.639344 0.181818
vt 0.639344 0.272727
vt 0.639344 0.363636
vt 0.639344 0.454545
vt 0.639344 0.545455
vt 0.639344 0.636364
vt 0.639344 0.727273
vt 0.639344 0.818182
vt 0.639344 0.909091
vt 0.639344 1.000000
vt 0.647541 0.090909
vt 0.647541 0.000000
vt 0.647541 0.181818
vt 0.647541 0.272727
vt 0.647541 0.363636
vt 0.647541 0.454545
vt 0.647541 0.545455
vt 0.647541 0.636364
vt 0.647541 0.727273
vt 0.647541 0.818182
vt 0.647541 0.909091
vt 0.647541 1.000000
vt 0.655738 0.090909
vt 0.655738 0.000000
vt 0.655738 0.181818
vt 0.655738 0.272727
vt 0.655738 0.363636
vt 0.655738 0.454545
vt 0.655738 0.545455
vt 0.655738 0.636364
vt 0.655738 0.727273
vt 0.655738 0.818182
vt 0.655738 0.909091
vt 0.655738 1.000000
vt 0.663934 0.090909
vt 0.663934 0.000000
vt 0.663934 0.181818
vt 0.663934 0.272727
vt 0.663934 0.363636
vt 0.663934 0.454545
vt 0.663934 0.545455
vt 0.663934 0.636364
vt 0.663934 0.727273
vt 0.663934 0.818182
vt 0.663934 0.909091
vt 0.663934 1.000000
vt 0.672131 0.090909
vt 0.672131 0.000000
vt 0.672131 0.181818
vt 0.672131 0.272727
vt 0.672131 0.363636
vt 0.672131 0.454545
vt 0.672131 0.545455
vt 0.672131 0.636364
vt 0.672131 0.727273
vt 0.672131 0.818182
vt 0.672131 0.909091
vt 0.672131 1.000000
vt 0.680328 0.090909
vt 0.680328 0.000000
vt 0.680328 0.181818
vt 0.680328 0.272727
vt 0.680328 0.363636
vt 0.680328 0.454545
vt 0.680328 0.545455
vt 0.680328 0.636364
vt 0.680328 0.727273
vt 0.680328 0.818182
vt 0.680328 0.909091
vt 0.680328 1.000000
vt 0.688525 0.090909
vt 0.688525 0.000000
vt 0.688525 0.181818
vt 0.688525 0.272727
vt 0.688525 0.363636
vt 0.688525 0.454545
vt 0.688525 0.545455
vt 0.688525 0.636364
vt 0.688525 0.727273
vt 0.688525 0.818182
vt 0.688525 0.909091
vt 0.688525 1.000000
vt 0.696721 0.090909
vt 0.696721 0.000000
vt 0.696721 0.181818
vt 0.696721 0.272727
vt 0.696721 0.363636
vt 0.696721 0.454545
vt 0.696721 0.545455
vt 0.696721 0.636364
vt 0.696721 0.727273
vt 0.696721 0.818182
vt 0.696721 0.909091
vt 0.696721 1.000000
vt 0.704918 0.090909
vt 0.704918 0.000000
vt 0.704918 0.181818
vt 0.704918 0.272727
vt 0.704918 0.363636
vt 0.704918 0.454545
vt 0.704918 0.545455
vt 0.704918 0.636364
vt 0.704918 0.727273
vt 0.704918 0.818182
vt 0.704918 0.909091
vt 0.704918 1.000000
vt 0.713115 0.090909
vt 0.713115 0.000000
vt 0.713115 0.181818
vt 0.713115 0.272727
vt 0.713115 0.363636
vt 0.713115 0.454545
vt 0.713115 0.545455
vt 0.713115 0.636364
vt 0.713115 0.727273
vt 0.713115 0.818182
vt 0.713115 0.909091
vt 0.713115 1.000000
vt 0.721311 0.090909
vt 0.721311 0.000000
vt 0.721311 0.181818
vt 0.721311 0.272727
vt 0.721311 0.363636
vt 0.721311 0.454545
vt 0.721311 0.545455
vt 0.721311 0.636364
vt 0.721311 0.727273
vt 0.721311 0.818182
vt 0.721311 0.909091
vt 0.721311 1.000000
vt 0.729508 0.090909
vt 0.729508 0.000000
vt 0.729508 0.181818
vt 0.729508 0.272727
vt 0.729508 0.363636
vt 0.729508 0.454545
vt 0.729508 0.545455
vt 0.729508 0.636364
vt 0.729508 0.727273
vt 0.729508 0.818182
vt 0.729508 0.909091
vt 0.729508 1.000000
vt 0.737705 0.090909
vt 0.737705 0.000000
vt 0.737705 0.181818
vt 0.737705 0.272727
vt 0.737705 0.363636
vt 0.737705 0.454545
vt 0.737705 0.545455
vt 0.737705 0.636364
vt 0.737705 0.727273
vt 0.737705 0.818182
vt 0.737705 0.909091
vt 0.737705 1.000000
vt 0.745902 0.090909
vt 0.745902 0.000000
vt 0.745902 0.181818
vt 0.745902 0.272727
vt 0.745902 0.363636
vt 0.745902 0.454545
vt 0.745902 0.545455
vt 0.745902 0.636364
vt 0.745902 0.727273
vt 0.745902 0.818182
vt 0.745902 0.909091
vt 0.745902 1.000000
vt 0.754098 0.090909
vt 0.754098 0.000000
vt 0.754098 0.181818
vt 0.754098 0.272727
vt 0.754098 0.363636
vt 0.754098 0.454545
vt 0.754098 0.545455
vt 0.754098 0.636364
vt 0.754098 0.727273
vt 0.754098 0.818182
vt 0.754098 0.909091
vt 0.754098 1.000000
vt 0.762295 0.090909
vt 0.762295 0.000000
vt 0.762295 0.181818
vt 0.762295 0.272727
vt 0.762295 0.363636
vt 0.762295 0.454545
vt 0.762295 0.545455
vt 0.762295 0.636364
vt 0.762295 0.727273
vt 0.762295 0.818182
vt 0.762295 0.909091
vt 0.762295 1.000000
vt 0.770492 0.090909
vt 0.770492 0.000000
vt 0.770492 0.181818
vt 0.770492 0.272727
vt 0.770492 0.363636
vt 0.770492 0.454545
vt 0.770492 0.545455
vt 0.770492 0.636364
vt 0.770492 0.727273
vt 0.770492 0.818182
vt 0.770492 0.909091
vt 0.770492 1.000000
vt 0.778689 0.090909
vt 0.778689 0.000000
vt 0.778689 0.181818
vt 0.778689 0.272727
vt 0.778689 0.363636
vt 0.778689 0.454545
vt 0.778689 0.545455
vt 0.778689 0.636364
vt 0.778689 0.727273
vt 0.778689 0.818182
vt 0.778689 0.909091
vt 0.778689 1.000000
vt 0.786885 0.090909
vt 0.786885 0.000000
vt 0.786885 0.181818
vt 0.786885 0.272727
vt 0.786885 0.363636
vt 0.786885 0.454545
vt 0.786885 0.545455
vt 0.786885 0.636364
vt 0.786885 0.727273
vt 0.786885 0.818182
vt 0.786885 0.909091
vt 0.786885 1.000000
vt 0.795082 0.090909
vt 0.795082 0.000000
vt 0.795082 0.181818
vt 0.795082 0.272727
vt 0.795082 0.363636
vt 0.795082 0.454545
vt 0.795082 0.545455
vt 0.795082 0.636364
vt 0.795082 0.727273
vt 0.795082 0.818182
vt 0.795082 0.909091
vt 0.795082 1.000000
vt 0.803279 0.090909
vt 0.803279 0.000000
vt 0.803279 0.181818
vt 0.803279 0.272727
vt 0.803279 0.363636
vt 0.803279 0.454545
vt 0.803279 0.545455
vt 0.803279 0.636364
vt 0.803279 0.727273
vt 0.803279 0.818182
vt 0.803279 0.909091
vt 0.803279 1.000000
vt 0.811475 0.090909
vt 0.811475 0.000000
vt 0.811475 0.181818
vt 0.811475 0.272727
vt 0.811475 0.363636
vt 0.811475 0.454545
vt 0.811475 0.545455
vt 0.811475 0.636364
vt 0.811475 0.727273
vt 0.811475 0.818182
vt 0.811475 0.909091
vt 0.811475 1.000000
vt 0.819672 0.090909
vt 0.819672 0.000000
vt 0.819672 0.181818
vt 0.819672 0.272727
vt 0.819672 0.363636
vt 0.819672 0.454545
vt 0.819672 0.545455
vt 0.819672 0.636364
vt 0.819672 0.727273
vt 0.819672 0.818182
vt 0.819672 0.909091
vt 0.819672 1.000000
vt 0.827869 0.090909
vt 0.827869 0.000000
vt 0.827869 0.181818
vt 0.827869 0.272727
vt 0.827869 0.363636
vt 0.827869 0.454545
vt 0.827869 0.545455
vt 0.827869 0.636364
vt 0.827869 0.727273
vt 0.827869 0.818182
vt 0.827869 0.909091
vt 0.827869 1.000000
vt 0.836066 0.090909
vt 0.836066 0.000000
vt 0.836066 0.181818
vt 0.836066 0.272727
vt 0.836066 0.363636
vt 0.836066 0.454545
vt 0.836066 0.545455
vt 0.836066 0.636364
vt 0.836066 0.727273
vt 0.836066 0.818182
vt 0.836066 0.909091
vt 0.836066 1.000000
vt 0.844262 0.090909
vt 0.844262 0.000000
vt 0.844262 0.181818
vt 0.844262 0.272727
vt 0.844262 0.363636
vt 0.844262 0.454545
vt 0.844262 0.545455
vt 0.844262 0.636364
vt 0.844262 0.727273
vt 0.844262 0.818182
vt 0.844262 0.909091
vt 0.844262 1.000000
vt 0.852459 0.090909
vt 0.852459 0.000000
vt 0.852459 0.181818
vt 0.852459 0.272727
vt 0.852459 0.363636
vt 0.852459 0.454545
vt 0.852459 0.545455
vt 0.852459 0.636364
vt 0.852459 0.727273
vt 0.852459 0.818182
vt 0.852459 0.909091
vt 0.852459 1.000000
vt 0.860656 0.090909
vt 0.860656 0.000000
vt 0.860656 0.181818
vt 0.860656 0.272727
vt 0.860656 0.363636
vt 0.860656 0.454545
vt 0.860656 0.545455
vt 0.860656 0.636364
vt 0.860656 0.727273
vt 0.860656 0.818182
vt 0.860656 0.909091
vt 0.860656 1.000000
vt 0.868852 0.090909
vt 0.868852 0.000000
vt 0.868852 0.181818
vt 0.868852 0.272727
vt 0.868852 0.363636
vt 0.868852 0.454545
vt 0.868852 0.545455
vt 0.868852 0.636364
vt 0.868852 0.727273
vt 0.868852 0.818182
vt 0.868852 0.909091
vt 0.868852 1.000000
vt 0.877049 0.090909
vt 0.877049 0.000000
vt 0.877049 0.181818
vt 0.877049 0.272727
vt 0.877049 0.363636
vt 0.877049 0.454545
vt 0.877049 0.545455
vt 0.877049 0.636364
vt 0.877049 0.727273
vt 0.877049 0.818182
vt 0.877049 0.909091
vt 0.877049 1.000000
vt 0.885246 0.090909
vt 0.885246 0.000000
vt 0.885246 0.181818
vt 0.885246 0.272727
vt 0.885246 0.363636
vt 0.885246 0.454545
vt 0.885246 0.545455
vt 0.885246 0.636364
vt 0.885246 0.727273
vt 0.885246 0.818182
vt 0.885246 0.909091
vt 0.885246 1.000000
vt 0.893443 0.090909
vt 0.893443 0.000000
vt 0.893443 0.181818
vt 0.893443 0.272727
vt 0.893443 0.363636
vt 0.893443 0.454545
vt 0.893443 0.545455
vt 0.893443 0.636364
vt 0.893443 0.727273
vt 0.893443 0.818182
vt 0.893443 0.909091
vt 0.893443 1.000000
vt 0.901639 0.090909
vt 0.901639 0.000000
vt 0.901639 0.181818
vt 0.901639 0.272727
vt 0.901639 0.363636
vt 0.901639 0.454545
vt 0.901639 0.545455
vt 0.901639 0.636364
vt 0.901639 0.727273
vt 0.901639 0.818182
vt 0.901639 0.909091
vt 0.901639 1.000000
vt 0.909836 0.090909
vt 0.909836 0.000000
vt 0.909836 0.181818
vt 0.909836 0.272727
vt 0.909836 0.363636
vt 0.909836 0.454545
vt 0.909836 0.545455
vt 0.909836 0.636364
vt 0.909836 0.727273
vt 0.909836 0.818182
vt 0.909836 0.909091
vt 0.909836 1.000000
vt 0.918033 0.090909
vt 0.918033 0.000000
vt 0.918033 0.181818
vt 0.918033 0.272727
vt 0.918033 0.363636
vt 0.918033 0.454545
vt 0.918033 0.545455
vt 0.918033 0.636364
vt 0.918033 0.727273
vt 0.918033 0.818182
vt 0.918033 0.909091
vt 0.918033 1.000000
vt 0.926230 0.090909
vt 0.926230 0.000000
vt 0.926230 0.181818
vt 0.926230 0.272727
vt 0.926230 0.363636
vt 0.926230 0.454545
vt 0.926230 0.545455
vt 0.926230 0.636364
vt 0.926230 0.727273
vt 0.926230 0.818182
vt 0.926230 0.909091
vt 0.926230 1.000000
vt 0.934426 0.090909
vt 0.934426 0.000000
vt 0.934426 0.181818
vt 0.934426 0.272727
vt 0.934426 0.363636
vt 0.934426 0.454545
vt 0.934426 0.545455
vt 0.934426 0.636364
vt 0.934426 0.727273
vt 0.934426 0.818182
vt 0.934426 0.909091
vt 0.934426 1.000000
vt 0.942623 0.090909
vt 0.942623 0.000000
vt 0.942623 0.181818
vt 0.942623 0.272727
vt 0.942623 0.363636
vt 0.942623 0.454545
vt 0.942623 0.545455
vt 0.942623 0.636364
vt 0.942623 0.727273
vt 0.942623 0.818182
vt 0.942623 0.909091
vt 0.942623 1.000000
vt 0.950820 0.090909
vt 0.950820 0.000000
vt 0.950820 0.181818
vt 0.950820 0.272727
vt 0.950820 0.363636
vt 0.950820 0.454545
vt 0.950820 0.545455
vt 0.950820 0.636364
vt 0.950820 0.727273
vt 0.950820 0.818182
vt 0.950820 0.909091
vt 0.950820 1.000000
vt 0.959016 0.090909
vt 0.959016 0.000000
vt 0.959016 0.181818
vt 0.959016 0.272727
vt 0.959016 0.363636
vt 0.959016 0.454545
vt 0.959016 0.545455
vt 0.959016 0.636364
vt 0.959016 0.727273
vt 0.959016 0.818182
vt 0.959016 0.909091
vt 0.959016 1.000000
vt 0.967213 0.090909
vt 0.967213 0.000000
vt 0.967213 0.181818
vt 0.967213 0.272727
vt 0.967213 0.363636
vt 0.967213 0.454545
vt 0.967213 0.545455
vt 0.967213 0.636364
vt 0.967213 0.727273
vt 0.967213 0.818182
vt 0.967213 0.909091
vt 0.967213 1.000000
vt 0.975410 0.090909
vt 0.975410 0.000000
vt 0.975410 0.181818
vt 0.975410 0.272727
vt 0.975410 0.363636
vt 0.975410 0.454545
vt 0.975410 0.545455
vt 0.975410 0.636364
vt 0.975410 0.727273
vt 0.975410 0.818182
vt 0.975410 0.909091
vt 0.975410 1.000000
vt 0.983607 0.090909
vt 0.983607 0.000000
vt 0.983607 0.181818
vt 0.983607 0.272727
vt 0.983607 0.363636
vt 0.983607 0.454545
vt 0.983607 0.545455
vt 0.983607 0.636364
vt 0.983607 0.727273
vt 0.983607 0.818182
vt 0.983607 0.909091
vt 0.983607 1.000000
vt 0.991803 0.090909
vt 0.991803 0.000000
vt 0.991803 0.181818
vt 0.991803 0.272727
vt 0.991803 0.363636
vt 0.991803 0.454545
vt 0.991803 0.545455
vt 0.991803 0.636364
vt 0.991803 0.727273
vt 0.991803 0.818182
vt 0.991803 0.909091
vt 0.991803 1.000000
vt 1.000000 0.090909
vt 1.000000 0.181818
vt 1.000000 0.272727
vt 1.000000 0.363636
vt 1.000000 0.454545
vt 1.000000 0.545455
vt 1.000000 0.636364
vt 1.000000 0.727273
vt 1.000000 0.818182
vt 1.000000 0.909091
vt 1.000000 1.000000
vt 0.125000 0.090909
vt 0.125000 0.000000
vt 0.125000 0.181818
vt 0.125000 0.272727
vt 0.125000 0.363636
vt 0.125000 0.454545
vt 0.125000 0.545455
vt 0.125000 0.636364
vt 0.125000 0.727273
vt 0.125000 0.818182
vt 0.125000 0.909091
vt 0.125000 1.000000
vt 0.250000 0.090909
vt 0.250000 0.000000
vt 0.250000 0.181818
vt 0.250000 0.272727
vt 0.250000 0.363636
vt 0.250000 0.454545
vt 0.250000 0.545455
vt 0.250000 0.636364
vt 0.250000 0.727273
vt 0.250000 0.818182
vt 0.250000 0.909091
vt 0.250000 1.000000
vt 0.375000 0.090909
vt 0.375000 0.000000
vt 0.375000 0.181818
vt 0.375000 0.272727
vt 0.375000 0.363636
vt 0.375000 0.454545
vt 0.375000 0.545455
vt 0.375000 0.636364
vt 0.375000 0.727273
vt 0.375000 0.818182
vt 0.375000 0.909091
vt 0.375000 1.000000
vt 0.625000 0.090909
vt 0.625000 0.000000
vt 0.625000 0.181818
vt 0.625000 0.272727
vt 0.625000 0.363636
vt 0.625000 0.454545
vt 0.625000 0.545455
vt 0.625000 0.636364
vt 0.625000 0.727273
vt 0.625000 0.818182
vt 0.625000 0.909091
vt 0.625000 1.000000
vt 0.750000 0.090909
vt 0.750000 0.000000
vt 0.750000 0.181818
vt 0.750000 0.272727
vt 0.750000 0.363636
vt 0.750000 0.454545
vt 0.750000 0.545455
vt 0.750000 0.636364
vt 0.750000 0.727273
vt 0.750000 0.818182
vt 0.750000 0.909091
vt 0.750000 1.000000
vt 0.875000 0.090909
vt 0.875000 0.000000
vt 0.875000 0.181818
vt 0.875000 0.272727
vt 0.875000 0.363636
vt 0.875000 0.454545
vt 0.875000 0.545455
vt 0.875000 0.636364
vt 0.875000 0.727273
vt 0.875000 0.818182
vt 0.875000 0.909091
vt 0.875000 1.000000
vt 0.333333 0.090909
vt 0.333333 0.181818
vt 0.333333 0.272727
vt 0.333333 0.363636
vt 0.333333 0.454545
vt 0.333333 0.545455
vt 0.333333 0.636364
vt 0.333333 0.727273
vt 0.333333 0.818182
vt 0.333333 0.909091
vt 0.333333 1.000000
vt 0.666667 0.090909
vt 0.666667 0.181818
vt 0.666667 0.272727
vt 0.666667 0.363636
vt 0.666667 0.454545
vt 0.666667 0.545455
vt 0.666667 0.636364
vt 0.666667 0.727273
vt 0.666667 0.818182
vt 0.666667 0.909091
vt 0.666667 1.000000
vt 0.034483 0.090909
vt 0.034483 0.000000
vt 0.034483 0.181818
vt 0.034483 0.272727
vt 0.034483 0.363636
vt 0.034483 0.454545
vt 0.034483 0.545455
vt 0.034483 0.636364
vt 0.034483 0.727273
vt 0.034483 0.818182
vt 0.034483 0.909091
vt 0.034483 1.000000
vt 0.068966 0.090909
vt 0.068966 0.000000
vt 0.068966 0.181818
vt 0.068966 0.272727
vt 0.068966 0.363636
vt 0.068966 0.454545
vt 0.068966 0.545455
vt 0.068966 0.636364
vt 0.068966 0.727273
vt 0.068966 0.818182
vt 0.068966 0.909091
vt 0.068966 1.000000
vt 0.103448 0.090909
vt 0.103448 0.000000
vt 0.103448 0.181818
vt 0.103448 0.272727
vt 0.103448 0.363636
vt 0.103448 0.454545
vt 0.103448 0.545455
vt 0.103448 0.636364
vt 0.103448 0.727273
vt 0.103448 0.818182
vt 0.103448 0.909091
vt 0.103448 1.000000
vt 0.137931 0.090909
vt 0.137931 0.000000
vt 0.137931 0.181818
vt 0.137931 0.272727
vt 0.137931 0.363636
vt 0.137931 0.454545
vt 0.137931 0.545455
vt 0.137931 0.636364
vt 0.137931 0.727273
vt 0.137931 0.818182
vt 0.137931 0.909091
vt 0.137931 1.000000
vt 0.172414 0.090909
vt 0.172414 0.000000
vt 0.172414 0.181818
vt 0.172414 0.272727
vt 0.172414 0.363636
vt 0.172414 0.454545
vt 0.172414 0.545455
vt 0.172414 0.636364
vt 0.172414 0.727273
vt 0.172414 0.818182
vt 0.172414 0.909091
vt 0.172414 1.000000
vt 0.206897 0.090909
vt 0.206897 0.000000
vt 0.206897 0.181818
vt 0.206897 0.272727
vt 0.206897 0.363636
vt 0.206897 0.454545
vt 0.206897 0.545455
vt 0.206897 0.636364
vt 0.206897 0.727273
vt 0.206897 0.818182
vt 0.206897 0.909091
vt 0.206897 1.000000
vt 0.241379 0.090909
vt 0.241379 0.000000
vt 0.241379 0.181818
vt 0.241379 0.272727
vt 0.241379 0.363636
vt 0.241379 0.454545
vt 0.241379 0.545455
vt 0.241379 0.636364
vt 0.241379 0.727273
vt 0.241379 0.818182
vt 0.241379 0.909091
vt 0.241379 1.000000
vt 0.275862 0.090909
vt 0.275862 0.000000
vt 0.275862 0.181818
vt 0.275862 0.272727
vt 0.275862 0.363636
vt 0.275862 0.454545
vt 0.275862 0.545455
vt 0.275862 0.636364
vt 0.275862 0.727273
vt 0.275862 0.818182
vt 0.275862 0.909091
vt 0.275862 1.000000
vt 0.310345 0.090909
vt 0.310345 0.000000
vt 0.310345 0.181818
vt 0.310345 0.272727
vt 0.310345 0.363636
vt 0.310345 0.454545
vt 0.310345 0.545455
vt 0.310345 0.636364
vt 0.310345 0.727273
vt 0.310345 0.818182
vt 0.310345 0.909091
vt 0.310345 1.000000
vt 0.344828 0.090909
vt 0.344828 0.000000
vt 0.344828 0.181818
vt 0.344828 0.272727
vt 0.344828 0.363636
vt 0.344828 0.454545
vt 0.344828 0.545455
vt 0.344828 0.636364
vt 0.344828 0.727273
vt 0.344828 0.818182
vt 0.344828 0.909091
vt 0.344828 1.000000
vt 0.379310 0.090909
vt 0.379310 0.000000
vt 0.379310 0.181818
vt 0.379310 0.272727
vt 0.379310 0.363636
vt 0.379310 0.454545
vt 0.379310 0.545455
vt 0.379310 0.636364
vt 0.379310 0.727273
vt 0.379310 0.818182
vt 0.379310 0.909091
vt 0.379310 1.000000
vt 0.413793 0.090909
vt 0.413793 0.000000
vt 0.413793 0.181818
vt 0.413793 0.272727
vt 0.413793 0.363636
vt 0.413793 0.454545
vt 0.413793 0.545455
vt 0.413793 0.636364
vt 0.413793 0.727273
vt 0.413793 0.818182
vt 0.413793 0.909091
vt 0.413793 1.000000
vt 0.448276 0.090909
vt 0.448276 0.000000
vt 0.448276 0.181818
vt 0.448276 0.272727
vt 0.448276 0.363636
vt 0.448276 0.454545
vt 0.448276 0.545455
vt 0.448276 0.636364
vt 0.448276 0.727273
vt 0.448276 0.818182
vt 0.448276 0.909091
vt 0.448276 1.000000
vt 0.482759 0.090909
vt 0.482759 0.000000
vt 0.482759 0.181818
vt 0.482759 0.272727
vt 0.482759 0.363636
vt 0.482759 0.454545
vt 0.482759 0.545455
vt 0.482759 0.636364
vt 0.482759 0.727273
vt 0.482759 0.818182
vt 0.482759 0.909091
vt 0.482759 1.000000
vt 0.517241 0.090909
vt 0.517241 0.000000
vt 0.517241 0.181818
vt 0.517241 0.272727
vt 0.517241 0.363636
vt 0.517241 0.454545
vt 0.517241 0.545455
vt 0.517241 0.636364
vt 0.517241 0.727273
vt 0.517241 0.818182
vt 0.517241 0.909091
vt 0.517241 1.000000
vt 0.551724 0.090909
vt 0.551724 0.000000
vt 0.551724 0.181818
vt 0.551724 0.272727
vt 0.551724 0.363636
vt 0.551724 0.454545
vt 0.551724 0.545455
vt 0.551724 0.636364
vt 0.551724 0.727273
vt 0.551724 0.818182
vt 0.551724 0.909091
vt 0.551724 1.000000
vt 0.586207 0.090909
vt 0.586207 0.000000
vt 0.586207 0.181818
vt 0.586207 0.272727
vt 0.586207 0.363636
vt 0.586207 0.454545
vt 0.586207 0.545455
vt 0.586207 0.636364
vt 0.586207 0.727273
vt 0.586207 0.818182
vt 0.586207 0.909091
vt 0.586207 1.000000
vt 0.620690 0.090909
vt 0.620690 0.000000
vt 0.620690 0.181818
vt 0.620690 0.272727
vt 0.620690 0.363636
vt 0.620690 0.454545
vt 0.620690 0.545455
vt 0.620690 0.636364
vt 0.620690 0.727273
vt 0.620690 0.818182
vt 0.620690 0.909091
vt 0.620690 1.000000
vt 0.655172 0.090909
vt 0.655172 0.000000
vt 0.655172 0.181818
vt 0.655172 0.272727
vt 0.655172 0.363636
vt 0.655172 0.454545
vt 0.655172 0.545455
vt 0.655172 0.636364
vt 0.655172 0.727273
vt 0.655172 0.818182
vt 0.655172 0.909091
vt 0.655172 1.000000
vt 0.689655 0.090909
vt 0.689655 0.000000
vt 0.689655 0.181818
vt 0.689655 0.272727
vt 0.689655 0.363636
vt 0.689655 0.454545
vt 0.689655 0.545455
vt 0.689655 0.636364
vt 0.689655 0.727273
vt 0.689655 0.818182
vt 0.689655 0.909091
vt 0.689655 1.000000
vt 0.724138 0.090909
vt 0.724138 0.000000
vt 0.724138 0.181818
vt 0.724138 0.272727
vt 0.724138 0.363636
vt 0.724138 0.454545
vt 0.724138 0.545455
vt 0.724138 0.636364
vt 0.724138 0.727273
vt 0.724138 0.818182
vt 0.724138 0.909091
vt 0.724138 1.000000
vt 0.758621 0.090909
vt 0.758621 0.000000
vt 0.758621 0.181818
vt 0.758621 0.272727
vt 0.758621 0.363636
vt 0.758621 0.454545
vt 0.758621 0.545455
vt 0.758621 0.636364
vt 0.758621 0.727273
vt 0.758621 0.818182
vt 0.758621 0.909091
vt 0.758621 1.000000
vt 0.793103 0.090909
vt 0.793103 0.000000
vt 0.793103 0.181818
vt 0.793103 0.272727
vt 0.793103 0.363636
vt 0.793103 0.454545
vt 0.793103 0.545455
vt 0.793103 0.636364
vt 0.793103 0.727273
vt 0.793103 0.818182
vt 0.793103 0.909091
vt 0.793103 1.000000
vt 0.827586 0.090909
vt 0.827586 0.000000
vt 0.827586 0.181818
vt 0.827586 0.272727
vt 0.827586 0.363636
vt 0.827586 0.454545
vt 0.827586 0.545455
vt 0.827586 0.636364
vt 0.827586 0.727273
vt 0.827586 0.818182
vt 0.827586 0.909091
vt 0.827586 1.000000
vt 0.862069 0.090909
vt 0.862069 0.000000
vt 0.862069 0.181818
vt 0.862069 0.272727
vt 0.862069 0.363636
vt 0.862069 0.454545
vt 0.862069 0.545455
vt 0.862069 0.636364
vt 0.862069 0.727273
vt 0.862069 0.818182
vt 0.862069 0.909091
vt 0.862069 1.000000
vt 0.896552 0.090909
vt 0.896552 0.000000
vt 0.896552 0.181818
vt 0.896552 0.272727
vt 0.896552 0.363636
vt 0.896552 0.454545
vt 0.896552 0.545455
vt 0.896552 0.636364
vt 0.896552 0.727273
vt 0.896552 0.818182
vt 0.896552 0.909091
vt 0.896552 1.000000
vt 0.931035 0.090909
vt 0.931035 0.000000
vt 0.931035 0.181818
vt 0.931035 0.272727
vt 0.931035 0.363636
vt 0.931035 0.454545
vt 0.931035 0.545455
vt 0.931035 0.636364
vt 0.931035 0.727273
vt 0.931035 0.818182
vt 0.931035 0.909091
vt 0.931035 1.000000
vt 0.965517 0.090909
vt 0.965517 0.000000
vt 0.965517 0.181818
vt 0.965517 0.272727
vt 0.965517 0.363636
vt 0.965517 0.454545
vt 0.965517 0.545455
vt 0.965517 0.636364
vt 0.965517 0.727273
vt 0.965517 0.818182
vt 0.965517 0.909091
vt 0.965517 1.000000
vt 0.037037 0.090909
vt 0.037037 0.000000
vt 0.037037 0.181818
vt 0.037037 0.272727
vt 0.037037 0.363636
vt 0.037037 0.454545
vt 0.037037 0.545455
vt 0.037037 0.636364
vt 0.037037 0.727273
vt 0.037037 0.818182
vt 0.037037 0.909091
vt 0.037037 1.000000
vt 0.074074 0.090909
vt 0.074074 0.000000
vt 0.074074 0.181818
vt 0.074074 0.272727
vt 0.074074 0.363636
vt 0.074074 0.454545
vt 0.074074 0.545455
vt 0.074074 0.636364
vt 0.074074 0.727273
vt 0.074074 0.818182
vt 0.074074 0.909091
vt 0.074074 1.000000
vt 0.111111 0.090909
vt 0.111111 0.000000
vt 0.111111 0.181818
vt 0.111111 0.272727
vt 0.111111 0.363636
vt 0.111111 0.454545
vt 0.111111 0.545455
vt 0.111111 0.636364
vt 0.111111 0.727273
vt 0.111111 0.818182
vt 0.111111 0.909091
vt 0.111111 1.000000
vt 0.148148 0.090909
vt 0.148148 0.000000
vt 0.148148 0.181818
vt 0.148148 0.272727
vt 0.148148 0.363636
vt 0.148148 0.454545
vt 0.148148 0.545455
vt 0.148148 0.636364
vt 0.148148 0.727273
vt 0.148148 0.818182
vt 0.148148 0.909091
vt 0.148148 1.000000
vt 0.185185 0.090909
vt 0.185185 0.000000
vt 0.185185 0.181818
vt 0.185185 0.272727
vt 0.185185 0.363636
vt 0.185185 0.454545
vt 0.185185 0.545455
vt 0.185185 0.636364
vt 0.185185 0.727273
vt 0.185185 0.818182
vt 0.185185 0.909091
vt 0.185185 1.000000
vt 0.222222 0.090909
vt 0.222222 0.000000
vt 0.222222 0.181818
vt 0.222222 0.272727
vt 0.222222 0.363636
vt 0.222222 0.454545
vt 0.222222 0.545455
vt 0.222222 0.636364
vt 0.222222 0.727273
vt 0.222222 0.818182
vt 0.222222 0.909091
vt 0.222222 1.000000
vt 0.259259 0.090909
vt 0.259259 0.000000
vt 0.259259 0.181818
vt 0.259259 0.272727
vt 0.259259 0.363636
vt 0.259259 0.454545
vt 0.259259 0.545455
vt 0.259259 0.636364
vt 0.259259 0.727273
vt 0.259259 0.818182
vt 0.259259 0.909091
vt 0.259259 1.000000
vt 0.296296 0.090909
vt 0.296296 0.000000
vt 0.296296 0.181818
vt 0.296296 0.272727
vt 0.296296 0.363636
vt 0.296296 0.454545
vt 0.296296 0.545455
vt 0.296296 0.636364
vt 0.296296 0.727273
vt 0.296296 0.818182
vt 0.296296 0.909091
vt 0.296296 1.000000
vt 0.370370 0.090909
vt 0.370370 0.000000
vt 0.370370 0.181818
vt 0.370370 0.272727
vt 0.370370 0.363636
vt 0.370370 0.454545
vt 0.370370 0.545455
vt 0.370370 0.636364
vt 0.370370 0.727273
vt 0.370370 0.818182
vt 0.370370 0.909091
vt 0.370370 1.000000
vt 0.407407 0.090909
vt 0.407407 0.000000
vt 0.407407 0.181818
vt 0.407407 0.272727
vt 0.407407 0.363636
vt 0.407407 0.454545
vt 0.407407 0.545455
vt 0.407407 0.636364
vt 0.407407 0.727273
vt 0.407407 0.818182
vt 0.407407 0.909091
vt 0.407407 1.000000
vt 0.444444 0.090909
vt 0.444444 0.000000
vt 0.444444 0.181818
vt 0.444444 0.272727
vt 0.444444 0.363636
vt 0.444444 0.454545
vt 0.444444 0.545455
vt 0.444444 0.636364
vt 0.444444 0.727273
vt 0.444444 0.818182
vt 0.444444 0.909091
vt 0.444444 1.000000
vt 0.481481 0.090909
vt 0.481481 0.000000
vt 0.481481 0.181818
vt 0.481481 0.272727
vt 0.481481 0.363636
vt 0.481481 0.454545
vt 0.481481 0.545455
vt 0.481481 0.636364
vt 0.481481 0.727273
vt 0.481481 0.818182
vt 0.481481 0.909091
vt 0.481481 1.000000
vt 0.518519 0.090909
vt 0.518519 0.000000
vt 0.518519 0.181818
vt 0.518519 0.272727
vt 0.518519 0.363636
vt 0.518519 0.454545
vt 0.518519 0.545455
vt 0.518519 0.636364
vt 0.518519 0.727273
vt 0.518519 0.818182
vt 0.518519 0.909091
vt 0.518519 1.000000
vt 0.555556 0.090909
vt 0.555556 0.000000
vt 0.555556 0.181818
vt 0.555556 0.272727
vt 0.555556 0.363636
vt 0.555556 0.454545
vt 0.555556 0.545455
vt 0.555556 0.636364
vt 0.555556 0.727273
vt 0.555556 0.818182
vt 0.555556 0.909091
vt 0.555556 1.000000
vt 0.592593 0.090909
vt 0.592593 0.000000
vt 0.592593 0.181818
vt 0.592593 0.272727
vt 0.592593 0.363636
vt 0.592593 0.454545
vt 0.592593 0.545455
vt 0.592593 0.636364
vt 0.592593 0.727273
vt 0.592593 0.818182
vt 0.592593 0.909091
vt 0.592593 1.000000
vt 0.629630 0.090909
vt 0.629630 0.000000
vt 0.629630 0.181818
vt 0.629630 0.272727
vt 0.629630 0.363636
vt 0.629630 0.454545
vt 0.629630 0.545455
vt 0.629630 0.636364
vt 0.629630 0.727273
vt 0.629630 0.818182
vt 0.629630 0.909091
vt 0.629630 1.000000
vt 0.703704 0.090909
vt 0.703704 0.000000
vt 0.703704 0.181818
vt 0.703704 0.272727
vt 0.703704 0.363636
vt 0.703704 0.454545
vt 0.703704 0.545455
vt 0.703704 0.636364
vt 0.703704 0.727273
vt 0.703704 0.818182
vt 0.703704 0.909091
vt 0.703704 1.000000
vt 0.740741 0.090909
vt 0.740741 0.000000
vt 0.740741 0.181818
vt 0.740741 0.272727
vt 0.740741 0.363636
vt 0.740741 0.454545
vt 0.740741 0.545455
vt 0.740741 0.636364
vt 0.740741 0.727273
vt 0.740741 0.818182
vt 0.740741 0.909091
vt 0.740741 1.000000
vt 0.777778 0.090909
vt 0.777778 0.000000
vt 0.777778 0.181818
vt 0.777778 0.272727
vt 0.777778 0.363636
vt 0.777778 0.454545
vt 0.777778 0.545455
vt 0.777778 0.636364
vt 0.777778 0.727273
vt 0.777778 0.818182
vt 0.777778 0.909091
vt 0.777778 1.000000
vt 0.814815 0.090909
vt 0.814815 0.000000
vt 0.814815 0.181818
vt 0.814815 0.272727
vt 0.814815 0.363636
vt 0.814815 0.454545
vt 0.814815 0.545455
vt 0.814815 0.636364
vt 0.814815 0.727273
vt 0.814815 0.818182
vt 0.814815 0.909091
vt 0.814815 1.000000
vt 0.851852 0.090909
vt 0.851852 0.000000
vt 0.851852 0.181818
vt 0.851852 0.272727
vt 0.851852 0.363636
vt 0.851852 0.454545
vt 0.851852 0.545455
vt 0.851852 0.636364
vt 0.851852 0.727273
vt 0.851852 0.818182
vt 0.851852 0.909091
vt 0.851852 1.000000
vt 0.888889 0.090909
vt 0.888889 0.000000
vt 0.888889 0.181818
vt 0.888889 0.272727
vt 0.888889 0.363636
vt 0.888889 0.454545
vt 0.888889 0.545455
vt 0.888889 0.636364
vt 0.888889 0.727273
vt 0.888889 0.818182
vt 0.888889 0.909091
vt 0.888889 1.000000
vt 0.925926 0.090909
vt 0.925926 0.000000
vt 0.925926 0.181818
vt 0.925926 0.272727
vt 0.925926 0.363636
vt 0.925926 0.454545
vt 0.925926 0.545455
vt 0.925926 0.636364
vt 0.925926 0.727273
vt 0.925926 0.818182
vt 0.925926 0.909091
vt 0.925926 1.000000
vt 0.962963 0.090909
vt 0.962963 0.000000
vt 0.962963 0.181818
vt 0.962963 0.272727
vt 0.962963 0.363636
vt 0.962963 0.454545
vt 0.962963 0.545455
vt 0.962963 0.636364
vt 0.962963 0.727273
vt 0.962963 0.818182
vt 0.962963 0.909091
vt 0.962963 1.000000
vt 0.083333 0.090909
vt 0.083333 0.000000
vt 0.083333 0.181818
vt 0.083333 0.272727
vt 0.083333 0.363636
vt 0.083333 0.454545
vt 0.083333 0.545455
vt 0.083333 0.636364
vt 0.083333 0.727273
vt 0.083333 0.818182
vt 0.083333 0.909091
vt 0.083333 1.000000
vt 0.166667 0.090909
vt 0.166667 0.000000
vt 0.166667 0.181818
vt 0.166667 0.272727
vt 0.166667 0.363636
vt 0.166667 0.454545
vt 0.166667 0.545455
vt 0.166667 0.636364
vt 0.166667 0.727273
vt 0.166667 0.818182
vt 0.166667 0.909091
vt 0.166667 1.000000
vt 0.416667 0.090909
vt 0.416667 0.000000
vt 0.416667 0.181818
vt 0.416667 0.272727
vt 0.416667 0.363636
vt 0.416667 0.454545
vt 0.416667 0.545455
vt 0.416667 0.636364
vt 0.416667 0.727273
vt 0.416667 0.818182
vt 0.416667 0.909091
vt 0.416667 1.000000
vt 0.583333 0.090909
vt 0.583333 0.000000
vt 0.583333 0.181818
vt 0.583333 0.272727
vt 0.583333 0.363636
vt 0.583333 0.454545
vt 0.583333 0.545455
vt 0.583333 0.636364
vt 0.583333 0.727273
vt 0.583333 0.818182
vt 0.583333 0.909091
vt 0.583333 1.000000
vt 0.833333 0.090909
vt 0.833333 0.000000
vt 0.833333 0.181818
vt 0.833333 0.272727
vt 0.833333 0.363636
vt 0.833333 0.454545
vt 0.833333 0.545455
vt 0.833333 0.636364
vt 0.833333 0.727273
vt 0.833333 0.818182
vt 0.833333 0.909091
vt 0.833333 1.000000
vt 0.916667 0.090909
vt 0.916667 0.000000
vt 0.916667 0.181818
vt 0.916667 0.272727
vt 0.916667 0.363636
vt 0.916667 0.454545
vt 0.916667 0.545455
vt 0.916667 0.636364
vt 0.916667 0.727273
vt 0.916667 0.818182
vt 0.916667 0.909091
vt 0.916667 1.000000
vt 0.014925 0.090909
vt 0.014925 0.000000
vt 0.014925 0.181818
vt 0.014925 0.272727
vt 0.014925 0.363636
vt 0.014925 0.454545
vt 0.014925 0.545455
vt 0.014925 0.636364
vt 0.014925 0.727273
vt 0.014925 0.818182
vt 0.014925 0.909091
vt 0.014925 1.000000
vt 0.029851 0.090909
vt 0.029851 0.000000
vt 0.029851 0.181818
vt 0.029851 0.272727
vt 0.029851 0.363636
vt 0.029851 0.454545
vt 0.029851 0.545455
vt 0.029851 0.636364
vt 0.029851 0.727273
vt 0.029851 0.818182
vt 0.029851 0.909091
vt 0.029851 1.000000
vt 0.044776 0.090909
vt 0.044776 0.000000
vt 0.044776 0.181818
vt 0.044776 0.272727
vt 0.044776 0.363636
vt 0.044776 0.454545
vt 0.044776 0.545455
vt 0.044776 0.636364
vt 0.044776 0.727273
vt 0.044776 0.818182
vt 0.044776 0.909091
vt 0.044776 1.000000
vt 0.059701 0.090909
vt 0.059701 0.000000
vt 0.059701 0.181818
vt 0.059701 0.272727
vt 0.059701 0.363636
vt 0.059701 0.454545
vt 0.059701 0.545455
vt 0.059701 0.636364
vt 0.059701 0.727273
vt 0.059701 0.818182
vt 0.059701 0.909091
vt 0.059701 1.000000
vt 0.074627 0.090909
vt 0.074627 0.000000
vt 0.074627 0.181818
vt 0.074627 0.272727
vt 0.074627 0.363636
vt 0.074627 0.454545
vt 0.074627 0.545455
vt 0.074627 0.636364
vt 0.074627 0.727273
vt 0.074627 0.818182
vt 0.074627 0.909091
vt 0.074627 1.000000
vt 0.089552 0.090909
vt 0.089552 0.000000
vt 0.089552 0.181818
vt 0.089552 0.272727
vt 0.089552 0.363636
vt 0.089552 0.454545
vt 0.089552 0.545455
vt 0.089552 0.636364
vt 0.089552 0.727273
vt 0.089552 0.818182
vt 0.089552 0.909091
vt 0.089552 1.000000
vt 0.104478 0.090909
vt 0.104478 0.000000
vt 0.104478 0.181818
vt 0.104478 0.272727
vt 0.104478 0.363636
vt 0.104478 0.454545
vt 0.104478 0.545455
vt 0.104478 0.636364
vt 0.104478 0.727273
vt 0.104478 0.818182
vt 0.104478 0.909091
vt 0.104478 1.000000
vt 0.119403 0.090909
vt 0.119403 0.000000
vt 0.119403 0.181818
vt 0.119403 0.272727
vt 0.119403 0.363636
vt 0.119403 0.454545
vt 0.119403 0.545455
vt 0.119403 0.636364
vt 0.119403 0.727273
vt 0.119403 0.818182
vt 0.119403 0.909091
vt 0.119403 1.000000
vt 0.134328 0.090909
vt 0.134328 0.000000
vt 0.134328 0.181818
vt 0.134328 0.272727
vt 0.134328 0.363636
vt 0.134328 0.454545
vt 0.134328 0.545455
vt 0.134328 0.636364
vt 0.134328 0.727273
vt 0.134328 0.818182
vt 0.134328 0.909091
vt 0.134328 1.000000
vt 0.149254 0.090909
vt 0.149254 0.000000
vt 0.149254 0.181818
vt 0.149254 0.272727
vt 0.149254 0.363636
vt 0.149254 0.454545
vt 0.149254 0.545455
vt 0.149254 0.636364
vt 0.149254 0.727273
vt 0.149254 0.818182
vt 0.149254 0.909091
vt 0.149254 1.000000
vt 0.164179 0.090909
vt 0.164179 0.000000
vt 0.164179 0.181818
vt 0.164179 0.272727
vt 0.164179 0.363636
vt 0.164179 0.454545
vt 0.164179 0.545455
vt 0.164179 0.636364
vt 0.164179 0.727273
vt 0.164179 0.818182
vt 0.164179 0.909091
vt 0.164179 1.000000
vt 0.179104 0.090909
vt 0.179104 0.000000
vt 0.179104 0.181818
vt 0.179104 0.272727
vt 0.179104 0.363636
vt 0.179104 0.454545
vt 0.179104 0.545455
vt 0.179104 0.636364
vt 0.179104 0.727273
vt 0.179104 0.818182
vt 0.179104 0.909091
vt 0.179104 1.000000
vt 0.194030 0.090909
vt 0.194030 0.000000
vt 0.194030 0.181818
vt 0.194030 0.272727
vt 0.194030 0.363636
vt 0.194030 0.454545
vt 0.194030 0.545455
vt 0.194030 0.636364
vt 0.194030 0.727273
vt 0.194030 0.818182
vt 0.194030 0.909091
vt 0.194030 1.000000
vt 0.208955 0.090909
vt 0.208955 0.000000
vt 0.208955 0.181818
vt 0.208955 0.272727
vt 0.208955 0.363636
vt 0.208955 0.454545
vt 0.208955 0.545455
vt 0.208955 0.636364
vt 0.208955 0.727273
vt 0.208955 0.818182
vt 0.208955 0.909091
vt 0.208955 1.000000
vt 0.223881 0.090909
vt 0.223881 0.000000
vt 0.223881 0.181818
vt 0.223881 0.272727
vt 0.223881 0.363636
vt 0.223881 0.454545
vt 0.223881 0.545455
vt 0.223881 0.636364
vt 0.223881 0.727273
vt 0.223881 0.818182
vt 0.223881 0.909091
vt 0.223881 1.000000
vt 0.238806 0.090909
vt 0.238806 0.000000
vt 0.238806 0.181818
vt 0.238806 0.272727
vt 0.238806 0.363636
vt 0.238806 0.454545
vt 0.238806 0.545455
vt 0.238806 0.636364
vt 0.238806 0.727273
vt 0.238806 0.818182
vt 0.238806 0.909091
vt 0.238806 1.000000
vt 0.253731 0.090909
vt 0.253731 0.000000
vt 0.253731 0.181818
vt 0.253731 0.272727
vt 0.253731 0.363636
vt 0.253731 0.454545
vt 0.253731 0.545455
vt 0.253731 0.636364
vt 0.253731 0.727273
vt 0.253731 0.818182
vt 0.253731 0.909091
vt 0.253731 1.000000
vt 0.268657 0.090909
vt 0.268657 0.000000
vt 0.268657 0.181818
vt 0.268657 0.272727
vt 0.268657 0.363636
vt 0.268657 0.454545
vt 0.268657 0.545455
vt 0.268657 0.636364
vt 0.268657 0.727273
vt 0.268657 0.818182
vt 0.268657 0.909091
vt 0.268657 1.000000
vt 0.283582 0.090909
vt 0.283582 0.000000
vt 0.283582 0.181818
vt 0.283582 0.272727
vt 0.283582 0.363636
vt 0.283582 0.454545
vt 0.283582 0.545455
vt 0.283582 0.636364
vt 0.283582 0.727273
vt 0.283582 0.818182
vt 0.283582 0.909091
vt 0.283582 1.000000
vt 0.298507 0.090909
vt 0.298507 0.000000
vt 0.298507 0.181818
vt 0.298507 0.272727
vt 0.298507 0.363636
vt 0.298507 0.454545
vt 0.298507 0.545455
vt 0.298507 0.636364
vt 0.298507 0.727273
vt 0.298507 0.818182
vt 0.298507 0.909091
vt 0.298507 1.000000
vt 0.313433 0.090909
vt 0.313433 0.000000
vt 0.313433 0.181818
vt 0.313433 0.272727
vt 0.313433 0.363636
vt 0.313433 0.454545
vt 0.313433 0.545455
vt 0.313433 0.636364
vt 0.313433 0.727273
vt 0.313433 0.818182
vt 0.313433 0.909091
vt 0.313433 1.000000
vt 0.328358 0.090909
vt 0.328358 0.000000
vt 0.328358 0.181818
vt 0.328358 0.272727
vt 0.328358 0.363636
vt 0.328358 0.454545
vt 0.328358 0.545455
vt 0.328358 0.636364
vt 0.328358 0.727273
vt 0.328358 0.818182
vt 0.328358 0.909091
vt 0.328358 1.000000
vt 0.343284 0.090909
vt 0.343284 0.000000
vt 0.343284 0.181818
vt 0.343284 0.272727
vt 0.343284 0.363636
vt 0.343284 0.454545
vt 0.343284 0.545455
vt 0.343284 0.636364
vt 0.343284 0.727273
vt 0.343284 0.818182
vt 0.343284 0.909091
vt 0.343284 1.000000
vt 0.358209 0.090909
vt 0.358209 0.000000
vt 0.358209 0.181818
vt 0.358209 0.272727
vt 0.358209 0.363636
vt 0.358209 0.454545
vt 0.358209 0.545455
vt 0.358209 0.636364
vt 0.358209 0.727273
vt 0.358209 0.818182
vt 0.358209 0.909091
vt 0.358209 1.000000
vt 0.373134 0.090909
vt 0.373134 0.000000
vt 0.373134 0.181818
vt 0.373134 0.272727
vt 0.373134 0.363636
vt 0.373134 0.454545
vt 0.373134 0.545455
vt 0.373134 0.636364
vt 0.373134 0.727273
vt 0.373134 0.818182
vt 0.373134 0.909091
vt 0.373134 1.000000
vt 0.388060 0.090909
vt 0.388060 0.000000
vt 0.388060 0.181818
vt 0.388060 0.272727
vt 0.388060 0.363636
vt 0.388060 0.454545
vt 0.388060 0.545455
vt 0.388060 0.636364
vt 0.388060 0.727273
vt 0.388060 0.818182
vt 0.388060 0.909091
vt 0.388060 1.000000
vt 0.402985 0.090909
vt 0.402985 0.000000
vt 0.402985 0.181818
vt 0.402985 0.272727
vt 0.402985 0.363636
vt 0.402985 0.454545
vt 0.402985 0.545455
vt 0.402985 0.636364
vt 0.402985 0.727273
vt 0.402985 0.818182
vt 0.402985 0.909091
vt 0.402985 1.000000
vt 0.417910 0.090909
vt 0.417910 0.000000
vt 0.417910 0.181818
vt 0.417910 0.272727
vt 0.417910 0.363636
vt 0.417910 0.454545
vt 0.417910 0.545455
vt 0.417910 0.636364
vt 0.417910 0.727273
vt 0.417910 0.818182
vt 0.417910 0.909091
vt 0.417910 1.000000
vt 0.432836 0.090909
vt 0.432836 0.000000
vt 0.432836 0.181818
vt 0.432836 0.272727
vt 0.432836 0.363636
vt 0.432836 0.454545
vt 0.432836 0.545455
vt 0.432836 0.636364
vt 0.432836 0.727273
vt 0.432836 0.818182
vt 0.432836 0.909091
vt 0.432836 1.000000
vt 0.447761 0.090909
vt 0.447761 0.000000
vt 0.447761 0.181818
vt 0.447761 0.272727
vt 0.447761 0.363636
vt 0.447761 0.454545
vt 0.447761 0.545455
vt 0.447761 0.636364
vt 0.447761 0.727273
vt 0.447761 0.818182
vt 0.447761 0.909091
vt 0.447761 1.000000
vt 0.462687 0.090909
vt 0.462687 0.000000
vt 0.462687 0.181818
vt 0.462687 0.272727
vt 0.462687 0.363636
vt 0.462687 0.454545
vt 0.462687 0.545455
vt 0.462687 0.636364
vt 0.462687 0.727273
vt 0.462687 0.818182
vt 0.462687 0.909091
vt 0.462687 1.000000
vt 0.477612 0.090909
vt 0.477612 0.000000
vt 0.477612 0.181818
vt 0.477612 0.272727
vt 0.477612 0.363636
vt 0.477612 0.454545
vt 0.477612 0.545455
vt 0.477612 0.636364
vt 0.477612 0.727273
vt 0.477612 0.818182
vt 0.477612 0.909091
vt 0.477612 1.000000
vt 0.492537 0.090909
vt 0.492537 0.000000
vt 0.492537 0.181818
vt 0.492537 0.272727
vt 0.492537 0.363636
vt 0.492537 0.454545
vt 0.492537 0.545455
vt 0.492537 0.636364
vt 0.492537 0.727273
vt 0.492537 0.818182
vt 0.492537 0.909091
vt 0.492537 1.000000
vt 0.507463 0.090909
vt 0.507463 0.000000
vt 0.507463 0.181818
vt 0.507463 0.272727
vt 0.507463 0.363636
vt 0.507463 0.454545
vt 0.507463 0.545455
vt 0.507463 0.636364
vt 0.507463 0.727273
vt 0.507463 0.818182
vt 0.507463 0.909091
vt 0.507463 1.000000
vt 0.522388 0.090909
vt 0.522388 0.000000
vt 0.522388 0.181818
vt 0.522388 0.272727
vt 0.522388 0.363636
vt 0.522388 0.454545
vt 0.522388 0.545455
vt 0.522388 0.636364
vt 0.522388 0.727273
vt 0.522388 0.818182
vt 0.522388 0.909091
vt 0.522388 1.000000
vt 0.537313 0.090909
vt 0.537313 0.000000
vt 0.537313 0.181818
vt 0.537313 0.272727
vt 0.537313 0.363636
vt 0.537313 0.454545
vt 0.537313 0.545455
vt 0.537313 0.636364
vt 0.537313 0.727273
vt 0.537313 0.818182
vt 0.537313 0.909091
vt 0.537313 1.000000
vt 0.552239 0.090909
vt 0.552239 0.000000
vt 0.552239 0.181818
vt 0.552239 0.272727
vt 0.552239 0.363636
vt 0.552239 0.454545
vt 0.552239 0.545455
vt 0.552239 0.636364
vt 0.552239 0.727273
vt 0.552239 0.818182
vt 0.552239 0.909091
vt 0.552239 1.000000
vt 0.567164 0.090909
vt 0.567164 0.000000
vt 0.567164 0.181818
vt 0.567164 0.272727
vt 0.567164 0.363636
vt 0.567164 0.454545
vt 0.567164 0.545455
vt 0.567164 0.636364
vt 0.567164 0.727273
vt 0.567164 0.818182
vt 0.567164 0.909091
vt 0.567164 1.000000
vt 0.582090 0.090909
vt 0.582090 0.000000
vt 0.582090 0.181818
vt 0.582090 0.272727
vt 0.582090 0.363636
vt 0.582090 0.454545
vt 0.582090 0.545455
vt 0.582090 0.636364
vt 0.582090 0.727273
vt 0.582090 0.818182
vt 0.582090 0.909091
vt 0.582090 1.000000
vt 0.597015 0.090909
vt 0.597015 0.000000
vt 0.597015 0.181818
vt 0.597015 0.272727
vt 0.597015 0.363636
vt 0.597015 0.454545
vt 0.597015 0.545455
vt 0.597015 0.636364
vt 0.597015 0.727273
vt 0.597015 0.818182
vt 0.597015 0.909091
vt 0.597015 1.000000
vt 0.611940 0.090909
vt 0.611940 0.000000
vt 0.611940 0.181818
vt 0.611940 0.272727
vt 0.611940 0.363636
vt 0.611940 0.454545
vt 0.611940 0.545455
vt 0.611940 0.636364
vt 0.611940 0.727273
vt 0.611940 0.818182
vt 0.611940 0.909091
vt 0.611940 1.000000
vt 0.626866 0.090909
vt 0.626866 0.000000
vt 0.626866 0.181818
vt 0.626866 0.272727
vt 0.626866 0.363636
vt 0.626866 0.454545
vt 0.626866 0.545455
vt 0.626866 0.636364
vt 0.626866 0.727273
vt 0.626866 0.818182
vt 0.626866 0.909091
vt 0.626866 1.000000
vt 0.641791 0.090909
vt 0.641791 0.000000
vt 0.641791 0.181818
vt 0.641791 0.272727
vt 0.641791 0.363636
vt 0.641791 0.454545
vt 0.641791 0.545455
vt 0.641791 0.636364
vt 0.641791 0.727273
vt 0.641791 0.818182
vt 0.641791 0.909091
vt 0.641791 1.000000
vt 0.656716 0.090909
vt 0.656716 0.000000
vt 0.656716 0.181818
vt 0.656716 0.272727
vt 0.656716 0.363636
vt 0.656716 0.454545
vt 0.656716 0.545455
vt 0.656716 0.636364
vt 0.656716 0.727273
vt 0.656716 0.818182
vt 0.656716 0.909091
vt 0.656716 1.000000
vt 0.671642 0.090909
vt 0.671642 0.000000
vt 0.671642 0.181818
vt 0.671642 0.272727
vt 0.671642 0.363636
vt 0.671642 0.454545
vt 0.671642 0.545455
vt 0.671642 0.636364
vt 0.671642 0.727273
vt 0.671642 0.818182
vt 0.671642 0.909091
vt 0.671642 1.000000
vt 0.686567 0.090909
vt 0.686567 0.000000
vt 0.686567 0.181818
vt 0.686567 0.272727
vt 0.686567 0.363636
vt 0.686567 0.454545
vt 0.686567 0.545455
vt 0.686567 0.636364
vt 0.686567 0.727273
vt 0.686567 0.818182
vt 0.686567 0.909091
vt 0.686567 1.000000
vt 0.701493 0.090909
vt 0.701493 0.000000
vt 0.701493 0.181818
vt 0.701493 0.272727
vt 0.701493 0.363636
vt 0.701493 0.454545
vt 0.701493 0.545455
vt 0.701493 0.636364
vt 0.701493 0.727273
vt 0.701493 0.818182
vt 0.701493 0.909091
vt 0.701493 1.000000
vt 0.716418 0.090909
vt 0.716418 0.000000
vt 0.716418 0.181818
vt 0.716418 0.272727
vt 0.716418 0.363636
vt 0.716418 0.454545
vt 0.716418 0.545455
vt 0.716418 0.636364
vt 0.716418 0.727273
vt 0.716418 0.818182
vt 0.716418 0.909091
vt 0.716418 1.000000
vt 0.731343 0.090909
vt 0.731343 0.000000
vt 0.731343 0.181818
vt 0.731343 0.272727
vt 0.731343 0.363636
vt 0.731343 0.454545
vt 0.731343 0.545455
vt 0.731343 0.636364
vt 0.731343 0.727273
vt 0.731343 0.818182
vt 0.731343 0.909091
vt 0.731343 1.000000
vt 0.746269 0.090909
vt 0.746269 0.000000
vt 0.746269 0.181818
vt 0.746269 0.272727
vt 0.746269 0.363636
vt 0.746269 0.454545
vt 0.746269 0.545455
vt 0.746269 0.636364
vt 0.746269 0.727273
vt 0.746269 0.818182
vt 0.746269 0.909091
vt 0.746269 1.000000
vt 0.761194 0.090909
vt 0.761194 0.000000
vt 0.761194 0.181818
vt 0.761194 0.272727
vt 0.761194 0.363636
vt 0.761194 0.454545
vt 0.761194 0.545455
vt 0.761194 0.636364
vt 0.761194 0.727273
vt 0.761194 0.818182
vt 0.761194 0.909091
vt 0.761194 1.000000
vt 0.776119 0.090909
vt 0.776119 0.000000
vt 0.776119 0.181818
vt 0.776119 0.272727
vt 0.776119 0.363636
vt 0.776119 0.454545
vt 0.776119 0.545455
vt 0.776119 0.636364
vt 0.776119 0.727273
vt 0.776119 0.818182
vt 0.776119 0.909091
vt 0.776119 1.000000
vt 0.791045 0.090909
vt 0.791045 0.000000
vt 0.791045 0.181818
vt 0.791045 0.272727
vt 0.791045 0.363636
vt 0.791045 0.454545
vt 0.791045 0.545455
vt 0.791045 0.636364
vt 0.791045 0.727273
vt 0.791045 0.818182
vt 0.791045 0.909091
vt 0.791045 1.000000
vt 0.805970 0.090909
vt 0.805970 0.000000
vt 0.805970 0.181818
vt 0.805970 0.272727
vt 0.805970 0.363636
vt 0.805970 0.454545
vt 0.805970 0.545455
vt 0.805970 0.636364
vt 0.805970 0.727273
vt 0.805970 0.818182
vt 0.805970 0.909091
vt 0.805970 1.000000
vt 0.820895 0.090909
vt 0.820895 0.000000
vt 0.820895 0.181818
vt 0.820895 0.272727
vt 0.820895 0.363636
vt 0.820895 0.454545
vt 0.820895 0.545455
vt 0.820895 0.636364
vt 0.820895 0.727273
vt 0.820895 0.818182
vt 0.820895 0.909091
vt 0.820895 1.000000
vt 0.835821 0.090909
vt 0.835821 0.000000
vt 0.835821 0.181818
vt 0.835821 0.272727
vt 0.835821 0.363636
vt 0.835821 0.454545
vt 0.835821 0.545455
vt 0.835821 0.636364
vt 0.835821 0.727273
vt 0.835821 0.818182
vt 0.835821 0.909091
vt 0.835821 1.000000
vt 0.850746 0.090909
vt 0.850746 0.000000
vt 0.850746 0.181818
vt 0.850746 0.272727
vt 0.850746 0.363636
vt 0.850746 0.454545
vt 0.850746 0.545455
vt 0.850746 0.636364
vt 0.850746 0.727273
vt 0.850746 0.818182
vt 0.850746 0.909091
vt 0.850746 1.000000
vt 0.865672 0.090909
vt 0.865672 0.000000
vt 0.865672 0.181818
vt 0.865672 0.272727
vt 0.865672 0.363636
vt 0.865672 0.454545
vt 0.865672 0.545455
vt 0.865672 0.636364
vt 0.865672 0.727273
vt 0.865672 0.818182
vt 0.865672 0.909091
vt 0.865672 1.000000
vt 0.880597 0.090909
vt 0.880597 0.000000
vt 0.880597 0.181818
vt 0.880597 0.272727
vt 0.880597 0.363636
vt 0.880597 0.454545
vt 0.880597 0.545455
vt 0.880597 0.636364
vt 0.880597 0.727273
vt 0.880597 0.818182
vt 0.880597 0.909091
vt 0.880597 1.000000
vt 0.895522 0.090909
vt 0.895522 0.000000
vt 0.895522 0.181818
vt 0.895522 0.272727
vt 0.895522 0.363636
vt 0.895522 0.454545
vt 0.895522 0.545455
vt 0.895522 0.636364
vt 0.895522 0.727273
vt 0.895522 0.818182
vt 0.895522 0.909091
vt 0.895522 1.000000
vt 0.910448 0.090909
vt 0.910448 0.000000
vt 0.910448 0.181818
vt 0.910448 0.272727
vt 0.910448 0.363636
vt 0.910448 0.454545
vt 0.910448 0.545455
vt 0.910448 0.636364
vt 0.910448 0.727273
vt 0.910448 0.818182
vt 0.910448 0.909091
vt 0.910448 1.000000
vt 0.925373 0.090909
vt 0.925373 0.000000
vt 0.925373 0.181818
vt 0.925373 0.272727
vt 0.925373 0.363636
vt 0.925373 0.454545
vt 0.925373 0.545455
vt 0.925373 0.636364
vt 0.925373 0.727273
vt 0.925373 0.818182
vt 0.925373 0.909091
vt 0.925373 1.000000
vt 0.940298 0.090909
vt 0.940298 0.000000
vt 0.940298 0.181818
vt 0.940298 0.272727
vt 0.940298 0.363636
vt 0.940298 0.454545
vt 0.940298 0.545455
vt 0.940298 0.636364
vt 0.940298 0.727273
vt 0.940298 0.818182
vt 0.940298 0.909091
vt 0.940298 1.000000
vt 0.955224 0.090909
vt 0.955224 0.000000
vt 0.955224 0.181818
vt 0.955224 0.272727
vt 0.955224 0.363636
vt 0.955224 0.454545
vt 0.955224 0.545455
vt 0.955224 0.636364
vt 0.955224 0.727273
vt 0.955224 0.818182
vt 0.955224 0.909091
vt 0.955224 1.000000
vt 0.970149 0.090909
vt 0.970149 0.000000
vt 0.970149 0.181818
vt 0.970149 0.272727
vt 0.970149 0.363636
vt 0.970149 0.454545
vt 0.970149 0.545455
vt 0.970149 0.636364
vt 0.970149 0.727273
vt 0.970149 0.818182
vt 0.970149 0.909091
vt 0.970149 1.000000
vt 0.985075 0.090909
vt 0.985075 0.000000
vt 0.985075 0.181818
vt 0.985075 0.272727
vt 0.985075 0.363636
vt 0.985075 0.454545
vt 0.985075 0.545455
vt 0.985075 0.636364
vt 0.985075 0.727273
vt 0.985075 0.818182
vt 0.985075 0.909091
vt 0.985075 1.000000
s 0
usemtl reflective_gold.009
f 363/504/241 360/505/241 359/506/241
f 364/507/241 363/504/241 359/506/241
f 359/506/241 356/508/241 364/507/241
f 356/508/241 355/509/241 364/507/241
f 360/505/241 363/504/241 362/510/241
f 362/510/241 361/511/241 360/505/241
f 356/508/241 359/506/241 358/512/241
f 358/512/241 357/513/241 356/508/241
f 366/514/241 365/515/241 355/509/241
f 364/507/241 355/509/241 365/515/241
f 430/516/241 429/517/241 431/518/241
f 429/517/241 460/514/241 431/518/241
f 432/519/241 431/518/241 460/514/241
f 426/520/241 434/521/241 427/522/241
f 428/523/241 427/522/241 434/521/241
f 460/514/241 429/517/241 428/523/241
f 428/523/241 434/521/241 460/514/241
f 432/519/241 460/514/241 459/524/241
f 424/525/241 435/526/241 425/527/241
f 424/525/241 423/528/241 436/529/241
f 435/526/241 424/525/241 436/529/241
f 456/530/241 367/509/241 457/531/241
f 433/532/241 457/531/241 367/509/241
f 425/527/241 435/526/241 426/520/241
f 434/521/241 426/520/241 435/526/241
f 457/531/241 433/532/241 458/533/241
f 459/524/241 458/533/241 433/532/241
f 432/519/241 459/524/241 433/532/241
f 439/534/241 438/535/241 390/536/241
f 454/537/241 453/538/241 370/539/241
f 369/540/241 454/537/241 370/539/241
f 421/541/241 390/536/241 422/542/241
f 423/528/241 422/542/241 390/536/241
f 436/529/241 423/528/241 390/536/241
f 437/543/241 436/529/241 390/536/241
f 390/536/241 438/535/241 437/543/241
f 454/537/241 369/540/241 455/544/241
f 369/540/241 368/545/241 455/544/241
f 456/530/241 455/544/241 368/545/241
f 367/509/241 456/530/241 368/545/241
f 397/546/241 396/547/241 417/548/241
f 414/549/241 413/550/241 415/551/241
f 413/550/241 412/552/241 415/551/241
f 412/552/241 411/553/241 415/551/241
f 411/553/241 410/554/241 415/551/241
f 410/554/241 409/555/241 415/551/241
f 409/555/241 408/556/241 415/551/241
f 408/556/241 407/557/241 415/551/241
f 407/557/241 406/558/241 415/551/241
f 406/558/241 405/559/241 415/551/241
f 405/559/241 404/560/241 415/551/241
f 404/560/241 403/561/241 415/551/241
f 415/551/241 403/561/241 416/562/241
f 403/561/241 402/563/241 416/562/241
f 402/563/241 401/564/241 416/562/241
f 401/564/241 400/565/241 416/562/241
f 400/565/241 399/566/241 416/562/241
f 399/566/241 398/567/241 416/562/241
f 417/548/241 416/562/241 398/567/241
f 397/546/241 417/548/241 398/567/241
f 378/568/241 377/569/241 446/570/241
f 417/548/241 396/547/241 418/571/241
f 396/547/241 395/572/241 418/571/241
f 395/572/241 394/573/241 418/571/241
f 419/574/241 418/571/241 394/573/241
f 394/573/241 393/575/241 419/574/241
f 393/575/241 392/576/241 419/574/241
f 420/577/241 419/574/241 392/576/241
f 392/576/241 391/578/241 420/577/241
f 421/541/241 420/577/241 391/578/241
f 390/536/241 421/541/241 391/578/241
f 439/534/241 390/536/241 389/579/241
f 389/579/241 388/580/241 439/534/241
f 440/581/241 439/534/241 388/580/241
f 388/580/241 387/582/241 440/581/241
f 387/582/241 386/583/241 440/581/241
f 441/584/241 440/581/241 386/583/241
f 386/583/241 385/585/241 441/584/241
f 442/586/241 441/584/241 385/585/241
f 385/585/241 384/587/241 442/586/241
f 384/587/241 383/588/241 442/586/241
f 443/589/241 442/586/241 383/588/241
f 383/588/241 382/590/241 443/589/241
f 382/590/241 381/591/241 443/589/241
f 444/592/241 443/589/241 381/591/241
f 381/591/241 380/593/241 444/592/241
f 445/594/241 444/592/241 380/593/241
f 380/593/241 379/595/241 445/594/241
f 379/595/241 378/568/241 445/594/241
f 378/568/241 446/570/241 445/594/241
f 446/570/241 377/569/241 447/596/241
f 377/569/241 376/597/241 447/596/241
f 448/598/241 447/596/241 376/597/241
f 376/597/241 375/599/241 448/598/241
f 449/600/241 448/598/241 375/599/241
f 375/599/241 374/601/241 449/600/241
f 450/602/241 449/600/241 374/601/241
f 374/601/241 373/603/241 450/602/241
f 451/604/241 450/602/241 373/603/241
f 373/603/241 372/605/241 451/604/241
f 452/606/241 451/604/241 372/605/241
f 372/605/241 371/607/241 452/606/241
f 453/538/241 452/606/241 371/607/241
f 370/539/241 453/538/241 371/607/241
f 462/567/241 461/509/241 464/514/241
f 464/514/241 463/517/241 462/567/241
f 469/506/241 468/512/241 467/513/241
f 470/505/241 469/506/241 467/513/241
f 467/513/241 472/510/241 470/505/241
f 472/510/241 471/511/241 470/505/241
f 466/508/241 465/509/241 476/514/241
f 473/504/241 466/508/241 476/514/241
f 476/514/241 475/515/241 473/504/241
f 475/515/241 474/507/241 473/504/241
f 472/510/241 467/513/241 466/508/241
f 466/508/241 473/504/241 472/510/241
f 532/514/241 501/608/241 500/609/241
f 503/610/241 502/505/241 501/608/241
f 501/608/241 532/514/241 503/610/241
f 504/611/241 503/610/241 532/514/241
f 532/514/241 531/612/241 504/611/241
f 499/613/241 508/614/241 507/511/241
f 499/613/241 507/511/241 506/615/241
f 505/616/241 530/617/241 529/618/241
f 499/613/241 506/615/241 500/609/241
f 532/514/241 500/609/241 506/615/241
f 530/617/241 505/616/241 531/612/241
f 504/611/241 531/612/241 505/616/241
f 527/515/241 478/619/241 528/620/241
f 477/509/241 528/620/241 478/619/241
f 509/621/241 498/622/241 497/506/241
f 510/623/241 509/621/241 497/506/241
f 508/614/241 499/613/241 498/622/241
f 498/622/241 509/621/241 508/614/241
f 528/620/241 477/509/241 529/618/241
f 505/616/241 529/618/241 477/509/241
f 493/624/241 492/512/241 514/625/241
f 515/626/241 514/625/241 492/512/241
f 492/512/241 491/627/241 515/626/241
f 516/628/241 515/626/241 491/627/241
f 491/627/241 490/629/241 516/628/241
f 490/629/241 489/630/241 516/628/241
f 517/504/241 516/628/241 489/630/241
f 489/630/241 488/631/241 517/504/241
f 518/632/241 517/504/241 488/631/241
f 488/631/241 487/513/241 518/632/241
f 519/633/241 518/632/241 487/513/241
f 520/634/241 519/633/241 487/513/241
f 487/513/241 486/635/241 520/634/241
f 521/636/241 520/634/241 486/635/241
f 486/635/241 485/637/241 521/636/241
f 522/507/241 521/636/241 485/637/241
f 485/637/241 484/638/241 522/507/241
f 484/638/241 483/639/241 522/507/241
f 523/640/241 522/507/241 483/639/241
f 483/639/241 482/508/241 523/640/241
f 510/623/241 497/506/241 496/641/241
f 511/642/241 510/623/241 496/641/241
f 496/641/241 495/643/241 511/642/241
f 512/510/241 511/642/241 495/643/241
f 495/643/241 494/644/241 512/510/241
f 513/645/241 512/510/241 494/644/241
f 494/644/241 493/624/241 513/645/241
f 493/624/241 514/625/241 513/645/241
f 523/640/241 482/508/241 524/646/241
f 482/508/241 481/647/241 524/646/241
f 525/648/241 524/646/241 481/647/241
f 481/647/241 480/649/241 525/648/241
f 526/650/241 525/648/241 480/649/241
f 480/649/241 479/651/241 526/650/241
f 527/515/241 526/650/241 479/651/241
f 478/619/241 527/515/241 479/651/241
f 588/514/241 557/608/241 556/609/241
f 559/610/241 558/505/241 557/608/241
f 557/608/241 588/514/241 559/610/241
f 560/611/241 559/610/241 588/514/241
f 588/514/241 587/612/241 560/611/241
f 555/613/241 564/614/241 563/511/241
f 555/613/241 563/511/241 562/615/241
f 561/616/241 586/617/241 585/618/241
f 555/613/241 562/615/241 556/609/241
f 588/514/241 556/609/241 562/615/241
f 586/617/241 561/616/241 587/612/241
f 560/611/241 587/612/241 561/616/241
f 583/515/241 534/619/241 584/620/241
f 533/509/241 584/620/241 534/619/241
f 565/621/241 554/622/241 553/506/241
f 566/623/241 565/621/241 553/506/241
f 564/614/241 555/613/241 554/622/241
f 554/622/241 565/621/241 564/614/241
f 584/620/241 533/509/241 585/618/241
f 561/616/241 585/618/241 533/509/241
f 549/624/241 548/512/241 570/625/241
f 571/626/241 570/625/241 548/512/241
f 548/512/241 547/627/241 571/626/241
f 572/628/241 571/626/241 547/627/241
f 547/627/241 546/629/241 572/628/241
f 546/629/241 545/630/241 572/628/241
f 573/504/241 572/628/241 545/630/241
f 545/630/241 544/631/241 573/504/241
f 574/632/241 573/504/241 544/631/241
f 544/631/241 543/513/241 574/632/241
f 575/633/241 574/632/241 543/513/241
f 576/634/241 575/633/241 543/513/241
f 543/513/241 542/635/241 576/634/241
f 577/636/241 576/634/241 542/635/241
f 542/635/241 541/637/241 577/636/241
f 578/507/241 577/636/241 541/637/241
f 541/637/241 540/638/241 578/507/241
f 540/638/241 539/639/241 578/507/241
f 579/640/241 578/507/241 539/639/241
f 539/639/241 538/508/241 579/640/241
f 566/623/241 553/506/241 552/641/241
f 567/642/241 566/623/241 552/641/241
f 552/641/241 551/643/241 567/642/241
f 568/510/241 567/642/241 551/643/241
f 551/643/241 550/644/241 568/510/241
f 569/645/241 568/510/241 550/644/241
f 550/644/241 549/624/241 569/645/241
f 549/624/241 570/625/241 569/645/241
f 579/640/241 538/508/241 580/646/241
f 538/508/241 537/647/241 580/646/241
f 581/648/241 580/646/241 537/647/241
f 537/647/241 536/649/241 581/648/241
f 582/650/241 581/648/241 536/649/241
f 536/649/241 535/651/241 582/650/241
f 583/515/241 582/650/241 535/651/241
f 534/619/241 583/515/241 535/651/241
f 593/613/241 592/652/241 591/631/241
f 591/631/241 599/514/241 593/613/241
f 599/514/241 594/653/241 593/613/241
f 595/623/241 598/654/241 597/636/241
f 590/655/241 589/509/241 596/656/241
f 590/655/241 596/656/241 597/636/241
f 595/623/241 597/636/241 596/656/241
f 590/655/241 597/636/241 591/631/241
f 599/514/241 591/631/241 597/636/241
f 594/653/241 599/514/241 598/654/241
f 598/654/241 595/623/241 594/653/241
f 663/657/241 662/658/241 659/659/241
f 662/658/241 661/660/241 659/659/241
f 660/661/241 659/659/241 661/660/241
f 656/662/241 655/505/241 666/511/241
f 656/662/241 666/511/241 657/663/241
f 666/511/241 665/664/241 657/663/241
f 658/665/241 657/663/241 665/664/241
f 665/664/241 664/666/241 658/665/241
f 659/659/241 658/665/241 664/666/241
f 663/657/241 659/659/241 664/666/241
f 695/667/241 694/668/241 624/669/241
f 696/670/241 695/667/241 624/669/241
f 624/669/241 623/671/241 696/670/241
f 697/672/241 696/670/241 623/671/241
f 623/671/241 622/513/241 697/672/241
f 698/673/241 697/672/241 622/513/241
f 622/513/241 621/674/241 698/673/241
f 699/507/241 698/673/241 621/674/241
f 651/675/241 669/676/241 652/677/241
f 649/678/241 671/679/241 650/680/241
f 671/679/241 670/681/241 650/680/241
f 647/682/241 672/683/241 648/684/241
f 707/685/241 613/686/241 612/687/241
f 671/679/241 649/678/241 648/684/241
f 648/684/241 672/683/241 671/679/241
f 706/688/241 614/689/241 613/686/241
f 613/686/241 707/685/241 706/688/241
f 650/680/241 670/681/241 651/675/241
f 669/676/241 651/675/241 670/681/241
f 690/690/241 627/691/241 691/692/241
f 626/693/241 691/692/241 627/691/241
f 704/694/241 616/695/241 615/696/241
f 705/697/241 704/694/241 615/696/241
f 615/696/241 614/689/241 705/697/241
f 614/689/241 706/688/241 705/697/241
f 652/677/241 669/676/241 653/698/241
f 669/676/241 668/699/241 653/698/241
f 654/700/241 653/698/241 668/699/241
f 668/699/241 667/701/241 654/700/241
f 655/505/241 654/700/241 667/701/241
f 666/511/241 655/505/241 667/701/241
f 691/692/241 626/693/241 692/702/241
f 693/703/241 692/702/241 626/693/241
f 626/693/241 625/704/241 693/703/241
f 694/668/241 693/703/241 625/704/241
f 624/669/241 694/668/241 625/704/241
f 699/507/241 621/674/241 620/705/241
f 700/706/241 699/507/241 620/705/241
f 620/705/241 619/707/241 700/706/241
f 701/708/241 700/706/241 619/707/241
f 619/707/241 618/709/241 701/708/241
f 702/710/241 701/708/241 618/709/241
f 618/709/241 617/711/241 702/710/241
f 703/712/241 702/710/241 617/711/241
f 617/711/241 616/695/241 703/712/241
f 616/695/241 704/694/241 703/712/241
f 610/713/241 708/714/241 611/508/241
f 609/715/241 710/515/241 709/716/241
f 608/717/241 711/718/241 609/715/241
f 710/515/241 609/715/241 711/718/241
f 674/719/241 673/720/241 646/721/241
f 609/715/241 709/716/241 610/713/241
f 708/714/241 610/713/241 709/716/241
f 712/722/241 607/723/241 713/724/241
f 674/719/241 646/721/241 645/725/241
f 675/726/241 674/719/241 645/725/241
f 645/725/241 644/506/241 675/726/241
f 644/506/241 676/727/241 675/726/241
f 629/728/241 688/504/241 630/729/241
f 607/723/241 712/722/241 608/717/241
f 711/718/241 608/717/241 712/722/241
f 600/509/241 721/514/241 720/730/241
f 601/731/241 600/509/241 720/730/241
f 639/732/241 638/733/241 681/734/241
f 682/735/241 681/734/241 638/733/241
f 638/733/241 637/736/241 682/735/241
f 683/737/241 682/735/241 637/736/241
f 637/736/241 636/738/241 683/737/241
f 684/739/241 683/737/241 636/738/241
f 636/738/241 635/740/241 684/739/241
f 685/741/241 684/739/241 635/740/241
f 635/740/241 634/742/241 685/741/241
f 634/742/241 633/512/241 685/741/241
f 601/731/241 720/730/241 602/743/241
f 603/744/241 602/743/241 720/730/241
f 720/730/241 719/745/241 603/744/241
f 719/745/241 718/746/241 603/744/241
f 604/747/241 603/744/241 718/746/241
f 717/748/241 604/747/241 718/746/241
f 676/727/241 644/506/241 643/749/241
f 677/510/241 676/727/241 643/749/241
f 643/749/241 642/750/241 677/510/241
f 678/751/241 677/510/241 642/750/241
f 642/750/241 641/752/241 678/751/241
f 679/753/241 678/751/241 641/752/241
f 641/752/241 640/754/241 679/753/241
f 680/755/241 679/753/241 640/754/241
f 640/754/241 639/732/241 680/755/241
f 639/732/241 681/734/241 680/755/241
f 685/741/241 633/512/241 686/756/241
f 633/512/241 632/757/241 686/756/241
f 687/758/241 686/756/241 632/757/241
f 632/757/241 631/759/241 687/758/241
f 688/504/241 687/758/241 631/759/241
f 630/729/241 688/504/241 631/759/241
f 604/747/241 717/748/241 605/760/241
f 717/748/241 716/761/241 605/760/241
f 716/761/241 715/762/241 605/760/241
f 606/763/241 605/760/241 715/762/241
f 715/762/241 714/764/241 606/763/241
f 607/723/241 606/763/241 714/764/241
f 713/724/241 607/723/241 714/764/241
f 646/721/241 673/720/241 647/682/241
f 672/683/241 647/682/241 673/720/241
f 688/504/241 629/728/241 689/765/241
f 629/728/241 628/766/241 689/765/241
f 690/690/241 689/765/241 628/766/241
f 627/691/241 690/690/241 628/766/241
f 707/685/241 612/687/241 611/508/241
f 611/508/241 708/714/241 707/685/241
f 730/504/242 726/506/242 727/505/242
f 731/507/242 726/506/242 730/504/242
f 726/506/242 731/507/242 723/508/242
f 723/508/242 731/507/242 722/509/242
f 727/505/242 729/510/242 730/504/242
f 729/510/242 727/505/242 728/511/242
f 723/508/242 725/512/242 726/506/242
f 725/512/242 723/508/242 724/513/242
f 733/514/242 722/509/242 732/515/242
f 731/507/242 732/515/242 722/509/242
f 797/516/242 798/518/242 796/517/242
f 796/517/242 798/518/242 827/514/242
f 799/519/242 827/514/242 798/518/242
f 793/520/242 794/522/242 801/521/242
f 795/523/242 801/521/242 794/522/242
f 827/514/242 795/523/242 796/517/242
f 795/523/242 827/514/242 801/521/242
f 799/519/242 826/524/242 827/514/242
f 791/525/242 792/527/242 802/526/242
f 791/525/242 803/529/242 790/528/242
f 802/526/242 803/529/242 791/525/242
f 823/530/242 824/531/242 734/509/242
f 800/532/242 734/509/242 824/531/242
f 792/527/242 793/520/242 802/526/242
f 801/521/242 802/526/242 793/520/242
f 824/531/242 825/533/242 800/532/242
f 826/524/242 800/532/242 825/533/242
f 799/519/242 800/532/242 826/524/242
f 806/534/242 757/536/242 805/535/242
f 821/537/242 737/539/242 820/538/242
f 736/540/242 737/539/242 821/537/242
f 788/541/242 789/542/242 757/536/242
f 790/528/242 757/536/242 789/542/242
f 803/529/242 757/536/242 790/528/242
f 804/543/242 757/536/242 803/529/242
f 757/536/242 804/543/242 805/535/242
f 821/537/242 822/544/242 736/540/242
f 736/540/242 822/544/242 735/545/242
f 823/530/242 735/545/242 822/544/242
f 734/509/242 735/545/242 823/530/242
f 764/546/242 784/548/242 763/547/242
f 781/549/242 782/551/242 780/550/242
f 780/550/242 782/551/242 779/552/242
f 779/552/242 782/551/242 778/553/242
f 778/553/242 782/551/242 777/554/242
f 777/554/242 782/551/242 776/555/242
f 776/555/242 782/551/242 775/556/242
f 775/556/242 782/551/242 774/557/242
f 774/557/242 782/551/242 773/558/242
f 773/558/242 782/551/242 772/559/242
f 772/559/242 782/551/242 771/560/242
f 771/560/242 782/551/242 770/561/242
f 782/551/242 783/562/242 770/561/242
f 770/561/242 783/562/242 769/563/242
f 769/563/242 783/562/242 768/564/242
f 768/564/242 783/562/242 767/565/242
f 767/565/242 783/562/242 766/566/242
f 766/566/242 783/562/242 765/567/242
f 784/548/242 765/567/242 783/562/242
f 764/546/242 765/567/242 784/548/242
f 745/568/242 813/570/242 744/569/242
f 784/548/242 785/571/242 763/547/242
f 763/547/242 785/571/242 762/572/242
f 762/572/242 785/571/242 761/573/242
f 786/574/242 761/573/242 785/571/242
f 761/573/242 786/574/242 760/575/242
f 760/575/242 786/574/242 759/576/242
f 787/577/242 759/576/242 786/574/242
f 759/576/242 787/577/242 758/578/242
f 788/541/242 758/578/242 787/577/242
f 757/536/242 758/578/242 788/541/242
f 806/534/242 756/579/242 757/536/242
f 756/579/242 806/534/242 755/580/242
f 807/581/242 755/580/242 806/534/242
f 755/580/242 807/581/242 754/582/242
f 754/582/242 807/581/242 753/583/242
f 808/584/242 753/583/242 807/581/242
f 753/583/242 808/584/242 752/585/242
f 809/586/242 752/585/242 808/584/242
f 752/585/242 809/586/242 751/587/242
f 751/587/242 809/586/242 750/588/242
f 810/589/242 750/588/242 809/586/242
f 750/588/242 810/589/242 749/590/242
f 749/590/242 810/589/242 748/591/242
f 811/592/242 748/591/242 810/589/242
f 748/591/242 811/592/242 747/593/242
f 812/594/242 747/593/242 811/592/242
f 747/593/242 812/594/242 746/595/242
f 746/595/242 812/594/242 745/568/242
f 745/568/242 812/594/242 813/570/242
f 813/570/242 814/596/242 744/569/242
f 744/569/242 814/596/242 743/597/242
f 815/598/242 743/597/242 814/596/242
f 743/597/242 815/598/242 742/599/242
f 816/600/242 742/599/242 815/598/242
f 742/599/242 816/600/242 741/601/242
f 817/602/242 741/601/242 816/600/242
f 741/601/242 817/602/242 740/603/242
f 818/604/242 740/603/242 817/602/242
f 740/603/242 818/604/242 739/605/242
f 819/606/242 739/605/242 818/604/242
f 739/605/242 819/606/242 738/607/242
f 820/538/242 738/607/242 819/606/242
f 737/539/242 738/607/242 820/538/242
f 829/567/242 831/514/242 828/509/242
f 831/514/242 829/567/242 830/517/242
f 836/506/242 834/513/242 835/512/242
f 837/505/242 834/513/242 836/506/242
f 834/513/242 837/505/242 839/510/242
f 839/510/242 837/505/242 838/511/242
f 833/508/242 843/514/242 832/509/242
f 840/504/242 843/514/242 833/508/242
f 843/514/242 840/504/242 842/515/242
f 842/515/242 840/504/242 841/507/242
f 839/510/242 833/508/242 834/513/242
f 833/508/242 839/510/242 840/504/242
f 899/514/242 867/609/242 868/608/242
f 870/610/242 868/608/242 869/505/242
f 868/608/242 870/610/242 899/514/242
f 871/611/242 899/514/242 870/610/242
f 899/514/242 871/611/242 898/612/242
f 866/613/242 874/511/242 875/614/242
f 866/613/242 873/615/242 874/511/242
f 872/616/242 896/618/242 897/617/242
f 866/613/242 867/609/242 873/615/242
f 899/514/242 873/615/242 867/609/242
f 897/617/242 898/612/242 872/616/242
f 871/611/242 872/616/242 898/612/242
f 894/515/242 895/620/242 845/619/242
f 844/509/242 845/619/242 895/620/242
f 876/621/242 864/506/242 865/622/242
f 877/623/242 864/506/242 876/621/242
f 875/614/242 865/622/242 866/613/242
f 865/622/242 875/614/242 876/621/242
f 895/620/242 896/618/242 844/509/242
f 872/616/242 844/509/242 896/618/242
f 860/624/242 881/625/242 859/512/242
f 882/626/242 859/512/242 881/625/242
f 859/512/242 882/626/242 858/627/242
f 883/628/242 858/627/242 882/626/242
f 858/627/242 883/628/242 857/629/242
f 857/629/242 883/628/242 856/630/242
f 884/504/242 856/630/242 883/628/242
f 856/630/242 884/504/242 855/631/242
f 885/632/242 855/631/242 884/504/242
f 855/631/242 885/632/242 854/513/242
f 886/633/242 854/513/242 885/632/242
f 887/634/242 854/513/242 886/633/242
f 854/513/242 887/634/242 853/635/242
f 888/636/242 853/635/242 887/634/242
f 853/635/242 888/636/242 852/637/242
f 889/507/242 852/637/242 888/636/242
f 852/637/242 889/507/242 851/638/242
f 851/638/242 889/507/242 850/639/242
f 890/640/242 850/639/242 889/507/242
f 850/639/242 890/640/242 849/508/242
f 877/623/242 863/641/242 864/506/242
f 878/642/242 863/641/242 877/623/242
f 863/641/242 878/642/242 862/643/242
f 879/510/242 862/643/242 878/642/242
f 862/643/242 879/510/242 861/644/242
f 880/645/242 861/644/242 879/510/242
f 861/644/242 880/645/242 860/624/242
f 860/624/242 880/645/242 881/625/242
f 890/640/242 891/646/242 849/508/242
f 849/508/242 891/646/242 848/647/242
f 892/648/242 848/647/242 891/646/242
f 848/647/242 892/648/242 847/649/242
f 893/650/242 847/649/242 892/648/242
f 847/649/242 893/650/242 846/651/242
f 894/515/242 846/651/242 893/650/242
f 845/619/242 846/651/242 894/515/242
f 955/514/242 923/609/242 924/608/242
f 926/610/242 924/608/242 925/505/242
f 924/608/242 926/610/242 955/514/242
f 927/611/242 955/514/242 926/610/242
f 955/514/242 927/611/242 954/612/242
f 922/613/242 930/511/242 931/614/242
f 922/613/242 929/615/242 930/511/242
f 928/616/242 952/618/242 953/617/242
f 922/613/242 923/609/242 929/615/242
f 955/514/242 929/615/242 923/609/242
f 953/617/242 954/612/242 928/616/242
f 927/611/242 928/616/242 954/612/242
f 950/515/242 951/620/242 901/619/242
f 900/509/242 901/619/242 951/620/242
f 932/621/242 920/506/242 921/622/242
f 933/623/242 920/506/242 932/621/242
f 931/614/242 921/622/242 922/613/242
f 921/622/242 931/614/242 932/621/242
f 951/620/242 952/618/242 900/509/242
f 928/616/242 900/509/242 952/618/242
f 916/624/242 937/625/242 915/512/242
f 938/626/242 915/512/242 937/625/242
f 915/512/242 938/626/242 914/627/242
f 939/628/242 914/627/242 938/626/242
f 914/627/242 939/628/242 913/629/242
f 913/629/242 939/628/242 912/630/242
f 940/504/242 912/630/242 939/628/242
f 912/630/242 940/504/242 911/631/242
f 941/632/242 911/631/242 940/504/242
f 911/631/242 941/632/242 910/513/242
f 942/633/242 910/513/242 941/632/242
f 943/634/242 910/513/242 942/633/242
f 910/513/242 943/634/242 909/635/242
f 944/636/242 909/635/242 943/634/242
f 909/635/242 944/636/242 908/637/242
f 945/507/242 908/637/242 944/636/242
f 908/637/242 945/507/242 907/638/242
f 907/638/242 945/507/242 906/639/242
f 946/640/242 906/639/242 945/507/242
f 906/639/242 946/640/242 905/508/242
f 933/623/242 919/641/242 920/506/242
f 934/642/242 919/641/242 933/623/242
f 919/641/242 934/642/242 918/643/242
f 935/510/242 918/643/242 934/642/242
f 918/643/242 935/510/242 917/644/242
f 936/645/242 917/644/242 935/510/242
f 917/644/242 936/645/242 916/624/242
f 916/624/242 936/645/242 937/625/242
f 946/640/242 947/646/242 905/508/242
f 905/508/242 947/646/242 904/647/242
f 948/648/242 904/647/242 947/646/242
f 904/647/242 948/648/242 903/649/242
f 949/650/242 903/649/242 948/648/242
f 903/649/242 949/650/242 902/651/242
f 950/515/242 902/651/242 949/650/242
f 901/619/242 902/651/242 950/515/242
f 960/613/242 958/631/242 959/652/242
f 958/631/242 960/613/242 966/514/242
f 966/514/242 960/613/242 961/653/242
f 962/623/242 964/636/242 965/654/242
f 957/655/242 963/656/242 956/509/242
f 957/655/242 964/636/242 963/656/242
f 962/623/242 963/656/242 964/636/242
f 957/655/242 958/631/242 964/636/242
f 966/514/242 964/636/242 958/631/242
f 961/653/242 965/654/242 966/514/242
f 965/654/242 961/653/242 962/623/242
f 1030/657/242 1026/659/242 1029/658/242
f 1029/658/242 1026/659/242 1028/660/242
f 1027/661/242 1028/660/242 1026/659/242
f 1023/662/242 1033/511/242 1022/505/242
f 1023/662/242 1024/663/242 1033/511/242
f 1033/511/242 1024/663/242 1032/664/242
f 1025/665/242 1032/664/242 1024/663/242
f 1032/664/242 1025/665/242 1031/666/242
f 1026/659/242 1031/666/242 1025/665/242
f 1030/657/242 1031/666/242 1026/659/242
f 1062/667/242 991/669/242 1061/668/242
f 1063/670/242 991/669/242 1062/667/242
f 991/669/242 1063/670/242 990/671/242
f 1064/672/242 990/671/242 1063/670/242
f 990/671/242 1064/672/242 989/513/242
f 1065/673/242 989/513/242 1064/672/242
f 989/513/242 1065/673/242 988/674/242
f 1066/507/242 988/674/242 1065/673/242
f 1018/675/242 1019/677/242 1036/676/242
f 1016/678/242 1017/680/242 1038/679/242
f 1038/679/242 1017/680/242 1037/681/242
f 1014/682/242 1015/684/242 1039/683/242
f 1074/685/242 979/687/242 980/686/242
f 1038/679/242 1015/684/242 1016/678/242
f 1015/684/242 1038/679/242 1039/683/242
f 1073/688/242 980/686/242 981/689/242
f 980/686/242 1073/688/242 1074/685/242
f 1017/680/242 1018/675/242 1037/681/242
f 1036/676/242 1037/681/242 1018/675/242
f 1057/690/242 1058/692/242 994/691/242
f 993/693/242 994/691/242 1058/692/242
f 1071/694/242 982/696/242 983/695/242
f 1072/697/242 982/696/242 1071/694/242
f 982/696/242 1072/697/242 981/689/242
f 981/689/242 1072/697/242 1073/688/242
f 1019/677/242 1020/698/242 1036/676/242
f 1036/676/242 1020/698/242 1035/699/242
f 1021/700/242 1035/699/242 1020/698/242
f 1035/699/242 1021/700/242 1034/701/242
f 1022/505/242 1034/701/242 1021/700/242
f 1033/511/242 1034/701/242 1022/505/242
f 1058/692/242 1059/702/242 993/693/242
f 1060/703/242 993/693/242 1059/702/242
f 993/693/242 1060/703/242 992/704/242
f 1061/668/242 992/704/242 1060/703/242
f 991/669/242 992/704/242 1061/668/242
f 1066/507/242 987/705/242 988/674/242
f 1067/706/242 987/705/242 1066/507/242
f 987/705/242 1067/706/242 986/707/242
f 1068/708/242 986/707/242 1067/706/242
f 986/707/242 1068/708/242 985/709/242
f 1069/710/242 985/709/242 1068/708/242
f 985/709/242 1069/710/242 984/711/242
f 1070/712/242 984/711/242 1069/710/242
f 984/711/242 1070/712/242 983/695/242
f 983/695/242 1070/712/242 1071/694/242
f 977/713/242 978/508/242 1075/714/242
f 976/715/242 1076/716/242 1077/515/242
f 975/717/242 976/715/242 1078/718/242
f 1077/515/242 1078/718/242 976/715/242
f 1041/719/242 1013/721/242 1040/720/242
f 976/715/242 977/713/242 1076/716/242
f 1075/714/242 1076/716/242 977/713/242
f 1079/722/242 1080/724/242 974/723/242
f 1041/719/242 1012/725/242 1013/721/242
f 1042/726/242 1012/725/242 1041/719/242
f 1012/725/242 1042/726/242 1011/506/242
f 1011/506/242 1042/726/242 1043/727/242
f 996/728/242 997/729/242 1055/504/242
f 974/723/242 975/717/242 1079/722/242
f 1078/718/242 1079/722/242 975/717/242
f 967/509/242 1087/730/242 1088/514/242
f 968/731/242 1087/730/242 967/509/242
f 1006/732/242 1048/734/242 1005/733/242
f 1049/735/242 1005/733/242 1048/734/242
f 1005/733/242 1049/735/242 1004/736/242
f 1050/737/242 1004/736/242 1049/735/242
f 1004/736/242 1050/737/242 1003/738/242
f 1051/739/242 1003/738/242 1050/737/242
f 1003/738/242 1051/739/242 1002/740/242
f 1052/741/242 1002/740/242 1051/739/242
f 1002/740/242 1052/741/242 1001/742/242
f 1001/742/242 1052/741/242 1000/512/242
f 968/731/242 969/743/242 1087/730/242
f 970/744/242 1087/730/242 969/743/242
f 1087/730/242 970/744/242 1086/745/242
f 1086/745/242 970/744/242 1085/746/242
f 971/747/242 1085/746/242 970/744/242
f 1084/748/242 1085/746/242 971/747/242
f 1043/727/242 1010/749/242 1011/506/242
f 1044/510/242 1010/749/242 1043/727/242
f 1010/749/242 1044/510/242 1009/750/242
f 1045/751/242 1009/750/242 1044/510/242
f 1009/750/242 1045/751/242 1008/752/242
f 1046/753/242 1008/752/242 1045/751/242
f 1008/752/242 1046/753/242 1007/754/242
f 1047/755/242 1007/754/242 1046/753/242
f 1007/754/242 1047/755/242 1006/732/242
f 1006/732/242 1047/755/242 1048/734/242
f 1052/741/242 1053/756/242 1000/512/242
f 1000/512/242 1053/756/242 999/757/242
f 1054/758/242 999/757/242 1053/756/242
f 999/757/242 1054/758/242 998/759/242
f 1055/504/242 998/759/242 1054/758/242
f 997/729/242 998/759/242 1055/504/242
f 971/747/242 972/760/242 1084/748/242
f 1084/748/242 972/760/242 1083/761/242
f 1083/761/242 972/760/242 1082/762/242
f 973/763/242 1082/762/242 972/760/242
f 1082/762/242 973/763/242 1081/764/242
f 974/723/242 1081/764/242 973/763/242
f 1080/724/242 1081/764/242 974/723/242
f 1013/721/242 1014/682/242 1040/720/242
f 1039/683/242 1040/720/242 1014/682/242
f 1055/504/242 1056/765/242 996/728/242
f 996/728/242 1056/765/242 995/766/242
f 1057/690/242 995/766/242 1056/765/242
f 994/691/242 995/766/242 1057/690/242
f 1074/685/242 978/508/242 979/687/242
f 978/508/242 1074/685/242 1075/714/242
s 1
f 1090/767/243 1102/768/244 1101/769/245 1089/509/246
f 1091/770/247 1103/771/248 1102/768/244 1090/767/243
f 1092/772/249 1104/773/250 1103/771/248 1091/770/247
f 1093/774/251 1105/775/252 1104/773/250 1092/772/249
f 1094/776/253 1106/777/254 1105/775/252 1093/774/251
f 1095/778/255 1107/779/256 1106/777/254 1094/776/253
f 1096/780/257 1108/781/258 1107/779/256 1095/778/255
f 1097/782/259 1109/783/260 1108/781/258 1096/780/257
f 1098/784/261 1110/785/262 1109/783/260 1097/782/259
f 1099/786/263 1111/787/264 1110/785/262 1098/784/261
f 1100/788/265 1112/789/266 1111/787/264 1099/786/263
f 1102/768/244 1114/790/267 1113/791/268 1101/769/245
f 1103/771/248 1115/792/269 1114/790/267 1102/768/244
f 1104/773/250 1116/793/270 1115/792/269 1103/771/248
f 1105/775/252 1117/794/271 1116/793/270 1104/773/250
f 1106/777/254 1118/795/272 1117/794/271 1105/775/252
f 1107/779/256 1119/796/273 1118/795/272 1106/777/254
f 1108/781/258 1120/797/274 1119/796/273 1107/779/256
f 1109/783/260 1121/798/275 1120/797/274 1108/781/258
f 1110/785/262 1122/799/276 1121/798/275 1109/783/260
f 1111/787/264 1123/800/277 1122/799/276 1110/785/262
f 1112/789/266 1124/801/278 1123/800/277 1111/787/264
f 1114/790/267 1126/802/279 1125/803/280 1113/791/268
f 1115/792/269 1127/804/281 1126/802/279 1114/790/267
f 1116/793/270 1128/805/282 1127/804/281 1115/792/269
f 1117/794/271 1129/806/283 1128/805/282 1116/793/270
f 1118/795/272 1130/807/284 1129/806/283 1117/794/271
f 1119/796/273 1131/808/285 1130/807/284 1118/795/272
f 1120/797/274 1132/809/286 1131/808/285 1119/796/273
f 1121/798/275 1133/810/287 1132/809/286 1120/797/274
f 1122/799/276 1134/811/288 1133/810/287 1121/798/275
f 1123/800/277 1135/812/289 1134/811/288 1122/799/276
f 1124/801/278 1136/813/290 1135/812/289 1123/800/277
f 1126/802/279 1138/814/291 1137/815/292 1125/803/280
f 1127/804/281 1139/816/293 1138/814/291 1126/802/279
f 1128/805/282 1140/817/294 1139/816/293 1127/804/281
f 1129/806/283 1141/818/295 1140/817/294 1128/805/282
f 1130/807/284 1142/819/296 1141/818/295 1129/806/283
f 1131/808/285 1143/820/297 1142/819/296 1130/807/284
f 1132/809/286 1144/821/298 1143/820/297 1131/808/285
f 1133/810/287 1145/822/299 1144/821/298 1132/809/286
f 1134/811/288 1146/823/300 1145/822/299 1133/810/287
f 1135/812/289 1147/824/301 1146/823/300 1134/811/288
f 1136/813/290 1148/825/302 1147/824/301 1135/812/289
f 1138/814/291 1150/826/303 1149/827/304 1137/815/292
f 1139/816/293 1151/828/305 1150/826/303 1138/814/291
f 1140/817/294 1152/829/306 1151/828/305 1139/816/293
f 1141/818/295 1153/830/307 1152/829/306 1140/817/294
f 1142/819/296 1154/831/308 1153/830/307 1141/818/295
f 1143/820/297 1155/832/309 1154/831/308 1142/819/296
f 1144/821/298 1156/833/310 1155/832/309 1143/820/297
f 1145/822/299 1157/834/311 1156/833/310 1144/821/298
f 1146/823/300 1158/835/312 1157/834/311 1145/822/299
f 1147/824/301 1159/836/313 1158/835/312 1146/823/300
f 1148/825/302 1160/837/314 1159/836/313 1147/824/301
f 1150/826/303 1162/838/315 1161/839/316 1149/827/304
f 1151/828/305 1163/840/317 1162/838/315 1150/826/303
f 1152/829/306 1164/841/318 1163/840/317 1151/828/305
f 1153/830/307 1165/842/319 1164/841/318 1152/829/306
f 1154/831/308 1166/843/320 1165/842/319 1153/830/307
f 1155/832/309 1167/844/321 1166/843/320 1154/831/308
f 1156/833/310 1168/845/322 1167/844/321 1155/832/309
f 1157/834/311 1169/846/323 1168/845/322 1156/833/310
f 1158/835/312 1170/847/324 1169/846/323 1157/834/311
f 1159/836/313 1171/848/325 1170/847/324 1158/835/312
f 1160/837/314 1172/849/326 1171/848/325 1159/836/313
f 1162/838/315 1174/850/327 1173/851/328 1161/839/316
f 1163/840/317 1175/852/329 1174/850/327 1162/838/315
f 1164/841/318 1176/853/330 1175/852/329 1163/840/317
f 1165/842/319 1177/854/331 1176/853/330 1164/841/318
f 1166/843/320 1178/855/332 1177/854/331 1165/842/319
f 1167/844/321 1179/856/333 1178/855/332 1166/843/320
f 1168/845/322 1180/857/334 1179/856/333 1167/844/321
f 1169/846/323 1181/858/335 1180/857/334 1168/845/322
f 1170/847/324 1182/859/336 1181/858/335 1169/846/323
f 1171/848/325 1183/860/337 1182/859/336 1170/847/324
f 1172/849/326 1184/861/338 1183/860/337 1171/848/325
f 1174/850/327 1186/862/339 1185/863/340 1173/851/328
f 1175/852/329 1187/864/341 1186/862/339 1174/850/327
f 1176/853/330 1188/865/342 1187/864/341 1175/852/329
f 1177/854/331 1189/866/343 1188/865/342 1176/853/330
f 1178/855/332 1190/867/344 1189/866/343 1177/854/331
f 1179/856/333 1191/868/345 1190/867/344 1178/855/332
f 1180/857/334 1192/869/346 1191/868/345 1179/856/333
f 1181/858/335 1193/870/347 1192/869/346 1180/857/334
f 1182/859/336 1194/871/348 1193/870/347 1181/858/335
f 1183/860/337 1195/872/349 1194/871/348 1182/859/336
f 1184/861/338 1196/873/350 1195/872/349 1183/860/337
f 1186/862/339 1198/874/351 1197/875/352 1185/863/340
f 1187/864/341 1199/876/353 1198/874/351 1186/862/339
f 1188/865/342 1200/877/354 1199/876/353 1187/864/341
f 1189/866/343 1201/878/355 1200/877/354 1188/865/342
f 1190/867/344 1202/879/356 1201/878/355 1189/866/343
f 1191/868/345 1203/880/357 1202/879/356 1190/867/344
f 1192/869/346 1204/881/358 1203/880/357 1191/868/345
f 1193/870/347 1205/882/359 1204/881/358 1192/869/346
f 1194/871/348 1206/883/360 1205/882/359 1193/870/347
f 1195/872/349 1207/884/361 1206/883/360 1194/871/348
f 1196/873/350 1208/885/362 1207/884/361 1195/872/349
f 1198/874/351 1210/886/363 1209/887/364 1197/875/352
f 1199/876/353 1211/888/365 1210/886/363 1198/874/351
f 1200/877/354 1212/889/366 1211/888/365 1199/876/353
f 1201/878/355 1213/890/367 1212/889/366 1200/877/354
f 1202/879/356 1214/891/368 1213/890/367 1201/878/355
f 1203/880/357 1215/892/369 1214/891/368 1202/879/356
f 1204/881/358 1216/893/370 1215/892/369 1203/880/357
f 1205/882/359 1217/894/371 1216/893/370 1204/881/358
f 1206/883/360 1218/895/372 1217/894/371 1205/882/359
f 1207/884/361 1219/896/373 1218/895/372 1206/883/360
f 1208/885/362 1220/897/374 1219/896/373 1207/884/361
f 1210/886/363 1222/898/375 1221/899/376 1209/887/364
f 1211/888/365 1223/900/377 1222/898/375 1210/886/363
f 1212/889/366 1224/901/378 1223/900/377 1211/888/365
f 1213/890/367 1225/902/379 1224/901/378 1212/889/366
f 1214/891/368 1226/903/380 1225/902/379 1213/890/367
f 1215/892/369 1227/904/381 1226/903/380 1214/891/368
f 1216/893/370 1228/905/382 1227/904/381 1215/892/369
f 1217/894/371 1229/906/383 1228/905/382 1216/893/370
f 1218/895/372 1230/907/384 1229/906/383 1217/894/371
f 1219/896/373 1231/908/385 1230/907/384 1218/895/372
f 1220/897/374 1232/909/386 1231/908/385 1219/896/373
f 1222/898/375 1234/910/387 1233/911/388 1221/899/376
f 1223/900/377 1235/912/389 1234/910/387 1222/898/375
f 1224/901/378 1236/913/390 1235/912/389 1223/900/377
f 1225/902/379 1237/914/391 1236/913/390 1224/901/378
f 1226/903/380 1238/915/392 1237/914/391 1225/902/379
f 1227/904/381 1239/916/393 1238/915/392 1226/903/380
f 1228/905/382 1240/917/394 1239/916/393 1227/904/381
f 1229/906/383 1241/918/395 1240/917/394 1228/905/382
f 1230/907/384 1242/919/396 1241/918/395 1229/906/383
f 1231/908/385 1243/920/397 1242/919/396 1230/907/384
f 1232/909/386 1244/921/398 1243/920/397 1231/908/385
f 1234/910/387 1246/922/399 1245/923/400 1233/911/388
f 1235/912/389 1247/924/401 1246/922/399 1234/910/387
f 1236/913/390 1248/925/402 1247/924/401 1235/912/389
f 1237/914/391 1249/926/403 1248/925/402 1236/913/390
f 1238/915/392 1250/927/404 1249/926/403 1237/914/391
f 1239/916/393 1251/928/405 1250/927/404 1238/915/392
f 1240/917/394 1252/929/406 1251/928/405 1239/916/393
f 1241/918/395 1253/930/407 1252/929/406 1240/917/394
f 1242/919/396 1254/931/408 1253/930/407 1241/918/395
f 1243/920/397 1255/932/409 1254/931/408 1242/919/396
f 1244/921/398 1256/933/410 1255/932/409 1243/920/397
f 1246/922/399 1258/934/411 1257/935/412 1245/923/400
f 1247/924/401 1259/936/413 1258/934/411 1246/922/399
f 1248/925/402 1260/937/414 1259/936/413 1247/924/401
f 1249/926/403 1261/938/415 1260/937/414 1248/925/402
f 1250/927/404 1262/939/416 1261/938/415 1249/926/403
f 1251/928/405 1263/940/417 1262/939/416 1250/927/404
f 1252/929/406 1264/941/418 1263/940/417 1251/928/405
f 1253/930/407 1265/942/419 1264/941/418 1252/929/406
f 1254/931/408 1266/943/420 1265/942/419 1253/930/407
f 1255/932/409 1267/944/421 1266/943/420 1254/931/408
f 1256/933/410 1268/945/422 1267/944/421 1255/932/409
f 1258/934/411 1270/946/423 1269/947/424 1257/935/412
f 1259/936/413 1271/948/425 1270/946/423 1258/934/411
f 1260/937/414 1272/949/426 1271/948/425 1259/936/413
f 1261/938/415 1273/950/427 1272/949/426 1260/937/414
f 1262/939/416 1274/951/428 1273/950/427 1261/938/415
f 1263/940/417 1275/952/429 1274/951/428 1262/939/416
f 1264/941/418 1276/953/430 1275/952/429 1263/940/417
f 1265/942/419 1277/954/431 1276/953/430 1264/941/418
f 1266/943/420 1278/955/432 1277/954/431 1265/942/419
f 1267/944/421 1279/956/433 1278/955/432 1266/943/420
f 1268/945/422 1280/957/434 1279/956/433 1267/944/421
f 1270/946/423 1282/958/435 1281/959/436 1269/947/424
f 1271/948/425 1283/960/437 1282/958/435 1270/946/423
f 1272/949/426 1284/961/438 1283/960/437 1271/948/425
f 1273/950/427 1285/962/439 1284/961/438 1272/949/426
f 1274/951/428 1286/963/440 1285/962/439 1273/950/427
f 1275/952/429 1287/964/441 1286/963/440 1274/951/428
f 1276/953/430 1288/965/442 1287/964/441 1275/952/429
f 1277/954/431 1289/966/443 1288/965/442 1276/953/430
f 1278/955/432 1290/967/444 1289/966/443 1277/954/431
f 1279/956/433 1291/968/445 1290/967/444 1278/955/432
f 1280/957/434 1292/969/446 1291/968/445 1279/956/433
f 1282/958/435 1294/970/447 1293/971/448 1281/959/436
f 1283/960/437 1295/972/449 1294/970/447 1282/958/435
f 1284/961/438 1296/973/450 1295/972/449 1283/960/437
f 1285/962/439 1297/974/451 1296/973/450 1284/961/438
f 1286/963/440 1298/975/452 1297/974/451 1285/962/439
f 1287/964/441 1299/976/453 1298/975/452 1286/963/440
f 1288/965/442 1300/977/454 1299/976/453 1287/964/441
f 1289/966/443 1301/978/455 1300/977/454 1288/965/442
f 1290/967/444 1302/979/456 1301/978/455 1289/966/443
f 1291/968/445 1303/980/457 1302/979/456 1290/967/444
f 1292/969/446 1304/981/458 1303/980/457 1291/968/445
f 1294/970/447 1306/982/459 1305/983/460 1293/971/448
f 1295/972/449 1307/984/461 1306/982/459 1294/970/447
f 1296/973/450 1308/985/462 1307/984/461 1295/972/449
f 1297/974/451 1309/986/463 1308/985/462 1296/973/450
f 1298/975/452 1310/987/464 1309/986/463 1297/974/451
f 1299/976/453 1311/988/465 1310/987/464 1298/975/452
f 1300/977/454 1312/989/466 1311/988/465 1299/976/453
f 1301/978/455 1313/990/467 1312/989/466 1300/977/454
f 1302/979/456 1314/991/468 1313/990/467 1301/978/455
f 1303/980/457 1315/992/469 1314/991/468 1302/979/456
f 1304/981/458 1316/993/470 1315/992/469 1303/980/457
f 1306/982/459 1318/994/471 1317/995/472 1305/983/460
f 1307/984/461 1319/996/473 1318/994/471 1306/982/459
f 1308/985/462 1320/997/474 1319/996/473 1307/984/461
f 1309/986/463 1321/998/475 1320/997/474 1308/985/462
f 1310/987/464 1322/999/476 1321/998/475 1309/986/463
f 1311/988/465 1323/1000/477 1322/999/476 1310/987/464
f 1312/989/466 1324/1001/478 1323/1000/477 1311/988/465
f 1313/990/467 1325/1002/479 1324/1001/478 1312/989/466
f 1314/991/468 1326/1003/480 1325/1002/479 1313/990/467
f 1315/992/469 1327/1004/481 1326/1003/480 1314/991/468
f 1316/993/470 1328/1005/482 1327/1004/481 1315/992/469
f 1318/994/471 1330/1006/483 1329/1007/484 1317/995/472
f 1319/996/473 1331/1008/485 1330/1006/483 1318/994/471
f 1320/997/474 1332/1009/486 1331/1008/485 1319/996/473
f 1321/998/475 1333/1010/487 1332/1009/486 1320/997/474
f 1322/999/476 1334/1011/488 1333/1010/487 1321/998/475
f 1323/1000/477 1335/1012/489 1334/1011/488 1322/999/476
f 1324/1001/478 1336/1013/490 1335/1012/489 1323/1000/477
f 1325/1002/479 1337/1014/491 1336/1013/490 1324/1001/478
f 1326/1003/480 1338/1015/492 1337/1014/491 1325/1002/479
f 1327/1004/481 1339/1016/493 1338/1015/492 1326/1003/480
f 1328/1005/482 1340/1017/494 1339/1016/493 1327/1004/481
f 1330/1006/483 1342/1018/495 1341/1019/496 1329/1007/484
f 1331/1008/485 1343/1020/497 1342/1018/495 1330/1006/483
f 1332/1009/486 1344/1021/498 1343/1020/497 1331/1008/485
f 1333/1010/487 1345/1022/499 1344/1021/498 1332/1009/486
f 1334/1011/488 1346/1023/500 1345/1022/499 1333/1010/487
f 1335/1012/489 1347/1024/501 1346/1023/500 1334/1011/488
f 1336/1013/490 1348/1025/502 1347/1024/501 1335/1012/489
f 1337/1014/491 1349/1026/503 1348/1025/502 1336/1013/490
f 1338/1015/492 1350/1027/504 1349/1026/503 1337/1014/491
f 1339/1016/493 1351/1028/505 1350/1027/504 1338/1015/492
f 1340/1017/494 1352/1029/506 1351/1028/505 1339/1016/493
f 1342/1018/495 1354/1030/507 1353/1031/508 1341/1019/496
f 1343/1020/497 1355/1032/509 1354/1030/507 1342/1018/495
f 1344/1021/498 1356/1033/510 1355/1032/509 1343/1020/497
f 1345/1022/499 1357/1034/511 1356/1033/510 1344/1021/498
f 1346/1023/500 1358/1035/512 1357/1034/511 1345/1022/499
f 1347/1024/501 1359/1036/513 1358/1035/512 1346/1023/500
f 1348/1025/502 1360/1037/514 1359/1036/513 1347/1024/501
f 1349/1026/503 1361/1038/515 1360/1037/514 1348/1025/502
f 1350/1027/504 1362/1039/516 1361/1038/515 1349/1026/503
f 1351/1028/505 1363/1040/517 1362/1039/516 1350/1027/504
f 1352/1029/506 1364/1041/518 1363/1040/517 1351/1028/505
f 1354/1030/507 1366/1042/519 1365/1043/520 1353/1031/508
f 1355/1032/509 1367/1044/521 1366/1042/519 1354/1030/507
f 1356/1033/510 1368/1045/522 1367/1044/521 1355/1032/509
f 1357/1034/511 1369/1046/523 1368/1045/522 1356/1033/510
f 1358/1035/512 1370/1047/524 1369/1046/523 1357/1034/511
f 1359/1036/513 1371/1048/525 1370/1047/524 1358/1035/512
f 1360/1037/514 1372/1049/526 1371/1048/525 1359/1036/513
f 1361/1038/515 1373/1050/527 1372/1049/526 1360/1037/514
f 1362/1039/516 1374/1051/528 1373/1050/527 1361/1038/515
f 1363/1040/517 1375/1052/529 1374/1051/528 1362/1039/516
f 1364/1041/518 1376/1053/530 1375/1052/529 1363/1040/517
f 1366/1042/519 1378/1054/531 1377/1055/532 1365/1043/520
f 1367/1044/521 1379/1056/533 1378/1054/531 1366/1042/519
f 1368/1045/522 1380/1057/534 1379/1056/533 1367/1044/521
f 1369/1046/523 1381/1058/535 1380/1057/534 1368/1045/522
f 1370/1047/524 1382/1059/536 1381/1058/535 1369/1046/523
f 1371/1048/525 1383/1060/537 1382/1059/536 1370/1047/524
f 1372/1049/526 1384/1061/538 1383/1060/537 1371/1048/525
f 1373/1050/527 1385/1062/539 1384/1061/538 1372/1049/526
f 1374/1051/528 1386/1063/540 1385/1062/539 1373/1050/527
f 1375/1052/529 1387/1064/541 1386/1063/540 1374/1051/528
f 1376/1053/530 1388/1065/542 1387/1064/541 1375/1052/529
f 1378/1054/531 1390/1066/543 1389/1067/544 1377/1055/532
f 1379/1056/533 1391/1068/545 1390/1066/543 1378/1054/531
f 1380/1057/534 1392/1069/546 1391/1068/545 1379/1056/533
f 1381/1058/535 1393/1070/547 1392/1069/546 1380/1057/534
f 1382/1059/536 1394/1071/548 1393/1070/547 1381/1058/535
f 1383/1060/537 1395/1072/549 1394/1071/548 1382/1059/536
f 1384/1061/538 1396/1073/550 1395/1072/549 1383/1060/537
f 1385/1062/539 1397/1074/551 1396/1073/550 1384/1061/538
f 1386/1063/540 1398/1075/552 1397/1074/551 1385/1062/539
f 1387/1064/541 1399/1076/553 1398/1075/552 1386/1063/540
f 1388/1065/542 1400/1077/554 1399/1076/553 1387/1064/541
f 1390/1066/543 1402/1078/555 1401/1079/556 1389/1067/544
f 1391/1068/545 1403/1080/557 1402/1078/555 1390/1066/543
f 1392/1069/546 1404/1081/558 1403/1080/557 1391/1068/545
f 1393/1070/547 1405/1082/559 1404/1081/558 1392/1069/546
f 1394/1071/548 1406/1083/560 1405/1082/559 1393/1070/547
f 1395/1072/549 1407/1084/561 1406/1083/560 1394/1071/548
f 1396/1073/550 1408/1085/562 1407/1084/561 1395/1072/549
f 1397/1074/551 1409/1086/563 1408/1085/562 1396/1073/550
f 1398/1075/552 1410/1087/564 1409/1086/563 1397/1074/551
f 1399/1076/553 1411/1088/565 1410/1087/564 1398/1075/552
f 1400/1077/554 1412/1089/566 1411/1088/565 1399/1076/553
f 1402/1078/555 1414/1090/567 1413/1091/568 1401/1079/556
f 1403/1080/557 1415/1092/569 1414/1090/567 1402/1078/555
f 1404/1081/558 1416/1093/570 1415/1092/569 1403/1080/557
f 1405/1082/559 1417/1094/571 1416/1093/570 1404/1081/558
f 1406/1083/560 1418/1095/572 1417/1094/571 1405/1082/559
f 1407/1084/561 1419/1096/573 1418/1095/572 1406/1083/560
f 1408/1085/562 1420/1097/574 1419/1096/573 1407/1084/561
f 1409/1086/563 1421/1098/575 1420/1097/574 1408/1085/562
f 1410/1087/564 1422/1099/576 1421/1098/575 1409/1086/563
f 1411/1088/565 1423/1100/577 1422/1099/576 1410/1087/564
f 1412/1089/566 1424/1101/578 1423/1100/577 1411/1088/565
f 1414/1090/567 1426/1102/579 1425/1103/580 1413/1091/568
f 1415/1092/569 1427/1104/581 1426/1102/579 1414/1090/567
f 1416/1093/570 1428/1105/582 1427/1104/581 1415/1092/569
f 1417/1094/571 1429/1106/583 1428/1105/582 1416/1093/570
f 1418/1095/572 1430/1107/584 1429/1106/583 1417/1094/571
f 1419/1096/573 1431/1108/585 1430/1107/584 1418/1095/572
f 1420/1097/574 1432/1109/586 1431/1108/585 1419/1096/573
f 1421/1098/575 1433/1110/587 1432/1109/586 1420/1097/574
f 1422/1099/576 1434/1111/588 1433/1110/587 1421/1098/575
f 1423/1100/577 1435/1112/589 1434/1111/588 1422/1099/576
f 1424/1101/578 1436/1113/590 1435/1112/589 1423/1100/577
f 1426/1102/579 1438/1114/591 1437/1115/592 1425/1103/580
f 1427/1104/581 1439/1116/593 1438/1114/591 1426/1102/579
f 1428/1105/582 1440/1117/594 1439/1116/593 1427/1104/581
f 1429/1106/583 1441/1118/595 1440/1117/594 1428/1105/582
f 1430/1107/584 1442/1119/596 1441/1118/595 1429/1106/583
f 1431/1108/585 1443/1120/597 1442/1119/596 1430/1107/584
f 1432/1109/586 1444/1121/598 1443/1120/597 1431/1108/585
f 1433/1110/587 1445/1122/599 1444/1121/598 1432/1109/586
f 1434/1111/588 1446/1123/600 1445/1122/599 1433/1110/587
f 1435/1112/589 1447/1124/601 1446/1123/600 1434/1111/588
f 1436/1113/590 1448/1125/602 1447/1124/601 1435/1112/589
f 1438/1114/591 1450/1126/603 1449/1127/604 1437/1115/592
f 1439/1116/593 1451/1128/605 1450/1126/603 1438/1114/591
f 1440/1117/594 1452/1129/606 1451/1128/605 1439/1116/593
f 1441/1118/595 1453/1130/607 1452/1129/606 1440/1117/594
f 1442/1119/596 1454/1131/608 1453/1130/607 1441/1118/595
f 1443/1120/597 1455/1132/609 1454/1131/608 1442/1119/596
f 1444/1121/598 1456/1133/610 1455/1132/609 1443/1120/597
f 1445/1122/599 1457/1134/611 1456/1133/610 1444/1121/598
f 1446/1123/600 1458/1135/612 1457/1134/611 1445/1122/599
f 1447/1124/601 1459/1136/613 1458/1135/612 1446/1123/600
f 1448/1125/602 1460/1137/614 1459/1136/613 1447/1124/601
f 1450/1126/603 1462/1138/615 1461/1139/616 1449/1127/604
f 1451/1128/605 1463/1140/617 1462/1138/615 1450/1126/603
f 1452/1129/606 1464/1141/618 1463/1140/617 1451/1128/605
f 1453/1130/607 1465/1142/619 1464/1141/618 1452/1129/606
f 1454/1131/608 1466/1143/620 1465/1142/619 1453/1130/607
f 1455/1132/609 1467/1144/621 1466/1143/620 1454/1131/608
f 1456/1133/610 1468/1145/622 1467/1144/621 1455/1132/609
f 1457/1134/611 1469/1146/623 1468/1145/622 1456/1133/610
f 1458/1135/612 1470/1147/624 1469/1146/623 1457/1134/611
f 1459/1136/613 1471/1148/625 1470/1147/624 1458/1135/612
f 1460/1137/614 1472/1149/626 1471/1148/625 1459/1136/613
f 1462/1138/615 1474/1150/627 1473/1151/628 1461/1139/616
f 1463/1140/617 1475/1152/629 1474/1150/627 1462/1138/615
f 1464/1141/618 1476/1153/630 1475/1152/629 1463/1140/617
f 1465/1142/619 1477/1154/631 1476/1153/630 1464/1141/618
f 1466/1143/620 1478/1155/632 1477/1154/631 1465/1142/619
f 1467/1144/621 1479/1156/633 1478/1155/632 1466/1143/620
f 1468/1145/622 1480/1157/634 1479/1156/633 1467/1144/621
f 1469/1146/623 1481/1158/635 1480/1157/634 1468/1145/622
f 1470/1147/624 1482/1159/636 1481/1158/635 1469/1146/623
f 1471/1148/625 1483/1160/637 1482/1159/636 1470/1147/624
f 1472/1149/626 1484/1161/638 1483/1160/637 1471/1148/625
f 1474/1150/627 1486/1162/639 1485/1163/640 1473/1151/628
f 1475/1152/629 1487/1164/641 1486/1162/639 1474/1150/627
f 1476/1153/630 1488/1165/642 1487/1164/641 1475/1152/629
f 1477/1154/631 1489/1166/643 1488/1165/642 1476/1153/630
f 1478/1155/632 1490/1167/644 1489/1166/643 1477/1154/631
f 1479/1156/633 1491/1168/645 1490/1167/644 1478/1155/632
f 1480/1157/634 1492/1169/646 1491/1168/645 1479/1156/633
f 1481/1158/635 1493/1170/647 1492/1169/646 1480/1157/634
f 1482/1159/636 1494/1171/648 1493/1170/647 1481/1158/635
f 1483/1160/637 1495/1172/649 1494/1171/648 1482/1159/636
f 1484/1161/638 1496/1173/650 1495/1172/649 1483/1160/637
f 1486/1162/639 1498/1174/651 1497/1175/652 1485/1163/640
f 1487/1164/641 1499/1176/653 1498/1174/651 1486/1162/639
f 1488/1165/642 1500/1177/654 1499/1176/653 1487/1164/641
f 1489/1166/643 1501/1178/655 1500/1177/654 1488/1165/642
f 1490/1167/644 1502/1179/656 1501/1178/655 1489/1166/643
f 1491/1168/645 1503/1180/657 1502/1179/656 1490/1167/644
f 1492/1169/646 1504/1181/658 1503/1180/657 1491/1168/645
f 1493/1170/647 1505/1182/659 1504/1181/658 1492/1169/646
f 1494/1171/648 1506/1183/660 1505/1182/659 1493/1170/647
f 1495/1172/649 1507/1184/661 1506/1183/660 1494/1171/648
f 1496/1173/650 1508/1185/662 1507/1184/661 1495/1172/649
f 1498/1174/651 1510/1186/663 1509/1187/664 1497/1175/652
f 1499/1176/653 1511/1188/665 1510/1186/663 1498/1174/651
f 1500/1177/654 1512/1189/666 1511/1188/665 1499/1176/653
f 1501/1178/655 1513/1190/667 1512/1189/666 1500/1177/654
f 1502/1179/656 1514/1191/668 1513/1190/667 1501/1178/655
f 1503/1180/657 1515/1192/669 1514/1191/668 1502/1179/656
f 1504/1181/658 1516/1193/670 1515/1192/669 1503/1180/657
f 1505/1182/659 1517/1194/671 1516/1193/670 1504/1181/658
f 1506/1183/660 1518/1195/672 1517/1194/671 1505/1182/659
f 1507/1184/661 1519/1196/673 1518/1195/672 1506/1183/660
f 1508/1185/662 1520/1197/674 1519/1196/673 1507/1184/661
f 1510/1186/663 1522/1198/675 1521/1199/676 1509/1187/664
f 1511/1188/665 1523/1200/677 1522/1198/675 1510/1186/663
f 1512/1189/666 1524/1201/678 1523/1200/677 1511/1188/665
f 1513/1190/667 1525/1202/679 1524/1201/678 1512/1189/666
f 1514/1191/668 1526/1203/680 1525/1202/679 1513/1190/667
f 1515/1192/669 1527/1204/681 1526/1203/680 1514/1191/668
f 1516/1193/670 1528/1205/682 1527/1204/681 1515/1192/669
f 1517/1194/671 1529/1206/683 1528/1205/682 1516/1193/670
f 1518/1195/672 1530/1207/684 1529/1206/683 1517/1194/671
f 1519/1196/673 1531/1208/685 1530/1207/684 1518/1195/672
f 1520/1197/674 1532/1209/686 1531/1208/685 1519/1196/673
f 1522/1198/675 1534/1210/687 1533/1211/688 1521/1199/676
f 1523/1200/677 1535/1212/689 1534/1210/687 1522/1198/675
f 1524/1201/678 1536/1213/690 1535/1212/689 1523/1200/677
f 1525/1202/679 1537/1214/691 1536/1213/690 1524/1201/678
f 1526/1203/680 1538/1215/692 1537/1214/691 1525/1202/679
f 1527/1204/681 1539/1216/693 1538/1215/692 1526/1203/680
f 1528/1205/682 1540/1217/694 1539/1216/693 1527/1204/681
f 1529/1206/683 1541/1218/695 1540/1217/694 1528/1205/682
f 1530/1207/684 1542/1219/696 1541/1218/695 1529/1206/683
f 1531/1208/685 1543/1220/697 1542/1219/696 1530/1207/684
f 1532/1209/686 1544/1221/698 1543/1220/697 1531/1208/685
f 1534/1210/687 1546/1222/699 1545/1223/700 1533/1211/688
f 1535/1212/689 1547/1224/701 1546/1222/699 1534/1210/687
f 1536/1213/690 1548/1225/702 1547/1224/701 1535/1212/689
f 1537/1214/691 1549/1226/703 1548/1225/702 1536/1213/690
f 1538/1215/692 1550/1227/704 1549/1226/703 1537/1214/691
f 1539/1216/693 1551/1228/705 1550/1227/704 1538/1215/692
f 1540/1217/694 1552/1229/706 1551/1228/705 1539/1216/693
f 1541/1218/695 1553/1230/707 1552/1229/706 1540/1217/694
f 1542/1219/696 1554/1231/708 1553/1230/707 1541/1218/695
f 1543/1220/697 1555/1232/709 1554/1231/708 1542/1219/696
f 1544/1221/698 1556/1233/710 1555/1232/709 1543/1220/697
f 1546/1222/699 1558/1234/711 1557/1235/712 1545/1223/700
f 1547/1224/701 1559/1236/713 1558/1234/711 1546/1222/699
f 1548/1225/702 1560/1237/714 1559/1236/713 1547/1224/701
f 1549/1226/703 1561/1238/715 1560/1237/714 1548/1225/702
f 1550/1227/704 1562/1239/716 1561/1238/715 1549/1226/703
f 1551/1228/705 1563/1240/717 1562/1239/716 1550/1227/704
f 1552/1229/706 1564/1241/718 1563/1240/717 1551/1228/705
f 1553/1230/707 1565/1242/719 1564/1241/718 1552/1229/706
f 1554/1231/708 1566/1243/720 1565/1242/719 1553/1230/707
f 1555/1232/709 1567/1244/721 1566/1243/720 1554/1231/708
f 1556/1233/710 1568/1245/722 1567/1244/721 1555/1232/709
f 1558/1234/711 1570/1246/723 1569/1247/724 1557/1235/712
f 1559/1236/713 1571/1248/725 1570/1246/723 1558/1234/711
f 1560/1237/714 1572/1249/726 1571/1248/725 1559/1236/713
f 1561/1238/715 1573/1250/727 1572/1249/726 1560/1237/714
f 1562/1239/716 1574/1251/728 1573/1250/727 1561/1238/715
f 1563/1240/717 1575/1252/729 1574/1251/728 1562/1239/716
f 1564/1241/718 1576/1253/730 1575/1252/729 1563/1240/717
f 1565/1242/719 1577/1254/731 1576/1253/730 1564/1241/718
f 1566/1243/720 1578/1255/732 1577/1254/731 1565/1242/719
f 1567/1244/721 1579/1256/733 1578/1255/732 1566/1243/720
f 1568/1245/722 1580/1257/734 1579/1256/733 1567/1244/721
f 1570/1246/723 1582/1258/735 1581/1259/736 1569/1247/724
f 1571/1248/725 1583/1260/737 1582/1258/735 1570/1246/723
f 1572/1249/726 1584/1261/738 1583/1260/737 1571/1248/725
f 1573/1250/727 1585/1262/739 1584/1261/738 1572/1249/726
f 1574/1251/728 1586/1263/740 1585/1262/739 1573/1250/727
f 1575/1252/729 1587/1264/741 1586/1263/740 1574/1251/728
f 1576/1253/730 1588/1265/742 1587/1264/741 1575/1252/729
f 1577/1254/731 1589/1266/743 1588/1265/742 1576/1253/730
f 1578/1255/732 1590/1267/744 1589/1266/743 1577/1254/731
f 1579/1256/733 1591/1268/745 1590/1267/744 1578/1255/732
f 1580/1257/734 1592/1269/746 1591/1268/745 1579/1256/733
f 1582/1258/735 1594/1270/747 1593/1271/748 1581/1259/736
f 1583/1260/737 1595/1272/749 1594/1270/747 1582/1258/735
f 1584/1261/738 1596/1273/750 1595/1272/749 1583/1260/737
f 1585/1262/739 1597/1274/751 1596/1273/750 1584/1261/738
f 1586/1263/740 1598/1275/752 1597/1274/751 1585/1262/739
f 1587/1264/741 1599/1276/753 1598/1275/752 1586/1263/740
f 1588/1265/742 1600/1277/754 1599/1276/753 1587/1264/741
f 1589/1266/743 1601/1278/755 1600/1277/754 1588/1265/742
f 1590/1267/744 1602/1279/756 1601/1278/755 1589/1266/743
f 1591/1268/745 1603/1280/757 1602/1279/756 1590/1267/744
f 1592/1269/746 1604/1281/758 1603/1280/757 1591/1268/745
f 1594/1270/747 1606/1282/759 1605/1283/760 1593/1271/748
f 1595/1272/749 1607/1284/761 1606/1282/759 1594/1270/747
f 1596/1273/750 1608/1285/762 1607/1284/761 1595/1272/749
f 1597/1274/751 1609/1286/763 1608/1285/762 1596/1273/750
f 1598/1275/752 1610/1287/764 1609/1286/763 1597/1274/751
f 1599/1276/753 1611/1288/765 1610/1287/764 1598/1275/752
f 1600/1277/754 1612/1289/766 1611/1288/765 1599/1276/753
f 1601/1278/755 1613/1290/767 1612/1289/766 1600/1277/754
f 1602/1279/756 1614/1291/768 1613/1290/767 1601/1278/755
f 1603/1280/757 1615/1292/769 1614/1291/768 1602/1279/756
f 1604/1281/758 1616/1293/770 1615/1292/769 1603/1280/757
f 1606/1282/759 1618/1294/771 1617/1295/772 1605/1283/760
f 1607/1284/761 1619/1296/773 1618/1294/771 1606/1282/759
f 1608/1285/762 1620/1297/774 1619/1296/773 1607/1284/761
f 1609/1286/763 1621/1298/775 1620/1297/774 1608/1285/762
f 1610/1287/764 1622/1299/776 1621/1298/775 1609/1286/763
f 1611/1288/765 1623/1300/777 1622/1299/776 1610/1287/764
f 1612/1289/766 1624/1301/778 1623/1300/777 1611/1288/765
f 1613/1290/767 1625/1302/779 1624/1301/778 1612/1289/766
f 1614/1291/768 1626/1303/780 1625/1302/779 1613/1290/767
f 1615/1292/769 1627/1304/781 1626/1303/780 1614/1291/768
f 1616/1293/770 1628/1305/782 1627/1304/781 1615/1292/769
f 1618/1294/771 1630/1306/783 1629/1307/784 1617/1295/772
f 1619/1296/773 1631/1308/785 1630/1306/783 1618/1294/771
f 1620/1297/774 1632/1309/786 1631/1308/785 1619/1296/773
f 1621/1298/775 1633/1310/787 1632/1309/786 1620/1297/774
f 1622/1299/776 1634/1311/788 1633/1310/787 1621/1298/775
f 1623/1300/777 1635/1312/789 1634/1311/788 1622/1299/776
f 1624/1301/778 1636/1313/790 1635/1312/789 1623/1300/777
f 1625/1302/779 1637/1314/791 1636/1313/790 1624/1301/778
f 1626/1303/780 1638/1315/792 1637/1314/791 1625/1302/779
f 1627/1304/781 1639/1316/793 1638/1315/792 1626/1303/780
f 1628/1305/782 1640/1317/794 1639/1316/793 1627/1304/781
f 1630/1306/783 1642/1318/795 1641/1319/796 1629/1307/784
f 1631/1308/785 1643/1320/797 1642/1318/795 1630/1306/783
f 1632/1309/786 1644/1321/798 1643/1320/797 1631/1308/785
f 1633/1310/787 1645/1322/799 1644/1321/798 1632/1309/786
f 1634/1311/788 1646/1323/800 1645/1322/799 1633/1310/787
f 1635/1312/789 1647/1324/801 1646/1323/800 1634/1311/788
f 1636/1313/790 1648/1325/802 1647/1324/801 1635/1312/789
f 1637/1314/791 1649/1326/803 1648/1325/802 1636/1313/790
f 1638/1315/792 1650/1327/804 1649/1326/803 1637/1314/791
f 1639/1316/793 1651/1328/805 1650/1327/804 1638/1315/792
f 1640/1317/794 1652/1329/806 1651/1328/805 1639/1316/793
f 1642/1318/795 1654/1330/807 1653/1331/808 1641/1319/796
f 1643/1320/797 1655/1332/809 1654/1330/807 1642/1318/795
f 1644/1321/798 1656/1333/810 1655/1332/809 1643/1320/797
f 1645/1322/799 1657/1334/811 1656/1333/810 1644/1321/798
f 1646/1323/800 1658/1335/812 1657/1334/811 1645/1322/799
f 1647/1324/801 1659/1336/813 1658/1335/812 1646/1323/800
f 1648/1325/802 1660/1337/814 1659/1336/813 1647/1324/801
f 1649/1326/803 1661/1338/815 1660/1337/814 1648/1325/802
f 1650/1327/804 1662/1339/816 1661/1338/815 1649/1326/803
f 1651/1328/805 1663/1340/817 1662/1339/816 1650/1327/804
f 1652/1329/806 1664/1341/818 1663/1340/817 1651/1328/805
f 1654/1330/807 1666/1342/819 1665/1343/820 1653/1331/808
f 1655/1332/809 1667/1344/821 1666/1342/819 1654/1330/807
f 1656/1333/810 1668/1345/822 1667/1344/821 1655/1332/809
f 1657/1334/811 1669/1346/823 1668/1345/822 1656/1333/810
f 1658/1335/812 1670/1347/824 1669/1346/823 1657/1334/811
f 1659/1336/813 1671/1348/825 1670/1347/824 1658/1335/812
f 1660/1337/814 1672/1349/826 1671/1348/825 1659/1336/813
f 1661/1338/815 1673/1350/827 1672/1349/826 1660/1337/814
f 1662/1339/816 1674/1351/828 1673/1350/827 1661/1338/815
f 1663/1340/817 1675/1352/829 1674/1351/828 1662/1339/816
f 1664/1341/818 1676/1353/830 1675/1352/829 1663/1340/817
f 1666/1342/819 1678/1354/831 1677/1355/832 1665/1343/820
f 1667/1344/821 1679/1356/833 1678/1354/831 1666/1342/819
f 1668/1345/822 1680/1357/834 1679/1356/833 1667/1344/821
f 1669/1346/823 1681/1358/835 1680/1357/834 1668/1345/822
f 1670/1347/824 1682/1359/836 1681/1358/835 1669/1346/823
f 1671/1348/825 1683/1360/837 1682/1359/836 1670/1347/824
f 1672/1349/826 1684/1361/838 1683/1360/837 1671/1348/825
f 1673/1350/827 1685/1362/839 1684/1361/838 1672/1349/826
f 1674/1351/828 1686/1363/840 1685/1362/839 1673/1350/827
f 1675/1352/829 1687/1364/841 1686/1363/840 1674/1351/828
f 1676/1353/830 1688/1365/842 1687/1364/841 1675/1352/829
f 1678/1354/831 1690/1366/843 1689/1367/844 1677/1355/832
f 1679/1356/833 1691/1368/845 1690/1366/843 1678/1354/831
f 1680/1357/834 1692/1369/846 1691/1368/845 1679/1356/833
f 1681/1358/835 1693/1370/847 1692/1369/846 1680/1357/834
f 1682/1359/836 1694/1371/848 1693/1370/847 1681/1358/835
f 1683/1360/837 1695/1372/849 1694/1371/848 1682/1359/836
f 1684/1361/838 1696/1373/850 1695/1372/849 1683/1360/837
f 1685/1362/839 1697/1374/851 1696/1373/850 1684/1361/838
f 1686/1363/840 1698/1375/852 1697/1374/851 1685/1362/839
f 1687/1364/841 1699/1376/853 1698/1375/852 1686/1363/840
f 1688/1365/842 1700/1377/854 1699/1376/853 1687/1364/841
f 1690/1366/843 1702/1378/855 1701/1379/856 1689/1367/844
f 1691/1368/845 1703/1380/857 1702/1378/855 1690/1366/843
f 1692/1369/846 1704/1381/858 1703/1380/857 1691/1368/845
f 1693/1370/847 1705/1382/859 1704/1381/858 1692/1369/846
f 1694/1371/848 1706/1383/860 1705/1382/859 1693/1370/847
f 1695/1372/849 1707/1384/861 1706/1383/860 1694/1371/848
f 1696/1373/850 1708/1385/862 1707/1384/861 1695/1372/849
f 1697/1374/851 1709/1386/863 1708/1385/862 1696/1373/850
f 1698/1375/852 1710/1387/864 1709/1386/863 1697/1374/851
f 1699/1376/853 1711/1388/865 1710/1387/864 1698/1375/852
f 1700/1377/854 1712/1389/866 1711/1388/865 1699/1376/853
f 1702/1378/855 1714/1390/867 1713/1391/868 1701/1379/856
f 1703/1380/857 1715/1392/869 1714/1390/867 1702/1378/855
f 1704/1381/858 1716/1393/870 1715/1392/869 1703/1380/857
f 1705/1382/859 1717/1394/871 1716/1393/870 1704/1381/858
f 1706/1383/860 1718/1395/872 1717/1394/871 1705/1382/859
f 1707/1384/861 1719/1396/873 1718/1395/872 1706/1383/860
f 1708/1385/862 1720/1397/874 1719/1396/873 1707/1384/861
f 1709/1386/863 1721/1398/875 1720/1397/874 1708/1385/862
f 1710/1387/864 1722/1399/876 1721/1398/875 1709/1386/863
f 1711/1388/865 1723/1400/877 1722/1399/876 1710/1387/864
f 1712/1389/866 1724/1401/878 1723/1400/877 1711/1388/865
f 1714/1390/867 1726/1402/879 1725/1403/880 1713/1391/868
f 1715/1392/869 1727/1404/881 1726/1402/879 1714/1390/867
f 1716/1393/870 1728/1405/882 1727/1404/881 1715/1392/869
f 1717/1394/871 1729/1406/883 1728/1405/882 1716/1393/870
f 1718/1395/872 1730/1407/884 1729/1406/883 1717/1394/871
f 1719/1396/873 1731/1408/885 1730/1407/884 1718/1395/872
f 1720/1397/874 1732/1409/886 1731/1408/885 1719/1396/873
f 1721/1398/875 1733/1410/887 1732/1409/886 1720/1397/874
f 1722/1399/876 1734/1411/888 1733/1410/887 1721/1398/875
f 1723/1400/877 1735/1412/889 1734/1411/888 1722/1399/876
f 1724/1401/878 1736/1413/890 1735/1412/889 1723/1400/877
f 1726/1402/879 1738/1414/891 1737/1415/892 1725/1403/880
f 1727/1404/881 1739/1416/893 1738/1414/891 1726/1402/879
f 1728/1405/882 1740/1417/894 1739/1416/893 1727/1404/881
f 1729/1406/883 1741/1418/895 1740/1417/894 1728/1405/882
f 1730/1407/884 1742/1419/896 1741/1418/895 1729/1406/883
f 1731/1408/885 1743/1420/897 1742/1419/896 1730/1407/884
f 1732/1409/886 1744/1421/898 1743/1420/897 1731/1408/885
f 1733/1410/887 1745/1422/899 1744/1421/898 1732/1409/886
f 1734/1411/888 1746/1423/900 1745/1422/899 1733/1410/887
f 1735/1412/889 1747/1424/901 1746/1423/900 1734/1411/888
f 1736/1413/890 1748/1425/902 1747/1424/901 1735/1412/889
f 1738/1414/891 1750/1426/903 1749/1427/904 1737/1415/892
f 1739/1416/893 1751/1428/905 1750/1426/903 1738/1414/891
f 1740/1417/894 1752/1429/906 1751/1428/905 1739/1416/893
f 1741/1418/895 1753/1430/907 1752/1429/906 1740/1417/894
f 1742/1419/896 1754/1431/908 1753/1430/907 1741/1418/895
f 1743/1420/897 1755/1432/909 1754/1431/908 1742/1419/896
f 1744/1421/898 1756/1433/910 1755/1432/909 1743/1420/897
f 1745/1422/899 1757/1434/911 1756/1433/910 1744/1421/898
f 1746/1423/900 1758/1435/912 1757/1434/911 1745/1422/899
f 1747/1424/901 1759/1436/913 1758/1435/912 1746/1423/900
f 1748/1425/902 1760/1437/914 1759/1436/913 1747/1424/901
f 1750/1426/903 1762/1438/915 1761/1439/916 1749/1427/904
f 1751/1428/905 1763/1440/917 1762/1438/915 1750/1426/903
f 1752/1429/906 1764/1441/918 1763/1440/917 1751/1428/905
f 1753/1430/907 1765/1442/919 1764/1441/918 1752/1429/906
f 1754/1431/908 1766/1443/920 1765/1442/919 1753/1430/907
f 1755/1432/909 1767/1444/921 1766/1443/920 1754/1431/908
f 1756/1433/910 1768/1445/922 1767/1444/921 1755/1432/909
f 1757/1434/911 1769/1446/923 1768/1445/922 1756/1433/910
f 1758/1435/912 1770/1447/924 1769/1446/923 1757/1434/911
f 1759/1436/913 1771/1448/925 1770/1447/924 1758/1435/912
f 1760/1437/914 1772/1449/926 1771/1448/925 1759/1436/913
f 1762/1438/915 1774/1450/927 1773/1451/928 1761/1439/916
f 1763/1440/917 1775/1452/929 1774/1450/927 1762/1438/915
f 1764/1441/918 1776/1453/930 1775/1452/929 1763/1440/917
f 1765/1442/919 1777/1454/931 1776/1453/930 1764/1441/918
f 1766/1443/920 1778/1455/932 1777/1454/931 1765/1442/919
f 1767/1444/921 1779/1456/933 1778/1455/932 1766/1443/920
f 1768/1445/922 1780/1457/934 1779/1456/933 1767/1444/921
f 1769/1446/923 1781/1458/935 1780/1457/934 1768/1445/922
f 1770/1447/924 1782/1459/936 1781/1458/935 1769/1446/923
f 1771/1448/925 1783/1460/937 1782/1459/936 1770/1447/924
f 1772/1449/926 1784/1461/938 1783/1460/937 1771/1448/925
f 1774/1450/927 1786/1462/939 1785/1463/940 1773/1451/928
f 1775/1452/929 1787/1464/941 1786/1462/939 1774/1450/927
f 1776/1453/930 1788/1465/942 1787/1464/941 1775/1452/929
f 1777/1454/931 1789/1466/943 1788/1465/942 1776/1453/930
f 1778/1455/932 1790/1467/944 1789/1466/943 1777/1454/931
f 1779/1456/933 1791/1468/945 1790/1467/944 1778/1455/932
f 1780/1457/934 1792/1469/946 1791/1468/945 1779/1456/933
f 1781/1458/935 1793/1470/947 1792/1469/946 1780/1457/934
f 1782/1459/936 1794/1471/948 1793/1470/947 1781/1458/935
f 1783/1460/937 1795/1472/949 1794/1471/948 1782/1459/936
f 1784/1461/938 1796/1473/950 1795/1472/949 1783/1460/937
f 1786/1462/939 1798/1474/951 1797/1475/952 1785/1463/940
f 1787/1464/941 1799/1476/953 1798/1474/951 1786/1462/939
f 1788/1465/942 1800/1477/954 1799/1476/953 1787/1464/941
f 1789/1466/943 1801/1478/955 1800/1477/954 1788/1465/942
f 1790/1467/944 1802/1479/956 1801/1478/955 1789/1466/943
f 1791/1468/945 1803/1480/957 1802/1479/956 1790/1467/944
f 1792/1469/946 1804/1481/958 1803/1480/957 1791/1468/945
f 1793/1470/947 1805/1482/959 1804/1481/958 1792/1469/946
f 1794/1471/948 1806/1483/960 1805/1482/959 1793/1470/947
f 1795/1472/949 1807/1484/961 1806/1483/960 1794/1471/948
f 1796/1473/950 1808/1485/962 1807/1484/961 1795/1472/949
f 1798/1474/951 1810/1486/963 1809/1487/964 1797/1475/952
f 1799/1476/953 1811/1488/965 1810/1486/963 1798/1474/951
f 1800/1477/954 1812/1489/966 1811/1488/965 1799/1476/953
f 1801/1478/955 1813/1490/967 1812/1489/966 1800/1477/954
f 1802/1479/956 1814/1491/968 1813/1490/967 1801/1478/955
f 1803/1480/957 1815/1492/969 1814/1491/968 1802/1479/956
f 1804/1481/958 1816/1493/970 1815/1492/969 1803/1480/957
f 1805/1482/959 1817/1494/971 1816/1493/970 1804/1481/958
f 1806/1483/960 1818/1495/972 1817/1494/971 1805/1482/959
f 1807/1484/961 1819/1496/973 1818/1495/972 1806/1483/960
f 1808/1485/962 1820/1497/974 1819/1496/973 1807/1484/961
f 1810/1486/963 1822/1498/975 1821/653/976 1809/1487/964
f 1811/1488/965 1823/1499/977 1822/1498/975 1810/1486/963
f 1812/1489/966 1824/1500/978 1823/1499/977 1811/1488/965
f 1813/1490/967 1825/1501/979 1824/1500/978 1812/1489/966
f 1814/1491/968 1826/1502/980 1825/1501/979 1813/1490/967
f 1815/1492/969 1827/1503/981 1826/1502/980 1814/1491/968
f 1816/1493/970 1828/1504/982 1827/1503/981 1815/1492/969
f 1817/1494/971 1829/1505/983 1828/1504/982 1816/1493/970
f 1818/1495/972 1830/1506/984 1829/1505/983 1817/1494/971
f 1819/1496/973 1831/1507/985 1830/1506/984 1818/1495/972
f 1820/1497/974 1832/1508/986 1831/1507/985 1819/1496/973
f 1822/1498/975 1834/1509/987 1833/1510/988 1821/653/976
f 1823/1499/977 1835/1511/989 1834/1509/987 1822/1498/975
f 1824/1500/978 1836/1512/990 1835/1511/989 1823/1499/977
f 1825/1501/979 1837/1513/991 1836/1512/990 1824/1500/978
f 1826/1502/980 1838/1514/992 1837/1513/991 1825/1501/979
f 1827/1503/981 1839/1515/993 1838/1514/992 1826/1502/980
f 1828/1504/982 1840/1516/994 1839/1515/993 1827/1503/981
f 1829/1505/983 1841/1517/995 1840/1516/994 1828/1504/982
f 1830/1506/984 1842/1518/996 1841/1517/995 1829/1505/983
f 1831/1507/985 1843/1519/997 1842/1518/996 1830/1506/984
f 1832/1508/986 1844/1520/998 1843/1519/997 1831/1507/985
f 1834/1509/987 1846/1521/999 1845/1522/1000 1833/1510/988
f 1835/1511/989 1847/1523/1001 1846/1521/999 1834/1509/987
f 1836/1512/990 1848/1524/1002 1847/1523/1001 1835/1511/989
f 1837/1513/991 1849/1525/1003 1848/1524/1002 1836/1512/990
f 1838/1514/992 1850/1526/1004 1849/1525/1003 1837/1513/991
f 1839/1515/993 1851/1527/1005 1850/1526/1004 1838/1514/992
f 1840/1516/994 1852/1528/1006 1851/1527/1005 1839/1515/993
f 1841/1517/995 1853/1529/1007 1852/1528/1006 1840/1516/994
f 1842/1518/996 1854/1530/1008 1853/1529/1007 1841/1517/995
f 1843/1519/997 1855/1531/1009 1854/1530/1008 1842/1518/996
f 1844/1520/998 1856/1532/1010 1855/1531/1009 1843/1519/997
f 1846/1521/999 1858/1533/1011 1857/1534/1012 1845/1522/1000
f 1847/1523/1001 1859/1535/1013 1858/1533/1011 1846/1521/999
f 1848/1524/1002 1860/1536/1014 1859/1535/1013 1847/1523/1001
f 1849/1525/1003 1861/1537/1015 1860/1536/1014 1848/1524/1002
f 1850/1526/1004 1862/1538/1016 1861/1537/1015 1849/1525/1003
f 1851/1527/1005 1863/1539/1017 1862/1538/1016 1850/1526/1004
f 1852/1528/1006 1864/1540/1018 1863/1539/1017 1851/1527/1005
f 1853/1529/1007 1865/1541/1019 1864/1540/1018 1852/1528/1006
f 1854/1530/1008 1866/1542/1020 1865/1541/1019 1853/1529/1007
f 1855/1531/1009 1867/1543/1021 1866/1542/1020 1854/1530/1008
f 1856/1532/1010 1868/1544/1022 1867/1543/1021 1855/1531/1009
f 1858/1533/1011 1870/1545/1023 1869/1546/1024 1857/1534/1012
f 1859/1535/1013 1871/1547/1025 1870/1545/1023 1858/1533/1011
f 1860/1536/1014 1872/1548/1026 1871/1547/1025 1859/1535/1013
f 1861/1537/1015 1873/1549/1027 1872/1548/1026 1860/1536/1014
f 1862/1538/1016 1874/1550/1028 1873/1549/1027 1861/1537/1015
f 1863/1539/1017 1875/1551/1029 1874/1550/1028 1862/1538/1016
f 1864/1540/1018 1876/1552/1030 1875/1551/1029 1863/1539/1017
f 1865/1541/1019 1877/1553/1031 1876/1552/1030 1864/1540/1018
f 1866/1542/1020 1878/1554/1032 1877/1553/1031 1865/1541/1019
f 1867/1543/1021 1879/1555/1033 1878/1554/1032 1866/1542/1020
f 1868/1544/1022 1880/1556/1034 1879/1555/1033 1867/1543/1021
f 1870/1545/1023 1882/1557/1035 1881/1558/1036 1869/1546/1024
f 1871/1547/1025 1883/1559/1037 1882/1557/1035 1870/1545/1023
f 1872/1548/1026 1884/1560/1038 1883/1559/1037 1871/1547/1025
f 1873/1549/1027 1885/1561/1039 1884/1560/1038 1872/1548/1026
f 1874/1550/1028 1886/1562/1040 1885/1561/1039 1873/1549/1027
f 1875/1551/1029 1887/1563/1041 1886/1562/1040 1874/1550/1028
f 1876/1552/1030 1888/1564/1042 1887/1563/1041 1875/1551/1029
f 1877/1553/1031 1889/1565/1043 1888/1564/1042 1876/1552/1030
f 1878/1554/1032 1890/1566/1044 1889/1565/1043 1877/1553/1031
f 1879/1555/1033 1891/1567/1045 1890/1566/1044 1878/1554/1032
f 1880/1556/1034 1892/1568/1046 1891/1567/1045 1879/1555/1033
f 1882/1557/1035 1894/1569/1047 1893/1570/1048 1881/1558/1036
f 1883/1559/1037 1895/1571/1049 1894/1569/1047 1882/1557/1035
f 1884/1560/1038 1896/1572/1050 1895/1571/1049 1883/1559/1037
f 1885/1561/1039 1897/1573/1051 1896/1572/1050 1884/1560/1038
f 1886/1562/1040 1898/1574/1052 1897/1573/1051 1885/1561/1039
f 1887/1563/1041 1899/1575/1053 1898/1574/1052 1886/1562/1040
f 1888/1564/1042 1900/1576/1054 1899/1575/1053 1887/1563/1041
f 1889/1565/1043 1901/1577/1055 1900/1576/1054 1888/1564/1042
f 1890/1566/1044 1902/1578/1056 1901/1577/1055 1889/1565/1043
f 1891/1567/1045 1903/1579/1057 1902/1578/1056 1890/1566/1044
f 1892/1568/1046 1904/1580/1058 1903/1579/1057 1891/1567/1045
f 1894/1569/1047 1906/1581/1059 1905/1582/1060 1893/1570/1048
f 1895/1571/1049 1907/1583/1061 1906/1581/1059 1894/1569/1047
f 1896/1572/1050 1908/1584/1062 1907/1583/1061 1895/1571/1049
f 1897/1573/1051 1909/1585/1063 1908/1584/1062 1896/1572/1050
f 1898/1574/1052 1910/1586/1064 1909/1585/1063 1897/1573/1051
f 1899/1575/1053 1911/1587/1065 1910/1586/1064 1898/1574/1052
f 1900/1576/1054 1912/1588/1066 1911/1587/1065 1899/1575/1053
f 1901/1577/1055 1913/1589/1067 1912/1588/1066 1900/1576/1054
f 1902/1578/1056 1914/1590/1068 1913/1589/1067 1901/1577/1055
f 1903/1579/1057 1915/1591/1069 1914/1590/1068 1902/1578/1056
f 1904/1580/1058 1916/1592/1070 1915/1591/1069 1903/1579/1057
f 1906/1581/1059 1918/1593/1071 1917/1594/1072 1905/1582/1060
f 1907/1583/1061 1919/1595/1073 1918/1593/1071 1906/1581/1059
f 1908/1584/1062 1920/1596/1074 1919/1595/1073 1907/1583/1061
f 1909/1585/1063 1921/1597/1075 1920/1596/1074 1908/1584/1062
f 1910/1586/1064 1922/1598/1076 1921/1597/1075 1909/1585/1063
f 1911/1587/1065 1923/1599/1077 1922/1598/1076 1910/1586/1064
f 1912/1588/1066 1924/1600/1078 1923/1599/1077 1911/1587/1065
f 1913/1589/1067 1925/1601/1079 1924/1600/1078 1912/1588/1066
f 1914/1590/1068 1926/1602/1080 1925/1601/1079 1913/1589/1067
f 1915/1591/1069 1927/1603/1081 1926/1602/1080 1914/1590/1068
f 1916/1592/1070 1928/1604/1082 1927/1603/1081 1915/1591/1069
f 1918/1593/1071 1930/1605/1083 1929/1606/1084 1917/1594/1072
f 1919/1595/1073 1931/1607/1085 1930/1605/1083 1918/1593/1071
f 1920/1596/1074 1932/1608/1086 1931/1607/1085 1919/1595/1073
f 1921/1597/1075 1933/1609/1087 1932/1608/1086 1920/1596/1074
f 1922/1598/1076 1934/1610/1088 1933/1609/1087 1921/1597/1075
f 1923/1599/1077 1935/1611/1089 1934/1610/1088 1922/1598/1076
f 1924/1600/1078 1936/1612/1090 1935/1611/1089 1923/1599/1077
f 1925/1601/1079 1937/1613/1091 1936/1612/1090 1924/1600/1078
f 1926/1602/1080 1938/1614/1092 1937/1613/1091 1925/1601/1079
f 1927/1603/1081 1939/1615/1093 1938/1614/1092 1926/1602/1080
f 1928/1604/1082 1940/1616/1094 1939/1615/1093 1927/1603/1081
f 1930/1605/1083 1942/1617/1095 1941/1618/1096 1929/1606/1084
f 1931/1607/1085 1943/1619/1097 1942/1617/1095 1930/1605/1083
f 1932/1608/1086 1944/1620/1098 1943/1619/1097 1931/1607/1085
f 1933/1609/1087 1945/1621/1099 1944/1620/1098 1932/1608/1086
f 1934/1610/1088 1946/1622/1100 1945/1621/1099 1933/1609/1087
f 1935/1611/1089 1947/1623/1101 1946/1622/1100 1934/1610/1088
f 1936/1612/1090 1948/1624/1102 1947/1623/1101 1935/1611/1089
f 1937/1613/1091 1949/1625/1103 1948/1624/1102 1936/1612/1090
f 1938/1614/1092 1950/1626/1104 1949/1625/1103 1937/1613/1091
f 1939/1615/1093 1951/1627/1105 1950/1626/1104 1938/1614/1092
f 1940/1616/1094 1952/1628/1106 1951/1627/1105 1939/1615/1093
f 1942/1617/1095 1954/1629/1107 1953/1630/1108 1941/1618/1096
f 1943/1619/1097 1955/1631/1109 1954/1629/1107 1942/1617/1095
f 1944/1620/1098 1956/1632/1110 1955/1631/1109 1943/1619/1097
f 1945/1621/1099 1957/1633/1111 1956/1632/1110 1944/1620/1098
f 1946/1622/1100 1958/1634/1112 1957/1633/1111 1945/1621/1099
f 1947/1623/1101 1959/1635/1113 1958/1634/1112 1946/1622/1100
f 1948/1624/1102 1960/1636/1114 1959/1635/1113 1947/1623/1101
f 1949/1625/1103 1961/1637/1115 1960/1636/1114 1948/1624/1102
f 1950/1626/1104 1962/1638/1116 1961/1637/1115 1949/1625/1103
f 1951/1627/1105 1963/1639/1117 1962/1638/1116 1950/1626/1104
f 1952/1628/1106 1964/1640/1118 1963/1639/1117 1951/1627/1105
f 1954/1629/1107 1966/1641/1119 1965/1642/1120 1953/1630/1108
f 1955/1631/1109 1967/1643/1121 1966/1641/1119 1954/1629/1107
f 1956/1632/1110 1968/1644/1122 1967/1643/1121 1955/1631/1109
f 1957/1633/1111 1969/1645/1123 1968/1644/1122 1956/1632/1110
f 1958/1634/1112 1970/1646/1124 1969/1645/1123 1957/1633/1111
f 1959/1635/1113 1971/1647/1125 1970/1646/1124 1958/1634/1112
f 1960/1636/1114 1972/1648/1126 1971/1647/1125 1959/1635/1113
f 1961/1637/1115 1973/1649/1127 1972/1648/1126 1960/1636/1114
f 1962/1638/1116 1974/1650/1128 1973/1649/1127 1961/1637/1115
f 1963/1639/1117 1975/1651/1129 1974/1650/1128 1962/1638/1116
f 1964/1640/1118 1976/1652/1130 1975/1651/1129 1963/1639/1117
f 1966/1641/1119 1978/1653/1131 1977/1654/1132 1965/1642/1120
f 1967/1643/1121 1979/1655/1133 1978/1653/1131 1966/1641/1119
f 1968/1644/1122 1980/1656/1134 1979/1655/1133 1967/1643/1121
f 1969/1645/1123 1981/1657/1135 1980/1656/1134 1968/1644/1122
f 1970/1646/1124 1982/1658/1136 1981/1657/1135 1969/1645/1123
f 1971/1647/1125 1983/1659/1137 1982/1658/1136 1970/1646/1124
f 1972/1648/1126 1984/1660/1138 1983/1659/1137 1971/1647/1125
f 1973/1649/1127 1985/1661/1139 1984/1660/1138 1972/1648/1126
f 1974/1650/1128 1986/1662/1140 1985/1661/1139 1973/1649/1127
f 1975/1651/1129 1987/1663/1141 1986/1662/1140 1974/1650/1128
f 1976/1652/1130 1988/1664/1142 1987/1663/1141 1975/1651/1129
f 1978/1653/1131 1990/1665/1143 1989/1666/1144 1977/1654/1132
f 1979/1655/1133 1991/1667/1145 1990/1665/1143 1978/1653/1131
f 1980/1656/1134 1992/1668/1146 1991/1667/1145 1979/1655/1133
f 1981/1657/1135 1993/1669/1147 1992/1668/1146 1980/1656/1134
f 1982/1658/1136 1994/1670/1148 1993/1669/1147 1981/1657/1135
f 1983/1659/1137 1995/1671/1149 1994/1670/1148 1982/1658/1136
f 1984/1660/1138 1996/1672/1150 1995/1671/1149 1983/1659/1137
f 1985/1661/1139 1997/1673/1151 1996/1672/1150 1984/1660/1138
f 1986/1662/1140 1998/1674/1152 1997/1673/1151 1985/1661/1139
f 1987/1663/1141 1999/1675/1153 1998/1674/1152 1986/1662/1140
f 1988/1664/1142 2000/1676/1154 1999/1675/1153 1987/1663/1141
f 1990/1665/1143 2002/1677/1155 2001/1678/1156 1989/1666/1144
f 1991/1667/1145 2003/1679/1157 2002/1677/1155 1990/1665/1143
f 1992/1668/1146 2004/1680/1158 2003/1679/1157 1991/1667/1145
f 1993/1669/1147 2005/1681/1159 2004/1680/1158 1992/1668/1146
f 1994/1670/1148 2006/1682/1160 2005/1681/1159 1993/1669/1147
f 1995/1671/1149 2007/1683/1161 2006/1682/1160 1994/1670/1148
f 1996/1672/1150 2008/1684/1162 2007/1683/1161 1995/1671/1149
f 1997/1673/1151 2009/1685/1163 2008/1684/1162 1996/1672/1150
f 1998/1674/1152 2010/1686/1164 2009/1685/1163 1997/1673/1151
f 1999/1675/1153 2011/1687/1165 2010/1686/1164 1998/1674/1152
f 2000/1676/1154 2012/1688/1166 2011/1687/1165 1999/1675/1153
f 2002/1677/1155 2014/1689/1167 2013/1690/1168 2001/1678/1156
f 2003/1679/1157 2015/1691/1169 2014/1689/1167 2002/1677/1155
f 2004/1680/1158 2016/1692/1170 2015/1691/1169 2003/1679/1157
f 2005/1681/1159 2017/1693/1171 2016/1692/1170 2004/1680/1158
f 2006/1682/1160 2018/1694/1172 2017/1693/1171 2005/1681/1159
f 2007/1683/1161 2019/1695/1173 2018/1694/1172 2006/1682/1160
f 2008/1684/1162 2020/1696/1174 2019/1695/1173 2007/1683/1161
f 2009/1685/1163 2021/1697/1175 2020/1696/1174 2008/1684/1162
f 2010/1686/1164 2022/1698/1176 2021/1697/1175 2009/1685/1163
f 2011/1687/1165 2023/1699/1177 2022/1698/1176 2010/1686/1164
f 2012/1688/1166 2024/1700/1178 2023/1699/1177 2011/1687/1165
f 2014/1689/1167 2026/1701/1179 2025/1702/1180 2013/1690/1168
f 2015/1691/1169 2027/1703/1181 2026/1701/1179 2014/1689/1167
f 2016/1692/1170 2028/1704/1182 2027/1703/1181 2015/1691/1169
f 2017/1693/1171 2029/1705/1183 2028/1704/1182 2016/1692/1170
f 2018/1694/1172 2030/1706/1184 2029/1705/1183 2017/1693/1171
f 2019/1695/1173 2031/1707/1185 2030/1706/1184 2018/1694/1172
f 2020/1696/1174 2032/1708/1186 2031/1707/1185 2019/1695/1173
f 2021/1697/1175 2033/1709/1187 2032/1708/1186 2020/1696/1174
f 2022/1698/1176 2034/1710/1188 2033/1709/1187 2021/1697/1175
f 2023/1699/1177 2035/1711/1189 2034/1710/1188 2022/1698/1176
f 2024/1700/1178 2036/1712/1190 2035/1711/1189 2023/1699/1177
f 2026/1701/1179 2038/1713/1191 2037/1714/1192 2025/1702/1180
f 2027/1703/1181 2039/1715/1193 2038/1713/1191 2026/1701/1179
f 2028/1704/1182 2040/1716/1194 2039/1715/1193 2027/1703/1181
f 2029/1705/1183 2041/1717/1195 2040/1716/1194 2028/1704/1182
f 2030/1706/1184 2042/1718/1196 2041/1717/1195 2029/1705/1183
f 2031/1707/1185 2043/1719/1197 2042/1718/1196 2030/1706/1184
f 2032/1708/1186 2044/1720/1198 2043/1719/1197 2031/1707/1185
f 2033/1709/1187 2045/1721/1199 2044/1720/1198 2032/1708/1186
f 2034/1710/1188 2046/1722/1200 2045/1721/1199 2033/1709/1187
f 2035/1711/1189 2047/1723/1201 2046/1722/1200 2034/1710/1188
f 2036/1712/1190 2048/1724/1202 2047/1723/1201 2035/1711/1189
f 2038/1713/1191 2050/1725/1203 2049/1726/1204 2037/1714/1192
f 2039/1715/1193 2051/1727/1205 2050/1725/1203 2038/1713/1191
f 2040/1716/1194 2052/1728/1206 2051/1727/1205 2039/1715/1193
f 2041/1717/1195 2053/1729/1207 2052/1728/1206 2040/1716/1194
f 2042/1718/1196 2054/1730/1208 2053/1729/1207 2041/1717/1195
f 2043/1719/1197 2055/1731/1209 2054/1730/1208 2042/1718/1196
f 2044/1720/1198 2056/1732/1210 2055/1731/1209 2043/1719/1197
f 2045/1721/1199 2057/1733/1211 2056/1732/1210 2044/1720/1198
f 2046/1722/1200 2058/1734/1212 2057/1733/1211 2045/1721/1199
f 2047/1723/1201 2059/1735/1213 2058/1734/1212 2046/1722/1200
f 2048/1724/1202 2060/1736/1214 2059/1735/1213 2047/1723/1201
f 2050/1725/1203 2062/1737/1215 2061/1738/1216 2049/1726/1204
f 2051/1727/1205 2063/1739/1217 2062/1737/1215 2050/1725/1203
f 2052/1728/1206 2064/1740/1218 2063/1739/1217 2051/1727/1205
f 2053/1729/1207 2065/1741/1219 2064/1740/1218 2052/1728/1206
f 2054/1730/1208 2066/1742/1220 2065/1741/1219 2053/1729/1207
f 2055/1731/1209 2067/1743/1221 2066/1742/1220 2054/1730/1208
f 2056/1732/1210 2068/1744/1222 2067/1743/1221 2055/1731/1209
f 2057/1733/1211 2069/1745/1223 2068/1744/1222 2056/1732/1210
f 2058/1734/1212 2070/1746/1224 2069/1745/1223 2057/1733/1211
f 2059/1735/1213 2071/1747/1225 2070/1746/1224 2058/1734/1212
f 2060/1736/1214 2072/1748/1226 2071/1747/1225 2059/1735/1213
f 2062/1737/1215 2074/1749/1227 2073/1750/1228 2061/1738/1216
f 2063/1739/1217 2075/1751/1229 2074/1749/1227 2062/1737/1215
f 2064/1740/1218 2076/1752/1230 2075/1751/1229 2063/1739/1217
f 2065/1741/1219 2077/1753/1231 2076/1752/1230 2064/1740/1218
f 2066/1742/1220 2078/1754/1232 2077/1753/1231 2065/1741/1219
f 2067/1743/1221 2079/1755/1233 2078/1754/1232 2066/1742/1220
f 2068/1744/1222 2080/1756/1234 2079/1755/1233 2067/1743/1221
f 2069/1745/1223 2081/1757/1235 2080/1756/1234 2068/1744/1222
f 2070/1746/1224 2082/1758/1236 2081/1757/1235 2069/1745/1223
f 2071/1747/1225 2083/1759/1237 2082/1758/1236 2070/1746/1224
f 2072/1748/1226 2084/1760/1238 2083/1759/1237 2071/1747/1225
f 2074/1749/1227 2086/1761/1239 2085/1762/1240 2073/1750/1228
f 2075/1751/1229 2087/1763/1241 2086/1761/1239 2074/1749/1227
f 2076/1752/1230 2088/1764/1242 2087/1763/1241 2075/1751/1229
f 2077/1753/1231 2089/1765/1243 2088/1764/1242 2076/1752/1230
f 2078/1754/1232 2090/1766/1244 2089/1765/1243 2077/1753/1231
f 2079/1755/1233 2091/1767/1245 2090/1766/1244 2078/1754/1232
f 2080/1756/1234 2092/1768/1246 2091/1767/1245 2079/1755/1233
f 2081/1757/1235 2093/1769/1247 2092/1768/1246 2080/1756/1234
f 2082/1758/1236 2094/1770/1248 2093/1769/1247 2081/1757/1235
f 2083/1759/1237 2095/1771/1249 2094/1770/1248 2082/1758/1236
f 2084/1760/1238 2096/1772/1250 2095/1771/1249 2083/1759/1237
f 2086/1761/1239 2098/1773/1251 2097/1774/1252 2085/1762/1240
f 2087/1763/1241 2099/1775/1253 2098/1773/1251 2086/1761/1239
f 2088/1764/1242 2100/1776/1254 2099/1775/1253 2087/1763/1241
f 2089/1765/1243 2101/1777/1255 2100/1776/1254 2088/1764/1242
f 2090/1766/1244 2102/1778/1256 2101/1777/1255 2089/1765/1243
f 2091/1767/1245 2103/1779/1257 2102/1778/1256 2090/1766/1244
f 2092/1768/1246 2104/1780/1258 2103/1779/1257 2091/1767/1245
f 2093/1769/1247 2105/1781/1259 2104/1780/1258 2092/1768/1246
f 2094/1770/1248 2106/1782/1260 2105/1781/1259 2093/1769/1247
f 2095/1771/1249 2107/1783/1261 2106/1782/1260 2094/1770/1248
f 2096/1772/1250 2108/1784/1262 2107/1783/1261 2095/1771/1249
f 2098/1773/1251 2110/1785/1263 2109/1786/1264 2097/1774/1252
f 2099/1775/1253 2111/1787/1265 2110/1785/1263 2098/1773/1251
f 2100/1776/1254 2112/1788/1266 2111/1787/1265 2099/1775/1253
f 2101/1777/1255 2113/1789/1267 2112/1788/1266 2100/1776/1254
f 2102/1778/1256 2114/1790/1268 2113/1789/1267 2101/1777/1255
f 2103/1779/1257 2115/1791/1269 2114/1790/1268 2102/1778/1256
f 2104/1780/1258 2116/1792/1270 2115/1791/1269 2103/1779/1257
f 2105/1781/1259 2117/1793/1271 2116/1792/1270 2104/1780/1258
f 2106/1782/1260 2118/1794/1272 2117/1793/1271 2105/1781/1259
f 2107/1783/1261 2119/1795/1273 2118/1794/1272 2106/1782/1260
f 2108/1784/1262 2120/1796/1274 2119/1795/1273 2107/1783/1261
f 2110/1785/1263 2122/1797/1275 2121/1798/1276 2109/1786/1264
f 2111/1787/1265 2123/1799/1277 2122/1797/1275 2110/1785/1263
f 2112/1788/1266 2124/1800/1278 2123/1799/1277 2111/1787/1265
f 2113/1789/1267 2125/1801/1279 2124/1800/1278 2112/1788/1266
f 2114/1790/1268 2126/1802/1280 2125/1801/1279 2113/1789/1267
f 2115/1791/1269 2127/1803/1281 2126/1802/1280 2114/1790/1268
f 2116/1792/1270 2128/1804/1282 2127/1803/1281 2115/1791/1269
f 2117/1793/1271 2129/1805/1283 2128/1804/1282 2116/1792/1270
f 2118/1794/1272 2130/1806/1284 2129/1805/1283 2117/1793/1271
f 2119/1795/1273 2131/1807/1285 2130/1806/1284 2118/1794/1272
f 2120/1796/1274 2132/1808/1286 2131/1807/1285 2119/1795/1273
f 2122/1797/1275 2134/1809/1287 2133/1810/1288 2121/1798/1276
f 2123/1799/1277 2135/1811/1289 2134/1809/1287 2122/1797/1275
f 2124/1800/1278 2136/1812/1290 2135/1811/1289 2123/1799/1277
f 2125/1801/1279 2137/1813/1291 2136/1812/1290 2124/1800/1278
f 2126/1802/1280 2138/1814/1292 2137/1813/1291 2125/1801/1279
f 2127/1803/1281 2139/1815/1293 2138/1814/1292 2126/1802/1280
f 2128/1804/1282 2140/1816/1294 2139/1815/1293 2127/1803/1281
f 2129/1805/1283 2141/1817/1295 2140/1816/1294 2128/1804/1282
f 2130/1806/1284 2142/1818/1296 2141/1817/1295 2129/1805/1283
f 2131/1807/1285 2143/1819/1297 2142/1818/1296 2130/1806/1284
f 2132/1808/1286 2144/1820/1298 2143/1819/1297 2131/1807/1285
f 2134/1809/1287 2146/1821/1299 2145/1822/1300 2133/1810/1288
f 2135/1811/1289 2147/1823/1301 2146/1821/1299 2134/1809/1287
f 2136/1812/1290 2148/1824/1302 2147/1823/1301 2135/1811/1289
f 2137/1813/1291 2149/1825/1303 2148/1824/1302 2136/1812/1290
f 2138/1814/1292 2150/1826/1304 2149/1825/1303 2137/1813/1291
f 2139/1815/1293 2151/1827/1305 2150/1826/1304 2138/1814/1292
f 2140/1816/1294 2152/1828/1306 2151/1827/1305 2139/1815/1293
f 2141/1817/1295 2153/1829/1307 2152/1828/1306 2140/1816/1294
f 2142/1818/1296 2154/1830/1308 2153/1829/1307 2141/1817/1295
f 2143/1819/1297 2155/1831/1309 2154/1830/1308 2142/1818/1296
f 2144/1820/1298 2156/1832/1310 2155/1831/1309 2143/1819/1297
f 2146/1821/1299 2158/1833/1311 2157/1834/1312 2145/1822/1300
f 2147/1823/1301 2159/1835/1313 2158/1833/1311 2146/1821/1299
f 2148/1824/1302 2160/1836/1314 2159/1835/1313 2147/1823/1301
f 2149/1825/1303 2161/1837/1315 2160/1836/1314 2148/1824/1302
f 2150/1826/1304 2162/1838/1316 2161/1837/1315 2149/1825/1303
f 2151/1827/1305 2163/1839/1317 2162/1838/1316 2150/1826/1304
f 2152/1828/1306 2164/1840/1318 2163/1839/1317 2151/1827/1305
f 2153/1829/1307 2165/1841/1319 2164/1840/1318 2152/1828/1306
f 2154/1830/1308 2166/1842/1320 2165/1841/1319 2153/1829/1307
f 2155/1831/1309 2167/1843/1321 2166/1842/1320 2154/1830/1308
f 2156/1832/1310 2168/1844/1322 2167/1843/1321 2155/1831/1309
f 2158/1833/1311 2170/1845/1323 2169/1846/1324 2157/1834/1312
f 2159/1835/1313 2171/1847/1325 2170/1845/1323 2158/1833/1311
f 2160/1836/1314 2172/1848/1326 2171/1847/1325 2159/1835/1313
f 2161/1837/1315 2173/1849/1327 2172/1848/1326 2160/1836/1314
f 2162/1838/1316 2174/1850/1328 2173/1849/1327 2161/1837/1315
f 2163/1839/1317 2175/1851/1329 2174/1850/1328 2162/1838/1316
f 2164/1840/1318 2176/1852/1330 2175/1851/1329 2163/1839/1317
f 2165/1841/1319 2177/1853/1331 2176/1852/1330 2164/1840/1318
f 2166/1842/1320 2178/1854/1332 2177/1853/1331 2165/1841/1319
f 2167/1843/1321 2179/1855/1333 2178/1854/1332 2166/1842/1320
f 2168/1844/1322 2180/1856/1334 2179/1855/1333 2167/1843/1321
f 2170/1845/1323 2182/1857/1335 2181/1858/940 2169/1846/1324
f 2171/1847/1325 2183/1859/1336 2182/1857/1335 2170/1845/1323
f 2172/1848/1326 2184/1860/1337 2183/1859/1336 2171/1847/1325
f 2173/1849/1327 2185/1861/1338 2184/1860/1337 2172/1848/1326
f 2174/1850/1328 2186/1862/1339 2185/1861/1338 2173/1849/1327
f 2175/1851/1329 2187/1863/1340 2186/1862/1339 2174/1850/1328
f 2176/1852/1330 2188/1864/1341 2187/1863/1340 2175/1851/1329
f 2177/1853/1331 2189/1865/1342 2188/1864/1341 2176/1852/1330
f 2178/1854/1332 2190/1866/1343 2189/1865/1342 2177/1853/1331
f 2179/1855/1333 2191/1867/1344 2190/1866/1343 2178/1854/1332
f 2180/1856/1334 2192/1868/1345 2191/1867/1344 2179/1855/1333
f 2182/1857/1335 2194/1869/1346 2193/1870/1347 2181/1858/940
f 2183/1859/1336 2195/1871/1348 2194/1869/1346 2182/1857/1335
f 2184/1860/1337 2196/1872/1349 2195/1871/1348 2183/1859/1336
f 2185/1861/1338 2197/1873/1350 2196/1872/1349 2184/1860/1337
f 2186/1862/1339 2198/1874/1351 2197/1873/1350 2185/1861/1338
f 2187/1863/1340 2199/1875/1352 2198/1874/1351 2186/1862/1339
f 2188/1864/1341 2200/1876/1353 2199/1875/1352 2187/1863/1340
f 2189/1865/1342 2201/1877/1354 2200/1876/1353 2188/1864/1341
f 2190/1866/1343 2202/1878/1355 2201/1877/1354 2189/1865/1342
f 2191/1867/1344 2203/1879/1356 2202/1878/1355 2190/1866/1343
f 2192/1868/1345 2204/1880/1357 2203/1879/1356 2191/1867/1344
f 2194/1869/1346 2206/1881/1358 2205/1882/1359 2193/1870/1347
f 2195/1871/1348 2207/1883/1360 2206/1881/1358 2194/1869/1346
f 2196/1872/1349 2208/1884/1361 2207/1883/1360 2195/1871/1348
f 2197/1873/1350 2209/1885/1362 2208/1884/1361 2196/1872/1349
f 2198/1874/1351 2210/1886/1363 2209/1885/1362 2197/1873/1350
f 2199/1875/1352 2211/1887/1364 2210/1886/1363 2198/1874/1351
f 2200/1876/1353 2212/1888/1365 2211/1887/1364 2199/1875/1352
f 2201/1877/1354 2213/1889/1366 2212/1888/1365 2200/1876/1353
f 2202/1878/1355 2214/1890/1367 2213/1889/1366 2201/1877/1354
f 2203/1879/1356 2215/1891/1368 2214/1890/1367 2202/1878/1355
f 2204/1880/1357 2216/1892/1369 2215/1891/1368 2203/1879/1356
f 2206/1881/1358 2218/1893/1370 2217/1894/1371 2205/1882/1359
f 2207/1883/1360 2219/1895/1372 2218/1893/1370 2206/1881/1358
f 2208/1884/1361 2220/1896/1373 2219/1895/1372 2207/1883/1360
f 2209/1885/1362 2221/1897/1374 2220/1896/1373 2208/1884/1361
f 2210/1886/1363 2222/1898/1375 2221/1897/1374 2209/1885/1362
f 2211/1887/1364 2223/1899/1376 2222/1898/1375 2210/1886/1363
f 2212/1888/1365 2224/1900/1377 2223/1899/1376 2211/1887/1364
f 2213/1889/1366 2225/1901/1378 2224/1900/1377 2212/1888/1365
f 2214/1890/1367 2226/1902/1379 2225/1901/1378 2213/1889/1366
f 2215/1891/1368 2227/1903/1380 2226/1902/1379 2214/1890/1367
f 2216/1892/1369 2228/1904/1381 2227/1903/1380 2215/1891/1368
f 2218/1893/1370 2230/1905/1382 2229/1906/1383 2217/1894/1371
f 2219/1895/1372 2231/1907/1384 2230/1905/1382 2218/1893/1370
f 2220/1896/1373 2232/1908/1385 2231/1907/1384 2219/1895/1372
f 2221/1897/1374 2233/1909/1386 2232/1908/1385 2220/1896/1373
f 2222/1898/1375 2234/1910/1387 2233/1909/1386 2221/1897/1374
f 2223/1899/1376 2235/1911/1388 2234/1910/1387 2222/1898/1375
f 2224/1900/1377 2236/1912/1389 2235/1911/1388 2223/1899/1376
f 2225/1901/1378 2237/1913/1390 2236/1912/1389 2224/1900/1377
f 2226/1902/1379 2238/1914/1391 2237/1913/1390 2225/1901/1378
f 2227/1903/1380 2239/1915/1392 2238/1914/1391 2226/1902/1379
f 2228/1904/1381 2240/1916/1393 2239/1915/1392 2227/1903/1380
f 2230/1905/1382 2242/1917/1394 2241/1918/1395 2229/1906/1383
f 2231/1907/1384 2243/1919/1396 2242/1917/1394 2230/1905/1382
f 2232/1908/1385 2244/1920/1397 2243/1919/1396 2231/1907/1384
f 2233/1909/1386 2245/1921/1398 2244/1920/1397 2232/1908/1385
f 2234/1910/1387 2246/1922/1399 2245/1921/1398 2233/1909/1386
f 2235/1911/1388 2247/1923/1400 2246/1922/1399 2234/1910/1387
f 2236/1912/1389 2248/1924/1401 2247/1923/1400 2235/1911/1388
f 2237/1913/1390 2249/1925/1402 2248/1924/1401 2236/1912/1389
f 2238/1914/1391 2250/1926/1403 2249/1925/1402 2237/1913/1390
f 2239/1915/1392 2251/1927/1404 2250/1926/1403 2238/1914/1391
f 2240/1916/1393 2252/1928/1405 2251/1927/1404 2239/1915/1392
f 2242/1917/1394 2254/1929/1406 2253/1930/1407 2241/1918/1395
f 2243/1919/1396 2255/1931/1408 2254/1929/1406 2242/1917/1394
f 2244/1920/1397 2256/1932/1409 2255/1931/1408 2243/1919/1396
f 2245/1921/1398 2257/1933/1410 2256/1932/1409 2244/1920/1397
f 2246/1922/1399 2258/1934/1411 2257/1933/1410 2245/1921/1398
f 2247/1923/1400 2259/1935/1412 2258/1934/1411 2246/1922/1399
f 2248/1924/1401 2260/1936/1413 2259/1935/1412 2247/1923/1400
f 2249/1925/1402 2261/1937/1414 2260/1936/1413 2248/1924/1401
f 2250/1926/1403 2262/1938/1415 2261/1937/1414 2249/1925/1402
f 2251/1927/1404 2263/1939/1416 2262/1938/1415 2250/1926/1403
f 2252/1928/1405 2264/1940/1417 2263/1939/1416 2251/1927/1404
f 2254/1929/1406 2266/1941/1418 2265/1942/1419 2253/1930/1407
f 2255/1931/1408 2267/1943/1420 2266/1941/1418 2254/1929/1406
f 2256/1932/1409 2268/1944/1421 2267/1943/1420 2255/1931/1408
f 2257/1933/1410 2269/1945/1422 2268/1944/1421 2256/1932/1409
f 2258/1934/1411 2270/1946/1423 2269/1945/1422 2257/1933/1410
f 2259/1935/1412 2271/1947/1424 2270/1946/1423 2258/1934/1411
f 2260/1936/1413 2272/1948/1425 2271/1947/1424 2259/1935/1412
f 2261/1937/1414 2273/1949/1426 2272/1948/1425 2260/1936/1413
f 2262/1938/1415 2274/1950/1427 2273/1949/1426 2261/1937/1414
f 2263/1939/1416 2275/1951/1428 2274/1950/1427 2262/1938/1415
f 2264/1940/1417 2276/1952/1429 2275/1951/1428 2263/1939/1416
f 2266/1941/1418 2278/1953/1430 2277/1954/1431 2265/1942/1419
f 2267/1943/1420 2279/1955/1432 2278/1953/1430 2266/1941/1418
f 2268/1944/1421 2280/1956/1433 2279/1955/1432 2267/1943/1420
f 2269/1945/1422 2281/1957/1434 2280/1956/1433 2268/1944/1421
f 2270/1946/1423 2282/1958/1435 2281/1957/1434 2269/1945/1422
f 2271/1947/1424 2283/1959/1436 2282/1958/1435 2270/1946/1423
f 2272/1948/1425 2284/1960/1437 2283/1959/1436 2271/1947/1424
f 2273/1949/1426 2285/1961/1438 2284/1960/1437 2272/1948/1425
f 2274/1950/1427 2286/1962/1439 2285/1961/1438 2273/1949/1426
f 2275/1951/1428 2287/1963/1440 2286/1962/1439 2274/1950/1427
f 2276/1952/1429 2288/1964/1441 2287/1963/1440 2275/1951/1428
f 2278/1953/1430 2290/1965/1442 2289/1966/1443 2277/1954/1431
f 2279/1955/1432 2291/1967/1444 2290/1965/1442 2278/1953/1430
f 2280/1956/1433 2292/1968/1445 2291/1967/1444 2279/1955/1432
f 2281/1957/1434 2293/1969/1446 2292/1968/1445 2280/1956/1433
f 2282/1958/1435 2294/1970/1447 2293/1969/1446 2281/1957/1434
f 2283/1959/1436 2295/1971/1448 2294/1970/1447 2282/1958/1435
f 2284/1960/1437 2296/1972/1449 2295/1971/1448 2283/1959/1436
f 2285/1961/1438 2297/1973/1450 2296/1972/1449 2284/1960/1437
f 2286/1962/1439 2298/1974/1451 2297/1973/1450 2285/1961/1438
f 2287/1963/1440 2299/1975/1452 2298/1974/1451 2286/1962/1439
f 2288/1964/1441 2300/1976/1453 2299/1975/1452 2287/1963/1440
f 2290/1965/1442 2302/1977/1454 2301/1978/1455 2289/1966/1443
f 2291/1967/1444 2303/1979/1456 2302/1977/1454 2290/1965/1442
f 2292/1968/1445 2304/1980/1457 2303/1979/1456 2291/1967/1444
f 2293/1969/1446 2305/1981/1458 2304/1980/1457 2292/1968/1445
f 2294/1970/1447 2306/1982/1459 2305/1981/1458 2293/1969/1446
f 2295/1971/1448 2307/1983/1460 2306/1982/1459 2294/1970/1447
f 2296/1972/1449 2308/1984/1461 2307/1983/1460 2295/1971/1448
f 2297/1973/1450 2309/1985/1462 2308/1984/1461 2296/1972/1449
f 2298/1974/1451 2310/1986/1463 2309/1985/1462 2297/1973/1450
f 2299/1975/1452 2311/1987/1464 2310/1986/1463 2298/1974/1451
f 2300/1976/1453 2312/1988/1465 2311/1987/1464 2299/1975/1452
f 2302/1977/1454 2314/1989/1466 2313/1990/1467 2301/1978/1455
f 2303/1979/1456 2315/1991/1468 2314/1989/1466 2302/1977/1454
f 2304/1980/1457 2316/1992/1469 2315/1991/1468 2303/1979/1456
f 2305/1981/1458 2317/1993/1470 2316/1992/1469 2304/1980/1457
f 2306/1982/1459 2318/1994/1471 2317/1993/1470 2305/1981/1458
f 2307/1983/1460 2319/1995/1472 2318/1994/1471 2306/1982/1459
f 2308/1984/1461 2320/1996/1473 2319/1995/1472 2307/1983/1460
f 2309/1985/1462 2321/1997/1474 2320/1996/1473 2308/1984/1461
f 2310/1986/1463 2322/1998/1475 2321/1997/1474 2309/1985/1462
f 2311/1987/1464 2323/1999/1476 2322/1998/1475 2310/1986/1463
f 2312/1988/1465 2324/2000/1477 2323/1999/1476 2311/1987/1464
f 2314/1989/1466 2326/2001/1478 2325/2002/1479 2313/1990/1467
f 2315/1991/1468 2327/2003/1480 2326/2001/1478 2314/1989/1466
f 2316/1992/1469 2328/2004/1481 2327/2003/1480 2315/1991/1468
f 2317/1993/1470 2329/2005/1482 2328/2004/1481 2316/1992/1469
f 2318/1994/1471 2330/2006/1483 2329/2005/1482 2317/1993/1470
f 2319/1995/1472 2331/2007/1484 2330/2006/1483 2318/1994/1471
f 2320/1996/1473 2332/2008/1485 2331/2007/1484 2319/1995/1472
f 2321/1997/1474 2333/2009/1486 2332/2008/1485 2320/1996/1473
f 2322/1998/1475 2334/2010/1487 2333/2009/1486 2321/1997/1474
f 2323/1999/1476 2335/2011/1488 2334/2010/1487 2322/1998/1475
f 2324/2000/1477 2336/2012/1489 2335/2011/1488 2323/1999/1476
f 2326/2001/1478 2338/2013/1490 2337/2014/1491 2325/2002/1479
f 2327/2003/1480 2339/2015/1492 2338/2013/1490 2326/2001/1478
f 2328/2004/1481 2340/2016/1493 2339/2015/1492 2327/2003/1480
f 2329/2005/1482 2341/2017/1494 2340/2016/1493 2328/2004/1481
f 2330/2006/1483 2342/2018/1495 2341/2017/1494 2329/2005/1482
f 2331/2007/1484 2343/2019/1496 2342/2018/1495 2330/2006/1483
f 2332/2008/1485 2344/2020/1497 2343/2019/1496 2331/2007/1484
f 2333/2009/1486 2345/2021/1498 2344/2020/1497 2332/2008/1485
f 2334/2010/1487 2346/2022/1499 2345/2021/1498 2333/2009/1486
f 2335/2011/1488 2347/2023/1500 2346/2022/1499 2334/2010/1487
f 2336/2012/1489 2348/2024/1501 2347/2023/1500 2335/2011/1488
f 2338/2013/1490 2350/2025/1502 2349/2026/1503 2337/2014/1491
f 2339/2015/1492 2351/2027/1504 2350/2025/1502 2338/2013/1490
f 2340/2016/1493 2352/2028/1505 2351/2027/1504 2339/2015/1492
f 2341/2017/1494 2353/2029/1506 2352/2028/1505 2340/2016/1493
f 2342/2018/1495 2354/2030/1507 2353/2029/1506 2341/2017/1494
f 2343/2019/1496 2355/2031/1508 2354/2030/1507 2342/2018/1495
f 2344/2020/1497 2356/2032/1509 2355/2031/1508 2343/2019/1496
f 2345/2021/1498 2357/2033/1510 2356/2032/1509 2344/2020/1497
f 2346/2022/1499 2358/2034/1511 2357/2033/1510 2345/2021/1498
f 2347/2023/1500 2359/2035/1512 2358/2034/1511 2346/2022/1499
f 2348/2024/1501 2360/2036/1513 2359/2035/1512 2347/2023/1500
f 2350/2025/1502 2362/2037/1514 2361/2038/1515 2349/2026/1503
f 2351/2027/1504 2363/2039/1516 2362/2037/1514 2350/2025/1502
f 2352/2028/1505 2364/2040/1517 2363/2039/1516 2351/2027/1504
f 2353/2029/1506 2365/2041/1518 2364/2040/1517 2352/2028/1505
f 2354/2030/1507 2366/2042/1519 2365/2041/1518 2353/2029/1506
f 2355/2031/1508 2367/2043/1520 2366/2042/1519 2354/2030/1507
f 2356/2032/1509 2368/2044/1521 2367/2043/1520 2355/2031/1508
f 2357/2033/1510 2369/2045/1522 2368/2044/1521 2356/2032/1509
f 2358/2034/1511 2370/2046/1523 2369/2045/1522 2357/2033/1510
f 2359/2035/1512 2371/2047/1524 2370/2046/1523 2358/2034/1511
f 2360/2036/1513 2372/2048/1525 2371/2047/1524 2359/2035/1512
f 2362/2037/1514 2374/2049/1526 2373/2050/1527 2361/2038/1515
f 2363/2039/1516 2375/2051/1528 2374/2049/1526 2362/2037/1514
f 2364/2040/1517 2376/2052/1529 2375/2051/1528 2363/2039/1516
f 2365/2041/1518 2377/2053/1530 2376/2052/1529 2364/2040/1517
f 2366/2042/1519 2378/2054/1531 2377/2053/1530 2365/2041/1518
f 2367/2043/1520 2379/2055/1532 2378/2054/1531 2366/2042/1519
f 2368/2044/1521 2380/2056/1533 2379/2055/1532 2367/2043/1520
f 2369/2045/1522 2381/2057/1534 2380/2056/1533 2368/2044/1521
f 2370/2046/1523 2382/2058/1535 2381/2057/1534 2369/2045/1522
f 2371/2047/1524 2383/2059/1536 2382/2058/1535 2370/2046/1523
f 2372/2048/1525 2384/2060/1537 2383/2059/1536 2371/2047/1524
f 2374/2049/1526 2386/2061/1538 2385/2062/1539 2373/2050/1527
f 2375/2051/1528 2387/2063/1540 2386/2061/1538 2374/2049/1526
f 2376/2052/1529 2388/2064/1541 2387/2063/1540 2375/2051/1528
f 2377/2053/1530 2389/2065/1542 2388/2064/1541 2376/2052/1529
f 2378/2054/1531 2390/2066/1543 2389/2065/1542 2377/2053/1530
f 2379/2055/1532 2391/2067/1544 2390/2066/1543 2378/2054/1531
f 2380/2056/1533 2392/2068/1545 2391/2067/1544 2379/2055/1532
f 2381/2057/1534 2393/2069/1546 2392/2068/1545 2380/2056/1533
f 2382/2058/1535 2394/2070/1547 2393/2069/1546 2381/2057/1534
f 2383/2059/1536 2395/2071/1548 2394/2070/1547 2382/2058/1535
f 2384/2060/1537 2396/2072/1549 2395/2071/1548 2383/2059/1536
f 2386/2061/1538 2398/2073/1550 2397/2074/1551 2385/2062/1539
f 2387/2063/1540 2399/2075/1552 2398/2073/1550 2386/2061/1538
f 2388/2064/1541 2400/2076/1553 2399/2075/1552 2387/2063/1540
f 2389/2065/1542 2401/2077/1554 2400/2076/1553 2388/2064/1541
f 2390/2066/1543 2402/2078/1555 2401/2077/1554 2389/2065/1542
f 2391/2067/1544 2403/2079/1556 2402/2078/1555 2390/2066/1543
f 2392/2068/1545 2404/2080/1557 2403/2079/1556 2391/2067/1544
f 2393/2069/1546 2405/2081/1558 2404/2080/1557 2392/2068/1545
f 2394/2070/1547 2406/2082/1559 2405/2081/1558 2393/2069/1546
f 2395/2071/1548 2407/2083/1560 2406/2082/1559 2394/2070/1547
f 2396/2072/1549 2408/2084/1561 2407/2083/1560 2395/2071/1548
f 2398/2073/1550 2410/2085/1562 2409/2086/1563 2397/2074/1551
f 2399/2075/1552 2411/2087/1564 2410/2085/1562 2398/2073/1550
f 2400/2076/1553 2412/2088/1565 2411/2087/1564 2399/2075/1552
f 2401/2077/1554 2413/2089/1566 2412/2088/1565 2400/2076/1553
f 2402/2078/1555 2414/2090/1567 2413/2089/1566 2401/2077/1554
f 2403/2079/1556 2415/2091/1568 2414/2090/1567 2402/2078/1555
f 2404/2080/1557 2416/2092/1569 2415/2091/1568 2403/2079/1556
f 2405/2081/1558 2417/2093/1570 2416/2092/1569 2404/2080/1557
f 2406/2082/1559 2418/2094/1571 2417/2093/1570 2405/2081/1558
f 2407/2083/1560 2419/2095/1572 2418/2094/1571 2406/2082/1559
f 2408/2084/1561 2420/2096/1573 2419/2095/1572 2407/2083/1560
f 2410/2085/1562 2422/2097/1574 2421/2098/1575 2409/2086/1563
f 2411/2087/1564 2423/2099/1576 2422/2097/1574 2410/2085/1562
f 2412/2088/1565 2424/2100/1577 2423/2099/1576 2411/2087/1564
f 2413/2089/1566 2425/2101/1578 2424/2100/1577 2412/2088/1565
f 2414/2090/1567 2426/2102/1579 2425/2101/1578 2413/2089/1566
f 2415/2091/1568 2427/2103/1580 2426/2102/1579 2414/2090/1567
f 2416/2092/1569 2428/2104/1581 2427/2103/1580 2415/2091/1568
f 2417/2093/1570 2429/2105/1582 2428/2104/1581 2416/2092/1569
f 2418/2094/1571 2430/2106/1583 2429/2105/1582 2417/2093/1570
f 2419/2095/1572 2431/2107/1584 2430/2106/1583 2418/2094/1571
f 2420/2096/1573 2432/2108/1585 2431/2107/1584 2419/2095/1572
f 2422/2097/1574 2434/2109/1586 2433/2110/1587 2421/2098/1575
f 2423/2099/1576 2435/2111/1588 2434/2109/1586 2422/2097/1574
f 2424/2100/1577 2436/2112/1589 2435/2111/1588 2423/2099/1576
f 2425/2101/1578 2437/2113/1590 2436/2112/1589 2424/2100/1577
f 2426/2102/1579 2438/2114/1591 2437/2113/1590 2425/2101/1578
f 2427/2103/1580 2439/2115/1592 2438/2114/1591 2426/2102/1579
f 2428/2104/1581 2440/2116/1593 2439/2115/1592 2427/2103/1580
f 2429/2105/1582 2441/2117/1594 2440/2116/1593 2428/2104/1581
f 2430/2106/1583 2442/2118/1595 2441/2117/1594 2429/2105/1582
f 2431/2107/1584 2443/2119/1596 2442/2118/1595 2430/2106/1583
f 2432/2108/1585 2444/2120/1597 2443/2119/1596 2431/2107/1584
f 2434/2109/1586 2446/2121/1598 2445/2122/1599 2433/2110/1587
f 2435/2111/1588 2447/2123/1600 2446/2121/1598 2434/2109/1586
f 2436/2112/1589 2448/2124/1601 2447/2123/1600 2435/2111/1588
f 2437/2113/1590 2449/2125/1602 2448/2124/1601 2436/2112/1589
f 2438/2114/1591 2450/2126/1603 2449/2125/1602 2437/2113/1590
f 2439/2115/1592 2451/2127/1604 2450/2126/1603 2438/2114/1591
f 2440/2116/1593 2452/2128/1605 2451/2127/1604 2439/2115/1592
f 2441/2117/1594 2453/2129/1606 2452/2128/1605 2440/2116/1593
f 2442/2118/1595 2454/2130/1607 2453/2129/1606 2441/2117/1594
f 2443/2119/1596 2455/2131/1608 2454/2130/1607 2442/2118/1595
f 2444/2120/1597 2456/2132/1609 2455/2131/1608 2443/2119/1596
f 2446/2121/1598 2458/2133/1610 2457/2134/1611 2445/2122/1599
f 2447/2123/1600 2459/2135/1612 2458/2133/1610 2446/2121/1598
f 2448/2124/1601 2460/2136/1613 2459/2135/1612 2447/2123/1600
f 2449/2125/1602 2461/2137/1614 2460/2136/1613 2448/2124/1601
f 2450/2126/1603 2462/2138/1615 2461/2137/1614 2449/2125/1602
f 2451/2127/1604 2463/2139/1616 2462/2138/1615 2450/2126/1603
f 2452/2128/1605 2464/2140/1617 2463/2139/1616 2451/2127/1604
f 2453/2129/1606 2465/2141/1618 2464/2140/1617 2452/2128/1605
f 2454/2130/1607 2466/2142/1619 2465/2141/1618 2453/2129/1606
f 2455/2131/1608 2467/2143/1620 2466/2142/1619 2454/2130/1607
f 2456/2132/1609 2468/2144/1621 2467/2143/1620 2455/2131/1608
f 2458/2133/1610 2470/2145/1622 2469/2146/1623 2457/2134/1611
f 2459/2135/1612 2471/2147/1624 2470/2145/1622 2458/2133/1610
f 2460/2136/1613 2472/2148/1625 2471/2147/1624 2459/2135/1612
f 2461/2137/1614 2473/2149/1626 2472/2148/1625 2460/2136/1613
f 2462/2138/1615 2474/2150/1627 2473/2149/1626 2461/2137/1614
f 2463/2139/1616 2475/2151/1628 2474/2150/1627 2462/2138/1615
f 2464/2140/1617 2476/2152/1629 2475/2151/1628 2463/2139/1616
f 2465/2141/1618 2477/2153/1630 2476/2152/1629 2464/2140/1617
f 2466/2142/1619 2478/2154/1631 2477/2153/1630 2465/2141/1618
f 2467/2143/1620 2479/2155/1632 2478/2154/1631 2466/2142/1619
f 2468/2144/1621 2480/2156/1633 2479/2155/1632 2467/2143/1620
f 2470/2145/1622 2482/2157/1634 2481/2158/1635 2469/2146/1623
f 2471/2147/1624 2483/2159/1636 2482/2157/1634 2470/2145/1622
f 2472/2148/1625 2484/2160/1637 2483/2159/1636 2471/2147/1624
f 2473/2149/1626 2485/2161/1638 2484/2160/1637 2472/2148/1625
f 2474/2150/1627 2486/2162/1639 2485/2161/1638 2473/2149/1626
f 2475/2151/1628 2487/2163/1640 2486/2162/1639 2474/2150/1627
f 2476/2152/1629 2488/2164/1641 2487/2163/1640 2475/2151/1628
f 2477/2153/1630 2489/2165/1642 2488/2164/1641 2476/2152/1629
f 2478/2154/1631 2490/2166/1643 2489/2165/1642 2477/2153/1630
f 2479/2155/1632 2491/2167/1644 2490/2166/1643 2478/2154/1631
f 2480/2156/1633 2492/2168/1645 2491/2167/1644 2479/2155/1632
f 2482/2157/1634 2494/2169/1646 2493/2170/1647 2481/2158/1635
f 2483/2159/1636 2495/2171/1648 2494/2169/1646 2482/2157/1634
f 2484/2160/1637 2496/2172/1649 2495/2171/1648 2483/2159/1636
f 2485/2161/1638 2497/2173/1650 2496/2172/1649 2484/2160/1637
f 2486/2162/1639 2498/2174/1651 2497/2173/1650 2485/2161/1638
f 2487/2163/1640 2499/2175/1652 2498/2174/1651 2486/2162/1639
f 2488/2164/1641 2500/2176/1653 2499/2175/1652 2487/2163/1640
f 2489/2165/1642 2501/2177/1654 2500/2176/1653 2488/2164/1641
f 2490/2166/1643 2502/2178/1655 2501/2177/1654 2489/2165/1642
f 2491/2167/1644 2503/2179/1656 2502/2178/1655 2490/2166/1643
f 2492/2168/1645 2504/2180/1657 2503/2179/1656 2491/2167/1644
f 2494/2169/1646 2506/2181/1658 2505/2182/1659 2493/2170/1647
f 2495/2171/1648 2507/2183/1660 2506/2181/1658 2494/2169/1646
f 2496/2172/1649 2508/2184/1661 2507/2183/1660 2495/2171/1648
f 2497/2173/1650 2509/2185/1662 2508/2184/1661 2496/2172/1649
f 2498/2174/1651 2510/2186/1663 2509/2185/1662 2497/2173/1650
f 2499/2175/1652 2511/2187/1664 2510/2186/1663 2498/2174/1651
f 2500/2176/1653 2512/2188/1665 2511/2187/1664 2499/2175/1652
f 2501/2177/1654 2513/2189/1666 2512/2188/1665 2500/2176/1653
f 2502/2178/1655 2514/2190/1667 2513/2189/1666 2501/2177/1654
f 2503/2179/1656 2515/2191/1668 2514/2190/1667 2502/2178/1655
f 2504/2180/1657 2516/2192/1669 2515/2191/1668 2503/2179/1656
f 2506/2181/1658 2518/2193/1670 2517/2194/1671 2505/2182/1659
f 2507/2183/1660 2519/2195/1672 2518/2193/1670 2506/2181/1658
f 2508/2184/1661 2520/2196/1673 2519/2195/1672 2507/2183/1660
f 2509/2185/1662 2521/2197/1674 2520/2196/1673 2508/2184/1661
f 2510/2186/1663 2522/2198/1675 2521/2197/1674 2509/2185/1662
f 2511/2187/1664 2523/2199/1676 2522/2198/1675 2510/2186/1663
f 2512/2188/1665 2524/2200/1677 2523/2199/1676 2511/2187/1664
f 2513/2189/1666 2525/2201/1678 2524/2200/1677 2512/2188/1665
f 2514/2190/1667 2526/2202/1679 2525/2201/1678 2513/2189/1666
f 2515/2191/1668 2527/2203/1680 2526/2202/1679 2514/2190/1667
f 2516/2192/1669 2528/2204/1681 2527/2203/1680 2515/2191/1668
f 2518/2193/1670 2530/2205/1682 2529/2206/1683 2517/2194/1671
f 2519/2195/1672 2531/2207/1684 2530/2205/1682 2518/2193/1670
f 2520/2196/1673 2532/2208/1685 2531/2207/1684 2519/2195/1672
f 2521/2197/1674 2533/2209/1686 2532/2208/1685 2520/2196/1673
f 2522/2198/1675 2534/2210/1687 2533/2209/1686 2521/2197/1674
f 2523/2199/1676 2535/2211/1688 2534/2210/1687 2522/2198/1675
f 2524/2200/1677 2536/2212/1689 2535/2211/1688 2523/2199/1676
f 2525/2201/1678 2537/2213/1690 2536/2212/1689 2524/2200/1677
f 2526/2202/1679 2538/2214/1691 2537/2213/1690 2525/2201/1678
f 2527/2203/1680 2539/2215/1692 2538/2214/1691 2526/2202/1679
f 2528/2204/1681 2540/2216/1693 2539/2215/1692 2527/2203/1680
f 2530/2205/1682 2542/2217/1694 2541/2218/1695 2529/2206/1683
f 2531/2207/1684 2543/2219/1696 2542/2217/1694 2530/2205/1682
f 2532/2208/1685 2544/2220/1697 2543/2219/1696 2531/2207/1684
f 2533/2209/1686 2545/2221/1698 2544/2220/1697 2532/2208/1685
f 2534/2210/1687 2546/2222/1699 2545/2221/1698 2533/2209/1686
f 2535/2211/1688 2547/2223/1700 2546/2222/1699 2534/2210/1687
f 2536/2212/1689 2548/2224/1701 2547/2223/1700 2535/2211/1688
f 2537/2213/1690 2549/2225/1702 2548/2224/1701 2536/2212/1689
f 2538/2214/1691 2550/2226/1703 2549/2225/1702 2537/2213/1690
f 2539/2215/1692 2551/2227/1704 2550/2226/1703 2538/2214/1691
f 2540/2216/1693 2552/2228/1705 2551/2227/1704 2539/2215/1692
f 2542/2217/1694 1090/2229/243 1089/514/246 2541/2218/1695
f 2543/2219/1696 1091/2230/247 1090/2229/243 2542/2217/1694
f 2544/2220/1697 1092/2231/249 1091/2230/247 2543/2219/1696
f 2545/2221/1698 1093/2232/251 1092/2231/249 2544/2220/1697
f 2546/2222/1699 1094/2233/253 1093/2232/251 2545/2221/1698
f 2547/2223/1700 1095/2234/255 1094/2233/253 2546/2222/1699
f 2548/2224/1701 1096/2235/257 1095/2234/255 2547/2223/1700
f 2549/2225/1702 1097/2236/259 1096/2235/257 2548/2224/1701
f 2550/2226/1703 1098/2237/261 1097/2236/259 2549/2225/1702
f 2551/2227/1704 1099/2238/263 1098/2237/261 2550/2226/1703
f 2552/2228/1705 1100/2239/265 1099/2238/263 2551/2227/1704
f 2554/767/1706 2566/2240/1707 2565/2241/1708 2553/509/1708
f 2555/770/1709 2567/2242/1710 2566/2240/1707 2554/767/1706
f 2556/772/1711 2568/2243/1712 2567/2242/1710 2555/770/1709
f 2557/774/1713 2569/2244/1714 2568/2243/1712 2556/772/1711
f 2558/776/1715 2570/2245/1716 2569/2244/1714 2557/774/1713
f 2559/778/1717 2571/2246/1718 2570/2245/1716 2558/776/1715
f 2560/780/1719 2572/2247/1720 2571/2246/1718 2559/778/1717
f 2561/782/1721 2573/2248/1722 2572/2247/1720 2560/780/1719
f 2562/784/1723 2574/2249/1724 2573/2248/1722 2561/782/1721
f 2563/786/1725 2575/2250/1726 2574/2249/1724 2562/784/1723
f 2564/788/1727 2576/2251/1727 2575/2250/1726 2563/786/1725
f 2566/2240/1707 2578/2252/1728 2577/2253/1729 2565/2241/1708
f 2567/2242/1710 2579/2254/1730 2578/2252/1728 2566/2240/1707
f 2568/2243/1712 2580/2255/1731 2579/2254/1730 2567/2242/1710
f 2569/2244/1714 2581/2256/1732 2580/2255/1731 2568/2243/1712
f 2570/2245/1716 2582/2257/1733 2581/2256/1732 2569/2244/1714
f 2571/2246/1718 2583/2258/1734 2582/2257/1733 2570/2245/1716
f 2572/2247/1720 2584/2259/1735 2583/2258/1734 2571/2246/1718
f 2573/2248/1722 2585/2260/1736 2584/2259/1735 2572/2247/1720
f 2574/2249/1724 2586/2261/1737 2585/2260/1736 2573/2248/1722
f 2575/2250/1726 2587/2262/1738 2586/2261/1737 2574/2249/1724
f 2576/2251/1727 2588/2263/1739 2587/2262/1738 2575/2250/1726
f 2578/2252/1728 2590/2264/1740 2589/2265/1729 2577/2253/1729
f 2579/2254/1730 2591/2266/1741 2590/2264/1740 2578/2252/1728
f 2580/2255/1731 2592/2267/1742 2591/2266/1741 2579/2254/1730
f 2581/2256/1732 2593/2268/1743 2592/2267/1742 2580/2255/1731
f 2582/2257/1733 2594/2269/1744 2593/2268/1743 2581/2256/1732
f 2583/2258/1734 2595/2270/1745 2594/2269/1744 2582/2257/1733
f 2584/2259/1735 2596/2271/1746 2595/2270/1745 2583/2258/1734
f 2585/2260/1736 2597/2272/1747 2596/2271/1746 2584/2259/1735
f 2586/2261/1737 2598/2273/1748 2597/2272/1747 2585/2260/1736
f 2587/2262/1738 2599/2274/1749 2598/2273/1748 2586/2261/1737
f 2588/2263/1739 2600/2275/1739 2599/2274/1749 2587/2262/1738
f 2590/2264/1740 2602/1498/1750 2601/653/1751 2589/2265/1729
f 2591/2266/1741 2603/1499/1752 2602/1498/1750 2590/2264/1740
f 2592/2267/1742 2604/1500/1753 2603/1499/1752 2591/2266/1741
f 2593/2268/1743 2605/1501/1754 2604/1500/1753 2592/2267/1742
f 2594/2269/1744 2606/1502/1755 2605/1501/1754 2593/2268/1743
f 2595/2270/1745 2607/1503/1756 2606/1502/1755 2594/2269/1744
f 2596/2271/1746 2608/1504/1757 2607/1503/1756 2595/2270/1745
f 2597/2272/1747 2609/1505/1758 2608/1504/1757 2596/2271/1746
f 2598/2273/1748 2610/1506/1759 2609/1505/1758 2597/2272/1747
f 2599/2274/1749 2611/1507/1760 2610/1506/1759 2598/2273/1748
f 2600/2275/1739 2612/1508/1761 2611/1507/1760 2599/2274/1749
f 2602/1498/1750 2614/2276/1762 2613/2277/1763 2601/653/1751
f 2603/1499/1752 2615/2278/1764 2614/2276/1762 2602/1498/1750
f 2604/1500/1753 2616/2279/1765 2615/2278/1764 2603/1499/1752
f 2605/1501/1754 2617/2280/1766 2616/2279/1765 2604/1500/1753
f 2606/1502/1755 2618/2281/1767 2617/2280/1766 2605/1501/1754
f 2607/1503/1756 2619/2282/1768 2618/2281/1767 2606/1502/1755
f 2608/1504/1757 2620/2283/1769 2619/2282/1768 2607/1503/1756
f 2609/1505/1758 2621/2284/1770 2620/2283/1769 2608/1504/1757
f 2610/1506/1759 2622/2285/1771 2621/2284/1770 2609/1505/1758
f 2611/1507/1760 2623/2286/1772 2622/2285/1771 2610/1506/1759
f 2612/1508/1761 2624/2287/1773 2623/2286/1772 2611/1507/1760
f 2614/2276/1762 2626/2288/1774 2625/2289/1775 2613/2277/1763
f 2615/2278/1764 2627/2290/1776 2626/2288/1774 2614/2276/1762
f 2616/2279/1765 2628/2291/1777 2627/2290/1776 2615/2278/1764
f 2617/2280/1766 2629/2292/1778 2628/2291/1777 2616/2279/1765
f 2618/2281/1767 2630/2293/1779 2629/2292/1778 2617/2280/1766
f 2619/2282/1768 2631/2294/1780 2630/2293/1779 2618/2281/1767
f 2620/2283/1769 2632/2295/1781 2631/2294/1780 2619/2282/1768
f 2621/2284/1770 2633/2296/1782 2632/2295/1781 2620/2283/1769
f 2622/2285/1771 2634/2297/1783 2633/2296/1782 2621/2284/1770
f 2623/2286/1772 2635/2298/1784 2634/2297/1783 2622/2285/1771
f 2624/2287/1773 2636/2299/1785 2635/2298/1784 2623/2286/1772
f 2626/2288/1774 2638/2300/1786 2637/2301/1787 2625/2289/1775
f 2627/2290/1776 2639/2302/1788 2638/2300/1786 2626/2288/1774
f 2628/2291/1777 2640/2303/1789 2639/2302/1788 2627/2290/1776
f 2629/2292/1778 2641/2304/1790 2640/2303/1789 2628/2291/1777
f 2630/2293/1779 2642/2305/1791 2641/2304/1790 2629/2292/1778
f 2631/2294/1780 2643/2306/1792 2642/2305/1791 2630/2293/1779
f 2632/2295/1781 2644/2307/1793 2643/2306/1792 2631/2294/1780
f 2633/2296/1782 2645/2308/1794 2644/2307/1793 2632/2295/1781
f 2634/2297/1783 2646/2309/1795 2645/2308/1794 2633/2296/1782
f 2635/2298/1784 2647/2310/1796 2646/2309/1795 2634/2297/1783
f 2636/2299/1785 2648/2311/1797 2647/2310/1796 2635/2298/1784
f 2638/2300/1786 2554/2229/1706 2553/514/1708 2637/2301/1787
f 2639/2302/1788 2555/2230/1709 2554/2229/1706 2638/2300/1786
f 2640/2303/1789 2556/2231/1711 2555/2230/1709 2639/2302/1788
f 2641/2304/1790 2557/2232/1713 2556/2231/1711 2640/2303/1789
f 2642/2305/1791 2558/2233/1715 2557/2232/1713 2641/2304/1790
f 2643/2306/1792 2559/2234/1717 2558/2233/1715 2642/2305/1791
f 2644/2307/1793 2560/2235/1719 2559/2234/1717 2643/2306/1792
f 2645/2308/1794 2561/2236/1721 2560/2235/1719 2644/2307/1793
f 2646/2309/1795 2562/2237/1723 2561/2236/1721 2645/2308/1794
f 2647/2310/1796 2563/2238/1725 2562/2237/1723 2646/2309/1795
f 2648/2311/1797 2564/2239/1727 2563/2238/1725 2647/2310/1796
f 2650/767/1798 2662/2312/1799 2661/567/1800 2649/509/1801
f 2651/770/1802 2663/2313/1803 2662/2312/1799 2650/767/1798
f 2652/772/1804 2664/2314/1805 2663/2313/1803 2651/770/1802
f 2653/774/1806 2665/2315/1807 2664/2314/1805 2652/772/1804
f 2654/776/1808 2666/2316/1809 2665/2315/1807 2653/774/1806
f 2655/778/1810 2667/2317/1811 2666/2316/1809 2654/776/1808
f 2656/780/1812 2668/2318/1813 2667/2317/1811 2655/778/1810
f 2657/782/1814 2669/2319/1815 2668/2318/1813 2656/780/1812
f 2658/784/1816 2670/2320/1817 2669/2319/1815 2657/782/1814
f 2659/786/1818 2671/2321/1819 2670/2320/1817 2658/784/1816
f 2660/788/1820 2672/2322/1821 2671/2321/1819 2659/786/1818
f 2662/2312/1799 2674/2323/1822 2673/517/1823 2661/567/1800
f 2663/2313/1803 2675/2324/1824 2674/2323/1822 2662/2312/1799
f 2664/2314/1805 2676/2325/1825 2675/2324/1824 2663/2313/1803
f 2665/2315/1807 2677/2326/1826 2676/2325/1825 2664/2314/1805
f 2666/2316/1809 2678/2327/1827 2677/2326/1826 2665/2315/1807
f 2667/2317/1811 2679/2328/1828 2678/2327/1827 2666/2316/1809
f 2668/2318/1813 2680/2329/1829 2679/2328/1828 2667/2317/1811
f 2669/2319/1815 2681/2330/1830 2680/2329/1829 2668/2318/1813
f 2670/2320/1817 2682/2331/1831 2681/2330/1830 2669/2319/1815
f 2671/2321/1819 2683/2332/1832 2682/2331/1831 2670/2320/1817
f 2672/2322/1821 2684/2333/1833 2683/2332/1832 2671/2321/1819
f 2674/2323/1822 2650/2229/1798 2649/514/1801 2673/517/1823
f 2675/2324/1824 2651/2230/1802 2650/2229/1798 2674/2323/1822
f 2676/2325/1825 2652/2231/1804 2651/2230/1802 2675/2324/1824
f 2677/2326/1826 2653/2232/1806 2652/2231/1804 2676/2325/1825
f 2678/2327/1827 2654/2233/1808 2653/2232/1806 2677/2326/1826
f 2679/2328/1828 2655/2234/1810 2654/2233/1808 2678/2327/1827
f 2680/2329/1829 2656/2235/1812 2655/2234/1810 2679/2328/1828
f 2681/2330/1830 2657/2236/1814 2656/2235/1812 2680/2329/1829
f 2682/2331/1831 2658/2237/1816 2657/2236/1814 2681/2330/1830
f 2683/2332/1832 2659/2238/1818 2658/2237/1816 2682/2331/1831
f 2684/2333/1833 2660/2239/1820 2659/2238/1818 2683/2332/1832
f 2686/767/1834 2698/2334/1835 2697/2335/1836 2685/509/1837
f 2687/770/1838 2699/2336/1839 2698/2334/1835 2686/767/1834
f 2688/772/1840 2700/2337/1841 2699/2336/1839 2687/770/1838
f 2689/774/1842 2701/2338/1843 2700/2337/1841 2688/772/1840
f 2690/776/1844 2702/2339/1845 2701/2338/1843 2689/774/1842
f 2691/778/1846 2703/2340/1847 2702/2339/1845 2690/776/1844
f 2692/780/1848 2704/2341/1849 2703/2340/1847 2691/778/1846
f 2693/782/1850 2705/2342/1851 2704/2341/1849 2692/780/1848
f 2694/784/1852 2706/2343/1853 2705/2342/1851 2693/782/1850
f 2695/786/1854 2707/2344/1855 2706/2343/1853 2694/784/1852
f 2696/788/1856 2708/2345/1857 2707/2344/1855 2695/786/1854
f 2698/2334/1835 2710/2346/1858 2709/2347/1859 2697/2335/1836
f 2699/2336/1839 2711/2348/1860 2710/2346/1858 2698/2334/1835
f 2700/2337/1841 2712/2349/1861 2711/2348/1860 2699/2336/1839
f 2701/2338/1843 2713/2350/1862 2712/2349/1861 2700/2337/1841
f 2702/2339/1845 2714/2351/1863 2713/2350/1862 2701/2338/1843
f 2703/2340/1847 2715/2352/1864 2714/2351/1863 2702/2339/1845
f 2704/2341/1849 2716/2353/1865 2715/2352/1864 2703/2340/1847
f 2705/2342/1851 2717/2354/1866 2716/2353/1865 2704/2341/1849
f 2706/2343/1853 2718/2355/1867 2717/2354/1866 2705/2342/1851
f 2707/2344/1855 2719/2356/1868 2718/2355/1867 2706/2343/1853
f 2708/2345/1857 2720/2357/1869 2719/2356/1868 2707/2344/1855
f 2710/2346/1858 2722/2358/1870 2721/2359/1871 2709/2347/1859
f 2711/2348/1860 2723/2360/1872 2722/2358/1870 2710/2346/1858
f 2712/2349/1861 2724/2361/1873 2723/2360/1872 2711/2348/1860
f 2713/2350/1862 2725/2362/1874 2724/2361/1873 2712/2349/1861
f 2714/2351/1863 2726/2363/1875 2725/2362/1874 2713/2350/1862
f 2715/2352/1864 2727/2364/1876 2726/2363/1875 2714/2351/1863
f 2716/2353/1865 2728/2365/1877 2727/2364/1876 2715/2352/1864
f 2717/2354/1866 2729/2366/1878 2728/2365/1877 2716/2353/1865
f 2718/2355/1867 2730/2367/1879 2729/2366/1878 2717/2354/1866
f 2719/2356/1868 2731/2368/1880 2730/2367/1879 2718/2355/1867
f 2720/2357/1869 2732/2369/1881 2731/2368/1880 2719/2356/1868
f 2722/2358/1870 2734/2370/1882 2733/2371/1883 2721/2359/1871
f 2723/2360/1872 2735/2372/1884 2734/2370/1882 2722/2358/1870
f 2724/2361/1873 2736/2373/1885 2735/2372/1884 2723/2360/1872
f 2725/2362/1874 2737/2374/1886 2736/2373/1885 2724/2361/1873
f 2726/2363/1875 2738/2375/1887 2737/2374/1886 2725/2362/1874
f 2727/2364/1876 2739/2376/1888 2738/2375/1887 2726/2363/1875
f 2728/2365/1877 2740/2377/1889 2739/2376/1888 2727/2364/1876
f 2729/2366/1878 2741/2378/1890 2740/2377/1889 2728/2365/1877
f 2730/2367/1879 2742/2379/1891 2741/2378/1890 2729/2366/1878
f 2731/2368/1880 2743/2380/1892 2742/2379/1891 2730/2367/1879
f 2732/2369/1881 2744/2381/1893 2743/2380/1892 2731/2368/1880
f 2734/2370/1882 2746/2382/1894 2745/2383/1895 2733/2371/1883
f 2735/2372/1884 2747/2384/1896 2746/2382/1894 2734/2370/1882
f 2736/2373/1885 2748/2385/1897 2747/2384/1896 2735/2372/1884
f 2737/2374/1886 2749/2386/1898 2748/2385/1897 2736/2373/1885
f 2738/2375/1887 2750/2387/1899 2749/2386/1898 2737/2374/1886
f 2739/2376/1888 2751/2388/1900 2750/2387/1899 2738/2375/1887
f 2740/2377/1889 2752/2389/1901 2751/2388/1900 2739/2376/1888
f 2741/2378/1890 2753/2390/1902 2752/2389/1901 2740/2377/1889
f 2742/2379/1891 2754/2391/1903 2753/2390/1902 2741/2378/1890
f 2743/2380/1892 2755/2392/1904 2754/2391/1903 2742/2379/1891
f 2744/2381/1893 2756/2393/1905 2755/2392/1904 2743/2380/1892
f 2746/2382/1894 2758/2394/1906 2757/2395/1907 2745/2383/1895
f 2747/2384/1896 2759/2396/1908 2758/2394/1906 2746/2382/1894
f 2748/2385/1897 2760/2397/1909 2759/2396/1908 2747/2384/1896
f 2749/2386/1898 2761/2398/1910 2760/2397/1909 2748/2385/1897
f 2750/2387/1899 2762/2399/1911 2761/2398/1910 2749/2386/1898
f 2751/2388/1900 2763/2400/1912 2762/2399/1911 2750/2387/1899
f 2752/2389/1901 2764/2401/1913 2763/2400/1912 2751/2388/1900
f 2753/2390/1902 2765/2402/1914 2764/2401/1913 2752/2389/1901
f 2754/2391/1903 2766/2403/1915 2765/2402/1914 2753/2390/1902
f 2755/2392/1904 2767/2404/1916 2766/2403/1915 2754/2391/1903
f 2756/2393/1905 2768/2405/1917 2767/2404/1916 2755/2392/1904
f 2758/2394/1906 2770/2406/1918 2769/2407/1919 2757/2395/1907
f 2759/2396/1908 2771/2408/1920 2770/2406/1918 2758/2394/1906
f 2760/2397/1909 2772/2409/1921 2771/2408/1920 2759/2396/1908
f 2761/2398/1910 2773/2410/1922 2772/2409/1921 2760/2397/1909
f 2762/2399/1911 2774/2411/1923 2773/2410/1922 2761/2398/1910
f 2763/2400/1912 2775/2412/1924 2774/2411/1923 2762/2399/1911
f 2764/2401/1913 2776/2413/1925 2775/2412/1924 2763/2400/1912
f 2765/2402/1914 2777/2414/1926 2776/2413/1925 2764/2401/1913
f 2766/2403/1915 2778/2415/1927 2777/2414/1926 2765/2402/1914
f 2767/2404/1916 2779/2416/1928 2778/2415/1927 2766/2403/1915
f 2768/2405/1917 2780/2417/1929 2779/2416/1928 2767/2404/1916
f 2770/2406/1918 2782/2418/1930 2781/2419/1931 2769/2407/1919
f 2771/2408/1920 2783/2420/1932 2782/2418/1930 2770/2406/1918
f 2772/2409/1921 2784/2421/1933 2783/2420/1932 2771/2408/1920
f 2773/2410/1922 2785/2422/1934 2784/2421/1933 2772/2409/1921
f 2774/2411/1923 2786/2423/1935 2785/2422/1934 2773/2410/1922
f 2775/2412/1924 2787/2424/1936 2786/2423/1935 2774/2411/1923
f 2776/2413/1925 2788/2425/1937 2787/2424/1936 2775/2412/1924
f 2777/2414/1926 2789/2426/1938 2788/2425/1937 2776/2413/1925
f 2778/2415/1927 2790/2427/1939 2789/2426/1938 2777/2414/1926
f 2779/2416/1928 2791/2428/1940 2790/2427/1939 2778/2415/1927
f 2780/2417/1929 2792/2429/1941 2791/2428/1940 2779/2416/1928
f 2782/2418/1930 2794/2430/1942 2793/2431/1943 2781/2419/1931
f 2783/2420/1932 2795/2432/1944 2794/2430/1942 2782/2418/1930
f 2784/2421/1933 2796/2433/1945 2795/2432/1944 2783/2420/1932
f 2785/2422/1934 2797/2434/1946 2796/2433/1945 2784/2421/1933
f 2786/2423/1935 2798/2435/1947 2797/2434/1946 2785/2422/1934
f 2787/2424/1936 2799/2436/1948 2798/2435/1947 2786/2423/1935
f 2788/2425/1937 2800/2437/1949 2799/2436/1948 2787/2424/1936
f 2789/2426/1938 2801/2438/1950 2800/2437/1949 2788/2425/1937
f 2790/2427/1939 2802/2439/1951 2801/2438/1950 2789/2426/1938
f 2791/2428/1940 2803/2440/1952 2802/2439/1951 2790/2427/1939
f 2792/2429/1941 2804/2441/1953 2803/2440/1952 2791/2428/1940
f 2794/2430/1942 2806/2442/1954 2805/2443/1955 2793/2431/1943
f 2795/2432/1944 2807/2444/1956 2806/2442/1954 2794/2430/1942
f 2796/2433/1945 2808/2445/1957 2807/2444/1956 2795/2432/1944
f 2797/2434/1946 2809/2446/1958 2808/2445/1957 2796/2433/1945
f 2798/2435/1947 2810/2447/1959 2809/2446/1958 2797/2434/1946
f 2799/2436/1948 2811/2448/1960 2810/2447/1959 2798/2435/1947
f 2800/2437/1949 2812/2449/1961 2811/2448/1960 2799/2436/1948
f 2801/2438/1950 2813/2450/1962 2812/2449/1961 2800/2437/1949
f 2802/2439/1951 2814/2451/1963 2813/2450/1962 2801/2438/1950
f 2803/2440/1952 2815/2452/1964 2814/2451/1963 2802/2439/1951
f 2804/2441/1953 2816/2453/1965 2815/2452/1964 2803/2440/1952
f 2806/2442/1954 2818/2454/1966 2817/2455/1967 2805/2443/1955
f 2807/2444/1956 2819/2456/1968 2818/2454/1966 2806/2442/1954
f 2808/2445/1957 2820/2457/1969 2819/2456/1968 2807/2444/1956
f 2809/2446/1958 2821/2458/1970 2820/2457/1969 2808/2445/1957
f 2810/2447/1959 2822/2459/1971 2821/2458/1970 2809/2446/1958
f 2811/2448/1960 2823/2460/1972 2822/2459/1971 2810/2447/1959
f 2812/2449/1961 2824/2461/1973 2823/2460/1972 2811/2448/1960
f 2813/2450/1962 2825/2462/1974 2824/2461/1973 2812/2449/1961
f 2814/2451/1963 2826/2463/1975 2825/2462/1974 2813/2450/1962
f 2815/2452/1964 2827/2464/1976 2826/2463/1975 2814/2451/1963
f 2816/2453/1965 2828/2465/1977 2827/2464/1976 2815/2452/1964
f 2818/2454/1966 2830/2466/1978 2829/2467/1979 2817/2455/1967
f 2819/2456/1968 2831/2468/1980 2830/2466/1978 2818/2454/1966
f 2820/2457/1969 2832/2469/1981 2831/2468/1980 2819/2456/1968
f 2821/2458/1970 2833/2470/1982 2832/2469/1981 2820/2457/1969
f 2822/2459/1971 2834/2471/1983 2833/2470/1982 2821/2458/1970
f 2823/2460/1972 2835/2472/1984 2834/2471/1983 2822/2459/1971
f 2824/2461/1973 2836/2473/1985 2835/2472/1984 2823/2460/1972
f 2825/2462/1974 2837/2474/1986 2836/2473/1985 2824/2461/1973
f 2826/2463/1975 2838/2475/1987 2837/2474/1986 2825/2462/1974
f 2827/2464/1976 2839/2476/1988 2838/2475/1987 2826/2463/1975
f 2828/2465/1977 2840/2477/1989 2839/2476/1988 2827/2464/1976
f 2830/2466/1978 2842/2478/1990 2841/2479/1991 2829/2467/1979
f 2831/2468/1980 2843/2480/1992 2842/2478/1990 2830/2466/1978
f 2832/2469/1981 2844/2481/1993 2843/2480/1992 2831/2468/1980
f 2833/2470/1982 2845/2482/1994 2844/2481/1993 2832/2469/1981
f 2834/2471/1983 2846/2483/1995 2845/2482/1994 2833/2470/1982
f 2835/2472/1984 2847/2484/1996 2846/2483/1995 2834/2471/1983
f 2836/2473/1985 2848/2485/1997 2847/2484/1996 2835/2472/1984
f 2837/2474/1986 2849/2486/1998 2848/2485/1997 2836/2473/1985
f 2838/2475/1987 2850/2487/1999 2849/2486/1998 2837/2474/1986
f 2839/2476/1988 2851/2488/2000 2850/2487/1999 2838/2475/1987
f 2840/2477/1989 2852/2489/2001 2851/2488/2000 2839/2476/1988
f 2842/2478/1990 2854/2490/2002 2853/2491/2003 2841/2479/1991
f 2843/2480/1992 2855/2492/2004 2854/2490/2002 2842/2478/1990
f 2844/2481/1993 2856/2493/2005 2855/2492/2004 2843/2480/1992
f 2845/2482/1994 2857/2494/2006 2856/2493/2005 2844/2481/1993
f 2846/2483/1995 2858/2495/2007 2857/2494/2006 2845/2482/1994
f 2847/2484/1996 2859/2496/2008 2858/2495/2007 2846/2483/1995
f 2848/2485/1997 2860/2497/2009 2859/2496/2008 2847/2484/1996
f 2849/2486/1998 2861/2498/2010 2860/2497/2009 2848/2485/1997
f 2850/2487/1999 2862/2499/2011 2861/2498/2010 2849/2486/1998
f 2851/2488/2000 2863/2500/2012 2862/2499/2011 2850/2487/1999
f 2852/2489/2001 2864/2501/2013 2863/2500/2012 2851/2488/2000
f 2854/2490/2002 2866/2502/2014 2865/2503/2015 2853/2491/2003
f 2855/2492/2004 2867/2504/2016 2866/2502/2014 2854/2490/2002
f 2856/2493/2005 2868/2505/2017 2867/2504/2016 2855/2492/2004
f 2857/2494/2006 2869/2506/2018 2868/2505/2017 2856/2493/2005
f 2858/2495/2007 2870/2507/2019 2869/2506/2018 2857/2494/2006
f 2859/2496/2008 2871/2508/2020 2870/2507/2019 2858/2495/2007
f 2860/2497/2009 2872/2509/2021 2871/2508/2020 2859/2496/2008
f 2861/2498/2010 2873/2510/2022 2872/2509/2021 2860/2497/2009
f 2862/2499/2011 2874/2511/2023 2873/2510/2022 2861/2498/2010
f 2863/2500/2012 2875/2512/2024 2874/2511/2023 2862/2499/2011
f 2864/2501/2013 2876/2513/2025 2875/2512/2024 2863/2500/2012
f 2866/2502/2014 2878/2514/2026 2877/2515/2027 2865/2503/2015
f 2867/2504/2016 2879/2516/2028 2878/2514/2026 2866/2502/2014
f 2868/2505/2017 2880/2517/2029 2879/2516/2028 2867/2504/2016
f 2869/2506/2018 2881/2518/2030 2880/2517/2029 2868/2505/2017
f 2870/2507/2019 2882/2519/2031 2881/2518/2030 2869/2506/2018
f 2871/2508/2020 2883/2520/2032 2882/2519/2031 2870/2507/2019
f 2872/2509/2021 2884/2521/2033 2883/2520/2032 2871/2508/2020
f 2873/2510/2022 2885/2522/2034 2884/2521/2033 2872/2509/2021
f 2874/2511/2023 2886/2523/2035 2885/2522/2034 2873/2510/2022
f 2875/2512/2024 2887/2524/2036 2886/2523/2035 2874/2511/2023
f 2876/2513/2025 2888/2525/2037 2887/2524/2036 2875/2512/2024
f 2878/2514/2026 2890/2526/2038 2889/2527/2039 2877/2515/2027
f 2879/2516/2028 2891/2528/2040 2890/2526/2038 2878/2514/2026
f 2880/2517/2029 2892/2529/2041 2891/2528/2040 2879/2516/2028
f 2881/2518/2030 2893/2530/2042 2892/2529/2041 2880/2517/2029
f 2882/2519/2031 2894/2531/2043 2893/2530/2042 2881/2518/2030
f 2883/2520/2032 2895/2532/2044 2894/2531/2043 2882/2519/2031
f 2884/2521/2033 2896/2533/2045 2895/2532/2044 2883/2520/2032
f 2885/2522/2034 2897/2534/2046 2896/2533/2045 2884/2521/2033
f 2886/2523/2035 2898/2535/2047 2897/2534/2046 2885/2522/2034
f 2887/2524/2036 2899/2536/2048 2898/2535/2047 2886/2523/2035
f 2888/2525/2037 2900/2537/2049 2899/2536/2048 2887/2524/2036
f 2890/2526/2038 2902/2538/2050 2901/2539/2051 2889/2527/2039
f 2891/2528/2040 2903/2540/2052 2902/2538/2050 2890/2526/2038
f 2892/2529/2041 2904/2541/2053 2903/2540/2052 2891/2528/2040
f 2893/2530/2042 2905/2542/2054 2904/2541/2053 2892/2529/2041
f 2894/2531/2043 2906/2543/2055 2905/2542/2054 2893/2530/2042
f 2895/2532/2044 2907/2544/2056 2906/2543/2055 2894/2531/2043
f 2896/2533/2045 2908/2545/2057 2907/2544/2056 2895/2532/2044
f 2897/2534/2046 2909/2546/2058 2908/2545/2057 2896/2533/2045
f 2898/2535/2047 2910/2547/2059 2909/2546/2058 2897/2534/2046
f 2899/2536/2048 2911/2548/2060 2910/2547/2059 2898/2535/2047
f 2900/2537/2049 2912/2549/2061 2911/2548/2060 2899/2536/2048
f 2902/2538/2050 2914/2550/2062 2913/2551/2063 2901/2539/2051
f 2903/2540/2052 2915/2552/2064 2914/2550/2062 2902/2538/2050
f 2904/2541/2053 2916/2553/2065 2915/2552/2064 2903/2540/2052
f 2905/2542/2054 2917/2554/2066 2916/2553/2065 2904/2541/2053
f 2906/2543/2055 2918/2555/2067 2917/2554/2066 2905/2542/2054
f 2907/2544/2056 2919/2556/2068 2918/2555/2067 2906/2543/2055
f 2908/2545/2057 2920/2557/2069 2919/2556/2068 2907/2544/2056
f 2909/2546/2058 2921/2558/2070 2920/2557/2069 2908/2545/2057
f 2910/2547/2059 2922/2559/2071 2921/2558/2070 2909/2546/2058
f 2911/2548/2060 2923/2560/2072 2922/2559/2071 2910/2547/2059
f 2912/2549/2061 2924/2561/2073 2923/2560/2072 2911/2548/2060
f 2914/2550/2062 2926/2562/2074 2925/2563/2075 2913/2551/2063
f 2915/2552/2064 2927/2564/2076 2926/2562/2074 2914/2550/2062
f 2916/2553/2065 2928/2565/2077 2927/2564/2076 2915/2552/2064
f 2917/2554/2066 2929/2566/2078 2928/2565/2077 2916/2553/2065
f 2918/2555/2067 2930/2567/2079 2929/2566/2078 2917/2554/2066
f 2919/2556/2068 2931/2568/2080 2930/2567/2079 2918/2555/2067
f 2920/2557/2069 2932/2569/2081 2931/2568/2080 2919/2556/2068
f 2921/2558/2070 2933/2570/2082 2932/2569/2081 2920/2557/2069
f 2922/2559/2071 2934/2571/2083 2933/2570/2082 2921/2558/2070
f 2923/2560/2072 2935/2572/2084 2934/2571/2083 2922/2559/2071
f 2924/2561/2073 2936/2573/2085 2935/2572/2084 2923/2560/2072
f 2926/2562/2074 2938/2574/2086 2937/2575/2087 2925/2563/2075
f 2927/2564/2076 2939/2576/2088 2938/2574/2086 2926/2562/2074
f 2928/2565/2077 2940/2577/2089 2939/2576/2088 2927/2564/2076
f 2929/2566/2078 2941/2578/2090 2940/2577/2089 2928/2565/2077
f 2930/2567/2079 2942/2579/2091 2941/2578/2090 2929/2566/2078
f 2931/2568/2080 2943/2580/2092 2942/2579/2091 2930/2567/2079
f 2932/2569/2081 2944/2581/2093 2943/2580/2092 2931/2568/2080
f 2933/2570/2082 2945/2582/2094 2944/2581/2093 2932/2569/2081
f 2934/2571/2083 2946/2583/2095 2945/2582/2094 2933/2570/2082
f 2935/2572/2084 2947/2584/2096 2946/2583/2095 2934/2571/2083
f 2936/2573/2085 2948/2585/2097 2947/2584/2096 2935/2572/2084
f 2938/2574/2086 2950/2586/2098 2949/2587/2099 2937/2575/2087
f 2939/2576/2088 2951/2588/2100 2950/2586/2098 2938/2574/2086
f 2940/2577/2089 2952/2589/2101 2951/2588/2100 2939/2576/2088
f 2941/2578/2090 2953/2590/2102 2952/2589/2101 2940/2577/2089
f 2942/2579/2091 2954/2591/2103 2953/2590/2102 2941/2578/2090
f 2943/2580/2092 2955/2592/2104 2954/2591/2103 2942/2579/2091
f 2944/2581/2093 2956/2593/2105 2955/2592/2104 2943/2580/2092
f 2945/2582/2094 2957/2594/2106 2956/2593/2105 2944/2581/2093
f 2946/2583/2095 2958/2595/2107 2957/2594/2106 2945/2582/2094
f 2947/2584/2096 2959/2596/2108 2958/2595/2107 2946/2583/2095
f 2948/2585/2097 2960/2597/2109 2959/2596/2108 2947/2584/2096
f 2950/2586/2098 2962/2598/2110 2961/2599/2111 2949/2587/2099
f 2951/2588/2100 2963/2600/2112 2962/2598/2110 2950/2586/2098
f 2952/2589/2101 2964/2601/2113 2963/2600/2112 2951/2588/2100
f 2953/2590/2102 2965/2602/2114 2964/2601/2113 2952/2589/2101
f 2954/2591/2103 2966/2603/2115 2965/2602/2114 2953/2590/2102
f 2955/2592/2104 2967/2604/2116 2966/2603/2115 2954/2591/2103
f 2956/2593/2105 2968/2605/2117 2967/2604/2116 2955/2592/2104
f 2957/2594/2106 2969/2606/2118 2968/2605/2117 2956/2593/2105
f 2958/2595/2107 2970/2607/2119 2969/2606/2118 2957/2594/2106
f 2959/2596/2108 2971/2608/2120 2970/2607/2119 2958/2595/2107
f 2960/2597/2109 2972/2609/2121 2971/2608/2120 2959/2596/2108
f 2962/2598/2110 2974/2610/2122 2973/2611/2123 2961/2599/2111
f 2963/2600/2112 2975/2612/2124 2974/2610/2122 2962/2598/2110
f 2964/2601/2113 2976/2613/2125 2975/2612/2124 2963/2600/2112
f 2965/2602/2114 2977/2614/2126 2976/2613/2125 2964/2601/2113
f 2966/2603/2115 2978/2615/2127 2977/2614/2126 2965/2602/2114
f 2967/2604/2116 2979/2616/2128 2978/2615/2127 2966/2603/2115
f 2968/2605/2117 2980/2617/2129 2979/2616/2128 2967/2604/2116
f 2969/2606/2118 2981/2618/2130 2980/2617/2129 2968/2605/2117
f 2970/2607/2119 2982/2619/2131 2981/2618/2130 2969/2606/2118
f 2971/2608/2120 2983/2620/2132 2982/2619/2131 2970/2607/2119
f 2972/2609/2121 2984/2621/2133 2983/2620/2132 2971/2608/2120
f 2974/2610/2122 2986/2622/2134 2985/2623/2123 2973/2611/2123
f 2975/2612/2124 2987/2624/2135 2986/2622/2134 2974/2610/2122
f 2976/2613/2125 2988/2625/2136 2987/2624/2135 2975/2612/2124
f 2977/2614/2126 2989/2626/2137 2988/2625/2136 2976/2613/2125
f 2978/2615/2127 2990/2627/2138 2989/2626/2137 2977/2614/2126
f 2979/2616/2128 2991/2628/2139 2990/2627/2138 2978/2615/2127
f 2980/2617/2129 2992/2629/2140 2991/2628/2139 2979/2616/2128
f 2981/2618/2130 2993/2630/2141 2992/2629/2140 2980/2617/2129
f 2982/2619/2131 2994/2631/2142 2993/2630/2141 2981/2618/2130
f 2983/2620/2132 2995/2632/2143 2994/2631/2142 2982/2619/2131
f 2984/2621/2133 2996/2633/2133 2995/2632/2143 2983/2620/2132
f 2986/2622/2134 2998/2634/2144 2997/2635/2145 2985/2623/2123
f 2987/2624/2135 2999/2636/2146 2998/2634/2144 2986/2622/2134
f 2988/2625/2136 3000/2637/2147 2999/2636/2146 2987/2624/2135
f 2989/2626/2137 3001/2638/2148 3000/2637/2147 2988/2625/2136
f 2990/2627/2138 3002/2639/2149 3001/2638/2148 2989/2626/2137
f 2991/2628/2139 3003/2640/2150 3002/2639/2149 2990/2627/2138
f 2992/2629/2140 3004/2641/2151 3003/2640/2150 2991/2628/2139
f 2993/2630/2141 3005/2642/2152 3004/2641/2151 2992/2629/2140
f 2994/2631/2142 3006/2643/2153 3005/2642/2152 2993/2630/2141
f 2995/2632/2143 3007/2644/2154 3006/2643/2153 2994/2631/2142
f 2996/2633/2133 3008/2645/2155 3007/2644/2154 2995/2632/2143
f 2998/2634/2144 3010/2646/2156 3009/2647/2157 2997/2635/2145
f 2999/2636/2146 3011/2648/2158 3010/2646/2156 2998/2634/2144
f 3000/2637/2147 3012/2649/2159 3011/2648/2158 2999/2636/2146
f 3001/2638/2148 3013/2650/2160 3012/2649/2159 3000/2637/2147
f 3002/2639/2149 3014/2651/2161 3013/2650/2160 3001/2638/2148
f 3003/2640/2150 3015/2652/2162 3014/2651/2161 3002/2639/2149
f 3004/2641/2151 3016/2653/2163 3015/2652/2162 3003/2640/2150
f 3005/2642/2152 3017/2654/2164 3016/2653/2163 3004/2641/2151
f 3006/2643/2153 3018/2655/2165 3017/2654/2164 3005/2642/2152
f 3007/2644/2154 3019/2656/2166 3018/2655/2165 3006/2643/2153
f 3008/2645/2155 3020/2657/2167 3019/2656/2166 3007/2644/2154
f 3010/2646/2156 3022/2658/2168 3021/2659/2169 3009/2647/2157
f 3011/2648/2158 3023/2660/2170 3022/2658/2168 3010/2646/2156
f 3012/2649/2159 3024/2661/2171 3023/2660/2170 3011/2648/2158
f 3013/2650/2160 3025/2662/2172 3024/2661/2171 3012/2649/2159
f 3014/2651/2161 3026/2663/2173 3025/2662/2172 3013/2650/2160
f 3015/2652/2162 3027/2664/2174 3026/2663/2173 3014/2651/2161
f 3016/2653/2163 3028/2665/2175 3027/2664/2174 3015/2652/2162
f 3017/2654/2164 3029/2666/2176 3028/2665/2175 3016/2653/2163
f 3018/2655/2165 3030/2667/2177 3029/2666/2176 3017/2654/2164
f 3019/2656/2166 3031/2668/2178 3030/2667/2177 3018/2655/2165
f 3020/2657/2167 3032/2669/2179 3031/2668/2178 3019/2656/2166
f 3022/2658/2168 2686/2229/1834 2685/514/1837 3021/2659/2169
f 3023/2660/2170 2687/2230/1838 2686/2229/1834 3022/2658/2168
f 3024/2661/2171 2688/2231/1840 2687/2230/1838 3023/2660/2170
f 3025/2662/2172 2689/2232/1842 2688/2231/1840 3024/2661/2171
f 3026/2663/2173 2690/2233/1844 2689/2232/1842 3025/2662/2172
f 3027/2664/2174 2691/2234/1846 2690/2233/1844 3026/2663/2173
f 3028/2665/2175 2692/2235/1848 2691/2234/1846 3027/2664/2174
f 3029/2666/2176 2693/2236/1850 2692/2235/1848 3028/2665/2175
f 3030/2667/2177 2694/2237/1852 2693/2236/1850 3029/2666/2176
f 3031/2668/2178 2695/2238/1854 2694/2237/1852 3030/2667/2177
f 3032/2669/2179 2696/2239/1856 2695/2238/1854 3031/2668/2178
f 3034/767/2180 3046/2670/2181 3045/2671/2182 3033/509/2183
f 3035/770/2184 3047/2672/2185 3046/2670/2181 3034/767/2180
f 3036/772/2186 3048/2673/2187 3047/2672/2185 3035/770/2184
f 3037/774/2188 3049/2674/2189 3048/2673/2187 3036/772/2186
f 3038/776/2190 3050/2675/2191 3049/2674/2189 3037/774/2188
f 3039/778/2192 3051/2676/2193 3050/2675/2191 3038/776/2190
f 3040/780/2194 3052/2677/2195 3051/2676/2193 3039/778/2192
f 3041/782/2196 3053/2678/2197 3052/2677/2195 3040/780/2194
f 3042/784/2198 3054/2679/2199 3053/2678/2197 3041/782/2196
f 3043/786/2200 3055/2680/2201 3054/2679/2199 3042/784/2198
f 3044/788/2202 3056/2681/2203 3055/2680/2201 3043/786/2200
f 3046/2670/2181 3058/2682/2204 3057/2683/2205 3045/2671/2182
f 3047/2672/2185 3059/2684/2206 3058/2682/2204 3046/2670/2181
f 3048/2673/2187 3060/2685/2207 3059/2684/2206 3047/2672/2185
f 3049/2674/2189 3061/2686/2208 3060/2685/2207 3048/2673/2187
f 3050/2675/2191 3062/2687/2209 3061/2686/2208 3049/2674/2189
f 3051/2676/2193 3063/2688/2210 3062/2687/2209 3050/2675/2191
f 3052/2677/2195 3064/2689/2211 3063/2688/2210 3051/2676/2193
f 3053/2678/2197 3065/2690/2212 3064/2689/2211 3052/2677/2195
f 3054/2679/2199 3066/2691/2213 3065/2690/2212 3053/2678/2197
f 3055/2680/2201 3067/2692/2214 3066/2691/2213 3054/2679/2199
f 3056/2681/2203 3068/2693/2215 3067/2692/2214 3055/2680/2201
f 3058/2682/2204 3070/2694/2216 3069/2695/2217 3057/2683/2205
f 3059/2684/2206 3071/2696/2218 3070/2694/2216 3058/2682/2204
f 3060/2685/2207 3072/2697/2219 3071/2696/2218 3059/2684/2206
f 3061/2686/2208 3073/2698/2220 3072/2697/2219 3060/2685/2207
f 3062/2687/2209 3074/2699/2221 3073/2698/2220 3061/2686/2208
f 3063/2688/2210 3075/2700/2222 3074/2699/2221 3062/2687/2209
f 3064/2689/2211 3076/2701/2223 3075/2700/2222 3063/2688/2210
f 3065/2690/2212 3077/2702/2224 3076/2701/2223 3064/2689/2211
f 3066/2691/2213 3078/2703/2225 3077/2702/2224 3065/2690/2212
f 3067/2692/2214 3079/2704/2226 3078/2703/2225 3066/2691/2213
f 3068/2693/2215 3080/2705/2227 3079/2704/2226 3067/2692/2214
f 3070/2694/2216 3082/2706/2228 3081/2707/2229 3069/2695/2217
f 3071/2696/2218 3083/2708/2230 3082/2706/2228 3070/2694/2216
f 3072/2697/2219 3084/2709/2231 3083/2708/2230 3071/2696/2218
f 3073/2698/2220 3085/2710/2232 3084/2709/2231 3072/2697/2219
f 3074/2699/2221 3086/2711/2233 3085/2710/2232 3073/2698/2220
f 3075/2700/2222 3087/2712/2234 3086/2711/2233 3074/2699/2221
f 3076/2701/2223 3088/2713/2235 3087/2712/2234 3075/2700/2222
f 3077/2702/2224 3089/2714/2236 3088/2713/2235 3076/2701/2223
f 3078/2703/2225 3090/2715/2237 3089/2714/2236 3077/2702/2224
f 3079/2704/2226 3091/2716/2238 3090/2715/2237 3078/2703/2225
f 3080/2705/2227 3092/2717/2239 3091/2716/2238 3079/2704/2226
f 3082/2706/2228 3094/2718/2240 3093/2719/2241 3081/2707/2229
f 3083/2708/2230 3095/2720/2242 3094/2718/2240 3082/2706/2228
f 3084/2709/2231 3096/2721/2243 3095/2720/2242 3083/2708/2230
f 3085/2710/2232 3097/2722/2244 3096/2721/2243 3084/2709/2231
f 3086/2711/2233 3098/2723/2245 3097/2722/2244 3085/2710/2232
f 3087/2712/2234 3099/2724/2246 3098/2723/2245 3086/2711/2233
f 3088/2713/2235 3100/2725/2247 3099/2724/2246 3087/2712/2234
f 3089/2714/2236 3101/2726/2248 3100/2725/2247 3088/2713/2235
f 3090/2715/2237 3102/2727/2249 3101/2726/2248 3089/2714/2236
f 3091/2716/2238 3103/2728/2250 3102/2727/2249 3090/2715/2237
f 3092/2717/2239 3104/2729/2251 3103/2728/2250 3091/2716/2238
f 3094/2718/2240 3106/2730/2252 3105/2731/2253 3093/2719/2241
f 3095/2720/2242 3107/2732/2254 3106/2730/2252 3094/2718/2240
f 3096/2721/2243 3108/2733/2255 3107/2732/2254 3095/2720/2242
f 3097/2722/2244 3109/2734/2256 3108/2733/2255 3096/2721/2243
f 3098/2723/2245 3110/2735/2257 3109/2734/2256 3097/2722/2244
f 3099/2724/2246 3111/2736/2258 3110/2735/2257 3098/2723/2245
f 3100/2725/2247 3112/2737/2259 3111/2736/2258 3099/2724/2246
f 3101/2726/2248 3113/2738/2260 3112/2737/2259 3100/2725/2247
f 3102/2727/2249 3114/2739/2261 3113/2738/2260 3101/2726/2248
f 3103/2728/2250 3115/2740/2262 3114/2739/2261 3102/2727/2249
f 3104/2729/2251 3116/2741/2263 3115/2740/2262 3103/2728/2250
f 3106/2730/2252 3118/2742/2264 3117/2743/2265 3105/2731/2253
f 3107/2732/2254 3119/2744/2266 3118/2742/2264 3106/2730/2252
f 3108/2733/2255 3120/2745/2267 3119/2744/2266 3107/2732/2254
f 3109/2734/2256 3121/2746/2268 3120/2745/2267 3108/2733/2255
f 3110/2735/2257 3122/2747/2269 3121/2746/2268 3109/2734/2256
f 3111/2736/2258 3123/2748/2270 3122/2747/2269 3110/2735/2257
f 3112/2737/2259 3124/2749/2271 3123/2748/2270 3111/2736/2258
f 3113/2738/2260 3125/2750/2272 3124/2749/2271 3112/2737/2259
f 3114/2739/2261 3126/2751/2273 3125/2750/2272 3113/2738/2260
f 3115/2740/2262 3127/2752/2274 3126/2751/2273 3114/2739/2261
f 3116/2741/2263 3128/2753/2275 3127/2752/2274 3115/2740/2262
f 3118/2742/2264 3130/2754/2276 3129/2755/2277 3117/2743/2265
f 3119/2744/2266 3131/2756/2278 3130/2754/2276 3118/2742/2264
f 3120/2745/2267 3132/2757/2279 3131/2756/2278 3119/2744/2266
f 3121/2746/2268 3133/2758/2280 3132/2757/2279 3120/2745/2267
f 3122/2747/2269 3134/2759/2281 3133/2758/2280 3121/2746/2268
f 3123/2748/2270 3135/2760/2282 3134/2759/2281 3122/2747/2269
f 3124/2749/2271 3136/2761/2283 3135/2760/2282 3123/2748/2270
f 3125/2750/2272 3137/2762/2284 3136/2761/2283 3124/2749/2271
f 3126/2751/2273 3138/2763/2285 3137/2762/2284 3125/2750/2272
f 3127/2752/2274 3139/2764/2286 3138/2763/2285 3126/2751/2273
f 3128/2753/2275 3140/2765/2287 3139/2764/2286 3127/2752/2274
f 3130/2754/2276 3142/2312/2288 3141/567/2289 3129/2755/2277
f 3131/2756/2278 3143/2313/2290 3142/2312/2288 3130/2754/2276
f 3132/2757/2279 3144/2314/2291 3143/2313/2290 3131/2756/2278
f 3133/2758/2280 3145/2315/2292 3144/2314/2291 3132/2757/2279
f 3134/2759/2281 3146/2316/2293 3145/2315/2292 3133/2758/2280
f 3135/2760/2282 3147/2317/2294 3146/2316/2293 3134/2759/2281
f 3136/2761/2283 3148/2318/2295 3147/2317/2294 3135/2760/2282
f 3137/2762/2284 3149/2319/2296 3148/2318/2295 3136/2761/2283
f 3138/2763/2285 3150/2320/2297 3149/2319/2296 3137/2762/2284
f 3139/2764/2286 3151/2321/2298 3150/2320/2297 3138/2763/2285
f 3140/2765/2287 3152/2322/2299 3151/2321/2298 3139/2764/2286
f 3142/2312/2288 3154/2766/2300 3153/2767/2301 3141/567/2289
f 3143/2313/2290 3155/2768/2302 3154/2766/2300 3142/2312/2288
f 3144/2314/2291 3156/2769/2303 3155/2768/2302 3143/2313/2290
f 3145/2315/2292 3157/2770/2304 3156/2769/2303 3144/2314/2291
f 3146/2316/2293 3158/2771/2305 3157/2770/2304 3145/2315/2292
f 3147/2317/2294 3159/2772/2306 3158/2771/2305 3146/2316/2293
f 3148/2318/2295 3160/2773/2307 3159/2772/2306 3147/2317/2294
f 3149/2319/2296 3161/2774/2308 3160/2773/2307 3148/2318/2295
f 3150/2320/2297 3162/2775/2309 3161/2774/2308 3149/2319/2296
f 3151/2321/2298 3163/2776/2310 3162/2775/2309 3150/2320/2297
f 3152/2322/2299 3164/2777/2311 3163/2776/2310 3151/2321/2298
f 3154/2766/2300 3166/2778/2312 3165/2779/2313 3153/2767/2301
f 3155/2768/2302 3167/2780/2314 3166/2778/2312 3154/2766/2300
f 3156/2769/2303 3168/2781/2315 3167/2780/2314 3155/2768/2302
f 3157/2770/2304 3169/2782/2316 3168/2781/2315 3156/2769/2303
f 3158/2771/2305 3170/2783/2317 3169/2782/2316 3157/2770/2304
f 3159/2772/2306 3171/2784/2318 3170/2783/2317 3158/2771/2305
f 3160/2773/2307 3172/2785/2319 3171/2784/2318 3159/2772/2306
f 3161/2774/2308 3173/2786/2320 3172/2785/2319 3160/2773/2307
f 3162/2775/2309 3174/2787/2321 3173/2786/2320 3161/2774/2308
f 3163/2776/2310 3175/2788/2322 3174/2787/2321 3162/2775/2309
f 3164/2777/2311 3176/2789/2323 3175/2788/2322 3163/2776/2310
f 3166/2778/2312 3178/2790/2324 3177/2791/2325 3165/2779/2313
f 3167/2780/2314 3179/2792/2326 3178/2790/2324 3166/2778/2312
f 3168/2781/2315 3180/2793/2327 3179/2792/2326 3167/2780/2314
f 3169/2782/2316 3181/2794/2328 3180/2793/2327 3168/2781/2315
f 3170/2783/2317 3182/2795/2329 3181/2794/2328 3169/2782/2316
f 3171/2784/2318 3183/2796/2330 3182/2795/2329 3170/2783/2317
f 3172/2785/2319 3184/2797/2331 3183/2796/2330 3171/2784/2318
f 3173/2786/2320 3185/2798/2332 3184/2797/2331 3172/2785/2319
f 3174/2787/2321 3186/2799/2333 3185/2798/2332 3173/2786/2320
f 3175/2788/2322 3187/2800/2334 3186/2799/2333 3174/2787/2321
f 3176/2789/2323 3188/2801/2335 3187/2800/2334 3175/2788/2322
f 3178/2790/2324 3190/2802/2336 3189/2803/2337 3177/2791/2325
f 3179/2792/2326 3191/2804/2338 3190/2802/2336 3178/2790/2324
f 3180/2793/2327 3192/2805/2339 3191/2804/2338 3179/2792/2326
f 3181/2794/2328 3193/2806/2340 3192/2805/2339 3180/2793/2327
f 3182/2795/2329 3194/2807/2341 3193/2806/2340 3181/2794/2328
f 3183/2796/2330 3195/2808/2342 3194/2807/2341 3182/2795/2329
f 3184/2797/2331 3196/2809/2343 3195/2808/2342 3183/2796/2330
f 3185/2798/2332 3197/2810/2344 3196/2809/2343 3184/2797/2331
f 3186/2799/2333 3198/2811/2345 3197/2810/2344 3185/2798/2332
f 3187/2800/2334 3199/2812/2346 3198/2811/2345 3186/2799/2333
f 3188/2801/2335 3200/2813/2347 3199/2812/2346 3187/2800/2334
f 3190/2802/2336 3202/2814/2348 3201/2815/2349 3189/2803/2337
f 3191/2804/2338 3203/2816/2350 3202/2814/2348 3190/2802/2336
f 3192/2805/2339 3204/2817/2351 3203/2816/2350 3191/2804/2338
f 3193/2806/2340 3205/2818/2352 3204/2817/2351 3192/2805/2339
f 3194/2807/2341 3206/2819/2353 3205/2818/2352 3193/2806/2340
f 3195/2808/2342 3207/2820/2354 3206/2819/2353 3194/2807/2341
f 3196/2809/2343 3208/2821/2355 3207/2820/2354 3195/2808/2342
f 3197/2810/2344 3209/2822/2356 3208/2821/2355 3196/2809/2343
f 3198/2811/2345 3210/2823/2357 3209/2822/2356 3197/2810/2344
f 3199/2812/2346 3211/2824/2358 3210/2823/2357 3198/2811/2345
f 3200/2813/2347 3212/2825/2359 3211/2824/2358 3199/2812/2346
f 3202/2814/2348 3214/2826/2360 3213/2827/2361 3201/2815/2349
f 3203/2816/2350 3215/2828/2362 3214/2826/2360 3202/2814/2348
f 3204/2817/2351 3216/2829/2363 3215/2828/2362 3203/2816/2350
f 3205/2818/2352 3217/2830/2364 3216/2829/2363 3204/2817/2351
f 3206/2819/2353 3218/2831/2365 3217/2830/2364 3205/2818/2352
f 3207/2820/2354 3219/2832/2366 3218/2831/2365 3206/2819/2353
f 3208/2821/2355 3220/2833/2367 3219/2832/2366 3207/2820/2354
f 3209/2822/2356 3221/2834/2368 3220/2833/2367 3208/2821/2355
f 3210/2823/2357 3222/2835/2369 3221/2834/2368 3209/2822/2356
f 3211/2824/2358 3223/2836/2370 3222/2835/2369 3210/2823/2357
f 3212/2825/2359 3224/2837/2371 3223/2836/2370 3211/2824/2358
f 3214/2826/2360 3226/2838/2372 3225/2839/2373 3213/2827/2361
f 3215/2828/2362 3227/2840/2374 3226/2838/2372 3214/2826/2360
f 3216/2829/2363 3228/2841/2375 3227/2840/2374 3215/2828/2362
f 3217/2830/2364 3229/2842/2376 3228/2841/2375 3216/2829/2363
f 3218/2831/2365 3230/2843/2377 3229/2842/2376 3217/2830/2364
f 3219/2832/2366 3231/2844/2378 3230/2843/2377 3218/2831/2365
f 3220/2833/2367 3232/2845/2379 3231/2844/2378 3219/2832/2366
f 3221/2834/2368 3233/2846/2380 3232/2845/2379 3220/2833/2367
f 3222/2835/2369 3234/2847/2381 3233/2846/2380 3221/2834/2368
f 3223/2836/2370 3235/2848/2382 3234/2847/2381 3222/2835/2369
f 3224/2837/2371 3236/2849/2383 3235/2848/2382 3223/2836/2370
f 3226/2838/2372 3238/2850/2384 3237/2851/2385 3225/2839/2373
f 3227/2840/2374 3239/2852/2386 3238/2850/2384 3226/2838/2372
f 3228/2841/2375 3240/2853/2387 3239/2852/2386 3227/2840/2374
f 3229/2842/2376 3241/2854/2388 3240/2853/2387 3228/2841/2375
f 3230/2843/2377 3242/2855/2389 3241/2854/2388 3229/2842/2376
f 3231/2844/2378 3243/2856/2390 3242/2855/2389 3230/2843/2377
f 3232/2845/2379 3244/2857/2391 3243/2856/2390 3231/2844/2378
f 3233/2846/2380 3245/2858/2392 3244/2857/2391 3232/2845/2379
f 3234/2847/2381 3246/2859/2393 3245/2858/2392 3233/2846/2380
f 3235/2848/2382 3247/2860/2394 3246/2859/2393 3234/2847/2381
f 3236/2849/2383 3248/2861/2395 3247/2860/2394 3235/2848/2382
f 3238/2850/2384 3250/2323/2396 3249/517/2397 3237/2851/2385
f 3239/2852/2386 3251/2324/2398 3250/2323/2396 3238/2850/2384
f 3240/2853/2387 3252/2325/2399 3251/2324/2398 3239/2852/2386
f 3241/2854/2388 3253/2326/2400 3252/2325/2399 3240/2853/2387
f 3242/2855/2389 3254/2327/2401 3253/2326/2400 3241/2854/2388
f 3243/2856/2390 3255/2328/2402 3254/2327/2401 3242/2855/2389
f 3244/2857/2391 3256/2329/2403 3255/2328/2402 3243/2856/2390
f 3245/2858/2392 3257/2330/2404 3256/2329/2403 3244/2857/2391
f 3246/2859/2393 3258/2331/2405 3257/2330/2404 3245/2858/2392
f 3247/2860/2394 3259/2332/2406 3258/2331/2405 3246/2859/2393
f 3248/2861/2395 3260/2333/2407 3259/2332/2406 3247/2860/2394
f 3250/2323/2396 3262/2862/2408 3261/2863/2409 3249/517/2397
f 3251/2324/2398 3263/2864/2410 3262/2862/2408 3250/2323/2396
f 3252/2325/2399 3264/2865/2411 3263/2864/2410 3251/2324/2398
f 3253/2326/2400 3265/2866/2412 3264/2865/2411 3252/2325/2399
f 3254/2327/2401 3266/2867/2413 3265/2866/2412 3253/2326/2400
f 3255/2328/2402 3267/2868/2414 3266/2867/2413 3254/2327/2401
f 3256/2329/2403 3268/2869/2415 3267/2868/2414 3255/2328/2402
f 3257/2330/2404 3269/2870/2416 3268/2869/2415 3256/2329/2403
f 3258/2331/2405 3270/2871/2417 3269/2870/2416 3257/2330/2404
f 3259/2332/2406 3271/2872/2418 3270/2871/2417 3258/2331/2405
f 3260/2333/2407 3272/2873/2419 3271/2872/2418 3259/2332/2406
f 3262/2862/2408 3274/2874/2420 3273/2875/2421 3261/2863/2409
f 3263/2864/2410 3275/2876/2422 3274/2874/2420 3262/2862/2408
f 3264/2865/2411 3276/2877/2423 3275/2876/2422 3263/2864/2410
f 3265/2866/2412 3277/2878/2424 3276/2877/2423 3264/2865/2411
f 3266/2867/2413 3278/2879/2425 3277/2878/2424 3265/2866/2412
f 3267/2868/2414 3279/2880/2426 3278/2879/2425 3266/2867/2413
f 3268/2869/2415 3280/2881/2427 3279/2880/2426 3267/2868/2414
f 3269/2870/2416 3281/2882/2428 3280/2881/2427 3268/2869/2415
f 3270/2871/2417 3282/2883/2429 3281/2882/2428 3269/2870/2416
f 3271/2872/2418 3283/2884/2430 3282/2883/2429 3270/2871/2417
f 3272/2873/2419 3284/2885/2431 3283/2884/2430 3271/2872/2418
f 3274/2874/2420 3286/2886/2432 3285/2887/2433 3273/2875/2421
f 3275/2876/2422 3287/2888/2434 3286/2886/2432 3274/2874/2420
f 3276/2877/2423 3288/2889/2435 3287/2888/2434 3275/2876/2422
f 3277/2878/2424 3289/2890/2436 3288/2889/2435 3276/2877/2423
f 3278/2879/2425 3290/2891/2437 3289/2890/2436 3277/2878/2424
f 3279/2880/2426 3291/2892/2438 3290/2891/2437 3278/2879/2425
f 3280/2881/2427 3292/2893/2439 3291/2892/2438 3279/2880/2426
f 3281/2882/2428 3293/2894/2440 3292/2893/2439 3280/2881/2427
f 3282/2883/2429 3294/2895/2441 3293/2894/2440 3281/2882/2428
f 3283/2884/2430 3295/2896/2442 3294/2895/2441 3282/2883/2429
f 3284/2885/2431 3296/2897/2443 3295/2896/2442 3283/2884/2430
f 3286/2886/2432 3298/2898/2444 3297/2899/2445 3285/2887/2433
f 3287/2888/2434 3299/2900/2446 3298/2898/2444 3286/2886/2432
f 3288/2889/2435 3300/2901/2447 3299/2900/2446 3287/2888/2434
f 3289/2890/2436 3301/2902/2448 3300/2901/2447 3288/2889/2435
f 3290/2891/2437 3302/2903/2449 3301/2902/2448 3289/2890/2436
f 3291/2892/2438 3303/2904/2450 3302/2903/2449 3290/2891/2437
f 3292/2893/2439 3304/2905/2451 3303/2904/2450 3291/2892/2438
f 3293/2894/2440 3305/2906/2452 3304/2905/2451 3292/2893/2439
f 3294/2895/2441 3306/2907/2453 3305/2906/2452 3293/2894/2440
f 3295/2896/2442 3307/2908/2454 3306/2907/2453 3294/2895/2441
f 3296/2897/2443 3308/2909/2455 3307/2908/2454 3295/2896/2442
f 3298/2898/2444 3310/2910/2456 3309/2911/2457 3297/2899/2445
f 3299/2900/2446 3311/2912/2458 3310/2910/2456 3298/2898/2444
f 3300/2901/2447 3312/2913/2459 3311/2912/2458 3299/2900/2446
f 3301/2902/2448 3313/2914/2460 3312/2913/2459 3300/2901/2447
f 3302/2903/2449 3314/2915/2461 3313/2914/2460 3301/2902/2448
f 3303/2904/2450 3315/2916/2462 3314/2915/2461 3302/2903/2449
f 3304/2905/2451 3316/2917/2463 3315/2916/2462 3303/2904/2450
f 3305/2906/2452 3317/2918/2464 3316/2917/2463 3304/2905/2451
f 3306/2907/2453 3318/2919/2465 3317/2918/2464 3305/2906/2452
f 3307/2908/2454 3319/2920/2466 3318/2919/2465 3306/2907/2453
f 3308/2909/2455 3320/2921/2467 3319/2920/2466 3307/2908/2454
f 3310/2910/2456 3322/2922/2468 3321/2923/2469 3309/2911/2457
f 3311/2912/2458 3323/2924/2470 3322/2922/2468 3310/2910/2456
f 3312/2913/2459 3324/2925/2471 3323/2924/2470 3311/2912/2458
f 3313/2914/2460 3325/2926/2472 3324/2925/2471 3312/2913/2459
f 3314/2915/2461 3326/2927/2473 3325/2926/2472 3313/2914/2460
f 3315/2916/2462 3327/2928/2474 3326/2927/2473 3314/2915/2461
f 3316/2917/2463 3328/2929/2475 3327/2928/2474 3315/2916/2462
f 3317/2918/2464 3329/2930/2476 3328/2929/2475 3316/2917/2463
f 3318/2919/2465 3330/2931/2477 3329/2930/2476 3317/2918/2464
f 3319/2920/2466 3331/2932/2478 3330/2931/2477 3318/2919/2465
f 3320/2921/2467 3332/2933/2479 3331/2932/2478 3319/2920/2466
f 3322/2922/2468 3334/2934/2122 3333/2935/2123 3321/2923/2469
f 3323/2924/2470 3335/2936/2124 3334/2934/2122 3322/2922/2468
f 3324/2925/2471 3336/2937/2125 3335/2936/2124 3323/2924/2470
f 3325/2926/2472 3337/2938/2126 3336/2937/2125 3324/2925/2471
f 3326/2927/2473 3338/2939/2127 3337/2938/2126 3325/2926/2472
f 3327/2928/2474 3339/2940/2128 3338/2939/2127 3326/2927/2473
f 3328/2929/2475 3340/2941/2129 3339/2940/2128 3327/2928/2474
f 3329/2930/2476 3341/2942/2130 3340/2941/2129 3328/2929/2475
f 3330/2931/2477 3342/2943/2131 3341/2942/2130 3329/2930/2476
f 3331/2932/2478 3343/2944/2132 3342/2943/2131 3330/2931/2477
f 3332/2933/2479 3344/2945/2133 3343/2944/2132 3331/2932/2478
f 3334/2934/2122 3346/2946/2480 3345/2947/2481 3333/2935/2123
f 3335/2936/2124 3347/2948/2482 3346/2946/2480 3334/2934/2122
f 3336/2937/2125 3348/2949/2483 3347/2948/2482 3335/2936/2124
f 3337/2938/2126 3349/2950/2484 3348/2949/2483 3336/2937/2125
f 3338/2939/2127 3350/2951/2485 3349/2950/2484 3337/2938/2126
f 3339/2940/2128 3351/2952/2486 3350/2951/2485 3338/2939/2127
f 3340/2941/2129 3352/2953/2487 3351/2952/2486 3339/2940/2128
f 3341/2942/2130 3353/2954/2488 3352/2953/2487 3340/2941/2129
f 3342/2943/2131 3354/2955/2489 3353/2954/2488 3341/2942/2130
f 3343/2944/2132 3355/2956/2490 3354/2955/2489 3342/2943/2131
f 3344/2945/2133 3356/2957/2491 3355/2956/2490 3343/2944/2132
f 3346/2946/2480 3034/2229/2180 3033/514/2183 3345/2947/2481
f 3347/2948/2482 3035/2230/2184 3034/2229/2180 3346/2946/2480
f 3348/2949/2483 3036/2231/2186 3035/2230/2184 3347/2948/2482
f 3349/2950/2484 3037/2232/2188 3036/2231/2186 3348/2949/2483
f 3350/2951/2485 3038/2233/2190 3037/2232/2188 3349/2950/2484
f 3351/2952/2486 3039/2234/2192 3038/2233/2190 3350/2951/2485
f 3352/2953/2487 3040/2235/2194 3039/2234/2192 3351/2952/2486
f 3353/2954/2488 3041/2236/2196 3040/2235/2194 3352/2953/2487
f 3354/2955/2489 3042/2237/2198 3041/2236/2196 3353/2954/2488
f 3355/2956/2490 3043/2238/2200 3042/2237/2198 3354/2955/2489
f 3356/2957/2491 3044/2239/2202 3043/2238/2200 3355/2956/2490
f 3358/767/1834 3370/2334/1835 3369/2335/1836 3357/509/1837
f 3359/770/1838 3371/2336/1839 3370/2334/1835 3358/767/1834
f 3360/772/1840 3372/2337/1841 3371/2336/1839 3359/770/1838
f 3361/774/1842 3373/2338/1843 3372/2337/1841 3360/772/1840
f 3362/776/1844 3374/2339/1845 3373/2338/1843 3361/774/1842
f 3363/778/1846 3375/2340/1847 3374/2339/1845 3362/776/1844
f 3364/780/1848 3376/2341/1849 3375/2340/1847 3363/778/1846
f 3365/782/1850 3377/2342/1851 3376/2341/1849 3364/780/1848
f 3366/784/1852 3378/2343/1853 3377/2342/1851 3365/782/1850
f 3367/786/1854 3379/2344/1855 3378/2343/1853 3366/784/1852
f 3368/788/1856 3380/2345/1857 3379/2344/1855 3367/786/1854
f 3370/2334/1835 3382/2346/1858 3381/2347/1859 3369/2335/1836
f 3371/2336/1839 3383/2348/1860 3382/2346/1858 3370/2334/1835
f 3372/2337/1841 3384/2349/1861 3383/2348/1860 3371/2336/1839
f 3373/2338/1843 3385/2350/1862 3384/2349/1861 3372/2337/1841
f 3374/2339/1845 3386/2351/1863 3385/2350/1862 3373/2338/1843
f 3375/2340/1847 3387/2352/1864 3386/2351/1863 3374/2339/1845
f 3376/2341/1849 3388/2353/1865 3387/2352/1864 3375/2340/1847
f 3377/2342/1851 3389/2354/1866 3388/2353/1865 3376/2341/1849
f 3378/2343/1853 3390/2355/1867 3389/2354/1866 3377/2342/1851
f 3379/2344/1855 3391/2356/1868 3390/2355/1867 3378/2343/1853
f 3380/2345/1857 3392/2357/1869 3391/2356/1868 3379/2344/1855
f 3382/2346/1858 3394/2358/1870 3393/2359/1871 3381/2347/1859
f 3383/2348/1860 3395/2360/1872 3394/2358/1870 3382/2346/1858
f 3384/2349/1861 3396/2361/1873 3395/2360/1872 3383/2348/1860
f 3385/2350/1862 3397/2362/1874 3396/2361/1873 3384/2349/1861
f 3386/2351/1863 3398/2363/1875 3397/2362/1874 3385/2350/1862
f 3387/2352/1864 3399/2364/1876 3398/2363/1875 3386/2351/1863
f 3388/2353/1865 3400/2365/1877 3399/2364/1876 3387/2352/1864
f 3389/2354/1866 3401/2366/1878 3400/2365/1877 3388/2353/1865
f 3390/2355/1867 3402/2367/1879 3401/2366/1878 3389/2354/1866
f 3391/2356/1868 3403/2368/1880 3402/2367/1879 3390/2355/1867
f 3392/2357/1869 3404/2369/1881 3403/2368/1880 3391/2356/1868
f 3394/2358/1870 3406/2370/1882 3405/2371/1883 3393/2359/1871
f 3395/2360/1872 3407/2372/1884 3406/2370/1882 3394/2358/1870
f 3396/2361/1873 3408/2373/1885 3407/2372/1884 3395/2360/1872
f 3397/2362/1874 3409/2374/1886 3408/2373/1885 3396/2361/1873
f 3398/2363/1875 3410/2375/1887 3409/2374/1886 3397/2362/1874
f 3399/2364/1876 3411/2376/1888 3410/2375/1887 3398/2363/1875
f 3400/2365/1877 3412/2377/1889 3411/2376/1888 3399/2364/1876
f 3401/2366/1878 3413/2378/1890 3412/2377/1889 3400/2365/1877
f 3402/2367/1879 3414/2379/1891 3413/2378/1890 3401/2366/1878
f 3403/2368/1880 3415/2380/1892 3414/2379/1891 3402/2367/1879
f 3404/2369/1881 3416/2381/1893 3415/2380/1892 3403/2368/1880
f 3406/2370/1882 3418/2382/1894 3417/2383/1895 3405/2371/1883
f 3407/2372/1884 3419/2384/1896 3418/2382/1894 3406/2370/1882
f 3408/2373/1885 3420/2385/1897 3419/2384/1896 3407/2372/1884
f 3409/2374/1886 3421/2386/1898 3420/2385/1897 3408/2373/1885
f 3410/2375/1887 3422/2387/1899 3421/2386/1898 3409/2374/1886
f 3411/2376/1888 3423/2388/1900 3422/2387/1899 3410/2375/1887
f 3412/2377/1889 3424/2389/1901 3423/2388/1900 3411/2376/1888
f 3413/2378/1890 3425/2390/1902 3424/2389/1901 3412/2377/1889
f 3414/2379/1891 3426/2391/1903 3425/2390/1902 3413/2378/1890
f 3415/2380/1892 3427/2392/1904 3426/2391/1903 3414/2379/1891
f 3416/2381/1893 3428/2393/1905 3427/2392/1904 3415/2380/1892
f 3418/2382/1894 3430/2394/1906 3429/2395/1907 3417/2383/1895
f 3419/2384/1896 3431/2396/1908 3430/2394/1906 3418/2382/1894
f 3420/2385/1897 3432/2397/1909 3431/2396/1908 3419/2384/1896
f 3421/2386/1898 3433/2398/1910 3432/2397/1909 3420/2385/1897
f 3422/2387/1899 3434/2399/1911 3433/2398/1910 3421/2386/1898
f 3423/2388/1900 3435/2400/1912 3434/2399/1911 3422/2387/1899
f 3424/2389/1901 3436/2401/1913 3435/2400/1912 3423/2388/1900
f 3425/2390/1902 3437/2402/1914 3436/2401/1913 3424/2389/1901
f 3426/2391/1903 3438/2403/1915 3437/2402/1914 3425/2390/1902
f 3427/2392/1904 3439/2404/1916 3438/2403/1915 3426/2391/1903
f 3428/2393/1905 3440/2405/1917 3439/2404/1916 3427/2392/1904
f 3430/2394/1906 3442/2406/1918 3441/2407/1919 3429/2395/1907
f 3431/2396/1908 3443/2408/1920 3442/2406/1918 3430/2394/1906
f 3432/2397/1909 3444/2409/1921 3443/2408/1920 3431/2396/1908
f 3433/2398/1910 3445/2410/1922 3444/2409/1921 3432/2397/1909
f 3434/2399/1911 3446/2411/1923 3445/2410/1922 3433/2398/1910
f 3435/2400/1912 3447/2412/1924 3446/2411/1923 3434/2399/1911
f 3436/2401/1913 3448/2413/1925 3447/2412/1924 3435/2400/1912
f 3437/2402/1914 3449/2414/1926 3448/2413/1925 3436/2401/1913
f 3438/2403/1915 3450/2415/1927 3449/2414/1926 3437/2402/1914
f 3439/2404/1916 3451/2416/1928 3450/2415/1927 3438/2403/1915
f 3440/2405/1917 3452/2417/1929 3451/2416/1928 3439/2404/1916
f 3442/2406/1918 3454/2418/1930 3453/2419/1931 3441/2407/1919
f 3443/2408/1920 3455/2420/1932 3454/2418/1930 3442/2406/1918
f 3444/2409/1921 3456/2421/1933 3455/2420/1932 3443/2408/1920
f 3445/2410/1922 3457/2422/1934 3456/2421/1933 3444/2409/1921
f 3446/2411/1923 3458/2423/1935 3457/2422/1934 3445/2410/1922
f 3447/2412/1924 3459/2424/1936 3458/2423/1935 3446/2411/1923
f 3448/2413/1925 3460/2425/1937 3459/2424/1936 3447/2412/1924
f 3449/2414/1926 3461/2426/1938 3460/2425/1937 3448/2413/1925
f 3450/2415/1927 3462/2427/1939 3461/2426/1938 3449/2414/1926
f 3451/2416/1928 3463/2428/1940 3462/2427/1939 3450/2415/1927
f 3452/2417/1929 3464/2429/1941 3463/2428/1940 3451/2416/1928
f 3454/2418/1930 3466/2430/1942 3465/2431/1943 3453/2419/1931
f 3455/2420/1932 3467/2432/1944 3466/2430/1942 3454/2418/1930
f 3456/2421/1933 3468/2433/1945 3467/2432/1944 3455/2420/1932
f 3457/2422/1934 3469/2434/2492 3468/2433/1945 3456/2421/1933
f 3458/2423/1935 3470/2435/1947 3469/2434/2492 3457/2422/1934
f 3459/2424/1936 3471/2436/1948 3470/2435/1947 3458/2423/1935
f 3460/2425/1937 3472/2437/2493 3471/2436/1948 3459/2424/1936
f 3461/2426/1938 3473/2438/1950 3472/2437/2493 3460/2425/1937
f 3462/2427/1939 3474/2439/1951 3473/2438/1950 3461/2426/1938
f 3463/2428/1940 3475/2440/1952 3474/2439/1951 3462/2427/1939
f 3464/2429/1941 3476/2441/1953 3475/2440/1952 3463/2428/1940
f 3466/2430/1942 3478/2442/1954 3477/2443/1955 3465/2431/1943
f 3467/2432/1944 3479/2444/1956 3478/2442/1954 3466/2430/1942
f 3468/2433/1945 3480/2445/1957 3479/2444/1956 3467/2432/1944
f 3469/2434/2492 3481/2446/1958 3480/2445/1957 3468/2433/1945
f 3470/2435/1947 3482/2447/1959 3481/2446/1958 3469/2434/2492
f 3471/2436/1948 3483/2448/1960 3482/2447/1959 3470/2435/1947
f 3472/2437/2493 3484/2449/1961 3483/2448/1960 3471/2436/1948
f 3473/2438/1950 3485/2450/1962 3484/2449/1961 3472/2437/2493
f 3474/2439/1951 3486/2451/2494 3485/2450/1962 3473/2438/1950
f 3475/2440/1952 3487/2452/1964 3486/2451/2494 3474/2439/1951
f 3476/2441/1953 3488/2453/1965 3487/2452/1964 3475/2440/1952
f 3478/2442/1954 3490/2454/1966 3489/2455/1967 3477/2443/1955
f 3479/2444/1956 3491/2456/1968 3490/2454/1966 3478/2442/1954
f 3480/2445/1957 3492/2457/1969 3491/2456/1968 3479/2444/1956
f 3481/2446/1958 3493/2458/1970 3492/2457/1969 3480/2445/1957
f 3482/2447/1959 3494/2459/1971 3493/2458/1970 3481/2446/1958
f 3483/2448/1960 3495/2460/1972 3494/2459/1971 3482/2447/1959
f 3484/2449/1961 3496/2461/1973 3495/2460/1972 3483/2448/1960
f 3485/2450/1962 3497/2462/1974 3496/2461/1973 3484/2449/1961
f 3486/2451/2494 3498/2463/1975 3497/2462/1974 3485/2450/1962
f 3487/2452/1964 3499/2464/1976 3498/2463/1975 3486/2451/2494
f 3488/2453/1965 3500/2465/1977 3499/2464/1976 3487/2452/1964
f 3490/2454/1966 3502/2466/1978 3501/2467/1979 3489/2455/1967
f 3491/2456/1968 3503/2468/1980 3502/2466/1978 3490/2454/1966
f 3492/2457/1969 3504/2469/1981 3503/2468/1980 3491/2456/1968
f 3493/2458/1970 3505/2470/1982 3504/2469/1981 3492/2457/1969
f 3494/2459/1971 3506/2471/1983 3505/2470/1982 3493/2458/1970
f 3495/2460/1972 3507/2472/1984 3506/2471/1983 3494/2459/1971
f 3496/2461/1973 3508/2473/1985 3507/2472/1984 3495/2460/1972
f 3497/2462/1974 3509/2474/1986 3508/2473/1985 3496/2461/1973
f 3498/2463/1975 3510/2475/1987 3509/2474/1986 3497/2462/1974
f 3499/2464/1976 3511/2476/1988 3510/2475/1987 3498/2463/1975
f 3500/2465/1977 3512/2477/1989 3511/2476/1988 3499/2464/1976
f 3502/2466/1978 3514/2478/1990 3513/2479/1991 3501/2467/1979
f 3503/2468/1980 3515/2480/1992 3514/2478/1990 3502/2466/1978
f 3504/2469/1981 3516/2481/1993 3515/2480/1992 3503/2468/1980
f 3505/2470/1982 3517/2482/1994 3516/2481/1993 3504/2469/1981
f 3506/2471/1983 3518/2483/1995 3517/2482/1994 3505/2470/1982
f 3507/2472/1984 3519/2484/1996 3518/2483/1995 3506/2471/1983
f 3508/2473/1985 3520/2485/1997 3519/2484/1996 3507/2472/1984
f 3509/2474/1986 3521/2486/1998 3520/2485/1997 3508/2473/1985
f 3510/2475/1987 3522/2487/1999 3521/2486/1998 3509/2474/1986
f 3511/2476/1988 3523/2488/2000 3522/2487/1999 3510/2475/1987
f 3512/2477/1989 3524/2489/2001 3523/2488/2000 3511/2476/1988
f 3514/2478/1990 3526/2490/2002 3525/2491/2003 3513/2479/1991
f 3515/2480/1992 3527/2492/2004 3526/2490/2002 3514/2478/1990
f 3516/2481/1993 3528/2493/2005 3527/2492/2004 3515/2480/1992
f 3517/2482/1994 3529/2494/2006 3528/2493/2005 3516/2481/1993
f 3518/2483/1995 3530/2495/2007 3529/2494/2006 3517/2482/1994
f 3519/2484/1996 3531/2496/2008 3530/2495/2007 3518/2483/1995
f 3520/2485/1997 3532/2497/2009 3531/2496/2008 3519/2484/1996
f 3521/2486/1998 3533/2498/2010 3532/2497/2009 3520/2485/1997
f 3522/2487/1999 3534/2499/2011 3533/2498/2010 3521/2486/1998
f 3523/2488/2000 3535/2500/2012 3534/2499/2011 3522/2487/1999
f 3524/2489/2001 3536/2501/2013 3535/2500/2012 3523/2488/2000
f 3526/2490/2002 3538/2502/2014 3537/2503/2015 3525/2491/2003
f 3527/2492/2004 3539/2504/2016 3538/2502/2014 3526/2490/2002
f 3528/2493/2005 3540/2505/2017 3539/2504/2016 3527/2492/2004
f 3529/2494/2006 3541/2506/2018 3540/2505/2017 3528/2493/2005
f 3530/2495/2007 3542/2507/2019 3541/2506/2018 3529/2494/2006
f 3531/2496/2008 3543/2508/2020 3542/2507/2019 3530/2495/2007
f 3532/2497/2009 3544/2509/2021 3543/2508/2020 3531/2496/2008
f 3533/2498/2010 3545/2510/2022 3544/2509/2021 3532/2497/2009
f 3534/2499/2011 3546/2511/2023 3545/2510/2022 3533/2498/2010
f 3535/2500/2012 3547/2512/2024 3546/2511/2023 3534/2499/2011
f 3536/2501/2013 3548/2513/2025 3547/2512/2024 3535/2500/2012
f 3538/2502/2014 3550/2514/2026 3549/2515/2027 3537/2503/2015
f 3539/2504/2016 3551/2516/2028 3550/2514/2026 3538/2502/2014
f 3540/2505/2017 3552/2517/2029 3551/2516/2028 3539/2504/2016
f 3541/2506/2018 3553/2518/2030 3552/2517/2029 3540/2505/2017
f 3542/2507/2019 3554/2519/2031 3553/2518/2030 3541/2506/2018
f 3543/2508/2020 3555/2520/2032 3554/2519/2031 3542/2507/2019
f 3544/2509/2021 3556/2521/2033 3555/2520/2032 3543/2508/2020
f 3545/2510/2022 3557/2522/2034 3556/2521/2033 3544/2509/2021
f 3546/2511/2023 3558/2523/2035 3557/2522/2034 3545/2510/2022
f 3547/2512/2024 3559/2524/2036 3558/2523/2035 3546/2511/2023
f 3548/2513/2025 3560/2525/2037 3559/2524/2036 3547/2512/2024
f 3550/2514/2026 3562/2526/2038 3561/2527/2039 3549/2515/2027
f 3551/2516/2028 3563/2528/2040 3562/2526/2038 3550/2514/2026
f 3552/2517/2029 3564/2529/2041 3563/2528/2040 3551/2516/2028
f 3553/2518/2030 3565/2530/2042 3564/2529/2041 3552/2517/2029
f 3554/2519/2031 3566/2531/2043 3565/2530/2042 3553/2518/2030
f 3555/2520/2032 3567/2532/2044 3566/2531/2043 3554/2519/2031
f 3556/2521/2033 3568/2533/2045 3567/2532/2044 3555/2520/2032
f 3557/2522/2034 3569/2534/2046 3568/2533/2045 3556/2521/2033
f 3558/2523/2035 3570/2535/2047 3569/2534/2046 3557/2522/2034
f 3559/2524/2036 3571/2536/2048 3570/2535/2047 3558/2523/2035
f 3560/2525/2037 3572/2537/2049 3571/2536/2048 3559/2524/2036
f 3562/2526/2038 3574/2538/2050 3573/2539/2051 3561/2527/2039
f 3563/2528/2040 3575/2540/2052 3574/2538/2050 3562/2526/2038
f 3564/2529/2041 3576/2541/2053 3575/2540/2052 3563/2528/2040
f 3565/2530/2042 3577/2542/2054 3576/2541/2053 3564/2529/2041
f 3566/2531/2043 3578/2543/2055 3577/2542/2054 3565/2530/2042
f 3567/2532/2044 3579/2544/2056 3578/2543/2055 3566/2531/2043
f 3568/2533/2045 3580/2545/2057 3579/2544/2056 3567/2532/2044
f 3569/2534/2046 3581/2546/2058 3580/2545/2057 3568/2533/2045
f 3570/2535/2047 3582/2547/2059 3581/2546/2058 3569/2534/2046
f 3571/2536/2048 3583/2548/2060 3582/2547/2059 3570/2535/2047
f 3572/2537/2049 3584/2549/2061 3583/2548/2060 3571/2536/2048
f 3574/2538/2050 3586/2550/2062 3585/2551/2063 3573/2539/2051
f 3575/2540/2052 3587/2552/2064 3586/2550/2062 3574/2538/2050
f 3576/2541/2053 3588/2553/2065 3587/2552/2064 3575/2540/2052
f 3577/2542/2054 3589/2554/2066 3588/2553/2065 3576/2541/2053
f 3578/2543/2055 3590/2555/2067 3589/2554/2066 3577/2542/2054
f 3579/2544/2056 3591/2556/2068 3590/2555/2067 3578/2543/2055
f 3580/2545/2057 3592/2557/2069 3591/2556/2068 3579/2544/2056
f 3581/2546/2058 3593/2558/2070 3592/2557/2069 3580/2545/2057
f 3582/2547/2059 3594/2559/2071 3593/2558/2070 3581/2546/2058
f 3583/2548/2060 3595/2560/2072 3594/2559/2071 3582/2547/2059
f 3584/2549/2061 3596/2561/2073 3595/2560/2072 3583/2548/2060
f 3586/2550/2062 3598/2562/2074 3597/2563/2075 3585/2551/2063
f 3587/2552/2064 3599/2564/2076 3598/2562/2074 3586/2550/2062
f 3588/2553/2065 3600/2565/2077 3599/2564/2076 3587/2552/2064
f 3589/2554/2066 3601/2566/2078 3600/2565/2077 3588/2553/2065
f 3590/2555/2067 3602/2567/2079 3601/2566/2078 3589/2554/2066
f 3591/2556/2068 3603/2568/2080 3602/2567/2079 3590/2555/2067
f 3592/2557/2069 3604/2569/2081 3603/2568/2080 3591/2556/2068
f 3593/2558/2070 3605/2570/2082 3604/2569/2081 3592/2557/2069
f 3594/2559/2071 3606/2571/2083 3605/2570/2082 3593/2558/2070
f 3595/2560/2072 3607/2572/2084 3606/2571/2083 3594/2559/2071
f 3596/2561/2073 3608/2573/2085 3607/2572/2084 3595/2560/2072
f 3598/2562/2074 3610/2574/2086 3609/2575/2087 3597/2563/2075
f 3599/2564/2076 3611/2576/2088 3610/2574/2086 3598/2562/2074
f 3600/2565/2077 3612/2577/2089 3611/2576/2088 3599/2564/2076
f 3601/2566/2078 3613/2578/2090 3612/2577/2089 3600/2565/2077
f 3602/2567/2079 3614/2579/2091 3613/2578/2090 3601/2566/2078
f 3603/2568/2080 3615/2580/2092 3614/2579/2091 3602/2567/2079
f 3604/2569/2081 3616/2581/2093 3615/2580/2092 3603/2568/2080
f 3605/2570/2082 3617/2582/2094 3616/2581/2093 3604/2569/2081
f 3606/2571/2083 3618/2583/2095 3617/2582/2094 3605/2570/2082
f 3607/2572/2084 3619/2584/2096 3618/2583/2095 3606/2571/2083
f 3608/2573/2085 3620/2585/2097 3619/2584/2096 3607/2572/2084
f 3610/2574/2086 3622/2586/2098 3621/2587/2099 3609/2575/2087
f 3611/2576/2088 3623/2588/2100 3622/2586/2098 3610/2574/2086
f 3612/2577/2089 3624/2589/2101 3623/2588/2100 3611/2576/2088
f 3613/2578/2090 3625/2590/2102 3624/2589/2101 3612/2577/2089
f 3614/2579/2091 3626/2591/2103 3625/2590/2102 3613/2578/2090
f 3615/2580/2092 3627/2592/2104 3626/2591/2103 3614/2579/2091
f 3616/2581/2093 3628/2593/2105 3627/2592/2104 3615/2580/2092
f 3617/2582/2094 3629/2594/2106 3628/2593/2105 3616/2581/2093
f 3618/2583/2095 3630/2595/2107 3629/2594/2106 3617/2582/2094
f 3619/2584/2096 3631/2596/2108 3630/2595/2107 3618/2583/2095
f 3620/2585/2097 3632/2597/2109 3631/2596/2108 3619/2584/2096
f 3622/2586/2098 3634/2598/2110 3633/2599/2111 3621/2587/2099
f 3623/2588/2100 3635/2600/2112 3634/2598/2110 3622/2586/2098
f 3624/2589/2101 3636/2601/2113 3635/2600/2112 3623/2588/2100
f 3625/2590/2102 3637/2602/2114 3636/2601/2113 3624/2589/2101
f 3626/2591/2103 3638/2603/2115 3637/2602/2114 3625/2590/2102
f 3627/2592/2104 3639/2604/2116 3638/2603/2115 3626/2591/2103
f 3628/2593/2105 3640/2605/2117 3639/2604/2116 3627/2592/2104
f 3629/2594/2106 3641/2606/2118 3640/2605/2117 3628/2593/2105
f 3630/2595/2107 3642/2607/2119 3641/2606/2118 3629/2594/2106
f 3631/2596/2108 3643/2608/2120 3642/2607/2119 3630/2595/2107
f 3632/2597/2109 3644/2609/2121 3643/2608/2120 3631/2596/2108
f 3634/2598/2110 3646/2610/2122 3645/2611/2123 3633/2599/2111
f 3635/2600/2112 3647/2612/2124 3646/2610/2122 3634/2598/2110
f 3636/2601/2113 3648/2613/2125 3647/2612/2124 3635/2600/2112
f 3637/2602/2114 3649/2614/2126 3648/2613/2125 3636/2601/2113
f 3638/2603/2115 3650/2615/2495 3649/2614/2126 3637/2602/2114
f 3639/2604/2116 3651/2616/2496 3650/2615/2495 3638/2603/2115
f 3640/2605/2117 3652/2617/2497 3651/2616/2496 3639/2604/2116
f 3641/2606/2118 3653/2618/2130 3652/2617/2497 3640/2605/2117
f 3642/2607/2119 3654/2619/2131 3653/2618/2130 3641/2606/2118
f 3643/2608/2120 3655/2620/2132 3654/2619/2131 3642/2607/2119
f 3644/2609/2121 3656/2621/2133 3655/2620/2132 3643/2608/2120
f 3646/2610/2122 3658/2622/2134 3657/2623/2123 3645/2611/2123
f 3647/2612/2124 3659/2624/2135 3658/2622/2134 3646/2610/2122
f 3648/2613/2125 3660/2625/2136 3659/2624/2135 3647/2612/2124
f 3649/2614/2126 3661/2626/2137 3660/2625/2136 3648/2613/2125
f 3650/2615/2495 3662/2627/2138 3661/2626/2137 3649/2614/2126
f 3651/2616/2496 3663/2628/2139 3662/2627/2138 3650/2615/2495
f 3652/2617/2497 3664/2629/2140 3663/2628/2139 3651/2616/2496
f 3653/2618/2130 3665/2630/2141 3664/2629/2140 3652/2617/2497
f 3654/2619/2131 3666/2631/2142 3665/2630/2141 3653/2618/2130
f 3655/2620/2132 3667/2632/2143 3666/2631/2142 3654/2619/2131
f 3656/2621/2133 3668/2633/2133 3667/2632/2143 3655/2620/2132
f 3658/2622/2134 3670/2634/2144 3669/2635/2145 3657/2623/2123
f 3659/2624/2135 3671/2636/2146 3670/2634/2144 3658/2622/2134
f 3660/2625/2136 3672/2637/2147 3671/2636/2146 3659/2624/2135
f 3661/2626/2137 3673/2638/2148 3672/2637/2147 3660/2625/2136
f 3662/2627/2138 3674/2639/2149 3673/2638/2148 3661/2626/2137
f 3663/2628/2139 3675/2640/2150 3674/2639/2149 3662/2627/2138
f 3664/2629/2140 3676/2641/2151 3675/2640/2150 3663/2628/2139
f 3665/2630/2141 3677/2642/2498 3676/2641/2151 3664/2629/2140
f 3666/2631/2142 3678/2643/2153 3677/2642/2498 3665/2630/2141
f 3667/2632/2143 3679/2644/2154 3678/2643/2153 3666/2631/2142
f 3668/2633/2133 3680/2645/2155 3679/2644/2154 3667/2632/2143
f 3670/2634/2144 3682/2646/2156 3681/2647/2157 3669/2635/2145
f 3671/2636/2146 3683/2648/2158 3682/2646/2156 3670/2634/2144
f 3672/2637/2147 3684/2649/2499 3683/2648/2158 3671/2636/2146
f 3673/2638/2148 3685/2650/2160 3684/2649/2499 3672/2637/2147
f 3674/2639/2149 3686/2651/2161 3685/2650/2160 3673/2638/2148
f 3675/2640/2150 3687/2652/2162 3686/2651/2161 3674/2639/2149
f 3676/2641/2151 3688/2653/2163 3687/2652/2162 3675/2640/2150
f 3677/2642/2498 3689/2654/2164 3688/2653/2163 3676/2641/2151
f 3678/2643/2153 3690/2655/2165 3689/2654/2164 3677/2642/2498
f 3679/2644/2154 3691/2656/2166 3690/2655/2165 3678/2643/2153
f 3680/2645/2155 3692/2657/2167 3691/2656/2166 3679/2644/2154
f 3682/2646/2156 3694/2658/2168 3693/2659/2169 3681/2647/2157
f 3683/2648/2158 3695/2660/2170 3694/2658/2168 3682/2646/2156
f 3684/2649/2499 3696/2661/2171 3695/2660/2170 3683/2648/2158
f 3685/2650/2160 3697/2662/2172 3696/2661/2171 3684/2649/2499
f 3686/2651/2161 3698/2663/2173 3697/2662/2172 3685/2650/2160
f 3687/2652/2162 3699/2664/2174 3698/2663/2173 3686/2651/2161
f 3688/2653/2163 3700/2665/2175 3699/2664/2174 3687/2652/2162
f 3689/2654/2164 3701/2666/2176 3700/2665/2175 3688/2653/2163
f 3690/2655/2165 3702/2667/2177 3701/2666/2176 3689/2654/2164
f 3691/2656/2166 3703/2668/2178 3702/2667/2177 3690/2655/2165
f 3692/2657/2167 3704/2669/2179 3703/2668/2178 3691/2656/2166
f 3694/2658/2168 3358/2229/1834 3357/514/1837 3693/2659/2169
f 3695/2660/2170 3359/2230/1838 3358/2229/1834 3694/2658/2168
f 3696/2661/2171 3360/2231/1840 3359/2230/1838 3695/2660/2170
f 3697/2662/2172 3361/2232/1842 3360/2231/1840 3696/2661/2171
f 3698/2663/2173 3362/2233/1844 3361/2232/1842 3697/2662/2172
f 3699/2664/2174 3363/2234/1846 3362/2233/1844 3698/2663/2173
f 3700/2665/2175 3364/2235/1848 3363/2234/1846 3699/2664/2174
f 3701/2666/2176 3365/2236/1850 3364/2235/1848 3700/2665/2175
f 3702/2667/2177 3366/2237/1852 3365/2236/1850 3701/2666/2176
f 3703/2668/2178 3367/2238/1854 3366/2237/1852 3702/2667/2177
f 3704/2669/2179 3368/2239/1856 3367/2238/1854 3703/2668/2178
f 3706/767/2180 3718/2670/2181 3717/2671/2182 3705/509/2183
f 3707/770/2184 3719/2672/2185 3718/2670/2181 3706/767/2180
f 3708/772/2186 3720/2673/2187 3719/2672/2185 3707/770/2184
f 3709/774/2188 3721/2674/2189 3720/2673/2187 3708/772/2186
f 3710/776/2190 3722/2675/2191 3721/2674/2189 3709/774/2188
f 3711/778/2192 3723/2676/2193 3722/2675/2191 3710/776/2190
f 3712/780/2194 3724/2677/2195 3723/2676/2193 3711/778/2192
f 3713/782/2196 3725/2678/2197 3724/2677/2195 3712/780/2194
f 3714/784/2198 3726/2679/2199 3725/2678/2197 3713/782/2196
f 3715/786/2200 3727/2680/2201 3726/2679/2199 3714/784/2198
f 3716/788/2202 3728/2681/2203 3727/2680/2201 3715/786/2200
f 3718/2670/2181 3730/2682/2204 3729/2683/2205 3717/2671/2182
f 3719/2672/2185 3731/2684/2206 3730/2682/2204 3718/2670/2181
f 3720/2673/2187 3732/2685/2207 3731/2684/2206 3719/2672/2185
f 3721/2674/2189 3733/2686/2208 3732/2685/2207 3720/2673/2187
f 3722/2675/2191 3734/2687/2209 3733/2686/2208 3721/2674/2189
f 3723/2676/2193 3735/2688/2210 3734/2687/2209 3722/2675/2191
f 3724/2677/2195 3736/2689/2211 3735/2688/2210 3723/2676/2193
f 3725/2678/2197 3737/2690/2212 3736/2689/2211 3724/2677/2195
f 3726/2679/2199 3738/2691/2213 3737/2690/2212 3725/2678/2197
f 3727/2680/2201 3739/2692/2214 3738/2691/2213 3726/2679/2199
f 3728/2681/2203 3740/2693/2215 3739/2692/2214 3727/2680/2201
f 3730/2682/2204 3742/2694/2216 3741/2695/2217 3729/2683/2205
f 3731/2684/2206 3743/2696/2218 3742/2694/2216 3730/2682/2204
f 3732/2685/2207 3744/2697/2219 3743/2696/2218 3731/2684/2206
f 3733/2686/2208 3745/2698/2220 3744/2697/2219 3732/2685/2207
f 3734/2687/2209 3746/2699/2221 3745/2698/2220 3733/2686/2208
f 3735/2688/2210 3747/2700/2222 3746/2699/2221 3734/2687/2209
f 3736/2689/2211 3748/2701/2223 3747/2700/2222 3735/2688/2210
f 3737/2690/2212 3749/2702/2224 3748/2701/2223 3736/2689/2211
f 3738/2691/2213 3750/2703/2225 3749/2702/2224 3737/2690/2212
f 3739/2692/2214 3751/2704/2226 3750/2703/2225 3738/2691/2213
f 3740/2693/2215 3752/2705/2227 3751/2704/2226 3739/2692/2214
f 3742/2694/2216 3754/2706/2228 3753/2707/2229 3741/2695/2217
f 3743/2696/2218 3755/2708/2230 3754/2706/2228 3742/2694/2216
f 3744/2697/2219 3756/2709/2231 3755/2708/2230 3743/2696/2218
f 3745/2698/2220 3757/2710/2232 3756/2709/2231 3744/2697/2219
f 3746/2699/2221 3758/2711/2233 3757/2710/2232 3745/2698/2220
f 3747/2700/2222 3759/2712/2234 3758/2711/2233 3746/2699/2221
f 3748/2701/2223 3760/2713/2235 3759/2712/2234 3747/2700/2222
f 3749/2702/2224 3761/2714/2236 3760/2713/2235 3748/2701/2223
f 3750/2703/2225 3762/2715/2237 3761/2714/2236 3749/2702/2224
f 3751/2704/2226 3763/2716/2238 3762/2715/2237 3750/2703/2225
f 3752/2705/2227 3764/2717/2239 3763/2716/2238 3751/2704/2226
f 3754/2706/2228 3766/2718/2240 3765/2719/2241 3753/2707/2229
f 3755/2708/2230 3767/2720/2242 3766/2718/2240 3754/2706/2228
f 3756/2709/2231 3768/2721/2243 3767/2720/2242 3755/2708/2230
f 3757/2710/2232 3769/2722/2244 3768/2721/2243 3756/2709/2231
f 3758/2711/2233 3770/2723/2245 3769/2722/2244 3757/2710/2232
f 3759/2712/2234 3771/2724/2246 3770/2723/2245 3758/2711/2233
f 3760/2713/2235 3772/2725/2247 3771/2724/2246 3759/2712/2234
f 3761/2714/2236 3773/2726/2248 3772/2725/2247 3760/2713/2235
f 3762/2715/2237 3774/2727/2249 3773/2726/2248 3761/2714/2236
f 3763/2716/2238 3775/2728/2250 3774/2727/2249 3762/2715/2237
f 3764/2717/2239 3776/2729/2251 3775/2728/2250 3763/2716/2238
f 3766/2718/2240 3778/2730/2252 3777/2731/2253 3765/2719/2241
f 3767/2720/2242 3779/2732/2254 3778/2730/2252 3766/2718/2240
f 3768/2721/2243 3780/2733/2255 3779/2732/2254 3767/2720/2242
f 3769/2722/2244 3781/2734/2256 3780/2733/2255 3768/2721/2243
f 3770/2723/2245 3782/2735/2257 3781/2734/2256 3769/2722/2244
f 3771/2724/2246 3783/2736/2258 3782/2735/2257 3770/2723/2245
f 3772/2725/2247 3784/2737/2259 3783/2736/2258 3771/2724/2246
f 3773/2726/2248 3785/2738/2260 3784/2737/2259 3772/2725/2247
f 3774/2727/2249 3786/2739/2261 3785/2738/2260 3773/2726/2248
f 3775/2728/2250 3787/2740/2262 3786/2739/2261 3774/2727/2249
f 3776/2729/2251 3788/2741/2263 3787/2740/2262 3775/2728/2250
f 3778/2730/2252 3790/2742/2264 3789/2743/2265 3777/2731/2253
f 3779/2732/2254 3791/2744/2266 3790/2742/2264 3778/2730/2252
f 3780/2733/2255 3792/2745/2267 3791/2744/2266 3779/2732/2254
f 3781/2734/2256 3793/2746/2268 3792/2745/2267 3780/2733/2255
f 3782/2735/2257 3794/2747/2269 3793/2746/2268 3781/2734/2256
f 3783/2736/2258 3795/2748/2270 3794/2747/2269 3782/2735/2257
f 3784/2737/2259 3796/2749/2271 3795/2748/2270 3783/2736/2258
f 3785/2738/2260 3797/2750/2272 3796/2749/2271 3784/2737/2259
f 3786/2739/2261 3798/2751/2273 3797/2750/2272 3785/2738/2260
f 3787/2740/2262 3799/2752/2274 3798/2751/2273 3786/2739/2261
f 3788/2741/2263 3800/2753/2275 3799/2752/2274 3787/2740/2262
f 3790/2742/2264 3802/2754/2276 3801/2755/2277 3789/2743/2265
f 3791/2744/2266 3803/2756/2278 3802/2754/2276 3790/2742/2264
f 3792/2745/2267 3804/2757/2279 3803/2756/2278 3791/2744/2266
f 3793/2746/2268 3805/2758/2280 3804/2757/2279 3792/2745/2267
f 3794/2747/2269 3806/2759/2281 3805/2758/2280 3793/2746/2268
f 3795/2748/2270 3807/2760/2282 3806/2759/2281 3794/2747/2269
f 3796/2749/2271 3808/2761/2283 3807/2760/2282 3795/2748/2270
f 3797/2750/2272 3809/2762/2284 3808/2761/2283 3796/2749/2271
f 3798/2751/2273 3810/2763/2285 3809/2762/2284 3797/2750/2272
f 3799/2752/2274 3811/2764/2286 3810/2763/2285 3798/2751/2273
f 3800/2753/2275 3812/2765/2287 3811/2764/2286 3799/2752/2274
f 3802/2754/2276 3814/2312/2288 3813/567/2289 3801/2755/2277
f 3803/2756/2278 3815/2313/2290 3814/2312/2288 3802/2754/2276
f 3804/2757/2279 3816/2314/2291 3815/2313/2290 3803/2756/2278
f 3805/2758/2280 3817/2315/2292 3816/2314/2291 3804/2757/2279
f 3806/2759/2281 3818/2316/2293 3817/2315/2292 3805/2758/2280
f 3807/2760/2282 3819/2317/2294 3818/2316/2293 3806/2759/2281
f 3808/2761/2283 3820/2318/2295 3819/2317/2294 3807/2760/2282
f 3809/2762/2284 3821/2319/2296 3820/2318/2295 3808/2761/2283
f 3810/2763/2285 3822/2320/2297 3821/2319/2296 3809/2762/2284
f 3811/2764/2286 3823/2321/2298 3822/2320/2297 3810/2763/2285
f 3812/2765/2287 3824/2322/2299 3823/2321/2298 3811/2764/2286
f 3814/2312/2288 3826/2766/2300 3825/2767/2301 3813/567/2289
f 3815/2313/2290 3827/2768/2302 3826/2766/2300 3814/2312/2288
f 3816/2314/2291 3828/2769/2303 3827/2768/2302 3815/2313/2290
f 3817/2315/2292 3829/2770/2304 3828/2769/2303 3816/2314/2291
f 3818/2316/2293 3830/2771/2305 3829/2770/2304 3817/2315/2292
f 3819/2317/2294 3831/2772/2306 3830/2771/2305 3818/2316/2293
f 3820/2318/2295 3832/2773/2307 3831/2772/2306 3819/2317/2294
f 3821/2319/2296 3833/2774/2308 3832/2773/2307 3820/2318/2295
f 3822/2320/2297 3834/2775/2309 3833/2774/2308 3821/2319/2296
f 3823/2321/2298 3835/2776/2310 3834/2775/2309 3822/2320/2297
f 3824/2322/2299 3836/2777/2311 3835/2776/2310 3823/2321/2298
f 3826/2766/2300 3838/2778/2312 3837/2779/2313 3825/2767/2301
f 3827/2768/2302 3839/2780/2314 3838/2778/2312 3826/2766/2300
f 3828/2769/2303 3840/2781/2315 3839/2780/2314 3827/2768/2302
f 3829/2770/2304 3841/2782/2316 3840/2781/2315 3828/2769/2303
f 3830/2771/2305 3842/2783/2317 3841/2782/2316 3829/2770/2304
f 3831/2772/2306 3843/2784/2318 3842/2783/2317 3830/2771/2305
f 3832/2773/2307 3844/2785/2319 3843/2784/2318 3831/2772/2306
f 3833/2774/2308 3845/2786/2500 3844/2785/2319 3832/2773/2307
f 3834/2775/2309 3846/2787/2321 3845/2786/2500 3833/2774/2308
f 3835/2776/2310 3847/2788/2322 3846/2787/2321 3834/2775/2309
f 3836/2777/2311 3848/2789/2323 3847/2788/2322 3835/2776/2310
f 3838/2778/2312 3850/2790/2324 3849/2791/2325 3837/2779/2313
f 3839/2780/2314 3851/2792/2326 3850/2790/2324 3838/2778/2312
f 3840/2781/2315 3852/2793/2327 3851/2792/2326 3839/2780/2314
f 3841/2782/2316 3853/2794/2328 3852/2793/2327 3840/2781/2315
f 3842/2783/2317 3854/2795/2329 3853/2794/2328 3841/2782/2316
f 3843/2784/2318 3855/2796/2330 3854/2795/2329 3842/2783/2317
f 3844/2785/2319 3856/2797/2331 3855/2796/2330 3843/2784/2318
f 3845/2786/2500 3857/2798/2332 3856/2797/2331 3844/2785/2319
f 3846/2787/2321 3858/2799/2333 3857/2798/2332 3845/2786/2500
f 3847/2788/2322 3859/2800/2334 3858/2799/2333 3846/2787/2321
f 3848/2789/2323 3860/2801/2335 3859/2800/2334 3847/2788/2322
f 3850/2790/2324 3862/2802/2336 3861/2803/2337 3849/2791/2325
f 3851/2792/2326 3863/2804/2338 3862/2802/2336 3850/2790/2324
f 3852/2793/2327 3864/2805/2339 3863/2804/2338 3851/2792/2326
f 3853/2794/2328 3865/2806/2340 3864/2805/2339 3852/2793/2327
f 3854/2795/2329 3866/2807/2341 3865/2806/2340 3853/2794/2328
f 3855/2796/2330 3867/2808/2342 3866/2807/2341 3854/2795/2329
f 3856/2797/2331 3868/2809/2343 3867/2808/2342 3855/2796/2330
f 3857/2798/2332 3869/2810/2344 3868/2809/2343 3856/2797/2331
f 3858/2799/2333 3870/2811/2345 3869/2810/2344 3857/2798/2332
f 3859/2800/2334 3871/2812/2346 3870/2811/2345 3858/2799/2333
f 3860/2801/2335 3872/2813/2347 3871/2812/2346 3859/2800/2334
f 3862/2802/2336 3874/2814/2348 3873/2815/2349 3861/2803/2337
f 3863/2804/2338 3875/2816/2350 3874/2814/2348 3862/2802/2336
f 3864/2805/2339 3876/2817/2351 3875/2816/2350 3863/2804/2338
f 3865/2806/2340 3877/2818/2352 3876/2817/2351 3864/2805/2339
f 3866/2807/2341 3878/2819/2353 3877/2818/2352 3865/2806/2340
f 3867/2808/2342 3879/2820/2354 3878/2819/2353 3866/2807/2341
f 3868/2809/2343 3880/2821/2355 3879/2820/2354 3867/2808/2342
f 3869/2810/2344 3881/2822/2356 3880/2821/2355 3868/2809/2343
f 3870/2811/2345 3882/2823/2357 3881/2822/2356 3869/2810/2344
f 3871/2812/2346 3883/2824/2358 3882/2823/2357 3870/2811/2345
f 3872/2813/2347 3884/2825/2359 3883/2824/2358 3871/2812/2346
f 3874/2814/2348 3886/2826/2360 3885/2827/2361 3873/2815/2349
f 3875/2816/2350 3887/2828/2362 3886/2826/2360 3874/2814/2348
f 3876/2817/2351 3888/2829/2363 3887/2828/2362 3875/2816/2350
f 3877/2818/2352 3889/2830/2364 3888/2829/2363 3876/2817/2351
f 3878/2819/2353 3890/2831/2365 3889/2830/2364 3877/2818/2352
f 3879/2820/2354 3891/2832/2366 3890/2831/2365 3878/2819/2353
f 3880/2821/2355 3892/2833/2367 3891/2832/2366 3879/2820/2354
f 3881/2822/2356 3893/2834/2368 3892/2833/2367 3880/2821/2355
f 3882/2823/2357 3894/2835/2369 3893/2834/2368 3881/2822/2356
f 3883/2824/2358 3895/2836/2370 3894/2835/2369 3882/2823/2357
f 3884/2825/2359 3896/2837/2371 3895/2836/2370 3883/2824/2358
f 3886/2826/2360 3898/2838/2372 3897/2839/2373 3885/2827/2361
f 3887/2828/2362 3899/2840/2374 3898/2838/2372 3886/2826/2360
f 3888/2829/2363 3900/2841/2375 3899/2840/2374 3887/2828/2362
f 3889/2830/2364 3901/2842/2376 3900/2841/2375 3888/2829/2363
f 3890/2831/2365 3902/2843/2377 3901/2842/2376 3889/2830/2364
f 3891/2832/2366 3903/2844/2378 3902/2843/2377 3890/2831/2365
f 3892/2833/2367 3904/2845/2379 3903/2844/2378 3891/2832/2366
f 3893/2834/2368 3905/2846/2380 3904/2845/2379 3892/2833/2367
f 3894/2835/2369 3906/2847/2381 3905/2846/2380 3893/2834/2368
f 3895/2836/2370 3907/2848/2382 3906/2847/2381 3894/2835/2369
f 3896/2837/2371 3908/2849/2383 3907/2848/2382 3895/2836/2370
f 3898/2838/2372 3910/2850/2384 3909/2851/2385 3897/2839/2373
f 3899/2840/2374 3911/2852/2501 3910/2850/2384 3898/2838/2372
f 3900/2841/2375 3912/2853/2387 3911/2852/2501 3899/2840/2374
f 3901/2842/2376 3913/2854/2388 3912/2853/2387 3900/2841/2375
f 3902/2843/2377 3914/2855/2389 3913/2854/2388 3901/2842/2376
f 3903/2844/2378 3915/2856/2390 3914/2855/2389 3902/2843/2377
f 3904/2845/2379 3916/2857/2391 3915/2856/2390 3903/2844/2378
f 3905/2846/2380 3917/2858/2392 3916/2857/2391 3904/2845/2379
f 3906/2847/2381 3918/2859/2502 3917/2858/2392 3905/2846/2380
f 3907/2848/2382 3919/2860/2394 3918/2859/2502 3906/2847/2381
f 3908/2849/2383 3920/2861/2395 3919/2860/2394 3907/2848/2382
f 3910/2850/2384 3922/2323/2396 3921/517/2397 3909/2851/2385
f 3911/2852/2501 3923/2324/2398 3922/2323/2396 3910/2850/2384
f 3912/2853/2387 3924/2325/2399 3923/2324/2398 3911/2852/2501
f 3913/2854/2388 3925/2326/2400 3924/2325/2399 3912/2853/2387
f 3914/2855/2389 3926/2327/2401 3925/2326/2400 3913/2854/2388
f 3915/2856/2390 3927/2328/2402 3926/2327/2401 3914/2855/2389
f 3916/2857/2391 3928/2329/2403 3927/2328/2402 3915/2856/2390
f 3917/2858/2392 3929/2330/2404 3928/2329/2403 3916/2857/2391
f 3918/2859/2502 3930/2331/2405 3929/2330/2404 3917/2858/2392
f 3919/2860/2394 3931/2332/2406 3930/2331/2405 3918/2859/2502
f 3920/2861/2395 3932/2333/2407 3931/2332/2406 3919/2860/2394
f 3922/2323/2396 3934/2862/2408 3933/2863/2409 3921/517/2397
f 3923/2324/2398 3935/2864/2410 3934/2862/2408 3922/2323/2396
f 3924/2325/2399 3936/2865/2411 3935/2864/2410 3923/2324/2398
f 3925/2326/2400 3937/2866/2412 3936/2865/2411 3924/2325/2399
f 3926/2327/2401 3938/2867/2413 3937/2866/2412 3925/2326/2400
f 3927/2328/2402 3939/2868/2414 3938/2867/2413 3926/2327/2401
f 3928/2329/2403 3940/2869/2415 3939/2868/2414 3927/2328/2402
f 3929/2330/2404 3941/2870/2416 3940/2869/2415 3928/2329/2403
f 3930/2331/2405 3942/2871/2417 3941/2870/2416 3929/2330/2404
f 3931/2332/2406 3943/2872/2418 3942/2871/2417 3930/2331/2405
f 3932/2333/2407 3944/2873/2419 3943/2872/2418 3931/2332/2406
f 3934/2862/2408 3946/2874/2420 3945/2875/2421 3933/2863/2409
f 3935/2864/2410 3947/2876/2422 3946/2874/2420 3934/2862/2408
f 3936/2865/2411 3948/2877/2423 3947/2876/2422 3935/2864/2410
f 3937/2866/2412 3949/2878/2424 3948/2877/2423 3936/2865/2411
f 3938/2867/2413 3950/2879/2425 3949/2878/2424 3937/2866/2412
f 3939/2868/2414 3951/2880/2426 3950/2879/2425 3938/2867/2413
f 3940/2869/2415 3952/2881/2427 3951/2880/2426 3939/2868/2414
f 3941/2870/2416 3953/2882/2428 3952/2881/2427 3940/2869/2415
f 3942/2871/2417 3954/2883/2429 3953/2882/2428 3941/2870/2416
f 3943/2872/2418 3955/2884/2430 3954/2883/2429 3942/2871/2417
f 3944/2873/2419 3956/2885/2431 3955/2884/2430 3943/2872/2418
f 3946/2874/2420 3958/2886/2432 3957/2887/2433 3945/2875/2421
f 3947/2876/2422 3959/2888/2434 3958/2886/2432 3946/2874/2420
f 3948/2877/2423 3960/2889/2435 3959/2888/2434 3947/2876/2422
f 3949/2878/2424 3961/2890/2436 3960/2889/2435 3948/2877/2423
f 3950/2879/2425 3962/2891/2437 3961/2890/2436 3949/2878/2424
f 3951/2880/2426 3963/2892/2438 3962/2891/2437 3950/2879/2425
f 3952/2881/2427 3964/2893/2439 3963/2892/2438 3951/2880/2426
f 3953/2882/2428 3965/2894/2440 3964/2893/2439 3952/2881/2427
f 3954/2883/2429 3966/2895/2441 3965/2894/2440 3953/2882/2428
f 3955/2884/2430 3967/2896/2442 3966/2895/2441 3954/2883/2429
f 3956/2885/2431 3968/2897/2443 3967/2896/2442 3955/2884/2430
f 3958/2886/2432 3970/2898/2444 3969/2899/2445 3957/2887/2433
f 3959/2888/2434 3971/2900/2446 3970/2898/2444 3958/2886/2432
f 3960/2889/2435 3972/2901/2447 3971/2900/2446 3959/2888/2434
f 3961/2890/2436 3973/2902/2448 3972/2901/2447 3960/2889/2435
f 3962/2891/2437 3974/2903/2449 3973/2902/2448 3961/2890/2436
f 3963/2892/2438 3975/2904/2450 3974/2903/2449 3962/2891/2437
f 3964/2893/2439 3976/2905/2451 3975/2904/2450 3963/2892/2438
f 3965/2894/2440 3977/2906/2452 3976/2905/2451 3964/2893/2439
f 3966/2895/2441 3978/2907/2453 3977/2906/2452 3965/2894/2440
f 3967/2896/2442 3979/2908/2454 3978/2907/2453 3966/2895/2441
f 3968/2897/2443 3980/2909/2455 3979/2908/2454 3967/2896/2442
f 3970/2898/2444 3982/2910/2456 3981/2911/2457 3969/2899/2445
f 3971/2900/2446 3983/2912/2458 3982/2910/2456 3970/2898/2444
f 3972/2901/2447 3984/2913/2459 3983/2912/2458 3971/2900/2446
f 3973/2902/2448 3985/2914/2460 3984/2913/2459 3972/2901/2447
f 3974/2903/2449 3986/2915/2461 3985/2914/2460 3973/2902/2448
f 3975/2904/2450 3987/2916/2462 3986/2915/2461 3974/2903/2449
f 3976/2905/2451 3988/2917/2463 3987/2916/2462 3975/2904/2450
f 3977/2906/2452 3989/2918/2464 3988/2917/2463 3976/2905/2451
f 3978/2907/2453 3990/2919/2465 3989/2918/2464 3977/2906/2452
f 3979/2908/2454 3991/2920/2466 3990/2919/2465 3978/2907/2453
f 3980/2909/2455 3992/2921/2467 3991/2920/2466 3979/2908/2454
f 3982/2910/2456 3994/2922/2468 3993/2923/2469 3981/2911/2457
f 3983/2912/2458 3995/2924/2470 3994/2922/2468 3982/2910/2456
f 3984/2913/2459 3996/2925/2471 3995/2924/2470 3983/2912/2458
f 3985/2914/2460 3997/2926/2472 3996/2925/2471 3984/2913/2459
f 3986/2915/2461 3998/2927/2473 3997/2926/2472 3985/2914/2460
f 3987/2916/2462 3999/2928/2474 3998/2927/2473 3986/2915/2461
f 3988/2917/2463 4000/2929/2475 3999/2928/2474 3987/2916/2462
f 3989/2918/2464 4001/2930/2476 4000/2929/2475 3988/2917/2463
f 3990/2919/2465 4002/2931/2477 4001/2930/2476 3989/2918/2464
f 3991/2920/2466 4003/2932/2478 4002/2931/2477 3990/2919/2465
f 3992/2921/2467 4004/2933/2479 4003/2932/2478 3991/2920/2466
f 3994/2922/2468 4006/2934/2122 4005/2935/2123 3993/2923/2469
f 3995/2924/2470 4007/2936/2124 4006/2934/2122 3994/2922/2468
f 3996/2925/2471 4008/2937/2125 4007/2936/2124 3995/2924/2470
f 3997/2926/2472 4009/2938/2126 4008/2937/2125 3996/2925/2471
f 3998/2927/2473 4010/2939/2495 4009/2938/2126 3997/2926/2472
f 3999/2928/2474 4011/2940/2496 4010/2939/2495 3998/2927/2473
f 4000/2929/2475 4012/2941/2497 4011/2940/2496 3999/2928/2474
f 4001/2930/2476 4013/2942/2130 4012/2941/2497 4000/2929/2475
f 4002/2931/2477 4014/2943/2131 4013/2942/2130 4001/2930/2476
f 4003/2932/2478 4015/2944/2132 4014/2943/2131 4002/2931/2477
f 4004/2933/2479 4016/2945/2133 4015/2944/2132 4003/2932/2478
f 4006/2934/2122 4018/2946/2480 4017/2947/2481 4005/2935/2123
f 4007/2936/2124 4019/2948/2482 4018/2946/2480 4006/2934/2122
f 4008/2937/2125 4020/2949/2483 4019/2948/2482 4007/2936/2124
f 4009/2938/2126 4021/2950/2503 4020/2949/2483 4008/2937/2125
f 4010/2939/2495 4022/2951/2504 4021/2950/2503 4009/2938/2126
f 4011/2940/2496 4023/2952/2505 4022/2951/2504 4010/2939/2495
f 4012/2941/2497 4024/2953/2487 4023/2952/2505 4011/2940/2496
f 4013/2942/2130 4025/2954/2488 4024/2953/2487 4012/2941/2497
f 4014/2943/2131 4026/2955/2489 4025/2954/2488 4013/2942/2130
f 4015/2944/2132 4027/2956/2490 4026/2955/2489 4014/2943/2131
f 4016/2945/2133 4028/2957/2491 4027/2956/2490 4015/2944/2132
f 4018/2946/2480 3706/2229/2180 3705/514/2183 4017/2947/2481
f 4019/2948/2482 3707/2230/2184 3706/2229/2180 4018/2946/2480
f 4020/2949/2483 3708/2231/2186 3707/2230/2184 4019/2948/2482
f 4021/2950/2503 3709/2232/2188 3708/2231/2186 4020/2949/2483
f 4022/2951/2504 3710/2233/2190 3709/2232/2188 4021/2950/2503
f 4023/2952/2505 3711/2234/2192 3710/2233/2190 4022/2951/2504
f 4024/2953/2487 3712/2235/2194 3711/2234/2192 4023/2952/2505
f 4025/2954/2488 3713/2236/2196 3712/2235/2194 4024/2953/2487
f 4026/2955/2489 3714/2237/2198 3713/2236/2196 4025/2954/2488
f 4027/2956/2490 3715/2238/2200 3714/2237/2198 4026/2955/2489
f 4028/2957/2491 3716/2239/2202 3715/2238/2200 4027/2956/2490
f 4030/767/2144 4042/2958/2506 4041/2959/2145 4029/509/2145
f 4031/770/2146 4043/2960/2507 4042/2958/2506 4030/767/2144
f 4032/772/2147 4044/2961/2508 4043/2960/2507 4031/770/2146
f 4033/774/2148 4045/2962/2509 4044/2961/2508 4032/772/2147
f 4034/776/2149 4046/2963/2510 4045/2962/2509 4033/774/2148
f 4035/778/2150 4047/2964/2511 4046/2963/2510 4034/776/2149
f 4036/780/2151 4048/2965/2512 4047/2964/2511 4035/778/2150
f 4037/782/2152 4049/2966/2513 4048/2965/2512 4036/780/2151
f 4038/784/2153 4050/2967/2514 4049/2966/2513 4037/782/2152
f 4039/786/2154 4051/2968/2515 4050/2967/2514 4038/784/2153
f 4040/788/2155 4052/2969/2155 4051/2968/2515 4039/786/2154
f 4042/2958/2506 4054/2970/2122 4053/2971/2123 4041/2959/2145
f 4043/2960/2507 4055/2972/2124 4054/2970/2122 4042/2958/2506
f 4044/2961/2508 4056/2973/2125 4055/2972/2124 4043/2960/2507
f 4045/2962/2509 4057/2974/2126 4056/2973/2125 4044/2961/2508
f 4046/2963/2510 4058/2975/2495 4057/2974/2126 4045/2962/2509
f 4047/2964/2511 4059/2976/2496 4058/2975/2495 4046/2963/2510
f 4048/2965/2512 4060/2977/2497 4059/2976/2496 4047/2964/2511
f 4049/2966/2513 4061/2978/2130 4060/2977/2497 4048/2965/2512
f 4050/2967/2514 4062/2979/2131 4061/2978/2130 4049/2966/2513
f 4051/2968/2515 4063/2980/2132 4062/2979/2131 4050/2967/2514
f 4052/2969/2155 4064/2981/2133 4063/2980/2132 4051/2968/2515
f 4054/2970/2122 4066/2252/2134 4065/2253/2123 4053/2971/2123
f 4055/2972/2124 4067/2254/2135 4066/2252/2134 4054/2970/2122
f 4056/2973/2125 4068/2255/2136 4067/2254/2135 4055/2972/2124
f 4057/2974/2126 4069/2256/2137 4068/2255/2136 4056/2973/2125
f 4058/2975/2495 4070/2257/2138 4069/2256/2137 4057/2974/2126
f 4059/2976/2496 4071/2258/2139 4070/2257/2138 4058/2975/2495
f 4060/2977/2497 4072/2259/2140 4071/2258/2139 4059/2976/2496
f 4061/2978/2130 4073/2260/2141 4072/2259/2140 4060/2977/2497
f 4062/2979/2131 4074/2261/2142 4073/2260/2141 4061/2978/2130
f 4063/2980/2132 4075/2262/2143 4074/2261/2142 4062/2979/2131
f 4064/2981/2133 4076/2263/2133 4075/2262/2143 4063/2980/2132
f 4066/2252/2134 4078/2312/2144 4077/567/2145 4065/2253/2123
f 4067/2254/2135 4079/2313/2146 4078/2312/2144 4066/2252/2134
f 4068/2255/2136 4080/2314/2147 4079/2313/2146 4067/2254/2135
f 4069/2256/2137 4081/2315/2148 4080/2314/2147 4068/2255/2136
f 4070/2257/2138 4082/2316/2149 4081/2315/2148 4069/2256/2137
f 4071/2258/2139 4083/2317/2150 4082/2316/2149 4070/2257/2138
f 4072/2259/2140 4084/2318/2151 4083/2317/2150 4071/2258/2139
f 4073/2260/2141 4085/2319/2498 4084/2318/2151 4072/2259/2140
f 4074/2261/2142 4086/2320/2153 4085/2319/2498 4073/2260/2141
f 4075/2262/2143 4087/2321/2154 4086/2320/2153 4074/2261/2142
f 4076/2263/2133 4088/2322/2155 4087/2321/2154 4075/2262/2143
f 4078/2312/2144 4090/2982/2156 4089/2983/2157 4077/567/2145
f 4079/2313/2146 4091/2984/2158 4090/2982/2156 4078/2312/2144
f 4080/2314/2147 4092/2985/2499 4091/2984/2158 4079/2313/2146
f 4081/2315/2148 4093/2986/2160 4092/2985/2499 4080/2314/2147
f 4082/2316/2149 4094/2987/2161 4093/2986/2160 4081/2315/2148
f 4083/2317/2150 4095/2988/2162 4094/2987/2161 4082/2316/2149
f 4084/2318/2151 4096/2989/2163 4095/2988/2162 4083/2317/2150
f 4085/2319/2498 4097/2990/2164 4096/2989/2163 4084/2318/2151
f 4086/2320/2153 4098/2991/2165 4097/2990/2164 4085/2319/2498
f 4087/2321/2154 4099/2992/2166 4098/2991/2165 4086/2320/2153
f 4088/2322/2155 4100/2993/2167 4099/2992/2166 4087/2321/2154
f 4090/2982/2156 4102/1498/2516 4101/653/2481 4089/2983/2157
f 4091/2984/2158 4103/1499/2517 4102/1498/2516 4090/2982/2156
f 4092/2985/2499 4104/1500/2518 4103/1499/2517 4091/2984/2158
f 4093/2986/2160 4105/1501/2519 4104/1500/2518 4092/2985/2499
f 4094/2987/2161 4106/1502/2520 4105/1501/2519 4093/2986/2160
f 4095/2988/2162 4107/1503/2521 4106/1502/2520 4094/2987/2161
f 4096/2989/2163 4108/1504/2522 4107/1503/2521 4095/2988/2162
f 4097/2990/2164 4109/1505/2523 4108/1504/2522 4096/2989/2163
f 4098/2991/2165 4110/1506/2524 4109/1505/2523 4097/2990/2164
f 4099/2992/2166 4111/1507/2525 4110/1506/2524 4098/2991/2165
f 4100/2993/2167 4112/1508/2491 4111/1507/2525 4099/2992/2166
f 4102/1498/2516 4114/2994/2480 4113/2995/2481 4101/653/2481
f 4103/1499/2517 4115/2996/2482 4114/2994/2480 4102/1498/2516
f 4104/1500/2518 4116/2997/2483 4115/2996/2482 4103/1499/2517
f 4105/1501/2519 4117/2998/2503 4116/2997/2483 4104/1500/2518
f 4106/1502/2520 4118/2999/2504 4117/2998/2503 4105/1501/2519
f 4107/1503/2521 4119/3000/2505 4118/2999/2504 4106/1502/2520
f 4108/1504/2522 4120/3001/2487 4119/3000/2505 4107/1503/2521
f 4109/1505/2523 4121/3002/2488 4120/3001/2487 4108/1504/2522
f 4110/1506/2524 4122/3003/2489 4121/3002/2488 4109/1505/2523
f 4111/1507/2525 4123/3004/2490 4122/3003/2489 4110/1506/2524
f 4112/1508/2491 4124/3005/2491 4123/3004/2490 4111/1507/2525
f 4114/2994/2480 4126/2323/2526 4125/517/2157 4113/2995/2481
f 4115/2996/2482 4127/2324/2527 4126/2323/2526 4114/2994/2480
f 4116/2997/2483 4128/2325/2528 4127/2324/2527 4115/2996/2482
f 4117/2998/2503 4129/2326/2529 4128/2325/2528 4116/2997/2483
f 4118/2999/2504 4130/2327/2530 4129/2326/2529 4117/2998/2503
f 4119/3000/2505 4131/2328/2531 4130/2327/2530 4118/2999/2504
f 4120/3001/2487 4132/2329/2532 4131/2328/2531 4119/3000/2505
f 4121/3002/2488 4133/2330/2533 4132/2329/2532 4120/3001/2487
f 4122/3003/2489 4134/2331/2534 4133/2330/2533 4121/3002/2488
f 4123/3004/2490 4135/2332/2535 4134/2331/2534 4122/3003/2489
f 4124/3005/2491 4136/2333/2167 4135/2332/2535 4123/3004/2490
f 4126/2323/2526 4138/2288/2156 4137/2289/2157 4125/517/2157
f 4127/2324/2527 4139/2290/2158 4138/2288/2156 4126/2323/2526
f 4128/2325/2528 4140/2291/2159 4139/2290/2158 4127/2324/2527
f 4129/2326/2529 4141/2292/2160 4140/2291/2159 4128/2325/2528
f 4130/2327/2530 4142/2293/2161 4141/2292/2160 4129/2326/2529
f 4131/2328/2531 4143/2294/2162 4142/2293/2161 4130/2327/2530
f 4132/2329/2532 4144/2295/2163 4143/2294/2162 4131/2328/2531
f 4133/2330/2533 4145/2296/2164 4144/2295/2163 4132/2329/2532
f 4134/2331/2534 4146/2297/2165 4145/2296/2164 4133/2330/2533
f 4135/2332/2535 4147/2298/2166 4146/2297/2165 4134/2331/2534
f 4136/2333/2167 4148/2299/2167 4147/2298/2166 4135/2332/2535
f 4138/2288/2156 4150/3006/2516 4149/3007/2481 4137/2289/2157
f 4139/2290/2158 4151/3008/2517 4150/3006/2516 4138/2288/2156
f 4140/2291/2159 4152/3009/2536 4151/3008/2517 4139/2290/2158
f 4141/2292/2160 4153/3010/2519 4152/3009/2536 4140/2291/2159
f 4142/2293/2161 4154/3011/2520 4153/3010/2519 4141/2292/2160
f 4143/2294/2162 4155/3012/2521 4154/3011/2520 4142/2293/2161
f 4144/2295/2163 4156/3013/2522 4155/3012/2521 4143/2294/2162
f 4145/2296/2164 4157/3014/2523 4156/3013/2522 4144/2295/2163
f 4146/2297/2165 4158/3015/2524 4157/3014/2523 4145/2296/2164
f 4147/2298/2166 4159/3016/2525 4158/3015/2524 4146/2297/2165
f 4148/2299/2167 4160/3017/2491 4159/3016/2525 4147/2298/2166
f 4150/3006/2516 4162/3018/2134 4161/3019/2123 4149/3007/2481
f 4151/3008/2517 4163/3020/2135 4162/3018/2134 4150/3006/2516
f 4152/3009/2536 4164/3021/2136 4163/3020/2135 4151/3008/2517
f 4153/3010/2519 4165/3022/2137 4164/3021/2136 4152/3009/2536
f 4154/3011/2520 4166/3023/2138 4165/3022/2137 4153/3010/2519
f 4155/3012/2521 4167/3024/2139 4166/3023/2138 4154/3011/2520
f 4156/3013/2522 4168/3025/2140 4167/3024/2139 4155/3012/2521
f 4157/3014/2523 4169/3026/2537 4168/3025/2140 4156/3013/2522
f 4158/3015/2524 4170/3027/2142 4169/3026/2537 4157/3014/2523
f 4159/3016/2525 4171/3028/2143 4170/3027/2142 4158/3015/2524
f 4160/3017/2491 4172/3029/2133 4171/3028/2143 4159/3016/2525
f 4162/3018/2134 4030/2229/2144 4029/514/2145 4161/3019/2123
f 4163/3020/2135 4031/2230/2146 4030/2229/2144 4162/3018/2134
f 4164/3021/2136 4032/2231/2147 4031/2230/2146 4163/3020/2135
f 4165/3022/2137 4033/2232/2148 4032/2231/2147 4164/3021/2136
f 4166/3023/2138 4034/2233/2149 4033/2232/2148 4165/3022/2137
f 4167/3024/2139 4035/2234/2150 4034/2233/2149 4166/3023/2138
f 4168/3025/2140 4036/2235/2151 4035/2234/2150 4167/3024/2139
f 4169/3026/2537 4037/2236/2152 4036/2235/2151 4168/3025/2140
f 4170/3027/2142 4038/2237/2153 4037/2236/2152 4169/3026/2537
f 4171/3028/2143 4039/2238/2154 4038/2237/2153 4170/3027/2142
f 4172/3029/2133 4040/2239/2155 4039/2238/2154 4171/3028/2143
f 4174/767/2144 4186/2252/2156 4185/2253/2157 4173/509/2145
f 4175/770/2146 4187/2254/2158 4186/2252/2156 4174/767/2144
f 4176/772/2147 4188/2255/2159 4187/2254/2158 4175/770/2146
f 4177/774/2148 4189/2256/2160 4188/2255/2159 4176/772/2147
f 4178/776/2149 4190/2257/2161 4189/2256/2160 4177/774/2148
f 4179/778/2150 4191/2258/2162 4190/2257/2161 4178/776/2149
f 4180/780/2151 4192/2259/2163 4191/2258/2162 4179/778/2150
f 4181/782/2152 4193/2260/2164 4192/2259/2163 4180/780/2151
f 4182/784/2153 4194/2261/2165 4193/2260/2164 4181/782/2152
f 4183/786/2154 4195/2262/2166 4194/2261/2165 4182/784/2153
f 4184/788/2155 4196/2263/2167 4195/2262/2166 4183/786/2154
f 4186/2252/2156 4198/1498/2516 4197/653/2481 4185/2253/2157
f 4187/2254/2158 4199/1499/2517 4198/1498/2516 4186/2252/2156
f 4188/2255/2159 4200/1500/2518 4199/1499/2517 4187/2254/2158
f 4189/2256/2160 4201/1501/2519 4200/1500/2518 4188/2255/2159
f 4190/2257/2161 4202/1502/2520 4201/1501/2519 4189/2256/2160
f 4191/2258/2162 4203/1503/2521 4202/1502/2520 4190/2257/2161
f 4192/2259/2163 4204/1504/2522 4203/1503/2521 4191/2258/2162
f 4193/2260/2164 4205/1505/2523 4204/1504/2522 4192/2259/2163
f 4194/2261/2165 4206/1506/2524 4205/1505/2523 4193/2260/2164
f 4195/2262/2166 4207/1507/2525 4206/1506/2524 4194/2261/2165
f 4196/2263/2167 4208/1508/2491 4207/1507/2525 4195/2262/2166
f 4198/1498/2516 4210/2288/2134 4209/2289/2123 4197/653/2481
f 4199/1499/2517 4211/2290/2135 4210/2288/2134 4198/1498/2516
f 4200/1500/2518 4212/2291/2136 4211/2290/2135 4199/1499/2517
f 4201/1501/2519 4213/2292/2137 4212/2291/2136 4200/1500/2518
f 4202/1502/2520 4214/2293/2138 4213/2292/2137 4201/1501/2519
f 4203/1503/2521 4215/2294/2139 4214/2293/2138 4202/1502/2520
f 4204/1504/2522 4216/2295/2140 4215/2294/2139 4203/1503/2521
f 4205/1505/2523 4217/2296/2141 4216/2295/2140 4204/1504/2522
f 4206/1506/2524 4218/2297/2142 4217/2296/2141 4205/1505/2523
f 4207/1507/2525 4219/2298/2143 4218/2297/2142 4206/1506/2524
f 4208/1508/2491 4220/2299/2133 4219/2298/2143 4207/1507/2525
f 4210/2288/2134 4174/2229/2144 4173/514/2145 4209/2289/2123
f 4211/2290/2135 4175/2230/2146 4174/2229/2144 4210/2288/2134
f 4212/2291/2136 4176/2231/2147 4175/2230/2146 4211/2290/2135
f 4213/2292/2137 4177/2232/2148 4176/2231/2147 4212/2291/2136
f 4214/2293/2138 4178/2233/2149 4177/2232/2148 4213/2292/2137
f 4215/2294/2139 4179/2234/2150 4178/2233/2149 4214/2293/2138
f 4216/2295/2140 4180/2235/2151 4179/2234/2150 4215/2294/2139
f 4217/2296/2141 4181/2236/2152 4180/2235/2151 4216/2295/2140
f 4218/2297/2142 4182/2237/2153 4181/2236/2152 4217/2296/2141
f 4219/2298/2143 4183/2238/2154 4182/2237/2153 4218/2297/2142
f 4220/2299/2133 4184/2239/2155 4183/2238/2154 4219/2298/2143
f 4222/767/2538 4234/3030/2539 4233/3031/2540 4221/509/2541
f 4223/770/2542 4235/3032/2543 4234/3030/2539 4222/767/2538
f 4224/772/2544 4236/3033/2545 4235/3032/2543 4223/770/2542
f 4225/774/2546 4237/3034/2547 4236/3033/2545 4224/772/2544
f 4226/776/2548 4238/3035/2549 4237/3034/2547 4225/774/2546
f 4227/778/2550 4239/3036/2551 4238/3035/2549 4226/776/2548
f 4228/780/2552 4240/3037/2553 4239/3036/2551 4227/778/2550
f 4229/782/2554 4241/3038/2555 4240/3037/2553 4228/780/2552
f 4230/784/2556 4242/3039/2557 4241/3038/2555 4229/782/2554
f 4231/786/2558 4243/3040/2559 4242/3039/2557 4230/784/2556
f 4232/788/2560 4244/3041/2561 4243/3040/2559 4231/786/2558
f 4234/3030/2539 4246/3042/2562 4245/3043/2563 4233/3031/2540
f 4235/3032/2543 4247/3044/2564 4246/3042/2562 4234/3030/2539
f 4236/3033/2545 4248/3045/2565 4247/3044/2564 4235/3032/2543
f 4237/3034/2547 4249/3046/2566 4248/3045/2565 4236/3033/2545
f 4238/3035/2549 4250/3047/2567 4249/3046/2566 4237/3034/2547
f 4239/3036/2551 4251/3048/2568 4250/3047/2567 4238/3035/2549
f 4240/3037/2553 4252/3049/2569 4251/3048/2568 4239/3036/2551
f 4241/3038/2555 4253/3050/2570 4252/3049/2569 4240/3037/2553
f 4242/3039/2557 4254/3051/2571 4253/3050/2570 4241/3038/2555
f 4243/3040/2559 4255/3052/2572 4254/3051/2571 4242/3039/2557
f 4244/3041/2561 4256/3053/2573 4255/3052/2572 4243/3040/2559
f 4246/3042/2562 4258/3054/2574 4257/3055/2575 4245/3043/2563
f 4247/3044/2564 4259/3056/2576 4258/3054/2574 4246/3042/2562
f 4248/3045/2565 4260/3057/2577 4259/3056/2576 4247/3044/2564
f 4249/3046/2566 4261/3058/2578 4260/3057/2577 4248/3045/2565
f 4250/3047/2567 4262/3059/2579 4261/3058/2578 4249/3046/2566
f 4251/3048/2568 4263/3060/2580 4262/3059/2579 4250/3047/2567
f 4252/3049/2569 4264/3061/2581 4263/3060/2580 4251/3048/2568
f 4253/3050/2570 4265/3062/2582 4264/3061/2581 4252/3049/2569
f 4254/3051/2571 4266/3063/2583 4265/3062/2582 4253/3050/2570
f 4255/3052/2572 4267/3064/2584 4266/3063/2583 4254/3051/2571
f 4256/3053/2573 4268/3065/2585 4267/3064/2584 4255/3052/2572
f 4258/3054/2574 4270/3066/2586 4269/3067/2587 4257/3055/2575
f 4259/3056/2576 4271/3068/2588 4270/3066/2586 4258/3054/2574
f 4260/3057/2577 4272/3069/2589 4271/3068/2588 4259/3056/2576
f 4261/3058/2578 4273/3070/2590 4272/3069/2589 4260/3057/2577
f 4262/3059/2579 4274/3071/2591 4273/3070/2590 4261/3058/2578
f 4263/3060/2580 4275/3072/2592 4274/3071/2591 4262/3059/2579
f 4264/3061/2581 4276/3073/2593 4275/3072/2592 4263/3060/2580
f 4265/3062/2582 4277/3074/2594 4276/3073/2593 4264/3061/2581
f 4266/3063/2583 4278/3075/2595 4277/3074/2594 4265/3062/2582
f 4267/3064/2584 4279/3076/2596 4278/3075/2595 4266/3063/2583
f 4268/3065/2585 4280/3077/2597 4279/3076/2596 4267/3064/2584
f 4270/3066/2586 4282/3078/2598 4281/3079/2599 4269/3067/2587
f 4271/3068/2588 4283/3080/2600 4282/3078/2598 4270/3066/2586
f 4272/3069/2589 4284/3081/2601 4283/3080/2600 4271/3068/2588
f 4273/3070/2590 4285/3082/2602 4284/3081/2601 4272/3069/2589
f 4274/3071/2591 4286/3083/2603 4285/3082/2602 4273/3070/2590
f 4275/3072/2592 4287/3084/2604 4286/3083/2603 4274/3071/2591
f 4276/3073/2593 4288/3085/2605 4287/3084/2604 4275/3072/2592
f 4277/3074/2594 4289/3086/2606 4288/3085/2605 4276/3073/2593
f 4278/3075/2595 4290/3087/2607 4289/3086/2606 4277/3074/2594
f 4279/3076/2596 4291/3088/2608 4290/3087/2607 4278/3075/2595
f 4280/3077/2597 4292/3089/2609 4291/3088/2608 4279/3076/2596
f 4282/3078/2598 4294/3090/2610 4293/3091/2611 4281/3079/2599
f 4283/3080/2600 4295/3092/2612 4294/3090/2610 4282/3078/2598
f 4284/3081/2601 4296/3093/2613 4295/3092/2612 4283/3080/2600
f 4285/3082/2602 4297/3094/2614 4296/3093/2613 4284/3081/2601
f 4286/3083/2603 4298/3095/2615 4297/3094/2614 4285/3082/2602
f 4287/3084/2604 4299/3096/2616 4298/3095/2615 4286/3083/2603
f 4288/3085/2605 4300/3097/2617 4299/3096/2616 4287/3084/2604
f 4289/3086/2606 4301/3098/2618 4300/3097/2617 4288/3085/2605
f 4290/3087/2607 4302/3099/2619 4301/3098/2618 4289/3086/2606
f 4291/3088/2608 4303/3100/2620 4302/3099/2619 4290/3087/2607
f 4292/3089/2609 4304/3101/2621 4303/3100/2620 4291/3088/2608
f 4294/3090/2610 4306/3102/2622 4305/3103/2623 4293/3091/2611
f 4295/3092/2612 4307/3104/2624 4306/3102/2622 4294/3090/2610
f 4296/3093/2613 4308/3105/2625 4307/3104/2624 4295/3092/2612
f 4297/3094/2614 4309/3106/2626 4308/3105/2625 4296/3093/2613
f 4298/3095/2615 4310/3107/2627 4309/3106/2626 4297/3094/2614
f 4299/3096/2616 4311/3108/2628 4310/3107/2627 4298/3095/2615
f 4300/3097/2617 4312/3109/2629 4311/3108/2628 4299/3096/2616
f 4301/3098/2618 4313/3110/2630 4312/3109/2629 4300/3097/2617
f 4302/3099/2619 4314/3111/2631 4313/3110/2630 4301/3098/2618
f 4303/3100/2620 4315/3112/2632 4314/3111/2631 4302/3099/2619
f 4304/3101/2621 4316/3113/2633 4315/3112/2632 4303/3100/2620
f 4306/3102/2622 4318/3114/2634 4317/3115/2635 4305/3103/2623
f 4307/3104/2624 4319/3116/2636 4318/3114/2634 4306/3102/2622
f 4308/3105/2625 4320/3117/2637 4319/3116/2636 4307/3104/2624
f 4309/3106/2626 4321/3118/2638 4320/3117/2637 4308/3105/2625
f 4310/3107/2627 4322/3119/2639 4321/3118/2638 4309/3106/2626
f 4311/3108/2628 4323/3120/2640 4322/3119/2639 4310/3107/2627
f 4312/3109/2629 4324/3121/2641 4323/3120/2640 4311/3108/2628
f 4313/3110/2630 4325/3122/2642 4324/3121/2641 4312/3109/2629
f 4314/3111/2631 4326/3123/2643 4325/3122/2642 4313/3110/2630
f 4315/3112/2632 4327/3124/2644 4326/3123/2643 4314/3111/2631
f 4316/3113/2633 4328/3125/2645 4327/3124/2644 4315/3112/2632
f 4318/3114/2634 4330/3126/2646 4329/3127/2647 4317/3115/2635
f 4319/3116/2636 4331/3128/2648 4330/3126/2646 4318/3114/2634
f 4320/3117/2637 4332/3129/2649 4331/3128/2648 4319/3116/2636
f 4321/3118/2638 4333/3130/2650 4332/3129/2649 4320/3117/2637
f 4322/3119/2639 4334/3131/2651 4333/3130/2650 4321/3118/2638
f 4323/3120/2640 4335/3132/2652 4334/3131/2651 4322/3119/2639
f 4324/3121/2641 4336/3133/2653 4335/3132/2652 4323/3120/2640
f 4325/3122/2642 4337/3134/2654 4336/3133/2653 4324/3121/2641
f 4326/3123/2643 4338/3135/2655 4337/3134/2654 4325/3122/2642
f 4327/3124/2644 4339/3136/2656 4338/3135/2655 4326/3123/2643
f 4328/3125/2645 4340/3137/2657 4339/3136/2656 4327/3124/2644
f 4330/3126/2646 4342/3138/2658 4341/3139/2659 4329/3127/2647
f 4331/3128/2648 4343/3140/2660 4342/3138/2658 4330/3126/2646
f 4332/3129/2649 4344/3141/2661 4343/3140/2660 4331/3128/2648
f 4333/3130/2650 4345/3142/2662 4344/3141/2661 4332/3129/2649
f 4334/3131/2651 4346/3143/2663 4345/3142/2662 4333/3130/2650
f 4335/3132/2652 4347/3144/2664 4346/3143/2663 4334/3131/2651
f 4336/3133/2653 4348/3145/2665 4347/3144/2664 4335/3132/2652
f 4337/3134/2654 4349/3146/2666 4348/3145/2665 4336/3133/2653
f 4338/3135/2655 4350/3147/2667 4349/3146/2666 4337/3134/2654
f 4339/3136/2656 4351/3148/2668 4350/3147/2667 4338/3135/2655
f 4340/3137/2657 4352/3149/2669 4351/3148/2668 4339/3136/2656
f 4342/3138/2658 4354/3150/2670 4353/3151/2671 4341/3139/2659
f 4343/3140/2660 4355/3152/2672 4354/3150/2670 4342/3138/2658
f 4344/3141/2661 4356/3153/2673 4355/3152/2672 4343/3140/2660
f 4345/3142/2662 4357/3154/2674 4356/3153/2673 4344/3141/2661
f 4346/3143/2663 4358/3155/2675 4357/3154/2674 4345/3142/2662
f 4347/3144/2664 4359/3156/2676 4358/3155/2675 4346/3143/2663
f 4348/3145/2665 4360/3157/2677 4359/3156/2676 4347/3144/2664
f 4349/3146/2666 4361/3158/2678 4360/3157/2677 4348/3145/2665
f 4350/3147/2667 4362/3159/2679 4361/3158/2678 4349/3146/2666
f 4351/3148/2668 4363/3160/2680 4362/3159/2679 4350/3147/2667
f 4352/3149/2669 4364/3161/2681 4363/3160/2680 4351/3148/2668
f 4354/3150/2670 4366/3162/2682 4365/3163/2683 4353/3151/2671
f 4355/3152/2672 4367/3164/2684 4366/3162/2682 4354/3150/2670
f 4356/3153/2673 4368/3165/2685 4367/3164/2684 4355/3152/2672
f 4357/3154/2674 4369/3166/2686 4368/3165/2685 4356/3153/2673
f 4358/3155/2675 4370/3167/2687 4369/3166/2686 4357/3154/2674
f 4359/3156/2676 4371/3168/2688 4370/3167/2687 4358/3155/2675
f 4360/3157/2677 4372/3169/2689 4371/3168/2688 4359/3156/2676
f 4361/3158/2678 4373/3170/2690 4372/3169/2689 4360/3157/2677
f 4362/3159/2679 4374/3171/2691 4373/3170/2690 4361/3158/2678
f 4363/3160/2680 4375/3172/2692 4374/3171/2691 4362/3159/2679
f 4364/3161/2681 4376/3173/2693 4375/3172/2692 4363/3160/2680
f 4366/3162/2682 4378/3174/2694 4377/3175/2695 4365/3163/2683
f 4367/3164/2684 4379/3176/2696 4378/3174/2694 4366/3162/2682
f 4368/3165/2685 4380/3177/2697 4379/3176/2696 4367/3164/2684
f 4369/3166/2686 4381/3178/2698 4380/3177/2697 4368/3165/2685
f 4370/3167/2687 4382/3179/2699 4381/3178/2698 4369/3166/2686
f 4371/3168/2688 4383/3180/2700 4382/3179/2699 4370/3167/2687
f 4372/3169/2689 4384/3181/2701 4383/3180/2700 4371/3168/2688
f 4373/3170/2690 4385/3182/2702 4384/3181/2701 4372/3169/2689
f 4374/3171/2691 4386/3183/2703 4385/3182/2702 4373/3170/2690
f 4375/3172/2692 4387/3184/2704 4386/3183/2703 4374/3171/2691
f 4376/3173/2693 4388/3185/2705 4387/3184/2704 4375/3172/2692
f 4378/3174/2694 4390/3186/2706 4389/3187/2707 4377/3175/2695
f 4379/3176/2696 4391/3188/2708 4390/3186/2706 4378/3174/2694
f 4380/3177/2697 4392/3189/2709 4391/3188/2708 4379/3176/2696
f 4381/3178/2698 4393/3190/2710 4392/3189/2709 4380/3177/2697
f 4382/3179/2699 4394/3191/2711 4393/3190/2710 4381/3178/2698
f 4383/3180/2700 4395/3192/2712 4394/3191/2711 4382/3179/2699
f 4384/3181/2701 4396/3193/2713 4395/3192/2712 4383/3180/2700
f 4385/3182/2702 4397/3194/2714 4396/3193/2713 4384/3181/2701
f 4386/3183/2703 4398/3195/2715 4397/3194/2714 4385/3182/2702
f 4387/3184/2704 4399/3196/2716 4398/3195/2715 4386/3183/2703
f 4388/3185/2705 4400/3197/2717 4399/3196/2716 4387/3184/2704
f 4390/3186/2706 4402/3198/2718 4401/3199/2719 4389/3187/2707
f 4391/3188/2708 4403/3200/2720 4402/3198/2718 4390/3186/2706
f 4392/3189/2709 4404/3201/2721 4403/3200/2720 4391/3188/2708
f 4393/3190/2710 4405/3202/2722 4404/3201/2721 4392/3189/2709
f 4394/3191/2711 4406/3203/2723 4405/3202/2722 4393/3190/2710
f 4395/3192/2712 4407/3204/2724 4406/3203/2723 4394/3191/2711
f 4396/3193/2713 4408/3205/2725 4407/3204/2724 4395/3192/2712
f 4397/3194/2714 4409/3206/2726 4408/3205/2725 4396/3193/2713
f 4398/3195/2715 4410/3207/2727 4409/3206/2726 4397/3194/2714
f 4399/3196/2716 4411/3208/2728 4410/3207/2727 4398/3195/2715
f 4400/3197/2717 4412/3209/2729 4411/3208/2728 4399/3196/2716
f 4402/3198/2718 4414/3210/2730 4413/3211/2731 4401/3199/2719
f 4403/3200/2720 4415/3212/2732 4414/3210/2730 4402/3198/2718
f 4404/3201/2721 4416/3213/2733 4415/3212/2732 4403/3200/2720
f 4405/3202/2722 4417/3214/2734 4416/3213/2733 4404/3201/2721
f 4406/3203/2723 4418/3215/2735 4417/3214/2734 4405/3202/2722
f 4407/3204/2724 4419/3216/2736 4418/3215/2735 4406/3203/2723
f 4408/3205/2725 4420/3217/2737 4419/3216/2736 4407/3204/2724
f 4409/3206/2726 4421/3218/2738 4420/3217/2737 4408/3205/2725
f 4410/3207/2727 4422/3219/2739 4421/3218/2738 4409/3206/2726
f 4411/3208/2728 4423/3220/2740 4422/3219/2739 4410/3207/2727
f 4412/3209/2729 4424/3221/2741 4423/3220/2740 4411/3208/2728
f 4414/3210/2730 4426/3222/2742 4425/3223/2743 4413/3211/2731
f 4415/3212/2732 4427/3224/2744 4426/3222/2742 4414/3210/2730
f 4416/3213/2733 4428/3225/2745 4427/3224/2744 4415/3212/2732
f 4417/3214/2734 4429/3226/2746 4428/3225/2745 4416/3213/2733
f 4418/3215/2735 4430/3227/2747 4429/3226/2746 4417/3214/2734
f 4419/3216/2736 4431/3228/2748 4430/3227/2747 4418/3215/2735
f 4420/3217/2737 4432/3229/2749 4431/3228/2748 4419/3216/2736
f 4421/3218/2738 4433/3230/2750 4432/3229/2749 4420/3217/2737
f 4422/3219/2739 4434/3231/2751 4433/3230/2750 4421/3218/2738
f 4423/3220/2740 4435/3232/2752 4434/3231/2751 4422/3219/2739
f 4424/3221/2741 4436/3233/2753 4435/3232/2752 4423/3220/2740
f 4426/3222/2742 4438/3234/2754 4437/3235/2755 4425/3223/2743
f 4427/3224/2744 4439/3236/2756 4438/3234/2754 4426/3222/2742
f 4428/3225/2745 4440/3237/2757 4439/3236/2756 4427/3224/2744
f 4429/3226/2746 4441/3238/2758 4440/3237/2757 4428/3225/2745
f 4430/3227/2747 4442/3239/2759 4441/3238/2758 4429/3226/2746
f 4431/3228/2748 4443/3240/2760 4442/3239/2759 4430/3227/2747
f 4432/3229/2749 4444/3241/2761 4443/3240/2760 4431/3228/2748
f 4433/3230/2750 4445/3242/2762 4444/3241/2761 4432/3229/2749
f 4434/3231/2751 4446/3243/2763 4445/3242/2762 4433/3230/2750
f 4435/3232/2752 4447/3244/2764 4446/3243/2763 4434/3231/2751
f 4436/3233/2753 4448/3245/2765 4447/3244/2764 4435/3232/2752
f 4438/3234/2754 4450/3246/2766 4449/3247/2767 4437/3235/2755
f 4439/3236/2756 4451/3248/2768 4450/3246/2766 4438/3234/2754
f 4440/3237/2757 4452/3249/2769 4451/3248/2768 4439/3236/2756
f 4441/3238/2758 4453/3250/2770 4452/3249/2769 4440/3237/2757
f 4442/3239/2759 4454/3251/2771 4453/3250/2770 4441/3238/2758
f 4443/3240/2760 4455/3252/2772 4454/3251/2771 4442/3239/2759
f 4444/3241/2761 4456/3253/2773 4455/3252/2772 4443/3240/2760
f 4445/3242/2762 4457/3254/2774 4456/3253/2773 4444/3241/2761
f 4446/3243/2763 4458/3255/2775 4457/3254/2774 4445/3242/2762
f 4447/3244/2764 4459/3256/2776 4458/3255/2775 4446/3243/2763
f 4448/3245/2765 4460/3257/2777 4459/3256/2776 4447/3244/2764
f 4450/3246/2766 4462/3258/2778 4461/3259/2779 4449/3247/2767
f 4451/3248/2768 4463/3260/2780 4462/3258/2778 4450/3246/2766
f 4452/3249/2769 4464/3261/2781 4463/3260/2780 4451/3248/2768
f 4453/3250/2770 4465/3262/2782 4464/3261/2781 4452/3249/2769
f 4454/3251/2771 4466/3263/2783 4465/3262/2782 4453/3250/2770
f 4455/3252/2772 4467/3264/2784 4466/3263/2783 4454/3251/2771
f 4456/3253/2773 4468/3265/2785 4467/3264/2784 4455/3252/2772
f 4457/3254/2774 4469/3266/2786 4468/3265/2785 4456/3253/2773
f 4458/3255/2775 4470/3267/2787 4469/3266/2786 4457/3254/2774
f 4459/3256/2776 4471/3268/2788 4470/3267/2787 4458/3255/2775
f 4460/3257/2777 4472/3269/2789 4471/3268/2788 4459/3256/2776
f 4462/3258/2778 4474/3270/2790 4473/3271/2791 4461/3259/2779
f 4463/3260/2780 4475/3272/2792 4474/3270/2790 4462/3258/2778
f 4464/3261/2781 4476/3273/2793 4475/3272/2792 4463/3260/2780
f 4465/3262/2782 4477/3274/2794 4476/3273/2793 4464/3261/2781
f 4466/3263/2783 4478/3275/2795 4477/3274/2794 4465/3262/2782
f 4467/3264/2784 4479/3276/2796 4478/3275/2795 4466/3263/2783
f 4468/3265/2785 4480/3277/2797 4479/3276/2796 4467/3264/2784
f 4469/3266/2786 4481/3278/2798 4480/3277/2797 4468/3265/2785
f 4470/3267/2787 4482/3279/2799 4481/3278/2798 4469/3266/2786
f 4471/3268/2788 4483/3280/2800 4482/3279/2799 4470/3267/2787
f 4472/3269/2789 4484/3281/2801 4483/3280/2800 4471/3268/2788
f 4474/3270/2790 4486/3282/2802 4485/3283/2803 4473/3271/2791
f 4475/3272/2792 4487/3284/2804 4486/3282/2802 4474/3270/2790
f 4476/3273/2793 4488/3285/2805 4487/3284/2804 4475/3272/2792
f 4477/3274/2794 4489/3286/2806 4488/3285/2805 4476/3273/2793
f 4478/3275/2795 4490/3287/2807 4489/3286/2806 4477/3274/2794
f 4479/3276/2796 4491/3288/2808 4490/3287/2807 4478/3275/2795
f 4480/3277/2797 4492/3289/2809 4491/3288/2808 4479/3276/2796
f 4481/3278/2798 4493/3290/2810 4492/3289/2809 4480/3277/2797
f 4482/3279/2799 4494/3291/2811 4493/3290/2810 4481/3278/2798
f 4483/3280/2800 4495/3292/2812 4494/3291/2811 4482/3279/2799
f 4484/3281/2801 4496/3293/2813 4495/3292/2812 4483/3280/2800
f 4486/3282/2802 4498/3294/2814 4497/3295/2815 4485/3283/2803
f 4487/3284/2804 4499/3296/2816 4498/3294/2814 4486/3282/2802
f 4488/3285/2805 4500/3297/2817 4499/3296/2816 4487/3284/2804
f 4489/3286/2806 4501/3298/2818 4500/3297/2817 4488/3285/2805
f 4490/3287/2807 4502/3299/2819 4501/3298/2818 4489/3286/2806
f 4491/3288/2808 4503/3300/2820 4502/3299/2819 4490/3287/2807
f 4492/3289/2809 4504/3301/2821 4503/3300/2820 4491/3288/2808
f 4493/3290/2810 4505/3302/2822 4504/3301/2821 4492/3289/2809
f 4494/3291/2811 4506/3303/2823 4505/3302/2822 4493/3290/2810
f 4495/3292/2812 4507/3304/2824 4506/3303/2823 4494/3291/2811
f 4496/3293/2813 4508/3305/2825 4507/3304/2824 4495/3292/2812
f 4498/3294/2814 4510/3306/2826 4509/3307/2827 4497/3295/2815
f 4499/3296/2816 4511/3308/2828 4510/3306/2826 4498/3294/2814
f 4500/3297/2817 4512/3309/2829 4511/3308/2828 4499/3296/2816
f 4501/3298/2818 4513/3310/2830 4512/3309/2829 4500/3297/2817
f 4502/3299/2819 4514/3311/2831 4513/3310/2830 4501/3298/2818
f 4503/3300/2820 4515/3312/2832 4514/3311/2831 4502/3299/2819
f 4504/3301/2821 4516/3313/2833 4515/3312/2832 4503/3300/2820
f 4505/3302/2822 4517/3314/2834 4516/3313/2833 4504/3301/2821
f 4506/3303/2823 4518/3315/2835 4517/3314/2834 4505/3302/2822
f 4507/3304/2824 4519/3316/2836 4518/3315/2835 4506/3303/2823
f 4508/3305/2825 4520/3317/2837 4519/3316/2836 4507/3304/2824
f 4510/3306/2826 4522/3318/2838 4521/3319/1000 4509/3307/2827
f 4511/3308/2828 4523/3320/2839 4522/3318/2838 4510/3306/2826
f 4512/3309/2829 4524/3321/2840 4523/3320/2839 4511/3308/2828
f 4513/3310/2830 4525/3322/2841 4524/3321/2840 4512/3309/2829
f 4514/3311/2831 4526/3323/2842 4525/3322/2841 4513/3310/2830
f 4515/3312/2832 4527/3324/2843 4526/3323/2842 4514/3311/2831
f 4516/3313/2833 4528/3325/2844 4527/3324/2843 4515/3312/2832
f 4517/3314/2834 4529/3326/2845 4528/3325/2844 4516/3313/2833
f 4518/3315/2835 4530/3327/2846 4529/3326/2845 4517/3314/2834
f 4519/3316/2836 4531/3328/2847 4530/3327/2846 4518/3315/2835
f 4520/3317/2837 4532/3329/1010 4531/3328/2847 4519/3316/2836
f 4522/3318/2838 4534/3330/2848 4533/3331/2849 4521/3319/1000
f 4523/3320/2839 4535/3332/2850 4534/3330/2848 4522/3318/2838
f 4524/3321/2840 4536/3333/2851 4535/3332/2850 4523/3320/2839
f 4525/3322/2841 4537/3334/2852 4536/3333/2851 4524/3321/2840
f 4526/3323/2842 4538/3335/2853 4537/3334/2852 4525/3322/2841
f 4527/3324/2843 4539/3336/2854 4538/3335/2853 4526/3323/2842
f 4528/3325/2844 4540/3337/2855 4539/3336/2854 4527/3324/2843
f 4529/3326/2845 4541/3338/2856 4540/3337/2855 4528/3325/2844
f 4530/3327/2846 4542/3339/2857 4541/3338/2856 4529/3326/2845
f 4531/3328/2847 4543/3340/2858 4542/3339/2857 4530/3327/2846
f 4532/3329/1010 4544/3341/2859 4543/3340/2858 4531/3328/2847
f 4534/3330/2848 4546/3342/2860 4545/3343/2861 4533/3331/2849
f 4535/3332/2850 4547/3344/2862 4546/3342/2860 4534/3330/2848
f 4536/3333/2851 4548/3345/2863 4547/3344/2862 4535/3332/2850
f 4537/3334/2852 4549/3346/2864 4548/3345/2863 4536/3333/2851
f 4538/3335/2853 4550/3347/2865 4549/3346/2864 4537/3334/2852
f 4539/3336/2854 4551/3348/2866 4550/3347/2865 4538/3335/2853
f 4540/3337/2855 4552/3349/2867 4551/3348/2866 4539/3336/2854
f 4541/3338/2856 4553/3350/2868 4552/3349/2867 4540/3337/2855
f 4542/3339/2857 4554/3351/2869 4553/3350/2868 4541/3338/2856
f 4543/3340/2858 4555/3352/2870 4554/3351/2869 4542/3339/2857
f 4544/3341/2859 4556/3353/2871 4555/3352/2870 4543/3340/2858
f 4546/3342/2860 4558/3354/2872 4557/3355/2873 4545/3343/2861
f 4547/3344/2862 4559/3356/2874 4558/3354/2872 4546/3342/2860
f 4548/3345/2863 4560/3357/2875 4559/3356/2874 4547/3344/2862
f 4549/3346/2864 4561/3358/2876 4560/3357/2875 4548/3345/2863
f 4550/3347/2865 4562/3359/2877 4561/3358/2876 4549/3346/2864
f 4551/3348/2866 4563/3360/2878 4562/3359/2877 4550/3347/2865
f 4552/3349/2867 4564/3361/2879 4563/3360/2878 4551/3348/2866
f 4553/3350/2868 4565/3362/2880 4564/3361/2879 4552/3349/2867
f 4554/3351/2869 4566/3363/2881 4565/3362/2880 4553/3350/2868
f 4555/3352/2870 4567/3364/2882 4566/3363/2881 4554/3351/2869
f 4556/3353/2871 4568/3365/2883 4567/3364/2882 4555/3352/2870
f 4558/3354/2872 4570/3366/2884 4569/3367/2885 4557/3355/2873
f 4559/3356/2874 4571/3368/2886 4570/3366/2884 4558/3354/2872
f 4560/3357/2875 4572/3369/2887 4571/3368/2886 4559/3356/2874
f 4561/3358/2876 4573/3370/2888 4572/3369/2887 4560/3357/2875
f 4562/3359/2877 4574/3371/2889 4573/3370/2888 4561/3358/2876
f 4563/3360/2878 4575/3372/2890 4574/3371/2889 4562/3359/2877
f 4564/3361/2879 4576/3373/2891 4575/3372/2890 4563/3360/2878
f 4565/3362/2880 4577/3374/2892 4576/3373/2891 4564/3361/2879
f 4566/3363/2881 4578/3375/2893 4577/3374/2892 4565/3362/2880
f 4567/3364/2882 4579/3376/2894 4578/3375/2893 4566/3363/2881
f 4568/3365/2883 4580/3377/2895 4579/3376/2894 4567/3364/2882
f 4570/3366/2884 4582/3378/2896 4581/3379/2897 4569/3367/2885
f 4571/3368/2886 4583/3380/2898 4582/3378/2896 4570/3366/2884
f 4572/3369/2887 4584/3381/2899 4583/3380/2898 4571/3368/2886
f 4573/3370/2888 4585/3382/2900 4584/3381/2899 4572/3369/2887
f 4574/3371/2889 4586/3383/2901 4585/3382/2900 4573/3370/2888
f 4575/3372/2890 4587/3384/2902 4586/3383/2901 4574/3371/2889
f 4576/3373/2891 4588/3385/2903 4587/3384/2902 4575/3372/2890
f 4577/3374/2892 4589/3386/2904 4588/3385/2903 4576/3373/2891
f 4578/3375/2893 4590/3387/2905 4589/3386/2904 4577/3374/2892
f 4579/3376/2894 4591/3388/2906 4590/3387/2905 4578/3375/2893
f 4580/3377/2895 4592/3389/2907 4591/3388/2906 4579/3376/2894
f 4582/3378/2896 4594/3390/2908 4593/3391/2909 4581/3379/2897
f 4583/3380/2898 4595/3392/2910 4594/3390/2908 4582/3378/2896
f 4584/3381/2899 4596/3393/2911 4595/3392/2910 4583/3380/2898
f 4585/3382/2900 4597/3394/2912 4596/3393/2911 4584/3381/2899
f 4586/3383/2901 4598/3395/2913 4597/3394/2912 4585/3382/2900
f 4587/3384/2902 4599/3396/2914 4598/3395/2913 4586/3383/2901
f 4588/3385/2903 4600/3397/2915 4599/3396/2914 4587/3384/2902
f 4589/3386/2904 4601/3398/2916 4600/3397/2915 4588/3385/2903
f 4590/3387/2905 4602/3399/2917 4601/3398/2916 4589/3386/2904
f 4591/3388/2906 4603/3400/2918 4602/3399/2917 4590/3387/2905
f 4592/3389/2907 4604/3401/2919 4603/3400/2918 4591/3388/2906
f 4594/3390/2908 4606/3402/2920 4605/3403/2921 4593/3391/2909
f 4595/3392/2910 4607/3404/2922 4606/3402/2920 4594/3390/2908
f 4596/3393/2911 4608/3405/2923 4607/3404/2922 4595/3392/2910
f 4597/3394/2912 4609/3406/2924 4608/3405/2923 4596/3393/2911
f 4598/3395/2913 4610/3407/2925 4609/3406/2924 4597/3394/2912
f 4599/3396/2914 4611/3408/2926 4610/3407/2925 4598/3395/2913
f 4600/3397/2915 4612/3409/2927 4611/3408/2926 4599/3396/2914
f 4601/3398/2916 4613/3410/2928 4612/3409/2927 4600/3397/2915
f 4602/3399/2917 4614/3411/2929 4613/3410/2928 4601/3398/2916
f 4603/3400/2918 4615/3412/2930 4614/3411/2929 4602/3399/2917
f 4604/3401/2919 4616/3413/2931 4615/3412/2930 4603/3400/2918
f 4606/3402/2920 4618/3414/2932 4617/3415/2933 4605/3403/2921
f 4607/3404/2922 4619/3416/2934 4618/3414/2932 4606/3402/2920
f 4608/3405/2923 4620/3417/2935 4619/3416/2934 4607/3404/2922
f 4609/3406/2924 4621/3418/2936 4620/3417/2935 4608/3405/2923
f 4610/3407/2925 4622/3419/2937 4621/3418/2936 4609/3406/2924
f 4611/3408/2926 4623/3420/2938 4622/3419/2937 4610/3407/2925
f 4612/3409/2927 4624/3421/2939 4623/3420/2938 4611/3408/2926
f 4613/3410/2928 4625/3422/2940 4624/3421/2939 4612/3409/2927
f 4614/3411/2929 4626/3423/2941 4625/3422/2940 4613/3410/2928
f 4615/3412/2930 4627/3424/2942 4626/3423/2941 4614/3411/2929
f 4616/3413/2931 4628/3425/2943 4627/3424/2942 4615/3412/2930
f 4618/3414/2932 4630/3426/2944 4629/3427/2945 4617/3415/2933
f 4619/3416/2934 4631/3428/2946 4630/3426/2944 4618/3414/2932
f 4620/3417/2935 4632/3429/2947 4631/3428/2946 4619/3416/2934
f 4621/3418/2936 4633/3430/2948 4632/3429/2947 4620/3417/2935
f 4622/3419/2937 4634/3431/2949 4633/3430/2948 4621/3418/2936
f 4623/3420/2938 4635/3432/2950 4634/3431/2949 4622/3419/2937
f 4624/3421/2939 4636/3433/2951 4635/3432/2950 4623/3420/2938
f 4625/3422/2940 4637/3434/2952 4636/3433/2951 4624/3421/2939
f 4626/3423/2941 4638/3435/2953 4637/3434/2952 4625/3422/2940
f 4627/3424/2942 4639/3436/2954 4638/3435/2953 4626/3423/2941
f 4628/3425/2943 4640/3437/2955 4639/3436/2954 4627/3424/2942
f 4630/3426/2944 4642/3438/2956 4641/3439/2957 4629/3427/2945
f 4631/3428/2946 4643/3440/2958 4642/3438/2956 4630/3426/2944
f 4632/3429/2947 4644/3441/2959 4643/3440/2958 4631/3428/2946
f 4633/3430/2948 4645/3442/2960 4644/3441/2959 4632/3429/2947
f 4634/3431/2949 4646/3443/2961 4645/3442/2960 4633/3430/2948
f 4635/3432/2950 4647/3444/2962 4646/3443/2961 4634/3431/2949
f 4636/3433/2951 4648/3445/2963 4647/3444/2962 4635/3432/2950
f 4637/3434/2952 4649/3446/2964 4648/3445/2963 4636/3433/2951
f 4638/3435/2953 4650/3447/2965 4649/3446/2964 4637/3434/2952
f 4639/3436/2954 4651/3448/2966 4650/3447/2965 4638/3435/2953
f 4640/3437/2955 4652/3449/2967 4651/3448/2966 4639/3436/2954
f 4642/3438/2956 4654/3450/2968 4653/3451/2969 4641/3439/2957
f 4643/3440/2958 4655/3452/2970 4654/3450/2968 4642/3438/2956
f 4644/3441/2959 4656/3453/2971 4655/3452/2970 4643/3440/2958
f 4645/3442/2960 4657/3454/2972 4656/3453/2971 4644/3441/2959
f 4646/3443/2961 4658/3455/2973 4657/3454/2972 4645/3442/2960
f 4647/3444/2962 4659/3456/2974 4658/3455/2973 4646/3443/2961
f 4648/3445/2963 4660/3457/2975 4659/3456/2974 4647/3444/2962
f 4649/3446/2964 4661/3458/2976 4660/3457/2975 4648/3445/2963
f 4650/3447/2965 4662/3459/2977 4661/3458/2976 4649/3446/2964
f 4651/3448/2966 4663/3460/2978 4662/3459/2977 4650/3447/2965
f 4652/3449/2967 4664/3461/2979 4663/3460/2978 4651/3448/2966
f 4654/3450/2968 4666/3462/2980 4665/3463/2981 4653/3451/2969
f 4655/3452/2970 4667/3464/2982 4666/3462/2980 4654/3450/2968
f 4656/3453/2971 4668/3465/2983 4667/3464/2982 4655/3452/2970
f 4657/3454/2972 4669/3466/2984 4668/3465/2983 4656/3453/2971
f 4658/3455/2973 4670/3467/2985 4669/3466/2984 4657/3454/2972
f 4659/3456/2974 4671/3468/2986 4670/3467/2985 4658/3455/2973
f 4660/3457/2975 4672/3469/2987 4671/3468/2986 4659/3456/2974
f 4661/3458/2976 4673/3470/2988 4672/3469/2987 4660/3457/2975
f 4662/3459/2977 4674/3471/2989 4673/3470/2988 4661/3458/2976
f 4663/3460/2978 4675/3472/2990 4674/3471/2989 4662/3459/2977
f 4664/3461/2979 4676/3473/2991 4675/3472/2990 4663/3460/2978
f 4666/3462/2980 4678/3474/2992 4677/3475/2993 4665/3463/2981
f 4667/3464/2982 4679/3476/2994 4678/3474/2992 4666/3462/2980
f 4668/3465/2983 4680/3477/2995 4679/3476/2994 4667/3464/2982
f 4669/3466/2984 4681/3478/2996 4680/3477/2995 4668/3465/2983
f 4670/3467/2985 4682/3479/2997 4681/3478/2996 4669/3466/2984
f 4671/3468/2986 4683/3480/2998 4682/3479/2997 4670/3467/2985
f 4672/3469/2987 4684/3481/2999 4683/3480/2998 4671/3468/2986
f 4673/3470/2988 4685/3482/3000 4684/3481/2999 4672/3469/2987
f 4674/3471/2989 4686/3483/3001 4685/3482/3000 4673/3470/2988
f 4675/3472/2990 4687/3484/3002 4686/3483/3001 4674/3471/2989
f 4676/3473/2991 4688/3485/3003 4687/3484/3002 4675/3472/2990
f 4678/3474/2992 4690/3486/3004 4689/3487/3005 4677/3475/2993
f 4679/3476/2994 4691/3488/3006 4690/3486/3004 4678/3474/2992
f 4680/3477/2995 4692/3489/3007 4691/3488/3006 4679/3476/2994
f 4681/3478/2996 4693/3490/3008 4692/3489/3007 4680/3477/2995
f 4682/3479/2997 4694/3491/3009 4693/3490/3008 4681/3478/2996
f 4683/3480/2998 4695/3492/3010 4694/3491/3009 4682/3479/2997
f 4684/3481/2999 4696/3493/3011 4695/3492/3010 4683/3480/2998
f 4685/3482/3000 4697/3494/3012 4696/3493/3011 4684/3481/2999
f 4686/3483/3001 4698/3495/3013 4697/3494/3012 4685/3482/3000
f 4687/3484/3002 4699/3496/3014 4698/3495/3013 4686/3483/3001
f 4688/3485/3003 4700/3497/3015 4699/3496/3014 4687/3484/3002
f 4690/3486/3004 4702/3498/3016 4701/3499/3017 4689/3487/3005
f 4691/3488/3006 4703/3500/3018 4702/3498/3016 4690/3486/3004
f 4692/3489/3007 4704/3501/3019 4703/3500/3018 4691/3488/3006
f 4693/3490/3008 4705/3502/3020 4704/3501/3019 4692/3489/3007
f 4694/3491/3009 4706/3503/3021 4705/3502/3020 4693/3490/3008
f 4695/3492/3010 4707/3504/3022 4706/3503/3021 4694/3491/3009
f 4696/3493/3011 4708/3505/3023 4707/3504/3022 4695/3492/3010
f 4697/3494/3012 4709/3506/3024 4708/3505/3023 4696/3493/3011
f 4698/3495/3013 4710/3507/3025 4709/3506/3024 4697/3494/3012
f 4699/3496/3014 4711/3508/3026 4710/3507/3025 4698/3495/3013
f 4700/3497/3015 4712/3509/3027 4711/3508/3026 4699/3496/3014
f 4702/3498/3016 4714/3510/3028 4713/3511/3029 4701/3499/3017
f 4703/3500/3018 4715/3512/3030 4714/3510/3028 4702/3498/3016
f 4704/3501/3019 4716/3513/3031 4715/3512/3030 4703/3500/3018
f 4705/3502/3020 4717/3514/3032 4716/3513/3031 4704/3501/3019
f 4706/3503/3021 4718/3515/3033 4717/3514/3032 4705/3502/3020
f 4707/3504/3022 4719/3516/3034 4718/3515/3033 4706/3503/3021
f 4708/3505/3023 4720/3517/3035 4719/3516/3034 4707/3504/3022
f 4709/3506/3024 4721/3518/3036 4720/3517/3035 4708/3505/3023
f 4710/3507/3025 4722/3519/3037 4721/3518/3036 4709/3506/3024
f 4711/3508/3026 4723/3520/3038 4722/3519/3037 4710/3507/3025
f 4712/3509/3027 4724/3521/3039 4723/3520/3038 4711/3508/3026
f 4714/3510/3028 4726/3522/3040 4725/3523/2897 4713/3511/3029
f 4715/3512/3030 4727/3524/3041 4726/3522/3040 4714/3510/3028
f 4716/3513/3031 4728/3525/3042 4727/3524/3041 4715/3512/3030
f 4717/3514/3032 4729/3526/3043 4728/3525/3042 4716/3513/3031
f 4718/3515/3033 4730/3527/3044 4729/3526/3043 4717/3514/3032
f 4719/3516/3034 4731/3528/3045 4730/3527/3044 4718/3515/3033
f 4720/3517/3035 4732/3529/3046 4731/3528/3045 4719/3516/3034
f 4721/3518/3036 4733/3530/3047 4732/3529/3046 4720/3517/3035
f 4722/3519/3037 4734/3531/3048 4733/3530/3047 4721/3518/3036
f 4723/3520/3038 4735/3532/3049 4734/3531/3048 4722/3519/3037
f 4724/3521/3039 4736/3533/2907 4735/3532/3049 4723/3520/3038
f 4726/3522/3040 4738/3534/3050 4737/3535/3051 4725/3523/2897
f 4727/3524/3041 4739/3536/3052 4738/3534/3050 4726/3522/3040
f 4728/3525/3042 4740/3537/3053 4739/3536/3052 4727/3524/3041
f 4729/3526/3043 4741/3538/3054 4740/3537/3053 4728/3525/3042
f 4730/3527/3044 4742/3539/3055 4741/3538/3054 4729/3526/3043
f 4731/3528/3045 4743/3540/3056 4742/3539/3055 4730/3527/3044
f 4732/3529/3046 4744/3541/3057 4743/3540/3056 4731/3528/3045
f 4733/3530/3047 4745/3542/3058 4744/3541/3057 4732/3529/3046
f 4734/3531/3048 4746/3543/3059 4745/3542/3058 4733/3530/3047
f 4735/3532/3049 4747/3544/3060 4746/3543/3059 4734/3531/3048
f 4736/3533/2907 4748/3545/3061 4747/3544/3060 4735/3532/3049
f 4738/3534/3050 4750/3546/3062 4749/3547/3063 4737/3535/3051
f 4739/3536/3052 4751/3548/3064 4750/3546/3062 4738/3534/3050
f 4740/3537/3053 4752/3549/3065 4751/3548/3064 4739/3536/3052
f 4741/3538/3054 4753/3550/3066 4752/3549/3065 4740/3537/3053
f 4742/3539/3055 4754/3551/3067 4753/3550/3066 4741/3538/3054
f 4743/3540/3056 4755/3552/3068 4754/3551/3067 4742/3539/3055
f 4744/3541/3057 4756/3553/3069 4755/3552/3068 4743/3540/3056
f 4745/3542/3058 4757/3554/3070 4756/3553/3069 4744/3541/3057
f 4746/3543/3059 4758/3555/3071 4757/3554/3070 4745/3542/3058
f 4747/3544/3060 4759/3556/3072 4758/3555/3071 4746/3543/3059
f 4748/3545/3061 4760/3557/3073 4759/3556/3072 4747/3544/3060
f 4750/3546/3062 4762/3558/3074 4761/3559/3075 4749/3547/3063
f 4751/3548/3064 4763/3560/3076 4762/3558/3074 4750/3546/3062
f 4752/3549/3065 4764/3561/3077 4763/3560/3076 4751/3548/3064
f 4753/3550/3066 4765/3562/3078 4764/3561/3077 4752/3549/3065
f 4754/3551/3067 4766/3563/3079 4765/3562/3078 4753/3550/3066
f 4755/3552/3068 4767/3564/3080 4766/3563/3079 4754/3551/3067
f 4756/3553/3069 4768/3565/3081 4767/3564/3080 4755/3552/3068
f 4757/3554/3070 4769/3566/3082 4768/3565/3081 4756/3553/3069
f 4758/3555/3071 4770/3567/3083 4769/3566/3082 4757/3554/3070
f 4759/3556/3072 4771/3568/3084 4770/3567/3083 4758/3555/3071
f 4760/3557/3073 4772/3569/3085 4771/3568/3084 4759/3556/3072
f 4762/3558/3074 4774/3570/3086 4773/3571/3087 4761/3559/3075
f 4763/3560/3076 4775/3572/3088 4774/3570/3086 4762/3558/3074
f 4764/3561/3077 4776/3573/3089 4775/3572/3088 4763/3560/3076
f 4765/3562/3078 4777/3574/3090 4776/3573/3089 4764/3561/3077
f 4766/3563/3079 4778/3575/3091 4777/3574/3090 4765/3562/3078
f 4767/3564/3080 4779/3576/3092 4778/3575/3091 4766/3563/3079
f 4768/3565/3081 4780/3577/3093 4779/3576/3092 4767/3564/3080
f 4769/3566/3082 4781/3578/3094 4780/3577/3093 4768/3565/3081
f 4770/3567/3083 4782/3579/3095 4781/3578/3094 4769/3566/3082
f 4771/3568/3084 4783/3580/3096 4782/3579/3095 4770/3567/3083
f 4772/3569/3085 4784/3581/3097 4783/3580/3096 4771/3568/3084
f 4774/3570/3086 4786/3582/3098 4785/3583/3099 4773/3571/3087
f 4775/3572/3088 4787/3584/3100 4786/3582/3098 4774/3570/3086
f 4776/3573/3089 4788/3585/3101 4787/3584/3100 4775/3572/3088
f 4777/3574/3090 4789/3586/3102 4788/3585/3101 4776/3573/3089
f 4778/3575/3091 4790/3587/3103 4789/3586/3102 4777/3574/3090
f 4779/3576/3092 4791/3588/3104 4790/3587/3103 4778/3575/3091
f 4780/3577/3093 4792/3589/3105 4791/3588/3104 4779/3576/3092
f 4781/3578/3094 4793/3590/3106 4792/3589/3105 4780/3577/3093
f 4782/3579/3095 4794/3591/3107 4793/3590/3106 4781/3578/3094
f 4783/3580/3096 4795/3592/3108 4794/3591/3107 4782/3579/3095
f 4784/3581/3097 4796/3593/3109 4795/3592/3108 4783/3580/3096
f 4786/3582/3098 4798/3594/3110 4797/3595/3111 4785/3583/3099
f 4787/3584/3100 4799/3596/3112 4798/3594/3110 4786/3582/3098
f 4788/3585/3101 4800/3597/3113 4799/3596/3112 4787/3584/3100
f 4789/3586/3102 4801/3598/3114 4800/3597/3113 4788/3585/3101
f 4790/3587/3103 4802/3599/3115 4801/3598/3114 4789/3586/3102
f 4791/3588/3104 4803/3600/3116 4802/3599/3115 4790/3587/3103
f 4792/3589/3105 4804/3601/3117 4803/3600/3116 4791/3588/3104
f 4793/3590/3106 4805/3602/3118 4804/3601/3117 4792/3589/3105
f 4794/3591/3107 4806/3603/3119 4805/3602/3118 4793/3590/3106
f 4795/3592/3108 4807/3604/3120 4806/3603/3119 4794/3591/3107
f 4796/3593/3109 4808/3605/3121 4807/3604/3120 4795/3592/3108
f 4798/3594/3110 4810/3606/3122 4809/3607/3123 4797/3595/3111
f 4799/3596/3112 4811/3608/3124 4810/3606/3122 4798/3594/3110
f 4800/3597/3113 4812/3609/3125 4811/3608/3124 4799/3596/3112
f 4801/3598/3114 4813/3610/3126 4812/3609/3125 4800/3597/3113
f 4802/3599/3115 4814/3611/3127 4813/3610/3126 4801/3598/3114
f 4803/3600/3116 4815/3612/3128 4814/3611/3127 4802/3599/3115
f 4804/3601/3117 4816/3613/3129 4815/3612/3128 4803/3600/3116
f 4805/3602/3118 4817/3614/3130 4816/3613/3129 4804/3601/3117
f 4806/3603/3119 4818/3615/3131 4817/3614/3130 4805/3602/3118
f 4807/3604/3120 4819/3616/3132 4818/3615/3131 4806/3603/3119
f 4808/3605/3121 4820/3617/3133 4819/3616/3132 4807/3604/3120
f 4810/3606/3122 4822/3618/3134 4821/3619/3135 4809/3607/3123
f 4811/3608/3124 4823/3620/3136 4822/3618/3134 4810/3606/3122
f 4812/3609/3125 4824/3621/3137 4823/3620/3136 4811/3608/3124
f 4813/3610/3126 4825/3622/3138 4824/3621/3137 4812/3609/3125
f 4814/3611/3127 4826/3623/3139 4825/3622/3138 4813/3610/3126
f 4815/3612/3128 4827/3624/3140 4826/3623/3139 4814/3611/3127
f 4816/3613/3129 4828/3625/3141 4827/3624/3140 4815/3612/3128
f 4817/3614/3130 4829/3626/3142 4828/3625/3141 4816/3613/3129
f 4818/3615/3131 4830/3627/3143 4829/3626/3142 4817/3614/3130
f 4819/3616/3132 4831/3628/3144 4830/3627/3143 4818/3615/3131
f 4820/3617/3133 4832/3629/3145 4831/3628/3144 4819/3616/3132
f 4822/3618/3134 4834/3630/3146 4833/3631/3147 4821/3619/3135
f 4823/3620/3136 4835/3632/3148 4834/3630/3146 4822/3618/3134
f 4824/3621/3137 4836/3633/3149 4835/3632/3148 4823/3620/3136
f 4825/3622/3138 4837/3634/3150 4836/3633/3149 4824/3621/3137
f 4826/3623/3139 4838/3635/3151 4837/3634/3150 4825/3622/3138
f 4827/3624/3140 4839/3636/3152 4838/3635/3151 4826/3623/3139
f 4828/3625/3141 4840/3637/3153 4839/3636/3152 4827/3624/3140
f 4829/3626/3142 4841/3638/3154 4840/3637/3153 4828/3625/3141
f 4830/3627/3143 4842/3639/3155 4841/3638/3154 4829/3626/3142
f 4831/3628/3144 4843/3640/3156 4842/3639/3155 4830/3627/3143
f 4832/3629/3145 4844/3641/3157 4843/3640/3156 4831/3628/3144
f 4834/3630/3146 4846/3642/3158 4845/3643/3159 4833/3631/3147
f 4835/3632/3148 4847/3644/3160 4846/3642/3158 4834/3630/3146
f 4836/3633/3149 4848/3645/3161 4847/3644/3160 4835/3632/3148
f 4837/3634/3150 4849/3646/3162 4848/3645/3161 4836/3633/3149
f 4838/3635/3151 4850/3647/3163 4849/3646/3162 4837/3634/3150
f 4839/3636/3152 4851/3648/3164 4850/3647/3163 4838/3635/3151
f 4840/3637/3153 4852/3649/3165 4851/3648/3164 4839/3636/3152
f 4841/3638/3154 4853/3650/3166 4852/3649/3165 4840/3637/3153
f 4842/3639/3155 4854/3651/3167 4853/3650/3166 4841/3638/3154
f 4843/3640/3156 4855/3652/3168 4854/3651/3167 4842/3639/3155
f 4844/3641/3157 4856/3653/3169 4855/3652/3168 4843/3640/3156
f 4846/3642/3158 4858/3654/3170 4857/3655/3171 4845/3643/3159
f 4847/3644/3160 4859/3656/3172 4858/3654/3170 4846/3642/3158
f 4848/3645/3161 4860/3657/3173 4859/3656/3172 4847/3644/3160
f 4849/3646/3162 4861/3658/3174 4860/3657/3173 4848/3645/3161
f 4850/3647/3163 4862/3659/3175 4861/3658/3174 4849/3646/3162
f 4851/3648/3164 4863/3660/3176 4862/3659/3175 4850/3647/3163
f 4852/3649/3165 4864/3661/3177 4863/3660/3176 4851/3648/3164
f 4853/3650/3166 4865/3662/3178 4864/3661/3177 4852/3649/3165
f 4854/3651/3167 4866/3663/3179 4865/3662/3178 4853/3650/3166
f 4855/3652/3168 4867/3664/3180 4866/3663/3179 4854/3651/3167
f 4856/3653/3169 4868/3665/3181 4867/3664/3180 4855/3652/3168
f 4858/3654/3170 4870/3666/3182 4869/3667/3183 4857/3655/3171
f 4859/3656/3172 4871/3668/3184 4870/3666/3182 4858/3654/3170
f 4860/3657/3173 4872/3669/3185 4871/3668/3184 4859/3656/3172
f 4861/3658/3174 4873/3670/3186 4872/3669/3185 4860/3657/3173
f 4862/3659/3175 4874/3671/3187 4873/3670/3186 4861/3658/3174
f 4863/3660/3176 4875/3672/3188 4874/3671/3187 4862/3659/3175
f 4864/3661/3177 4876/3673/3189 4875/3672/3188 4863/3660/3176
f 4865/3662/3178 4877/3674/3190 4876/3673/3189 4864/3661/3177
f 4866/3663/3179 4878/3675/3191 4877/3674/3190 4865/3662/3178
f 4867/3664/3180 4879/3676/3192 4878/3675/3191 4866/3663/3179
f 4868/3665/3181 4880/3677/3193 4879/3676/3192 4867/3664/3180
f 4870/3666/3182 4882/3678/3194 4881/3679/3195 4869/3667/3183
f 4871/3668/3184 4883/3680/3196 4882/3678/3194 4870/3666/3182
f 4872/3669/3185 4884/3681/3197 4883/3680/3196 4871/3668/3184
f 4873/3670/3186 4885/3682/3198 4884/3681/3197 4872/3669/3185
f 4874/3671/3187 4886/3683/3199 4885/3682/3198 4873/3670/3186
f 4875/3672/3188 4887/3684/3200 4886/3683/3199 4874/3671/3187
f 4876/3673/3189 4888/3685/3201 4887/3684/3200 4875/3672/3188
f 4877/3674/3190 4889/3686/3202 4888/3685/3201 4876/3673/3189
f 4878/3675/3191 4890/3687/3203 4889/3686/3202 4877/3674/3190
f 4879/3676/3192 4891/3688/3204 4890/3687/3203 4878/3675/3191
f 4880/3677/3193 4892/3689/3205 4891/3688/3204 4879/3676/3192
f 4882/3678/3194 4894/3690/3206 4893/3691/3207 4881/3679/3195
f 4883/3680/3196 4895/3692/3208 4894/3690/3206 4882/3678/3194
f 4884/3681/3197 4896/3693/3209 4895/3692/3208 4883/3680/3196
f 4885/3682/3198 4897/3694/3210 4896/3693/3209 4884/3681/3197
f 4886/3683/3199 4898/3695/3211 4897/3694/3210 4885/3682/3198
f 4887/3684/3200 4899/3696/3212 4898/3695/3211 4886/3683/3199
f 4888/3685/3201 4900/3697/3213 4899/3696/3212 4887/3684/3200
f 4889/3686/3202 4901/3698/3214 4900/3697/3213 4888/3685/3201
f 4890/3687/3203 4902/3699/3215 4901/3698/3214 4889/3686/3202
f 4891/3688/3204 4903/3700/3216 4902/3699/3215 4890/3687/3203
f 4892/3689/3205 4904/3701/3217 4903/3700/3216 4891/3688/3204
f 4894/3690/3206 4906/3702/3218 4905/3703/3219 4893/3691/3207
f 4895/3692/3208 4907/3704/3220 4906/3702/3218 4894/3690/3206
f 4896/3693/3209 4908/3705/3221 4907/3704/3220 4895/3692/3208
f 4897/3694/3210 4909/3706/3222 4908/3705/3221 4896/3693/3209
f 4898/3695/3211 4910/3707/3223 4909/3706/3222 4897/3694/3210
f 4899/3696/3212 4911/3708/3224 4910/3707/3223 4898/3695/3211
f 4900/3697/3213 4912/3709/3225 4911/3708/3224 4899/3696/3212
f 4901/3698/3214 4913/3710/3226 4912/3709/3225 4900/3697/3213
f 4902/3699/3215 4914/3711/3227 4913/3710/3226 4901/3698/3214
f 4903/3700/3216 4915/3712/3228 4914/3711/3227 4902/3699/3215
f 4904/3701/3217 4916/3713/3229 4915/3712/3228 4903/3700/3216
f 4906/3702/3218 4918/3714/3230 4917/3715/3231 4905/3703/3219
f 4907/3704/3220 4919/3716/3232 4918/3714/3230 4906/3702/3218
f 4908/3705/3221 4920/3717/3233 4919/3716/3232 4907/3704/3220
f 4909/3706/3222 4921/3718/3234 4920/3717/3233 4908/3705/3221
f 4910/3707/3223 4922/3719/3235 4921/3718/3234 4909/3706/3222
f 4911/3708/3224 4923/3720/3236 4922/3719/3235 4910/3707/3223
f 4912/3709/3225 4924/3721/3237 4923/3720/3236 4911/3708/3224
f 4913/3710/3226 4925/3722/3238 4924/3721/3237 4912/3709/3225
f 4914/3711/3227 4926/3723/3239 4925/3722/3238 4913/3710/3226
f 4915/3712/3228 4927/3724/3240 4926/3723/3239 4914/3711/3227
f 4916/3713/3229 4928/3725/3241 4927/3724/3240 4915/3712/3228
f 4918/3714/3230 4930/3726/3242 4929/3727/3243 4917/3715/3231
f 4919/3716/3232 4931/3728/3244 4930/3726/3242 4918/3714/3230
f 4920/3717/3233 4932/3729/3245 4931/3728/3244 4919/3716/3232
f 4921/3718/3234 4933/3730/3246 4932/3729/3245 4920/3717/3233
f 4922/3719/3235 4934/3731/3247 4933/3730/3246 4921/3718/3234
f 4923/3720/3236 4935/3732/3248 4934/3731/3247 4922/3719/3235
f 4924/3721/3237 4936/3733/3249 4935/3732/3248 4923/3720/3236
f 4925/3722/3238 4937/3734/3250 4936/3733/3249 4924/3721/3237
f 4926/3723/3239 4938/3735/3251 4937/3734/3250 4925/3722/3238
f 4927/3724/3240 4939/3736/3252 4938/3735/3251 4926/3723/3239
f 4928/3725/3241 4940/3737/3253 4939/3736/3252 4927/3724/3240
f 4930/3726/3242 4942/3738/3254 4941/3739/3255 4929/3727/3243
f 4931/3728/3244 4943/3740/3256 4942/3738/3254 4930/3726/3242
f 4932/3729/3245 4944/3741/3257 4943/3740/3256 4931/3728/3244
f 4933/3730/3246 4945/3742/3258 4944/3741/3257 4932/3729/3245
f 4934/3731/3247 4946/3743/3259 4945/3742/3258 4933/3730/3246
f 4935/3732/3248 4947/3744/3260 4946/3743/3259 4934/3731/3247
f 4936/3733/3249 4948/3745/3261 4947/3744/3260 4935/3732/3248
f 4937/3734/3250 4949/3746/3262 4948/3745/3261 4936/3733/3249
f 4938/3735/3251 4950/3747/3263 4949/3746/3262 4937/3734/3250
f 4939/3736/3252 4951/3748/3264 4950/3747/3263 4938/3735/3251
f 4940/3737/3253 4952/3749/3265 4951/3748/3264 4939/3736/3252
f 4942/3738/3254 4954/3750/3266 4953/3751/3267 4941/3739/3255
f 4943/3740/3256 4955/3752/3268 4954/3750/3266 4942/3738/3254
f 4944/3741/3257 4956/3753/3269 4955/3752/3268 4943/3740/3256
f 4945/3742/3258 4957/3754/3270 4956/3753/3269 4944/3741/3257
f 4946/3743/3259 4958/3755/3271 4957/3754/3270 4945/3742/3258
f 4947/3744/3260 4959/3756/3272 4958/3755/3271 4946/3743/3259
f 4948/3745/3261 4960/3757/3273 4959/3756/3272 4947/3744/3260
f 4949/3746/3262 4961/3758/3274 4960/3757/3273 4948/3745/3261
f 4950/3747/3263 4962/3759/3275 4961/3758/3274 4949/3746/3262
f 4951/3748/3264 4963/3760/3276 4962/3759/3275 4950/3747/3263
f 4952/3749/3265 4964/3761/3277 4963/3760/3276 4951/3748/3264
f 4954/3750/3266 4966/3762/2122 4965/3763/2123 4953/3751/3267
f 4955/3752/3268 4967/3764/2124 4966/3762/2122 4954/3750/3266
f 4956/3753/3269 4968/3765/2125 4967/3764/2124 4955/3752/3268
f 4957/3754/3270 4969/3766/2126 4968/3765/2125 4956/3753/3269
f 4958/3755/3271 4970/3767/2127 4969/3766/2126 4957/3754/3270
f 4959/3756/3272 4971/3768/2128 4970/3767/2127 4958/3755/3271
f 4960/3757/3273 4972/3769/2129 4971/3768/2128 4959/3756/3272
f 4961/3758/3274 4973/3770/2130 4972/3769/2129 4960/3757/3273
f 4962/3759/3275 4974/3771/2131 4973/3770/2130 4961/3758/3274
f 4963/3760/3276 4975/3772/2132 4974/3771/2131 4962/3759/3275
f 4964/3761/3277 4976/3773/2133 4975/3772/2132 4963/3760/3276
f 4966/3762/2122 4978/3774/2134 4977/3775/2123 4965/3763/2123
f 4967/3764/2124 4979/3776/2135 4978/3774/2134 4966/3762/2122
f 4968/3765/2125 4980/3777/2136 4979/3776/2135 4967/3764/2124
f 4969/3766/2126 4981/3778/2137 4980/3777/2136 4968/3765/2125
f 4970/3767/2127 4982/3779/2138 4981/3778/2137 4969/3766/2126
f 4971/3768/2128 4983/3780/2139 4982/3779/2138 4970/3767/2127
f 4972/3769/2129 4984/3781/2140 4983/3780/2139 4971/3768/2128
f 4973/3770/2130 4985/3782/2141 4984/3781/2140 4972/3769/2129
f 4974/3771/2131 4986/3783/2142 4985/3782/2141 4973/3770/2130
f 4975/3772/2132 4987/3784/2143 4986/3783/2142 4974/3771/2131
f 4976/3773/2133 4988/3785/2133 4987/3784/2143 4975/3772/2132
f 4978/3774/2134 4990/3786/2144 4989/3787/2145 4977/3775/2123
f 4979/3776/2135 4991/3788/2146 4990/3786/2144 4978/3774/2134
f 4980/3777/2136 4992/3789/2147 4991/3788/2146 4979/3776/2135
f 4981/3778/2137 4993/3790/2148 4992/3789/2147 4980/3777/2136
f 4982/3779/2138 4994/3791/2149 4993/3790/2148 4981/3778/2137
f 4983/3780/2139 4995/3792/2150 4994/3791/2149 4982/3779/2138
f 4984/3781/2140 4996/3793/2151 4995/3792/2150 4983/3780/2139
f 4985/3782/2141 4997/3794/2152 4996/3793/2151 4984/3781/2140
f 4986/3783/2142 4998/3795/2153 4997/3794/2152 4985/3782/2141
f 4987/3784/2143 4999/3796/2154 4998/3795/2153 4986/3783/2142
f 4988/3785/2133 5000/3797/2155 4999/3796/2154 4987/3784/2143
f 4990/3786/2144 5002/3798/2156 5001/3799/2157 4989/3787/2145
f 4991/3788/2146 5003/3800/2158 5002/3798/2156 4990/3786/2144
f 4992/3789/2147 5004/3801/2159 5003/3800/2158 4991/3788/2146
f 4993/3790/2148 5005/3802/2160 5004/3801/2159 4992/3789/2147
f 4994/3791/2149 5006/3803/2161 5005/3802/2160 4993/3790/2148
f 4995/3792/2150 5007/3804/2162 5006/3803/2161 4994/3791/2149
f 4996/3793/2151 5008/3805/2163 5007/3804/2162 4995/3792/2150
f 4997/3794/2152 5009/3806/2164 5008/3805/2163 4996/3793/2151
f 4998/3795/2153 5010/3807/2165 5009/3806/2164 4997/3794/2152
f 4999/3796/2154 5011/3808/2166 5010/3807/2165 4998/3795/2153
f 5000/3797/2155 5012/3809/2167 5011/3808/2166 4999/3796/2154
f 5002/3798/2156 5014/3810/3278 5013/3811/3279 5001/3799/2157
f 5003/3800/2158 5015/3812/3280 5014/3810/3278 5002/3798/2156
f 5004/3801/2159 5016/3813/3281 5015/3812/3280 5003/3800/2158
f 5005/3802/2160 5017/3814/3282 5016/3813/3281 5004/3801/2159
f 5006/3803/2161 5018/3815/3283 5017/3814/3282 5005/3802/2160
f 5007/3804/2162 5019/3816/3284 5018/3815/3283 5006/3803/2161
f 5008/3805/2163 5020/3817/3285 5019/3816/3284 5007/3804/2162
f 5009/3806/2164 5021/3818/3286 5020/3817/3285 5008/3805/2163
f 5010/3807/2165 5022/3819/3287 5021/3818/3286 5009/3806/2164
f 5011/3808/2166 5023/3820/3288 5022/3819/3287 5010/3807/2165
f 5012/3809/2167 5024/3821/3289 5023/3820/3288 5011/3808/2166
f 5014/3810/3278 4222/2229/2538 4221/514/2541 5013/3811/3279
f 5015/3812/3280 4223/2230/2542 4222/2229/2538 5014/3810/3278
f 5016/3813/3281 4224/2231/2544 4223/2230/2542 5015/3812/3280
f 5017/3814/3282 4225/2232/2546 4224/2231/2544 5016/3813/3281
f 5018/3815/3283 4226/2233/2548 4225/2232/2546 5017/3814/3282
f 5019/3816/3284 4227/2234/2550 4226/2233/2548 5018/3815/3283
f 5020/3817/3285 4228/2235/2552 4227/2234/2550 5019/3816/3284
f 5021/3818/3286 4229/2236/2554 4228/2235/2552 5020/3817/3285
f 5022/3819/3287 4230/2237/2556 4229/2236/2554 5021/3818/3286
f 5023/3820/3288 4231/2238/2558 4230/2237/2556 5022/3819/3287
f 5024/3821/3289 4232/2239/2560 4231/2238/2558 5023/3820/3288
f 5026/767/3290 5038/2670/3291 5037/2671/3292 5025/509/3293
f 5027/770/3294 5039/2672/3295 5038/2670/3291 5026/767/3290
f 5028/772/3296 5040/2673/3297 5039/2672/3295 5027/770/3294
f 5029/774/3298 5041/2674/3299 5040/2673/3297 5028/772/3296
f 5030/776/3300 5042/2675/3301 5041/2674/3299 5029/774/3298
f 5031/778/3302 5043/2676/3303 5042/2675/3301 5030/776/3300
f 5032/780/3304 5044/2677/3305 5043/2676/3303 5031/778/3302
f 5033/782/3306 5045/2678/3307 5044/2677/3305 5032/780/3304
f 5034/784/3308 5046/2679/3309 5045/2678/3307 5033/782/3306
f 5035/786/3310 5047/2680/3311 5046/2679/3309 5034/784/3308
f 5036/788/3312 5048/2681/3313 5047/2680/3311 5035/786/3310
f 5038/2670/3291 5050/2682/3314 5049/2683/3315 5037/2671/3292
f 5039/2672/3295 5051/2684/3316 5050/2682/3314 5038/2670/3291
f 5040/2673/3297 5052/2685/3317 5051/2684/3316 5039/2672/3295
f 5041/2674/3299 5053/2686/3318 5052/2685/3317 5040/2673/3297
f 5042/2675/3301 5054/2687/3319 5053/2686/3318 5041/2674/3299
f 5043/2676/3303 5055/2688/3320 5054/2687/3319 5042/2675/3301
f 5044/2677/3305 5056/2689/3321 5055/2688/3320 5043/2676/3303
f 5045/2678/3307 5057/2690/3322 5056/2689/3321 5044/2677/3305
f 5046/2679/3309 5058/2691/3323 5057/2690/3322 5045/2678/3307
f 5047/2680/3311 5059/2692/3324 5058/2691/3323 5046/2679/3309
f 5048/2681/3313 5060/2693/3325 5059/2692/3324 5047/2680/3311
f 5050/2682/3314 5062/2694/3326 5061/2695/3327 5049/2683/3315
f 5051/2684/3316 5063/2696/3328 5062/2694/3326 5050/2682/3314
f 5052/2685/3317 5064/2697/3329 5063/2696/3328 5051/2684/3316
f 5053/2686/3318 5065/2698/3330 5064/2697/3329 5052/2685/3317
f 5054/2687/3319 5066/2699/3331 5065/2698/3330 5053/2686/3318
f 5055/2688/3320 5067/2700/3332 5066/2699/3331 5054/2687/3319
f 5056/2689/3321 5068/2701/3333 5067/2700/3332 5055/2688/3320
f 5057/2690/3322 5069/2702/3334 5068/2701/3333 5056/2689/3321
f 5058/2691/3323 5070/2703/3335 5069/2702/3334 5057/2690/3322
f 5059/2692/3324 5071/2704/3336 5070/2703/3335 5058/2691/3323
f 5060/2693/3325 5072/2705/3337 5071/2704/3336 5059/2692/3324
f 5062/2694/3326 5074/2706/3338 5073/2707/3339 5061/2695/3327
f 5063/2696/3328 5075/2708/3340 5074/2706/3338 5062/2694/3326
f 5064/2697/3329 5076/2709/3341 5075/2708/3340 5063/2696/3328
f 5065/2698/3330 5077/2710/3342 5076/2709/3341 5064/2697/3329
f 5066/2699/3331 5078/2711/3343 5077/2710/3342 5065/2698/3330
f 5067/2700/3332 5079/2712/3344 5078/2711/3343 5066/2699/3331
f 5068/2701/3333 5080/2713/3345 5079/2712/3344 5067/2700/3332
f 5069/2702/3334 5081/2714/3346 5080/2713/3345 5068/2701/3333
f 5070/2703/3335 5082/2715/3347 5081/2714/3346 5069/2702/3334
f 5071/2704/3336 5083/2716/3348 5082/2715/3347 5070/2703/3335
f 5072/2705/3337 5084/2717/3349 5083/2716/3348 5071/2704/3336
f 5074/2706/3338 5086/2718/3350 5085/2719/3351 5073/2707/3339
f 5075/2708/3340 5087/2720/3352 5086/2718/3350 5074/2706/3338
f 5076/2709/3341 5088/2721/3353 5087/2720/3352 5075/2708/3340
f 5077/2710/3342 5089/2722/3354 5088/2721/3353 5076/2709/3341
f 5078/2711/3343 5090/2723/3355 5089/2722/3354 5077/2710/3342
f 5079/2712/3344 5091/2724/3356 5090/2723/3355 5078/2711/3343
f 5080/2713/3345 5092/2725/3357 5091/2724/3356 5079/2712/3344
f 5081/2714/3346 5093/2726/3358 5092/2725/3357 5080/2713/3345
f 5082/2715/3347 5094/2727/3359 5093/2726/3358 5081/2714/3346
f 5083/2716/3348 5095/2728/3360 5094/2727/3359 5082/2715/3347
f 5084/2717/3349 5096/2729/3361 5095/2728/3360 5083/2716/3348
f 5086/2718/3350 5098/2730/3362 5097/2731/3363 5085/2719/3351
f 5087/2720/3352 5099/2732/3364 5098/2730/3362 5086/2718/3350
f 5088/2721/3353 5100/2733/3365 5099/2732/3364 5087/2720/3352
f 5089/2722/3354 5101/2734/3366 5100/2733/3365 5088/2721/3353
f 5090/2723/3355 5102/2735/3367 5101/2734/3366 5089/2722/3354
f 5091/2724/3356 5103/2736/3368 5102/2735/3367 5090/2723/3355
f 5092/2725/3357 5104/2737/3369 5103/2736/3368 5091/2724/3356
f 5093/2726/3358 5105/2738/3370 5104/2737/3369 5092/2725/3357
f 5094/2727/3359 5106/2739/3371 5105/2738/3370 5093/2726/3358
f 5095/2728/3360 5107/2740/3372 5106/2739/3371 5094/2727/3359
f 5096/2729/3361 5108/2741/3373 5107/2740/3372 5095/2728/3360
f 5098/2730/3362 5110/2742/3374 5109/2743/3375 5097/2731/3363
f 5099/2732/3364 5111/2744/3376 5110/2742/3374 5098/2730/3362
f 5100/2733/3365 5112/2745/3377 5111/2744/3376 5099/2732/3364
f 5101/2734/3366 5113/2746/3378 5112/2745/3377 5100/2733/3365
f 5102/2735/3367 5114/2747/3379 5113/2746/3378 5101/2734/3366
f 5103/2736/3368 5115/2748/3380 5114/2747/3379 5102/2735/3367
f 5104/2737/3369 5116/2749/3381 5115/2748/3380 5103/2736/3368
f 5105/2738/3370 5117/2750/3382 5116/2749/3381 5104/2737/3369
f 5106/2739/3371 5118/2751/3383 5117/2750/3382 5105/2738/3370
f 5107/2740/3372 5119/2752/3384 5118/2751/3383 5106/2739/3371
f 5108/2741/3373 5120/2753/3385 5119/2752/3384 5107/2740/3372
f 5110/2742/3374 5122/2754/3386 5121/2755/3387 5109/2743/3375
f 5111/2744/3376 5123/2756/3388 5122/2754/3386 5110/2742/3374
f 5112/2745/3377 5124/2757/3389 5123/2756/3388 5111/2744/3376
f 5113/2746/3378 5125/2758/3390 5124/2757/3389 5112/2745/3377
f 5114/2747/3379 5126/2759/3391 5125/2758/3390 5113/2746/3378
f 5115/2748/3380 5127/2760/3392 5126/2759/3391 5114/2747/3379
f 5116/2749/3381 5128/2761/3393 5127/2760/3392 5115/2748/3380
f 5117/2750/3382 5129/2762/3394 5128/2761/3393 5116/2749/3381
f 5118/2751/3383 5130/2763/3395 5129/2762/3394 5117/2750/3382
f 5119/2752/3384 5131/2764/3396 5130/2763/3395 5118/2751/3383
f 5120/2753/3385 5132/2765/3397 5131/2764/3396 5119/2752/3384
f 5122/2754/3386 5134/2312/3398 5133/567/3399 5121/2755/3387
f 5123/2756/3388 5135/2313/3400 5134/2312/3398 5122/2754/3386
f 5124/2757/3389 5136/2314/3401 5135/2313/3400 5123/2756/3388
f 5125/2758/3390 5137/2315/3402 5136/2314/3401 5124/2757/3389
f 5126/2759/3391 5138/2316/3403 5137/2315/3402 5125/2758/3390
f 5127/2760/3392 5139/2317/3404 5138/2316/3403 5126/2759/3391
f 5128/2761/3393 5140/2318/3405 5139/2317/3404 5127/2760/3392
f 5129/2762/3394 5141/2319/3406 5140/2318/3405 5128/2761/3393
f 5130/2763/3395 5142/2320/3407 5141/2319/3406 5129/2762/3394
f 5131/2764/3396 5143/2321/3408 5142/2320/3407 5130/2763/3395
f 5132/2765/3397 5144/2322/3409 5143/2321/3408 5131/2764/3396
f 5134/2312/3398 5146/2766/3410 5145/2767/3411 5133/567/3399
f 5135/2313/3400 5147/2768/3412 5146/2766/3410 5134/2312/3398
f 5136/2314/3401 5148/2769/3413 5147/2768/3412 5135/2313/3400
f 5137/2315/3402 5149/2770/3414 5148/2769/3413 5136/2314/3401
f 5138/2316/3403 5150/2771/3415 5149/2770/3414 5137/2315/3402
f 5139/2317/3404 5151/2772/3416 5150/2771/3415 5138/2316/3403
f 5140/2318/3405 5152/2773/3417 5151/2772/3416 5139/2317/3404
f 5141/2319/3406 5153/2774/3418 5152/2773/3417 5140/2318/3405
f 5142/2320/3407 5154/2775/3419 5153/2774/3418 5141/2319/3406
f 5143/2321/3408 5155/2776/3420 5154/2775/3419 5142/2320/3407
f 5144/2322/3409 5156/2777/3421 5155/2776/3420 5143/2321/3408
f 5146/2766/3410 5158/2778/3422 5157/2779/3423 5145/2767/3411
f 5147/2768/3412 5159/2780/3424 5158/2778/3422 5146/2766/3410
f 5148/2769/3413 5160/2781/3425 5159/2780/3424 5147/2768/3412
f 5149/2770/3414 5161/2782/3426 5160/2781/3425 5148/2769/3413
f 5150/2771/3415 5162/2783/3427 5161/2782/3426 5149/2770/3414
f 5151/2772/3416 5163/2784/3428 5162/2783/3427 5150/2771/3415
f 5152/2773/3417 5164/2785/3429 5163/2784/3428 5151/2772/3416
f 5153/2774/3418 5165/2786/3430 5164/2785/3429 5152/2773/3417
f 5154/2775/3419 5166/2787/3431 5165/2786/3430 5153/2774/3418
f 5155/2776/3420 5167/2788/3432 5166/2787/3431 5154/2775/3419
f 5156/2777/3421 5168/2789/3433 5167/2788/3432 5155/2776/3420
f 5158/2778/3422 5170/2790/3434 5169/2791/3435 5157/2779/3423
f 5159/2780/3424 5171/2792/3436 5170/2790/3434 5158/2778/3422
f 5160/2781/3425 5172/2793/3437 5171/2792/3436 5159/2780/3424
f 5161/2782/3426 5173/2794/3438 5172/2793/3437 5160/2781/3425
f 5162/2783/3427 5174/2795/3439 5173/2794/3438 5161/2782/3426
f 5163/2784/3428 5175/2796/3440 5174/2795/3439 5162/2783/3427
f 5164/2785/3429 5176/2797/3441 5175/2796/3440 5163/2784/3428
f 5165/2786/3430 5177/2798/3442 5176/2797/3441 5164/2785/3429
f 5166/2787/3431 5178/2799/3443 5177/2798/3442 5165/2786/3430
f 5167/2788/3432 5179/2800/3444 5178/2799/3443 5166/2787/3431
f 5168/2789/3433 5180/2801/3445 5179/2800/3444 5167/2788/3432
f 5170/2790/3434 5182/2802/3446 5181/2803/3447 5169/2791/3435
f 5171/2792/3436 5183/2804/3448 5182/2802/3446 5170/2790/3434
f 5172/2793/3437 5184/2805/3449 5183/2804/3448 5171/2792/3436
f 5173/2794/3438 5185/2806/3450 5184/2805/3449 5172/2793/3437
f 5174/2795/3439 5186/2807/3451 5185/2806/3450 5173/2794/3438
f 5175/2796/3440 5187/2808/3452 5186/2807/3451 5174/2795/3439
f 5176/2797/3441 5188/2809/3453 5187/2808/3452 5175/2796/3440
f 5177/2798/3442 5189/2810/3454 5188/2809/3453 5176/2797/3441
f 5178/2799/3443 5190/2811/3455 5189/2810/3454 5177/2798/3442
f 5179/2800/3444 5191/2812/3456 5190/2811/3455 5178/2799/3443
f 5180/2801/3445 5192/2813/3457 5191/2812/3456 5179/2800/3444
f 5182/2802/3446 5194/2814/3458 5193/2815/3459 5181/2803/3447
f 5183/2804/3448 5195/2816/3460 5194/2814/3458 5182/2802/3446
f 5184/2805/3449 5196/2817/3461 5195/2816/3460 5183/2804/3448
f 5185/2806/3450 5197/2818/3462 5196/2817/3461 5184/2805/3449
f 5186/2807/3451 5198/2819/3463 5197/2818/3462 5185/2806/3450
f 5187/2808/3452 5199/2820/3464 5198/2819/3463 5186/2807/3451
f 5188/2809/3453 5200/2821/3465 5199/2820/3464 5187/2808/3452
f 5189/2810/3454 5201/2822/3466 5200/2821/3465 5188/2809/3453
f 5190/2811/3455 5202/2823/3467 5201/2822/3466 5189/2810/3454
f 5191/2812/3456 5203/2824/3468 5202/2823/3467 5190/2811/3455
f 5192/2813/3457 5204/2825/3469 5203/2824/3468 5191/2812/3456
f 5194/2814/3458 5206/2826/3470 5205/2827/3471 5193/2815/3459
f 5195/2816/3460 5207/2828/3472 5206/2826/3470 5194/2814/3458
f 5196/2817/3461 5208/2829/3473 5207/2828/3472 5195/2816/3460
f 5197/2818/3462 5209/2830/3474 5208/2829/3473 5196/2817/3461
f 5198/2819/3463 5210/2831/3475 5209/2830/3474 5197/2818/3462
f 5199/2820/3464 5211/2832/3476 5210/2831/3475 5198/2819/3463
f 5200/2821/3465 5212/2833/3477 5211/2832/3476 5199/2820/3464
f 5201/2822/3466 5213/2834/3478 5212/2833/3477 5200/2821/3465
f 5202/2823/3467 5214/2835/3479 5213/2834/3478 5201/2822/3466
f 5203/2824/3468 5215/2836/3480 5214/2835/3479 5202/2823/3467
f 5204/2825/3469 5216/2837/3481 5215/2836/3480 5203/2824/3468
f 5206/2826/3470 5218/2838/3482 5217/2839/3483 5205/2827/3471
f 5207/2828/3472 5219/2840/3484 5218/2838/3482 5206/2826/3470
f 5208/2829/3473 5220/2841/3485 5219/2840/3484 5207/2828/3472
f 5209/2830/3474 5221/2842/3486 5220/2841/3485 5208/2829/3473
f 5210/2831/3475 5222/2843/3487 5221/2842/3486 5209/2830/3474
f 5211/2832/3476 5223/2844/3488 5222/2843/3487 5210/2831/3475
f 5212/2833/3477 5224/2845/3489 5223/2844/3488 5211/2832/3476
f 5213/2834/3478 5225/2846/3490 5224/2845/3489 5212/2833/3477
f 5214/2835/3479 5226/2847/3491 5225/2846/3490 5213/2834/3478
f 5215/2836/3480 5227/2848/3492 5226/2847/3491 5214/2835/3479
f 5216/2837/3481 5228/2849/3493 5227/2848/3492 5215/2836/3480
f 5218/2838/3482 5230/2850/3494 5229/2851/3495 5217/2839/3483
f 5219/2840/3484 5231/2852/3496 5230/2850/3494 5218/2838/3482
f 5220/2841/3485 5232/2853/3497 5231/2852/3496 5219/2840/3484
f 5221/2842/3486 5233/2854/3498 5232/2853/3497 5220/2841/3485
f 5222/2843/3487 5234/2855/3499 5233/2854/3498 5221/2842/3486
f 5223/2844/3488 5235/2856/3500 5234/2855/3499 5222/2843/3487
f 5224/2845/3489 5236/2857/3501 5235/2856/3500 5223/2844/3488
f 5225/2846/3490 5237/2858/3502 5236/2857/3501 5224/2845/3489
f 5226/2847/3491 5238/2859/3503 5237/2858/3502 5225/2846/3490
f 5227/2848/3492 5239/2860/3504 5238/2859/3503 5226/2847/3491
f 5228/2849/3493 5240/2861/3505 5239/2860/3504 5227/2848/3492
f 5230/2850/3494 5242/2323/3506 5241/517/3507 5229/2851/3495
f 5231/2852/3496 5243/2324/3508 5242/2323/3506 5230/2850/3494
f 5232/2853/3497 5244/2325/3509 5243/2324/3508 5231/2852/3496
f 5233/2854/3498 5245/2326/3510 5244/2325/3509 5232/2853/3497
f 5234/2855/3499 5246/2327/3511 5245/2326/3510 5233/2854/3498
f 5235/2856/3500 5247/2328/3512 5246/2327/3511 5234/2855/3499
f 5236/2857/3501 5248/2329/3513 5247/2328/3512 5235/2856/3500
f 5237/2858/3502 5249/2330/3514 5248/2329/3513 5236/2857/3501
f 5238/2859/3503 5250/2331/3515 5249/2330/3514 5237/2858/3502
f 5239/2860/3504 5251/2332/3516 5250/2331/3515 5238/2859/3503
f 5240/2861/3505 5252/2333/3517 5251/2332/3516 5239/2860/3504
f 5242/2323/3506 5254/2862/3518 5253/2863/3519 5241/517/3507
f 5243/2324/3508 5255/2864/3520 5254/2862/3518 5242/2323/3506
f 5244/2325/3509 5256/2865/3521 5255/2864/3520 5243/2324/3508
f 5245/2326/3510 5257/2866/3522 5256/2865/3521 5244/2325/3509
f 5246/2327/3511 5258/2867/3523 5257/2866/3522 5245/2326/3510
f 5247/2328/3512 5259/2868/3524 5258/2867/3523 5246/2327/3511
f 5248/2329/3513 5260/2869/3525 5259/2868/3524 5247/2328/3512
f 5249/2330/3514 5261/2870/3526 5260/2869/3525 5248/2329/3513
f 5250/2331/3515 5262/2871/3527 5261/2870/3526 5249/2330/3514
f 5251/2332/3516 5263/2872/3528 5262/2871/3527 5250/2331/3515
f 5252/2333/3517 5264/2873/3529 5263/2872/3528 5251/2332/3516
f 5254/2862/3518 5266/2874/3530 5265/2875/3531 5253/2863/3519
f 5255/2864/3520 5267/2876/3532 5266/2874/3530 5254/2862/3518
f 5256/2865/3521 5268/2877/3533 5267/2876/3532 5255/2864/3520
f 5257/2866/3522 5269/2878/3534 5268/2877/3533 5256/2865/3521
f 5258/2867/3523 5270/2879/3535 5269/2878/3534 5257/2866/3522
f 5259/2868/3524 5271/2880/3536 5270/2879/3535 5258/2867/3523
f 5260/2869/3525 5272/2881/3537 5271/2880/3536 5259/2868/3524
f 5261/2870/3526 5273/2882/3538 5272/2881/3537 5260/2869/3525
f 5262/2871/3527 5274/2883/3539 5273/2882/3538 5261/2870/3526
f 5263/2872/3528 5275/2884/3540 5274/2883/3539 5262/2871/3527
f 5264/2873/3529 5276/2885/3541 5275/2884/3540 5263/2872/3528
f 5266/2874/3530 5278/2886/3542 5277/2887/3543 5265/2875/3531
f 5267/2876/3532 5279/2888/3544 5278/2886/3542 5266/2874/3530
f 5268/2877/3533 5280/2889/3545 5279/2888/3544 5267/2876/3532
f 5269/2878/3534 5281/2890/3546 5280/2889/3545 5268/2877/3533
f 5270/2879/3535 5282/2891/3547 5281/2890/3546 5269/2878/3534
f 5271/2880/3536 5283/2892/3548 5282/2891/3547 5270/2879/3535
f 5272/2881/3537 5284/2893/3549 5283/2892/3548 5271/2880/3536
f 5273/2882/3538 5285/2894/3550 5284/2893/3549 5272/2881/3537
f 5274/2883/3539 5286/2895/3551 5285/2894/3550 5273/2882/3538
f 5275/2884/3540 5287/2896/3552 5286/2895/3551 5274/2883/3539
f 5276/2885/3541 5288/2897/3553 5287/2896/3552 5275/2884/3540
f 5278/2886/3542 5290/2898/3554 5289/2899/3555 5277/2887/3543
f 5279/2888/3544 5291/2900/3556 5290/2898/3554 5278/2886/3542
f 5280/2889/3545 5292/2901/3557 5291/2900/3556 5279/2888/3544
f 5281/2890/3546 5293/2902/3558 5292/2901/3557 5280/2889/3545
f 5282/2891/3547 5294/2903/3559 5293/2902/3558 5281/2890/3546
f 5283/2892/3548 5295/2904/3560 5294/2903/3559 5282/2891/3547
f 5284/2893/3549 5296/2905/3561 5295/2904/3560 5283/2892/3548
f 5285/2894/3550 5297/2906/3562 5296/2905/3561 5284/2893/3549
f 5286/2895/3551 5298/2907/3563 5297/2906/3562 5285/2894/3550
f 5287/2896/3552 5299/2908/3564 5298/2907/3563 5286/2895/3551
f 5288/2897/3553 5300/2909/3565 5299/2908/3564 5287/2896/3552
f 5290/2898/3554 5302/2910/3566 5301/2911/3567 5289/2899/3555
f 5291/2900/3556 5303/2912/3568 5302/2910/3566 5290/2898/3554
f 5292/2901/3557 5304/2913/3569 5303/2912/3568 5291/2900/3556
f 5293/2902/3558 5305/2914/3570 5304/2913/3569 5292/2901/3557
f 5294/2903/3559 5306/2915/3571 5305/2914/3570 5293/2902/3558
f 5295/2904/3560 5307/2916/3572 5306/2915/3571 5294/2903/3559
f 5296/2905/3561 5308/2917/3573 5307/2916/3572 5295/2904/3560
f 5297/2906/3562 5309/2918/3574 5308/2917/3573 5296/2905/3561
f 5298/2907/3563 5310/2919/3575 5309/2918/3574 5297/2906/3562
f 5299/2908/3564 5311/2920/3576 5310/2919/3575 5298/2907/3563
f 5300/2909/3565 5312/2921/3577 5311/2920/3576 5299/2908/3564
f 5302/2910/3566 5314/2922/3578 5313/2923/3579 5301/2911/3567
f 5303/2912/3568 5315/2924/3580 5314/2922/3578 5302/2910/3566
f 5304/2913/3569 5316/2925/3581 5315/2924/3580 5303/2912/3568
f 5305/2914/3570 5317/2926/3582 5316/2925/3581 5304/2913/3569
f 5306/2915/3571 5318/2927/3583 5317/2926/3582 5305/2914/3570
f 5307/2916/3572 5319/2928/3584 5318/2927/3583 5306/2915/3571
f 5308/2917/3573 5320/2929/3585 5319/2928/3584 5307/2916/3572
f 5309/2918/3574 5321/2930/3586 5320/2929/3585 5308/2917/3573
f 5310/2919/3575 5322/2931/3587 5321/2930/3586 5309/2918/3574
f 5311/2920/3576 5323/2932/3588 5322/2931/3587 5310/2919/3575
f 5312/2921/3577 5324/2933/3589 5323/2932/3588 5311/2920/3576
f 5314/2922/3578 5326/2934/2122 5325/2935/2123 5313/2923/3579
f 5315/2924/3580 5327/2936/2124 5326/2934/2122 5314/2922/3578
f 5316/2925/3581 5328/2937/2125 5327/2936/2124 5315/2924/3580
f 5317/2926/3582 5329/2938/2126 5328/2937/2125 5316/2925/3581
f 5318/2927/3583 5330/2939/2127 5329/2938/2126 5317/2926/3582
f 5319/2928/3584 5331/2940/2128 5330/2939/2127 5318/2927/3583
f 5320/2929/3585 5332/2941/2129 5331/2940/2128 5319/2928/3584
f 5321/2930/3586 5333/2942/2130 5332/2941/2129 5320/2929/3585
f 5322/2931/3587 5334/2943/2131 5333/2942/2130 5321/2930/3586
f 5323/2932/3588 5335/2944/2132 5334/2943/2131 5322/2931/3587
f 5324/2933/3589 5336/2945/2133 5335/2944/2132 5323/2932/3588
f 5326/2934/2122 5338/2946/2480 5337/2947/2481 5325/2935/2123
f 5327/2936/2124 5339/2948/2482 5338/2946/2480 5326/2934/2122
f 5328/2937/2125 5340/2949/2483 5339/2948/2482 5327/2936/2124
f 5329/2938/2126 5341/2950/2484 5340/2949/2483 5328/2937/2125
f 5330/2939/2127 5342/2951/2485 5341/2950/2484 5329/2938/2126
f 5331/2940/2128 5343/2952/2486 5342/2951/2485 5330/2939/2127
f 5332/2941/2129 5344/2953/2487 5343/2952/2486 5331/2940/2128
f 5333/2942/2130 5345/2954/2488 5344/2953/2487 5332/2941/2129
f 5334/2943/2131 5346/2955/2489 5345/2954/2488 5333/2942/2130
f 5335/2944/2132 5347/2956/2490 5346/2955/2489 5334/2943/2131
f 5336/2945/2133 5348/2957/2491 5347/2956/2490 5335/2944/2132
f 5338/2946/2480 5026/2229/3290 5025/514/3293 5337/2947/2481
f 5339/2948/2482 5027/2230/3294 5026/2229/3290 5338/2946/2480
f 5340/2949/2483 5028/2231/3296 5027/2230/3294 5339/2948/2482
f 5341/2950/2484 5029/2232/3298 5028/2231/3296 5340/2949/2483
f 5342/2951/2485 5030/2233/3300 5029/2232/3298 5341/2950/2484
f 5343/2952/2486 5031/2234/3302 5030/2233/3300 5342/2951/2485
f 5344/2953/2487 5032/2235/3304 5031/2234/3302 5343/2952/2486
f 5345/2954/2488 5033/2236/3306 5032/2235/3304 5344/2953/2487
f 5346/2955/2489 5034/2237/3308 5033/2236/3306 5345/2954/2488
f 5347/2956/2490 5035/2238/3310 5034/2237/3308 5346/2955/2489
f 5348/2957/2491 5036/2239/3312 5035/2238/3310 5347/2956/2490
f 5350/767/2122 5362/2958/2480 5361/2959/2481 5349/509/2123
f 5351/770/2124 5363/2960/2482 5362/2958/2480 5350/767/2122
f 5352/772/2125 5364/2961/2483 5363/2960/2482 5351/770/2124
f 5353/774/2126 5365/2962/2484 5364/2961/2483 5352/772/2125
f 5354/776/2127 5366/2963/2485 5365/2962/2484 5353/774/2126
f 5355/778/2128 5367/2964/2486 5366/2963/2485 5354/776/2127
f 5356/780/2129 5368/2965/2487 5367/2964/2486 5355/778/2128
f 5357/782/2130 5369/2966/2488 5368/2965/2487 5356/780/2129
f 5358/784/2131 5370/2967/2489 5369/2966/2488 5357/782/2130
f 5359/786/2132 5371/2968/2490 5370/2967/2489 5358/784/2131
f 5360/788/2133 5372/2969/2491 5371/2968/2490 5359/786/2132
f 5362/2958/2480 5374/2970/2516 5373/2971/2481 5361/2959/2481
f 5363/2960/2482 5375/2972/2517 5374/2970/2516 5362/2958/2480
f 5364/2961/2483 5376/2973/2518 5375/2972/2517 5363/2960/2482
f 5365/2962/2484 5377/2974/2519 5376/2973/2518 5364/2961/2483
f 5366/2963/2485 5378/2975/2520 5377/2974/2519 5365/2962/2484
f 5367/2964/2486 5379/2976/2521 5378/2975/2520 5366/2963/2485
f 5368/2965/2487 5380/2977/2522 5379/2976/2521 5367/2964/2486
f 5369/2966/2488 5381/2978/2523 5380/2977/2522 5368/2965/2487
f 5370/2967/2489 5382/2979/2524 5381/2978/2523 5369/2966/2488
f 5371/2968/2490 5383/2980/2525 5382/2979/2524 5370/2967/2489
f 5372/2969/2491 5384/2981/2491 5383/2980/2525 5371/2968/2490
f 5374/2970/2516 5386/2252/2134 5385/2253/2123 5373/2971/2481
f 5375/2972/2517 5387/2254/2135 5386/2252/2134 5374/2970/2516
f 5376/2973/2518 5388/2255/2136 5387/2254/2135 5375/2972/2517
f 5377/2974/2519 5389/2256/2137 5388/2255/2136 5376/2973/2518
f 5378/2975/2520 5390/2257/2138 5389/2256/2137 5377/2974/2519
f 5379/2976/2521 5391/2258/2139 5390/2257/2138 5378/2975/2520
f 5380/2977/2522 5392/2259/2140 5391/2258/2139 5379/2976/2521
f 5381/2978/2523 5393/2260/2141 5392/2259/2140 5380/2977/2522
f 5382/2979/2524 5394/2261/2142 5393/2260/2141 5381/2978/2523
f 5383/2980/2525 5395/2262/2143 5394/2261/2142 5382/2979/2524
f 5384/2981/2491 5396/2263/2133 5395/2262/2143 5383/2980/2525
f 5386/2252/2134 5398/2312/2122 5397/567/2123 5385/2253/2123
f 5387/2254/2135 5399/2313/2124 5398/2312/2122 5386/2252/2134
f 5388/2255/2136 5400/2314/2125 5399/2313/2124 5387/2254/2135
f 5389/2256/2137 5401/2315/2126 5400/2314/2125 5388/2255/2136
f 5390/2257/2138 5402/2316/2127 5401/2315/2126 5389/2256/2137
f 5391/2258/2139 5403/2317/2128 5402/2316/2127 5390/2257/2138
f 5392/2259/2140 5404/2318/2129 5403/2317/2128 5391/2258/2139
f 5393/2260/2141 5405/2319/2130 5404/2318/2129 5392/2259/2140
f 5394/2261/2142 5406/2320/2131 5405/2319/2130 5393/2260/2141
f 5395/2262/2143 5407/2321/2132 5406/2320/2131 5394/2261/2142
f 5396/2263/2133 5408/2322/2133 5407/2321/2132 5395/2262/2143
f 5398/2312/2122 5410/2982/2480 5409/2983/2481 5397/567/2123
f 5399/2313/2124 5411/2984/2482 5410/2982/2480 5398/2312/2122
f 5400/2314/2125 5412/2985/2483 5411/2984/2482 5399/2313/2124
f 5401/2315/2126 5413/2986/2484 5412/2985/2483 5400/2314/2125
f 5402/2316/2127 5414/2987/2485 5413/2986/2484 5401/2315/2126
f 5403/2317/2128 5415/2988/2486 5414/2987/2485 5402/2316/2127
f 5404/2318/2129 5416/2989/2487 5415/2988/2486 5403/2317/2128
f 5405/2319/2130 5417/2990/2488 5416/2989/2487 5404/2318/2129
f 5406/2320/2131 5418/2991/2489 5417/2990/2488 5405/2319/2130
f 5407/2321/2132 5419/2992/2490 5418/2991/2489 5406/2320/2131
f 5408/2322/2133 5420/2993/2491 5419/2992/2490 5407/2321/2132
f 5410/2982/2480 5422/1498/2516 5421/653/2481 5409/2983/2481
f 5411/2984/2482 5423/1499/2517 5422/1498/2516 5410/2982/2480
f 5412/2985/2483 5424/1500/2518 5423/1499/2517 5411/2984/2482
f 5413/2986/2484 5425/1501/2519 5424/1500/2518 5412/2985/2483
f 5414/2987/2485 5426/1502/2520 5425/1501/2519 5413/2986/2484
f 5415/2988/2486 5427/1503/2521 5426/1502/2520 5414/2987/2485
f 5416/2989/2487 5428/1504/2522 5427/1503/2521 5415/2988/2486
f 5417/2990/2488 5429/1505/2523 5428/1504/2522 5416/2989/2487
f 5418/2991/2489 5430/1506/2524 5429/1505/2523 5417/2990/2488
f 5419/2992/2490 5431/1507/2525 5430/1506/2524 5418/2991/2489
f 5420/2993/2491 5432/1508/2491 5431/1507/2525 5419/2992/2490
f 5422/1498/2516 5434/2994/2134 5433/2995/2123 5421/653/2481
f 5423/1499/2517 5435/2996/2135 5434/2994/2134 5422/1498/2516
f 5424/1500/2518 5436/2997/2136 5435/2996/2135 5423/1499/2517
f 5425/1501/2519 5437/2998/2137 5436/2997/2136 5424/1500/2518
f 5426/1502/2520 5438/2999/2138 5437/2998/2137 5425/1501/2519
f 5427/1503/2521 5439/3000/2139 5438/2999/2138 5426/1502/2520
f 5428/1504/2522 5440/3001/2140 5439/3000/2139 5427/1503/2521
f 5429/1505/2523 5441/3002/2141 5440/3001/2140 5428/1504/2522
f 5430/1506/2524 5442/3003/2142 5441/3002/2141 5429/1505/2523
f 5431/1507/2525 5443/3004/2143 5442/3003/2142 5430/1506/2524
f 5432/1508/2491 5444/3005/2133 5443/3004/2143 5431/1507/2525
f 5434/2994/2134 5446/2323/2144 5445/517/2145 5433/2995/2123
f 5435/2996/2135 5447/2324/2146 5446/2323/2144 5434/2994/2134
f 5436/2997/2136 5448/2325/2147 5447/2324/2146 5435/2996/2135
f 5437/2998/2137 5449/2326/2148 5448/2325/2147 5436/2997/2136
f 5438/2999/2138 5450/2327/2149 5449/2326/2148 5437/2998/2137
f 5439/3000/2139 5451/2328/2150 5450/2327/2149 5438/2999/2138
f 5440/3001/2140 5452/2329/2151 5451/2328/2150 5439/3000/2139
f 5441/3002/2141 5453/2330/2152 5452/2329/2151 5440/3001/2140
f 5442/3003/2142 5454/2331/2153 5453/2330/2152 5441/3002/2141
f 5443/3004/2143 5455/2332/2154 5454/2331/2153 5442/3003/2142
f 5444/3005/2133 5456/2333/2155 5455/2332/2154 5443/3004/2143
f 5446/2323/2144 5458/2288/2156 5457/2289/2157 5445/517/2145
f 5447/2324/2146 5459/2290/2158 5458/2288/2156 5446/2323/2144
f 5448/2325/2147 5460/2291/2159 5459/2290/2158 5447/2324/2146
f 5449/2326/2148 5461/2292/2160 5460/2291/2159 5448/2325/2147
f 5450/2327/2149 5462/2293/2161 5461/2292/2160 5449/2326/2148
f 5451/2328/2150 5463/2294/2162 5462/2293/2161 5450/2327/2149
f 5452/2329/2151 5464/2295/2163 5463/2294/2162 5451/2328/2150
f 5453/2330/2152 5465/2296/2164 5464/2295/2163 5452/2329/2151
f 5454/2331/2153 5466/2297/2165 5465/2296/2164 5453/2330/2152
f 5455/2332/2154 5467/2298/2166 5466/2297/2165 5454/2331/2153
f 5456/2333/2155 5468/2299/2167 5467/2298/2166 5455/2332/2154
f 5458/2288/2156 5470/3006/2516 5469/3007/2481 5457/2289/2157
f 5459/2290/2158 5471/3008/2517 5470/3006/2516 5458/2288/2156
f 5460/2291/2159 5472/3009/2518 5471/3008/2517 5459/2290/2158
f 5461/2292/2160 5473/3010/2519 5472/3009/2518 5460/2291/2159
f 5462/2293/2161 5474/3011/2520 5473/3010/2519 5461/2292/2160
f 5463/2294/2162 5475/3012/2521 5474/3011/2520 5462/2293/2161
f 5464/2295/2163 5476/3013/2522 5475/3012/2521 5463/2294/2162
f 5465/2296/2164 5477/3014/2523 5476/3013/2522 5464/2295/2163
f 5466/2297/2165 5478/3015/2524 5477/3014/2523 5465/2296/2164
f 5467/2298/2166 5479/3016/2525 5478/3015/2524 5466/2297/2165
f 5468/2299/2167 5480/3017/2491 5479/3016/2525 5467/2298/2166
f 5470/3006/2516 5482/3018/2134 5481/3019/2123 5469/3007/2481
f 5471/3008/2517 5483/3020/2135 5482/3018/2134 5470/3006/2516
f 5472/3009/2518 5484/3021/2136 5483/3020/2135 5471/3008/2517
f 5473/3010/2519 5485/3022/2137 5484/3021/2136 5472/3009/2518
f 5474/3011/2520 5486/3023/2138 5485/3022/2137 5473/3010/2519
f 5475/3012/2521 5487/3024/2139 5486/3023/2138 5474/3011/2520
f 5476/3013/2522 5488/3025/2140 5487/3024/2139 5475/3012/2521
f 5477/3014/2523 5489/3026/2141 5488/3025/2140 5476/3013/2522
f 5478/3015/2524 5490/3027/2142 5489/3026/2141 5477/3014/2523
f 5479/3016/2525 5491/3028/2143 5490/3027/2142 5478/3015/2524
f 5480/3017/2491 5492/3029/2133 5491/3028/2143 5479/3016/2525
f 5482/3018/2134 5350/2229/2122 5349/514/2123 5481/3019/2123
f 5483/3020/2135 5351/2230/2124 5350/2229/2122 5482/3018/2134
f 5484/3021/2136 5352/2231/2125 5351/2230/2124 5483/3020/2135
f 5485/3022/2137 5353/2232/2126 5352/2231/2125 5484/3021/2136
f 5486/3023/2138 5354/2233/2127 5353/2232/2126 5485/3022/2137
f 5487/3024/2139 5355/2234/2128 5354/2233/2127 5486/3023/2138
f 5488/3025/2140 5356/2235/2129 5355/2234/2128 5487/3024/2139
f 5489/3026/2141 5357/2236/2130 5356/2235/2129 5488/3025/2140
f 5490/3027/2142 5358/2237/2131 5357/2236/2130 5489/3026/2141
f 5491/3028/2143 5359/2238/2132 5358/2237/2131 5490/3027/2142
f 5492/3029/2133 5360/2239/2133 5359/2238/2132 5491/3028/2143
