# Blender 5.1.2
# www.blender.org
mtllib topaz_shard.mtl
o topaz_crystal_body
v 0.000000 2.680000 0.000000
v 0.451000 2.082000 0.000000
v 0.318905 2.082000 -0.229612
v 0.000000 2.082000 -0.324720
v -0.318905 2.082000 -0.229612
v -0.451000 2.082000 -0.000000
v -0.318905 2.082000 0.229612
v -0.000000 2.082000 0.324720
v 0.318905 2.082000 0.229612
v 0.508134 1.380000 -0.151543
v 0.210476 1.380000 -0.365856
v -0.210476 1.380000 -0.365856
v -0.508134 1.380000 -0.151543
v -0.508134 1.380000 0.151543
v -0.210476 1.380000 0.365856
v 0.210476 1.380000 0.365856
v 0.508134 1.380000 0.151543
v 0.396000 0.652000 0.000000
v 0.280014 0.652000 -0.201610
v 0.000000 0.652000 -0.285120
v -0.280014 0.652000 -0.201610
v -0.396000 0.652000 -0.000000
v -0.280014 0.652000 0.201610
v -0.000000 0.652000 0.285120
v 0.280014 0.652000 0.201610
v 0.000000 0.080000 0.000000
vn -0.0000 1.0000 -0.0001
vn 0.9324 0.2991 -0.2029
vn 0.4509 0.2425 -0.8590
vn 0.9536 -0.0333 -0.2994
vn 0.4137 -0.0264 -0.9100
vn 0.4510 0.2425 -0.8590
vn 0.9535 -0.0334 -0.2994
vn 0.9226 -0.3154 -0.2219
vn 0.4375 -0.2558 -0.8621
vn 0.4136 -0.0265 -0.9101
vn 0.9226 -0.3155 -0.2219
vn -0.0000 -1.0000 -0.0000
vn 0.4374 -0.2559 -0.8621
vn -0.0000 1.0000 -0.0000
vn 0.4509 0.2426 -0.8590
vn -0.1093 0.2237 -0.9685
vn 0.4136 -0.0264 -0.9101
vn -0.1606 -0.0249 -0.9867
vn -0.1092 0.2237 -0.9685
vn 0.4374 -0.2558 -0.8621
vn -0.1201 -0.2373 -0.9640
vn 0.0001 -1.0000 -0.0000
vn -0.1202 -0.2373 -0.9640
vn -0.0001 1.0000 -0.0000
vn -0.6774 0.2657 -0.6859
vn -0.1606 -0.0248 -0.9867
vn -0.7515 -0.0303 -0.6590
vn -0.6774 0.2657 -0.6860
vn -0.6855 -0.2825 -0.6710
vn -0.7516 -0.0303 -0.6590
vn 0.0001 -1.0000 -0.0001
vn -0.6855 -0.2826 -0.6710
vn -0.9324 0.2990 0.2029
vn -0.9536 -0.0333 0.2994
vn -0.9324 0.2991 0.2029
vn -0.7516 -0.0303 -0.6589
vn -0.9226 -0.3154 0.2219
vn -0.9536 -0.0334 0.2994
vn -0.9226 -0.3155 0.2220
vn -0.0000 1.0000 0.0001
vn -0.4509 0.2425 0.8590
vn -0.4137 -0.0264 0.9100
vn -0.4510 0.2425 0.8590
vn -0.9535 -0.0334 0.2994
vn -0.4375 -0.2558 0.8621
vn -0.4136 -0.0265 0.9101
vn -0.9226 -0.3155 0.2219
vn -0.4374 -0.2559 0.8621
vn -0.4509 0.2426 0.8590
vn 0.1093 0.2237 0.9685
vn -0.4136 -0.0264 0.9101
vn 0.1606 -0.0249 0.9867
vn 0.1092 0.2237 0.9685
vn -0.4374 -0.2558 0.8621
vn 0.1201 -0.2373 0.9640
vn -0.0001 -1.0000 -0.0000
vn 0.1202 -0.2373 0.9640
vn 0.0001 1.0000 -0.0000
vn 0.6774 0.2657 0.6859
vn 0.1606 -0.0248 0.9867
vn 0.7515 -0.0303 0.6590
vn 0.6774 0.2657 0.6860
vn 0.6855 -0.2825 0.6710
vn 0.7516 -0.0303 0.6590
vn -0.0001 -1.0000 0.0001
vn 0.6855 -0.2826 0.6710
vn 0.9324 0.2990 -0.2029
vn 0.7516 -0.0303 0.6589
vn 0.9536 -0.0334 -0.2994
vn 0.9226 -0.3155 -0.2220
s 0
usemtl topaz_transparent_crystal.001
f 1//1 2//2 3//3
f 2//2 10//4 11//5 3//6
f 10//7 18//8 19//9 11//10
f 18//11 26//12 19//13
f 1//14 3//15 4//16
f 3//15 11//17 12//18 4//19
f 11//10 19//20 20//21 12//18
f 19//13 26//22 20//23
f 1//24 4//16 5//25
f 4//16 12//26 13//27 5//28
f 12//18 20//23 21//29 13//30
f 20//23 26//31 21//32
f 1//1 5//25 6//33
f 5//28 13//30 14//34 6//35
f 13//36 21//29 22//37 14//38
f 21//32 26//12 22//39
f 1//40 6//35 7//41
f 6//35 14//34 15//42 7//43
f 14//44 22//37 23//45 15//46
f 22//47 26//12 23//48
f 1//14 7//49 8//50
f 7//49 15//51 16//52 8//53
f 15//46 23//54 24//55 16//52
f 23//48 26//56 24//57
f 1//58 8//50 9//59
f 8//50 16//60 17//61 9//62
f 16//52 24//57 25//63 17//64
f 24//57 26//65 25//66
f 1//40 9//59 2//67
f 9//62 17//64 10//4 2//2
f 17//68 25//63 18//8 10//69
f 25//66 26//12 18//70
o topaz_display_base_top
v 0.000000 -0.120000 -0.700000
v 0.000000 0.060000 -0.700000
v 0.181173 -0.120000 -0.676148
v 0.181173 0.060000 -0.676148
v 0.350000 -0.120000 -0.606218
v 0.350000 0.060000 -0.606218
v 0.494975 -0.120000 -0.494975
v 0.494975 0.060000 -0.494975
v 0.606218 -0.120000 -0.350000
v 0.606218 0.060000 -0.350000
v 0.676148 -0.120000 -0.181173
v 0.676148 0.060000 -0.181173
v 0.700000 -0.120000 0.000000
v 0.700000 0.060000 0.000000
v 0.676148 -0.120000 0.181173
v 0.676148 0.060000 0.181173
v 0.606218 -0.120000 0.350000
v 0.606218 0.060000 0.350000
v 0.494975 -0.120000 0.494975
v 0.494975 0.060000 0.494975
v 0.350000 -0.120000 0.606218
v 0.350000 0.060000 0.606218
v 0.181173 -0.120000 0.676148
v 0.181173 0.060000 0.676148
v 0.000000 -0.120000 0.700000
v 0.000000 0.060000 0.700000
v -0.181173 -0.120000 0.676148
v -0.181173 0.060000 0.676148
v -0.350000 -0.120000 0.606218
v -0.350000 0.060000 0.606218
v -0.494975 -0.120000 0.494975
v -0.494975 0.060000 0.494975
v -0.606218 -0.120000 0.350000
v -0.606218 0.060000 0.350000
v -0.676148 -0.120000 0.181173
v -0.676148 0.060000 0.181173
v -0.700000 -0.120000 0.000000
v -0.700000 0.060000 0.000000
v -0.676148 -0.120000 -0.181173
v -0.676148 0.060000 -0.181173
v -0.606218 -0.120000 -0.350000
v -0.606218 0.060000 -0.350000
v -0.494975 -0.120000 -0.494975
v -0.494975 0.060000 -0.494975
v -0.350000 -0.120000 -0.606218
v -0.350000 0.060000 -0.606218
v -0.181173 -0.120000 -0.676148
v -0.181173 0.060000 -0.676148
vn 0.1305 -0.0000 -0.9914
vn 0.3827 -0.0000 -0.9239
vn 0.6088 -0.0000 -0.7934
vn 0.7934 -0.0000 -0.6088
vn 0.9239 -0.0000 -0.3827
vn 0.9914 -0.0000 -0.1305
vn 0.9914 -0.0000 0.1305
vn 0.9239 -0.0000 0.3827
vn 0.7934 -0.0000 0.6088
vn 0.6088 -0.0000 0.7934
vn 0.3827 -0.0000 0.9239
vn 0.1305 -0.0000 0.9914
vn -0.1305 -0.0000 0.9914
vn -0.3827 -0.0000 0.9239
vn -0.6088 -0.0000 0.7934
vn -0.7934 -0.0000 0.6088
vn -0.9239 -0.0000 0.3827
vn -0.9914 -0.0000 0.1305
vn -0.9914 -0.0000 -0.1305
vn -0.9239 -0.0000 -0.3827
vn -0.7934 -0.0000 -0.6088
vn -0.6088 -0.0000 -0.7934
vn -0.0000 1.0000 -0.0000
vn -0.3827 -0.0000 -0.9239
vn -0.1305 -0.0000 -0.9914
vn -0.0000 -1.0000 -0.0000
vt 1.000000 0.500000
vt 1.000000 1.000000
vt 0.958333 1.000000
vt 0.958333 0.500000
vt 0.916667 1.000000
vt 0.916667 0.500000
vt 0.875000 1.000000
vt 0.875000 0.500000
vt 0.833333 1.000000
vt 0.833333 0.500000
vt 0.791667 1.000000
vt 0.791667 0.500000
vt 0.750000 1.000000
vt 0.750000 0.500000
vt 0.708333 1.000000
vt 0.708333 0.500000
vt 0.666667 1.000000
vt 0.666667 0.500000
vt 0.625000 1.000000
vt 0.625000 0.500000
vt 0.583333 1.000000
vt 0.583333 0.500000
vt 0.541666 1.000000
vt 0.541666 0.500000
vt 0.500000 1.000000
vt 0.500000 0.500000
vt 0.458333 1.000000
vt 0.458333 0.500000
vt 0.416666 1.000000
vt 0.416666 0.500000
vt 0.375000 1.000000
vt 0.375000 0.500000
vt 0.333333 1.000000
vt 0.333333 0.500000
vt 0.291667 1.000000
vt 0.291667 0.500000
vt 0.250000 1.000000
vt 0.250000 0.500000
vt 0.208333 1.000000
vt 0.208333 0.500000
vt 0.166666 1.000000
vt 0.166666 0.500000
vt 0.125000 1.000000
vt 0.125000 0.500000
vt 0.083333 1.000000
vt 0.083333 0.500000
vt 0.312117 0.481822
vt 0.250000 0.490000
vt 0.187883 0.481822
vt 0.130000 0.457846
vt 0.080294 0.419706
vt 0.042154 0.370000
vt 0.018178 0.312117
vt 0.010000 0.250000
vt 0.018178 0.187883
vt 0.042154 0.130000
vt 0.080294 0.080294
vt 0.130000 0.042154
vt 0.187883 0.018178
vt 0.250000 0.010000
vt 0.312117 0.018178
vt 0.370000 0.042154
vt 0.419706 0.080294
vt 0.457846 0.130000
vt 0.481822 0.187883
vt 0.490000 0.250000
vt 0.481822 0.312117
vt 0.457846 0.370000
vt 0.419706 0.419706
vt 0.370000 0.457846
vt 0.041666 1.000000
vt 0.041666 0.500000
vt -0.000000 1.000000
vt -0.000000 0.500000
vt 0.750000 0.490000
vt 0.812117 0.481822
vt 0.870000 0.457846
vt 0.919706 0.419706
vt 0.957846 0.370000
vt 0.981822 0.312117
vt 0.990000 0.250000
vt 0.981822 0.187883
vt 0.957846 0.130000
vt 0.919706 0.080294
vt 0.870000 0.042154
vt 0.812117 0.018178
vt 0.750000 0.010000
vt 0.687883 0.018178
vt 0.630000 0.042154
vt 0.580294 0.080294
vt 0.542154 0.130000
vt 0.518178 0.187883
vt 0.510000 0.250000
vt 0.518178 0.312117
vt 0.542154 0.370000
vt 0.580294 0.419706
vt 0.630000 0.457846
vt 0.687883 0.481822
s 0
usemtl reflective_gold.011
f 27/1/71 28/2/71 30/3/71 29/4/71
f 29/4/72 30/3/72 32/5/72 31/6/72
f 31/6/73 32/5/73 34/7/73 33/8/73
f 33/8/74 34/7/74 36/9/74 35/10/74
f 35/10/75 36/9/75 38/11/75 37/12/75
f 37/12/76 38/11/76 40/13/76 39/14/76
f 39/14/77 40/13/77 42/15/77 41/16/77
f 41/16/78 42/15/78 44/17/78 43/18/78
f 43/18/79 44/17/79 46/19/79 45/20/79
f 45/20/80 46/19/80 48/21/80 47/22/80
f 47/22/81 48/21/81 50/23/81 49/24/81
f 49/24/82 50/23/82 52/25/82 51/26/82
f 51/26/83 52/25/83 54/27/83 53/28/83
f 53/28/84 54/27/84 56/29/84 55/30/84
f 55/30/85 56/29/85 58/31/85 57/32/85
f 57/32/86 58/31/86 60/33/86 59/34/86
f 59/34/87 60/33/87 62/35/87 61/36/87
f 61/36/88 62/35/88 64/37/88 63/38/88
f 63/38/89 64/37/89 66/39/89 65/40/89
f 65/40/90 66/39/90 68/41/90 67/42/90
f 67/42/91 68/41/91 70/43/91 69/44/91
f 69/44/92 70/43/92 72/45/92 71/46/92
f 30/47/93 28/48/93 74/49/93 72/50/93 70/51/93 68/52/93 66/53/93 64/54/93 62/55/93 60/56/93 58/57/93 56/58/93 54/59/93 52/60/93 50/61/93 48/62/93 46/63/93 44/64/93 42/65/93 40/66/93 38/67/93 36/68/93 34/69/93 32/70/93
f 71/46/94 72/45/94 74/71/94 73/72/94
f 73/72/95 74/71/95 28/73/95 27/74/95
f 27/75/96 29/76/96 31/77/96 33/78/96 35/79/96 37/80/96 39/81/96 41/82/96 43/83/96 45/84/96 47/85/96 49/86/96 51/87/96 53/88/96 55/89/96 57/90/96 59/91/96 61/92/96 63/93/96 65/94/96 67/95/96 69/96/96 71/97/96 73/98/96
o topaz_display_base_black_gold
v 0.000000 -0.380000 -0.820000
v 0.000000 -0.100000 -0.820000
v 0.212232 -0.380000 -0.792059
v 0.212232 -0.100000 -0.792059
v 0.410000 -0.380000 -0.710141
v 0.410000 -0.100000 -0.710141
v 0.579828 -0.380000 -0.579828
v 0.579828 -0.100000 -0.579828
v 0.710141 -0.380000 -0.410000
v 0.710141 -0.100000 -0.410000
v 0.792059 -0.380000 -0.212232
v 0.792059 -0.100000 -0.212232
v 0.820000 -0.380000 0.000000
v 0.820000 -0.100000 0.000000
v 0.792059 -0.380000 0.212232
v 0.792059 -0.100000 0.212232
v 0.710141 -0.380000 0.410000
v 0.710141 -0.100000 0.410000
v 0.579828 -0.380000 0.579828
v 0.579828 -0.100000 0.579828
v 0.410000 -0.380000 0.710141
v 0.410000 -0.100000 0.710141
v 0.212232 -0.380000 0.792059
v 0.212232 -0.100000 0.792059
v 0.000000 -0.380000 0.820000
v 0.000000 -0.100000 0.820000
v -0.212232 -0.380000 0.792059
v -0.212232 -0.100000 0.792059
v -0.410000 -0.380000 0.710141
v -0.410000 -0.100000 0.710141
v -0.579828 -0.380000 0.579828
v -0.579828 -0.100000 0.579828
v -0.710141 -0.380000 0.410000
v -0.710141 -0.100000 0.410000
v -0.792059 -0.380000 0.212232
v -0.792059 -0.100000 0.212232
v -0.820000 -0.380000 0.000000
v -0.820000 -0.100000 0.000000
v -0.792059 -0.380000 -0.212232
v -0.792059 -0.100000 -0.212232
v -0.710141 -0.380000 -0.410000
v -0.710141 -0.100000 -0.410000
v -0.579828 -0.380000 -0.579828
v -0.579828 -0.100000 -0.579828
v -0.410000 -0.380000 -0.710141
v -0.410000 -0.100000 -0.710141
v -0.212232 -0.380000 -0.792059
v -0.212232 -0.100000 -0.792059
vn 0.1305 -0.0000 -0.9914
vn 0.3827 -0.0000 -0.9239
vn 0.6088 -0.0000 -0.7934
vn 0.7934 -0.0000 -0.6088
vn 0.9239 -0.0000 -0.3827
vn 0.9914 -0.0000 -0.1305
vn 0.9914 -0.0000 0.1305
vn 0.9239 -0.0000 0.3827
vn 0.7934 -0.0000 0.6088
vn 0.6088 -0.0000 0.7934
vn 0.3827 -0.0000 0.9239
vn 0.1305 -0.0000 0.9914
vn -0.1305 -0.0000 0.9914
vn -0.3827 -0.0000 0.9239
vn -0.6088 -0.0000 0.7934
vn -0.7934 -0.0000 0.6088
vn -0.9239 -0.0000 0.3827
vn -0.9914 -0.0000 0.1305
vn -0.9914 -0.0000 -0.1305
vn -0.9239 -0.0000 -0.3827
vn -0.7934 -0.0000 -0.6088
vn -0.6088 -0.0000 -0.7934
vn -0.0000 1.0000 -0.0000
vn -0.3827 -0.0000 -0.9239
vn -0.1305 -0.0000 -0.9914
vn -0.0000 -1.0000 -0.0000
vt 1.000000 0.500000
vt 1.000000 1.000000
vt 0.958333 1.000000
vt 0.958333 0.500000
vt 0.916667 1.000000
vt 0.916667 0.500000
vt 0.875000 1.000000
vt 0.875000 0.500000
vt 0.833333 1.000000
vt 0.833333 0.500000
vt 0.791667 1.000000
vt 0.791667 0.500000
vt 0.750000 1.000000
vt 0.750000 0.500000
vt 0.708333 1.000000
vt 0.708333 0.500000
vt 0.666667 1.000000
vt 0.666667 0.500000
vt 0.625000 1.000000
vt 0.625000 0.500000
vt 0.583333 1.000000
vt 0.583333 0.500000
vt 0.541666 1.000000
vt 0.541666 0.500000
vt 0.500000 1.000000
vt 0.500000 0.500000
vt 0.458333 1.000000
vt 0.458333 0.500000
vt 0.416666 1.000000
vt 0.416666 0.500000
vt 0.375000 1.000000
vt 0.375000 0.500000
vt 0.333333 1.000000
vt 0.333333 0.500000
vt 0.291667 1.000000
vt 0.291667 0.500000
vt 0.250000 1.000000
vt 0.250000 0.500000
vt 0.208333 1.000000
vt 0.208333 0.500000
vt 0.166666 1.000000
vt 0.166666 0.500000
vt 0.125000 1.000000
vt 0.125000 0.500000
vt 0.083333 1.000000
vt 0.083333 0.500000
vt 0.312117 0.481822
vt 0.250000 0.490000
vt 0.187883 0.481822
vt 0.130000 0.457846
vt 0.080294 0.419706
vt 0.042154 0.370000
vt 0.018178 0.312117
vt 0.010000 0.250000
vt 0.018178 0.187883
vt 0.042154 0.130000
vt 0.080294 0.080294
vt 0.130000 0.042154
vt 0.187883 0.018178
vt 0.250000 0.010000
vt 0.312117 0.018178
vt 0.370000 0.042154
vt 0.419706 0.080294
vt 0.457846 0.130000
vt 0.481822 0.187883
vt 0.490000 0.250000
vt 0.481822 0.312117
vt 0.457846 0.370000
vt 0.419706 0.419706
vt 0.370000 0.457846
vt 0.041666 1.000000
vt 0.041666 0.500000
vt -0.000000 1.000000
vt -0.000000 0.500000
vt 0.750000 0.490000
vt 0.812117 0.481822
vt 0.870000 0.457846
vt 0.919706 0.419706
vt 0.957846 0.370000
vt 0.981822 0.312117
vt 0.990000 0.250000
vt 0.981822 0.187883
vt 0.957846 0.130000
vt 0.919706 0.080294
vt 0.870000 0.042154
vt 0.812117 0.018178
vt 0.750000 0.010000
vt 0.687883 0.018178
vt 0.630000 0.042154
vt 0.580294 0.080294
vt 0.542154 0.130000
vt 0.518178 0.187883
vt 0.510000 0.250000
vt 0.518178 0.312117
vt 0.542154 0.370000
vt 0.580294 0.419706
vt 0.630000 0.457846
vt 0.687883 0.481822
s 0
usemtl black_enamel.011
f 75/99/97 76/100/97 78/101/97 77/102/97
f 77/102/98 78/101/98 80/103/98 79/104/98
f 79/104/99 80/103/99 82/105/99 81/106/99
f 81/106/100 82/105/100 84/107/100 83/108/100
f 83/108/101 84/107/101 86/109/101 85/110/101
f 85/110/102 86/109/102 88/111/102 87/112/102
f 87/112/103 88/111/103 90/113/103 89/114/103
f 89/114/104 90/113/104 92/115/104 91/116/104
f 91/116/105 92/115/105 94/117/105 93/118/105
f 93/118/106 94/117/106 96/119/106 95/120/106
f 95/120/107 96/119/107 98/121/107 97/122/107
f 97/122/108 98/121/108 100/123/108 99/124/108
f 99/124/109 100/123/109 102/125/109 101/126/109
f 101/126/110 102/125/110 104/127/110 103/128/110
f 103/128/111 104/127/111 106/129/111 105/130/111
f 105/130/112 106/129/112 108/131/112 107/132/112
f 107/132/113 108/131/113 110/133/113 109/134/113
f 109/134/114 110/133/114 112/135/114 111/136/114
f 111/136/115 112/135/115 114/137/115 113/138/115
f 113/138/116 114/137/116 116/139/116 115/140/116
f 115/140/117 116/139/117 118/141/117 117/142/117
f 117/142/118 118/141/118 120/143/118 119/144/118
f 78/145/119 76/146/119 122/147/119 120/148/119 118/149/119 116/150/119 114/151/119 112/152/119 110/153/119 108/154/119 106/155/119 104/156/119 102/157/119 100/158/119 98/159/119 96/160/119 94/161/119 92/162/119 90/163/119 88/164/119 86/165/119 84/166/119 82/167/119 80/168/119
f 119/144/120 120/143/120 122/169/120 121/170/120
f 121/170/121 122/169/121 76/171/121 75/172/121
f 75/173/122 77/174/122 79/175/122 81/176/122 83/177/122 85/178/122 87/179/122 89/180/122 91/181/122 93/182/122 95/183/122 97/184/122 99/185/122 101/186/122 103/187/122 105/188/122 107/189/122 109/190/122 111/191/122 113/192/122 115/193/122 117/194/122 119/195/122 121/196/122
o topaz_gold_base_ring
v 0.655000 0.100000 0.000000
v 0.644749 0.124749 0.000000
v 0.620000 0.135000 0.000000
v 0.595251 0.124749 0.000000
v 0.585000 0.100000 0.000000
v 0.595251 0.075251 0.000000
v 0.620000 0.065000 0.000000
v 0.644749 0.075251 0.000000
v 0.632681 0.100000 -0.169526
v 0.622779 0.124749 -0.166873
v 0.598874 0.135000 -0.160468
v 0.574969 0.124749 -0.154062
v 0.565067 0.100000 -0.151409
v 0.574969 0.075251 -0.154062
v 0.598874 0.065000 -0.160468
v 0.622779 0.075251 -0.166873
v 0.567247 0.100000 -0.327500
v 0.558369 0.124749 -0.322374
v 0.536936 0.135000 -0.310000
v 0.515503 0.124749 -0.297626
v 0.506625 0.100000 -0.292500
v 0.515503 0.075251 -0.297626
v 0.536936 0.065000 -0.310000
v 0.558369 0.075251 -0.322374
v 0.463155 0.100000 -0.463155
v 0.455906 0.124749 -0.455906
v 0.438406 0.135000 -0.438406
v 0.420906 0.124749 -0.420906
v 0.413657 0.100000 -0.413657
v 0.420906 0.075251 -0.420906
v 0.438406 0.065000 -0.438406
v 0.455906 0.075251 -0.455906
v 0.327500 0.100000 -0.567247
v 0.322374 0.124749 -0.558369
v 0.310000 0.135000 -0.536936
v 0.297626 0.124749 -0.515503
v 0.292500 0.100000 -0.506625
v 0.297626 0.075251 -0.515503
v 0.310000 0.065000 -0.536936
v 0.322374 0.075251 -0.558369
v 0.169527 0.100000 -0.632681
v 0.166873 0.124749 -0.622779
v 0.160468 0.135000 -0.598874
v 0.154062 0.124749 -0.574969
v 0.151409 0.100000 -0.565067
v 0.154062 0.075251 -0.574969
v 0.160468 0.065000 -0.598874
v 0.166873 0.075251 -0.622779
v 0.000000 0.100000 -0.655000
v 0.000000 0.124749 -0.644749
v 0.000000 0.135000 -0.620000
v 0.000000 0.124749 -0.595251
v 0.000000 0.100000 -0.585000
v 0.000000 0.075251 -0.595251
v 0.000000 0.065000 -0.620000
v 0.000000 0.075251 -0.644749
v -0.169526 0.100000 -0.632681
v -0.166873 0.124749 -0.622779
v -0.160468 0.135000 -0.598874
v -0.154062 0.124749 -0.574969
v -0.151409 0.100000 -0.565067
v -0.154062 0.075251 -0.574969
v -0.160468 0.065000 -0.598874
v -0.166873 0.075251 -0.622779
v -0.327500 0.100000 -0.567247
v -0.322374 0.124749 -0.558369
v -0.310000 0.135000 -0.536936
v -0.297626 0.124749 -0.515503
v -0.292500 0.100000 -0.506625
v -0.297626 0.075251 -0.515503
v -0.310000 0.065000 -0.536936
v -0.322374 0.075251 -0.558369
v -0.463155 0.100000 -0.463155
v -0.455906 0.124749 -0.455906
v -0.438406 0.135000 -0.438406
v -0.420906 0.124749 -0.420906
v -0.413658 0.100000 -0.413657
v -0.420906 0.075251 -0.420906
v -0.438406 0.065000 -0.438406
v -0.455906 0.075251 -0.455906
v -0.567247 0.100000 -0.327500
v -0.558369 0.124749 -0.322375
v -0.536936 0.135000 -0.310000
v -0.515503 0.124749 -0.297626
v -0.506625 0.100000 -0.292500
v -0.515503 0.075251 -0.297626
v -0.536936 0.065000 -0.310000
v -0.558369 0.075251 -0.322375
v -0.632681 0.100000 -0.169526
v -0.622779 0.124749 -0.166873
v -0.598874 0.135000 -0.160468
v -0.574969 0.124749 -0.154062
v -0.565067 0.100000 -0.151409
v -0.574969 0.075251 -0.154062
v -0.598874 0.065000 -0.160468
v -0.622779 0.075251 -0.166873
v -0.655000 0.100000 -0.000000
v -0.644749 0.124749 -0.000000
v -0.620000 0.135000 -0.000000
v -0.595251 0.124749 -0.000000
v -0.585000 0.100000 -0.000000
v -0.595251 0.075251 -0.000000
v -0.620000 0.065000 -0.000000
v -0.644749 0.075251 -0.000000
v -0.632681 0.100000 0.169526
v -0.622779 0.124749 0.166873
v -0.598874 0.135000 0.160468
v -0.574969 0.124749 0.154062
v -0.565067 0.100000 0.151409
v -0.574969 0.075251 0.154062
v -0.598874 0.065000 0.160468
v -0.622779 0.075251 0.166873
v -0.567247 0.100000 0.327500
v -0.558369 0.124749 0.322374
v -0.536936 0.135000 0.310000
v -0.515503 0.124749 0.297626
v -0.506625 0.100000 0.292500
v -0.515503 0.075251 0.297626
v -0.536936 0.065000 0.310000
v -0.558369 0.075251 0.322374
v -0.463155 0.100000 0.463155
v -0.455906 0.124749 0.455906
v -0.438406 0.135000 0.438406
v -0.420906 0.124749 0.420906
v -0.413658 0.100000 0.413657
v -0.420906 0.075251 0.420906
v -0.438406 0.065000 0.438406
v -0.455906 0.075251 0.455906
v -0.327500 0.100000 0.567247
v -0.322374 0.124749 0.558369
v -0.310000 0.135000 0.536936
v -0.297626 0.124749 0.515503
v -0.292500 0.100000 0.506625
v -0.297626 0.075251 0.515503
v -0.310000 0.065000 0.536936
v -0.322374 0.075251 0.558369
v -0.169527 0.100000 0.632681
v -0.166873 0.124749 0.622779
v -0.160468 0.135000 0.598874
v -0.154063 0.124749 0.574969
v -0.151409 0.100000 0.565067
v -0.154063 0.075251 0.574969
v -0.160468 0.065000 0.598874
v -0.166873 0.075251 0.622779
v 0.000000 0.100000 0.655000
v 0.000000 0.124749 0.644749
v 0.000000 0.135000 0.620000
v 0.000000 0.124749 0.595251
v 0.000000 0.100000 0.585000
v 0.000000 0.075251 0.595251
v 0.000000 0.065000 0.620000
v 0.000000 0.075251 0.644749
v 0.169526 0.100000 0.632681
v 0.166873 0.124749 0.622780
v 0.160468 0.135000 0.598874
v 0.154062 0.124749 0.574969
v 0.151409 0.100000 0.565067
v 0.154062 0.075251 0.574969
v 0.160468 0.065000 0.598874
v 0.166873 0.075251 0.622780
v 0.327500 0.100000 0.567247
v 0.322374 0.124749 0.558369
v 0.310000 0.135000 0.536936
v 0.297626 0.124749 0.515503
v 0.292500 0.100000 0.506625
v 0.297626 0.075251 0.515503
v 0.310000 0.065000 0.536936
v 0.322374 0.075251 0.558369
v 0.463155 0.100000 0.463155
v 0.455906 0.124749 0.455906
v 0.438406 0.135000 0.438406
v 0.420906 0.124749 0.420906
v 0.413657 0.100000 0.413658
v 0.420906 0.075251 0.420906
v 0.438406 0.065000 0.438406
v 0.455906 0.075251 0.455906
v 0.567247 0.100000 0.327500
v 0.558369 0.124749 0.322374
v 0.536936 0.135000 0.310000
v 0.515503 0.124749 0.297626
v 0.506625 0.100000 0.292500
v 0.515503 0.075251 0.297626
v 0.536936 0.065000 0.310000
v 0.558369 0.075251 0.322374
v 0.632681 0.100000 0.169526
v 0.622779 0.124749 0.166873
v 0.598874 0.135000 0.160468
v 0.574969 0.124749 0.154062
v 0.565067 0.100000 0.151409
v 0.574969 0.075251 0.154062
v 0.598874 0.065000 0.160468
v 0.622779 0.075251 0.166873
vn 0.9171 0.3799 -0.1207
vn 0.3822 0.9227 -0.0503
vn -0.3822 0.9227 0.0503
vn -0.9171 0.3799 0.1207
vn -0.9171 -0.3799 0.1207
vn -0.3822 -0.9227 0.0503
vn 0.3822 -0.9227 -0.0503
vn 0.9171 -0.3799 -0.1207
vn 0.8546 0.3799 -0.3540
vn 0.3562 0.9227 -0.1475
vn -0.3562 0.9227 0.1475
vn -0.8546 0.3799 0.3540
vn -0.8546 -0.3799 0.3540
vn -0.3562 -0.9227 0.1475
vn 0.3562 -0.9227 -0.1475
vn 0.8546 -0.3799 -0.3540
vn 0.7339 0.3799 -0.5631
vn 0.3058 0.9227 -0.2347
vn -0.3058 0.9227 0.2347
vn -0.7339 0.3799 0.5631
vn -0.7339 -0.3799 0.5631
vn -0.3058 -0.9227 0.2347
vn 0.3058 -0.9227 -0.2347
vn 0.7339 -0.3799 -0.5631
vn 0.5631 0.3799 -0.7339
vn 0.2347 0.9227 -0.3058
vn -0.2347 0.9227 0.3058
vn -0.5631 0.3799 0.7339
vn -0.5631 -0.3799 0.7339
vn -0.2347 -0.9227 0.3058
vn 0.2347 -0.9227 -0.3058
vn 0.5631 -0.3799 -0.7339
vn 0.3540 0.3799 -0.8546
vn 0.1475 0.9227 -0.3562
vn -0.1475 0.9227 0.3562
vn -0.3540 0.3799 0.8546
vn -0.3540 -0.3799 0.8546
vn -0.1475 -0.9227 0.3562
vn 0.1475 -0.9227 -0.3562
vn 0.3540 -0.3799 -0.8546
vn 0.1207 0.3799 -0.9171
vn 0.0503 0.9227 -0.3822
vn -0.0503 0.9227 0.3822
vn -0.1207 0.3799 0.9171
vn -0.1207 -0.3799 0.9171
vn -0.0503 -0.9227 0.3822
vn 0.0503 -0.9227 -0.3822
vn 0.1207 -0.3799 -0.9171
vn -0.1207 0.3799 -0.9171
vn -0.0503 0.9227 -0.3822
vn 0.0503 0.9227 0.3822
vn 0.1207 0.3799 0.9171
vn 0.1207 -0.3799 0.9171
vn 0.0503 -0.9227 0.3822
vn -0.0503 -0.9227 -0.3822
vn -0.1207 -0.3799 -0.9171
vn -0.3540 0.3799 -0.8546
vn -0.1475 0.9227 -0.3562
vn 0.1475 0.9227 0.3562
vn 0.3540 0.3799 0.8546
vn 0.3540 -0.3799 0.8546
vn 0.1475 -0.9227 0.3562
vn -0.1475 -0.9227 -0.3562
vn -0.3540 -0.3799 -0.8546
vn -0.5631 0.3799 -0.7339
vn -0.2347 0.9227 -0.3058
vn 0.2347 0.9227 0.3058
vn 0.5631 0.3799 0.7339
vn 0.5631 -0.3799 0.7339
vn 0.2347 -0.9227 0.3058
vn -0.2347 -0.9227 -0.3058
vn -0.5631 -0.3799 -0.7339
vn -0.7339 0.3799 -0.5631
vn -0.3058 0.9227 -0.2347
vn 0.3058 0.9227 0.2347
vn 0.7339 0.3799 0.5631
vn 0.7339 -0.3799 0.5631
vn 0.3058 -0.9227 0.2347
vn -0.3058 -0.9227 -0.2347
vn -0.7339 -0.3799 -0.5631
vn -0.8546 0.3799 -0.3540
vn -0.3562 0.9227 -0.1475
vn 0.3562 0.9227 0.1475
vn 0.8546 0.3799 0.3540
vn 0.8546 -0.3799 0.3540
vn 0.3562 -0.9227 0.1475
vn -0.3562 -0.9227 -0.1475
vn -0.8546 -0.3799 -0.3540
vn -0.9171 0.3799 -0.1207
vn -0.3822 0.9227 -0.0503
vn 0.3822 0.9227 0.0503
vn 0.9171 0.3799 0.1207
vn 0.9171 -0.3799 0.1207
vn 0.3822 -0.9227 0.0503
vn -0.3822 -0.9227 -0.0503
vn -0.9171 -0.3799 -0.1207
vt 0.500000 0.500000
vt 0.541667 0.500000
vt 0.541667 0.625000
vt 0.500000 0.625000
vt 0.541667 0.750000
vt 0.500000 0.750000
vt 0.541667 0.875000
vt 0.500000 0.875000
vt 0.541667 1.000000
vt 0.500000 1.000000
vt 0.500000 0.000000
vt 0.541667 0.000000
vt 0.541667 0.125000
vt 0.500000 0.125000
vt 0.541667 0.250000
vt 0.500000 0.250000
vt 0.541667 0.375000
vt 0.500000 0.375000
vt 0.583333 0.500000
vt 0.583333 0.625000
vt 0.583333 0.750000
vt 0.583333 0.875000
vt 0.583333 1.000000
vt 0.583333 0.000000
vt 0.583333 0.125000
vt 0.583333 0.250000
vt 0.583333 0.375000
vt 0.625000 0.500000
vt 0.625000 0.625000
vt 0.625000 0.750000
vt 0.625000 0.875000
vt 0.625000 1.000000
vt 0.625000 0.000000
vt 0.625000 0.125000
vt 0.625000 0.250000
vt 0.625000 0.375000
vt 0.666667 0.500000
vt 0.666667 0.625000
vt 0.666667 0.750000
vt 0.666667 0.875000
vt 0.666667 1.000000
vt 0.666667 0.000000
vt 0.666667 0.125000
vt 0.666667 0.250000
vt 0.666667 0.375000
vt 0.708333 0.500000
vt 0.708333 0.625000
vt 0.708333 0.750000
vt 0.708333 0.875000
vt 0.708333 1.000000
vt 0.708333 0.000000
vt 0.708333 0.125000
vt 0.708333 0.250000
vt 0.708333 0.375000
vt 0.750000 0.500000
vt 0.750000 0.625000
vt 0.750000 0.750000
vt 0.750000 0.875000
vt 0.750000 1.000000
vt 0.750000 0.000000
vt 0.750000 0.125000
vt 0.750000 0.250000
vt 0.750000 0.375000
vt 0.791667 0.500000
vt 0.791667 0.625000
vt 0.791667 0.750000
vt 0.791667 0.875000
vt 0.791667 1.000000
vt 0.791667 0.000000
vt 0.791667 0.125000
vt 0.791667 0.250000
vt 0.791667 0.375000
vt 0.833333 0.500000
vt 0.833333 0.625000
vt 0.833333 0.750000
vt 0.833333 0.875000
vt 0.833333 1.000000
vt 0.833333 0.000000
vt 0.833333 0.125000
vt 0.833333 0.250000
vt 0.833333 0.375000
vt 0.875000 0.500000
vt 0.875000 0.625000
vt 0.875000 0.750000
vt 0.875000 0.875000
vt 0.875000 1.000000
vt 0.875000 0.000000
vt 0.875000 0.125000
vt 0.875000 0.250000
vt 0.875000 0.375000
vt 0.916667 0.500000
vt 0.916667 0.625000
vt 0.916667 0.750000
vt 0.916667 0.875000
vt 0.916667 1.000000
vt 0.916667 0.000000
vt 0.916667 0.125000
vt 0.916667 0.250000
vt 0.916667 0.375000
vt 0.958333 0.500000
vt 0.958333 0.625000
vt 0.958333 0.750000
vt 0.958333 0.875000
vt 0.958333 1.000000
vt 0.958333 0.000000
vt 0.958333 0.125000
vt 0.958333 0.250000
vt 0.958333 0.375000
vt 1.000000 0.500000
vt 1.000000 0.625000
vt 1.000000 0.750000
vt 1.000000 0.875000
vt 1.000000 1.000000
vt 1.000000 0.000000
vt 1.000000 0.125000
vt 1.000000 0.250000
vt 1.000000 0.375000
vt -0.000000 0.500000
vt 0.041667 0.500000
vt 0.041667 0.625000
vt -0.000000 0.625000
vt 0.041667 0.750000
vt -0.000000 0.750000
vt 0.041667 0.875000
vt -0.000000 0.875000
vt 0.041667 1.000000
vt -0.000000 1.000000
vt -0.000000 0.000000
vt 0.041667 0.000000
vt 0.041667 0.125000
vt -0.000000 0.125000
vt 0.041667 0.250000
vt -0.000000 0.250000
vt 0.041667 0.375000
vt -0.000000 0.375000
vt 0.083333 0.500000
vt 0.083333 0.625000
vt 0.083333 0.750000
vt 0.083333 0.875000
vt 0.083333 1.000000
vt 0.083333 0.000000
vt 0.083333 0.125000
vt 0.083333 0.250000
vt 0.083333 0.375000
vt 0.125000 0.500000
vt 0.125000 0.625000
vt 0.125000 0.750000
vt 0.125000 0.875000
vt 0.125000 1.000000
vt 0.125000 0.000000
vt 0.125000 0.125000
vt 0.125000 0.250000
vt 0.125000 0.375000
vt 0.166667 0.500000
vt 0.166667 0.625000
vt 0.166667 0.750000
vt 0.166667 0.875000
vt 0.166667 1.000000
vt 0.166667 0.000000
vt 0.166667 0.125000
vt 0.166667 0.250000
vt 0.166667 0.375000
vt 0.208333 0.500000
vt 0.208333 0.625000
vt 0.208333 0.750000
vt 0.208333 0.875000
vt 0.208333 1.000000
vt 0.208333 0.000000
vt 0.208333 0.125000
vt 0.208333 0.250000
vt 0.208333 0.375000
vt 0.250000 0.500000
vt 0.250000 0.625000
vt 0.250000 0.750000
vt 0.250000 0.875000
vt 0.250000 1.000000
vt 0.250000 0.000000
vt 0.250000 0.125000
vt 0.250000 0.250000
vt 0.250000 0.375000
vt 0.291667 0.500000
vt 0.291667 0.625000
vt 0.291667 0.750000
vt 0.291667 0.875000
vt 0.291667 1.000000
vt 0.291667 0.000000
vt 0.291667 0.125000
vt 0.291667 0.250000
vt 0.291667 0.375000
vt 0.333333 0.500000
vt 0.333333 0.625000
vt 0.333333 0.750000
vt 0.333333 0.875000
vt 0.333333 1.000000
vt 0.333333 0.000000
vt 0.333333 0.125000
vt 0.333333 0.250000
vt 0.333333 0.375000
vt 0.375000 0.500000
vt 0.375000 0.625000
vt 0.375000 0.750000
vt 0.375000 0.875000
vt 0.375000 1.000000
vt 0.375000 0.000000
vt 0.375000 0.125000
vt 0.375000 0.250000
vt 0.375000 0.375000
vt 0.416667 0.500000
vt 0.416667 0.625000
vt 0.416667 0.750000
vt 0.416667 0.875000
vt 0.416667 1.000000
vt 0.416667 0.000000
vt 0.416667 0.125000
vt 0.416667 0.250000
vt 0.416667 0.375000
vt 0.458333 0.500000
vt 0.458333 0.625000
vt 0.458333 0.750000
vt 0.458333 0.875000
vt 0.458333 1.000000
vt 0.458333 0.000000
vt 0.458333 0.125000
vt 0.458333 0.250000
vt 0.458333 0.375000
s 0
usemtl reflective_gold.011
f 123/197/123 131/198/123 132/199/123 124/200/123
f 124/200/124 132/199/124 133/201/124 125/202/124
f 125/202/125 133/201/125 134/203/125 126/204/125
f 126/204/126 134/203/126 135/205/126 127/206/126
f 127/207/127 135/208/127 136/209/127 128/210/127
f 128/210/128 136/209/128 137/211/128 129/212/128
f 129/212/129 137/211/129 138/213/129 130/214/129
f 130/214/130 138/213/130 131/198/130 123/197/130
f 131/198/131 139/215/131 140/216/131 132/199/131
f 132/199/132 140/216/132 141/217/132 133/201/132
f 133/201/133 141/217/133 142/218/133 134/203/133
f 134/203/134 142/218/134 143/219/134 135/205/134
f 135/208/135 143/220/135 144/221/135 136/209/135
f 136/209/136 144/221/136 145/222/136 137/211/136
f 137/211/137 145/222/137 146/223/137 138/213/137
f 138/213/138 146/223/138 139/215/138 131/198/138
f 139/215/139 147/224/139 148/225/139 140/216/139
f 140/216/140 148/225/140 149/226/140 141/217/140
f 141/217/141 149/226/141 150/227/141 142/218/141
f 142/218/142 150/227/142 151/228/142 143/219/142
f 143/220/143 151/229/143 152/230/143 144/221/143
f 144/221/144 152/230/144 153/231/144 145/222/144
f 145/222/145 153/231/145 154/232/145 146/223/145
f 146/223/146 154/232/146 147/224/146 139/215/146
f 147/224/147 155/233/147 156/234/147 148/225/147
f 148/225/148 156/234/148 157/235/148 149/226/148
f 149/226/149 157/235/149 158/236/149 150/227/149
f 150/227/150 158/236/150 159/237/150 151/228/150
f 151/229/151 159/238/151 160/239/151 152/230/151
f 152/230/152 160/239/152 161/240/152 153/231/152
f 153/231/153 161/240/153 162/241/153 154/232/153
f 154/232/154 162/241/154 155/233/154 147/224/154
f 155/233/155 163/242/155 164/243/155 156/234/155
f 156/234/156 164/243/156 165/244/156 157/235/156
f 157/235/157 165/244/157 166/245/157 158/236/157
f 158/236/158 166/245/158 167/246/158 159/237/158
f 159/238/159 167/247/159 168/248/159 160/239/159
f 160/239/160 168/248/160 169/249/160 161/240/160
f 161/240/161 169/249/161 170/250/161 162/241/161
f 162/241/162 170/250/162 163/242/162 155/233/162
f 163/242/163 171/251/163 172/252/163 164/243/163
f 164/243/164 172/252/164 173/253/164 165/244/164
f 165/244/165 173/253/165 174/254/165 166/245/165
f 166/245/166 174/254/166 175/255/166 167/246/166
f 167/247/167 175/256/167 176/257/167 168/248/167
f 168/248/168 176/257/168 177/258/168 169/249/168
f 169/249/169 177/258/169 178/259/169 170/250/169
f 170/250/170 178/259/170 171/251/170 163/242/170
f 171/251/171 179/260/171 180/261/171 172/252/171
f 172/252/172 180/261/172 181/262/172 173/253/172
f 173/253/173 181/262/173 182/263/173 174/254/173
f 174/254/174 182/263/174 183/264/174 175/255/174
f 175/256/175 183/265/175 184/266/175 176/257/175
f 176/257/176 184/266/176 185/267/176 177/258/176
f 177/258/177 185/267/177 186/268/177 178/259/177
f 178/259/178 186/268/178 179/260/178 171/251/178
f 179/260/179 187/269/179 188/270/179 180/261/179
f 180/261/180 188/270/180 189/271/180 181/262/180
f 181/262/181 189/271/181 190/272/181 182/263/181
f 182/263/182 190/272/182 191/273/182 183/264/182
f 183/265/183 191/274/183 192/275/183 184/266/183
f 184/266/184 192/275/184 193/276/184 185/267/184
f 185/267/185 193/276/185 194/277/185 186/268/185
f 186/268/186 194/277/186 187/269/186 179/260/186
f 187/269/187 195/278/187 196/279/187 188/270/187
f 188/270/188 196/279/188 197/280/188 189/271/188
f 189/271/189 197/280/189 198/281/189 190/272/189
f 190/272/190 198/281/190 199/282/190 191/273/190
f 191/274/191 199/283/191 200/284/191 192/275/191
f 192/275/192 200/284/192 201/285/192 193/276/192
f 193/276/193 201/285/193 202/286/193 194/277/193
f 194/277/194 202/286/194 195/278/194 187/269/194
f 195/278/195 203/287/195 204/288/195 196/279/195
f 196/279/196 204/288/196 205/289/196 197/280/196
f 197/280/197 205/289/197 206/290/197 198/281/197
f 198/281/198 206/290/198 207/291/198 199/282/198
f 199/283/199 207/292/199 208/293/199 200/284/199
f 200/284/200 208/293/200 209/294/200 201/285/200
f 201/285/201 209/294/201 210/295/201 202/286/201
f 202/286/202 210/295/202 203/287/202 195/278/202
f 203/287/203 211/296/203 212/297/203 204/288/203
f 204/288/204 212/297/204 213/298/204 205/289/204
f 205/289/205 213/298/205 214/299/205 206/290/205
f 206/290/206 214/299/206 215/300/206 207/291/206
f 207/292/207 215/301/207 216/302/207 208/293/207
f 208/293/208 216/302/208 217/303/208 209/294/208
f 209/294/209 217/303/209 218/304/209 210/295/209
f 210/295/210 218/304/210 211/296/210 203/287/210
f 211/296/211 219/305/211 220/306/211 212/297/211
f 212/297/212 220/306/212 221/307/212 213/298/212
f 213/298/213 221/307/213 222/308/213 214/299/213
f 214/299/214 222/308/214 223/309/214 215/300/214
f 215/301/215 223/310/215 224/311/215 216/302/215
f 216/302/216 224/311/216 225/312/216 217/303/216
f 217/303/217 225/312/217 226/313/217 218/304/217
f 218/304/218 226/313/218 219/305/218 211/296/218
f 219/314/126 227/315/126 228/316/126 220/317/126
f 220/317/125 228/316/125 229/318/125 221/319/125
f 221/319/124 229/318/124 230/320/124 222/321/124
f 222/321/123 230/320/123 231/322/123 223/323/123
f 223/324/130 231/325/130 232/326/130 224/327/130
f 224/327/129 232/326/129 233/328/129 225/329/129
f 225/329/128 233/328/128 234/330/128 226/331/128
f 226/331/127 234/330/127 227/315/127 219/314/127
f 227/315/134 235/332/134 236/333/134 228/316/134
f 228/316/133 236/333/133 237/334/133 229/318/133
f 229/318/132 237/334/132 238/335/132 230/320/132
f 230/320/131 238/335/131 239/336/131 231/322/131
f 231/325/138 239/337/138 240/338/138 232/326/138
f 232/326/137 240/338/137 241/339/137 233/328/137
f 233/328/136 241/339/136 242/340/136 234/330/136
f 234/330/135 242/340/135 235/332/135 227/315/135
f 235/332/142 243/341/142 244/342/142 236/333/142
f 236/333/141 244/342/141 245/343/141 237/334/141
f 237/334/140 245/343/140 246/344/140 238/335/140
f 238/335/139 246/344/139 247/345/139 239/336/139
f 239/337/146 247/346/146 248/347/146 240/338/146
f 240/338/145 248/347/145 249/348/145 241/339/145
f 241/339/144 249/348/144 250/349/144 242/340/144
f 242/340/143 250/349/143 243/341/143 235/332/143
f 243/341/150 251/350/150 252/351/150 244/342/150
f 244/342/149 252/351/149 253/352/149 245/343/149
f 245/343/148 253/352/148 254/353/148 246/344/148
f 246/344/147 254/353/147 255/354/147 247/345/147
f 247/346/154 255/355/154 256/356/154 248/347/154
f 248/347/153 256/356/153 257/357/153 249/348/153
f 249/348/152 257/357/152 258/358/152 250/349/152
f 250/349/151 258/358/151 251/350/151 243/341/151
f 251/350/158 259/359/158 260/360/158 252/351/158
f 252/351/157 260/360/157 261/361/157 253/352/157
f 253/352/156 261/361/156 262/362/156 254/353/156
f 254/353/155 262/362/155 263/363/155 255/354/155
f 255/355/162 263/364/162 264/365/162 256/356/162
f 256/356/161 264/365/161 265/366/161 257/357/161
f 257/357/160 265/366/160 266/367/160 258/358/160
f 258/358/159 266/367/159 259/359/159 251/350/159
f 259/359/166 267/368/166 268/369/166 260/360/166
f 260/360/165 268/369/165 269/370/165 261/361/165
f 261/361/164 269/370/164 270/371/164 262/362/164
f 262/362/163 270/371/163 271/372/163 263/363/163
f 263/364/170 271/373/170 272/374/170 264/365/170
f 264/365/169 272/374/169 273/375/169 265/366/169
f 265/366/168 273/375/168 274/376/168 266/367/168
f 266/367/167 274/376/167 267/368/167 259/359/167
f 267/368/174 275/377/174 276/378/174 268/369/174
f 268/369/173 276/378/173 277/379/173 269/370/173
f 269/370/172 277/379/172 278/380/172 270/371/172
f 270/371/171 278/380/171 279/381/171 271/372/171
f 271/373/178 279/382/178 280/383/178 272/374/178
f 272/374/177 280/383/177 281/384/177 273/375/177
f 273/375/176 281/384/176 282/385/176 274/376/176
f 274/376/175 282/385/175 275/377/175 267/368/175
f 275/377/182 283/386/182 284/387/182 276/378/182
f 276/378/181 284/387/181 285/388/181 277/379/181
f 277/379/180 285/388/180 286/389/180 278/380/180
f 278/380/179 286/389/179 287/390/179 279/381/179
f 279/382/186 287/391/186 288/392/186 280/383/186
f 280/383/185 288/392/185 289/393/185 281/384/185
f 281/384/184 289/393/184 290/394/184 282/385/184
f 282/385/183 290/394/183 283/386/183 275/377/183
f 283/386/190 291/395/190 292/396/190 284/387/190
f 284/387/189 292/396/189 293/397/189 285/388/189
f 285/388/188 293/397/188 294/398/188 286/389/188
f 286/389/187 294/398/187 295/399/187 287/390/187
f 287/391/194 295/400/194 296/401/194 288/392/194
f 288/392/193 296/401/193 297/402/193 289/393/193
f 289/393/192 297/402/192 298/403/192 290/394/192
f 290/394/191 298/403/191 291/395/191 283/386/191
f 291/395/198 299/404/198 300/405/198 292/396/198
f 292/396/197 300/405/197 301/406/197 293/397/197
f 293/397/196 301/406/196 302/407/196 294/398/196
f 294/398/195 302/407/195 303/408/195 295/399/195
f 295/400/202 303/409/202 304/410/202 296/401/202
f 296/401/201 304/410/201 305/411/201 297/402/201
f 297/402/200 305/411/200 306/412/200 298/403/200
f 298/403/199 306/412/199 299/404/199 291/395/199
f 299/404/206 307/413/206 308/414/206 300/405/206
f 300/405/205 308/414/205 309/415/205 301/406/205
f 301/406/204 309/415/204 310/416/204 302/407/204
f 302/407/203 310/416/203 311/417/203 303/408/203
f 303/409/210 311/418/210 312/419/210 304/410/210
f 304/410/209 312/419/209 313/420/209 305/411/209
f 305/411/208 313/420/208 314/421/208 306/412/208
f 306/412/207 314/421/207 307/413/207 299/404/207
f 307/413/214 123/197/214 124/200/214 308/414/214
f 308/414/213 124/200/213 125/202/213 309/415/213
f 309/415/212 125/202/212 126/204/212 310/416/212
f 310/416/211 126/204/211 127/206/211 311/417/211
f 311/418/218 127/207/218 128/210/218 312/419/218
f 312/419/217 128/210/217 129/212/217 313/420/217
f 313/420/216 129/212/216 130/214/216 314/421/216
f 314/421/215 130/214/215 123/197/215 307/413/215
o topaz_colored_light_pad
v 0.000000 0.080000 -0.380000
v 0.000000 0.100000 -0.380000
v 0.117426 0.080000 -0.361401
v 0.117426 0.100000 -0.361401
v 0.223358 0.080000 -0.307426
v 0.223358 0.100000 -0.307426
v 0.307426 0.080000 -0.223358
v 0.307426 0.100000 -0.223358
v 0.361401 0.080000 -0.117426
v 0.361401 0.100000 -0.117426
v 0.380000 0.080000 0.000000
v 0.380000 0.100000 0.000000
v 0.361401 0.080000 0.117426
v 0.361401 0.100000 0.117426
v 0.307426 0.080000 0.223358
v 0.307426 0.100000 0.223358
v 0.223358 0.080000 0.307426
v 0.223358 0.100000 0.307426
v 0.117426 0.080000 0.361401
v 0.117426 0.100000 0.361401
v 0.000000 0.080000 0.380000
v 0.000000 0.100000 0.380000
v -0.117426 0.080000 0.361401
v -0.117426 0.100000 0.361401
v -0.223358 0.080000 0.307426
v -0.223358 0.100000 0.307426
v -0.307426 0.080000 0.223358
v -0.307426 0.100000 0.223358
v -0.361401 0.080000 0.117426
v -0.361401 0.100000 0.117426
v -0.380000 0.080000 0.000000
v -0.380000 0.100000 0.000000
v -0.361401 0.080000 -0.117426
v -0.361401 0.100000 -0.117426
v -0.307426 0.080000 -0.223358
v -0.307426 0.100000 -0.223358
v -0.223358 0.080000 -0.307426
v -0.223358 0.100000 -0.307426
v -0.117426 0.080000 -0.361401
v -0.117426 0.100000 -0.361401
vn 0.1564 -0.0000 -0.9877
vn 0.4540 -0.0000 -0.8910
vn 0.7071 -0.0000 -0.7071
vn 0.8910 -0.0000 -0.4540
vn 0.9877 -0.0000 -0.1564
vn 0.9877 -0.0000 0.1564
vn 0.8910 -0.0000 0.4540
vn 0.7071 -0.0000 0.7071
vn 0.4540 -0.0000 0.8910
vn 0.1564 -0.0000 0.9877
vn -0.1564 -0.0000 0.9877
vn -0.4540 -0.0000 0.8910
vn -0.7071 -0.0000 0.7071
vn -0.8910 -0.0000 0.4540
vn -0.9877 -0.0000 0.1564
vn -0.9877 -0.0000 -0.1564
vn -0.8910 -0.0000 -0.4540
vn -0.7071 -0.0000 -0.7071
vn -0.0000 1.0000 -0.0000
vn -0.4540 -0.0000 -0.8910
vn -0.1564 -0.0000 -0.9877
vn -0.0000 -1.0000 -0.0000
vt 1.000000 0.500000
vt 1.000000 1.000000
vt 0.950000 1.000000
vt 0.950000 0.500000
vt 0.900000 1.000000
vt 0.900000 0.500000
vt 0.850000 1.000000
vt 0.850000 0.500000
vt 0.800000 1.000000
vt 0.800000 0.500000
vt 0.750000 1.000000
vt 0.750000 0.500000
vt 0.700000 1.000000
vt 0.700000 0.500000
vt 0.650000 1.000000
vt 0.650000 0.500000
vt 0.600000 1.000000
vt 0.600000 0.500000
vt 0.550000 1.000000
vt 0.550000 0.500000
vt 0.500000 1.000000
vt 0.500000 0.500000
vt 0.450000 1.000000
vt 0.450000 0.500000
vt 0.400000 1.000000
vt 0.400000 0.500000
vt 0.350000 1.000000
vt 0.350000 0.500000
vt 0.300000 1.000000
vt 0.300000 0.500000
vt 0.250000 1.000000
vt 0.250000 0.500000
vt 0.200000 1.000000
vt 0.200000 0.500000
vt 0.150000 1.000000
vt 0.150000 0.500000
vt 0.100000 1.000000
vt 0.100000 0.500000
vt 0.324164 0.478254
vt 0.250000 0.490000
vt 0.175836 0.478254
vt 0.108932 0.444164
vt 0.055836 0.391068
vt 0.021746 0.324164
vt 0.010000 0.250000
vt 0.021746 0.175836
vt 0.055836 0.108932
vt 0.108932 0.055836
vt 0.175836 0.021746
vt 0.250000 0.010000
vt 0.324164 0.021746
vt 0.391068 0.055836
vt 0.444164 0.108932
vt 0.478254 0.175836
vt 0.490000 0.250000
vt 0.478254 0.324164
vt 0.444164 0.391068
vt 0.391068 0.444164
vt 0.050000 1.000000
vt 0.050000 0.500000
vt -0.000000 1.000000
vt -0.000000 0.500000
vt 0.750000 0.490000
vt 0.824164 0.478254
vt 0.891068 0.444164
vt 0.944164 0.391068
vt 0.978254 0.324164
vt 0.990000 0.250000
vt 0.978254 0.175836
vt 0.944164 0.108932
vt 0.891068 0.055836
vt 0.824164 0.021746
vt 0.750000 0.010000
vt 0.675836 0.021746
vt 0.608932 0.055836
vt 0.555836 0.108932
vt 0.521746 0.175836
vt 0.510000 0.250000
vt 0.521746 0.324164
vt 0.555836 0.391068
vt 0.608932 0.444164
vt 0.675836 0.478254
s 0
usemtl topaz_emissive_glow.001
f 315/422/219 316/423/219 318/424/219 317/425/219
f 317/425/220 318/424/220 320/426/220 319/427/220
f 319/427/221 320/426/221 322/428/221 321/429/221
f 321/429/222 322/428/222 324/430/222 323/431/222
f 323/431/223 324/430/223 326/432/223 325/433/223
f 325/433/224 326/432/224 328/434/224 327/435/224
f 327/435/225 328/434/225 330/436/225 329/437/225
f 329/437/226 330/436/226 332/438/226 331/439/226
f 331/439/227 332/438/227 334/440/227 333/441/227
f 333/441/228 334/440/228 336/442/228 335/443/228
f 335/443/229 336/442/229 338/444/229 337/445/229
f 337/445/230 338/444/230 340/446/230 339/447/230
f 339/447/231 340/446/231 342/448/231 341/449/231
f 341/449/232 342/448/232 344/450/232 343/451/232
f 343/451/233 344/450/233 346/452/233 345/453/233
f 345/453/234 346/452/234 348/454/234 347/455/234
f 347/455/235 348/454/235 350/456/235 349/457/235
f 349/457/236 350/456/236 352/458/236 351/459/236
f 318/460/237 316/461/237 354/462/237 352/463/237 350/464/237 348/465/237 346/466/237 344/467/237 342/468/237 340/469/237 338/470/237 336/471/237 334/472/237 332/473/237 330/474/237 328/475/237 326/476/237 324/477/237 322/478/237 320/479/237
f 351/459/238 352/458/238 354/480/238 353/481/238
f 353/481/239 354/480/239 316/482/239 315/483/239
f 315/484/240 317/485/240 319/486/240 321/487/240 323/488/240 325/489/240 327/490/240 329/491/240 331/492/240 333/493/240 335/494/240 337/495/240 339/496/240 341/497/240 343/498/240 345/499/240 347/500/240 349/501/240 351/502/240 353/503/240
o topaz_base_label
v 0.183960 -0.168153 0.758610
v 0.289800 -0.168153 0.758610
v 0.211680 -0.269840 0.791650
v 0.289800 -0.269840 0.791650
v 0.289800 -0.284905 0.796545
v 0.179100 -0.284905 0.796545
v 0.257220 -0.183218 0.763505
v 0.183960 -0.183218 0.763505
v 0.158220 -0.284905 0.796545
v 0.141840 -0.250496 0.785365
v 0.089640 -0.250496 0.785365
v 0.074160 -0.284905 0.796545
v 0.056160 -0.284905 0.796545
v 0.108900 -0.167468 0.758388
v 0.121320 -0.167468 0.758388
v 0.176220 -0.284905 0.796545
v 0.134640 -0.235431 0.780470
v 0.114840 -0.193147 0.766731
v 0.096480 -0.235431 0.780470
v 0.021703 -0.168460 0.758710
v 0.027506 -0.169355 0.759000
v 0.032718 -0.170796 0.759469
v 0.037347 -0.172743 0.760102
v 0.041400 -0.175157 0.760886
v 0.044887 -0.177997 0.761808
v 0.047816 -0.181221 0.762856
v 0.050193 -0.184790 0.764016
v 0.052028 -0.188664 0.765274
v 0.053329 -0.192801 0.766619
v 0.054104 -0.197162 0.768036
v 0.054360 -0.201706 0.769512
v 0.054089 -0.206198 0.770971
v 0.053268 -0.210489 0.772366
v 0.051891 -0.214543 0.773683
v 0.049947 -0.218324 0.774912
v 0.047428 -0.221797 0.776040
v 0.044325 -0.224924 0.777056
v 0.040630 -0.227669 0.777948
v 0.036333 -0.229997 0.778704
v 0.031427 -0.231871 0.779313
v 0.025902 -0.233254 0.779763
v 0.019749 -0.234110 0.780041
v 0.012960 -0.234404 0.780136
v -0.005400 -0.234404 0.780136
v -0.005400 -0.284905 0.796545
v -0.023040 -0.284905 0.796545
v -0.023040 -0.168153 0.758610
v 0.015300 -0.168153 0.758610
v 0.014580 -0.219339 0.775241
v 0.017765 -0.219201 0.775196
v 0.020742 -0.218790 0.775063
v 0.023498 -0.218114 0.774843
v 0.026020 -0.217177 0.774539
v 0.028294 -0.215985 0.774152
v 0.030307 -0.214546 0.773684
v 0.032047 -0.212863 0.773137
v 0.033500 -0.210944 0.772514
v 0.034653 -0.208795 0.771815
v 0.035492 -0.206420 0.771044
v 0.036006 -0.203827 0.770201
v 0.036180 -0.201022 0.769290
v 0.036075 -0.198873 0.768592
v 0.035746 -0.196731 0.767896
v 0.035170 -0.194629 0.767213
v 0.034327 -0.192602 0.766554
v 0.033193 -0.190684 0.765931
v 0.031747 -0.188910 0.765354
v 0.029968 -0.187314 0.764836
v 0.027833 -0.185931 0.764387
v 0.025321 -0.184796 0.764018
v 0.022409 -0.183942 0.763740
v 0.019076 -0.183405 0.763566
v 0.015300 -0.183218 0.763505
v -0.005400 -0.183218 0.763505
v -0.005400 -0.219339 0.775241
v -0.099992 -0.167170 0.758291
v -0.090844 -0.168792 0.758818
v -0.082392 -0.171400 0.759665
v -0.074673 -0.174918 0.760808
v -0.067724 -0.179268 0.762222
v -0.061583 -0.184373 0.763880
v -0.056284 -0.190156 0.765759
v -0.051867 -0.196539 0.767833
v -0.048367 -0.203445 0.770077
v -0.045821 -0.210797 0.772466
v -0.044266 -0.218517 0.774974
v -0.043740 -0.226529 0.777578
v -0.044253 -0.234325 0.780111
v -0.045772 -0.241904 0.782573
v -0.048271 -0.249180 0.784937
v -0.051720 -0.256062 0.787174
v -0.056092 -0.262465 0.789254
v -0.061358 -0.268299 0.791150
v -0.067490 -0.273477 0.792832
v -0.074460 -0.277911 0.794273
v -0.082240 -0.281513 0.795443
v -0.090803 -0.284195 0.796314
v -0.100118 -0.285868 0.796858
v -0.110160 -0.286445 0.797046
v -0.119881 -0.285871 0.796859
v -0.128951 -0.284207 0.796318
v -0.137332 -0.281537 0.795451
v -0.144987 -0.277949 0.794285
v -0.151879 -0.273529 0.792849
v -0.157973 -0.268364 0.791170
v -0.163230 -0.262538 0.789277
v -0.167613 -0.256138 0.787198
v -0.171087 -0.249252 0.784961
v -0.173614 -0.241964 0.782593
v -0.175157 -0.234361 0.780122
v -0.175680 -0.226529 0.777578
v -0.175143 -0.218553 0.774986
v -0.173563 -0.210856 0.772485
v -0.170980 -0.203517 0.770101
v -0.167440 -0.196615 0.767858
v -0.162985 -0.190229 0.765783
v -0.157658 -0.184438 0.763901
v -0.151502 -0.179320 0.762239
v -0.144560 -0.174956 0.760821
v -0.136876 -0.171424 0.759673
v -0.128493 -0.168804 0.758821
v -0.119453 -0.167173 0.758292
v -0.109800 -0.166612 0.758109
v -0.103073 -0.270650 0.791913
v -0.096691 -0.269513 0.791544
v -0.090700 -0.267671 0.790945
v -0.085147 -0.265167 0.790132
v -0.080076 -0.262045 0.789118
v -0.075533 -0.258349 0.787916
v -0.071563 -0.254121 0.786543
v -0.068213 -0.249405 0.785010
v -0.065528 -0.244244 0.783334
v -0.063554 -0.238683 0.781527
v -0.062336 -0.232763 0.779603
v -0.061920 -0.226529 0.777578
v -0.062336 -0.220259 0.775540
v -0.063554 -0.214316 0.773609
v -0.065528 -0.208741 0.771798
v -0.068213 -0.203577 0.770120
v -0.071563 -0.198864 0.768589
v -0.075533 -0.194645 0.767218
v -0.080076 -0.190960 0.766021
v -0.085147 -0.187853 0.765011
v -0.090700 -0.185363 0.764202
v -0.096691 -0.183533 0.763607
v -0.103073 -0.182405 0.763241
v -0.109800 -0.182019 0.763116
v -0.116486 -0.182405 0.763241
v -0.122833 -0.183533 0.763607
v -0.128796 -0.185363 0.764202
v -0.134327 -0.187853 0.765011
v -0.139380 -0.190960 0.766021
v -0.143910 -0.194645 0.767218
v -0.147870 -0.198864 0.768589
v -0.151213 -0.203577 0.770120
v -0.153894 -0.208741 0.771798
v -0.155867 -0.214316 0.773609
v -0.157084 -0.220259 0.775540
v -0.157500 -0.226529 0.777578
v -0.157084 -0.232763 0.779603
v -0.155867 -0.238683 0.781527
v -0.153894 -0.244244 0.783334
v -0.151213 -0.249405 0.785010
v -0.147870 -0.254121 0.786543
v -0.143910 -0.258349 0.787916
v -0.139380 -0.262045 0.789118
v -0.134327 -0.265167 0.790132
v -0.128796 -0.267671 0.790945
v -0.122833 -0.269513 0.791544
v -0.116486 -0.270650 0.791913
v -0.109800 -0.271038 0.792040
v -0.229320 -0.183218 0.763505
v -0.229320 -0.284905 0.796545
v -0.246960 -0.284905 0.796545
v -0.246960 -0.183218 0.763505
v -0.289440 -0.183218 0.763505
v -0.289440 -0.168153 0.758610
v -0.186840 -0.168153 0.758610
v -0.186840 -0.183218 0.763505
v 0.183960 -0.181058 0.718894
v 0.289800 -0.181058 0.718894
v 0.211680 -0.282745 0.751934
v 0.289800 -0.282745 0.751934
v 0.289800 -0.297809 0.756829
v 0.179100 -0.297809 0.756829
v 0.257220 -0.196122 0.723789
v 0.183960 -0.196122 0.723789
v 0.158220 -0.297809 0.756829
v 0.141840 -0.263400 0.745649
v 0.089640 -0.263400 0.745649
v 0.074160 -0.297809 0.756829
v 0.056160 -0.297809 0.756829
v 0.108900 -0.180373 0.718671
v 0.121320 -0.180373 0.718671
v 0.176220 -0.297809 0.756829
v 0.134640 -0.248335 0.740754
v 0.114840 -0.206051 0.727015
v 0.096480 -0.248335 0.740754
v 0.021703 -0.181365 0.718994
v 0.027506 -0.182259 0.719284
v 0.032718 -0.183700 0.719753
v 0.037347 -0.185648 0.720385
v 0.041400 -0.188062 0.721170
v 0.044887 -0.190901 0.722092
v 0.047816 -0.194126 0.723140
v 0.050193 -0.197695 0.724300
v 0.052028 -0.201568 0.725558
v 0.053329 -0.205706 0.726903
v 0.054104 -0.210067 0.728320
v 0.054360 -0.214611 0.729796
v 0.054089 -0.219102 0.731255
v 0.053268 -0.223393 0.732650
v 0.051891 -0.227447 0.733967
v 0.049947 -0.231229 0.735196
v 0.047428 -0.234701 0.736324
v 0.044325 -0.237829 0.737340
v 0.040630 -0.240574 0.738232
v 0.036333 -0.242902 0.738988
v 0.031427 -0.244775 0.739597
v 0.025902 -0.246158 0.740046
v 0.019749 -0.247015 0.740325
v 0.012960 -0.247308 0.740420
v -0.005400 -0.247308 0.740420
v -0.005400 -0.297809 0.756829
v -0.023040 -0.297809 0.756829
v -0.023040 -0.181058 0.718894
v 0.015300 -0.181058 0.718894
v 0.014580 -0.232243 0.735525
v 0.017765 -0.232105 0.735480
v 0.020742 -0.231695 0.735347
v 0.023498 -0.231018 0.735127
v 0.026020 -0.230081 0.734823
v 0.028294 -0.228890 0.734436
v 0.030307 -0.227450 0.733968
v 0.032047 -0.225768 0.733421
v 0.033500 -0.223849 0.732798
v 0.034653 -0.221699 0.732099
v 0.035492 -0.219325 0.731328
v 0.036006 -0.216732 0.730485
v 0.036180 -0.213926 0.729574
v 0.036075 -0.211778 0.728876
v 0.035746 -0.209635 0.728179
v 0.035170 -0.207533 0.727496
v 0.034327 -0.205506 0.726838
v 0.033193 -0.203588 0.726215
v 0.031747 -0.201814 0.725638
v 0.029968 -0.200219 0.725120
v 0.027833 -0.198836 0.724670
v 0.025321 -0.197701 0.724302
v 0.022409 -0.196847 0.724024
v 0.019076 -0.196309 0.723849
v 0.015300 -0.196122 0.723789
v -0.005400 -0.196122 0.723789
v -0.005400 -0.232243 0.735525
v -0.099992 -0.180075 0.718575
v -0.090844 -0.181696 0.719101
v -0.082392 -0.184305 0.719949
v -0.074673 -0.187823 0.721092
v -0.067724 -0.192173 0.722506
v -0.061583 -0.197278 0.724164
v -0.056284 -0.203061 0.726043
v -0.051867 -0.209443 0.728117
v -0.048367 -0.216350 0.730361
v -0.045821 -0.223701 0.732750
v -0.044266 -0.231422 0.735258
v -0.043740 -0.239433 0.737861
v -0.044253 -0.247229 0.740394
v -0.045772 -0.254809 0.742857
v -0.048271 -0.262084 0.745221
v -0.051720 -0.268967 0.747457
v -0.056092 -0.275370 0.749538
v -0.061358 -0.281204 0.751433
v -0.067490 -0.286382 0.753116
v -0.074460 -0.290816 0.754557
v -0.082240 -0.294418 0.755727
v -0.090803 -0.297099 0.756598
v -0.100118 -0.298773 0.757142
v -0.110160 -0.299350 0.757329
v -0.119881 -0.298776 0.757143
v -0.128951 -0.297111 0.756602
v -0.137332 -0.294442 0.755735
v -0.144987 -0.290854 0.754569
v -0.151879 -0.286434 0.753133
v -0.157973 -0.281268 0.751454
v -0.163230 -0.275442 0.749561
v -0.167613 -0.269043 0.747482
v -0.171087 -0.262156 0.745245
v -0.173614 -0.254868 0.742876
v -0.175157 -0.247265 0.740406
v -0.175680 -0.239433 0.737861
v -0.175143 -0.231458 0.735270
v -0.173563 -0.223761 0.732769
v -0.170980 -0.216422 0.730384
v -0.167440 -0.209520 0.728142
v -0.162985 -0.203133 0.726067
v -0.157658 -0.197342 0.724185
v -0.151502 -0.192225 0.722522
v -0.144560 -0.187861 0.721104
v -0.136876 -0.184329 0.719957
v -0.128493 -0.181708 0.719105
v -0.119453 -0.180078 0.718576
v -0.109800 -0.179517 0.718393
v -0.103073 -0.283554 0.752197
v -0.096691 -0.282417 0.751828
v -0.090700 -0.280575 0.751229
v -0.085147 -0.278072 0.750416
v -0.080076 -0.274950 0.749401
v -0.075533 -0.271253 0.748200
v -0.071563 -0.267026 0.746827
v -0.068213 -0.262310 0.745294
v -0.065528 -0.257149 0.743618
v -0.063554 -0.251587 0.741810
v -0.062336 -0.245668 0.739887
v -0.061920 -0.239433 0.737861
v -0.062336 -0.233163 0.735824
v -0.063554 -0.227220 0.733893
v -0.065528 -0.221646 0.732082
v -0.068213 -0.216481 0.730404
v -0.071563 -0.211769 0.728873
v -0.075533 -0.207549 0.727502
v -0.080076 -0.203865 0.726304
v -0.085147 -0.200757 0.725295
v -0.090700 -0.198268 0.724486
v -0.096691 -0.196438 0.723891
v -0.103073 -0.195309 0.723525
v -0.109800 -0.194924 0.723399
v -0.116486 -0.195309 0.723525
v -0.122833 -0.196438 0.723891
v -0.128796 -0.198268 0.724486
v -0.134327 -0.200757 0.725295
v -0.139380 -0.203865 0.726304
v -0.143910 -0.207549 0.727502
v -0.147870 -0.211769 0.728873
v -0.151213 -0.216481 0.730404
v -0.153894 -0.221646 0.732082
v -0.155867 -0.227220 0.733893
v -0.157084 -0.233163 0.735824
v -0.157500 -0.239433 0.737861
v -0.157084 -0.245668 0.739887
v -0.155867 -0.251587 0.741810
v -0.153894 -0.257149 0.743618
v -0.151213 -0.262310 0.745294
v -0.147870 -0.267026 0.746827
v -0.143910 -0.271253 0.748200
v -0.139380 -0.274950 0.749401
v -0.134327 -0.278072 0.750416
v -0.128796 -0.280575 0.751229
v -0.122833 -0.282417 0.751828
v -0.116486 -0.283554 0.752197
v -0.109800 -0.283943 0.752323
v -0.229320 -0.196122 0.723789
v -0.229320 -0.297809 0.756829
v -0.246960 -0.297809 0.756829
v -0.246960 -0.196122 0.723789
v -0.289440 -0.196122 0.723789
v -0.289440 -0.181058 0.718894
v -0.186840 -0.181058 0.718894
v -0.186840 -0.196122 0.723789
v -0.229320 -0.196122 0.723789
v -0.228430 -0.196925 0.724198
v -0.227627 -0.197562 0.724835
v -0.226990 -0.197971 0.725638
v -0.226581 -0.198112 0.726528
v -0.226440 -0.197971 0.727418
v -0.226440 -0.186847 0.761656
v -0.226581 -0.186438 0.762459
v -0.226990 -0.185801 0.763096
v -0.227627 -0.184998 0.763505
v -0.228430 -0.184108 0.763646
v -0.229320 -0.183218 0.763505
v -0.229320 -0.297809 0.756829
v -0.228430 -0.298612 0.757238
v -0.227627 -0.299249 0.757875
v -0.226990 -0.299658 0.758678
v -0.226581 -0.299799 0.759568
v -0.226440 -0.299658 0.760458
v -0.226440 -0.288534 0.794696
v -0.226581 -0.288125 0.795499
v -0.226990 -0.287488 0.796136
v -0.227627 -0.286685 0.796545
v -0.228430 -0.285795 0.796686
v -0.229320 -0.284905 0.796545
v -0.246960 -0.297809 0.756829
v -0.247850 -0.298612 0.757238
v -0.248653 -0.299249 0.757875
v -0.249290 -0.299658 0.758678
v -0.249699 -0.299799 0.759568
v -0.249840 -0.299658 0.760458
v -0.249840 -0.288534 0.794696
v -0.249699 -0.288125 0.795499
v -0.249290 -0.287488 0.796136
v -0.248653 -0.286685 0.796545
v -0.247850 -0.285795 0.796686
v -0.246960 -0.284905 0.796545
v -0.246960 -0.196122 0.723789
v -0.247850 -0.196925 0.724198
v -0.248653 -0.197562 0.724835
v -0.249290 -0.197971 0.725638
v -0.249699 -0.198112 0.726528
v -0.249840 -0.197971 0.727418
v -0.249840 -0.186847 0.761656
v -0.249699 -0.186438 0.762459
v -0.249290 -0.185801 0.763096
v -0.248653 -0.184998 0.763505
v -0.247850 -0.184108 0.763646
v -0.246960 -0.183218 0.763505
v -0.289440 -0.196122 0.723789
v -0.290330 -0.196925 0.724198
v -0.291133 -0.197562 0.724835
v -0.291770 -0.197971 0.725638
v -0.292179 -0.198112 0.726528
v -0.292320 -0.197971 0.727418
v -0.292320 -0.186847 0.761656
v -0.292179 -0.186438 0.762459
v -0.291770 -0.185801 0.763096
v -0.291133 -0.184998 0.763505
v -0.290330 -0.184108 0.763646
v -0.289440 -0.183218 0.763505
v -0.289440 -0.181058 0.718894
v -0.290330 -0.180168 0.718753
v -0.291133 -0.179278 0.718894
v -0.291770 -0.178475 0.719303
v -0.292179 -0.177838 0.719940
v -0.292320 -0.177429 0.720743
v -0.292320 -0.166304 0.754981
v -0.292179 -0.166163 0.755871
v -0.291770 -0.166304 0.756761
v -0.291133 -0.166713 0.757564
v -0.290330 -0.167350 0.758201
v -0.289440 -0.168153 0.758610
v -0.186840 -0.181058 0.718894
v -0.185950 -0.180168 0.718753
v -0.185147 -0.179278 0.718894
v -0.184510 -0.178475 0.719303
v -0.184101 -0.177838 0.719940
v -0.183960 -0.177429 0.720743
v -0.183960 -0.166304 0.754981
v -0.184101 -0.166163 0.755871
v -0.184510 -0.166304 0.756761
v -0.185147 -0.166713 0.757564
v -0.185950 -0.167350 0.758201
v -0.186840 -0.168153 0.758610
v -0.186840 -0.196122 0.723789
v -0.185950 -0.196925 0.724198
v -0.185147 -0.197562 0.724835
v -0.184510 -0.197971 0.725638
v -0.184101 -0.198112 0.726528
v -0.183960 -0.197971 0.727418
v -0.183960 -0.186847 0.761656
v -0.184101 -0.186438 0.762459
v -0.184510 -0.185801 0.763096
v -0.185147 -0.184998 0.763505
v -0.185950 -0.184108 0.763646
v -0.186840 -0.183218 0.763505
v -0.099992 -0.180075 0.718575
v -0.099884 -0.179189 0.718435
v -0.099786 -0.178304 0.718577
v -0.099708 -0.177504 0.718988
v -0.099658 -0.176869 0.719625
v -0.099641 -0.176461 0.720429
v -0.099641 -0.165336 0.754667
v -0.099658 -0.165194 0.755556
v -0.099708 -0.165333 0.756446
v -0.099786 -0.165739 0.757247
v -0.099884 -0.166372 0.757883
v -0.099992 -0.167170 0.758291
v -0.090844 -0.181696 0.719101
v -0.090624 -0.180831 0.718968
v -0.090426 -0.179963 0.719117
v -0.090269 -0.179177 0.719531
v -0.090168 -0.178552 0.720172
v -0.090133 -0.178146 0.720976
v -0.090133 -0.167022 0.755214
v -0.090168 -0.166877 0.756103
v -0.090269 -0.167007 0.756989
v -0.090426 -0.167398 0.757786
v -0.090624 -0.168013 0.758416
v -0.090844 -0.168792 0.758818
v -0.082392 -0.184305 0.719949
v -0.082061 -0.183474 0.719827
v -0.081762 -0.182637 0.719985
v -0.081525 -0.181876 0.720408
v -0.081373 -0.181266 0.721054
v -0.081321 -0.180866 0.721860
v -0.081321 -0.169741 0.756098
v -0.081373 -0.169591 0.756985
v -0.081525 -0.169705 0.757866
v -0.081762 -0.170072 0.758655
v -0.082061 -0.170656 0.759275
v -0.082392 -0.171400 0.759665
v -0.074673 -0.187823 0.721092
v -0.074234 -0.187041 0.720986
v -0.073838 -0.186248 0.721159
v -0.073524 -0.185522 0.721593
v -0.073322 -0.184935 0.722246
v -0.073253 -0.184543 0.723055
v -0.073253 -0.173418 0.757293
v -0.073322 -0.173260 0.758177
v -0.073524 -0.173352 0.759051
v -0.073838 -0.173683 0.759829
v -0.074234 -0.174223 0.760434
v -0.074673 -0.174918 0.760808
v -0.067724 -0.192173 0.722506
v -0.067185 -0.191454 0.722420
v -0.066697 -0.190718 0.722611
v -0.066311 -0.190038 0.723060
v -0.066063 -0.189480 0.723723
v -0.065977 -0.189098 0.724535
v -0.065977 -0.177973 0.758773
v -0.066063 -0.177805 0.759654
v -0.066311 -0.177867 0.760518
v -0.066697 -0.178154 0.761281
v -0.067185 -0.178637 0.761868
v -0.067724 -0.179268 0.762222
v -0.061583 -0.197278 0.724164
v -0.060951 -0.196635 0.724104
v -0.060382 -0.195968 0.724317
v -0.059930 -0.195342 0.724783
v -0.059640 -0.194818 0.725457
v -0.059540 -0.194448 0.726273
v -0.059540 -0.183323 0.760511
v -0.059640 -0.183143 0.761388
v -0.059930 -0.183171 0.762241
v -0.060382 -0.183403 0.762987
v -0.060951 -0.183817 0.763552
v -0.061583 -0.184373 0.763880
v -0.056284 -0.203061 0.726043
v -0.055574 -0.202504 0.726010
v -0.054933 -0.201915 0.726249
v -0.054424 -0.201351 0.726736
v -0.054098 -0.200867 0.727423
v -0.053985 -0.200510 0.728243
v -0.053985 -0.189386 0.762481
v -0.054098 -0.189192 0.763354
v -0.054424 -0.189180 0.764194
v -0.054933 -0.189350 0.764919
v -0.055574 -0.189686 0.765458
v -0.056284 -0.190156 0.765759
v -0.051867 -0.209443 0.728117
v -0.051091 -0.208982 0.728115
v -0.050391 -0.208478 0.728382
v -0.049835 -0.207982 0.728890
v -0.049478 -0.207541 0.729591
v -0.049356 -0.207200 0.730416
v -0.049356 -0.196075 0.764654
v -0.049478 -0.195867 0.765522
v -0.049835 -0.195811 0.766348
v -0.050391 -0.195913 0.767052
v -0.051091 -0.196164 0.767563
v -0.051867 -0.196539 0.767833
v -0.048367 -0.216350 0.730361
v -0.047540 -0.215988 0.730392
v -0.046793 -0.215576 0.730688
v -0.046201 -0.215151 0.731220
v -0.045821 -0.214757 0.731936
v -0.045690 -0.214432 0.732766
v -0.045690 -0.203308 0.767004
v -0.045821 -0.203083 0.767867
v -0.046201 -0.202981 0.768678
v -0.046793 -0.203011 0.769358
v -0.047540 -0.203171 0.769840
v -0.048367 -0.203445 0.770077
v -0.045821 -0.223701 0.732750
v -0.044958 -0.223445 0.732815
v -0.044179 -0.223127 0.733141
v -0.043561 -0.222777 0.733698
v -0.043164 -0.222431 0.734430
v -0.043027 -0.222123 0.735265
v -0.043027 -0.210998 0.769503
v -0.043164 -0.210757 0.770360
v -0.043561 -0.210606 0.771156
v -0.044179 -0.210562 0.771811
v -0.044958 -0.210628 0.772263
v -0.045821 -0.210797 0.772466
v -0.044266 -0.231422 0.735258
v -0.043382 -0.231272 0.735358
v -0.042584 -0.231049 0.735716
v -0.041950 -0.230776 0.736297
v -0.041543 -0.230479 0.737044
v -0.041403 -0.230187 0.737885
v -0.041403 -0.219063 0.772123
v -0.041543 -0.218805 0.772975
v -0.041950 -0.218606 0.773755
v -0.042584 -0.218485 0.774386
v -0.043382 -0.218454 0.774806
v -0.044266 -0.218517 0.774974
v -0.043740 -0.239433 0.737861
v -0.042848 -0.239390 0.737995
v -0.042044 -0.239264 0.738385
v -0.041405 -0.239067 0.738990
v -0.040996 -0.238819 0.739754
v -0.040854 -0.238544 0.740600
v -0.040854 -0.227419 0.774839
v -0.040996 -0.227144 0.775685
v -0.041405 -0.226896 0.776448
v -0.042044 -0.226699 0.777054
v -0.042848 -0.226573 0.777443
v -0.043740 -0.226529 0.777578
v -0.044253 -0.247229 0.740394
v -0.043368 -0.247292 0.740563
v -0.042570 -0.247261 0.740983
v -0.041937 -0.247140 0.741614
v -0.041530 -0.246941 0.742393
v -0.041390 -0.246683 0.743245
v -0.041390 -0.235558 0.777483
v -0.041530 -0.235266 0.778324
v -0.041937 -0.234969 0.779072
v -0.042570 -0.234697 0.779653
v -0.043368 -0.234474 0.780011
v -0.044253 -0.234325 0.780111
v -0.045772 -0.254809 0.742857
v -0.044909 -0.254977 0.743060
v -0.044130 -0.255041 0.743511
v -0.043512 -0.254996 0.744166
v -0.043115 -0.254845 0.744961
v -0.042978 -0.254603 0.745819
v -0.042978 -0.243479 0.780057
v -0.043115 -0.243170 0.780892
v -0.043512 -0.242825 0.781624
v -0.044130 -0.242477 0.782181
v -0.044909 -0.242159 0.782508
v -0.045772 -0.241904 0.782573
v -0.048271 -0.262084 0.745221
v -0.047443 -0.262355 0.745457
v -0.046696 -0.262513 0.745939
v -0.046103 -0.262541 0.746618
v -0.045722 -0.262438 0.747428
v -0.045591 -0.262213 0.748291
v -0.045591 -0.251088 0.782529
v -0.045722 -0.250763 0.783359
v -0.046103 -0.250370 0.784076
v -0.046696 -0.249948 0.784609
v -0.047443 -0.249538 0.784905
v -0.048271 -0.249180 0.784937
v -0.051720 -0.268967 0.747457
v -0.050942 -0.269338 0.747726
v -0.050240 -0.269585 0.748237
v -0.049683 -0.269685 0.748939
v -0.049325 -0.269627 0.749764
v -0.049202 -0.269418 0.750632
v -0.049202 -0.258293 0.784870
v -0.049325 -0.257953 0.785695
v -0.049683 -0.257514 0.786397
v -0.050240 -0.257020 0.786906
v -0.050942 -0.256520 0.787174
v -0.051720 -0.256062 0.787174
v -0.056092 -0.275370 0.749538
v -0.055378 -0.275834 0.749837
v -0.054733 -0.276167 0.750375
v -0.054222 -0.276334 0.751099
v -0.053894 -0.276319 0.751939
v -0.053781 -0.276125 0.752811
v -0.053781 -0.265000 0.787049
v -0.053894 -0.264645 0.787870
v -0.054222 -0.264163 0.788557
v -0.054733 -0.263602 0.789045
v -0.055378 -0.263017 0.789285
v -0.056092 -0.262465 0.789254
v -0.061358 -0.281204 0.751433
v -0.060722 -0.281755 0.751761
v -0.060148 -0.282165 0.752324
v -0.059692 -0.282394 0.753069
v -0.059400 -0.282420 0.753921
v -0.059299 -0.282239 0.754798
v -0.059299 -0.271114 0.789036
v -0.059400 -0.270745 0.789852
v -0.059692 -0.270223 0.790526
v -0.060148 -0.269601 0.790994
v -0.060722 -0.268938 0.791209
v -0.061358 -0.268299 0.791150
v -0.067490 -0.286382 0.753116
v -0.066944 -0.287010 0.753468
v -0.066452 -0.287489 0.754054
v -0.066062 -0.287773 0.754816
v -0.065811 -0.287833 0.755680
v -0.065725 -0.287665 0.756561
v -0.065725 -0.276540 0.790799
v -0.065811 -0.276159 0.791611
v -0.066062 -0.275602 0.792274
v -0.066452 -0.274924 0.792724
v -0.066944 -0.274192 0.792916
v -0.067490 -0.273477 0.792832
v -0.074460 -0.290816 0.754557
v -0.074016 -0.291508 0.754930
v -0.073615 -0.292045 0.755534
v -0.073297 -0.292375 0.756311
v -0.073093 -0.292465 0.757185
v -0.073023 -0.292307 0.758069
v -0.073023 -0.281182 0.792307
v -0.073093 -0.280791 0.793116
v -0.073297 -0.280204 0.793769
v -0.073615 -0.279481 0.794204
v -0.074016 -0.278691 0.794378
v -0.074460 -0.277911 0.794273
v -0.082240 -0.294418 0.755727
v -0.081905 -0.295160 0.756116
v -0.081602 -0.295743 0.756736
v -0.081362 -0.296109 0.757525
v -0.081208 -0.296222 0.758406
v -0.081155 -0.296071 0.759292
v -0.081155 -0.284947 0.793530
v -0.081208 -0.284547 0.794336
v -0.081362 -0.283938 0.794983
v -0.081602 -0.283178 0.795406
v -0.081905 -0.282343 0.795564
v -0.082240 -0.281513 0.795443
v -0.090803 -0.297099 0.756598
v -0.090580 -0.297877 0.756999
v -0.090379 -0.298492 0.757629
v -0.090219 -0.298883 0.758426
v -0.090117 -0.299012 0.759312
v -0.090082 -0.298867 0.760201
v -0.090082 -0.287743 0.794439
v -0.090117 -0.287338 0.795243
v -0.090219 -0.286712 0.795884
v -0.090379 -0.285927 0.796299
v -0.090580 -0.285060 0.796447
v -0.090803 -0.284195 0.796314
v -0.100118 -0.298773 0.757142
v -0.100009 -0.299571 0.757549
v -0.099909 -0.300204 0.758185
v -0.099831 -0.300609 0.758987
v -0.099780 -0.300748 0.759876
v -0.099763 -0.300606 0.760766
v -0.099763 -0.289482 0.795004
v -0.099780 -0.289073 0.795807
v -0.099831 -0.288438 0.796445
v -0.099909 -0.287639 0.796855
v -0.100009 -0.286753 0.796997
v -0.100118 -0.285868 0.796858
v -0.110160 -0.299350 0.757329
v -0.110161 -0.300154 0.757739
v -0.110161 -0.300793 0.758377
v -0.110162 -0.301203 0.759180
v -0.110162 -0.301345 0.760070
v -0.110162 -0.301204 0.760960
v -0.110162 -0.290080 0.795198
v -0.110162 -0.289670 0.796001
v -0.110162 -0.289032 0.796638
v -0.110161 -0.288228 0.797047
v -0.110161 -0.287337 0.797187
v -0.110160 -0.286445 0.797046
v -0.119881 -0.298776 0.757143
v -0.119994 -0.299574 0.757550
v -0.120095 -0.300206 0.758186
v -0.120176 -0.300612 0.758988
v -0.120227 -0.300751 0.759877
v -0.120245 -0.300609 0.760767
v -0.120245 -0.289484 0.795005
v -0.120227 -0.289076 0.795808
v -0.120176 -0.288441 0.796446
v -0.120095 -0.287642 0.796856
v -0.119994 -0.286756 0.796998
v -0.119881 -0.285871 0.796859
v -0.128951 -0.297111 0.756602
v -0.129177 -0.297888 0.757003
v -0.129382 -0.298502 0.757632
v -0.129544 -0.298892 0.758429
v -0.129648 -0.299021 0.759315
v -0.129684 -0.298876 0.760204
v -0.129684 -0.287751 0.794442
v -0.129648 -0.287347 0.795246
v -0.129544 -0.286721 0.795887
v -0.129382 -0.285937 0.796302
v -0.129177 -0.285071 0.796451
v -0.128951 -0.284207 0.796318
v -0.137332 -0.294442 0.755735
v -0.137671 -0.295183 0.756124
v -0.137977 -0.295764 0.756743
v -0.138221 -0.296129 0.757531
v -0.138377 -0.296241 0.758412
v -0.138430 -0.296090 0.759299
v -0.138430 -0.284966 0.793537
v -0.138377 -0.284566 0.794343
v -0.138221 -0.283958 0.794989
v -0.137977 -0.283199 0.795412
v -0.137671 -0.282365 0.795572
v -0.137332 -0.281537 0.795451
v -0.144987 -0.290854 0.754569
v -0.145434 -0.291544 0.754941
v -0.145838 -0.292080 0.755546
v -0.146158 -0.292408 0.756322
v -0.146364 -0.292498 0.757195
v -0.146435 -0.292339 0.758080
v -0.146435 -0.281214 0.792318
v -0.146364 -0.280823 0.793126
v -0.146158 -0.280238 0.793780
v -0.145838 -0.279515 0.794216
v -0.145434 -0.278727 0.794389
v -0.144987 -0.277949 0.794285
v -0.151879 -0.286434 0.753133
v -0.152427 -0.287060 0.753484
v -0.152920 -0.287538 0.754070
v -0.153312 -0.287821 0.754832
v -0.153564 -0.287881 0.755695
v -0.153651 -0.287712 0.756576
v -0.153651 -0.276587 0.790814
v -0.153564 -0.276206 0.791626
v -0.153312 -0.275650 0.792290
v -0.152920 -0.274974 0.792740
v -0.152427 -0.274243 0.792933
v -0.151879 -0.273529 0.792849
v -0.157973 -0.281268 0.751454
v -0.158609 -0.281819 0.751781
v -0.159183 -0.282228 0.752345
v -0.159639 -0.282457 0.753089
v -0.159932 -0.282482 0.753941
v -0.160033 -0.282301 0.754818
v -0.160033 -0.271176 0.789056
v -0.159932 -0.270807 0.789872
v -0.159639 -0.270286 0.790547
v -0.159183 -0.269664 0.791014
v -0.158609 -0.269001 0.791229
v -0.157973 -0.268364 0.791170
v -0.163230 -0.275442 0.749561
v -0.163943 -0.275908 0.749861
v -0.164587 -0.276240 0.750399
v -0.165098 -0.276408 0.751123
v -0.165426 -0.276393 0.751963
v -0.165539 -0.276199 0.752835
v -0.165539 -0.265074 0.787073
v -0.165426 -0.264719 0.787894
v -0.165098 -0.264237 0.788581
v -0.164587 -0.263676 0.789069
v -0.163943 -0.263090 0.789309
v -0.163230 -0.262538 0.789277
v -0.167613 -0.269043 0.747482
v -0.168391 -0.269415 0.747751
v -0.169092 -0.269664 0.748262
v -0.169648 -0.269765 0.748965
v -0.170006 -0.269708 0.749791
v -0.170129 -0.269499 0.750658
v -0.170129 -0.258374 0.784896
v -0.170006 -0.258033 0.785721
v -0.169648 -0.257594 0.786423
v -0.169092 -0.257099 0.786932
v -0.168391 -0.256598 0.787199
v -0.167613 -0.256138 0.787198
v -0.171087 -0.262156 0.745245
v -0.171914 -0.262430 0.745481
v -0.172661 -0.262589 0.745963
v -0.173253 -0.262619 0.746643
v -0.173633 -0.262517 0.747454
v -0.173764 -0.262292 0.748317
v -0.173764 -0.251167 0.782555
v -0.173633 -0.250842 0.783385
v -0.173253 -0.250448 0.784101
v -0.172661 -0.250024 0.784633
v -0.171914 -0.249612 0.784930
v -0.171087 -0.249252 0.784961
v -0.173614 -0.254868 0.742876
v -0.174477 -0.255038 0.743080
v -0.175256 -0.255105 0.743532
v -0.175874 -0.255061 0.744187
v -0.176270 -0.254911 0.744983
v -0.176407 -0.254670 0.745840
v -0.176407 -0.243545 0.780078
v -0.176270 -0.243236 0.780914
v -0.175874 -0.242890 0.781645
v -0.175256 -0.242540 0.782202
v -0.174477 -0.242221 0.782528
v -0.173614 -0.241964 0.782593
v -0.175157 -0.247265 0.740406
v -0.176042 -0.247329 0.740575
v -0.176840 -0.247300 0.740996
v -0.177473 -0.247180 0.741627
v -0.177880 -0.246981 0.742406
v -0.178020 -0.246723 0.743258
v -0.178020 -0.235598 0.777496
v -0.177880 -0.235306 0.778337
v -0.177473 -0.235009 0.779085
v -0.176840 -0.234735 0.779666
v -0.176042 -0.234512 0.780023
v -0.175157 -0.234361 0.780122
v -0.175680 -0.239433 0.737861
v -0.176572 -0.239390 0.737995
v -0.177376 -0.239263 0.738384
v -0.178015 -0.239066 0.738990
v -0.178425 -0.238818 0.739754
v -0.178566 -0.238543 0.740600
v -0.178566 -0.227418 0.774838
v -0.178425 -0.227143 0.775685
v -0.178015 -0.226895 0.776448
v -0.177376 -0.226698 0.777054
v -0.176572 -0.226572 0.777443
v -0.175680 -0.226529 0.777578
v -0.175143 -0.231458 0.735270
v -0.176028 -0.231306 0.735369
v -0.176826 -0.231081 0.735726
v -0.177459 -0.230807 0.736307
v -0.177866 -0.230509 0.737054
v -0.178006 -0.230216 0.737895
v -0.178006 -0.219092 0.772133
v -0.177866 -0.218834 0.772985
v -0.177459 -0.218636 0.773765
v -0.176826 -0.218517 0.774396
v -0.176028 -0.218488 0.774817
v -0.175143 -0.218553 0.774986
v -0.173563 -0.223761 0.732769
v -0.174425 -0.223501 0.732833
v -0.175203 -0.223179 0.733158
v -0.175820 -0.222828 0.733714
v -0.176217 -0.222480 0.734445
v -0.176353 -0.222171 0.735281
v -0.176353 -0.211046 0.769519
v -0.176217 -0.210805 0.770376
v -0.175820 -0.210657 0.771172
v -0.175203 -0.210615 0.771828
v -0.174425 -0.210684 0.772281
v -0.173563 -0.210856 0.772485
v -0.170980 -0.216422 0.730384
v -0.171806 -0.216057 0.730414
v -0.172550 -0.215641 0.730709
v -0.173141 -0.215214 0.731240
v -0.173521 -0.214818 0.731956
v -0.173652 -0.214492 0.732786
v -0.173652 -0.203368 0.767024
v -0.173521 -0.203144 0.767887
v -0.173141 -0.203043 0.768698
v -0.172550 -0.203076 0.769379
v -0.171806 -0.203240 0.769862
v -0.170980 -0.203517 0.770101
v -0.167440 -0.209520 0.728142
v -0.168214 -0.209055 0.728139
v -0.168912 -0.208548 0.728404
v -0.169467 -0.208050 0.728912
v -0.169822 -0.207608 0.729613
v -0.169945 -0.207266 0.730438
v -0.169945 -0.196141 0.764676
v -0.169822 -0.195933 0.765544
v -0.169467 -0.195879 0.766370
v -0.168912 -0.195984 0.767074
v -0.168214 -0.196237 0.767587
v -0.167440 -0.196615 0.767858
v -0.162985 -0.203133 0.726067
v -0.163694 -0.202575 0.726034
v -0.164333 -0.201984 0.726272
v -0.164840 -0.201418 0.726758
v -0.165166 -0.200934 0.727444
v -0.165279 -0.200577 0.728264
v -0.165279 -0.189452 0.762502
v -0.165166 -0.189259 0.763375
v -0.164840 -0.189248 0.764216
v -0.164333 -0.189419 0.764942
v -0.163694 -0.189757 0.765482
v -0.162985 -0.190229 0.765783
v -0.157658 -0.197342 0.724185
v -0.158288 -0.196699 0.724124
v -0.158857 -0.196031 0.724337
v -0.159308 -0.195404 0.724804
v -0.159598 -0.194881 0.725478
v -0.159698 -0.194511 0.726293
v -0.159698 -0.183386 0.760531
v -0.159598 -0.183206 0.761409
v -0.159308 -0.183234 0.762262
v -0.158857 -0.183466 0.763007
v -0.158288 -0.183881 0.763572
v -0.157658 -0.184438 0.763901
v -0.151502 -0.192225 0.722522
v -0.152042 -0.191507 0.722437
v -0.152530 -0.190772 0.722629
v -0.152917 -0.190092 0.723078
v -0.153166 -0.189533 0.723740
v -0.153251 -0.189151 0.724552
v -0.153251 -0.178027 0.758790
v -0.153166 -0.177859 0.759671
v -0.152917 -0.177921 0.760535
v -0.152530 -0.178207 0.761298
v -0.152042 -0.178689 0.761885
v -0.151502 -0.179320 0.762239
v -0.144560 -0.187861 0.721104
v -0.145001 -0.187080 0.720999
v -0.145399 -0.186288 0.721172
v -0.145715 -0.185563 0.721606
v -0.145917 -0.184976 0.722260
v -0.145987 -0.184585 0.723068
v -0.145987 -0.173460 0.757306
v -0.145917 -0.173302 0.758191
v -0.145715 -0.173393 0.759064
v -0.145399 -0.173724 0.759842
v -0.145001 -0.174262 0.760447
v -0.144560 -0.174956 0.760821
v -0.136876 -0.184329 0.719957
v -0.137210 -0.183499 0.719835
v -0.137511 -0.182663 0.719994
v -0.137750 -0.181903 0.720417
v -0.137904 -0.181293 0.721063
v -0.137957 -0.180894 0.721869
v -0.137957 -0.169769 0.756107
v -0.137904 -0.169619 0.756994
v -0.137750 -0.169732 0.757875
v -0.137511 -0.170098 0.758664
v -0.137210 -0.170681 0.759283
v -0.136876 -0.171424 0.759673
v -0.128493 -0.181708 0.719105
v -0.128715 -0.180843 0.718973
v -0.128916 -0.179976 0.719121
v -0.129076 -0.179191 0.719536
v -0.129178 -0.178566 0.720177
v -0.129214 -0.178160 0.720981
v -0.129214 -0.167036 0.755219
v -0.129178 -0.166891 0.756108
v -0.129076 -0.167020 0.756994
v -0.128916 -0.167411 0.757791
v -0.128715 -0.168026 0.758421
v -0.128493 -0.168804 0.758821
v -0.119453 -0.180078 0.718576
v -0.119563 -0.179193 0.718436
v -0.119663 -0.178307 0.718579
v -0.119742 -0.177508 0.718989
v -0.119793 -0.176873 0.719627
v -0.119810 -0.176465 0.720430
v -0.119810 -0.165340 0.754668
v -0.119793 -0.165198 0.755558
v -0.119742 -0.165337 0.756447
v -0.119663 -0.165743 0.757249
v -0.119563 -0.166375 0.757884
v -0.119453 -0.167173 0.758292
v -0.109800 -0.179517 0.718393
v -0.109801 -0.178625 0.718252
v -0.109801 -0.177734 0.718392
v -0.109802 -0.176930 0.718801
v -0.109802 -0.176292 0.719438
v -0.109802 -0.175883 0.720241
v -0.109802 -0.164758 0.754479
v -0.109802 -0.164618 0.755369
v -0.109802 -0.164759 0.756259
v -0.109801 -0.165169 0.757062
v -0.109801 -0.165808 0.757700
v -0.109800 -0.166612 0.758109
v -0.103073 -0.283554 0.752197
v -0.103182 -0.282669 0.752058
v -0.103281 -0.281783 0.752200
v -0.103359 -0.280984 0.752610
v -0.103409 -0.280349 0.753248
v -0.103426 -0.279941 0.754051
v -0.103426 -0.268816 0.788289
v -0.103409 -0.268674 0.789179
v -0.103359 -0.268813 0.790068
v -0.103281 -0.269219 0.790870
v -0.103182 -0.269852 0.791506
v -0.103073 -0.270650 0.791913
v -0.096691 -0.282417 0.751828
v -0.096911 -0.281552 0.751695
v -0.097109 -0.280684 0.751843
v -0.097266 -0.279898 0.752258
v -0.097367 -0.279272 0.752898
v -0.097402 -0.278867 0.753702
v -0.097402 -0.267743 0.787940
v -0.097367 -0.267598 0.788829
v -0.097266 -0.267728 0.789716
v -0.097109 -0.268119 0.790513
v -0.096911 -0.268734 0.791143
v -0.096691 -0.269513 0.791544
v -0.090700 -0.280575 0.751229
v -0.091029 -0.279743 0.751107
v -0.091326 -0.278906 0.751265
v -0.091561 -0.278144 0.751688
v -0.091712 -0.277534 0.752333
v -0.091765 -0.277134 0.753139
v -0.091765 -0.266009 0.787377
v -0.091712 -0.265859 0.788264
v -0.091561 -0.265973 0.789146
v -0.091326 -0.266341 0.789935
v -0.091029 -0.266926 0.790555
v -0.090700 -0.267671 0.790945
v -0.085147 -0.278072 0.750416
v -0.085581 -0.277287 0.750309
v -0.085973 -0.276492 0.750481
v -0.086284 -0.275765 0.750915
v -0.086483 -0.275176 0.751567
v -0.086552 -0.274784 0.752376
v -0.086552 -0.263660 0.786614
v -0.086483 -0.263502 0.787498
v -0.086284 -0.263594 0.788373
v -0.085973 -0.263928 0.789151
v -0.085581 -0.264470 0.789757
v -0.085147 -0.265167 0.790132
v -0.080076 -0.274950 0.749401
v -0.080609 -0.274227 0.749315
v -0.081090 -0.273487 0.749504
v -0.081472 -0.272803 0.749952
v -0.081717 -0.272243 0.750614
v -0.081802 -0.271860 0.751426
v -0.081802 -0.260735 0.785664
v -0.081717 -0.260568 0.786545
v -0.081472 -0.260632 0.787410
v -0.081090 -0.260922 0.788174
v -0.080609 -0.261409 0.788763
v -0.080076 -0.262045 0.789118
v -0.075533 -0.271253 0.748200
v -0.076157 -0.270604 0.748137
v -0.076719 -0.269930 0.748349
v -0.077166 -0.269300 0.748814
v -0.077453 -0.268773 0.749487
v -0.077552 -0.268402 0.750302
v -0.077552 -0.257277 0.784540
v -0.077453 -0.257098 0.785418
v -0.077166 -0.257129 0.786272
v -0.076719 -0.257366 0.787019
v -0.076157 -0.257786 0.787585
v -0.075533 -0.258349 0.787916
v -0.071563 -0.267026 0.746827
v -0.072267 -0.266461 0.746791
v -0.072902 -0.265864 0.747028
v -0.073406 -0.265294 0.747512
v -0.073729 -0.264807 0.748198
v -0.073841 -0.264449 0.749018
v -0.073841 -0.253325 0.783256
v -0.073729 -0.253132 0.784129
v -0.073406 -0.253123 0.784970
v -0.072902 -0.253300 0.785698
v -0.072267 -0.253643 0.786239
v -0.071563 -0.254121 0.786543
v -0.068213 -0.262310 0.745294
v -0.068984 -0.261839 0.745290
v -0.069680 -0.261328 0.745554
v -0.070232 -0.260826 0.746061
v -0.070586 -0.260382 0.746760
v -0.070709 -0.260039 0.747585
v -0.070709 -0.248915 0.781823
v -0.070586 -0.248707 0.782691
v -0.070232 -0.248655 0.783518
v -0.069680 -0.248764 0.784224
v -0.068984 -0.249022 0.784738
v -0.068213 -0.249405 0.785010
v -0.065528 -0.257149 0.743618
v -0.066353 -0.256781 0.743646
v -0.067096 -0.256362 0.743940
v -0.067686 -0.255933 0.744471
v -0.068065 -0.255535 0.745186
v -0.068195 -0.255209 0.746015
v -0.068195 -0.244084 0.780253
v -0.068065 -0.243861 0.781116
v -0.067686 -0.243762 0.781929
v -0.067096 -0.243797 0.782610
v -0.066353 -0.243963 0.783094
v -0.065528 -0.244244 0.783334
v -0.063554 -0.251587 0.741810
v -0.064416 -0.251326 0.741874
v -0.065194 -0.251003 0.742199
v -0.065811 -0.250651 0.742754
v -0.066207 -0.250303 0.743485
v -0.066344 -0.249993 0.744321
v -0.066344 -0.238868 0.778559
v -0.066207 -0.238628 0.779416
v -0.065811 -0.238480 0.780212
v -0.065194 -0.238439 0.780869
v -0.064416 -0.238509 0.781322
v -0.063554 -0.238683 0.781527
v -0.062336 -0.245668 0.739887
v -0.063221 -0.245515 0.739986
v -0.064019 -0.245291 0.740343
v -0.064652 -0.245017 0.740924
v -0.065058 -0.244719 0.741671
v -0.065199 -0.244426 0.742512
v -0.065199 -0.233302 0.776750
v -0.065058 -0.233044 0.777602
v -0.064652 -0.232846 0.778382
v -0.064019 -0.232726 0.779013
v -0.063221 -0.232698 0.779434
v -0.062336 -0.232763 0.779603
v -0.061920 -0.239433 0.737861
v -0.062812 -0.239390 0.737995
v -0.063616 -0.239263 0.738384
v -0.064255 -0.239066 0.738990
v -0.064665 -0.238818 0.739754
v -0.064806 -0.238543 0.740600
v -0.064806 -0.227418 0.774838
v -0.064665 -0.227143 0.775685
v -0.064255 -0.226895 0.776448
v -0.063616 -0.226699 0.777054
v -0.062812 -0.226572 0.777443
v -0.061920 -0.226529 0.777578
v -0.062336 -0.233163 0.735824
v -0.063221 -0.233228 0.735993
v -0.064019 -0.233199 0.736414
v -0.064652 -0.233080 0.737045
v -0.065059 -0.232881 0.737825
v -0.065199 -0.232623 0.738677
v -0.065199 -0.221499 0.772915
v -0.065059 -0.221206 0.773756
v -0.064652 -0.220909 0.774503
v -0.064019 -0.220634 0.775084
v -0.063221 -0.220411 0.775441
v -0.062336 -0.220259 0.775540
v -0.063554 -0.227220 0.733893
v -0.064416 -0.227394 0.734098
v -0.065194 -0.227463 0.734550
v -0.065812 -0.227422 0.735207
v -0.066208 -0.227273 0.736003
v -0.066344 -0.227033 0.736860
v -0.066344 -0.215908 0.771098
v -0.066208 -0.215599 0.771934
v -0.065812 -0.215251 0.772665
v -0.065194 -0.214898 0.773220
v -0.064416 -0.214576 0.773546
v -0.063554 -0.214316 0.773609
v -0.065528 -0.221646 0.732082
v -0.066353 -0.221926 0.732321
v -0.067096 -0.222092 0.732805
v -0.067687 -0.222127 0.733487
v -0.068065 -0.222028 0.734299
v -0.068196 -0.221805 0.735162
v -0.068196 -0.210680 0.769400
v -0.068065 -0.210354 0.770229
v -0.067687 -0.209957 0.770945
v -0.067096 -0.209528 0.771475
v -0.066353 -0.209109 0.771769
v -0.065528 -0.208741 0.771798
v -0.068213 -0.216481 0.730404
v -0.068984 -0.216864 0.730676
v -0.069680 -0.217123 0.731191
v -0.070232 -0.217231 0.731896
v -0.070586 -0.217179 0.732723
v -0.070709 -0.216972 0.733591
v -0.070709 -0.205847 0.767829
v -0.070586 -0.205504 0.768654
v -0.070232 -0.205060 0.769354
v -0.069680 -0.204558 0.769860
v -0.068984 -0.204047 0.770124
v -0.068213 -0.203577 0.770120
v -0.071563 -0.211769 0.728873
v -0.072267 -0.212247 0.729176
v -0.072901 -0.212591 0.729718
v -0.073405 -0.212767 0.730445
v -0.073728 -0.212759 0.731287
v -0.073840 -0.212567 0.732160
v -0.073840 -0.201442 0.766398
v -0.073728 -0.201084 0.767218
v -0.073405 -0.200596 0.767903
v -0.072901 -0.200026 0.768388
v -0.072267 -0.199429 0.768624
v -0.071563 -0.198864 0.768589
v -0.075533 -0.207549 0.727502
v -0.076156 -0.208113 0.727833
v -0.076718 -0.208534 0.728400
v -0.077164 -0.208771 0.729147
v -0.077450 -0.208802 0.730001
v -0.077549 -0.208623 0.730879
v -0.077549 -0.197499 0.765117
v -0.077450 -0.197128 0.765932
v -0.077164 -0.196601 0.766605
v -0.076718 -0.195969 0.767070
v -0.076156 -0.195295 0.767281
v -0.075533 -0.194645 0.767218
v -0.080076 -0.203865 0.726304
v -0.080608 -0.204502 0.726660
v -0.081088 -0.204990 0.727248
v -0.081469 -0.205280 0.728013
v -0.081713 -0.205345 0.728878
v -0.081798 -0.205178 0.729759
v -0.081798 -0.194054 0.763997
v -0.081713 -0.193671 0.764809
v -0.081469 -0.193110 0.765471
v -0.081088 -0.192425 0.765918
v -0.080608 -0.191685 0.766108
v -0.080076 -0.190960 0.766021
v -0.085147 -0.200757 0.725295
v -0.085579 -0.201455 0.725670
v -0.085970 -0.201998 0.726276
v -0.086279 -0.202332 0.727055
v -0.086478 -0.202425 0.727929
v -0.086547 -0.202268 0.728814
v -0.086547 -0.191143 0.763052
v -0.086478 -0.190751 0.763860
v -0.086279 -0.190161 0.764513
v -0.085970 -0.189434 0.764946
v -0.085579 -0.188638 0.765118
v -0.085147 -0.187853 0.765011
v -0.090700 -0.198268 0.724486
v -0.091027 -0.199013 0.724876
v -0.091323 -0.199598 0.725497
v -0.091557 -0.199967 0.726286
v -0.091707 -0.200081 0.727167
v -0.091759 -0.199931 0.728055
v -0.091759 -0.188806 0.762293
v -0.091707 -0.188406 0.763098
v -0.091557 -0.187796 0.763744
v -0.091323 -0.187034 0.764166
v -0.091027 -0.186196 0.764324
v -0.090700 -0.185363 0.764202
v -0.096691 -0.196438 0.723891
v -0.096909 -0.197217 0.724293
v -0.097106 -0.197832 0.724923
v -0.097262 -0.198224 0.725720
v -0.097363 -0.198354 0.726606
v -0.097397 -0.198209 0.727495
v -0.097397 -0.187084 0.761733
v -0.097363 -0.186679 0.762537
v -0.097262 -0.186053 0.763178
v -0.097106 -0.185267 0.763592
v -0.096909 -0.184399 0.763740
v -0.096691 -0.183533 0.763607
v -0.103073 -0.195309 0.723525
v -0.103181 -0.196108 0.723932
v -0.103279 -0.196740 0.724568
v -0.103357 -0.197146 0.725370
v -0.103407 -0.197285 0.726259
v -0.103424 -0.197143 0.727149
v -0.103424 -0.186019 0.761387
v -0.103407 -0.185610 0.762190
v -0.103357 -0.184975 0.762828
v -0.103279 -0.184176 0.763238
v -0.103181 -0.183290 0.763380
v -0.103073 -0.182405 0.763241
v -0.109800 -0.194924 0.723399
v -0.109800 -0.195728 0.723809
v -0.109800 -0.196367 0.724447
v -0.109800 -0.196777 0.725250
v -0.109800 -0.196919 0.726140
v -0.109799 -0.196778 0.727030
v -0.109799 -0.185653 0.761268
v -0.109800 -0.185244 0.762071
v -0.109800 -0.184606 0.762708
v -0.109800 -0.183802 0.763116
v -0.109800 -0.182911 0.763257
v -0.109800 -0.182019 0.763116
v -0.116486 -0.195309 0.723525
v -0.116377 -0.196108 0.723932
v -0.116279 -0.196740 0.724568
v -0.116200 -0.197146 0.725370
v -0.116150 -0.197285 0.726259
v -0.116133 -0.197143 0.727149
v -0.116133 -0.186019 0.761387
v -0.116150 -0.185610 0.762190
v -0.116200 -0.184975 0.762828
v -0.116279 -0.184176 0.763238
v -0.116377 -0.183290 0.763380
v -0.116486 -0.182405 0.763241
v -0.122833 -0.196438 0.723891
v -0.122614 -0.197216 0.724292
v -0.122416 -0.197832 0.724922
v -0.122259 -0.198223 0.725720
v -0.122158 -0.198353 0.726606
v -0.122124 -0.198208 0.727495
v -0.122124 -0.187084 0.761733
v -0.122158 -0.186678 0.762537
v -0.122259 -0.186052 0.763178
v -0.122416 -0.185267 0.763592
v -0.122614 -0.184399 0.763740
v -0.122833 -0.183533 0.763607
v -0.128796 -0.198268 0.724486
v -0.128467 -0.199013 0.724876
v -0.128171 -0.199598 0.725496
v -0.127936 -0.199965 0.726286
v -0.127785 -0.200080 0.727167
v -0.127733 -0.199930 0.728054
v -0.127733 -0.188805 0.762292
v -0.127785 -0.188405 0.763098
v -0.127936 -0.187794 0.763744
v -0.128171 -0.187033 0.764166
v -0.128467 -0.186195 0.764324
v -0.128796 -0.185363 0.764202
v -0.134327 -0.200757 0.725295
v -0.133893 -0.201455 0.725670
v -0.133501 -0.201997 0.726276
v -0.133191 -0.202331 0.727054
v -0.132991 -0.202423 0.727928
v -0.132923 -0.202266 0.728813
v -0.132923 -0.191141 0.763051
v -0.132991 -0.190749 0.763859
v -0.133191 -0.190160 0.764512
v -0.133501 -0.189432 0.764946
v -0.133893 -0.188637 0.765118
v -0.134327 -0.187853 0.765011
v -0.139380 -0.203865 0.726304
v -0.138847 -0.204501 0.726659
v -0.138366 -0.204988 0.727248
v -0.137984 -0.205278 0.728012
v -0.137739 -0.205343 0.728877
v -0.137655 -0.205176 0.729759
v -0.137655 -0.194051 0.763997
v -0.137739 -0.193668 0.764808
v -0.137984 -0.193108 0.765470
v -0.138366 -0.192424 0.765918
v -0.138847 -0.191684 0.766107
v -0.139380 -0.190960 0.766021
v -0.143910 -0.207549 0.727502
v -0.143286 -0.208112 0.727833
v -0.142723 -0.208532 0.728399
v -0.142276 -0.208769 0.729146
v -0.141989 -0.208800 0.730000
v -0.141891 -0.208621 0.730878
v -0.141891 -0.197496 0.765116
v -0.141989 -0.197125 0.765931
v -0.142276 -0.196599 0.766604
v -0.142723 -0.195968 0.767069
v -0.143286 -0.195294 0.767281
v -0.143910 -0.194645 0.767218
v -0.147870 -0.211769 0.728873
v -0.147166 -0.212246 0.729176
v -0.146531 -0.212589 0.729718
v -0.146027 -0.212765 0.730445
v -0.145703 -0.212757 0.731286
v -0.145591 -0.212564 0.732159
v -0.145591 -0.201440 0.766397
v -0.145703 -0.201082 0.767217
v -0.146027 -0.200595 0.767903
v -0.146531 -0.200025 0.768387
v -0.147166 -0.199429 0.768624
v -0.147870 -0.198864 0.768589
v -0.151213 -0.216481 0.730404
v -0.150442 -0.216864 0.730676
v -0.149746 -0.217122 0.731190
v -0.149194 -0.217230 0.731895
v -0.148839 -0.217177 0.732722
v -0.148717 -0.216970 0.733591
v -0.148717 -0.205845 0.767829
v -0.148839 -0.205503 0.768653
v -0.149194 -0.205059 0.769353
v -0.149746 -0.204557 0.769860
v -0.150442 -0.204046 0.770124
v -0.151213 -0.203577 0.770120
v -0.153894 -0.221646 0.732082
v -0.153070 -0.221926 0.732321
v -0.152326 -0.222092 0.732805
v -0.151736 -0.222127 0.733486
v -0.151357 -0.222027 0.734298
v -0.151226 -0.221804 0.735161
v -0.151226 -0.210679 0.769399
v -0.151357 -0.210353 0.770229
v -0.151736 -0.209956 0.770944
v -0.152326 -0.209527 0.771475
v -0.153070 -0.209109 0.771769
v -0.153894 -0.208741 0.771798
v -0.155867 -0.227220 0.733893
v -0.155004 -0.227394 0.734098
v -0.154227 -0.227463 0.734550
v -0.153609 -0.227421 0.735207
v -0.153213 -0.227273 0.736003
v -0.153076 -0.227032 0.736860
v -0.153076 -0.215907 0.771098
v -0.153213 -0.215598 0.771933
v -0.153609 -0.215250 0.772665
v -0.154227 -0.214898 0.773220
v -0.155004 -0.214576 0.773546
v -0.155867 -0.214316 0.773609
v -0.157084 -0.233163 0.735824
v -0.156199 -0.233228 0.735993
v -0.155401 -0.233199 0.736414
v -0.154768 -0.233079 0.737045
v -0.154362 -0.232881 0.737825
v -0.154221 -0.232623 0.738677
v -0.154221 -0.221498 0.772915
v -0.154362 -0.221206 0.773756
v -0.154768 -0.220909 0.774503
v -0.155401 -0.220634 0.775084
v -0.156199 -0.220410 0.775441
v -0.157084 -0.220259 0.775540
v -0.157500 -0.239433 0.737861
v -0.156608 -0.239390 0.737995
v -0.155804 -0.239263 0.738384
v -0.155165 -0.239066 0.738990
v -0.154755 -0.238818 0.739754
v -0.154614 -0.238543 0.740600
v -0.154614 -0.227418 0.774838
v -0.154755 -0.227143 0.775685
v -0.155165 -0.226895 0.776448
v -0.155804 -0.226699 0.777054
v -0.156608 -0.226572 0.777443
v -0.157500 -0.226529 0.777578
v -0.157084 -0.245668 0.739887
v -0.156199 -0.245515 0.739986
v -0.155401 -0.245291 0.740343
v -0.154768 -0.245017 0.740924
v -0.154362 -0.244719 0.741671
v -0.154222 -0.244426 0.742512
v -0.154222 -0.233302 0.776750
v -0.154362 -0.233044 0.777602
v -0.154768 -0.232846 0.778382
v -0.155401 -0.232727 0.779013
v -0.156199 -0.232698 0.779434
v -0.157084 -0.232763 0.779603
v -0.155867 -0.251587 0.741810
v -0.155005 -0.251326 0.741874
v -0.154227 -0.251004 0.742199
v -0.153610 -0.250651 0.742755
v -0.153213 -0.250303 0.743486
v -0.153077 -0.249994 0.744321
v -0.153077 -0.238869 0.778559
v -0.153213 -0.238628 0.779416
v -0.153610 -0.238480 0.780212
v -0.154227 -0.238439 0.780869
v -0.155005 -0.238509 0.781322
v -0.155867 -0.238683 0.781527
v -0.153894 -0.257149 0.743618
v -0.153070 -0.256781 0.743646
v -0.152327 -0.256362 0.743940
v -0.151736 -0.255933 0.744471
v -0.151358 -0.255536 0.745186
v -0.151227 -0.255210 0.746016
v -0.151227 -0.244085 0.780254
v -0.151358 -0.243862 0.781117
v -0.151736 -0.243763 0.781929
v -0.152327 -0.243798 0.782610
v -0.153070 -0.243964 0.783094
v -0.153894 -0.244244 0.783334
v -0.151213 -0.262310 0.745294
v -0.150442 -0.261840 0.745290
v -0.149746 -0.261329 0.745554
v -0.149194 -0.260827 0.746061
v -0.148839 -0.260384 0.746761
v -0.148717 -0.260041 0.747585
v -0.148717 -0.248916 0.781823
v -0.148839 -0.248709 0.782692
v -0.149194 -0.248657 0.783519
v -0.149746 -0.248765 0.784224
v -0.150442 -0.249023 0.784738
v -0.151213 -0.249405 0.785010
v -0.147870 -0.267026 0.746827
v -0.147165 -0.266462 0.746792
v -0.146530 -0.265866 0.747028
v -0.146026 -0.265296 0.747513
v -0.145702 -0.264809 0.748199
v -0.145590 -0.264451 0.749018
v -0.145590 -0.253327 0.783256
v -0.145702 -0.253134 0.784130
v -0.146026 -0.253125 0.784971
v -0.146530 -0.253301 0.785698
v -0.147165 -0.253644 0.786240
v -0.147870 -0.254121 0.786543
v -0.143910 -0.271253 0.748200
v -0.143285 -0.270604 0.748138
v -0.142721 -0.269932 0.748349
v -0.142274 -0.269302 0.748814
v -0.141987 -0.268775 0.749488
v -0.141888 -0.268404 0.750303
v -0.141888 -0.257280 0.784541
v -0.141987 -0.257101 0.785418
v -0.142274 -0.257131 0.786272
v -0.142721 -0.257367 0.787019
v -0.143285 -0.257787 0.787586
v -0.143910 -0.258349 0.787916
v -0.139380 -0.274950 0.749401
v -0.138846 -0.274227 0.749315
v -0.138363 -0.273488 0.749505
v -0.137981 -0.272805 0.749953
v -0.137735 -0.272245 0.750615
v -0.137650 -0.271862 0.751426
v -0.137650 -0.260738 0.785664
v -0.137735 -0.260570 0.786546
v -0.137981 -0.260634 0.787411
v -0.138363 -0.260924 0.788175
v -0.138846 -0.261410 0.788763
v -0.139380 -0.262045 0.789118
v -0.134327 -0.278072 0.750416
v -0.133891 -0.277288 0.750309
v -0.133498 -0.276494 0.750481
v -0.133187 -0.275767 0.750915
v -0.132986 -0.275178 0.751568
v -0.132917 -0.274786 0.752376
v -0.132917 -0.263662 0.786614
v -0.132986 -0.263504 0.787499
v -0.133187 -0.263596 0.788373
v -0.133498 -0.263929 0.789151
v -0.133891 -0.264470 0.789757
v -0.134327 -0.265167 0.790132
v -0.128796 -0.280575 0.751229
v -0.128466 -0.279744 0.751107
v -0.128168 -0.278907 0.751265
v -0.127931 -0.278145 0.751688
v -0.127780 -0.277535 0.752334
v -0.127727 -0.277135 0.753140
v -0.127727 -0.266011 0.787378
v -0.127780 -0.265861 0.788265
v -0.127931 -0.265975 0.789146
v -0.128168 -0.266342 0.789935
v -0.128466 -0.266926 0.790555
v -0.128796 -0.267671 0.790945
v -0.122833 -0.282417 0.751828
v -0.122613 -0.281552 0.751695
v -0.122413 -0.280684 0.751843
v -0.122255 -0.279899 0.752258
v -0.122154 -0.279273 0.752899
v -0.122119 -0.278868 0.753703
v -0.122119 -0.267743 0.787941
v -0.122154 -0.267599 0.788829
v -0.122255 -0.267728 0.789716
v -0.122413 -0.268120 0.790513
v -0.122613 -0.268735 0.791143
v -0.122833 -0.269513 0.791544
v -0.116486 -0.283554 0.752197
v -0.116376 -0.282669 0.752058
v -0.116277 -0.281783 0.752200
v -0.116198 -0.280984 0.752610
v -0.116148 -0.280349 0.753248
v -0.116130 -0.279941 0.754051
v -0.116130 -0.268816 0.788289
v -0.116148 -0.268674 0.789179
v -0.116198 -0.268813 0.790068
v -0.116277 -0.269219 0.790870
v -0.116376 -0.269852 0.791506
v -0.116486 -0.270650 0.791913
v -0.109800 -0.283943 0.752323
v -0.109800 -0.283051 0.752182
v -0.109800 -0.282160 0.752322
v -0.109800 -0.281356 0.752731
v -0.109800 -0.280718 0.753368
v -0.109799 -0.280309 0.754171
v -0.109799 -0.269184 0.788409
v -0.109800 -0.269044 0.789299
v -0.109800 -0.269185 0.790189
v -0.109800 -0.269595 0.790992
v -0.109800 -0.270234 0.791630
v -0.109800 -0.271038 0.792040
v 0.021703 -0.181365 0.718994
v 0.021796 -0.180478 0.718854
v 0.021881 -0.179591 0.718996
v 0.021948 -0.178791 0.719406
v 0.021992 -0.178155 0.720043
v 0.022006 -0.177747 0.720846
v 0.022006 -0.166622 0.755084
v 0.021992 -0.166481 0.755974
v 0.021948 -0.166620 0.756864
v 0.021881 -0.167027 0.757666
v 0.021796 -0.167661 0.758302
v 0.021703 -0.168460 0.758710
v 0.027506 -0.182259 0.719284
v 0.027702 -0.181388 0.719150
v 0.027879 -0.180516 0.719296
v 0.028019 -0.179727 0.719710
v 0.028110 -0.179098 0.720350
v 0.028141 -0.178692 0.721154
v 0.028141 -0.167568 0.755392
v 0.028110 -0.167424 0.756281
v 0.028019 -0.167556 0.757168
v 0.027879 -0.167951 0.757966
v 0.027702 -0.168571 0.758598
v 0.027506 -0.169355 0.759000
v 0.032718 -0.183700 0.719753
v 0.033023 -0.182860 0.719628
v 0.033299 -0.182015 0.719783
v 0.033518 -0.181247 0.720204
v 0.033658 -0.180633 0.720848
v 0.033707 -0.180231 0.721654
v 0.033707 -0.169107 0.755892
v 0.033658 -0.168958 0.756779
v 0.033518 -0.169076 0.757662
v 0.033299 -0.169450 0.758453
v 0.033023 -0.170042 0.759076
v 0.032718 -0.170796 0.759469
v 0.037347 -0.185648 0.720385
v 0.037765 -0.184855 0.720276
v 0.038142 -0.184052 0.720445
v 0.038442 -0.183319 0.720877
v 0.038634 -0.182726 0.721529
v 0.038700 -0.182333 0.722336
v 0.038700 -0.171208 0.756574
v 0.038634 -0.171052 0.757459
v 0.038442 -0.171148 0.758335
v 0.038142 -0.171488 0.759115
v 0.037765 -0.172038 0.759724
v 0.037347 -0.172743 0.760102
v 0.041400 -0.188062 0.721170
v 0.041929 -0.187334 0.721082
v 0.042406 -0.186591 0.721270
v 0.042784 -0.185904 0.721717
v 0.043027 -0.185342 0.722378
v 0.043111 -0.184958 0.723190
v 0.043111 -0.173834 0.757428
v 0.043027 -0.173667 0.758309
v 0.042784 -0.173733 0.759175
v 0.042406 -0.174026 0.759940
v 0.041929 -0.174517 0.760530
v 0.041400 -0.175157 0.760886
v 0.044887 -0.190901 0.722092
v 0.045517 -0.190256 0.722031
v 0.046085 -0.189587 0.722244
v 0.046536 -0.188959 0.722710
v 0.046826 -0.188435 0.723383
v 0.046925 -0.188065 0.724199
v 0.046925 -0.176940 0.758437
v 0.046826 -0.176760 0.759314
v 0.046536 -0.176789 0.760168
v 0.046085 -0.177022 0.760914
v 0.045517 -0.177439 0.761479
v 0.044887 -0.177997 0.761808
v 0.047816 -0.194126 0.723140
v 0.048532 -0.193576 0.723110
v 0.049179 -0.192993 0.723350
v 0.049692 -0.192434 0.723839
v 0.050021 -0.191954 0.724527
v 0.050135 -0.191599 0.725347
v 0.050135 -0.180474 0.759585
v 0.050021 -0.180279 0.760458
v 0.049692 -0.180263 0.761297
v 0.049179 -0.180429 0.762020
v 0.048532 -0.180759 0.762558
v 0.047816 -0.181221 0.762856
v 0.050193 -0.197695 0.724300
v 0.050979 -0.197249 0.724303
v 0.051687 -0.196759 0.724574
v 0.052250 -0.196275 0.725087
v 0.052611 -0.195842 0.725790
v 0.052735 -0.195503 0.726616
v 0.052735 -0.184378 0.760854
v 0.052611 -0.184167 0.761721
v 0.052250 -0.184104 0.762544
v 0.051687 -0.184195 0.763244
v 0.050979 -0.184431 0.763751
v 0.050193 -0.184790 0.764016
v 0.052028 -0.201568 0.725558
v 0.052864 -0.201228 0.725596
v 0.053618 -0.200835 0.725898
v 0.054216 -0.200426 0.726435
v 0.054600 -0.200041 0.727154
v 0.054733 -0.199719 0.727986
v 0.054733 -0.188595 0.762224
v 0.054600 -0.188367 0.763085
v 0.054216 -0.188255 0.763893
v 0.053618 -0.188270 0.764568
v 0.052864 -0.188411 0.765044
v 0.052028 -0.188664 0.765274
v 0.053329 -0.205706 0.726903
v 0.054198 -0.205470 0.726974
v 0.054981 -0.205170 0.727307
v 0.055603 -0.204835 0.727868
v 0.056002 -0.204499 0.728603
v 0.056139 -0.204193 0.729439
v 0.056139 -0.193068 0.763677
v 0.056002 -0.192824 0.764534
v 0.055603 -0.192664 0.765326
v 0.054981 -0.192605 0.765977
v 0.054198 -0.192652 0.766422
v 0.053329 -0.192801 0.766619
v 0.054104 -0.210067 0.728320
v 0.054990 -0.209930 0.728423
v 0.055789 -0.209719 0.728785
v 0.056423 -0.209455 0.729369
v 0.056830 -0.209164 0.730119
v 0.056971 -0.208874 0.730960
v 0.056971 -0.197750 0.765198
v 0.056830 -0.197490 0.766050
v 0.056423 -0.197284 0.766827
v 0.055789 -0.197154 0.767455
v 0.054990 -0.197112 0.767871
v 0.054104 -0.197162 0.768036
v 0.054360 -0.214611 0.729796
v 0.055251 -0.214569 0.729931
v 0.056055 -0.214444 0.730320
v 0.056694 -0.214248 0.730927
v 0.057103 -0.214001 0.731690
v 0.057244 -0.213726 0.732537
v 0.057244 -0.202602 0.766775
v 0.057103 -0.202326 0.767621
v 0.056694 -0.202077 0.768384
v 0.056055 -0.201879 0.768990
v 0.055251 -0.201752 0.769379
v 0.054360 -0.201706 0.769512
v 0.054089 -0.219102 0.731255
v 0.054974 -0.219159 0.731422
v 0.055773 -0.219123 0.731840
v 0.056406 -0.218998 0.732470
v 0.056813 -0.218796 0.733248
v 0.056954 -0.218537 0.734100
v 0.056954 -0.207412 0.768338
v 0.056813 -0.207121 0.769179
v 0.056406 -0.206827 0.769928
v 0.055773 -0.206558 0.770510
v 0.054974 -0.206342 0.770870
v 0.054089 -0.206198 0.770971
v 0.053268 -0.223393 0.732650
v 0.054133 -0.223556 0.732851
v 0.054914 -0.223616 0.733300
v 0.055533 -0.223568 0.733954
v 0.055931 -0.223414 0.734749
v 0.056068 -0.223172 0.735606
v 0.056068 -0.212048 0.769844
v 0.055931 -0.211740 0.770680
v 0.055533 -0.211397 0.771412
v 0.054914 -0.211052 0.771970
v 0.054133 -0.210739 0.772299
v 0.053268 -0.210489 0.772366
v 0.051891 -0.227447 0.733967
v 0.052718 -0.227722 0.734204
v 0.053464 -0.227882 0.734686
v 0.054057 -0.227912 0.735366
v 0.054437 -0.227810 0.736177
v 0.054568 -0.227585 0.737040
v 0.054568 -0.216461 0.771278
v 0.054437 -0.216135 0.772108
v 0.054057 -0.215741 0.772824
v 0.053464 -0.215317 0.773356
v 0.052718 -0.214904 0.773652
v 0.051891 -0.214543 0.773683
v 0.049947 -0.231229 0.735196
v 0.050717 -0.231614 0.735469
v 0.051412 -0.231874 0.735984
v 0.051963 -0.231984 0.736689
v 0.052317 -0.231933 0.737517
v 0.052439 -0.231726 0.738385
v 0.052439 -0.220601 0.772623
v 0.052317 -0.220258 0.773448
v 0.051963 -0.219813 0.774147
v 0.051412 -0.219310 0.774653
v 0.050717 -0.218797 0.774917
v 0.049947 -0.218324 0.774912
v 0.047428 -0.234701 0.736324
v 0.048122 -0.235192 0.736631
v 0.048748 -0.235547 0.737177
v 0.049244 -0.235732 0.737907
v 0.049563 -0.235730 0.738750
v 0.049673 -0.235539 0.739624
v 0.049673 -0.224415 0.773862
v 0.049563 -0.224055 0.774681
v 0.049244 -0.223561 0.775365
v 0.048748 -0.222982 0.775847
v 0.048122 -0.222374 0.776079
v 0.047428 -0.221797 0.776040
v 0.044325 -0.237829 0.737340
v 0.044926 -0.238413 0.737678
v 0.045468 -0.238852 0.738251
v 0.045898 -0.239105 0.739003
v 0.046175 -0.239145 0.739860
v 0.046270 -0.238969 0.740739
v 0.046270 -0.227845 0.774977
v 0.046175 -0.227470 0.775791
v 0.045898 -0.226934 0.776461
v 0.045468 -0.226288 0.776921
v 0.044926 -0.225595 0.777126
v 0.044325 -0.224924 0.777056
v 0.040630 -0.240574 0.738232
v 0.041127 -0.241235 0.738595
v 0.041575 -0.241745 0.739191
v 0.041930 -0.242053 0.739961
v 0.042159 -0.242129 0.740830
v 0.042238 -0.241965 0.741712
v 0.042238 -0.230841 0.775950
v 0.042159 -0.230454 0.776760
v 0.041930 -0.229882 0.777419
v 0.041575 -0.229180 0.777861
v 0.041127 -0.228418 0.778043
v 0.040630 -0.227669 0.777948
v 0.036333 -0.242902 0.738988
v 0.036721 -0.243622 0.739371
v 0.037071 -0.244185 0.739984
v 0.037349 -0.244535 0.740767
v 0.037527 -0.244638 0.741645
v 0.037588 -0.244484 0.742531
v 0.037588 -0.233359 0.776769
v 0.037527 -0.232963 0.777576
v 0.037349 -0.232364 0.778225
v 0.037071 -0.231620 0.778653
v 0.036721 -0.230805 0.778819
v 0.036333 -0.229997 0.778704
v 0.031427 -0.244775 0.739597
v 0.031707 -0.245537 0.739993
v 0.031960 -0.246137 0.740618
v 0.032160 -0.246516 0.741411
v 0.032289 -0.246638 0.742295
v 0.032333 -0.246491 0.743183
v 0.032333 -0.235366 0.777421
v 0.032289 -0.234963 0.778226
v 0.032160 -0.234345 0.778869
v 0.031960 -0.233572 0.779288
v 0.031707 -0.232719 0.779441
v 0.031427 -0.231871 0.779313
v 0.025902 -0.246158 0.740046
v 0.026080 -0.246945 0.740450
v 0.026241 -0.247568 0.741083
v 0.026368 -0.247966 0.741882
v 0.026450 -0.248100 0.742770
v 0.026479 -0.247956 0.743659
v 0.026479 -0.236832 0.777897
v 0.026450 -0.236425 0.778701
v 0.026368 -0.235795 0.779340
v 0.026241 -0.235004 0.779753
v 0.026080 -0.234128 0.779898
v 0.025902 -0.233254 0.779763
v 0.019749 -0.247015 0.740325
v 0.019834 -0.247815 0.740733
v 0.019910 -0.248449 0.741369
v 0.019971 -0.248856 0.742171
v 0.020010 -0.248996 0.743061
v 0.020024 -0.248855 0.743951
v 0.020024 -0.237730 0.778189
v 0.020010 -0.237321 0.778992
v 0.019971 -0.236686 0.779629
v 0.019910 -0.235885 0.780039
v 0.019834 -0.234997 0.780181
v 0.019749 -0.234110 0.780041
v 0.012960 -0.247308 0.740420
v 0.012980 -0.248111 0.740829
v 0.012998 -0.248748 0.741466
v 0.013013 -0.249157 0.742269
v 0.013022 -0.249298 0.743159
v 0.013025 -0.249157 0.744049
v 0.013025 -0.238033 0.778287
v 0.013022 -0.237624 0.779090
v 0.013013 -0.236986 0.779727
v 0.012998 -0.236184 0.780136
v 0.012980 -0.235294 0.780277
v 0.012960 -0.234404 0.780136
v -0.005400 -0.247308 0.740420
v -0.004510 -0.248111 0.740829
v -0.003707 -0.248748 0.741466
v -0.003070 -0.249157 0.742269
v -0.002661 -0.249298 0.743159
v -0.002520 -0.249157 0.744049
v -0.002520 -0.238033 0.778287
v -0.002661 -0.237624 0.779090
v -0.003070 -0.236986 0.779727
v -0.003707 -0.236184 0.780136
v -0.004510 -0.235294 0.780277
v -0.005400 -0.234404 0.780136
v -0.005400 -0.297809 0.756829
v -0.004510 -0.298612 0.757238
v -0.003707 -0.299249 0.757875
v -0.003070 -0.299658 0.758678
v -0.002661 -0.299799 0.759568
v -0.002520 -0.299658 0.760458
v -0.002520 -0.288534 0.794696
v -0.002661 -0.288125 0.795499
v -0.003070 -0.287488 0.796136
v -0.003707 -0.286685 0.796545
v -0.004510 -0.285795 0.796686
v -0.005400 -0.284905 0.796545
v -0.023040 -0.297809 0.756829
v -0.023930 -0.298612 0.757238
v -0.024733 -0.299249 0.757875
v -0.025370 -0.299658 0.758678
v -0.025779 -0.299799 0.759568
v -0.025920 -0.299658 0.760458
v -0.025920 -0.288534 0.794696
v -0.025779 -0.288125 0.795499
v -0.025370 -0.287488 0.796136
v -0.024733 -0.286685 0.796545
v -0.023930 -0.285795 0.796686
v -0.023040 -0.284905 0.796545
v -0.023040 -0.181058 0.718894
v -0.023930 -0.180168 0.718753
v -0.024733 -0.179278 0.718894
v -0.025370 -0.178475 0.719303
v -0.025779 -0.177838 0.719940
v -0.025920 -0.177429 0.720743
v -0.025920 -0.166304 0.754981
v -0.025779 -0.166163 0.755871
v -0.025370 -0.166304 0.756761
v -0.024733 -0.166713 0.757564
v -0.023930 -0.167350 0.758201
v -0.023040 -0.168153 0.758610
v 0.015300 -0.181058 0.718894
v 0.015322 -0.180168 0.718753
v 0.015343 -0.179278 0.718894
v 0.015359 -0.178475 0.719303
v 0.015369 -0.177838 0.719940
v 0.015373 -0.177429 0.720743
v 0.015373 -0.166304 0.754981
v 0.015369 -0.166163 0.755871
v 0.015359 -0.166304 0.756761
v 0.015343 -0.166713 0.757564
v 0.015322 -0.167350 0.758201
v 0.015300 -0.168153 0.758610
v 0.014580 -0.232243 0.735525
v 0.014560 -0.231354 0.735384
v 0.014541 -0.230464 0.735525
v 0.014527 -0.229661 0.735934
v 0.014518 -0.229024 0.736571
v 0.014514 -0.228614 0.737374
v 0.014514 -0.217490 0.771612
v 0.014518 -0.217349 0.772502
v 0.014527 -0.217490 0.773392
v 0.014541 -0.217899 0.774195
v 0.014560 -0.218536 0.774832
v 0.014580 -0.219339 0.775241
v 0.017765 -0.232105 0.735480
v 0.017681 -0.231218 0.735340
v 0.017605 -0.230331 0.735482
v 0.017545 -0.229530 0.735892
v 0.017506 -0.228894 0.736529
v 0.017493 -0.228485 0.737332
v 0.017493 -0.217361 0.771570
v 0.017506 -0.217219 0.772460
v 0.017545 -0.217359 0.773350
v 0.017605 -0.217766 0.774152
v 0.017681 -0.218401 0.774788
v 0.017765 -0.219201 0.775196
v 0.020742 -0.231695 0.735347
v 0.020567 -0.230820 0.735211
v 0.020409 -0.229944 0.735357
v 0.020283 -0.229152 0.735769
v 0.020202 -0.228522 0.736409
v 0.020174 -0.228116 0.737212
v 0.020174 -0.216991 0.771450
v 0.020202 -0.216848 0.772339
v 0.020283 -0.216982 0.773227
v 0.020409 -0.217380 0.774026
v 0.020567 -0.218003 0.774659
v 0.020742 -0.218790 0.775063
v 0.023498 -0.231018 0.735127
v 0.023224 -0.230168 0.734999
v 0.022977 -0.229314 0.735152
v 0.022781 -0.228539 0.735570
v 0.022655 -0.227920 0.736213
v 0.022611 -0.227517 0.737018
v 0.022611 -0.216393 0.771256
v 0.022655 -0.216246 0.772144
v 0.022781 -0.216368 0.773028
v 0.022977 -0.216749 0.773822
v 0.023224 -0.217351 0.774447
v 0.023498 -0.218114 0.774843
v 0.026020 -0.230081 0.734823
v 0.025642 -0.229270 0.734707
v 0.025300 -0.228450 0.734871
v 0.025030 -0.227703 0.735298
v 0.024856 -0.227102 0.735947
v 0.024796 -0.226706 0.736754
v 0.024796 -0.215581 0.770992
v 0.024856 -0.215428 0.771878
v 0.025030 -0.215533 0.772756
v 0.025300 -0.215886 0.773541
v 0.025642 -0.216452 0.774155
v 0.026020 -0.217177 0.774539
v 0.028294 -0.228890 0.734436
v 0.027809 -0.228134 0.734338
v 0.027372 -0.227365 0.734518
v 0.027025 -0.226658 0.734959
v 0.026803 -0.226082 0.735616
v 0.026726 -0.225694 0.736426
v 0.026726 -0.214570 0.770664
v 0.026803 -0.214408 0.771547
v 0.027025 -0.214487 0.772417
v 0.027372 -0.214800 0.773188
v 0.027809 -0.215317 0.773786
v 0.028294 -0.215985 0.774152
v 0.030307 -0.227450 0.733968
v 0.029720 -0.226768 0.733894
v 0.029189 -0.226066 0.734096
v 0.028768 -0.225412 0.734554
v 0.028498 -0.224870 0.735222
v 0.028405 -0.224494 0.736035
v 0.028405 -0.213369 0.770273
v 0.028498 -0.213195 0.771153
v 0.028768 -0.213241 0.772012
v 0.029189 -0.213501 0.772766
v 0.029720 -0.213951 0.773342
v 0.030307 -0.214546 0.773684
v 0.032047 -0.225768 0.733421
v 0.031365 -0.225177 0.733377
v 0.030749 -0.224557 0.733606
v 0.030261 -0.223968 0.734085
v 0.029947 -0.223469 0.734767
v 0.029839 -0.223107 0.735585
v 0.029839 -0.211982 0.769823
v 0.029947 -0.211794 0.770697
v 0.030261 -0.211797 0.771543
v 0.030749 -0.211992 0.772276
v 0.031365 -0.212360 0.772825
v 0.032047 -0.212863 0.773137
v 0.033500 -0.223849 0.732798
v 0.032738 -0.223363 0.732788
v 0.032051 -0.222838 0.733047
v 0.031505 -0.222324 0.733551
v 0.031155 -0.221873 0.734248
v 0.031034 -0.221528 0.735072
v 0.031034 -0.210403 0.769310
v 0.031155 -0.210198 0.770179
v 0.031505 -0.210154 0.771009
v 0.032051 -0.210273 0.771717
v 0.032738 -0.210546 0.772236
v 0.033500 -0.210944 0.772514
v 0.034653 -0.221699 0.732099
v 0.033830 -0.221327 0.732126
v 0.033088 -0.220904 0.732419
v 0.032499 -0.220471 0.732948
v 0.032121 -0.220072 0.733663
v 0.031991 -0.219745 0.734492
v 0.031991 -0.208620 0.768730
v 0.032121 -0.208397 0.769594
v 0.032499 -0.208300 0.770406
v 0.033088 -0.208339 0.771089
v 0.033830 -0.208509 0.771574
v 0.034653 -0.208795 0.771815
v 0.035492 -0.219325 0.731328
v 0.034629 -0.219067 0.731392
v 0.033851 -0.218747 0.731718
v 0.033233 -0.218397 0.732275
v 0.032836 -0.218051 0.733006
v 0.032699 -0.217742 0.733841
v 0.032699 -0.206617 0.768080
v 0.032836 -0.206376 0.768937
v 0.033233 -0.206226 0.769733
v 0.033851 -0.206183 0.770388
v 0.034629 -0.206250 0.770840
v 0.035492 -0.206420 0.771044
v 0.036006 -0.216732 0.730485
v 0.035121 -0.216585 0.730586
v 0.034322 -0.216365 0.730944
v 0.033689 -0.216094 0.731526
v 0.033282 -0.215798 0.732274
v 0.033142 -0.215507 0.733115
v 0.033142 -0.204382 0.767353
v 0.033282 -0.204123 0.768205
v 0.033689 -0.203923 0.768984
v 0.034322 -0.203800 0.769614
v 0.035121 -0.203767 0.770034
v 0.036006 -0.203827 0.770201
v 0.036180 -0.213926 0.729574
v 0.035289 -0.213877 0.729706
v 0.034485 -0.213746 0.730093
v 0.033847 -0.213545 0.730698
v 0.033437 -0.213295 0.731461
v 0.033296 -0.213019 0.732307
v 0.033296 -0.201894 0.766545
v 0.033437 -0.201620 0.767392
v 0.033847 -0.201375 0.768156
v 0.034485 -0.201181 0.768763
v 0.035289 -0.201060 0.769154
v 0.036180 -0.201022 0.769290
v 0.036075 -0.211778 0.728876
v 0.035188 -0.211815 0.729036
v 0.034388 -0.211762 0.729449
v 0.033753 -0.211623 0.730074
v 0.033345 -0.211412 0.730849
v 0.033205 -0.211150 0.731700
v 0.033205 -0.200025 0.765938
v 0.033345 -0.199738 0.766780
v 0.033753 -0.199452 0.767532
v 0.034388 -0.199197 0.768119
v 0.035188 -0.198998 0.768484
v 0.036075 -0.198873 0.768592
v 0.035746 -0.209635 0.728179
v 0.034872 -0.209760 0.728368
v 0.034084 -0.209786 0.728807
v 0.033459 -0.209709 0.729452
v 0.033057 -0.209538 0.730240
v 0.032919 -0.209290 0.731095
v 0.032919 -0.198166 0.765333
v 0.033057 -0.197864 0.766171
v 0.033459 -0.197538 0.766910
v 0.034084 -0.197221 0.767476
v 0.034872 -0.196943 0.767816
v 0.035746 -0.196731 0.767896
v 0.035170 -0.207533 0.727496
v 0.034323 -0.207753 0.727716
v 0.033558 -0.207864 0.728182
v 0.032951 -0.207856 0.728850
v 0.032562 -0.207729 0.729652
v 0.032428 -0.207496 0.730512
v 0.032428 -0.196371 0.764750
v 0.032562 -0.196054 0.765583
v 0.032951 -0.195685 0.766307
v 0.033558 -0.195300 0.766852
v 0.034323 -0.194936 0.767164
v 0.035170 -0.194629 0.767213
v 0.034327 -0.205506 0.726838
v 0.033521 -0.205827 0.727090
v 0.032795 -0.206030 0.727586
v 0.032218 -0.206094 0.728277
v 0.031848 -0.206014 0.729095
v 0.031721 -0.205797 0.729960
v 0.031721 -0.194672 0.764198
v 0.031848 -0.194339 0.765026
v 0.032218 -0.193924 0.765735
v 0.032795 -0.193465 0.766256
v 0.033521 -0.193010 0.766538
v 0.034327 -0.192602 0.766554
v 0.033193 -0.203588 0.726215
v 0.032449 -0.204014 0.726501
v 0.031779 -0.204311 0.727028
v 0.031246 -0.204450 0.727743
v 0.030904 -0.204417 0.728576
v 0.030787 -0.204217 0.729447
v 0.030787 -0.193092 0.763685
v 0.030904 -0.192743 0.764507
v 0.031246 -0.192279 0.765201
v 0.031779 -0.191746 0.765698
v 0.032449 -0.191197 0.765949
v 0.033193 -0.190684 0.765931
v 0.031747 -0.201814 0.725638
v 0.031086 -0.202341 0.725958
v 0.030490 -0.202730 0.726514
v 0.030017 -0.202941 0.727253
v 0.029713 -0.202956 0.728101
v 0.029608 -0.202771 0.728977
v 0.029608 -0.191646 0.763215
v 0.029713 -0.191281 0.764032
v 0.030017 -0.190771 0.764711
v 0.030490 -0.190165 0.765184
v 0.031086 -0.189524 0.765406
v 0.031747 -0.188910 0.765354
v 0.029968 -0.200219 0.725120
v 0.029409 -0.200837 0.725469
v 0.028904 -0.201308 0.726052
v 0.028504 -0.201585 0.726812
v 0.028247 -0.201641 0.727674
v 0.028158 -0.201471 0.728555
v 0.028158 -0.190346 0.762793
v 0.028247 -0.189966 0.763605
v 0.028504 -0.189414 0.764270
v 0.028904 -0.188743 0.764722
v 0.029409 -0.188020 0.764917
v 0.029968 -0.187314 0.764836
v 0.027833 -0.198836 0.724670
v 0.027389 -0.199529 0.725044
v 0.026989 -0.200067 0.725649
v 0.026671 -0.200397 0.726426
v 0.026466 -0.200487 0.727300
v 0.026396 -0.200329 0.728184
v 0.026396 -0.189204 0.762422
v 0.026466 -0.188813 0.763230
v 0.026671 -0.188226 0.763884
v 0.026989 -0.187502 0.764319
v 0.027389 -0.186711 0.764492
v 0.027833 -0.185931 0.764387
v 0.025321 -0.197701 0.724302
v 0.024997 -0.198448 0.724693
v 0.024705 -0.199035 0.725313
v 0.024473 -0.199404 0.726103
v 0.024324 -0.199519 0.726985
v 0.024273 -0.199370 0.727872
v 0.024273 -0.188245 0.762110
v 0.024324 -0.187845 0.762916
v 0.024473 -0.187233 0.763561
v 0.024705 -0.186470 0.763983
v 0.024997 -0.185630 0.764141
v 0.025321 -0.184796 0.764018
v 0.022409 -0.196847 0.724024
v 0.022203 -0.197628 0.724426
v 0.022017 -0.198246 0.725057
v 0.021869 -0.198640 0.725855
v 0.021774 -0.198772 0.726742
v 0.021741 -0.198627 0.727631
v 0.021741 -0.187503 0.761869
v 0.021774 -0.187097 0.762673
v 0.021869 -0.186469 0.763313
v 0.022017 -0.185682 0.763727
v 0.022203 -0.184811 0.763874
v 0.022409 -0.183942 0.763740
v 0.019076 -0.196309 0.723849
v 0.018978 -0.197108 0.724257
v 0.018890 -0.197742 0.724893
v 0.018820 -0.198149 0.725695
v 0.018775 -0.198288 0.726585
v 0.018759 -0.198146 0.727475
v 0.018759 -0.187022 0.761713
v 0.018775 -0.186613 0.762516
v 0.018820 -0.185978 0.763153
v 0.018890 -0.185178 0.763563
v 0.018978 -0.184291 0.763705
v 0.019076 -0.183405 0.763566
v 0.015300 -0.196122 0.723789
v 0.015277 -0.196925 0.724198
v 0.015256 -0.197562 0.724835
v 0.015239 -0.197971 0.725638
v 0.015229 -0.198112 0.726528
v 0.015225 -0.197971 0.727418
v 0.015225 -0.186847 0.761656
v 0.015229 -0.186438 0.762459
v 0.015239 -0.185801 0.763096
v 0.015256 -0.184998 0.763505
v 0.015277 -0.184108 0.763646
v 0.015300 -0.183218 0.763505
v -0.005400 -0.196122 0.723789
v -0.004510 -0.196925 0.724198
v -0.003707 -0.197562 0.724835
v -0.003070 -0.197971 0.725638
v -0.002661 -0.198112 0.726528
v -0.002520 -0.197971 0.727418
v -0.002520 -0.186847 0.761656
v -0.002661 -0.186438 0.762459
v -0.003070 -0.185801 0.763096
v -0.003707 -0.184998 0.763505
v -0.004510 -0.184108 0.763646
v -0.005400 -0.183218 0.763505
v -0.005400 -0.232243 0.735525
v -0.004510 -0.231354 0.735384
v -0.003707 -0.230464 0.735525
v -0.003070 -0.229661 0.735934
v -0.002661 -0.229024 0.736571
v -0.002520 -0.228614 0.737374
v -0.002520 -0.217490 0.771612
v -0.002661 -0.217349 0.772502
v -0.003070 -0.217490 0.773392
v -0.003707 -0.217899 0.774195
v -0.004510 -0.218536 0.774832
v -0.005400 -0.219339 0.775241
v 0.158220 -0.297809 0.756829
v 0.157646 -0.298612 0.757238
v 0.157128 -0.299249 0.757875
v 0.156717 -0.299658 0.758678
v 0.156453 -0.299799 0.759568
v 0.156362 -0.299658 0.760458
v 0.156362 -0.288534 0.794696
v 0.156453 -0.288125 0.795499
v 0.156717 -0.287488 0.796136
v 0.157128 -0.286685 0.796545
v 0.157646 -0.285795 0.796686
v 0.158220 -0.284905 0.796545
v 0.141840 -0.263400 0.745649
v 0.141266 -0.264203 0.746058
v 0.140748 -0.264840 0.746695
v 0.140337 -0.265249 0.747498
v 0.140073 -0.265390 0.748388
v 0.139982 -0.265249 0.749278
v 0.139982 -0.254125 0.783516
v 0.140073 -0.253715 0.784319
v 0.140337 -0.253078 0.784956
v 0.140748 -0.252275 0.785365
v 0.141266 -0.251386 0.785506
v 0.141840 -0.250496 0.785365
v 0.089640 -0.263400 0.745649
v 0.090227 -0.264203 0.746058
v 0.090757 -0.264840 0.746695
v 0.091177 -0.265249 0.747498
v 0.091447 -0.265390 0.748388
v 0.091540 -0.265249 0.749278
v 0.091540 -0.254125 0.783516
v 0.091447 -0.253715 0.784319
v 0.091177 -0.253078 0.784956
v 0.090757 -0.252275 0.785365
v 0.090227 -0.251386 0.785506
v 0.089640 -0.250496 0.785365
v 0.074160 -0.297809 0.756829
v 0.074747 -0.298612 0.757238
v 0.075277 -0.299249 0.757875
v 0.075697 -0.299658 0.758678
v 0.075967 -0.299799 0.759568
v 0.076060 -0.299658 0.760458
v 0.076060 -0.288534 0.794696
v 0.075967 -0.288125 0.795499
v 0.075697 -0.287488 0.796136
v 0.075277 -0.286685 0.796545
v 0.074747 -0.285795 0.796686
v 0.074160 -0.284905 0.796545
v 0.056160 -0.297809 0.756829
v 0.054812 -0.298612 0.757238
v 0.053596 -0.299249 0.757875
v 0.052631 -0.299658 0.758678
v 0.052012 -0.299799 0.759568
v 0.051798 -0.299658 0.760458
v 0.051798 -0.288534 0.794696
v 0.052012 -0.288125 0.795499
v 0.052631 -0.287488 0.796136
v 0.053596 -0.286685 0.796545
v 0.054812 -0.285795 0.796686
v 0.056160 -0.284905 0.796545
v 0.108900 -0.180373 0.718671
v 0.108312 -0.179483 0.718530
v 0.107782 -0.178593 0.718671
v 0.107362 -0.177790 0.719081
v 0.107091 -0.177153 0.719718
v 0.106998 -0.176744 0.720520
v 0.106998 -0.165619 0.754759
v 0.107091 -0.165478 0.755648
v 0.107362 -0.165619 0.756539
v 0.107782 -0.166028 0.757341
v 0.108312 -0.166665 0.757978
v 0.108900 -0.167468 0.758388
v 0.121320 -0.180373 0.718671
v 0.121898 -0.179483 0.718530
v 0.122420 -0.178593 0.718671
v 0.122834 -0.177790 0.719081
v 0.123100 -0.177153 0.719718
v 0.123191 -0.176744 0.720520
v 0.123191 -0.165619 0.754759
v 0.123100 -0.165478 0.755648
v 0.122834 -0.165619 0.756539
v 0.122420 -0.166028 0.757341
v 0.121898 -0.166665 0.757978
v 0.121320 -0.167468 0.758388
v 0.176220 -0.297809 0.756829
v 0.177590 -0.298612 0.757238
v 0.178825 -0.299249 0.757875
v 0.179806 -0.299658 0.758678
v 0.180435 -0.299799 0.759568
v 0.180652 -0.299658 0.760458
v 0.180652 -0.288534 0.794696
v 0.180435 -0.288125 0.795499
v 0.179806 -0.287488 0.796136
v 0.178825 -0.286685 0.796545
v 0.177590 -0.285795 0.796686
v 0.176220 -0.284905 0.796545
v 0.134640 -0.248335 0.740754
v 0.133269 -0.247445 0.740613
v 0.132033 -0.246555 0.740754
v 0.131052 -0.245753 0.741163
v 0.130422 -0.245115 0.741800
v 0.130205 -0.244706 0.742603
v 0.130205 -0.233582 0.776841
v 0.130422 -0.233441 0.777731
v 0.131052 -0.233582 0.778621
v 0.132033 -0.233991 0.779424
v 0.133269 -0.234628 0.780061
v 0.134640 -0.235431 0.780470
v 0.114840 -0.206051 0.727015
v 0.114871 -0.208154 0.727846
v 0.114899 -0.209964 0.728865
v 0.114921 -0.211304 0.729970
v 0.114935 -0.212043 0.731054
v 0.114940 -0.212107 0.732011
v 0.114940 -0.200983 0.766249
v 0.114935 -0.200368 0.766985
v 0.114921 -0.199133 0.767428
v 0.114899 -0.197400 0.767534
v 0.114871 -0.195337 0.767294
v 0.114840 -0.193147 0.766731
v 0.096480 -0.248335 0.740754
v 0.097810 -0.247445 0.740613
v 0.099011 -0.246555 0.740754
v 0.099963 -0.245753 0.741163
v 0.100574 -0.245115 0.741800
v 0.100785 -0.244706 0.742603
v 0.100785 -0.233582 0.776841
v 0.100574 -0.233441 0.777731
v 0.099963 -0.233582 0.778621
v 0.099011 -0.233991 0.779424
v 0.097810 -0.234628 0.780061
v 0.096480 -0.235431 0.780470
v 0.183960 -0.181058 0.718894
v 0.183070 -0.180168 0.718753
v 0.182267 -0.179278 0.718894
v 0.181630 -0.178475 0.719303
v 0.181221 -0.177838 0.719940
v 0.181080 -0.177429 0.720743
v 0.181080 -0.166304 0.754981
v 0.181221 -0.166163 0.755871
v 0.181630 -0.166304 0.756761
v 0.182267 -0.166713 0.757564
v 0.183070 -0.167350 0.758201
v 0.183960 -0.168153 0.758610
v 0.289800 -0.181058 0.718894
v 0.291552 -0.180168 0.718753
v 0.293133 -0.179278 0.718894
v 0.294388 -0.178475 0.719303
v 0.295193 -0.177838 0.719940
v 0.295471 -0.177429 0.720743
v 0.295471 -0.166304 0.754981
v 0.295193 -0.166163 0.755871
v 0.294388 -0.166304 0.756761
v 0.293133 -0.166713 0.757564
v 0.291552 -0.167350 0.758201
v 0.289800 -0.168153 0.758610
v 0.211680 -0.282745 0.751934
v 0.213432 -0.281855 0.751793
v 0.215013 -0.280965 0.751934
v 0.216268 -0.280162 0.752343
v 0.217074 -0.279525 0.752980
v 0.217351 -0.279116 0.753783
v 0.217351 -0.267991 0.788021
v 0.217074 -0.267850 0.788911
v 0.216268 -0.267991 0.789801
v 0.215013 -0.268400 0.790604
v 0.213432 -0.269037 0.791241
v 0.211680 -0.269840 0.791650
v 0.289800 -0.282745 0.751934
v 0.290690 -0.281855 0.751793
v 0.291493 -0.280965 0.751934
v 0.292130 -0.280162 0.752343
v 0.292539 -0.279525 0.752980
v 0.292680 -0.279116 0.753783
v 0.292680 -0.267991 0.788021
v 0.292539 -0.267850 0.788911
v 0.292130 -0.267991 0.789801
v 0.291493 -0.268400 0.790604
v 0.290690 -0.269037 0.791241
v 0.289800 -0.269840 0.791650
v 0.289800 -0.297809 0.756829
v 0.290690 -0.298612 0.757238
v 0.291493 -0.299249 0.757875
v 0.292130 -0.299658 0.758678
v 0.292539 -0.299799 0.759568
v 0.292680 -0.299658 0.760458
v 0.292680 -0.288534 0.794696
v 0.292539 -0.288125 0.795499
v 0.292130 -0.287488 0.796136
v 0.291493 -0.286685 0.796545
v 0.290690 -0.285795 0.796686
v 0.289800 -0.284905 0.796545
v 0.179100 -0.297809 0.756829
v 0.177348 -0.298612 0.757238
v 0.175767 -0.299249 0.757875
v 0.174512 -0.299658 0.758678
v 0.173706 -0.299799 0.759568
v 0.173429 -0.299658 0.760458
v 0.173429 -0.288534 0.794696
v 0.173706 -0.288125 0.795499
v 0.174512 -0.287488 0.796136
v 0.175767 -0.286685 0.796545
v 0.177348 -0.285795 0.796686
v 0.179100 -0.284905 0.796545
v 0.257220 -0.196122 0.723789
v 0.255468 -0.196925 0.724198
v 0.253887 -0.197562 0.724835
v 0.252632 -0.197971 0.725638
v 0.251827 -0.198112 0.726528
v 0.251549 -0.197971 0.727418
v 0.251549 -0.186847 0.761656
v 0.251827 -0.186438 0.762459
v 0.252632 -0.185801 0.763096
v 0.253887 -0.184998 0.763505
v 0.255468 -0.184108 0.763646
v 0.257220 -0.183218 0.763505
v 0.183960 -0.196122 0.723789
v 0.183070 -0.196925 0.724198
v 0.182267 -0.197562 0.724835
v 0.181630 -0.197971 0.725638
v 0.181221 -0.198112 0.726528
v 0.181080 -0.197971 0.727418
v 0.181080 -0.186847 0.761656
v 0.181221 -0.186438 0.762459
v 0.181630 -0.185801 0.763096
v 0.182267 -0.184998 0.763505
v 0.183070 -0.184108 0.763646
v 0.183960 -0.183218 0.763505
vn -0.0000 0.3090 0.9511
vn -0.0000 -0.3090 -0.9511
vn 0.1203 -0.4190 -0.9000
vn 0.1980 -0.4850 -0.8518
vn 0.0787 -0.3819 -0.9208
vn 0.2882 -0.5563 -0.7794
vn 0.3610 -0.6090 -0.7062
vn 0.4666 -0.6760 -0.5704
vn 0.5226 -0.7052 -0.4792
vn 0.6319 -0.7397 -0.2315
vn 0.6543 -0.7395 -0.1585
vn 0.7023 -0.7038 0.1069
vn 0.7032 -0.7012 0.1175
vn 0.7023 -0.6322 0.3272
vn 0.7032 -0.6364 0.3171
vn 0.6319 -0.4623 0.6220
vn 0.6543 -0.5051 0.5629
vn 0.4666 -0.2116 0.8588
vn 0.5226 -0.2889 0.8021
vn 0.2882 0.0081 0.9575
vn 0.3610 -0.0776 0.9293
vn 0.1203 0.1901 0.9744
vn 0.1980 0.1083 0.9742
vn 0.0787 0.2322 0.9695
vn -0.1980 -0.4850 -0.8518
vn -0.0787 -0.3819 -0.9208
vn -0.3610 -0.6090 -0.7062
vn -0.5226 -0.7052 -0.4792
vn -0.6543 -0.7395 -0.1585
vn -0.7032 -0.7012 0.1175
vn -0.7032 -0.6364 0.3171
vn -0.6543 -0.5051 0.5629
vn -0.5226 -0.2889 0.8021
vn -0.3610 -0.0776 0.9293
vn -0.1980 0.1083 0.9742
vn -0.0787 0.2322 0.9695
vn -0.1203 -0.4190 -0.9000
vn -0.2882 -0.5563 -0.7794
vn -0.4666 -0.6760 -0.5704
vn -0.6319 -0.7397 -0.2315
vn -0.7023 -0.7038 0.1069
vn -0.7023 -0.6322 0.3272
vn -0.6319 -0.4623 0.6220
vn -0.4666 -0.2116 0.8588
vn -0.2882 0.0081 0.9575
vn -0.1203 0.1901 0.9744
vn -0.1980 -0.1083 -0.9742
vn -0.0787 -0.2322 -0.9695
vn -0.3610 0.0776 -0.9293
vn -0.5226 0.2889 -0.8021
vn -0.6543 0.5051 -0.5629
vn -0.7032 0.6364 -0.3171
vn -0.7032 0.7012 -0.1175
vn -0.6543 0.7395 0.1585
vn -0.5226 0.7052 0.4792
vn -0.3610 0.6090 0.7062
vn -0.1980 0.4850 0.8518
vn -0.0787 0.3819 0.9208
vn 0.1980 -0.1083 -0.9742
vn 0.0787 -0.2322 -0.9695
vn 0.3610 0.0776 -0.9293
vn 0.5226 0.2889 -0.8021
vn 0.6543 0.5051 -0.5629
vn 0.7032 0.6364 -0.3171
vn 0.7032 0.7012 -0.1175
vn 0.6543 0.7395 0.1585
vn 0.5226 0.7052 0.4792
vn 0.3610 0.6090 0.7062
vn 0.1980 0.4850 0.8518
vn 0.0787 0.3819 0.9208
vn 0.0382 0.0031 -0.9993
vn 0.0775 -0.0037 -0.9970
vn 0.0385 -0.1613 -0.9861
vn 0.0190 -0.1578 -0.9873
vn 0.0719 0.3087 -0.9484
vn 0.1457 0.2957 -0.9441
vn 0.0987 0.5843 -0.8055
vn 0.1998 0.5663 -0.7996
vn 0.1158 0.8031 -0.5845
vn 0.2345 0.7819 -0.5776
vn 0.1213 0.9169 -0.3803
vn 0.2457 0.8947 -0.3731
vn 0.1213 0.9653 -0.2312
vn 0.2457 0.9431 -0.2240
vn 0.1158 0.9933 0.0008
vn 0.2345 0.9721 0.0077
vn 0.0987 0.9462 0.3083
vn 0.1998 0.9281 0.3141
vn 0.0719 0.8072 0.5858
vn 0.1457 0.7942 0.5900
vn 0.0382 0.5899 0.8066
vn 0.0775 0.5830 0.8088
vn 0.0190 0.4526 0.8915
vn 0.0385 0.4491 0.8926
vn 0.1167 -0.0157 -0.9930
vn 0.0579 -0.1674 -0.9842
vn 0.2195 0.2729 -0.9367
vn 0.3010 0.5350 -0.7894
vn 0.3532 0.7452 -0.5656
vn 0.3701 0.8562 -0.3606
vn 0.3701 0.9046 -0.2115
vn 0.3532 0.9353 0.0196
vn 0.3010 0.8968 0.3242
vn 0.2195 0.7714 0.5973
vn 0.1167 0.5710 0.8126
vn 0.0579 0.4431 0.8946
vn 0.1547 -0.0330 -0.9874
vn 0.0768 -0.1760 -0.9814
vn 0.2910 0.2404 -0.9260
vn 0.3990 0.4903 -0.7749
vn 0.4682 0.6927 -0.5486
vn 0.4906 0.8012 -0.3427
vn 0.4906 0.8496 -0.1936
vn 0.4682 0.8828 0.0366
vn 0.3990 0.8521 0.3387
vn 0.2910 0.7388 0.6079
vn 0.1547 0.5537 0.8182
vn 0.0768 0.4345 0.8974
vn 0.1904 -0.0553 -0.9802
vn 0.0945 -0.1871 -0.9778
vn 0.3580 0.1985 -0.9124
vn 0.4908 0.4328 -0.7562
vn 0.5760 0.6252 -0.5266
vn 0.6035 0.7305 -0.3197
vn 0.6035 0.7789 -0.1707
vn 0.5760 0.8154 0.0586
vn 0.4908 0.7946 0.3574
vn 0.3580 0.6968 0.6215
vn 0.1904 0.5314 0.8254
vn 0.0945 0.4234 0.9010
vn 0.2225 -0.0820 -0.9715
vn 0.1104 -0.2003 -0.9735
vn 0.4184 0.1482 -0.8961
vn 0.5737 0.3639 -0.7338
vn 0.6733 0.5443 -0.5004
vn 0.7054 0.6457 -0.2922
vn 0.7054 0.6942 -0.1431
vn 0.6733 0.7345 0.0848
vn 0.5737 0.7257 0.3798
vn 0.4184 0.6466 0.6378
vn 0.2225 0.5047 0.8341
vn 0.1104 0.4101 0.9053
vn 0.2504 -0.1125 -0.9616
vn 0.1243 -0.2155 -0.9686
vn 0.4709 0.0909 -0.8775
vn 0.6457 0.2854 -0.7083
vn 0.7578 0.4522 -0.4704
vn 0.7940 0.5492 -0.2608
vn 0.7940 0.5976 -0.1118
vn 0.7578 0.6423 0.1148
vn 0.6457 0.6472 0.4053
vn 0.4709 0.5893 0.6565
vn 0.2504 0.4742 0.8441
vn 0.1243 0.3950 0.9102
vn 0.2735 -0.1459 -0.9507
vn 0.1358 -0.2320 -0.9632
vn 0.5144 0.0281 -0.8571
vn 0.7053 0.1993 -0.6803
vn 0.8278 0.3511 -0.4376
vn 0.8673 0.4433 -0.2264
vn 0.8673 0.4917 -0.0774
vn 0.8278 0.5413 0.1476
vn 0.7053 0.5611 0.4333
vn 0.5144 0.5265 0.6769
vn 0.2735 0.4408 0.8549
vn 0.1358 0.3784 0.9156
vn 0.2915 -0.1815 -0.9392
vn 0.1448 -0.2497 -0.9575
vn 0.5483 -0.0388 -0.8354
vn 0.7517 0.1077 -0.6506
vn 0.8823 0.2436 -0.4027
vn 0.9245 0.3307 -0.1898
vn 0.9245 0.3791 -0.0408
vn 0.8823 0.4338 0.1826
vn 0.7517 0.4695 0.4631
vn 0.5483 0.4597 0.6986
vn 0.2915 0.4052 0.8665
vn 0.1448 0.3608 0.9213
vn 0.3042 -0.2184 -0.9272
vn 0.1511 -0.2680 -0.9515
vn 0.5723 -0.1081 -0.8129
vn 0.7847 0.0126 -0.6197
vn 0.9210 0.1320 -0.3664
vn 0.9650 0.2137 -0.1518
vn 0.9650 0.2622 -0.0028
vn 0.9210 0.3222 0.2188
vn 0.7847 0.3744 0.4940
vn 0.5723 0.3903 0.7212
vn 0.3042 0.3684 0.8785
vn 0.1511 0.3425 0.9273
vn 0.3117 -0.2559 -0.9151
vn 0.1549 -0.2866 -0.9454
vn 0.5865 -0.1787 -0.7900
vn 0.8042 -0.0842 -0.5883
vn 0.9440 0.0185 -0.3295
vn 0.9890 0.0947 -0.1132
vn 0.9890 0.1432 0.0359
vn 0.9440 0.2086 0.2558
vn 0.8042 0.2777 0.5254
vn 0.5865 0.3198 0.7442
vn 0.3117 0.3309 0.8907
vn 0.1549 0.3239 0.9333
vn 0.3141 -0.2934 -0.9029
vn 0.1561 -0.3052 -0.9394
vn 0.5911 -0.2493 -0.7671
vn 0.8106 -0.1810 -0.5569
vn 0.9515 -0.0951 -0.2926
vn 0.9969 -0.0243 -0.0745
vn 0.9969 0.0242 0.0745
vn 0.9515 0.0951 0.2927
vn 0.8106 0.1809 0.5569
vn 0.5911 0.2492 0.7671
vn 0.3141 0.2934 0.9029
vn 0.1561 0.3052 0.9394
vn 0.3117 -0.3308 -0.8908
vn 0.1549 -0.3238 -0.9334
vn 0.5865 -0.3196 -0.7442
vn 0.8043 -0.2774 -0.5255
vn 0.9440 -0.2083 -0.2559
vn 0.9891 -0.1428 -0.0360
vn 0.9891 -0.0944 0.1131
vn 0.9440 -0.0181 0.3294
vn 0.8043 0.0845 0.5882
vn 0.5865 0.1789 0.7900
vn 0.3117 0.2560 0.9151
vn 0.1549 0.2866 0.9454
vn 0.3042 -0.3679 -0.8787
vn 0.1512 -0.3423 -0.9274
vn 0.5725 -0.3895 -0.7215
vn 0.7850 -0.3732 -0.4944
vn 0.9214 -0.3208 -0.2193
vn 0.9654 -0.2607 0.0023
vn 0.9654 -0.2122 0.1514
vn 0.9214 -0.1306 0.3660
vn 0.7850 -0.0113 0.6193
vn 0.5725 0.1090 0.8126
vn 0.3042 0.2189 0.9271
vn 0.1512 0.2682 0.9514
vn 0.2918 -0.4043 -0.8668
vn 0.1450 -0.3603 -0.9215
vn 0.5490 -0.4579 -0.6993
vn 0.7528 -0.4671 -0.4639
vn 0.8835 -0.4309 -0.1835
vn 0.9257 -0.3761 0.0398
vn 0.9257 -0.3277 0.1889
vn 0.8835 -0.2407 0.4018
vn 0.7528 -0.1052 0.6498
vn 0.5490 0.0406 0.8349
vn 0.2918 0.1825 0.9389
vn 0.1450 0.2501 0.9573
vn 0.2743 -0.4394 -0.8554
vn 0.1362 -0.3777 -0.9158
vn 0.5159 -0.5239 -0.6778
vn 0.7074 -0.5575 -0.4345
vn 0.8303 -0.5371 -0.1490
vn 0.8699 -0.4873 0.0759
vn 0.8699 -0.4389 0.2250
vn 0.8303 -0.3469 0.4362
vn 0.7074 -0.1957 0.6792
vn 0.5159 -0.0254 0.8563
vn 0.2743 0.1473 0.9503
vn 0.1362 0.2327 0.9630
vn 0.2517 -0.4725 -0.8446
vn 0.1250 -0.3942 -0.9105
vn 0.4733 -0.5862 -0.6575
vn 0.6490 -0.6430 -0.4067
vn 0.7617 -0.6374 -0.1164
vn 0.7981 -0.5924 0.1101
vn 0.7981 -0.5440 0.2592
vn 0.7617 -0.4473 0.4688
vn 0.6490 -0.2812 0.7069
vn 0.4733 -0.0878 0.8765
vn 0.2517 0.1141 0.9611
vn 0.1250 0.2163 0.9683
vn 0.2242 -0.5030 -0.8347
vn 0.1113 -0.4093 -0.9056
vn 0.4216 -0.6435 -0.6388
vn 0.5780 -0.7215 -0.3811
vn 0.6784 -0.7296 -0.0864
vn 0.7108 -0.6890 0.1415
vn 0.7108 -0.6406 0.2905
vn 0.6784 -0.5394 0.4988
vn 0.5780 -0.3597 0.7324
vn 0.4216 -0.1451 0.8951
vn 0.2242 0.0836 0.9709
vn 0.1113 0.2011 0.9732
vn 0.1923 -0.5300 -0.8259
vn 0.0954 -0.4227 -0.9012
vn 0.3615 -0.6943 -0.6223
vn 0.4957 -0.7911 -0.3585
vn 0.5817 -0.8112 -0.0599
vn 0.6095 -0.7745 0.1692
vn 0.6095 -0.7261 0.3183
vn 0.5817 -0.6210 0.5253
vn 0.4957 -0.4293 0.7550
vn 0.3615 -0.1959 0.9116
vn 0.1923 0.0566 0.9797
vn 0.0954 0.1878 0.9776
vn 0.1566 -0.5527 -0.8185
vn 0.0777 -0.4340 -0.8976
vn 0.2945 -0.7369 -0.6085
vn 0.4037 -0.8496 -0.3395
vn 0.4738 -0.8798 -0.0376
vn 0.4964 -0.8464 0.1926
vn 0.4964 -0.7980 0.3417
vn 0.4738 -0.6897 0.5476
vn 0.4037 -0.4877 0.7740
vn 0.2945 -0.2385 0.9254
vn 0.1566 0.0339 0.9871
vn 0.0777 0.1765 0.9812
vn 0.1183 -0.5704 -0.8128
vn 0.0587 -0.4428 -0.8947
vn 0.2224 -0.7703 -0.5977
vn 0.3049 -0.8953 -0.3247
vn 0.3578 -0.9336 -0.0202
vn 0.3749 -0.9027 0.2109
vn 0.3749 -0.8543 0.3600
vn 0.3578 -0.7434 0.5650
vn 0.3049 -0.5335 0.7889
vn 0.2224 -0.2719 0.9363
vn 0.1183 0.0162 0.9929
vn 0.0587 0.1677 0.9841
vn 0.0785 -0.5828 -0.8088
vn 0.0390 -0.4490 -0.8927
vn 0.1477 -0.7937 -0.5901
vn 0.2025 -0.9275 -0.3143
vn 0.2376 -0.9713 -0.0079
vn 0.2490 -0.9423 0.2238
vn 0.2490 -0.8939 0.3728
vn 0.2376 -0.7812 0.5773
vn 0.2025 -0.5657 0.7994
vn 0.1477 -0.2953 0.9439
vn 0.0785 0.0039 0.9969
vn 0.0390 0.1615 0.9861
vn 0.0387 -0.5899 -0.8066
vn 0.0192 -0.4526 -0.8915
vn 0.0728 -0.8072 -0.5858
vn 0.0999 -0.9460 -0.3083
vn 0.1172 -0.9931 -0.0009
vn 0.1228 -0.9651 0.2312
vn 0.1228 -0.9167 0.3802
vn 0.1172 -0.8029 0.5844
vn 0.0999 -0.5841 0.8055
vn 0.0728 -0.3087 0.9484
vn 0.0387 -0.0031 0.9992
vn 0.0192 0.1579 0.9873
vn -0.0003 -0.5920 -0.8059
vn -0.0001 -0.4537 -0.8911
vn -0.0005 -0.8114 -0.5845
vn -0.0007 -0.9519 -0.3064
vn -0.0008 -1.0000 0.0013
vn -0.0008 -0.9723 0.2335
vn -0.0008 -0.9239 0.3826
vn -0.0008 -0.8098 0.5867
vn -0.0007 -0.5900 0.8074
vn -0.0005 -0.3129 0.9498
vn -0.0003 -0.0052 1.0000
vn -0.0001 0.1567 0.9876
vn -0.0396 -0.5898 -0.8066
vn -0.0197 -0.4525 -0.8915
vn -0.0745 -0.8070 -0.5858
vn -0.1021 -0.9458 -0.3083
vn -0.1199 -0.9928 -0.0010
vn -0.1256 -0.9648 0.2311
vn -0.1256 -0.9164 0.3801
vn -0.1199 -0.8026 0.5843
vn -0.1021 -0.5839 0.8054
vn -0.0745 -0.3085 0.9483
vn -0.0396 -0.0031 0.9992
vn -0.0197 0.1579 0.9873
vn -0.0799 -0.5825 -0.8089
vn -0.0397 -0.4488 -0.8927
vn -0.1502 -0.7931 -0.5903
vn -0.2060 -0.9266 -0.3145
vn -0.2418 -0.9703 -0.0082
vn -0.2533 -0.9412 0.2234
vn -0.2533 -0.8928 0.3725
vn -0.2418 -0.7801 0.5770
vn -0.2060 -0.5648 0.7991
vn -0.1502 -0.2947 0.9437
vn -0.0799 0.0042 0.9968
vn -0.0397 0.1616 0.9861
vn -0.1197 -0.5699 -0.8130
vn -0.0594 -0.4425 -0.8948
vn -0.2251 -0.7692 -0.5980
vn -0.3086 -0.8939 -0.3251
vn -0.3622 -0.9319 -0.0207
vn -0.3795 -0.9010 0.2103
vn -0.3795 -0.8525 0.3594
vn -0.3622 -0.7417 0.5645
vn -0.3086 -0.5321 0.7885
vn -0.2251 -0.2708 0.9359
vn -0.1197 0.0168 0.9927
vn -0.0594 0.1680 0.9840
vn -0.1578 -0.5521 -0.8187
vn -0.0783 -0.4336 -0.8977
vn -0.2967 -0.7357 -0.6089
vn -0.4067 -0.8479 -0.3401
vn -0.4774 -0.8779 -0.0383
vn -0.5001 -0.8444 0.1920
vn -0.5001 -0.7960 0.3410
vn -0.4774 -0.6877 0.5469
vn -0.4067 -0.4861 0.7735
vn -0.2967 -0.2373 0.9250
vn -0.1578 0.0346 0.9869
vn -0.0783 0.1768 0.9811
vn -0.1930 -0.5295 -0.8261
vn -0.0958 -0.4224 -0.9013
vn -0.3628 -0.6932 -0.6227
vn -0.4975 -0.7897 -0.3590
vn -0.5839 -0.8096 -0.0604
vn -0.6117 -0.7729 0.1687
vn -0.6117 -0.7244 0.3178
vn -0.5839 -0.6194 0.5248
vn -0.4975 -0.4279 0.7546
vn -0.3628 -0.1948 0.9113
vn -0.1930 0.0572 0.9795
vn -0.0958 0.1880 0.9775
vn -0.2244 -0.5028 -0.8348
vn -0.1114 -0.4092 -0.9056
vn -0.4220 -0.6431 -0.6390
vn -0.5786 -0.7210 -0.3813
vn -0.6791 -0.7289 -0.0867
vn -0.7115 -0.6883 0.1412
vn -0.7115 -0.6399 0.2903
vn -0.6791 -0.5388 0.4986
vn -0.5786 -0.3591 0.7323
vn -0.4220 -0.1447 0.8950
vn -0.2244 0.0839 0.9709
vn -0.1114 0.2012 0.9732
vn -0.2515 -0.4727 -0.8446
vn -0.1249 -0.3943 -0.9105
vn -0.4731 -0.5865 -0.6574
vn -0.6486 -0.6434 -0.4065
vn -0.7613 -0.6379 -0.1162
vn -0.7976 -0.5930 0.1103
vn -0.7976 -0.5445 0.2593
vn -0.7613 -0.4478 0.4690
vn -0.6486 -0.2816 0.7071
vn -0.4731 -0.0881 0.8766
vn -0.2515 0.1140 0.9611
vn -0.1249 0.2162 0.9683
vn -0.2739 -0.4399 -0.8553
vn -0.1361 -0.3780 -0.9157
vn -0.5153 -0.5249 -0.6775
vn -0.7066 -0.5589 -0.4340
vn -0.8293 -0.5387 -0.1485
vn -0.8689 -0.4890 0.0765
vn -0.8689 -0.4406 0.2256
vn -0.8293 -0.3486 0.4368
vn -0.7066 -0.1971 0.6797
vn -0.5153 -0.0264 0.8566
vn -0.2739 0.1468 0.9505
vn -0.1361 0.2324 0.9630
vn -0.2915 -0.4050 -0.8666
vn -0.1448 -0.3607 -0.9214
vn -0.5484 -0.4593 -0.6988
vn -0.7520 -0.4690 -0.4633
vn -0.8826 -0.4332 -0.1828
vn -0.9247 -0.3785 0.0406
vn -0.9247 -0.3300 0.1896
vn -0.8826 -0.2430 0.4025
vn -0.7520 -0.1071 0.6505
vn -0.5484 0.0392 0.8353
vn -0.2915 0.1817 0.9392
vn -0.1448 0.2498 0.9574
vn -0.3041 -0.3686 -0.8784
vn -0.1511 -0.3426 -0.9272
vn -0.5721 -0.3908 -0.7211
vn -0.7845 -0.3751 -0.4938
vn -0.9208 -0.3230 -0.2186
vn -0.9648 -0.2630 0.0031
vn -0.9648 -0.2146 0.1521
vn -0.9208 -0.1328 0.3667
vn -0.7845 -0.0133 0.6200
vn -0.5721 0.1076 0.8131
vn -0.3041 0.2181 0.9273
vn -0.1511 0.2678 0.9515
vn -0.3116 -0.3312 -0.8906
vn -0.1549 -0.3240 -0.9333
vn -0.5864 -0.3205 -0.7439
vn -0.8041 -0.2786 -0.5251
vn -0.9438 -0.2097 -0.2554
vn -0.9889 -0.1443 -0.0355
vn -0.9889 -0.0959 0.1136
vn -0.9438 -0.0196 0.3299
vn -0.8041 0.0833 0.5886
vn -0.5864 0.1780 0.7902
vn -0.3116 0.2555 0.9152
vn -0.1549 0.2864 0.9455
vn -0.3142 -0.2933 -0.9029
vn -0.1561 -0.3052 -0.9394
vn -0.5912 -0.2491 -0.7671
vn -0.8107 -0.1807 -0.5569
vn -0.9515 -0.0949 -0.2927
vn -0.9969 -0.0240 -0.0746
vn -0.9969 0.0245 0.0744
vn -0.9515 0.0953 0.2926
vn -0.8107 0.1811 0.5568
vn -0.5912 0.2494 0.7670
vn -0.3142 0.2934 0.9029
vn -0.1561 0.3053 0.9394
vn -0.3117 -0.2551 -0.9153
vn -0.1548 -0.2862 -0.9456
vn -0.5863 -0.1772 -0.7904
vn -0.8040 -0.0822 -0.5889
vn -0.9437 0.0208 -0.3303
vn -0.9887 0.0972 -0.1140
vn -0.9887 0.1456 0.0351
vn -0.9437 0.2110 0.2550
vn -0.8040 0.2797 0.5248
vn -0.5863 0.3212 0.7437
vn -0.3117 0.3316 0.8904
vn -0.1548 0.3242 0.9332
vn -0.3039 -0.2171 -0.9276
vn -0.1509 -0.2674 -0.9517
vn -0.5717 -0.1058 -0.8136
vn -0.7839 0.0157 -0.6207
vn -0.9200 0.1357 -0.3676
vn -0.9640 0.2176 -0.1531
vn -0.9640 0.2661 -0.0040
vn -0.9200 0.3259 0.2176
vn -0.7839 0.3776 0.4929
vn -0.5717 0.3926 0.7204
vn -0.3039 0.3696 0.8781
vn -0.1509 0.3431 0.9271
vn -0.2909 -0.1802 -0.9396
vn -0.1445 -0.2490 -0.9577
vn -0.5472 -0.0363 -0.8362
vn -0.7503 0.1110 -0.6517
vn -0.8806 0.2476 -0.4040
vn -0.9227 0.3348 -0.1912
vn -0.9227 0.3833 -0.0421
vn -0.8806 0.4378 0.1813
vn -0.7503 0.4729 0.4620
vn -0.5472 0.4622 0.6978
vn -0.2909 0.4066 0.8661
vn -0.1445 0.3615 0.9211
vn -0.2728 -0.1448 -0.9511
vn -0.1355 -0.2315 -0.9634
vn -0.5132 0.0301 -0.8578
vn -0.7036 0.2021 -0.6813
vn -0.8258 0.3544 -0.4387
vn -0.8652 0.4468 -0.2276
vn -0.8652 0.4952 -0.0785
vn -0.8258 0.5446 0.1466
vn -0.7036 0.5639 0.4324
vn -0.5132 0.5285 0.6763
vn -0.2728 0.4419 0.8546
vn -0.1355 0.3790 0.9154
vn -0.2498 -0.1119 -0.9618
vn -0.1241 -0.2151 -0.9687
vn -0.4699 0.0921 -0.8779
vn -0.6443 0.2871 -0.7089
vn -0.7562 0.4542 -0.4711
vn -0.7923 0.5513 -0.2615
vn -0.7923 0.5997 -0.1125
vn -0.7562 0.6444 0.1141
vn -0.6443 0.6489 0.4047
vn -0.4699 0.5905 0.6561
vn -0.2498 0.4748 0.8439
vn -0.1241 0.3953 0.9101
vn -0.2223 -0.0819 -0.9715
vn -0.1103 -0.2002 -0.9735
vn -0.4180 0.1485 -0.8962
vn -0.5731 0.3644 -0.7340
vn -0.6727 0.5450 -0.5006
vn -0.7048 0.6464 -0.2924
vn -0.7048 0.6948 -0.1433
vn -0.6727 0.7351 0.0847
vn -0.5731 0.7262 0.3796
vn -0.4180 0.6469 0.6378
vn -0.2223 0.5048 0.8341
vn -0.1103 0.4102 0.9053
vn -0.1906 -0.0555 -0.9801
vn -0.0946 -0.1872 -0.9778
vn -0.3584 0.1981 -0.9123
vn -0.4914 0.4323 -0.7561
vn -0.5767 0.6247 -0.5265
vn -0.6043 0.7299 -0.3196
vn -0.6043 0.7783 -0.1705
vn -0.5767 0.8148 0.0587
vn -0.4914 0.7942 0.3575
vn -0.3584 0.6965 0.6217
vn -0.1906 0.5312 0.8255
vn -0.0946 0.4233 0.9010
vn -0.1554 -0.0334 -0.9873
vn -0.0772 -0.1762 -0.9813
vn -0.2923 0.2396 -0.9258
vn -0.4008 0.4893 -0.7746
vn -0.4704 0.6915 -0.5482
vn -0.4929 0.7999 -0.3423
vn -0.4929 0.8484 -0.1932
vn -0.4704 0.8817 0.0370
vn -0.4008 0.8511 0.3390
vn -0.2923 0.7380 0.6082
vn -0.1554 0.5533 0.8184
vn -0.0772 0.4343 0.8975
vn -0.1177 -0.0161 -0.9929
vn -0.0585 -0.1676 -0.9841
vn -0.2214 0.2722 -0.9364
vn -0.3036 0.5340 -0.7891
vn -0.3564 0.7440 -0.5652
vn -0.3734 0.8549 -0.3602
vn -0.3734 0.9033 -0.2111
vn -0.3564 0.9341 0.0200
vn -0.3036 0.8958 0.3245
vn -0.2214 0.7706 0.5976
vn -0.1177 0.5706 0.8128
vn -0.0585 0.4429 0.8947
vn -0.0785 -0.0039 -0.9969
vn -0.0390 -0.1615 -0.9861
vn -0.1477 0.2952 -0.9439
vn -0.2025 0.5656 -0.7994
vn -0.2377 0.7811 -0.5773
vn -0.2490 0.8939 -0.3728
vn -0.2490 0.9423 -0.2238
vn -0.2377 0.9713 0.0079
vn -0.2025 0.9275 0.3143
vn -0.1477 0.7937 0.5901
vn -0.0785 0.5828 0.8088
vn -0.0390 0.4490 0.8927
vn -0.0389 0.0031 -0.9992
vn -0.0193 -0.1579 -0.9873
vn -0.0732 0.3086 -0.9484
vn -0.1004 0.5841 -0.8055
vn -0.1179 0.8028 -0.5844
vn -0.1235 0.9166 -0.3802
vn -0.1235 0.9650 -0.2312
vn -0.1179 0.9930 0.0009
vn -0.1004 0.9460 0.3083
vn -0.0732 0.8071 0.5858
vn -0.0389 0.5898 0.8066
vn -0.0193 0.4526 0.8915
vn -0.0002 0.0052 -1.0000
vn -0.0001 -0.1567 -0.9876
vn -0.0004 0.3128 -0.9498
vn -0.0005 0.5900 -0.8074
vn -0.0006 0.8098 -0.5867
vn -0.0007 0.9239 -0.3826
vn -0.0007 0.9723 -0.2335
vn -0.0006 1.0000 -0.0013
vn -0.0005 0.9519 0.3065
vn -0.0004 0.8114 0.5845
vn -0.0002 0.5920 0.8060
vn -0.0001 0.4537 0.8911
vn -0.0371 -0.0086 -0.9993
vn -0.0746 -0.0155 -0.9971
vn -0.0385 -0.1613 -0.9862
vn -0.0191 -0.1579 -0.9873
vn -0.0715 0.2992 -0.9515
vn -0.1436 0.2861 -0.9474
vn -0.0989 0.5783 -0.8098
vn -0.1986 0.5604 -0.8041
vn -0.1165 0.8007 -0.5876
vn -0.2341 0.7797 -0.5808
vn -0.1222 0.9166 -0.3807
vn -0.2456 0.8945 -0.3736
vn -0.1222 0.9653 -0.2307
vn -0.2456 0.9432 -0.2236
vn -0.1165 0.9932 0.0047
vn -0.2341 0.9721 0.0116
vn -0.0989 0.9439 0.3152
vn -0.1986 0.9260 0.3211
vn -0.0715 0.8013 0.5939
vn -0.1436 0.7883 0.5982
vn -0.0371 0.5804 0.8135
vn -0.0746 0.5735 0.8158
vn -0.0191 0.4526 0.8915
vn -0.0385 0.4491 0.8926
vn -0.1116 -0.0270 -0.9934
vn -0.0576 -0.1672 -0.9842
vn -0.2149 0.2640 -0.9403
vn -0.2973 0.5299 -0.7943
vn -0.3504 0.7438 -0.5692
vn -0.3676 0.8569 -0.3614
vn -0.3676 0.9057 -0.2113
vn -0.3504 0.9363 0.0233
vn -0.2973 0.8955 0.3311
vn -0.2149 0.7663 0.6055
vn -0.1116 0.5620 0.8196
vn -0.0576 0.4432 0.8946
vn -0.1473 -0.0433 -0.9881
vn -0.0760 -0.1756 -0.9815
vn -0.2837 0.2329 -0.9302
vn -0.3925 0.4868 -0.7803
vn -0.4627 0.6931 -0.5528
vn -0.4854 0.8037 -0.3441
vn -0.4854 0.8525 -0.1940
vn -0.4627 0.8856 0.0398
vn -0.3925 0.8525 0.3452
vn -0.2837 0.7352 0.6157
vn -0.1473 0.5458 0.8249
vn -0.0760 0.4349 0.8973
vn -0.1809 -0.0640 -0.9814
vn -0.0934 -0.1862 -0.9781
vn -0.3484 0.1929 -0.9173
vn -0.4821 0.4316 -0.7625
vn -0.5683 0.6280 -0.5317
vn -0.5962 0.7355 -0.3219
vn -0.5962 0.7842 -0.1719
vn -0.5683 0.8206 0.0610
vn -0.4821 0.7973 0.3632
vn -0.3484 0.6952 0.6287
vn -0.1809 0.5251 0.8316
vn -0.0934 0.4242 0.9007
vn -0.2115 -0.0891 -0.9733
vn -0.1092 -0.1992 -0.9739
vn -0.4075 0.1447 -0.9016
vn -0.5639 0.3649 -0.7408
vn -0.6648 0.5494 -0.5062
vn -0.6974 0.6531 -0.2952
vn -0.6974 0.7018 -0.1451
vn -0.6648 0.7420 0.0865
vn -0.5639 0.7307 0.3849
vn -0.4075 0.6471 0.6444
vn -0.2115 0.5000 0.8398
vn -0.1092 0.4113 0.9049
vn -0.2386 -0.1179 -0.9639
vn -0.1232 -0.2140 -0.9690
vn -0.4597 0.0892 -0.8836
vn -0.6360 0.2880 -0.7159
vn -0.7498 0.4589 -0.4767
vn -0.7866 0.5580 -0.2643
vn -0.7866 0.6068 -0.1142
vn -0.7498 0.6514 0.1160
vn -0.6360 0.6538 0.4098
vn -0.4597 0.5915 0.6624
vn -0.2386 0.4712 0.8492
vn -0.1232 0.3964 0.9098
vn -0.2613 -0.1500 -0.9535
vn -0.1349 -0.2306 -0.9637
vn -0.5036 0.0274 -0.8635
vn -0.6968 0.2026 -0.6881
vn -0.8214 0.3581 -0.4440
vn -0.8617 0.4523 -0.2299
vn -0.8617 0.5011 -0.0798
vn -0.8214 0.5507 0.1487
vn -0.6968 0.5683 0.4376
vn -0.5036 0.5297 0.6825
vn -0.2613 0.4391 0.8596
vn -0.1349 0.3799 0.9151
vn -0.2794 -0.1845 -0.9423
vn -0.1442 -0.2484 -0.9579
vn -0.5383 -0.0392 -0.8419
vn -0.7448 0.1104 -0.6581
vn -0.8779 0.2494 -0.4087
vn -0.9211 0.3383 -0.1929
vn -0.9211 0.3871 -0.0428
vn -0.8779 0.4420 0.1840
vn -0.7448 0.4761 0.4675
vn -0.5383 0.4631 0.7041
vn -0.2794 0.4046 0.8708
vn -0.1442 0.3620 0.9209
vn -0.2923 -0.2208 -0.9305
vn -0.1509 -0.2671 -0.9518
vn -0.5631 -0.1090 -0.8191
vn -0.7792 0.0138 -0.6267
vn -0.9184 0.1355 -0.3716
vn -0.9635 0.2188 -0.1540
vn -0.9635 0.2676 -0.0040
vn -0.9184 0.3281 0.2210
vn -0.7792 0.3795 0.4989
vn -0.5631 0.3933 0.7268
vn -0.2923 0.3683 0.8825
vn -0.1509 0.3433 0.9270
vn -0.3001 -0.2577 -0.9184
vn -0.5780 -0.1802 -0.7959
vn -0.7996 -0.0847 -0.5946
vn -0.9424 0.0194 -0.3338
vn -0.9887 0.0970 -0.1144
vn -0.9887 0.1457 0.0356
vn -0.9424 0.2119 0.2587
vn -0.7996 0.2810 0.5308
vn -0.5780 0.3220 0.7498
vn -0.3001 0.3314 0.8945
vn -0.3028 -0.2945 -0.9064
vn -0.5829 -0.2510 -0.7728
vn -0.8063 -0.1827 -0.5626
vn -0.9503 -0.0961 -0.2962
vn -0.9969 -0.0242 -0.0751
vn -0.9969 0.0245 0.0749
vn -0.9503 0.0964 0.2961
vn -0.8063 0.1829 0.5625
vn -0.5829 0.2512 0.7727
vn -0.3028 0.2946 0.9064
vn -0.3002 -0.3312 -0.8945
vn -0.1548 -0.3241 -0.9332
vn -0.5780 -0.3217 -0.7499
vn -0.7996 -0.2805 -0.5309
vn -0.9425 -0.2114 -0.2588
vn -0.9888 -0.1452 -0.0358
vn -0.9888 -0.0964 0.1143
vn -0.9425 -0.0189 0.3337
vn -0.7996 0.0851 0.5944
vn -0.5780 0.1805 0.7958
vn -0.3002 0.2579 0.9184
vn -0.1548 0.2863 0.9455
vn -0.2924 -0.3681 -0.8826
vn -0.1509 -0.3432 -0.9271
vn -0.5632 -0.3929 -0.7269
vn -0.7793 -0.3790 -0.4991
vn -0.9186 -0.3275 -0.2212
vn -0.9637 -0.2669 0.0038
vn -0.9637 -0.2182 0.1538
vn -0.9186 -0.1349 0.3714
vn -0.7793 -0.0133 0.6265
vn -0.5632 0.1094 0.8190
vn -0.2924 0.2210 0.9304
vn -0.1509 0.2672 0.9517
vn -0.2794 -0.4044 -0.8708
vn -0.1442 -0.3619 -0.9210
vn -0.5384 -0.4628 -0.7042
vn -0.7449 -0.4758 -0.4677
vn -0.8781 -0.4416 -0.1842
vn -0.9213 -0.3866 0.0427
vn -0.9213 -0.3379 0.1927
vn -0.8781 -0.2490 0.4085
vn -0.7449 -0.1100 0.6580
vn -0.5384 0.0395 0.8418
vn -0.2794 0.1847 0.9422
vn -0.1442 0.2485 0.9578
vn -0.2613 -0.4391 -0.8596
vn -0.1349 -0.3799 -0.9151
vn -0.5035 -0.5297 -0.6825
vn -0.6968 -0.5683 -0.4376
vn -0.8214 -0.5507 -0.1487
vn -0.8617 -0.5011 0.0798
vn -0.8617 -0.4523 0.2299
vn -0.8214 -0.3581 0.4440
vn -0.6968 -0.2025 0.6881
vn -0.5035 -0.0274 0.8635
vn -0.2613 0.1500 0.9535
vn -0.1349 0.2306 0.9637
vn -0.2384 -0.4713 -0.8491
vn -0.1231 -0.3965 -0.9097
vn -0.4594 -0.5918 -0.6624
vn -0.6357 -0.6542 -0.4097
vn -0.7494 -0.6519 -0.1158
vn -0.7862 -0.6073 0.1144
vn -0.7862 -0.5585 0.2644
vn -0.7494 -0.4593 0.4769
vn -0.6357 -0.2884 0.7160
vn -0.4594 -0.0894 0.8837
vn -0.2384 0.1178 0.9640
vn -0.1231 0.2140 0.9691
vn -0.2112 -0.5003 -0.8397
vn -0.1090 -0.4114 -0.9049
vn -0.4070 -0.6476 -0.6442
vn -0.5631 -0.7314 -0.3846
vn -0.6639 -0.7429 -0.0863
vn -0.6965 -0.7027 0.1454
vn -0.6965 -0.6540 0.2954
vn -0.6639 -0.5503 0.5064
vn -0.5631 -0.3656 0.7411
vn -0.4070 -0.1452 0.9018
vn -0.2112 0.0888 0.9734
vn -0.1090 0.1990 0.9739
vn -0.1804 -0.5254 -0.8315
vn -0.0931 -0.4244 -0.9007
vn -0.3476 -0.6958 -0.6285
vn -0.4809 -0.7981 -0.3629
vn -0.5669 -0.8216 -0.0607
vn -0.5947 -0.7853 0.1722
vn -0.5947 -0.7365 0.3223
vn -0.5669 -0.6290 0.5320
vn -0.4809 -0.4324 0.7627
vn -0.3476 -0.1935 0.9175
vn -0.1804 0.0637 0.9815
vn -0.0931 0.1861 0.9781
vn -0.1467 -0.5461 -0.8248
vn -0.0757 -0.4351 -0.8972
vn -0.2826 -0.7357 -0.6155
vn -0.3910 -0.8533 -0.3449
vn -0.4609 -0.8866 -0.0395
vn -0.4836 -0.8535 0.1944
vn -0.4836 -0.8047 0.3444
vn -0.4609 -0.6940 0.5531
vn -0.3910 -0.4876 0.7806
vn -0.2826 -0.2334 0.9304
vn -0.1467 0.0430 0.9882
vn -0.0757 0.1754 0.9816
vn -0.1110 -0.5623 -0.8195
vn -0.0573 -0.4434 -0.8945
vn -0.2138 -0.7667 -0.6053
vn -0.2957 -0.8961 -0.3309
vn -0.3486 -0.9370 -0.0231
vn -0.3657 -0.9064 0.2116
vn -0.3657 -0.8576 0.3616
vn -0.3486 -0.7445 0.5694
vn -0.2957 -0.5305 0.7944
vn -0.2138 -0.2645 0.9404
vn -0.1110 0.0268 0.9935
vn -0.0573 0.1671 0.9843
vn -0.0741 -0.5737 -0.8157
vn -0.0382 -0.4492 -0.8926
vn -0.1427 -0.7886 -0.5981
vn -0.1974 -0.9263 -0.3210
vn -0.2326 -0.9725 -0.0115
vn -0.2440 -0.9436 0.2237
vn -0.2440 -0.8949 0.3737
vn -0.2326 -0.7800 0.5809
vn -0.1974 -0.5607 0.8042
vn -0.1427 -0.2864 0.9474
vn -0.0741 0.0153 0.9971
vn -0.0382 0.1613 0.9862
vn -0.0369 -0.5805 -0.8135
vn -0.0190 -0.4526 -0.8915
vn -0.0709 -0.8014 -0.5939
vn -0.0981 -0.9440 -0.3152
vn -0.1156 -0.9933 -0.0046
vn -0.1213 -0.9654 0.2308
vn -0.1213 -0.9167 0.3808
vn -0.1156 -0.8009 0.5876
vn -0.0981 -0.5784 0.8098
vn -0.0709 -0.2993 0.9515
vn -0.0369 0.0085 0.9993
vn -0.0190 0.1578 0.9873
vn 0.0001 -0.5827 -0.8127
vn -0.0000 -0.4537 -0.8911
vn 0.0001 -0.8056 -0.5924
vn 0.0001 -0.9497 -0.3132
vn 0.0002 -1.0000 -0.0024
vn 0.0002 -0.9725 0.2331
vn 0.0002 -0.9237 0.3830
vn 0.0002 -0.8076 0.5897
vn 0.0001 -0.5842 0.8116
vn 0.0001 -0.3036 0.9528
vn 0.0001 0.0062 1.0000
vn -0.0000 0.1567 0.9876
vn 0.0371 -0.5804 -0.8135
vn 0.0191 -0.4526 -0.8915
vn 0.0713 -0.8014 -0.5939
vn 0.0987 -0.9439 -0.3152
vn 0.1163 -0.9932 -0.0047
vn 0.1220 -0.9653 0.2307
vn 0.1220 -0.9166 0.3807
vn 0.1163 -0.8008 0.5876
vn 0.0987 -0.5783 0.8098
vn 0.0713 -0.2992 0.9515
vn 0.0371 0.0086 0.9993
vn 0.0191 0.1578 0.9873
vn 0.0744 -0.5736 -0.8158
vn 0.0384 -0.4492 -0.8926
vn 0.1433 -0.7884 -0.5982
vn 0.1983 -0.9261 -0.3211
vn 0.2337 -0.9722 -0.0116
vn 0.2452 -0.9434 0.2236
vn 0.2452 -0.8946 0.3736
vn 0.2337 -0.7798 0.5808
vn 0.1983 -0.5605 0.8041
vn 0.1433 -0.2862 0.9474
vn 0.0744 0.0154 0.9971
vn 0.0384 0.1613 0.9862
vn 0.1114 -0.5621 -0.8195
vn 0.0575 -0.4433 -0.8945
vn 0.2146 -0.7664 -0.6055
vn 0.2969 -0.8957 -0.3311
vn 0.3499 -0.9365 -0.0232
vn 0.3671 -0.9059 0.2114
vn 0.3671 -0.8571 0.3614
vn 0.3499 -0.7440 0.5693
vn 0.2969 -0.5300 0.7943
vn 0.2146 -0.2642 0.9403
vn 0.1114 0.0270 0.9934
vn 0.0575 0.1672 0.9842
vn 0.1471 -0.5459 -0.8248
vn 0.0759 -0.4349 -0.8973
vn 0.2834 -0.7353 -0.6156
vn 0.3921 -0.8527 -0.3451
vn 0.4622 -0.8859 -0.0397
vn 0.4849 -0.8527 0.1941
vn 0.4849 -0.8040 0.3442
vn 0.4622 -0.6933 0.5529
vn 0.3921 -0.4870 0.7804
vn 0.2834 -0.2330 0.9303
vn 0.1471 0.0432 0.9882
vn 0.0759 0.1755 0.9815
vn 0.1808 -0.5251 -0.8316
vn 0.0933 -0.4242 -0.9007
vn 0.3483 -0.6953 -0.6287
vn 0.4819 -0.7974 -0.3631
vn 0.5680 -0.8207 -0.0609
vn 0.5959 -0.7844 0.1719
vn 0.5959 -0.7357 0.3220
vn 0.5680 -0.6282 0.5317
vn 0.4819 -0.4317 0.7625
vn 0.3483 -0.1930 0.9173
vn 0.1808 0.0640 0.9814
vn 0.0933 0.1862 0.9781
vn 0.2115 -0.5000 -0.8398
vn 0.1092 -0.4113 -0.9049
vn 0.4075 -0.6470 -0.6444
vn 0.5639 -0.7307 -0.3849
vn 0.6648 -0.7420 -0.0865
vn 0.6974 -0.7018 0.1451
vn 0.6974 -0.6531 0.2952
vn 0.6648 -0.5495 0.5062
vn 0.5639 -0.3649 0.7408
vn 0.4075 -0.1447 0.9017
vn 0.2115 0.0891 0.9733
vn 0.1092 0.1992 0.9739
vn 0.2386 -0.4711 -0.8492
vn 0.1232 -0.3964 -0.9098
vn 0.4598 -0.5913 -0.6625
vn 0.6362 -0.6536 -0.4099
vn 0.7500 -0.6512 -0.1161
vn 0.7868 -0.6065 0.1141
vn 0.7868 -0.5578 0.2642
vn 0.7500 -0.4586 0.4767
vn 0.6362 -0.2878 0.7158
vn 0.4598 -0.0890 0.8836
vn 0.2386 0.1180 0.9639
vn 0.1232 0.2141 0.9690
vn 0.2614 -0.4389 -0.8596
vn 0.1350 -0.3798 -0.9152
vn 0.5037 -0.5294 -0.6826
vn 0.6971 -0.5678 -0.4378
vn 0.8217 -0.5501 -0.1489
vn 0.8621 -0.5005 0.0797
vn 0.8621 -0.4517 0.2297
vn 0.8217 -0.3575 0.4438
vn 0.6971 -0.2021 0.6880
vn 0.5037 -0.0270 0.8634
vn 0.2614 0.1502 0.9535
vn 0.1350 0.2307 0.9636
vn 0.2795 -0.4043 -0.8709
vn 0.1443 -0.3619 -0.9210
vn 0.5385 -0.4626 -0.7043
vn 0.7451 -0.4755 -0.4678
vn 0.8783 -0.4412 -0.1843
vn 0.9214 -0.3862 0.0425
vn 0.9214 -0.3375 0.1926
vn 0.8783 -0.2486 0.4084
vn 0.7451 -0.1097 0.6579
vn 0.5385 0.0397 0.8417
vn 0.2795 0.1848 0.9422
vn 0.1443 0.2486 0.9578
vn 0.2924 -0.3681 -0.8826
vn 0.1509 -0.3432 -0.9271
vn 0.5633 -0.3928 -0.7269
vn 0.7794 -0.3788 -0.4991
vn 0.9187 -0.3273 -0.2212
vn 0.9638 -0.2667 0.0037
vn 0.9638 -0.2180 0.1538
vn 0.9187 -0.1347 0.3714
vn 0.7794 -0.0131 0.6264
vn 0.5633 0.1095 0.8190
vn 0.2924 0.2210 0.9304
vn 0.1509 0.2673 0.9517
vn 0.3002 -0.3312 -0.8946
vn 0.1548 -0.3241 -0.9333
vn 0.5780 -0.3217 -0.7499
vn 0.7996 -0.2805 -0.5309
vn 0.9425 -0.2114 -0.2588
vn 0.9888 -0.1451 -0.0358
vn 0.9888 -0.0964 0.1142
vn 0.9425 -0.0188 0.3336
vn 0.7996 0.0852 0.5944
vn 0.5780 0.1805 0.7958
vn 0.3002 0.2579 0.9184
vn 0.1548 0.2863 0.9455
vn 0.3028 -0.2945 -0.9064
vn 0.5829 -0.2510 -0.7728
vn 0.8063 -0.1827 -0.5626
vn 0.9503 -0.0961 -0.2962
vn 0.9969 -0.0242 -0.0751
vn 0.9969 0.0245 0.0749
vn 0.9503 0.0964 0.2961
vn 0.8063 0.1829 0.5625
vn 0.5829 0.2512 0.7727
vn 0.3028 0.2946 0.9064
vn 0.1561 0.3053 0.9394
vn 0.3001 -0.2577 -0.9184
vn 0.1548 -0.2862 -0.9456
vn 0.5780 -0.1802 -0.7959
vn 0.7996 -0.0848 -0.5946
vn 0.9424 0.0193 -0.3338
vn 0.9887 0.0969 -0.1144
vn 0.9887 0.1456 0.0356
vn 0.9424 0.2119 0.2587
vn 0.7996 0.2809 0.5308
vn 0.5780 0.3220 0.7498
vn 0.3001 0.3313 0.8945
vn 0.1548 0.3242 0.9332
vn 0.2924 -0.2208 -0.9305
vn 0.1509 -0.2672 -0.9518
vn 0.5632 -0.1091 -0.8191
vn 0.7792 0.0137 -0.6266
vn 0.9185 0.1354 -0.3716
vn 0.9636 0.2186 -0.1540
vn 0.9636 0.2674 -0.0039
vn 0.9185 0.3279 0.2210
vn 0.7792 0.3794 0.4989
vn 0.5632 0.3932 0.7268
vn 0.2924 0.3683 0.8825
vn 0.1509 0.3433 0.9270
vn 0.2794 -0.1847 -0.9422
vn 0.1442 -0.2485 -0.9578
vn 0.5384 -0.0394 -0.8418
vn 0.7449 0.1101 -0.6580
vn 0.8781 0.2490 -0.4085
vn 0.9212 0.3379 -0.1927
vn 0.9212 0.3867 -0.0427
vn 0.8781 0.4416 0.1841
vn 0.7449 0.4758 0.4676
vn 0.5384 0.4629 0.7042
vn 0.2794 0.4044 0.8708
vn 0.1442 0.3620 0.9210
vn 0.2615 -0.1502 -0.9535
vn 0.1350 -0.2307 -0.9636
vn 0.5038 0.0270 -0.8634
vn 0.6971 0.2021 -0.6879
vn 0.8217 0.3575 -0.4438
vn 0.8621 0.4517 -0.2297
vn 0.8621 0.5005 -0.0797
vn 0.8217 0.5501 0.1489
vn 0.6971 0.5678 0.4378
vn 0.5038 0.5294 0.6826
vn 0.2615 0.4390 0.8596
vn 0.1350 0.3798 0.9152
vn 0.2388 -0.1181 -0.9639
vn 0.1233 -0.2142 -0.9690
vn 0.4600 0.0887 -0.8835
vn 0.6366 0.2874 -0.7157
vn 0.7504 0.4581 -0.4765
vn 0.7872 0.5573 -0.2640
vn 0.7872 0.6060 -0.1139
vn 0.7504 0.6507 0.1162
vn 0.6366 0.6532 0.4100
vn 0.4600 0.5911 0.6626
vn 0.2388 0.4710 0.8492
vn 0.1233 0.3963 0.9098
vn 0.2118 -0.0893 -0.9732
vn 0.1093 -0.1993 -0.9738
vn 0.4081 0.1442 -0.9015
vn 0.5647 0.3642 -0.7406
vn 0.6656 0.5486 -0.5059
vn 0.6983 0.6522 -0.2949
vn 0.6983 0.7010 -0.1448
vn 0.6656 0.7412 0.0868
vn 0.5647 0.7300 0.3851
vn 0.4081 0.6466 0.6445
vn 0.2118 0.4998 0.8399
vn 0.1093 0.4112 0.9050
vn 0.1812 -0.0643 -0.9813
vn 0.0935 -0.1864 -0.9780
vn 0.3491 0.1924 -0.9171
vn 0.4831 0.4309 -0.7622
vn 0.5694 0.6272 -0.5314
vn 0.5974 0.7346 -0.3216
vn 0.5974 0.7834 -0.1716
vn 0.5694 0.8197 0.0613
vn 0.4831 0.7966 0.3634
vn 0.3491 0.6947 0.6289
vn 0.1812 0.5248 0.8317
vn 0.0935 0.4241 0.9008
vn 0.1477 -0.0435 -0.9881
vn 0.0762 -0.1757 -0.9815
vn 0.2845 0.2325 -0.9301
vn 0.3936 0.4862 -0.7802
vn 0.4640 0.6924 -0.5526
vn 0.4868 0.8030 -0.3439
vn 0.4868 0.8518 -0.1938
vn 0.4640 0.8849 0.0400
vn 0.3936 0.8519 0.3454
vn 0.2845 0.7347 0.6158
vn 0.1477 0.5456 0.8249
vn 0.0762 0.4348 0.8973
vn 0.1120 -0.0272 -0.9933
vn 0.0578 -0.1673 -0.9842
vn 0.2157 0.2637 -0.9402
vn 0.2984 0.5294 -0.7941
vn 0.3517 0.7433 -0.5690
vn 0.3690 0.8564 -0.3612
vn 0.3690 0.9051 -0.2112
vn 0.3517 0.9358 0.0235
vn 0.2984 0.8951 0.3313
vn 0.2157 0.7660 0.6056
vn 0.1120 0.5619 0.8196
vn 0.0578 0.4432 0.8946
vn 0.0749 -0.0156 -0.9971
vn 0.0386 -0.1614 -0.9861
vn 0.1443 0.2860 -0.9473
vn 0.1996 0.5601 -0.8040
vn 0.2352 0.7794 -0.5807
vn 0.2468 0.8942 -0.3735
vn 0.2468 0.9430 -0.2235
vn 0.2352 0.9719 0.0117
vn 0.1996 0.9257 0.3212
vn 0.1443 0.7882 0.5983
vn 0.0749 0.5734 0.8158
vn 0.0386 0.4491 0.8927
vn 0.0373 -0.0087 -0.9993
vn 0.0193 -0.1579 -0.9873
vn 0.0719 0.2991 -0.9515
vn 0.0994 0.5782 -0.8098
vn 0.1172 0.8007 -0.5876
vn 0.1229 0.9165 -0.3807
vn 0.1229 0.9652 -0.2307
vn 0.1172 0.9931 0.0047
vn 0.0994 0.9438 0.3153
vn 0.0719 0.8013 0.5940
vn 0.0373 0.5803 0.8135
vn 0.0193 0.4526 0.8915
vn 0.0001 -0.0063 -1.0000
vn -0.0000 -0.1567 -0.9876
vn 0.0001 0.3035 -0.9528
vn 0.0002 0.5842 -0.8116
vn 0.0002 0.8076 -0.5897
vn 0.0002 0.9237 -0.3830
vn 0.0002 0.9725 -0.2331
vn 0.0002 1.0000 0.0024
vn 0.0002 0.9497 0.3132
vn 0.0001 0.8056 0.5924
vn 0.0001 0.5827 0.8127
vn -0.0000 0.4537 0.8911
vn 0.0330 0.0031 -0.9994
vn 0.0691 -0.0021 -0.9976
vn 0.0344 -0.1604 -0.9865
vn 0.0165 -0.1575 -0.9874
vn 0.0622 0.3094 -0.9489
vn 0.1300 0.2991 -0.9453
vn 0.0854 0.5855 -0.8061
vn 0.1783 0.5711 -0.8013
vn 0.1002 0.8047 -0.5851
vn 0.2093 0.7876 -0.5795
vn 0.1050 0.9186 -0.3809
vn 0.2193 0.9007 -0.3750
vn 0.1050 0.9671 -0.2318
vn 0.2193 0.9491 -0.2260
vn 0.1002 0.9950 0.0004
vn 0.2093 0.9778 0.0059
vn 0.0854 0.9475 0.3080
vn 0.1783 0.9330 0.3126
vn 0.0622 0.8081 0.5858
vn 0.1300 0.7976 0.5890
vn 0.0330 0.5900 0.8067
vn 0.0691 0.5847 0.8083
vn 0.0165 0.4530 0.8914
vn 0.0344 0.4501 0.8923
vn 0.1077 -0.0124 -0.9941
vn 0.0535 -0.1658 -0.9847
vn 0.2026 0.2791 -0.9386
vn 0.2778 0.5434 -0.7922
vn 0.3260 0.7551 -0.5688
vn 0.3416 0.8665 -0.3640
vn 0.3416 0.9149 -0.2149
vn 0.3260 0.9452 0.0164
vn 0.2778 0.9053 0.3215
vn 0.2026 0.7775 0.5953
vn 0.1077 0.5743 0.8116
vn 0.0535 0.4447 0.8941
vn 0.1475 -0.0289 -0.9886
vn 0.0732 -0.1741 -0.9820
vn 0.2773 0.2477 -0.9283
vn 0.3801 0.5002 -0.7780
vn 0.4461 0.7043 -0.5523
vn 0.4674 0.8133 -0.3467
vn 0.4674 0.8617 -0.1976
vn 0.4461 0.8944 0.0328
vn 0.3801 0.8620 0.3354
vn 0.2773 0.7460 0.6054
vn 0.1475 0.5577 0.8168
vn 0.0732 0.4363 0.8968
vn 0.1865 -0.0519 -0.9811
vn 0.0924 -0.1857 -0.9783
vn 0.3503 0.2042 -0.9141
vn 0.4801 0.4405 -0.7586
vn 0.5634 0.6342 -0.5295
vn 0.5903 0.7398 -0.3228
vn 0.5903 0.7883 -0.1737
vn 0.5634 0.8243 0.0556
vn 0.4801 0.8023 0.3547
vn 0.3503 0.7025 0.6195
vn 0.1865 0.5347 0.8242
vn 0.0924 0.4248 0.9006
vn 0.2222 -0.0810 -0.9716
vn 0.1101 -0.2001 -0.9736
vn 0.4174 0.1496 -0.8963
vn 0.5721 0.3656 -0.7342
vn 0.6714 0.5462 -0.5009
vn 0.7034 0.6477 -0.2929
vn 0.7034 0.6961 -0.1438
vn 0.6714 0.7363 0.0842
vn 0.5721 0.7273 0.3791
vn 0.4174 0.6479 0.6372
vn 0.2222 0.5056 0.8337
vn 0.1101 0.4104 0.9053
vn 0.2529 -0.1148 -0.9607
vn 0.1253 -0.2168 -0.9681
vn 0.4750 0.0862 -0.8758
vn 0.6510 0.2787 -0.7060
vn 0.7640 0.4443 -0.4678
vn 0.8005 0.5409 -0.2582
vn 0.8005 0.5893 -0.1091
vn 0.7640 0.6344 0.1173
vn 0.6510 0.6405 0.4073
vn 0.4750 0.5845 0.6578
vn 0.2529 0.4718 0.8447
vn 0.1253 0.3937 0.9107
vn 0.2771 -0.1514 -0.9488
vn 0.1374 -0.2349 -0.9623
vn 0.5207 0.0175 -0.8535
vn 0.7138 0.1847 -0.6755
vn 0.8377 0.3340 -0.4320
vn 0.8777 0.4254 -0.2206
vn 0.8777 0.4738 -0.0715
vn 0.8377 0.5242 0.1532
vn 0.7138 0.5465 0.4379
vn 0.5207 0.5159 0.6802
vn 0.2771 0.4352 0.8566
vn 0.1374 0.3756 0.9165
vn 0.2946 -0.1889 -0.9368
vn 0.1463 -0.2534 -0.9563
vn 0.5540 -0.0527 -0.8308
vn 0.7596 0.0885 -0.6443
vn 0.8915 0.2211 -0.3953
vn 0.9341 0.3071 -0.1822
vn 0.9341 0.3555 -0.0331
vn 0.8915 0.4113 0.1899
vn 0.7596 0.4503 0.4693
vn 0.5540 0.4457 0.7032
vn 0.2946 0.3978 0.8689
vn 0.1463 0.3571 0.9225
vn 0.3058 -0.2256 -0.9250
vn 0.1521 -0.2715 -0.9503
vn 0.5757 -0.1217 -0.8086
vn 0.7895 -0.0060 -0.6138
vn 0.9267 0.1103 -0.3594
vn 0.9709 0.1909 -0.1444
vn 0.9709 0.2394 0.0046
vn 0.9267 0.3004 0.2259
vn 0.7895 0.3559 0.5001
vn 0.5757 0.3768 0.7257
vn 0.3058 0.3612 0.8809
vn 0.1521 0.3389 0.9284
vn 0.3118 -0.2605 -0.9137
vn 0.1552 -0.2888 -0.9447
vn 0.5873 -0.1874 -0.7874
vn 0.8056 -0.0960 -0.5846
vn 0.9457 0.0046 -0.3251
vn 0.9908 0.0803 -0.1085
vn 0.9908 0.1287 0.0406
vn 0.9457 0.1949 0.2603
vn 0.8056 0.2660 0.5294
vn 0.5873 0.3113 0.7472
vn 0.3118 0.3263 0.8924
vn 0.1552 0.3216 0.9341
vn 0.3136 -0.2940 -0.9029
vn 0.1562 -0.3055 -0.9393
vn 0.5908 -0.2504 -0.7670
vn 0.8105 -0.1825 -0.5566
vn 0.9514 -0.0968 -0.2922
vn 0.9969 -0.0260 -0.0739
vn 0.9969 0.0224 0.0751
vn 0.9514 0.0934 0.2933
vn 0.8105 0.1795 0.5575
vn 0.5908 0.2482 0.7677
vn 0.3136 0.2929 0.9033
vn 0.1562 0.3049 0.9395
vn 0.3118 -0.3287 -0.8915
vn 0.1551 -0.3228 -0.9337
vn 0.5869 -0.3158 -0.7455
vn 0.8049 -0.2722 -0.5273
vn 0.9448 -0.2022 -0.2579
vn 0.9899 -0.1364 -0.0381
vn 0.9899 -0.0880 0.1110
vn 0.9448 -0.0120 0.3275
vn 0.8049 0.0897 0.5866
vn 0.5869 0.1827 0.7888
vn 0.3118 0.2580 0.9144
vn 0.1551 0.2877 0.9451
vn 0.3049 -0.3662 -0.8792
vn 0.1514 -0.3414 -0.9276
vn 0.5734 -0.3863 -0.7225
vn 0.7862 -0.3688 -0.4958
vn 0.9228 -0.3156 -0.2210
vn 0.9669 -0.2553 0.0005
vn 0.9669 -0.2069 0.1496
vn 0.9228 -0.1255 0.3643
vn 0.7862 -0.0070 0.6179
vn 0.5734 0.1122 0.8115
vn 0.3049 0.2205 0.9265
vn 0.1514 0.2690 0.9512
vn 0.2918 -0.4053 -0.8663
vn 0.1447 -0.3608 -0.9214
vn 0.5485 -0.4597 -0.6985
vn 0.7518 -0.4695 -0.4629
vn 0.8823 -0.4338 -0.1825
vn 0.9244 -0.3791 0.0408
vn 0.9244 -0.3307 0.1899
vn 0.8823 -0.2437 0.4026
vn 0.7518 -0.1077 0.6505
vn 0.5485 0.0386 0.8353
vn 0.2918 0.1813 0.9391
vn 0.1447 0.2497 0.9575
vn 0.2718 -0.4445 -0.8535
vn 0.1347 -0.3802 -0.9151
vn 0.5106 -0.5332 -0.6745
vn 0.6999 -0.5703 -0.4301
vn 0.8213 -0.5520 -0.1441
vn 0.8605 -0.5030 0.0810
vn 0.8605 -0.4545 0.2301
vn 0.8213 -0.3619 0.4410
vn 0.6999 -0.2085 0.6832
vn 0.5106 -0.0350 0.8591
vn 0.2718 0.1420 0.9518
vn 0.1347 0.2303 0.9638
vn 0.2450 -0.4817 -0.8414
vn 0.1213 -0.3985 -0.9091
vn 0.4600 -0.6030 -0.6518
vn 0.6304 -0.6659 -0.3990
vn 0.7398 -0.6642 -0.1076
vn 0.7751 -0.6205 0.1192
vn 0.7751 -0.5721 0.2683
vn 0.7398 -0.4741 0.4774
vn 0.6304 -0.3041 0.7142
vn 0.4600 -0.1048 0.8817
vn 0.2450 0.1048 0.9639
vn 0.1213 0.2119 0.9697
vn 0.2121 -0.5148 -0.8307
vn 0.1050 -0.4149 -0.9038
vn 0.3984 -0.6651 -0.6316
vn 0.5460 -0.7510 -0.3714
vn 0.6407 -0.7641 -0.0752
vn 0.6713 -0.7252 0.1532
vn 0.6713 -0.6767 0.3023
vn 0.6407 -0.5740 0.5099
vn 0.5460 -0.3892 0.7419
vn 0.3984 -0.1668 0.9019
vn 0.2121 0.0718 0.9746
vn 0.1050 0.1956 0.9751
vn 0.1753 -0.5420 -0.8219
vn 0.0869 -0.4285 -0.8994
vn 0.3293 -0.7165 -0.6150
vn 0.4514 -0.8214 -0.3486
vn 0.5298 -0.8468 -0.0483
vn 0.5551 -0.8118 0.1814
vn 0.5551 -0.7634 0.3304
vn 0.5298 -0.6567 0.5368
vn 0.4514 -0.4597 0.7648
vn 0.3293 -0.2181 0.9187
vn 0.1753 0.0446 0.9835
vn 0.0869 0.1820 0.9795
vn 0.1367 -0.5627 -0.8153
vn 0.0679 -0.4389 -0.8960
vn 0.2571 -0.7557 -0.6024
vn 0.3525 -0.8753 -0.3312
vn 0.4137 -0.9100 -0.0278
vn 0.4334 -0.8780 0.2029
vn 0.4334 -0.8296 0.3520
vn 0.4137 -0.7199 0.5574
vn 0.3525 -0.5134 0.7824
vn 0.2571 -0.2573 0.9315
vn 0.1367 0.0240 0.9903
vn 0.0679 0.1716 0.9828
vn 0.0987 -0.5770 -0.8108
vn 0.0491 -0.4462 -0.8936
vn 0.1857 -0.7830 -0.5937
vn 0.2547 -0.9129 -0.3191
vn 0.2989 -0.9542 -0.0135
vn 0.3132 -0.9243 0.2179
vn 0.3132 -0.8759 0.3670
vn 0.2989 -0.7640 0.5718
vn 0.2547 -0.5510 0.7947
vn 0.1857 -0.2845 0.9405
vn 0.0987 0.0098 0.9951
vn 0.0491 0.1642 0.9852
vn 0.0627 -0.5857 -0.8081
vn 0.0312 -0.4508 -0.8921
vn 0.1182 -0.7999 -0.5884
vn 0.1621 -0.9363 -0.3117
vn 0.1903 -0.9817 -0.0047
vn 0.1994 -0.9532 0.2273
vn 0.1994 -0.9048 0.3764
vn 0.1903 -0.7915 0.5808
vn 0.1621 -0.5743 0.8025
vn 0.1182 -0.3013 0.9462
vn 0.0627 0.0012 0.9980
vn 0.0312 0.1597 0.9867
vn 0.0298 -0.5900 -0.8069
vn 0.0149 -0.4531 -0.8913
vn 0.0562 -0.8085 -0.5858
vn 0.0772 -0.9483 -0.3079
vn 0.0906 -0.9959 -0.0002
vn 0.0949 -0.9680 0.2321
vn 0.0949 -0.9196 0.3812
vn 0.0906 -0.8056 0.5855
vn 0.0772 -0.5862 0.8065
vn 0.0562 -0.3097 0.9492
vn 0.0298 -0.0030 0.9996
vn 0.0149 0.1573 0.9874
vn 0.0071 -0.5894 -0.8078
vn 0.0036 -0.4539 -0.8910
vn 0.0134 -0.8099 -0.5865
vn 0.0184 -0.9512 -0.3079
vn 0.0216 -0.9998 0.0005
vn 0.0226 -0.9721 0.2334
vn 0.0226 -0.9237 0.3825
vn 0.0216 -0.8092 0.5872
vn 0.0184 -0.5886 0.8082
vn 0.0134 -0.3105 0.9505
vn 0.0071 -0.0020 1.0000
vn 0.0036 0.1565 0.9877
vn 0.7024 -0.7038 0.1069
vn 0.7024 -0.6322 0.3272
vn 0.6319 -0.4624 0.6220
vn -0.5226 -0.2889 0.8022
vn -0.5226 0.2889 -0.8022
vn 0.0078 0.0022 -1.0000
vn 0.0039 -0.1565 -0.9877
vn 0.0148 0.3106 -0.9504
vn 0.0204 0.5886 -0.8082
vn 0.0240 0.8091 -0.5871
vn 0.0251 0.9236 -0.3825
vn 0.0251 0.9721 -0.2334
vn 0.0240 0.9997 -0.0006
vn 0.0204 0.9512 0.3078
vn 0.0148 0.8099 0.5863
vn 0.0078 0.5895 0.8077
vn 0.0039 0.4539 0.8910
vn -0.0070 -0.0023 -1.0000
vn -0.0288 -0.0063 -0.9996
vn -0.0148 -0.1573 -0.9874
vn -0.0036 -0.1565 -0.9877
vn -0.0134 0.3070 -0.9516
vn -0.0553 0.3022 -0.9516
vn -0.0184 0.5864 -0.8098
vn -0.0763 0.5816 -0.8099
vn -0.0217 0.8083 -0.5883
vn -0.0899 0.8039 -0.5880
vn -0.0227 0.9236 -0.3827
vn -0.0943 0.9195 -0.3816
vn -0.0227 0.9721 -0.2333
vn -0.0943 0.9682 -0.2318
vn -0.0217 0.9998 0.0009
vn -0.0899 0.9959 0.0032
vn -0.0184 0.9504 0.3105
vn -0.0763 0.9465 0.3134
vn -0.0134 0.8077 0.5894
vn -0.0553 0.8039 0.5922
vn -0.0070 0.5859 0.8104
vn -0.0288 0.5824 0.8124
vn -0.0036 0.4539 0.8910
vn -0.0148 0.4532 0.8913
vn -0.0598 -0.0112 -0.9981
vn -0.0308 -0.1596 -0.9867
vn -0.1150 0.2933 -0.9491
vn -0.1589 0.5696 -0.8064
vn -0.1872 0.7901 -0.5837
vn -0.1964 0.9052 -0.3770
vn -0.1964 0.9539 -0.2271
vn -0.1872 0.9823 0.0079
vn -0.1589 0.9348 0.3176
vn -0.1150 0.7952 0.5954
vn -0.0598 0.5776 0.8141
vn -0.0308 0.4509 0.8921
vn -0.0932 -0.0201 -0.9954
vn -0.0480 -0.1639 -0.9853
vn -0.1793 0.2768 -0.9441
vn -0.2480 0.5471 -0.7995
vn -0.2922 0.7638 -0.5755
vn -0.3065 0.8778 -0.3681
vn -0.3065 0.9265 -0.2182
vn -0.2922 0.9562 0.0166
vn -0.2480 0.9125 0.3252
vn -0.1793 0.7788 0.6011
vn -0.0932 0.5688 0.8172
vn -0.0480 0.4465 0.8935
vn -0.1283 -0.0340 -0.9912
vn -0.0662 -0.1708 -0.9831
vn -0.2471 0.2507 -0.9360
vn -0.3419 0.5115 -0.7883
vn -0.4030 0.7222 -0.5622
vn -0.4228 0.8342 -0.3540
vn -0.4228 0.8830 -0.2040
vn -0.4030 0.9147 0.0304
vn -0.3419 0.8772 0.3371
vn -0.2471 0.7530 0.6098
vn -0.1283 0.5551 0.8218
vn -0.0662 0.4397 0.8957
vn -0.1640 -0.0534 -0.9850
vn -0.0848 -0.1806 -0.9799
vn -0.3162 0.2137 -0.9243
vn -0.4377 0.4606 -0.7722
vn -0.5160 0.6624 -0.5431
vn -0.5414 0.7717 -0.3337
vn -0.5414 0.8205 -0.1836
vn -0.5160 0.8551 0.0500
vn -0.4377 0.8265 0.3540
vn -0.3162 0.7162 0.6222
vn -0.1640 0.5357 0.8283
vn -0.0848 0.4299 0.8989
vn -0.1987 -0.0789 -0.9769
vn -0.1028 -0.1936 -0.9757
vn -0.3833 0.1650 -0.9087
vn -0.5308 0.3934 -0.7507
vn -0.6259 0.5834 -0.5176
vn -0.6568 0.6889 -0.3069
vn -0.6568 0.7377 -0.1566
vn -0.6259 0.7762 0.0758
vn -0.5308 0.7595 0.3761
vn -0.3833 0.6676 0.6382
vn -0.1987 0.5104 0.8367
vn -0.1028 0.4169 0.9031
vn -0.2304 -0.1099 -0.9669
vn -0.1193 -0.2096 -0.9705
vn -0.4447 0.1053 -0.8895
vn -0.6158 0.3108 -0.7240
vn -0.7263 0.4860 -0.4860
vn -0.7621 0.5868 -0.2737
vn -0.7621 0.6356 -0.1235
vn -0.7263 0.6789 0.1075
vn -0.6158 0.6770 0.4030
vn -0.4447 0.6080 0.6577
vn -0.2304 0.4794 0.8468
vn -0.1193 0.4009 0.9083
vn -0.2573 -0.1454 -0.9553
vn -0.1332 -0.2280 -0.9645
vn -0.4966 0.0368 -0.8672
vn -0.6877 0.2160 -0.6931
vn -0.8110 0.3742 -0.4497
vn -0.8510 0.4694 -0.2356
vn -0.8510 0.5182 -0.0853
vn -0.8110 0.5671 0.1439
vn -0.6877 0.5821 0.4338
vn -0.4966 0.5395 0.6800
vn -0.2573 0.4439 0.8583
vn -0.1332 0.3825 0.9143
vn -0.2781 -0.1834 -0.9429
vn -0.1438 -0.2477 -0.9581
vn -0.5365 -0.0368 -0.8431
vn -0.7427 0.1140 -0.6598
vn -0.8758 0.2539 -0.4105
vn -0.9189 0.3431 -0.1945
vn -0.9189 0.3919 -0.0443
vn -0.8758 0.4467 0.1828
vn -0.7427 0.4801 0.4668
vn -0.5365 0.4658 0.7037
vn -0.2781 0.4058 0.8706
vn -0.1438 0.3628 0.9207
vn -0.2923 -0.2220 -0.9302
vn -0.1510 -0.2677 -0.9516
vn -0.5635 -0.1113 -0.8186
vn -0.7798 0.0106 -0.6259
vn -0.9194 0.1319 -0.3706
vn -0.9646 0.2150 -0.1528
vn -0.9646 0.2638 -0.0027
vn -0.9194 0.3245 0.2223
vn -0.7798 0.3765 0.5001
vn -0.5635 0.3911 0.7277
vn -0.2923 0.3671 0.8830
vn -0.1510 0.3427 0.9272
vn -0.3005 -0.2593 -0.9179
vn -0.1550 -0.2871 -0.9453
vn -0.5785 -0.1833 -0.7948
vn -0.8002 -0.0891 -0.5931
vn -0.9431 0.0142 -0.3321
vn -0.9894 0.0915 -0.1127
vn -0.9894 0.1403 0.0374
vn -0.9431 0.2067 0.2603
vn -0.8002 0.2765 0.5322
vn -0.5785 0.3189 0.7508
vn -0.3005 0.3297 0.8950
vn -0.1550 0.3234 0.9335
vn -0.3039 -0.2926 -0.9067
vn -0.1562 -0.3043 -0.9397
vn -0.5838 -0.2474 -0.7733
vn -0.8068 -0.1778 -0.5634
vn -0.9504 -0.0904 -0.2976
vn -0.9969 -0.0184 -0.0768
vn -0.9969 0.0303 0.0730
vn -0.9504 0.1017 0.2939
vn -0.8068 0.1874 0.5603
vn -0.5838 0.2544 0.7710
vn -0.3039 0.2962 0.9055
vn -0.1562 0.3062 0.9391
vn -0.3028 -0.3220 -0.8970
vn -0.1555 -0.3194 -0.9348
vn -0.5814 -0.3039 -0.7547
vn -0.8033 -0.2559 -0.5378
vn -0.9461 -0.1825 -0.2675
vn -0.9923 -0.1150 -0.0454
vn -0.9923 -0.0663 0.1043
vn -0.9461 0.0096 0.3237
vn -0.8033 0.1091 0.5855
vn -0.5814 0.1977 0.7892
vn -0.3028 0.2667 0.9150
vn -0.1555 0.2910 0.9440
vn -0.2976 -0.3518 -0.8875
vn -0.1531 -0.3347 -0.9298
vn -0.5720 -0.3612 -0.7364
vn -0.7906 -0.3350 -0.5125
vn -0.9315 -0.2756 -0.2375
vn -0.9770 -0.2126 -0.0138
vn -0.9770 -0.1640 0.1361
vn -0.9315 -0.0834 0.3541
vn -0.7906 0.0302 0.6115
vn -0.5720 0.1407 0.8081
vn -0.2976 0.2371 0.9248
vn -0.1531 0.2757 0.9490
vn -0.2880 -0.3840 -0.8773
vn -0.1484 -0.3514 -0.9244
vn -0.5543 -0.4233 -0.7167
vn -0.7665 -0.4209 -0.4850
vn -0.9033 -0.3769 -0.2049
vn -0.9476 -0.3188 0.0207
vn -0.9476 -0.2701 0.1707
vn -0.9033 -0.1845 0.3873
vn -0.7665 -0.0555 0.6398
vn -0.5543 0.0788 0.8286
vn -0.2880 0.2050 0.9354
vn -0.1484 0.2591 0.9544
vn -0.2729 -0.4182 -0.8664
vn -0.1409 -0.3691 -0.9187
vn -0.5259 -0.4894 -0.6956
vn -0.7277 -0.5125 -0.4558
vn -0.8579 -0.4849 -0.1701
vn -0.9000 -0.4321 0.0574
vn -0.9000 -0.3833 0.2075
vn -0.8579 -0.2923 0.4226
vn -0.7277 -0.1468 0.6700
vn -0.5259 0.0129 0.8505
vn -0.2729 0.1709 0.9467
vn -0.1409 0.2414 0.9601
vn -0.2514 -0.4532 -0.8552
vn -0.1300 -0.3873 -0.9128
vn -0.4850 -0.5573 -0.6740
vn -0.6714 -0.6066 -0.4257
vn -0.7917 -0.5959 -0.1343
vn -0.8307 -0.5485 0.0952
vn -0.8307 -0.4997 0.2454
vn -0.7917 -0.4031 0.4590
vn -0.6714 -0.2406 0.7009
vn -0.4849 -0.0547 0.8728
vn -0.2514 0.1360 0.9583
vn -0.1300 0.2232 0.9661
vn -0.2230 -0.4872 -0.8443
vn -0.1155 -0.4049 -0.9070
vn -0.4306 -0.6231 -0.6529
vn -0.5964 -0.6980 -0.3963
vn -0.7035 -0.7037 -0.0995
vn -0.7381 -0.6616 0.1319
vn -0.7381 -0.6128 0.2822
vn -0.7035 -0.5108 0.4942
vn -0.5964 -0.3317 0.7309
vn -0.4306 -0.1204 0.8945
vn -0.2230 0.1021 0.9694
vn -0.1155 0.2055 0.9718
vn -0.1886 -0.5179 -0.8344
vn -0.0977 -0.4209 -0.9019
vn -0.3642 -0.6825 -0.6337
vn -0.5045 -0.7802 -0.3697
vn -0.5951 -0.8008 -0.0681
vn -0.6245 -0.7634 0.1650
vn -0.6245 -0.7146 0.3153
vn -0.5951 -0.6078 0.5257
vn -0.5045 -0.4139 0.7577
vn -0.3642 -0.1796 0.9138
vn -0.1886 0.0715 0.9795
vn -0.0977 0.1896 0.9770
vn -0.1499 -0.5432 -0.8261
vn -0.0776 -0.4339 -0.8976
vn -0.2894 -0.7312 -0.6177
vn -0.4008 -0.8477 -0.3476
vn -0.4727 -0.8802 -0.0422
vn -0.4960 -0.8468 0.1921
vn -0.4960 -0.7980 0.3423
vn -0.4727 -0.6873 0.5515
vn -0.4008 -0.4814 0.7795
vn -0.2894 -0.2285 0.9296
vn -0.1499 0.0461 0.9876
vn -0.0776 0.1766 0.9812
vn -0.1095 -0.5621 -0.8198
vn -0.0566 -0.4435 -0.8945
vn -0.2112 -0.7671 -0.6057
vn -0.2924 -0.8971 -0.3312
vn -0.3448 -0.9384 -0.0230
vn -0.3617 -0.9079 0.2120
vn -0.3617 -0.8591 0.3621
vn -0.3448 -0.7457 0.5702
vn -0.2924 -0.5311 0.7952
vn -0.2112 -0.2646 0.9409
vn -0.1095 0.0271 0.9936
vn -0.0566 0.1669 0.9843
vn -0.0700 -0.5745 -0.8155
vn -0.0361 -0.4497 -0.8925
vn -0.1348 -0.7903 -0.5977
vn -0.1865 -0.9287 -0.3204
vn -0.2199 -0.9755 -0.0106
vn -0.2307 -0.9467 0.2247
vn -0.2307 -0.8980 0.3747
vn -0.2199 -0.7829 0.5819
vn -0.1865 -0.5631 0.8051
vn -0.1348 -0.2880 0.9481
vn -0.0700 0.0146 0.9974
vn -0.0361 0.1608 0.9863
vn -0.0333 -0.5812 -0.8131
vn -0.0171 -0.4529 -0.8914
vn -0.0640 -0.8024 -0.5933
vn -0.0885 -0.9451 -0.3145
vn -0.1043 -0.9945 -0.0040
vn -0.1094 -0.9667 0.2312
vn -0.1094 -0.9180 0.3812
vn -0.1043 -0.8022 0.5878
vn -0.0885 -0.5798 0.8100
vn -0.0640 -0.3005 0.9516
vn -0.0333 0.0077 0.9994
vn -0.0171 0.1576 0.9874
vn -0.0080 -0.5856 -0.8105
vn -0.0041 -0.4539 -0.8910
vn -0.0152 -0.8075 -0.5897
vn -0.0210 -0.9503 -0.3107
vn -0.0247 -0.9997 -0.0010
vn -0.0259 -0.9721 0.2332
vn -0.0259 -0.9235 0.3827
vn -0.0247 -0.8082 0.5884
vn -0.0210 -0.5862 0.8099
vn -0.0152 -0.3067 0.9517
vn -0.0080 0.0027 1.0000
vn -0.0041 0.1565 0.9877
vn 0.6319 -0.7397 -0.2314
vn 0.1203 -0.1901 -0.9744
vn 0.2882 -0.0081 -0.9575
vn 0.4666 0.2116 -0.8588
vn 0.6319 0.4624 -0.6220
vn 0.7024 0.6322 -0.3272
vn 0.7024 0.7038 -0.1069
vn 0.6319 0.7397 0.2315
vn 0.4666 0.6760 0.5704
vn 0.2882 0.5563 0.7794
vn 0.1203 0.4190 0.9000
vn -0.1679 -0.5414 -0.8239
vn -0.1183 -0.4760 -0.8714
vn -0.0715 -0.4118 -0.9085
vn -0.3036 -0.7037 -0.6423
vn -0.2622 -0.6571 -0.7067
vn -0.4237 -0.8175 -0.3902
vn -0.3972 -0.7959 -0.4569
vn -0.5100 -0.8567 -0.0775
vn -0.5013 -0.8567 -0.1213
vn -0.5398 -0.8238 0.1729
vn -0.5395 -0.8252 0.1671
vn -0.5398 -0.7681 0.3444
vn -0.5395 -0.7658 0.3499
vn -0.5100 -0.6475 0.5662
vn -0.5013 -0.6218 0.6017
vn -0.4237 -0.4320 0.7962
vn -0.3972 -0.3754 0.8375
vn -0.3036 -0.1918 0.9333
vn -0.2622 -0.1162 0.9580
vn -0.1679 0.0463 0.9847
vn -0.1183 0.1271 0.9848
vn -0.0715 0.2009 0.9770
vn 0.1190 -0.4732 -0.8729
vn 0.0722 -0.4104 -0.9090
vn 0.2647 -0.6525 -0.7101
vn 0.4020 -0.7907 -0.4617
vn 0.5088 -0.8517 -0.1257
vn 0.5482 -0.8200 0.1646
vn 0.5482 -0.7602 0.3488
vn 0.5088 -0.6151 0.6023
vn 0.4020 -0.3683 0.8383
vn 0.2647 -0.1105 0.9580
vn 0.1190 0.1302 0.9843
vn 0.0722 0.2023 0.9767
vn 0.1700 -0.5390 -0.8250
vn 0.3075 -0.6996 -0.6450
vn 0.4296 -0.8126 -0.3938
vn 0.5179 -0.8516 -0.0808
vn 0.5485 -0.8186 0.1706
vn 0.5485 -0.7625 0.3431
vn 0.5179 -0.6415 0.5659
vn 0.4296 -0.4260 0.7962
vn 0.3075 -0.1869 0.9330
vn 0.1700 0.0489 0.9842
vn -0.1953 -0.4231 -0.8848
vn -0.0726 -0.3534 -0.9327
vn -0.3630 -0.5062 -0.7823
vn -0.5568 -0.5798 -0.5948
vn -0.7478 -0.6068 -0.2696
vn -0.8274 -0.5598 0.0450
vn -0.8274 -0.4793 0.2927
vn -0.7478 -0.3324 0.5748
vn -0.5568 -0.1195 0.8220
vn -0.3630 0.0503 0.9304
vn -0.1953 0.1778 0.9645
vn -0.0726 0.2623 0.9623
vn -0.1701 -0.0490 -0.9842
vn -0.0722 -0.2024 -0.9766
vn -0.3076 0.1867 -0.9330
vn -0.4298 0.4258 -0.7962
vn -0.5182 0.6413 -0.5659
vn -0.5487 0.7624 -0.3431
vn -0.5487 0.8184 -0.1705
vn -0.5182 0.8514 0.0809
vn -0.4298 0.8125 0.3939
vn -0.3076 0.6995 0.6451
vn -0.1701 0.5389 0.8250
vn -0.0722 0.4103 0.9091
vn 0.1686 -0.0471 -0.9846
vn 0.0717 -0.2013 -0.9769
vn 0.3049 0.1902 -0.9332
vn 0.4256 0.4300 -0.7962
vn 0.5126 0.6456 -0.5661
vn 0.5426 0.7663 -0.3440
vn 0.5426 0.8221 -0.1721
vn 0.5126 0.8550 0.0786
vn 0.4256 0.8159 0.3913
vn 0.3049 0.7024 0.6432
vn 0.1686 0.5406 0.8242
vn 0.0717 0.4113 0.9087
vn 0.1945 -0.4208 -0.8860
vn 0.0721 -0.3524 -0.9331
vn 0.3619 -0.5024 -0.7853
vn 0.5566 -0.5751 -0.5996
vn 0.7501 -0.6017 -0.2745
vn 0.8312 -0.5543 0.0419
vn 0.8312 -0.4731 0.2920
vn 0.7501 -0.3254 0.5757
vn 0.5566 -0.1128 0.8231
vn 0.3619 0.0551 0.9306
vn 0.1945 0.1804 0.9642
vn 0.0721 0.2633 0.9620
vn -0.1007 -0.2446 -0.9644
vn 0.0011 -0.3842 -0.9233
vn 0.0009 -0.3677 -0.9299
vn -0.0721 -0.2634 -0.9620
vn -0.2616 -0.1321 -0.9561
vn 0.0030 -0.5124 -0.8587
vn -0.4580 0.0240 -0.8886
vn 0.0057 -0.6746 -0.7382
vn -0.6951 0.2564 -0.6716
vn 0.0098 -0.8978 -0.4403
vn -0.8288 0.4646 -0.3117
vn 0.0134 -0.9951 0.0977
vn -0.8288 0.5591 -0.0209
vn 0.0134 -0.8625 0.5059
vn -0.6951 0.6022 0.3926
vn 0.0098 -0.4676 0.8839
vn -0.4580 0.5417 0.7048
vn 0.0057 -0.1119 0.9937
vn -0.2616 0.4551 0.8511
vn 0.0030 0.0902 0.9959
vn -0.1007 0.3690 0.9240
vn 0.0011 0.2319 0.9727
vn -0.0721 0.3524 0.9331
vn 0.0009 0.2491 0.9685
vn 0.1026 -0.2414 -0.9650
vn 0.0729 -0.2614 -0.9625
vn 0.2649 -0.1244 -0.9562
vn 0.4614 0.0365 -0.8865
vn 0.6939 0.2713 -0.6670
vn 0.8218 0.4766 -0.3121
vn 0.8218 0.5691 -0.0277
vn 0.6939 0.6116 0.3801
vn 0.4614 0.5506 0.6957
vn 0.2649 0.4614 0.8467
vn 0.1026 0.3719 0.9226
vn 0.0729 0.3542 0.9323
vn 0.1783 -0.2166 -0.9598
vn 0.0638 -0.2774 -0.9586
vn 0.3362 -0.1238 -0.9336
vn 0.5392 0.0143 -0.8420
vn 0.7734 0.2198 -0.5946
vn 0.8810 0.3781 -0.2843
vn 0.8810 0.4730 0.0078
vn 0.7734 0.5273 0.3519
vn 0.5392 0.5065 0.6728
vn 0.3362 0.4486 0.8281
vn 0.1783 0.3889 0.9039
vn 0.0638 0.3390 0.9386
vn 0.0847 -0.2667 -0.9600
vn 0.2291 -0.1880 -0.9551
vn 0.4174 -0.0715 -0.9059
vn 0.6859 0.1338 -0.7153
vn 0.8761 0.3658 -0.3141
vn 0.8761 0.4805 0.0391
vn 0.6859 0.5287 0.5000
vn 0.4174 0.4747 0.7749
vn 0.2291 0.4093 0.8832
vn 0.0847 0.3485 0.9335
vn -0.1783 -0.3889 -0.9039
vn -0.0638 -0.3390 -0.9386
vn -0.3362 -0.4486 -0.8281
vn -0.5392 -0.5065 -0.6728
vn -0.7734 -0.5273 -0.3519
vn -0.8810 -0.4730 -0.0078
vn -0.8810 -0.3781 0.2843
vn -0.7734 -0.2198 0.5946
vn -0.5392 -0.0143 0.8420
vn -0.3362 0.1238 0.9336
vn -0.1783 0.2166 0.9598
vn -0.0638 0.2774 0.9586
vn -0.0847 -0.3485 -0.9335
vn -0.2291 -0.4093 -0.8832
vn -0.4174 -0.4747 -0.7749
vn -0.6859 -0.5287 -0.5000
vn -0.8761 -0.4805 -0.0391
vn -0.8761 -0.3658 0.3141
vn -0.6859 -0.1338 0.7153
vn -0.4174 0.0715 0.9059
vn -0.2291 0.1880 0.9551
vn -0.0847 0.2667 0.9600
vt 0.285714 0.000000
vt 0.714286 0.000000
vt 0.571429 0.000000
vt 0.428571 0.000000
vt 0.000000 0.000000
vt 1.000000 0.000000
vt 0.857143 0.000000
vt 0.142857 0.000000
vt 0.400000 0.000000
vt 0.300000 0.000000
vt 0.200000 0.000000
vt 0.500000 0.000000
vt 0.600000 0.000000
vt 0.900000 0.000000
vt 0.800000 0.000000
vt 0.100000 0.000000
vt 0.700000 0.000000
vt 0.436364 0.000000
vt 0.418182 0.000000
vt 0.472727 0.000000
vt 0.454545 0.000000
vt 0.490909 0.000000
vt 0.981818 0.000000
vt 0.563636 0.000000
vt 0.545455 0.000000
vt 0.527273 0.000000
vt 0.509091 0.000000
vt 0.963636 0.000000
vt 0.945455 0.000000
vt 0.909091 0.000000
vt 0.018182 0.000000
vt 0.927273 0.000000
vt 0.581818 0.000000
vt 0.381818 0.000000
vt 0.363636 0.000000
vt 0.290909 0.000000
vt 0.272727 0.000000
vt 0.672727 0.000000
vt 0.690909 0.000000
vt 0.254545 0.000000
vt 0.709091 0.000000
vt 0.236364 0.000000
vt 0.218182 0.000000
vt 0.727273 0.000000
vt 0.745455 0.000000
vt 0.181818 0.000000
vt 0.763636 0.000000
vt 0.781818 0.000000
vt 0.163636 0.000000
vt 0.145455 0.000000
vt 0.818182 0.000000
vt 0.127273 0.000000
vt 0.109091 0.000000
vt 0.836364 0.000000
vt 0.090909 0.000000
vt 0.345455 0.000000
vt 0.618182 0.000000
vt 0.327273 0.000000
vt 0.636364 0.000000
vt 0.309091 0.000000
vt 0.654545 0.000000
vt 0.854545 0.000000
vt 0.072727 0.000000
vt 0.872727 0.000000
vt 0.054545 0.000000
vt 0.890909 0.000000
vt 0.036364 0.000000
vt 0.326316 0.000000
vt 0.315789 0.000000
vt 0.915789 0.000000
vt 0.905263 0.000000
vt 0.336842 0.000000
vt 0.894737 0.000000
vt 0.347368 0.000000
vt 0.884211 0.000000
vt 0.357895 0.000000
vt 0.873684 0.000000
vt 0.368421 0.000000
vt 0.378947 0.000000
vt 0.863158 0.000000
vt 0.389474 0.000000
vt 0.852632 0.000000
vt 0.842105 0.000000
vt 0.410526 0.000000
vt 0.831579 0.000000
vt 0.421053 0.000000
vt 0.273684 0.000000
vt 0.957895 0.000000
vt 0.284211 0.000000
vt 0.947368 0.000000
vt 0.789474 0.000000
vt 0.452632 0.000000
vt 0.463158 0.000000
vt 0.968421 0.000000
vt 0.263158 0.000000
vt 0.978947 0.000000
vt 0.768421 0.000000
vt 0.473684 0.000000
vt 0.778947 0.000000
vt 0.989474 0.000000
vt 0.242105 0.000000
vt 0.252632 0.000000
vt 0.757895 0.000000
vt 0.484211 0.000000
vt 0.294737 0.000000
vt 0.936842 0.000000
vt 0.305263 0.000000
vt 0.926316 0.000000
vt 0.821053 0.000000
vt 0.431579 0.000000
vt 0.810526 0.000000
vt 0.442105 0.000000
vt 0.494737 0.000000
vt 0.747368 0.000000
vt 0.736842 0.000000
vt 0.221053 0.000000
vt 0.526316 0.000000
vt 0.515789 0.000000
vt 0.010526 0.000000
vt 0.726316 0.000000
vt 0.715789 0.000000
vt 0.231579 0.000000
vt 0.505263 0.000000
vt 0.536842 0.000000
vt 0.210526 0.000000
vt 0.547368 0.000000
vt 0.705263 0.000000
vt 0.694737 0.000000
vt 0.031579 0.000000
vt 0.021053 0.000000
vt 0.168421 0.000000
vt 0.157895 0.000000
vt 0.578947 0.000000
vt 0.589474 0.000000
vt 0.147368 0.000000
vt 0.136842 0.000000
vt 0.610526 0.000000
vt 0.126316 0.000000
vt 0.621053 0.000000
vt 0.115789 0.000000
vt 0.105263 0.000000
vt 0.631579 0.000000
vt 0.094737 0.000000
vt 0.642105 0.000000
vt 0.084211 0.000000
vt 0.652632 0.000000
vt 0.073684 0.000000
vt 0.663158 0.000000
vt 0.063158 0.000000
vt 0.189474 0.000000
vt 0.557895 0.000000
vt 0.178947 0.000000
vt 0.568421 0.000000
vt 0.673684 0.000000
vt 0.052632 0.000000
vt 0.684211 0.000000
vt 0.042105 0.000000
vt 0.000000 0.090909
vt 0.125000 0.090909
vt 0.125000 0.000000
vt 0.000000 0.181818
vt 0.125000 0.181818
vt 0.000000 0.272727
vt 0.125000 0.272727
vt 0.000000 0.363636
vt 0.125000 0.363636
vt 0.000000 0.454545
vt 0.125000 0.454545
vt 0.000000 0.545455
vt 0.125000 0.545455
vt 0.000000 0.636364
vt 0.125000 0.636364
vt 0.000000 0.727273
vt 0.125000 0.727273
vt 0.000000 0.818182
vt 0.125000 0.818182
vt 0.000000 0.909091
vt 0.125000 0.909091
vt 0.000000 1.000000
vt 0.125000 1.000000
vt 0.250000 0.090909
vt 0.250000 0.000000
vt 0.250000 0.181818
vt 0.250000 0.272727
vt 0.250000 0.363636
vt 0.250000 0.454545
vt 0.250000 0.545455
vt 0.250000 0.636364
vt 0.250000 0.727273
vt 0.250000 0.818182
vt 0.250000 0.909091
vt 0.250000 1.000000
vt 0.375000 0.090909
vt 0.375000 0.000000
vt 0.375000 0.181818
vt 0.375000 0.272727
vt 0.375000 0.363636
vt 0.375000 0.454545
vt 0.375000 0.545455
vt 0.375000 0.636364
vt 0.375000 0.727273
vt 0.375000 0.818182
vt 0.375000 0.909091
vt 0.375000 1.000000
vt 0.500000 0.090909
vt 0.500000 0.181818
vt 0.500000 0.272727
vt 0.500000 0.363636
vt 0.500000 0.454545
vt 0.500000 0.545455
vt 0.500000 0.636364
vt 0.500000 0.727273
vt 0.500000 0.818182
vt 0.500000 0.909091
vt 0.500000 1.000000
vt 0.625000 0.090909
vt 0.625000 0.000000
vt 0.625000 0.181818
vt 0.625000 0.272727
vt 0.625000 0.363636
vt 0.625000 0.454545
vt 0.625000 0.545455
vt 0.625000 0.636364
vt 0.625000 0.727273
vt 0.625000 0.818182
vt 0.625000 0.909091
vt 0.625000 1.000000
vt 0.750000 0.090909
vt 0.750000 0.000000
vt 0.750000 0.181818
vt 0.750000 0.272727
vt 0.750000 0.363636
vt 0.750000 0.454545
vt 0.750000 0.545455
vt 0.750000 0.636364
vt 0.750000 0.727273
vt 0.750000 0.818182
vt 0.750000 0.909091
vt 0.750000 1.000000
vt 0.875000 0.090909
vt 0.875000 0.000000
vt 0.875000 0.181818
vt 0.875000 0.272727
vt 0.875000 0.363636
vt 0.875000 0.454545
vt 0.875000 0.545455
vt 0.875000 0.636364
vt 0.875000 0.727273
vt 0.875000 0.818182
vt 0.875000 0.909091
vt 0.875000 1.000000
vt 1.000000 0.090909
vt 1.000000 0.181818
vt 1.000000 0.272727
vt 1.000000 0.363636
vt 1.000000 0.454545
vt 1.000000 0.545455
vt 1.000000 0.636364
vt 1.000000 0.727273
vt 1.000000 0.818182
vt 1.000000 0.909091
vt 1.000000 1.000000
vt 0.020833 0.090909
vt 0.020833 0.000000
vt 0.020833 0.181818
vt 0.020833 0.272727
vt 0.020833 0.363636
vt 0.020833 0.454545
vt 0.020833 0.545455
vt 0.020833 0.636364
vt 0.020833 0.727273
vt 0.020833 0.818182
vt 0.020833 0.909091
vt 0.020833 1.000000
vt 0.041667 0.090909
vt 0.041667 0.000000
vt 0.041667 0.181818
vt 0.041667 0.272727
vt 0.041667 0.363636
vt 0.041667 0.454545
vt 0.041667 0.545455
vt 0.041667 0.636364
vt 0.041667 0.727273
vt 0.041667 0.818182
vt 0.041667 0.909091
vt 0.041667 1.000000
vt 0.062500 0.090909
vt 0.062500 0.000000
vt 0.062500 0.181818
vt 0.062500 0.272727
vt 0.062500 0.363636
vt 0.062500 0.454545
vt 0.062500 0.545455
vt 0.062500 0.636364
vt 0.062500 0.727273
vt 0.062500 0.818182
vt 0.062500 0.909091
vt 0.062500 1.000000
vt 0.083333 0.090909
vt 0.083333 0.000000
vt 0.083333 0.181818
vt 0.083333 0.272727
vt 0.083333 0.363636
vt 0.083333 0.454545
vt 0.083333 0.545455
vt 0.083333 0.636364
vt 0.083333 0.727273
vt 0.083333 0.818182
vt 0.083333 0.909091
vt 0.083333 1.000000
vt 0.104167 0.090909
vt 0.104167 0.000000
vt 0.104167 0.181818
vt 0.104167 0.272727
vt 0.104167 0.363636
vt 0.104167 0.454545
vt 0.104167 0.545455
vt 0.104167 0.636364
vt 0.104167 0.727273
vt 0.104167 0.818182
vt 0.104167 0.909091
vt 0.104167 1.000000
vt 0.145833 0.090909
vt 0.145833 0.000000
vt 0.145833 0.181818
vt 0.145833 0.272727
vt 0.145833 0.363636
vt 0.145833 0.454545
vt 0.145833 0.545455
vt 0.145833 0.636364
vt 0.145833 0.727273
vt 0.145833 0.818182
vt 0.145833 0.909091
vt 0.145833 1.000000
vt 0.166667 0.090909
vt 0.166667 0.000000
vt 0.166667 0.181818
vt 0.166667 0.272727
vt 0.166667 0.363636
vt 0.166667 0.454545
vt 0.166667 0.545455
vt 0.166667 0.636364
vt 0.166667 0.727273
vt 0.166667 0.818182
vt 0.166667 0.909091
vt 0.166667 1.000000
vt 0.187500 0.090909
vt 0.187500 0.000000
vt 0.187500 0.181818
vt 0.187500 0.272727
vt 0.187500 0.363636
vt 0.187500 0.454545
vt 0.187500 0.545455
vt 0.187500 0.636364
vt 0.187500 0.727273
vt 0.187500 0.818182
vt 0.187500 0.909091
vt 0.187500 1.000000
vt 0.208333 0.090909
vt 0.208333 0.000000
vt 0.208333 0.181818
vt 0.208333 0.272727
vt 0.208333 0.363636
vt 0.208333 0.454545
vt 0.208333 0.545455
vt 0.208333 0.636364
vt 0.208333 0.727273
vt 0.208333 0.818182
vt 0.208333 0.909091
vt 0.208333 1.000000
vt 0.229167 0.090909
vt 0.229167 0.000000
vt 0.229167 0.181818
vt 0.229167 0.272727
vt 0.229167 0.363636
vt 0.229167 0.454545
vt 0.229167 0.545455
vt 0.229167 0.636364
vt 0.229167 0.727273
vt 0.229167 0.818182
vt 0.229167 0.909091
vt 0.229167 1.000000
vt 0.270833 0.090909
vt 0.270833 0.000000
vt 0.270833 0.181818
vt 0.270833 0.272727
vt 0.270833 0.363636
vt 0.270833 0.454545
vt 0.270833 0.545455
vt 0.270833 0.636364
vt 0.270833 0.727273
vt 0.270833 0.818182
vt 0.270833 0.909091
vt 0.270833 1.000000
vt 0.291667 0.090909
vt 0.291667 0.000000
vt 0.291667 0.181818
vt 0.291667 0.272727
vt 0.291667 0.363636
vt 0.291667 0.454545
vt 0.291667 0.545455
vt 0.291667 0.636364
vt 0.291667 0.727273
vt 0.291667 0.818182
vt 0.291667 0.909091
vt 0.291667 1.000000
vt 0.312500 0.090909
vt 0.312500 0.000000
vt 0.312500 0.181818
vt 0.312500 0.272727
vt 0.312500 0.363636
vt 0.312500 0.454545
vt 0.312500 0.545455
vt 0.312500 0.636364
vt 0.312500 0.727273
vt 0.312500 0.818182
vt 0.312500 0.909091
vt 0.312500 1.000000
vt 0.333333 0.090909
vt 0.333333 0.000000
vt 0.333333 0.181818
vt 0.333333 0.272727
vt 0.333333 0.363636
vt 0.333333 0.454545
vt 0.333333 0.545455
vt 0.333333 0.636364
vt 0.333333 0.727273
vt 0.333333 0.818182
vt 0.333333 0.909091
vt 0.333333 1.000000
vt 0.354167 0.090909
vt 0.354167 0.000000
vt 0.354167 0.181818
vt 0.354167 0.272727
vt 0.354167 0.363636
vt 0.354167 0.454545
vt 0.354167 0.545455
vt 0.354167 0.636364
vt 0.354167 0.727273
vt 0.354167 0.818182
vt 0.354167 0.909091
vt 0.354167 1.000000
vt 0.395833 0.090909
vt 0.395833 0.000000
vt 0.395833 0.181818
vt 0.395833 0.272727
vt 0.395833 0.363636
vt 0.395833 0.454545
vt 0.395833 0.545455
vt 0.395833 0.636364
vt 0.395833 0.727273
vt 0.395833 0.818182
vt 0.395833 0.909091
vt 0.395833 1.000000
vt 0.416667 0.090909
vt 0.416667 0.000000
vt 0.416667 0.181818
vt 0.416667 0.272727
vt 0.416667 0.363636
vt 0.416667 0.454545
vt 0.416667 0.545455
vt 0.416667 0.636364
vt 0.416667 0.727273
vt 0.416667 0.818182
vt 0.416667 0.909091
vt 0.416667 1.000000
vt 0.437500 0.090909
vt 0.437500 0.000000
vt 0.437500 0.181818
vt 0.437500 0.272727
vt 0.437500 0.363636
vt 0.437500 0.454545
vt 0.437500 0.545455
vt 0.437500 0.636364
vt 0.437500 0.727273
vt 0.437500 0.818182
vt 0.437500 0.909091
vt 0.437500 1.000000
vt 0.458333 0.090909
vt 0.458333 0.000000
vt 0.458333 0.181818
vt 0.458333 0.272727
vt 0.458333 0.363636
vt 0.458333 0.454545
vt 0.458333 0.545455
vt 0.458333 0.636364
vt 0.458333 0.727273
vt 0.458333 0.818182
vt 0.458333 0.909091
vt 0.458333 1.000000
vt 0.479167 0.090909
vt 0.479167 0.000000
vt 0.479167 0.181818
vt 0.479167 0.272727
vt 0.479167 0.363636
vt 0.479167 0.454545
vt 0.479167 0.545455
vt 0.479167 0.636364
vt 0.479167 0.727273
vt 0.479167 0.818182
vt 0.479167 0.909091
vt 0.479167 1.000000
vt 0.520833 0.090909
vt 0.520833 0.000000
vt 0.520833 0.181818
vt 0.520833 0.272727
vt 0.520833 0.363636
vt 0.520833 0.454545
vt 0.520833 0.545455
vt 0.520833 0.636364
vt 0.520833 0.727273
vt 0.520833 0.818182
vt 0.520833 0.909091
vt 0.520833 1.000000
vt 0.541667 0.090909
vt 0.541667 0.000000
vt 0.541667 0.181818
vt 0.541667 0.272727
vt 0.541667 0.363636
vt 0.541667 0.454545
vt 0.541667 0.545455
vt 0.541667 0.636364
vt 0.541667 0.727273
vt 0.541667 0.818182
vt 0.541667 0.909091
vt 0.541667 1.000000
vt 0.562500 0.090909
vt 0.562500 0.000000
vt 0.562500 0.181818
vt 0.562500 0.272727
vt 0.562500 0.363636
vt 0.562500 0.454545
vt 0.562500 0.545455
vt 0.562500 0.636364
vt 0.562500 0.727273
vt 0.562500 0.818182
vt 0.562500 0.909091
vt 0.562500 1.000000
vt 0.583333 0.090909
vt 0.583333 0.000000
vt 0.583333 0.181818
vt 0.583333 0.272727
vt 0.583333 0.363636
vt 0.583333 0.454545
vt 0.583333 0.545455
vt 0.583333 0.636364
vt 0.583333 0.727273
vt 0.583333 0.818182
vt 0.583333 0.909091
vt 0.583333 1.000000
vt 0.604167 0.090909
vt 0.604167 0.000000
vt 0.604167 0.181818
vt 0.604167 0.272727
vt 0.604167 0.363636
vt 0.604167 0.454545
vt 0.604167 0.545455
vt 0.604167 0.636364
vt 0.604167 0.727273
vt 0.604167 0.818182
vt 0.604167 0.909091
vt 0.604167 1.000000
vt 0.645833 0.090909
vt 0.645833 0.000000
vt 0.645833 0.181818
vt 0.645833 0.272727
vt 0.645833 0.363636
vt 0.645833 0.454545
vt 0.645833 0.545455
vt 0.645833 0.636364
vt 0.645833 0.727273
vt 0.645833 0.818182
vt 0.645833 0.909091
vt 0.645833 1.000000
vt 0.666667 0.090909
vt 0.666667 0.000000
vt 0.666667 0.181818
vt 0.666667 0.272727
vt 0.666667 0.363636
vt 0.666667 0.454545
vt 0.666667 0.545455
vt 0.666667 0.636364
vt 0.666667 0.727273
vt 0.666667 0.818182
vt 0.666667 0.909091
vt 0.666667 1.000000
vt 0.687500 0.090909
vt 0.687500 0.000000
vt 0.687500 0.181818
vt 0.687500 0.272727
vt 0.687500 0.363636
vt 0.687500 0.454545
vt 0.687500 0.545455
vt 0.687500 0.636364
vt 0.687500 0.727273
vt 0.687500 0.818182
vt 0.687500 0.909091
vt 0.687500 1.000000
vt 0.708333 0.090909
vt 0.708333 0.000000
vt 0.708333 0.181818
vt 0.708333 0.272727
vt 0.708333 0.363636
vt 0.708333 0.454545
vt 0.708333 0.545455
vt 0.708333 0.636364
vt 0.708333 0.727273
vt 0.708333 0.818182
vt 0.708333 0.909091
vt 0.708333 1.000000
vt 0.729167 0.090909
vt 0.729167 0.000000
vt 0.729167 0.181818
vt 0.729167 0.272727
vt 0.729167 0.363636
vt 0.729167 0.454545
vt 0.729167 0.545455
vt 0.729167 0.636364
vt 0.729167 0.727273
vt 0.729167 0.818182
vt 0.729167 0.909091
vt 0.729167 1.000000
vt 0.770833 0.090909
vt 0.770833 0.000000
vt 0.770833 0.181818
vt 0.770833 0.272727
vt 0.770833 0.363636
vt 0.770833 0.454545
vt 0.770833 0.545455
vt 0.770833 0.636364
vt 0.770833 0.727273
vt 0.770833 0.818182
vt 0.770833 0.909091
vt 0.770833 1.000000
vt 0.791667 0.090909
vt 0.791667 0.000000
vt 0.791667 0.181818
vt 0.791667 0.272727
vt 0.791667 0.363636
vt 0.791667 0.454545
vt 0.791667 0.545455
vt 0.791667 0.636364
vt 0.791667 0.727273
vt 0.791667 0.818182
vt 0.791667 0.909091
vt 0.791667 1.000000
vt 0.812500 0.090909
vt 0.812500 0.000000
vt 0.812500 0.181818
vt 0.812500 0.272727
vt 0.812500 0.363636
vt 0.812500 0.454545
vt 0.812500 0.545455
vt 0.812500 0.636364
vt 0.812500 0.727273
vt 0.812500 0.818182
vt 0.812500 0.909091
vt 0.812500 1.000000
vt 0.833333 0.090909
vt 0.833333 0.000000
vt 0.833333 0.181818
vt 0.833333 0.272727
vt 0.833333 0.363636
vt 0.833333 0.454545
vt 0.833333 0.545455
vt 0.833333 0.636364
vt 0.833333 0.727273
vt 0.833333 0.818182
vt 0.833333 0.909091
vt 0.833333 1.000000
vt 0.854167 0.090909
vt 0.854167 0.000000
vt 0.854167 0.181818
vt 0.854167 0.272727
vt 0.854167 0.363636
vt 0.854167 0.454545
vt 0.854167 0.545455
vt 0.854167 0.636364
vt 0.854167 0.727273
vt 0.854167 0.818182
vt 0.854167 0.909091
vt 0.854167 1.000000
vt 0.895833 0.090909
vt 0.895833 0.000000
vt 0.895833 0.181818
vt 0.895833 0.272727
vt 0.895833 0.363636
vt 0.895833 0.454545
vt 0.895833 0.545455
vt 0.895833 0.636364
vt 0.895833 0.727273
vt 0.895833 0.818182
vt 0.895833 0.909091
vt 0.895833 1.000000
vt 0.916667 0.090909
vt 0.916667 0.000000
vt 0.916667 0.181818
vt 0.916667 0.272727
vt 0.916667 0.363636
vt 0.916667 0.454545
vt 0.916667 0.545455
vt 0.916667 0.636364
vt 0.916667 0.727273
vt 0.916667 0.818182
vt 0.916667 0.909091
vt 0.916667 1.000000
vt 0.937500 0.090909
vt 0.937500 0.000000
vt 0.937500 0.181818
vt 0.937500 0.272727
vt 0.937500 0.363636
vt 0.937500 0.454545
vt 0.937500 0.545455
vt 0.937500 0.636364
vt 0.937500 0.727273
vt 0.937500 0.818182
vt 0.937500 0.909091
vt 0.937500 1.000000
vt 0.958333 0.090909
vt 0.958333 0.000000
vt 0.958333 0.181818
vt 0.958333 0.272727
vt 0.958333 0.363636
vt 0.958333 0.454545
vt 0.958333 0.545455
vt 0.958333 0.636364
vt 0.958333 0.727273
vt 0.958333 0.818182
vt 0.958333 0.909091
vt 0.958333 1.000000
vt 0.979167 0.090909
vt 0.979167 0.000000
vt 0.979167 0.181818
vt 0.979167 0.272727
vt 0.979167 0.363636
vt 0.979167 0.454545
vt 0.979167 0.545455
vt 0.979167 0.636364
vt 0.979167 0.727273
vt 0.979167 0.818182
vt 0.979167 0.909091
vt 0.979167 1.000000
vt 0.034483 0.090909
vt 0.034483 0.000000
vt 0.034483 0.181818
vt 0.034483 0.272727
vt 0.034483 0.363636
vt 0.034483 0.454545
vt 0.034483 0.545455
vt 0.034483 0.636364
vt 0.034483 0.727273
vt 0.034483 0.818182
vt 0.034483 0.909091
vt 0.034483 1.000000
vt 0.068966 0.090909
vt 0.068966 0.000000
vt 0.068966 0.181818
vt 0.068966 0.272727
vt 0.068966 0.363636
vt 0.068966 0.454545
vt 0.068966 0.545455
vt 0.068966 0.636364
vt 0.068966 0.727273
vt 0.068966 0.818182
vt 0.068966 0.909091
vt 0.068966 1.000000
vt 0.103448 0.090909
vt 0.103448 0.000000
vt 0.103448 0.181818
vt 0.103448 0.272727
vt 0.103448 0.363636
vt 0.103448 0.454545
vt 0.103448 0.545455
vt 0.103448 0.636364
vt 0.103448 0.727273
vt 0.103448 0.818182
vt 0.103448 0.909091
vt 0.103448 1.000000
vt 0.137931 0.090909
vt 0.137931 0.000000
vt 0.137931 0.181818
vt 0.137931 0.272727
vt 0.137931 0.363636
vt 0.137931 0.454545
vt 0.137931 0.545455
vt 0.137931 0.636364
vt 0.137931 0.727273
vt 0.137931 0.818182
vt 0.137931 0.909091
vt 0.137931 1.000000
vt 0.172414 0.090909
vt 0.172414 0.000000
vt 0.172414 0.181818
vt 0.172414 0.272727
vt 0.172414 0.363636
vt 0.172414 0.454545
vt 0.172414 0.545455
vt 0.172414 0.636364
vt 0.172414 0.727273
vt 0.172414 0.818182
vt 0.172414 0.909091
vt 0.172414 1.000000
vt 0.206897 0.090909
vt 0.206897 0.000000
vt 0.206897 0.181818
vt 0.206897 0.272727
vt 0.206897 0.363636
vt 0.206897 0.454545
vt 0.206897 0.545455
vt 0.206897 0.636364
vt 0.206897 0.727273
vt 0.206897 0.818182
vt 0.206897 0.909091
vt 0.206897 1.000000
vt 0.241379 0.090909
vt 0.241379 0.000000
vt 0.241379 0.181818
vt 0.241379 0.272727
vt 0.241379 0.363636
vt 0.241379 0.454545
vt 0.241379 0.545455
vt 0.241379 0.636364
vt 0.241379 0.727273
vt 0.241379 0.818182
vt 0.241379 0.909091
vt 0.241379 1.000000
vt 0.275862 0.090909
vt 0.275862 0.000000
vt 0.275862 0.181818
vt 0.275862 0.272727
vt 0.275862 0.363636
vt 0.275862 0.454545
vt 0.275862 0.545455
vt 0.275862 0.636364
vt 0.275862 0.727273
vt 0.275862 0.818182
vt 0.275862 0.909091
vt 0.275862 1.000000
vt 0.310345 0.090909
vt 0.310345 0.000000
vt 0.310345 0.181818
vt 0.310345 0.272727
vt 0.310345 0.363636
vt 0.310345 0.454545
vt 0.310345 0.545455
vt 0.310345 0.636364
vt 0.310345 0.727273
vt 0.310345 0.818182
vt 0.310345 0.909091
vt 0.310345 1.000000
vt 0.344828 0.090909
vt 0.344828 0.000000
vt 0.344828 0.181818
vt 0.344828 0.272727
vt 0.344828 0.363636
vt 0.344828 0.454545
vt 0.344828 0.545455
vt 0.344828 0.636364
vt 0.344828 0.727273
vt 0.344828 0.818182
vt 0.344828 0.909091
vt 0.344828 1.000000
vt 0.379310 0.090909
vt 0.379310 0.000000
vt 0.379310 0.181818
vt 0.379310 0.272727
vt 0.379310 0.363636
vt 0.379310 0.454545
vt 0.379310 0.545455
vt 0.379310 0.636364
vt 0.379310 0.727273
vt 0.379310 0.818182
vt 0.379310 0.909091
vt 0.379310 1.000000
vt 0.413793 0.090909
vt 0.413793 0.000000
vt 0.413793 0.181818
vt 0.413793 0.272727
vt 0.413793 0.363636
vt 0.413793 0.454545
vt 0.413793 0.545455
vt 0.413793 0.636364
vt 0.413793 0.727273
vt 0.413793 0.818182
vt 0.413793 0.909091
vt 0.413793 1.000000
vt 0.448276 0.090909
vt 0.448276 0.000000
vt 0.448276 0.181818
vt 0.448276 0.272727
vt 0.448276 0.363636
vt 0.448276 0.454545
vt 0.448276 0.545455
vt 0.448276 0.636364
vt 0.448276 0.727273
vt 0.448276 0.818182
vt 0.448276 0.909091
vt 0.448276 1.000000
vt 0.482759 0.090909
vt 0.482759 0.000000
vt 0.482759 0.181818
vt 0.482759 0.272727
vt 0.482759 0.363636
vt 0.482759 0.454545
vt 0.482759 0.545455
vt 0.482759 0.636364
vt 0.482759 0.727273
vt 0.482759 0.818182
vt 0.482759 0.909091
vt 0.482759 1.000000
vt 0.517241 0.090909
vt 0.517241 0.000000
vt 0.517241 0.181818
vt 0.517241 0.272727
vt 0.517241 0.363636
vt 0.517241 0.454545
vt 0.517241 0.545455
vt 0.517241 0.636364
vt 0.517241 0.727273
vt 0.517241 0.818182
vt 0.517241 0.909091
vt 0.517241 1.000000
vt 0.551724 0.090909
vt 0.551724 0.000000
vt 0.551724 0.181818
vt 0.551724 0.272727
vt 0.551724 0.363636
vt 0.551724 0.454545
vt 0.551724 0.545455
vt 0.551724 0.636364
vt 0.551724 0.727273
vt 0.551724 0.818182
vt 0.551724 0.909091
vt 0.551724 1.000000
vt 0.586207 0.090909
vt 0.586207 0.000000
vt 0.586207 0.181818
vt 0.586207 0.272727
vt 0.586207 0.363636
vt 0.586207 0.454545
vt 0.586207 0.545455
vt 0.586207 0.636364
vt 0.586207 0.727273
vt 0.586207 0.818182
vt 0.586207 0.909091
vt 0.586207 1.000000
vt 0.620690 0.090909
vt 0.620690 0.000000
vt 0.620690 0.181818
vt 0.620690 0.272727
vt 0.620690 0.363636
vt 0.620690 0.454545
vt 0.620690 0.545455
vt 0.620690 0.636364
vt 0.620690 0.727273
vt 0.620690 0.818182
vt 0.620690 0.909091
vt 0.620690 1.000000
vt 0.655172 0.090909
vt 0.655172 0.000000
vt 0.655172 0.181818
vt 0.655172 0.272727
vt 0.655172 0.363636
vt 0.655172 0.454545
vt 0.655172 0.545455
vt 0.655172 0.636364
vt 0.655172 0.727273
vt 0.655172 0.818182
vt 0.655172 0.909091
vt 0.655172 1.000000
vt 0.689655 0.090909
vt 0.689655 0.000000
vt 0.689655 0.181818
vt 0.689655 0.272727
vt 0.689655 0.363636
vt 0.689655 0.454545
vt 0.689655 0.545455
vt 0.689655 0.636364
vt 0.689655 0.727273
vt 0.689655 0.818182
vt 0.689655 0.909091
vt 0.689655 1.000000
vt 0.724138 0.090909
vt 0.724138 0.000000
vt 0.724138 0.181818
vt 0.724138 0.272727
vt 0.724138 0.363636
vt 0.724138 0.454545
vt 0.724138 0.545455
vt 0.724138 0.636364
vt 0.724138 0.727273
vt 0.724138 0.818182
vt 0.724138 0.909091
vt 0.724138 1.000000
vt 0.758621 0.090909
vt 0.758621 0.000000
vt 0.758621 0.181818
vt 0.758621 0.272727
vt 0.758621 0.363636
vt 0.758621 0.454545
vt 0.758621 0.545455
vt 0.758621 0.636364
vt 0.758621 0.727273
vt 0.758621 0.818182
vt 0.758621 0.909091
vt 0.758621 1.000000
vt 0.793103 0.090909
vt 0.793103 0.000000
vt 0.793103 0.181818
vt 0.793103 0.272727
vt 0.793103 0.363636
vt 0.793103 0.454545
vt 0.793103 0.545455
vt 0.793103 0.636364
vt 0.793103 0.727273
vt 0.793103 0.818182
vt 0.793103 0.909091
vt 0.793103 1.000000
vt 0.827586 0.090909
vt 0.827586 0.000000
vt 0.827586 0.181818
vt 0.827586 0.272727
vt 0.827586 0.363636
vt 0.827586 0.454545
vt 0.827586 0.545455
vt 0.827586 0.636364
vt 0.827586 0.727273
vt 0.827586 0.818182
vt 0.827586 0.909091
vt 0.827586 1.000000
vt 0.862069 0.090909
vt 0.862069 0.000000
vt 0.862069 0.181818
vt 0.862069 0.272727
vt 0.862069 0.363636
vt 0.862069 0.454545
vt 0.862069 0.545455
vt 0.862069 0.636364
vt 0.862069 0.727273
vt 0.862069 0.818182
vt 0.862069 0.909091
vt 0.862069 1.000000
vt 0.896552 0.090909
vt 0.896552 0.000000
vt 0.896552 0.181818
vt 0.896552 0.272727
vt 0.896552 0.363636
vt 0.896552 0.454545
vt 0.896552 0.545455
vt 0.896552 0.636364
vt 0.896552 0.727273
vt 0.896552 0.818182
vt 0.896552 0.909091
vt 0.896552 1.000000
vt 0.931035 0.090909
vt 0.931035 0.000000
vt 0.931035 0.181818
vt 0.931035 0.272727
vt 0.931035 0.363636
vt 0.931035 0.454545
vt 0.931035 0.545455
vt 0.931035 0.636364
vt 0.931035 0.727273
vt 0.931035 0.818182
vt 0.931035 0.909091
vt 0.931035 1.000000
vt 0.965517 0.090909
vt 0.965517 0.000000
vt 0.965517 0.181818
vt 0.965517 0.272727
vt 0.965517 0.363636
vt 0.965517 0.454545
vt 0.965517 0.545455
vt 0.965517 0.636364
vt 0.965517 0.727273
vt 0.965517 0.818182
vt 0.965517 0.909091
vt 0.965517 1.000000
vt 0.037037 0.090909
vt 0.037037 0.000000
vt 0.037037 0.181818
vt 0.037037 0.272727
vt 0.037037 0.363636
vt 0.037037 0.454545
vt 0.037037 0.545455
vt 0.037037 0.636364
vt 0.037037 0.727273
vt 0.037037 0.818182
vt 0.037037 0.909091
vt 0.037037 1.000000
vt 0.074074 0.090909
vt 0.074074 0.000000
vt 0.074074 0.181818
vt 0.074074 0.272727
vt 0.074074 0.363636
vt 0.074074 0.454545
vt 0.074074 0.545455
vt 0.074074 0.636364
vt 0.074074 0.727273
vt 0.074074 0.818182
vt 0.074074 0.909091
vt 0.074074 1.000000
vt 0.111111 0.090909
vt 0.111111 0.000000
vt 0.111111 0.181818
vt 0.111111 0.272727
vt 0.111111 0.363636
vt 0.111111 0.454545
vt 0.111111 0.545455
vt 0.111111 0.636364
vt 0.111111 0.727273
vt 0.111111 0.818182
vt 0.111111 0.909091
vt 0.111111 1.000000
vt 0.148148 0.090909
vt 0.148148 0.000000
vt 0.148148 0.181818
vt 0.148148 0.272727
vt 0.148148 0.363636
vt 0.148148 0.454545
vt 0.148148 0.545455
vt 0.148148 0.636364
vt 0.148148 0.727273
vt 0.148148 0.818182
vt 0.148148 0.909091
vt 0.148148 1.000000
vt 0.185185 0.090909
vt 0.185185 0.000000
vt 0.185185 0.181818
vt 0.185185 0.272727
vt 0.185185 0.363636
vt 0.185185 0.454545
vt 0.185185 0.545455
vt 0.185185 0.636364
vt 0.185185 0.727273
vt 0.185185 0.818182
vt 0.185185 0.909091
vt 0.185185 1.000000
vt 0.222222 0.090909
vt 0.222222 0.000000
vt 0.222222 0.181818
vt 0.222222 0.272727
vt 0.222222 0.363636
vt 0.222222 0.454545
vt 0.222222 0.545455
vt 0.222222 0.636364
vt 0.222222 0.727273
vt 0.222222 0.818182
vt 0.222222 0.909091
vt 0.222222 1.000000
vt 0.259259 0.090909
vt 0.259259 0.000000
vt 0.259259 0.181818
vt 0.259259 0.272727
vt 0.259259 0.363636
vt 0.259259 0.454545
vt 0.259259 0.545455
vt 0.259259 0.636364
vt 0.259259 0.727273
vt 0.259259 0.818182
vt 0.259259 0.909091
vt 0.259259 1.000000
vt 0.296296 0.090909
vt 0.296296 0.000000
vt 0.296296 0.181818
vt 0.296296 0.272727
vt 0.296296 0.363636
vt 0.296296 0.454545
vt 0.296296 0.545455
vt 0.296296 0.636364
vt 0.296296 0.727273
vt 0.296296 0.818182
vt 0.296296 0.909091
vt 0.296296 1.000000
vt 0.370370 0.090909
vt 0.370370 0.000000
vt 0.370370 0.181818
vt 0.370370 0.272727
vt 0.370370 0.363636
vt 0.370370 0.454545
vt 0.370370 0.545455
vt 0.370370 0.636364
vt 0.370370 0.727273
vt 0.370370 0.818182
vt 0.370370 0.909091
vt 0.370370 1.000000
vt 0.407407 0.090909
vt 0.407407 0.000000
vt 0.407407 0.181818
vt 0.407407 0.272727
vt 0.407407 0.363636
vt 0.407407 0.454545
vt 0.407407 0.545455
vt 0.407407 0.636364
vt 0.407407 0.727273
vt 0.407407 0.818182
vt 0.407407 0.909091
vt 0.407407 1.000000
vt 0.444444 0.090909
vt 0.444444 0.000000
vt 0.444444 0.181818
vt 0.444444 0.272727
vt 0.444444 0.363636
vt 0.444444 0.454545
vt 0.444444 0.545455
vt 0.444444 0.636364
vt 0.444444 0.727273
vt 0.444444 0.818182
vt 0.444444 0.909091
vt 0.444444 1.000000
vt 0.481481 0.090909
vt 0.481481 0.000000
vt 0.481481 0.181818
vt 0.481481 0.272727
vt 0.481481 0.363636
vt 0.481481 0.454545
vt 0.481481 0.545455
vt 0.481481 0.636364
vt 0.481481 0.727273
vt 0.481481 0.818182
vt 0.481481 0.909091
vt 0.481481 1.000000
vt 0.518519 0.090909
vt 0.518519 0.000000
vt 0.518519 0.181818
vt 0.518519 0.272727
vt 0.518519 0.363636
vt 0.518519 0.454545
vt 0.518519 0.545455
vt 0.518519 0.636364
vt 0.518519 0.727273
vt 0.518519 0.818182
vt 0.518519 0.909091
vt 0.518519 1.000000
vt 0.555556 0.090909
vt 0.555556 0.000000
vt 0.555556 0.181818
vt 0.555556 0.272727
vt 0.555556 0.363636
vt 0.555556 0.454545
vt 0.555556 0.545455
vt 0.555556 0.636364
vt 0.555556 0.727273
vt 0.555556 0.818182
vt 0.555556 0.909091
vt 0.555556 1.000000
vt 0.592593 0.090909
vt 0.592593 0.000000
vt 0.592593 0.181818
vt 0.592593 0.272727
vt 0.592593 0.363636
vt 0.592593 0.454545
vt 0.592593 0.545455
vt 0.592593 0.636364
vt 0.592593 0.727273
vt 0.592593 0.818182
vt 0.592593 0.909091
vt 0.592593 1.000000
vt 0.629630 0.090909
vt 0.629630 0.000000
vt 0.629630 0.181818
vt 0.629630 0.272727
vt 0.629630 0.363636
vt 0.629630 0.454545
vt 0.629630 0.545455
vt 0.629630 0.636364
vt 0.629630 0.727273
vt 0.629630 0.818182
vt 0.629630 0.909091
vt 0.629630 1.000000
vt 0.703704 0.090909
vt 0.703704 0.000000
vt 0.703704 0.181818
vt 0.703704 0.272727
vt 0.703704 0.363636
vt 0.703704 0.454545
vt 0.703704 0.545455
vt 0.703704 0.636364
vt 0.703704 0.727273
vt 0.703704 0.818182
vt 0.703704 0.909091
vt 0.703704 1.000000
vt 0.740741 0.090909
vt 0.740741 0.000000
vt 0.740741 0.181818
vt 0.740741 0.272727
vt 0.740741 0.363636
vt 0.740741 0.454545
vt 0.740741 0.545455
vt 0.740741 0.636364
vt 0.740741 0.727273
vt 0.740741 0.818182
vt 0.740741 0.909091
vt 0.740741 1.000000
vt 0.777778 0.090909
vt 0.777778 0.000000
vt 0.777778 0.181818
vt 0.777778 0.272727
vt 0.777778 0.363636
vt 0.777778 0.454545
vt 0.777778 0.545455
vt 0.777778 0.636364
vt 0.777778 0.727273
vt 0.777778 0.818182
vt 0.777778 0.909091
vt 0.777778 1.000000
vt 0.814815 0.090909
vt 0.814815 0.000000
vt 0.814815 0.181818
vt 0.814815 0.272727
vt 0.814815 0.363636
vt 0.814815 0.454545
vt 0.814815 0.545455
vt 0.814815 0.636364
vt 0.814815 0.727273
vt 0.814815 0.818182
vt 0.814815 0.909091
vt 0.814815 1.000000
vt 0.851852 0.090909
vt 0.851852 0.000000
vt 0.851852 0.181818
vt 0.851852 0.272727
vt 0.851852 0.363636
vt 0.851852 0.454545
vt 0.851852 0.545455
vt 0.851852 0.636364
vt 0.851852 0.727273
vt 0.851852 0.818182
vt 0.851852 0.909091
vt 0.851852 1.000000
vt 0.888889 0.090909
vt 0.888889 0.000000
vt 0.888889 0.181818
vt 0.888889 0.272727
vt 0.888889 0.363636
vt 0.888889 0.454545
vt 0.888889 0.545455
vt 0.888889 0.636364
vt 0.888889 0.727273
vt 0.888889 0.818182
vt 0.888889 0.909091
vt 0.888889 1.000000
vt 0.925926 0.090909
vt 0.925926 0.000000
vt 0.925926 0.181818
vt 0.925926 0.272727
vt 0.925926 0.363636
vt 0.925926 0.454545
vt 0.925926 0.545455
vt 0.925926 0.636364
vt 0.925926 0.727273
vt 0.925926 0.818182
vt 0.925926 0.909091
vt 0.925926 1.000000
vt 0.962963 0.090909
vt 0.962963 0.000000
vt 0.962963 0.181818
vt 0.962963 0.272727
vt 0.962963 0.363636
vt 0.962963 0.454545
vt 0.962963 0.545455
vt 0.962963 0.636364
vt 0.962963 0.727273
vt 0.962963 0.818182
vt 0.962963 0.909091
vt 0.962963 1.000000
s 0
usemtl reflective_gold.011
f 357/504/241 360/505/241 359/506/241
f 359/506/241 358/507/241 357/504/241
f 355/508/241 362/509/241 361/510/241
f 361/510/241 356/511/241 355/508/241
f 360/505/241 357/504/241 361/510/241
f 356/511/241 361/510/241 357/504/241
f 367/512/241 366/513/241 365/514/241
f 365/514/241 373/509/241 367/512/241
f 373/509/241 368/515/241 367/512/241
f 369/516/241 372/517/241 371/518/241
f 364/519/241 363/508/241 370/520/241
f 364/519/241 370/520/241 371/518/241
f 369/516/241 371/518/241 370/520/241
f 364/519/241 371/518/241 365/514/241
f 373/509/241 365/514/241 371/518/241
f 368/515/241 373/509/241 372/517/241
f 372/517/241 369/516/241 368/515/241
f 429/509/241 398/521/241 397/522/241
f 400/523/241 399/524/241 398/521/241
f 398/521/241 429/509/241 400/523/241
f 401/525/241 400/523/241 429/509/241
f 429/509/241 428/526/241 401/525/241
f 396/512/241 405/527/241 404/528/241
f 396/512/241 404/528/241 403/529/241
f 402/530/241 427/531/241 426/532/241
f 396/512/241 403/529/241 397/522/241
f 429/509/241 397/522/241 403/529/241
f 427/531/241 402/530/241 428/526/241
f 401/525/241 428/526/241 402/530/241
f 424/533/241 375/534/241 425/535/241
f 374/508/241 425/535/241 375/534/241
f 406/536/241 395/537/241 394/538/241
f 407/516/241 406/536/241 394/538/241
f 405/527/241 396/512/241 395/537/241
f 395/537/241 406/536/241 405/527/241
f 425/535/241 374/508/241 426/532/241
f 402/530/241 426/532/241 374/508/241
f 390/539/241 389/540/241 411/541/241
f 412/542/241 411/541/241 389/540/241
f 389/540/241 388/543/241 412/542/241
f 413/544/241 412/542/241 388/543/241
f 388/543/241 387/545/241 413/544/241
f 387/545/241 386/546/241 413/544/241
f 414/547/241 413/544/241 386/546/241
f 386/546/241 385/514/241 414/547/241
f 415/548/241 414/547/241 385/514/241
f 385/514/241 384/549/241 415/548/241
f 416/550/241 415/548/241 384/549/241
f 417/551/241 416/550/241 384/549/241
f 384/549/241 383/552/241 417/551/241
f 418/518/241 417/551/241 383/552/241
f 383/552/241 382/553/241 418/518/241
f 419/554/241 418/518/241 382/553/241
f 382/553/241 381/555/241 419/554/241
f 381/555/241 380/556/241 419/554/241
f 420/557/241 419/554/241 380/556/241
f 380/556/241 379/558/241 420/557/241
f 407/516/241 394/538/241 393/559/241
f 408/560/241 407/516/241 393/559/241
f 393/559/241 392/561/241 408/560/241
f 409/562/241 408/560/241 392/561/241
f 392/561/241 391/563/241 409/562/241
f 410/564/241 409/562/241 391/563/241
f 391/563/241 390/539/241 410/564/241
f 390/539/241 411/541/241 410/564/241
f 420/557/241 379/558/241 421/565/241
f 379/558/241 378/566/241 421/565/241
f 422/567/241 421/565/241 378/566/241
f 378/566/241 377/568/241 422/567/241
f 423/569/241 422/567/241 377/568/241
f 377/568/241 376/570/241 423/569/241
f 424/533/241 423/569/241 376/570/241
f 375/534/241 424/533/241 376/570/241
f 461/571/241 460/572/241 517/573/241
f 517/573/241 516/574/241 461/571/241
f 462/575/241 461/571/241 516/574/241
f 516/574/241 515/576/241 462/575/241
f 463/577/241 462/575/241 515/576/241
f 515/576/241 514/578/241 463/577/241
f 464/579/241 463/577/241 514/578/241
f 514/578/241 513/580/241 464/579/241
f 465/581/241 464/579/241 513/580/241
f 466/582/241 465/581/241 513/580/241
f 513/580/241 512/583/241 466/582/241
f 467/584/241 466/582/241 512/583/241
f 512/583/241 511/585/241 467/584/241
f 468/512/241 467/584/241 511/585/241
f 511/585/241 510/586/241 468/512/241
f 469/587/241 468/512/241 510/586/241
f 510/586/241 509/588/241 469/587/241
f 470/589/241 469/587/241 509/588/241
f 456/590/241 521/591/241 457/592/241
f 521/591/241 520/593/241 457/592/241
f 506/518/241 505/594/241 473/595/241
f 505/594/241 474/596/241 473/595/241
f 522/597/241 455/598/241 523/599/241
f 503/600/241 475/601/241 504/602/241
f 524/603/241 453/604/241 525/509/241
f 453/604/241 524/603/241 454/605/241
f 523/599/241 455/598/241 454/605/241
f 454/605/241 524/603/241 523/599/241
f 502/606/241 476/607/241 503/600/241
f 475/601/241 503/600/241 476/607/241
f 455/598/241 522/597/241 456/590/241
f 521/591/241 456/590/241 522/597/241
f 474/596/241 505/594/241 504/602/241
f 504/602/241 475/601/241 474/596/241
f 457/592/241 520/593/241 458/608/241
f 520/593/241 519/609/241 458/608/241
f 459/610/241 458/608/241 519/609/241
f 519/609/241 518/611/241 459/610/241
f 460/572/241 459/610/241 518/611/241
f 517/573/241 460/572/241 518/611/241
f 470/589/241 509/588/241 508/612/241
f 471/613/241 470/589/241 508/612/241
f 508/612/241 507/614/241 471/613/241
f 472/615/241 471/613/241 507/614/241
f 507/614/241 506/518/241 472/615/241
f 506/518/241 473/595/241 472/615/241
f 477/616/241 501/617/241 500/618/241
f 500/618/241 430/508/241 477/616/241
f 451/619/241 480/620/241 479/621/241
f 431/622/241 499/623/241 498/624/241
f 451/619/241 479/621/241 452/625/241
f 478/626/241 452/625/241 479/621/241
f 430/508/241 500/618/241 499/623/241
f 499/623/241 431/622/241 430/508/241
f 481/627/241 450/628/241 449/514/241
f 482/629/241 481/627/241 449/514/241
f 497/630/241 496/631/241 433/632/241
f 432/633/241 497/630/241 433/632/241
f 480/620/241 451/619/241 450/628/241
f 450/628/241 481/627/241 480/620/241
f 497/630/241 432/633/241 498/624/241
f 431/622/241 498/624/241 432/633/241
f 446/634/241 445/635/241 485/636/241
f 486/637/241 485/636/241 445/635/241
f 445/635/241 444/638/241 486/637/241
f 487/516/241 486/637/241 444/638/241
f 444/638/241 443/639/241 487/516/241
f 488/640/241 487/516/241 443/639/241
f 443/639/241 442/641/241 488/640/241
f 489/642/241 488/640/241 442/641/241
f 442/641/241 441/643/241 489/642/241
f 441/643/241 440/644/241 489/642/241
f 490/645/241 489/642/241 440/644/241
f 440/644/241 439/646/241 490/645/241
f 491/647/241 490/645/241 439/646/241
f 439/646/241 438/648/241 491/647/241
f 492/649/241 491/647/241 438/648/241
f 438/648/241 437/650/241 492/649/241
f 493/651/241 492/649/241 437/650/241
f 437/650/241 436/652/241 493/651/241
f 482/629/241 449/514/241 448/653/241
f 483/654/241 482/629/241 448/653/241
f 448/653/241 447/655/241 483/654/241
f 484/656/241 483/654/241 447/655/241
f 447/655/241 446/634/241 484/656/241
f 446/634/241 485/636/241 484/656/241
f 493/651/241 436/652/241 494/657/241
f 436/652/241 435/658/241 494/657/241
f 495/659/241 494/657/241 435/658/241
f 435/658/241 434/660/241 495/659/241
f 496/631/241 495/659/241 434/660/241
f 433/632/241 496/631/241 434/660/241
f 452/625/241 478/626/241 453/604/241
f 525/509/241 453/604/241 478/626/241
f 501/617/241 477/616/241 502/606/241
f 476/607/241 502/606/241 477/616/241
f 531/505/241 530/506/241 529/507/241
f 533/509/241 532/510/241 526/508/241
f 529/507/241 528/504/241 527/511/241
f 527/511/241 526/508/241 529/507/241
f 526/508/241 532/510/241 529/507/241
f 531/505/241 529/507/241 532/510/241
f 536/504/242 538/506/242 539/505/242
f 538/506/242 536/504/242 537/507/242
f 534/508/242 540/510/242 541/509/242
f 540/510/242 534/508/242 535/511/242
f 539/505/242 540/510/242 536/504/242
f 535/511/242 536/504/242 540/510/242
f 546/512/242 544/514/242 545/513/242
f 544/514/242 546/512/242 552/509/242
f 552/509/242 546/512/242 547/515/242
f 548/516/242 550/518/242 551/517/242
f 543/519/242 549/520/242 542/508/242
f 543/519/242 550/518/242 549/520/242
f 548/516/242 549/520/242 550/518/242
f 543/519/242 544/514/242 550/518/242
f 552/509/242 550/518/242 544/514/242
f 547/515/242 551/517/242 552/509/242
f 551/517/242 547/515/242 548/516/242
f 608/509/242 576/522/242 577/521/242
f 579/523/242 577/521/242 578/524/242
f 577/521/242 579/523/242 608/509/242
f 580/525/242 608/509/242 579/523/242
f 608/509/242 580/525/242 607/526/242
f 575/512/242 583/528/242 584/527/242
f 575/512/242 582/529/242 583/528/242
f 581/530/242 605/532/242 606/531/242
f 575/512/242 576/522/242 582/529/242
f 608/509/242 582/529/242 576/522/242
f 606/531/242 607/526/242 581/530/242
f 580/525/242 581/530/242 607/526/242
f 603/533/242 604/535/242 554/534/242
f 553/508/242 554/534/242 604/535/242
f 585/536/242 573/538/242 574/537/242
f 586/516/242 573/538/242 585/536/242
f 584/527/242 574/537/242 575/512/242
f 574/537/242 584/527/242 585/536/242
f 604/535/242 605/532/242 553/508/242
f 581/530/242 553/508/242 605/532/242
f 569/539/242 590/541/242 568/540/242
f 591/542/242 568/540/242 590/541/242
f 568/540/242 591/542/242 567/543/242
f 592/544/242 567/543/242 591/542/242
f 567/543/242 592/544/242 566/545/242
f 566/545/242 592/544/242 565/546/242
f 593/547/242 565/546/242 592/544/242
f 565/546/242 593/547/242 564/514/242
f 594/548/242 564/514/242 593/547/242
f 564/514/242 594/548/242 563/549/242
f 595/550/242 563/549/242 594/548/242
f 596/551/242 563/549/242 595/550/242
f 563/549/242 596/551/242 562/552/242
f 597/518/242 562/552/242 596/551/242
f 562/552/242 597/518/242 561/553/242
f 598/554/242 561/553/242 597/518/242
f 561/553/242 598/554/242 560/555/242
f 560/555/242 598/554/242 559/556/242
f 599/557/242 559/556/242 598/554/242
f 559/556/242 599/557/242 558/558/242
f 586/516/242 572/559/242 573/538/242
f 587/560/242 572/559/242 586/516/242
f 572/559/242 587/560/242 571/561/242
f 588/562/242 571/561/242 587/560/242
f 571/561/242 588/562/242 570/563/242
f 589/564/242 570/563/242 588/562/242
f 570/563/242 589/564/242 569/539/242
f 569/539/242 589/564/242 590/541/242
f 599/557/242 600/565/242 558/558/242
f 558/558/242 600/565/242 557/566/242
f 601/567/242 557/566/242 600/565/242
f 557/566/242 601/567/242 556/568/242
f 602/569/242 556/568/242 601/567/242
f 556/568/242 602/569/242 555/570/242
f 603/533/242 555/570/242 602/569/242
f 554/534/242 555/570/242 603/533/242
f 640/571/242 696/573/242 639/572/242
f 696/573/242 640/571/242 695/574/242
f 641/575/242 695/574/242 640/571/242
f 695/574/242 641/575/242 694/576/242
f 642/577/242 694/576/242 641/575/242
f 694/576/242 642/577/242 693/578/242
f 643/579/242 693/578/242 642/577/242
f 693/578/242 643/579/242 692/580/242
f 644/581/242 692/580/242 643/579/242
f 645/582/242 692/580/242 644/581/242
f 692/580/242 645/582/242 691/583/242
f 646/584/242 691/583/242 645/582/242
f 691/583/242 646/584/242 690/585/242
f 647/512/242 690/585/242 646/584/242
f 690/585/242 647/512/242 689/586/242
f 648/587/242 689/586/242 647/512/242
f 689/586/242 648/587/242 688/588/242
f 649/589/242 688/588/242 648/587/242
f 635/590/242 636/592/242 700/591/242
f 700/591/242 636/592/242 699/593/242
f 685/518/242 652/595/242 684/594/242
f 684/594/242 652/595/242 653/596/242
f 701/597/242 702/599/242 634/598/242
f 682/600/242 683/602/242 654/601/242
f 703/603/242 704/509/242 632/604/242
f 632/604/242 633/605/242 703/603/242
f 702/599/242 633/605/242 634/598/242
f 633/605/242 702/599/242 703/603/242
f 681/606/242 682/600/242 655/607/242
f 654/601/242 655/607/242 682/600/242
f 634/598/242 635/590/242 701/597/242
f 700/591/242 701/597/242 635/590/242
f 653/596/242 683/602/242 684/594/242
f 683/602/242 653/596/242 654/601/242
f 636/592/242 637/608/242 699/593/242
f 699/593/242 637/608/242 698/609/242
f 638/610/242 698/609/242 637/608/242
f 698/609/242 638/610/242 697/611/242
f 639/572/242 697/611/242 638/610/242
f 696/573/242 697/611/242 639/572/242
f 649/589/242 687/612/242 688/588/242
f 650/613/242 687/612/242 649/589/242
f 687/612/242 650/613/242 686/614/242
f 651/615/242 686/614/242 650/613/242
f 686/614/242 651/615/242 685/518/242
f 685/518/242 651/615/242 652/595/242
f 656/616/242 679/618/242 680/617/242
f 679/618/242 656/616/242 609/508/242
f 630/619/242 658/621/242 659/620/242
f 610/622/242 677/624/242 678/623/242
f 630/619/242 631/625/242 658/621/242
f 657/626/242 658/621/242 631/625/242
f 609/508/242 678/623/242 679/618/242
f 678/623/242 609/508/242 610/622/242
f 660/627/242 628/514/242 629/628/242
f 661/629/242 628/514/242 660/627/242
f 676/630/242 612/632/242 675/631/242
f 611/633/242 612/632/242 676/630/242
f 659/620/242 629/628/242 630/619/242
f 629/628/242 659/620/242 660/627/242
f 676/630/242 677/624/242 611/633/242
f 610/622/242 611/633/242 677/624/242
f 625/634/242 664/636/242 624/635/242
f 665/637/242 624/635/242 664/636/242
f 624/635/242 665/637/242 623/638/242
f 666/516/242 623/638/242 665/637/242
f 623/638/242 666/516/242 622/639/242
f 667/640/242 622/639/242 666/516/242
f 622/639/242 667/640/242 621/641/242
f 668/642/242 621/641/242 667/640/242
f 621/641/242 668/642/242 620/643/242
f 620/643/242 668/642/242 619/644/242
f 669/645/242 619/644/242 668/642/242
f 619/644/242 669/645/242 618/646/242
f 670/647/242 618/646/242 669/645/242
f 618/646/242 670/647/242 617/648/242
f 671/649/242 617/648/242 670/647/242
f 617/648/242 671/649/242 616/650/242
f 672/651/242 616/650/242 671/649/242
f 616/650/242 672/651/242 615/652/242
f 661/629/242 627/653/242 628/514/242
f 662/654/242 627/653/242 661/629/242
f 627/653/242 662/654/242 626/655/242
f 663/656/242 626/655/242 662/654/242
f 626/655/242 663/656/242 625/634/242
f 625/634/242 663/656/242 664/636/242
f 672/651/242 673/657/242 615/652/242
f 615/652/242 673/657/242 614/658/242
f 674/659/242 614/658/242 673/657/242
f 614/658/242 674/659/242 613/660/242
f 675/631/242 613/660/242 674/659/242
f 612/632/242 613/660/242 675/631/242
f 631/625/242 632/604/242 657/626/242
f 704/509/242 657/626/242 632/604/242
f 680/617/242 681/606/242 656/616/242
f 655/607/242 656/616/242 681/606/242
f 710/505/242 708/507/242 709/506/242
f 712/509/242 705/508/242 711/510/242
f 708/507/242 706/511/242 707/504/242
f 706/511/242 708/507/242 705/508/242
f 705/508/242 708/507/242 711/510/242
f 710/505/242 711/510/242 708/507/242
s 1
f 714/661/243 726/662/244 725/663/245 713/508/245
f 715/664/246 727/665/247 726/662/244 714/661/243
f 716/666/248 728/667/249 727/665/247 715/664/246
f 717/668/250 729/669/251 728/667/249 716/666/248
f 718/670/252 730/671/253 729/669/251 717/668/250
f 719/672/254 731/673/255 730/671/253 718/670/252
f 720/674/256 732/675/257 731/673/255 719/672/254
f 721/676/258 733/677/259 732/675/257 720/674/256
f 722/678/260 734/679/261 733/677/259 721/676/258
f 723/680/262 735/681/263 734/679/261 722/678/260
f 724/682/264 736/683/264 735/681/263 723/680/262
f 726/662/244 738/684/265 737/685/266 725/663/245
f 727/665/247 739/686/267 738/684/265 726/662/244
f 728/667/249 740/687/268 739/686/267 727/665/247
f 729/669/251 741/688/269 740/687/268 728/667/249
f 730/671/253 742/689/270 741/688/269 729/669/251
f 731/673/255 743/690/271 742/689/270 730/671/253
f 732/675/257 744/691/272 743/690/271 731/673/255
f 733/677/259 745/692/273 744/691/272 732/675/257
f 734/679/261 746/693/274 745/692/273 733/677/259
f 735/681/263 747/694/275 746/693/274 734/679/261
f 736/683/264 748/695/276 747/694/275 735/681/263
f 738/684/265 750/696/277 749/697/266 737/685/266
f 739/686/267 751/698/278 750/696/277 738/684/265
f 740/687/268 752/699/279 751/698/278 739/686/267
f 741/688/269 753/700/280 752/699/279 740/687/268
f 742/689/270 754/701/281 753/700/280 741/688/269
f 743/690/271 755/702/282 754/701/281 742/689/270
f 744/691/272 756/703/283 755/702/282 743/690/271
f 745/692/273 757/704/284 756/703/283 744/691/272
f 746/693/274 758/705/285 757/704/284 745/692/273
f 747/694/275 759/706/286 758/705/285 746/693/274
f 748/695/276 760/707/276 759/706/286 747/694/275
f 750/696/277 762/708/265 761/515/266 749/697/266
f 751/698/278 763/709/267 762/708/265 750/696/277
f 752/699/279 764/710/268 763/709/267 751/698/278
f 753/700/280 765/711/269 764/710/268 752/699/279
f 754/701/281 766/712/270 765/711/269 753/700/280
f 755/702/282 767/713/271 766/712/270 754/701/281
f 756/703/283 768/714/272 767/713/271 755/702/282
f 757/704/284 769/715/273 768/714/272 756/703/283
f 758/705/285 770/716/274 769/715/273 757/704/284
f 759/706/286 771/717/275 770/716/274 758/705/285
f 760/707/276 772/718/276 771/717/275 759/706/286
f 762/708/265 774/719/287 773/720/288 761/515/266
f 763/709/267 775/721/289 774/719/287 762/708/265
f 764/710/268 776/722/290 775/721/289 763/709/267
f 765/711/269 777/723/291 776/722/290 764/710/268
f 766/712/270 778/724/292 777/723/291 765/711/269
f 767/713/271 779/725/293 778/724/292 766/712/270
f 768/714/272 780/726/294 779/725/293 767/713/271
f 769/715/273 781/727/295 780/726/294 768/714/272
f 770/716/274 782/728/296 781/727/295 769/715/273
f 771/717/275 783/729/297 782/728/296 770/716/274
f 772/718/276 784/730/298 783/729/297 771/717/275
f 774/719/287 786/731/299 785/732/300 773/720/288
f 775/721/289 787/733/301 786/731/299 774/719/287
f 776/722/290 788/734/302 787/733/301 775/721/289
f 777/723/291 789/735/303 788/734/302 776/722/290
f 778/724/292 790/736/304 789/735/303 777/723/291
f 779/725/293 791/737/305 790/736/304 778/724/292
f 780/726/294 792/738/306 791/737/305 779/725/293
f 781/727/295 793/739/307 792/738/306 780/726/294
f 782/728/296 794/740/308 793/739/307 781/727/295
f 783/729/297 795/741/309 794/740/308 782/728/296
f 784/730/298 796/742/310 795/741/309 783/729/297
f 786/731/299 798/743/244 797/744/245 785/732/300
f 787/733/301 799/745/247 798/743/244 786/731/299
f 788/734/302 800/746/249 799/745/247 787/733/301
f 789/735/303 801/747/251 800/746/249 788/734/302
f 790/736/304 802/748/253 801/747/251 789/735/303
f 791/737/305 803/749/255 802/748/253 790/736/304
f 792/738/306 804/750/257 803/749/255 791/737/305
f 793/739/307 805/751/259 804/750/257 792/738/306
f 794/740/308 806/752/261 805/751/259 793/739/307
f 795/741/309 807/753/263 806/752/261 794/740/308
f 796/742/310 808/754/264 807/753/263 795/741/309
f 798/743/244 714/755/243 713/509/245 797/744/245
f 799/745/247 715/756/246 714/755/243 798/743/244
f 800/746/249 716/757/248 715/756/246 799/745/247
f 801/747/251 717/758/250 716/757/248 800/746/249
f 802/748/253 718/759/252 717/758/250 801/747/251
f 803/749/255 719/760/254 718/759/252 802/748/253
f 804/750/257 720/761/256 719/760/254 803/749/255
f 805/751/259 721/762/258 720/761/256 804/750/257
f 806/752/261 722/763/260 721/762/258 805/751/259
f 807/753/263 723/764/262 722/763/260 806/752/261
f 808/754/264 724/765/264 723/764/262 807/753/263
f 810/661/311 822/766/312 821/767/313 809/508/314
f 811/664/315 823/768/316 822/766/312 810/661/311
f 812/666/317 824/769/318 823/768/316 811/664/315
f 813/668/319 825/770/320 824/769/318 812/666/317
f 814/670/321 826/771/322 825/770/320 813/668/319
f 815/672/323 827/772/324 826/771/322 814/670/321
f 816/674/325 828/773/326 827/772/324 815/672/323
f 817/676/327 829/774/328 828/773/326 816/674/325
f 818/678/329 830/775/330 829/774/328 817/676/327
f 819/680/331 831/776/332 830/775/330 818/678/329
f 820/682/333 832/777/334 831/776/332 819/680/331
f 822/766/312 834/778/335 833/779/336 821/767/313
f 823/768/316 835/780/337 834/778/335 822/766/312
f 824/769/318 836/781/338 835/780/337 823/768/316
f 825/770/320 837/782/339 836/781/338 824/769/318
f 826/771/322 838/783/340 837/782/339 825/770/320
f 827/772/324 839/784/341 838/783/340 826/771/322
f 828/773/326 840/785/342 839/784/341 827/772/324
f 829/774/328 841/786/343 840/785/342 828/773/326
f 830/775/330 842/787/344 841/786/343 829/774/328
f 831/776/332 843/788/345 842/787/344 830/775/330
f 832/777/334 844/789/346 843/788/345 831/776/332
f 834/778/335 846/790/347 845/791/348 833/779/336
f 835/780/337 847/792/349 846/790/347 834/778/335
f 836/781/338 848/793/350 847/792/349 835/780/337
f 837/782/339 849/794/351 848/793/350 836/781/338
f 838/783/340 850/795/352 849/794/351 837/782/339
f 839/784/341 851/796/353 850/795/352 838/783/340
f 840/785/342 852/797/354 851/796/353 839/784/341
f 841/786/343 853/798/355 852/797/354 840/785/342
f 842/787/344 854/799/356 853/798/355 841/786/343
f 843/788/345 855/800/357 854/799/356 842/787/344
f 844/789/346 856/801/358 855/800/357 843/788/345
f 846/790/347 858/802/359 857/803/360 845/791/348
f 847/792/349 859/804/361 858/802/359 846/790/347
f 848/793/350 860/805/362 859/804/361 847/792/349
f 849/794/351 861/806/363 860/805/362 848/793/350
f 850/795/352 862/807/364 861/806/363 849/794/351
f 851/796/353 863/808/365 862/807/364 850/795/352
f 852/797/354 864/809/366 863/808/365 851/796/353
f 853/798/355 865/810/367 864/809/366 852/797/354
f 854/799/356 866/811/368 865/810/367 853/798/355
f 855/800/357 867/812/369 866/811/368 854/799/356
f 856/801/358 868/813/370 867/812/369 855/800/357
f 858/802/359 870/814/371 869/815/372 857/803/360
f 859/804/361 871/816/373 870/814/371 858/802/359
f 860/805/362 872/817/374 871/816/373 859/804/361
f 861/806/363 873/818/375 872/817/374 860/805/362
f 862/807/364 874/819/376 873/818/375 861/806/363
f 863/808/365 875/820/377 874/819/376 862/807/364
f 864/809/366 876/821/378 875/820/377 863/808/365
f 865/810/367 877/822/379 876/821/378 864/809/366
f 866/811/368 878/823/380 877/822/379 865/810/367
f 867/812/369 879/824/381 878/823/380 866/811/368
f 868/813/370 880/825/382 879/824/381 867/812/369
f 870/814/371 882/662/383 881/663/384 869/815/372
f 871/816/373 883/665/385 882/662/383 870/814/371
f 872/817/374 884/667/386 883/665/385 871/816/373
f 873/818/375 885/669/387 884/667/386 872/817/374
f 874/819/376 886/671/388 885/669/387 873/818/375
f 875/820/377 887/673/389 886/671/388 874/819/376
f 876/821/378 888/675/390 887/673/389 875/820/377
f 877/822/379 889/677/391 888/675/390 876/821/378
f 878/823/380 890/679/392 889/677/391 877/822/379
f 879/824/381 891/681/393 890/679/392 878/823/380
f 880/825/382 892/683/394 891/681/393 879/824/381
f 882/662/383 894/826/395 893/827/396 881/663/384
f 883/665/385 895/828/397 894/826/395 882/662/383
f 884/667/386 896/829/398 895/828/397 883/665/385
f 885/669/387 897/830/399 896/829/398 884/667/386
f 886/671/388 898/831/400 897/830/399 885/669/387
f 887/673/389 899/832/401 898/831/400 886/671/388
f 888/675/390 900/833/402 899/832/401 887/673/389
f 889/677/391 901/834/403 900/833/402 888/675/390
f 890/679/392 902/835/404 901/834/403 889/677/391
f 891/681/393 903/836/405 902/835/404 890/679/392
f 892/683/394 904/837/406 903/836/405 891/681/393
f 894/826/395 906/838/407 905/839/408 893/827/396
f 895/828/397 907/840/409 906/838/407 894/826/395
f 896/829/398 908/841/410 907/840/409 895/828/397
f 897/830/399 909/842/411 908/841/410 896/829/398
f 898/831/400 910/843/412 909/842/411 897/830/399
f 899/832/401 911/844/413 910/843/412 898/831/400
f 900/833/402 912/845/414 911/844/413 899/832/401
f 901/834/403 913/846/415 912/845/414 900/833/402
f 902/835/404 914/847/416 913/846/415 901/834/403
f 903/836/405 915/848/417 914/847/416 902/835/404
f 904/837/406 916/849/418 915/848/417 903/836/405
f 906/838/407 918/850/419 917/851/420 905/839/408
f 907/840/409 919/852/421 918/850/419 906/838/407
f 908/841/410 920/853/422 919/852/421 907/840/409
f 909/842/411 921/854/423 920/853/422 908/841/410
f 910/843/412 922/855/424 921/854/423 909/842/411
f 911/844/413 923/856/425 922/855/424 910/843/412
f 912/845/414 924/857/426 923/856/425 911/844/413
f 913/846/415 925/858/427 924/857/426 912/845/414
f 914/847/416 926/859/428 925/858/427 913/846/415
f 915/848/417 927/860/429 926/859/428 914/847/416
f 916/849/418 928/861/430 927/860/429 915/848/417
f 918/850/419 930/862/431 929/863/432 917/851/420
f 919/852/421 931/864/433 930/862/431 918/850/419
f 920/853/422 932/865/434 931/864/433 919/852/421
f 921/854/423 933/866/435 932/865/434 920/853/422
f 922/855/424 934/867/436 933/866/435 921/854/423
f 923/856/425 935/868/437 934/867/436 922/855/424
f 924/857/426 936/869/438 935/868/437 923/856/425
f 925/858/427 937/870/439 936/869/438 924/857/426
f 926/859/428 938/871/440 937/870/439 925/858/427
f 927/860/429 939/872/441 938/871/440 926/859/428
f 928/861/430 940/873/442 939/872/441 927/860/429
f 930/862/431 942/874/443 941/875/444 929/863/432
f 931/864/433 943/876/445 942/874/443 930/862/431
f 932/865/434 944/877/446 943/876/445 931/864/433
f 933/866/435 945/878/447 944/877/446 932/865/434
f 934/867/436 946/879/448 945/878/447 933/866/435
f 935/868/437 947/880/449 946/879/448 934/867/436
f 936/869/438 948/881/450 947/880/449 935/868/437
f 937/870/439 949/882/451 948/881/450 936/869/438
f 938/871/440 950/883/452 949/882/451 937/870/439
f 939/872/441 951/884/453 950/883/452 938/871/440
f 940/873/442 952/885/454 951/884/453 939/872/441
f 942/874/443 954/684/455 953/685/456 941/875/444
f 943/876/445 955/686/457 954/684/455 942/874/443
f 944/877/446 956/687/458 955/686/457 943/876/445
f 945/878/447 957/688/459 956/687/458 944/877/446
f 946/879/448 958/689/460 957/688/459 945/878/447
f 947/880/449 959/690/461 958/689/460 946/879/448
f 948/881/450 960/691/462 959/690/461 947/880/449
f 949/882/451 961/692/463 960/691/462 948/881/450
f 950/883/452 962/693/464 961/692/463 949/882/451
f 951/884/453 963/694/465 962/693/464 950/883/452
f 952/885/454 964/695/466 963/694/465 951/884/453
f 954/684/455 966/886/467 965/887/468 953/685/456
f 955/686/457 967/888/469 966/886/467 954/684/455
f 956/687/458 968/889/470 967/888/469 955/686/457
f 957/688/459 969/890/471 968/889/470 956/687/458
f 958/689/460 970/891/472 969/890/471 957/688/459
f 959/690/461 971/892/473 970/891/472 958/689/460
f 960/691/462 972/893/474 971/892/473 959/690/461
f 961/692/463 973/894/475 972/893/474 960/691/462
f 962/693/464 974/895/476 973/894/475 961/692/463
f 963/694/465 975/896/477 974/895/476 962/693/464
f 964/695/466 976/897/478 975/896/477 963/694/465
f 966/886/467 978/898/479 977/899/480 965/887/468
f 967/888/469 979/900/481 978/898/479 966/886/467
f 968/889/470 980/901/482 979/900/481 967/888/469
f 969/890/471 981/902/483 980/901/482 968/889/470
f 970/891/472 982/903/484 981/902/483 969/890/471
f 971/892/473 983/904/485 982/903/484 970/891/472
f 972/893/474 984/905/486 983/904/485 971/892/473
f 973/894/475 985/906/487 984/905/486 972/893/474
f 974/895/476 986/907/488 985/906/487 973/894/475
f 975/896/477 987/908/489 986/907/488 974/895/476
f 976/897/478 988/909/490 987/908/489 975/896/477
f 978/898/479 990/910/491 989/911/492 977/899/480
f 979/900/481 991/912/493 990/910/491 978/898/479
f 980/901/482 992/913/494 991/912/493 979/900/481
f 981/902/483 993/914/495 992/913/494 980/901/482
f 982/903/484 994/915/496 993/914/495 981/902/483
f 983/904/485 995/916/497 994/915/496 982/903/484
f 984/905/486 996/917/498 995/916/497 983/904/485
f 985/906/487 997/918/499 996/917/498 984/905/486
f 986/907/488 998/919/500 997/918/499 985/906/487
f 987/908/489 999/920/501 998/919/500 986/907/488
f 988/909/490 1000/921/502 999/920/501 987/908/489
f 990/910/491 1002/922/503 1001/923/504 989/911/492
f 991/912/493 1003/924/505 1002/922/503 990/910/491
f 992/913/494 1004/925/506 1003/924/505 991/912/493
f 993/914/495 1005/926/507 1004/925/506 992/913/494
f 994/915/496 1006/927/508 1005/926/507 993/914/495
f 995/916/497 1007/928/509 1006/927/508 994/915/496
f 996/917/498 1008/929/510 1007/928/509 995/916/497
f 997/918/499 1009/930/511 1008/929/510 996/917/498
f 998/919/500 1010/931/512 1009/930/511 997/918/499
f 999/920/501 1011/932/513 1010/931/512 998/919/500
f 1000/921/502 1012/933/514 1011/932/513 999/920/501
f 1002/922/503 1014/934/515 1013/935/516 1001/923/504
f 1003/924/505 1015/936/517 1014/934/515 1002/922/503
f 1004/925/506 1016/937/518 1015/936/517 1003/924/505
f 1005/926/507 1017/938/519 1016/937/518 1004/925/506
f 1006/927/508 1018/939/520 1017/938/519 1005/926/507
f 1007/928/509 1019/940/521 1018/939/520 1006/927/508
f 1008/929/510 1020/941/522 1019/940/521 1007/928/509
f 1009/930/511 1021/942/523 1020/941/522 1008/929/510
f 1010/931/512 1022/943/524 1021/942/523 1009/930/511
f 1011/932/513 1023/944/525 1022/943/524 1010/931/512
f 1012/933/514 1024/945/526 1023/944/525 1011/932/513
f 1014/934/515 1026/696/527 1025/697/528 1013/935/516
f 1015/936/517 1027/698/529 1026/696/527 1014/934/515
f 1016/937/518 1028/699/530 1027/698/529 1015/936/517
f 1017/938/519 1029/700/531 1028/699/530 1016/937/518
f 1018/939/520 1030/701/532 1029/700/531 1017/938/519
f 1019/940/521 1031/702/533 1030/701/532 1018/939/520
f 1020/941/522 1032/703/534 1031/702/533 1019/940/521
f 1021/942/523 1033/704/535 1032/703/534 1020/941/522
f 1022/943/524 1034/705/536 1033/704/535 1021/942/523
f 1023/944/525 1035/706/537 1034/705/536 1022/943/524
f 1024/945/526 1036/707/538 1035/706/537 1023/944/525
f 1026/696/527 1038/946/539 1037/947/540 1025/697/528
f 1027/698/529 1039/948/541 1038/946/539 1026/696/527
f 1028/699/530 1040/949/542 1039/948/541 1027/698/529
f 1029/700/531 1041/950/543 1040/949/542 1028/699/530
f 1030/701/532 1042/951/544 1041/950/543 1029/700/531
f 1031/702/533 1043/952/545 1042/951/544 1030/701/532
f 1032/703/534 1044/953/546 1043/952/545 1031/702/533
f 1033/704/535 1045/954/547 1044/953/546 1032/703/534
f 1034/705/536 1046/955/548 1045/954/547 1033/704/535
f 1035/706/537 1047/956/549 1046/955/548 1034/705/536
f 1036/707/538 1048/957/550 1047/956/549 1035/706/537
f 1038/946/539 1050/958/551 1049/959/552 1037/947/540
f 1039/948/541 1051/960/553 1050/958/551 1038/946/539
f 1040/949/542 1052/961/554 1051/960/553 1039/948/541
f 1041/950/543 1053/962/555 1052/961/554 1040/949/542
f 1042/951/544 1054/963/556 1053/962/555 1041/950/543
f 1043/952/545 1055/964/557 1054/963/556 1042/951/544
f 1044/953/546 1056/965/558 1055/964/557 1043/952/545
f 1045/954/547 1057/966/559 1056/965/558 1044/953/546
f 1046/955/548 1058/967/560 1057/966/559 1045/954/547
f 1047/956/549 1059/968/561 1058/967/560 1046/955/548
f 1048/957/550 1060/969/562 1059/968/561 1047/956/549
f 1050/958/551 1062/970/563 1061/971/564 1049/959/552
f 1051/960/553 1063/972/565 1062/970/563 1050/958/551
f 1052/961/554 1064/973/566 1063/972/565 1051/960/553
f 1053/962/555 1065/974/567 1064/973/566 1052/961/554
f 1054/963/556 1066/975/568 1065/974/567 1053/962/555
f 1055/964/557 1067/976/569 1066/975/568 1054/963/556
f 1056/965/558 1068/977/570 1067/976/569 1055/964/557
f 1057/966/559 1069/978/571 1068/977/570 1056/965/558
f 1058/967/560 1070/979/572 1069/978/571 1057/966/559
f 1059/968/561 1071/980/573 1070/979/572 1058/967/560
f 1060/969/562 1072/981/574 1071/980/573 1059/968/561
f 1062/970/563 1074/982/575 1073/983/576 1061/971/564
f 1063/972/565 1075/984/577 1074/982/575 1062/970/563
f 1064/973/566 1076/985/578 1075/984/577 1063/972/565
f 1065/974/567 1077/986/579 1076/985/578 1064/973/566
f 1066/975/568 1078/987/580 1077/986/579 1065/974/567
f 1067/976/569 1079/988/581 1078/987/580 1066/975/568
f 1068/977/570 1080/989/582 1079/988/581 1067/976/569
f 1069/978/571 1081/990/583 1080/989/582 1068/977/570
f 1070/979/572 1082/991/584 1081/990/583 1069/978/571
f 1071/980/573 1083/992/585 1082/991/584 1070/979/572
f 1072/981/574 1084/993/586 1083/992/585 1071/980/573
f 1074/982/575 1086/994/587 1085/995/588 1073/983/576
f 1075/984/577 1087/996/589 1086/994/587 1074/982/575
f 1076/985/578 1088/997/590 1087/996/589 1075/984/577
f 1077/986/579 1089/998/591 1088/997/590 1076/985/578
f 1078/987/580 1090/999/592 1089/998/591 1077/986/579
f 1079/988/581 1091/1000/593 1090/999/592 1078/987/580
f 1080/989/582 1092/1001/594 1091/1000/593 1079/988/581
f 1081/990/583 1093/1002/595 1092/1001/594 1080/989/582
f 1082/991/584 1094/1003/596 1093/1002/595 1081/990/583
f 1083/992/585 1095/1004/597 1094/1003/596 1082/991/584
f 1084/993/586 1096/1005/598 1095/1004/597 1083/992/585
f 1086/994/587 1098/708/599 1097/515/600 1085/995/588
f 1087/996/589 1099/709/601 1098/708/599 1086/994/587
f 1088/997/590 1100/710/602 1099/709/601 1087/996/589
f 1089/998/591 1101/711/603 1100/710/602 1088/997/590
f 1090/999/592 1102/712/604 1101/711/603 1089/998/591
f 1091/1000/593 1103/713/605 1102/712/604 1090/999/592
f 1092/1001/594 1104/714/606 1103/713/605 1091/1000/593
f 1093/1002/595 1105/715/607 1104/714/606 1092/1001/594
f 1094/1003/596 1106/716/608 1105/715/607 1093/1002/595
f 1095/1004/597 1107/717/609 1106/716/608 1094/1003/596
f 1096/1005/598 1108/718/610 1107/717/609 1095/1004/597
f 1098/708/599 1110/1006/611 1109/1007/612 1097/515/600
f 1099/709/601 1111/1008/613 1110/1006/611 1098/708/599
f 1100/710/602 1112/1009/614 1111/1008/613 1099/709/601
f 1101/711/603 1113/1010/615 1112/1009/614 1100/710/602
f 1102/712/604 1114/1011/616 1113/1010/615 1101/711/603
f 1103/713/605 1115/1012/617 1114/1011/616 1102/712/604
f 1104/714/606 1116/1013/618 1115/1012/617 1103/713/605
f 1105/715/607 1117/1014/619 1116/1013/618 1104/714/606
f 1106/716/608 1118/1015/620 1117/1014/619 1105/715/607
f 1107/717/609 1119/1016/621 1118/1015/620 1106/716/608
f 1108/718/610 1120/1017/622 1119/1016/621 1107/717/609
f 1110/1006/611 1122/1018/623 1121/1019/624 1109/1007/612
f 1111/1008/613 1123/1020/625 1122/1018/623 1110/1006/611
f 1112/1009/614 1124/1021/626 1123/1020/625 1111/1008/613
f 1113/1010/615 1125/1022/627 1124/1021/626 1112/1009/614
f 1114/1011/616 1126/1023/628 1125/1022/627 1113/1010/615
f 1115/1012/617 1127/1024/629 1126/1023/628 1114/1011/616
f 1116/1013/618 1128/1025/630 1127/1024/629 1115/1012/617
f 1117/1014/619 1129/1026/631 1128/1025/630 1116/1013/618
f 1118/1015/620 1130/1027/632 1129/1026/631 1117/1014/619
f 1119/1016/621 1131/1028/633 1130/1027/632 1118/1015/620
f 1120/1017/622 1132/1029/634 1131/1028/633 1119/1016/621
f 1122/1018/623 1134/1030/635 1133/1031/636 1121/1019/624
f 1123/1020/625 1135/1032/637 1134/1030/635 1122/1018/623
f 1124/1021/626 1136/1033/638 1135/1032/637 1123/1020/625
f 1125/1022/627 1137/1034/639 1136/1033/638 1124/1021/626
f 1126/1023/628 1138/1035/640 1137/1034/639 1125/1022/627
f 1127/1024/629 1139/1036/641 1138/1035/640 1126/1023/628
f 1128/1025/630 1140/1037/642 1139/1036/641 1127/1024/629
f 1129/1026/631 1141/1038/643 1140/1037/642 1128/1025/630
f 1130/1027/632 1142/1039/644 1141/1038/643 1129/1026/631
f 1131/1028/633 1143/1040/645 1142/1039/644 1130/1027/632
f 1132/1029/634 1144/1041/646 1143/1040/645 1131/1028/633
f 1134/1030/635 1146/1042/647 1145/1043/648 1133/1031/636
f 1135/1032/637 1147/1044/649 1146/1042/647 1134/1030/635
f 1136/1033/638 1148/1045/650 1147/1044/649 1135/1032/637
f 1137/1034/639 1149/1046/651 1148/1045/650 1136/1033/638
f 1138/1035/640 1150/1047/652 1149/1046/651 1137/1034/639
f 1139/1036/641 1151/1048/653 1150/1047/652 1138/1035/640
f 1140/1037/642 1152/1049/654 1151/1048/653 1139/1036/641
f 1141/1038/643 1153/1050/655 1152/1049/654 1140/1037/642
f 1142/1039/644 1154/1051/656 1153/1050/655 1141/1038/643
f 1143/1040/645 1155/1052/657 1154/1051/656 1142/1039/644
f 1144/1041/646 1156/1053/658 1155/1052/657 1143/1040/645
f 1146/1042/647 1158/1054/659 1157/1055/660 1145/1043/648
f 1147/1044/649 1159/1056/661 1158/1054/659 1146/1042/647
f 1148/1045/650 1160/1057/662 1159/1056/661 1147/1044/649
f 1149/1046/651 1161/1058/663 1160/1057/662 1148/1045/650
f 1150/1047/652 1162/1059/664 1161/1058/663 1149/1046/651
f 1151/1048/653 1163/1060/665 1162/1059/664 1150/1047/652
f 1152/1049/654 1164/1061/666 1163/1060/665 1151/1048/653
f 1153/1050/655 1165/1062/667 1164/1061/666 1152/1049/654
f 1154/1051/656 1166/1063/668 1165/1062/667 1153/1050/655
f 1155/1052/657 1167/1064/669 1166/1063/668 1154/1051/656
f 1156/1053/658 1168/1065/670 1167/1064/669 1155/1052/657
f 1158/1054/659 1170/719/671 1169/720/672 1157/1055/660
f 1159/1056/661 1171/721/673 1170/719/671 1158/1054/659
f 1160/1057/662 1172/722/674 1171/721/673 1159/1056/661
f 1161/1058/663 1173/723/675 1172/722/674 1160/1057/662
f 1162/1059/664 1174/724/676 1173/723/675 1161/1058/663
f 1163/1060/665 1175/725/677 1174/724/676 1162/1059/664
f 1164/1061/666 1176/726/678 1175/725/677 1163/1060/665
f 1165/1062/667 1177/727/679 1176/726/678 1164/1061/666
f 1166/1063/668 1178/728/680 1177/727/679 1165/1062/667
f 1167/1064/669 1179/729/681 1178/728/680 1166/1063/668
f 1168/1065/670 1180/730/682 1179/729/681 1167/1064/669
f 1170/719/671 1182/1066/683 1181/1067/684 1169/720/672
f 1171/721/673 1183/1068/685 1182/1066/683 1170/719/671
f 1172/722/674 1184/1069/686 1183/1068/685 1171/721/673
f 1173/723/675 1185/1070/687 1184/1069/686 1172/722/674
f 1174/724/676 1186/1071/688 1185/1070/687 1173/723/675
f 1175/725/677 1187/1072/689 1186/1071/688 1174/724/676
f 1176/726/678 1188/1073/690 1187/1072/689 1175/725/677
f 1177/727/679 1189/1074/691 1188/1073/690 1176/726/678
f 1178/728/680 1190/1075/692 1189/1074/691 1177/727/679
f 1179/729/681 1191/1076/693 1190/1075/692 1178/728/680
f 1180/730/682 1192/1077/694 1191/1076/693 1179/729/681
f 1182/1066/683 1194/1078/695 1193/1079/696 1181/1067/684
f 1183/1068/685 1195/1080/697 1194/1078/695 1182/1066/683
f 1184/1069/686 1196/1081/698 1195/1080/697 1183/1068/685
f 1185/1070/687 1197/1082/699 1196/1081/698 1184/1069/686
f 1186/1071/688 1198/1083/700 1197/1082/699 1185/1070/687
f 1187/1072/689 1199/1084/701 1198/1083/700 1186/1071/688
f 1188/1073/690 1200/1085/702 1199/1084/701 1187/1072/689
f 1189/1074/691 1201/1086/703 1200/1085/702 1188/1073/690
f 1190/1075/692 1202/1087/704 1201/1086/703 1189/1074/691
f 1191/1076/693 1203/1088/705 1202/1087/704 1190/1075/692
f 1192/1077/694 1204/1089/706 1203/1088/705 1191/1076/693
f 1194/1078/695 1206/1090/707 1205/1091/708 1193/1079/696
f 1195/1080/697 1207/1092/709 1206/1090/707 1194/1078/695
f 1196/1081/698 1208/1093/710 1207/1092/709 1195/1080/697
f 1197/1082/699 1209/1094/711 1208/1093/710 1196/1081/698
f 1198/1083/700 1210/1095/712 1209/1094/711 1197/1082/699
f 1199/1084/701 1211/1096/713 1210/1095/712 1198/1083/700
f 1200/1085/702 1212/1097/714 1211/1096/713 1199/1084/701
f 1201/1086/703 1213/1098/715 1212/1097/714 1200/1085/702
f 1202/1087/704 1214/1099/716 1213/1098/715 1201/1086/703
f 1203/1088/705 1215/1100/717 1214/1099/716 1202/1087/704
f 1204/1089/706 1216/1101/718 1215/1100/717 1203/1088/705
f 1206/1090/707 1218/1102/719 1217/1103/720 1205/1091/708
f 1207/1092/709 1219/1104/721 1218/1102/719 1206/1090/707
f 1208/1093/710 1220/1105/722 1219/1104/721 1207/1092/709
f 1209/1094/711 1221/1106/723 1220/1105/722 1208/1093/710
f 1210/1095/712 1222/1107/724 1221/1106/723 1209/1094/711
f 1211/1096/713 1223/1108/725 1222/1107/724 1210/1095/712
f 1212/1097/714 1224/1109/726 1223/1108/725 1211/1096/713
f 1213/1098/715 1225/1110/727 1224/1109/726 1212/1097/714
f 1214/1099/716 1226/1111/728 1225/1110/727 1213/1098/715
f 1215/1100/717 1227/1112/729 1226/1111/728 1214/1099/716
f 1216/1101/718 1228/1113/730 1227/1112/729 1215/1100/717
f 1218/1102/719 1230/1114/731 1229/1115/732 1217/1103/720
f 1219/1104/721 1231/1116/733 1230/1114/731 1218/1102/719
f 1220/1105/722 1232/1117/734 1231/1116/733 1219/1104/721
f 1221/1106/723 1233/1118/735 1232/1117/734 1220/1105/722
f 1222/1107/724 1234/1119/736 1233/1118/735 1221/1106/723
f 1223/1108/725 1235/1120/737 1234/1119/736 1222/1107/724
f 1224/1109/726 1236/1121/738 1235/1120/737 1223/1108/725
f 1225/1110/727 1237/1122/739 1236/1121/738 1224/1109/726
f 1226/1111/728 1238/1123/740 1237/1122/739 1225/1110/727
f 1227/1112/729 1239/1124/741 1238/1123/740 1226/1111/728
f 1228/1113/730 1240/1125/742 1239/1124/741 1227/1112/729
f 1230/1114/731 1242/731/743 1241/732/744 1229/1115/732
f 1231/1116/733 1243/733/745 1242/731/743 1230/1114/731
f 1232/1117/734 1244/734/746 1243/733/745 1231/1116/733
f 1233/1118/735 1245/735/747 1244/734/746 1232/1117/734
f 1234/1119/736 1246/736/748 1245/735/747 1233/1118/735
f 1235/1120/737 1247/737/749 1246/736/748 1234/1119/736
f 1236/1121/738 1248/738/750 1247/737/749 1235/1120/737
f 1237/1122/739 1249/739/751 1248/738/750 1236/1121/738
f 1238/1123/740 1250/740/752 1249/739/751 1237/1122/739
f 1239/1124/741 1251/741/753 1250/740/752 1238/1123/740
f 1240/1125/742 1252/742/754 1251/741/753 1239/1124/741
f 1242/731/743 1254/1126/755 1253/1127/756 1241/732/744
f 1243/733/745 1255/1128/757 1254/1126/755 1242/731/743
f 1244/734/746 1256/1129/758 1255/1128/757 1243/733/745
f 1245/735/747 1257/1130/759 1256/1129/758 1244/734/746
f 1246/736/748 1258/1131/760 1257/1130/759 1245/735/747
f 1247/737/749 1259/1132/761 1258/1131/760 1246/736/748
f 1248/738/750 1260/1133/762 1259/1132/761 1247/737/749
f 1249/739/751 1261/1134/763 1260/1133/762 1248/738/750
f 1250/740/752 1262/1135/764 1261/1134/763 1249/739/751
f 1251/741/753 1263/1136/765 1262/1135/764 1250/740/752
f 1252/742/754 1264/1137/766 1263/1136/765 1251/741/753
f 1254/1126/755 1266/1138/767 1265/1139/768 1253/1127/756
f 1255/1128/757 1267/1140/769 1266/1138/767 1254/1126/755
f 1256/1129/758 1268/1141/770 1267/1140/769 1255/1128/757
f 1257/1130/759 1269/1142/771 1268/1141/770 1256/1129/758
f 1258/1131/760 1270/1143/772 1269/1142/771 1257/1130/759
f 1259/1132/761 1271/1144/773 1270/1143/772 1258/1131/760
f 1260/1133/762 1272/1145/774 1271/1144/773 1259/1132/761
f 1261/1134/763 1273/1146/775 1272/1145/774 1260/1133/762
f 1262/1135/764 1274/1147/776 1273/1146/775 1261/1134/763
f 1263/1136/765 1275/1148/777 1274/1147/776 1262/1135/764
f 1264/1137/766 1276/1149/778 1275/1148/777 1263/1136/765
f 1266/1138/767 1278/1150/779 1277/1151/780 1265/1139/768
f 1267/1140/769 1279/1152/781 1278/1150/779 1266/1138/767
f 1268/1141/770 1280/1153/782 1279/1152/781 1267/1140/769
f 1269/1142/771 1281/1154/783 1280/1153/782 1268/1141/770
f 1270/1143/772 1282/1155/784 1281/1154/783 1269/1142/771
f 1271/1144/773 1283/1156/785 1282/1155/784 1270/1143/772
f 1272/1145/774 1284/1157/786 1283/1156/785 1271/1144/773
f 1273/1146/775 1285/1158/787 1284/1157/786 1272/1145/774
f 1274/1147/776 1286/1159/788 1285/1158/787 1273/1146/775
f 1275/1148/777 1287/1160/789 1286/1159/788 1274/1147/776
f 1276/1149/778 1288/1161/790 1287/1160/789 1275/1148/777
f 1278/1150/779 1290/1162/791 1289/1163/792 1277/1151/780
f 1279/1152/781 1291/1164/793 1290/1162/791 1278/1150/779
f 1280/1153/782 1292/1165/794 1291/1164/793 1279/1152/781
f 1281/1154/783 1293/1166/795 1292/1165/794 1280/1153/782
f 1282/1155/784 1294/1167/796 1293/1166/795 1281/1154/783
f 1283/1156/785 1295/1168/797 1294/1167/796 1282/1155/784
f 1284/1157/786 1296/1169/798 1295/1168/797 1283/1156/785
f 1285/1158/787 1297/1170/799 1296/1169/798 1284/1157/786
f 1286/1159/788 1298/1171/800 1297/1170/799 1285/1158/787
f 1287/1160/789 1299/1172/801 1298/1171/800 1286/1159/788
f 1288/1161/790 1300/1173/802 1299/1172/801 1287/1160/789
f 1290/1162/791 1302/1174/803 1301/1175/804 1289/1163/792
f 1291/1164/793 1303/1176/805 1302/1174/803 1290/1162/791
f 1292/1165/794 1304/1177/806 1303/1176/805 1291/1164/793
f 1293/1166/795 1305/1178/807 1304/1177/806 1292/1165/794
f 1294/1167/796 1306/1179/808 1305/1178/807 1293/1166/795
f 1295/1168/797 1307/1180/809 1306/1179/808 1294/1167/796
f 1296/1169/798 1308/1181/810 1307/1180/809 1295/1168/797
f 1297/1170/799 1309/1182/811 1308/1181/810 1296/1169/798
f 1298/1171/800 1310/1183/812 1309/1182/811 1297/1170/799
f 1299/1172/801 1311/1184/813 1310/1183/812 1298/1171/800
f 1300/1173/802 1312/1185/814 1311/1184/813 1299/1172/801
f 1302/1174/803 1314/743/815 1313/744/816 1301/1175/804
f 1303/1176/805 1315/745/817 1314/743/815 1302/1174/803
f 1304/1177/806 1316/746/818 1315/745/817 1303/1176/805
f 1305/1178/807 1317/747/819 1316/746/818 1304/1177/806
f 1306/1179/808 1318/748/820 1317/747/819 1305/1178/807
f 1307/1180/809 1319/749/821 1318/748/820 1306/1179/808
f 1308/1181/810 1320/750/822 1319/749/821 1307/1180/809
f 1309/1182/811 1321/751/823 1320/750/822 1308/1181/810
f 1310/1183/812 1322/752/824 1321/751/823 1309/1182/811
f 1311/1184/813 1323/753/825 1322/752/824 1310/1183/812
f 1312/1185/814 1324/754/826 1323/753/825 1311/1184/813
f 1314/743/815 1326/1186/827 1325/1187/828 1313/744/816
f 1315/745/817 1327/1188/829 1326/1186/827 1314/743/815
f 1316/746/818 1328/1189/830 1327/1188/829 1315/745/817
f 1317/747/819 1329/1190/831 1328/1189/830 1316/746/818
f 1318/748/820 1330/1191/832 1329/1190/831 1317/747/819
f 1319/749/821 1331/1192/833 1330/1191/832 1318/748/820
f 1320/750/822 1332/1193/834 1331/1192/833 1319/749/821
f 1321/751/823 1333/1194/835 1332/1193/834 1320/750/822
f 1322/752/824 1334/1195/836 1333/1194/835 1321/751/823
f 1323/753/825 1335/1196/837 1334/1195/836 1322/752/824
f 1324/754/826 1336/1197/838 1335/1196/837 1323/753/825
f 1326/1186/827 1338/1198/839 1337/1199/840 1325/1187/828
f 1327/1188/829 1339/1200/841 1338/1198/839 1326/1186/827
f 1328/1189/830 1340/1201/842 1339/1200/841 1327/1188/829
f 1329/1190/831 1341/1202/843 1340/1201/842 1328/1189/830
f 1330/1191/832 1342/1203/844 1341/1202/843 1329/1190/831
f 1331/1192/833 1343/1204/845 1342/1203/844 1330/1191/832
f 1332/1193/834 1344/1205/846 1343/1204/845 1331/1192/833
f 1333/1194/835 1345/1206/847 1344/1205/846 1332/1193/834
f 1334/1195/836 1346/1207/848 1345/1206/847 1333/1194/835
f 1335/1196/837 1347/1208/849 1346/1207/848 1334/1195/836
f 1336/1197/838 1348/1209/850 1347/1208/849 1335/1196/837
f 1338/1198/839 1350/1210/851 1349/1211/852 1337/1199/840
f 1339/1200/841 1351/1212/853 1350/1210/851 1338/1198/839
f 1340/1201/842 1352/1213/854 1351/1212/853 1339/1200/841
f 1341/1202/843 1353/1214/855 1352/1213/854 1340/1201/842
f 1342/1203/844 1354/1215/856 1353/1214/855 1341/1202/843
f 1343/1204/845 1355/1216/857 1354/1215/856 1342/1203/844
f 1344/1205/846 1356/1217/858 1355/1216/857 1343/1204/845
f 1345/1206/847 1357/1218/859 1356/1217/858 1344/1205/846
f 1346/1207/848 1358/1219/860 1357/1218/859 1345/1206/847
f 1347/1208/849 1359/1220/861 1358/1219/860 1346/1207/848
f 1348/1209/850 1360/1221/862 1359/1220/861 1347/1208/849
f 1350/1210/851 1362/1222/863 1361/1223/864 1349/1211/852
f 1351/1212/853 1363/1224/865 1362/1222/863 1350/1210/851
f 1352/1213/854 1364/1225/866 1363/1224/865 1351/1212/853
f 1353/1214/855 1365/1226/867 1364/1225/866 1352/1213/854
f 1354/1215/856 1366/1227/868 1365/1226/867 1353/1214/855
f 1355/1216/857 1367/1228/869 1366/1227/868 1354/1215/856
f 1356/1217/858 1368/1229/870 1367/1228/869 1355/1216/857
f 1357/1218/859 1369/1230/871 1368/1229/870 1356/1217/858
f 1358/1219/860 1370/1231/872 1369/1230/871 1357/1218/859
f 1359/1220/861 1371/1232/873 1370/1231/872 1358/1219/860
f 1360/1221/862 1372/1233/874 1371/1232/873 1359/1220/861
f 1362/1222/863 1374/1234/875 1373/1235/876 1361/1223/864
f 1363/1224/865 1375/1236/877 1374/1234/875 1362/1222/863
f 1364/1225/866 1376/1237/878 1375/1236/877 1363/1224/865
f 1365/1226/867 1377/1238/879 1376/1237/878 1364/1225/866
f 1366/1227/868 1378/1239/880 1377/1238/879 1365/1226/867
f 1367/1228/869 1379/1240/881 1378/1239/880 1366/1227/868
f 1368/1229/870 1380/1241/882 1379/1240/881 1367/1228/869
f 1369/1230/871 1381/1242/883 1380/1241/882 1368/1229/870
f 1370/1231/872 1382/1243/884 1381/1242/883 1369/1230/871
f 1371/1232/873 1383/1244/885 1382/1243/884 1370/1231/872
f 1372/1233/874 1384/1245/886 1383/1244/885 1371/1232/873
f 1374/1234/875 810/755/311 809/509/314 1373/1235/876
f 1375/1236/877 811/756/315 810/755/311 1374/1234/875
f 1376/1237/878 812/757/317 811/756/315 1375/1236/877
f 1377/1238/879 813/758/319 812/757/317 1376/1237/878
f 1378/1239/880 814/759/321 813/758/319 1377/1238/879
f 1379/1240/881 815/760/323 814/759/321 1378/1239/880
f 1380/1241/882 816/761/325 815/760/323 1379/1240/881
f 1381/1242/883 817/762/327 816/761/325 1380/1241/882
f 1382/1243/884 818/763/329 817/762/327 1381/1242/883
f 1383/1244/885 819/764/331 818/763/329 1382/1243/884
f 1384/1245/886 820/765/333 819/764/331 1383/1244/885
f 1386/661/887 1398/766/888 1397/767/889 1385/508/890
f 1387/664/891 1399/768/892 1398/766/888 1386/661/887
f 1388/666/893 1400/769/894 1399/768/892 1387/664/891
f 1389/668/895 1401/770/896 1400/769/894 1388/666/893
f 1390/670/897 1402/771/898 1401/770/896 1389/668/895
f 1391/672/899 1403/772/900 1402/771/898 1390/670/897
f 1392/674/901 1404/773/902 1403/772/900 1391/672/899
f 1393/676/903 1405/774/904 1404/773/902 1392/674/901
f 1394/678/905 1406/775/906 1405/774/904 1393/676/903
f 1395/680/907 1407/776/908 1406/775/906 1394/678/905
f 1396/682/909 1408/777/910 1407/776/908 1395/680/907
f 1398/766/888 1410/778/911 1409/779/912 1397/767/889
f 1399/768/892 1411/780/913 1410/778/911 1398/766/888
f 1400/769/894 1412/781/914 1411/780/913 1399/768/892
f 1401/770/896 1413/782/915 1412/781/914 1400/769/894
f 1402/771/898 1414/783/916 1413/782/915 1401/770/896
f 1403/772/900 1415/784/917 1414/783/916 1402/771/898
f 1404/773/902 1416/785/918 1415/784/917 1403/772/900
f 1405/774/904 1417/786/919 1416/785/918 1404/773/902
f 1406/775/906 1418/787/920 1417/786/919 1405/774/904
f 1407/776/908 1419/788/921 1418/787/920 1406/775/906
f 1408/777/910 1420/789/922 1419/788/921 1407/776/908
f 1410/778/911 1422/790/923 1421/791/924 1409/779/912
f 1411/780/913 1423/792/925 1422/790/923 1410/778/911
f 1412/781/914 1424/793/926 1423/792/925 1411/780/913
f 1413/782/915 1425/794/927 1424/793/926 1412/781/914
f 1414/783/916 1426/795/928 1425/794/927 1413/782/915
f 1415/784/917 1427/796/929 1426/795/928 1414/783/916
f 1416/785/918 1428/797/930 1427/796/929 1415/784/917
f 1417/786/919 1429/798/931 1428/797/930 1416/785/918
f 1418/787/920 1430/799/932 1429/798/931 1417/786/919
f 1419/788/921 1431/800/933 1430/799/932 1418/787/920
f 1420/789/922 1432/801/934 1431/800/933 1419/788/921
f 1422/790/923 1434/802/935 1433/803/936 1421/791/924
f 1423/792/925 1435/804/937 1434/802/935 1422/790/923
f 1424/793/926 1436/805/938 1435/804/937 1423/792/925
f 1425/794/927 1437/806/939 1436/805/938 1424/793/926
f 1426/795/928 1438/807/940 1437/806/939 1425/794/927
f 1427/796/929 1439/808/941 1438/807/940 1426/795/928
f 1428/797/930 1440/809/942 1439/808/941 1427/796/929
f 1429/798/931 1441/810/943 1440/809/942 1428/797/930
f 1430/799/932 1442/811/944 1441/810/943 1429/798/931
f 1431/800/933 1443/812/945 1442/811/944 1430/799/932
f 1432/801/934 1444/813/946 1443/812/945 1431/800/933
f 1434/802/935 1446/814/947 1445/815/948 1433/803/936
f 1435/804/937 1447/816/949 1446/814/947 1434/802/935
f 1436/805/938 1448/817/950 1447/816/949 1435/804/937
f 1437/806/939 1449/818/951 1448/817/950 1436/805/938
f 1438/807/940 1450/819/952 1449/818/951 1437/806/939
f 1439/808/941 1451/820/953 1450/819/952 1438/807/940
f 1440/809/942 1452/821/954 1451/820/953 1439/808/941
f 1441/810/943 1453/822/955 1452/821/954 1440/809/942
f 1442/811/944 1454/823/956 1453/822/955 1441/810/943
f 1443/812/945 1455/824/957 1454/823/956 1442/811/944
f 1444/813/946 1456/825/958 1455/824/957 1443/812/945
f 1446/814/947 1458/662/959 1457/663/960 1445/815/948
f 1447/816/949 1459/665/961 1458/662/959 1446/814/947
f 1448/817/950 1460/667/962 1459/665/961 1447/816/949
f 1449/818/951 1461/669/963 1460/667/962 1448/817/950
f 1450/819/952 1462/671/964 1461/669/963 1449/818/951
f 1451/820/953 1463/673/965 1462/671/964 1450/819/952
f 1452/821/954 1464/675/966 1463/673/965 1451/820/953
f 1453/822/955 1465/677/967 1464/675/966 1452/821/954
f 1454/823/956 1466/679/968 1465/677/967 1453/822/955
f 1455/824/957 1467/681/969 1466/679/968 1454/823/956
f 1456/825/958 1468/683/970 1467/681/969 1455/824/957
f 1458/662/959 1470/826/971 1469/827/972 1457/663/960
f 1459/665/961 1471/828/973 1470/826/971 1458/662/959
f 1460/667/962 1472/829/974 1471/828/973 1459/665/961
f 1461/669/963 1473/830/975 1472/829/974 1460/667/962
f 1462/671/964 1474/831/976 1473/830/975 1461/669/963
f 1463/673/965 1475/832/977 1474/831/976 1462/671/964
f 1464/675/966 1476/833/978 1475/832/977 1463/673/965
f 1465/677/967 1477/834/979 1476/833/978 1464/675/966
f 1466/679/968 1478/835/980 1477/834/979 1465/677/967
f 1467/681/969 1479/836/981 1478/835/980 1466/679/968
f 1468/683/970 1480/837/982 1479/836/981 1467/681/969
f 1470/826/971 1482/838/983 1481/839/984 1469/827/972
f 1471/828/973 1483/840/985 1482/838/983 1470/826/971
f 1472/829/974 1484/841/986 1483/840/985 1471/828/973
f 1473/830/975 1485/842/987 1484/841/986 1472/829/974
f 1474/831/976 1486/843/988 1485/842/987 1473/830/975
f 1475/832/977 1487/844/989 1486/843/988 1474/831/976
f 1476/833/978 1488/845/990 1487/844/989 1475/832/977
f 1477/834/979 1489/846/991 1488/845/990 1476/833/978
f 1478/835/980 1490/847/992 1489/846/991 1477/834/979
f 1479/836/981 1491/848/993 1490/847/992 1478/835/980
f 1480/837/982 1492/849/994 1491/848/993 1479/836/981
f 1482/838/983 1494/850/995 1493/851/996 1481/839/984
f 1483/840/985 1495/852/997 1494/850/995 1482/838/983
f 1484/841/986 1496/853/998 1495/852/997 1483/840/985
f 1485/842/987 1497/854/999 1496/853/998 1484/841/986
f 1486/843/988 1498/855/1000 1497/854/999 1485/842/987
f 1487/844/989 1499/856/1001 1498/855/1000 1486/843/988
f 1488/845/990 1500/857/1002 1499/856/1001 1487/844/989
f 1489/846/991 1501/858/1003 1500/857/1002 1488/845/990
f 1490/847/992 1502/859/1004 1501/858/1003 1489/846/991
f 1491/848/993 1503/860/1005 1502/859/1004 1490/847/992
f 1492/849/994 1504/861/1006 1503/860/1005 1491/848/993
f 1494/850/995 1506/862/1007 1505/863/744 1493/851/996
f 1495/852/997 1507/864/1008 1506/862/1007 1494/850/995
f 1496/853/998 1508/865/1009 1507/864/1008 1495/852/997
f 1497/854/999 1509/866/1010 1508/865/1009 1496/853/998
f 1498/855/1000 1510/867/1011 1509/866/1010 1497/854/999
f 1499/856/1001 1511/868/1012 1510/867/1011 1498/855/1000
f 1500/857/1002 1512/869/1013 1511/868/1012 1499/856/1001
f 1501/858/1003 1513/870/1014 1512/869/1013 1500/857/1002
f 1502/859/1004 1514/871/1015 1513/870/1014 1501/858/1003
f 1503/860/1005 1515/872/1016 1514/871/1015 1502/859/1004
f 1504/861/1006 1516/873/754 1515/872/1016 1503/860/1005
f 1506/862/1007 1518/874/1017 1517/875/732 1505/863/744
f 1507/864/1008 1519/876/1018 1518/874/1017 1506/862/1007
f 1508/865/1009 1520/877/1019 1519/876/1018 1507/864/1008
f 1509/866/1010 1521/878/1020 1520/877/1019 1508/865/1009
f 1510/867/1011 1522/879/1021 1521/878/1020 1509/866/1010
f 1511/868/1012 1523/880/1022 1522/879/1021 1510/867/1011
f 1512/869/1013 1524/881/1023 1523/880/1022 1511/868/1012
f 1513/870/1014 1525/882/1024 1524/881/1023 1512/869/1013
f 1514/871/1015 1526/883/1025 1525/882/1024 1513/870/1014
f 1515/872/1016 1527/884/1026 1526/883/1025 1514/871/1015
f 1516/873/754 1528/885/742 1527/884/1026 1515/872/1016
f 1518/874/1017 1530/684/1027 1529/685/1028 1517/875/732
f 1519/876/1018 1531/686/1029 1530/684/1027 1518/874/1017
f 1520/877/1019 1532/687/1030 1531/686/1029 1519/876/1018
f 1521/878/1020 1533/688/1031 1532/687/1030 1520/877/1019
f 1522/879/1021 1534/689/1032 1533/688/1031 1521/878/1020
f 1523/880/1022 1535/690/1033 1534/689/1032 1522/879/1021
f 1524/881/1023 1536/691/1034 1535/690/1033 1523/880/1022
f 1525/882/1024 1537/692/1035 1536/691/1034 1524/881/1023
f 1526/883/1025 1538/693/1036 1537/692/1035 1525/882/1024
f 1527/884/1026 1539/694/1037 1538/693/1036 1526/883/1025
f 1528/885/742 1540/695/1038 1539/694/1037 1527/884/1026
f 1530/684/1027 1542/886/1039 1541/887/1040 1529/685/1028
f 1531/686/1029 1543/888/1041 1542/886/1039 1530/684/1027
f 1532/687/1030 1544/889/1042 1543/888/1041 1531/686/1029
f 1533/688/1031 1545/890/1043 1544/889/1042 1532/687/1030
f 1534/689/1032 1546/891/1044 1545/890/1043 1533/688/1031
f 1535/690/1033 1547/892/1045 1546/891/1044 1534/689/1032
f 1536/691/1034 1548/893/1046 1547/892/1045 1535/690/1033
f 1537/692/1035 1549/894/1047 1548/893/1046 1536/691/1034
f 1538/693/1036 1550/895/1048 1549/894/1047 1537/692/1035
f 1539/694/1037 1551/896/1049 1550/895/1048 1538/693/1036
f 1540/695/1038 1552/897/1050 1551/896/1049 1539/694/1037
f 1542/886/1039 1554/898/1051 1553/899/1052 1541/887/1040
f 1543/888/1041 1555/900/1053 1554/898/1051 1542/886/1039
f 1544/889/1042 1556/901/1054 1555/900/1053 1543/888/1041
f 1545/890/1043 1557/902/1055 1556/901/1054 1544/889/1042
f 1546/891/1044 1558/903/1056 1557/902/1055 1545/890/1043
f 1547/892/1045 1559/904/1057 1558/903/1056 1546/891/1044
f 1548/893/1046 1560/905/1058 1559/904/1057 1547/892/1045
f 1549/894/1047 1561/906/1059 1560/905/1058 1548/893/1046
f 1550/895/1048 1562/907/1060 1561/906/1059 1549/894/1047
f 1551/896/1049 1563/908/1061 1562/907/1060 1550/895/1048
f 1552/897/1050 1564/909/1062 1563/908/1061 1551/896/1049
f 1554/898/1051 1566/910/1063 1565/911/1064 1553/899/1052
f 1555/900/1053 1567/912/1065 1566/910/1063 1554/898/1051
f 1556/901/1054 1568/913/1066 1567/912/1065 1555/900/1053
f 1557/902/1055 1569/914/1067 1568/913/1066 1556/901/1054
f 1558/903/1056 1570/915/1068 1569/914/1067 1557/902/1055
f 1559/904/1057 1571/916/1069 1570/915/1068 1558/903/1056
f 1560/905/1058 1572/917/1070 1571/916/1069 1559/904/1057
f 1561/906/1059 1573/918/1071 1572/917/1070 1560/905/1058
f 1562/907/1060 1574/919/1072 1573/918/1071 1561/906/1059
f 1563/908/1061 1575/920/1073 1574/919/1072 1562/907/1060
f 1564/909/1062 1576/921/1074 1575/920/1073 1563/908/1061
f 1566/910/1063 1578/922/1075 1577/923/1076 1565/911/1064
f 1567/912/1065 1579/924/1077 1578/922/1075 1566/910/1063
f 1568/913/1066 1580/925/1078 1579/924/1077 1567/912/1065
f 1569/914/1067 1581/926/1079 1580/925/1078 1568/913/1066
f 1570/915/1068 1582/927/1080 1581/926/1079 1569/914/1067
f 1571/916/1069 1583/928/1081 1582/927/1080 1570/915/1068
f 1572/917/1070 1584/929/1082 1583/928/1081 1571/916/1069
f 1573/918/1071 1585/930/1083 1584/929/1082 1572/917/1070
f 1574/919/1072 1586/931/1084 1585/930/1083 1573/918/1071
f 1575/920/1073 1587/932/1085 1586/931/1084 1574/919/1072
f 1576/921/1074 1588/933/1086 1587/932/1085 1575/920/1073
f 1578/922/1075 1590/934/1087 1589/935/1088 1577/923/1076
f 1579/924/1077 1591/936/1089 1590/934/1087 1578/922/1075
f 1580/925/1078 1592/937/1090 1591/936/1089 1579/924/1077
f 1581/926/1079 1593/938/1091 1592/937/1090 1580/925/1078
f 1582/927/1080 1594/939/1092 1593/938/1091 1581/926/1079
f 1583/928/1081 1595/940/1093 1594/939/1092 1582/927/1080
f 1584/929/1082 1596/941/1094 1595/940/1093 1583/928/1081
f 1585/930/1083 1597/942/1095 1596/941/1094 1584/929/1082
f 1586/931/1084 1598/943/1096 1597/942/1095 1585/930/1083
f 1587/932/1085 1599/944/1097 1598/943/1096 1586/931/1084
f 1588/933/1086 1600/945/1098 1599/944/1097 1587/932/1085
f 1590/934/1087 1602/696/1099 1601/697/1100 1589/935/1088
f 1591/936/1089 1603/698/1101 1602/696/1099 1590/934/1087
f 1592/937/1090 1604/699/1102 1603/698/1101 1591/936/1089
f 1593/938/1091 1605/700/1103 1604/699/1102 1592/937/1090
f 1594/939/1092 1606/701/1104 1605/700/1103 1593/938/1091
f 1595/940/1093 1607/702/1105 1606/701/1104 1594/939/1092
f 1596/941/1094 1608/703/1106 1607/702/1105 1595/940/1093
f 1597/942/1095 1609/704/1107 1608/703/1106 1596/941/1094
f 1598/943/1096 1610/705/1108 1609/704/1107 1597/942/1095
f 1599/944/1097 1611/706/1109 1610/705/1108 1598/943/1096
f 1600/945/1098 1612/707/1110 1611/706/1109 1599/944/1097
f 1602/696/1099 1614/946/1111 1613/947/1112 1601/697/1100
f 1603/698/1101 1615/948/1113 1614/946/1111 1602/696/1099
f 1604/699/1102 1616/949/1114 1615/948/1113 1603/698/1101
f 1605/700/1103 1617/950/1115 1616/949/1114 1604/699/1102
f 1606/701/1104 1618/951/1116 1617/950/1115 1605/700/1103
f 1607/702/1105 1619/952/1117 1618/951/1116 1606/701/1104
f 1608/703/1106 1620/953/1118 1619/952/1117 1607/702/1105
f 1609/704/1107 1621/954/1119 1620/953/1118 1608/703/1106
f 1610/705/1108 1622/955/1120 1621/954/1119 1609/704/1107
f 1611/706/1109 1623/956/1121 1622/955/1120 1610/705/1108
f 1612/707/1110 1624/957/1122 1623/956/1121 1611/706/1109
f 1614/946/1111 1626/958/1123 1625/959/1124 1613/947/1112
f 1615/948/1113 1627/960/1125 1626/958/1123 1614/946/1111
f 1616/949/1114 1628/961/1126 1627/960/1125 1615/948/1113
f 1617/950/1115 1629/962/1127 1628/961/1126 1616/949/1114
f 1618/951/1116 1630/963/1128 1629/962/1127 1617/950/1115
f 1619/952/1117 1631/964/1129 1630/963/1128 1618/951/1116
f 1620/953/1118 1632/965/1130 1631/964/1129 1619/952/1117
f 1621/954/1119 1633/966/1131 1632/965/1130 1620/953/1118
f 1622/955/1120 1634/967/1132 1633/966/1131 1621/954/1119
f 1623/956/1121 1635/968/1133 1634/967/1132 1622/955/1120
f 1624/957/1122 1636/969/1134 1635/968/1133 1623/956/1121
f 1626/958/1123 1638/970/1135 1637/971/1136 1625/959/1124
f 1627/960/1125 1639/972/1137 1638/970/1135 1626/958/1123
f 1628/961/1126 1640/973/1138 1639/972/1137 1627/960/1125
f 1629/962/1127 1641/974/1139 1640/973/1138 1628/961/1126
f 1630/963/1128 1642/975/1140 1641/974/1139 1629/962/1127
f 1631/964/1129 1643/976/1141 1642/975/1140 1630/963/1128
f 1632/965/1130 1644/977/1142 1643/976/1141 1631/964/1129
f 1633/966/1131 1645/978/1143 1644/977/1142 1632/965/1130
f 1634/967/1132 1646/979/1144 1645/978/1143 1633/966/1131
f 1635/968/1133 1647/980/1145 1646/979/1144 1634/967/1132
f 1636/969/1134 1648/981/1146 1647/980/1145 1635/968/1133
f 1638/970/1135 1650/982/1147 1649/983/1148 1637/971/1136
f 1639/972/1137 1651/984/1149 1650/982/1147 1638/970/1135
f 1640/973/1138 1652/985/1150 1651/984/1149 1639/972/1137
f 1641/974/1139 1653/986/1151 1652/985/1150 1640/973/1138
f 1642/975/1140 1654/987/1152 1653/986/1151 1641/974/1139
f 1643/976/1141 1655/988/1153 1654/987/1152 1642/975/1140
f 1644/977/1142 1656/989/1154 1655/988/1153 1643/976/1141
f 1645/978/1143 1657/990/1155 1656/989/1154 1644/977/1142
f 1646/979/1144 1658/991/1156 1657/990/1155 1645/978/1143
f 1647/980/1145 1659/992/1157 1658/991/1156 1646/979/1144
f 1648/981/1146 1660/993/1158 1659/992/1157 1647/980/1145
f 1650/982/1147 1662/994/1159 1661/995/1160 1649/983/1148
f 1651/984/1149 1663/996/1161 1662/994/1159 1650/982/1147
f 1652/985/1150 1664/997/1162 1663/996/1161 1651/984/1149
f 1653/986/1151 1665/998/1163 1664/997/1162 1652/985/1150
f 1654/987/1152 1666/999/1164 1665/998/1163 1653/986/1151
f 1655/988/1153 1667/1000/1165 1666/999/1164 1654/987/1152
f 1656/989/1154 1668/1001/1166 1667/1000/1165 1655/988/1153
f 1657/990/1155 1669/1002/1167 1668/1001/1166 1656/989/1154
f 1658/991/1156 1670/1003/1168 1669/1002/1167 1657/990/1155
f 1659/992/1157 1671/1004/1169 1670/1003/1168 1658/991/1156
f 1660/993/1158 1672/1005/1170 1671/1004/1169 1659/992/1157
f 1662/994/1159 1674/708/1171 1673/515/1172 1661/995/1160
f 1663/996/1161 1675/709/1173 1674/708/1171 1662/994/1159
f 1664/997/1162 1676/710/1174 1675/709/1173 1663/996/1161
f 1665/998/1163 1677/711/1175 1676/710/1174 1664/997/1162
f 1666/999/1164 1678/712/1176 1677/711/1175 1665/998/1163
f 1667/1000/1165 1679/713/1177 1678/712/1176 1666/999/1164
f 1668/1001/1166 1680/714/1178 1679/713/1177 1667/1000/1165
f 1669/1002/1167 1681/715/1179 1680/714/1178 1668/1001/1166
f 1670/1003/1168 1682/716/1180 1681/715/1179 1669/1002/1167
f 1671/1004/1169 1683/717/1181 1682/716/1180 1670/1003/1168
f 1672/1005/1170 1684/718/1182 1683/717/1181 1671/1004/1169
f 1674/708/1171 1686/1006/1183 1685/1007/1184 1673/515/1172
f 1675/709/1173 1687/1008/1185 1686/1006/1183 1674/708/1171
f 1676/710/1174 1688/1009/1186 1687/1008/1185 1675/709/1173
f 1677/711/1175 1689/1010/1187 1688/1009/1186 1676/710/1174
f 1678/712/1176 1690/1011/1188 1689/1010/1187 1677/711/1175
f 1679/713/1177 1691/1012/1189 1690/1011/1188 1678/712/1176
f 1680/714/1178 1692/1013/1190 1691/1012/1189 1679/713/1177
f 1681/715/1179 1693/1014/1191 1692/1013/1190 1680/714/1178
f 1682/716/1180 1694/1015/1192 1693/1014/1191 1681/715/1179
f 1683/717/1181 1695/1016/1193 1694/1015/1192 1682/716/1180
f 1684/718/1182 1696/1017/1194 1695/1016/1193 1683/717/1181
f 1686/1006/1183 1698/1018/1195 1697/1019/1196 1685/1007/1184
f 1687/1008/1185 1699/1020/1197 1698/1018/1195 1686/1006/1183
f 1688/1009/1186 1700/1021/1198 1699/1020/1197 1687/1008/1185
f 1689/1010/1187 1701/1022/1199 1700/1021/1198 1688/1009/1186
f 1690/1011/1188 1702/1023/1200 1701/1022/1199 1689/1010/1187
f 1691/1012/1189 1703/1024/1201 1702/1023/1200 1690/1011/1188
f 1692/1013/1190 1704/1025/1202 1703/1024/1201 1691/1012/1189
f 1693/1014/1191 1705/1026/1203 1704/1025/1202 1692/1013/1190
f 1694/1015/1192 1706/1027/1204 1705/1026/1203 1693/1014/1191
f 1695/1016/1193 1707/1028/1205 1706/1027/1204 1694/1015/1192
f 1696/1017/1194 1708/1029/1206 1707/1028/1205 1695/1016/1193
f 1698/1018/1195 1710/1030/1207 1709/1031/1208 1697/1019/1196
f 1699/1020/1197 1711/1032/1209 1710/1030/1207 1698/1018/1195
f 1700/1021/1198 1712/1033/1210 1711/1032/1209 1699/1020/1197
f 1701/1022/1199 1713/1034/1211 1712/1033/1210 1700/1021/1198
f 1702/1023/1200 1714/1035/1212 1713/1034/1211 1701/1022/1199
f 1703/1024/1201 1715/1036/1213 1714/1035/1212 1702/1023/1200
f 1704/1025/1202 1716/1037/1214 1715/1036/1213 1703/1024/1201
f 1705/1026/1203 1717/1038/1215 1716/1037/1214 1704/1025/1202
f 1706/1027/1204 1718/1039/1216 1717/1038/1215 1705/1026/1203
f 1707/1028/1205 1719/1040/1217 1718/1039/1216 1706/1027/1204
f 1708/1029/1206 1720/1041/1218 1719/1040/1217 1707/1028/1205
f 1710/1030/1207 1722/1042/1219 1721/1043/1220 1709/1031/1208
f 1711/1032/1209 1723/1044/1221 1722/1042/1219 1710/1030/1207
f 1712/1033/1210 1724/1045/1222 1723/1044/1221 1711/1032/1209
f 1713/1034/1211 1725/1046/1223 1724/1045/1222 1712/1033/1210
f 1714/1035/1212 1726/1047/1224 1725/1046/1223 1713/1034/1211
f 1715/1036/1213 1727/1048/1225 1726/1047/1224 1714/1035/1212
f 1716/1037/1214 1728/1049/1226 1727/1048/1225 1715/1036/1213
f 1717/1038/1215 1729/1050/1227 1728/1049/1226 1716/1037/1214
f 1718/1039/1216 1730/1051/1228 1729/1050/1227 1717/1038/1215
f 1719/1040/1217 1731/1052/1229 1730/1051/1228 1718/1039/1216
f 1720/1041/1218 1732/1053/1230 1731/1052/1229 1719/1040/1217
f 1722/1042/1219 1734/1054/1231 1733/1055/1232 1721/1043/1220
f 1723/1044/1221 1735/1056/1233 1734/1054/1231 1722/1042/1219
f 1724/1045/1222 1736/1057/1234 1735/1056/1233 1723/1044/1221
f 1725/1046/1223 1737/1058/1235 1736/1057/1234 1724/1045/1222
f 1726/1047/1224 1738/1059/1236 1737/1058/1235 1725/1046/1223
f 1727/1048/1225 1739/1060/1237 1738/1059/1236 1726/1047/1224
f 1728/1049/1226 1740/1061/1238 1739/1060/1237 1727/1048/1225
f 1729/1050/1227 1741/1062/1239 1740/1061/1238 1728/1049/1226
f 1730/1051/1228 1742/1063/1240 1741/1062/1239 1729/1050/1227
f 1731/1052/1229 1743/1064/1241 1742/1063/1240 1730/1051/1228
f 1732/1053/1230 1744/1065/1242 1743/1064/1241 1731/1052/1229
f 1734/1054/1231 1746/719/1243 1745/720/1244 1733/1055/1232
f 1735/1056/1233 1747/721/1245 1746/719/1243 1734/1054/1231
f 1736/1057/1234 1748/722/1246 1747/721/1245 1735/1056/1233
f 1737/1058/1235 1749/723/1247 1748/722/1246 1736/1057/1234
f 1738/1059/1236 1750/724/1248 1749/723/1247 1737/1058/1235
f 1739/1060/1237 1751/725/1249 1750/724/1248 1738/1059/1236
f 1740/1061/1238 1752/726/1250 1751/725/1249 1739/1060/1237
f 1741/1062/1239 1753/727/1251 1752/726/1250 1740/1061/1238
f 1742/1063/1240 1754/728/1252 1753/727/1251 1741/1062/1239
f 1743/1064/1241 1755/729/1253 1754/728/1252 1742/1063/1240
f 1744/1065/1242 1756/730/1254 1755/729/1253 1743/1064/1241
f 1746/719/1243 1758/1066/1255 1757/1067/1256 1745/720/1244
f 1747/721/1245 1759/1068/1257 1758/1066/1255 1746/719/1243
f 1748/722/1246 1760/1069/1258 1759/1068/1257 1747/721/1245
f 1749/723/1247 1761/1070/1259 1760/1069/1258 1748/722/1246
f 1750/724/1248 1762/1071/1260 1761/1070/1259 1749/723/1247
f 1751/725/1249 1763/1072/1261 1762/1071/1260 1750/724/1248
f 1752/726/1250 1764/1073/1262 1763/1072/1261 1751/725/1249
f 1753/727/1251 1765/1074/1263 1764/1073/1262 1752/726/1250
f 1754/728/1252 1766/1075/1264 1765/1074/1263 1753/727/1251
f 1755/729/1253 1767/1076/1265 1766/1075/1264 1754/728/1252
f 1756/730/1254 1768/1077/1266 1767/1076/1265 1755/729/1253
f 1758/1066/1255 1770/1078/1267 1769/1079/1268 1757/1067/1256
f 1759/1068/1257 1771/1080/1269 1770/1078/1267 1758/1066/1255
f 1760/1069/1258 1772/1081/1270 1771/1080/1269 1759/1068/1257
f 1761/1070/1259 1773/1082/1271 1772/1081/1270 1760/1069/1258
f 1762/1071/1260 1774/1083/1272 1773/1082/1271 1761/1070/1259
f 1763/1072/1261 1775/1084/1273 1774/1083/1272 1762/1071/1260
f 1764/1073/1262 1776/1085/1274 1775/1084/1273 1763/1072/1261
f 1765/1074/1263 1777/1086/1275 1776/1085/1274 1764/1073/1262
f 1766/1075/1264 1778/1087/1276 1777/1086/1275 1765/1074/1263
f 1767/1076/1265 1779/1088/1277 1778/1087/1276 1766/1075/1264
f 1768/1077/1266 1780/1089/1278 1779/1088/1277 1767/1076/1265
f 1770/1078/1267 1782/1090/1279 1781/1091/1280 1769/1079/1268
f 1771/1080/1269 1783/1092/1281 1782/1090/1279 1770/1078/1267
f 1772/1081/1270 1784/1093/1282 1783/1092/1281 1771/1080/1269
f 1773/1082/1271 1785/1094/1283 1784/1093/1282 1772/1081/1270
f 1774/1083/1272 1786/1095/1284 1785/1094/1283 1773/1082/1271
f 1775/1084/1273 1787/1096/1285 1786/1095/1284 1774/1083/1272
f 1776/1085/1274 1788/1097/1286 1787/1096/1285 1775/1084/1273
f 1777/1086/1275 1789/1098/1287 1788/1097/1286 1776/1085/1274
f 1778/1087/1276 1790/1099/1288 1789/1098/1287 1777/1086/1275
f 1779/1088/1277 1791/1100/1289 1790/1099/1288 1778/1087/1276
f 1780/1089/1278 1792/1101/1290 1791/1100/1289 1779/1088/1277
f 1782/1090/1279 1794/1102/1291 1793/1103/1292 1781/1091/1280
f 1783/1092/1281 1795/1104/1293 1794/1102/1291 1782/1090/1279
f 1784/1093/1282 1796/1105/1294 1795/1104/1293 1783/1092/1281
f 1785/1094/1283 1797/1106/1295 1796/1105/1294 1784/1093/1282
f 1786/1095/1284 1798/1107/1296 1797/1106/1295 1785/1094/1283
f 1787/1096/1285 1799/1108/1297 1798/1107/1296 1786/1095/1284
f 1788/1097/1286 1800/1109/1298 1799/1108/1297 1787/1096/1285
f 1789/1098/1287 1801/1110/1299 1800/1109/1298 1788/1097/1286
f 1790/1099/1288 1802/1111/1300 1801/1110/1299 1789/1098/1287
f 1791/1100/1289 1803/1112/1301 1802/1111/1300 1790/1099/1288
f 1792/1101/1290 1804/1113/1302 1803/1112/1301 1791/1100/1289
f 1794/1102/1291 1806/1114/1303 1805/1115/444 1793/1103/1292
f 1795/1104/1293 1807/1116/1304 1806/1114/1303 1794/1102/1291
f 1796/1105/1294 1808/1117/1305 1807/1116/1304 1795/1104/1293
f 1797/1106/1295 1809/1118/1306 1808/1117/1305 1796/1105/1294
f 1798/1107/1296 1810/1119/1307 1809/1118/1306 1797/1106/1295
f 1799/1108/1297 1811/1120/1308 1810/1119/1307 1798/1107/1296
f 1800/1109/1298 1812/1121/1309 1811/1120/1308 1799/1108/1297
f 1801/1110/1299 1813/1122/1310 1812/1121/1309 1800/1109/1298
f 1802/1111/1300 1814/1123/1311 1813/1122/1310 1801/1110/1299
f 1803/1112/1301 1815/1124/1312 1814/1123/1311 1802/1111/1300
f 1804/1113/1302 1816/1125/1313 1815/1124/1312 1803/1112/1301
f 1806/1114/1303 1818/731/1314 1817/732/1315 1805/1115/444
f 1807/1116/1304 1819/733/1316 1818/731/1314 1806/1114/1303
f 1808/1117/1305 1820/734/1317 1819/733/1316 1807/1116/1304
f 1809/1118/1306 1821/735/1318 1820/734/1317 1808/1117/1305
f 1810/1119/1307 1822/736/1319 1821/735/1318 1809/1118/1306
f 1811/1120/1308 1823/737/1320 1822/736/1319 1810/1119/1307
f 1812/1121/1309 1824/738/1321 1823/737/1320 1811/1120/1308
f 1813/1122/1310 1825/739/1322 1824/738/1321 1812/1121/1309
f 1814/1123/1311 1826/740/1323 1825/739/1322 1813/1122/1310
f 1815/1124/1312 1827/741/1324 1826/740/1323 1814/1123/1311
f 1816/1125/1313 1828/742/1325 1827/741/1324 1815/1124/1312
f 1818/731/1314 1830/1126/1326 1829/1127/1327 1817/732/1315
f 1819/733/1316 1831/1128/1328 1830/1126/1326 1818/731/1314
f 1820/734/1317 1832/1129/1329 1831/1128/1328 1819/733/1316
f 1821/735/1318 1833/1130/1330 1832/1129/1329 1820/734/1317
f 1822/736/1319 1834/1131/1331 1833/1130/1330 1821/735/1318
f 1823/737/1320 1835/1132/1332 1834/1131/1331 1822/736/1319
f 1824/738/1321 1836/1133/1333 1835/1132/1332 1823/737/1320
f 1825/739/1322 1837/1134/1334 1836/1133/1333 1824/738/1321
f 1826/740/1323 1838/1135/1335 1837/1134/1334 1825/739/1322
f 1827/741/1324 1839/1136/1336 1838/1135/1335 1826/740/1323
f 1828/742/1325 1840/1137/1337 1839/1136/1336 1827/741/1324
f 1830/1126/1326 1842/1138/1338 1841/1139/1339 1829/1127/1327
f 1831/1128/1328 1843/1140/1340 1842/1138/1338 1830/1126/1326
f 1832/1129/1329 1844/1141/1341 1843/1140/1340 1831/1128/1328
f 1833/1130/1330 1845/1142/1342 1844/1141/1341 1832/1129/1329
f 1834/1131/1331 1846/1143/1343 1845/1142/1342 1833/1130/1330
f 1835/1132/1332 1847/1144/1344 1846/1143/1343 1834/1131/1331
f 1836/1133/1333 1848/1145/1345 1847/1144/1344 1835/1132/1332
f 1837/1134/1334 1849/1146/1346 1848/1145/1345 1836/1133/1333
f 1838/1135/1335 1850/1147/1347 1849/1146/1346 1837/1134/1334
f 1839/1136/1336 1851/1148/1348 1850/1147/1347 1838/1135/1335
f 1840/1137/1337 1852/1149/1349 1851/1148/1348 1839/1136/1336
f 1842/1138/1338 1854/1150/1350 1853/1151/1351 1841/1139/1339
f 1843/1140/1340 1855/1152/1352 1854/1150/1350 1842/1138/1338
f 1844/1141/1341 1856/1153/1353 1855/1152/1352 1843/1140/1340
f 1845/1142/1342 1857/1154/1354 1856/1153/1353 1844/1141/1341
f 1846/1143/1343 1858/1155/1355 1857/1154/1354 1845/1142/1342
f 1847/1144/1344 1859/1156/1356 1858/1155/1355 1846/1143/1343
f 1848/1145/1345 1860/1157/1357 1859/1156/1356 1847/1144/1344
f 1849/1146/1346 1861/1158/1358 1860/1157/1357 1848/1145/1345
f 1850/1147/1347 1862/1159/1359 1861/1158/1358 1849/1146/1346
f 1851/1148/1348 1863/1160/1360 1862/1159/1359 1850/1147/1347
f 1852/1149/1349 1864/1161/1361 1863/1160/1360 1851/1148/1348
f 1854/1150/1350 1866/1162/1362 1865/1163/1363 1853/1151/1351
f 1855/1152/1352 1867/1164/1364 1866/1162/1362 1854/1150/1350
f 1856/1153/1353 1868/1165/1365 1867/1164/1364 1855/1152/1352
f 1857/1154/1354 1869/1166/1366 1868/1165/1365 1856/1153/1353
f 1858/1155/1355 1870/1167/1367 1869/1166/1366 1857/1154/1354
f 1859/1156/1356 1871/1168/1368 1870/1167/1367 1858/1155/1355
f 1860/1157/1357 1872/1169/1369 1871/1168/1368 1859/1156/1356
f 1861/1158/1358 1873/1170/1370 1872/1169/1369 1860/1157/1357
f 1862/1159/1359 1874/1171/1371 1873/1170/1370 1861/1158/1358
f 1863/1160/1360 1875/1172/1372 1874/1171/1371 1862/1159/1359
f 1864/1161/1361 1876/1173/1373 1875/1172/1372 1863/1160/1360
f 1866/1162/1362 1878/1174/1374 1877/1175/1375 1865/1163/1363
f 1867/1164/1364 1879/1176/1376 1878/1174/1374 1866/1162/1362
f 1868/1165/1365 1880/1177/1377 1879/1176/1376 1867/1164/1364
f 1869/1166/1366 1881/1178/1378 1880/1177/1377 1868/1165/1365
f 1870/1167/1367 1882/1179/1379 1881/1178/1378 1869/1166/1366
f 1871/1168/1368 1883/1180/1380 1882/1179/1379 1870/1167/1367
f 1872/1169/1369 1884/1181/1381 1883/1180/1380 1871/1168/1368
f 1873/1170/1370 1885/1182/1382 1884/1181/1381 1872/1169/1369
f 1874/1171/1371 1886/1183/1383 1885/1182/1382 1873/1170/1370
f 1875/1172/1372 1887/1184/1384 1886/1183/1383 1874/1171/1371
f 1876/1173/1373 1888/1185/1385 1887/1184/1384 1875/1172/1372
f 1878/1174/1374 1890/743/1386 1889/744/1387 1877/1175/1375
f 1879/1176/1376 1891/745/1388 1890/743/1386 1878/1174/1374
f 1880/1177/1377 1892/746/1389 1891/745/1388 1879/1176/1376
f 1881/1178/1378 1893/747/1390 1892/746/1389 1880/1177/1377
f 1882/1179/1379 1894/748/1391 1893/747/1390 1881/1178/1378
f 1883/1180/1380 1895/749/1392 1894/748/1391 1882/1179/1379
f 1884/1181/1381 1896/750/1393 1895/749/1392 1883/1180/1380
f 1885/1182/1382 1897/751/1394 1896/750/1393 1884/1181/1381
f 1886/1183/1383 1898/752/1395 1897/751/1394 1885/1182/1382
f 1887/1184/1384 1899/753/1396 1898/752/1395 1886/1183/1383
f 1888/1185/1385 1900/754/1397 1899/753/1396 1887/1184/1384
f 1890/743/1386 1902/1186/1398 1901/1187/1399 1889/744/1387
f 1891/745/1388 1903/1188/1400 1902/1186/1398 1890/743/1386
f 1892/746/1389 1904/1189/1401 1903/1188/1400 1891/745/1388
f 1893/747/1390 1905/1190/1402 1904/1189/1401 1892/746/1389
f 1894/748/1391 1906/1191/1403 1905/1190/1402 1893/747/1390
f 1895/749/1392 1907/1192/1404 1906/1191/1403 1894/748/1391
f 1896/750/1393 1908/1193/1405 1907/1192/1404 1895/749/1392
f 1897/751/1394 1909/1194/1406 1908/1193/1405 1896/750/1393
f 1898/752/1395 1910/1195/1407 1909/1194/1406 1897/751/1394
f 1899/753/1396 1911/1196/1408 1910/1195/1407 1898/752/1395
f 1900/754/1397 1912/1197/1409 1911/1196/1408 1899/753/1396
f 1902/1186/1398 1914/1198/1410 1913/1199/1411 1901/1187/1399
f 1903/1188/1400 1915/1200/1412 1914/1198/1410 1902/1186/1398
f 1904/1189/1401 1916/1201/1413 1915/1200/1412 1903/1188/1400
f 1905/1190/1402 1917/1202/1414 1916/1201/1413 1904/1189/1401
f 1906/1191/1403 1918/1203/1415 1917/1202/1414 1905/1190/1402
f 1907/1192/1404 1919/1204/1416 1918/1203/1415 1906/1191/1403
f 1908/1193/1405 1920/1205/1417 1919/1204/1416 1907/1192/1404
f 1909/1194/1406 1921/1206/1418 1920/1205/1417 1908/1193/1405
f 1910/1195/1407 1922/1207/1419 1921/1206/1418 1909/1194/1406
f 1911/1196/1408 1923/1208/1420 1922/1207/1419 1910/1195/1407
f 1912/1197/1409 1924/1209/1421 1923/1208/1420 1911/1196/1408
f 1914/1198/1410 1926/1210/1422 1925/1211/1423 1913/1199/1411
f 1915/1200/1412 1927/1212/1424 1926/1210/1422 1914/1198/1410
f 1916/1201/1413 1928/1213/1425 1927/1212/1424 1915/1200/1412
f 1917/1202/1414 1929/1214/1426 1928/1213/1425 1916/1201/1413
f 1918/1203/1415 1930/1215/1427 1929/1214/1426 1917/1202/1414
f 1919/1204/1416 1931/1216/1428 1930/1215/1427 1918/1203/1415
f 1920/1205/1417 1932/1217/1429 1931/1216/1428 1919/1204/1416
f 1921/1206/1418 1933/1218/1430 1932/1217/1429 1920/1205/1417
f 1922/1207/1419 1934/1219/1431 1933/1218/1430 1921/1206/1418
f 1923/1208/1420 1935/1220/1432 1934/1219/1431 1922/1207/1419
f 1924/1209/1421 1936/1221/1433 1935/1220/1432 1923/1208/1420
f 1926/1210/1422 1938/1222/1434 1937/1223/1435 1925/1211/1423
f 1927/1212/1424 1939/1224/1436 1938/1222/1434 1926/1210/1422
f 1928/1213/1425 1940/1225/1437 1939/1224/1436 1927/1212/1424
f 1929/1214/1426 1941/1226/1438 1940/1225/1437 1928/1213/1425
f 1930/1215/1427 1942/1227/1439 1941/1226/1438 1929/1214/1426
f 1931/1216/1428 1943/1228/1440 1942/1227/1439 1930/1215/1427
f 1932/1217/1429 1944/1229/1441 1943/1228/1440 1931/1216/1428
f 1933/1218/1430 1945/1230/1442 1944/1229/1441 1932/1217/1429
f 1934/1219/1431 1946/1231/1443 1945/1230/1442 1933/1218/1430
f 1935/1220/1432 1947/1232/1444 1946/1231/1443 1934/1219/1431
f 1936/1221/1433 1948/1233/1445 1947/1232/1444 1935/1220/1432
f 1938/1222/1434 1950/1234/1446 1949/1235/1447 1937/1223/1435
f 1939/1224/1436 1951/1236/1448 1950/1234/1446 1938/1222/1434
f 1940/1225/1437 1952/1237/1449 1951/1236/1448 1939/1224/1436
f 1941/1226/1438 1953/1238/1450 1952/1237/1449 1940/1225/1437
f 1942/1227/1439 1954/1239/1451 1953/1238/1450 1941/1226/1438
f 1943/1228/1440 1955/1240/1452 1954/1239/1451 1942/1227/1439
f 1944/1229/1441 1956/1241/1453 1955/1240/1452 1943/1228/1440
f 1945/1230/1442 1957/1242/1454 1956/1241/1453 1944/1229/1441
f 1946/1231/1443 1958/1243/1455 1957/1242/1454 1945/1230/1442
f 1947/1232/1444 1959/1244/1456 1958/1243/1455 1946/1231/1443
f 1948/1233/1445 1960/1245/1457 1959/1244/1456 1947/1232/1444
f 1950/1234/1446 1386/755/887 1385/509/890 1949/1235/1447
f 1951/1236/1448 1387/756/891 1386/755/887 1950/1234/1446
f 1952/1237/1449 1388/757/893 1387/756/891 1951/1236/1448
f 1953/1238/1450 1389/758/895 1388/757/893 1952/1237/1449
f 1954/1239/1451 1390/759/897 1389/758/895 1953/1238/1450
f 1955/1240/1452 1391/760/899 1390/759/897 1954/1239/1451
f 1956/1241/1453 1392/761/901 1391/760/899 1955/1240/1452
f 1957/1242/1454 1393/762/903 1392/761/901 1956/1241/1453
f 1958/1243/1455 1394/763/905 1393/762/903 1957/1242/1454
f 1959/1244/1456 1395/764/907 1394/763/905 1958/1243/1455
f 1960/1245/1457 1396/765/909 1395/764/907 1959/1244/1456
f 1962/661/1458 1974/1246/1459 1973/1247/1460 1961/508/1461
f 1963/664/1462 1975/1248/1463 1974/1246/1459 1962/661/1458
f 1964/666/1464 1976/1249/1465 1975/1248/1463 1963/664/1462
f 1965/668/1466 1977/1250/1467 1976/1249/1465 1964/666/1464
f 1966/670/1468 1978/1251/1469 1977/1250/1467 1965/668/1466
f 1967/672/1470 1979/1252/1471 1978/1251/1469 1966/670/1468
f 1968/674/1472 1980/1253/1473 1979/1252/1471 1967/672/1470
f 1969/676/1474 1981/1254/1475 1980/1253/1473 1968/674/1472
f 1970/678/1476 1982/1255/1477 1981/1254/1475 1969/676/1474
f 1971/680/1478 1983/1256/1479 1982/1255/1477 1970/678/1476
f 1972/682/1480 1984/1257/1481 1983/1256/1479 1971/680/1478
f 1974/1246/1459 1986/1258/1482 1985/1259/1483 1973/1247/1460
f 1975/1248/1463 1987/1260/1484 1986/1258/1482 1974/1246/1459
f 1976/1249/1465 1988/1261/1485 1987/1260/1484 1975/1248/1463
f 1977/1250/1467 1989/1262/1486 1988/1261/1485 1976/1249/1465
f 1978/1251/1469 1990/1263/1487 1989/1262/1486 1977/1250/1467
f 1979/1252/1471 1991/1264/1488 1990/1263/1487 1978/1251/1469
f 1980/1253/1473 1992/1265/1489 1991/1264/1488 1979/1252/1471
f 1981/1254/1475 1993/1266/1490 1992/1265/1489 1980/1253/1473
f 1982/1255/1477 1994/1267/1491 1993/1266/1490 1981/1254/1475
f 1983/1256/1479 1995/1268/1492 1994/1267/1491 1982/1255/1477
f 1984/1257/1481 1996/1269/1493 1995/1268/1492 1983/1256/1479
f 1986/1258/1482 1998/1270/1494 1997/1271/1495 1985/1259/1483
f 1987/1260/1484 1999/1272/1496 1998/1270/1494 1986/1258/1482
f 1988/1261/1485 2000/1273/1497 1999/1272/1496 1987/1260/1484
f 1989/1262/1486 2001/1274/1498 2000/1273/1497 1988/1261/1485
f 1990/1263/1487 2002/1275/1499 2001/1274/1498 1989/1262/1486
f 1991/1264/1488 2003/1276/1500 2002/1275/1499 1990/1263/1487
f 1992/1265/1489 2004/1277/1501 2003/1276/1500 1991/1264/1488
f 1993/1266/1490 2005/1278/1502 2004/1277/1501 1992/1265/1489
f 1994/1267/1491 2006/1279/1503 2005/1278/1502 1993/1266/1490
f 1995/1268/1492 2007/1280/1504 2006/1279/1503 1994/1267/1491
f 1996/1269/1493 2008/1281/1505 2007/1280/1504 1995/1268/1492
f 1998/1270/1494 2010/1282/1506 2009/1283/1507 1997/1271/1495
f 1999/1272/1496 2011/1284/1508 2010/1282/1506 1998/1270/1494
f 2000/1273/1497 2012/1285/1509 2011/1284/1508 1999/1272/1496
f 2001/1274/1498 2013/1286/1510 2012/1285/1509 2000/1273/1497
f 2002/1275/1499 2014/1287/1511 2013/1286/1510 2001/1274/1498
f 2003/1276/1500 2015/1288/1512 2014/1287/1511 2002/1275/1499
f 2004/1277/1501 2016/1289/1513 2015/1288/1512 2003/1276/1500
f 2005/1278/1502 2017/1290/1514 2016/1289/1513 2004/1277/1501
f 2006/1279/1503 2018/1291/1515 2017/1290/1514 2005/1278/1502
f 2007/1280/1504 2019/1292/1516 2018/1291/1515 2006/1279/1503
f 2008/1281/1505 2020/1293/1517 2019/1292/1516 2007/1280/1504
f 2010/1282/1506 2022/1294/1518 2021/1295/1519 2009/1283/1507
f 2011/1284/1508 2023/1296/1520 2022/1294/1518 2010/1282/1506
f 2012/1285/1509 2024/1297/1521 2023/1296/1520 2011/1284/1508
f 2013/1286/1510 2025/1298/1522 2024/1297/1521 2012/1285/1509
f 2014/1287/1511 2026/1299/1523 2025/1298/1522 2013/1286/1510
f 2015/1288/1512 2027/1300/1524 2026/1299/1523 2014/1287/1511
f 2016/1289/1513 2028/1301/1525 2027/1300/1524 2015/1288/1512
f 2017/1290/1514 2029/1302/1526 2028/1301/1525 2016/1289/1513
f 2018/1291/1515 2030/1303/1527 2029/1302/1526 2017/1290/1514
f 2019/1292/1516 2031/1304/1528 2030/1303/1527 2018/1291/1515
f 2020/1293/1517 2032/1305/1529 2031/1304/1528 2019/1292/1516
f 2022/1294/1518 2034/1306/1530 2033/1307/1531 2021/1295/1519
f 2023/1296/1520 2035/1308/1532 2034/1306/1530 2022/1294/1518
f 2024/1297/1521 2036/1309/1533 2035/1308/1532 2023/1296/1520
f 2025/1298/1522 2037/1310/1534 2036/1309/1533 2024/1297/1521
f 2026/1299/1523 2038/1311/1535 2037/1310/1534 2025/1298/1522
f 2027/1300/1524 2039/1312/1536 2038/1311/1535 2026/1299/1523
f 2028/1301/1525 2040/1313/1537 2039/1312/1536 2027/1300/1524
f 2029/1302/1526 2041/1314/1538 2040/1313/1537 2028/1301/1525
f 2030/1303/1527 2042/1315/1539 2041/1314/1538 2029/1302/1526
f 2031/1304/1528 2043/1316/1540 2042/1315/1539 2030/1303/1527
f 2032/1305/1529 2044/1317/1541 2043/1316/1540 2031/1304/1528
f 2034/1306/1530 2046/1318/1542 2045/1319/1543 2033/1307/1531
f 2035/1308/1532 2047/1320/1544 2046/1318/1542 2034/1306/1530
f 2036/1309/1533 2048/1321/1545 2047/1320/1544 2035/1308/1532
f 2037/1310/1534 2049/1322/1546 2048/1321/1545 2036/1309/1533
f 2038/1311/1535 2050/1323/1547 2049/1322/1546 2037/1310/1534
f 2039/1312/1536 2051/1324/1548 2050/1323/1547 2038/1311/1535
f 2040/1313/1537 2052/1325/1549 2051/1324/1548 2039/1312/1536
f 2041/1314/1538 2053/1326/1550 2052/1325/1549 2040/1313/1537
f 2042/1315/1539 2054/1327/1551 2053/1326/1550 2041/1314/1538
f 2043/1316/1540 2055/1328/1552 2054/1327/1551 2042/1315/1539
f 2044/1317/1541 2056/1329/1553 2055/1328/1552 2043/1316/1540
f 2046/1318/1542 2058/1330/1554 2057/1331/1555 2045/1319/1543
f 2047/1320/1544 2059/1332/1556 2058/1330/1554 2046/1318/1542
f 2048/1321/1545 2060/1333/1557 2059/1332/1556 2047/1320/1544
f 2049/1322/1546 2061/1334/1558 2060/1333/1557 2048/1321/1545
f 2050/1323/1547 2062/1335/1559 2061/1334/1558 2049/1322/1546
f 2051/1324/1548 2063/1336/1560 2062/1335/1559 2050/1323/1547
f 2052/1325/1549 2064/1337/1561 2063/1336/1560 2051/1324/1548
f 2053/1326/1550 2065/1338/1562 2064/1337/1561 2052/1325/1549
f 2054/1327/1551 2066/1339/1563 2065/1338/1562 2053/1326/1550
f 2055/1328/1552 2067/1340/1564 2066/1339/1563 2054/1327/1551
f 2056/1329/1553 2068/1341/1565 2067/1340/1564 2055/1328/1552
f 2058/1330/1554 2070/1342/1566 2069/1343/1567 2057/1331/1555
f 2059/1332/1556 2071/1344/1568 2070/1342/1566 2058/1330/1554
f 2060/1333/1557 2072/1345/1569 2071/1344/1568 2059/1332/1556
f 2061/1334/1558 2073/1346/1570 2072/1345/1569 2060/1333/1557
f 2062/1335/1559 2074/1347/1571 2073/1346/1570 2061/1334/1558
f 2063/1336/1560 2075/1348/1572 2074/1347/1571 2062/1335/1559
f 2064/1337/1561 2076/1349/1573 2075/1348/1572 2063/1336/1560
f 2065/1338/1562 2077/1350/1574 2076/1349/1573 2064/1337/1561
f 2066/1339/1563 2078/1351/1575 2077/1350/1574 2065/1338/1562
f 2067/1340/1564 2079/1352/1576 2078/1351/1575 2066/1339/1563
f 2068/1341/1565 2080/1353/1577 2079/1352/1576 2067/1340/1564
f 2070/1342/1566 2082/1354/1578 2081/1355/1579 2069/1343/1567
f 2071/1344/1568 2083/1356/1580 2082/1354/1578 2070/1342/1566
f 2072/1345/1569 2084/1357/1581 2083/1356/1580 2071/1344/1568
f 2073/1346/1570 2085/1358/1582 2084/1357/1581 2072/1345/1569
f 2074/1347/1571 2086/1359/1583 2085/1358/1582 2073/1346/1570
f 2075/1348/1572 2087/1360/1584 2086/1359/1583 2074/1347/1571
f 2076/1349/1573 2088/1361/1585 2087/1360/1584 2075/1348/1572
f 2077/1350/1574 2089/1362/1586 2088/1361/1585 2076/1349/1573
f 2078/1351/1575 2090/1363/1587 2089/1362/1586 2077/1350/1574
f 2079/1352/1576 2091/1364/1588 2090/1363/1587 2078/1351/1575
f 2080/1353/1577 2092/1365/1589 2091/1364/1588 2079/1352/1576
f 2082/1354/1578 2094/1366/1590 2093/1367/1591 2081/1355/1579
f 2083/1356/1580 2095/1368/1592 2094/1366/1590 2082/1354/1578
f 2084/1357/1581 2096/1369/1593 2095/1368/1592 2083/1356/1580
f 2085/1358/1582 2097/1370/1594 2096/1369/1593 2084/1357/1581
f 2086/1359/1583 2098/1371/1595 2097/1370/1594 2085/1358/1582
f 2087/1360/1584 2099/1372/1596 2098/1371/1595 2086/1359/1583
f 2088/1361/1585 2100/1373/1597 2099/1372/1596 2087/1360/1584
f 2089/1362/1586 2101/1374/1598 2100/1373/1597 2088/1361/1585
f 2090/1363/1587 2102/1375/1599 2101/1374/1598 2089/1362/1586
f 2091/1364/1588 2103/1376/1600 2102/1375/1599 2090/1363/1587
f 2092/1365/1589 2104/1377/1601 2103/1376/1600 2091/1364/1588
f 2094/1366/1590 2106/1378/1602 2105/1379/1603 2093/1367/1591
f 2095/1368/1592 2107/1380/1604 2106/1378/1602 2094/1366/1590
f 2096/1369/1593 2108/1381/1605 2107/1380/1604 2095/1368/1592
f 2097/1370/1594 2109/1382/1606 2108/1381/1605 2096/1369/1593
f 2098/1371/1595 2110/1383/1607 2109/1382/1606 2097/1370/1594
f 2099/1372/1596 2111/1384/1608 2110/1383/1607 2098/1371/1595
f 2100/1373/1597 2112/1385/1609 2111/1384/1608 2099/1372/1596
f 2101/1374/1598 2113/1386/1610 2112/1385/1609 2100/1373/1597
f 2102/1375/1599 2114/1387/1611 2113/1386/1610 2101/1374/1598
f 2103/1376/1600 2115/1388/1612 2114/1387/1611 2102/1375/1599
f 2104/1377/1601 2116/1389/1613 2115/1388/1612 2103/1376/1600
f 2106/1378/1602 2118/1390/1614 2117/1391/1615 2105/1379/1603
f 2107/1380/1604 2119/1392/1616 2118/1390/1614 2106/1378/1602
f 2108/1381/1605 2120/1393/1617 2119/1392/1616 2107/1380/1604
f 2109/1382/1606 2121/1394/1618 2120/1393/1617 2108/1381/1605
f 2110/1383/1607 2122/1395/1619 2121/1394/1618 2109/1382/1606
f 2111/1384/1608 2123/1396/1620 2122/1395/1619 2110/1383/1607
f 2112/1385/1609 2124/1397/1621 2123/1396/1620 2111/1384/1608
f 2113/1386/1610 2125/1398/1622 2124/1397/1621 2112/1385/1609
f 2114/1387/1611 2126/1399/1623 2125/1398/1622 2113/1386/1610
f 2115/1388/1612 2127/1400/1624 2126/1399/1623 2114/1387/1611
f 2116/1389/1613 2128/1401/1625 2127/1400/1624 2115/1388/1612
f 2118/1390/1614 2130/1402/1626 2129/1403/1627 2117/1391/1615
f 2119/1392/1616 2131/1404/1628 2130/1402/1626 2118/1390/1614
f 2120/1393/1617 2132/1405/1629 2131/1404/1628 2119/1392/1616
f 2121/1394/1618 2133/1406/1630 2132/1405/1629 2120/1393/1617
f 2122/1395/1619 2134/1407/1631 2133/1406/1630 2121/1394/1618
f 2123/1396/1620 2135/1408/1632 2134/1407/1631 2122/1395/1619
f 2124/1397/1621 2136/1409/1633 2135/1408/1632 2123/1396/1620
f 2125/1398/1622 2137/1410/1634 2136/1409/1633 2124/1397/1621
f 2126/1399/1623 2138/1411/1635 2137/1410/1634 2125/1398/1622
f 2127/1400/1624 2139/1412/1636 2138/1411/1635 2126/1399/1623
f 2128/1401/1625 2140/1413/1637 2139/1412/1636 2127/1400/1624
f 2130/1402/1626 2142/1414/1638 2141/1415/1639 2129/1403/1627
f 2131/1404/1628 2143/1416/1640 2142/1414/1638 2130/1402/1626
f 2132/1405/1629 2144/1417/1641 2143/1416/1640 2131/1404/1628
f 2133/1406/1630 2145/1418/1642 2144/1417/1641 2132/1405/1629
f 2134/1407/1631 2146/1419/1643 2145/1418/1642 2133/1406/1630
f 2135/1408/1632 2147/1420/1644 2146/1419/1643 2134/1407/1631
f 2136/1409/1633 2148/1421/1645 2147/1420/1644 2135/1408/1632
f 2137/1410/1634 2149/1422/1646 2148/1421/1645 2136/1409/1633
f 2138/1411/1635 2150/1423/1647 2149/1422/1646 2137/1410/1634
f 2139/1412/1636 2151/1424/1648 2150/1423/1647 2138/1411/1635
f 2140/1413/1637 2152/1425/1649 2151/1424/1648 2139/1412/1636
f 2142/1414/1638 2154/1426/1650 2153/1427/1651 2141/1415/1639
f 2143/1416/1640 2155/1428/1652 2154/1426/1650 2142/1414/1638
f 2144/1417/1641 2156/1429/1653 2155/1428/1652 2143/1416/1640
f 2145/1418/1642 2157/1430/1654 2156/1429/1653 2144/1417/1641
f 2146/1419/1643 2158/1431/1655 2157/1430/1654 2145/1418/1642
f 2147/1420/1644 2159/1432/1656 2158/1431/1655 2146/1419/1643
f 2148/1421/1645 2160/1433/1657 2159/1432/1656 2147/1420/1644
f 2149/1422/1646 2161/1434/1658 2160/1433/1657 2148/1421/1645
f 2150/1423/1647 2162/1435/1659 2161/1434/1658 2149/1422/1646
f 2151/1424/1648 2163/1436/1660 2162/1435/1659 2150/1423/1647
f 2152/1425/1649 2164/1437/1661 2163/1436/1660 2151/1424/1648
f 2154/1426/1650 2166/1438/1662 2165/1439/1663 2153/1427/1651
f 2155/1428/1652 2167/1440/1664 2166/1438/1662 2154/1426/1650
f 2156/1429/1653 2168/1441/1665 2167/1440/1664 2155/1428/1652
f 2157/1430/1654 2169/1442/1666 2168/1441/1665 2156/1429/1653
f 2158/1431/1655 2170/1443/1667 2169/1442/1666 2157/1430/1654
f 2159/1432/1656 2171/1444/1668 2170/1443/1667 2158/1431/1655
f 2160/1433/1657 2172/1445/1669 2171/1444/1668 2159/1432/1656
f 2161/1434/1658 2173/1446/1670 2172/1445/1669 2160/1433/1657
f 2162/1435/1659 2174/1447/1671 2173/1446/1670 2161/1434/1658
f 2163/1436/1660 2175/1448/1672 2174/1447/1671 2162/1435/1659
f 2164/1437/1661 2176/1449/1673 2175/1448/1672 2163/1436/1660
f 2166/1438/1662 2178/1450/1674 2177/1451/1675 2165/1439/1663
f 2167/1440/1664 2179/1452/1676 2178/1450/1674 2166/1438/1662
f 2168/1441/1665 2180/1453/1677 2179/1452/1676 2167/1440/1664
f 2169/1442/1666 2181/1454/1678 2180/1453/1677 2168/1441/1665
f 2170/1443/1667 2182/1455/1679 2181/1454/1678 2169/1442/1666
f 2171/1444/1668 2183/1456/1680 2182/1455/1679 2170/1443/1667
f 2172/1445/1669 2184/1457/1681 2183/1456/1680 2171/1444/1668
f 2173/1446/1670 2185/1458/1682 2184/1457/1681 2172/1445/1669
f 2174/1447/1671 2186/1459/1683 2185/1458/1682 2173/1446/1670
f 2175/1448/1672 2187/1460/1684 2186/1459/1683 2174/1447/1671
f 2176/1449/1673 2188/1461/1685 2187/1460/1684 2175/1448/1672
f 2178/1450/1674 2190/1462/1686 2189/1463/1687 2177/1451/1675
f 2179/1452/1676 2191/1464/1688 2190/1462/1686 2178/1450/1674
f 2180/1453/1677 2192/1465/1689 2191/1464/1688 2179/1452/1676
f 2181/1454/1678 2193/1466/1690 2192/1465/1689 2180/1453/1677
f 2182/1455/1679 2194/1467/1691 2193/1466/1690 2181/1454/1678
f 2183/1456/1680 2195/1468/1692 2194/1467/1691 2182/1455/1679
f 2184/1457/1681 2196/1469/1693 2195/1468/1692 2183/1456/1680
f 2185/1458/1682 2197/1470/1694 2196/1469/1693 2184/1457/1681
f 2186/1459/1683 2198/1471/1695 2197/1470/1694 2185/1458/1682
f 2187/1460/1684 2199/1472/1696 2198/1471/1695 2186/1459/1683
f 2188/1461/1685 2200/1473/1697 2199/1472/1696 2187/1460/1684
f 2190/1462/1686 2202/1474/1698 2201/1475/1699 2189/1463/1687
f 2191/1464/1688 2203/1476/1700 2202/1474/1698 2190/1462/1686
f 2192/1465/1689 2204/1477/1701 2203/1476/1700 2191/1464/1688
f 2193/1466/1690 2205/1478/1702 2204/1477/1701 2192/1465/1689
f 2194/1467/1691 2206/1479/1703 2205/1478/1702 2193/1466/1690
f 2195/1468/1692 2207/1480/1704 2206/1479/1703 2194/1467/1691
f 2196/1469/1693 2208/1481/1705 2207/1480/1704 2195/1468/1692
f 2197/1470/1694 2209/1482/1706 2208/1481/1705 2196/1469/1693
f 2198/1471/1695 2210/1483/1707 2209/1482/1706 2197/1470/1694
f 2199/1472/1696 2211/1484/1708 2210/1483/1707 2198/1471/1695
f 2200/1473/1697 2212/1485/1709 2211/1484/1708 2199/1472/1696
f 2202/1474/1698 2214/1486/1710 2213/1487/1711 2201/1475/1699
f 2203/1476/1700 2215/1488/1712 2214/1486/1710 2202/1474/1698
f 2204/1477/1701 2216/1489/1713 2215/1488/1712 2203/1476/1700
f 2205/1478/1702 2217/1490/1714 2216/1489/1713 2204/1477/1701
f 2206/1479/1703 2218/1491/1715 2217/1490/1714 2205/1478/1702
f 2207/1480/1704 2219/1492/1716 2218/1491/1715 2206/1479/1703
f 2208/1481/1705 2220/1493/1717 2219/1492/1716 2207/1480/1704
f 2209/1482/1706 2221/1494/1718 2220/1493/1717 2208/1481/1705
f 2210/1483/1707 2222/1495/1719 2221/1494/1718 2209/1482/1706
f 2211/1484/1708 2223/1496/1720 2222/1495/1719 2210/1483/1707
f 2212/1485/1709 2224/1497/1721 2223/1496/1720 2211/1484/1708
f 2214/1486/1710 2226/1498/1722 2225/1499/1723 2213/1487/1711
f 2215/1488/1712 2227/1500/1724 2226/1498/1722 2214/1486/1710
f 2216/1489/1713 2228/1501/1725 2227/1500/1724 2215/1488/1712
f 2217/1490/1714 2229/1502/1726 2228/1501/1725 2216/1489/1713
f 2218/1491/1715 2230/1503/1727 2229/1502/1726 2217/1490/1714
f 2219/1492/1716 2231/1504/1728 2230/1503/1727 2218/1491/1715
f 2220/1493/1717 2232/1505/1729 2231/1504/1728 2219/1492/1716
f 2221/1494/1718 2233/1506/1730 2232/1505/1729 2220/1493/1717
f 2222/1495/1719 2234/1507/1731 2233/1506/1730 2221/1494/1718
f 2223/1496/1720 2235/1508/1732 2234/1507/1731 2222/1495/1719
f 2224/1497/1721 2236/1509/1733 2235/1508/1732 2223/1496/1720
f 2226/1498/1722 2238/1510/1734 2237/1511/1735 2225/1499/1723
f 2227/1500/1724 2239/1512/1736 2238/1510/1734 2226/1498/1722
f 2228/1501/1725 2240/1513/1737 2239/1512/1736 2227/1500/1724
f 2229/1502/1726 2241/1514/1738 2240/1513/1737 2228/1501/1725
f 2230/1503/1727 2242/1515/1739 2241/1514/1738 2229/1502/1726
f 2231/1504/1728 2243/1516/1740 2242/1515/1739 2230/1503/1727
f 2232/1505/1729 2244/1517/1741 2243/1516/1740 2231/1504/1728
f 2233/1506/1730 2245/1518/1742 2244/1517/1741 2232/1505/1729
f 2234/1507/1731 2246/1519/1743 2245/1518/1742 2233/1506/1730
f 2235/1508/1732 2247/1520/1744 2246/1519/1743 2234/1507/1731
f 2236/1509/1733 2248/1521/1745 2247/1520/1744 2235/1508/1732
f 2238/1510/1734 2250/1522/243 2249/1523/245 2237/1511/1735
f 2239/1512/1736 2251/1524/246 2250/1522/243 2238/1510/1734
f 2240/1513/1737 2252/1525/248 2251/1524/246 2239/1512/1736
f 2241/1514/1738 2253/1526/250 2252/1525/248 2240/1513/1737
f 2242/1515/1739 2254/1527/1746 2253/1526/250 2241/1514/1738
f 2243/1516/1740 2255/1528/1747 2254/1527/1746 2242/1515/1739
f 2244/1517/1741 2256/1529/1748 2255/1528/1747 2243/1516/1740
f 2245/1518/1742 2257/1530/258 2256/1529/1748 2244/1517/1741
f 2246/1519/1743 2258/1531/260 2257/1530/258 2245/1518/1742
f 2247/1520/1744 2259/1532/262 2258/1531/260 2246/1519/1743
f 2248/1521/1745 2260/1533/264 2259/1532/262 2247/1520/1744
f 2250/1522/243 2262/1534/244 2261/1535/245 2249/1523/245
f 2251/1524/246 2263/1536/247 2262/1534/244 2250/1522/243
f 2252/1525/248 2264/1537/249 2263/1536/247 2251/1524/246
f 2253/1526/250 2265/1538/251 2264/1537/249 2252/1525/248
f 2254/1527/1746 2266/1539/253 2265/1538/251 2253/1526/250
f 2255/1528/1747 2267/1540/255 2266/1539/253 2254/1527/1746
f 2256/1529/1748 2268/1541/257 2267/1540/255 2255/1528/1747
f 2257/1530/258 2269/1542/259 2268/1541/257 2256/1529/1748
f 2258/1531/260 2270/1543/261 2269/1542/259 2257/1530/258
f 2259/1532/262 2271/1544/263 2270/1543/261 2258/1531/260
f 2260/1533/264 2272/1545/264 2271/1544/263 2259/1532/262
f 2262/1534/244 2274/1546/265 2273/1547/266 2261/1535/245
f 2263/1536/247 2275/1548/267 2274/1546/265 2262/1534/244
f 2264/1537/249 2276/1549/268 2275/1548/267 2263/1536/247
f 2265/1538/251 2277/1550/269 2276/1549/268 2264/1537/249
f 2266/1539/253 2278/1551/270 2277/1550/269 2265/1538/251
f 2267/1540/255 2279/1552/271 2278/1551/270 2266/1539/253
f 2268/1541/257 2280/1553/272 2279/1552/271 2267/1540/255
f 2269/1542/259 2281/1554/1749 2280/1553/272 2268/1541/257
f 2270/1543/261 2282/1555/274 2281/1554/1749 2269/1542/259
f 2271/1544/263 2283/1556/275 2282/1555/274 2270/1543/261
f 2272/1545/264 2284/1557/276 2283/1556/275 2271/1544/263
f 2274/1546/265 2286/1558/287 2285/1559/288 2273/1547/266
f 2275/1548/267 2287/1560/289 2286/1558/287 2274/1546/265
f 2276/1549/268 2288/1561/1750 2287/1560/289 2275/1548/267
f 2277/1550/269 2289/1562/291 2288/1561/1750 2276/1549/268
f 2278/1551/270 2290/1563/292 2289/1562/291 2277/1550/269
f 2279/1552/271 2291/1564/293 2290/1563/292 2278/1551/270
f 2280/1553/272 2292/1565/294 2291/1564/293 2279/1552/271
f 2281/1554/1749 2293/1566/295 2292/1565/294 2280/1553/272
f 2282/1555/274 2294/1567/296 2293/1566/295 2281/1554/1749
f 2283/1556/275 2295/1568/297 2294/1567/296 2282/1555/274
f 2284/1557/276 2296/1569/298 2295/1568/297 2283/1556/275
f 2286/1558/287 2298/1570/1751 2297/1571/1752 2285/1559/288
f 2287/1560/289 2299/1572/1753 2298/1570/1751 2286/1558/287
f 2288/1561/1750 2300/1573/1754 2299/1572/1753 2287/1560/289
f 2289/1562/291 2301/1574/1755 2300/1573/1754 2288/1561/1750
f 2290/1563/292 2302/1575/1756 2301/1574/1755 2289/1562/291
f 2291/1564/293 2303/1576/1757 2302/1575/1756 2290/1563/292
f 2292/1565/294 2304/1577/1758 2303/1576/1757 2291/1564/293
f 2293/1566/295 2305/1578/1759 2304/1577/1758 2292/1565/294
f 2294/1567/296 2306/1579/1760 2305/1578/1759 2293/1566/295
f 2295/1568/297 2307/1580/1761 2306/1579/1760 2294/1567/296
f 2296/1569/298 2308/1581/1762 2307/1580/1761 2295/1568/297
f 2298/1570/1751 1962/755/1458 1961/509/1461 2297/1571/1752
f 2299/1572/1753 1963/756/1462 1962/755/1458 2298/1570/1751
f 2300/1573/1754 1964/757/1464 1963/756/1462 2299/1572/1753
f 2301/1574/1755 1965/758/1466 1964/757/1464 2300/1573/1754
f 2302/1575/1756 1966/759/1468 1965/758/1466 2301/1574/1755
f 2303/1576/1757 1967/760/1470 1966/759/1468 2302/1575/1756
f 2304/1577/1758 1968/761/1472 1967/760/1470 2303/1576/1757
f 2305/1578/1759 1969/762/1474 1968/761/1472 2304/1577/1758
f 2306/1579/1760 1970/763/1476 1969/762/1474 2305/1578/1759
f 2307/1580/1761 1971/764/1478 1970/763/1476 2306/1579/1760
f 2308/1581/1762 1972/765/1480 1971/764/1478 2307/1580/1761
f 2310/661/1763 2322/1582/1764 2321/1583/1765 2309/508/1766
f 2311/664/1767 2323/1584/1768 2322/1582/1764 2310/661/1763
f 2312/666/1769 2324/1585/1770 2323/1584/1768 2311/664/1767
f 2313/668/1771 2325/1586/1772 2324/1585/1770 2312/666/1769
f 2314/670/1773 2326/1587/1774 2325/1586/1772 2313/668/1771
f 2315/672/1775 2327/1588/1776 2326/1587/1774 2314/670/1773
f 2316/674/1777 2328/1589/1778 2327/1588/1776 2315/672/1775
f 2317/676/1779 2329/1590/1780 2328/1589/1778 2316/674/1777
f 2318/678/1781 2330/1591/1782 2329/1590/1780 2317/676/1779
f 2319/680/1783 2331/1592/1784 2330/1591/1782 2318/678/1781
f 2320/682/1785 2332/1593/1786 2331/1592/1784 2319/680/1783
f 2322/1582/1764 2334/1594/1787 2333/1595/1788 2321/1583/1765
f 2323/1584/1768 2335/1596/1789 2334/1594/1787 2322/1582/1764
f 2324/1585/1770 2336/1597/1790 2335/1596/1789 2323/1584/1768
f 2325/1586/1772 2337/1598/1791 2336/1597/1790 2324/1585/1770
f 2326/1587/1774 2338/1599/1792 2337/1598/1791 2325/1586/1772
f 2327/1588/1776 2339/1600/1793 2338/1599/1792 2326/1587/1774
f 2328/1589/1778 2340/1601/1794 2339/1600/1793 2327/1588/1776
f 2329/1590/1780 2341/1602/1795 2340/1601/1794 2328/1589/1778
f 2330/1591/1782 2342/1603/1796 2341/1602/1795 2329/1590/1780
f 2331/1592/1784 2343/1604/1797 2342/1603/1796 2330/1591/1782
f 2332/1593/1786 2344/1605/1798 2343/1604/1797 2331/1592/1784
f 2334/1594/1787 2346/1606/1799 2345/1607/1800 2333/1595/1788
f 2335/1596/1789 2347/1608/1801 2346/1606/1799 2334/1594/1787
f 2336/1597/1790 2348/1609/1802 2347/1608/1801 2335/1596/1789
f 2337/1598/1791 2349/1610/1803 2348/1609/1802 2336/1597/1790
f 2338/1599/1792 2350/1611/1804 2349/1610/1803 2337/1598/1791
f 2339/1600/1793 2351/1612/1805 2350/1611/1804 2338/1599/1792
f 2340/1601/1794 2352/1613/1806 2351/1612/1805 2339/1600/1793
f 2341/1602/1795 2353/1614/1807 2352/1613/1806 2340/1601/1794
f 2342/1603/1796 2354/1615/1808 2353/1614/1807 2341/1602/1795
f 2343/1604/1797 2355/1616/1809 2354/1615/1808 2342/1603/1796
f 2344/1605/1798 2356/1617/1810 2355/1616/1809 2343/1604/1797
f 2346/1606/1799 2358/1618/1811 2357/1619/1812 2345/1607/1800
f 2347/1608/1801 2359/1620/1813 2358/1618/1811 2346/1606/1799
f 2348/1609/1802 2360/1621/1814 2359/1620/1813 2347/1608/1801
f 2349/1610/1803 2361/1622/1815 2360/1621/1814 2348/1609/1802
f 2350/1611/1804 2362/1623/1816 2361/1622/1815 2349/1610/1803
f 2351/1612/1805 2363/1624/1817 2362/1623/1816 2350/1611/1804
f 2352/1613/1806 2364/1625/1818 2363/1624/1817 2351/1612/1805
f 2353/1614/1807 2365/1626/1819 2364/1625/1818 2352/1613/1806
f 2354/1615/1808 2366/1627/1820 2365/1626/1819 2353/1614/1807
f 2355/1616/1809 2367/1628/1821 2366/1627/1820 2354/1615/1808
f 2356/1617/1810 2368/1629/1822 2367/1628/1821 2355/1616/1809
f 2358/1618/1811 2370/1630/1823 2369/1631/1824 2357/1619/1812
f 2359/1620/1813 2371/1632/1825 2370/1630/1823 2358/1618/1811
f 2360/1621/1814 2372/1633/1826 2371/1632/1825 2359/1620/1813
f 2361/1622/1815 2373/1634/1827 2372/1633/1826 2360/1621/1814
f 2362/1623/1816 2374/1635/1828 2373/1634/1827 2361/1622/1815
f 2363/1624/1817 2375/1636/1829 2374/1635/1828 2362/1623/1816
f 2364/1625/1818 2376/1637/1830 2375/1636/1829 2363/1624/1817
f 2365/1626/1819 2377/1638/1831 2376/1637/1830 2364/1625/1818
f 2366/1627/1820 2378/1639/1832 2377/1638/1831 2365/1626/1819
f 2367/1628/1821 2379/1640/1833 2378/1639/1832 2366/1627/1820
f 2368/1629/1822 2380/1641/1834 2379/1640/1833 2367/1628/1821
f 2370/1630/1823 2382/1642/1835 2381/1643/1836 2369/1631/1824
f 2371/1632/1825 2383/1644/1837 2382/1642/1835 2370/1630/1823
f 2372/1633/1826 2384/1645/1838 2383/1644/1837 2371/1632/1825
f 2373/1634/1827 2385/1646/1839 2384/1645/1838 2372/1633/1826
f 2374/1635/1828 2386/1647/1840 2385/1646/1839 2373/1634/1827
f 2375/1636/1829 2387/1648/1841 2386/1647/1840 2374/1635/1828
f 2376/1637/1830 2388/1649/1842 2387/1648/1841 2375/1636/1829
f 2377/1638/1831 2389/1650/1843 2388/1649/1842 2376/1637/1830
f 2378/1639/1832 2390/1651/1844 2389/1650/1843 2377/1638/1831
f 2379/1640/1833 2391/1652/1845 2390/1651/1844 2378/1639/1832
f 2380/1641/1834 2392/1653/1846 2391/1652/1845 2379/1640/1833
f 2382/1642/1835 2394/1654/1847 2393/1655/1848 2381/1643/1836
f 2383/1644/1837 2395/1656/1849 2394/1654/1847 2382/1642/1835
f 2384/1645/1838 2396/1657/1850 2395/1656/1849 2383/1644/1837
f 2385/1646/1839 2397/1658/1851 2396/1657/1850 2384/1645/1838
f 2386/1647/1840 2398/1659/1852 2397/1658/1851 2385/1646/1839
f 2387/1648/1841 2399/1660/1853 2398/1659/1852 2386/1647/1840
f 2388/1649/1842 2400/1661/1854 2399/1660/1853 2387/1648/1841
f 2389/1650/1843 2401/1662/1855 2400/1661/1854 2388/1649/1842
f 2390/1651/1844 2402/1663/1856 2401/1662/1855 2389/1650/1843
f 2391/1652/1845 2403/1664/1857 2402/1663/1856 2390/1651/1844
f 2392/1653/1846 2404/1665/1858 2403/1664/1857 2391/1652/1845
f 2394/1654/1847 2406/1666/1859 2405/1667/1860 2393/1655/1848
f 2395/1656/1849 2407/1668/1861 2406/1666/1859 2394/1654/1847
f 2396/1657/1850 2408/1669/1862 2407/1668/1861 2395/1656/1849
f 2397/1658/1851 2409/1670/1863 2408/1669/1862 2396/1657/1850
f 2398/1659/1852 2410/1671/1864 2409/1670/1863 2397/1658/1851
f 2399/1660/1853 2411/1672/1865 2410/1671/1864 2398/1659/1852
f 2400/1661/1854 2412/1673/1866 2411/1672/1865 2399/1660/1853
f 2401/1662/1855 2413/1674/1867 2412/1673/1866 2400/1661/1854
f 2402/1663/1856 2414/1675/1868 2413/1674/1867 2401/1662/1855
f 2403/1664/1857 2415/1676/1869 2414/1675/1868 2402/1663/1856
f 2404/1665/1858 2416/1677/1870 2415/1676/1869 2403/1664/1857
f 2406/1666/1859 2418/922/1871 2417/923/1872 2405/1667/1860
f 2407/1668/1861 2419/924/1873 2418/922/1871 2406/1666/1859
f 2408/1669/1862 2420/925/1874 2419/924/1873 2407/1668/1861
f 2409/1670/1863 2421/926/1875 2420/925/1874 2408/1669/1862
f 2410/1671/1864 2422/927/1876 2421/926/1875 2409/1670/1863
f 2411/1672/1865 2423/928/1877 2422/927/1876 2410/1671/1864
f 2412/1673/1866 2424/929/1878 2423/928/1877 2411/1672/1865
f 2413/1674/1867 2425/930/1879 2424/929/1878 2412/1673/1866
f 2414/1675/1868 2426/931/1880 2425/930/1879 2413/1674/1867
f 2415/1676/1869 2427/932/1881 2426/931/1880 2414/1675/1868
f 2416/1677/1870 2428/933/1882 2427/932/1881 2415/1676/1869
f 2418/922/1871 2430/1678/1883 2429/1679/1884 2417/923/1872
f 2419/924/1873 2431/1680/1885 2430/1678/1883 2418/922/1871
f 2420/925/1874 2432/1681/1886 2431/1680/1885 2419/924/1873
f 2421/926/1875 2433/1682/1887 2432/1681/1886 2420/925/1874
f 2422/927/1876 2434/1683/1888 2433/1682/1887 2421/926/1875
f 2423/928/1877 2435/1684/1889 2434/1683/1888 2422/927/1876
f 2424/929/1878 2436/1685/1890 2435/1684/1889 2423/928/1877
f 2425/930/1879 2437/1686/1891 2436/1685/1890 2424/929/1878
f 2426/931/1880 2438/1687/1892 2437/1686/1891 2425/930/1879
f 2427/932/1881 2439/1688/1893 2438/1687/1892 2426/931/1880
f 2428/933/1882 2440/1689/1894 2439/1688/1893 2427/932/1881
f 2430/1678/1883 2442/1690/1895 2441/1691/1896 2429/1679/1884
f 2431/1680/1885 2443/1692/1897 2442/1690/1895 2430/1678/1883
f 2432/1681/1886 2444/1693/1898 2443/1692/1897 2431/1680/1885
f 2433/1682/1887 2445/1694/1899 2444/1693/1898 2432/1681/1886
f 2434/1683/1888 2446/1695/1900 2445/1694/1899 2433/1682/1887
f 2435/1684/1889 2447/1696/1901 2446/1695/1900 2434/1683/1888
f 2436/1685/1890 2448/1697/1902 2447/1696/1901 2435/1684/1889
f 2437/1686/1891 2449/1698/1903 2448/1697/1902 2436/1685/1890
f 2438/1687/1892 2450/1699/1904 2449/1698/1903 2437/1686/1891
f 2439/1688/1893 2451/1700/1905 2450/1699/1904 2438/1687/1892
f 2440/1689/1894 2452/1701/1906 2451/1700/1905 2439/1688/1893
f 2442/1690/1895 2454/1702/1907 2453/1703/1908 2441/1691/1896
f 2443/1692/1897 2455/1704/1909 2454/1702/1907 2442/1690/1895
f 2444/1693/1898 2456/1705/1910 2455/1704/1909 2443/1692/1897
f 2445/1694/1899 2457/1706/1911 2456/1705/1910 2444/1693/1898
f 2446/1695/1900 2458/1707/1912 2457/1706/1911 2445/1694/1899
f 2447/1696/1901 2459/1708/1913 2458/1707/1912 2446/1695/1900
f 2448/1697/1902 2460/1709/1914 2459/1708/1913 2447/1696/1901
f 2449/1698/1903 2461/1710/1915 2460/1709/1914 2448/1697/1902
f 2450/1699/1904 2462/1711/1916 2461/1710/1915 2449/1698/1903
f 2451/1700/1905 2463/1712/1917 2462/1711/1916 2450/1699/1904
f 2452/1701/1906 2464/1713/1918 2463/1712/1917 2451/1700/1905
f 2454/1702/1907 2466/1714/1919 2465/1715/1920 2453/1703/1908
f 2455/1704/1909 2467/1716/1921 2466/1714/1919 2454/1702/1907
f 2456/1705/1910 2468/1717/1922 2467/1716/1921 2455/1704/1909
f 2457/1706/1911 2469/1718/1923 2468/1717/1922 2456/1705/1910
f 2458/1707/1912 2470/1719/1924 2469/1718/1923 2457/1706/1911
f 2459/1708/1913 2471/1720/1925 2470/1719/1924 2458/1707/1912
f 2460/1709/1914 2472/1721/1926 2471/1720/1925 2459/1708/1913
f 2461/1710/1915 2473/1722/1927 2472/1721/1926 2460/1709/1914
f 2462/1711/1916 2474/1723/1928 2473/1722/1927 2461/1710/1915
f 2463/1712/1917 2475/1724/1929 2474/1723/1928 2462/1711/1916
f 2464/1713/1918 2476/1725/1930 2475/1724/1929 2463/1712/1917
f 2466/1714/1919 2478/1726/1931 2477/1727/1932 2465/1715/1920
f 2467/1716/1921 2479/1728/1933 2478/1726/1931 2466/1714/1919
f 2468/1717/1922 2480/1729/1934 2479/1728/1933 2467/1716/1921
f 2469/1718/1923 2481/1730/1935 2480/1729/1934 2468/1717/1922
f 2470/1719/1924 2482/1731/1936 2481/1730/1935 2469/1718/1923
f 2471/1720/1925 2483/1732/1937 2482/1731/1936 2470/1719/1924
f 2472/1721/1926 2484/1733/1938 2483/1732/1937 2471/1720/1925
f 2473/1722/1927 2485/1734/1939 2484/1733/1938 2472/1721/1926
f 2474/1723/1928 2486/1735/1940 2485/1734/1939 2473/1722/1927
f 2475/1724/1929 2487/1736/1941 2486/1735/1940 2474/1723/1928
f 2476/1725/1930 2488/1737/1942 2487/1736/1941 2475/1724/1929
f 2478/1726/1931 2490/1738/1943 2489/1739/1944 2477/1727/1932
f 2479/1728/1933 2491/1740/1945 2490/1738/1943 2478/1726/1931
f 2480/1729/1934 2492/1741/1946 2491/1740/1945 2479/1728/1933
f 2481/1730/1935 2493/1742/1947 2492/1741/1946 2480/1729/1934
f 2482/1731/1936 2494/1743/1948 2493/1742/1947 2481/1730/1935
f 2483/1732/1937 2495/1744/1949 2494/1743/1948 2482/1731/1936
f 2484/1733/1938 2496/1745/1950 2495/1744/1949 2483/1732/1937
f 2485/1734/1939 2497/1746/1951 2496/1745/1950 2484/1733/1938
f 2486/1735/1940 2498/1747/1952 2497/1746/1951 2485/1734/1939
f 2487/1736/1941 2499/1748/1953 2498/1747/1952 2486/1735/1940
f 2488/1737/1942 2500/1749/1954 2499/1748/1953 2487/1736/1941
f 2490/1738/1943 2502/1750/1955 2501/1751/1956 2489/1739/1944
f 2491/1740/1945 2503/1752/1957 2502/1750/1955 2490/1738/1943
f 2492/1741/1946 2504/1753/1958 2503/1752/1957 2491/1740/1945
f 2493/1742/1947 2505/1754/1959 2504/1753/1958 2492/1741/1946
f 2494/1743/1948 2506/1755/1960 2505/1754/1959 2493/1742/1947
f 2495/1744/1949 2507/1756/1961 2506/1755/1960 2494/1743/1948
f 2496/1745/1950 2508/1757/1962 2507/1756/1961 2495/1744/1949
f 2497/1746/1951 2509/1758/1963 2508/1757/1962 2496/1745/1950
f 2498/1747/1952 2510/1759/1964 2509/1758/1963 2497/1746/1951
f 2499/1748/1953 2511/1760/1965 2510/1759/1964 2498/1747/1952
f 2500/1749/1954 2512/1761/1966 2511/1760/1965 2499/1748/1953
f 2502/1750/1955 2514/1762/1967 2513/1763/1968 2501/1751/1956
f 2503/1752/1957 2515/1764/1969 2514/1762/1967 2502/1750/1955
f 2504/1753/1958 2516/1765/1970 2515/1764/1969 2503/1752/1957
f 2505/1754/1959 2517/1766/1971 2516/1765/1970 2504/1753/1958
f 2506/1755/1960 2518/1767/1972 2517/1766/1971 2505/1754/1959
f 2507/1756/1961 2519/1768/1973 2518/1767/1972 2506/1755/1960
f 2508/1757/1962 2520/1769/1974 2519/1768/1973 2507/1756/1961
f 2509/1758/1963 2521/1770/1975 2520/1769/1974 2508/1757/1962
f 2510/1759/1964 2522/1771/1976 2521/1770/1975 2509/1758/1963
f 2511/1760/1965 2523/1772/1977 2522/1771/1976 2510/1759/1964
f 2512/1761/1966 2524/1773/1978 2523/1772/1977 2511/1760/1965
f 2514/1762/1967 2526/1078/1979 2525/1079/1980 2513/1763/1968
f 2515/1764/1969 2527/1080/1981 2526/1078/1979 2514/1762/1967
f 2516/1765/1970 2528/1081/1982 2527/1080/1981 2515/1764/1969
f 2517/1766/1971 2529/1082/1983 2528/1081/1982 2516/1765/1970
f 2518/1767/1972 2530/1083/1984 2529/1082/1983 2517/1766/1971
f 2519/1768/1973 2531/1084/1985 2530/1083/1984 2518/1767/1972
f 2520/1769/1974 2532/1085/1986 2531/1084/1985 2519/1768/1973
f 2521/1770/1975 2533/1086/1987 2532/1085/1986 2520/1769/1974
f 2522/1771/1976 2534/1087/1988 2533/1086/1987 2521/1770/1975
f 2523/1772/1977 2535/1088/1989 2534/1087/1988 2522/1771/1976
f 2524/1773/1978 2536/1089/1990 2535/1088/1989 2523/1772/1977
f 2526/1078/1979 2538/1774/1991 2537/1775/1992 2525/1079/1980
f 2527/1080/1981 2539/1776/1993 2538/1774/1991 2526/1078/1979
f 2528/1081/1982 2540/1777/1994 2539/1776/1993 2527/1080/1981
f 2529/1082/1983 2541/1778/1995 2540/1777/1994 2528/1081/1982
f 2530/1083/1984 2542/1779/1996 2541/1778/1995 2529/1082/1983
f 2531/1084/1985 2543/1780/1997 2542/1779/1996 2530/1083/1984
f 2532/1085/1986 2544/1781/1998 2543/1780/1997 2531/1084/1985
f 2533/1086/1987 2545/1782/1999 2544/1781/1998 2532/1085/1986
f 2534/1087/1988 2546/1783/2000 2545/1782/1999 2533/1086/1987
f 2535/1088/1989 2547/1784/2001 2546/1783/2000 2534/1087/1988
f 2536/1089/1990 2548/1785/2002 2547/1784/2001 2535/1088/1989
f 2538/1774/1991 2550/1786/2003 2549/1787/2004 2537/1775/1992
f 2539/1776/1993 2551/1788/2005 2550/1786/2003 2538/1774/1991
f 2540/1777/1994 2552/1789/2006 2551/1788/2005 2539/1776/1993
f 2541/1778/1995 2553/1790/2007 2552/1789/2006 2540/1777/1994
f 2542/1779/1996 2554/1791/2008 2553/1790/2007 2541/1778/1995
f 2543/1780/1997 2555/1792/2009 2554/1791/2008 2542/1779/1996
f 2544/1781/1998 2556/1793/2010 2555/1792/2009 2543/1780/1997
f 2545/1782/1999 2557/1794/2011 2556/1793/2010 2544/1781/1998
f 2546/1783/2000 2558/1795/2012 2557/1794/2011 2545/1782/1999
f 2547/1784/2001 2559/1796/2013 2558/1795/2012 2546/1783/2000
f 2548/1785/2002 2560/1797/2014 2559/1796/2013 2547/1784/2001
f 2550/1786/2003 2562/1798/2015 2561/1799/2016 2549/1787/2004
f 2551/1788/2005 2563/1800/2017 2562/1798/2015 2550/1786/2003
f 2552/1789/2006 2564/1801/2018 2563/1800/2017 2551/1788/2005
f 2553/1790/2007 2565/1802/2019 2564/1801/2018 2552/1789/2006
f 2554/1791/2008 2566/1803/2020 2565/1802/2019 2553/1790/2007
f 2555/1792/2009 2567/1804/2021 2566/1803/2020 2554/1791/2008
f 2556/1793/2010 2568/1805/2022 2567/1804/2021 2555/1792/2009
f 2557/1794/2011 2569/1806/2023 2568/1805/2022 2556/1793/2010
f 2558/1795/2012 2570/1807/2024 2569/1806/2023 2557/1794/2011
f 2559/1796/2013 2571/1808/2025 2570/1807/2024 2558/1795/2012
f 2560/1797/2014 2572/1809/2026 2571/1808/2025 2559/1796/2013
f 2562/1798/2015 2574/1810/2027 2573/1811/2028 2561/1799/2016
f 2563/1800/2017 2575/1812/2029 2574/1810/2027 2562/1798/2015
f 2564/1801/2018 2576/1813/2030 2575/1812/2029 2563/1800/2017
f 2565/1802/2019 2577/1814/2031 2576/1813/2030 2564/1801/2018
f 2566/1803/2020 2578/1815/2032 2577/1814/2031 2565/1802/2019
f 2567/1804/2021 2579/1816/2033 2578/1815/2032 2566/1803/2020
f 2568/1805/2022 2580/1817/2034 2579/1816/2033 2567/1804/2021
f 2569/1806/2023 2581/1818/2035 2580/1817/2034 2568/1805/2022
f 2570/1807/2024 2582/1819/2036 2581/1818/2035 2569/1806/2023
f 2571/1808/2025 2583/1820/2037 2582/1819/2036 2570/1807/2024
f 2572/1809/2026 2584/1821/2038 2583/1820/2037 2571/1808/2025
f 2574/1810/2027 2586/1822/2039 2585/1823/2040 2573/1811/2028
f 2575/1812/2029 2587/1824/2041 2586/1822/2039 2574/1810/2027
f 2576/1813/2030 2588/1825/2042 2587/1824/2041 2575/1812/2029
f 2577/1814/2031 2589/1826/2043 2588/1825/2042 2576/1813/2030
f 2578/1815/2032 2590/1827/2044 2589/1826/2043 2577/1814/2031
f 2579/1816/2033 2591/1828/2045 2590/1827/2044 2578/1815/2032
f 2580/1817/2034 2592/1829/2046 2591/1828/2045 2579/1816/2033
f 2581/1818/2035 2593/1830/2047 2592/1829/2046 2580/1817/2034
f 2582/1819/2036 2594/1831/2048 2593/1830/2047 2581/1818/2035
f 2583/1820/2037 2595/1832/2049 2594/1831/2048 2582/1819/2036
f 2584/1821/2038 2596/1833/2050 2595/1832/2049 2583/1820/2037
f 2586/1822/2039 2598/1834/2051 2597/1835/2052 2585/1823/2040
f 2587/1824/2041 2599/1836/2053 2598/1834/2051 2586/1822/2039
f 2588/1825/2042 2600/1837/2054 2599/1836/2053 2587/1824/2041
f 2589/1826/2043 2601/1838/2055 2600/1837/2054 2588/1825/2042
f 2590/1827/2044 2602/1839/2056 2601/1838/2055 2589/1826/2043
f 2591/1828/2045 2603/1840/2057 2602/1839/2056 2590/1827/2044
f 2592/1829/2046 2604/1841/2058 2603/1840/2057 2591/1828/2045
f 2593/1830/2047 2605/1842/2059 2604/1841/2058 2592/1829/2046
f 2594/1831/2048 2606/1843/2060 2605/1842/2059 2593/1830/2047
f 2595/1832/2049 2607/1844/2061 2606/1843/2060 2594/1831/2048
f 2596/1833/2050 2608/1845/2062 2607/1844/2061 2595/1832/2049
f 2598/1834/2051 2610/1846/243 2609/1847/245 2597/1835/2052
f 2599/1836/2053 2611/1848/246 2610/1846/243 2598/1834/2051
f 2600/1837/2054 2612/1849/248 2611/1848/246 2599/1836/2053
f 2601/1838/2055 2613/1850/2063 2612/1849/248 2600/1837/2054
f 2602/1839/2056 2614/1851/1746 2613/1850/2063 2601/1838/2055
f 2603/1840/2057 2615/1852/1747 2614/1851/1746 2602/1839/2056
f 2604/1841/2058 2616/1853/1748 2615/1852/1747 2603/1840/2057
f 2605/1842/2059 2617/1854/258 2616/1853/1748 2604/1841/2058
f 2606/1843/2060 2618/1855/260 2617/1854/258 2605/1842/2059
f 2607/1844/2061 2619/1856/262 2618/1855/260 2606/1843/2060
f 2608/1845/2062 2620/1857/264 2619/1856/262 2607/1844/2061
f 2610/1846/243 2622/1858/2064 2621/1859/300 2609/1847/245
f 2611/1848/246 2623/1860/2065 2622/1858/2064 2610/1846/243
f 2612/1849/248 2624/1861/2066 2623/1860/2065 2611/1848/246
f 2613/1850/2063 2625/1862/2067 2624/1861/2066 2612/1849/248
f 2614/1851/1746 2626/1863/2068 2625/1862/2067 2613/1850/2063
f 2615/1852/1747 2627/1864/2069 2626/1863/2068 2614/1851/1746
f 2616/1853/1748 2628/1865/2070 2627/1864/2069 2615/1852/1747
f 2617/1854/258 2629/1866/2071 2628/1865/2070 2616/1853/1748
f 2618/1855/260 2630/1867/2072 2629/1866/2071 2617/1854/258
f 2619/1856/262 2631/1868/2073 2630/1867/2072 2618/1855/260
f 2620/1857/264 2632/1869/310 2631/1868/2073 2619/1856/262
f 2622/1858/2064 2310/755/1763 2309/509/1766 2621/1859/300
f 2623/1860/2065 2311/756/1767 2310/755/1763 2622/1858/2064
f 2624/1861/2066 2312/757/1769 2311/756/1767 2623/1860/2065
f 2625/1862/2067 2313/758/1771 2312/757/1769 2624/1861/2066
f 2626/1863/2068 2314/759/1773 2313/758/1771 2625/1862/2067
f 2627/1864/2069 2315/760/1775 2314/759/1773 2626/1863/2068
f 2628/1865/2070 2316/761/1777 2315/760/1775 2627/1864/2069
f 2629/1866/2071 2317/762/1779 2316/761/1777 2628/1865/2070
f 2630/1867/2072 2318/763/1781 2317/762/1779 2629/1866/2071
f 2631/1868/2073 2319/764/1783 2318/763/1781 2630/1867/2072
f 2632/1869/310 2320/765/1785 2319/764/1783 2631/1868/2073
f 2634/661/2074 2646/662/2075 2645/663/2076 2633/508/2076
f 2635/664/2077 2647/665/2078 2646/662/2075 2634/661/2074
f 2636/666/2079 2648/667/2080 2647/665/2078 2635/664/2077
f 2637/668/2081 2649/669/2082 2648/667/2080 2636/666/2079
f 2638/670/2083 2650/671/2084 2649/669/2082 2637/668/2081
f 2639/672/2085 2651/673/2086 2650/671/2084 2638/670/2083
f 2640/674/2087 2652/675/2088 2651/673/2086 2639/672/2085
f 2641/676/2089 2653/677/2090 2652/675/2088 2640/674/2087
f 2642/678/2091 2654/679/2092 2653/677/2090 2641/676/2089
f 2643/680/2093 2655/681/2094 2654/679/2092 2642/678/2091
f 2644/682/2095 2656/683/2095 2655/681/2094 2643/680/2093
f 2646/662/2075 2658/684/2096 2657/685/2097 2645/663/2076
f 2647/665/2078 2659/686/2098 2658/684/2096 2646/662/2075
f 2648/667/2080 2660/687/2099 2659/686/2098 2647/665/2078
f 2649/669/2082 2661/688/2100 2660/687/2099 2648/667/2080
f 2650/671/2084 2662/689/2101 2661/688/2100 2649/669/2082
f 2651/673/2086 2663/690/2102 2662/689/2101 2650/671/2084
f 2652/675/2088 2664/691/2103 2663/690/2102 2651/673/2086
f 2653/677/2090 2665/692/2104 2664/691/2103 2652/675/2088
f 2654/679/2092 2666/693/2105 2665/692/2104 2653/677/2090
f 2655/681/2094 2667/694/2106 2666/693/2105 2654/679/2092
f 2656/683/2095 2668/695/2107 2667/694/2106 2655/681/2094
f 2658/684/2096 2670/696/2108 2669/697/2097 2657/685/2097
f 2659/686/2098 2671/698/2109 2670/696/2108 2658/684/2096
f 2660/687/2099 2672/699/2110 2671/698/2109 2659/686/2098
f 2661/688/2100 2673/700/2111 2672/699/2110 2660/687/2099
f 2662/689/2101 2674/701/2112 2673/700/2111 2661/688/2100
f 2663/690/2102 2675/702/2113 2674/701/2112 2662/689/2101
f 2664/691/2103 2676/703/2114 2675/702/2113 2663/690/2102
f 2665/692/2104 2677/704/2115 2676/703/2114 2664/691/2103
f 2666/693/2105 2678/705/2116 2677/704/2115 2665/692/2104
f 2667/694/2106 2679/706/2117 2678/705/2116 2666/693/2105
f 2668/695/2107 2680/707/2107 2679/706/2117 2667/694/2106
f 2670/696/2108 2682/708/2118 2681/515/2119 2669/697/2097
f 2671/698/2109 2683/709/2120 2682/708/2118 2670/696/2108
f 2672/699/2110 2684/710/2121 2683/709/2120 2671/698/2109
f 2673/700/2111 2685/711/2122 2684/710/2121 2672/699/2110
f 2674/701/2112 2686/712/2123 2685/711/2122 2673/700/2111
f 2675/702/2113 2687/713/2124 2686/712/2123 2674/701/2112
f 2676/703/2114 2688/714/2125 2687/713/2124 2675/702/2113
f 2677/704/2115 2689/715/2126 2688/714/2125 2676/703/2114
f 2678/705/2116 2690/716/2127 2689/715/2126 2677/704/2115
f 2679/706/2117 2691/717/2128 2690/716/2127 2678/705/2116
f 2680/707/2107 2692/718/2129 2691/717/2128 2679/706/2117
f 2682/708/2118 2694/719/2130 2693/720/2131 2681/515/2119
f 2683/709/2120 2695/721/2132 2694/719/2130 2682/708/2118
f 2684/710/2121 2696/722/2133 2695/721/2132 2683/709/2120
f 2685/711/2122 2697/723/2134 2696/722/2133 2684/710/2121
f 2686/712/2123 2698/724/2135 2697/723/2134 2685/711/2122
f 2687/713/2124 2699/725/2136 2698/724/2135 2686/712/2123
f 2688/714/2125 2700/726/2137 2699/725/2136 2687/713/2124
f 2689/715/2126 2701/727/2138 2700/726/2137 2688/714/2125
f 2690/716/2127 2702/728/2139 2701/727/2138 2689/715/2126
f 2691/717/2128 2703/729/2140 2702/728/2139 2690/716/2127
f 2692/718/2129 2704/730/2141 2703/729/2140 2691/717/2128
f 2694/719/2130 2706/731/2142 2705/732/2143 2693/720/2131
f 2695/721/2132 2707/733/2144 2706/731/2142 2694/719/2130
f 2696/722/2133 2708/734/2145 2707/733/2144 2695/721/2132
f 2697/723/2134 2709/735/2146 2708/734/2145 2696/722/2133
f 2698/724/2135 2710/736/2147 2709/735/2146 2697/723/2134
f 2699/725/2136 2711/737/2148 2710/736/2147 2698/724/2135
f 2700/726/2137 2712/738/2149 2711/737/2148 2699/725/2136
f 2701/727/2138 2713/739/2150 2712/738/2149 2700/726/2137
f 2702/728/2139 2714/740/2151 2713/739/2150 2701/727/2138
f 2703/729/2140 2715/741/2152 2714/740/2151 2702/728/2139
f 2704/730/2141 2716/742/2153 2715/741/2152 2703/729/2140
f 2706/731/2142 2718/743/2154 2717/744/2155 2705/732/2143
f 2707/733/2144 2719/745/2156 2718/743/2154 2706/731/2142
f 2708/734/2145 2720/746/2157 2719/745/2156 2707/733/2144
f 2709/735/2146 2721/747/2158 2720/746/2157 2708/734/2145
f 2710/736/2147 2722/748/2159 2721/747/2158 2709/735/2146
f 2711/737/2148 2723/749/2160 2722/748/2159 2710/736/2147
f 2712/738/2149 2724/750/2161 2723/749/2160 2711/737/2148
f 2713/739/2150 2725/751/2162 2724/750/2161 2712/738/2149
f 2714/740/2151 2726/752/2163 2725/751/2162 2713/739/2150
f 2715/741/2152 2727/753/2164 2726/752/2163 2714/740/2151
f 2716/742/2153 2728/754/2165 2727/753/2164 2715/741/2152
f 2718/743/2154 2634/755/2074 2633/509/2076 2717/744/2155
f 2719/745/2156 2635/756/2077 2634/755/2074 2718/743/2154
f 2720/746/2157 2636/757/2079 2635/756/2077 2719/745/2156
f 2721/747/2158 2637/758/2081 2636/757/2079 2720/746/2157
f 2722/748/2159 2638/759/2083 2637/758/2081 2721/747/2158
f 2723/749/2160 2639/760/2085 2638/759/2083 2722/748/2159
f 2724/750/2161 2640/761/2087 2639/760/2085 2723/749/2160
f 2725/751/2162 2641/762/2089 2640/761/2087 2724/750/2161
f 2726/752/2163 2642/763/2091 2641/762/2089 2725/751/2162
f 2727/753/2164 2643/764/2093 2642/763/2091 2726/752/2163
f 2728/754/2165 2644/765/2095 2643/764/2093 2727/753/2164
f 2730/661/2166 2742/922/2167 2741/923/2168 2729/508/2169
f 2731/664/2170 2743/924/2171 2742/922/2167 2730/661/2166
f 2732/666/2172 2744/925/2173 2743/924/2171 2731/664/2170
f 2733/668/2174 2745/926/2175 2744/925/2173 2732/666/2172
f 2734/670/2176 2746/927/2177 2745/926/2175 2733/668/2174
f 2735/672/2178 2747/928/2179 2746/927/2177 2734/670/2176
f 2736/674/2180 2748/929/2181 2747/928/2179 2735/672/2178
f 2737/676/2182 2749/930/2183 2748/929/2181 2736/674/2180
f 2738/678/2184 2750/931/2185 2749/930/2183 2737/676/2182
f 2739/680/2186 2751/932/2187 2750/931/2185 2738/678/2184
f 2740/682/2188 2752/933/2189 2751/932/2187 2739/680/2186
f 2742/922/2167 2754/1078/2190 2753/1079/2191 2741/923/2168
f 2743/924/2171 2755/1080/2192 2754/1078/2190 2742/922/2167
f 2744/925/2173 2756/1081/2193 2755/1080/2192 2743/924/2171
f 2745/926/2175 2757/1082/2194 2756/1081/2193 2744/925/2173
f 2746/927/2177 2758/1083/2195 2757/1082/2194 2745/926/2175
f 2747/928/2179 2759/1084/2196 2758/1083/2195 2746/927/2177
f 2748/929/2181 2760/1085/2197 2759/1084/2196 2747/928/2179
f 2749/930/2183 2761/1086/2198 2760/1085/2197 2748/929/2181
f 2750/931/2185 2762/1087/2199 2761/1086/2198 2749/930/2183
f 2751/932/2187 2763/1088/2200 2762/1087/2199 2750/931/2185
f 2752/933/2189 2764/1089/2201 2763/1088/2200 2751/932/2187
f 2754/1078/2190 2730/755/2166 2729/509/2169 2753/1079/2191
f 2755/1080/2192 2731/756/2170 2730/755/2166 2754/1078/2190
f 2756/1081/2193 2732/757/2172 2731/756/2170 2755/1080/2192
f 2757/1082/2194 2733/758/2174 2732/757/2172 2756/1081/2193
f 2758/1083/2195 2734/759/2176 2733/758/2174 2757/1082/2194
f 2759/1084/2196 2735/760/2178 2734/759/2176 2758/1083/2195
f 2760/1085/2197 2736/761/2180 2735/760/2178 2759/1084/2196
f 2761/1086/2198 2737/762/2182 2736/761/2180 2760/1085/2197
f 2762/1087/2199 2738/763/2184 2737/762/2182 2761/1086/2198
f 2763/1088/2200 2739/764/2186 2738/763/2184 2762/1087/2199
f 2764/1089/2201 2740/765/2188 2739/764/2186 2763/1088/2200
f 2766/661/287 2778/662/2202 2777/663/2203 2765/508/288
f 2767/664/289 2779/665/2204 2778/662/2202 2766/661/287
f 2768/666/290 2780/667/2205 2779/665/2204 2767/664/289
f 2769/668/291 2781/669/2206 2780/667/2205 2768/666/290
f 2770/670/292 2782/671/2207 2781/669/2206 2769/668/291
f 2771/672/293 2783/673/2208 2782/671/2207 2770/670/292
f 2772/674/294 2784/675/2209 2783/673/2208 2771/672/293
f 2773/676/295 2785/677/2210 2784/675/2209 2772/674/294
f 2774/678/296 2786/679/2211 2785/677/2210 2773/676/295
f 2775/680/297 2787/681/2212 2786/679/2211 2774/678/296
f 2776/682/298 2788/683/2213 2787/681/2212 2775/680/297
f 2778/662/2202 2790/684/2214 2789/685/2203 2777/663/2203
f 2779/665/2204 2791/686/2215 2790/684/2214 2778/662/2202
f 2780/667/2205 2792/687/2216 2791/686/2215 2779/665/2204
f 2781/669/2206 2793/688/2217 2792/687/2216 2780/667/2205
f 2782/671/2207 2794/689/2218 2793/688/2217 2781/669/2206
f 2783/673/2208 2795/690/2219 2794/689/2218 2782/671/2207
f 2784/675/2209 2796/691/2220 2795/690/2219 2783/673/2208
f 2785/677/2210 2797/692/2221 2796/691/2220 2784/675/2209
f 2786/679/2211 2798/693/2222 2797/692/2221 2785/677/2210
f 2787/681/2212 2799/694/2223 2798/693/2222 2786/679/2211
f 2788/683/2213 2800/695/2213 2799/694/2223 2787/681/2212
f 2790/684/2214 2802/696/299 2801/697/300 2789/685/2203
f 2791/686/2215 2803/698/301 2802/696/299 2790/684/2214
f 2792/687/2216 2804/699/302 2803/698/301 2791/686/2215
f 2793/688/2217 2805/700/303 2804/699/302 2792/687/2216
f 2794/689/2218 2806/701/304 2805/700/303 2793/688/2217
f 2795/690/2219 2807/702/305 2806/701/304 2794/689/2218
f 2796/691/2220 2808/703/306 2807/702/305 2795/690/2219
f 2797/692/2221 2809/704/307 2808/703/306 2796/691/2220
f 2798/693/2222 2810/705/308 2809/704/307 2797/692/2221
f 2799/694/2223 2811/706/309 2810/705/308 2798/693/2222
f 2800/695/2213 2812/707/310 2811/706/309 2799/694/2223
f 2802/696/299 2814/708/244 2813/515/245 2801/697/300
f 2803/698/301 2815/709/247 2814/708/244 2802/696/299
f 2804/699/302 2816/710/249 2815/709/247 2803/698/301
f 2805/700/303 2817/711/251 2816/710/249 2804/699/302
f 2806/701/304 2818/712/253 2817/711/251 2805/700/303
f 2807/702/305 2819/713/255 2818/712/253 2806/701/304
f 2808/703/306 2820/714/257 2819/713/255 2807/702/305
f 2809/704/307 2821/715/259 2820/714/257 2808/703/306
f 2810/705/308 2822/716/261 2821/715/259 2809/704/307
f 2811/706/309 2823/717/263 2822/716/261 2810/705/308
f 2812/707/310 2824/718/264 2823/717/263 2811/706/309
f 2814/708/244 2826/719/2224 2825/720/2225 2813/515/245
f 2815/709/247 2827/721/2226 2826/719/2224 2814/708/244
f 2816/710/249 2828/722/2227 2827/721/2226 2815/709/247
f 2817/711/251 2829/723/2228 2828/722/2227 2816/710/249
f 2818/712/253 2830/724/2229 2829/723/2228 2817/711/251
f 2819/713/255 2831/725/2230 2830/724/2229 2818/712/253
f 2820/714/257 2832/726/2231 2831/725/2230 2819/713/255
f 2821/715/259 2833/727/2232 2832/726/2231 2820/714/257
f 2822/716/261 2834/728/2233 2833/727/2232 2821/715/259
f 2823/717/263 2835/729/2234 2834/728/2233 2822/716/261
f 2824/718/264 2836/730/2235 2835/729/2234 2823/717/263
f 2826/719/2224 2838/731/2236 2837/732/2225 2825/720/2225
f 2827/721/2226 2839/733/2237 2838/731/2236 2826/719/2224
f 2828/722/2227 2840/734/2238 2839/733/2237 2827/721/2226
f 2829/723/2228 2841/735/2239 2840/734/2238 2828/722/2227
f 2830/724/2229 2842/736/2240 2841/735/2239 2829/723/2228
f 2831/725/2230 2843/737/2241 2842/736/2240 2830/724/2229
f 2832/726/2231 2844/738/2242 2843/737/2241 2831/725/2230
f 2833/727/2232 2845/739/2243 2844/738/2242 2832/726/2231
f 2834/728/2233 2846/740/2244 2845/739/2243 2833/727/2232
f 2835/729/2234 2847/741/2245 2846/740/2244 2834/728/2233
f 2836/730/2235 2848/742/2235 2847/741/2245 2835/729/2234
f 2838/731/2236 2850/743/265 2849/744/266 2837/732/2225
f 2839/733/2237 2851/745/267 2850/743/265 2838/731/2236
f 2840/734/2238 2852/746/268 2851/745/267 2839/733/2237
f 2841/735/2239 2853/747/269 2852/746/268 2840/734/2238
f 2842/736/2240 2854/748/270 2853/747/269 2841/735/2239
f 2843/737/2241 2855/749/271 2854/748/270 2842/736/2240
f 2844/738/2242 2856/750/272 2855/749/271 2843/737/2241
f 2845/739/2243 2857/751/273 2856/750/272 2844/738/2242
f 2846/740/2244 2858/752/274 2857/751/273 2845/739/2243
f 2847/741/2245 2859/753/275 2858/752/274 2846/740/2244
f 2848/742/2235 2860/754/276 2859/753/275 2847/741/2245
f 2850/743/265 2766/755/287 2765/509/288 2849/744/266
f 2851/745/267 2767/756/289 2766/755/287 2850/743/265
f 2852/746/268 2768/757/290 2767/756/289 2851/745/267
f 2853/747/269 2769/758/291 2768/757/290 2852/746/268
f 2854/748/270 2770/759/292 2769/758/291 2853/747/269
f 2855/749/271 2771/760/293 2770/759/292 2854/748/270
f 2856/750/272 2772/761/294 2771/760/293 2855/749/271
f 2857/751/273 2773/762/295 2772/761/294 2856/750/272
f 2858/752/274 2774/763/296 2773/762/295 2857/751/273
f 2859/753/275 2775/764/297 2774/763/296 2858/752/274
f 2860/754/276 2776/765/298 2775/764/297 2859/753/275
