# Blender 5.1.2
# www.blender.org
mtllib amethyst_shard.mtl
o amethyst_crystal_body
v 0.000000 2.680000 0.000000
v 0.451000 2.082000 0.000000
v 0.406337 2.082000 -0.140891
v 0.281194 2.082000 -0.253876
v 0.100357 2.082000 -0.316579
v -0.100357 2.082000 -0.316579
v -0.281194 2.082000 -0.253876
v -0.406337 2.082000 -0.140891
v -0.451000 2.082000 -0.000000
v -0.406337 2.082000 0.140891
v -0.281194 2.082000 0.253876
v -0.100357 2.082000 0.316579
v 0.100357 2.082000 0.316579
v 0.281194 2.082000 0.253876
v 0.406337 2.082000 0.140891
v 0.536210 1.380000 -0.088118
v 0.430007 1.380000 -0.246902
v 0.238636 1.380000 -0.356784
v 0.000000 1.380000 -0.396000
v -0.238636 1.380000 -0.356784
v -0.430007 1.380000 -0.246902
v -0.536210 1.380000 -0.088118
v -0.536210 1.380000 0.088118
v -0.430007 1.380000 0.246902
v -0.238636 1.380000 0.356784
v -0.000000 1.380000 0.396000
v 0.238636 1.380000 0.356784
v 0.430007 1.380000 0.246902
v 0.536210 1.380000 0.088118
v 0.396000 0.652000 0.000000
v 0.356784 0.652000 -0.123709
v 0.246902 0.652000 -0.222916
v 0.088118 0.652000 -0.277971
v -0.088118 0.652000 -0.277971
v -0.246902 0.652000 -0.222916
v -0.356784 0.652000 -0.123709
v -0.396000 0.652000 -0.000000
v -0.356784 0.652000 0.123709
v -0.246902 0.652000 0.222916
v -0.088118 0.652000 0.277971
v 0.088118 0.652000 0.277971
v 0.246902 0.652000 0.222916
v 0.356784 0.652000 0.123709
v 0.000000 0.080000 0.000000
vn -0.0000 1.0000 -0.0000
vn 0.9474 0.2977 -0.1175
vn 0.7414 0.2702 -0.6142
vn 0.9841 -0.0334 -0.1744
vn 0.7424 -0.0298 -0.6692
vn 0.7415 0.2702 -0.6142
vn 0.9406 -0.3143 -0.1286
vn 0.7319 -0.2850 -0.6189
vn 0.7425 -0.0298 -0.6692
vn 0.9405 -0.3144 -0.1286
vn -0.0000 -1.0000 -0.0000
vn 0.4176 0.2370 -0.8772
vn 0.7424 -0.0298 -0.6693
vn 0.4009 -0.0260 -0.9158
vn 0.4176 0.2369 -0.8772
vn 0.7319 -0.2850 -0.6190
vn 0.4094 -0.2504 -0.8773
vn 0.4009 -0.0260 -0.9157
vn 0.0952 0.2208 -0.9707
vn 0.0702 -0.0243 -0.9972
vn 0.0952 0.2207 -0.9707
vn 0.4094 -0.2503 -0.8773
vn 0.0886 -0.2337 -0.9683
vn 0.0703 -0.0243 -0.9972
vn 0.0885 -0.2337 -0.9683
vn -0.0001 1.0000 -0.0000
vn -0.2214 0.2248 -0.9489
vn -0.2550 -0.0249 -0.9666
vn -0.2272 -0.2384 -0.9442
vn -0.2550 -0.0250 -0.9666
vn 0.0885 -0.2338 -0.9683
vn 0.0001 -1.0000 -0.0000
vn -0.5486 0.2487 -0.7982
vn -0.2551 -0.0250 -0.9666
vn -0.5954 -0.0279 -0.8030
vn -0.5486 0.2486 -0.7983
vn -0.5531 -0.2639 -0.7902
vn -0.5953 -0.0280 -0.8030
vn -0.8498 0.2842 -0.4440
vn -0.5487 0.2486 -0.7982
vn -0.5954 -0.0279 -0.8029
vn -0.9069 -0.0322 -0.4201
vn -0.8498 0.2841 -0.4440
vn -0.5954 -0.0280 -0.8029
vn -0.5532 -0.2639 -0.7902
vn -0.8501 -0.3011 -0.4320
vn -0.5532 -0.2640 -0.7902
vn 0.0001 -1.0000 -0.0001
vn -0.8501 -0.3011 -0.4319
vn -0.9474 0.2977 0.1174
vn -0.8498 0.2842 -0.4439
vn -0.9069 -0.0322 -0.4200
vn -0.9841 -0.0334 0.1744
vn -0.8502 -0.3010 -0.4319
vn -0.9406 -0.3143 0.1285
vn -0.9841 -0.0335 0.1743
vn -0.8502 -0.3011 -0.4319
vn -0.0000 -1.0000 -0.0001
vn -0.9406 -0.3143 0.1286
vn -0.9474 0.2977 0.1175
vn -0.7414 0.2702 0.6142
vn -0.7424 -0.0298 0.6692
vn -0.7415 0.2702 0.6142
vn -0.7319 -0.2850 0.6189
vn -0.7425 -0.0298 0.6692
vn -0.9405 -0.3144 0.1286
vn -0.4176 0.2370 0.8772
vn -0.7424 -0.0298 0.6693
vn -0.4009 -0.0260 0.9158
vn -0.4176 0.2369 0.8772
vn -0.7319 -0.2850 0.6190
vn -0.4094 -0.2504 0.8773
vn -0.4009 -0.0260 0.9157
vn -0.0952 0.2208 0.9707
vn -0.0702 -0.0243 0.9972
vn -0.0952 0.2207 0.9707
vn -0.4094 -0.2503 0.8773
vn -0.0886 -0.2337 0.9683
vn -0.0703 -0.0243 0.9972
vn -0.0885 -0.2337 0.9683
vn 0.0001 1.0000 -0.0000
vn 0.2214 0.2248 0.9489
vn 0.2550 -0.0249 0.9666
vn 0.2272 -0.2384 0.9442
vn 0.2550 -0.0250 0.9666
vn -0.0885 -0.2338 0.9683
vn -0.0001 -1.0000 -0.0000
vn 0.5486 0.2487 0.7982
vn 0.2551 -0.0250 0.9666
vn 0.5954 -0.0279 0.8030
vn 0.5486 0.2486 0.7983
vn 0.5531 -0.2639 0.7902
vn 0.5953 -0.0280 0.8030
vn 0.8498 0.2842 0.4440
vn 0.5487 0.2486 0.7982
vn 0.5954 -0.0279 0.8029
vn 0.9069 -0.0322 0.4201
vn 0.8498 0.2841 0.4440
vn 0.5954 -0.0280 0.8029
vn 0.5532 -0.2639 0.7902
vn 0.8501 -0.3011 0.4320
vn 0.5532 -0.2640 0.7902
vn -0.0001 -1.0000 0.0001
vn 0.8501 -0.3011 0.4319
vn 0.9474 0.2977 -0.1174
vn 0.8498 0.2842 0.4439
vn 0.9069 -0.0322 0.4200
vn 0.8502 -0.3010 0.4319
vn 0.9406 -0.3143 -0.1285
vn 0.9841 -0.0335 -0.1743
vn 0.8502 -0.3011 0.4319
vn -0.0000 -1.0000 0.0001
s 0
usemtl amethyst_transparent_crystal
f 1//1 2//2 3//3
f 2//2 16//4 17//5 3//6
f 16//4 30//7 31//8 17//9
f 30//10 44//11 31//8
f 1//1 3//3 4//12
f 3//3 17//13 18//14 4//15
f 17//13 31//16 32//17 18//18
f 31//16 44//11 32//17
f 1//1 4//12 5//19
f 4//12 18//14 19//20 5//21
f 18//14 32//22 33//23 19//24
f 32//17 44//11 33//25
f 1//26 5//19 6//27
f 5//21 19//20 20//28 6//27
f 19//20 33//25 34//29 20//30
f 33//31 44//32 34//29
f 1//1 6//27 7//33
f 6//27 20//34 21//35 7//36
f 20//34 34//29 35//37 21//38
f 34//29 44//32 35//37
f 1//1 7//33 8//39
f 7//40 21//41 22//42 8//43
f 21//44 35//45 36//46 22//42
f 35//47 44//48 36//49
f 1//1 8//39 9//50
f 8//51 22//52 23//53 9//50
f 22//42 36//54 37//55 23//56
f 36//57 44//58 37//59
f 1//1 9//60 10//61
f 9//60 23//53 24//62 10//63
f 23//53 37//59 38//64 24//65
f 37//66 44//11 38//64
f 1//1 10//61 11//67
f 10//61 24//68 25//69 11//70
f 24//68 38//71 39//72 25//73
f 38//71 44//11 39//72
f 1//1 11//67 12//74
f 11//67 25//69 26//75 12//76
f 25//69 39//77 40//78 26//79
f 39//72 44//11 40//80
f 1//81 12//74 13//82
f 12//76 26//75 27//83 13//82
f 26//75 40//80 41//84 27//85
f 40//86 44//87 41//84
f 1//1 13//82 14//88
f 13//82 27//89 28//90 14//91
f 27//89 41//84 42//92 28//93
f 41//84 44//87 42//92
f 1//1 14//88 15//94
f 14//95 28//96 29//97 15//98
f 28//99 42//100 43//101 29//97
f 42//102 44//103 43//104
f 1//1 15//94 2//105
f 15//106 29//107 16//4 2//105
f 29//97 43//108 30//109 16//110
f 43//111 44//112 30//7
o amethyst_display_base_top
v 0.000000 -0.120000 -0.700000
v 0.000000 0.060000 -0.700000
v 0.068612 -0.120000 -0.696629
v 0.068612 0.060000 -0.696629
v 0.136563 -0.120000 -0.686550
v 0.136563 0.060000 -0.686550
v 0.203199 -0.120000 -0.669858
v 0.203199 0.060000 -0.669858
v 0.267878 -0.120000 -0.646716
v 0.267878 0.060000 -0.646716
v 0.329978 -0.120000 -0.617345
v 0.329978 0.060000 -0.617345
v 0.388899 -0.120000 -0.582029
v 0.388899 0.060000 -0.582029
v 0.444075 -0.120000 -0.541107
v 0.444075 0.060000 -0.541107
v 0.494975 -0.120000 -0.494975
v 0.494975 0.060000 -0.494975
v 0.541107 -0.120000 -0.444075
v 0.541107 0.060000 -0.444075
v 0.582029 -0.120000 -0.388899
v 0.582029 0.060000 -0.388899
v 0.617345 -0.120000 -0.329978
v 0.617345 0.060000 -0.329978
v 0.646716 -0.120000 -0.267878
v 0.646716 0.060000 -0.267878
v 0.669858 -0.120000 -0.203199
v 0.669858 0.060000 -0.203199
v 0.686550 -0.120000 -0.136563
v 0.686550 0.060000 -0.136563
v 0.696629 -0.120000 -0.068612
v 0.696629 0.060000 -0.068612
v 0.700000 -0.120000 0.000000
v 0.700000 0.060000 0.000000
v 0.696629 -0.120000 0.068612
v 0.696629 0.060000 0.068612
v 0.686550 -0.120000 0.136563
v 0.686550 0.060000 0.136563
v 0.669858 -0.120000 0.203199
v 0.669858 0.060000 0.203199
v 0.646716 -0.120000 0.267878
v 0.646716 0.060000 0.267878
v 0.617345 -0.120000 0.329978
v 0.617345 0.060000 0.329978
v 0.582029 -0.120000 0.388899
v 0.582029 0.060000 0.388899
v 0.541107 -0.120000 0.444075
v 0.541107 0.060000 0.444075
v 0.494975 -0.120000 0.494975
v 0.494975 0.060000 0.494975
v 0.444075 -0.120000 0.541107
v 0.444075 0.060000 0.541107
v 0.388899 -0.120000 0.582029
v 0.388899 0.060000 0.582029
v 0.329978 -0.120000 0.617345
v 0.329978 0.060000 0.617345
v 0.267878 -0.120000 0.646716
v 0.267878 0.060000 0.646716
v 0.203199 -0.120000 0.669858
v 0.203199 0.060000 0.669858
v 0.136563 -0.120000 0.686550
v 0.136563 0.060000 0.686550
v 0.068612 -0.120000 0.696629
v 0.068612 0.060000 0.696629
v 0.000000 -0.120000 0.700000
v 0.000000 0.060000 0.700000
v -0.068612 -0.120000 0.696629
v -0.068612 0.060000 0.696629
v -0.136563 -0.120000 0.686550
v -0.136563 0.060000 0.686550
v -0.203199 -0.120000 0.669858
v -0.203199 0.060000 0.669858
v -0.267878 -0.120000 0.646716
v -0.267878 0.060000 0.646716
v -0.329978 -0.120000 0.617345
v -0.329978 0.060000 0.617345
v -0.388899 -0.120000 0.582029
v -0.388899 0.060000 0.582029
v -0.444075 -0.120000 0.541107
v -0.444075 0.060000 0.541107
v -0.494975 -0.120000 0.494975
v -0.494975 0.060000 0.494975
v -0.541107 -0.120000 0.444075
v -0.541107 0.060000 0.444075
v -0.582029 -0.120000 0.388899
v -0.582029 0.060000 0.388899
v -0.617345 -0.120000 0.329978
v -0.617345 0.060000 0.329978
v -0.646716 -0.120000 0.267878
v -0.646716 0.060000 0.267878
v -0.669858 -0.120000 0.203199
v -0.669858 0.060000 0.203199
v -0.686550 -0.120000 0.136563
v -0.686550 0.060000 0.136563
v -0.696629 -0.120000 0.068612
v -0.696629 0.060000 0.068612
v -0.700000 -0.120000 0.000000
v -0.700000 0.060000 0.000000
v -0.696629 -0.120000 -0.068612
v -0.696629 0.060000 -0.068612
v -0.686550 -0.120000 -0.136563
v -0.686550 0.060000 -0.136563
v -0.669858 -0.120000 -0.203199
v -0.669858 0.060000 -0.203199
v -0.646716 -0.120000 -0.267878
v -0.646716 0.060000 -0.267878
v -0.617345 -0.120000 -0.329978
v -0.617345 0.060000 -0.329978
v -0.582029 -0.120000 -0.388899
v -0.582029 0.060000 -0.388899
v -0.541107 -0.120000 -0.444075
v -0.541107 0.060000 -0.444075
v -0.494975 -0.120000 -0.494975
v -0.494975 0.060000 -0.494975
v -0.444075 -0.120000 -0.541107
v -0.444075 0.060000 -0.541107
v -0.388899 -0.120000 -0.582029
v -0.388899 0.060000 -0.582029
v -0.329978 -0.120000 -0.617345
v -0.329978 0.060000 -0.617345
v -0.267878 -0.120000 -0.646716
v -0.267878 0.060000 -0.646716
v -0.203199 -0.120000 -0.669858
v -0.203199 0.060000 -0.669858
v -0.136563 -0.120000 -0.686550
v -0.136563 0.060000 -0.686550
v -0.068612 -0.120000 -0.696629
v -0.068612 0.060000 -0.696629
vn 0.0491 -0.0000 -0.9988
vn 0.1467 -0.0000 -0.9892
vn 0.2430 -0.0000 -0.9700
vn 0.3369 -0.0000 -0.9415
vn 0.4276 -0.0000 -0.9040
vn 0.5141 -0.0000 -0.8577
vn 0.5957 -0.0000 -0.8032
vn 0.6716 -0.0000 -0.7410
vn 0.7410 -0.0000 -0.6716
vn 0.8032 -0.0000 -0.5957
vn 0.8577 -0.0000 -0.5141
vn 0.9040 -0.0000 -0.4276
vn 0.9415 -0.0000 -0.3369
vn 0.9700 -0.0000 -0.2430
vn 0.9892 -0.0000 -0.1467
vn 0.9988 -0.0000 -0.0491
vn 0.9988 -0.0000 0.0491
vn 0.9892 -0.0000 0.1467
vn 0.9700 -0.0000 0.2430
vn 0.9415 -0.0000 0.3369
vn 0.9040 -0.0000 0.4276
vn 0.8577 -0.0000 0.5141
vn 0.8032 -0.0000 0.5957
vn 0.7410 -0.0000 0.6716
vn 0.6716 -0.0000 0.7410
vn 0.5957 -0.0000 0.8032
vn 0.5141 -0.0000 0.8577
vn 0.4276 -0.0000 0.9040
vn 0.3369 -0.0000 0.9415
vn 0.2430 -0.0000 0.9700
vn 0.1467 -0.0000 0.9892
vn 0.0491 -0.0000 0.9988
vn -0.0491 -0.0000 0.9988
vn -0.1467 -0.0000 0.9892
vn -0.2430 -0.0000 0.9700
vn -0.3369 -0.0000 0.9415
vn -0.4276 -0.0000 0.9040
vn -0.5141 -0.0000 0.8577
vn -0.5957 -0.0000 0.8032
vn -0.6716 -0.0000 0.7410
vn -0.7410 -0.0000 0.6716
vn -0.8032 -0.0000 0.5957
vn -0.8577 -0.0000 0.5141
vn -0.9040 -0.0000 0.4276
vn -0.9415 -0.0000 0.3369
vn -0.9700 -0.0000 0.2430
vn -0.9892 -0.0000 0.1467
vn -0.9988 -0.0000 0.0491
vn -0.9988 -0.0000 -0.0491
vn -0.9892 -0.0000 -0.1467
vn -0.9700 -0.0000 -0.2430
vn -0.9415 -0.0000 -0.3369
vn -0.9040 -0.0000 -0.4276
vn -0.8577 -0.0000 -0.5141
vn -0.8032 -0.0000 -0.5957
vn -0.7410 -0.0000 -0.6716
vn -0.6716 -0.0000 -0.7410
vn -0.5957 -0.0000 -0.8032
vn -0.5141 -0.0000 -0.8577
vn -0.4276 -0.0000 -0.9040
vn -0.3369 -0.0000 -0.9415
vn -0.2430 -0.0000 -0.9700
vn -0.0000 1.0000 -0.0000
vn -0.1467 -0.0000 -0.9892
vn -0.0491 -0.0000 -0.9988
vn -0.0000 -1.0000 -0.0000
vt 1.000000 0.500000
vt 1.000000 1.000000
vt 0.984375 1.000000
vt 0.984375 0.500000
vt 0.968750 1.000000
vt 0.968750 0.500000
vt 0.953125 1.000000
vt 0.953125 0.500000
vt 0.937500 1.000000
vt 0.937500 0.500000
vt 0.921875 1.000000
vt 0.921875 0.500000
vt 0.906250 1.000000
vt 0.906250 0.500000
vt 0.890625 1.000000
vt 0.890625 0.500000
vt 0.875000 1.000000
vt 0.875000 0.500000
vt 0.859375 1.000000
vt 0.859375 0.500000
vt 0.843750 1.000000
vt 0.843750 0.500000
vt 0.828125 1.000000
vt 0.828125 0.500000
vt 0.812500 1.000000
vt 0.812500 0.500000
vt 0.796875 1.000000
vt 0.796875 0.500000
vt 0.781250 1.000000
vt 0.781250 0.500000
vt 0.765625 1.000000
vt 0.765625 0.500000
vt 0.750000 1.000000
vt 0.750000 0.500000
vt 0.734375 1.000000
vt 0.734375 0.500000
vt 0.718750 1.000000
vt 0.718750 0.500000
vt 0.703125 1.000000
vt 0.703125 0.500000
vt 0.687500 1.000000
vt 0.687500 0.500000
vt 0.671875 1.000000
vt 0.671875 0.500000
vt 0.656250 1.000000
vt 0.656250 0.500000
vt 0.640625 1.000000
vt 0.640625 0.500000
vt 0.625000 1.000000
vt 0.625000 0.500000
vt 0.609375 1.000000
vt 0.609375 0.500000
vt 0.593750 1.000000
vt 0.593750 0.500000
vt 0.578125 1.000000
vt 0.578125 0.500000
vt 0.562500 1.000000
vt 0.562500 0.500000
vt 0.546875 1.000000
vt 0.546875 0.500000
vt 0.531250 1.000000
vt 0.531250 0.500000
vt 0.515625 1.000000
vt 0.515625 0.500000
vt 0.500000 1.000000
vt 0.500000 0.500000
vt 0.484375 1.000000
vt 0.484375 0.500000
vt 0.468750 1.000000
vt 0.468750 0.500000
vt 0.453125 1.000000
vt 0.453125 0.500000
vt 0.437500 1.000000
vt 0.437500 0.500000
vt 0.421875 1.000000
vt 0.421875 0.500000
vt 0.406250 1.000000
vt 0.406250 0.500000
vt 0.390625 1.000000
vt 0.390625 0.500000
vt 0.375000 1.000000
vt 0.375000 0.500000
vt 0.359375 1.000000
vt 0.359375 0.500000
vt 0.343750 1.000000
vt 0.343750 0.500000
vt 0.328125 1.000000
vt 0.328125 0.500000
vt 0.312500 1.000000
vt 0.312500 0.500000
vt 0.296875 1.000000
vt 0.296875 0.500000
vt 0.281250 1.000000
vt 0.281250 0.500000
vt 0.265625 1.000000
vt 0.265625 0.500000
vt 0.250000 1.000000
vt 0.250000 0.500000
vt 0.234375 1.000000
vt 0.234375 0.500000
vt 0.218750 1.000000
vt 0.218750 0.500000
vt 0.203125 1.000000
vt 0.203125 0.500000
vt 0.187500 1.000000
vt 0.187500 0.500000
vt 0.171875 1.000000
vt 0.171875 0.500000
vt 0.156250 1.000000
vt 0.156250 0.500000
vt 0.140625 1.000000
vt 0.140625 0.500000
vt 0.125000 1.000000
vt 0.125000 0.500000
vt 0.109375 1.000000
vt 0.109375 0.500000
vt 0.093750 1.000000
vt 0.093750 0.500000
vt 0.078125 1.000000
vt 0.078125 0.500000
vt 0.062500 1.000000
vt 0.062500 0.500000
vt 0.046875 1.000000
vt 0.046875 0.500000
vt 0.031250 1.000000
vt 0.031250 0.500000
vt 0.273524 0.488844
vt 0.250000 0.490000
vt 0.226476 0.488844
vt 0.203178 0.485388
vt 0.180332 0.479666
vt 0.158156 0.471731
vt 0.136865 0.461661
vt 0.116663 0.449553
vt 0.097746 0.435522
vt 0.080294 0.419706
vt 0.064477 0.402254
vt 0.050447 0.383337
vt 0.038339 0.363135
vt 0.028269 0.341844
vt 0.020334 0.319668
vt 0.014612 0.296822
vt 0.011156 0.273524
vt 0.010000 0.250000
vt 0.011156 0.226476
vt 0.014612 0.203178
vt 0.020334 0.180332
vt 0.028269 0.158156
vt 0.038339 0.136865
vt 0.050447 0.116663
vt 0.064477 0.097746
vt 0.080294 0.080294
vt 0.097746 0.064477
vt 0.116663 0.050447
vt 0.136865 0.038339
vt 0.158156 0.028269
vt 0.180332 0.020334
vt 0.203178 0.014612
vt 0.226476 0.011156
vt 0.250000 0.010000
vt 0.273524 0.011156
vt 0.296822 0.014612
vt 0.319668 0.020334
vt 0.341844 0.028269
vt 0.363135 0.038339
vt 0.383337 0.050447
vt 0.402254 0.064477
vt 0.419706 0.080294
vt 0.435522 0.097746
vt 0.449553 0.116663
vt 0.461661 0.136865
vt 0.471731 0.158156
vt 0.479666 0.180332
vt 0.485388 0.203178
vt 0.488844 0.226476
vt 0.490000 0.250000
vt 0.488844 0.273524
vt 0.485388 0.296822
vt 0.479666 0.319668
vt 0.471731 0.341844
vt 0.461661 0.363135
vt 0.449553 0.383337
vt 0.435522 0.402254
vt 0.419706 0.419706
vt 0.402254 0.435522
vt 0.383337 0.449553
vt 0.363135 0.461661
vt 0.341844 0.471731
vt 0.319668 0.479666
vt 0.296822 0.485388
vt 0.015625 1.000000
vt 0.015625 0.500000
vt 0.000000 1.000000
vt 0.000000 0.500000
vt 0.750000 0.490000
vt 0.773524 0.488844
vt 0.796822 0.485388
vt 0.819668 0.479666
vt 0.841844 0.471731
vt 0.863135 0.461661
vt 0.883337 0.449553
vt 0.902254 0.435522
vt 0.919706 0.419706
vt 0.935522 0.402254
vt 0.949553 0.383337
vt 0.961661 0.363135
vt 0.971731 0.341844
vt 0.979666 0.319668
vt 0.985388 0.296822
vt 0.988844 0.273524
vt 0.990000 0.250000
vt 0.988844 0.226476
vt 0.985388 0.203178
vt 0.979666 0.180332
vt 0.971731 0.158156
vt 0.961661 0.136865
vt 0.949553 0.116663
vt 0.935522 0.097746
vt 0.919706 0.080294
vt 0.902254 0.064477
vt 0.883337 0.050447
vt 0.863135 0.038339
vt 0.841844 0.028269
vt 0.819668 0.020334
vt 0.796822 0.014612
vt 0.773524 0.011156
vt 0.750000 0.010000
vt 0.726476 0.011156
vt 0.703178 0.014612
vt 0.680332 0.020334
vt 0.658156 0.028269
vt 0.636865 0.038339
vt 0.616663 0.050447
vt 0.597746 0.064477
vt 0.580294 0.080294
vt 0.564478 0.097746
vt 0.550447 0.116663
vt 0.538339 0.136865
vt 0.528269 0.158156
vt 0.520334 0.180332
vt 0.514612 0.203178
vt 0.511156 0.226476
vt 0.510000 0.250000
vt 0.511156 0.273524
vt 0.514612 0.296822
vt 0.520334 0.319668
vt 0.528269 0.341844
vt 0.538339 0.363135
vt 0.550447 0.383337
vt 0.564478 0.402254
vt 0.580294 0.419706
vt 0.597746 0.435522
vt 0.616663 0.449553
vt 0.636865 0.461661
vt 0.658156 0.471731
vt 0.680332 0.479666
vt 0.703178 0.485388
vt 0.726476 0.488844
s 0
usemtl reflective_gold.002
f 45/1/113 46/2/113 48/3/113 47/4/113
f 47/4/114 48/3/114 50/5/114 49/6/114
f 49/6/115 50/5/115 52/7/115 51/8/115
f 51/8/116 52/7/116 54/9/116 53/10/116
f 53/10/117 54/9/117 56/11/117 55/12/117
f 55/12/118 56/11/118 58/13/118 57/14/118
f 57/14/119 58/13/119 60/15/119 59/16/119
f 59/16/120 60/15/120 62/17/120 61/18/120
f 61/18/121 62/17/121 64/19/121 63/20/121
f 63/20/122 64/19/122 66/21/122 65/22/122
f 65/22/123 66/21/123 68/23/123 67/24/123
f 67/24/124 68/23/124 70/25/124 69/26/124
f 69/26/125 70/25/125 72/27/125 71/28/125
f 71/28/126 72/27/126 74/29/126 73/30/126
f 73/30/127 74/29/127 76/31/127 75/32/127
f 75/32/128 76/31/128 78/33/128 77/34/128
f 77/34/129 78/33/129 80/35/129 79/36/129
f 79/36/130 80/35/130 82/37/130 81/38/130
f 81/38/131 82/37/131 84/39/131 83/40/131
f 83/40/132 84/39/132 86/41/132 85/42/132
f 85/42/133 86/41/133 88/43/133 87/44/133
f 87/44/134 88/43/134 90/45/134 89/46/134
f 89/46/135 90/45/135 92/47/135 91/48/135
f 91/48/136 92/47/136 94/49/136 93/50/136
f 93/50/137 94/49/137 96/51/137 95/52/137
f 95/52/138 96/51/138 98/53/138 97/54/138
f 97/54/139 98/53/139 100/55/139 99/56/139
f 99/56/140 100/55/140 102/57/140 101/58/140
f 101/58/141 102/57/141 104/59/141 103/60/141
f 103/60/142 104/59/142 106/61/142 105/62/142
f 105/62/143 106/61/143 108/63/143 107/64/143
f 107/64/144 108/63/144 110/65/144 109/66/144
f 109/66/145 110/65/145 112/67/145 111/68/145
f 111/68/146 112/67/146 114/69/146 113/70/146
f 113/70/147 114/69/147 116/71/147 115/72/147
f 115/72/148 116/71/148 118/73/148 117/74/148
f 117/74/149 118/73/149 120/75/149 119/76/149
f 119/76/150 120/75/150 122/77/150 121/78/150
f 121/78/151 122/77/151 124/79/151 123/80/151
f 123/80/152 124/79/152 126/81/152 125/82/152
f 125/82/153 126/81/153 128/83/153 127/84/153
f 127/84/154 128/83/154 130/85/154 129/86/154
f 129/86/155 130/85/155 132/87/155 131/88/155
f 131/88/156 132/87/156 134/89/156 133/90/156
f 133/90/157 134/89/157 136/91/157 135/92/157
f 135/92/158 136/91/158 138/93/158 137/94/158
f 137/94/159 138/93/159 140/95/159 139/96/159
f 139/96/160 140/95/160 142/97/160 141/98/160
f 141/98/161 142/97/161 144/99/161 143/100/161
f 143/100/162 144/99/162 146/101/162 145/102/162
f 145/102/163 146/101/163 148/103/163 147/104/163
f 147/104/164 148/103/164 150/105/164 149/106/164
f 149/106/165 150/105/165 152/107/165 151/108/165
f 151/108/166 152/107/166 154/109/166 153/110/166
f 153/110/167 154/109/167 156/111/167 155/112/167
f 155/112/168 156/111/168 158/113/168 157/114/168
f 157/114/169 158/113/169 160/115/169 159/116/169
f 159/116/170 160/115/170 162/117/170 161/118/170
f 161/118/171 162/117/171 164/119/171 163/120/171
f 163/120/172 164/119/172 166/121/172 165/122/172
f 165/122/173 166/121/173 168/123/173 167/124/173
f 167/124/174 168/123/174 170/125/174 169/126/174
f 48/127/175 46/128/175 172/129/175 170/130/175 168/131/175 166/132/175 164/133/175 162/134/175 160/135/175 158/136/175 156/137/175 154/138/175 152/139/175 150/140/175 148/141/175 146/142/175 144/143/175 142/144/175 140/145/175 138/146/175 136/147/175 134/148/175 132/149/175 130/150/175 128/151/175 126/152/175 124/153/175 122/154/175 120/155/175 118/156/175 116/157/175 114/158/175 112/159/175 110/160/175 108/161/175 106/162/175 104/163/175 102/164/175 100/165/175 98/166/175 96/167/175 94/168/175 92/169/175 90/170/175 88/171/175 86/172/175 84/173/175 82/174/175 80/175/175 78/176/175 76/177/175 74/178/175 72/179/175 70/180/175 68/181/175 66/182/175 64/183/175 62/184/175 60/185/175 58/186/175 56/187/175 54/188/175 52/189/175 50/190/175
f 169/126/176 170/125/176 172/191/176 171/192/176
f 171/192/177 172/191/177 46/193/177 45/194/177
f 45/195/178 47/196/178 49/197/178 51/198/178 53/199/178 55/200/178 57/201/178 59/202/178 61/203/178 63/204/178 65/205/178 67/206/178 69/207/178 71/208/178 73/209/178 75/210/178 77/211/178 79/212/178 81/213/178 83/214/178 85/215/178 87/216/178 89/217/178 91/218/178 93/219/178 95/220/178 97/221/178 99/222/178 101/223/178 103/224/178 105/225/178 107/226/178 109/227/178 111/228/178 113/229/178 115/230/178 117/231/178 119/232/178 121/233/178 123/234/178 125/235/178 127/236/178 129/237/178 131/238/178 133/239/178 135/240/178 137/241/178 139/242/178 141/243/178 143/244/178 145/245/178 147/246/178 149/247/178 151/248/178 153/249/178 155/250/178 157/251/178 159/252/178 161/253/178 163/254/178 165/255/178 167/256/178 169/257/178 171/258/178
o amethyst_display_base_black_gold
v 0.000000 -0.380000 -0.820000
v 0.000000 -0.100000 -0.820000
v 0.080374 -0.380000 -0.816051
v 0.080374 -0.100000 -0.816051
v 0.159974 -0.380000 -0.804244
v 0.159974 -0.100000 -0.804244
v 0.238033 -0.380000 -0.784691
v 0.238033 -0.100000 -0.784691
v 0.313800 -0.380000 -0.757581
v 0.313800 -0.100000 -0.757581
v 0.386545 -0.380000 -0.723175
v 0.386545 -0.100000 -0.723175
v 0.455568 -0.380000 -0.681805
v 0.455568 -0.100000 -0.681805
v 0.520203 -0.380000 -0.633869
v 0.520203 -0.100000 -0.633869
v 0.579828 -0.380000 -0.579828
v 0.579828 -0.100000 -0.579828
v 0.633869 -0.380000 -0.520203
v 0.633869 -0.100000 -0.520203
v 0.681805 -0.380000 -0.455568
v 0.681805 -0.100000 -0.455568
v 0.723175 -0.380000 -0.386545
v 0.723175 -0.100000 -0.386545
v 0.757581 -0.380000 -0.313800
v 0.757581 -0.100000 -0.313800
v 0.784691 -0.380000 -0.238033
v 0.784691 -0.100000 -0.238033
v 0.804244 -0.380000 -0.159974
v 0.804244 -0.100000 -0.159974
v 0.816051 -0.380000 -0.080374
v 0.816051 -0.100000 -0.080374
v 0.820000 -0.380000 0.000000
v 0.820000 -0.100000 0.000000
v 0.816051 -0.380000 0.080374
v 0.816051 -0.100000 0.080374
v 0.804244 -0.380000 0.159974
v 0.804244 -0.100000 0.159974
v 0.784691 -0.380000 0.238033
v 0.784691 -0.100000 0.238033
v 0.757581 -0.380000 0.313800
v 0.757581 -0.100000 0.313800
v 0.723175 -0.380000 0.386545
v 0.723175 -0.100000 0.386545
v 0.681805 -0.380000 0.455568
v 0.681805 -0.100000 0.455568
v 0.633869 -0.380000 0.520203
v 0.633869 -0.100000 0.520203
v 0.579828 -0.380000 0.579828
v 0.579828 -0.100000 0.579828
v 0.520203 -0.380000 0.633869
v 0.520203 -0.100000 0.633869
v 0.455568 -0.380000 0.681805
v 0.455568 -0.100000 0.681805
v 0.386545 -0.380000 0.723175
v 0.386545 -0.100000 0.723175
v 0.313800 -0.380000 0.757581
v 0.313800 -0.100000 0.757581
v 0.238033 -0.380000 0.784691
v 0.238033 -0.100000 0.784691
v 0.159974 -0.380000 0.804244
v 0.159974 -0.100000 0.804244
v 0.080374 -0.380000 0.816051
v 0.080374 -0.100000 0.816051
v 0.000000 -0.380000 0.820000
v 0.000000 -0.100000 0.820000
v -0.080374 -0.380000 0.816051
v -0.080374 -0.100000 0.816051
v -0.159974 -0.380000 0.804244
v -0.159974 -0.100000 0.804244
v -0.238033 -0.380000 0.784691
v -0.238033 -0.100000 0.784691
v -0.313800 -0.380000 0.757581
v -0.313800 -0.100000 0.757581
v -0.386545 -0.380000 0.723175
v -0.386545 -0.100000 0.723175
v -0.455568 -0.380000 0.681805
v -0.455568 -0.100000 0.681805
v -0.520203 -0.380000 0.633869
v -0.520203 -0.100000 0.633869
v -0.579828 -0.380000 0.579828
v -0.579828 -0.100000 0.579828
v -0.633869 -0.380000 0.520203
v -0.633869 -0.100000 0.520203
v -0.681805 -0.380000 0.455568
v -0.681805 -0.100000 0.455568
v -0.723175 -0.380000 0.386545
v -0.723175 -0.100000 0.386545
v -0.757581 -0.380000 0.313800
v -0.757581 -0.100000 0.313800
v -0.784691 -0.380000 0.238033
v -0.784691 -0.100000 0.238033
v -0.804244 -0.380000 0.159974
v -0.804244 -0.100000 0.159974
v -0.816051 -0.380000 0.080374
v -0.816051 -0.100000 0.080374
v -0.820000 -0.380000 0.000000
v -0.820000 -0.100000 0.000000
v -0.816051 -0.380000 -0.080374
v -0.816051 -0.100000 -0.080374
v -0.804244 -0.380000 -0.159974
v -0.804244 -0.100000 -0.159974
v -0.784691 -0.380000 -0.238033
v -0.784691 -0.100000 -0.238033
v -0.757581 -0.380000 -0.313800
v -0.757581 -0.100000 -0.313800
v -0.723175 -0.380000 -0.386545
v -0.723175 -0.100000 -0.386545
v -0.681805 -0.380000 -0.455568
v -0.681805 -0.100000 -0.455568
v -0.633869 -0.380000 -0.520203
v -0.633869 -0.100000 -0.520203
v -0.579828 -0.380000 -0.579828
v -0.579828 -0.100000 -0.579828
v -0.520203 -0.380000 -0.633869
v -0.520203 -0.100000 -0.633869
v -0.455568 -0.380000 -0.681805
v -0.455568 -0.100000 -0.681805
v -0.386545 -0.380000 -0.723175
v -0.386545 -0.100000 -0.723175
v -0.313800 -0.380000 -0.757581
v -0.313800 -0.100000 -0.757581
v -0.238033 -0.380000 -0.784691
v -0.238033 -0.100000 -0.784691
v -0.159974 -0.380000 -0.804244
v -0.159974 -0.100000 -0.804244
v -0.080374 -0.380000 -0.816051
v -0.080374 -0.100000 -0.816051
vn 0.0491 -0.0000 -0.9988
vn 0.1467 -0.0000 -0.9892
vn 0.2430 -0.0000 -0.9700
vn 0.3369 -0.0000 -0.9415
vn 0.4276 -0.0000 -0.9040
vn 0.5141 -0.0000 -0.8577
vn 0.5957 -0.0000 -0.8032
vn 0.6716 -0.0000 -0.7410
vn 0.7410 -0.0000 -0.6716
vn 0.8032 -0.0000 -0.5957
vn 0.8577 -0.0000 -0.5141
vn 0.9040 -0.0000 -0.4276
vn 0.9415 -0.0000 -0.3369
vn 0.9700 -0.0000 -0.2430
vn 0.9892 -0.0000 -0.1467
vn 0.9988 -0.0000 -0.0491
vn 0.9988 -0.0000 0.0491
vn 0.9892 -0.0000 0.1467
vn 0.9700 -0.0000 0.2430
vn 0.9415 -0.0000 0.3369
vn 0.9040 -0.0000 0.4276
vn 0.8577 -0.0000 0.5141
vn 0.8032 -0.0000 0.5957
vn 0.7410 -0.0000 0.6716
vn 0.6716 -0.0000 0.7410
vn 0.5957 -0.0000 0.8032
vn 0.5141 -0.0000 0.8577
vn 0.4276 -0.0000 0.9040
vn 0.3369 -0.0000 0.9415
vn 0.2430 -0.0000 0.9700
vn 0.1467 -0.0000 0.9892
vn 0.0491 -0.0000 0.9988
vn -0.0491 -0.0000 0.9988
vn -0.1467 -0.0000 0.9892
vn -0.2430 -0.0000 0.9700
vn -0.3369 -0.0000 0.9415
vn -0.4276 -0.0000 0.9040
vn -0.5141 -0.0000 0.8577
vn -0.5957 -0.0000 0.8032
vn -0.6716 -0.0000 0.7410
vn -0.7410 -0.0000 0.6716
vn -0.8032 -0.0000 0.5957
vn -0.8577 -0.0000 0.5141
vn -0.9040 -0.0000 0.4276
vn -0.9415 -0.0000 0.3369
vn -0.9700 -0.0000 0.2430
vn -0.9892 -0.0000 0.1467
vn -0.9988 -0.0000 0.0491
vn -0.9988 -0.0000 -0.0491
vn -0.9892 -0.0000 -0.1467
vn -0.9700 -0.0000 -0.2430
vn -0.9415 -0.0000 -0.3369
vn -0.9040 -0.0000 -0.4276
vn -0.8577 -0.0000 -0.5141
vn -0.8032 -0.0000 -0.5957
vn -0.7410 -0.0000 -0.6716
vn -0.6716 -0.0000 -0.7410
vn -0.5957 -0.0000 -0.8032
vn -0.5141 -0.0000 -0.8577
vn -0.4276 -0.0000 -0.9040
vn -0.3369 -0.0000 -0.9415
vn -0.2430 -0.0000 -0.9700
vn -0.0000 1.0000 -0.0000
vn -0.1467 -0.0000 -0.9892
vn -0.0491 -0.0000 -0.9988
vn -0.0000 -1.0000 -0.0000
vt 1.000000 0.500000
vt 1.000000 1.000000
vt 0.984375 1.000000
vt 0.984375 0.500000
vt 0.968750 1.000000
vt 0.968750 0.500000
vt 0.953125 1.000000
vt 0.953125 0.500000
vt 0.937500 1.000000
vt 0.937500 0.500000
vt 0.921875 1.000000
vt 0.921875 0.500000
vt 0.906250 1.000000
vt 0.906250 0.500000
vt 0.890625 1.000000
vt 0.890625 0.500000
vt 0.875000 1.000000
vt 0.875000 0.500000
vt 0.859375 1.000000
vt 0.859375 0.500000
vt 0.843750 1.000000
vt 0.843750 0.500000
vt 0.828125 1.000000
vt 0.828125 0.500000
vt 0.812500 1.000000
vt 0.812500 0.500000
vt 0.796875 1.000000
vt 0.796875 0.500000
vt 0.781250 1.000000
vt 0.781250 0.500000
vt 0.765625 1.000000
vt 0.765625 0.500000
vt 0.750000 1.000000
vt 0.750000 0.500000
vt 0.734375 1.000000
vt 0.734375 0.500000
vt 0.718750 1.000000
vt 0.718750 0.500000
vt 0.703125 1.000000
vt 0.703125 0.500000
vt 0.687500 1.000000
vt 0.687500 0.500000
vt 0.671875 1.000000
vt 0.671875 0.500000
vt 0.656250 1.000000
vt 0.656250 0.500000
vt 0.640625 1.000000
vt 0.640625 0.500000
vt 0.625000 1.000000
vt 0.625000 0.500000
vt 0.609375 1.000000
vt 0.609375 0.500000
vt 0.593750 1.000000
vt 0.593750 0.500000
vt 0.578125 1.000000
vt 0.578125 0.500000
vt 0.562500 1.000000
vt 0.562500 0.500000
vt 0.546875 1.000000
vt 0.546875 0.500000
vt 0.531250 1.000000
vt 0.531250 0.500000
vt 0.515625 1.000000
vt 0.515625 0.500000
vt 0.500000 1.000000
vt 0.500000 0.500000
vt 0.484375 1.000000
vt 0.484375 0.500000
vt 0.468750 1.000000
vt 0.468750 0.500000
vt 0.453125 1.000000
vt 0.453125 0.500000
vt 0.437500 1.000000
vt 0.437500 0.500000
vt 0.421875 1.000000
vt 0.421875 0.500000
vt 0.406250 1.000000
vt 0.406250 0.500000
vt 0.390625 1.000000
vt 0.390625 0.500000
vt 0.375000 1.000000
vt 0.375000 0.500000
vt 0.359375 1.000000
vt 0.359375 0.500000
vt 0.343750 1.000000
vt 0.343750 0.500000
vt 0.328125 1.000000
vt 0.328125 0.500000
vt 0.312500 1.000000
vt 0.312500 0.500000
vt 0.296875 1.000000
vt 0.296875 0.500000
vt 0.281250 1.000000
vt 0.281250 0.500000
vt 0.265625 1.000000
vt 0.265625 0.500000
vt 0.250000 1.000000
vt 0.250000 0.500000
vt 0.234375 1.000000
vt 0.234375 0.500000
vt 0.218750 1.000000
vt 0.218750 0.500000
vt 0.203125 1.000000
vt 0.203125 0.500000
vt 0.187500 1.000000
vt 0.187500 0.500000
vt 0.171875 1.000000
vt 0.171875 0.500000
vt 0.156250 1.000000
vt 0.156250 0.500000
vt 0.140625 1.000000
vt 0.140625 0.500000
vt 0.125000 1.000000
vt 0.125000 0.500000
vt 0.109375 1.000000
vt 0.109375 0.500000
vt 0.093750 1.000000
vt 0.093750 0.500000
vt 0.078125 1.000000
vt 0.078125 0.500000
vt 0.062500 1.000000
vt 0.062500 0.500000
vt 0.046875 1.000000
vt 0.046875 0.500000
vt 0.031250 1.000000
vt 0.031250 0.500000
vt 0.273524 0.488844
vt 0.250000 0.490000
vt 0.226476 0.488844
vt 0.203178 0.485388
vt 0.180332 0.479666
vt 0.158156 0.471731
vt 0.136865 0.461661
vt 0.116663 0.449553
vt 0.097746 0.435522
vt 0.080294 0.419706
vt 0.064478 0.402254
vt 0.050447 0.383337
vt 0.038339 0.363135
vt 0.028269 0.341844
vt 0.020334 0.319668
vt 0.014612 0.296822
vt 0.011156 0.273524
vt 0.010000 0.250000
vt 0.011156 0.226476
vt 0.014612 0.203178
vt 0.020334 0.180332
vt 0.028269 0.158156
vt 0.038339 0.136865
vt 0.050447 0.116663
vt 0.064478 0.097746
vt 0.080294 0.080294
vt 0.097746 0.064478
vt 0.116663 0.050447
vt 0.136865 0.038339
vt 0.158156 0.028269
vt 0.180332 0.020334
vt 0.203178 0.014612
vt 0.226476 0.011156
vt 0.250000 0.010000
vt 0.273524 0.011156
vt 0.296822 0.014612
vt 0.319668 0.020334
vt 0.341844 0.028269
vt 0.363135 0.038339
vt 0.383337 0.050447
vt 0.402254 0.064478
vt 0.419706 0.080294
vt 0.435522 0.097746
vt 0.449553 0.116663
vt 0.461661 0.136865
vt 0.471731 0.158156
vt 0.479666 0.180332
vt 0.485388 0.203178
vt 0.488844 0.226476
vt 0.490000 0.250000
vt 0.488844 0.273524
vt 0.485388 0.296822
vt 0.479666 0.319668
vt 0.471731 0.341844
vt 0.461661 0.363135
vt 0.449553 0.383337
vt 0.435522 0.402254
vt 0.419706 0.419706
vt 0.402254 0.435522
vt 0.383337 0.449553
vt 0.363135 0.461661
vt 0.341844 0.471731
vt 0.319668 0.479666
vt 0.296822 0.485388
vt 0.015625 1.000000
vt 0.015625 0.500000
vt 0.000000 1.000000
vt 0.000000 0.500000
vt 0.750000 0.490000
vt 0.773524 0.488844
vt 0.796822 0.485388
vt 0.819668 0.479666
vt 0.841844 0.471731
vt 0.863135 0.461661
vt 0.883337 0.449553
vt 0.902254 0.435522
vt 0.919706 0.419706
vt 0.935522 0.402254
vt 0.949553 0.383337
vt 0.961661 0.363135
vt 0.971731 0.341844
vt 0.979666 0.319668
vt 0.985388 0.296822
vt 0.988844 0.273524
vt 0.990000 0.250000
vt 0.988844 0.226476
vt 0.985388 0.203178
vt 0.979666 0.180332
vt 0.971731 0.158156
vt 0.961661 0.136865
vt 0.949553 0.116663
vt 0.935522 0.097746
vt 0.919706 0.080294
vt 0.902254 0.064478
vt 0.883337 0.050447
vt 0.863135 0.038339
vt 0.841844 0.028269
vt 0.819668 0.020334
vt 0.796822 0.014612
vt 0.773524 0.011156
vt 0.750000 0.010000
vt 0.726476 0.011156
vt 0.703178 0.014612
vt 0.680332 0.020334
vt 0.658156 0.028269
vt 0.636865 0.038339
vt 0.616663 0.050447
vt 0.597746 0.064478
vt 0.580294 0.080294
vt 0.564478 0.097746
vt 0.550447 0.116663
vt 0.538339 0.136865
vt 0.528269 0.158156
vt 0.520334 0.180332
vt 0.514612 0.203178
vt 0.511156 0.226476
vt 0.510000 0.250000
vt 0.511156 0.273524
vt 0.514612 0.296822
vt 0.520334 0.319668
vt 0.528269 0.341844
vt 0.538339 0.363135
vt 0.550447 0.383337
vt 0.564478 0.402254
vt 0.580294 0.419706
vt 0.597746 0.435522
vt 0.616663 0.449553
vt 0.636865 0.461661
vt 0.658156 0.471731
vt 0.680332 0.479666
vt 0.703178 0.485388
vt 0.726476 0.488844
s 0
usemtl black_enamel.002
f 173/259/179 174/260/179 176/261/179 175/262/179
f 175/262/180 176/261/180 178/263/180 177/264/180
f 177/264/181 178/263/181 180/265/181 179/266/181
f 179/266/182 180/265/182 182/267/182 181/268/182
f 181/268/183 182/267/183 184/269/183 183/270/183
f 183/270/184 184/269/184 186/271/184 185/272/184
f 185/272/185 186/271/185 188/273/185 187/274/185
f 187/274/186 188/273/186 190/275/186 189/276/186
f 189/276/187 190/275/187 192/277/187 191/278/187
f 191/278/188 192/277/188 194/279/188 193/280/188
f 193/280/189 194/279/189 196/281/189 195/282/189
f 195/282/190 196/281/190 198/283/190 197/284/190
f 197/284/191 198/283/191 200/285/191 199/286/191
f 199/286/192 200/285/192 202/287/192 201/288/192
f 201/288/193 202/287/193 204/289/193 203/290/193
f 203/290/194 204/289/194 206/291/194 205/292/194
f 205/292/195 206/291/195 208/293/195 207/294/195
f 207/294/196 208/293/196 210/295/196 209/296/196
f 209/296/197 210/295/197 212/297/197 211/298/197
f 211/298/198 212/297/198 214/299/198 213/300/198
f 213/300/199 214/299/199 216/301/199 215/302/199
f 215/302/200 216/301/200 218/303/200 217/304/200
f 217/304/201 218/303/201 220/305/201 219/306/201
f 219/306/202 220/305/202 222/307/202 221/308/202
f 221/308/203 222/307/203 224/309/203 223/310/203
f 223/310/204 224/309/204 226/311/204 225/312/204
f 225/312/205 226/311/205 228/313/205 227/314/205
f 227/314/206 228/313/206 230/315/206 229/316/206
f 229/316/207 230/315/207 232/317/207 231/318/207
f 231/318/208 232/317/208 234/319/208 233/320/208
f 233/320/209 234/319/209 236/321/209 235/322/209
f 235/322/210 236/321/210 238/323/210 237/324/210
f 237/324/211 238/323/211 240/325/211 239/326/211
f 239/326/212 240/325/212 242/327/212 241/328/212
f 241/328/213 242/327/213 244/329/213 243/330/213
f 243/330/214 244/329/214 246/331/214 245/332/214
f 245/332/215 246/331/215 248/333/215 247/334/215
f 247/334/216 248/333/216 250/335/216 249/336/216
f 249/336/217 250/335/217 252/337/217 251/338/217
f 251/338/218 252/337/218 254/339/218 253/340/218
f 253/340/219 254/339/219 256/341/219 255/342/219
f 255/342/220 256/341/220 258/343/220 257/344/220
f 257/344/221 258/343/221 260/345/221 259/346/221
f 259/346/222 260/345/222 262/347/222 261/348/222
f 261/348/223 262/347/223 264/349/223 263/350/223
f 263/350/224 264/349/224 266/351/224 265/352/224
f 265/352/225 266/351/225 268/353/225 267/354/225
f 267/354/226 268/353/226 270/355/226 269/356/226
f 269/356/227 270/355/227 272/357/227 271/358/227
f 271/358/228 272/357/228 274/359/228 273/360/228
f 273/360/229 274/359/229 276/361/229 275/362/229
f 275/362/230 276/361/230 278/363/230 277/364/230
f 277/364/231 278/363/231 280/365/231 279/366/231
f 279/366/232 280/365/232 282/367/232 281/368/232
f 281/368/233 282/367/233 284/369/233 283/370/233
f 283/370/234 284/369/234 286/371/234 285/372/234
f 285/372/235 286/371/235 288/373/235 287/374/235
f 287/374/236 288/373/236 290/375/236 289/376/236
f 289/376/237 290/375/237 292/377/237 291/378/237
f 291/378/238 292/377/238 294/379/238 293/380/238
f 293/380/239 294/379/239 296/381/239 295/382/239
f 295/382/240 296/381/240 298/383/240 297/384/240
f 176/385/241 174/386/241 300/387/241 298/388/241 296/389/241 294/390/241 292/391/241 290/392/241 288/393/241 286/394/241 284/395/241 282/396/241 280/397/241 278/398/241 276/399/241 274/400/241 272/401/241 270/402/241 268/403/241 266/404/241 264/405/241 262/406/241 260/407/241 258/408/241 256/409/241 254/410/241 252/411/241 250/412/241 248/413/241 246/414/241 244/415/241 242/416/241 240/417/241 238/418/241 236/419/241 234/420/241 232/421/241 230/422/241 228/423/241 226/424/241 224/425/241 222/426/241 220/427/241 218/428/241 216/429/241 214/430/241 212/431/241 210/432/241 208/433/241 206/434/241 204/435/241 202/436/241 200/437/241 198/438/241 196/439/241 194/440/241 192/441/241 190/442/241 188/443/241 186/444/241 184/445/241 182/446/241 180/447/241 178/448/241
f 297/384/242 298/383/242 300/449/242 299/450/242
f 299/450/243 300/449/243 174/451/243 173/452/243
f 173/453/244 175/454/244 177/455/244 179/456/244 181/457/244 183/458/244 185/459/244 187/460/244 189/461/244 191/462/244 193/463/244 195/464/244 197/465/244 199/466/244 201/467/244 203/468/244 205/469/244 207/470/244 209/471/244 211/472/244 213/473/244 215/474/244 217/475/244 219/476/244 221/477/244 223/478/244 225/479/244 227/480/244 229/481/244 231/482/244 233/483/244 235/484/244 237/485/244 239/486/244 241/487/244 243/488/244 245/489/244 247/490/244 249/491/244 251/492/244 253/493/244 255/494/244 257/495/244 259/496/244 261/497/244 263/498/244 265/499/244 267/500/244 269/501/244 271/502/244 273/503/244 275/504/244 277/505/244 279/506/244 281/507/244 283/508/244 285/509/244 287/510/244 289/511/244 291/512/244 293/513/244 295/514/244 297/515/244 299/516/244
o amethyst_gold_base_ring
v 0.655000 0.100000 0.000000
v 0.644749 0.124749 0.000000
v 0.620000 0.135000 0.000000
v 0.595251 0.124749 0.000000
v 0.585000 0.100000 0.000000
v 0.595251 0.075251 0.000000
v 0.620000 0.065000 0.000000
v 0.644749 0.075251 0.000000
v 0.651846 0.100000 -0.064201
v 0.641644 0.124749 -0.063196
v 0.617015 0.135000 -0.060771
v 0.592385 0.124749 -0.058345
v 0.582183 0.100000 -0.057340
v 0.592385 0.075251 -0.058345
v 0.617015 0.065000 -0.060771
v 0.641644 0.075251 -0.063196
v 0.642414 0.100000 -0.127784
v 0.632360 0.124749 -0.125784
v 0.608087 0.135000 -0.120956
v 0.583814 0.124749 -0.116128
v 0.573759 0.100000 -0.114128
v 0.583814 0.075251 -0.116128
v 0.608087 0.065000 -0.120956
v 0.632360 0.075251 -0.125784
v 0.626796 0.100000 -0.190137
v 0.616986 0.124749 -0.187161
v 0.593303 0.135000 -0.179977
v 0.569620 0.124749 -0.172792
v 0.559810 0.100000 -0.169817
v 0.569620 0.075251 -0.172792
v 0.593303 0.065000 -0.179977
v 0.616986 0.075251 -0.187161
v 0.605141 0.100000 -0.250658
v 0.595670 0.124749 -0.246735
v 0.572805 0.135000 -0.237264
v 0.549940 0.124749 -0.227793
v 0.540470 0.100000 -0.223870
v 0.549940 0.075251 -0.227793
v 0.572805 0.065000 -0.237264
v 0.595670 0.075251 -0.246735
v 0.577658 0.100000 -0.308765
v 0.568618 0.124749 -0.303932
v 0.546791 0.135000 -0.292266
v 0.524965 0.124749 -0.280599
v 0.515924 0.100000 -0.275767
v 0.524965 0.075251 -0.280599
v 0.546791 0.065000 -0.292266
v 0.568618 0.075251 -0.303932
v 0.544613 0.100000 -0.363899
v 0.536089 0.124749 -0.358203
v 0.515511 0.135000 -0.344454
v 0.494933 0.124749 -0.330704
v 0.486410 0.100000 -0.325009
v 0.494933 0.075251 -0.330704
v 0.515511 0.065000 -0.344454
v 0.536089 0.075251 -0.358203
v 0.506322 0.100000 -0.415528
v 0.498397 0.124749 -0.409024
v 0.479266 0.135000 -0.393324
v 0.460135 0.124749 -0.377623
v 0.452211 0.100000 -0.371120
v 0.460135 0.075251 -0.377623
v 0.479266 0.065000 -0.393324
v 0.498397 0.075251 -0.409024
v 0.463155 0.100000 -0.463155
v 0.455906 0.124749 -0.455906
v 0.438406 0.135000 -0.438406
v 0.420906 0.124749 -0.420906
v 0.413657 0.100000 -0.413657
v 0.420906 0.075251 -0.420906
v 0.438406 0.065000 -0.438406
v 0.455906 0.075251 -0.455906
v 0.415528 0.100000 -0.506322
v 0.409024 0.124749 -0.498397
v 0.393324 0.135000 -0.479266
v 0.377623 0.124749 -0.460135
v 0.371120 0.100000 -0.452211
v 0.377623 0.075251 -0.460135
v 0.393324 0.065000 -0.479266
v 0.409024 0.075251 -0.498397
v 0.363898 0.100000 -0.544613
v 0.358203 0.124749 -0.536089
v 0.344453 0.135000 -0.515511
v 0.330704 0.124749 -0.494933
v 0.325009 0.100000 -0.486410
v 0.330704 0.075251 -0.494933
v 0.344453 0.065000 -0.515511
v 0.358203 0.075251 -0.536089
v 0.308765 0.100000 -0.577658
v 0.303932 0.124749 -0.568618
v 0.292266 0.135000 -0.546791
v 0.280600 0.124749 -0.524965
v 0.275767 0.100000 -0.515924
v 0.280600 0.075251 -0.524965
v 0.292266 0.065000 -0.546791
v 0.303932 0.075251 -0.568618
v 0.250658 0.100000 -0.605141
v 0.246735 0.124749 -0.595670
v 0.237264 0.135000 -0.572805
v 0.227793 0.124749 -0.549940
v 0.223870 0.100000 -0.540469
v 0.227793 0.075251 -0.549940
v 0.237264 0.065000 -0.572805
v 0.246735 0.075251 -0.595670
v 0.190136 0.100000 -0.626796
v 0.187161 0.124749 -0.616986
v 0.179976 0.135000 -0.593303
v 0.172792 0.124749 -0.569620
v 0.169817 0.100000 -0.559810
v 0.172792 0.075251 -0.569620
v 0.179976 0.065000 -0.593303
v 0.187161 0.075251 -0.616986
v 0.127784 0.100000 -0.642414
v 0.125784 0.124749 -0.632360
v 0.120956 0.135000 -0.608087
v 0.116128 0.124749 -0.583814
v 0.114128 0.100000 -0.573759
v 0.116128 0.075251 -0.583814
v 0.120956 0.065000 -0.608087
v 0.125784 0.075251 -0.632360
v 0.064201 0.100000 -0.651846
v 0.063196 0.124749 -0.641644
v 0.060771 0.135000 -0.617015
v 0.058345 0.124749 -0.592385
v 0.057340 0.100000 -0.582183
v 0.058345 0.075251 -0.592385
v 0.060771 0.065000 -0.617015
v 0.063196 0.075251 -0.641644
v 0.000000 0.100000 -0.655000
v 0.000000 0.124749 -0.644749
v 0.000000 0.135000 -0.620000
v 0.000000 0.124749 -0.595251
v 0.000000 0.100000 -0.585000
v 0.000000 0.075251 -0.595251
v 0.000000 0.065000 -0.620000
v 0.000000 0.075251 -0.644749
v -0.064201 0.100000 -0.651846
v -0.063197 0.124749 -0.641644
v -0.060771 0.135000 -0.617015
v -0.058345 0.124749 -0.592385
v -0.057340 0.100000 -0.582183
v -0.058345 0.075251 -0.592385
v -0.060771 0.065000 -0.617015
v -0.063197 0.075251 -0.641644
v -0.127784 0.100000 -0.642414
v -0.125784 0.124749 -0.632360
v -0.120956 0.135000 -0.608087
v -0.116128 0.124749 -0.583814
v -0.114128 0.100000 -0.573759
v -0.116128 0.075251 -0.583814
v -0.120956 0.065000 -0.608087
v -0.125784 0.075251 -0.632360
v -0.190136 0.100000 -0.626796
v -0.187161 0.124749 -0.616986
v -0.179976 0.135000 -0.593303
v -0.172792 0.124749 -0.569620
v -0.169816 0.100000 -0.559810
v -0.172792 0.075251 -0.569620
v -0.179976 0.065000 -0.593303
v -0.187161 0.075251 -0.616986
v -0.250658 0.100000 -0.605141
v -0.246735 0.124749 -0.595670
v -0.237264 0.135000 -0.572805
v -0.227793 0.124749 -0.549940
v -0.223870 0.100000 -0.540469
v -0.227793 0.075251 -0.549940
v -0.237264 0.065000 -0.572805
v -0.246735 0.075251 -0.595670
v -0.308765 0.100000 -0.577658
v -0.303932 0.124749 -0.568618
v -0.292266 0.135000 -0.546791
v -0.280599 0.124749 -0.524965
v -0.275767 0.100000 -0.515924
v -0.280599 0.075251 -0.524965
v -0.292266 0.065000 -0.546791
v -0.303932 0.075251 -0.568618
v -0.363898 0.100000 -0.544613
v -0.358203 0.124749 -0.536089
v -0.344453 0.135000 -0.515511
v -0.330704 0.124749 -0.494933
v -0.325008 0.100000 -0.486410
v -0.330704 0.075251 -0.494933
v -0.344453 0.065000 -0.515511
v -0.358203 0.075251 -0.536089
v -0.415528 0.100000 -0.506322
v -0.409024 0.124749 -0.498398
v -0.393324 0.135000 -0.479266
v -0.377623 0.124749 -0.460135
v -0.371120 0.100000 -0.452211
v -0.377623 0.075251 -0.460135
v -0.393324 0.065000 -0.479266
v -0.409024 0.075251 -0.498398
v -0.463155 0.100000 -0.463155
v -0.455906 0.124749 -0.455906
v -0.438406 0.135000 -0.438406
v -0.420906 0.124749 -0.420906
v -0.413658 0.100000 -0.413657
v -0.420906 0.075251 -0.420906
v -0.438406 0.065000 -0.438406
v -0.455906 0.075251 -0.455906
v -0.506322 0.100000 -0.415528
v -0.498398 0.124749 -0.409024
v -0.479266 0.135000 -0.393324
v -0.460135 0.124749 -0.377623
v -0.452211 0.100000 -0.371120
v -0.460135 0.075251 -0.377623
v -0.479266 0.065000 -0.393324
v -0.498398 0.075251 -0.409024
v -0.544613 0.100000 -0.363899
v -0.536089 0.124749 -0.358203
v -0.515511 0.135000 -0.344454
v -0.494933 0.124749 -0.330704
v -0.486410 0.100000 -0.325009
v -0.494933 0.075251 -0.330704
v -0.515511 0.065000 -0.344454
v -0.536089 0.075251 -0.358203
v -0.577659 0.100000 -0.308765
v -0.568618 0.124749 -0.303932
v -0.546791 0.135000 -0.292266
v -0.524965 0.124749 -0.280599
v -0.515924 0.100000 -0.275767
v -0.524965 0.075251 -0.280599
v -0.546791 0.065000 -0.292266
v -0.568618 0.075251 -0.303932
v -0.605141 0.100000 -0.250658
v -0.595670 0.124749 -0.246735
v -0.572805 0.135000 -0.237264
v -0.549940 0.124749 -0.227793
v -0.540469 0.100000 -0.223870
v -0.549940 0.075251 -0.227793
v -0.572805 0.065000 -0.237264
v -0.595670 0.075251 -0.246735
v -0.626796 0.100000 -0.190137
v -0.616986 0.124749 -0.187161
v -0.593303 0.135000 -0.179977
v -0.569620 0.124749 -0.172792
v -0.559810 0.100000 -0.169817
v -0.569620 0.075251 -0.172792
v -0.593303 0.065000 -0.179977
v -0.616986 0.075251 -0.187161
v -0.642414 0.100000 -0.127784
v -0.632360 0.124749 -0.125784
v -0.608087 0.135000 -0.120956
v -0.583814 0.124749 -0.116128
v -0.573759 0.100000 -0.114128
v -0.583814 0.075251 -0.116128
v -0.608087 0.065000 -0.120956
v -0.632360 0.075251 -0.125784
v -0.651846 0.100000 -0.064201
v -0.641644 0.124749 -0.063196
v -0.617015 0.135000 -0.060770
v -0.592385 0.124749 -0.058345
v -0.582183 0.100000 -0.057340
v -0.592385 0.075251 -0.058345
v -0.617015 0.065000 -0.060770
v -0.641644 0.075251 -0.063196
v -0.655000 0.100000 -0.000000
v -0.644749 0.124749 -0.000000
v -0.620000 0.135000 -0.000000
v -0.595251 0.124749 -0.000000
v -0.585000 0.100000 -0.000000
v -0.595251 0.075251 -0.000000
v -0.620000 0.065000 -0.000000
v -0.644749 0.075251 -0.000000
v -0.651846 0.100000 0.064201
v -0.641644 0.124749 0.063196
v -0.617015 0.135000 0.060770
v -0.592385 0.124749 0.058345
v -0.582183 0.100000 0.057340
v -0.592385 0.075251 0.058345
v -0.617015 0.065000 0.060770
v -0.641644 0.075251 0.063196
v -0.642414 0.100000 0.127784
v -0.632360 0.124749 0.125784
v -0.608087 0.135000 0.120956
v -0.583814 0.124749 0.116128
v -0.573759 0.100000 0.114128
v -0.583814 0.075251 0.116128
v -0.608087 0.065000 0.120956
v -0.632360 0.075251 0.125784
v -0.626796 0.100000 0.190136
v -0.616986 0.124749 0.187161
v -0.593303 0.135000 0.179976
v -0.569620 0.124749 0.172792
v -0.559810 0.100000 0.169816
v -0.569620 0.075251 0.172792
v -0.593303 0.065000 0.179976
v -0.616986 0.075251 0.187161
v -0.605141 0.100000 0.250657
v -0.595670 0.124749 0.246734
v -0.572805 0.135000 0.237264
v -0.549941 0.124749 0.227793
v -0.540470 0.100000 0.223870
v -0.549941 0.075251 0.227793
v -0.572805 0.065000 0.237264
v -0.595670 0.075251 0.246734
v -0.577659 0.100000 0.308765
v -0.568618 0.124749 0.303932
v -0.546791 0.135000 0.292266
v -0.524965 0.124749 0.280599
v -0.515924 0.100000 0.275767
v -0.524965 0.075251 0.280599
v -0.546791 0.065000 0.292266
v -0.568618 0.075251 0.303932
v -0.544613 0.100000 0.363899
v -0.536089 0.124749 0.358203
v -0.515511 0.135000 0.344454
v -0.494933 0.124749 0.330704
v -0.486410 0.100000 0.325009
v -0.494933 0.075251 0.330704
v -0.515511 0.065000 0.344454
v -0.536089 0.075251 0.358203
v -0.506322 0.100000 0.415527
v -0.498398 0.124749 0.409024
v -0.479267 0.135000 0.393324
v -0.460136 0.124749 0.377623
v -0.452211 0.100000 0.371120
v -0.460136 0.075251 0.377623
v -0.479267 0.065000 0.393324
v -0.498398 0.075251 0.409024
v -0.463155 0.100000 0.463155
v -0.455906 0.124749 0.455906
v -0.438406 0.135000 0.438406
v -0.420906 0.124749 0.420906
v -0.413658 0.100000 0.413657
v -0.420906 0.075251 0.420906
v -0.438406 0.065000 0.438406
v -0.455906 0.075251 0.455906
v -0.415528 0.100000 0.506322
v -0.409024 0.124749 0.498398
v -0.393324 0.135000 0.479266
v -0.377623 0.124749 0.460135
v -0.371120 0.100000 0.452211
v -0.377623 0.075251 0.460135
v -0.393324 0.065000 0.479266
v -0.409024 0.075251 0.498398
v -0.363899 0.100000 0.544612
v -0.358204 0.124749 0.536089
v -0.344454 0.135000 0.515511
v -0.330704 0.124749 0.494933
v -0.325009 0.100000 0.486409
v -0.330704 0.075251 0.494933
v -0.344454 0.065000 0.515511
v -0.358204 0.075251 0.536089
v -0.308765 0.100000 0.577658
v -0.303933 0.124749 0.568618
v -0.292266 0.135000 0.546791
v -0.280600 0.124749 0.524965
v -0.275767 0.100000 0.515924
v -0.280600 0.075251 0.524965
v -0.292266 0.065000 0.546791
v -0.303933 0.075251 0.568618
v -0.250658 0.100000 0.605141
v -0.246735 0.124749 0.595670
v -0.237264 0.135000 0.572805
v -0.227793 0.124749 0.549940
v -0.223870 0.100000 0.540469
v -0.227793 0.075251 0.549940
v -0.237264 0.065000 0.572805
v -0.246735 0.075251 0.595670
v -0.190136 0.100000 0.626796
v -0.187161 0.124749 0.616986
v -0.179976 0.135000 0.593303
v -0.172792 0.124749 0.569620
v -0.169816 0.100000 0.559810
v -0.172792 0.075251 0.569620
v -0.179976 0.065000 0.593303
v -0.187161 0.075251 0.616986
v -0.127784 0.100000 0.642414
v -0.125785 0.124749 0.632360
v -0.120956 0.135000 0.608087
v -0.116128 0.124749 0.583814
v -0.114128 0.100000 0.573759
v -0.116128 0.075251 0.583814
v -0.120956 0.065000 0.608087
v -0.125785 0.075251 0.632360
v -0.064201 0.100000 0.651846
v -0.063197 0.124749 0.641644
v -0.060771 0.135000 0.617015
v -0.058345 0.124749 0.592385
v -0.057340 0.100000 0.582183
v -0.058345 0.075251 0.592385
v -0.060771 0.065000 0.617015
v -0.063197 0.075251 0.641644
v 0.000000 0.100000 0.655000
v 0.000000 0.124749 0.644749
v 0.000000 0.135000 0.620000
v 0.000000 0.124749 0.595251
v 0.000000 0.100000 0.585000
v 0.000000 0.075251 0.595251
v 0.000000 0.065000 0.620000
v 0.000000 0.075251 0.644749
v 0.064201 0.100000 0.651846
v 0.063196 0.124749 0.641644
v 0.060770 0.135000 0.617015
v 0.058344 0.124749 0.592385
v 0.057340 0.100000 0.582183
v 0.058344 0.075251 0.592385
v 0.060770 0.065000 0.617015
v 0.063196 0.075251 0.641644
v 0.127784 0.100000 0.642414
v 0.125784 0.124749 0.632360
v 0.120956 0.135000 0.608087
v 0.116128 0.124749 0.583814
v 0.114128 0.100000 0.573759
v 0.116128 0.075251 0.583814
v 0.120956 0.065000 0.608087
v 0.125784 0.075251 0.632360
v 0.190136 0.100000 0.626796
v 0.187161 0.124749 0.616986
v 0.179976 0.135000 0.593303
v 0.172792 0.124749 0.569620
v 0.169817 0.100000 0.559810
v 0.172792 0.075251 0.569620
v 0.179976 0.065000 0.593303
v 0.187161 0.075251 0.616986
v 0.250658 0.100000 0.605141
v 0.246735 0.124749 0.595670
v 0.237264 0.135000 0.572805
v 0.227793 0.124749 0.549940
v 0.223870 0.100000 0.540469
v 0.227793 0.075251 0.549940
v 0.237264 0.065000 0.572805
v 0.246735 0.075251 0.595670
v 0.308765 0.100000 0.577659
v 0.303932 0.124749 0.568618
v 0.292266 0.135000 0.546791
v 0.280599 0.124749 0.524965
v 0.275767 0.100000 0.515924
v 0.280599 0.075251 0.524965
v 0.292266 0.065000 0.546791
v 0.303932 0.075251 0.568618
v 0.363898 0.100000 0.544613
v 0.358203 0.124749 0.536089
v 0.344453 0.135000 0.515511
v 0.330704 0.124749 0.494933
v 0.325009 0.100000 0.486410
v 0.330704 0.075251 0.494933
v 0.344453 0.065000 0.515511
v 0.358203 0.075251 0.536089
v 0.415528 0.100000 0.506322
v 0.409024 0.124749 0.498397
v 0.393324 0.135000 0.479266
v 0.377623 0.124749 0.460135
v 0.371120 0.100000 0.452211
v 0.377623 0.075251 0.460135
v 0.393324 0.065000 0.479266
v 0.409024 0.075251 0.498397
v 0.463155 0.100000 0.463155
v 0.455906 0.124749 0.455906
v 0.438406 0.135000 0.438406
v 0.420906 0.124749 0.420906
v 0.413657 0.100000 0.413658
v 0.420906 0.075251 0.420906
v 0.438406 0.065000 0.438406
v 0.455906 0.075251 0.455906
v 0.506322 0.100000 0.415528
v 0.498397 0.124749 0.409024
v 0.479266 0.135000 0.393324
v 0.460135 0.124749 0.377624
v 0.452211 0.100000 0.371120
v 0.460135 0.075251 0.377624
v 0.479266 0.065000 0.393324
v 0.498397 0.075251 0.409024
v 0.544613 0.100000 0.363899
v 0.536089 0.124749 0.358203
v 0.515511 0.135000 0.344454
v 0.494933 0.124749 0.330704
v 0.486410 0.100000 0.325009
v 0.494933 0.075251 0.330704
v 0.515511 0.065000 0.344454
v 0.536089 0.075251 0.358203
v 0.577659 0.100000 0.308765
v 0.568618 0.124749 0.303932
v 0.546791 0.135000 0.292266
v 0.524965 0.124749 0.280599
v 0.515924 0.100000 0.275767
v 0.524965 0.075251 0.280599
v 0.546791 0.065000 0.292266
v 0.568618 0.075251 0.303932
v 0.605141 0.100000 0.250658
v 0.595670 0.124749 0.246735
v 0.572805 0.135000 0.237264
v 0.549940 0.124749 0.227793
v 0.540469 0.100000 0.223870
v 0.549940 0.075251 0.227793
v 0.572805 0.065000 0.237264
v 0.595670 0.075251 0.246735
v 0.626796 0.100000 0.190137
v 0.616986 0.124749 0.187161
v 0.593303 0.135000 0.179977
v 0.569620 0.124749 0.172792
v 0.559810 0.100000 0.169817
v 0.569620 0.075251 0.172792
v 0.593303 0.065000 0.179977
v 0.616986 0.075251 0.187161
v 0.642414 0.100000 0.127784
v 0.632360 0.124749 0.125784
v 0.608087 0.135000 0.120956
v 0.583814 0.124749 0.116128
v 0.573759 0.100000 0.114128
v 0.583814 0.075251 0.116128
v 0.608087 0.065000 0.120956
v 0.632360 0.075251 0.125784
v 0.651846 0.100000 0.064202
v 0.641644 0.124749 0.063197
v 0.617014 0.135000 0.060771
v 0.592385 0.124749 0.058345
v 0.582183 0.100000 0.057340
v 0.592385 0.075251 0.058345
v 0.617014 0.065000 0.060771
v 0.641644 0.075251 0.063197
vn 0.9229 0.3823 -0.0453
vn 0.3826 0.9237 -0.0188
vn -0.3826 0.9237 0.0188
vn -0.9229 0.3823 0.0453
vn -0.9229 -0.3823 0.0453
vn -0.3826 -0.9237 0.0188
vn 0.3826 -0.9237 -0.0188
vn 0.9229 -0.3823 -0.0453
vn 0.9140 0.3823 -0.1356
vn 0.3789 0.9237 -0.0562
vn -0.3789 0.9237 0.0562
vn -0.9140 0.3823 0.1356
vn -0.9140 -0.3823 0.1356
vn -0.3789 -0.9237 0.0562
vn 0.3789 -0.9237 -0.0562
vn 0.9140 -0.3823 -0.1356
vn 0.8963 0.3823 -0.2245
vn 0.3716 0.9237 -0.0931
vn -0.3716 0.9237 0.0931
vn -0.8964 0.3823 0.2245
vn -0.8964 -0.3823 0.2245
vn -0.3716 -0.9237 0.0931
vn 0.3716 -0.9237 -0.0931
vn 0.8963 -0.3823 -0.2245
vn 0.8700 0.3823 -0.3113
vn 0.3607 0.9237 -0.1291
vn -0.3607 0.9237 0.1291
vn -0.8700 0.3823 0.3113
vn -0.8700 -0.3823 0.3113
vn -0.3607 -0.9237 0.1291
vn 0.3607 -0.9237 -0.1291
vn 0.8700 -0.3823 -0.3113
vn 0.8353 0.3823 -0.3951
vn 0.3463 0.9237 -0.1638
vn -0.3463 0.9237 0.1638
vn -0.8353 0.3823 0.3951
vn -0.8353 -0.3823 0.3951
vn -0.3463 -0.9237 0.1638
vn 0.3463 -0.9237 -0.1638
vn 0.8353 -0.3823 -0.3951
vn 0.7926 0.3823 -0.4751
vn 0.3286 0.9237 -0.1969
vn -0.3286 0.9237 0.1969
vn -0.7926 0.3823 0.4751
vn -0.7926 -0.3823 0.4751
vn -0.3286 -0.9237 0.1969
vn 0.3286 -0.9237 -0.1969
vn 0.7926 -0.3823 -0.4751
vn 0.7422 0.3823 -0.5505
vn 0.3077 0.9237 -0.2282
vn -0.3077 0.9237 0.2282
vn -0.7422 0.3823 0.5505
vn -0.7422 -0.3823 0.5505
vn -0.3077 -0.9237 0.2282
vn 0.3077 -0.9237 -0.2282
vn 0.7422 -0.3823 -0.5505
vn 0.6847 0.3823 -0.6205
vn 0.2838 0.9237 -0.2573
vn -0.2838 0.9237 0.2573
vn -0.6847 0.3823 0.6205
vn -0.6847 -0.3823 0.6205
vn -0.2838 -0.9237 0.2573
vn 0.2838 -0.9237 -0.2573
vn 0.6847 -0.3823 -0.6205
vn 0.6205 0.3823 -0.6847
vn 0.2573 0.9237 -0.2838
vn -0.2573 0.9237 0.2838
vn -0.6205 0.3823 0.6847
vn -0.6205 -0.3823 0.6847
vn -0.2573 -0.9237 0.2838
vn 0.2573 -0.9237 -0.2838
vn 0.6205 -0.3823 -0.6847
vn 0.5505 0.3823 -0.7422
vn 0.2282 0.9237 -0.3077
vn -0.2282 0.9237 0.3077
vn -0.5505 0.3823 0.7422
vn -0.5505 -0.3823 0.7422
vn -0.2282 -0.9237 0.3077
vn 0.2282 -0.9237 -0.3077
vn 0.5505 -0.3823 -0.7422
vn 0.4751 0.3823 -0.7926
vn 0.1969 0.9237 -0.3286
vn -0.1969 0.9237 0.3286
vn -0.4751 0.3823 0.7926
vn -0.4751 -0.3823 0.7926
vn -0.1969 -0.9237 0.3286
vn 0.1969 -0.9237 -0.3286
vn 0.4751 -0.3823 -0.7926
vn 0.3951 0.3823 -0.8353
vn 0.1638 0.9237 -0.3463
vn -0.1638 0.9237 0.3463
vn -0.3951 0.3823 0.8353
vn -0.3951 -0.3823 0.8353
vn -0.1638 -0.9237 0.3463
vn 0.1638 -0.9237 -0.3463
vn 0.3951 -0.3823 -0.8353
vn 0.3113 0.3823 -0.8700
vn 0.1291 0.9237 -0.3607
vn -0.1291 0.9237 0.3607
vn -0.3113 0.3823 0.8700
vn -0.3113 -0.3823 0.8700
vn -0.1291 -0.9237 0.3607
vn 0.1291 -0.9237 -0.3607
vn 0.3113 -0.3823 -0.8700
vn 0.2245 0.3823 -0.8963
vn 0.0931 0.9237 -0.3716
vn -0.0931 0.9237 0.3716
vn -0.2245 0.3823 0.8963
vn -0.2245 -0.3823 0.8963
vn -0.0931 -0.9237 0.3716
vn 0.0931 -0.9237 -0.3716
vn 0.2245 -0.3823 -0.8963
vn 0.1356 0.3823 -0.9140
vn 0.0562 0.9237 -0.3789
vn -0.0562 0.9237 0.3789
vn -0.1356 0.3823 0.9140
vn -0.1356 -0.3823 0.9140
vn -0.0562 -0.9237 0.3789
vn 0.0562 -0.9237 -0.3789
vn 0.1356 -0.3823 -0.9140
vn 0.0453 0.3823 -0.9229
vn 0.0188 0.9237 -0.3826
vn -0.0188 0.9237 0.3826
vn -0.0453 0.3823 0.9229
vn -0.0453 -0.3823 0.9229
vn -0.0188 -0.9237 0.3826
vn 0.0188 -0.9237 -0.3826
vn 0.0453 -0.3823 -0.9229
vn -0.0453 0.3823 -0.9229
vn -0.0188 0.9237 -0.3826
vn 0.0188 0.9237 0.3826
vn 0.0453 0.3823 0.9229
vn 0.0453 -0.3823 0.9229
vn 0.0188 -0.9237 0.3826
vn -0.0188 -0.9237 -0.3826
vn -0.0453 -0.3823 -0.9229
vn -0.1356 0.3823 -0.9140
vn -0.0562 0.9237 -0.3789
vn 0.0562 0.9237 0.3789
vn 0.1356 0.3823 0.9140
vn 0.1356 -0.3823 0.9140
vn 0.0562 -0.9237 0.3789
vn -0.0562 -0.9237 -0.3789
vn -0.1356 -0.3823 -0.9140
vn -0.2245 0.3823 -0.8964
vn -0.0931 0.9237 -0.3716
vn 0.0931 0.9237 0.3716
vn 0.2245 0.3823 0.8963
vn 0.2245 -0.3823 0.8963
vn 0.0931 -0.9237 0.3716
vn -0.0931 -0.9237 -0.3716
vn -0.2245 -0.3823 -0.8964
vn -0.3113 0.3823 -0.8700
vn -0.1291 0.9237 -0.3607
vn 0.1291 0.9237 0.3607
vn 0.3113 0.3823 0.8700
vn 0.3113 -0.3823 0.8700
vn 0.1291 -0.9237 0.3607
vn -0.1291 -0.9237 -0.3607
vn -0.3113 -0.3823 -0.8700
vn -0.3951 0.3823 -0.8353
vn -0.1638 0.9237 -0.3463
vn 0.1638 0.9237 0.3463
vn 0.3951 0.3823 0.8353
vn 0.3951 -0.3823 0.8353
vn 0.1638 -0.9237 0.3463
vn -0.1638 -0.9237 -0.3463
vn -0.3951 -0.3823 -0.8353
vn -0.4751 0.3823 -0.7926
vn -0.1969 0.9237 -0.3286
vn 0.1969 0.9237 0.3286
vn 0.4751 0.3823 0.7926
vn 0.4751 -0.3823 0.7926
vn 0.1969 -0.9237 0.3286
vn -0.1969 -0.9237 -0.3286
vn -0.4751 -0.3823 -0.7926
vn -0.5505 0.3823 -0.7422
vn -0.2282 0.9237 -0.3077
vn 0.2282 0.9237 0.3077
vn 0.5505 0.3823 0.7422
vn 0.5505 -0.3823 0.7422
vn 0.2282 -0.9237 0.3077
vn -0.2282 -0.9237 -0.3077
vn -0.5505 -0.3823 -0.7422
vn -0.6205 0.3823 -0.6847
vn -0.2573 0.9237 -0.2838
vn 0.2573 0.9237 0.2838
vn 0.6205 0.3823 0.6847
vn 0.6205 -0.3823 0.6847
vn 0.2573 -0.9237 0.2838
vn -0.2573 -0.9237 -0.2838
vn -0.6205 -0.3823 -0.6847
vn -0.6847 0.3823 -0.6205
vn -0.2838 0.9237 -0.2573
vn 0.2838 0.9237 0.2573
vn 0.6847 0.3823 0.6205
vn 0.6847 -0.3823 0.6205
vn 0.2838 -0.9237 0.2573
vn -0.2838 -0.9237 -0.2573
vn -0.6847 -0.3823 -0.6205
vn -0.7422 0.3823 -0.5505
vn -0.3077 0.9237 -0.2282
vn 0.3077 0.9237 0.2282
vn 0.7422 0.3823 0.5505
vn 0.7422 -0.3823 0.5505
vn 0.3077 -0.9237 0.2282
vn -0.3077 -0.9237 -0.2282
vn -0.7422 -0.3823 -0.5505
vn -0.7926 0.3823 -0.4751
vn -0.3286 0.9237 -0.1969
vn 0.3286 0.9237 0.1969
vn 0.7926 0.3823 0.4751
vn 0.7926 -0.3823 0.4751
vn 0.3286 -0.9237 0.1969
vn -0.3286 -0.9237 -0.1969
vn -0.7926 -0.3823 -0.4751
vn -0.8353 0.3823 -0.3951
vn -0.3463 0.9237 -0.1638
vn 0.3463 0.9237 0.1638
vn 0.8353 0.3823 0.3951
vn 0.8353 -0.3823 0.3951
vn 0.3463 -0.9237 0.1638
vn -0.3463 -0.9237 -0.1638
vn -0.8353 -0.3823 -0.3951
vn -0.8700 0.3823 -0.3113
vn -0.3607 0.9237 -0.1291
vn 0.3607 0.9237 0.1291
vn 0.8700 0.3823 0.3113
vn 0.8700 -0.3823 0.3113
vn 0.3607 -0.9237 0.1291
vn -0.3607 -0.9237 -0.1291
vn -0.8700 -0.3823 -0.3113
vn -0.8963 0.3823 -0.2245
vn -0.3716 0.9237 -0.0931
vn 0.3716 0.9237 0.0931
vn 0.8963 0.3823 0.2245
vn 0.8964 -0.3823 0.2245
vn 0.3716 -0.9237 0.0931
vn -0.3716 -0.9237 -0.0931
vn -0.8963 -0.3823 -0.2245
vn -0.9140 0.3823 -0.1356
vn -0.3789 0.9237 -0.0562
vn 0.3789 0.9237 0.0562
vn 0.9140 0.3823 0.1356
vn 0.9140 -0.3823 0.1356
vn 0.3789 -0.9237 0.0562
vn -0.3789 -0.9237 -0.0562
vn -0.9140 -0.3823 -0.1356
vn -0.9229 0.3823 -0.0453
vn -0.3826 0.9237 -0.0188
vn 0.3826 0.9237 0.0188
vn 0.9229 0.3823 0.0453
vn 0.9229 -0.3823 0.0453
vn 0.3826 -0.9237 0.0188
vn -0.3826 -0.9237 -0.0188
vn -0.9229 -0.3823 -0.0453
vn -0.2245 0.3823 0.8964
vn -0.2245 -0.3823 0.8964
vn 0.2245 0.3823 0.8964
vn -0.2245 0.3823 -0.8963
vn -0.2245 -0.3823 -0.8963
vn 0.2245 -0.3823 0.8964
vn -0.8964 0.3823 -0.2245
vn -0.8964 -0.3823 -0.2245
vn 0.8963 -0.3823 0.2245
vt 0.500000 0.500000
vt 0.515625 0.500000
vt 0.515625 0.625000
vt 0.500000 0.625000
vt 0.515625 0.750000
vt 0.500000 0.750000
vt 0.515625 0.875000
vt 0.500000 0.875000
vt 0.515625 1.000000
vt 0.500000 1.000000
vt 0.500000 0.000000
vt 0.515625 0.000000
vt 0.515625 0.125000
vt 0.500000 0.125000
vt 0.515625 0.250000
vt 0.500000 0.250000
vt 0.515625 0.375000
vt 0.500000 0.375000
vt 0.531250 0.500000
vt 0.531250 0.625000
vt 0.531250 0.750000
vt 0.531250 0.875000
vt 0.531250 1.000000
vt 0.531250 0.000000
vt 0.531250 0.125000
vt 0.531250 0.250000
vt 0.531250 0.375000
vt 0.546875 0.500000
vt 0.546875 0.625000
vt 0.546875 0.750000
vt 0.546875 0.875000
vt 0.546875 1.000000
vt 0.546875 0.000000
vt 0.546875 0.125000
vt 0.546875 0.250000
vt 0.546875 0.375000
vt 0.562500 0.500000
vt 0.562500 0.625000
vt 0.562500 0.750000
vt 0.562500 0.875000
vt 0.562500 1.000000
vt 0.562500 0.000000
vt 0.562500 0.125000
vt 0.562500 0.250000
vt 0.562500 0.375000
vt 0.578125 0.500000
vt 0.578125 0.625000
vt 0.578125 0.750000
vt 0.578125 0.875000
vt 0.578125 1.000000
vt 0.578125 0.000000
vt 0.578125 0.125000
vt 0.578125 0.250000
vt 0.578125 0.375000
vt 0.593750 0.500000
vt 0.593750 0.625000
vt 0.593750 0.750000
vt 0.593750 0.875000
vt 0.593750 1.000000
vt 0.593750 0.000000
vt 0.593750 0.125000
vt 0.593750 0.250000
vt 0.593750 0.375000
vt 0.609375 0.500000
vt 0.609375 0.625000
vt 0.609375 0.750000
vt 0.609375 0.875000
vt 0.609375 1.000000
vt 0.609375 0.000000
vt 0.609375 0.125000
vt 0.609375 0.250000
vt 0.609375 0.375000
vt 0.625000 0.500000
vt 0.625000 0.625000
vt 0.625000 0.750000
vt 0.625000 0.875000
vt 0.625000 1.000000
vt 0.625000 0.000000
vt 0.625000 0.125000
vt 0.625000 0.250000
vt 0.625000 0.375000
vt 0.640625 0.500000
vt 0.640625 0.625000
vt 0.640625 0.750000
vt 0.640625 0.875000
vt 0.640625 1.000000
vt 0.640625 0.000000
vt 0.640625 0.125000
vt 0.640625 0.250000
vt 0.640625 0.375000
vt 0.656250 0.500000
vt 0.656250 0.625000
vt 0.656250 0.750000
vt 0.656250 0.875000
vt 0.656250 1.000000
vt 0.656250 0.000000
vt 0.656250 0.125000
vt 0.656250 0.250000
vt 0.656250 0.375000
vt 0.671875 0.500000
vt 0.671875 0.625000
vt 0.671875 0.750000
vt 0.671875 0.875000
vt 0.671875 1.000000
vt 0.671875 0.000000
vt 0.671875 0.125000
vt 0.671875 0.250000
vt 0.671875 0.375000
vt 0.687500 0.500000
vt 0.687500 0.625000
vt 0.687500 0.750000
vt 0.687500 0.875000
vt 0.687500 1.000000
vt 0.687500 0.000000
vt 0.687500 0.125000
vt 0.687500 0.250000
vt 0.687500 0.375000
vt 0.703125 0.500000
vt 0.703125 0.625000
vt 0.703125 0.750000
vt 0.703125 0.875000
vt 0.703125 1.000000
vt 0.703125 0.000000
vt 0.703125 0.125000
vt 0.703125 0.250000
vt 0.703125 0.375000
vt 0.718750 0.500000
vt 0.718750 0.625000
vt 0.718750 0.750000
vt 0.718750 0.875000
vt 0.718750 1.000000
vt 0.718750 0.000000
vt 0.718750 0.125000
vt 0.718750 0.250000
vt 0.718750 0.375000
vt 0.734375 0.500000
vt 0.734375 0.625000
vt 0.734375 0.750000
vt 0.734375 0.875000
vt 0.734375 1.000000
vt 0.734375 0.000000
vt 0.734375 0.125000
vt 0.734375 0.250000
vt 0.734375 0.375000
vt 0.750000 0.500000
vt 0.750000 0.625000
vt 0.750000 0.750000
vt 0.750000 0.875000
vt 0.750000 1.000000
vt 0.750000 0.000000
vt 0.750000 0.125000
vt 0.750000 0.250000
vt 0.750000 0.375000
vt 0.765625 0.500000
vt 0.765625 0.625000
vt 0.765625 0.750000
vt 0.765625 0.875000
vt 0.765625 1.000000
vt 0.765625 0.000000
vt 0.765625 0.125000
vt 0.765625 0.250000
vt 0.765625 0.375000
vt 0.781250 0.500000
vt 0.781250 0.625000
vt 0.781250 0.750000
vt 0.781250 0.875000
vt 0.781250 1.000000
vt 0.781250 0.000000
vt 0.781250 0.125000
vt 0.781250 0.250000
vt 0.781250 0.375000
vt 0.796875 0.500000
vt 0.796875 0.625000
vt 0.796875 0.750000
vt 0.796875 0.875000
vt 0.796875 1.000000
vt 0.796875 0.000000
vt 0.796875 0.125000
vt 0.796875 0.250000
vt 0.796875 0.375000
vt 0.812500 0.500000
vt 0.812500 0.625000
vt 0.812500 0.750000
vt 0.812500 0.875000
vt 0.812500 1.000000
vt 0.812500 0.000000
vt 0.812500 0.125000
vt 0.812500 0.250000
vt 0.812500 0.375000
vt 0.828125 0.500000
vt 0.828125 0.625000
vt 0.828125 0.750000
vt 0.828125 0.875000
vt 0.828125 1.000000
vt 0.828125 0.000000
vt 0.828125 0.125000
vt 0.828125 0.250000
vt 0.828125 0.375000
vt 0.843750 0.500000
vt 0.843750 0.625000
vt 0.843750 0.750000
vt 0.843750 0.875000
vt 0.843750 1.000000
vt 0.843750 0.000000
vt 0.843750 0.125000
vt 0.843750 0.250000
vt 0.843750 0.375000
vt 0.859375 0.500000
vt 0.859375 0.625000
vt 0.859375 0.750000
vt 0.859375 0.875000
vt 0.859375 1.000000
vt 0.859375 0.000000
vt 0.859375 0.125000
vt 0.859375 0.250000
vt 0.859375 0.375000
vt 0.875000 0.500000
vt 0.875000 0.625000
vt 0.875000 0.750000
vt 0.875000 0.875000
vt 0.875000 1.000000
vt 0.875000 0.000000
vt 0.875000 0.125000
vt 0.875000 0.250000
vt 0.875000 0.375000
vt 0.890625 0.500000
vt 0.890625 0.625000
vt 0.890625 0.750000
vt 0.890625 0.875000
vt 0.890625 1.000000
vt 0.890625 0.000000
vt 0.890625 0.125000
vt 0.890625 0.250000
vt 0.890625 0.375000
vt 0.906250 0.500000
vt 0.906250 0.625000
vt 0.906250 0.750000
vt 0.906250 0.875000
vt 0.906250 1.000000
vt 0.906250 0.000000
vt 0.906250 0.125000
vt 0.906250 0.250000
vt 0.906250 0.375000
vt 0.921875 0.500000
vt 0.921875 0.625000
vt 0.921875 0.750000
vt 0.921875 0.875000
vt 0.921875 1.000000
vt 0.921875 0.000000
vt 0.921875 0.125000
vt 0.921875 0.250000
vt 0.921875 0.375000
vt 0.937500 0.500000
vt 0.937500 0.625000
vt 0.937500 0.750000
vt 0.937500 0.875000
vt 0.937500 1.000000
vt 0.937500 0.000000
vt 0.937500 0.125000
vt 0.937500 0.250000
vt 0.937500 0.375000
vt 0.953125 0.500000
vt 0.953125 0.625000
vt 0.953125 0.750000
vt 0.953125 0.875000
vt 0.953125 1.000000
vt 0.953125 0.000000
vt 0.953125 0.125000
vt 0.953125 0.250000
vt 0.953125 0.375000
vt 0.968750 0.500000
vt 0.968750 0.625000
vt 0.968750 0.750000
vt 0.968750 0.875000
vt 0.968750 1.000000
vt 0.968750 0.000000
vt 0.968750 0.125000
vt 0.968750 0.250000
vt 0.968750 0.375000
vt 0.984375 0.500000
vt 0.984375 0.625000
vt 0.984375 0.750000
vt 0.984375 0.875000
vt 0.984375 1.000000
vt 0.984375 0.000000
vt 0.984375 0.125000
vt 0.984375 0.250000
vt 0.984375 0.375000
vt 1.000000 0.500000
vt 1.000000 0.625000
vt 1.000000 0.750000
vt 1.000000 0.875000
vt 1.000000 1.000000
vt 1.000000 0.000000
vt 1.000000 0.125000
vt 1.000000 0.250000
vt 1.000000 0.375000
vt 0.000000 0.500000
vt 0.015625 0.500000
vt 0.015625 0.625000
vt 0.000000 0.625000
vt 0.015625 0.750000
vt 0.000000 0.750000
vt 0.015625 0.875000
vt 0.000000 0.875000
vt 0.015625 1.000000
vt 0.000000 1.000000
vt 0.000000 0.000000
vt 0.015625 0.000000
vt 0.015625 0.125000
vt 0.000000 0.125000
vt 0.015625 0.250000
vt 0.000000 0.250000
vt 0.015625 0.375000
vt 0.000000 0.375000
vt 0.031250 0.500000
vt 0.031250 0.625000
vt 0.031250 0.750000
vt 0.031250 0.875000
vt 0.031250 1.000000
vt 0.031250 0.000000
vt 0.031250 0.125000
vt 0.031250 0.250000
vt 0.031250 0.375000
vt 0.046875 0.500000
vt 0.046875 0.625000
vt 0.046875 0.750000
vt 0.046875 0.875000
vt 0.046875 1.000000
vt 0.046875 0.000000
vt 0.046875 0.125000
vt 0.046875 0.250000
vt 0.046875 0.375000
vt 0.062500 0.500000
vt 0.062500 0.625000
vt 0.062500 0.750000
vt 0.062500 0.875000
vt 0.062500 1.000000
vt 0.062500 0.000000
vt 0.062500 0.125000
vt 0.062500 0.250000
vt 0.062500 0.375000
vt 0.078125 0.500000
vt 0.078125 0.625000
vt 0.078125 0.750000
vt 0.078125 0.875000
vt 0.078125 1.000000
vt 0.078125 0.000000
vt 0.078125 0.125000
vt 0.078125 0.250000
vt 0.078125 0.375000
vt 0.093750 0.500000
vt 0.093750 0.625000
vt 0.093750 0.750000
vt 0.093750 0.875000
vt 0.093750 1.000000
vt 0.093750 0.000000
vt 0.093750 0.125000
vt 0.093750 0.250000
vt 0.093750 0.375000
vt 0.109375 0.500000
vt 0.109375 0.625000
vt 0.109375 0.750000
vt 0.109375 0.875000
vt 0.109375 1.000000
vt 0.109375 0.000000
vt 0.109375 0.125000
vt 0.109375 0.250000
vt 0.109375 0.375000
vt 0.125000 0.500000
vt 0.125000 0.625000
vt 0.125000 0.750000
vt 0.125000 0.875000
vt 0.125000 1.000000
vt 0.125000 0.000000
vt 0.125000 0.125000
vt 0.125000 0.250000
vt 0.125000 0.375000
vt 0.140625 0.500000
vt 0.140625 0.625000
vt 0.140625 0.750000
vt 0.140625 0.875000
vt 0.140625 1.000000
vt 0.140625 0.000000
vt 0.140625 0.125000
vt 0.140625 0.250000
vt 0.140625 0.375000
vt 0.156250 0.500000
vt 0.156250 0.625000
vt 0.156250 0.750000
vt 0.156250 0.875000
vt 0.156250 1.000000
vt 0.156250 0.000000
vt 0.156250 0.125000
vt 0.156250 0.250000
vt 0.156250 0.375000
vt 0.171875 0.500000
vt 0.171875 0.625000
vt 0.171875 0.750000
vt 0.171875 0.875000
vt 0.171875 1.000000
vt 0.171875 0.000000
vt 0.171875 0.125000
vt 0.171875 0.250000
vt 0.171875 0.375000
vt 0.187500 0.500000
vt 0.187500 0.625000
vt 0.187500 0.750000
vt 0.187500 0.875000
vt 0.187500 1.000000
vt 0.187500 0.000000
vt 0.187500 0.125000
vt 0.187500 0.250000
vt 0.187500 0.375000
vt 0.203125 0.500000
vt 0.203125 0.625000
vt 0.203125 0.750000
vt 0.203125 0.875000
vt 0.203125 1.000000
vt 0.203125 0.000000
vt 0.203125 0.125000
vt 0.203125 0.250000
vt 0.203125 0.375000
vt 0.218750 0.500000
vt 0.218750 0.625000
vt 0.218750 0.750000
vt 0.218750 0.875000
vt 0.218750 1.000000
vt 0.218750 0.000000
vt 0.218750 0.125000
vt 0.218750 0.250000
vt 0.218750 0.375000
vt 0.234375 0.500000
vt 0.234375 0.625000
vt 0.234375 0.750000
vt 0.234375 0.875000
vt 0.234375 1.000000
vt 0.234375 0.000000
vt 0.234375 0.125000
vt 0.234375 0.250000
vt 0.234375 0.375000
vt 0.250000 0.500000
vt 0.250000 0.625000
vt 0.250000 0.750000
vt 0.250000 0.875000
vt 0.250000 1.000000
vt 0.250000 0.000000
vt 0.250000 0.125000
vt 0.250000 0.250000
vt 0.250000 0.375000
vt 0.265625 0.500000
vt 0.265625 0.625000
vt 0.265625 0.750000
vt 0.265625 0.875000
vt 0.265625 1.000000
vt 0.265625 0.000000
vt 0.265625 0.125000
vt 0.265625 0.250000
vt 0.265625 0.375000
vt 0.281250 0.500000
vt 0.281250 0.625000
vt 0.281250 0.750000
vt 0.281250 0.875000
vt 0.281250 1.000000
vt 0.281250 0.000000
vt 0.281250 0.125000
vt 0.281250 0.250000
vt 0.281250 0.375000
vt 0.296875 0.500000
vt 0.296875 0.625000
vt 0.296875 0.750000
vt 0.296875 0.875000
vt 0.296875 1.000000
vt 0.296875 0.000000
vt 0.296875 0.125000
vt 0.296875 0.250000
vt 0.296875 0.375000
vt 0.312500 0.500000
vt 0.312500 0.625000
vt 0.312500 0.750000
vt 0.312500 0.875000
vt 0.312500 1.000000
vt 0.312500 0.000000
vt 0.312500 0.125000
vt 0.312500 0.250000
vt 0.312500 0.375000
vt 0.328125 0.500000
vt 0.328125 0.625000
vt 0.328125 0.750000
vt 0.328125 0.875000
vt 0.328125 1.000000
vt 0.328125 0.000000
vt 0.328125 0.125000
vt 0.328125 0.250000
vt 0.328125 0.375000
vt 0.343750 0.500000
vt 0.343750 0.625000
vt 0.343750 0.750000
vt 0.343750 0.875000
vt 0.343750 1.000000
vt 0.343750 0.000000
vt 0.343750 0.125000
vt 0.343750 0.250000
vt 0.343750 0.375000
vt 0.359375 0.500000
vt 0.359375 0.625000
vt 0.359375 0.750000
vt 0.359375 0.875000
vt 0.359375 1.000000
vt 0.359375 0.000000
vt 0.359375 0.125000
vt 0.359375 0.250000
vt 0.359375 0.375000
vt 0.375000 0.500000
vt 0.375000 0.625000
vt 0.375000 0.750000
vt 0.375000 0.875000
vt 0.375000 1.000000
vt 0.375000 0.000000
vt 0.375000 0.125000
vt 0.375000 0.250000
vt 0.375000 0.375000
vt 0.390625 0.500000
vt 0.390625 0.625000
vt 0.390625 0.750000
vt 0.390625 0.875000
vt 0.390625 1.000000
vt 0.390625 0.000000
vt 0.390625 0.125000
vt 0.390625 0.250000
vt 0.390625 0.375000
vt 0.406250 0.500000
vt 0.406250 0.625000
vt 0.406250 0.750000
vt 0.406250 0.875000
vt 0.406250 1.000000
vt 0.406250 0.000000
vt 0.406250 0.125000
vt 0.406250 0.250000
vt 0.406250 0.375000
vt 0.421875 0.500000
vt 0.421875 0.625000
vt 0.421875 0.750000
vt 0.421875 0.875000
vt 0.421875 1.000000
vt 0.421875 0.000000
vt 0.421875 0.125000
vt 0.421875 0.250000
vt 0.421875 0.375000
vt 0.437500 0.500000
vt 0.437500 0.625000
vt 0.437500 0.750000
vt 0.437500 0.875000
vt 0.437500 1.000000
vt 0.437500 0.000000
vt 0.437500 0.125000
vt 0.437500 0.250000
vt 0.437500 0.375000
vt 0.453125 0.500000
vt 0.453125 0.625000
vt 0.453125 0.750000
vt 0.453125 0.875000
vt 0.453125 1.000000
vt 0.453125 0.000000
vt 0.453125 0.125000
vt 0.453125 0.250000
vt 0.453125 0.375000
vt 0.468750 0.500000
vt 0.468750 0.625000
vt 0.468750 0.750000
vt 0.468750 0.875000
vt 0.468750 1.000000
vt 0.468750 0.000000
vt 0.468750 0.125000
vt 0.468750 0.250000
vt 0.468750 0.375000
vt 0.484375 0.500000
vt 0.484375 0.625000
vt 0.484375 0.750000
vt 0.484375 0.875000
vt 0.484375 1.000000
vt 0.484375 0.000000
vt 0.484375 0.125000
vt 0.484375 0.250000
vt 0.484375 0.375000
s 0
usemtl reflective_gold.002
f 301/517/245 309/518/245 310/519/245 302/520/245
f 302/520/246 310/519/246 311/521/246 303/522/246
f 303/522/247 311/521/247 312/523/247 304/524/247
f 304/524/248 312/523/248 313/525/248 305/526/248
f 305/527/249 313/528/249 314/529/249 306/530/249
f 306/530/250 314/529/250 315/531/250 307/532/250
f 307/532/251 315/531/251 316/533/251 308/534/251
f 308/534/252 316/533/252 309/518/252 301/517/252
f 309/518/253 317/535/253 318/536/253 310/519/253
f 310/519/254 318/536/254 319/537/254 311/521/254
f 311/521/255 319/537/255 320/538/255 312/523/255
f 312/523/256 320/538/256 321/539/256 313/525/256
f 313/528/257 321/540/257 322/541/257 314/529/257
f 314/529/258 322/541/258 323/542/258 315/531/258
f 315/531/259 323/542/259 324/543/259 316/533/259
f 316/533/260 324/543/260 317/535/260 309/518/260
f 317/535/261 325/544/261 326/545/261 318/536/261
f 318/536/262 326/545/262 327/546/262 319/537/262
f 319/537/263 327/546/263 328/547/263 320/538/263
f 320/538/264 328/547/264 329/548/264 321/539/264
f 321/540/265 329/549/265 330/550/265 322/541/265
f 322/541/266 330/550/266 331/551/266 323/542/266
f 323/542/267 331/551/267 332/552/267 324/543/267
f 324/543/268 332/552/268 325/544/268 317/535/268
f 325/544/269 333/553/269 334/554/269 326/545/269
f 326/545/270 334/554/270 335/555/270 327/546/270
f 327/546/271 335/555/271 336/556/271 328/547/271
f 328/547/272 336/556/272 337/557/272 329/548/272
f 329/549/273 337/558/273 338/559/273 330/550/273
f 330/550/274 338/559/274 339/560/274 331/551/274
f 331/551/275 339/560/275 340/561/275 332/552/275
f 332/552/276 340/561/276 333/553/276 325/544/276
f 333/553/277 341/562/277 342/563/277 334/554/277
f 334/554/278 342/563/278 343/564/278 335/555/278
f 335/555/279 343/564/279 344/565/279 336/556/279
f 336/556/280 344/565/280 345/566/280 337/557/280
f 337/558/281 345/567/281 346/568/281 338/559/281
f 338/559/282 346/568/282 347/569/282 339/560/282
f 339/560/283 347/569/283 348/570/283 340/561/283
f 340/561/284 348/570/284 341/562/284 333/553/284
f 341/562/285 349/571/285 350/572/285 342/563/285
f 342/563/286 350/572/286 351/573/286 343/564/286
f 343/564/287 351/573/287 352/574/287 344/565/287
f 344/565/288 352/574/288 353/575/288 345/566/288
f 345/567/289 353/576/289 354/577/289 346/568/289
f 346/568/290 354/577/290 355/578/290 347/569/290
f 347/569/291 355/578/291 356/579/291 348/570/291
f 348/570/292 356/579/292 349/571/292 341/562/292
f 349/571/293 357/580/293 358/581/293 350/572/293
f 350/572/294 358/581/294 359/582/294 351/573/294
f 351/573/295 359/582/295 360/583/295 352/574/295
f 352/574/296 360/583/296 361/584/296 353/575/296
f 353/576/297 361/585/297 362/586/297 354/577/297
f 354/577/298 362/586/298 363/587/298 355/578/298
f 355/578/299 363/587/299 364/588/299 356/579/299
f 356/579/300 364/588/300 357/580/300 349/571/300
f 357/580/301 365/589/301 366/590/301 358/581/301
f 358/581/302 366/590/302 367/591/302 359/582/302
f 359/582/303 367/591/303 368/592/303 360/583/303
f 360/583/304 368/592/304 369/593/304 361/584/304
f 361/585/305 369/594/305 370/595/305 362/586/305
f 362/586/306 370/595/306 371/596/306 363/587/306
f 363/587/307 371/596/307 372/597/307 364/588/307
f 364/588/308 372/597/308 365/589/308 357/580/308
f 365/589/309 373/598/309 374/599/309 366/590/309
f 366/590/310 374/599/310 375/600/310 367/591/310
f 367/591/311 375/600/311 376/601/311 368/592/311
f 368/592/312 376/601/312 377/602/312 369/593/312
f 369/594/313 377/603/313 378/604/313 370/595/313
f 370/595/314 378/604/314 379/605/314 371/596/314
f 371/596/315 379/605/315 380/606/315 372/597/315
f 372/597/316 380/606/316 373/598/316 365/589/316
f 373/598/317 381/607/317 382/608/317 374/599/317
f 374/599/318 382/608/318 383/609/318 375/600/318
f 375/600/319 383/609/319 384/610/319 376/601/319
f 376/601/320 384/610/320 385/611/320 377/602/320
f 377/603/321 385/612/321 386/613/321 378/604/321
f 378/604/322 386/613/322 387/614/322 379/605/322
f 379/605/323 387/614/323 388/615/323 380/606/323
f 380/606/324 388/615/324 381/607/324 373/598/324
f 381/607/325 389/616/325 390/617/325 382/608/325
f 382/608/326 390/617/326 391/618/326 383/609/326
f 383/609/327 391/618/327 392/619/327 384/610/327
f 384/610/328 392/619/328 393/620/328 385/611/328
f 385/612/329 393/621/329 394/622/329 386/613/329
f 386/613/330 394/622/330 395/623/330 387/614/330
f 387/614/331 395/623/331 396/624/331 388/615/331
f 388/615/332 396/624/332 389/616/332 381/607/332
f 389/616/333 397/625/333 398/626/333 390/617/333
f 390/617/334 398/626/334 399/627/334 391/618/334
f 391/618/335 399/627/335 400/628/335 392/619/335
f 392/619/336 400/628/336 401/629/336 393/620/336
f 393/621/337 401/630/337 402/631/337 394/622/337
f 394/622/338 402/631/338 403/632/338 395/623/338
f 395/623/339 403/632/339 404/633/339 396/624/339
f 396/624/340 404/633/340 397/625/340 389/616/340
f 397/625/341 405/634/341 406/635/341 398/626/341
f 398/626/342 406/635/342 407/636/342 399/627/342
f 399/627/343 407/636/343 408/637/343 400/628/343
f 400/628/344 408/637/344 409/638/344 401/629/344
f 401/630/345 409/639/345 410/640/345 402/631/345
f 402/631/346 410/640/346 411/641/346 403/632/346
f 403/632/347 411/641/347 412/642/347 404/633/347
f 404/633/348 412/642/348 405/634/348 397/625/348
f 405/634/349 413/643/349 414/644/349 406/635/349
f 406/635/350 414/644/350 415/645/350 407/636/350
f 407/636/351 415/645/351 416/646/351 408/637/351
f 408/637/352 416/646/352 417/647/352 409/638/352
f 409/639/353 417/648/353 418/649/353 410/640/353
f 410/640/354 418/649/354 419/650/354 411/641/354
f 411/641/355 419/650/355 420/651/355 412/642/355
f 412/642/356 420/651/356 413/643/356 405/634/356
f 413/643/357 421/652/357 422/653/357 414/644/357
f 414/644/358 422/653/358 423/654/358 415/645/358
f 415/645/359 423/654/359 424/655/359 416/646/359
f 416/646/360 424/655/360 425/656/360 417/647/360
f 417/648/361 425/657/361 426/658/361 418/649/361
f 418/649/362 426/658/362 427/659/362 419/650/362
f 419/650/363 427/659/363 428/660/363 420/651/363
f 420/651/364 428/660/364 421/652/364 413/643/364
f 421/652/365 429/661/365 430/662/365 422/653/365
f 422/653/366 430/662/366 431/663/366 423/654/366
f 423/654/367 431/663/367 432/664/367 424/655/367
f 424/655/368 432/664/368 433/665/368 425/656/368
f 425/657/369 433/666/369 434/667/369 426/658/369
f 426/658/370 434/667/370 435/668/370 427/659/370
f 427/659/371 435/668/371 436/669/371 428/660/371
f 428/660/372 436/669/372 429/661/372 421/652/372
f 429/661/373 437/670/373 438/671/373 430/662/373
f 430/662/374 438/671/374 439/672/374 431/663/374
f 431/663/375 439/672/375 440/673/375 432/664/375
f 432/664/376 440/673/376 441/674/376 433/665/376
f 433/666/377 441/675/377 442/676/377 434/667/377
f 434/667/378 442/676/378 443/677/378 435/668/378
f 435/668/379 443/677/379 444/678/379 436/669/379
f 436/669/380 444/678/380 437/670/380 429/661/380
f 437/670/381 445/679/381 446/680/381 438/671/381
f 438/671/382 446/680/382 447/681/382 439/672/382
f 439/672/383 447/681/383 448/682/383 440/673/383
f 440/673/384 448/682/384 449/683/384 441/674/384
f 441/675/385 449/684/385 450/685/385 442/676/385
f 442/676/386 450/685/386 451/686/386 443/677/386
f 443/677/387 451/686/387 452/687/387 444/678/387
f 444/678/388 452/687/388 445/679/388 437/670/388
f 445/679/389 453/688/389 454/689/389 446/680/389
f 446/680/390 454/689/390 455/690/390 447/681/390
f 447/681/391 455/690/391 456/691/391 448/682/391
f 448/682/392 456/691/392 457/692/392 449/683/392
f 449/684/393 457/693/393 458/694/393 450/685/393
f 450/685/394 458/694/394 459/695/394 451/686/394
f 451/686/395 459/695/395 460/696/395 452/687/395
f 452/687/396 460/696/396 453/688/396 445/679/396
f 453/688/397 461/697/397 462/698/397 454/689/397
f 454/689/398 462/698/398 463/699/398 455/690/398
f 455/690/399 463/699/399 464/700/399 456/691/399
f 456/691/400 464/700/400 465/701/400 457/692/400
f 457/693/401 465/702/401 466/703/401 458/694/401
f 458/694/402 466/703/402 467/704/402 459/695/402
f 459/695/403 467/704/403 468/705/403 460/696/403
f 460/696/404 468/705/404 461/697/404 453/688/404
f 461/697/405 469/706/405 470/707/405 462/698/405
f 462/698/406 470/707/406 471/708/406 463/699/406
f 463/699/407 471/708/407 472/709/407 464/700/407
f 464/700/408 472/709/408 473/710/408 465/701/408
f 465/702/409 473/711/409 474/712/409 466/703/409
f 466/703/410 474/712/410 475/713/410 467/704/410
f 467/704/411 475/713/411 476/714/411 468/705/411
f 468/705/412 476/714/412 469/706/412 461/697/412
f 469/706/413 477/715/413 478/716/413 470/707/413
f 470/707/414 478/716/414 479/717/414 471/708/414
f 471/708/415 479/717/415 480/718/415 472/709/415
f 472/709/416 480/718/416 481/719/416 473/710/416
f 473/711/417 481/720/417 482/721/417 474/712/417
f 474/712/418 482/721/418 483/722/418 475/713/418
f 475/713/419 483/722/419 484/723/419 476/714/419
f 476/714/420 484/723/420 477/715/420 469/706/420
f 477/715/421 485/724/421 486/725/421 478/716/421
f 478/716/422 486/725/422 487/726/422 479/717/422
f 479/717/423 487/726/423 488/727/423 480/718/423
f 480/718/424 488/727/424 489/728/424 481/719/424
f 481/720/425 489/729/425 490/730/425 482/721/425
f 482/721/426 490/730/426 491/731/426 483/722/426
f 483/722/427 491/731/427 492/732/427 484/723/427
f 484/723/428 492/732/428 485/724/428 477/715/428
f 485/724/429 493/733/429 494/734/429 486/725/429
f 486/725/430 494/734/430 495/735/430 487/726/430
f 487/726/431 495/735/431 496/736/431 488/727/431
f 488/727/432 496/736/432 497/737/432 489/728/432
f 489/729/433 497/738/433 498/739/433 490/730/433
f 490/730/434 498/739/434 499/740/434 491/731/434
f 491/731/435 499/740/435 500/741/435 492/732/435
f 492/732/436 500/741/436 493/733/436 485/724/436
f 493/733/437 501/742/437 502/743/437 494/734/437
f 494/734/438 502/743/438 503/744/438 495/735/438
f 495/735/439 503/744/439 504/745/439 496/736/439
f 496/736/440 504/745/440 505/746/440 497/737/440
f 497/738/441 505/747/441 506/748/441 498/739/441
f 498/739/442 506/748/442 507/749/442 499/740/442
f 499/740/443 507/749/443 508/750/443 500/741/443
f 500/741/444 508/750/444 501/742/444 493/733/444
f 501/742/445 509/751/445 510/752/445 502/743/445
f 502/743/446 510/752/446 511/753/446 503/744/446
f 503/744/447 511/753/447 512/754/447 504/745/447
f 504/745/448 512/754/448 513/755/448 505/746/448
f 505/747/449 513/756/449 514/757/449 506/748/449
f 506/748/450 514/757/450 515/758/450 507/749/450
f 507/749/451 515/758/451 516/759/451 508/750/451
f 508/750/452 516/759/452 509/751/452 501/742/452
f 509/751/453 517/760/453 518/761/453 510/752/453
f 510/752/454 518/761/454 519/762/454 511/753/454
f 511/753/455 519/762/455 520/763/455 512/754/455
f 512/754/456 520/763/456 521/764/456 513/755/456
f 513/756/457 521/765/457 522/766/457 514/757/457
f 514/757/458 522/766/458 523/767/458 515/758/458
f 515/758/459 523/767/459 524/768/459 516/759/459
f 516/759/460 524/768/460 517/760/460 509/751/460
f 517/760/461 525/769/461 526/770/461 518/761/461
f 518/761/462 526/770/462 527/771/462 519/762/462
f 519/762/463 527/771/463 528/772/463 520/763/463
f 520/763/464 528/772/464 529/773/464 521/764/464
f 521/765/465 529/774/465 530/775/465 522/766/465
f 522/766/466 530/775/466 531/776/466 523/767/466
f 523/767/467 531/776/467 532/777/467 524/768/467
f 524/768/468 532/777/468 525/769/468 517/760/468
f 525/769/469 533/778/469 534/779/469 526/770/469
f 526/770/470 534/779/470 535/780/470 527/771/470
f 527/771/471 535/780/471 536/781/471 528/772/471
f 528/772/472 536/781/472 537/782/472 529/773/472
f 529/774/473 537/783/473 538/784/473 530/775/473
f 530/775/474 538/784/474 539/785/474 531/776/474
f 531/776/475 539/785/475 540/786/475 532/777/475
f 532/777/476 540/786/476 533/778/476 525/769/476
f 533/778/477 541/787/477 542/788/477 534/779/477
f 534/779/478 542/788/478 543/789/478 535/780/478
f 535/780/479 543/789/479 544/790/479 536/781/479
f 536/781/480 544/790/480 545/791/480 537/782/480
f 537/783/481 545/792/481 546/793/481 538/784/481
f 538/784/482 546/793/482 547/794/482 539/785/482
f 539/785/483 547/794/483 548/795/483 540/786/483
f 540/786/484 548/795/484 541/787/484 533/778/484
f 541/787/485 549/796/485 550/797/485 542/788/485
f 542/788/486 550/797/486 551/798/486 543/789/486
f 543/789/487 551/798/487 552/799/487 544/790/487
f 544/790/488 552/799/488 553/800/488 545/791/488
f 545/792/489 553/801/489 554/802/489 546/793/489
f 546/793/490 554/802/490 555/803/490 547/794/490
f 547/794/491 555/803/491 556/804/491 548/795/491
f 548/795/492 556/804/492 549/796/492 541/787/492
f 549/796/493 557/805/493 558/806/493 550/797/493
f 550/797/494 558/806/494 559/807/494 551/798/494
f 551/798/495 559/807/495 560/808/495 552/799/495
f 552/799/496 560/808/496 561/809/496 553/800/496
f 553/801/497 561/810/497 562/811/497 554/802/497
f 554/802/498 562/811/498 563/812/498 555/803/498
f 555/803/499 563/812/499 564/813/499 556/804/499
f 556/804/500 564/813/500 557/805/500 549/796/500
f 557/814/248 565/815/248 566/816/248 558/817/248
f 558/817/247 566/816/247 567/818/247 559/819/247
f 559/819/246 567/818/246 568/820/246 560/821/246
f 560/821/245 568/820/245 569/822/245 561/823/245
f 561/824/252 569/825/252 570/826/252 562/827/252
f 562/827/251 570/826/251 571/828/251 563/829/251
f 563/829/250 571/828/250 572/830/250 564/831/250
f 564/831/249 572/830/249 565/815/249 557/814/249
f 565/815/256 573/832/256 574/833/256 566/816/256
f 566/816/255 574/833/255 575/834/255 567/818/255
f 567/818/254 575/834/254 576/835/254 568/820/254
f 568/820/253 576/835/253 577/836/253 569/822/253
f 569/825/260 577/837/260 578/838/260 570/826/260
f 570/826/259 578/838/259 579/839/259 571/828/259
f 571/828/258 579/839/258 580/840/258 572/830/258
f 572/830/257 580/840/257 573/832/257 565/815/257
f 573/832/264 581/841/264 582/842/264 574/833/264
f 574/833/263 582/842/263 583/843/263 575/834/263
f 575/834/262 583/843/262 584/844/262 576/835/262
f 576/835/261 584/844/261 585/845/261 577/836/261
f 577/837/268 585/846/268 586/847/268 578/838/268
f 578/838/267 586/847/267 587/848/267 579/839/267
f 579/839/266 587/848/266 588/849/266 580/840/266
f 580/840/265 588/849/265 581/841/265 573/832/265
f 581/841/272 589/850/272 590/851/272 582/842/272
f 582/842/271 590/851/271 591/852/271 583/843/271
f 583/843/270 591/852/270 592/853/270 584/844/270
f 584/844/269 592/853/269 593/854/269 585/845/269
f 585/846/276 593/855/276 594/856/276 586/847/276
f 586/847/275 594/856/275 595/857/275 587/848/275
f 587/848/274 595/857/274 596/858/274 588/849/274
f 588/849/273 596/858/273 589/850/273 581/841/273
f 589/850/280 597/859/280 598/860/280 590/851/280
f 590/851/279 598/860/279 599/861/279 591/852/279
f 591/852/278 599/861/278 600/862/278 592/853/278
f 592/853/277 600/862/277 601/863/277 593/854/277
f 593/855/284 601/864/284 602/865/284 594/856/284
f 594/856/283 602/865/283 603/866/283 595/857/283
f 595/857/282 603/866/282 604/867/282 596/858/282
f 596/858/281 604/867/281 597/859/281 589/850/281
f 597/859/288 605/868/288 606/869/288 598/860/288
f 598/860/287 606/869/287 607/870/287 599/861/287
f 599/861/286 607/870/286 608/871/286 600/862/286
f 600/862/285 608/871/285 609/872/285 601/863/285
f 601/864/292 609/873/292 610/874/292 602/865/292
f 602/865/291 610/874/291 611/875/291 603/866/291
f 603/866/290 611/875/290 612/876/290 604/867/290
f 604/867/289 612/876/289 605/868/289 597/859/289
f 605/868/296 613/877/296 614/878/296 606/869/296
f 606/869/295 614/878/295 615/879/295 607/870/295
f 607/870/294 615/879/294 616/880/294 608/871/294
f 608/871/293 616/880/293 617/881/293 609/872/293
f 609/873/300 617/882/300 618/883/300 610/874/300
f 610/874/299 618/883/299 619/884/299 611/875/299
f 611/875/298 619/884/298 620/885/298 612/876/298
f 612/876/297 620/885/297 613/877/297 605/868/297
f 613/877/304 621/886/304 622/887/304 614/878/304
f 614/878/303 622/887/303 623/888/303 615/879/303
f 615/879/302 623/888/302 624/889/302 616/880/302
f 616/880/301 624/889/301 625/890/301 617/881/301
f 617/882/308 625/891/308 626/892/308 618/883/308
f 618/883/307 626/892/307 627/893/307 619/884/307
f 619/884/306 627/893/306 628/894/306 620/885/306
f 620/885/305 628/894/305 621/886/305 613/877/305
f 621/886/312 629/895/312 630/896/312 622/887/312
f 622/887/311 630/896/311 631/897/311 623/888/311
f 623/888/310 631/897/310 632/898/310 624/889/310
f 624/889/309 632/898/309 633/899/309 625/890/309
f 625/891/316 633/900/316 634/901/316 626/892/316
f 626/892/315 634/901/315 635/902/315 627/893/315
f 627/893/314 635/902/314 636/903/314 628/894/314
f 628/894/313 636/903/313 629/895/313 621/886/313
f 629/895/320 637/904/320 638/905/320 630/896/320
f 630/896/319 638/905/319 639/906/319 631/897/319
f 631/897/318 639/906/318 640/907/318 632/898/318
f 632/898/317 640/907/317 641/908/317 633/899/317
f 633/900/324 641/909/324 642/910/324 634/901/324
f 634/901/323 642/910/323 643/911/323 635/902/323
f 635/902/322 643/911/322 644/912/322 636/903/322
f 636/903/321 644/912/321 637/904/321 629/895/321
f 637/904/328 645/913/328 646/914/328 638/905/328
f 638/905/327 646/914/327 647/915/327 639/906/327
f 639/906/326 647/915/326 648/916/326 640/907/326
f 640/907/325 648/916/325 649/917/325 641/908/325
f 641/909/332 649/918/332 650/919/332 642/910/332
f 642/910/331 650/919/331 651/920/331 643/911/331
f 643/911/330 651/920/330 652/921/330 644/912/330
f 644/912/329 652/921/329 645/913/329 637/904/329
f 645/913/336 653/922/336 654/923/336 646/914/336
f 646/914/335 654/923/335 655/924/335 647/915/335
f 647/915/334 655/924/334 656/925/334 648/916/334
f 648/916/333 656/925/333 657/926/333 649/917/333
f 649/918/340 657/927/340 658/928/340 650/919/340
f 650/919/339 658/928/339 659/929/339 651/920/339
f 651/920/338 659/929/338 660/930/338 652/921/338
f 652/921/337 660/930/337 653/922/337 645/913/337
f 653/922/344 661/931/344 662/932/344 654/923/344
f 654/923/343 662/932/343 663/933/343 655/924/343
f 655/924/342 663/933/342 664/934/342 656/925/342
f 656/925/341 664/934/341 665/935/341 657/926/341
f 657/927/348 665/936/348 666/937/348 658/928/348
f 658/928/347 666/937/347 667/938/347 659/929/347
f 659/929/346 667/938/346 668/939/346 660/930/346
f 660/930/345 668/939/345 661/931/345 653/922/345
f 661/931/501 669/940/501 670/941/501 662/932/501
f 662/932/351 670/941/351 671/942/351 663/933/351
f 663/933/350 671/942/350 672/943/350 664/934/350
f 664/934/349 672/943/349 673/944/349 665/935/349
f 665/936/356 673/945/356 674/946/356 666/937/356
f 666/937/355 674/946/355 675/947/355 667/938/355
f 667/938/354 675/947/354 676/948/354 668/939/354
f 668/939/502 676/948/502 669/940/502 661/931/502
f 669/940/360 677/949/360 678/950/360 670/941/360
f 670/941/359 678/950/359 679/951/359 671/942/359
f 671/942/358 679/951/358 680/952/358 672/943/358
f 672/943/357 680/952/357 681/953/357 673/944/357
f 673/945/364 681/954/364 682/955/364 674/946/364
f 674/946/363 682/955/363 683/956/363 675/947/363
f 675/947/362 683/956/362 684/957/362 676/948/362
f 676/948/361 684/957/361 677/949/361 669/940/361
f 677/949/368 685/958/368 686/959/368 678/950/368
f 678/950/367 686/959/367 687/960/367 679/951/367
f 679/951/366 687/960/366 688/961/366 680/952/366
f 680/952/365 688/961/365 689/962/365 681/953/365
f 681/954/372 689/963/372 690/964/372 682/955/372
f 682/955/371 690/964/371 691/965/371 683/956/371
f 683/956/370 691/965/370 692/966/370 684/957/370
f 684/957/369 692/966/369 685/958/369 677/949/369
f 685/958/376 693/967/376 694/968/376 686/959/376
f 686/959/375 694/968/375 695/969/375 687/960/375
f 687/960/374 695/969/374 696/970/374 688/961/374
f 688/961/373 696/970/373 697/971/373 689/962/373
f 689/963/380 697/972/380 698/973/380 690/964/380
f 690/964/379 698/973/379 699/974/379 691/965/379
f 691/965/378 699/974/378 700/975/378 692/966/378
f 692/966/377 700/975/377 693/967/377 685/958/377
f 693/967/384 701/976/384 702/977/384 694/968/384
f 694/968/383 702/977/383 703/978/383 695/969/383
f 695/969/382 703/978/382 704/979/382 696/970/382
f 696/970/381 704/979/381 705/980/381 697/971/381
f 697/972/388 705/981/388 706/982/388 698/973/388
f 698/973/387 706/982/387 707/983/387 699/974/387
f 699/974/386 707/983/386 708/984/386 700/975/386
f 700/975/385 708/984/385 701/976/385 693/967/385
f 701/976/503 709/985/503 710/986/503 702/977/503
f 702/977/391 710/986/391 711/987/391 703/978/391
f 703/978/390 711/987/390 712/988/390 704/979/390
f 704/979/504 712/988/504 713/989/504 705/980/504
f 705/981/505 713/990/505 714/991/505 706/982/505
f 706/982/395 714/991/395 715/992/395 707/983/395
f 707/983/394 715/992/394 716/993/394 708/984/394
f 708/984/506 716/993/506 709/985/506 701/976/506
f 709/985/400 717/994/400 718/995/400 710/986/400
f 710/986/399 718/995/399 719/996/399 711/987/399
f 711/987/398 719/996/398 720/997/398 712/988/398
f 712/988/397 720/997/397 721/998/397 713/989/397
f 713/990/404 721/999/404 722/1000/404 714/991/404
f 714/991/403 722/1000/403 723/1001/403 715/992/403
f 715/992/402 723/1001/402 724/1002/402 716/993/402
f 716/993/401 724/1002/401 717/994/401 709/985/401
f 717/994/408 725/1003/408 726/1004/408 718/995/408
f 718/995/407 726/1004/407 727/1005/407 719/996/407
f 719/996/406 727/1005/406 728/1006/406 720/997/406
f 720/997/405 728/1006/405 729/1007/405 721/998/405
f 721/999/412 729/1008/412 730/1009/412 722/1000/412
f 722/1000/411 730/1009/411 731/1010/411 723/1001/411
f 723/1001/410 731/1010/410 732/1011/410 724/1002/410
f 724/1002/409 732/1011/409 725/1003/409 717/994/409
f 725/1003/416 733/1012/416 734/1013/416 726/1004/416
f 726/1004/415 734/1013/415 735/1014/415 727/1005/415
f 727/1005/414 735/1014/414 736/1015/414 728/1006/414
f 728/1006/413 736/1015/413 737/1016/413 729/1007/413
f 729/1008/420 737/1017/420 738/1018/420 730/1009/420
f 730/1009/419 738/1018/419 739/1019/419 731/1010/419
f 731/1010/418 739/1019/418 740/1020/418 732/1011/418
f 732/1011/417 740/1020/417 733/1012/417 725/1003/417
f 733/1012/424 741/1021/424 742/1022/424 734/1013/424
f 734/1013/423 742/1022/423 743/1023/423 735/1014/423
f 735/1014/422 743/1023/422 744/1024/422 736/1015/422
f 736/1015/421 744/1024/421 745/1025/421 737/1016/421
f 737/1017/428 745/1026/428 746/1027/428 738/1018/428
f 738/1018/427 746/1027/427 747/1028/427 739/1019/427
f 739/1019/426 747/1028/426 748/1029/426 740/1020/426
f 740/1020/425 748/1029/425 741/1021/425 733/1012/425
f 741/1021/432 749/1030/432 750/1031/432 742/1022/432
f 742/1022/431 750/1031/431 751/1032/431 743/1023/431
f 743/1023/430 751/1032/430 752/1033/430 744/1024/430
f 744/1024/429 752/1033/429 753/1034/429 745/1025/429
f 745/1026/436 753/1035/436 754/1036/436 746/1027/436
f 746/1027/435 754/1036/435 755/1037/435 747/1028/435
f 747/1028/434 755/1037/434 756/1038/434 748/1029/434
f 748/1029/433 756/1038/433 749/1030/433 741/1021/433
f 749/1030/440 757/1039/440 758/1040/440 750/1031/440
f 750/1031/439 758/1040/439 759/1041/439 751/1032/439
f 751/1032/438 759/1041/438 760/1042/438 752/1033/438
f 752/1033/437 760/1042/437 761/1043/437 753/1034/437
f 753/1035/444 761/1044/444 762/1045/444 754/1036/444
f 754/1036/443 762/1045/443 763/1046/443 755/1037/443
f 755/1037/442 763/1046/442 764/1047/442 756/1038/442
f 756/1038/441 764/1047/441 757/1039/441 749/1030/441
f 757/1039/448 765/1048/448 766/1049/448 758/1040/448
f 758/1040/447 766/1049/447 767/1050/447 759/1041/447
f 759/1041/446 767/1050/446 768/1051/446 760/1042/446
f 760/1042/445 768/1051/445 769/1052/445 761/1043/445
f 761/1044/452 769/1053/452 770/1054/452 762/1045/452
f 762/1045/451 770/1054/451 771/1055/451 763/1046/451
f 763/1046/450 771/1055/450 772/1056/450 764/1047/450
f 764/1047/449 772/1056/449 765/1048/449 757/1039/449
f 765/1048/456 773/1057/456 774/1058/456 766/1049/456
f 766/1049/455 774/1058/455 775/1059/455 767/1050/455
f 767/1050/454 775/1059/454 776/1060/454 768/1051/454
f 768/1051/453 776/1060/453 777/1061/453 769/1052/453
f 769/1053/460 777/1062/460 778/1063/460 770/1054/460
f 770/1054/459 778/1063/459 779/1064/459 771/1055/459
f 771/1055/458 779/1064/458 780/1065/458 772/1056/458
f 772/1056/457 780/1065/457 773/1057/457 765/1048/457
f 773/1057/464 781/1066/464 782/1067/464 774/1058/464
f 774/1058/463 782/1067/463 783/1068/463 775/1059/463
f 775/1059/462 783/1068/462 784/1069/462 776/1060/462
f 776/1060/461 784/1069/461 785/1070/461 777/1061/461
f 777/1062/468 785/1071/468 786/1072/468 778/1063/468
f 778/1063/467 786/1072/467 787/1073/467 779/1064/467
f 779/1064/466 787/1073/466 788/1074/466 780/1065/466
f 780/1065/465 788/1074/465 781/1066/465 773/1057/465
f 781/1066/472 789/1075/472 790/1076/472 782/1067/472
f 782/1067/471 790/1076/471 791/1077/471 783/1068/471
f 783/1068/470 791/1077/470 792/1078/470 784/1069/470
f 784/1069/469 792/1078/469 793/1079/469 785/1070/469
f 785/1071/476 793/1080/476 794/1081/476 786/1072/476
f 786/1072/475 794/1081/475 795/1082/475 787/1073/475
f 787/1073/474 795/1082/474 796/1083/474 788/1074/474
f 788/1074/473 796/1083/473 789/1075/473 781/1066/473
f 789/1075/480 797/1084/480 798/1085/480 790/1076/480
f 790/1076/479 798/1085/479 799/1086/479 791/1077/479
f 791/1077/478 799/1086/478 800/1087/478 792/1078/478
f 792/1078/507 800/1087/507 801/1088/507 793/1079/507
f 793/1080/508 801/1089/508 802/1090/508 794/1081/508
f 794/1081/483 802/1090/483 803/1091/483 795/1082/483
f 795/1082/482 803/1091/482 804/1092/482 796/1083/482
f 796/1083/509 804/1092/509 797/1084/509 789/1075/509
f 797/1084/488 805/1093/488 806/1094/488 798/1085/488
f 798/1085/487 806/1094/487 807/1095/487 799/1086/487
f 799/1086/486 807/1095/486 808/1096/486 800/1087/486
f 800/1087/485 808/1096/485 809/1097/485 801/1088/485
f 801/1089/492 809/1098/492 810/1099/492 802/1090/492
f 802/1090/491 810/1099/491 811/1100/491 803/1091/491
f 803/1091/490 811/1100/490 812/1101/490 804/1092/490
f 804/1092/489 812/1101/489 805/1093/489 797/1084/489
f 805/1093/496 301/517/496 302/520/496 806/1094/496
f 806/1094/495 302/520/495 303/522/495 807/1095/495
f 807/1095/494 303/522/494 304/524/494 808/1096/494
f 808/1096/493 304/524/493 305/526/493 809/1097/493
f 809/1098/500 305/527/500 306/530/500 810/1099/500
f 810/1099/499 306/530/499 307/532/499 811/1100/499
f 811/1100/498 307/532/498 308/534/498 812/1101/498
f 812/1101/497 308/534/497 301/517/497 805/1093/497
o amethyst_colored_light_pad
v 0.000000 0.080000 -0.380000
v 0.000000 0.100000 -0.380000
v 0.049600 0.080000 -0.376749
v 0.049600 0.100000 -0.376749
v 0.098351 0.080000 -0.367052
v 0.098351 0.100000 -0.367052
v 0.145420 0.080000 -0.351074
v 0.145420 0.100000 -0.351074
v 0.190000 0.080000 -0.329090
v 0.190000 0.100000 -0.329090
v 0.231329 0.080000 -0.301474
v 0.231329 0.100000 -0.301474
v 0.268701 0.080000 -0.268701
v 0.268701 0.100000 -0.268701
v 0.301474 0.080000 -0.231329
v 0.301474 0.100000 -0.231329
v 0.329090 0.080000 -0.190000
v 0.329090 0.100000 -0.190000
v 0.351074 0.080000 -0.145420
v 0.351074 0.100000 -0.145420
v 0.367052 0.080000 -0.098351
v 0.367052 0.100000 -0.098351
v 0.376749 0.080000 -0.049600
v 0.376749 0.100000 -0.049600
v 0.380000 0.080000 0.000000
v 0.380000 0.100000 0.000000
v 0.376749 0.080000 0.049600
v 0.376749 0.100000 0.049600
v 0.367052 0.080000 0.098351
v 0.367052 0.100000 0.098351
v 0.351074 0.080000 0.145420
v 0.351074 0.100000 0.145420
v 0.329090 0.080000 0.190000
v 0.329090 0.100000 0.190000
v 0.301474 0.080000 0.231329
v 0.301474 0.100000 0.231329
v 0.268701 0.080000 0.268701
v 0.268701 0.100000 0.268701
v 0.231329 0.080000 0.301474
v 0.231329 0.100000 0.301474
v 0.190000 0.080000 0.329090
v 0.190000 0.100000 0.329090
v 0.145420 0.080000 0.351074
v 0.145420 0.100000 0.351074
v 0.098351 0.080000 0.367052
v 0.098351 0.100000 0.367052
v 0.049600 0.080000 0.376749
v 0.049600 0.100000 0.376749
v 0.000000 0.080000 0.380000
v 0.000000 0.100000 0.380000
v -0.049600 0.080000 0.376749
v -0.049600 0.100000 0.376749
v -0.098351 0.080000 0.367052
v -0.098351 0.100000 0.367052
v -0.145420 0.080000 0.351074
v -0.145420 0.100000 0.351074
v -0.190000 0.080000 0.329090
v -0.190000 0.100000 0.329090
v -0.231329 0.080000 0.301474
v -0.231329 0.100000 0.301474
v -0.268701 0.080000 0.268701
v -0.268701 0.100000 0.268701
v -0.301474 0.080000 0.231329
v -0.301474 0.100000 0.231329
v -0.329090 0.080000 0.190000
v -0.329090 0.100000 0.190000
v -0.351074 0.080000 0.145420
v -0.351074 0.100000 0.145420
v -0.367052 0.080000 0.098351
v -0.367052 0.100000 0.098351
v -0.376749 0.080000 0.049600
v -0.376749 0.100000 0.049600
v -0.380000 0.080000 0.000000
v -0.380000 0.100000 0.000000
v -0.376749 0.080000 -0.049600
v -0.376749 0.100000 -0.049600
v -0.367052 0.080000 -0.098351
v -0.367052 0.100000 -0.098351
v -0.351074 0.080000 -0.145420
v -0.351074 0.100000 -0.145420
v -0.329090 0.080000 -0.190000
v -0.329090 0.100000 -0.190000
v -0.301474 0.080000 -0.231329
v -0.301474 0.100000 -0.231329
v -0.268701 0.080000 -0.268701
v -0.268701 0.100000 -0.268701
v -0.231329 0.080000 -0.301474
v -0.231329 0.100000 -0.301474
v -0.190000 0.080000 -0.329090
v -0.190000 0.100000 -0.329090
v -0.145420 0.080000 -0.351074
v -0.145420 0.100000 -0.351074
v -0.098351 0.080000 -0.367052
v -0.098351 0.100000 -0.367052
v -0.049600 0.080000 -0.376749
v -0.049600 0.100000 -0.376749
vn 0.0654 -0.0000 -0.9979
vn 0.1951 -0.0000 -0.9808
vn 0.3214 -0.0000 -0.9469
vn 0.4423 -0.0000 -0.8969
vn 0.5556 -0.0000 -0.8315
vn 0.6593 -0.0000 -0.7518
vn 0.7518 -0.0000 -0.6593
vn 0.8315 -0.0000 -0.5556
vn 0.8969 -0.0000 -0.4423
vn 0.9469 -0.0000 -0.3214
vn 0.9808 -0.0000 -0.1951
vn 0.9979 -0.0000 -0.0654
vn 0.9979 -0.0000 0.0654
vn 0.9808 -0.0000 0.1951
vn 0.9469 -0.0000 0.3214
vn 0.8969 -0.0000 0.4423
vn 0.8315 -0.0000 0.5556
vn 0.7518 -0.0000 0.6593
vn 0.6593 -0.0000 0.7518
vn 0.5556 -0.0000 0.8315
vn 0.4423 -0.0000 0.8969
vn 0.3214 -0.0000 0.9469
vn 0.1951 -0.0000 0.9808
vn 0.0654 -0.0000 0.9979
vn -0.0654 -0.0000 0.9979
vn -0.1951 -0.0000 0.9808
vn -0.3214 -0.0000 0.9469
vn -0.4423 -0.0000 0.8969
vn -0.5556 -0.0000 0.8315
vn -0.6593 -0.0000 0.7518
vn -0.7518 -0.0000 0.6593
vn -0.8315 -0.0000 0.5556
vn -0.8969 -0.0000 0.4423
vn -0.9469 -0.0000 0.3214
vn -0.9808 -0.0000 0.1951
vn -0.9979 -0.0000 0.0654
vn -0.9979 -0.0000 -0.0654
vn -0.9808 -0.0000 -0.1951
vn -0.9469 -0.0000 -0.3214
vn -0.8969 -0.0000 -0.4423
vn -0.8315 -0.0000 -0.5556
vn -0.7518 -0.0000 -0.6593
vn -0.6593 -0.0000 -0.7518
vn -0.5556 -0.0000 -0.8315
vn -0.4423 -0.0000 -0.8969
vn -0.3214 -0.0000 -0.9469
vn -0.0000 1.0000 -0.0000
vn -0.1951 -0.0000 -0.9808
vn -0.0654 -0.0000 -0.9979
vn -0.0000 -1.0000 -0.0000
vt 1.000000 0.500000
vt 1.000000 1.000000
vt 0.979167 1.000000
vt 0.979167 0.500000
vt 0.958333 1.000000
vt 0.958333 0.500000
vt 0.937500 1.000000
vt 0.937500 0.500000
vt 0.916667 1.000000
vt 0.916667 0.500000
vt 0.895833 1.000000
vt 0.895833 0.500000
vt 0.875000 1.000000
vt 0.875000 0.500000
vt 0.854167 1.000000
vt 0.854167 0.500000
vt 0.833333 1.000000
vt 0.833333 0.500000
vt 0.812500 1.000000
vt 0.812500 0.500000
vt 0.791667 1.000000
vt 0.791667 0.500000
vt 0.770834 1.000000
vt 0.770834 0.500000
vt 0.750000 1.000000
vt 0.750000 0.500000
vt 0.729167 1.000000
vt 0.729167 0.500000
vt 0.708334 1.000000
vt 0.708334 0.500000
vt 0.687500 1.000000
vt 0.687500 0.500000
vt 0.666667 1.000000
vt 0.666667 0.500000
vt 0.645834 1.000000
vt 0.645834 0.500000
vt 0.625000 1.000000
vt 0.625000 0.500000
vt 0.604167 1.000000
vt 0.604167 0.500000
vt 0.583334 1.000000
vt 0.583334 0.500000
vt 0.562500 1.000000
vt 0.562500 0.500000
vt 0.541667 1.000000
vt 0.541667 0.500000
vt 0.520834 1.000000
vt 0.520834 0.500000
vt 0.500000 1.000000
vt 0.500000 0.500000
vt 0.479167 1.000000
vt 0.479167 0.500000
vt 0.458334 1.000000
vt 0.458334 0.500000
vt 0.437500 1.000000
vt 0.437500 0.500000
vt 0.416667 1.000000
vt 0.416667 0.500000
vt 0.395834 1.000000
vt 0.395834 0.500000
vt 0.375000 1.000000
vt 0.375000 0.500000
vt 0.354167 1.000000
vt 0.354167 0.500000
vt 0.333334 1.000000
vt 0.333334 0.500000
vt 0.312500 1.000000
vt 0.312500 0.500000
vt 0.291667 1.000000
vt 0.291667 0.500000
vt 0.270834 1.000000
vt 0.270834 0.500000
vt 0.250000 1.000000
vt 0.250000 0.500000
vt 0.229167 1.000000
vt 0.229167 0.500000
vt 0.208334 1.000000
vt 0.208334 0.500000
vt 0.187500 1.000000
vt 0.187500 0.500000
vt 0.166667 1.000000
vt 0.166667 0.500000
vt 0.145834 1.000000
vt 0.145834 0.500000
vt 0.125000 1.000000
vt 0.125000 0.500000
vt 0.104167 1.000000
vt 0.104167 0.500000
vt 0.083334 1.000000
vt 0.083334 0.500000
vt 0.062500 1.000000
vt 0.062500 0.500000
vt 0.041667 1.000000
vt 0.041667 0.500000
vt 0.281326 0.487947
vt 0.250000 0.490000
vt 0.218674 0.487947
vt 0.187883 0.481822
vt 0.158156 0.471731
vt 0.130000 0.457846
vt 0.103897 0.440405
vt 0.080294 0.419706
vt 0.059595 0.396103
vt 0.042154 0.370000
vt 0.028269 0.341844
vt 0.018178 0.312117
vt 0.012053 0.281326
vt 0.010000 0.250000
vt 0.012053 0.218674
vt 0.018178 0.187883
vt 0.028269 0.158156
vt 0.042154 0.130000
vt 0.059595 0.103897
vt 0.080294 0.080294
vt 0.103897 0.059595
vt 0.130000 0.042154
vt 0.158156 0.028269
vt 0.187883 0.018178
vt 0.218674 0.012053
vt 0.250000 0.010000
vt 0.281326 0.012053
vt 0.312117 0.018178
vt 0.341844 0.028269
vt 0.370000 0.042154
vt 0.396103 0.059595
vt 0.419706 0.080294
vt 0.440405 0.103897
vt 0.457846 0.130000
vt 0.471731 0.158156
vt 0.481822 0.187883
vt 0.487947 0.218674
vt 0.490000 0.250000
vt 0.487947 0.281326
vt 0.481822 0.312117
vt 0.471731 0.341844
vt 0.457846 0.370000
vt 0.440405 0.396103
vt 0.419706 0.419706
vt 0.396103 0.440405
vt 0.370000 0.457846
vt 0.341844 0.471731
vt 0.312117 0.481822
vt 0.020834 1.000000
vt 0.020834 0.500000
vt 0.000000 1.000000
vt 0.000000 0.500000
vt 0.750000 0.490000
vt 0.781326 0.487947
vt 0.812117 0.481822
vt 0.841844 0.471731
vt 0.870000 0.457846
vt 0.896103 0.440405
vt 0.919706 0.419706
vt 0.940405 0.396103
vt 0.957846 0.370000
vt 0.971731 0.341844
vt 0.981822 0.312117
vt 0.987947 0.281326
vt 0.990000 0.250000
vt 0.987947 0.218674
vt 0.981822 0.187883
vt 0.971731 0.158156
vt 0.957846 0.130000
vt 0.940405 0.103897
vt 0.919706 0.080294
vt 0.896103 0.059595
vt 0.870000 0.042154
vt 0.841844 0.028269
vt 0.812117 0.018178
vt 0.781326 0.012053
vt 0.750000 0.010000
vt 0.718674 0.012053
vt 0.687883 0.018178
vt 0.658156 0.028269
vt 0.630000 0.042154
vt 0.603897 0.059595
vt 0.580294 0.080294
vt 0.559595 0.103897
vt 0.542154 0.130000
vt 0.528269 0.158156
vt 0.518178 0.187883
vt 0.512053 0.218674
vt 0.510000 0.250000
vt 0.512053 0.281326
vt 0.518178 0.312117
vt 0.528269 0.341844
vt 0.542154 0.370000
vt 0.559595 0.396103
vt 0.580294 0.419706
vt 0.603897 0.440405
vt 0.630000 0.457846
vt 0.658156 0.471731
vt 0.687883 0.481822
vt 0.718674 0.487947
s 0
usemtl amethyst_emissive_glow
f 813/1102/510 814/1103/510 816/1104/510 815/1105/510
f 815/1105/511 816/1104/511 818/1106/511 817/1107/511
f 817/1107/512 818/1106/512 820/1108/512 819/1109/512
f 819/1109/513 820/1108/513 822/1110/513 821/1111/513
f 821/1111/514 822/1110/514 824/1112/514 823/1113/514
f 823/1113/515 824/1112/515 826/1114/515 825/1115/515
f 825/1115/516 826/1114/516 828/1116/516 827/1117/516
f 827/1117/517 828/1116/517 830/1118/517 829/1119/517
f 829/1119/518 830/1118/518 832/1120/518 831/1121/518
f 831/1121/519 832/1120/519 834/1122/519 833/1123/519
f 833/1123/520 834/1122/520 836/1124/520 835/1125/520
f 835/1125/521 836/1124/521 838/1126/521 837/1127/521
f 837/1127/522 838/1126/522 840/1128/522 839/1129/522
f 839/1129/523 840/1128/523 842/1130/523 841/1131/523
f 841/1131/524 842/1130/524 844/1132/524 843/1133/524
f 843/1133/525 844/1132/525 846/1134/525 845/1135/525
f 845/1135/526 846/1134/526 848/1136/526 847/1137/526
f 847/1137/527 848/1136/527 850/1138/527 849/1139/527
f 849/1139/528 850/1138/528 852/1140/528 851/1141/528
f 851/1141/529 852/1140/529 854/1142/529 853/1143/529
f 853/1143/530 854/1142/530 856/1144/530 855/1145/530
f 855/1145/531 856/1144/531 858/1146/531 857/1147/531
f 857/1147/532 858/1146/532 860/1148/532 859/1149/532
f 859/1149/533 860/1148/533 862/1150/533 861/1151/533
f 861/1151/534 862/1150/534 864/1152/534 863/1153/534
f 863/1153/535 864/1152/535 866/1154/535 865/1155/535
f 865/1155/536 866/1154/536 868/1156/536 867/1157/536
f 867/1157/537 868/1156/537 870/1158/537 869/1159/537
f 869/1159/538 870/1158/538 872/1160/538 871/1161/538
f 871/1161/539 872/1160/539 874/1162/539 873/1163/539
f 873/1163/540 874/1162/540 876/1164/540 875/1165/540
f 875/1165/541 876/1164/541 878/1166/541 877/1167/541
f 877/1167/542 878/1166/542 880/1168/542 879/1169/542
f 879/1169/543 880/1168/543 882/1170/543 881/1171/543
f 881/1171/544 882/1170/544 884/1172/544 883/1173/544
f 883/1173/545 884/1172/545 886/1174/545 885/1175/545
f 885/1175/546 886/1174/546 888/1176/546 887/1177/546
f 887/1177/547 888/1176/547 890/1178/547 889/1179/547
f 889/1179/548 890/1178/548 892/1180/548 891/1181/548
f 891/1181/549 892/1180/549 894/1182/549 893/1183/549
f 893/1183/550 894/1182/550 896/1184/550 895/1185/550
f 895/1185/551 896/1184/551 898/1186/551 897/1187/551
f 897/1187/552 898/1186/552 900/1188/552 899/1189/552
f 899/1189/553 900/1188/553 902/1190/553 901/1191/553
f 901/1191/554 902/1190/554 904/1192/554 903/1193/554
f 903/1193/555 904/1192/555 906/1194/555 905/1195/555
f 816/1196/556 814/1197/556 908/1198/556 906/1199/556 904/1200/556 902/1201/556 900/1202/556 898/1203/556 896/1204/556 894/1205/556 892/1206/556 890/1207/556 888/1208/556 886/1209/556 884/1210/556 882/1211/556 880/1212/556 878/1213/556 876/1214/556 874/1215/556 872/1216/556 870/1217/556 868/1218/556 866/1219/556 864/1220/556 862/1221/556 860/1222/556 858/1223/556 856/1224/556 854/1225/556 852/1226/556 850/1227/556 848/1228/556 846/1229/556 844/1230/556 842/1231/556 840/1232/556 838/1233/556 836/1234/556 834/1235/556 832/1236/556 830/1237/556 828/1238/556 826/1239/556 824/1240/556 822/1241/556 820/1242/556 818/1243/556
f 905/1195/557 906/1194/557 908/1244/557 907/1245/557
f 907/1245/558 908/1244/558 814/1246/558 813/1247/558
f 813/1248/559 815/1249/559 817/1250/559 819/1251/559 821/1252/559 823/1253/559 825/1254/559 827/1255/559 829/1256/559 831/1257/559 833/1258/559 835/1259/559 837/1260/559 839/1261/559 841/1262/559 843/1263/559 845/1264/559 847/1265/559 849/1266/559 851/1267/559 853/1268/559 855/1269/559 857/1270/559 859/1271/559 861/1272/559 863/1273/559 865/1274/559 867/1275/559 869/1276/559 871/1277/559 873/1278/559 875/1279/559 877/1280/559 879/1281/559 881/1282/559 883/1283/559 885/1284/559 887/1285/559 889/1286/559 891/1287/559 893/1288/559 895/1289/559 897/1290/559 899/1291/559 901/1292/559 903/1293/559 905/1294/559 907/1295/559
o amethyst_base_label
v 0.399690 -0.183218 0.763505
v 0.399690 -0.284905 0.796545
v 0.382050 -0.284905 0.796545
v 0.382050 -0.183218 0.763505
v 0.339570 -0.183218 0.763505
v 0.339570 -0.168153 0.758610
v 0.442170 -0.168153 0.758610
v 0.442170 -0.183218 0.763505
v 0.323288 -0.191615 0.766233
v 0.320707 -0.189662 0.765599
v 0.318150 -0.187960 0.765046
v 0.315623 -0.186496 0.764570
v 0.313132 -0.185255 0.764167
v 0.310680 -0.184224 0.763832
v 0.308273 -0.183388 0.763560
v 0.305917 -0.182736 0.763348
v 0.303615 -0.182252 0.763191
v 0.301373 -0.181924 0.763084
v 0.299197 -0.181736 0.763024
v 0.297090 -0.181677 0.763004
v 0.294325 -0.181793 0.763042
v 0.291712 -0.182134 0.763153
v 0.289268 -0.182688 0.763333
v 0.287010 -0.183446 0.763579
v 0.284954 -0.184397 0.763888
v 0.283117 -0.185529 0.764256
v 0.281517 -0.186832 0.764679
v 0.280170 -0.188296 0.765155
v 0.279093 -0.189910 0.765679
v 0.278302 -0.191663 0.766249
v 0.277816 -0.193544 0.766860
v 0.277650 -0.195543 0.767510
v 0.278695 -0.200710 0.769189
v 0.281583 -0.205138 0.770627
v 0.285947 -0.209035 0.771894
v 0.291417 -0.212612 0.773056
v 0.297624 -0.216076 0.774181
v 0.304200 -0.219639 0.775339
v 0.310776 -0.223507 0.776596
v 0.316983 -0.227892 0.778020
v 0.322453 -0.233002 0.779681
v 0.326817 -0.239046 0.781645
v 0.329705 -0.246234 0.783980
v 0.330750 -0.254775 0.786755
v 0.330452 -0.259246 0.788208
v 0.329578 -0.263481 0.789584
v 0.328162 -0.267451 0.790874
v 0.326237 -0.271127 0.792068
v 0.323833 -0.274480 0.793158
v 0.320985 -0.277479 0.794132
v 0.317724 -0.280098 0.794983
v 0.314083 -0.282305 0.795700
v 0.310095 -0.284073 0.796275
v 0.305792 -0.285372 0.796697
v 0.301206 -0.286172 0.796957
v 0.296370 -0.286445 0.797046
v 0.293091 -0.286374 0.797022
v 0.289911 -0.286158 0.796952
v 0.286822 -0.285796 0.796834
v 0.283817 -0.285285 0.796669
v 0.280889 -0.284625 0.796454
v 0.278033 -0.283813 0.796190
v 0.275239 -0.282848 0.795877
v 0.272503 -0.281728 0.795513
v 0.269817 -0.280451 0.795098
v 0.267174 -0.279015 0.794631
v 0.264567 -0.277419 0.794113
v 0.261990 -0.275661 0.793541
v 0.261990 -0.254433 0.786644
v 0.264288 -0.257068 0.787500
v 0.266678 -0.259493 0.788288
v 0.269153 -0.261703 0.789006
v 0.271710 -0.263696 0.789654
v 0.274342 -0.265468 0.790230
v 0.277043 -0.267015 0.790732
v 0.279807 -0.268334 0.791161
v 0.282630 -0.269422 0.791514
v 0.285505 -0.270273 0.791791
v 0.288428 -0.270886 0.791990
v 0.291391 -0.271257 0.792110
v 0.294390 -0.271381 0.792151
v 0.297657 -0.271215 0.792097
v 0.300620 -0.270742 0.791943
v 0.303283 -0.269995 0.791701
v 0.305650 -0.269009 0.791380
v 0.307724 -0.267819 0.790994
v 0.309510 -0.266459 0.790552
v 0.311011 -0.264963 0.790066
v 0.312230 -0.263367 0.789547
v 0.313172 -0.261703 0.789006
v 0.313840 -0.260008 0.788455
v 0.314238 -0.258315 0.787905
v 0.314370 -0.256658 0.787367
v 0.313325 -0.251040 0.785542
v 0.310437 -0.246138 0.783949
v 0.306073 -0.241776 0.782531
v 0.300603 -0.237777 0.781232
v 0.294396 -0.233966 0.779994
v 0.287820 -0.230167 0.778759
v 0.281244 -0.226204 0.777472
v 0.275037 -0.221900 0.776074
v 0.269567 -0.217081 0.774508
v 0.265203 -0.211570 0.772717
v 0.262315 -0.205192 0.770645
v 0.261270 -0.197769 0.768233
v 0.261573 -0.193164 0.766737
v 0.262467 -0.188863 0.765339
v 0.263928 -0.184884 0.764046
v 0.265930 -0.181246 0.762864
v 0.268450 -0.177967 0.761799
v 0.271462 -0.175065 0.760856
v 0.274944 -0.172559 0.760042
v 0.278870 -0.170467 0.759362
v 0.283216 -0.168808 0.758823
v 0.287957 -0.167601 0.758431
v 0.293070 -0.166862 0.758191
v 0.298530 -0.166612 0.758109
v 0.300870 -0.166669 0.758128
v 0.303207 -0.166841 0.758184
v 0.305539 -0.167126 0.758276
v 0.307863 -0.167525 0.758406
v 0.310178 -0.168039 0.758573
v 0.312480 -0.168667 0.758777
v 0.314767 -0.169408 0.759018
v 0.317037 -0.170264 0.759296
v 0.319286 -0.171234 0.759611
v 0.321513 -0.172319 0.759964
v 0.323715 -0.173517 0.760353
v 0.325890 -0.174829 0.760779
v 0.325890 -0.193832 0.766954
v 0.254070 -0.168153 0.758610
v 0.208530 -0.223276 0.776521
v 0.208530 -0.284905 0.796545
v 0.190890 -0.284905 0.796545
v 0.190890 -0.223105 0.776465
v 0.145350 -0.168153 0.758610
v 0.166590 -0.168153 0.758610
v 0.199530 -0.208383 0.771681
v 0.232830 -0.168153 0.758610
v 0.114030 -0.284905 0.796545
v 0.114030 -0.234061 0.780025
v 0.045270 -0.234061 0.780025
v 0.045270 -0.284905 0.796545
v 0.027630 -0.284905 0.796545
v 0.027630 -0.168153 0.758610
v 0.045270 -0.168153 0.758610
v 0.045270 -0.218997 0.775130
v 0.114030 -0.218997 0.775130
v 0.114030 -0.168153 0.758610
v 0.131670 -0.168153 0.758610
v 0.131670 -0.284905 0.796545
v -0.031410 -0.183218 0.763505
v -0.031410 -0.284905 0.796545
v -0.049050 -0.284905 0.796545
v -0.049050 -0.183218 0.763505
v -0.091530 -0.183218 0.763505
v -0.091530 -0.168153 0.758610
v 0.011070 -0.168153 0.758610
v 0.011070 -0.183218 0.763505
v -0.153450 -0.183218 0.763505
v -0.153450 -0.218483 0.774963
v -0.103230 -0.218483 0.774963
v -0.103230 -0.233548 0.779858
v -0.153450 -0.233548 0.779858
v -0.153450 -0.269840 0.791650
v -0.099810 -0.269840 0.791650
v -0.099810 -0.284905 0.796545
v -0.171090 -0.284905 0.796545
v -0.171090 -0.168153 0.758610
v -0.101430 -0.168153 0.758610
v -0.101430 -0.183218 0.763505
v -0.215190 -0.284905 0.796545
v -0.215190 -0.194003 0.767009
v -0.215550 -0.194003 0.767009
v -0.253350 -0.239197 0.781694
v -0.256230 -0.239197 0.781694
v -0.294030 -0.194003 0.767009
v -0.294390 -0.194003 0.767009
v -0.294390 -0.284905 0.796545
v -0.312030 -0.284905 0.796545
v -0.312030 -0.168153 0.758610
v -0.295470 -0.168153 0.758610
v -0.254790 -0.216086 0.774185
v -0.213930 -0.168153 0.758610
v -0.197550 -0.168153 0.758610
v -0.197550 -0.284905 0.796545
v -0.343170 -0.284905 0.796545
v -0.359550 -0.250496 0.785365
v -0.411750 -0.250496 0.785365
v -0.427230 -0.284905 0.796545
v -0.445230 -0.284905 0.796545
v -0.392490 -0.167468 0.758388
v -0.380070 -0.167468 0.758388
v -0.325170 -0.284905 0.796545
v -0.366750 -0.235431 0.780470
v -0.386550 -0.193147 0.766731
v -0.404910 -0.235431 0.780470
v 0.399690 -0.196122 0.723789
v 0.399690 -0.297809 0.756829
v 0.382050 -0.297809 0.756829
v 0.382050 -0.196122 0.723789
v 0.339570 -0.196122 0.723789
v 0.339570 -0.181058 0.718894
v 0.442170 -0.181058 0.718894
v 0.442170 -0.196122 0.723789
v 0.323288 -0.204519 0.726517
v 0.320707 -0.202567 0.725883
v 0.318150 -0.200865 0.725330
v 0.315623 -0.199400 0.724854
v 0.313132 -0.198159 0.724451
v 0.310680 -0.197128 0.724116
v 0.308273 -0.196293 0.723844
v 0.305917 -0.195640 0.723632
v 0.303615 -0.195157 0.723475
v 0.301373 -0.194828 0.723368
v 0.299197 -0.194641 0.723307
v 0.297090 -0.194582 0.723288
v 0.294325 -0.194698 0.723326
v 0.291712 -0.195038 0.723436
v 0.289268 -0.195593 0.723617
v 0.287010 -0.196351 0.723863
v 0.284954 -0.197301 0.724172
v 0.283117 -0.198433 0.724540
v 0.281517 -0.199737 0.724963
v 0.280170 -0.201201 0.725439
v 0.279093 -0.202815 0.725963
v 0.278302 -0.204568 0.726533
v 0.277816 -0.206449 0.727144
v 0.277650 -0.208448 0.727794
v 0.278695 -0.213615 0.729472
v 0.281583 -0.218043 0.730911
v 0.285947 -0.221940 0.732177
v 0.291417 -0.225516 0.733339
v 0.297624 -0.228981 0.734465
v 0.304200 -0.232543 0.735623
v 0.310776 -0.236412 0.736880
v 0.316983 -0.240797 0.738304
v 0.322453 -0.245907 0.739965
v 0.326817 -0.251951 0.741929
v 0.329705 -0.259139 0.744264
v 0.330750 -0.267680 0.747039
v 0.330452 -0.272151 0.748492
v 0.329578 -0.276386 0.749868
v 0.328162 -0.280356 0.751158
v 0.326237 -0.284032 0.752352
v 0.323833 -0.287384 0.753442
v 0.320985 -0.290384 0.754416
v 0.317724 -0.293002 0.755267
v 0.314083 -0.295210 0.755984
v 0.310095 -0.296977 0.756559
v 0.305792 -0.298276 0.756981
v 0.301206 -0.299077 0.757241
v 0.296370 -0.299350 0.757329
v 0.293091 -0.299278 0.757306
v 0.289911 -0.299062 0.757236
v 0.286822 -0.298700 0.757118
v 0.283817 -0.298190 0.756952
v 0.280889 -0.297530 0.756738
v 0.278033 -0.296718 0.756474
v 0.275239 -0.295753 0.756161
v 0.272503 -0.294633 0.755797
v 0.269817 -0.293356 0.755382
v 0.267174 -0.291920 0.754915
v 0.264567 -0.290324 0.754397
v 0.261990 -0.288565 0.753825
v 0.261990 -0.267337 0.746928
v 0.264288 -0.269973 0.747784
v 0.266678 -0.272397 0.748572
v 0.269153 -0.274608 0.749290
v 0.271710 -0.276601 0.749938
v 0.274342 -0.278373 0.750513
v 0.277043 -0.279920 0.751016
v 0.279807 -0.281239 0.751445
v 0.282630 -0.282326 0.751798
v 0.285505 -0.283178 0.752075
v 0.288428 -0.283791 0.752274
v 0.291391 -0.284161 0.752394
v 0.294390 -0.284285 0.752435
v 0.297657 -0.284120 0.752381
v 0.300620 -0.283646 0.752227
v 0.303283 -0.282900 0.751984
v 0.305650 -0.281914 0.751664
v 0.307724 -0.280724 0.751277
v 0.309510 -0.279364 0.750835
v 0.311011 -0.277868 0.750349
v 0.312230 -0.276271 0.749831
v 0.313172 -0.274608 0.749290
v 0.313840 -0.272912 0.748739
v 0.314238 -0.271219 0.748189
v 0.314370 -0.269563 0.747651
v 0.313325 -0.263945 0.745826
v 0.310437 -0.259043 0.744233
v 0.306073 -0.254680 0.742815
v 0.300603 -0.250681 0.741516
v 0.294396 -0.246870 0.740278
v 0.287820 -0.243071 0.739043
v 0.281244 -0.239108 0.737756
v 0.275037 -0.234805 0.736358
v 0.269567 -0.229986 0.734792
v 0.265203 -0.224475 0.733001
v 0.262315 -0.218096 0.730928
v 0.261270 -0.210674 0.728517
v 0.261573 -0.206069 0.727021
v 0.262467 -0.201768 0.725623
v 0.263928 -0.197789 0.724330
v 0.265930 -0.194150 0.723148
v 0.268450 -0.190871 0.722083
v 0.271462 -0.187969 0.721140
v 0.274944 -0.185463 0.720325
v 0.278870 -0.183372 0.719646
v 0.283216 -0.181713 0.719107
v 0.287957 -0.180505 0.718714
v 0.293070 -0.179767 0.718475
v 0.298530 -0.179517 0.718393
v 0.300870 -0.179574 0.718412
v 0.303207 -0.179745 0.718467
v 0.305539 -0.180030 0.718560
v 0.307863 -0.180430 0.718690
v 0.310178 -0.180943 0.718857
v 0.312480 -0.181571 0.719061
v 0.314767 -0.182313 0.719302
v 0.317037 -0.183169 0.719580
v 0.319286 -0.184139 0.719895
v 0.321513 -0.185223 0.720247
v 0.323715 -0.186422 0.720637
v 0.325890 -0.187734 0.721063
v 0.325890 -0.206736 0.727237
v 0.254070 -0.181058 0.718894
v 0.208530 -0.236181 0.736805
v 0.208530 -0.297809 0.756829
v 0.190890 -0.297809 0.756829
v 0.190890 -0.236010 0.736749
v 0.145350 -0.181058 0.718894
v 0.166590 -0.181058 0.718894
v 0.199530 -0.221287 0.731965
v 0.232830 -0.181058 0.718894
v 0.114030 -0.297809 0.756829
v 0.114030 -0.246966 0.740309
v 0.045270 -0.246966 0.740309
v 0.045270 -0.297809 0.756829
v 0.027630 -0.297809 0.756829
v 0.027630 -0.181058 0.718894
v 0.045270 -0.181058 0.718894
v 0.045270 -0.231901 0.735414
v 0.114030 -0.231901 0.735414
v 0.114030 -0.181058 0.718894
v 0.131670 -0.181058 0.718894
v 0.131670 -0.297809 0.756829
v -0.031410 -0.196122 0.723789
v -0.031410 -0.297809 0.756829
v -0.049050 -0.297809 0.756829
v -0.049050 -0.196122 0.723789
v -0.091530 -0.196122 0.723789
v -0.091530 -0.181058 0.718894
v 0.011070 -0.181058 0.718894
v 0.011070 -0.196122 0.723789
v -0.153450 -0.196122 0.723789
v -0.153450 -0.231388 0.735247
v -0.103230 -0.231388 0.735247
v -0.103230 -0.246452 0.740142
v -0.153450 -0.246452 0.740142
v -0.153450 -0.282745 0.751934
v -0.099810 -0.282745 0.751934
v -0.099810 -0.297809 0.756829
v -0.171090 -0.297809 0.756829
v -0.171090 -0.181058 0.718894
v -0.101430 -0.181058 0.718894
v -0.101430 -0.196122 0.723789
v -0.215190 -0.297809 0.756829
v -0.215190 -0.206907 0.727293
v -0.215550 -0.206907 0.727293
v -0.253350 -0.252102 0.741978
v -0.256230 -0.252102 0.741978
v -0.294030 -0.206907 0.727293
v -0.294390 -0.206907 0.727293
v -0.294390 -0.297809 0.756829
v -0.312030 -0.297809 0.756829
v -0.312030 -0.181058 0.718894
v -0.295470 -0.181058 0.718894
v -0.254790 -0.228991 0.734468
v -0.213930 -0.181058 0.718894
v -0.197550 -0.181058 0.718894
v -0.197550 -0.297809 0.756829
v -0.343170 -0.297809 0.756829
v -0.359550 -0.263400 0.745649
v -0.411750 -0.263400 0.745649
v -0.427230 -0.297809 0.756829
v -0.445230 -0.297809 0.756829
v -0.392490 -0.180373 0.718671
v -0.380070 -0.180373 0.718671
v -0.325170 -0.297809 0.756829
v -0.366750 -0.248335 0.740754
v -0.386550 -0.206051 0.727015
v -0.404910 -0.248335 0.740754
v -0.343170 -0.297809 0.756829
v -0.343744 -0.298612 0.757238
v -0.344262 -0.299249 0.757875
v -0.344673 -0.299658 0.758678
v -0.344937 -0.299799 0.759568
v -0.345028 -0.299658 0.760458
v -0.345028 -0.288534 0.794696
v -0.344937 -0.288125 0.795499
v -0.344673 -0.287488 0.796136
v -0.344262 -0.286685 0.796545
v -0.343744 -0.285795 0.796686
v -0.343170 -0.284905 0.796545
v -0.359550 -0.263400 0.745649
v -0.360124 -0.264203 0.746058
v -0.360642 -0.264840 0.746695
v -0.361053 -0.265249 0.747498
v -0.361317 -0.265390 0.748388
v -0.361408 -0.265249 0.749278
v -0.361408 -0.254125 0.783516
v -0.361317 -0.253715 0.784319
v -0.361053 -0.253078 0.784956
v -0.360642 -0.252275 0.785365
v -0.360124 -0.251386 0.785506
v -0.359550 -0.250496 0.785365
v -0.411750 -0.263400 0.745649
v -0.411163 -0.264203 0.746058
v -0.410633 -0.264840 0.746695
v -0.410213 -0.265249 0.747498
v -0.409943 -0.265390 0.748388
v -0.409850 -0.265249 0.749278
v -0.409850 -0.254125 0.783516
v -0.409943 -0.253715 0.784319
v -0.410213 -0.253078 0.784956
v -0.410633 -0.252275 0.785365
v -0.411163 -0.251386 0.785506
v -0.411750 -0.250496 0.785365
v -0.427230 -0.297809 0.756829
v -0.426643 -0.298612 0.757238
v -0.426113 -0.299249 0.757875
v -0.425693 -0.299658 0.758678
v -0.425423 -0.299799 0.759568
v -0.425330 -0.299658 0.760458
v -0.425330 -0.288534 0.794696
v -0.425423 -0.288125 0.795499
v -0.425693 -0.287488 0.796136
v -0.426113 -0.286685 0.796545
v -0.426643 -0.285795 0.796686
v -0.427230 -0.284905 0.796545
v -0.445230 -0.297809 0.756829
v -0.446578 -0.298612 0.757238
v -0.447794 -0.299249 0.757875
v -0.448759 -0.299658 0.758678
v -0.449378 -0.299799 0.759568
v -0.449592 -0.299658 0.760458
v -0.449592 -0.288534 0.794696
v -0.449378 -0.288125 0.795499
v -0.448759 -0.287488 0.796136
v -0.447794 -0.286685 0.796545
v -0.446578 -0.285795 0.796686
v -0.445230 -0.284905 0.796545
v -0.392490 -0.180373 0.718671
v -0.393078 -0.179483 0.718530
v -0.393608 -0.178593 0.718671
v -0.394028 -0.177790 0.719081
v -0.394299 -0.177153 0.719718
v -0.394392 -0.176744 0.720520
v -0.394392 -0.165619 0.754759
v -0.394299 -0.165478 0.755648
v -0.394028 -0.165619 0.756539
v -0.393608 -0.166028 0.757341
v -0.393078 -0.166665 0.757978
v -0.392490 -0.167468 0.758388
v -0.380070 -0.180373 0.718671
v -0.379492 -0.179483 0.718530
v -0.378970 -0.178593 0.718671
v -0.378556 -0.177790 0.719081
v -0.378290 -0.177153 0.719718
v -0.378199 -0.176744 0.720520
v -0.378199 -0.165619 0.754759
v -0.378290 -0.165478 0.755648
v -0.378556 -0.165619 0.756539
v -0.378970 -0.166028 0.757341
v -0.379492 -0.166665 0.757978
v -0.380070 -0.167468 0.758388
v -0.325170 -0.297809 0.756829
v -0.323800 -0.298612 0.757238
v -0.322565 -0.299249 0.757875
v -0.321584 -0.299658 0.758678
v -0.320955 -0.299799 0.759568
v -0.320738 -0.299658 0.760458
v -0.320738 -0.288534 0.794696
v -0.320955 -0.288125 0.795499
v -0.321584 -0.287488 0.796136
v -0.322565 -0.286685 0.796545
v -0.323800 -0.285795 0.796686
v -0.325170 -0.284905 0.796545
v -0.366750 -0.248335 0.740754
v -0.368121 -0.247445 0.740613
v -0.369357 -0.246555 0.740754
v -0.370338 -0.245753 0.741163
v -0.370968 -0.245115 0.741800
v -0.371185 -0.244706 0.742603
v -0.371185 -0.233582 0.776841
v -0.370968 -0.233441 0.777731
v -0.370338 -0.233582 0.778621
v -0.369357 -0.233991 0.779424
v -0.368121 -0.234628 0.780061
v -0.366750 -0.235431 0.780470
v -0.386550 -0.206051 0.727015
v -0.386519 -0.208154 0.727846
v -0.386491 -0.209964 0.728865
v -0.386469 -0.211304 0.729970
v -0.386455 -0.212043 0.731054
v -0.386450 -0.212107 0.732011
v -0.386450 -0.200983 0.766249
v -0.386455 -0.200368 0.766985
v -0.386469 -0.199133 0.767428
v -0.386491 -0.197400 0.767534
v -0.386519 -0.195337 0.767294
v -0.386550 -0.193147 0.766731
v -0.404910 -0.248335 0.740754
v -0.403580 -0.247445 0.740613
v -0.402380 -0.246555 0.740754
v -0.401427 -0.245753 0.741163
v -0.400816 -0.245115 0.741800
v -0.400605 -0.244706 0.742603
v -0.400605 -0.233582 0.776841
v -0.400816 -0.233441 0.777731
v -0.401427 -0.233582 0.778621
v -0.402380 -0.233991 0.779424
v -0.403580 -0.234628 0.780061
v -0.404910 -0.235431 0.780470
v -0.215190 -0.297809 0.756829
v -0.216080 -0.298612 0.757238
v -0.216883 -0.299249 0.757875
v -0.217520 -0.299658 0.758678
v -0.217929 -0.299799 0.759568
v -0.218070 -0.299658 0.760458
v -0.218070 -0.288534 0.794696
v -0.217929 -0.288125 0.795499
v -0.217520 -0.287488 0.796136
v -0.216883 -0.286685 0.796545
v -0.216080 -0.285795 0.796686
v -0.215190 -0.284905 0.796545
v -0.215190 -0.206907 0.727293
v -0.216080 -0.207710 0.727702
v -0.216883 -0.208347 0.728339
v -0.217520 -0.208756 0.729142
v -0.217929 -0.208897 0.730032
v -0.218070 -0.208756 0.730922
v -0.218070 -0.197632 0.765160
v -0.217929 -0.197223 0.765963
v -0.217520 -0.196586 0.766600
v -0.216883 -0.195783 0.767009
v -0.216080 -0.194893 0.767150
v -0.215190 -0.194003 0.767009
v -0.215550 -0.206907 0.727293
v -0.215121 -0.207710 0.727702
v -0.214734 -0.208347 0.728339
v -0.214426 -0.208756 0.729142
v -0.214229 -0.208897 0.730032
v -0.214161 -0.208756 0.730922
v -0.214161 -0.197632 0.765160
v -0.214229 -0.197223 0.765963
v -0.214426 -0.196586 0.766600
v -0.214734 -0.195783 0.767009
v -0.215121 -0.194893 0.767150
v -0.215550 -0.194003 0.767009
v -0.253350 -0.252102 0.741978
v -0.252921 -0.252904 0.742387
v -0.252534 -0.253542 0.743024
v -0.252226 -0.253951 0.743827
v -0.252029 -0.254092 0.744717
v -0.251961 -0.253951 0.745607
v -0.251961 -0.242826 0.779845
v -0.252029 -0.242417 0.780647
v -0.252226 -0.241780 0.781285
v -0.252534 -0.240977 0.781694
v -0.252921 -0.240087 0.781835
v -0.253350 -0.239197 0.781694
v -0.256230 -0.252102 0.741978
v -0.256659 -0.252904 0.742387
v -0.257047 -0.253542 0.743024
v -0.257354 -0.253951 0.743827
v -0.257551 -0.254092 0.744717
v -0.257619 -0.253951 0.745607
v -0.257619 -0.242826 0.779845
v -0.257551 -0.242417 0.780647
v -0.257354 -0.241780 0.781285
v -0.257047 -0.240977 0.781694
v -0.256659 -0.240087 0.781835
v -0.256230 -0.239197 0.781694
v -0.294030 -0.206907 0.727293
v -0.294459 -0.207710 0.727702
v -0.294847 -0.208347 0.728339
v -0.295154 -0.208756 0.729142
v -0.295351 -0.208897 0.730032
v -0.295419 -0.208756 0.730922
v -0.295419 -0.197632 0.765160
v -0.295351 -0.197223 0.765963
v -0.295154 -0.196586 0.766600
v -0.294847 -0.195783 0.767009
v -0.294459 -0.194893 0.767150
v -0.294030 -0.194003 0.767009
v -0.294390 -0.206907 0.727293
v -0.293500 -0.207710 0.727702
v -0.292697 -0.208347 0.728339
v -0.292060 -0.208756 0.729142
v -0.291651 -0.208897 0.730032
v -0.291510 -0.208756 0.730922
v -0.291510 -0.197632 0.765160
v -0.291651 -0.197223 0.765963
v -0.292060 -0.196586 0.766600
v -0.292697 -0.195783 0.767009
v -0.293500 -0.194893 0.767150
v -0.294390 -0.194003 0.767009
v -0.294390 -0.297809 0.756829
v -0.293500 -0.298612 0.757238
v -0.292697 -0.299249 0.757875
v -0.292060 -0.299658 0.758678
v -0.291651 -0.299799 0.759568
v -0.291510 -0.299658 0.760458
v -0.291510 -0.288534 0.794696
v -0.291651 -0.288125 0.795499
v -0.292060 -0.287488 0.796136
v -0.292697 -0.286685 0.796545
v -0.293500 -0.285795 0.796686
v -0.294390 -0.284905 0.796545
v -0.312030 -0.297809 0.756829
v -0.312920 -0.298612 0.757238
v -0.313723 -0.299249 0.757875
v -0.314360 -0.299658 0.758678
v -0.314769 -0.299799 0.759568
v -0.314910 -0.299658 0.760458
v -0.314910 -0.288534 0.794696
v -0.314769 -0.288125 0.795499
v -0.314360 -0.287488 0.796136
v -0.313723 -0.286685 0.796545
v -0.312920 -0.285795 0.796686
v -0.312030 -0.284905 0.796545
v -0.312030 -0.181058 0.718894
v -0.312920 -0.180168 0.718753
v -0.313723 -0.179278 0.718894
v -0.314360 -0.178475 0.719303
v -0.314769 -0.177838 0.719940
v -0.314910 -0.177429 0.720743
v -0.314910 -0.166304 0.754981
v -0.314769 -0.166163 0.755871
v -0.314360 -0.166304 0.756761
v -0.313723 -0.166713 0.757564
v -0.312920 -0.167350 0.758201
v -0.312030 -0.168153 0.758610
v -0.295470 -0.181058 0.718894
v -0.295045 -0.180168 0.718753
v -0.294661 -0.179278 0.718894
v -0.294356 -0.178475 0.719303
v -0.294161 -0.177838 0.719940
v -0.294094 -0.177429 0.720743
v -0.294094 -0.166304 0.754981
v -0.294161 -0.166163 0.755871
v -0.294356 -0.166304 0.756761
v -0.294661 -0.166713 0.757564
v -0.295045 -0.167350 0.758201
v -0.295470 -0.168153 0.758610
v -0.254790 -0.228991 0.734468
v -0.254789 -0.227601 0.734165
v -0.254787 -0.226261 0.734160
v -0.254786 -0.225101 0.734453
v -0.254785 -0.224234 0.735015
v -0.254785 -0.223746 0.735792
v -0.254785 -0.212621 0.770030
v -0.254785 -0.212559 0.770946
v -0.254786 -0.212930 0.771911
v -0.254787 -0.213696 0.772830
v -0.254789 -0.214784 0.773613
v -0.254790 -0.216086 0.774185
v -0.213930 -0.181058 0.718894
v -0.214354 -0.180168 0.718753
v -0.214737 -0.179278 0.718894
v -0.215041 -0.178475 0.719303
v -0.215236 -0.177838 0.719940
v -0.215303 -0.177429 0.720743
v -0.215303 -0.166304 0.754981
v -0.215236 -0.166163 0.755871
v -0.215041 -0.166304 0.756761
v -0.214737 -0.166713 0.757564
v -0.214354 -0.167350 0.758201
v -0.213930 -0.168153 0.758610
v -0.197550 -0.181058 0.718894
v -0.196660 -0.180168 0.718753
v -0.195857 -0.179278 0.718894
v -0.195220 -0.178475 0.719303
v -0.194811 -0.177838 0.719940
v -0.194670 -0.177429 0.720743
v -0.194670 -0.166304 0.754981
v -0.194811 -0.166163 0.755871
v -0.195220 -0.166304 0.756761
v -0.195857 -0.166713 0.757564
v -0.196660 -0.167350 0.758201
v -0.197550 -0.168153 0.758610
v -0.197550 -0.297809 0.756829
v -0.196660 -0.298612 0.757238
v -0.195857 -0.299249 0.757875
v -0.195220 -0.299658 0.758678
v -0.194811 -0.299799 0.759568
v -0.194670 -0.299658 0.760458
v -0.194670 -0.288534 0.794696
v -0.194811 -0.288125 0.795499
v -0.195220 -0.287488 0.796136
v -0.195857 -0.286685 0.796545
v -0.196660 -0.285795 0.796686
v -0.197550 -0.284905 0.796545
v -0.153450 -0.196122 0.723789
v -0.152560 -0.196925 0.724198
v -0.151757 -0.197562 0.724835
v -0.151120 -0.197971 0.725638
v -0.150711 -0.198112 0.726528
v -0.150570 -0.197971 0.727418
v -0.150570 -0.186847 0.761656
v -0.150711 -0.186438 0.762459
v -0.151120 -0.185801 0.763096
v -0.151757 -0.184998 0.763505
v -0.152560 -0.184108 0.763646
v -0.153450 -0.183218 0.763505
v -0.153450 -0.231388 0.735247
v -0.152560 -0.230498 0.735106
v -0.151757 -0.229608 0.735247
v -0.151120 -0.228805 0.735656
v -0.150711 -0.228168 0.736293
v -0.150570 -0.227759 0.737096
v -0.150570 -0.216634 0.771334
v -0.150711 -0.216493 0.772224
v -0.151120 -0.216634 0.773114
v -0.151757 -0.217043 0.773917
v -0.152560 -0.217680 0.774554
v -0.153450 -0.218483 0.774963
v -0.103230 -0.231388 0.735247
v -0.102340 -0.230498 0.735106
v -0.101537 -0.229608 0.735247
v -0.100900 -0.228805 0.735656
v -0.100491 -0.228168 0.736293
v -0.100350 -0.227759 0.737096
v -0.100350 -0.216634 0.771334
v -0.100491 -0.216493 0.772224
v -0.100900 -0.216634 0.773114
v -0.101537 -0.217043 0.773917
v -0.102340 -0.217680 0.774554
v -0.103230 -0.218483 0.774963
v -0.103230 -0.246452 0.740142
v -0.102340 -0.247255 0.740551
v -0.101537 -0.247892 0.741188
v -0.100900 -0.248301 0.741991
v -0.100491 -0.248442 0.742881
v -0.100350 -0.248301 0.743771
v -0.100350 -0.237177 0.778009
v -0.100491 -0.236768 0.778812
v -0.100900 -0.236131 0.779449
v -0.101537 -0.235328 0.779858
v -0.102340 -0.234438 0.779999
v -0.103230 -0.233548 0.779858
v -0.153450 -0.246452 0.740142
v -0.152560 -0.247255 0.740551
v -0.151757 -0.247892 0.741188
v -0.151120 -0.248301 0.741991
v -0.150711 -0.248442 0.742881
v -0.150570 -0.248301 0.743771
v -0.150570 -0.237177 0.778009
v -0.150711 -0.236768 0.778812
v -0.151120 -0.236131 0.779449
v -0.151757 -0.235328 0.779858
v -0.152560 -0.234438 0.779999
v -0.153450 -0.233548 0.779858
v -0.153450 -0.282745 0.751934
v -0.152560 -0.281855 0.751793
v -0.151757 -0.280965 0.751934
v -0.151120 -0.280162 0.752343
v -0.150711 -0.279525 0.752980
v -0.150570 -0.279116 0.753783
v -0.150570 -0.267991 0.788021
v -0.150711 -0.267850 0.788911
v -0.151120 -0.267991 0.789801
v -0.151757 -0.268400 0.790604
v -0.152560 -0.269037 0.791241
v -0.153450 -0.269840 0.791650
v -0.099810 -0.282745 0.751934
v -0.098920 -0.281855 0.751793
v -0.098117 -0.280965 0.751934
v -0.097480 -0.280162 0.752343
v -0.097071 -0.279525 0.752980
v -0.096930 -0.279116 0.753783
v -0.096930 -0.267991 0.788021
v -0.097071 -0.267850 0.788911
v -0.097480 -0.267991 0.789801
v -0.098117 -0.268400 0.790604
v -0.098920 -0.269037 0.791241
v -0.099810 -0.269840 0.791650
v -0.099810 -0.297809 0.756829
v -0.098920 -0.298612 0.757238
v -0.098117 -0.299249 0.757875
v -0.097480 -0.299658 0.758678
v -0.097071 -0.299799 0.759568
v -0.096930 -0.299658 0.760458
v -0.096930 -0.288534 0.794696
v -0.097071 -0.288125 0.795499
v -0.097480 -0.287488 0.796136
v -0.098117 -0.286685 0.796545
v -0.098920 -0.285795 0.796686
v -0.099810 -0.284905 0.796545
v -0.171090 -0.297809 0.756829
v -0.171980 -0.298612 0.757238
v -0.172783 -0.299249 0.757875
v -0.173420 -0.299658 0.758678
v -0.173829 -0.299799 0.759568
v -0.173970 -0.299658 0.760458
v -0.173970 -0.288534 0.794696
v -0.173829 -0.288125 0.795499
v -0.173420 -0.287488 0.796136
v -0.172783 -0.286685 0.796545
v -0.171980 -0.285795 0.796686
v -0.171090 -0.284905 0.796545
v -0.171090 -0.181058 0.718894
v -0.171980 -0.180168 0.718753
v -0.172783 -0.179278 0.718894
v -0.173420 -0.178475 0.719303
v -0.173829 -0.177838 0.719940
v -0.173970 -0.177429 0.720743
v -0.173970 -0.166304 0.754981
v -0.173829 -0.166163 0.755871
v -0.173420 -0.166304 0.756761
v -0.172783 -0.166713 0.757564
v -0.171980 -0.167350 0.758201
v -0.171090 -0.168153 0.758610
v -0.101430 -0.181058 0.718894
v -0.100540 -0.180168 0.718753
v -0.099737 -0.179278 0.718894
v -0.099100 -0.178475 0.719303
v -0.098691 -0.177838 0.719940
v -0.098550 -0.177429 0.720743
v -0.098550 -0.166304 0.754981
v -0.098691 -0.166163 0.755871
v -0.099100 -0.166304 0.756761
v -0.099737 -0.166713 0.757564
v -0.100540 -0.167350 0.758201
v -0.101430 -0.168153 0.758610
v -0.101430 -0.196122 0.723789
v -0.100540 -0.196925 0.724198
v -0.099737 -0.197562 0.724835
v -0.099100 -0.197971 0.725638
v -0.098691 -0.198112 0.726528
v -0.098550 -0.197971 0.727418
v -0.098550 -0.186847 0.761656
v -0.098691 -0.186438 0.762459
v -0.099100 -0.185801 0.763096
v -0.099737 -0.184998 0.763505
v -0.100540 -0.184108 0.763646
v -0.101430 -0.183218 0.763505
v -0.031410 -0.196122 0.723789
v -0.030520 -0.196925 0.724198
v -0.029717 -0.197562 0.724835
v -0.029080 -0.197971 0.725638
v -0.028671 -0.198112 0.726528
v -0.028530 -0.197971 0.727418
v -0.028530 -0.186847 0.761656
v -0.028671 -0.186438 0.762459
v -0.029080 -0.185801 0.763096
v -0.029717 -0.184998 0.763505
v -0.030520 -0.184108 0.763646
v -0.031410 -0.183218 0.763505
v -0.031410 -0.297809 0.756829
v -0.030520 -0.298612 0.757238
v -0.029717 -0.299249 0.757875
v -0.029080 -0.299658 0.758678
v -0.028671 -0.299799 0.759568
v -0.028530 -0.299658 0.760458
v -0.028530 -0.288534 0.794696
v -0.028671 -0.288125 0.795499
v -0.029080 -0.287488 0.796136
v -0.029717 -0.286685 0.796545
v -0.030520 -0.285795 0.796686
v -0.031410 -0.284905 0.796545
v -0.049050 -0.297809 0.756829
v -0.049940 -0.298612 0.757238
v -0.050743 -0.299249 0.757875
v -0.051380 -0.299658 0.758678
v -0.051789 -0.299799 0.759568
v -0.051930 -0.299658 0.760458
v -0.051930 -0.288534 0.794696
v -0.051789 -0.288125 0.795499
v -0.051380 -0.287488 0.796136
v -0.050743 -0.286685 0.796545
v -0.049940 -0.285795 0.796686
v -0.049050 -0.284905 0.796545
v -0.049050 -0.196122 0.723789
v -0.049940 -0.196925 0.724198
v -0.050743 -0.197562 0.724835
v -0.051380 -0.197971 0.725638
v -0.051789 -0.198112 0.726528
v -0.051930 -0.197971 0.727418
v -0.051930 -0.186847 0.761656
v -0.051789 -0.186438 0.762459
v -0.051380 -0.185801 0.763096
v -0.050743 -0.184998 0.763505
v -0.049940 -0.184108 0.763646
v -0.049050 -0.183218 0.763505
v -0.091530 -0.196122 0.723789
v -0.092420 -0.196925 0.724198
v -0.093223 -0.197562 0.724835
v -0.093860 -0.197971 0.725638
v -0.094269 -0.198112 0.726528
v -0.094410 -0.197971 0.727418
v -0.094410 -0.186847 0.761656
v -0.094269 -0.186438 0.762459
v -0.093860 -0.185801 0.763096
v -0.093223 -0.184998 0.763505
v -0.092420 -0.184108 0.763646
v -0.091530 -0.183218 0.763505
v -0.091530 -0.181058 0.718894
v -0.092420 -0.180168 0.718753
v -0.093223 -0.179278 0.718894
v -0.093860 -0.178475 0.719303
v -0.094269 -0.177838 0.719940
v -0.094410 -0.177429 0.720743
v -0.094410 -0.166304 0.754981
v -0.094269 -0.166163 0.755871
v -0.093860 -0.166304 0.756761
v -0.093223 -0.166713 0.757564
v -0.092420 -0.167350 0.758201
v -0.091530 -0.168153 0.758610
v 0.011070 -0.181058 0.718894
v 0.011960 -0.180168 0.718753
v 0.012763 -0.179278 0.718894
v 0.013400 -0.178475 0.719303
v 0.013809 -0.177838 0.719940
v 0.013950 -0.177429 0.720743
v 0.013950 -0.166304 0.754981
v 0.013809 -0.166163 0.755871
v 0.013400 -0.166304 0.756761
v 0.012763 -0.166713 0.757564
v 0.011960 -0.167350 0.758201
v 0.011070 -0.168153 0.758610
v 0.011070 -0.196122 0.723789
v 0.011960 -0.196925 0.724198
v 0.012763 -0.197562 0.724835
v 0.013400 -0.197971 0.725638
v 0.013809 -0.198112 0.726528
v 0.013950 -0.197971 0.727418
v 0.013950 -0.186847 0.761656
v 0.013809 -0.186438 0.762459
v 0.013400 -0.185801 0.763096
v 0.012763 -0.184998 0.763505
v 0.011960 -0.184108 0.763646
v 0.011070 -0.183218 0.763505
v 0.114030 -0.297809 0.756829
v 0.113140 -0.298612 0.757238
v 0.112337 -0.299249 0.757875
v 0.111700 -0.299658 0.758678
v 0.111291 -0.299799 0.759568
v 0.111150 -0.299658 0.760458
v 0.111150 -0.288534 0.794696
v 0.111291 -0.288125 0.795499
v 0.111700 -0.287488 0.796136
v 0.112337 -0.286685 0.796545
v 0.113140 -0.285795 0.796686
v 0.114030 -0.284905 0.796545
v 0.114030 -0.246966 0.740309
v 0.113140 -0.247769 0.740718
v 0.112337 -0.248406 0.741355
v 0.111700 -0.248815 0.742158
v 0.111291 -0.248956 0.743048
v 0.111150 -0.248815 0.743938
v 0.111150 -0.237690 0.778176
v 0.111291 -0.237281 0.778979
v 0.111700 -0.236644 0.779616
v 0.112337 -0.235841 0.780025
v 0.113140 -0.234951 0.780166
v 0.114030 -0.234061 0.780025
v 0.045270 -0.246966 0.740309
v 0.046160 -0.247769 0.740718
v 0.046963 -0.248406 0.741355
v 0.047600 -0.248815 0.742158
v 0.048009 -0.248956 0.743048
v 0.048150 -0.248815 0.743938
v 0.048150 -0.237690 0.778176
v 0.048009 -0.237281 0.778979
v 0.047600 -0.236644 0.779616
v 0.046963 -0.235841 0.780025
v 0.046160 -0.234951 0.780166
v 0.045270 -0.234061 0.780025
v 0.045270 -0.297809 0.756829
v 0.046160 -0.298612 0.757238
v 0.046963 -0.299249 0.757875
v 0.047600 -0.299658 0.758678
v 0.048009 -0.299799 0.759568
v 0.048150 -0.299658 0.760458
v 0.048150 -0.288534 0.794696
v 0.048009 -0.288125 0.795499
v 0.047600 -0.287488 0.796136
v 0.046963 -0.286685 0.796545
v 0.046160 -0.285795 0.796686
v 0.045270 -0.284905 0.796545
v 0.027630 -0.297809 0.756829
v 0.026740 -0.298612 0.757238
v 0.025937 -0.299249 0.757875
v 0.025300 -0.299658 0.758678
v 0.024891 -0.299799 0.759568
v 0.024750 -0.299658 0.760458
v 0.024750 -0.288534 0.794696
v 0.024891 -0.288125 0.795499
v 0.025300 -0.287488 0.796136
v 0.025937 -0.286685 0.796545
v 0.026740 -0.285795 0.796686
v 0.027630 -0.284905 0.796545
v 0.027630 -0.181058 0.718894
v 0.026740 -0.180168 0.718753
v 0.025937 -0.179278 0.718894
v 0.025300 -0.178475 0.719303
v 0.024891 -0.177838 0.719940
v 0.024750 -0.177429 0.720743
v 0.024750 -0.166304 0.754981
v 0.024891 -0.166163 0.755871
v 0.025300 -0.166304 0.756761
v 0.025937 -0.166713 0.757564
v 0.026740 -0.167350 0.758201
v 0.027630 -0.168153 0.758610
v 0.045270 -0.181058 0.718894
v 0.046160 -0.180168 0.718753
v 0.046963 -0.179278 0.718894
v 0.047600 -0.178475 0.719303
v 0.048009 -0.177838 0.719940
v 0.048150 -0.177429 0.720743
v 0.048150 -0.166304 0.754981
v 0.048009 -0.166163 0.755871
v 0.047600 -0.166304 0.756761
v 0.046963 -0.166713 0.757564
v 0.046160 -0.167350 0.758201
v 0.045270 -0.168153 0.758610
v 0.045270 -0.231901 0.735414
v 0.046160 -0.231011 0.735273
v 0.046963 -0.230121 0.735414
v 0.047600 -0.229318 0.735823
v 0.048009 -0.228681 0.736460
v 0.048150 -0.228272 0.737263
v 0.048150 -0.217147 0.771501
v 0.048009 -0.217007 0.772391
v 0.047600 -0.217147 0.773281
v 0.046963 -0.217557 0.774084
v 0.046160 -0.218194 0.774721
v 0.045270 -0.218997 0.775130
v 0.114030 -0.231901 0.735414
v 0.113140 -0.231011 0.735273
v 0.112337 -0.230121 0.735414
v 0.111700 -0.229318 0.735823
v 0.111291 -0.228681 0.736460
v 0.111150 -0.228272 0.737263
v 0.111150 -0.217147 0.771501
v 0.111291 -0.217007 0.772391
v 0.111700 -0.217147 0.773281
v 0.112337 -0.217557 0.774084
v 0.113140 -0.218194 0.774721
v 0.114030 -0.218997 0.775130
v 0.114030 -0.181058 0.718894
v 0.113140 -0.180168 0.718753
v 0.112337 -0.179278 0.718894
v 0.111700 -0.178475 0.719303
v 0.111291 -0.177838 0.719940
v 0.111150 -0.177429 0.720743
v 0.111150 -0.166304 0.754981
v 0.111291 -0.166163 0.755871
v 0.111700 -0.166304 0.756761
v 0.112337 -0.166713 0.757564
v 0.113140 -0.167350 0.758201
v 0.114030 -0.168153 0.758610
v 0.131670 -0.181058 0.718894
v 0.132560 -0.180168 0.718753
v 0.133363 -0.179278 0.718894
v 0.134000 -0.178475 0.719303
v 0.134409 -0.177838 0.719940
v 0.134550 -0.177429 0.720743
v 0.134550 -0.166304 0.754981
v 0.134409 -0.166163 0.755871
v 0.134000 -0.166304 0.756761
v 0.133363 -0.166713 0.757564
v 0.132560 -0.167350 0.758201
v 0.131670 -0.168153 0.758610
v 0.131670 -0.297809 0.756829
v 0.132560 -0.298612 0.757238
v 0.133363 -0.299249 0.757875
v 0.134000 -0.299658 0.758678
v 0.134409 -0.299799 0.759568
v 0.134550 -0.299658 0.760458
v 0.134550 -0.288534 0.794696
v 0.134409 -0.288125 0.795499
v 0.134000 -0.287488 0.796136
v 0.133363 -0.286685 0.796545
v 0.132560 -0.285795 0.796686
v 0.131670 -0.284905 0.796545
v 0.254070 -0.181058 0.718894
v 0.255901 -0.180168 0.718753
v 0.257553 -0.179278 0.718894
v 0.258864 -0.178475 0.719303
v 0.259705 -0.177838 0.719940
v 0.259996 -0.177429 0.720743
v 0.259996 -0.166304 0.754981
v 0.259705 -0.166163 0.755871
v 0.258864 -0.166304 0.756761
v 0.257553 -0.166713 0.757564
v 0.255901 -0.167350 0.758201
v 0.254070 -0.168153 0.758610
v 0.208530 -0.236181 0.736805
v 0.209420 -0.236430 0.737034
v 0.210223 -0.236568 0.737509
v 0.210860 -0.236580 0.738183
v 0.211269 -0.236467 0.738990
v 0.211410 -0.236238 0.739851
v 0.211410 -0.225114 0.774089
v 0.211269 -0.224792 0.774921
v 0.210860 -0.224410 0.775641
v 0.210223 -0.224003 0.776178
v 0.209420 -0.223613 0.776482
v 0.208530 -0.223276 0.776521
v 0.208530 -0.297809 0.756829
v 0.209420 -0.298612 0.757238
v 0.210223 -0.299249 0.757875
v 0.210860 -0.299658 0.758678
v 0.211269 -0.299799 0.759568
v 0.211410 -0.299658 0.760458
v 0.211410 -0.288534 0.794696
v 0.211269 -0.288125 0.795499
v 0.210860 -0.287488 0.796136
v 0.210223 -0.286685 0.796545
v 0.209420 -0.285795 0.796686
v 0.208530 -0.284905 0.796545
v 0.190890 -0.297809 0.756829
v 0.190000 -0.298612 0.757238
v 0.189197 -0.299249 0.757875
v 0.188560 -0.299658 0.758678
v 0.188151 -0.299799 0.759568
v 0.188010 -0.299658 0.760458
v 0.188010 -0.288534 0.794696
v 0.188151 -0.288125 0.795499
v 0.188560 -0.287488 0.796136
v 0.189197 -0.286685 0.796545
v 0.190000 -0.285795 0.796686
v 0.190890 -0.284905 0.796545
v 0.190890 -0.236010 0.736749
v 0.190000 -0.236260 0.736978
v 0.189197 -0.236398 0.737453
v 0.188560 -0.236411 0.738128
v 0.188151 -0.236298 0.738935
v 0.188010 -0.236069 0.739797
v 0.188010 -0.224945 0.774035
v 0.188151 -0.224623 0.774866
v 0.188560 -0.224240 0.775586
v 0.189197 -0.223833 0.776123
v 0.190000 -0.223442 0.776426
v 0.190890 -0.223105 0.776465
v 0.145350 -0.181058 0.718894
v 0.143515 -0.180168 0.718753
v 0.141860 -0.179278 0.718894
v 0.140547 -0.178475 0.719303
v 0.139704 -0.177838 0.719940
v 0.139413 -0.177429 0.720743
v 0.139413 -0.166304 0.754981
v 0.139704 -0.166163 0.755871
v 0.140547 -0.166304 0.756761
v 0.141860 -0.166713 0.757564
v 0.143515 -0.167350 0.758201
v 0.145350 -0.168153 0.758610
v 0.166590 -0.181058 0.718894
v 0.167025 -0.180168 0.718753
v 0.167417 -0.179278 0.718894
v 0.167729 -0.178475 0.719303
v 0.167929 -0.177838 0.719940
v 0.167997 -0.177429 0.720743
v 0.167997 -0.166304 0.754981
v 0.167929 -0.166163 0.755871
v 0.167729 -0.166304 0.756761
v 0.167417 -0.166713 0.757564
v 0.167025 -0.167350 0.758201
v 0.166590 -0.168153 0.758610
v 0.199530 -0.221287 0.731965
v 0.199534 -0.219871 0.731653
v 0.199537 -0.218506 0.731640
v 0.199540 -0.217326 0.731927
v 0.199542 -0.216447 0.732485
v 0.199542 -0.215954 0.733261
v 0.199542 -0.204830 0.767499
v 0.199542 -0.204772 0.768416
v 0.199540 -0.205155 0.769385
v 0.199537 -0.205941 0.770310
v 0.199534 -0.207053 0.771101
v 0.199530 -0.208383 0.771681
v 0.232830 -0.181058 0.718894
v 0.232398 -0.180168 0.718753
v 0.232008 -0.179278 0.718894
v 0.231699 -0.178475 0.719303
v 0.231500 -0.177838 0.719940
v 0.231432 -0.177429 0.720743
v 0.231432 -0.166304 0.754981
v 0.231500 -0.166163 0.755871
v 0.231699 -0.166304 0.756761
v 0.232008 -0.166713 0.757564
v 0.232398 -0.167350 0.758201
v 0.232830 -0.168153 0.758610
v 0.323288 -0.204519 0.726517
v 0.322714 -0.205123 0.726861
v 0.322196 -0.205580 0.727440
v 0.321784 -0.205846 0.728196
v 0.321520 -0.205895 0.729057
v 0.321429 -0.205723 0.729936
v 0.321429 -0.194598 0.764174
v 0.321520 -0.194221 0.764988
v 0.321784 -0.193675 0.765654
v 0.322196 -0.193015 0.766110
v 0.322714 -0.192305 0.766309
v 0.323288 -0.191615 0.766233
v 0.320707 -0.202567 0.725883
v 0.320174 -0.203202 0.726237
v 0.319694 -0.203687 0.726825
v 0.319312 -0.203976 0.727589
v 0.319067 -0.204040 0.728454
v 0.318983 -0.203873 0.729335
v 0.318983 -0.192748 0.763573
v 0.319067 -0.192365 0.764385
v 0.319312 -0.191805 0.765047
v 0.319694 -0.191123 0.765495
v 0.320174 -0.190384 0.765685
v 0.320707 -0.189662 0.765599
v 0.318150 -0.200865 0.725330
v 0.317663 -0.201530 0.725694
v 0.317223 -0.202043 0.726291
v 0.316874 -0.202354 0.727062
v 0.316651 -0.202431 0.727931
v 0.316573 -0.202269 0.728814
v 0.316573 -0.191144 0.763052
v 0.316651 -0.190757 0.763862
v 0.316874 -0.190183 0.764520
v 0.317223 -0.189479 0.764961
v 0.317663 -0.188713 0.765142
v 0.318150 -0.187960 0.765046
v 0.315623 -0.199400 0.724854
v 0.315185 -0.200094 0.725227
v 0.314789 -0.200632 0.725832
v 0.314475 -0.200963 0.726610
v 0.314274 -0.201054 0.727484
v 0.314204 -0.200896 0.728368
v 0.314204 -0.189771 0.762606
v 0.314274 -0.189379 0.763414
v 0.314475 -0.188792 0.764068
v 0.314789 -0.188068 0.764502
v 0.315185 -0.187276 0.764675
v 0.315623 -0.186496 0.764570
v 0.313132 -0.198159 0.724451
v 0.312745 -0.198879 0.724833
v 0.312396 -0.199440 0.725445
v 0.312119 -0.199789 0.726229
v 0.311941 -0.199892 0.727106
v 0.311880 -0.199738 0.727992
v 0.311880 -0.188613 0.762230
v 0.311941 -0.188217 0.763037
v 0.312119 -0.187619 0.763687
v 0.312396 -0.186876 0.764115
v 0.312745 -0.186061 0.764280
v 0.313132 -0.185255 0.764167
v 0.310680 -0.197128 0.724116
v 0.310347 -0.197870 0.724505
v 0.310047 -0.198452 0.725124
v 0.309809 -0.198818 0.725913
v 0.309656 -0.198931 0.726794
v 0.309603 -0.198780 0.727681
v 0.309603 -0.187655 0.761919
v 0.309656 -0.187256 0.762725
v 0.309809 -0.186647 0.763371
v 0.310047 -0.185888 0.763794
v 0.310347 -0.185053 0.763953
v 0.310680 -0.184224 0.763832
v 0.308273 -0.196293 0.723844
v 0.307996 -0.197054 0.724240
v 0.307746 -0.197654 0.724865
v 0.307548 -0.198033 0.725658
v 0.307420 -0.198155 0.726542
v 0.307376 -0.198007 0.727430
v 0.307376 -0.186883 0.761667
v 0.307420 -0.186480 0.762473
v 0.307548 -0.185862 0.763116
v 0.307746 -0.185089 0.763535
v 0.307996 -0.184237 0.763688
v 0.308273 -0.183388 0.763560
v 0.305917 -0.195640 0.723632
v 0.305696 -0.196417 0.724033
v 0.305497 -0.197031 0.724662
v 0.305339 -0.197422 0.725459
v 0.305238 -0.197551 0.726345
v 0.305203 -0.197406 0.727234
v 0.305203 -0.186281 0.761472
v 0.305238 -0.185876 0.762276
v 0.305339 -0.185251 0.762917
v 0.305497 -0.184466 0.763332
v 0.305696 -0.183600 0.763481
v 0.305917 -0.182736 0.763348
v 0.303615 -0.195157 0.723475
v 0.303451 -0.195946 0.723880
v 0.303303 -0.196570 0.724513
v 0.303186 -0.196969 0.725312
v 0.303110 -0.197104 0.726200
v 0.303084 -0.196960 0.727089
v 0.303084 -0.185836 0.761327
v 0.303110 -0.185429 0.762131
v 0.303186 -0.184798 0.762770
v 0.303303 -0.184005 0.763182
v 0.303451 -0.183128 0.763328
v 0.303615 -0.182252 0.763191
v 0.301373 -0.194828 0.723368
v 0.301265 -0.195625 0.723775
v 0.301168 -0.196257 0.724411
v 0.301091 -0.196662 0.725212
v 0.301041 -0.196800 0.726101
v 0.301024 -0.196658 0.726991
v 0.301024 -0.185534 0.761229
v 0.301041 -0.185126 0.762032
v 0.301091 -0.184491 0.762670
v 0.301168 -0.183692 0.763081
v 0.301265 -0.182808 0.763223
v 0.301373 -0.181924 0.763084
v 0.299197 -0.194641 0.723307
v 0.299143 -0.195443 0.723716
v 0.299095 -0.196079 0.724353
v 0.299057 -0.196487 0.725156
v 0.299033 -0.196628 0.726045
v 0.299024 -0.196486 0.726935
v 0.299024 -0.185362 0.761173
v 0.299033 -0.184953 0.761976
v 0.299057 -0.184316 0.762614
v 0.299095 -0.183514 0.763023
v 0.299143 -0.182625 0.763164
v 0.299197 -0.181736 0.763024
v 0.297090 -0.194582 0.723288
v 0.297096 -0.195385 0.723697
v 0.297102 -0.196023 0.724335
v 0.297107 -0.196432 0.725138
v 0.297110 -0.196573 0.726028
v 0.297111 -0.196433 0.726918
v 0.297111 -0.185308 0.761156
v 0.297110 -0.184899 0.761959
v 0.297107 -0.184261 0.762596
v 0.297102 -0.183458 0.763005
v 0.297096 -0.182568 0.763145
v 0.297090 -0.181677 0.763004
v 0.294325 -0.194698 0.723326
v 0.294405 -0.195498 0.723734
v 0.294478 -0.196133 0.724370
v 0.294535 -0.196540 0.725173
v 0.294572 -0.196680 0.726062
v 0.294585 -0.196538 0.726952
v 0.294585 -0.185414 0.761190
v 0.294572 -0.185005 0.761993
v 0.294535 -0.184369 0.762631
v 0.294478 -0.183568 0.763040
v 0.294405 -0.182680 0.763182
v 0.294325 -0.181793 0.763042
v 0.291712 -0.195038 0.723436
v 0.291877 -0.195828 0.723841
v 0.292025 -0.196452 0.724474
v 0.292142 -0.196852 0.725274
v 0.292218 -0.196987 0.726162
v 0.292244 -0.196844 0.727051
v 0.292244 -0.185719 0.761289
v 0.292218 -0.185312 0.762093
v 0.292142 -0.184681 0.762732
v 0.292025 -0.183888 0.763144
v 0.291877 -0.183010 0.763289
v 0.291712 -0.182134 0.763153
v 0.289268 -0.195593 0.723617
v 0.289520 -0.196362 0.724015
v 0.289748 -0.196969 0.724642
v 0.289928 -0.197354 0.725437
v 0.290044 -0.197480 0.726322
v 0.290084 -0.197334 0.727211
v 0.290084 -0.186209 0.761449
v 0.290044 -0.185805 0.762253
v 0.289928 -0.185183 0.762895
v 0.289748 -0.184405 0.763312
v 0.289520 -0.183545 0.763463
v 0.289268 -0.182688 0.763333
v 0.287010 -0.196351 0.723863
v 0.287354 -0.197089 0.724251
v 0.287664 -0.197668 0.724869
v 0.287910 -0.198032 0.725657
v 0.288068 -0.198143 0.726538
v 0.288122 -0.197992 0.727424
v 0.288122 -0.186867 0.761662
v 0.288068 -0.186468 0.762469
v 0.287910 -0.185861 0.763115
v 0.287664 -0.185104 0.763539
v 0.287354 -0.184272 0.763699
v 0.287010 -0.183446 0.763579
v 0.284954 -0.197301 0.724172
v 0.285392 -0.197996 0.724546
v 0.285788 -0.198536 0.725151
v 0.286101 -0.198868 0.725929
v 0.286303 -0.198959 0.726803
v 0.286372 -0.198801 0.727687
v 0.286372 -0.187676 0.761925
v 0.286303 -0.187284 0.762734
v 0.286101 -0.186697 0.763387
v 0.285788 -0.185971 0.763821
v 0.285392 -0.185179 0.763994
v 0.284954 -0.184397 0.763888
v 0.283117 -0.198433 0.724540
v 0.283651 -0.199069 0.724895
v 0.284133 -0.199556 0.725483
v 0.284515 -0.199846 0.726247
v 0.284761 -0.199910 0.727112
v 0.284845 -0.199742 0.727993
v 0.284845 -0.188618 0.762231
v 0.284761 -0.188235 0.763043
v 0.284515 -0.187675 0.763705
v 0.284133 -0.186991 0.764153
v 0.283651 -0.186252 0.764343
v 0.283117 -0.185529 0.764256
v 0.281517 -0.199737 0.724963
v 0.282145 -0.200297 0.725293
v 0.282711 -0.200714 0.725859
v 0.283160 -0.200949 0.726605
v 0.283449 -0.200979 0.727459
v 0.283548 -0.200799 0.728337
v 0.283548 -0.189675 0.762575
v 0.283449 -0.189304 0.763390
v 0.283160 -0.188779 0.764063
v 0.282711 -0.188150 0.764529
v 0.282145 -0.187479 0.764741
v 0.281517 -0.186832 0.764679
v 0.280170 -0.201201 0.725439
v 0.280885 -0.201666 0.725738
v 0.281529 -0.201998 0.726276
v 0.282041 -0.202165 0.727001
v 0.282370 -0.202151 0.727840
v 0.282483 -0.201957 0.728713
v 0.282483 -0.190832 0.762951
v 0.282370 -0.190476 0.763771
v 0.282041 -0.189995 0.764459
v 0.281529 -0.189434 0.764946
v 0.280885 -0.188848 0.765186
v 0.280170 -0.188296 0.765155
v 0.279093 -0.202815 0.725963
v 0.279883 -0.203167 0.726226
v 0.280595 -0.203398 0.726731
v 0.281160 -0.203485 0.727429
v 0.281523 -0.203419 0.728252
v 0.281648 -0.203207 0.729119
v 0.281648 -0.192082 0.763357
v 0.281523 -0.191744 0.764183
v 0.281160 -0.191314 0.764887
v 0.280595 -0.190834 0.765401
v 0.279883 -0.190350 0.765674
v 0.279093 -0.189910 0.765679
v 0.278302 -0.204568 0.726533
v 0.279149 -0.204794 0.726754
v 0.279913 -0.204911 0.727223
v 0.280519 -0.204907 0.727891
v 0.280909 -0.204783 0.728695
v 0.281043 -0.204550 0.729555
v 0.281043 -0.193426 0.763793
v 0.280909 -0.193108 0.764626
v 0.280519 -0.192736 0.765349
v 0.279913 -0.192346 0.765893
v 0.279149 -0.191976 0.766203
v 0.278302 -0.191663 0.766249
v 0.277816 -0.206449 0.727144
v 0.278697 -0.206541 0.727322
v 0.279493 -0.206536 0.727751
v 0.280124 -0.206436 0.728388
v 0.280529 -0.206250 0.729172
v 0.280669 -0.205997 0.730025
v 0.280669 -0.194872 0.764263
v 0.280529 -0.194576 0.765103
v 0.280124 -0.194266 0.765846
v 0.279493 -0.193972 0.766421
v 0.278697 -0.193723 0.766770
v 0.277816 -0.193544 0.766860
v 0.277650 -0.208448 0.727794
v 0.278547 -0.208357 0.727912
v 0.279356 -0.208188 0.728287
v 0.279998 -0.207957 0.728882
v 0.280410 -0.207687 0.729639
v 0.280552 -0.207404 0.730483
v 0.280552 -0.196280 0.764721
v 0.280410 -0.196012 0.765570
v 0.279998 -0.195786 0.766340
v 0.279356 -0.195623 0.766957
v 0.278547 -0.195540 0.767360
v 0.277650 -0.195543 0.767510
v 0.278695 -0.213615 0.729472
v 0.279538 -0.213258 0.729505
v 0.280298 -0.212849 0.729802
v 0.280902 -0.212428 0.730335
v 0.281289 -0.212036 0.731052
v 0.281423 -0.211711 0.731882
v 0.281423 -0.200586 0.766120
v 0.281289 -0.200361 0.766983
v 0.280902 -0.200257 0.767793
v 0.280298 -0.200284 0.768472
v 0.279538 -0.200441 0.768953
v 0.278695 -0.200710 0.769189
v 0.281583 -0.218043 0.730911
v 0.282278 -0.217458 0.730869
v 0.282905 -0.216844 0.731100
v 0.283402 -0.216260 0.731580
v 0.283721 -0.215763 0.732263
v 0.283831 -0.215403 0.733082
v 0.283831 -0.204278 0.767320
v 0.283721 -0.204089 0.768194
v 0.283402 -0.204089 0.769038
v 0.282905 -0.204279 0.769770
v 0.282278 -0.204641 0.770317
v 0.281583 -0.205138 0.770627
v 0.285947 -0.221940 0.732177
v 0.286507 -0.221235 0.732097
v 0.287012 -0.220513 0.732292
v 0.287413 -0.219842 0.732744
v 0.287670 -0.219291 0.733409
v 0.287759 -0.218911 0.734221
v 0.287759 -0.207786 0.768459
v 0.287670 -0.207616 0.769340
v 0.287413 -0.207672 0.770202
v 0.287012 -0.207948 0.770962
v 0.286507 -0.208418 0.771545
v 0.285947 -0.209035 0.771894
v 0.291417 -0.225516 0.733339
v 0.291895 -0.224758 0.733241
v 0.292326 -0.223987 0.733421
v 0.292668 -0.223278 0.733861
v 0.292888 -0.222702 0.734517
v 0.292963 -0.222314 0.735327
v 0.292963 -0.211189 0.769565
v 0.292888 -0.211027 0.770448
v 0.292668 -0.211108 0.771319
v 0.292326 -0.211422 0.772091
v 0.291895 -0.211941 0.772689
v 0.291417 -0.212612 0.773056
v 0.297624 -0.228981 0.734465
v 0.298070 -0.228205 0.734361
v 0.298471 -0.227417 0.734535
v 0.298790 -0.226696 0.734971
v 0.298995 -0.226111 0.735625
v 0.299066 -0.225720 0.736434
v 0.299066 -0.214595 0.770672
v 0.298995 -0.214436 0.771556
v 0.298790 -0.214525 0.772429
v 0.298471 -0.214853 0.773205
v 0.298070 -0.215387 0.773809
v 0.297624 -0.216076 0.774181
v 0.304200 -0.232543 0.735623
v 0.304655 -0.231772 0.735520
v 0.305064 -0.230989 0.735696
v 0.305390 -0.230271 0.736132
v 0.305599 -0.229688 0.736787
v 0.305671 -0.229298 0.737596
v 0.305671 -0.218173 0.771834
v 0.305599 -0.218013 0.772718
v 0.305390 -0.218100 0.773590
v 0.305064 -0.218424 0.774366
v 0.304655 -0.218954 0.774968
v 0.304200 -0.219639 0.775339
v 0.310776 -0.236412 0.736880
v 0.311276 -0.235667 0.736786
v 0.311728 -0.234909 0.736970
v 0.312086 -0.234210 0.737412
v 0.312316 -0.233640 0.738071
v 0.312395 -0.233254 0.738882
v 0.312395 -0.222129 0.773120
v 0.312316 -0.221965 0.774002
v 0.312086 -0.222039 0.774870
v 0.311728 -0.222344 0.775639
v 0.311276 -0.222850 0.776234
v 0.310776 -0.223507 0.776596
v 0.316983 -0.240797 0.738304
v 0.317563 -0.240108 0.738229
v 0.318086 -0.239400 0.738429
v 0.318502 -0.238742 0.738885
v 0.318768 -0.238197 0.739552
v 0.318860 -0.237820 0.740366
v 0.318860 -0.226696 0.774603
v 0.318768 -0.226523 0.775483
v 0.318502 -0.226571 0.776343
v 0.318086 -0.226836 0.777099
v 0.317563 -0.227291 0.777677
v 0.316983 -0.227892 0.778020
v 0.322453 -0.245907 0.739965
v 0.323138 -0.245317 0.739921
v 0.323756 -0.244697 0.740150
v 0.324247 -0.244109 0.740629
v 0.324561 -0.243610 0.741311
v 0.324670 -0.243248 0.742129
v 0.324670 -0.232123 0.776367
v 0.324561 -0.231935 0.777242
v 0.324247 -0.231938 0.778087
v 0.323756 -0.232132 0.778820
v 0.323138 -0.232499 0.779369
v 0.322453 -0.233002 0.779681
v 0.326817 -0.251951 0.741929
v 0.327610 -0.251511 0.741934
v 0.328326 -0.251027 0.742207
v 0.328894 -0.250547 0.742721
v 0.329259 -0.250117 0.743425
v 0.329385 -0.249779 0.744251
v 0.329385 -0.238654 0.778489
v 0.329259 -0.238442 0.779356
v 0.328894 -0.238376 0.780179
v 0.328326 -0.238463 0.780877
v 0.327610 -0.238694 0.781382
v 0.326817 -0.239046 0.781645
v 0.329705 -0.259139 0.744264
v 0.330576 -0.258892 0.744332
v 0.331362 -0.258583 0.744662
v 0.331986 -0.258240 0.745220
v 0.332386 -0.257899 0.745954
v 0.332524 -0.257592 0.746790
v 0.332524 -0.246467 0.781028
v 0.332386 -0.246224 0.781884
v 0.331986 -0.246069 0.782678
v 0.331362 -0.246018 0.783332
v 0.330576 -0.246075 0.783780
v 0.329705 -0.246234 0.783980
v 0.330750 -0.267680 0.747039
v 0.331643 -0.267614 0.747166
v 0.332449 -0.267467 0.747549
v 0.333089 -0.267255 0.748149
v 0.333499 -0.266996 0.748910
v 0.333641 -0.266718 0.749755
v 0.333641 -0.255593 0.783993
v 0.333499 -0.255322 0.784840
v 0.333089 -0.255084 0.785607
v 0.332449 -0.254903 0.786218
v 0.331643 -0.254797 0.786614
v 0.330750 -0.254775 0.786755
v 0.330452 -0.272151 0.748492
v 0.331336 -0.272216 0.748661
v 0.332134 -0.272188 0.749082
v 0.332767 -0.272069 0.749713
v 0.333174 -0.271871 0.750493
v 0.333314 -0.271613 0.751345
v 0.333314 -0.260488 0.785583
v 0.333174 -0.260196 0.786424
v 0.332767 -0.259898 0.787171
v 0.332134 -0.259623 0.787752
v 0.331336 -0.259399 0.788109
v 0.330452 -0.259246 0.788208
v 0.329578 -0.276386 0.749868
v 0.330440 -0.276561 0.750073
v 0.331218 -0.276631 0.750526
v 0.331835 -0.276591 0.751183
v 0.332231 -0.276443 0.751979
v 0.332367 -0.276203 0.752837
v 0.332367 -0.265078 0.787075
v 0.332231 -0.264768 0.787910
v 0.331835 -0.264420 0.788641
v 0.331218 -0.264067 0.789196
v 0.330440 -0.263743 0.789521
v 0.329578 -0.263481 0.789584
v 0.328162 -0.280356 0.751158
v 0.328986 -0.280639 0.751398
v 0.329729 -0.280806 0.751883
v 0.330318 -0.280843 0.752564
v 0.330697 -0.280745 0.753377
v 0.330827 -0.280521 0.754240
v 0.330827 -0.269397 0.788478
v 0.330697 -0.269070 0.789308
v 0.330318 -0.268672 0.790022
v 0.329729 -0.268242 0.790552
v 0.328986 -0.267821 0.790846
v 0.328162 -0.267451 0.790874
v 0.326237 -0.284032 0.752352
v 0.327006 -0.284417 0.752626
v 0.327700 -0.284678 0.753141
v 0.328251 -0.284788 0.753846
v 0.328605 -0.284737 0.754674
v 0.328727 -0.284530 0.755543
v 0.328727 -0.273406 0.789781
v 0.328605 -0.273063 0.790605
v 0.328251 -0.272617 0.791304
v 0.327700 -0.272113 0.791810
v 0.327006 -0.271600 0.792074
v 0.326237 -0.271127 0.792068
v 0.323833 -0.287384 0.753442
v 0.324534 -0.287865 0.753746
v 0.325167 -0.288212 0.754289
v 0.325669 -0.288390 0.755017
v 0.325991 -0.288383 0.755859
v 0.326102 -0.288191 0.756732
v 0.326102 -0.277067 0.790970
v 0.325991 -0.276709 0.791789
v 0.325669 -0.276219 0.792475
v 0.325167 -0.275647 0.792959
v 0.324534 -0.275048 0.793194
v 0.323833 -0.274480 0.793158
v 0.320985 -0.290384 0.754416
v 0.321605 -0.290950 0.754748
v 0.322165 -0.291374 0.755316
v 0.322609 -0.291614 0.756064
v 0.322894 -0.291646 0.756919
v 0.322992 -0.291467 0.757796
v 0.322992 -0.280343 0.792034
v 0.322894 -0.279971 0.792849
v 0.322609 -0.279443 0.793522
v 0.322165 -0.278809 0.793986
v 0.321605 -0.278133 0.794196
v 0.320985 -0.277479 0.794132
v 0.317724 -0.293002 0.755267
v 0.318253 -0.293642 0.755623
v 0.318730 -0.294132 0.756212
v 0.319108 -0.294424 0.756977
v 0.319351 -0.294490 0.757843
v 0.319435 -0.294323 0.758724
v 0.319435 -0.283199 0.792962
v 0.319351 -0.282816 0.793774
v 0.319108 -0.282253 0.794435
v 0.318730 -0.281567 0.794882
v 0.318253 -0.280824 0.795071
v 0.317724 -0.280098 0.794983
v 0.314083 -0.295210 0.755984
v 0.314512 -0.295910 0.756360
v 0.314899 -0.296454 0.756967
v 0.315207 -0.296790 0.757746
v 0.315404 -0.296884 0.758621
v 0.315472 -0.296726 0.759505
v 0.315472 -0.285602 0.793743
v 0.315404 -0.285209 0.794551
v 0.315207 -0.284619 0.795204
v 0.314899 -0.283890 0.795637
v 0.314512 -0.283092 0.795808
v 0.314083 -0.282305 0.795700
v 0.310095 -0.296977 0.756559
v 0.310419 -0.297724 0.756949
v 0.310711 -0.298311 0.757570
v 0.310943 -0.298680 0.758360
v 0.311092 -0.298795 0.759241
v 0.311143 -0.298645 0.760129
v 0.311143 -0.287520 0.794367
v 0.311092 -0.287120 0.795172
v 0.310943 -0.286509 0.795818
v 0.310711 -0.285746 0.796240
v 0.310419 -0.284907 0.796397
v 0.310095 -0.284073 0.796275
v 0.305792 -0.298276 0.756981
v 0.306007 -0.299055 0.757382
v 0.306202 -0.299671 0.758012
v 0.306357 -0.300064 0.758810
v 0.306456 -0.300194 0.759696
v 0.306490 -0.300049 0.760585
v 0.306490 -0.288924 0.794823
v 0.306456 -0.288519 0.795627
v 0.306357 -0.287893 0.796268
v 0.306202 -0.287107 0.796682
v 0.306007 -0.286238 0.796830
v 0.305792 -0.285372 0.796697
v 0.301206 -0.299077 0.757241
v 0.301313 -0.299875 0.757648
v 0.301410 -0.300508 0.758284
v 0.301486 -0.300914 0.759086
v 0.301536 -0.301053 0.759975
v 0.301553 -0.300911 0.760865
v 0.301553 -0.289786 0.795103
v 0.301536 -0.289378 0.795906
v 0.301486 -0.288743 0.796544
v 0.301410 -0.287943 0.796954
v 0.301313 -0.287058 0.797096
v 0.301206 -0.286172 0.796957
v 0.296370 -0.299350 0.757329
v 0.296386 -0.300153 0.757739
v 0.296401 -0.300791 0.758376
v 0.296412 -0.301201 0.759179
v 0.296420 -0.301342 0.760069
v 0.296422 -0.301201 0.760959
v 0.296422 -0.290076 0.795197
v 0.296420 -0.289667 0.796000
v 0.296412 -0.289030 0.796637
v 0.296401 -0.288227 0.797046
v 0.296386 -0.287336 0.797187
v 0.296370 -0.286445 0.797046
v 0.293091 -0.299278 0.757306
v 0.293049 -0.300081 0.757715
v 0.293012 -0.300717 0.758352
v 0.292982 -0.301126 0.759155
v 0.292962 -0.301266 0.760045
v 0.292956 -0.301125 0.760934
v 0.292956 -0.290001 0.795173
v 0.292962 -0.289592 0.795975
v 0.292982 -0.288955 0.796613
v 0.293012 -0.288152 0.797022
v 0.293049 -0.287263 0.797163
v 0.293091 -0.286374 0.797022
v 0.289911 -0.299062 0.757236
v 0.289825 -0.299861 0.757644
v 0.289747 -0.300495 0.758280
v 0.289685 -0.300902 0.759082
v 0.289645 -0.301041 0.759971
v 0.289632 -0.300899 0.760861
v 0.289632 -0.289775 0.795099
v 0.289645 -0.289366 0.795902
v 0.289685 -0.288731 0.796540
v 0.289747 -0.287931 0.796950
v 0.289825 -0.287044 0.797092
v 0.289911 -0.286158 0.796952
v 0.286822 -0.298700 0.757118
v 0.286689 -0.299494 0.757524
v 0.286569 -0.300123 0.758159
v 0.286474 -0.300525 0.758960
v 0.286413 -0.300662 0.759848
v 0.286392 -0.300519 0.760738
v 0.286392 -0.289395 0.794976
v 0.286413 -0.288987 0.795779
v 0.286474 -0.288354 0.796418
v 0.286569 -0.287558 0.796829
v 0.286689 -0.286676 0.796972
v 0.286822 -0.285796 0.796834
v 0.283817 -0.298190 0.756952
v 0.283636 -0.298975 0.757356
v 0.283472 -0.299597 0.757988
v 0.283343 -0.299993 0.758787
v 0.283260 -0.300126 0.759674
v 0.283231 -0.299983 0.760563
v 0.283231 -0.288858 0.794801
v 0.283260 -0.288452 0.795605
v 0.283343 -0.287823 0.796245
v 0.283472 -0.287032 0.796658
v 0.283636 -0.286158 0.796804
v 0.283817 -0.285285 0.796669
v 0.280889 -0.297530 0.756738
v 0.280659 -0.298304 0.757138
v 0.280451 -0.298916 0.757767
v 0.280287 -0.299304 0.758563
v 0.280181 -0.299432 0.759449
v 0.280144 -0.299287 0.760337
v 0.280144 -0.288162 0.794575
v 0.280181 -0.287757 0.795379
v 0.280287 -0.287133 0.796021
v 0.280451 -0.286351 0.796437
v 0.280659 -0.285487 0.796586
v 0.280889 -0.284625 0.796454
v 0.278033 -0.296718 0.756474
v 0.277753 -0.297478 0.756870
v 0.277501 -0.298077 0.757494
v 0.277301 -0.298456 0.758287
v 0.277172 -0.298577 0.759171
v 0.277128 -0.298430 0.760059
v 0.277128 -0.287305 0.794297
v 0.277172 -0.286903 0.795102
v 0.277301 -0.286285 0.795745
v 0.277501 -0.285513 0.796164
v 0.277753 -0.284661 0.796318
v 0.278033 -0.283813 0.796190
v 0.275239 -0.295753 0.756161
v 0.274911 -0.296497 0.756551
v 0.274615 -0.297080 0.757170
v 0.274380 -0.297447 0.757959
v 0.274230 -0.297561 0.758841
v 0.274178 -0.297410 0.759727
v 0.274178 -0.286286 0.793965
v 0.274230 -0.285886 0.794771
v 0.274380 -0.285276 0.795417
v 0.274615 -0.284516 0.795840
v 0.274911 -0.283679 0.795999
v 0.275239 -0.282848 0.795877
v 0.272503 -0.294633 0.755797
v 0.272128 -0.295357 0.756180
v 0.271790 -0.295923 0.756794
v 0.271521 -0.296276 0.757579
v 0.271349 -0.296381 0.758457
v 0.271289 -0.296228 0.759343
v 0.271289 -0.285103 0.793581
v 0.271349 -0.284707 0.794388
v 0.271521 -0.284105 0.795037
v 0.271790 -0.283359 0.795464
v 0.272128 -0.282540 0.795628
v 0.272503 -0.281728 0.795513
v 0.269817 -0.293356 0.755382
v 0.269397 -0.294059 0.755758
v 0.269018 -0.294606 0.756366
v 0.268718 -0.294943 0.757146
v 0.268525 -0.295039 0.758021
v 0.268458 -0.294882 0.758906
v 0.268458 -0.283757 0.793144
v 0.268525 -0.283364 0.793952
v 0.268718 -0.282773 0.794604
v 0.269018 -0.282041 0.795036
v 0.269397 -0.281241 0.795206
v 0.269817 -0.280451 0.795098
v 0.267174 -0.291920 0.754915
v 0.266712 -0.292600 0.755284
v 0.266296 -0.293127 0.755886
v 0.265965 -0.293448 0.756660
v 0.265752 -0.293533 0.757532
v 0.265679 -0.293372 0.758415
v 0.265679 -0.282248 0.792653
v 0.265752 -0.281858 0.793463
v 0.265965 -0.281277 0.794118
v 0.266296 -0.280562 0.794556
v 0.266712 -0.279783 0.794733
v 0.267174 -0.279015 0.794631
v 0.264567 -0.290324 0.754397
v 0.264067 -0.290980 0.754758
v 0.263615 -0.291485 0.755352
v 0.263257 -0.291790 0.756121
v 0.263027 -0.291863 0.756989
v 0.262947 -0.291699 0.757872
v 0.262947 -0.280575 0.792110
v 0.263027 -0.280189 0.792920
v 0.263257 -0.279619 0.793579
v 0.263615 -0.278921 0.794022
v 0.264067 -0.278163 0.794206
v 0.264567 -0.277419 0.794113
v 0.261990 -0.288565 0.753825
v 0.261100 -0.288956 0.754100
v 0.260297 -0.289221 0.754617
v 0.259660 -0.289336 0.755324
v 0.259251 -0.289287 0.756152
v 0.259110 -0.289081 0.757021
v 0.259110 -0.277956 0.791259
v 0.259251 -0.277613 0.792083
v 0.259660 -0.277165 0.792782
v 0.260297 -0.276657 0.793287
v 0.261100 -0.276139 0.793548
v 0.261990 -0.275661 0.793541
v 0.261990 -0.267337 0.746928
v 0.261100 -0.264947 0.746300
v 0.260297 -0.262704 0.746001
v 0.259660 -0.260828 0.746061
v 0.259251 -0.259501 0.746474
v 0.259110 -0.258854 0.747200
v 0.259110 -0.247730 0.781438
v 0.259251 -0.247826 0.782405
v 0.259660 -0.248657 0.783519
v 0.260297 -0.250140 0.784671
v 0.261100 -0.252130 0.785748
v 0.261990 -0.254433 0.786644
v 0.264288 -0.269973 0.747784
v 0.264956 -0.269369 0.747736
v 0.265558 -0.268737 0.747961
v 0.266036 -0.268139 0.748437
v 0.266343 -0.267634 0.749117
v 0.266449 -0.267270 0.749934
v 0.266449 -0.256145 0.784172
v 0.266343 -0.255959 0.785048
v 0.266036 -0.255968 0.785895
v 0.265558 -0.256173 0.786631
v 0.264956 -0.256551 0.787184
v 0.264288 -0.257068 0.787500
v 0.266678 -0.272397 0.748572
v 0.267307 -0.271755 0.748511
v 0.267876 -0.271089 0.748725
v 0.268327 -0.270463 0.749192
v 0.268616 -0.269940 0.749866
v 0.268716 -0.269570 0.750682
v 0.268716 -0.258445 0.784920
v 0.268616 -0.258265 0.785797
v 0.268327 -0.258292 0.786650
v 0.267876 -0.258524 0.787395
v 0.267307 -0.258938 0.787960
v 0.266678 -0.259493 0.788288
v 0.269153 -0.274608 0.749290
v 0.269741 -0.273928 0.749217
v 0.270271 -0.273227 0.749420
v 0.270691 -0.272574 0.749878
v 0.270961 -0.272034 0.750546
v 0.271054 -0.271658 0.751360
v 0.271054 -0.260533 0.785598
v 0.270961 -0.260359 0.786477
v 0.270691 -0.260403 0.787336
v 0.270271 -0.260662 0.788090
v 0.269741 -0.261110 0.788665
v 0.269153 -0.261703 0.789006
v 0.271710 -0.276601 0.749938
v 0.272250 -0.275884 0.749853
v 0.272737 -0.275150 0.750045
v 0.273124 -0.274471 0.750494
v 0.273372 -0.273913 0.751157
v 0.273457 -0.273531 0.751969
v 0.273457 -0.262407 0.786207
v 0.273372 -0.262238 0.787088
v 0.273124 -0.262300 0.787952
v 0.272737 -0.262585 0.788715
v 0.272250 -0.263066 0.789301
v 0.271710 -0.263696 0.789654
v 0.274342 -0.278373 0.750513
v 0.274829 -0.277620 0.750417
v 0.275269 -0.276854 0.750598
v 0.275618 -0.276150 0.751040
v 0.275842 -0.275576 0.751697
v 0.275919 -0.275189 0.752507
v 0.275919 -0.264064 0.786745
v 0.275842 -0.263901 0.787628
v 0.275618 -0.263979 0.788498
v 0.275269 -0.264290 0.789268
v 0.274829 -0.264803 0.789865
v 0.274342 -0.265468 0.790230
v 0.277043 -0.279920 0.751016
v 0.277472 -0.279134 0.750909
v 0.277860 -0.278339 0.751081
v 0.278168 -0.277611 0.751514
v 0.278365 -0.277022 0.752167
v 0.278433 -0.276629 0.752975
v 0.278433 -0.265505 0.787213
v 0.278365 -0.265347 0.788098
v 0.278168 -0.265440 0.788972
v 0.277860 -0.265774 0.789751
v 0.277472 -0.266317 0.790357
v 0.277043 -0.267015 0.790732
v 0.279807 -0.281239 0.751445
v 0.280174 -0.280424 0.751328
v 0.280506 -0.279601 0.751491
v 0.280768 -0.278852 0.751917
v 0.280937 -0.278249 0.752566
v 0.280995 -0.277851 0.753372
v 0.280995 -0.266727 0.787610
v 0.280937 -0.266574 0.788497
v 0.280768 -0.266681 0.789375
v 0.280506 -0.267036 0.790161
v 0.280174 -0.267606 0.790776
v 0.279807 -0.268334 0.791161
v 0.282630 -0.282326 0.751798
v 0.282930 -0.281485 0.751673
v 0.283200 -0.280639 0.751828
v 0.283415 -0.279871 0.752249
v 0.283553 -0.279256 0.752893
v 0.283600 -0.278855 0.753698
v 0.283600 -0.267730 0.787936
v 0.283553 -0.267581 0.788824
v 0.283415 -0.267700 0.789707
v 0.283200 -0.268074 0.790498
v 0.282930 -0.268667 0.791121
v 0.282630 -0.269422 0.791514
v 0.285505 -0.283178 0.752075
v 0.285734 -0.282316 0.751943
v 0.285940 -0.281450 0.752092
v 0.286104 -0.280667 0.752507
v 0.286209 -0.280043 0.753149
v 0.286245 -0.279638 0.753953
v 0.286245 -0.268514 0.788191
v 0.286209 -0.268368 0.789079
v 0.286104 -0.268497 0.789965
v 0.285940 -0.268886 0.790762
v 0.285734 -0.269498 0.791391
v 0.285505 -0.270273 0.791791
v 0.288428 -0.283791 0.752274
v 0.288582 -0.282913 0.752137
v 0.288721 -0.282034 0.752281
v 0.288831 -0.281239 0.752693
v 0.288902 -0.280608 0.753332
v 0.288926 -0.280201 0.754136
v 0.288926 -0.269076 0.788374
v 0.288902 -0.268933 0.789263
v 0.288831 -0.269068 0.790151
v 0.288721 -0.269469 0.790951
v 0.288582 -0.270095 0.791585
v 0.288428 -0.270886 0.791990
v 0.291391 -0.284161 0.752394
v 0.291468 -0.283274 0.752254
v 0.291538 -0.282386 0.752396
v 0.291594 -0.281585 0.752805
v 0.291629 -0.280949 0.753443
v 0.291642 -0.280540 0.754246
v 0.291642 -0.269415 0.788484
v 0.291629 -0.269274 0.789374
v 0.291594 -0.269414 0.790263
v 0.291538 -0.269821 0.791066
v 0.291468 -0.270456 0.791702
v 0.291391 -0.271257 0.792110
v 0.294390 -0.284285 0.752435
v 0.294386 -0.283394 0.752293
v 0.294382 -0.282503 0.752434
v 0.294379 -0.281700 0.752843
v 0.294377 -0.281062 0.753480
v 0.294376 -0.280653 0.754283
v 0.294376 -0.269529 0.788521
v 0.294377 -0.269388 0.789411
v 0.294379 -0.269529 0.790301
v 0.294382 -0.269939 0.791104
v 0.294386 -0.270577 0.791741
v 0.294390 -0.271381 0.792151
v 0.297657 -0.284120 0.752381
v 0.297559 -0.283234 0.752241
v 0.297471 -0.282347 0.752383
v 0.297401 -0.281547 0.752793
v 0.297356 -0.280911 0.753431
v 0.297341 -0.280503 0.754234
v 0.297341 -0.269378 0.788472
v 0.297356 -0.269237 0.789362
v 0.297401 -0.269376 0.790251
v 0.297471 -0.269782 0.791053
v 0.297559 -0.270416 0.791689
v 0.297657 -0.271215 0.792097
v 0.300620 -0.283646 0.752227
v 0.300420 -0.282777 0.752093
v 0.300239 -0.281905 0.752240
v 0.300096 -0.281116 0.752653
v 0.300004 -0.280489 0.753293
v 0.299972 -0.280083 0.754097
v 0.299972 -0.268958 0.788335
v 0.300004 -0.268814 0.789224
v 0.300096 -0.268946 0.790111
v 0.300239 -0.269340 0.790909
v 0.300420 -0.269959 0.791541
v 0.300620 -0.270742 0.791943
v 0.303283 -0.282900 0.751984
v 0.302978 -0.282059 0.751860
v 0.302702 -0.281214 0.752015
v 0.302483 -0.280447 0.752436
v 0.302343 -0.279833 0.753080
v 0.302294 -0.279431 0.753886
v 0.302294 -0.268307 0.788124
v 0.302343 -0.268158 0.789011
v 0.302483 -0.268276 0.789894
v 0.302702 -0.268650 0.790685
v 0.302978 -0.269242 0.791308
v 0.303283 -0.269995 0.791701
v 0.305650 -0.281914 0.751664
v 0.305240 -0.281117 0.751553
v 0.304870 -0.280311 0.751722
v 0.304576 -0.279575 0.752153
v 0.304388 -0.278981 0.752804
v 0.304323 -0.278587 0.753611
v 0.304323 -0.267462 0.787849
v 0.304388 -0.267306 0.788734
v 0.304576 -0.267404 0.789611
v 0.304870 -0.267747 0.790392
v 0.305240 -0.268300 0.791001
v 0.305650 -0.269009 0.791380
v 0.307724 -0.280724 0.751277
v 0.307214 -0.279985 0.751185
v 0.306754 -0.279230 0.751371
v 0.306388 -0.278535 0.751815
v 0.306154 -0.277968 0.752474
v 0.306073 -0.277582 0.753285
v 0.306073 -0.266458 0.787523
v 0.306154 -0.266293 0.788405
v 0.306388 -0.266365 0.789273
v 0.306754 -0.266666 0.790040
v 0.307214 -0.267167 0.790633
v 0.307724 -0.267819 0.790994
v 0.309510 -0.279364 0.750835
v 0.308907 -0.278695 0.750766
v 0.308363 -0.278004 0.750972
v 0.307932 -0.277360 0.751433
v 0.307655 -0.276824 0.752103
v 0.307559 -0.276450 0.752917
v 0.307559 -0.265326 0.787155
v 0.307655 -0.265150 0.788034
v 0.307932 -0.265189 0.788891
v 0.308363 -0.265440 0.789642
v 0.308907 -0.265877 0.790214
v 0.309510 -0.266459 0.790552
v 0.311011 -0.277868 0.750349
v 0.310326 -0.277281 0.750307
v 0.309708 -0.276664 0.750537
v 0.309217 -0.276079 0.751016
v 0.308902 -0.275581 0.751699
v 0.308794 -0.275220 0.752517
v 0.308794 -0.264095 0.786755
v 0.308902 -0.263906 0.787630
v 0.309217 -0.263908 0.788474
v 0.309708 -0.264100 0.789207
v 0.310326 -0.264464 0.789755
v 0.311011 -0.264963 0.790066
v 0.312230 -0.276271 0.749831
v 0.311475 -0.275776 0.749818
v 0.310793 -0.275243 0.750075
v 0.310253 -0.274722 0.750576
v 0.309906 -0.274267 0.751272
v 0.309786 -0.273920 0.752095
v 0.309786 -0.262796 0.786333
v 0.309906 -0.262592 0.787203
v 0.310253 -0.262552 0.788034
v 0.310793 -0.262678 0.788745
v 0.311475 -0.262959 0.789266
v 0.312230 -0.263367 0.789547
v 0.313172 -0.274608 0.749290
v 0.312360 -0.274213 0.749310
v 0.311627 -0.273770 0.749596
v 0.311046 -0.273322 0.750121
v 0.310672 -0.272913 0.750832
v 0.310544 -0.272583 0.751660
v 0.310544 -0.261458 0.785898
v 0.310672 -0.261238 0.786763
v 0.311046 -0.261152 0.787579
v 0.311627 -0.261206 0.788266
v 0.312360 -0.261396 0.788758
v 0.313172 -0.261703 0.789006
v 0.313840 -0.272912 0.748739
v 0.312985 -0.272627 0.748795
v 0.312214 -0.272282 0.749113
v 0.311601 -0.271912 0.749662
v 0.311208 -0.271552 0.750390
v 0.311073 -0.271239 0.751224
v 0.311073 -0.260114 0.785462
v 0.311208 -0.259878 0.786321
v 0.311601 -0.259741 0.787120
v 0.312214 -0.259717 0.787783
v 0.312985 -0.259809 0.788243
v 0.313840 -0.260008 0.788455
v 0.314238 -0.271219 0.748189
v 0.313356 -0.271051 0.748283
v 0.312559 -0.270811 0.748635
v 0.311928 -0.270525 0.749212
v 0.311522 -0.270220 0.749957
v 0.311382 -0.269925 0.750797
v 0.311382 -0.258800 0.785035
v 0.311522 -0.258545 0.785888
v 0.311928 -0.258354 0.786670
v 0.312559 -0.258247 0.787305
v 0.313356 -0.258233 0.787731
v 0.314238 -0.258315 0.787905
v 0.314370 -0.269563 0.747651
v 0.313474 -0.269562 0.747799
v 0.312666 -0.269474 0.748200
v 0.312025 -0.269307 0.748816
v 0.311613 -0.269079 0.749586
v 0.311471 -0.268810 0.750435
v 0.311471 -0.257686 0.784673
v 0.311613 -0.257404 0.785517
v 0.312025 -0.257136 0.786274
v 0.312666 -0.256909 0.786870
v 0.313474 -0.256744 0.787247
v 0.314370 -0.256658 0.787367
v 0.313325 -0.263945 0.745826
v 0.312475 -0.264190 0.746054
v 0.311708 -0.264324 0.746527
v 0.311100 -0.264334 0.747200
v 0.310709 -0.264218 0.748007
v 0.310574 -0.263989 0.748868
v 0.310574 -0.252864 0.783106
v 0.310709 -0.252544 0.783938
v 0.311100 -0.252163 0.784658
v 0.311708 -0.251759 0.785197
v 0.312475 -0.251373 0.785502
v 0.313325 -0.251040 0.785542
v 0.310437 -0.259043 0.744233
v 0.309715 -0.259506 0.744531
v 0.309064 -0.259836 0.745069
v 0.308547 -0.260002 0.745793
v 0.308215 -0.259986 0.746632
v 0.308101 -0.259791 0.747504
v 0.308101 -0.248667 0.781742
v 0.308215 -0.248312 0.782563
v 0.308547 -0.247831 0.783251
v 0.309064 -0.247271 0.783739
v 0.309715 -0.246688 0.783979
v 0.310437 -0.246138 0.783949
v 0.306073 -0.254680 0.742815
v 0.305476 -0.255268 0.743154
v 0.304937 -0.255710 0.743728
v 0.304510 -0.255965 0.744481
v 0.304235 -0.256007 0.745339
v 0.304141 -0.255832 0.746218
v 0.304141 -0.244707 0.780456
v 0.304235 -0.244333 0.781270
v 0.304510 -0.243794 0.781939
v 0.304937 -0.243146 0.782398
v 0.305476 -0.242450 0.782602
v 0.306073 -0.241776 0.782531
v 0.300603 -0.250681 0.741516
v 0.300090 -0.251330 0.741875
v 0.299627 -0.251828 0.742467
v 0.299259 -0.252127 0.743234
v 0.299023 -0.252197 0.744101
v 0.298942 -0.252032 0.744983
v 0.298942 -0.240907 0.779221
v 0.299023 -0.240522 0.780032
v 0.299259 -0.239956 0.780692
v 0.299627 -0.239263 0.781137
v 0.300090 -0.238513 0.781323
v 0.300603 -0.237777 0.781232
v 0.294396 -0.246870 0.740278
v 0.293924 -0.247544 0.740645
v 0.293497 -0.248065 0.741244
v 0.293159 -0.248382 0.742017
v 0.292942 -0.248463 0.742888
v 0.292867 -0.248302 0.743771
v 0.292867 -0.237177 0.778009
v 0.292942 -0.236789 0.778819
v 0.293159 -0.236211 0.779475
v 0.293497 -0.235500 0.779914
v 0.293924 -0.234727 0.780093
v 0.294396 -0.233966 0.779994
v 0.287820 -0.243071 0.739043
v 0.287351 -0.243747 0.739411
v 0.286927 -0.244269 0.740011
v 0.286591 -0.244587 0.740784
v 0.286376 -0.244670 0.741655
v 0.286301 -0.244509 0.742539
v 0.286301 -0.233384 0.776777
v 0.286376 -0.232995 0.777586
v 0.286591 -0.232417 0.778242
v 0.286927 -0.231705 0.778681
v 0.287351 -0.230930 0.778859
v 0.287820 -0.230167 0.778759
v 0.281244 -0.239108 0.737756
v 0.280743 -0.239765 0.738117
v 0.280291 -0.240270 0.738712
v 0.279933 -0.240574 0.739480
v 0.279703 -0.240648 0.740349
v 0.279623 -0.240484 0.741231
v 0.279623 -0.229359 0.775469
v 0.279703 -0.228974 0.776279
v 0.279933 -0.228404 0.776938
v 0.280291 -0.227705 0.777381
v 0.280743 -0.226947 0.777565
v 0.281244 -0.226204 0.777472
v 0.275037 -0.234805 0.736358
v 0.274470 -0.235416 0.736704
v 0.273959 -0.235880 0.737285
v 0.273554 -0.236152 0.738043
v 0.273293 -0.236205 0.738905
v 0.273204 -0.236034 0.739785
v 0.273204 -0.224909 0.774023
v 0.273293 -0.224530 0.774836
v 0.273554 -0.223981 0.775501
v 0.273959 -0.223316 0.775955
v 0.274470 -0.222599 0.776152
v 0.275037 -0.221900 0.776074
v 0.269567 -0.229986 0.734792
v 0.268904 -0.230512 0.735111
v 0.268306 -0.230899 0.735667
v 0.267831 -0.231110 0.736405
v 0.267526 -0.231124 0.737254
v 0.267421 -0.230939 0.738130
v 0.267421 -0.219814 0.772368
v 0.267526 -0.219449 0.773185
v 0.267831 -0.218939 0.773863
v 0.268306 -0.218335 0.774337
v 0.268904 -0.217694 0.774559
v 0.269567 -0.217081 0.774508
v 0.265203 -0.224475 0.733001
v 0.264428 -0.224859 0.733274
v 0.263729 -0.225119 0.733789
v 0.263174 -0.225229 0.734494
v 0.262818 -0.225177 0.735322
v 0.262695 -0.224970 0.736190
v 0.262695 -0.213846 0.770428
v 0.262818 -0.213503 0.771253
v 0.263174 -0.213058 0.771952
v 0.263729 -0.212555 0.772459
v 0.264428 -0.212042 0.772722
v 0.265203 -0.211570 0.772717
v 0.262315 -0.218096 0.730928
v 0.261449 -0.218280 0.731137
v 0.260668 -0.218359 0.731592
v 0.260048 -0.218326 0.732251
v 0.259650 -0.218182 0.733049
v 0.259513 -0.217943 0.733907
v 0.259513 -0.206819 0.768145
v 0.259650 -0.206508 0.768980
v 0.260048 -0.206155 0.769709
v 0.260668 -0.205795 0.770262
v 0.261449 -0.205463 0.770585
v 0.262315 -0.205192 0.770645
v 0.261270 -0.210674 0.728517
v 0.260376 -0.210660 0.728661
v 0.259570 -0.210561 0.729058
v 0.258930 -0.210385 0.729671
v 0.258520 -0.210151 0.730439
v 0.258378 -0.209881 0.731287
v 0.258378 -0.198756 0.765525
v 0.258520 -0.198476 0.766370
v 0.258930 -0.198214 0.767129
v 0.259570 -0.197996 0.767728
v 0.260376 -0.197843 0.768109
v 0.261270 -0.197769 0.768233
v 0.261573 -0.206069 0.727021
v 0.260689 -0.205916 0.727119
v 0.259891 -0.205691 0.727476
v 0.259258 -0.205416 0.728057
v 0.258851 -0.205118 0.728804
v 0.258711 -0.204826 0.729645
v 0.258711 -0.193701 0.763883
v 0.258851 -0.193444 0.764735
v 0.259258 -0.193246 0.765515
v 0.259891 -0.193127 0.766146
v 0.260689 -0.193099 0.766567
v 0.261573 -0.193164 0.766737
v 0.262467 -0.201768 0.725623
v 0.261607 -0.201501 0.725685
v 0.260830 -0.201174 0.726009
v 0.260214 -0.200818 0.726563
v 0.259818 -0.200467 0.727293
v 0.259681 -0.200157 0.728128
v 0.259681 -0.189033 0.762366
v 0.259818 -0.188793 0.763224
v 0.260214 -0.188647 0.764021
v 0.260830 -0.188610 0.764678
v 0.261607 -0.188684 0.765133
v 0.262467 -0.188863 0.765339
v 0.263928 -0.197789 0.724330
v 0.263109 -0.197408 0.724355
v 0.262370 -0.196977 0.724645
v 0.261784 -0.196538 0.725172
v 0.261408 -0.196135 0.725885
v 0.261278 -0.195807 0.726714
v 0.261278 -0.184682 0.760952
v 0.261408 -0.184460 0.761816
v 0.261784 -0.184367 0.762630
v 0.262370 -0.184412 0.763315
v 0.263109 -0.184590 0.763803
v 0.263928 -0.184884 0.764046
v 0.265930 -0.194150 0.723148
v 0.265172 -0.193659 0.723136
v 0.264489 -0.193128 0.723394
v 0.263946 -0.192610 0.723896
v 0.263598 -0.192155 0.724592
v 0.263478 -0.191809 0.725416
v 0.263478 -0.180685 0.759654
v 0.263598 -0.180481 0.760523
v 0.263946 -0.180439 0.761354
v 0.264489 -0.180563 0.762064
v 0.265172 -0.180841 0.762584
v 0.265930 -0.181246 0.762864
v 0.268450 -0.190871 0.722083
v 0.267770 -0.190278 0.722038
v 0.267157 -0.189655 0.722266
v 0.266670 -0.189064 0.722744
v 0.266358 -0.188563 0.723425
v 0.266250 -0.188201 0.724243
v 0.266250 -0.177077 0.758481
v 0.266358 -0.176889 0.759356
v 0.266670 -0.176893 0.760202
v 0.267157 -0.177090 0.760936
v 0.267770 -0.177460 0.761486
v 0.268450 -0.177967 0.761799
v 0.271462 -0.187969 0.721140
v 0.270874 -0.187288 0.721066
v 0.270344 -0.186586 0.721268
v 0.269922 -0.185932 0.721726
v 0.269652 -0.185391 0.722394
v 0.269559 -0.185014 0.723208
v 0.269559 -0.173890 0.757446
v 0.269652 -0.173716 0.758325
v 0.269922 -0.173761 0.759184
v 0.270344 -0.174021 0.759938
v 0.270874 -0.174470 0.760514
v 0.271462 -0.175065 0.760856
v 0.274944 -0.185463 0.720325
v 0.274456 -0.184710 0.720229
v 0.274015 -0.183943 0.720410
v 0.273666 -0.183238 0.720851
v 0.273441 -0.182663 0.721508
v 0.273364 -0.182276 0.722318
v 0.273364 -0.171151 0.756556
v 0.273441 -0.170989 0.757439
v 0.273666 -0.171067 0.758309
v 0.274015 -0.171378 0.759080
v 0.274456 -0.171892 0.759677
v 0.274944 -0.172559 0.760042
v 0.278870 -0.183372 0.719646
v 0.278485 -0.182563 0.719531
v 0.278138 -0.181746 0.719696
v 0.277862 -0.181002 0.720124
v 0.277686 -0.180402 0.720773
v 0.277625 -0.180006 0.721580
v 0.277625 -0.168881 0.755818
v 0.277686 -0.168727 0.756704
v 0.277862 -0.168831 0.757582
v 0.278138 -0.169182 0.758366
v 0.278485 -0.169746 0.758979
v 0.278870 -0.170467 0.759362
v 0.283216 -0.181713 0.719107
v 0.282934 -0.180865 0.718980
v 0.282680 -0.180013 0.719133
v 0.282478 -0.179240 0.719552
v 0.282348 -0.178622 0.720195
v 0.282304 -0.178220 0.721000
v 0.282304 -0.167095 0.755238
v 0.282348 -0.166948 0.756126
v 0.282478 -0.167069 0.757010
v 0.282680 -0.167448 0.757803
v 0.282934 -0.168048 0.758428
v 0.283216 -0.168808 0.758823
v 0.287957 -0.180505 0.718714
v 0.287775 -0.179632 0.718579
v 0.287610 -0.178757 0.718725
v 0.287480 -0.177966 0.719138
v 0.287396 -0.177336 0.719777
v 0.287367 -0.176930 0.720581
v 0.287367 -0.165805 0.754819
v 0.287396 -0.165662 0.755708
v 0.287480 -0.165795 0.756596
v 0.287610 -0.166192 0.757395
v 0.287775 -0.166814 0.758027
v 0.287957 -0.167601 0.758431
v 0.293070 -0.179767 0.718475
v 0.292982 -0.178880 0.718335
v 0.292902 -0.177993 0.718476
v 0.292839 -0.177192 0.718886
v 0.292798 -0.176557 0.719524
v 0.292784 -0.176148 0.720327
v 0.292784 -0.165023 0.754565
v 0.292798 -0.164882 0.755455
v 0.292839 -0.165021 0.756344
v 0.292902 -0.165428 0.757146
v 0.292982 -0.166063 0.757783
v 0.293070 -0.166862 0.758191
v 0.298530 -0.179517 0.718393
v 0.298520 -0.178626 0.718252
v 0.298511 -0.177736 0.718393
v 0.298504 -0.176933 0.718802
v 0.298499 -0.176295 0.719439
v 0.298498 -0.175886 0.720242
v 0.298498 -0.164762 0.754480
v 0.298499 -0.164621 0.755370
v 0.298504 -0.164762 0.756260
v 0.298511 -0.165171 0.757063
v 0.298520 -0.165809 0.757700
v 0.298530 -0.166612 0.758109
v 0.300870 -0.179574 0.718412
v 0.300915 -0.178685 0.718271
v 0.300956 -0.177796 0.718412
v 0.300989 -0.176993 0.718822
v 0.301010 -0.176357 0.719459
v 0.301017 -0.175948 0.720262
v 0.301017 -0.164823 0.754500
v 0.301010 -0.164682 0.755390
v 0.300989 -0.164823 0.756280
v 0.300956 -0.165231 0.757082
v 0.300915 -0.165867 0.757719
v 0.300870 -0.166669 0.758128
v 0.303207 -0.179745 0.718467
v 0.303298 -0.178859 0.718328
v 0.303380 -0.177973 0.718470
v 0.303445 -0.177173 0.718880
v 0.303487 -0.176538 0.719518
v 0.303501 -0.176130 0.720321
v 0.303501 -0.165005 0.754559
v 0.303487 -0.164863 0.755449
v 0.303445 -0.165002 0.756338
v 0.303380 -0.165408 0.757140
v 0.303298 -0.166042 0.757776
v 0.303207 -0.166841 0.758184
v 0.305539 -0.180030 0.718560
v 0.305675 -0.179150 0.718422
v 0.305797 -0.178269 0.718566
v 0.305895 -0.177473 0.718978
v 0.305957 -0.176840 0.719616
v 0.305979 -0.176433 0.720419
v 0.305979 -0.165308 0.754657
v 0.305957 -0.165166 0.755547
v 0.305895 -0.165302 0.756435
v 0.305797 -0.165704 0.757236
v 0.305675 -0.166333 0.757870
v 0.305539 -0.167126 0.758276
v 0.307863 -0.180430 0.718690
v 0.308044 -0.179557 0.718555
v 0.308206 -0.178683 0.718701
v 0.308335 -0.177892 0.719114
v 0.308418 -0.177263 0.719754
v 0.308447 -0.176857 0.720557
v 0.308447 -0.165732 0.754795
v 0.308418 -0.165589 0.755684
v 0.308335 -0.165722 0.756572
v 0.308206 -0.166118 0.757371
v 0.308044 -0.166740 0.758003
v 0.307863 -0.167525 0.758406
v 0.310178 -0.180943 0.718857
v 0.310402 -0.180080 0.718725
v 0.310604 -0.179215 0.718874
v 0.310764 -0.178431 0.719289
v 0.310867 -0.177806 0.719930
v 0.310902 -0.177402 0.720734
v 0.310902 -0.166277 0.754972
v 0.310867 -0.166132 0.755861
v 0.310764 -0.166260 0.756747
v 0.310604 -0.166650 0.757543
v 0.310402 -0.167263 0.758173
v 0.310178 -0.168039 0.758573
v 0.312480 -0.181571 0.719061
v 0.312746 -0.180720 0.718932
v 0.312987 -0.179865 0.719085
v 0.313177 -0.179089 0.719503
v 0.313300 -0.178470 0.720146
v 0.313342 -0.178067 0.720950
v 0.313342 -0.166942 0.755188
v 0.313300 -0.166795 0.756076
v 0.313177 -0.166918 0.756961
v 0.312987 -0.167300 0.757755
v 0.312746 -0.167902 0.758380
v 0.312480 -0.168667 0.758777
v 0.314767 -0.182313 0.719302
v 0.315075 -0.181475 0.719178
v 0.315353 -0.180632 0.719334
v 0.315573 -0.179866 0.719755
v 0.315715 -0.179253 0.720400
v 0.315763 -0.178852 0.721206
v 0.315763 -0.167728 0.755444
v 0.315715 -0.167578 0.756331
v 0.315573 -0.167695 0.757213
v 0.315353 -0.168067 0.758004
v 0.315075 -0.168658 0.758626
v 0.314767 -0.169408 0.759018
v 0.317037 -0.183169 0.719580
v 0.317385 -0.182346 0.719461
v 0.317699 -0.181517 0.719621
v 0.317948 -0.180762 0.720046
v 0.318108 -0.180156 0.720693
v 0.318163 -0.179757 0.721500
v 0.318163 -0.168633 0.755738
v 0.318108 -0.168481 0.756624
v 0.317948 -0.168591 0.757504
v 0.317699 -0.168952 0.758291
v 0.317385 -0.169529 0.758909
v 0.317037 -0.170264 0.759296
v 0.319286 -0.184139 0.719895
v 0.319673 -0.183333 0.719781
v 0.320022 -0.182519 0.719947
v 0.320299 -0.181776 0.720376
v 0.320476 -0.181177 0.721025
v 0.320538 -0.180781 0.721832
v 0.320538 -0.169657 0.756070
v 0.320476 -0.169502 0.756956
v 0.320299 -0.169605 0.757833
v 0.320022 -0.169954 0.758617
v 0.319673 -0.170515 0.759229
v 0.319286 -0.171234 0.759611
v 0.321513 -0.185223 0.720247
v 0.321937 -0.184435 0.720140
v 0.322320 -0.183637 0.720310
v 0.322623 -0.182907 0.720743
v 0.322818 -0.182317 0.721396
v 0.322885 -0.181924 0.722204
v 0.322885 -0.170800 0.756442
v 0.322818 -0.170642 0.757326
v 0.322623 -0.170737 0.758201
v 0.322320 -0.171073 0.758980
v 0.321937 -0.171618 0.759588
v 0.321513 -0.172319 0.759964
v 0.323715 -0.186422 0.720637
v 0.324175 -0.185653 0.720535
v 0.324590 -0.184873 0.720712
v 0.324919 -0.184157 0.721149
v 0.325130 -0.183575 0.721804
v 0.325203 -0.183185 0.722614
v 0.325203 -0.172061 0.756852
v 0.325130 -0.171901 0.757735
v 0.324919 -0.171986 0.758607
v 0.324590 -0.172308 0.759382
v 0.324175 -0.172836 0.759983
v 0.323715 -0.173517 0.760353
v 0.325890 -0.187734 0.721063
v 0.326780 -0.187225 0.721046
v 0.327583 -0.186679 0.721299
v 0.328220 -0.186149 0.721796
v 0.328629 -0.185687 0.722491
v 0.328770 -0.185338 0.723313
v 0.328770 -0.174214 0.757551
v 0.328629 -0.174012 0.758421
v 0.328220 -0.173978 0.759254
v 0.327583 -0.174114 0.759969
v 0.326780 -0.174408 0.760494
v 0.325890 -0.174829 0.760779
v 0.325890 -0.206736 0.727237
v 0.326780 -0.208587 0.727987
v 0.327583 -0.210170 0.728932
v 0.328220 -0.211330 0.729978
v 0.328629 -0.211953 0.731025
v 0.328770 -0.211978 0.731969
v 0.328770 -0.200853 0.766207
v 0.328629 -0.200278 0.766956
v 0.328220 -0.199159 0.767436
v 0.327583 -0.197606 0.767601
v 0.326780 -0.195770 0.767435
v 0.325890 -0.193832 0.766954
v 0.399690 -0.196122 0.723789
v 0.400580 -0.196925 0.724198
v 0.401383 -0.197562 0.724835
v 0.402020 -0.197971 0.725638
v 0.402429 -0.198112 0.726528
v 0.402570 -0.197971 0.727418
v 0.402570 -0.186847 0.761656
v 0.402429 -0.186438 0.762459
v 0.402020 -0.185801 0.763096
v 0.401383 -0.184998 0.763505
v 0.400580 -0.184108 0.763646
v 0.399690 -0.183218 0.763505
v 0.399690 -0.297809 0.756829
v 0.400580 -0.298612 0.757238
v 0.401383 -0.299249 0.757875
v 0.402020 -0.299658 0.758678
v 0.402429 -0.299799 0.759568
v 0.402570 -0.299658 0.760458
v 0.402570 -0.288534 0.794696
v 0.402429 -0.288125 0.795499
v 0.402020 -0.287488 0.796136
v 0.401383 -0.286685 0.796545
v 0.400580 -0.285795 0.796686
v 0.399690 -0.284905 0.796545
v 0.382050 -0.297809 0.756829
v 0.381160 -0.298612 0.757238
v 0.380357 -0.299249 0.757875
v 0.379720 -0.299658 0.758678
v 0.379311 -0.299799 0.759568
v 0.379170 -0.299658 0.760458
v 0.379170 -0.288534 0.794696
v 0.379311 -0.288125 0.795499
v 0.379720 -0.287488 0.796136
v 0.380357 -0.286685 0.796545
v 0.381160 -0.285795 0.796686
v 0.382050 -0.284905 0.796545
v 0.382050 -0.196122 0.723789
v 0.381160 -0.196925 0.724198
v 0.380357 -0.197562 0.724835
v 0.379720 -0.197971 0.725638
v 0.379311 -0.198112 0.726528
v 0.379170 -0.197971 0.727418
v 0.379170 -0.186847 0.761656
v 0.379311 -0.186438 0.762459
v 0.379720 -0.185801 0.763096
v 0.380357 -0.184998 0.763505
v 0.381160 -0.184108 0.763646
v 0.382050 -0.183218 0.763505
v 0.339570 -0.196122 0.723789
v 0.338680 -0.196925 0.724198
v 0.337877 -0.197562 0.724835
v 0.337240 -0.197971 0.725638
v 0.336831 -0.198112 0.726528
v 0.336690 -0.197971 0.727418
v 0.336690 -0.186847 0.761656
v 0.336831 -0.186438 0.762459
v 0.337240 -0.185801 0.763096
v 0.337877 -0.184998 0.763505
v 0.338680 -0.184108 0.763646
v 0.339570 -0.183218 0.763505
v 0.339570 -0.181058 0.718894
v 0.338680 -0.180168 0.718753
v 0.337877 -0.179278 0.718894
v 0.337240 -0.178475 0.719303
v 0.336831 -0.177838 0.719940
v 0.336690 -0.177429 0.720743
v 0.336690 -0.166304 0.754981
v 0.336831 -0.166163 0.755871
v 0.337240 -0.166304 0.756761
v 0.337877 -0.166713 0.757564
v 0.338680 -0.167350 0.758201
v 0.339570 -0.168153 0.758610
v 0.442170 -0.181058 0.718894
v 0.443060 -0.180168 0.718753
v 0.443863 -0.179278 0.718894
v 0.444500 -0.178475 0.719303
v 0.444909 -0.177838 0.719940
v 0.445050 -0.177429 0.720743
v 0.445050 -0.166304 0.754981
v 0.444909 -0.166163 0.755871
v 0.444500 -0.166304 0.756761
v 0.443863 -0.166713 0.757564
v 0.443060 -0.167350 0.758201
v 0.442170 -0.168153 0.758610
v 0.442170 -0.196122 0.723789
v 0.443060 -0.196925 0.724198
v 0.443863 -0.197562 0.724835
v 0.444500 -0.197971 0.725638
v 0.444909 -0.198112 0.726528
v 0.445050 -0.197971 0.727418
v 0.445050 -0.186847 0.761656
v 0.444909 -0.186438 0.762459
v 0.444500 -0.185801 0.763096
v 0.443863 -0.184998 0.763505
v 0.443060 -0.184108 0.763646
v 0.442170 -0.183218 0.763505
vn -0.0000 0.3090 0.9511
vn -0.0000 -0.3090 -0.9511
vn -0.1679 -0.5414 -0.8239
vn -0.1183 -0.4760 -0.8714
vn -0.0715 -0.4118 -0.9085
vn -0.3036 -0.7037 -0.6423
vn -0.2622 -0.6571 -0.7067
vn -0.4237 -0.8175 -0.3902
vn -0.3972 -0.7959 -0.4569
vn -0.5100 -0.8567 -0.0775
vn -0.5013 -0.8567 -0.1213
vn -0.5398 -0.8238 0.1729
vn -0.5395 -0.8252 0.1671
vn -0.5398 -0.7681 0.3444
vn -0.5395 -0.7658 0.3499
vn -0.5100 -0.6475 0.5662
vn -0.5013 -0.6218 0.6017
vn -0.4237 -0.4320 0.7962
vn -0.3972 -0.3754 0.8375
vn -0.3036 -0.1918 0.9333
vn -0.2622 -0.1162 0.9580
vn -0.1679 0.0463 0.9847
vn -0.1183 0.1271 0.9848
vn -0.0715 0.2009 0.9770
vn 0.1190 -0.4732 -0.8729
vn 0.0722 -0.4104 -0.9090
vn 0.2647 -0.6525 -0.7101
vn 0.4020 -0.7907 -0.4617
vn 0.5088 -0.8517 -0.1257
vn 0.5482 -0.8200 0.1646
vn 0.5482 -0.7602 0.3488
vn 0.5088 -0.6151 0.6023
vn 0.4020 -0.3683 0.8383
vn 0.2647 -0.1105 0.9580
vn 0.1190 0.1302 0.9843
vn 0.0722 0.2023 0.9767
vn 0.1700 -0.5390 -0.8250
vn 0.3075 -0.6996 -0.6450
vn 0.4296 -0.8126 -0.3938
vn 0.5179 -0.8516 -0.0807
vn 0.5485 -0.8186 0.1706
vn 0.5485 -0.7625 0.3431
vn 0.5179 -0.6415 0.5659
vn 0.4296 -0.4260 0.7962
vn 0.3075 -0.1869 0.9330
vn 0.1700 0.0489 0.9842
vn -0.1953 -0.4231 -0.8848
vn -0.0726 -0.3534 -0.9327
vn -0.3630 -0.5062 -0.7823
vn -0.5568 -0.5798 -0.5948
vn -0.7478 -0.6067 -0.2696
vn -0.8274 -0.5598 0.0450
vn -0.8274 -0.4793 0.2927
vn -0.7478 -0.3324 0.5748
vn -0.5568 -0.1195 0.8220
vn -0.3630 0.0503 0.9304
vn -0.1953 0.1778 0.9645
vn -0.0726 0.2623 0.9623
vn -0.1701 -0.0490 -0.9842
vn -0.0722 -0.2024 -0.9766
vn -0.3076 0.1867 -0.9330
vn -0.4298 0.4258 -0.7962
vn -0.5182 0.6413 -0.5659
vn -0.5487 0.7624 -0.3431
vn -0.5487 0.8184 -0.1705
vn -0.5182 0.8514 0.0809
vn -0.4298 0.8125 0.3939
vn -0.3076 0.6995 0.6451
vn -0.1701 0.5389 0.8250
vn -0.0722 0.4103 0.9091
vn 0.1686 -0.0471 -0.9846
vn 0.0717 -0.2013 -0.9769
vn 0.3049 0.1902 -0.9332
vn 0.4256 0.4300 -0.7962
vn 0.5126 0.6456 -0.5661
vn 0.5426 0.7663 -0.3440
vn 0.5426 0.8221 -0.1721
vn 0.5126 0.8550 0.0786
vn 0.4256 0.8159 0.3914
vn 0.3049 0.7024 0.6432
vn 0.1686 0.5406 0.8242
vn 0.0717 0.4113 0.9087
vn 0.1946 -0.4208 -0.8860
vn 0.0721 -0.3524 -0.9331
vn 0.3619 -0.5024 -0.7853
vn 0.5566 -0.5751 -0.5996
vn 0.7501 -0.6017 -0.2745
vn 0.8312 -0.5543 0.0419
vn 0.8312 -0.4731 0.2920
vn 0.7501 -0.3254 0.5757
vn 0.5566 -0.1128 0.8231
vn 0.3619 0.0551 0.9306
vn 0.1946 0.1804 0.9642
vn 0.0721 0.2633 0.9620
vn -0.1007 -0.2446 -0.9644
vn 0.0011 -0.3842 -0.9233
vn 0.0009 -0.3677 -0.9299
vn -0.0721 -0.2634 -0.9620
vn -0.2616 -0.1321 -0.9561
vn 0.0030 -0.5124 -0.8587
vn -0.4580 0.0240 -0.8886
vn 0.0057 -0.6746 -0.7382
vn -0.6951 0.2564 -0.6716
vn 0.0098 -0.8978 -0.4403
vn -0.8288 0.4646 -0.3117
vn 0.0134 -0.9951 0.0977
vn -0.8288 0.5591 -0.0209
vn 0.0134 -0.8625 0.5059
vn -0.6951 0.6022 0.3926
vn 0.0098 -0.4676 0.8839
vn -0.4580 0.5417 0.7048
vn 0.0057 -0.1119 0.9937
vn -0.2616 0.4551 0.8511
vn 0.0030 0.0902 0.9959
vn -0.1007 0.3690 0.9240
vn 0.0011 0.2319 0.9727
vn -0.0721 0.3524 0.9331
vn 0.0009 0.2491 0.9685
vn 0.1026 -0.2414 -0.9650
vn 0.0729 -0.2614 -0.9625
vn 0.2649 -0.1244 -0.9562
vn 0.4613 0.0365 -0.8865
vn 0.6939 0.2713 -0.6670
vn 0.8218 0.4766 -0.3121
vn 0.8218 0.5691 -0.0277
vn 0.6939 0.6116 0.3801
vn 0.4613 0.5506 0.6957
vn 0.2649 0.4614 0.8467
vn 0.1026 0.3719 0.9226
vn 0.0729 0.3542 0.9323
vn -0.1980 -0.4850 -0.8518
vn -0.5326 0.7350 -0.4196
vn -0.7071 0.6725 -0.2185
vn -0.0787 -0.3819 -0.9208
vn -0.3610 -0.6090 -0.7062
vn -0.6565 0.6502 -0.3825
vn -0.5226 -0.7052 -0.4792
vn -0.7159 0.6098 -0.3400
vn -0.6543 -0.7395 -0.1585
vn -0.7567 0.5921 -0.2771
vn -0.7032 -0.7012 0.1175
vn -0.7409 0.6353 -0.2180
vn -0.7032 -0.6364 0.3171
vn -0.7409 0.6421 -0.1971
vn -0.6543 -0.5051 0.5629
vn -0.7567 0.6420 -0.1238
vn -0.5226 -0.2889 0.8021
vn -0.7159 0.6932 -0.0834
vn -0.3610 -0.0776 0.9293
vn -0.6565 0.7508 -0.0727
vn -0.1980 0.1083 0.9742
vn -0.5326 0.8413 -0.0926
vn -0.0787 0.2322 0.9695
vn 0.7574 0.5427 -0.3631
vn 0.9007 0.4132 -0.1342
vn 0.8642 0.4037 -0.3002
vn 0.9078 0.3437 -0.2404
vn 0.9314 0.3198 -0.1741
vn 0.9210 0.3677 -0.1286
vn 0.9210 0.3731 -0.1121
vn 0.9314 0.3610 -0.0471
vn 0.9078 0.4193 -0.0075
vn 0.8642 0.5031 0.0056
vn 0.7574 0.6525 -0.0253
vn 0.9007 0.4131 -0.1343
vn 0.1386 -0.5661 -0.8126
vn 0.0614 -0.4269 -0.9022
vn 0.2511 -0.7472 -0.6153
vn 0.3460 -0.8691 -0.3535
vn 0.4111 -0.9105 -0.0444
vn 0.4329 -0.8798 0.1966
vn 0.4329 -0.8273 0.3581
vn 0.4111 -0.7105 0.5711
vn 0.3460 -0.4953 0.7968
vn 0.2511 -0.2429 0.9370
vn 0.1386 0.0197 0.9902
vn 0.0614 0.1849 0.9808
vn -0.1386 -0.5661 -0.8126
vn -0.0614 -0.4269 -0.9022
vn -0.2511 -0.7472 -0.6153
vn -0.3460 -0.8691 -0.3535
vn -0.4111 -0.9105 -0.0444
vn -0.4329 -0.8798 0.1966
vn -0.4329 -0.8273 0.3581
vn -0.4111 -0.7105 0.5711
vn -0.3460 -0.4953 0.7968
vn -0.2511 -0.2429 0.9370
vn -0.1386 0.0197 0.9902
vn -0.0614 0.1849 0.9808
vn -0.7574 0.5428 -0.3631
vn -0.9007 0.4132 -0.1344
vn -0.8642 0.4037 -0.3002
vn -0.9078 0.3437 -0.2404
vn -0.9314 0.3198 -0.1741
vn -0.9210 0.3677 -0.1286
vn -0.9210 0.3731 -0.1121
vn -0.9314 0.3610 -0.0471
vn -0.9078 0.4193 -0.0075
vn -0.8642 0.5031 0.0056
vn -0.7574 0.6525 -0.0253
vn -0.9007 0.4132 -0.1342
vn 0.5326 0.7350 -0.4196
vn 0.7071 0.6725 -0.2185
vn 0.6565 0.6502 -0.3825
vn 0.7159 0.6098 -0.3400
vn 0.7567 0.5921 -0.2771
vn 0.7409 0.6353 -0.2180
vn 0.7409 0.6421 -0.1971
vn 0.7567 0.6420 -0.1238
vn 0.7159 0.6932 -0.0834
vn 0.6565 0.7508 -0.0727
vn 0.5326 0.8413 -0.0926
vn 0.7071 0.6725 -0.2186
vn 0.1980 -0.4850 -0.8518
vn 0.0787 -0.3819 -0.9208
vn 0.3610 -0.6090 -0.7062
vn 0.5226 -0.7052 -0.4792
vn 0.6543 -0.7395 -0.1585
vn 0.7032 -0.7012 0.1175
vn 0.7032 -0.6364 0.3171
vn 0.6543 -0.5051 0.5629
vn 0.5226 -0.2889 0.8021
vn 0.3610 -0.0776 0.9293
vn 0.1980 0.1083 0.9742
vn 0.0787 0.2322 0.9695
vn -0.1980 -0.1083 -0.9742
vn -0.0787 -0.2322 -0.9695
vn -0.3610 0.0776 -0.9293
vn -0.5226 0.2889 -0.8021
vn -0.6543 0.5051 -0.5629
vn -0.7032 0.6364 -0.3171
vn -0.7032 0.7012 -0.1175
vn -0.6543 0.7395 0.1585
vn -0.5226 0.7052 0.4792
vn -0.3610 0.6090 0.7062
vn -0.1980 0.4850 0.8518
vn -0.0787 0.3819 0.9208
vn 0.1376 -0.0190 -0.9903
vn 0.0610 -0.1845 -0.9809
vn 0.2494 0.2441 -0.9371
vn 0.3436 0.4969 -0.7969
vn 0.4081 0.7121 -0.5713
vn 0.4297 0.8288 -0.3584
vn 0.4297 0.8812 -0.1972
vn 0.4081 0.9119 0.0436
vn 0.3436 0.8704 0.3526
vn 0.2494 0.7483 0.6146
vn 0.1376 0.5667 0.8124
vn 0.0610 0.4273 0.9021
vn 0.0002 -0.1677 -0.9858
vn 0.0001 -0.2132 -0.9770
vn 0.0004 0.0561 -0.9984
vn 0.0007 0.3340 -0.9426
vn 0.0009 0.6712 -0.7413
vn 0.0011 0.9023 -0.4311
vn 0.0011 0.9834 -0.1816
vn 0.0009 0.9787 0.2052
vn 0.0007 0.8242 0.5663
vn 0.0004 0.6322 0.7748
vn 0.0002 0.4438 0.8961
vn 0.0001 0.4018 0.9157
vn -0.1373 -0.0188 -0.9903
vn -0.0609 -0.1844 -0.9810
vn -0.2489 0.2445 -0.9372
vn -0.3429 0.4974 -0.7969
vn -0.4072 0.7126 -0.5713
vn -0.4287 0.8292 -0.3586
vn -0.4287 0.8816 -0.1973
vn -0.4072 0.9123 0.0433
vn -0.3429 0.8708 0.3523
vn -0.2489 0.7487 0.6144
vn -0.1373 0.5669 0.8123
vn -0.0609 0.4274 0.9020
vn 0.1980 -0.1083 -0.9742
vn 0.0787 -0.2322 -0.9695
vn 0.3610 0.0776 -0.9293
vn 0.5226 0.2889 -0.8021
vn 0.6543 0.5051 -0.5629
vn 0.7032 0.6364 -0.3171
vn 0.7032 0.7012 -0.1175
vn 0.6543 0.7395 0.1585
vn 0.5226 0.7052 0.4792
vn 0.3610 0.6090 0.7062
vn 0.1980 0.4850 0.8518
vn 0.0787 0.3819 0.9208
vn 0.1203 -0.4190 -0.9000
vn 0.1203 -0.1901 -0.9744
vn 0.2882 -0.5563 -0.7794
vn 0.2882 -0.0081 -0.9575
vn 0.4666 -0.6760 -0.5704
vn 0.4666 0.2116 -0.8588
vn 0.6319 -0.7397 -0.2315
vn 0.6319 0.4623 -0.6220
vn 0.7023 -0.7038 0.1069
vn 0.7023 0.6322 -0.3272
vn 0.7023 -0.6322 0.3272
vn 0.7023 0.7038 -0.1069
vn 0.6319 -0.4623 0.6220
vn 0.6319 0.7397 0.2315
vn 0.4666 -0.2116 0.8588
vn 0.4666 0.6760 0.5704
vn 0.2882 0.0081 0.9575
vn 0.2882 0.5563 0.7794
vn 0.1203 0.1901 0.9744
vn 0.1203 0.4190 0.9000
vn 0.6319 -0.7397 -0.2314
vn 0.7024 -0.7038 0.1069
vn 0.7024 -0.6322 0.3272
vn 0.6319 -0.4624 0.6220
vn -0.5226 -0.2889 0.8022
vn -0.1203 -0.4190 -0.9000
vn -0.2882 -0.5563 -0.7794
vn -0.4666 -0.6760 -0.5704
vn -0.6319 -0.7397 -0.2315
vn -0.7024 -0.7038 0.1069
vn -0.7024 -0.6322 0.3272
vn -0.6319 -0.4624 0.6220
vn -0.4666 -0.2116 0.8588
vn -0.2882 0.0081 0.9575
vn -0.1203 0.1901 0.9744
vn 0.6319 0.4624 -0.6220
vn 0.7024 0.6322 -0.3272
vn 0.7024 0.7038 -0.1069
vn -0.1203 -0.1901 -0.9744
vn -0.2882 -0.0081 -0.9575
vn -0.4666 0.2116 -0.8588
vn -0.6319 0.4624 -0.6220
vn -0.7024 0.6322 -0.3272
vn -0.7024 0.7038 -0.1069
vn -0.6319 0.7397 0.2315
vn -0.4666 0.6760 0.5704
vn -0.2882 0.5563 0.7794
vn -0.1203 0.4190 0.9000
vn 0.1747 -0.2224 -0.9592
vn 0.2503 -0.3803 -0.8904
vn 0.1399 -0.3516 -0.9256
vn 0.0621 -0.2796 -0.9581
vn 0.3301 -0.1349 -0.9343
vn 0.5144 -0.4284 -0.7428
vn 0.5335 -0.0022 -0.8458
vn 0.7378 -0.4358 -0.5156
vn 0.7750 0.2014 -0.5990
vn 0.8904 -0.3965 -0.2237
vn 0.8881 0.3617 -0.2838
vn 0.9417 -0.3358 0.0204
vn 0.8881 0.4594 0.0170
vn 0.9417 -0.2837 0.1809
vn 0.7750 0.5150 0.3662
vn 0.8904 -0.1893 0.4140
vn 0.5335 0.4954 0.6855
vn 0.7378 -0.0495 0.6733
vn 0.3301 0.4400 0.8351
vn 0.5144 0.0900 0.8528
vn 0.1747 0.3839 0.9067
vn 0.2503 0.2157 0.9438
vn 0.0621 0.3370 0.9395
vn 0.1399 0.2596 0.9555
vn -0.2501 -0.3805 -0.8903
vn -0.1398 -0.3517 -0.9256
vn -0.5141 -0.4288 -0.7428
vn -0.7375 -0.4363 -0.5155
vn -0.8901 -0.3971 -0.2236
vn -0.9415 -0.3365 0.0206
vn -0.9415 -0.2843 0.1812
vn -0.8901 -0.1899 0.4143
vn -0.7375 -0.0500 0.6735
vn -0.5141 0.0897 0.8530
vn -0.2501 0.2155 0.9439
vn -0.1398 0.2595 0.9556
vn -0.1745 -0.2226 -0.9592
vn -0.0620 -0.2797 -0.9581
vn -0.3298 -0.1353 -0.9343
vn -0.5333 -0.0029 -0.8459
vn -0.7751 0.2006 -0.5992
vn -0.8884 0.3609 -0.2837
vn -0.8884 0.4588 0.0174
vn -0.7751 0.5145 0.3668
vn -0.5333 0.4949 0.6861
vn -0.3298 0.4397 0.8354
vn -0.1745 0.3837 0.9068
vn -0.0620 0.3369 0.9395
vn 0.1399 -0.0206 -0.9899
vn 0.0619 -0.1856 -0.9807
vn 0.2535 0.2410 -0.9368
vn 0.3495 0.4930 -0.7967
vn 0.4154 0.7082 -0.5709
vn 0.4375 0.8251 -0.3576
vn 0.4375 0.8777 -0.1957
vn 0.4154 0.9085 0.0456
vn 0.3495 0.8672 0.3548
vn 0.2535 0.7456 0.6163
vn 0.1399 0.5652 0.8130
vn 0.0619 0.4263 0.9025
vn 0.0004 -0.1715 -0.9852
vn 0.0003 -0.2151 -0.9766
vn 0.0009 0.0483 -0.9988
vn 0.0016 0.3236 -0.9462
vn 0.0023 0.6638 -0.7479
vn 0.0026 0.9011 -0.4337
vn 0.0026 0.9839 -0.1788
vn 0.0023 0.9766 0.2148
vn 0.0016 0.8180 0.5753
vn 0.0009 0.6261 0.7797
vn 0.0004 0.4403 0.8978
vn 0.0003 0.4000 0.9165
vn -0.1392 -0.0201 -0.9901
vn -0.0616 -0.1852 -0.9808
vn -0.2523 0.2419 -0.9369
vn -0.3477 0.4942 -0.7968
vn -0.4132 0.7094 -0.5710
vn -0.4351 0.8262 -0.3578
vn -0.4351 0.8787 -0.1961
vn -0.4132 0.9095 0.0450
vn -0.3477 0.8682 0.3541
vn -0.2523 0.7464 0.6158
vn -0.1392 0.5656 0.8128
vn -0.0616 0.4266 0.9023
vn -0.1976 -0.5167 -0.8330
vn -0.1831 -0.5275 -0.8296
vn -0.0935 -0.4244 -0.9006
vn -0.1009 -0.4188 -0.9024
vn -0.3779 -0.6761 -0.6326
vn -0.3503 -0.6968 -0.6259
vn -0.5212 -0.7692 -0.3697
vn -0.4832 -0.7978 -0.3605
vn -0.6134 -0.7867 -0.0703
vn -0.5687 -0.8204 -0.0594
vn -0.6432 -0.7487 0.1606
vn -0.5963 -0.7841 0.1721
vn -0.6432 -0.7001 0.3101
vn -0.5963 -0.7355 0.3216
vn -0.6134 -0.5951 0.5193
vn -0.5687 -0.6288 0.5303
vn -0.5212 -0.4049 0.7512
vn -0.4832 -0.4335 0.7606
vn -0.3779 -0.1751 0.9091
vn -0.3503 -0.1958 0.9159
vn -0.1976 0.0716 0.9777
vn -0.1831 0.0609 0.9812
vn -0.1009 0.1916 0.9763
vn -0.0935 0.1860 0.9781
vn -0.1675 -0.5378 -0.8263
vn -0.0856 -0.4297 -0.8989
vn -0.3204 -0.7166 -0.6195
vn -0.4420 -0.8252 -0.3517
vn -0.5202 -0.8526 -0.0490
vn -0.5455 -0.8179 0.1831
vn -0.5455 -0.7693 0.3326
vn -0.5202 -0.6610 0.5408
vn -0.4420 -0.4609 0.7696
vn -0.3204 -0.2156 0.9224
vn -0.1675 0.0506 0.9846
vn -0.0856 0.1807 0.9798
vn -0.1507 -0.5474 -0.8232
vn -0.0770 -0.4346 -0.8973
vn -0.2883 -0.7351 -0.6136
vn -0.3978 -0.8508 -0.3434
vn -0.4682 -0.8828 -0.0392
vn -0.4909 -0.8495 0.1933
vn -0.4909 -0.8009 0.3429
vn -0.4682 -0.6911 0.5506
vn -0.3978 -0.4864 0.7779
vn -0.2883 -0.2341 0.9285
vn -0.1507 0.0409 0.9877
vn -0.0770 0.1758 0.9814
vn -0.1329 -0.5562 -0.8203
vn -0.0679 -0.4391 -0.8958
vn -0.2543 -0.7520 -0.6081
vn -0.3509 -0.8741 -0.3359
vn -0.4130 -0.9102 -0.0303
vn -0.4331 -0.8783 0.2027
vn -0.4331 -0.8297 0.3523
vn -0.4130 -0.7185 0.5596
vn -0.3509 -0.5097 0.7855
vn -0.2543 -0.2510 0.9340
vn -0.1329 0.0322 0.9906
vn -0.0679 0.1713 0.9829
vn -0.1143 -0.5640 -0.8178
vn -0.0584 -0.4431 -0.8945
vn -0.2188 -0.7669 -0.6033
vn -0.3019 -0.8947 -0.3292
vn -0.3554 -0.9345 -0.0225
vn -0.3727 -0.9037 0.2109
vn -0.3727 -0.8551 0.3605
vn -0.3554 -0.7428 0.5674
vn -0.3019 -0.5303 0.7922
vn -0.2188 -0.2659 0.9388
vn -0.1143 0.0244 0.9931
vn -0.0584 0.1673 0.9842
vn -0.0952 -0.5707 -0.8157
vn -0.0487 -0.4465 -0.8934
vn -0.1822 -0.7796 -0.5991
vn -0.2515 -0.9122 -0.3235
vn -0.2960 -0.9551 -0.0158
vn -0.3103 -0.9253 0.2180
vn -0.3103 -0.8767 0.3675
vn -0.2960 -0.7634 0.5741
vn -0.2515 -0.5478 0.7979
vn -0.1822 -0.2786 0.9430
vn -0.0952 0.0178 0.9953
vn -0.0487 0.1639 0.9853
vn -0.0758 -0.5761 -0.8139
vn -0.0387 -0.4493 -0.8926
vn -0.1451 -0.7899 -0.5958
vn -0.2002 -0.9264 -0.3189
vn -0.2356 -0.9718 -0.0103
vn -0.2470 -0.9428 0.2237
vn -0.2470 -0.8942 0.3732
vn -0.2356 -0.7801 0.5796
vn -0.2002 -0.5621 0.8025
vn -0.1451 -0.2889 0.9463
vn -0.0758 0.0123 0.9970
vn -0.0387 0.1612 0.9862
vn -0.0563 -0.5802 -0.8125
vn -0.0288 -0.4514 -0.8919
vn -0.1078 -0.7978 -0.5932
vn -0.1488 -0.9373 -0.3153
vn -0.1751 -0.9845 -0.0062
vn -0.1836 -0.9562 0.2280
vn -0.1836 -0.9076 0.3776
vn -0.1751 -0.7929 0.5837
vn -0.1488 -0.5729 0.8060
vn -0.1078 -0.2968 0.9488
vn -0.0563 0.0082 0.9984
vn -0.0288 0.1591 0.9868
vn -0.0371 -0.5831 -0.8115
vn -0.0190 -0.4528 -0.8914
vn -0.0710 -0.8033 -0.5913
vn -0.0979 -0.9447 -0.3128
vn -0.1153 -0.9933 -0.0033
vn -0.1209 -0.9654 0.2310
vn -0.1209 -0.9168 0.3806
vn -0.1153 -0.8017 0.5865
vn -0.0979 -0.5804 0.8084
vn -0.0710 -0.3023 0.9506
vn -0.0371 0.0053 0.9993
vn -0.0190 0.1576 0.9873
vn -0.0183 -0.5848 -0.8109
vn -0.0094 -0.4537 -0.8911
vn -0.0350 -0.8065 -0.5903
vn -0.0483 -0.9491 -0.3114
vn -0.0569 -0.9984 -0.0016
vn -0.0597 -0.9707 0.2327
vn -0.0597 -0.9221 0.3823
vn -0.0569 -0.8068 0.5881
vn -0.0483 -0.5848 0.8097
vn -0.0350 -0.3055 0.9515
vn -0.0183 0.0035 0.9998
vn -0.0094 0.1568 0.9876
vn 0.0022 -0.5848 -0.8112
vn 0.0011 -0.4539 -0.8911
vn 0.0042 -0.8071 -0.5904
vn 0.0058 -0.9503 -0.3114
vn 0.0069 -1.0000 -0.0013
vn 0.0072 -0.9724 0.2332
vn 0.0072 -0.9238 0.3829
vn 0.0069 -0.8082 0.5889
vn 0.0058 -0.5858 0.8105
vn 0.0042 -0.3059 0.9521
vn 0.0022 0.0037 1.0000
vn 0.0011 0.1565 0.9877
vn 0.0274 -0.5828 -0.8121
vn 0.0141 -0.4532 -0.8913
vn 0.0526 -0.8043 -0.5919
vn 0.0727 -0.9469 -0.3131
vn 0.0856 -0.9963 -0.0029
vn 0.0897 -0.9686 0.2319
vn 0.0897 -0.9199 0.3817
vn 0.0856 -0.8043 0.5880
vn 0.0727 -0.5821 0.8099
vn 0.0526 -0.3028 0.9516
vn 0.0274 0.0058 0.9996
vn 0.0141 0.1572 0.9875
vn 0.0560 -0.5788 -0.8135
vn 0.0288 -0.4513 -0.8919
vn 0.1076 -0.7969 -0.5945
vn 0.1486 -0.9369 -0.3165
vn 0.1750 -0.9845 -0.0069
vn 0.1836 -0.9562 0.2279
vn 0.1836 -0.9076 0.3777
vn 0.1750 -0.7925 0.5843
vn 0.1486 -0.5719 0.8068
vn 0.1076 -0.2952 0.9494
vn 0.0560 0.0099 0.9984
vn 0.0288 0.1592 0.9868
vn 0.0859 -0.5716 -0.8160
vn 0.0442 -0.4477 -0.8931
vn 0.1651 -0.7835 -0.5991
vn 0.2282 -0.9186 -0.3227
vn 0.2688 -0.9631 -0.0140
vn 0.2819 -0.9337 0.2206
vn 0.2819 -0.8851 0.3704
vn 0.2688 -0.7709 0.5774
vn 0.2282 -0.5535 0.8010
vn 0.1651 -0.2817 0.9452
vn 0.0859 0.0172 0.9962
vn 0.0442 0.1627 0.9857
vn 0.1170 -0.5608 -0.8197
vn 0.0602 -0.4423 -0.8949
vn 0.2250 -0.7630 -0.6060
vn 0.3110 -0.8905 -0.3322
vn 0.3664 -0.9301 -0.0249
vn 0.3844 -0.8991 0.2093
vn 0.3844 -0.8504 0.3592
vn 0.3664 -0.7378 0.5669
vn 0.3110 -0.5252 0.7921
vn 0.2250 -0.2611 0.9387
vn 0.1170 0.0281 0.9927
vn 0.0602 0.1682 0.9839
vn 0.1489 -0.5454 -0.8248
vn 0.0767 -0.4346 -0.8974
vn 0.2866 -0.7340 -0.6157
vn 0.3963 -0.8506 -0.3454
vn 0.4671 -0.8833 -0.0403
vn 0.4900 -0.8500 0.1933
vn 0.4900 -0.8013 0.3433
vn 0.4671 -0.6909 0.5518
vn 0.3963 -0.4851 0.7795
vn 0.2866 -0.2319 0.9296
vn 0.1489 0.0435 0.9879
vn 0.0767 0.1759 0.9814
vn 0.1810 -0.5250 -0.8317
vn 0.0934 -0.4242 -0.9008
vn 0.3487 -0.6950 -0.6288
vn 0.4825 -0.7970 -0.3633
vn 0.5688 -0.8202 -0.0611
vn 0.5967 -0.7839 0.1717
vn 0.5967 -0.7351 0.3218
vn 0.5688 -0.6277 0.5315
vn 0.4825 -0.4313 0.7624
vn 0.3487 -0.1927 0.9172
vn 0.1810 0.0641 0.9814
vn 0.0934 0.1863 0.9780
vn 0.2123 -0.4987 -0.8404
vn 0.1097 -0.4107 -0.9051
vn 0.4094 -0.6448 -0.6454
vn 0.5668 -0.7278 -0.3862
vn 0.6683 -0.7387 -0.0878
vn 0.7011 -0.6984 0.1439
vn 0.7011 -0.6496 0.2941
vn 0.6683 -0.5460 0.5053
vn 0.5668 -0.3618 0.7402
vn 0.4094 -0.1423 0.9012
vn 0.2123 0.0905 0.9730
vn 0.1097 0.1997 0.9737
vn 0.2413 -0.4663 -0.8511
vn 0.1249 -0.3941 -0.9105
vn 0.4658 -0.5827 -0.6659
vn 0.6450 -0.6420 -0.4144
vn 0.7608 -0.6377 -0.1209
vn 0.7982 -0.5923 0.1094
vn 0.7982 -0.5435 0.2597
vn 0.7608 -0.4448 0.4727
vn 0.6450 -0.2758 0.7126
vn 0.4658 -0.0800 0.8813
vn 0.2413 0.1230 0.9626
vn 0.1249 0.2164 0.9683
vn 0.2662 -0.4282 -0.8636
vn 0.1379 -0.3744 -0.9169
vn 0.5142 -0.5094 -0.6900
vn 0.7123 -0.5405 -0.4477
vn 0.8403 -0.5180 -0.1600
vn 0.8817 -0.4667 0.0686
vn 0.8817 -0.4179 0.2189
vn 0.8403 -0.3250 0.4339
vn 0.7123 -0.1741 0.6799
vn 0.5142 -0.0065 0.8577
vn 0.2662 0.1612 0.9504
vn 0.1379 0.2360 0.9619
vn 0.2852 -0.3855 -0.8775
vn 0.1479 -0.3523 -0.9241
vn 0.5511 -0.4270 -0.7169
vn 0.7636 -0.4264 -0.4849
vn 0.9008 -0.3834 -0.2038
vn 0.9453 -0.3255 0.0226
vn 0.9453 -0.2766 0.1730
vn 0.9008 -0.1904 0.3903
vn 0.7636 -0.0600 0.6429
vn 0.5511 0.0760 0.8310
vn 0.2852 0.2039 0.9365
vn 0.1479 0.2582 0.9547
vn 0.2970 -0.3403 -0.8922
vn 0.1539 -0.3289 -0.9317
vn 0.5738 -0.3395 -0.7453
vn 0.7950 -0.3052 -0.5242
vn 0.9379 -0.2404 -0.2503
vn 0.9841 -0.1754 -0.0261
vn 0.9841 -0.1266 0.1242
vn 0.9379 -0.0474 0.3438
vn 0.7950 0.0612 0.6035
vn 0.5738 0.1634 0.8025
vn 0.2970 0.2491 0.9218
vn 0.1539 0.2816 0.9471
vn 0.2940 -0.2797 -0.9139
vn 0.1548 -0.2971 -0.9422
vn 0.5747 -0.2223 -0.7876
vn 0.8006 -0.1423 -0.5821
vn 0.9475 -0.0473 -0.3163
vn 0.9953 0.0281 -0.0929
vn 0.9953 0.0773 0.0587
vn 0.9475 0.1477 0.2837
vn 0.8006 0.2270 0.5545
vn 0.5747 0.2831 0.7678
vn 0.2940 0.3109 0.9038
vn 0.1548 0.3135 0.9369
vn 0.2684 -0.1961 -0.9431
vn 0.1433 -0.2520 -0.9570
vn 0.5304 -0.0568 -0.8459
vn 0.7431 0.0900 -0.6630
vn 0.8827 0.2296 -0.4101
vn 0.9283 0.3203 -0.1887
vn 0.9283 0.3700 -0.0356
vn 0.8827 0.4268 0.1968
vn 0.7431 0.4626 0.4835
vn 0.5304 0.4512 0.7177
vn 0.2684 0.3957 0.8783
vn 0.1433 0.3586 0.9224
vn 0.2282 -0.1176 -0.9665
vn 0.1200 -0.2118 -0.9699
vn 0.4457 0.0944 -0.8902
vn 0.6206 0.2987 -0.7250
vn 0.7343 0.4744 -0.4856
vn 0.7713 0.5760 -0.2709
vn 0.7713 0.6252 -0.1194
vn 0.7343 0.6692 0.1140
vn 0.6206 0.6678 0.4110
vn 0.4457 0.5996 0.6647
vn 0.2282 0.4730 0.8510
vn 0.1200 0.3987 0.9092
vn 0.1891 -0.0714 -0.9794
vn 0.0979 -0.1897 -0.9770
vn 0.3650 0.1795 -0.9136
vn 0.5054 0.4136 -0.7573
vn 0.5960 0.6072 -0.5254
vn 0.6254 0.7139 -0.3150
vn 0.6254 0.7627 -0.1648
vn 0.5960 0.8001 0.0681
vn 0.5054 0.7797 0.3696
vn 0.3650 0.6822 0.6336
vn 0.1891 0.5179 0.8343
vn 0.0979 0.4208 0.9019
vn 0.1640 -0.0490 -0.9852
vn 0.0839 -0.1798 -0.9801
vn 0.3141 0.2190 -0.9238
vn 0.4334 0.4659 -0.7714
vn 0.5102 0.6670 -0.5429
vn 0.5350 0.7757 -0.3347
vn 0.5350 0.8243 -0.1851
vn 0.5102 0.8588 0.0472
vn 0.4334 0.8303 0.3503
vn 0.3141 0.7202 0.6186
vn 0.1640 0.5395 0.8259
vn 0.0839 0.4307 0.8986
vn 0.1544 -0.0400 -0.9872
vn 0.0783 -0.1764 -0.9812
vn 0.2940 0.2335 -0.9268
vn 0.4048 0.4842 -0.7757
vn 0.4760 0.6874 -0.5485
vn 0.4990 0.7965 -0.3413
vn 0.4990 0.8451 -0.1920
vn 0.4760 0.8785 0.0397
vn 0.4048 0.8476 0.3429
vn 0.2940 0.7337 0.6126
vn 0.1544 0.5479 0.8222
vn 0.0783 0.4340 0.8975
vn 0.1586 -0.0397 -0.9865
vn 0.0799 -0.1773 -0.9809
vn 0.3007 0.2318 -0.9251
vn 0.4134 0.4807 -0.7734
vn 0.4857 0.6825 -0.5462
vn 0.5090 0.7910 -0.3395
vn 0.5090 0.8395 -0.1903
vn 0.4857 0.8732 0.0407
vn 0.4134 0.8434 0.3431
vn 0.3007 0.7313 0.6122
vn 0.1586 0.5477 0.8215
vn 0.0799 0.4331 0.8978
vn 0.1756 -0.0476 -0.9833
vn 0.0878 -0.1822 -0.9793
vn 0.3315 0.2150 -0.9186
vn 0.4551 0.4564 -0.7646
vn 0.5344 0.6534 -0.5362
vn 0.5599 0.7602 -0.3294
vn 0.5599 0.8087 -0.1804
vn 0.5344 0.8438 0.0497
vn 0.4551 0.8187 0.3503
vn 0.3315 0.7139 0.6168
vn 0.1756 0.5395 0.8235
vn 0.0878 0.4282 0.8994
vn 0.2045 -0.0660 -0.9766
vn 0.1015 -0.1924 -0.9761
vn 0.3844 0.1782 -0.9058
vn 0.5270 0.4050 -0.7471
vn 0.6185 0.5926 -0.5160
vn 0.6481 0.6963 -0.3086
vn 0.6481 0.7447 -0.1596
vn 0.6185 0.7827 0.0692
vn 0.5270 0.7668 0.3664
vn 0.3844 0.6766 0.6281
vn 0.2045 0.5207 0.8289
vn 0.1015 0.4180 0.9028
vn 0.2424 -0.0998 -0.9650
vn 0.1193 -0.2101 -0.9704
vn 0.4538 0.1130 -0.8839
vn 0.6214 0.3150 -0.7174
vn 0.7290 0.4866 -0.4814
vn 0.7638 0.5851 -0.2726
vn 0.7638 0.6336 -0.1234
vn 0.7290 0.6766 0.1034
vn 0.6214 0.6765 0.3953
vn 0.4538 0.6110 0.6487
vn 0.2424 0.4865 0.8394
vn 0.1193 0.4004 0.9085
vn 0.2813 -0.1526 -0.9474
vn 0.1376 -0.2366 -0.9618
vn 0.5249 0.0132 -0.8511
vn 0.7182 0.1778 -0.6727
vn 0.8426 0.3256 -0.4291
vn 0.8827 0.4164 -0.2179
vn 0.8827 0.4649 -0.0685
vn 0.8426 0.5156 0.1557
vn 0.7182 0.5393 0.4397
vn 0.5249 0.5109 0.6808
vn 0.2813 0.4334 0.8562
vn 0.1376 0.3739 0.9172
vn 0.3089 -0.2209 -0.9251
vn 0.1508 -0.2701 -0.9509
vn 0.5759 -0.1145 -0.8095
vn 0.7879 0.0030 -0.6159
vn 0.9242 0.1205 -0.3624
vn 0.9682 0.2015 -0.1481
vn 0.9682 0.2501 0.0014
vn 0.9242 0.3105 0.2224
vn 0.7879 0.3644 0.4965
vn 0.5759 0.3831 0.7222
vn 0.3089 0.3650 0.8783
vn 0.1508 0.3404 0.9281
vn 0.3158 -0.2853 -0.9049
vn 0.1558 -0.3014 -0.9407
vn 0.5919 -0.2343 -0.7712
vn 0.8107 -0.1606 -0.5630
vn 0.9512 -0.0713 -0.3001
vn 0.9966 0.0006 -0.0827
vn 0.9966 0.0491 0.0665
vn 0.9512 0.1187 0.2847
vn 0.8107 0.2010 0.5498
vn 0.5919 0.2638 0.7616
vn 0.3158 0.3011 0.8998
vn 0.1558 0.3091 0.9382
vn 0.3117 -0.3317 -0.8904
vn 0.1548 -0.3243 -0.9332
vn 0.5863 -0.3213 -0.7436
vn 0.8040 -0.2797 -0.5247
vn 0.9436 -0.2111 -0.2549
vn 0.9887 -0.1457 -0.0350
vn 0.9887 -0.0973 0.1140
vn 0.9436 -0.0209 0.3303
vn 0.8040 0.0821 0.5889
vn 0.5863 0.1772 0.7905
vn 0.3117 0.2550 0.9153
vn 0.1548 0.2862 0.9456
vn 0.3038 -0.3703 -0.8778
vn 0.1508 -0.3434 -0.9270
vn 0.5714 -0.3940 -0.7200
vn 0.7834 -0.3794 -0.4923
vn 0.9194 -0.3280 -0.2169
vn 0.9633 -0.2683 0.0048
vn 0.9633 -0.2198 0.1538
vn 0.9194 -0.1379 0.3683
vn 0.7834 -0.0175 0.6213
vn 0.5714 0.1045 0.8140
vn 0.3038 0.2164 0.9278
vn 0.1508 0.2670 0.9518
vn 0.2903 -0.4083 -0.8654
vn 0.1441 -0.3623 -0.9209
vn 0.5459 -0.4654 -0.6967
vn 0.7484 -0.4774 -0.4605
vn 0.8784 -0.4430 -0.1795
vn 0.9203 -0.3888 0.0439
vn 0.9203 -0.3403 0.1930
vn 0.8784 -0.2529 0.4056
vn 0.7484 -0.1155 0.6531
vn 0.5459 0.0330 0.8372
vn 0.2903 0.1784 0.9402
vn 0.1441 0.2482 0.9579
vn 0.2713 -0.4446 -0.8536
vn 0.1346 -0.3803 -0.9150
vn 0.5101 -0.5337 -0.6745
vn 0.6994 -0.5709 -0.4300
vn 0.8208 -0.5528 -0.1439
vn 0.8600 -0.5038 0.0813
vn 0.8600 -0.4554 0.2304
vn 0.8208 -0.3627 0.4413
vn 0.6994 -0.2091 0.6835
vn 0.5101 -0.0353 0.8594
vn 0.2713 0.1420 0.9520
vn 0.1346 0.2301 0.9638
vn 0.2472 -0.4782 -0.8427
vn 0.1227 -0.3970 -0.9096
vn 0.4648 -0.5969 -0.6540
vn 0.6372 -0.6576 -0.4019
vn 0.7479 -0.6545 -0.1108
vn 0.7836 -0.6104 0.1159
vn 0.7836 -0.5619 0.2650
vn 0.7479 -0.4644 0.4744
vn 0.6372 -0.2957 0.7117
vn 0.4648 -0.0985 0.8799
vn 0.2472 0.1084 0.9629
vn 0.1227 0.2135 0.9692
vn 0.2186 -0.5083 -0.8330
vn 0.1085 -0.4119 -0.9047
vn 0.4111 -0.6534 -0.6356
vn 0.5636 -0.7351 -0.3767
vn 0.6615 -0.7455 -0.0813
vn 0.6931 -0.7057 0.1469
vn 0.6931 -0.6573 0.2960
vn 0.6615 -0.5554 0.5040
vn 0.5636 -0.3733 0.7369
vn 0.4111 -0.1550 0.8983
vn 0.2186 0.0784 0.9727
vn 0.1085 0.1985 0.9741
vn 0.1863 -0.5342 -0.8246
vn 0.0925 -0.4248 -0.9005
vn 0.3504 -0.7022 -0.6198
vn 0.4805 -0.8019 -0.3550
vn 0.5639 -0.8239 -0.0558
vn 0.5908 -0.7879 0.1736
vn 0.5908 -0.7395 0.3227
vn 0.5639 -0.6338 0.5294
vn 0.4805 -0.4401 0.7586
vn 0.3504 -0.2037 0.9142
vn 0.1863 0.0525 0.9811
vn 0.0925 0.1857 0.9783
vn 0.1512 -0.5554 -0.8177
vn 0.0751 -0.4354 -0.8971
vn 0.2844 -0.7422 -0.6068
vn 0.3900 -0.8569 -0.3372
vn 0.4577 -0.8884 -0.0348
vn 0.4796 -0.8554 0.1956
vn 0.4796 -0.8070 0.3446
vn 0.4577 -0.6983 0.5504
vn 0.3900 -0.4950 0.7765
vn 0.2844 -0.2438 0.9272
vn 0.1512 0.0313 0.9880
vn 0.0751 0.1751 0.9817
vn 0.1141 -0.5718 -0.8124
vn 0.0567 -0.4436 -0.8944
vn 0.2147 -0.7731 -0.5968
vn 0.2944 -0.8993 -0.3235
vn 0.3456 -0.9382 -0.0187
vn 0.3621 -0.9076 0.2125
vn 0.3621 -0.8592 0.3616
vn 0.3456 -0.7480 0.5666
vn 0.2944 -0.5374 0.7903
vn 0.2147 -0.2746 0.9373
vn 0.1141 0.0149 0.9934
vn 0.0567 0.1669 0.9843
vn 0.0760 -0.5832 -0.8087
vn 0.0378 -0.4493 -0.8926
vn 0.1430 -0.7947 -0.5899
vn 0.1962 -0.9290 -0.3138
vn 0.2302 -0.9731 -0.0074
vn 0.2412 -0.9442 0.2244
vn 0.2412 -0.8957 0.3734
vn 0.2302 -0.7829 0.5779
vn 0.1962 -0.5671 0.7999
vn 0.1430 -0.2962 0.9443
vn 0.0760 0.0035 0.9971
vn 0.0378 0.1611 0.9862
vn 0.0377 -0.5898 -0.8066
vn 0.0188 -0.4527 -0.8915
vn 0.0710 -0.8073 -0.5858
vn 0.0974 -0.9463 -0.3083
vn 0.1143 -0.9934 -0.0008
vn 0.1198 -0.9655 0.2313
vn 0.1198 -0.9170 0.3804
vn 0.1143 -0.8033 0.5846
vn 0.0974 -0.5844 0.8056
vn 0.0710 -0.3088 0.9485
vn 0.0377 -0.0031 0.9993
vn 0.0188 0.1578 0.9873
vn 0.0057 -0.5907 -0.8069
vn 0.0028 -0.4538 -0.8911
vn 0.0107 -0.8106 -0.5855
vn 0.0147 -0.9515 -0.3071
vn 0.0173 -0.9998 0.0010
vn 0.0181 -0.9722 0.2335
vn 0.0181 -0.9238 0.3825
vn 0.0173 -0.8095 0.5869
vn 0.0147 -0.5893 0.8078
vn 0.0107 -0.3117 0.9501
vn 0.0057 -0.0036 1.0000
vn 0.0028 0.1566 0.9877
vn -0.0147 -0.5892 -0.8078
vn -0.0074 -0.4538 -0.8911
vn -0.0278 -0.8095 -0.5865
vn -0.0382 -0.9506 -0.3081
vn -0.0448 -0.9990 0.0003
vn -0.0470 -0.9713 0.2332
vn -0.0470 -0.9229 0.3823
vn -0.0448 -0.8084 0.5869
vn -0.0382 -0.5880 0.8080
vn -0.0278 -0.3101 0.9503
vn -0.0147 -0.0019 0.9999
vn -0.0074 0.1566 0.9876
vn -0.0301 -0.5883 -0.8081
vn -0.0151 -0.4532 -0.8913
vn -0.0571 -0.8075 -0.5871
vn -0.0784 -0.9479 -0.3089
vn -0.0921 -0.9957 -0.0007
vn -0.0966 -0.9679 0.2321
vn -0.0966 -0.9195 0.3812
vn -0.0921 -0.8052 0.5858
vn -0.0784 -0.5853 0.8070
vn -0.0571 -0.3082 0.9496
vn -0.0301 -0.0009 0.9995
vn -0.0151 0.1572 0.9875
vn -0.0464 -0.5865 -0.8087
vn -0.0233 -0.4523 -0.8916
vn -0.0879 -0.8039 -0.5882
vn -0.1208 -0.9429 -0.3105
vn -0.1419 -0.9899 -0.0026
vn -0.1487 -0.9617 0.2301
vn -0.1487 -0.9133 0.3792
vn -0.1419 -0.7993 0.5839
vn -0.1208 -0.5803 0.8054
vn -0.0879 -0.3047 0.9484
vn -0.0464 0.0009 0.9989
vn -0.0233 0.1582 0.9871
vn -0.0633 -0.5837 -0.8095
vn -0.0318 -0.4508 -0.8920
vn -0.1198 -0.7985 -0.5899
vn -0.1647 -0.9354 -0.3129
vn -0.1934 -0.9811 -0.0054
vn -0.2027 -0.9525 0.2271
vn -0.2027 -0.9041 0.3762
vn -0.1934 -0.7906 0.5810
vn -0.1647 -0.5729 0.8029
vn -0.1198 -0.2993 0.9466
vn -0.0633 0.0036 0.9980
vn -0.0318 0.1596 0.9867
vn -0.0805 -0.5798 -0.8108
vn -0.0404 -0.4489 -0.8927
vn -0.1524 -0.7912 -0.5923
vn -0.2094 -0.9253 -0.3161
vn -0.2460 -0.9692 -0.0092
vn -0.2578 -0.9401 0.2231
vn -0.2578 -0.8917 0.3721
vn -0.2460 -0.7787 0.5772
vn -0.2094 -0.5628 0.7996
vn -0.1524 -0.2920 0.9442
vn -0.0805 0.0075 0.9967
vn -0.0404 0.1616 0.9860
vn -0.0978 -0.5749 -0.8123
vn -0.0491 -0.4464 -0.8935
vn -0.1851 -0.7819 -0.5953
vn -0.2543 -0.9126 -0.3202
vn -0.2987 -0.9542 -0.0141
vn -0.3130 -0.9244 0.2179
vn -0.3130 -0.8760 0.3670
vn -0.2987 -0.7637 0.5723
vn -0.2543 -0.5500 0.7955
vn -0.1851 -0.2827 0.9412
vn -0.0978 0.0124 0.9951
vn -0.0491 0.1640 0.9852
vn -0.1148 -0.5690 -0.8143
vn -0.0576 -0.4435 -0.8944
vn -0.2173 -0.7708 -0.5989
vn -0.2985 -0.8973 -0.3252
vn -0.3506 -0.9363 -0.0199
vn -0.3674 -0.9056 0.2118
vn -0.3674 -0.8572 0.3609
vn -0.3506 -0.7458 0.5665
vn -0.2985 -0.5348 0.7905
vn -0.2173 -0.2716 0.9376
vn -0.1148 0.0182 0.9932
vn -0.0576 0.1670 0.9843
vn -0.1313 -0.5623 -0.8165
vn -0.0659 -0.4401 -0.8955
vn -0.2484 -0.7580 -0.6030
vn -0.3413 -0.8798 -0.3309
vn -0.4009 -0.9157 -0.0266
vn -0.4201 -0.8840 0.2048
vn -0.4201 -0.8356 0.3539
vn -0.4009 -0.7252 0.5598
vn -0.3413 -0.5172 0.7848
vn -0.2484 -0.2588 0.9334
vn -0.1313 0.0250 0.9910
vn -0.0659 0.1703 0.9832
vn -0.1469 -0.5548 -0.8189
vn -0.0738 -0.4363 -0.8967
vn -0.2781 -0.7439 -0.6077
vn -0.3821 -0.8604 -0.3372
vn -0.4488 -0.8930 -0.0340
vn -0.4703 -0.8602 0.1971
vn -0.4703 -0.8118 0.3462
vn -0.4488 -0.7025 0.5524
vn -0.3821 -0.4979 0.7786
vn -0.2781 -0.2447 0.9289
vn -0.1469 0.0325 0.9886
vn -0.0738 0.1741 0.9820
vn -0.1615 -0.5468 -0.8216
vn -0.0811 -0.4324 -0.8980
vn -0.3058 -0.7288 -0.6126
vn -0.4202 -0.8397 -0.3440
vn -0.4936 -0.8687 -0.0419
vn -0.5173 -0.8347 0.1888
vn -0.5173 -0.7863 0.3379
vn -0.4936 -0.6781 0.5445
vn -0.4202 -0.4771 0.7719
vn -0.3058 -0.2295 0.9240
vn -0.1615 0.0406 0.9860
vn -0.0811 0.1781 0.9807
vn -0.1750 -0.5384 -0.8243
vn -0.0879 -0.4282 -0.8994
vn -0.3314 -0.7131 -0.6178
vn -0.4554 -0.8182 -0.3511
vn -0.5349 -0.8434 -0.0502
vn -0.5606 -0.8083 0.1802
vn -0.5606 -0.7598 0.3293
vn -0.5349 -0.6528 0.5364
vn -0.4554 -0.4556 0.7649
vn -0.3314 -0.2138 0.9190
vn -0.1750 0.0489 0.9834
vn -0.0879 0.1822 0.9793
vn -0.2825 -0.4309 -0.8570
vn -0.1241 -0.3666 -0.9221
vn -0.5115 -0.5025 -0.6970
vn -0.7063 -0.5327 -0.4662
vn -0.8410 -0.5113 -0.1768
vn -0.8864 -0.4592 0.0590
vn -0.8864 -0.4062 0.2222
vn -0.8410 -0.3098 0.4436
vn -0.7063 -0.1569 0.6903
vn -0.5115 0.0031 0.8593
vn -0.2825 0.1551 0.9466
vn -0.1241 0.2454 0.9614
vn -0.0530 -0.1654 -0.9848
vn -0.0182 -0.2606 -0.9653
vn -0.1016 -0.0270 -0.9945
vn -0.1727 0.1892 -0.9666
vn -0.2768 0.5510 -0.7873
vn -0.3329 0.8180 -0.4690
vn -0.3329 0.9375 -0.1014
vn -0.2768 0.9085 0.3131
vn -0.1727 0.7212 0.6708
vn -0.1016 0.5627 0.8204
vn -0.0530 0.4450 0.8940
vn -0.0182 0.3566 0.9341
vn 0.2296 -0.1016 -0.9680
vn 0.1173 -0.2069 -0.9713
vn 0.4392 0.1179 -0.8906
vn 0.6059 0.3261 -0.7257
vn 0.7130 0.5023 -0.4892
vn 0.7477 0.6028 -0.2785
vn 0.7477 0.6514 -0.1290
vn 0.7130 0.6939 0.1005
vn 0.6059 0.6903 0.3954
vn 0.4392 0.6189 0.6512
vn 0.2296 0.4868 0.8428
vn 0.1173 0.4036 0.9074
vn 0.2165 -0.0885 -0.9723
vn 0.1106 -0.2001 -0.9735
vn 0.4142 0.1431 -0.8989
vn 0.5714 0.3609 -0.7371
vn 0.6725 0.5433 -0.5026
vn 0.7052 0.6459 -0.2925
vn 0.7052 0.6945 -0.1430
vn 0.6725 0.7349 0.0873
vn 0.5714 0.7252 0.3842
vn 0.4142 0.6441 0.6431
vn 0.2165 0.4999 0.8386
vn 0.1106 0.4103 0.9052
vn 0.2017 -0.0756 -0.9765
vn 0.1031 -0.1934 -0.9757
vn 0.3861 0.1679 -0.9070
vn 0.5327 0.3952 -0.7483
vn 0.6270 0.5838 -0.5158
vn 0.6575 0.6883 -0.3063
vn 0.6575 0.7369 -0.1568
vn 0.6270 0.7755 0.0742
vn 0.5327 0.7596 0.3731
vn 0.3861 0.6690 0.6351
vn 0.2017 0.5128 0.8344
vn 0.1031 0.4170 0.9030
vn 0.1853 -0.0630 -0.9807
vn 0.0948 -0.1870 -0.9778
vn 0.3548 0.1921 -0.9150
vn 0.4896 0.4286 -0.7593
vn 0.5764 0.6232 -0.5287
vn 0.6044 0.7297 -0.3198
vn 0.6044 0.7783 -0.1702
vn 0.5764 0.8149 0.0614
vn 0.4896 0.7931 0.3624
vn 0.3548 0.6932 0.6273
vn 0.1853 0.5254 0.8304
vn 0.0948 0.4235 0.9009
vn 0.1672 -0.0511 -0.9846
vn 0.0856 -0.1808 -0.9798
vn 0.3202 0.2151 -0.9226
vn 0.4420 0.4605 -0.7698
vn 0.5203 0.6608 -0.5410
vn 0.5456 0.7692 -0.3326
vn 0.5456 0.8178 -0.1830
vn 0.5203 0.8526 0.0492
vn 0.4420 0.8251 0.3521
vn 0.3202 0.7163 0.6199
vn 0.1672 0.5374 0.8266
vn 0.0856 0.4297 0.8989
vn 0.1473 -0.0399 -0.9883
vn 0.0754 -0.1750 -0.9817
vn 0.2823 0.2367 -0.9297
vn 0.3896 0.4904 -0.7796
vn 0.4587 0.6960 -0.5525
vn 0.4810 0.8061 -0.3446
vn 0.4810 0.8547 -0.1950
vn 0.4587 0.8878 0.0379
vn 0.3896 0.8549 0.3425
vn 0.2823 0.7379 0.6130
vn 0.1473 0.5486 0.8230
vn 0.0754 0.4354 0.8971
vn 0.1258 -0.0298 -0.9916
vn 0.0644 -0.1698 -0.9834
vn 0.2411 0.2561 -0.9361
vn 0.3328 0.5173 -0.7884
vn 0.3918 0.7278 -0.5629
vn 0.4109 0.8395 -0.3555
vn 0.4109 0.8881 -0.2058
vn 0.3918 0.9196 0.0276
vn 0.3328 0.8819 0.3338
vn 0.2411 0.7574 0.6068
vn 0.1258 0.5587 0.8198
vn 0.0644 0.4407 0.8954
vn 0.1027 -0.0211 -0.9945
vn 0.0526 -0.1652 -0.9848
vn 0.1969 0.2730 -0.9417
vn 0.2718 0.5407 -0.7961
vn 0.3200 0.7553 -0.5719
vn 0.3356 0.8684 -0.3649
vn 0.3356 0.9171 -0.2152
vn 0.3200 0.9472 0.0187
vn 0.2718 0.9054 0.3263
vn 0.1969 0.7744 0.6013
vn 0.1027 0.5675 0.8170
vn 0.0526 0.4452 0.8939
vn 0.0782 -0.0140 -0.9968
vn 0.0401 -0.1615 -0.9860
vn 0.1500 0.2867 -0.9462
vn 0.2072 0.5597 -0.8024
vn 0.2439 0.7778 -0.5792
vn 0.2558 0.8920 -0.3726
vn 0.2558 0.9407 -0.2229
vn 0.2439 0.9697 0.0114
vn 0.2072 0.9244 0.3201
vn 0.1500 0.7881 0.5969
vn 0.0782 0.5746 0.8147
vn 0.0401 0.4489 0.8927
vn 0.0527 -0.0087 -0.9986
vn 0.0270 -0.1588 -0.9869
vn 0.1011 0.2969 -0.9495
vn 0.1396 0.5738 -0.8070
vn 0.1644 0.7944 -0.5847
vn 0.1724 0.9095 -0.3783
vn 0.1724 0.9581 -0.2286
vn 0.1644 0.9864 0.0060
vn 0.1396 0.9386 0.3156
vn 0.1011 0.7983 0.5937
vn 0.0527 0.5799 0.8130
vn 0.0270 0.4516 0.8918
vn 0.0265 -0.0055 -0.9996
vn 0.0136 -0.1571 -0.9875
vn 0.0508 0.3032 -0.9516
vn 0.0702 0.5825 -0.8098
vn 0.0827 0.8046 -0.5880
vn 0.0867 0.9202 -0.3817
vn 0.0867 0.9688 -0.2320
vn 0.0827 0.9966 0.0027
vn 0.0702 0.9472 0.3128
vn 0.0508 0.8046 0.5917
vn 0.0265 0.5831 0.8119
vn 0.0136 0.4533 0.8913
vn -0.0015 -0.0049 -1.0000
vn -0.0008 -0.1566 -0.9877
vn -0.0028 0.3048 -0.9524
vn -0.0039 0.5850 -0.8110
vn -0.0046 0.8079 -0.5893
vn -0.0048 0.9238 -0.3829
vn -0.0048 0.9724 -0.2332
vn -0.0046 1.0000 0.0018
vn -0.0039 0.9500 0.3122
vn -0.0028 0.8064 0.5914
vn -0.0015 0.5838 0.8119
vn -0.0008 0.4538 0.8911
vn -0.0333 -0.0076 -0.9994
vn -0.0171 -0.1576 -0.9874
vn -0.0639 0.3006 -0.9516
vn -0.0884 0.5799 -0.8099
vn -0.1041 0.8023 -0.5878
vn -0.1092 0.9180 -0.3811
vn -0.1092 0.9667 -0.2313
vn -0.1041 0.9946 0.0040
vn -0.0884 0.9452 0.3144
vn -0.0639 0.8025 0.5932
vn -0.0333 0.5813 0.8130
vn -0.0171 0.4529 0.8914
vn -0.0681 -0.0136 -0.9976
vn -0.0351 -0.1605 -0.9864
vn -0.1310 0.2894 -0.9482
vn -0.1812 0.5646 -0.8052
vn -0.2135 0.7845 -0.5822
vn -0.2239 0.8995 -0.3752
vn -0.2239 0.9482 -0.2252
vn -0.2135 0.9769 0.0099
vn -0.1812 0.9301 0.3195
vn -0.1310 0.7915 0.5970
vn -0.0681 0.5754 0.8150
vn -0.0351 0.4499 0.8924
vn -0.1038 -0.0240 -0.9943
vn -0.0535 -0.1657 -0.9847
vn -0.1997 0.2697 -0.9420
vn -0.2763 0.5376 -0.7966
vn -0.3256 0.7528 -0.5720
vn -0.3416 0.8663 -0.3644
vn -0.3416 0.9151 -0.2144
vn -0.3256 0.9453 0.0203
vn -0.2763 0.9032 0.3285
vn -0.1997 0.7719 0.6035
vn -0.1038 0.5651 0.8185
vn -0.0535 0.4447 0.8941
vn -0.1391 -0.0390 -0.9895
vn -0.0718 -0.1734 -0.9822
vn -0.2680 0.2410 -0.9328
vn -0.3707 0.4980 -0.7839
vn -0.4369 0.7063 -0.5570
vn -0.4584 0.8175 -0.3486
vn -0.4584 0.8663 -0.1985
vn -0.4369 0.8988 0.0355
vn -0.3707 0.8637 0.3415
vn -0.2680 0.7433 0.6130
vn -0.1391 0.5501 0.8234
vn -0.0718 0.4371 0.8966
vn -0.1730 -0.0586 -0.9832
vn -0.0893 -0.1835 -0.9790
vn -0.3333 0.2033 -0.9206
vn -0.4612 0.4459 -0.7671
vn -0.5436 0.6449 -0.5371
vn -0.5703 0.7532 -0.3277
vn -0.5703 0.8020 -0.1776
vn -0.5436 0.8375 0.0555
vn -0.4612 0.8117 0.3585
vn -0.3333 0.7056 0.6253
vn -0.1730 0.5305 0.8299
vn -0.0893 0.4270 0.8998
vn -0.2044 -0.0826 -0.9754
vn -0.1055 -0.1958 -0.9750
vn -0.3937 0.1572 -0.9057
vn -0.5448 0.3822 -0.7464
vn -0.6422 0.5698 -0.5128
vn -0.6737 0.6744 -0.3021
vn -0.6737 0.7232 -0.1520
vn -0.6422 0.7624 0.0799
vn -0.5448 0.7479 0.3792
vn -0.3937 0.6595 0.6403
vn -0.2044 0.5065 0.8377
vn -0.1055 0.4146 0.9038
vn -0.2322 -0.1104 -0.9664
vn -0.1199 -0.2102 -0.9703
vn -0.4474 0.1037 -0.8883
vn -0.6191 0.3081 -0.7224
vn -0.7298 0.4825 -0.4844
vn -0.7656 0.5828 -0.2723
vn -0.7656 0.6316 -0.1222
vn -0.7298 0.6750 0.1083
vn -0.6191 0.6738 0.4033
vn -0.4474 0.6060 0.6577
vn -0.2322 0.4787 0.8467
vn -0.1199 0.4003 0.9085
vn -0.2560 -0.1415 -0.9563
vn -0.1322 -0.2262 -0.9651
vn -0.4932 0.0436 -0.8688
vn -0.6825 0.2250 -0.6954
vn -0.8045 0.3846 -0.4526
vn -0.8440 0.4801 -0.2389
vn -0.8440 0.5288 -0.0889
vn -0.8045 0.5771 0.1401
vn -0.6825 0.5908 0.4303
vn -0.4932 0.5460 0.6772
vn -0.2560 0.4476 0.8568
vn -0.1322 0.3842 0.9137
vn -0.2752 -0.1757 -0.9452
vn -0.1421 -0.2438 -0.9593
vn -0.5304 -0.0221 -0.8475
vn -0.7339 0.1341 -0.6659
vn -0.8652 0.2774 -0.4178
vn -0.9077 0.3676 -0.2024
vn -0.9077 0.4164 -0.0523
vn -0.8652 0.4700 0.1750
vn -0.7339 0.4999 0.4599
vn -0.5304 0.4802 0.6986
vn -0.2752 0.4134 0.8679
vn -0.1421 0.3666 0.9195
vn -0.2896 -0.2126 -0.9332
vn -0.1496 -0.2629 -0.9532
vn -0.5582 -0.0932 -0.8245
vn -0.7725 0.0357 -0.6340
vn -0.9107 0.1615 -0.3802
vn -0.9555 0.2461 -0.1629
vn -0.9555 0.2949 -0.0128
vn -0.9107 0.3541 0.2127
vn -0.7725 0.4016 0.4919
vn -0.5582 0.4092 0.7218
vn -0.2896 0.3766 0.8800
vn -0.1496 0.3476 0.9256
vn -0.2985 -0.2523 -0.9204
vn -0.1543 -0.2834 -0.9465
vn -0.5757 -0.1697 -0.7998
vn -0.7970 -0.0701 -0.5999
vn -0.9398 0.0367 -0.3398
vn -0.9860 0.1152 -0.1204
vn -0.9860 0.1640 0.0297
vn -0.9398 0.2294 0.2534
vn -0.7970 0.2959 0.5265
vn -0.5757 0.3328 0.7468
vn -0.2985 0.3369 0.8930
vn -0.1543 0.3271 0.9323
vn -0.2952 -0.3092 -0.9040
vn -0.1550 -0.3126 -0.9371
vn -0.5759 -0.2797 -0.7682
vn -0.8015 -0.2223 -0.5552
vn -0.9480 -0.1422 -0.2849
vn -0.9956 -0.0717 -0.0604
vn -0.9956 -0.0226 0.0910
vn -0.9480 0.0524 0.3141
vn -0.8015 0.1464 0.5798
vn -0.5759 0.2252 0.7859
vn -0.2952 0.2812 0.9131
vn -0.1550 0.2979 0.9419
vn -0.2732 -0.3885 -0.8800
vn -0.1453 -0.3547 -0.9236
vn -0.5382 -0.4363 -0.7211
vn -0.7527 -0.4413 -0.4886
vn -0.8929 -0.4014 -0.2038
vn -0.9387 -0.3435 0.0273
vn -0.9387 -0.2940 0.1799
vn -0.8929 -0.2050 0.4009
vn -0.7527 -0.0698 0.6547
vn -0.5382 0.0709 0.8399
vn -0.2732 0.2029 0.9403
vn -0.1453 0.2560 0.9557
vn -0.2379 -0.4621 -0.8543
vn -0.1249 -0.3929 -0.9110
vn -0.4641 -0.5780 -0.6712
vn -0.6458 -0.6375 -0.4202
vn -0.7638 -0.6332 -0.1253
vn -0.8022 -0.5874 0.1072
vn -0.8022 -0.5382 0.2585
vn -0.7638 -0.4386 0.4736
vn -0.6458 -0.2687 0.7147
vn -0.4640 -0.0731 0.8828
vn -0.2379 0.1283 0.9628
vn -0.1249 0.2176 0.9680
vn -0.2015 -0.5076 -0.8377
vn -0.1043 -0.4155 -0.9036
vn -0.3891 -0.6625 -0.6401
vn -0.5389 -0.7525 -0.3786
vn -0.6356 -0.7680 -0.0786
vn -0.6669 -0.7291 0.1538
vn -0.6669 -0.6803 0.3041
vn -0.6356 -0.5751 0.5151
vn -0.5389 -0.3863 0.7486
vn -0.3891 -0.1597 0.9072
vn -0.2015 0.0817 0.9761
vn -0.1043 0.1950 0.9752
vn -0.1758 -0.5314 -0.8287
vn -0.0901 -0.4267 -0.8999
vn -0.3371 -0.7052 -0.6238
vn -0.4654 -0.8098 -0.3573
vn -0.5479 -0.8347 -0.0552
vn -0.5746 -0.7991 0.1769
vn -0.5746 -0.7505 0.3266
vn -0.5479 -0.6428 0.5353
vn -0.4654 -0.4451 0.7650
vn -0.3371 -0.2038 0.9192
vn -0.1758 0.0572 0.9828
vn -0.0901 0.1837 0.9788
vn -0.1634 -0.5421 -0.8243
vn -0.0830 -0.4313 -0.8984
vn -0.3115 -0.7232 -0.6164
vn -0.4292 -0.8335 -0.3479
vn -0.5048 -0.8621 -0.0453
vn -0.5292 -0.8278 0.1864
vn -0.5292 -0.7793 0.3358
vn -0.5048 -0.6708 0.5433
vn -0.4292 -0.4698 0.7714
vn -0.3115 -0.2228 0.9238
vn -0.1634 0.0460 0.9855
vn -0.0830 0.1791 0.9803
vn -0.1634 -0.5442 -0.8229
vn -0.0825 -0.4316 -0.8983
vn -0.3102 -0.7254 -0.6145
vn -0.4267 -0.8355 -0.3461
vn -0.5015 -0.8641 -0.0439
vn -0.5256 -0.8299 0.1872
vn -0.5256 -0.7814 0.3364
vn -0.5015 -0.6732 0.5434
vn -0.4267 -0.4725 0.7711
vn -0.3102 -0.2256 0.9235
vn -0.1634 0.0434 0.9856
vn -0.0825 0.1788 0.9804
vn -0.1754 -0.5388 -0.8240
vn -0.3317 -0.7133 -0.6174
vn -0.4556 -0.8182 -0.3508
vn -0.5351 -0.8433 -0.0501
vn -0.5607 -0.8082 0.1802
vn -0.5607 -0.7597 0.3293
vn -0.5351 -0.6528 0.5362
vn -0.4556 -0.4557 0.7647
vn -0.3317 -0.2142 0.9188
vn -0.1754 0.0484 0.9833
vn -0.0879 0.1823 0.9793
vn -0.1994 -0.5239 -0.8281
vn -0.0992 -0.4199 -0.9021
vn -0.3755 -0.6833 -0.6262
vn -0.5150 -0.7762 -0.3636
vn -0.6046 -0.7938 -0.0657
vn -0.6335 -0.7563 0.1634
vn -0.6335 -0.7079 0.3124
vn -0.6046 -0.6036 0.5197
vn -0.5150 -0.4143 0.7504
vn -0.3755 -0.1847 0.9082
vn -0.1994 0.0629 0.9779
vn -0.0992 0.1905 0.9767
vn -0.2345 -0.4946 -0.8369
vn -0.1156 -0.4046 -0.9072
vn -0.4394 -0.6264 -0.6438
vn -0.6019 -0.6977 -0.3885
vn -0.7062 -0.7016 -0.0954
vn -0.7399 -0.6597 0.1319
vn -0.7399 -0.6112 0.2811
vn -0.7062 -0.5115 0.4895
vn -0.6019 -0.3362 0.7244
vn -0.4394 -0.1284 0.8891
vn -0.2345 0.0918 0.9678
vn -0.1156 0.2059 0.9717
vn -0.2748 -0.4447 -0.8525
vn -0.1343 -0.3795 -0.9154
vn -0.5127 -0.5320 -0.6739
vn -0.7015 -0.5681 -0.4303
vn -0.8229 -0.5494 -0.1448
vn -0.8621 -0.5003 0.0800
vn -0.8621 -0.4518 0.2294
vn -0.8229 -0.3594 0.4401
vn -0.7015 -0.2067 0.6820
vn -0.5127 -0.0343 0.8579
vn -0.2748 0.1413 0.9511
vn -0.1343 0.2311 0.9636
vn -0.3071 -0.3737 -0.8752
vn -0.1494 -0.3446 -0.9268
vn -0.5717 -0.3992 -0.7168
vn -0.7818 -0.3864 -0.4894
vn -0.9171 -0.3363 -0.2141
vn -0.9608 -0.2771 0.0073
vn -0.9608 -0.2285 0.1569
vn -0.9171 -0.1462 0.3709
vn -0.7818 -0.0250 0.6230
vn -0.5717 0.0984 0.8146
vn -0.3071 0.2121 0.9277
vn -0.1494 0.2660 0.9523
vn -0.3163 -0.3037 -0.8987
vn -0.1556 -0.3105 -0.9378
vn -0.5920 -0.2688 -0.7598
vn -0.8106 -0.2079 -0.5475
vn -0.9510 -0.1269 -0.2820
vn -0.9963 -0.0577 -0.0638
vn -0.9963 -0.0092 0.0855
vn -0.9510 0.0631 0.3028
vn -0.8106 0.1536 0.5651
vn -0.5920 0.2291 0.7727
vn -0.3163 0.2825 0.9056
vn -0.1556 0.3000 0.9412
vn -0.3118 -0.2549 -0.9153
vn -0.1548 -0.2861 -0.9456
vn -0.5864 -0.1769 -0.7905
vn -0.8040 -0.0818 -0.5890
vn -0.9436 0.0212 -0.3304
vn -0.9887 0.0976 -0.1141
vn -0.9887 0.1461 0.0349
vn -0.9436 0.2114 0.2548
vn -0.8040 0.2800 0.5246
vn -0.5864 0.3215 0.7435
vn -0.3118 0.3318 0.8904
vn -0.1548 0.3243 0.9332
vn -0.3036 -0.2148 -0.9283
vn -0.1506 -0.2663 -0.9521
vn -0.5707 -0.1016 -0.8148
vn -0.7823 0.0214 -0.6225
vn -0.9182 0.1424 -0.3697
vn -0.9620 0.2246 -0.1554
vn -0.9620 0.2730 -0.0063
vn -0.9182 0.3325 0.2154
vn -0.7823 0.3832 0.4910
vn -0.5707 0.3968 0.7189
vn -0.3036 0.3718 0.8772
vn -0.1506 0.3442 0.9268
vn -0.2889 -0.1742 -0.9414
vn -0.1432 -0.2462 -0.9586
vn -0.5427 -0.0254 -0.8395
vn -0.7439 0.1258 -0.6563
vn -0.8730 0.2648 -0.4095
vn -0.9147 0.3528 -0.1971
vn -0.9147 0.4013 -0.0480
vn -0.8730 0.4549 0.1756
vn -0.7439 0.4875 0.4570
vn -0.5427 0.4729 0.6941
vn -0.2889 0.4124 0.8640
vn -0.1432 0.3642 0.9202
vn -0.2674 -0.1350 -0.9541
vn -0.1325 -0.2268 -0.9649
vn -0.5023 0.0481 -0.8634
vn -0.6884 0.2265 -0.6890
vn -0.8079 0.3831 -0.4479
vn -0.8464 0.4767 -0.2373
vn -0.8464 0.5251 -0.0882
vn -0.8079 0.5732 0.1372
vn -0.6884 0.5883 0.4243
vn -0.5023 0.5464 0.6702
vn -0.2674 0.4515 0.8512
vn -0.1325 0.3836 0.9139
vn -0.2398 -0.0992 -0.9657
vn -0.1188 -0.2091 -0.9707
vn -0.4505 0.1155 -0.8853
vn -0.6175 0.3189 -0.7190
vn -0.7246 0.4914 -0.4831
vn -0.7592 0.5903 -0.2742
vn -0.7592 0.6387 -0.1251
vn -0.7246 0.6815 0.1020
vn -0.6175 0.6806 0.3943
vn -0.4505 0.6138 0.6483
vn -0.2398 0.4874 0.8396
vn -0.1188 0.4014 0.9082
vn -0.2075 -0.0682 -0.9759
vn -0.1029 -0.1936 -0.9757
vn -0.3899 0.1738 -0.9043
vn -0.5345 0.3989 -0.7451
vn -0.6273 0.5854 -0.5137
vn -0.6572 0.6887 -0.3062
vn -0.6572 0.7372 -0.1571
vn -0.6273 0.7755 0.0715
vn -0.5345 0.7607 0.3683
vn -0.3899 0.6722 0.6294
vn -0.2075 0.5184 0.8296
vn -0.1029 0.4168 0.9031
vn -0.1722 -0.0430 -0.9841
vn -0.0854 -0.1810 -0.9798
vn -0.3237 0.2215 -0.9199
vn -0.4438 0.4644 -0.7664
vn -0.5208 0.6622 -0.5387
vn -0.5457 0.7693 -0.3324
vn -0.5457 0.8177 -0.1833
vn -0.5208 0.8524 0.0465
vn -0.4438 0.8262 0.3471
vn -0.3237 0.7199 0.6140
vn -0.1722 0.5437 0.8214
vn -0.0854 0.4295 0.8990
vn -0.1356 -0.0238 -0.9905
vn -0.0674 -0.1713 -0.9829
vn -0.2551 0.2580 -0.9319
vn -0.3498 0.5146 -0.7828
vn -0.4106 0.7213 -0.5579
vn -0.4302 0.8311 -0.3524
vn -0.4302 0.8795 -0.2034
vn -0.4106 0.9114 0.0274
vn -0.3498 0.8765 0.3309
vn -0.2551 0.7565 0.6022
vn -0.1356 0.5630 0.8153
vn -0.0674 0.4392 0.8959
vn -0.0992 -0.0102 -0.9950
vn -0.0494 -0.1643 -0.9852
vn -0.1869 0.2840 -0.9404
vn -0.2563 0.5504 -0.7946
vn -0.3008 0.7634 -0.5716
vn -0.3152 0.8753 -0.3668
vn -0.3152 0.9237 -0.2177
vn -0.3008 0.9536 0.0138
vn -0.2563 0.9123 0.3193
vn -0.1869 0.7825 0.5939
vn -0.0992 0.5766 0.8110
vn -0.0494 0.4461 0.8936
vn -0.0642 -0.0015 -0.9979
vn -0.0320 -0.1598 -0.9866
vn -0.1209 0.3007 -0.9460
vn -0.1659 0.5735 -0.8022
vn -0.1948 0.7906 -0.5805
vn -0.2041 0.9038 -0.3761
vn -0.2041 0.9523 -0.2270
vn -0.1948 0.9808 0.0050
vn -0.1659 0.9355 0.3119
vn -0.1209 0.7993 0.5886
vn -0.0642 0.5853 0.8082
vn -0.0320 0.4506 0.8921
vn -0.0311 0.0030 -0.9995
vn -0.0155 -0.1574 -0.9874
vn -0.0586 0.3096 -0.9491
vn -0.0804 0.5859 -0.8064
vn -0.0944 0.8053 -0.5854
vn -0.0989 0.9192 -0.3811
vn -0.0989 0.9677 -0.2320
vn -0.0944 0.9955 0.0003
vn -0.0804 0.9480 0.3080
vn -0.0586 0.8083 0.5858
vn -0.0311 0.5899 0.8069
vn -0.0155 0.4531 0.8913
vn -0.0035 0.0033 -1.0000
vn -0.0018 -0.1565 -0.9877
vn -0.0066 0.3115 -0.9502
vn -0.0091 0.5892 -0.8079
vn -0.0107 0.8095 -0.5870
vn -0.0112 0.9239 -0.3826
vn -0.0112 0.9723 -0.2335
vn -0.0107 0.9999 -0.0009
vn -0.0091 0.9516 0.3073
vn -0.0066 0.8105 0.5857
vn -0.0035 0.5904 0.8071
vn -0.0018 0.4539 0.8911
vn 0.0159 0.0019 -0.9999
vn 0.0080 -0.1567 -0.9876
vn 0.0302 0.3101 -0.9502
vn 0.0415 0.5879 -0.8079
vn 0.0487 0.8082 -0.5868
vn 0.0511 0.9227 -0.3822
vn 0.0511 0.9711 -0.2331
vn 0.0487 0.9988 -0.0003
vn 0.0415 0.9505 0.3081
vn 0.0302 0.8094 0.5865
vn 0.0159 0.5893 0.8078
vn 0.0080 0.4537 0.8911
vn 0.0318 0.0008 -0.9995
vn 0.0160 -0.1573 -0.9874
vn 0.0602 0.3079 -0.9495
vn 0.0828 0.5848 -0.8069
vn 0.0972 0.8047 -0.5857
vn 0.1019 0.9189 -0.3810
vn 0.1019 0.9674 -0.2319
vn 0.0972 0.9953 0.0008
vn 0.0828 0.9474 0.3090
vn 0.0602 0.8072 0.5872
vn 0.0318 0.5881 0.8082
vn 0.0160 0.4532 0.8913
vn 0.0475 -0.0012 -0.9989
vn 0.0239 -0.1582 -0.9871
vn 0.0900 0.3042 -0.9483
vn 0.1237 0.5798 -0.8053
vn 0.1453 0.7988 -0.5838
vn 0.1523 0.9128 -0.3790
vn 0.1523 0.9612 -0.2299
vn 0.1453 0.9894 0.0028
vn 0.1237 0.9424 0.3107
vn 0.0900 0.8036 0.5884
vn 0.0475 0.5862 0.8088
vn 0.0239 0.4522 0.8916
vn 0.0630 -0.0038 -0.9980
vn 0.0317 -0.1596 -0.9867
vn 0.1194 0.2992 -0.9467
vn 0.1640 0.5729 -0.8030
vn 0.1927 0.7907 -0.5811
vn 0.2019 0.9043 -0.3762
vn 0.2019 0.9527 -0.2271
vn 0.1927 0.9812 0.0054
vn 0.1640 0.9355 0.3129
vn 0.1194 0.7985 0.5900
vn 0.0630 0.5835 0.8097
vn 0.0317 0.4509 0.8920
vn 0.0783 -0.0072 -0.9969
vn 0.0393 -0.1613 -0.9861
vn 0.1482 0.2928 -0.9446
vn 0.2036 0.5641 -0.8002
vn 0.2392 0.7803 -0.5778
vn 0.2507 0.8934 -0.3727
vn 0.2507 0.9419 -0.2236
vn 0.2392 0.9709 0.0088
vn 0.2036 0.9267 0.3158
vn 0.1482 0.7921 0.5921
vn 0.0783 0.5801 0.8108
vn 0.0393 0.4492 0.8926
vn 0.0931 -0.0113 -0.9956
vn 0.0468 -0.1633 -0.9855
vn 0.1764 0.2851 -0.9421
vn 0.2424 0.5535 -0.7968
vn 0.2847 0.7679 -0.5738
vn 0.2984 0.8804 -0.3685
vn 0.2984 0.9289 -0.2194
vn 0.2847 0.9585 0.0128
vn 0.2424 0.9162 0.3192
vn 0.1764 0.7844 0.5946
vn 0.0931 0.5760 0.8121
vn 0.0468 0.4471 0.8932
vn 0.1076 -0.0160 -0.9941
vn 0.0541 -0.1657 -0.9847
vn 0.2038 0.2762 -0.9393
vn 0.2800 0.5413 -0.7928
vn 0.3290 0.7536 -0.5691
vn 0.3447 0.8654 -0.3636
vn 0.3447 0.9139 -0.2145
vn 0.3290 0.9442 0.0175
vn 0.2800 0.9039 0.3232
vn 0.2038 0.7755 0.5975
vn 0.1076 0.5713 0.8136
vn 0.0541 0.4448 0.8940
vn 0.1216 -0.0213 -0.9923
vn 0.0611 -0.1683 -0.9838
vn 0.2303 0.2661 -0.9360
vn 0.3165 0.5275 -0.7884
vn 0.3719 0.7374 -0.5639
vn 0.3897 0.8485 -0.3581
vn 0.3897 0.8969 -0.2090
vn 0.3719 0.9280 0.0227
vn 0.3165 0.8902 0.3277
vn 0.2303 0.7655 0.6008
vn 0.1216 0.5660 0.8154
vn 0.0611 0.4421 0.8949
vn 0.1351 -0.0272 -0.9905
vn 0.0679 -0.1712 -0.9829
vn 0.2560 0.2551 -0.9324
vn 0.3518 0.5123 -0.7834
vn 0.4132 0.7196 -0.5581
vn 0.4331 0.8298 -0.3520
vn 0.4331 0.8782 -0.2029
vn 0.4132 0.9102 0.0285
vn 0.3518 0.8750 0.3327
vn 0.2560 0.7544 0.6044
vn 0.1351 0.5602 0.8173
vn 0.0679 0.4392 0.8958
vn 0.1481 -0.0336 -0.9884
vn 0.0745 -0.1744 -0.9818
vn 0.2806 0.2430 -0.9285
vn 0.3857 0.4958 -0.7781
vn 0.4531 0.7002 -0.5518
vn 0.4748 0.8095 -0.3454
vn 0.4748 0.8579 -0.1963
vn 0.4531 0.8908 0.0348
vn 0.3857 0.8585 0.3380
vn 0.2806 0.7424 0.6083
vn 0.1481 0.5538 0.8194
vn 0.0745 0.4360 0.8969
vn 0.1606 -0.0404 -0.9862
vn 0.0808 -0.1778 -0.9807
vn 0.3042 0.2302 -0.9244
vn 0.4181 0.4782 -0.7724
vn 0.4912 0.6794 -0.5451
vn 0.5148 0.7877 -0.3384
vn 0.5148 0.8362 -0.1893
vn 0.4912 0.8701 0.0416
vn 0.4181 0.8408 0.3438
vn 0.3042 0.7295 0.6125
vn 0.1606 0.5470 0.8216
vn 0.0808 0.4326 0.8980
vn 0.2766 -0.1486 -0.9494
vn 0.1205 -0.2431 -0.9625
vn 0.5005 0.0080 -0.8657
vn 0.6930 0.1732 -0.6999
vn 0.8274 0.3309 -0.4538
vn 0.8730 0.4296 -0.2310
vn 0.8730 0.4833 -0.0656
vn 0.8274 0.5344 0.1726
vn 0.6930 0.5515 0.4644
vn 0.5005 0.5153 0.6956
vn 0.2766 0.4378 0.8554
vn 0.1205 0.3691 0.9216
vn 0.0747 -0.4629 -0.8833
vn 0.0263 -0.3644 -0.9309
vn 0.1418 -0.5917 -0.7936
vn 0.2326 -0.7490 -0.6204
vn 0.3467 -0.9009 -0.2612
vn 0.4021 -0.9078 0.1191
vn 0.4021 -0.8044 0.4373
vn 0.3467 -0.5753 0.7408
vn 0.2326 -0.2413 0.9422
vn 0.1418 -0.0122 0.9898
vn 0.0747 0.1447 0.9867
vn 0.0263 0.2524 0.9673
vn -0.7023 -0.7038 0.1069
vn -0.7023 -0.6322 0.3272
vn -0.6319 -0.4623 0.6220
vt 0.714286 0.000000
vt 0.571429 0.000000
vt 0.428571 0.000000
vt 1.000000 0.000000
vt 0.857143 0.000000
vt 0.000000 0.000000
vt 0.285714 0.000000
vt 0.142857 0.000000
vt 0.520661 0.000000
vt 0.512397 0.000000
vt 0.487603 0.000000
vt 0.504132 0.000000
vt 0.495868 0.000000
vt 0.462810 0.000000
vt 0.454545 0.000000
vt 0.545455 0.000000
vt 0.471074 0.000000
vt 0.537190 0.000000
vt 0.479339 0.000000
vt 0.528926 0.000000
vt 0.785124 0.000000
vt 0.776860 0.000000
vt 0.198347 0.000000
vt 0.793388 0.000000
vt 0.190083 0.000000
vt 0.801653 0.000000
vt 0.181818 0.000000
vt 0.809917 0.000000
vt 0.173554 0.000000
vt 0.818182 0.000000
vt 0.421488 0.000000
vt 0.570248 0.000000
vt 0.429752 0.000000
vt 0.404959 0.000000
vt 0.586777 0.000000
vt 0.413223 0.000000
vt 0.578512 0.000000
vt 0.388430 0.000000
vt 0.595041 0.000000
vt 0.396694 0.000000
vt 0.884298 0.000000
vt 0.107438 0.000000
vt 0.099174 0.000000
vt 0.876033 0.000000
vt 0.115702 0.000000
vt 0.743802 0.000000
vt 0.223140 0.000000
vt 0.752066 0.000000
vt 0.214876 0.000000
vt 0.859504 0.000000
vt 0.132231 0.000000
vt 0.123967 0.000000
vt 0.867769 0.000000
vt 0.438017 0.000000
vt 0.561983 0.000000
vt 0.446281 0.000000
vt 0.553719 0.000000
vt 0.760331 0.000000
vt 0.768595 0.000000
vt 0.206612 0.000000
vt 0.165289 0.000000
vt 0.826446 0.000000
vt 0.157025 0.000000
vt 0.834711 0.000000
vt 0.148760 0.000000
vt 0.842975 0.000000
vt 0.140496 0.000000
vt 0.851240 0.000000
vt 0.082645 0.000000
vt 0.892562 0.000000
vt 0.090909 0.000000
vt 0.074380 0.000000
vt 0.909091 0.000000
vt 0.900826 0.000000
vt 0.066116 0.000000
vt 0.917355 0.000000
vt 0.611570 0.000000
vt 0.603306 0.000000
vt 0.380165 0.000000
vt 0.925620 0.000000
vt 0.057851 0.000000
vt 0.933884 0.000000
vt 0.371901 0.000000
vt 0.619835 0.000000
vt 0.363636 0.000000
vt 0.628099 0.000000
vt 0.239669 0.000000
vt 0.727273 0.000000
vt 0.247934 0.000000
vt 0.991736 0.000000
vt 0.008264 0.000000
vt 0.322314 0.000000
vt 0.314050 0.000000
vt 0.669421 0.000000
vt 0.677686 0.000000
vt 0.305785 0.000000
vt 0.685950 0.000000
vt 0.297521 0.000000
vt 0.694215 0.000000
vt 0.289256 0.000000
vt 0.702479 0.000000
vt 0.280992 0.000000
vt 0.272727 0.000000
vt 0.016529 0.000000
vt 0.024793 0.000000
vt 0.983471 0.000000
vt 0.975207 0.000000
vt 0.033058 0.000000
vt 0.966942 0.000000
vt 0.355372 0.000000
vt 0.636364 0.000000
vt 0.347107 0.000000
vt 0.644628 0.000000
vt 0.338843 0.000000
vt 0.652893 0.000000
vt 0.330579 0.000000
vt 0.661157 0.000000
vt 0.710744 0.000000
vt 0.264463 0.000000
vt 0.719008 0.000000
vt 0.256198 0.000000
vt 0.041322 0.000000
vt 0.958678 0.000000
vt 0.950413 0.000000
vt 0.049587 0.000000
vt 0.942149 0.000000
vt 0.735537 0.000000
vt 0.231405 0.000000
vt 0.750000 0.000000
vt 0.625000 0.000000
vt 0.500000 0.000000
vt 0.125000 0.000000
vt 0.875000 0.000000
vt 0.250000 0.000000
vt 0.375000 0.000000
vt 0.642857 0.000000
vt 0.357143 0.000000
vt 0.785714 0.000000
vt 0.214286 0.000000
vt 0.928571 0.000000
vt 0.071429 0.000000
vt 0.400000 0.000000
vt 0.300000 0.000000
vt 0.200000 0.000000
vt 0.600000 0.000000
vt 0.900000 0.000000
vt 0.800000 0.000000
vt 0.100000 0.000000
vt 0.700000 0.000000
vt 0.000000 0.090909
vt 0.125000 0.090909
vt 0.000000 0.181818
vt 0.125000 0.181818
vt 0.000000 0.272727
vt 0.125000 0.272727
vt 0.000000 0.363636
vt 0.125000 0.363636
vt 0.000000 0.454545
vt 0.125000 0.454545
vt 0.000000 0.545455
vt 0.125000 0.545455
vt 0.000000 0.636364
vt 0.125000 0.636364
vt 0.000000 0.727273
vt 0.125000 0.727273
vt 0.000000 0.818182
vt 0.125000 0.818182
vt 0.000000 0.909091
vt 0.125000 0.909091
vt 0.000000 1.000000
vt 0.125000 1.000000
vt 0.250000 0.090909
vt 0.250000 0.181818
vt 0.250000 0.272727
vt 0.250000 0.363636
vt 0.250000 0.454545
vt 0.250000 0.545455
vt 0.250000 0.636364
vt 0.250000 0.727273
vt 0.250000 0.818182
vt 0.250000 0.909091
vt 0.250000 1.000000
vt 0.375000 0.090909
vt 0.375000 0.181818
vt 0.375000 0.272727
vt 0.375000 0.363636
vt 0.375000 0.454545
vt 0.375000 0.545455
vt 0.375000 0.636364
vt 0.375000 0.727273
vt 0.375000 0.818182
vt 0.375000 0.909091
vt 0.375000 1.000000
vt 0.500000 0.090909
vt 0.500000 0.181818
vt 0.500000 0.272727
vt 0.500000 0.363636
vt 0.500000 0.454545
vt 0.500000 0.545455
vt 0.500000 0.636364
vt 0.500000 0.727273
vt 0.500000 0.818182
vt 0.500000 0.909091
vt 0.500000 1.000000
vt 0.625000 0.090909
vt 0.625000 0.181818
vt 0.625000 0.272727
vt 0.625000 0.363636
vt 0.625000 0.454545
vt 0.625000 0.545455
vt 0.625000 0.636364
vt 0.625000 0.727273
vt 0.625000 0.818182
vt 0.625000 0.909091
vt 0.625000 1.000000
vt 0.750000 0.090909
vt 0.750000 0.181818
vt 0.750000 0.272727
vt 0.750000 0.363636
vt 0.750000 0.454545
vt 0.750000 0.545455
vt 0.750000 0.636364
vt 0.750000 0.727273
vt 0.750000 0.818182
vt 0.750000 0.909091
vt 0.750000 1.000000
vt 0.875000 0.090909
vt 0.875000 0.181818
vt 0.875000 0.272727
vt 0.875000 0.363636
vt 0.875000 0.454545
vt 0.875000 0.545455
vt 0.875000 0.636364
vt 0.875000 0.727273
vt 0.875000 0.818182
vt 0.875000 0.909091
vt 0.875000 1.000000
vt 1.000000 0.090909
vt 1.000000 0.181818
vt 1.000000 0.272727
vt 1.000000 0.363636
vt 1.000000 0.454545
vt 1.000000 0.545455
vt 1.000000 0.636364
vt 1.000000 0.727273
vt 1.000000 0.818182
vt 1.000000 0.909091
vt 1.000000 1.000000
vt 0.333333 0.090909
vt 0.333333 0.000000
vt 0.333333 0.181818
vt 0.333333 0.272727
vt 0.333333 0.363636
vt 0.333333 0.454545
vt 0.333333 0.545455
vt 0.333333 0.636364
vt 0.333333 0.727273
vt 0.333333 0.818182
vt 0.333333 0.909091
vt 0.333333 1.000000
vt 0.666667 0.090909
vt 0.666667 0.000000
vt 0.666667 0.181818
vt 0.666667 0.272727
vt 0.666667 0.363636
vt 0.666667 0.454545
vt 0.666667 0.545455
vt 0.666667 0.636364
vt 0.666667 0.727273
vt 0.666667 0.818182
vt 0.666667 0.909091
vt 0.666667 1.000000
vt 0.066667 0.090909
vt 0.066667 0.000000
vt 0.066667 0.181818
vt 0.066667 0.272727
vt 0.066667 0.363636
vt 0.066667 0.454545
vt 0.066667 0.545455
vt 0.066667 0.636364
vt 0.066667 0.727273
vt 0.066667 0.818182
vt 0.066667 0.909091
vt 0.066667 1.000000
vt 0.133333 0.090909
vt 0.133333 0.000000
vt 0.133333 0.181818
vt 0.133333 0.272727
vt 0.133333 0.363636
vt 0.133333 0.454545
vt 0.133333 0.545455
vt 0.133333 0.636364
vt 0.133333 0.727273
vt 0.133333 0.818182
vt 0.133333 0.909091
vt 0.133333 1.000000
vt 0.200000 0.090909
vt 0.200000 0.181818
vt 0.200000 0.272727
vt 0.200000 0.363636
vt 0.200000 0.454545
vt 0.200000 0.545455
vt 0.200000 0.636364
vt 0.200000 0.727273
vt 0.200000 0.818182
vt 0.200000 0.909091
vt 0.200000 1.000000
vt 0.266667 0.090909
vt 0.266667 0.000000
vt 0.266667 0.181818
vt 0.266667 0.272727
vt 0.266667 0.363636
vt 0.266667 0.454545
vt 0.266667 0.545455
vt 0.266667 0.636364
vt 0.266667 0.727273
vt 0.266667 0.818182
vt 0.266667 0.909091
vt 0.266667 1.000000
vt 0.400000 0.090909
vt 0.400000 0.181818
vt 0.400000 0.272727
vt 0.400000 0.363636
vt 0.400000 0.454545
vt 0.400000 0.545455
vt 0.400000 0.636364
vt 0.400000 0.727273
vt 0.400000 0.818182
vt 0.400000 0.909091
vt 0.400000 1.000000
vt 0.466667 0.090909
vt 0.466667 0.000000
vt 0.466667 0.181818
vt 0.466667 0.272727
vt 0.466667 0.363636
vt 0.466667 0.454545
vt 0.466667 0.545455
vt 0.466667 0.636364
vt 0.466667 0.727273
vt 0.466667 0.818182
vt 0.466667 0.909091
vt 0.466667 1.000000
vt 0.533333 0.090909
vt 0.533333 0.000000
vt 0.533333 0.181818
vt 0.533333 0.272727
vt 0.533333 0.363636
vt 0.533333 0.454545
vt 0.533333 0.545455
vt 0.533333 0.636364
vt 0.533333 0.727273
vt 0.533333 0.818182
vt 0.533333 0.909091
vt 0.533333 1.000000
vt 0.600000 0.090909
vt 0.600000 0.181818
vt 0.600000 0.272727
vt 0.600000 0.363636
vt 0.600000 0.454545
vt 0.600000 0.545455
vt 0.600000 0.636364
vt 0.600000 0.727273
vt 0.600000 0.818182
vt 0.600000 0.909091
vt 0.600000 1.000000
vt 0.733333 0.090909
vt 0.733333 0.000000
vt 0.733333 0.181818
vt 0.733333 0.272727
vt 0.733333 0.363636
vt 0.733333 0.454545
vt 0.733333 0.545455
vt 0.733333 0.636364
vt 0.733333 0.727273
vt 0.733333 0.818182
vt 0.733333 0.909091
vt 0.733333 1.000000
vt 0.800000 0.090909
vt 0.800000 0.181818
vt 0.800000 0.272727
vt 0.800000 0.363636
vt 0.800000 0.454545
vt 0.800000 0.545455
vt 0.800000 0.636364
vt 0.800000 0.727273
vt 0.800000 0.818182
vt 0.800000 0.909091
vt 0.800000 1.000000
vt 0.866667 0.090909
vt 0.866667 0.000000
vt 0.866667 0.181818
vt 0.866667 0.272727
vt 0.866667 0.363636
vt 0.866667 0.454545
vt 0.866667 0.545455
vt 0.866667 0.636364
vt 0.866667 0.727273
vt 0.866667 0.818182
vt 0.866667 0.909091
vt 0.866667 1.000000
vt 0.933333 0.090909
vt 0.933333 0.000000
vt 0.933333 0.181818
vt 0.933333 0.272727
vt 0.933333 0.363636
vt 0.933333 0.454545
vt 0.933333 0.545455
vt 0.933333 0.636364
vt 0.933333 0.727273
vt 0.933333 0.818182
vt 0.933333 0.909091
vt 0.933333 1.000000
vt 0.083333 0.090909
vt 0.083333 0.000000
vt 0.083333 0.181818
vt 0.083333 0.272727
vt 0.083333 0.363636
vt 0.083333 0.454545
vt 0.083333 0.545455
vt 0.083333 0.636364
vt 0.083333 0.727273
vt 0.083333 0.818182
vt 0.083333 0.909091
vt 0.083333 1.000000
vt 0.166667 0.090909
vt 0.166667 0.000000
vt 0.166667 0.181818
vt 0.166667 0.272727
vt 0.166667 0.363636
vt 0.166667 0.454545
vt 0.166667 0.545455
vt 0.166667 0.636364
vt 0.166667 0.727273
vt 0.166667 0.818182
vt 0.166667 0.909091
vt 0.166667 1.000000
vt 0.416667 0.090909
vt 0.416667 0.000000
vt 0.416667 0.181818
vt 0.416667 0.272727
vt 0.416667 0.363636
vt 0.416667 0.454545
vt 0.416667 0.545455
vt 0.416667 0.636364
vt 0.416667 0.727273
vt 0.416667 0.818182
vt 0.416667 0.909091
vt 0.416667 1.000000
vt 0.583333 0.090909
vt 0.583333 0.000000
vt 0.583333 0.181818
vt 0.583333 0.272727
vt 0.583333 0.363636
vt 0.583333 0.454545
vt 0.583333 0.545455
vt 0.583333 0.636364
vt 0.583333 0.727273
vt 0.583333 0.818182
vt 0.583333 0.909091
vt 0.583333 1.000000
vt 0.833333 0.090909
vt 0.833333 0.000000
vt 0.833333 0.181818
vt 0.833333 0.272727
vt 0.833333 0.363636
vt 0.833333 0.454545
vt 0.833333 0.545455
vt 0.833333 0.636364
vt 0.833333 0.727273
vt 0.833333 0.818182
vt 0.833333 0.909091
vt 0.833333 1.000000
vt 0.916667 0.090909
vt 0.916667 0.000000
vt 0.916667 0.181818
vt 0.916667 0.272727
vt 0.916667 0.363636
vt 0.916667 0.454545
vt 0.916667 0.545455
vt 0.916667 0.636364
vt 0.916667 0.727273
vt 0.916667 0.818182
vt 0.916667 0.909091
vt 0.916667 1.000000
vt 0.111111 0.090909
vt 0.111111 0.000000
vt 0.111111 0.181818
vt 0.111111 0.272727
vt 0.111111 0.363636
vt 0.111111 0.454545
vt 0.111111 0.545455
vt 0.111111 0.636364
vt 0.111111 0.727273
vt 0.111111 0.818182
vt 0.111111 0.909091
vt 0.111111 1.000000
vt 0.222222 0.090909
vt 0.222222 0.000000
vt 0.222222 0.181818
vt 0.222222 0.272727
vt 0.222222 0.363636
vt 0.222222 0.454545
vt 0.222222 0.545455
vt 0.222222 0.636364
vt 0.222222 0.727273
vt 0.222222 0.818182
vt 0.222222 0.909091
vt 0.222222 1.000000
vt 0.444444 0.090909
vt 0.444444 0.000000
vt 0.444444 0.181818
vt 0.444444 0.272727
vt 0.444444 0.363636
vt 0.444444 0.454545
vt 0.444444 0.545455
vt 0.444444 0.636364
vt 0.444444 0.727273
vt 0.444444 0.818182
vt 0.444444 0.909091
vt 0.444444 1.000000
vt 0.555556 0.090909
vt 0.555556 0.000000
vt 0.555556 0.181818
vt 0.555556 0.272727
vt 0.555556 0.363636
vt 0.555556 0.454545
vt 0.555556 0.545455
vt 0.555556 0.636364
vt 0.555556 0.727273
vt 0.555556 0.818182
vt 0.555556 0.909091
vt 0.555556 1.000000
vt 0.777778 0.090909
vt 0.777778 0.000000
vt 0.777778 0.181818
vt 0.777778 0.272727
vt 0.777778 0.363636
vt 0.777778 0.454545
vt 0.777778 0.545455
vt 0.777778 0.636364
vt 0.777778 0.727273
vt 0.777778 0.818182
vt 0.777778 0.909091
vt 0.777778 1.000000
vt 0.888889 0.090909
vt 0.888889 0.000000
vt 0.888889 0.181818
vt 0.888889 0.272727
vt 0.888889 0.363636
vt 0.888889 0.454545
vt 0.888889 0.545455
vt 0.888889 0.636364
vt 0.888889 0.727273
vt 0.888889 0.818182
vt 0.888889 0.909091
vt 0.888889 1.000000
vt 0.008197 0.090909
vt 0.008197 0.000000
vt 0.008197 0.181818
vt 0.008197 0.272727
vt 0.008197 0.363636
vt 0.008197 0.454545
vt 0.008197 0.545455
vt 0.008197 0.636364
vt 0.008197 0.727273
vt 0.008197 0.818182
vt 0.008197 0.909091
vt 0.008197 1.000000
vt 0.016393 0.090909
vt 0.016393 0.000000
vt 0.016393 0.181818
vt 0.016393 0.272727
vt 0.016393 0.363636
vt 0.016393 0.454545
vt 0.016393 0.545455
vt 0.016393 0.636364
vt 0.016393 0.727273
vt 0.016393 0.818182
vt 0.016393 0.909091
vt 0.016393 1.000000
vt 0.024590 0.090909
vt 0.024590 0.000000
vt 0.024590 0.181818
vt 0.024590 0.272727
vt 0.024590 0.363636
vt 0.024590 0.454545
vt 0.024590 0.545455
vt 0.024590 0.636364
vt 0.024590 0.727273
vt 0.024590 0.818182
vt 0.024590 0.909091
vt 0.024590 1.000000
vt 0.032787 0.090909
vt 0.032787 0.000000
vt 0.032787 0.181818
vt 0.032787 0.272727
vt 0.032787 0.363636
vt 0.032787 0.454545
vt 0.032787 0.545455
vt 0.032787 0.636364
vt 0.032787 0.727273
vt 0.032787 0.818182
vt 0.032787 0.909091
vt 0.032787 1.000000
vt 0.040984 0.090909
vt 0.040984 0.000000
vt 0.040984 0.181818
vt 0.040984 0.272727
vt 0.040984 0.363636
vt 0.040984 0.454545
vt 0.040984 0.545455
vt 0.040984 0.636364
vt 0.040984 0.727273
vt 0.040984 0.818182
vt 0.040984 0.909091
vt 0.040984 1.000000
vt 0.049180 0.090909
vt 0.049180 0.000000
vt 0.049180 0.181818
vt 0.049180 0.272727
vt 0.049180 0.363636
vt 0.049180 0.454545
vt 0.049180 0.545455
vt 0.049180 0.636364
vt 0.049180 0.727273
vt 0.049180 0.818182
vt 0.049180 0.909091
vt 0.049180 1.000000
vt 0.057377 0.090909
vt 0.057377 0.000000
vt 0.057377 0.181818
vt 0.057377 0.272727
vt 0.057377 0.363636
vt 0.057377 0.454545
vt 0.057377 0.545455
vt 0.057377 0.636364
vt 0.057377 0.727273
vt 0.057377 0.818182
vt 0.057377 0.909091
vt 0.057377 1.000000
vt 0.065574 0.090909
vt 0.065574 0.000000
vt 0.065574 0.181818
vt 0.065574 0.272727
vt 0.065574 0.363636
vt 0.065574 0.454545
vt 0.065574 0.545455
vt 0.065574 0.636364
vt 0.065574 0.727273
vt 0.065574 0.818182
vt 0.065574 0.909091
vt 0.065574 1.000000
vt 0.073770 0.090909
vt 0.073770 0.000000
vt 0.073770 0.181818
vt 0.073770 0.272727
vt 0.073770 0.363636
vt 0.073770 0.454545
vt 0.073770 0.545455
vt 0.073770 0.636364
vt 0.073770 0.727273
vt 0.073770 0.818182
vt 0.073770 0.909091
vt 0.073770 1.000000
vt 0.081967 0.090909
vt 0.081967 0.000000
vt 0.081967 0.181818
vt 0.081967 0.272727
vt 0.081967 0.363636
vt 0.081967 0.454545
vt 0.081967 0.545455
vt 0.081967 0.636364
vt 0.081967 0.727273
vt 0.081967 0.818182
vt 0.081967 0.909091
vt 0.081967 1.000000
vt 0.090164 0.090909
vt 0.090164 0.000000
vt 0.090164 0.181818
vt 0.090164 0.272727
vt 0.090164 0.363636
vt 0.090164 0.454545
vt 0.090164 0.545455
vt 0.090164 0.636364
vt 0.090164 0.727273
vt 0.090164 0.818182
vt 0.090164 0.909091
vt 0.090164 1.000000
vt 0.098361 0.090909
vt 0.098361 0.000000
vt 0.098361 0.181818
vt 0.098361 0.272727
vt 0.098361 0.363636
vt 0.098361 0.454545
vt 0.098361 0.545455
vt 0.098361 0.636364
vt 0.098361 0.727273
vt 0.098361 0.818182
vt 0.098361 0.909091
vt 0.098361 1.000000
vt 0.106557 0.090909
vt 0.106557 0.000000
vt 0.106557 0.181818
vt 0.106557 0.272727
vt 0.106557 0.363636
vt 0.106557 0.454545
vt 0.106557 0.545455
vt 0.106557 0.636364
vt 0.106557 0.727273
vt 0.106557 0.818182
vt 0.106557 0.909091
vt 0.106557 1.000000
vt 0.114754 0.090909
vt 0.114754 0.000000
vt 0.114754 0.181818
vt 0.114754 0.272727
vt 0.114754 0.363636
vt 0.114754 0.454545
vt 0.114754 0.545455
vt 0.114754 0.636364
vt 0.114754 0.727273
vt 0.114754 0.818182
vt 0.114754 0.909091
vt 0.114754 1.000000
vt 0.122951 0.090909
vt 0.122951 0.000000
vt 0.122951 0.181818
vt 0.122951 0.272727
vt 0.122951 0.363636
vt 0.122951 0.454545
vt 0.122951 0.545455
vt 0.122951 0.636364
vt 0.122951 0.727273
vt 0.122951 0.818182
vt 0.122951 0.909091
vt 0.122951 1.000000
vt 0.131148 0.090909
vt 0.131148 0.000000
vt 0.131148 0.181818
vt 0.131148 0.272727
vt 0.131148 0.363636
vt 0.131148 0.454545
vt 0.131148 0.545455
vt 0.131148 0.636364
vt 0.131148 0.727273
vt 0.131148 0.818182
vt 0.131148 0.909091
vt 0.131148 1.000000
vt 0.139344 0.090909
vt 0.139344 0.000000
vt 0.139344 0.181818
vt 0.139344 0.272727
vt 0.139344 0.363636
vt 0.139344 0.454545
vt 0.139344 0.545455
vt 0.139344 0.636364
vt 0.139344 0.727273
vt 0.139344 0.818182
vt 0.139344 0.909091
vt 0.139344 1.000000
vt 0.147541 0.090909
vt 0.147541 0.000000
vt 0.147541 0.181818
vt 0.147541 0.272727
vt 0.147541 0.363636
vt 0.147541 0.454545
vt 0.147541 0.545455
vt 0.147541 0.636364
vt 0.147541 0.727273
vt 0.147541 0.818182
vt 0.147541 0.909091
vt 0.147541 1.000000
vt 0.155738 0.090909
vt 0.155738 0.000000
vt 0.155738 0.181818
vt 0.155738 0.272727
vt 0.155738 0.363636
vt 0.155738 0.454545
vt 0.155738 0.545455
vt 0.155738 0.636364
vt 0.155738 0.727273
vt 0.155738 0.818182
vt 0.155738 0.909091
vt 0.155738 1.000000
vt 0.163934 0.090909
vt 0.163934 0.000000
vt 0.163934 0.181818
vt 0.163934 0.272727
vt 0.163934 0.363636
vt 0.163934 0.454545
vt 0.163934 0.545455
vt 0.163934 0.636364
vt 0.163934 0.727273
vt 0.163934 0.818182
vt 0.163934 0.909091
vt 0.163934 1.000000
vt 0.172131 0.090909
vt 0.172131 0.000000
vt 0.172131 0.181818
vt 0.172131 0.272727
vt 0.172131 0.363636
vt 0.172131 0.454545
vt 0.172131 0.545455
vt 0.172131 0.636364
vt 0.172131 0.727273
vt 0.172131 0.818182
vt 0.172131 0.909091
vt 0.172131 1.000000
vt 0.180328 0.090909
vt 0.180328 0.000000
vt 0.180328 0.181818
vt 0.180328 0.272727
vt 0.180328 0.363636
vt 0.180328 0.454545
vt 0.180328 0.545455
vt 0.180328 0.636364
vt 0.180328 0.727273
vt 0.180328 0.818182
vt 0.180328 0.909091
vt 0.180328 1.000000
vt 0.188525 0.090909
vt 0.188525 0.000000
vt 0.188525 0.181818
vt 0.188525 0.272727
vt 0.188525 0.363636
vt 0.188525 0.454545
vt 0.188525 0.545455
vt 0.188525 0.636364
vt 0.188525 0.727273
vt 0.188525 0.818182
vt 0.188525 0.909091
vt 0.188525 1.000000
vt 0.196721 0.090909
vt 0.196721 0.000000
vt 0.196721 0.181818
vt 0.196721 0.272727
vt 0.196721 0.363636
vt 0.196721 0.454545
vt 0.196721 0.545455
vt 0.196721 0.636364
vt 0.196721 0.727273
vt 0.196721 0.818182
vt 0.196721 0.909091
vt 0.196721 1.000000
vt 0.204918 0.090909
vt 0.204918 0.000000
vt 0.204918 0.181818
vt 0.204918 0.272727
vt 0.204918 0.363636
vt 0.204918 0.454545
vt 0.204918 0.545455
vt 0.204918 0.636364
vt 0.204918 0.727273
vt 0.204918 0.818182
vt 0.204918 0.909091
vt 0.204918 1.000000
vt 0.213115 0.090909
vt 0.213115 0.000000
vt 0.213115 0.181818
vt 0.213115 0.272727
vt 0.213115 0.363636
vt 0.213115 0.454545
vt 0.213115 0.545455
vt 0.213115 0.636364
vt 0.213115 0.727273
vt 0.213115 0.818182
vt 0.213115 0.909091
vt 0.213115 1.000000
vt 0.221311 0.090909
vt 0.221311 0.000000
vt 0.221311 0.181818
vt 0.221311 0.272727
vt 0.221311 0.363636
vt 0.221311 0.454545
vt 0.221311 0.545455
vt 0.221311 0.636364
vt 0.221311 0.727273
vt 0.221311 0.818182
vt 0.221311 0.909091
vt 0.221311 1.000000
vt 0.229508 0.090909
vt 0.229508 0.000000
vt 0.229508 0.181818
vt 0.229508 0.272727
vt 0.229508 0.363636
vt 0.229508 0.454545
vt 0.229508 0.545455
vt 0.229508 0.636364
vt 0.229508 0.727273
vt 0.229508 0.818182
vt 0.229508 0.909091
vt 0.229508 1.000000
vt 0.237705 0.090909
vt 0.237705 0.000000
vt 0.237705 0.181818
vt 0.237705 0.272727
vt 0.237705 0.363636
vt 0.237705 0.454545
vt 0.237705 0.545455
vt 0.237705 0.636364
vt 0.237705 0.727273
vt 0.237705 0.818182
vt 0.237705 0.909091
vt 0.237705 1.000000
vt 0.245902 0.090909
vt 0.245902 0.000000
vt 0.245902 0.181818
vt 0.245902 0.272727
vt 0.245902 0.363636
vt 0.245902 0.454545
vt 0.245902 0.545455
vt 0.245902 0.636364
vt 0.245902 0.727273
vt 0.245902 0.818182
vt 0.245902 0.909091
vt 0.245902 1.000000
vt 0.254098 0.090909
vt 0.254098 0.000000
vt 0.254098 0.181818
vt 0.254098 0.272727
vt 0.254098 0.363636
vt 0.254098 0.454545
vt 0.254098 0.545455
vt 0.254098 0.636364
vt 0.254098 0.727273
vt 0.254098 0.818182
vt 0.254098 0.909091
vt 0.254098 1.000000
vt 0.262295 0.090909
vt 0.262295 0.000000
vt 0.262295 0.181818
vt 0.262295 0.272727
vt 0.262295 0.363636
vt 0.262295 0.454545
vt 0.262295 0.545455
vt 0.262295 0.636364
vt 0.262295 0.727273
vt 0.262295 0.818182
vt 0.262295 0.909091
vt 0.262295 1.000000
vt 0.270492 0.090909
vt 0.270492 0.000000
vt 0.270492 0.181818
vt 0.270492 0.272727
vt 0.270492 0.363636
vt 0.270492 0.454545
vt 0.270492 0.545455
vt 0.270492 0.636364
vt 0.270492 0.727273
vt 0.270492 0.818182
vt 0.270492 0.909091
vt 0.270492 1.000000
vt 0.278689 0.090909
vt 0.278689 0.000000
vt 0.278689 0.181818
vt 0.278689 0.272727
vt 0.278689 0.363636
vt 0.278689 0.454545
vt 0.278689 0.545455
vt 0.278689 0.636364
vt 0.278689 0.727273
vt 0.278689 0.818182
vt 0.278689 0.909091
vt 0.278689 1.000000
vt 0.286885 0.090909
vt 0.286885 0.000000
vt 0.286885 0.181818
vt 0.286885 0.272727
vt 0.286885 0.363636
vt 0.286885 0.454545
vt 0.286885 0.545455
vt 0.286885 0.636364
vt 0.286885 0.727273
vt 0.286885 0.818182
vt 0.286885 0.909091
vt 0.286885 1.000000
vt 0.295082 0.090909
vt 0.295082 0.000000
vt 0.295082 0.181818
vt 0.295082 0.272727
vt 0.295082 0.363636
vt 0.295082 0.454545
vt 0.295082 0.545455
vt 0.295082 0.636364
vt 0.295082 0.727273
vt 0.295082 0.818182
vt 0.295082 0.909091
vt 0.295082 1.000000
vt 0.303279 0.090909
vt 0.303279 0.000000
vt 0.303279 0.181818
vt 0.303279 0.272727
vt 0.303279 0.363636
vt 0.303279 0.454545
vt 0.303279 0.545455
vt 0.303279 0.636364
vt 0.303279 0.727273
vt 0.303279 0.818182
vt 0.303279 0.909091
vt 0.303279 1.000000
vt 0.311475 0.090909
vt 0.311475 0.000000
vt 0.311475 0.181818
vt 0.311475 0.272727
vt 0.311475 0.363636
vt 0.311475 0.454545
vt 0.311475 0.545455
vt 0.311475 0.636364
vt 0.311475 0.727273
vt 0.311475 0.818182
vt 0.311475 0.909091
vt 0.311475 1.000000
vt 0.319672 0.090909
vt 0.319672 0.000000
vt 0.319672 0.181818
vt 0.319672 0.272727
vt 0.319672 0.363636
vt 0.319672 0.454545
vt 0.319672 0.545455
vt 0.319672 0.636364
vt 0.319672 0.727273
vt 0.319672 0.818182
vt 0.319672 0.909091
vt 0.319672 1.000000
vt 0.327869 0.090909
vt 0.327869 0.000000
vt 0.327869 0.181818
vt 0.327869 0.272727
vt 0.327869 0.363636
vt 0.327869 0.454545
vt 0.327869 0.545455
vt 0.327869 0.636364
vt 0.327869 0.727273
vt 0.327869 0.818182
vt 0.327869 0.909091
vt 0.327869 1.000000
vt 0.336066 0.090909
vt 0.336066 0.000000
vt 0.336066 0.181818
vt 0.336066 0.272727
vt 0.336066 0.363636
vt 0.336066 0.454545
vt 0.336066 0.545455
vt 0.336066 0.636364
vt 0.336066 0.727273
vt 0.336066 0.818182
vt 0.336066 0.909091
vt 0.336066 1.000000
vt 0.344262 0.090909
vt 0.344262 0.000000
vt 0.344262 0.181818
vt 0.344262 0.272727
vt 0.344262 0.363636
vt 0.344262 0.454545
vt 0.344262 0.545455
vt 0.344262 0.636364
vt 0.344262 0.727273
vt 0.344262 0.818182
vt 0.344262 0.909091
vt 0.344262 1.000000
vt 0.352459 0.090909
vt 0.352459 0.000000
vt 0.352459 0.181818
vt 0.352459 0.272727
vt 0.352459 0.363636
vt 0.352459 0.454545
vt 0.352459 0.545455
vt 0.352459 0.636364
vt 0.352459 0.727273
vt 0.352459 0.818182
vt 0.352459 0.909091
vt 0.352459 1.000000
vt 0.360656 0.090909
vt 0.360656 0.000000
vt 0.360656 0.181818
vt 0.360656 0.272727
vt 0.360656 0.363636
vt 0.360656 0.454545
vt 0.360656 0.545455
vt 0.360656 0.636364
vt 0.360656 0.727273
vt 0.360656 0.818182
vt 0.360656 0.909091
vt 0.360656 1.000000
vt 0.368852 0.090909
vt 0.368852 0.000000
vt 0.368852 0.181818
vt 0.368852 0.272727
vt 0.368852 0.363636
vt 0.368852 0.454545
vt 0.368852 0.545455
vt 0.368852 0.636364
vt 0.368852 0.727273
vt 0.368852 0.818182
vt 0.368852 0.909091
vt 0.368852 1.000000
vt 0.377049 0.090909
vt 0.377049 0.000000
vt 0.377049 0.181818
vt 0.377049 0.272727
vt 0.377049 0.363636
vt 0.377049 0.454545
vt 0.377049 0.545455
vt 0.377049 0.636364
vt 0.377049 0.727273
vt 0.377049 0.818182
vt 0.377049 0.909091
vt 0.377049 1.000000
vt 0.385246 0.090909
vt 0.385246 0.000000
vt 0.385246 0.181818
vt 0.385246 0.272727
vt 0.385246 0.363636
vt 0.385246 0.454545
vt 0.385246 0.545455
vt 0.385246 0.636364
vt 0.385246 0.727273
vt 0.385246 0.818182
vt 0.385246 0.909091
vt 0.385246 1.000000
vt 0.393443 0.090909
vt 0.393443 0.000000
vt 0.393443 0.181818
vt 0.393443 0.272727
vt 0.393443 0.363636
vt 0.393443 0.454545
vt 0.393443 0.545455
vt 0.393443 0.636364
vt 0.393443 0.727273
vt 0.393443 0.818182
vt 0.393443 0.909091
vt 0.393443 1.000000
vt 0.401639 0.090909
vt 0.401639 0.000000
vt 0.401639 0.181818
vt 0.401639 0.272727
vt 0.401639 0.363636
vt 0.401639 0.454545
vt 0.401639 0.545455
vt 0.401639 0.636364
vt 0.401639 0.727273
vt 0.401639 0.818182
vt 0.401639 0.909091
vt 0.401639 1.000000
vt 0.409836 0.090909
vt 0.409836 0.000000
vt 0.409836 0.181818
vt 0.409836 0.272727
vt 0.409836 0.363636
vt 0.409836 0.454545
vt 0.409836 0.545455
vt 0.409836 0.636364
vt 0.409836 0.727273
vt 0.409836 0.818182
vt 0.409836 0.909091
vt 0.409836 1.000000
vt 0.418033 0.090909
vt 0.418033 0.000000
vt 0.418033 0.181818
vt 0.418033 0.272727
vt 0.418033 0.363636
vt 0.418033 0.454545
vt 0.418033 0.545455
vt 0.418033 0.636364
vt 0.418033 0.727273
vt 0.418033 0.818182
vt 0.418033 0.909091
vt 0.418033 1.000000
vt 0.426230 0.090909
vt 0.426230 0.000000
vt 0.426230 0.181818
vt 0.426230 0.272727
vt 0.426230 0.363636
vt 0.426230 0.454545
vt 0.426230 0.545455
vt 0.426230 0.636364
vt 0.426230 0.727273
vt 0.426230 0.818182
vt 0.426230 0.909091
vt 0.426230 1.000000
vt 0.434426 0.090909
vt 0.434426 0.000000
vt 0.434426 0.181818
vt 0.434426 0.272727
vt 0.434426 0.363636
vt 0.434426 0.454545
vt 0.434426 0.545455
vt 0.434426 0.636364
vt 0.434426 0.727273
vt 0.434426 0.818182
vt 0.434426 0.909091
vt 0.434426 1.000000
vt 0.442623 0.090909
vt 0.442623 0.000000
vt 0.442623 0.181818
vt 0.442623 0.272727
vt 0.442623 0.363636
vt 0.442623 0.454545
vt 0.442623 0.545455
vt 0.442623 0.636364
vt 0.442623 0.727273
vt 0.442623 0.818182
vt 0.442623 0.909091
vt 0.442623 1.000000
vt 0.450820 0.090909
vt 0.450820 0.000000
vt 0.450820 0.181818
vt 0.450820 0.272727
vt 0.450820 0.363636
vt 0.450820 0.454545
vt 0.450820 0.545455
vt 0.450820 0.636364
vt 0.450820 0.727273
vt 0.450820 0.818182
vt 0.450820 0.909091
vt 0.450820 1.000000
vt 0.459016 0.090909
vt 0.459016 0.000000
vt 0.459016 0.181818
vt 0.459016 0.272727
vt 0.459016 0.363636
vt 0.459016 0.454545
vt 0.459016 0.545455
vt 0.459016 0.636364
vt 0.459016 0.727273
vt 0.459016 0.818182
vt 0.459016 0.909091
vt 0.459016 1.000000
vt 0.467213 0.090909
vt 0.467213 0.000000
vt 0.467213 0.181818
vt 0.467213 0.272727
vt 0.467213 0.363636
vt 0.467213 0.454545
vt 0.467213 0.545455
vt 0.467213 0.636364
vt 0.467213 0.727273
vt 0.467213 0.818182
vt 0.467213 0.909091
vt 0.467213 1.000000
vt 0.475410 0.090909
vt 0.475410 0.000000
vt 0.475410 0.181818
vt 0.475410 0.272727
vt 0.475410 0.363636
vt 0.475410 0.454545
vt 0.475410 0.545455
vt 0.475410 0.636364
vt 0.475410 0.727273
vt 0.475410 0.818182
vt 0.475410 0.909091
vt 0.475410 1.000000
vt 0.483607 0.090909
vt 0.483607 0.000000
vt 0.483607 0.181818
vt 0.483607 0.272727
vt 0.483607 0.363636
vt 0.483607 0.454545
vt 0.483607 0.545455
vt 0.483607 0.636364
vt 0.483607 0.727273
vt 0.483607 0.818182
vt 0.483607 0.909091
vt 0.483607 1.000000
vt 0.491803 0.090909
vt 0.491803 0.000000
vt 0.491803 0.181818
vt 0.491803 0.272727
vt 0.491803 0.363636
vt 0.491803 0.454545
vt 0.491803 0.545455
vt 0.491803 0.636364
vt 0.491803 0.727273
vt 0.491803 0.818182
vt 0.491803 0.909091
vt 0.491803 1.000000
vt 0.508197 0.090909
vt 0.508197 0.000000
vt 0.508197 0.181818
vt 0.508197 0.272727
vt 0.508197 0.363636
vt 0.508197 0.454545
vt 0.508197 0.545455
vt 0.508197 0.636364
vt 0.508197 0.727273
vt 0.508197 0.818182
vt 0.508197 0.909091
vt 0.508197 1.000000
vt 0.516393 0.090909
vt 0.516393 0.000000
vt 0.516393 0.181818
vt 0.516393 0.272727
vt 0.516393 0.363636
vt 0.516393 0.454545
vt 0.516393 0.545455
vt 0.516393 0.636364
vt 0.516393 0.727273
vt 0.516393 0.818182
vt 0.516393 0.909091
vt 0.516393 1.000000
vt 0.524590 0.090909
vt 0.524590 0.000000
vt 0.524590 0.181818
vt 0.524590 0.272727
vt 0.524590 0.363636
vt 0.524590 0.454545
vt 0.524590 0.545455
vt 0.524590 0.636364
vt 0.524590 0.727273
vt 0.524590 0.818182
vt 0.524590 0.909091
vt 0.524590 1.000000
vt 0.532787 0.090909
vt 0.532787 0.000000
vt 0.532787 0.181818
vt 0.532787 0.272727
vt 0.532787 0.363636
vt 0.532787 0.454545
vt 0.532787 0.545455
vt 0.532787 0.636364
vt 0.532787 0.727273
vt 0.532787 0.818182
vt 0.532787 0.909091
vt 0.532787 1.000000
vt 0.540984 0.090909
vt 0.540984 0.000000
vt 0.540984 0.181818
vt 0.540984 0.272727
vt 0.540984 0.363636
vt 0.540984 0.454545
vt 0.540984 0.545455
vt 0.540984 0.636364
vt 0.540984 0.727273
vt 0.540984 0.818182
vt 0.540984 0.909091
vt 0.540984 1.000000
vt 0.549180 0.090909
vt 0.549180 0.000000
vt 0.549180 0.181818
vt 0.549180 0.272727
vt 0.549180 0.363636
vt 0.549180 0.454545
vt 0.549180 0.545455
vt 0.549180 0.636364
vt 0.549180 0.727273
vt 0.549180 0.818182
vt 0.549180 0.909091
vt 0.549180 1.000000
vt 0.557377 0.090909
vt 0.557377 0.000000
vt 0.557377 0.181818
vt 0.557377 0.272727
vt 0.557377 0.363636
vt 0.557377 0.454545
vt 0.557377 0.545455
vt 0.557377 0.636364
vt 0.557377 0.727273
vt 0.557377 0.818182
vt 0.557377 0.909091
vt 0.557377 1.000000
vt 0.565574 0.090909
vt 0.565574 0.000000
vt 0.565574 0.181818
vt 0.565574 0.272727
vt 0.565574 0.363636
vt 0.565574 0.454545
vt 0.565574 0.545455
vt 0.565574 0.636364
vt 0.565574 0.727273
vt 0.565574 0.818182
vt 0.565574 0.909091
vt 0.565574 1.000000
vt 0.573770 0.090909
vt 0.573770 0.000000
vt 0.573770 0.181818
vt 0.573770 0.272727
vt 0.573770 0.363636
vt 0.573770 0.454545
vt 0.573770 0.545455
vt 0.573770 0.636364
vt 0.573770 0.727273
vt 0.573770 0.818182
vt 0.573770 0.909091
vt 0.573770 1.000000
vt 0.581967 0.090909
vt 0.581967 0.000000
vt 0.581967 0.181818
vt 0.581967 0.272727
vt 0.581967 0.363636
vt 0.581967 0.454545
vt 0.581967 0.545455
vt 0.581967 0.636364
vt 0.581967 0.727273
vt 0.581967 0.818182
vt 0.581967 0.909091
vt 0.581967 1.000000
vt 0.590164 0.090909
vt 0.590164 0.000000
vt 0.590164 0.181818
vt 0.590164 0.272727
vt 0.590164 0.363636
vt 0.590164 0.454545
vt 0.590164 0.545455
vt 0.590164 0.636364
vt 0.590164 0.727273
vt 0.590164 0.818182
vt 0.590164 0.909091
vt 0.590164 1.000000
vt 0.598361 0.090909
vt 0.598361 0.000000
vt 0.598361 0.181818
vt 0.598361 0.272727
vt 0.598361 0.363636
vt 0.598361 0.454545
vt 0.598361 0.545455
vt 0.598361 0.636364
vt 0.598361 0.727273
vt 0.598361 0.818182
vt 0.598361 0.909091
vt 0.598361 1.000000
vt 0.606557 0.090909
vt 0.606557 0.000000
vt 0.606557 0.181818
vt 0.606557 0.272727
vt 0.606557 0.363636
vt 0.606557 0.454545
vt 0.606557 0.545455
vt 0.606557 0.636364
vt 0.606557 0.727273
vt 0.606557 0.818182
vt 0.606557 0.909091
vt 0.606557 1.000000
vt 0.614754 0.090909
vt 0.614754 0.000000
vt 0.614754 0.181818
vt 0.614754 0.272727
vt 0.614754 0.363636
vt 0.614754 0.454545
vt 0.614754 0.545455
vt 0.614754 0.636364
vt 0.614754 0.727273
vt 0.614754 0.818182
vt 0.614754 0.909091
vt 0.614754 1.000000
vt 0.622951 0.090909
vt 0.622951 0.000000
vt 0.622951 0.181818
vt 0.622951 0.272727
vt 0.622951 0.363636
vt 0.622951 0.454545
vt 0.622951 0.545455
vt 0.622951 0.636364
vt 0.622951 0.727273
vt 0.622951 0.818182
vt 0.622951 0.909091
vt 0.622951 1.000000
vt 0.631148 0.090909
vt 0.631148 0.000000
vt 0.631148 0.181818
vt 0.631148 0.272727
vt 0.631148 0.363636
vt 0.631148 0.454545
vt 0.631148 0.545455
vt 0.631148 0.636364
vt 0.631148 0.727273
vt 0.631148 0.818182
vt 0.631148 0.909091
vt 0.631148 1.000000
vt 0.639344 0.090909
vt 0.639344 0.000000
vt 0.639344 0.181818
vt 0.639344 0.272727
vt 0.639344 0.363636
vt 0.639344 0.454545
vt 0.639344 0.545455
vt 0.639344 0.636364
vt 0.639344 0.727273
vt 0.639344 0.818182
vt 0.639344 0.909091
vt 0.639344 1.000000
vt 0.647541 0.090909
vt 0.647541 0.000000
vt 0.647541 0.181818
vt 0.647541 0.272727
vt 0.647541 0.363636
vt 0.647541 0.454545
vt 0.647541 0.545455
vt 0.647541 0.636364
vt 0.647541 0.727273
vt 0.647541 0.818182
vt 0.647541 0.909091
vt 0.647541 1.000000
vt 0.655738 0.090909
vt 0.655738 0.000000
vt 0.655738 0.181818
vt 0.655738 0.272727
vt 0.655738 0.363636
vt 0.655738 0.454545
vt 0.655738 0.545455
vt 0.655738 0.636364
vt 0.655738 0.727273
vt 0.655738 0.818182
vt 0.655738 0.909091
vt 0.655738 1.000000
vt 0.663934 0.090909
vt 0.663934 0.000000
vt 0.663934 0.181818
vt 0.663934 0.272727
vt 0.663934 0.363636
vt 0.663934 0.454545
vt 0.663934 0.545455
vt 0.663934 0.636364
vt 0.663934 0.727273
vt 0.663934 0.818182
vt 0.663934 0.909091
vt 0.663934 1.000000
vt 0.672131 0.090909
vt 0.672131 0.000000
vt 0.672131 0.181818
vt 0.672131 0.272727
vt 0.672131 0.363636
vt 0.672131 0.454545
vt 0.672131 0.545455
vt 0.672131 0.636364
vt 0.672131 0.727273
vt 0.672131 0.818182
vt 0.672131 0.909091
vt 0.672131 1.000000
vt 0.680328 0.090909
vt 0.680328 0.000000
vt 0.680328 0.181818
vt 0.680328 0.272727
vt 0.680328 0.363636
vt 0.680328 0.454545
vt 0.680328 0.545455
vt 0.680328 0.636364
vt 0.680328 0.727273
vt 0.680328 0.818182
vt 0.680328 0.909091
vt 0.680328 1.000000
vt 0.688525 0.090909
vt 0.688525 0.000000
vt 0.688525 0.181818
vt 0.688525 0.272727
vt 0.688525 0.363636
vt 0.688525 0.454545
vt 0.688525 0.545455
vt 0.688525 0.636364
vt 0.688525 0.727273
vt 0.688525 0.818182
vt 0.688525 0.909091
vt 0.688525 1.000000
vt 0.696721 0.090909
vt 0.696721 0.000000
vt 0.696721 0.181818
vt 0.696721 0.272727
vt 0.696721 0.363636
vt 0.696721 0.454545
vt 0.696721 0.545455
vt 0.696721 0.636364
vt 0.696721 0.727273
vt 0.696721 0.818182
vt 0.696721 0.909091
vt 0.696721 1.000000
vt 0.704918 0.090909
vt 0.704918 0.000000
vt 0.704918 0.181818
vt 0.704918 0.272727
vt 0.704918 0.363636
vt 0.704918 0.454545
vt 0.704918 0.545455
vt 0.704918 0.636364
vt 0.704918 0.727273
vt 0.704918 0.818182
vt 0.704918 0.909091
vt 0.704918 1.000000
vt 0.713115 0.090909
vt 0.713115 0.000000
vt 0.713115 0.181818
vt 0.713115 0.272727
vt 0.713115 0.363636
vt 0.713115 0.454545
vt 0.713115 0.545455
vt 0.713115 0.636364
vt 0.713115 0.727273
vt 0.713115 0.818182
vt 0.713115 0.909091
vt 0.713115 1.000000
vt 0.721311 0.090909
vt 0.721311 0.000000
vt 0.721311 0.181818
vt 0.721311 0.272727
vt 0.721311 0.363636
vt 0.721311 0.454545
vt 0.721311 0.545455
vt 0.721311 0.636364
vt 0.721311 0.727273
vt 0.721311 0.818182
vt 0.721311 0.909091
vt 0.721311 1.000000
vt 0.729508 0.090909
vt 0.729508 0.000000
vt 0.729508 0.181818
vt 0.729508 0.272727
vt 0.729508 0.363636
vt 0.729508 0.454545
vt 0.729508 0.545455
vt 0.729508 0.636364
vt 0.729508 0.727273
vt 0.729508 0.818182
vt 0.729508 0.909091
vt 0.729508 1.000000
vt 0.737705 0.090909
vt 0.737705 0.000000
vt 0.737705 0.181818
vt 0.737705 0.272727
vt 0.737705 0.363636
vt 0.737705 0.454545
vt 0.737705 0.545455
vt 0.737705 0.636364
vt 0.737705 0.727273
vt 0.737705 0.818182
vt 0.737705 0.909091
vt 0.737705 1.000000
vt 0.745902 0.090909
vt 0.745902 0.000000
vt 0.745902 0.181818
vt 0.745902 0.272727
vt 0.745902 0.363636
vt 0.745902 0.454545
vt 0.745902 0.545455
vt 0.745902 0.636364
vt 0.745902 0.727273
vt 0.745902 0.818182
vt 0.745902 0.909091
vt 0.745902 1.000000
vt 0.754098 0.090909
vt 0.754098 0.000000
vt 0.754098 0.181818
vt 0.754098 0.272727
vt 0.754098 0.363636
vt 0.754098 0.454545
vt 0.754098 0.545455
vt 0.754098 0.636364
vt 0.754098 0.727273
vt 0.754098 0.818182
vt 0.754098 0.909091
vt 0.754098 1.000000
vt 0.762295 0.090909
vt 0.762295 0.000000
vt 0.762295 0.181818
vt 0.762295 0.272727
vt 0.762295 0.363636
vt 0.762295 0.454545
vt 0.762295 0.545455
vt 0.762295 0.636364
vt 0.762295 0.727273
vt 0.762295 0.818182
vt 0.762295 0.909091
vt 0.762295 1.000000
vt 0.770492 0.090909
vt 0.770492 0.000000
vt 0.770492 0.181818
vt 0.770492 0.272727
vt 0.770492 0.363636
vt 0.770492 0.454545
vt 0.770492 0.545455
vt 0.770492 0.636364
vt 0.770492 0.727273
vt 0.770492 0.818182
vt 0.770492 0.909091
vt 0.770492 1.000000
vt 0.778689 0.090909
vt 0.778689 0.000000
vt 0.778689 0.181818
vt 0.778689 0.272727
vt 0.778689 0.363636
vt 0.778689 0.454545
vt 0.778689 0.545455
vt 0.778689 0.636364
vt 0.778689 0.727273
vt 0.778689 0.818182
vt 0.778689 0.909091
vt 0.778689 1.000000
vt 0.786885 0.090909
vt 0.786885 0.000000
vt 0.786885 0.181818
vt 0.786885 0.272727
vt 0.786885 0.363636
vt 0.786885 0.454545
vt 0.786885 0.545455
vt 0.786885 0.636364
vt 0.786885 0.727273
vt 0.786885 0.818182
vt 0.786885 0.909091
vt 0.786885 1.000000
vt 0.795082 0.090909
vt 0.795082 0.000000
vt 0.795082 0.181818
vt 0.795082 0.272727
vt 0.795082 0.363636
vt 0.795082 0.454545
vt 0.795082 0.545455
vt 0.795082 0.636364
vt 0.795082 0.727273
vt 0.795082 0.818182
vt 0.795082 0.909091
vt 0.795082 1.000000
vt 0.803279 0.090909
vt 0.803279 0.000000
vt 0.803279 0.181818
vt 0.803279 0.272727
vt 0.803279 0.363636
vt 0.803279 0.454545
vt 0.803279 0.545455
vt 0.803279 0.636364
vt 0.803279 0.727273
vt 0.803279 0.818182
vt 0.803279 0.909091
vt 0.803279 1.000000
vt 0.811475 0.090909
vt 0.811475 0.000000
vt 0.811475 0.181818
vt 0.811475 0.272727
vt 0.811475 0.363636
vt 0.811475 0.454545
vt 0.811475 0.545455
vt 0.811475 0.636364
vt 0.811475 0.727273
vt 0.811475 0.818182
vt 0.811475 0.909091
vt 0.811475 1.000000
vt 0.819672 0.090909
vt 0.819672 0.000000
vt 0.819672 0.181818
vt 0.819672 0.272727
vt 0.819672 0.363636
vt 0.819672 0.454545
vt 0.819672 0.545455
vt 0.819672 0.636364
vt 0.819672 0.727273
vt 0.819672 0.818182
vt 0.819672 0.909091
vt 0.819672 1.000000
vt 0.827869 0.090909
vt 0.827869 0.000000
vt 0.827869 0.181818
vt 0.827869 0.272727
vt 0.827869 0.363636
vt 0.827869 0.454545
vt 0.827869 0.545455
vt 0.827869 0.636364
vt 0.827869 0.727273
vt 0.827869 0.818182
vt 0.827869 0.909091
vt 0.827869 1.000000
vt 0.836066 0.090909
vt 0.836066 0.000000
vt 0.836066 0.181818
vt 0.836066 0.272727
vt 0.836066 0.363636
vt 0.836066 0.454545
vt 0.836066 0.545455
vt 0.836066 0.636364
vt 0.836066 0.727273
vt 0.836066 0.818182
vt 0.836066 0.909091
vt 0.836066 1.000000
vt 0.844262 0.090909
vt 0.844262 0.000000
vt 0.844262 0.181818
vt 0.844262 0.272727
vt 0.844262 0.363636
vt 0.844262 0.454545
vt 0.844262 0.545455
vt 0.844262 0.636364
vt 0.844262 0.727273
vt 0.844262 0.818182
vt 0.844262 0.909091
vt 0.844262 1.000000
vt 0.852459 0.090909
vt 0.852459 0.000000
vt 0.852459 0.181818
vt 0.852459 0.272727
vt 0.852459 0.363636
vt 0.852459 0.454545
vt 0.852459 0.545455
vt 0.852459 0.636364
vt 0.852459 0.727273
vt 0.852459 0.818182
vt 0.852459 0.909091
vt 0.852459 1.000000
vt 0.860656 0.090909
vt 0.860656 0.000000
vt 0.860656 0.181818
vt 0.860656 0.272727
vt 0.860656 0.363636
vt 0.860656 0.454545
vt 0.860656 0.545455
vt 0.860656 0.636364
vt 0.860656 0.727273
vt 0.860656 0.818182
vt 0.860656 0.909091
vt 0.860656 1.000000
vt 0.868852 0.090909
vt 0.868852 0.000000
vt 0.868852 0.181818
vt 0.868852 0.272727
vt 0.868852 0.363636
vt 0.868852 0.454545
vt 0.868852 0.545455
vt 0.868852 0.636364
vt 0.868852 0.727273
vt 0.868852 0.818182
vt 0.868852 0.909091
vt 0.868852 1.000000
vt 0.877049 0.090909
vt 0.877049 0.000000
vt 0.877049 0.181818
vt 0.877049 0.272727
vt 0.877049 0.363636
vt 0.877049 0.454545
vt 0.877049 0.545455
vt 0.877049 0.636364
vt 0.877049 0.727273
vt 0.877049 0.818182
vt 0.877049 0.909091
vt 0.877049 1.000000
vt 0.885246 0.090909
vt 0.885246 0.000000
vt 0.885246 0.181818
vt 0.885246 0.272727
vt 0.885246 0.363636
vt 0.885246 0.454545
vt 0.885246 0.545455
vt 0.885246 0.636364
vt 0.885246 0.727273
vt 0.885246 0.818182
vt 0.885246 0.909091
vt 0.885246 1.000000
vt 0.893443 0.090909
vt 0.893443 0.000000
vt 0.893443 0.181818
vt 0.893443 0.272727
vt 0.893443 0.363636
vt 0.893443 0.454545
vt 0.893443 0.545455
vt 0.893443 0.636364
vt 0.893443 0.727273
vt 0.893443 0.818182
vt 0.893443 0.909091
vt 0.893443 1.000000
vt 0.901639 0.090909
vt 0.901639 0.000000
vt 0.901639 0.181818
vt 0.901639 0.272727
vt 0.901639 0.363636
vt 0.901639 0.454545
vt 0.901639 0.545455
vt 0.901639 0.636364
vt 0.901639 0.727273
vt 0.901639 0.818182
vt 0.901639 0.909091
vt 0.901639 1.000000
vt 0.909836 0.090909
vt 0.909836 0.000000
vt 0.909836 0.181818
vt 0.909836 0.272727
vt 0.909836 0.363636
vt 0.909836 0.454545
vt 0.909836 0.545455
vt 0.909836 0.636364
vt 0.909836 0.727273
vt 0.909836 0.818182
vt 0.909836 0.909091
vt 0.909836 1.000000
vt 0.918033 0.090909
vt 0.918033 0.000000
vt 0.918033 0.181818
vt 0.918033 0.272727
vt 0.918033 0.363636
vt 0.918033 0.454545
vt 0.918033 0.545455
vt 0.918033 0.636364
vt 0.918033 0.727273
vt 0.918033 0.818182
vt 0.918033 0.909091
vt 0.918033 1.000000
vt 0.926230 0.090909
vt 0.926230 0.000000
vt 0.926230 0.181818
vt 0.926230 0.272727
vt 0.926230 0.363636
vt 0.926230 0.454545
vt 0.926230 0.545455
vt 0.926230 0.636364
vt 0.926230 0.727273
vt 0.926230 0.818182
vt 0.926230 0.909091
vt 0.926230 1.000000
vt 0.934426 0.090909
vt 0.934426 0.000000
vt 0.934426 0.181818
vt 0.934426 0.272727
vt 0.934426 0.363636
vt 0.934426 0.454545
vt 0.934426 0.545455
vt 0.934426 0.636364
vt 0.934426 0.727273
vt 0.934426 0.818182
vt 0.934426 0.909091
vt 0.934426 1.000000
vt 0.942623 0.090909
vt 0.942623 0.000000
vt 0.942623 0.181818
vt 0.942623 0.272727
vt 0.942623 0.363636
vt 0.942623 0.454545
vt 0.942623 0.545455
vt 0.942623 0.636364
vt 0.942623 0.727273
vt 0.942623 0.818182
vt 0.942623 0.909091
vt 0.942623 1.000000
vt 0.950820 0.090909
vt 0.950820 0.000000
vt 0.950820 0.181818
vt 0.950820 0.272727
vt 0.950820 0.363636
vt 0.950820 0.454545
vt 0.950820 0.545455
vt 0.950820 0.636364
vt 0.950820 0.727273
vt 0.950820 0.818182
vt 0.950820 0.909091
vt 0.950820 1.000000
vt 0.959016 0.090909
vt 0.959016 0.000000
vt 0.959016 0.181818
vt 0.959016 0.272727
vt 0.959016 0.363636
vt 0.959016 0.454545
vt 0.959016 0.545455
vt 0.959016 0.636364
vt 0.959016 0.727273
vt 0.959016 0.818182
vt 0.959016 0.909091
vt 0.959016 1.000000
vt 0.967213 0.090909
vt 0.967213 0.000000
vt 0.967213 0.181818
vt 0.967213 0.272727
vt 0.967213 0.363636
vt 0.967213 0.454545
vt 0.967213 0.545455
vt 0.967213 0.636364
vt 0.967213 0.727273
vt 0.967213 0.818182
vt 0.967213 0.909091
vt 0.967213 1.000000
vt 0.975410 0.090909
vt 0.975410 0.000000
vt 0.975410 0.181818
vt 0.975410 0.272727
vt 0.975410 0.363636
vt 0.975410 0.454545
vt 0.975410 0.545455
vt 0.975410 0.636364
vt 0.975410 0.727273
vt 0.975410 0.818182
vt 0.975410 0.909091
vt 0.975410 1.000000
vt 0.983607 0.090909
vt 0.983607 0.000000
vt 0.983607 0.181818
vt 0.983607 0.272727
vt 0.983607 0.363636
vt 0.983607 0.454545
vt 0.983607 0.545455
vt 0.983607 0.636364
vt 0.983607 0.727273
vt 0.983607 0.818182
vt 0.983607 0.909091
vt 0.983607 1.000000
vt 0.991803 0.090909
vt 0.991803 0.000000
vt 0.991803 0.181818
vt 0.991803 0.272727
vt 0.991803 0.363636
vt 0.991803 0.454545
vt 0.991803 0.545455
vt 0.991803 0.636364
vt 0.991803 0.727273
vt 0.991803 0.818182
vt 0.991803 0.909091
vt 0.991803 1.000000
s 0
usemtl reflective_gold.002
f 914/1296/560 913/1297/560 912/1298/560
f 916/1299/560 915/1300/560 909/1301/560
f 912/1298/560 911/1302/560 910/1303/560
f 910/1303/560 909/1301/560 912/1298/560
f 909/1301/560 915/1300/560 912/1298/560
f 914/1296/560 912/1298/560 915/1300/560
f 980/1304/560 979/1305/560 976/1306/560
f 979/1305/560 978/1307/560 976/1306/560
f 977/1308/560 976/1306/560 978/1307/560
f 973/1309/560 972/1310/560 983/1311/560
f 973/1309/560 983/1311/560 974/1312/560
f 983/1311/560 982/1313/560 974/1312/560
f 975/1314/560 974/1312/560 982/1313/560
f 982/1313/560 981/1315/560 975/1314/560
f 976/1306/560 975/1314/560 981/1315/560
f 980/1304/560 976/1306/560 981/1315/560
f 1012/1316/560 1011/1317/560 941/1318/560
f 1013/1319/560 1012/1316/560 941/1318/560
f 941/1318/560 940/1320/560 1013/1319/560
f 1014/1321/560 1013/1319/560 940/1320/560
f 940/1320/560 939/1322/560 1014/1321/560
f 1015/1323/560 1014/1321/560 939/1322/560
f 939/1322/560 938/1324/560 1015/1323/560
f 1016/1325/560 1015/1323/560 938/1324/560
f 968/1326/560 986/1327/560 969/1328/560
f 966/1329/560 988/1330/560 967/1331/560
f 988/1330/560 987/1332/560 967/1331/560
f 964/1333/560 989/1334/560 965/1335/560
f 1024/1336/560 930/1337/560 929/1338/560
f 988/1330/560 966/1329/560 965/1335/560
f 965/1335/560 989/1334/560 988/1330/560
f 1023/1339/560 931/1340/560 930/1337/560
f 930/1337/560 1024/1336/560 1023/1339/560
f 967/1331/560 987/1332/560 968/1326/560
f 986/1327/560 968/1326/560 987/1332/560
f 1007/1341/560 944/1342/560 1008/1343/560
f 943/1344/560 1008/1343/560 944/1342/560
f 1021/1345/560 933/1346/560 932/1347/560
f 1022/1348/560 1021/1345/560 932/1347/560
f 932/1347/560 931/1340/560 1022/1348/560
f 931/1340/560 1023/1339/560 1022/1348/560
f 969/1328/560 986/1327/560 970/1349/560
f 986/1327/560 985/1350/560 970/1349/560
f 971/1351/560 970/1349/560 985/1350/560
f 985/1350/560 984/1352/560 971/1351/560
f 972/1310/560 971/1351/560 984/1352/560
f 983/1311/560 972/1310/560 984/1352/560
f 1008/1343/560 943/1344/560 1009/1353/560
f 1010/1354/560 1009/1353/560 943/1344/560
f 943/1344/560 942/1355/560 1010/1354/560
f 1011/1317/560 1010/1354/560 942/1355/560
f 941/1318/560 1011/1317/560 942/1355/560
f 1016/1325/560 938/1324/560 937/1356/560
f 1017/1357/560 1016/1325/560 937/1356/560
f 937/1356/560 936/1358/560 1017/1357/560
f 1018/1359/560 1017/1357/560 936/1358/560
f 936/1358/560 935/1360/560 1018/1359/560
f 1019/1361/560 1018/1359/560 935/1360/560
f 935/1360/560 934/1362/560 1019/1361/560
f 1020/1363/560 1019/1361/560 934/1362/560
f 934/1362/560 933/1346/560 1020/1363/560
f 933/1346/560 1021/1345/560 1020/1363/560
f 927/1364/560 1025/1365/560 928/1366/560
f 926/1367/560 1027/1368/560 1026/1369/560
f 925/1370/560 1028/1371/560 926/1367/560
f 1027/1368/560 926/1367/560 1028/1371/560
f 991/1372/560 990/1373/560 963/1374/560
f 926/1367/560 1026/1369/560 927/1364/560
f 1025/1365/560 927/1364/560 1026/1369/560
f 1029/1375/560 924/1376/560 1030/1377/560
f 991/1372/560 963/1374/560 962/1378/560
f 992/1379/560 991/1372/560 962/1378/560
f 962/1378/560 961/1380/560 992/1379/560
f 961/1380/560 993/1381/560 992/1379/560
f 946/1382/560 1005/1383/560 947/1384/560
f 924/1376/560 1029/1375/560 925/1370/560
f 1028/1371/560 925/1370/560 1029/1375/560
f 917/1301/560 1038/1299/560 1037/1385/560
f 918/1386/560 917/1301/560 1037/1385/560
f 956/1387/560 955/1388/560 998/1389/560
f 999/1390/560 998/1389/560 955/1388/560
f 955/1388/560 954/1391/560 999/1390/560
f 1000/1392/560 999/1390/560 954/1391/560
f 954/1391/560 953/1393/560 1000/1392/560
f 1001/1394/560 1000/1392/560 953/1393/560
f 953/1393/560 952/1395/560 1001/1394/560
f 1002/1396/560 1001/1394/560 952/1395/560
f 952/1395/560 951/1397/560 1002/1396/560
f 951/1397/560 950/1398/560 1002/1396/560
f 918/1386/560 1037/1385/560 919/1399/560
f 920/1400/560 919/1399/560 1037/1385/560
f 1037/1385/560 1036/1401/560 920/1400/560
f 1036/1401/560 1035/1402/560 920/1400/560
f 921/1403/560 920/1400/560 1035/1402/560
f 1034/1404/560 921/1403/560 1035/1402/560
f 993/1381/560 961/1380/560 960/1405/560
f 994/1406/560 993/1381/560 960/1405/560
f 960/1405/560 959/1407/560 994/1406/560
f 995/1408/560 994/1406/560 959/1407/560
f 959/1407/560 958/1409/560 995/1408/560
f 996/1410/560 995/1408/560 958/1409/560
f 958/1409/560 957/1411/560 996/1410/560
f 997/1412/560 996/1410/560 957/1411/560
f 957/1411/560 956/1387/560 997/1412/560
f 956/1387/560 998/1389/560 997/1412/560
f 1002/1396/560 950/1398/560 1003/1413/560
f 950/1398/560 949/1414/560 1003/1413/560
f 1004/1415/560 1003/1413/560 949/1414/560
f 949/1414/560 948/1416/560 1004/1415/560
f 1005/1383/560 1004/1415/560 948/1416/560
f 947/1384/560 1005/1383/560 948/1416/560
f 921/1403/560 1034/1404/560 922/1417/560
f 1034/1404/560 1033/1418/560 922/1417/560
f 1033/1418/560 1032/1419/560 922/1417/560
f 923/1420/560 922/1417/560 1032/1419/560
f 1032/1419/560 1031/1421/560 923/1420/560
f 924/1376/560 923/1420/560 1031/1421/560
f 1030/1377/560 924/1376/560 1031/1421/560
f 963/1374/560 990/1373/560 964/1333/560
f 989/1334/560 964/1333/560 990/1373/560
f 1005/1383/560 946/1382/560 1006/1422/560
f 946/1382/560 945/1423/560 1006/1422/560
f 1007/1341/560 1006/1422/560 945/1423/560
f 944/1342/560 1007/1341/560 945/1423/560
f 1024/1336/560 929/1338/560 928/1366/560
f 928/1366/560 1025/1365/560 1024/1336/560
f 1045/1424/560 1044/1425/560 1043/1426/560
f 1047/1299/560 1040/1427/560 1039/1301/560
f 1040/1427/560 1047/1299/560 1046/1428/560
f 1041/1429/560 1040/1427/560 1042/1430/560
f 1043/1426/560 1042/1430/560 1040/1427/560
f 1040/1427/560 1046/1428/560 1043/1426/560
f 1045/1424/560 1043/1426/560 1046/1428/560
f 1052/1380/560 1051/1398/560 1050/1322/560
f 1053/1310/560 1052/1380/560 1050/1322/560
f 1050/1322/560 1055/1406/560 1053/1310/560
f 1055/1406/560 1054/1311/560 1053/1310/560
f 1049/1366/560 1048/1301/560 1059/1299/560
f 1056/1383/560 1049/1366/560 1059/1299/560
f 1059/1299/560 1058/1368/560 1056/1383/560
f 1058/1368/560 1057/1325/560 1056/1383/560
f 1055/1406/560 1050/1322/560 1049/1366/560
f 1049/1366/560 1056/1383/560 1055/1406/560
f 1065/1296/560 1064/1297/560 1063/1298/560
f 1067/1299/560 1066/1300/560 1060/1301/560
f 1063/1298/560 1062/1302/560 1061/1303/560
f 1061/1303/560 1060/1301/560 1063/1298/560
f 1065/1296/560 1063/1298/560 1060/1301/560
f 1060/1301/560 1066/1300/560 1065/1296/560
f 1076/1383/560 1073/1310/560 1072/1380/560
f 1077/1325/560 1076/1383/560 1072/1380/560
f 1072/1380/560 1069/1366/560 1077/1325/560
f 1069/1366/560 1068/1301/560 1077/1325/560
f 1073/1310/560 1076/1383/560 1075/1406/560
f 1075/1406/560 1074/1311/560 1073/1310/560
f 1069/1366/560 1072/1380/560 1071/1398/560
f 1071/1398/560 1070/1322/560 1069/1366/560
f 1079/1299/560 1078/1368/560 1068/1301/560
f 1077/1325/560 1068/1301/560 1078/1368/560
f 1089/1431/560 1088/1297/560 1086/1298/560
f 1090/1296/560 1089/1431/560 1086/1298/560
f 1086/1298/560 1085/1432/560 1090/1296/560
f 1091/1433/560 1083/1434/560 1082/1303/560
f 1094/1299/560 1093/1435/560 1081/1436/560
f 1092/1300/560 1081/1436/560 1093/1435/560
f 1081/1436/560 1092/1300/560 1082/1303/560
f 1091/1433/560 1082/1303/560 1092/1300/560
f 1083/1434/560 1091/1433/560 1084/1302/560
f 1085/1432/560 1084/1302/560 1091/1433/560
f 1090/1296/560 1085/1432/560 1091/1433/560
f 1088/1297/560 1087/1426/560 1086/1298/560
f 1094/1299/560 1081/1436/560 1080/1301/560
f 1099/1437/560 1098/1438/560 1097/1439/560
f 1097/1439/560 1105/1299/560 1099/1437/560
f 1105/1299/560 1100/1426/560 1099/1437/560
f 1101/1440/560 1104/1441/560 1103/1442/560
f 1096/1443/560 1095/1301/560 1102/1444/560
f 1096/1443/560 1102/1444/560 1103/1442/560
f 1101/1440/560 1103/1442/560 1102/1444/560
f 1096/1443/560 1103/1442/560 1097/1439/560
f 1105/1299/560 1097/1439/560 1103/1442/560
f 1100/1426/560 1105/1299/560 1104/1441/560
f 1104/1441/560 1101/1440/560 1100/1426/560
f 1111/1296/561 1109/1298/561 1110/1297/561
f 1113/1299/561 1106/1301/561 1112/1300/561
f 1109/1298/561 1107/1303/561 1108/1302/561
f 1107/1303/561 1109/1298/561 1106/1301/561
f 1106/1301/561 1109/1298/561 1112/1300/561
f 1111/1296/561 1112/1300/561 1109/1298/561
f 1177/1304/561 1173/1306/561 1176/1305/561
f 1176/1305/561 1173/1306/561 1175/1307/561
f 1174/1308/561 1175/1307/561 1173/1306/561
f 1170/1309/561 1180/1311/561 1169/1310/561
f 1170/1309/561 1171/1312/561 1180/1311/561
f 1180/1311/561 1171/1312/561 1179/1313/561
f 1172/1314/561 1179/1313/561 1171/1312/561
f 1179/1313/561 1172/1314/561 1178/1315/561
f 1173/1306/561 1178/1315/561 1172/1314/561
f 1177/1304/561 1178/1315/561 1173/1306/561
f 1209/1316/561 1138/1318/561 1208/1317/561
f 1210/1319/561 1138/1318/561 1209/1316/561
f 1138/1318/561 1210/1319/561 1137/1320/561
f 1211/1321/561 1137/1320/561 1210/1319/561
f 1137/1320/561 1211/1321/561 1136/1322/561
f 1212/1323/561 1136/1322/561 1211/1321/561
f 1136/1322/561 1212/1323/561 1135/1324/561
f 1213/1325/561 1135/1324/561 1212/1323/561
f 1165/1326/561 1166/1328/561 1183/1327/561
f 1163/1329/561 1164/1331/561 1185/1330/561
f 1185/1330/561 1164/1331/561 1184/1332/561
f 1161/1333/561 1162/1335/561 1186/1334/561
f 1221/1336/561 1126/1338/561 1127/1337/561
f 1185/1330/561 1162/1335/561 1163/1329/561
f 1162/1335/561 1185/1330/561 1186/1334/561
f 1220/1339/561 1127/1337/561 1128/1340/561
f 1127/1337/561 1220/1339/561 1221/1336/561
f 1164/1331/561 1165/1326/561 1184/1332/561
f 1183/1327/561 1184/1332/561 1165/1326/561
f 1204/1341/561 1205/1343/561 1141/1342/561
f 1140/1344/561 1141/1342/561 1205/1343/561
f 1218/1345/561 1129/1347/561 1130/1346/561
f 1219/1348/561 1129/1347/561 1218/1345/561
f 1129/1347/561 1219/1348/561 1128/1340/561
f 1128/1340/561 1219/1348/561 1220/1339/561
f 1166/1328/561 1167/1349/561 1183/1327/561
f 1183/1327/561 1167/1349/561 1182/1350/561
f 1168/1351/561 1182/1350/561 1167/1349/561
f 1182/1350/561 1168/1351/561 1181/1352/561
f 1169/1310/561 1181/1352/561 1168/1351/561
f 1180/1311/561 1181/1352/561 1169/1310/561
f 1205/1343/561 1206/1353/561 1140/1344/561
f 1207/1354/561 1140/1344/561 1206/1353/561
f 1140/1344/561 1207/1354/561 1139/1355/561
f 1208/1317/561 1139/1355/561 1207/1354/561
f 1138/1318/561 1139/1355/561 1208/1317/561
f 1213/1325/561 1134/1356/561 1135/1324/561
f 1214/1357/561 1134/1356/561 1213/1325/561
f 1134/1356/561 1214/1357/561 1133/1358/561
f 1215/1359/561 1133/1358/561 1214/1357/561
f 1133/1358/561 1215/1359/561 1132/1360/561
f 1216/1361/561 1132/1360/561 1215/1359/561
f 1132/1360/561 1216/1361/561 1131/1362/561
f 1217/1363/561 1131/1362/561 1216/1361/561
f 1131/1362/561 1217/1363/561 1130/1346/561
f 1130/1346/561 1217/1363/561 1218/1345/561
f 1124/1364/561 1125/1366/561 1222/1365/561
f 1123/1367/561 1223/1369/561 1224/1368/561
f 1122/1370/561 1123/1367/561 1225/1371/561
f 1224/1368/561 1225/1371/561 1123/1367/561
f 1188/1372/561 1160/1374/561 1187/1373/561
f 1123/1367/561 1124/1364/561 1223/1369/561
f 1222/1365/561 1223/1369/561 1124/1364/561
f 1226/1375/561 1227/1377/561 1121/1376/561
f 1188/1372/561 1159/1378/561 1160/1374/561
f 1189/1379/561 1159/1378/561 1188/1372/561
f 1159/1378/561 1189/1379/561 1158/1380/561
f 1158/1380/561 1189/1379/561 1190/1381/561
f 1143/1382/561 1144/1384/561 1202/1383/561
f 1121/1376/561 1122/1370/561 1226/1375/561
f 1225/1371/561 1226/1375/561 1122/1370/561
f 1114/1301/561 1234/1385/561 1235/1299/561
f 1115/1386/561 1234/1385/561 1114/1301/561
f 1153/1387/561 1195/1389/561 1152/1388/561
f 1196/1390/561 1152/1388/561 1195/1389/561
f 1152/1388/561 1196/1390/561 1151/1391/561
f 1197/1392/561 1151/1391/561 1196/1390/561
f 1151/1391/561 1197/1392/561 1150/1393/561
f 1198/1394/561 1150/1393/561 1197/1392/561
f 1150/1393/561 1198/1394/561 1149/1395/561
f 1199/1396/561 1149/1395/561 1198/1394/561
f 1149/1395/561 1199/1396/561 1148/1397/561
f 1148/1397/561 1199/1396/561 1147/1398/561
f 1115/1386/561 1116/1399/561 1234/1385/561
f 1117/1400/561 1234/1385/561 1116/1399/561
f 1234/1385/561 1117/1400/561 1233/1401/561
f 1233/1401/561 1117/1400/561 1232/1402/561
f 1118/1403/561 1232/1402/561 1117/1400/561
f 1231/1404/561 1232/1402/561 1118/1403/561
f 1190/1381/561 1157/1405/561 1158/1380/561
f 1191/1406/561 1157/1405/561 1190/1381/561
f 1157/1405/561 1191/1406/561 1156/1407/561
f 1192/1408/561 1156/1407/561 1191/1406/561
f 1156/1407/561 1192/1408/561 1155/1409/561
f 1193/1410/561 1155/1409/561 1192/1408/561
f 1155/1409/561 1193/1410/561 1154/1411/561
f 1194/1412/561 1154/1411/561 1193/1410/561
f 1154/1411/561 1194/1412/561 1153/1387/561
f 1153/1387/561 1194/1412/561 1195/1389/561
f 1199/1396/561 1200/1413/561 1147/1398/561
f 1147/1398/561 1200/1413/561 1146/1414/561
f 1201/1415/561 1146/1414/561 1200/1413/561
f 1146/1414/561 1201/1415/561 1145/1416/561
f 1202/1383/561 1145/1416/561 1201/1415/561
f 1144/1384/561 1145/1416/561 1202/1383/561
f 1118/1403/561 1119/1417/561 1231/1404/561
f 1231/1404/561 1119/1417/561 1230/1418/561
f 1230/1418/561 1119/1417/561 1229/1419/561
f 1120/1420/561 1229/1419/561 1119/1417/561
f 1229/1419/561 1120/1420/561 1228/1421/561
f 1121/1376/561 1228/1421/561 1120/1420/561
f 1227/1377/561 1228/1421/561 1121/1376/561
f 1160/1374/561 1161/1333/561 1187/1373/561
f 1186/1334/561 1187/1373/561 1161/1333/561
f 1202/1383/561 1203/1422/561 1143/1382/561
f 1143/1382/561 1203/1422/561 1142/1423/561
f 1204/1341/561 1142/1423/561 1203/1422/561
f 1141/1342/561 1142/1423/561 1204/1341/561
f 1221/1336/561 1125/1366/561 1126/1338/561
f 1125/1366/561 1221/1336/561 1222/1365/561
f 1242/1424/561 1240/1426/561 1241/1425/561
f 1244/1299/561 1236/1301/561 1237/1427/561
f 1237/1427/561 1243/1428/561 1244/1299/561
f 1238/1429/561 1239/1430/561 1237/1427/561
f 1240/1426/561 1237/1427/561 1239/1430/561
f 1237/1427/561 1240/1426/561 1243/1428/561
f 1242/1424/561 1243/1428/561 1240/1426/561
f 1249/1380/561 1247/1322/561 1248/1398/561
f 1250/1310/561 1247/1322/561 1249/1380/561
f 1247/1322/561 1250/1310/561 1252/1406/561
f 1252/1406/561 1250/1310/561 1251/1311/561
f 1246/1366/561 1256/1299/561 1245/1301/561
f 1253/1383/561 1256/1299/561 1246/1366/561
f 1256/1299/561 1253/1383/561 1255/1368/561
f 1255/1368/561 1253/1383/561 1254/1325/561
f 1252/1406/561 1246/1366/561 1247/1322/561
f 1246/1366/561 1252/1406/561 1253/1383/561
f 1262/1296/561 1260/1298/561 1261/1297/561
f 1264/1299/561 1257/1301/561 1263/1300/561
f 1260/1298/561 1258/1303/561 1259/1302/561
f 1258/1303/561 1260/1298/561 1257/1301/561
f 1262/1296/561 1257/1301/561 1260/1298/561
f 1257/1301/561 1262/1296/561 1263/1300/561
f 1273/1383/561 1269/1380/561 1270/1310/561
f 1274/1325/561 1269/1380/561 1273/1383/561
f 1269/1380/561 1274/1325/561 1266/1366/561
f 1266/1366/561 1274/1325/561 1265/1301/561
f 1270/1310/561 1272/1406/561 1273/1383/561
f 1272/1406/561 1270/1310/561 1271/1311/561
f 1266/1366/561 1268/1398/561 1269/1380/561
f 1268/1398/561 1266/1366/561 1267/1322/561
f 1276/1299/561 1265/1301/561 1275/1368/561
f 1274/1325/561 1275/1368/561 1265/1301/561
f 1286/1431/561 1283/1298/561 1285/1297/561
f 1287/1296/561 1283/1298/561 1286/1431/561
f 1283/1298/561 1287/1296/561 1282/1432/561
f 1288/1433/561 1279/1303/561 1280/1434/561
f 1291/1299/561 1278/1436/561 1290/1435/561
f 1289/1300/561 1290/1435/561 1278/1436/561
f 1278/1436/561 1279/1303/561 1289/1300/561
f 1288/1433/561 1289/1300/561 1279/1303/561
f 1280/1434/561 1281/1302/561 1288/1433/561
f 1282/1432/561 1288/1433/561 1281/1302/561
f 1287/1296/561 1288/1433/561 1282/1432/561
f 1285/1297/561 1283/1298/561 1284/1426/561
f 1291/1299/561 1277/1301/561 1278/1436/561
f 1296/1437/561 1294/1439/561 1295/1438/561
f 1294/1439/561 1296/1437/561 1302/1299/561
f 1302/1299/561 1296/1437/561 1297/1426/561
f 1298/1440/561 1300/1442/561 1301/1441/561
f 1293/1443/561 1299/1444/561 1292/1301/561
f 1293/1443/561 1300/1442/561 1299/1444/561
f 1298/1440/561 1299/1444/561 1300/1442/561
f 1293/1443/561 1294/1439/561 1300/1442/561
f 1302/1299/561 1300/1442/561 1294/1439/561
f 1297/1426/561 1301/1441/561 1302/1299/561
f 1301/1441/561 1297/1426/561 1298/1440/561
s 1
f 1304/1445/562 1316/1446/563 1315/1427/564 1303/1301/564
f 1305/1447/565 1317/1448/566 1316/1446/563 1304/1445/562
f 1306/1449/567 1318/1450/568 1317/1448/566 1305/1447/565
f 1307/1451/569 1319/1452/570 1318/1450/568 1306/1449/567
f 1308/1453/571 1320/1454/572 1319/1452/570 1307/1451/569
f 1309/1455/573 1321/1456/574 1320/1454/572 1308/1453/571
f 1310/1457/575 1322/1458/576 1321/1456/574 1309/1455/573
f 1311/1459/577 1323/1460/578 1322/1458/576 1310/1457/575
f 1312/1461/579 1324/1462/580 1323/1460/578 1311/1459/577
f 1313/1463/581 1325/1464/582 1324/1462/580 1312/1461/579
f 1314/1465/583 1326/1466/583 1325/1464/582 1313/1463/581
f 1316/1446/563 1328/1467/584 1327/1429/585 1315/1427/564
f 1317/1448/566 1329/1468/586 1328/1467/584 1316/1446/563
f 1318/1450/568 1330/1469/587 1329/1468/586 1317/1448/566
f 1319/1452/570 1331/1470/588 1330/1469/587 1318/1450/568
f 1320/1454/572 1332/1471/589 1331/1470/588 1319/1452/570
f 1321/1456/574 1333/1472/590 1332/1471/589 1320/1454/572
f 1322/1458/576 1334/1473/591 1333/1472/590 1321/1456/574
f 1323/1460/578 1335/1474/592 1334/1473/591 1322/1458/576
f 1324/1462/580 1336/1475/593 1335/1474/592 1323/1460/578
f 1325/1464/582 1337/1476/594 1336/1475/593 1324/1462/580
f 1326/1466/583 1338/1477/595 1337/1476/594 1325/1464/582
f 1328/1467/584 1340/1478/596 1339/1430/585 1327/1429/585
f 1329/1468/586 1341/1479/597 1340/1478/596 1328/1467/584
f 1330/1469/587 1342/1480/598 1341/1479/597 1329/1468/586
f 1331/1470/588 1343/1481/599 1342/1480/598 1330/1469/587
f 1332/1471/589 1344/1482/600 1343/1481/599 1331/1470/588
f 1333/1472/590 1345/1483/601 1344/1482/600 1332/1471/589
f 1334/1473/591 1346/1484/602 1345/1483/601 1333/1472/590
f 1335/1474/592 1347/1485/603 1346/1484/602 1334/1473/591
f 1336/1475/593 1348/1486/604 1347/1485/603 1335/1474/592
f 1337/1476/594 1349/1487/605 1348/1486/604 1336/1475/593
f 1338/1477/595 1350/1488/595 1349/1487/605 1337/1476/594
f 1340/1478/596 1352/1489/606 1351/1426/607 1339/1430/585
f 1341/1479/597 1353/1490/608 1352/1489/606 1340/1478/596
f 1342/1480/598 1354/1491/609 1353/1490/608 1341/1479/597
f 1343/1481/599 1355/1492/610 1354/1491/609 1342/1480/598
f 1344/1482/600 1356/1493/611 1355/1492/610 1343/1481/599
f 1345/1483/601 1357/1494/612 1356/1493/611 1344/1482/600
f 1346/1484/602 1358/1495/613 1357/1494/612 1345/1483/601
f 1347/1485/603 1359/1496/614 1358/1495/613 1346/1484/602
f 1348/1486/604 1360/1497/615 1359/1496/614 1347/1485/603
f 1349/1487/605 1361/1498/616 1360/1497/615 1348/1486/604
f 1350/1488/595 1362/1499/617 1361/1498/616 1349/1487/605
f 1352/1489/606 1364/1500/618 1363/1425/619 1351/1426/607
f 1353/1490/608 1365/1501/620 1364/1500/618 1352/1489/606
f 1354/1491/609 1366/1502/621 1365/1501/620 1353/1490/608
f 1355/1492/610 1367/1503/622 1366/1502/621 1354/1491/609
f 1356/1493/611 1368/1504/623 1367/1503/622 1355/1492/610
f 1357/1494/612 1369/1505/624 1368/1504/623 1356/1493/611
f 1358/1495/613 1370/1506/625 1369/1505/624 1357/1494/612
f 1359/1496/614 1371/1507/626 1370/1506/625 1358/1495/613
f 1360/1497/615 1372/1508/627 1371/1507/626 1359/1496/614
f 1361/1498/616 1373/1509/628 1372/1508/627 1360/1497/615
f 1362/1499/617 1374/1510/629 1373/1509/628 1361/1498/616
f 1364/1500/618 1376/1511/630 1375/1424/631 1363/1425/619
f 1365/1501/620 1377/1512/632 1376/1511/630 1364/1500/618
f 1366/1502/621 1378/1513/633 1377/1512/632 1365/1501/620
f 1367/1503/622 1379/1514/634 1378/1513/633 1366/1502/621
f 1368/1504/623 1380/1515/635 1379/1514/634 1367/1503/622
f 1369/1505/624 1381/1516/636 1380/1515/635 1368/1504/623
f 1370/1506/625 1382/1517/637 1381/1516/636 1369/1505/624
f 1371/1507/626 1383/1518/638 1382/1517/637 1370/1506/625
f 1372/1508/627 1384/1519/639 1383/1518/638 1371/1507/626
f 1373/1509/628 1385/1520/640 1384/1519/639 1372/1508/627
f 1374/1510/629 1386/1521/641 1385/1520/640 1373/1509/628
f 1376/1511/630 1388/1522/642 1387/1428/643 1375/1424/631
f 1377/1512/632 1389/1523/644 1388/1522/642 1376/1511/630
f 1378/1513/633 1390/1524/645 1389/1523/644 1377/1512/632
f 1379/1514/634 1391/1525/646 1390/1524/645 1378/1513/633
f 1380/1515/635 1392/1526/647 1391/1525/646 1379/1514/634
f 1381/1516/636 1393/1527/648 1392/1526/647 1380/1515/635
f 1382/1517/637 1394/1528/649 1393/1527/648 1381/1516/636
f 1383/1518/638 1395/1529/650 1394/1528/649 1382/1517/637
f 1384/1519/639 1396/1530/651 1395/1529/650 1383/1518/638
f 1385/1520/640 1397/1531/652 1396/1530/651 1384/1519/639
f 1386/1521/641 1398/1532/653 1397/1531/652 1385/1520/640
f 1388/1522/642 1304/1533/562 1303/1299/564 1387/1428/643
f 1389/1523/644 1305/1534/565 1304/1533/562 1388/1522/642
f 1390/1524/645 1306/1535/567 1305/1534/565 1389/1523/644
f 1391/1525/646 1307/1536/569 1306/1535/567 1390/1524/645
f 1392/1526/647 1308/1537/571 1307/1536/569 1391/1525/646
f 1393/1527/648 1309/1538/573 1308/1537/571 1392/1526/647
f 1394/1528/649 1310/1539/575 1309/1538/573 1393/1527/648
f 1395/1529/650 1311/1540/577 1310/1539/575 1394/1528/649
f 1396/1530/651 1312/1541/579 1311/1540/577 1395/1529/650
f 1397/1531/652 1313/1542/581 1312/1541/579 1396/1530/651
f 1398/1532/653 1314/1543/583 1313/1542/581 1397/1531/652
f 1400/1445/654 1412/1544/655 1411/1545/656 1399/1301/657
f 1401/1447/658 1413/1546/659 1412/1544/655 1400/1445/654
f 1402/1449/660 1414/1547/661 1413/1546/659 1401/1447/658
f 1403/1451/662 1415/1548/663 1414/1547/661 1402/1449/660
f 1404/1453/664 1416/1549/665 1415/1548/663 1403/1451/662
f 1405/1455/666 1417/1550/667 1416/1549/665 1404/1453/664
f 1406/1457/668 1418/1551/669 1417/1550/667 1405/1455/666
f 1407/1459/670 1419/1552/671 1418/1551/669 1406/1457/668
f 1408/1461/672 1420/1553/673 1419/1552/671 1407/1459/670
f 1409/1463/674 1421/1554/675 1420/1553/673 1408/1461/672
f 1410/1465/676 1422/1555/677 1421/1554/675 1409/1463/674
f 1412/1544/655 1424/1556/678 1423/1557/679 1411/1545/656
f 1413/1546/659 1425/1558/680 1424/1556/678 1412/1544/655
f 1414/1547/661 1426/1559/681 1425/1558/680 1413/1546/659
f 1415/1548/663 1427/1560/682 1426/1559/681 1414/1547/661
f 1416/1549/665 1428/1561/683 1427/1560/682 1415/1548/663
f 1417/1550/667 1429/1562/684 1428/1561/683 1416/1549/665
f 1418/1551/669 1430/1563/685 1429/1562/684 1417/1550/667
f 1419/1552/671 1431/1564/686 1430/1563/685 1418/1551/669
f 1420/1553/673 1432/1565/687 1431/1564/686 1419/1552/671
f 1421/1554/675 1433/1566/688 1432/1565/687 1420/1553/673
f 1422/1555/677 1434/1567/689 1433/1566/688 1421/1554/675
f 1424/1556/678 1400/1533/654 1399/1299/657 1423/1557/679
f 1425/1558/680 1401/1534/658 1400/1533/654 1424/1556/678
f 1426/1559/681 1402/1535/660 1401/1534/658 1425/1558/680
f 1427/1560/682 1403/1536/662 1402/1535/660 1426/1559/681
f 1428/1561/683 1404/1537/664 1403/1536/662 1427/1560/682
f 1429/1562/684 1405/1538/666 1404/1537/664 1428/1561/683
f 1430/1563/685 1406/1539/668 1405/1538/666 1429/1562/684
f 1431/1564/686 1407/1540/670 1406/1539/668 1430/1563/685
f 1432/1565/687 1408/1541/672 1407/1540/670 1431/1564/686
f 1433/1566/688 1409/1542/674 1408/1541/672 1432/1565/687
f 1434/1567/689 1410/1543/676 1409/1542/674 1433/1566/688
f 1436/1445/690 1448/1568/691 1447/1569/692 1435/1301/693
f 1437/1447/694 1449/1570/695 1448/1568/691 1436/1445/690
f 1438/1449/696 1450/1571/697 1449/1570/695 1437/1447/694
f 1439/1451/698 1451/1572/699 1450/1571/697 1438/1449/696
f 1440/1453/700 1452/1573/701 1451/1572/699 1439/1451/698
f 1441/1455/702 1453/1574/703 1452/1573/701 1440/1453/700
f 1442/1457/704 1454/1575/705 1453/1574/703 1441/1455/702
f 1443/1459/706 1455/1576/707 1454/1575/705 1442/1457/704
f 1444/1461/708 1456/1577/709 1455/1576/707 1443/1459/706
f 1445/1463/710 1457/1578/711 1456/1577/709 1444/1461/708
f 1446/1465/712 1458/1579/692 1457/1578/711 1445/1463/710
f 1448/1568/691 1460/1580/713 1459/1581/714 1447/1569/692
f 1449/1570/695 1461/1582/715 1460/1580/713 1448/1568/691
f 1450/1571/697 1462/1583/716 1461/1582/715 1449/1570/695
f 1451/1572/699 1463/1584/717 1462/1583/716 1450/1571/697
f 1452/1573/701 1464/1585/718 1463/1584/717 1451/1572/699
f 1453/1574/703 1465/1586/719 1464/1585/718 1452/1573/701
f 1454/1575/705 1466/1587/720 1465/1586/719 1453/1574/703
f 1455/1576/707 1467/1588/721 1466/1587/720 1454/1575/705
f 1456/1577/709 1468/1589/722 1467/1588/721 1455/1576/707
f 1457/1578/711 1469/1590/723 1468/1589/722 1456/1577/709
f 1458/1579/692 1470/1591/724 1469/1590/723 1457/1578/711
f 1460/1580/713 1472/1592/725 1471/1439/726 1459/1581/714
f 1461/1582/715 1473/1593/727 1472/1592/725 1460/1580/713
f 1462/1583/716 1474/1594/728 1473/1593/727 1461/1582/715
f 1463/1584/717 1475/1595/729 1474/1594/728 1462/1583/716
f 1464/1585/718 1476/1596/730 1475/1595/729 1463/1584/717
f 1465/1586/719 1477/1597/731 1476/1596/730 1464/1585/718
f 1466/1587/720 1478/1598/732 1477/1597/731 1465/1586/719
f 1467/1588/721 1479/1599/733 1478/1598/732 1466/1587/720
f 1468/1589/722 1480/1600/734 1479/1599/733 1467/1588/721
f 1469/1590/723 1481/1601/735 1480/1600/734 1468/1589/722
f 1470/1591/724 1482/1602/736 1481/1601/735 1469/1590/723
f 1472/1592/725 1484/1603/737 1483/1604/738 1471/1439/726
f 1473/1593/727 1485/1605/739 1484/1603/737 1472/1592/725
f 1474/1594/728 1486/1606/740 1485/1605/739 1473/1593/727
f 1475/1595/729 1487/1607/741 1486/1606/740 1474/1594/728
f 1476/1596/730 1488/1608/742 1487/1607/741 1475/1595/729
f 1477/1597/731 1489/1609/743 1488/1608/742 1476/1596/730
f 1478/1598/732 1490/1610/744 1489/1609/743 1477/1597/731
f 1479/1599/733 1491/1611/745 1490/1610/744 1478/1598/732
f 1480/1600/734 1492/1612/746 1491/1611/745 1479/1599/733
f 1481/1601/735 1493/1613/747 1492/1612/746 1480/1600/734
f 1482/1602/736 1494/1614/748 1493/1613/747 1481/1601/735
f 1484/1603/737 1496/1544/749 1495/1545/750 1483/1604/738
f 1485/1605/739 1497/1546/751 1496/1544/749 1484/1603/737
f 1486/1606/740 1498/1547/752 1497/1546/751 1485/1605/739
f 1487/1607/741 1499/1548/753 1498/1547/752 1486/1606/740
f 1488/1608/742 1500/1549/754 1499/1548/753 1487/1607/741
f 1489/1609/743 1501/1550/755 1500/1549/754 1488/1608/742
f 1490/1610/744 1502/1551/756 1501/1550/755 1489/1609/743
f 1491/1611/745 1503/1552/757 1502/1551/756 1490/1610/744
f 1492/1612/746 1504/1553/758 1503/1552/757 1491/1611/745
f 1493/1613/747 1505/1554/759 1504/1553/758 1492/1612/746
f 1494/1614/748 1506/1555/760 1505/1554/759 1493/1613/747
f 1496/1544/749 1508/1615/761 1507/1437/762 1495/1545/750
f 1497/1546/751 1509/1616/763 1508/1615/761 1496/1544/749
f 1498/1547/752 1510/1617/764 1509/1616/763 1497/1546/751
f 1499/1548/753 1511/1618/765 1510/1617/764 1498/1547/752
f 1500/1549/754 1512/1619/766 1511/1618/765 1499/1548/753
f 1501/1550/755 1513/1620/767 1512/1619/766 1500/1549/754
f 1502/1551/756 1514/1621/768 1513/1620/767 1501/1550/755
f 1503/1552/757 1515/1622/769 1514/1621/768 1502/1551/756
f 1504/1553/758 1516/1623/770 1515/1622/769 1503/1552/757
f 1505/1554/759 1517/1624/771 1516/1623/770 1504/1553/758
f 1506/1555/760 1518/1625/772 1517/1624/771 1505/1554/759
f 1508/1615/761 1520/1626/773 1519/1627/774 1507/1437/762
f 1509/1616/763 1521/1628/775 1520/1626/773 1508/1615/761
f 1510/1617/764 1522/1629/776 1521/1628/775 1509/1616/763
f 1511/1618/765 1523/1630/777 1522/1629/776 1510/1617/764
f 1512/1619/766 1524/1631/778 1523/1630/777 1511/1618/765
f 1513/1620/767 1525/1632/779 1524/1631/778 1512/1619/766
f 1514/1621/768 1526/1633/780 1525/1632/779 1513/1620/767
f 1515/1622/769 1527/1634/781 1526/1633/780 1514/1621/768
f 1516/1623/770 1528/1635/782 1527/1634/781 1515/1622/769
f 1517/1624/771 1529/1636/783 1528/1635/782 1516/1623/770
f 1518/1625/772 1530/1637/784 1529/1636/783 1517/1624/771
f 1520/1626/773 1532/1638/690 1531/1639/693 1519/1627/774
f 1521/1628/775 1533/1640/694 1532/1638/690 1520/1626/773
f 1522/1629/776 1534/1641/696 1533/1640/694 1521/1628/775
f 1523/1630/777 1535/1642/698 1534/1641/696 1522/1629/776
f 1524/1631/778 1536/1643/700 1535/1642/698 1523/1630/777
f 1525/1632/779 1537/1644/702 1536/1643/700 1524/1631/778
f 1526/1633/780 1538/1645/704 1537/1644/702 1525/1632/779
f 1527/1634/781 1539/1646/706 1538/1645/704 1526/1633/780
f 1528/1635/782 1540/1647/708 1539/1646/706 1527/1634/781
f 1529/1636/783 1541/1648/710 1540/1647/708 1528/1635/782
f 1530/1637/784 1542/1649/712 1541/1648/710 1529/1636/783
f 1532/1638/690 1544/1650/785 1543/1440/786 1531/1639/693
f 1533/1640/694 1545/1651/787 1544/1650/785 1532/1638/690
f 1534/1641/696 1546/1652/788 1545/1651/787 1533/1640/694
f 1535/1642/698 1547/1653/789 1546/1652/788 1534/1641/696
f 1536/1643/700 1548/1654/790 1547/1653/789 1535/1642/698
f 1537/1644/702 1549/1655/791 1548/1654/790 1536/1643/700
f 1538/1645/704 1550/1656/792 1549/1655/791 1537/1644/702
f 1539/1646/706 1551/1657/793 1550/1656/792 1538/1645/704
f 1540/1647/708 1552/1658/794 1551/1657/793 1539/1646/706
f 1541/1648/710 1553/1659/795 1552/1658/794 1540/1647/708
f 1542/1649/712 1554/1660/796 1553/1659/795 1541/1648/710
f 1544/1650/785 1556/1556/797 1555/1557/798 1543/1440/786
f 1545/1651/787 1557/1558/799 1556/1556/797 1544/1650/785
f 1546/1652/788 1558/1559/800 1557/1558/799 1545/1651/787
f 1547/1653/789 1559/1560/801 1558/1559/800 1546/1652/788
f 1548/1654/790 1560/1561/802 1559/1560/801 1547/1653/789
f 1549/1655/791 1561/1562/803 1560/1561/802 1548/1654/790
f 1550/1656/792 1562/1563/804 1561/1562/803 1549/1655/791
f 1551/1657/793 1563/1564/805 1562/1563/804 1550/1656/792
f 1552/1658/794 1564/1565/806 1563/1564/805 1551/1657/793
f 1553/1659/795 1565/1566/807 1564/1565/806 1552/1658/794
f 1554/1660/796 1566/1567/808 1565/1566/807 1553/1659/795
f 1556/1556/797 1568/1661/809 1567/1662/810 1555/1557/798
f 1557/1558/799 1569/1663/811 1568/1661/809 1556/1556/797
f 1558/1559/800 1570/1664/812 1569/1663/811 1557/1558/799
f 1559/1560/801 1571/1665/813 1570/1664/812 1558/1559/800
f 1560/1561/802 1572/1666/814 1571/1665/813 1559/1560/801
f 1561/1562/803 1573/1667/815 1572/1666/814 1560/1561/802
f 1562/1563/804 1574/1668/816 1573/1667/815 1561/1562/803
f 1563/1564/805 1575/1669/817 1574/1668/816 1562/1563/804
f 1564/1565/806 1576/1670/818 1575/1669/817 1563/1564/805
f 1565/1566/807 1577/1671/819 1576/1670/818 1564/1565/806
f 1566/1567/808 1578/1672/820 1577/1671/819 1565/1566/807
f 1568/1661/809 1580/1673/821 1579/1442/822 1567/1662/810
f 1569/1663/811 1581/1674/823 1580/1673/821 1568/1661/809
f 1570/1664/812 1582/1675/824 1581/1674/823 1569/1663/811
f 1571/1665/813 1583/1676/825 1582/1675/824 1570/1664/812
f 1572/1666/814 1584/1677/826 1583/1676/825 1571/1665/813
f 1573/1667/815 1585/1678/827 1584/1677/826 1572/1666/814
f 1574/1668/816 1586/1679/828 1585/1678/827 1573/1667/815
f 1575/1669/817 1587/1680/829 1586/1679/828 1574/1668/816
f 1576/1670/818 1588/1681/830 1587/1680/829 1575/1669/817
f 1577/1671/819 1589/1682/831 1588/1681/830 1576/1670/818
f 1578/1672/820 1590/1683/832 1589/1682/831 1577/1671/819
f 1580/1673/821 1592/1684/833 1591/1685/834 1579/1442/822
f 1581/1674/823 1593/1686/835 1592/1684/833 1580/1673/821
f 1582/1675/824 1594/1687/836 1593/1686/835 1581/1674/823
f 1583/1676/825 1595/1688/837 1594/1687/836 1582/1675/824
f 1584/1677/826 1596/1689/838 1595/1688/837 1583/1676/825
f 1585/1678/827 1597/1690/839 1596/1689/838 1584/1677/826
f 1586/1679/828 1598/1691/840 1597/1690/839 1585/1678/827
f 1587/1680/829 1599/1692/841 1598/1691/840 1586/1679/828
f 1588/1681/830 1600/1693/842 1599/1692/841 1587/1680/829
f 1589/1682/831 1601/1694/843 1600/1693/842 1588/1681/830
f 1590/1683/832 1602/1695/844 1601/1694/843 1589/1682/831
f 1592/1684/833 1604/1696/773 1603/1697/774 1591/1685/834
f 1593/1686/835 1605/1698/775 1604/1696/773 1592/1684/833
f 1594/1687/836 1606/1699/776 1605/1698/775 1593/1686/835
f 1595/1688/837 1607/1700/777 1606/1699/776 1594/1687/836
f 1596/1689/838 1608/1701/778 1607/1700/777 1595/1688/837
f 1597/1690/839 1609/1702/779 1608/1701/778 1596/1689/838
f 1598/1691/840 1610/1703/780 1609/1702/779 1597/1690/839
f 1599/1692/841 1611/1704/781 1610/1703/780 1598/1691/840
f 1600/1693/842 1612/1705/782 1611/1704/781 1599/1692/841
f 1601/1694/843 1613/1706/783 1612/1705/782 1600/1693/842
f 1602/1695/844 1614/1707/784 1613/1706/783 1601/1694/843
f 1604/1696/773 1436/1533/690 1435/1299/693 1603/1697/774
f 1605/1698/775 1437/1534/694 1436/1533/690 1604/1696/773
f 1606/1699/776 1438/1535/696 1437/1534/694 1605/1698/775
f 1607/1700/777 1439/1536/698 1438/1535/696 1606/1699/776
f 1608/1701/778 1440/1537/700 1439/1536/698 1607/1700/777
f 1609/1702/779 1441/1538/702 1440/1537/700 1608/1701/778
f 1610/1703/780 1442/1539/704 1441/1538/702 1609/1702/779
f 1611/1704/781 1443/1540/706 1442/1539/704 1610/1703/780
f 1612/1705/782 1444/1541/708 1443/1540/706 1611/1704/781
f 1613/1706/783 1445/1542/710 1444/1541/708 1612/1705/782
f 1614/1707/784 1446/1543/712 1445/1542/710 1613/1706/783
f 1616/1445/845 1628/1708/846 1627/1709/834 1615/1301/774
f 1617/1447/847 1629/1710/848 1628/1708/846 1616/1445/845
f 1618/1449/849 1630/1711/850 1629/1710/848 1617/1447/847
f 1619/1451/851 1631/1712/852 1630/1711/850 1618/1449/849
f 1620/1453/853 1632/1713/854 1631/1712/852 1619/1451/851
f 1621/1455/855 1633/1714/856 1632/1713/854 1620/1453/853
f 1622/1457/857 1634/1715/858 1633/1714/856 1621/1455/855
f 1623/1459/859 1635/1716/860 1634/1715/858 1622/1457/857
f 1624/1461/861 1636/1717/862 1635/1716/860 1623/1459/859
f 1625/1463/863 1637/1718/864 1636/1717/862 1624/1461/861
f 1626/1465/784 1638/1719/844 1637/1718/864 1625/1463/863
f 1628/1708/846 1640/1720/833 1639/1721/834 1627/1709/834
f 1629/1710/848 1641/1722/835 1640/1720/833 1628/1708/846
f 1630/1711/850 1642/1723/836 1641/1722/835 1629/1710/848
f 1631/1712/852 1643/1724/837 1642/1723/836 1630/1711/850
f 1632/1713/854 1644/1725/838 1643/1724/837 1631/1712/852
f 1633/1714/856 1645/1726/839 1644/1725/838 1632/1713/854
f 1634/1715/858 1646/1727/840 1645/1726/839 1633/1714/856
f 1635/1716/860 1647/1728/841 1646/1727/840 1634/1715/858
f 1636/1717/862 1648/1729/842 1647/1728/841 1635/1716/860
f 1637/1718/864 1649/1730/843 1648/1729/842 1636/1717/862
f 1638/1719/844 1650/1731/844 1649/1730/843 1637/1718/864
f 1640/1720/833 1652/1467/773 1651/1429/774 1639/1721/834
f 1641/1722/835 1653/1468/775 1652/1467/773 1640/1720/833
f 1642/1723/836 1654/1469/776 1653/1468/775 1641/1722/835
f 1643/1724/837 1655/1470/777 1654/1469/776 1642/1723/836
f 1644/1725/838 1656/1471/778 1655/1470/777 1643/1724/837
f 1645/1726/839 1657/1472/779 1656/1471/778 1644/1725/838
f 1646/1727/840 1658/1473/780 1657/1472/779 1645/1726/839
f 1647/1728/841 1659/1474/781 1658/1473/780 1646/1727/840
f 1648/1729/842 1660/1475/782 1659/1474/781 1647/1728/841
f 1649/1730/843 1661/1476/783 1660/1475/782 1648/1729/842
f 1650/1731/844 1662/1477/784 1661/1476/783 1649/1730/843
f 1652/1467/773 1664/1544/845 1663/1545/774 1651/1429/774
f 1653/1468/775 1665/1546/847 1664/1544/845 1652/1467/773
f 1654/1469/776 1666/1547/849 1665/1546/847 1653/1468/775
f 1655/1470/777 1667/1548/851 1666/1547/849 1654/1469/776
f 1656/1471/778 1668/1549/853 1667/1548/851 1655/1470/777
f 1657/1472/779 1669/1550/855 1668/1549/853 1656/1471/778
f 1658/1473/780 1670/1551/857 1669/1550/855 1657/1472/779
f 1659/1474/781 1671/1552/859 1670/1551/857 1658/1473/780
f 1660/1475/782 1672/1553/861 1671/1552/859 1659/1474/781
f 1661/1476/783 1673/1554/863 1672/1553/861 1660/1475/782
f 1662/1477/784 1674/1555/784 1673/1554/863 1661/1476/783
f 1664/1544/845 1676/1732/846 1675/1733/834 1663/1545/774
f 1665/1546/847 1677/1734/848 1676/1732/846 1664/1544/845
f 1666/1547/849 1678/1735/850 1677/1734/848 1665/1546/847
f 1667/1548/851 1679/1736/852 1678/1735/850 1666/1547/849
f 1668/1549/853 1680/1737/854 1679/1736/852 1667/1548/851
f 1669/1550/855 1681/1738/856 1680/1737/854 1668/1549/853
f 1670/1551/857 1682/1739/858 1681/1738/856 1669/1550/855
f 1671/1552/859 1683/1740/860 1682/1739/858 1670/1551/857
f 1672/1553/861 1684/1741/862 1683/1740/860 1671/1552/859
f 1673/1554/863 1685/1742/864 1684/1741/862 1672/1553/861
f 1674/1555/784 1686/1743/844 1685/1742/864 1673/1554/863
f 1676/1732/846 1688/1489/833 1687/1426/834 1675/1733/834
f 1677/1734/848 1689/1490/835 1688/1489/833 1676/1732/846
f 1678/1735/850 1690/1491/836 1689/1490/835 1677/1734/848
f 1679/1736/852 1691/1492/837 1690/1491/836 1678/1735/850
f 1680/1737/854 1692/1493/838 1691/1492/837 1679/1736/852
f 1681/1738/856 1693/1494/839 1692/1493/838 1680/1737/854
f 1682/1739/858 1694/1495/840 1693/1494/839 1681/1738/856
f 1683/1740/860 1695/1496/841 1694/1495/840 1682/1739/858
f 1684/1741/862 1696/1497/842 1695/1496/841 1683/1740/860
f 1685/1742/864 1697/1498/843 1696/1497/842 1684/1741/862
f 1686/1743/844 1698/1499/844 1697/1498/843 1685/1742/864
f 1688/1489/833 1700/1744/773 1699/1745/774 1687/1426/834
f 1689/1490/835 1701/1746/775 1700/1744/773 1688/1489/833
f 1690/1491/836 1702/1747/776 1701/1746/775 1689/1490/835
f 1691/1492/837 1703/1748/777 1702/1747/776 1690/1491/836
f 1692/1493/838 1704/1749/778 1703/1748/777 1691/1492/837
f 1693/1494/839 1705/1750/779 1704/1749/778 1692/1493/838
f 1694/1495/840 1706/1751/780 1705/1750/779 1693/1494/839
f 1695/1496/841 1707/1752/781 1706/1751/780 1694/1495/840
f 1696/1497/842 1708/1753/782 1707/1752/781 1695/1496/841
f 1697/1498/843 1709/1754/783 1708/1753/782 1696/1497/842
f 1698/1499/844 1710/1755/784 1709/1754/783 1697/1498/843
f 1700/1744/773 1712/1556/690 1711/1557/693 1699/1745/774
f 1701/1746/775 1713/1558/694 1712/1556/690 1700/1744/773
f 1702/1747/776 1714/1559/696 1713/1558/694 1701/1746/775
f 1703/1748/777 1715/1560/698 1714/1559/696 1702/1747/776
f 1704/1749/778 1716/1561/700 1715/1560/698 1703/1748/777
f 1705/1750/779 1717/1562/702 1716/1561/700 1704/1749/778
f 1706/1751/780 1718/1563/704 1717/1562/702 1705/1750/779
f 1707/1752/781 1719/1564/706 1718/1563/704 1706/1751/780
f 1708/1753/782 1720/1565/708 1719/1564/706 1707/1752/781
f 1709/1754/783 1721/1566/710 1720/1565/708 1708/1753/782
f 1710/1755/784 1722/1567/712 1721/1566/710 1709/1754/783
f 1712/1556/690 1724/1511/785 1723/1424/786 1711/1557/693
f 1713/1558/694 1725/1512/787 1724/1511/785 1712/1556/690
f 1714/1559/696 1726/1513/788 1725/1512/787 1713/1558/694
f 1715/1560/698 1727/1514/789 1726/1513/788 1714/1559/696
f 1716/1561/700 1728/1515/790 1727/1514/789 1715/1560/698
f 1717/1562/702 1729/1516/791 1728/1515/790 1716/1561/700
f 1718/1563/704 1730/1517/792 1729/1516/791 1717/1562/702
f 1719/1564/706 1731/1518/793 1730/1517/792 1718/1563/704
f 1720/1565/708 1732/1519/794 1731/1518/793 1719/1564/706
f 1721/1566/710 1733/1520/795 1732/1519/794 1720/1565/708
f 1722/1567/712 1734/1521/796 1733/1520/795 1721/1566/710
f 1724/1511/785 1736/1756/833 1735/1757/834 1723/1424/786
f 1725/1512/787 1737/1758/835 1736/1756/833 1724/1511/785
f 1726/1513/788 1738/1759/836 1737/1758/835 1725/1512/787
f 1727/1514/789 1739/1760/837 1738/1759/836 1726/1513/788
f 1728/1515/790 1740/1761/838 1739/1760/837 1727/1514/789
f 1729/1516/791 1741/1762/839 1740/1761/838 1728/1515/790
f 1730/1517/792 1742/1763/840 1741/1762/839 1729/1516/791
f 1731/1518/793 1743/1764/841 1742/1763/840 1730/1517/792
f 1732/1519/794 1744/1765/842 1743/1764/841 1731/1518/793
f 1733/1520/795 1745/1766/843 1744/1765/842 1732/1519/794
f 1734/1521/796 1746/1767/844 1745/1766/843 1733/1520/795
f 1736/1756/833 1748/1768/773 1747/1769/774 1735/1757/834
f 1737/1758/835 1749/1770/775 1748/1768/773 1736/1756/833
f 1738/1759/836 1750/1771/776 1749/1770/775 1737/1758/835
f 1739/1760/837 1751/1772/777 1750/1771/776 1738/1759/836
f 1740/1761/838 1752/1773/778 1751/1772/777 1739/1760/837
f 1741/1762/839 1753/1774/779 1752/1773/778 1740/1761/838
f 1742/1763/840 1754/1775/780 1753/1774/779 1741/1762/839
f 1743/1764/841 1755/1776/781 1754/1775/780 1742/1763/840
f 1744/1765/842 1756/1777/782 1755/1776/781 1743/1764/841
f 1745/1766/843 1757/1778/783 1756/1777/782 1744/1765/842
f 1746/1767/844 1758/1779/784 1757/1778/783 1745/1766/843
f 1748/1768/773 1616/1533/845 1615/1299/774 1747/1769/774
f 1749/1770/775 1617/1534/847 1616/1533/845 1748/1768/773
f 1750/1771/776 1618/1535/849 1617/1534/847 1749/1770/775
f 1751/1772/777 1619/1536/851 1618/1535/849 1750/1771/776
f 1752/1773/778 1620/1537/853 1619/1536/851 1751/1772/777
f 1753/1774/779 1621/1538/855 1620/1537/853 1752/1773/778
f 1754/1775/780 1622/1539/857 1621/1538/855 1753/1774/779
f 1755/1776/781 1623/1540/859 1622/1539/857 1754/1775/780
f 1756/1777/782 1624/1541/861 1623/1540/859 1755/1776/781
f 1757/1778/783 1625/1542/863 1624/1541/861 1756/1777/782
f 1758/1779/784 1626/1543/784 1625/1542/863 1757/1778/783
f 1760/1445/845 1772/1446/773 1771/1427/774 1759/1301/774
f 1761/1447/847 1773/1448/775 1772/1446/773 1760/1445/845
f 1762/1449/849 1774/1450/776 1773/1448/775 1761/1447/847
f 1763/1451/865 1775/1452/777 1774/1450/776 1762/1449/849
f 1764/1453/866 1776/1454/778 1775/1452/777 1763/1451/865
f 1765/1455/867 1777/1456/779 1776/1454/778 1764/1453/866
f 1766/1457/868 1778/1458/780 1777/1456/779 1765/1455/867
f 1767/1459/859 1779/1460/781 1778/1458/780 1766/1457/868
f 1768/1461/861 1780/1462/782 1779/1460/781 1767/1459/859
f 1769/1463/863 1781/1464/783 1780/1462/782 1768/1461/861
f 1770/1465/784 1782/1466/784 1781/1464/783 1769/1463/863
f 1772/1446/773 1784/1467/690 1783/1429/693 1771/1427/774
f 1773/1448/775 1785/1468/694 1784/1467/690 1772/1446/773
f 1774/1450/776 1786/1469/696 1785/1468/694 1773/1448/775
f 1775/1452/777 1787/1470/698 1786/1469/696 1774/1450/776
f 1776/1454/778 1788/1471/700 1787/1470/698 1775/1452/777
f 1777/1456/779 1789/1472/702 1788/1471/700 1776/1454/778
f 1778/1458/780 1790/1473/704 1789/1472/702 1777/1456/779
f 1779/1460/781 1791/1474/869 1790/1473/704 1778/1458/780
f 1780/1462/782 1792/1475/708 1791/1474/869 1779/1460/781
f 1781/1464/783 1793/1476/710 1792/1475/708 1780/1462/782
f 1782/1466/784 1794/1477/712 1793/1476/710 1781/1464/783
f 1784/1467/690 1796/1478/870 1795/1430/693 1783/1429/693
f 1785/1468/694 1797/1479/871 1796/1478/870 1784/1467/690
f 1786/1469/696 1798/1480/872 1797/1479/871 1785/1468/694
f 1787/1470/698 1799/1481/873 1798/1480/872 1786/1469/696
f 1788/1471/700 1800/1482/874 1799/1481/873 1787/1470/698
f 1789/1472/702 1801/1483/875 1800/1482/874 1788/1471/700
f 1790/1473/704 1802/1484/876 1801/1483/875 1789/1472/702
f 1791/1474/869 1803/1485/877 1802/1484/876 1790/1473/704
f 1792/1475/708 1804/1486/878 1803/1485/877 1791/1474/869
f 1793/1476/710 1805/1487/879 1804/1486/878 1792/1475/708
f 1794/1477/712 1806/1488/712 1805/1487/879 1793/1476/710
f 1796/1478/870 1808/1489/690 1807/1426/693 1795/1430/693
f 1797/1479/871 1809/1490/694 1808/1489/690 1796/1478/870
f 1798/1480/872 1810/1491/696 1809/1490/694 1797/1479/871
f 1799/1481/873 1811/1492/698 1810/1491/696 1798/1480/872
f 1800/1482/874 1812/1493/700 1811/1492/698 1799/1481/873
f 1801/1483/875 1813/1494/702 1812/1493/700 1800/1482/874
f 1802/1484/876 1814/1495/704 1813/1494/702 1801/1483/875
f 1803/1485/877 1815/1496/706 1814/1495/704 1802/1484/876
f 1804/1486/878 1816/1497/708 1815/1496/706 1803/1485/877
f 1805/1487/879 1817/1498/710 1816/1497/708 1804/1486/878
f 1806/1488/712 1818/1499/712 1817/1498/710 1805/1487/879
f 1808/1489/690 1820/1500/785 1819/1425/786 1807/1426/693
f 1809/1490/694 1821/1501/787 1820/1500/785 1808/1489/690
f 1810/1491/696 1822/1502/788 1821/1501/787 1809/1490/694
f 1811/1492/698 1823/1503/789 1822/1502/788 1810/1491/696
f 1812/1493/700 1824/1504/790 1823/1503/789 1811/1492/698
f 1813/1494/702 1825/1505/791 1824/1504/790 1812/1493/700
f 1814/1495/704 1826/1506/792 1825/1505/791 1813/1494/702
f 1815/1496/706 1827/1507/793 1826/1506/792 1814/1495/704
f 1816/1497/708 1828/1508/794 1827/1507/793 1815/1496/706
f 1817/1498/710 1829/1509/795 1828/1508/794 1816/1497/708
f 1818/1499/712 1830/1510/796 1829/1509/795 1817/1498/710
f 1820/1500/785 1832/1511/833 1831/1424/834 1819/1425/786
f 1821/1501/787 1833/1512/835 1832/1511/833 1820/1500/785
f 1822/1502/788 1834/1513/836 1833/1512/835 1821/1501/787
f 1823/1503/789 1835/1514/837 1834/1513/836 1822/1502/788
f 1824/1504/790 1836/1515/838 1835/1514/837 1823/1503/789
f 1825/1505/791 1837/1516/839 1836/1515/838 1824/1504/790
f 1826/1506/792 1838/1517/840 1837/1516/839 1825/1505/791
f 1827/1507/793 1839/1518/841 1838/1517/840 1826/1506/792
f 1828/1508/794 1840/1519/842 1839/1518/841 1827/1507/793
f 1829/1509/795 1841/1520/843 1840/1519/842 1828/1508/794
f 1830/1510/796 1842/1521/844 1841/1520/843 1829/1509/795
f 1832/1511/833 1844/1522/773 1843/1428/774 1831/1424/834
f 1833/1512/835 1845/1523/775 1844/1522/773 1832/1511/833
f 1834/1513/836 1846/1524/776 1845/1523/775 1833/1512/835
f 1835/1514/837 1847/1525/777 1846/1524/776 1834/1513/836
f 1836/1515/838 1848/1526/778 1847/1525/777 1835/1514/837
f 1837/1516/839 1849/1527/779 1848/1526/778 1836/1515/838
f 1838/1517/840 1850/1528/780 1849/1527/779 1837/1516/839
f 1839/1518/841 1851/1529/781 1850/1528/780 1838/1517/840
f 1840/1519/842 1852/1530/782 1851/1529/781 1839/1518/841
f 1841/1520/843 1853/1531/783 1852/1530/782 1840/1519/842
f 1842/1521/844 1854/1532/784 1853/1531/783 1841/1520/843
f 1844/1522/773 1760/1533/845 1759/1299/774 1843/1428/774
f 1845/1523/775 1761/1534/847 1760/1533/845 1844/1522/773
f 1846/1524/776 1762/1535/849 1761/1534/847 1845/1523/775
f 1847/1525/777 1763/1536/865 1762/1535/849 1846/1524/776
f 1848/1526/778 1764/1537/866 1763/1536/865 1847/1525/777
f 1849/1527/779 1765/1538/867 1764/1537/866 1848/1526/778
f 1850/1528/780 1766/1539/868 1765/1538/867 1849/1527/779
f 1851/1529/781 1767/1540/859 1766/1539/868 1850/1528/780
f 1852/1530/782 1768/1541/861 1767/1540/859 1851/1529/781
f 1853/1531/783 1769/1542/863 1768/1541/861 1852/1530/782
f 1854/1532/784 1770/1543/784 1769/1542/863 1853/1531/783
f 1856/1445/690 1868/1708/870 1867/1709/693 1855/1301/693
f 1857/1447/694 1869/1710/871 1868/1708/870 1856/1445/690
f 1858/1449/696 1870/1711/872 1869/1710/871 1857/1447/694
f 1859/1451/698 1871/1712/873 1870/1711/872 1858/1449/696
f 1860/1453/700 1872/1713/874 1871/1712/873 1859/1451/698
f 1861/1455/702 1873/1714/875 1872/1713/874 1860/1453/700
f 1862/1457/704 1874/1715/876 1873/1714/875 1861/1455/702
f 1863/1459/706 1875/1716/877 1874/1715/876 1862/1457/704
f 1864/1461/708 1876/1717/878 1875/1716/877 1863/1459/706
f 1865/1463/710 1877/1718/879 1876/1717/878 1864/1461/708
f 1866/1465/712 1878/1719/712 1877/1718/879 1865/1463/710
f 1868/1708/870 1880/1720/845 1879/1721/774 1867/1709/693
f 1869/1710/871 1881/1722/847 1880/1720/845 1868/1708/870
f 1870/1711/872 1882/1723/849 1881/1722/847 1869/1710/871
f 1871/1712/873 1883/1724/851 1882/1723/849 1870/1711/872
f 1872/1713/874 1884/1725/866 1883/1724/851 1871/1712/873
f 1873/1714/875 1885/1726/867 1884/1725/866 1872/1713/874
f 1874/1715/876 1886/1727/868 1885/1726/867 1873/1714/875
f 1875/1716/877 1887/1728/859 1886/1727/868 1874/1715/876
f 1876/1717/878 1888/1729/861 1887/1728/859 1875/1716/877
f 1877/1718/879 1889/1730/863 1888/1729/861 1876/1717/878
f 1878/1719/712 1890/1731/784 1889/1730/863 1877/1718/879
f 1880/1720/845 1892/1467/773 1891/1429/774 1879/1721/774
f 1881/1722/847 1893/1468/775 1892/1467/773 1880/1720/845
f 1882/1723/849 1894/1469/776 1893/1468/775 1881/1722/847
f 1883/1724/851 1895/1470/777 1894/1469/776 1882/1723/849
f 1884/1725/866 1896/1471/778 1895/1470/777 1883/1724/851
f 1885/1726/867 1897/1472/779 1896/1471/778 1884/1725/866
f 1886/1727/868 1898/1473/780 1897/1472/779 1885/1726/867
f 1887/1728/859 1899/1474/781 1898/1473/780 1886/1727/868
f 1888/1729/861 1900/1475/782 1899/1474/781 1887/1728/859
f 1889/1730/863 1901/1476/783 1900/1475/782 1888/1729/861
f 1890/1731/784 1902/1477/784 1901/1476/783 1889/1730/863
f 1892/1467/773 1904/1544/690 1903/1545/693 1891/1429/774
f 1893/1468/775 1905/1546/694 1904/1544/690 1892/1467/773
f 1894/1469/776 1906/1547/696 1905/1546/694 1893/1468/775
f 1895/1470/777 1907/1548/698 1906/1547/696 1894/1469/776
f 1896/1471/778 1908/1549/700 1907/1548/698 1895/1470/777
f 1897/1472/779 1909/1550/702 1908/1549/700 1896/1471/778
f 1898/1473/780 1910/1551/704 1909/1550/702 1897/1472/779
f 1899/1474/781 1911/1552/706 1910/1551/704 1898/1473/780
f 1900/1475/782 1912/1553/708 1911/1552/706 1899/1474/781
f 1901/1476/783 1913/1554/710 1912/1553/708 1900/1475/782
f 1902/1477/784 1914/1555/712 1913/1554/710 1901/1476/783
f 1904/1544/690 1916/1732/785 1915/1733/786 1903/1545/693
f 1905/1546/694 1917/1734/787 1916/1732/785 1904/1544/690
f 1906/1547/696 1918/1735/788 1917/1734/787 1905/1546/694
f 1907/1548/698 1919/1736/789 1918/1735/788 1906/1547/696
f 1908/1549/700 1920/1737/790 1919/1736/789 1907/1548/698
f 1909/1550/702 1921/1738/791 1920/1737/790 1908/1549/700
f 1910/1551/704 1922/1739/792 1921/1738/791 1909/1550/702
f 1911/1552/706 1923/1740/793 1922/1739/792 1910/1551/704
f 1912/1553/708 1924/1741/794 1923/1740/793 1911/1552/706
f 1913/1554/710 1925/1742/795 1924/1741/794 1912/1553/708
f 1914/1555/712 1926/1743/796 1925/1742/795 1913/1554/710
f 1916/1732/785 1928/1489/833 1927/1426/834 1915/1733/786
f 1917/1734/787 1929/1490/835 1928/1489/833 1916/1732/785
f 1918/1735/788 1930/1491/836 1929/1490/835 1917/1734/787
f 1919/1736/789 1931/1492/837 1930/1491/836 1918/1735/788
f 1920/1737/790 1932/1493/838 1931/1492/837 1919/1736/789
f 1921/1738/791 1933/1494/839 1932/1493/838 1920/1737/790
f 1922/1739/792 1934/1495/840 1933/1494/839 1921/1738/791
f 1923/1740/793 1935/1496/841 1934/1495/840 1922/1739/792
f 1924/1741/794 1936/1497/842 1935/1496/841 1923/1740/793
f 1925/1742/795 1937/1498/843 1936/1497/842 1924/1741/794
f 1926/1743/796 1938/1499/844 1937/1498/843 1925/1742/795
f 1928/1489/833 1940/1744/846 1939/1745/834 1927/1426/834
f 1929/1490/835 1941/1746/848 1940/1744/846 1928/1489/833
f 1930/1491/836 1942/1747/850 1941/1746/848 1929/1490/835
f 1931/1492/837 1943/1748/880 1942/1747/850 1930/1491/836
f 1932/1493/838 1944/1749/881 1943/1748/880 1931/1492/837
f 1933/1494/839 1945/1750/882 1944/1749/881 1932/1493/838
f 1934/1495/840 1946/1751/858 1945/1750/882 1933/1494/839
f 1935/1496/841 1947/1752/860 1946/1751/858 1934/1495/840
f 1936/1497/842 1948/1753/862 1947/1752/860 1935/1496/841
f 1937/1498/843 1949/1754/864 1948/1753/862 1936/1497/842
f 1938/1499/844 1950/1755/844 1949/1754/864 1937/1498/843
f 1940/1744/846 1952/1556/883 1951/1557/786 1939/1745/834
f 1941/1746/848 1953/1558/884 1952/1556/883 1940/1744/846
f 1942/1747/850 1954/1559/885 1953/1558/884 1941/1746/848
f 1943/1748/880 1955/1560/886 1954/1559/885 1942/1747/850
f 1944/1749/881 1956/1561/887 1955/1560/886 1943/1748/880
f 1945/1750/882 1957/1562/888 1956/1561/887 1944/1749/881
f 1946/1751/858 1958/1563/889 1957/1562/888 1945/1750/882
f 1947/1752/860 1959/1564/890 1958/1563/889 1946/1751/858
f 1948/1753/862 1960/1565/891 1959/1564/890 1947/1752/860
f 1949/1754/864 1961/1566/892 1960/1565/891 1948/1753/862
f 1950/1755/844 1962/1567/796 1961/1566/892 1949/1754/864
f 1952/1556/883 1964/1511/785 1963/1424/786 1951/1557/786
f 1953/1558/884 1965/1512/787 1964/1511/785 1952/1556/883
f 1954/1559/885 1966/1513/788 1965/1512/787 1953/1558/884
f 1955/1560/886 1967/1514/789 1966/1513/788 1954/1559/885
f 1956/1561/887 1968/1515/790 1967/1514/789 1955/1560/886
f 1957/1562/888 1969/1516/791 1968/1515/790 1956/1561/887
f 1958/1563/889 1970/1517/792 1969/1516/791 1957/1562/888
f 1959/1564/890 1971/1518/793 1970/1517/792 1958/1563/889
f 1960/1565/891 1972/1519/794 1971/1518/793 1959/1564/890
f 1961/1566/892 1973/1520/795 1972/1519/794 1960/1565/891
f 1962/1567/796 1974/1521/796 1973/1520/795 1961/1566/892
f 1964/1511/785 1976/1756/833 1975/1757/834 1963/1424/786
f 1965/1512/787 1977/1758/835 1976/1756/833 1964/1511/785
f 1966/1513/788 1978/1759/836 1977/1758/835 1965/1512/787
f 1967/1514/789 1979/1760/837 1978/1759/836 1966/1513/788
f 1968/1515/790 1980/1761/838 1979/1760/837 1967/1514/789
f 1969/1516/791 1981/1762/839 1980/1761/838 1968/1515/790
f 1970/1517/792 1982/1763/840 1981/1762/839 1969/1516/791
f 1971/1518/793 1983/1764/841 1982/1763/840 1970/1517/792
f 1972/1519/794 1984/1765/842 1983/1764/841 1971/1518/793
f 1973/1520/795 1985/1766/843 1984/1765/842 1972/1519/794
f 1974/1521/796 1986/1767/844 1985/1766/843 1973/1520/795
f 1976/1756/833 1988/1768/773 1987/1769/774 1975/1757/834
f 1977/1758/835 1989/1770/775 1988/1768/773 1976/1756/833
f 1978/1759/836 1990/1771/776 1989/1770/775 1977/1758/835
f 1979/1760/837 1991/1772/777 1990/1771/776 1978/1759/836
f 1980/1761/838 1992/1773/778 1991/1772/777 1979/1760/837
f 1981/1762/839 1993/1774/779 1992/1773/778 1980/1761/838
f 1982/1763/840 1994/1775/780 1993/1774/779 1981/1762/839
f 1983/1764/841 1995/1776/781 1994/1775/780 1982/1763/840
f 1984/1765/842 1996/1777/782 1995/1776/781 1983/1764/841
f 1985/1766/843 1997/1778/783 1996/1777/782 1984/1765/842
f 1986/1767/844 1998/1779/784 1997/1778/783 1985/1766/843
f 1988/1768/773 1856/1533/690 1855/1299/693 1987/1769/774
f 1989/1770/775 1857/1534/694 1856/1533/690 1988/1768/773
f 1990/1771/776 1858/1535/696 1857/1534/694 1989/1770/775
f 1991/1772/777 1859/1536/698 1858/1535/696 1990/1771/776
f 1992/1773/778 1860/1537/700 1859/1536/698 1991/1772/777
f 1993/1774/779 1861/1538/702 1860/1537/700 1992/1773/778
f 1994/1775/780 1862/1539/704 1861/1538/702 1993/1774/779
f 1995/1776/781 1863/1540/706 1862/1539/704 1994/1775/780
f 1996/1777/782 1864/1541/708 1863/1540/706 1995/1776/781
f 1997/1778/783 1865/1542/710 1864/1541/708 1996/1777/782
f 1998/1779/784 1866/1543/712 1865/1542/710 1997/1778/783
f 2000/1445/893 2012/1780/894 2011/1781/895 1999/1301/896
f 2001/1447/897 2013/1782/898 2012/1780/894 2000/1445/893
f 2002/1449/899 2014/1783/900 2013/1782/898 2001/1447/897
f 2003/1451/901 2015/1784/902 2014/1783/900 2002/1449/899
f 2004/1453/903 2016/1785/904 2015/1784/902 2003/1451/901
f 2005/1455/905 2017/1786/906 2016/1785/904 2004/1453/903
f 2006/1457/907 2018/1787/908 2017/1786/906 2005/1455/905
f 2007/1459/909 2019/1788/910 2018/1787/908 2006/1457/907
f 2008/1461/911 2020/1789/912 2019/1788/910 2007/1459/909
f 2009/1463/913 2021/1790/914 2020/1789/912 2008/1461/911
f 2010/1465/915 2022/1791/916 2021/1790/914 2009/1463/913
f 2012/1780/894 2024/1792/773 2023/1793/774 2011/1781/895
f 2013/1782/898 2025/1794/775 2024/1792/773 2012/1780/894
f 2014/1783/900 2026/1795/776 2025/1794/775 2013/1782/898
f 2015/1784/902 2027/1796/777 2026/1795/776 2014/1783/900
f 2016/1785/904 2028/1797/778 2027/1796/777 2015/1784/902
f 2017/1786/906 2029/1798/779 2028/1797/778 2016/1785/904
f 2018/1787/908 2030/1799/780 2029/1798/779 2017/1786/906
f 2019/1788/910 2031/1800/781 2030/1799/780 2018/1787/908
f 2020/1789/912 2032/1801/782 2031/1800/781 2019/1788/910
f 2021/1790/914 2033/1802/783 2032/1801/782 2020/1789/912
f 2022/1791/916 2034/1803/784 2033/1802/783 2021/1790/914
f 2024/1792/773 2036/1544/690 2035/1545/693 2023/1793/774
f 2025/1794/775 2037/1546/694 2036/1544/690 2024/1792/773
f 2026/1795/776 2038/1547/696 2037/1546/694 2025/1794/775
f 2027/1796/777 2039/1548/698 2038/1547/696 2026/1795/776
f 2028/1797/778 2040/1549/700 2039/1548/698 2027/1796/777
f 2029/1798/779 2041/1550/702 2040/1549/700 2028/1797/778
f 2030/1799/780 2042/1551/704 2041/1550/702 2029/1798/779
f 2031/1800/781 2043/1552/706 2042/1551/704 2030/1799/780
f 2032/1801/782 2044/1553/708 2043/1552/706 2031/1800/781
f 2033/1802/783 2045/1554/710 2044/1553/708 2032/1801/782
f 2034/1803/784 2046/1555/712 2045/1554/710 2033/1802/783
f 2036/1544/690 2048/1804/917 2047/1805/918 2035/1545/693
f 2037/1546/694 2049/1806/919 2048/1804/917 2036/1544/690
f 2038/1547/696 2050/1807/920 2049/1806/919 2037/1546/694
f 2039/1548/698 2051/1808/921 2050/1807/920 2038/1547/696
f 2040/1549/700 2052/1809/922 2051/1808/921 2039/1548/698
f 2041/1550/702 2053/1810/923 2052/1809/922 2040/1549/700
f 2042/1551/704 2054/1811/924 2053/1810/923 2041/1550/702
f 2043/1552/706 2055/1812/925 2054/1811/924 2042/1551/704
f 2044/1553/708 2056/1813/926 2055/1812/925 2043/1552/706
f 2045/1554/710 2057/1814/927 2056/1813/926 2044/1553/708
f 2046/1555/712 2058/1815/928 2057/1814/927 2045/1554/710
f 2048/1804/917 2060/1816/929 2059/1817/930 2047/1805/918
f 2049/1806/919 2061/1818/931 2060/1816/929 2048/1804/917
f 2050/1807/920 2062/1819/932 2061/1818/931 2049/1806/919
f 2051/1808/921 2063/1820/933 2062/1819/932 2050/1807/920
f 2052/1809/922 2064/1821/934 2063/1820/933 2051/1808/921
f 2053/1810/923 2065/1822/935 2064/1821/934 2052/1809/922
f 2054/1811/924 2066/1823/936 2065/1822/935 2053/1810/923
f 2055/1812/925 2067/1824/937 2066/1823/936 2054/1811/924
f 2056/1813/926 2068/1825/938 2067/1824/937 2055/1812/925
f 2057/1814/927 2069/1826/939 2068/1825/938 2056/1813/926
f 2058/1815/928 2070/1827/940 2069/1826/939 2057/1814/927
f 2060/1816/929 2072/1556/941 2071/1557/942 2059/1817/930
f 2061/1818/931 2073/1558/943 2072/1556/941 2060/1816/929
f 2062/1819/932 2074/1559/944 2073/1558/943 2061/1818/931
f 2063/1820/933 2075/1560/945 2074/1559/944 2062/1819/932
f 2064/1821/934 2076/1561/946 2075/1560/945 2063/1820/933
f 2065/1822/935 2077/1562/947 2076/1561/946 2064/1821/934
f 2066/1823/936 2078/1563/948 2077/1562/947 2065/1822/935
f 2067/1824/937 2079/1564/949 2078/1563/948 2066/1823/936
f 2068/1825/938 2080/1565/950 2079/1564/949 2067/1824/937
f 2069/1826/939 2081/1566/951 2080/1565/950 2068/1825/938
f 2070/1827/940 2082/1567/952 2081/1566/951 2069/1826/939
f 2072/1556/941 2084/1828/953 2083/1829/954 2071/1557/942
f 2073/1558/943 2085/1830/955 2084/1828/953 2072/1556/941
f 2074/1559/944 2086/1831/956 2085/1830/955 2073/1558/943
f 2075/1560/945 2087/1832/957 2086/1831/956 2074/1559/944
f 2076/1561/946 2088/1833/958 2087/1832/957 2075/1560/945
f 2077/1562/947 2089/1834/959 2088/1833/958 2076/1561/946
f 2078/1563/948 2090/1835/960 2089/1834/959 2077/1562/947
f 2079/1564/949 2091/1836/961 2090/1835/960 2078/1563/948
f 2080/1565/950 2092/1837/962 2091/1836/961 2079/1564/949
f 2081/1566/951 2093/1838/963 2092/1837/962 2080/1565/950
f 2082/1567/952 2094/1839/964 2093/1838/963 2081/1566/951
f 2084/1828/953 2096/1840/965 2095/1841/966 2083/1829/954
f 2085/1830/955 2097/1842/967 2096/1840/965 2084/1828/953
f 2086/1831/956 2098/1843/968 2097/1842/967 2085/1830/955
f 2087/1832/957 2099/1844/969 2098/1843/968 2086/1831/956
f 2088/1833/958 2100/1845/970 2099/1844/969 2087/1832/957
f 2089/1834/959 2101/1846/971 2100/1845/970 2088/1833/958
f 2090/1835/960 2102/1847/972 2101/1846/971 2089/1834/959
f 2091/1836/961 2103/1848/973 2102/1847/972 2090/1835/960
f 2092/1837/962 2104/1849/974 2103/1848/973 2091/1836/961
f 2093/1838/963 2105/1850/975 2104/1849/974 2092/1837/962
f 2094/1839/964 2106/1851/976 2105/1850/975 2093/1838/963
f 2096/1840/965 2000/1533/893 1999/1299/896 2095/1841/966
f 2097/1842/967 2001/1534/897 2000/1533/893 2096/1840/965
f 2098/1843/968 2002/1535/899 2001/1534/897 2097/1842/967
f 2099/1844/969 2003/1536/901 2002/1535/899 2098/1843/968
f 2100/1845/970 2004/1537/903 2003/1536/901 2099/1844/969
f 2101/1846/971 2005/1538/905 2004/1537/903 2100/1845/970
f 2102/1847/972 2006/1539/907 2005/1538/905 2101/1846/971
f 2103/1848/973 2007/1540/909 2006/1539/907 2102/1847/972
f 2104/1849/974 2008/1541/911 2007/1540/909 2103/1848/973
f 2105/1850/975 2009/1542/913 2008/1541/911 2104/1849/974
f 2106/1851/976 2010/1543/915 2009/1542/913 2105/1850/975
f 2108/1445/977 2120/1852/978 2119/1853/979 2107/1301/980
f 2109/1447/981 2121/1854/982 2120/1852/978 2108/1445/977
f 2110/1449/983 2122/1855/984 2121/1854/982 2109/1447/981
f 2111/1451/985 2123/1856/986 2122/1855/984 2110/1449/983
f 2112/1453/987 2124/1857/988 2123/1856/986 2111/1451/985
f 2113/1455/989 2125/1858/990 2124/1857/988 2112/1453/987
f 2114/1457/991 2126/1859/992 2125/1858/990 2113/1455/989
f 2115/1459/993 2127/1860/994 2126/1859/992 2114/1457/991
f 2116/1461/995 2128/1861/996 2127/1860/994 2115/1459/993
f 2117/1463/997 2129/1862/998 2128/1861/996 2116/1461/995
f 2118/1465/999 2130/1863/1000 2129/1862/998 2117/1463/997
f 2120/1852/978 2132/1864/1001 2131/1865/1002 2119/1853/979
f 2121/1854/982 2133/1866/1003 2132/1864/1001 2120/1852/978
f 2122/1855/984 2134/1867/1004 2133/1866/1003 2121/1854/982
f 2123/1856/986 2135/1868/1005 2134/1867/1004 2122/1855/984
f 2124/1857/988 2136/1869/1006 2135/1868/1005 2123/1856/986
f 2125/1858/990 2137/1870/1007 2136/1869/1006 2124/1857/988
f 2126/1859/992 2138/1871/1008 2137/1870/1007 2125/1858/990
f 2127/1860/994 2139/1872/1009 2138/1871/1008 2126/1859/992
f 2128/1861/996 2140/1873/1010 2139/1872/1009 2127/1860/994
f 2129/1862/998 2141/1874/1011 2140/1873/1010 2128/1861/996
f 2130/1863/1000 2142/1875/1012 2141/1874/1011 2129/1862/998
f 2132/1864/1001 2144/1876/1013 2143/1877/1014 2131/1865/1002
f 2133/1866/1003 2145/1878/1015 2144/1876/1013 2132/1864/1001
f 2134/1867/1004 2146/1879/1016 2145/1878/1015 2133/1866/1003
f 2135/1868/1005 2147/1880/1017 2146/1879/1016 2134/1867/1004
f 2136/1869/1006 2148/1881/1018 2147/1880/1017 2135/1868/1005
f 2137/1870/1007 2149/1882/1019 2148/1881/1018 2136/1869/1006
f 2138/1871/1008 2150/1883/1020 2149/1882/1019 2137/1870/1007
f 2139/1872/1009 2151/1884/1021 2150/1883/1020 2138/1871/1008
f 2140/1873/1010 2152/1885/1022 2151/1884/1021 2139/1872/1009
f 2141/1874/1011 2153/1886/1023 2152/1885/1022 2140/1873/1010
f 2142/1875/1012 2154/1887/1024 2153/1886/1023 2141/1874/1011
f 2144/1876/1013 2156/1888/1025 2155/1889/1026 2143/1877/1014
f 2145/1878/1015 2157/1890/1027 2156/1888/1025 2144/1876/1013
f 2146/1879/1016 2158/1891/1028 2157/1890/1027 2145/1878/1015
f 2147/1880/1017 2159/1892/1029 2158/1891/1028 2146/1879/1016
f 2148/1881/1018 2160/1893/1030 2159/1892/1029 2147/1880/1017
f 2149/1882/1019 2161/1894/1031 2160/1893/1030 2148/1881/1018
f 2150/1883/1020 2162/1895/1032 2161/1894/1031 2149/1882/1019
f 2151/1884/1021 2163/1896/1033 2162/1895/1032 2150/1883/1020
f 2152/1885/1022 2164/1897/1034 2163/1896/1033 2151/1884/1021
f 2153/1886/1023 2165/1898/1035 2164/1897/1034 2152/1885/1022
f 2154/1887/1024 2166/1899/1036 2165/1898/1035 2153/1886/1023
f 2156/1888/1025 2168/1900/1037 2167/1901/1038 2155/1889/1026
f 2157/1890/1027 2169/1902/1039 2168/1900/1037 2156/1888/1025
f 2158/1891/1028 2170/1903/1040 2169/1902/1039 2157/1890/1027
f 2159/1892/1029 2171/1904/1041 2170/1903/1040 2158/1891/1028
f 2160/1893/1030 2172/1905/1042 2171/1904/1041 2159/1892/1029
f 2161/1894/1031 2173/1906/1043 2172/1905/1042 2160/1893/1030
f 2162/1895/1032 2174/1907/1044 2173/1906/1043 2161/1894/1031
f 2163/1896/1033 2175/1908/1045 2174/1907/1044 2162/1895/1032
f 2164/1897/1034 2176/1909/1046 2175/1908/1045 2163/1896/1033
f 2165/1898/1035 2177/1910/1047 2176/1909/1046 2164/1897/1034
f 2166/1899/1036 2178/1911/1048 2177/1910/1047 2165/1898/1035
f 2168/1900/1037 2180/1912/1049 2179/1913/1050 2167/1901/1038
f 2169/1902/1039 2181/1914/1051 2180/1912/1049 2168/1900/1037
f 2170/1903/1040 2182/1915/1052 2181/1914/1051 2169/1902/1039
f 2171/1904/1041 2183/1916/1053 2182/1915/1052 2170/1903/1040
f 2172/1905/1042 2184/1917/1054 2183/1916/1053 2171/1904/1041
f 2173/1906/1043 2185/1918/1055 2184/1917/1054 2172/1905/1042
f 2174/1907/1044 2186/1919/1056 2185/1918/1055 2173/1906/1043
f 2175/1908/1045 2187/1920/1057 2186/1919/1056 2174/1907/1044
f 2176/1909/1046 2188/1921/1058 2187/1920/1057 2175/1908/1045
f 2177/1910/1047 2189/1922/1059 2188/1921/1058 2176/1909/1046
f 2178/1911/1048 2190/1923/1060 2189/1922/1059 2177/1910/1047
f 2180/1912/1049 2192/1924/1061 2191/1925/1062 2179/1913/1050
f 2181/1914/1051 2193/1926/1063 2192/1924/1061 2180/1912/1049
f 2182/1915/1052 2194/1927/1064 2193/1926/1063 2181/1914/1051
f 2183/1916/1053 2195/1928/1065 2194/1927/1064 2182/1915/1052
f 2184/1917/1054 2196/1929/1066 2195/1928/1065 2183/1916/1053
f 2185/1918/1055 2197/1930/1067 2196/1929/1066 2184/1917/1054
f 2186/1919/1056 2198/1931/1068 2197/1930/1067 2185/1918/1055
f 2187/1920/1057 2199/1932/1069 2198/1931/1068 2186/1919/1056
f 2188/1921/1058 2200/1933/1070 2199/1932/1069 2187/1920/1057
f 2189/1922/1059 2201/1934/1071 2200/1933/1070 2188/1921/1058
f 2190/1923/1060 2202/1935/1072 2201/1934/1071 2189/1922/1059
f 2192/1924/1061 2204/1936/1073 2203/1937/1074 2191/1925/1062
f 2193/1926/1063 2205/1938/1075 2204/1936/1073 2192/1924/1061
f 2194/1927/1064 2206/1939/1076 2205/1938/1075 2193/1926/1063
f 2195/1928/1065 2207/1940/1077 2206/1939/1076 2194/1927/1064
f 2196/1929/1066 2208/1941/1078 2207/1940/1077 2195/1928/1065
f 2197/1930/1067 2209/1942/1079 2208/1941/1078 2196/1929/1066
f 2198/1931/1068 2210/1943/1080 2209/1942/1079 2197/1930/1067
f 2199/1932/1069 2211/1944/1081 2210/1943/1080 2198/1931/1068
f 2200/1933/1070 2212/1945/1082 2211/1944/1081 2199/1932/1069
f 2201/1934/1071 2213/1946/1083 2212/1945/1082 2200/1933/1070
f 2202/1935/1072 2214/1947/1084 2213/1946/1083 2201/1934/1071
f 2204/1936/1073 2216/1948/1085 2215/1949/1086 2203/1937/1074
f 2205/1938/1075 2217/1950/1087 2216/1948/1085 2204/1936/1073
f 2206/1939/1076 2218/1951/1088 2217/1950/1087 2205/1938/1075
f 2207/1940/1077 2219/1952/1089 2218/1951/1088 2206/1939/1076
f 2208/1941/1078 2220/1953/1090 2219/1952/1089 2207/1940/1077
f 2209/1942/1079 2221/1954/1091 2220/1953/1090 2208/1941/1078
f 2210/1943/1080 2222/1955/1092 2221/1954/1091 2209/1942/1079
f 2211/1944/1081 2223/1956/1093 2222/1955/1092 2210/1943/1080
f 2212/1945/1082 2224/1957/1094 2223/1956/1093 2211/1944/1081
f 2213/1946/1083 2225/1958/1095 2224/1957/1094 2212/1945/1082
f 2214/1947/1084 2226/1959/1096 2225/1958/1095 2213/1946/1083
f 2216/1948/1085 2228/1960/1097 2227/1961/1098 2215/1949/1086
f 2217/1950/1087 2229/1962/1099 2228/1960/1097 2216/1948/1085
f 2218/1951/1088 2230/1963/1100 2229/1962/1099 2217/1950/1087
f 2219/1952/1089 2231/1964/1101 2230/1963/1100 2218/1951/1088
f 2220/1953/1090 2232/1965/1102 2231/1964/1101 2219/1952/1089
f 2221/1954/1091 2233/1966/1103 2232/1965/1102 2220/1953/1090
f 2222/1955/1092 2234/1967/1104 2233/1966/1103 2221/1954/1091
f 2223/1956/1093 2235/1968/1105 2234/1967/1104 2222/1955/1092
f 2224/1957/1094 2236/1969/1106 2235/1968/1105 2223/1956/1093
f 2225/1958/1095 2237/1970/1107 2236/1969/1106 2224/1957/1094
f 2226/1959/1096 2238/1971/1108 2237/1970/1107 2225/1958/1095
f 2228/1960/1097 2240/1972/1109 2239/1973/1110 2227/1961/1098
f 2229/1962/1099 2241/1974/1111 2240/1972/1109 2228/1960/1097
f 2230/1963/1100 2242/1975/1112 2241/1974/1111 2229/1962/1099
f 2231/1964/1101 2243/1976/1113 2242/1975/1112 2230/1963/1100
f 2232/1965/1102 2244/1977/1114 2243/1976/1113 2231/1964/1101
f 2233/1966/1103 2245/1978/1115 2244/1977/1114 2232/1965/1102
f 2234/1967/1104 2246/1979/1116 2245/1978/1115 2233/1966/1103
f 2235/1968/1105 2247/1980/1117 2246/1979/1116 2234/1967/1104
f 2236/1969/1106 2248/1981/1118 2247/1980/1117 2235/1968/1105
f 2237/1970/1107 2249/1982/1119 2248/1981/1118 2236/1969/1106
f 2238/1971/1108 2250/1983/1120 2249/1982/1119 2237/1970/1107
f 2240/1972/1109 2252/1984/1121 2251/1985/1122 2239/1973/1110
f 2241/1974/1111 2253/1986/1123 2252/1984/1121 2240/1972/1109
f 2242/1975/1112 2254/1987/1124 2253/1986/1123 2241/1974/1111
f 2243/1976/1113 2255/1988/1125 2254/1987/1124 2242/1975/1112
f 2244/1977/1114 2256/1989/1126 2255/1988/1125 2243/1976/1113
f 2245/1978/1115 2257/1990/1127 2256/1989/1126 2244/1977/1114
f 2246/1979/1116 2258/1991/1128 2257/1990/1127 2245/1978/1115
f 2247/1980/1117 2259/1992/1129 2258/1991/1128 2246/1979/1116
f 2248/1981/1118 2260/1993/1130 2259/1992/1129 2247/1980/1117
f 2249/1982/1119 2261/1994/1131 2260/1993/1130 2248/1981/1118
f 2250/1983/1120 2262/1995/1132 2261/1994/1131 2249/1982/1119
f 2252/1984/1121 2264/1996/1133 2263/1997/1134 2251/1985/1122
f 2253/1986/1123 2265/1998/1135 2264/1996/1133 2252/1984/1121
f 2254/1987/1124 2266/1999/1136 2265/1998/1135 2253/1986/1123
f 2255/1988/1125 2267/2000/1137 2266/1999/1136 2254/1987/1124
f 2256/1989/1126 2268/2001/1138 2267/2000/1137 2255/1988/1125
f 2257/1990/1127 2269/2002/1139 2268/2001/1138 2256/1989/1126
f 2258/1991/1128 2270/2003/1140 2269/2002/1139 2257/1990/1127
f 2259/1992/1129 2271/2004/1141 2270/2003/1140 2258/1991/1128
f 2260/1993/1130 2272/2005/1142 2271/2004/1141 2259/1992/1129
f 2261/1994/1131 2273/2006/1143 2272/2005/1142 2260/1993/1130
f 2262/1995/1132 2274/2007/1144 2273/2006/1143 2261/1994/1131
f 2264/1996/1133 2276/2008/1145 2275/2009/1146 2263/1997/1134
f 2265/1998/1135 2277/2010/1147 2276/2008/1145 2264/1996/1133
f 2266/1999/1136 2278/2011/1148 2277/2010/1147 2265/1998/1135
f 2267/2000/1137 2279/2012/1149 2278/2011/1148 2266/1999/1136
f 2268/2001/1138 2280/2013/1150 2279/2012/1149 2267/2000/1137
f 2269/2002/1139 2281/2014/1151 2280/2013/1150 2268/2001/1138
f 2270/2003/1140 2282/2015/1152 2281/2014/1151 2269/2002/1139
f 2271/2004/1141 2283/2016/1153 2282/2015/1152 2270/2003/1140
f 2272/2005/1142 2284/2017/1154 2283/2016/1153 2271/2004/1141
f 2273/2006/1143 2285/2018/1155 2284/2017/1154 2272/2005/1142
f 2274/2007/1144 2286/2019/1156 2285/2018/1155 2273/2006/1143
f 2276/2008/1145 2288/2020/1157 2287/2021/1158 2275/2009/1146
f 2277/2010/1147 2289/2022/1159 2288/2020/1157 2276/2008/1145
f 2278/2011/1148 2290/2023/1160 2289/2022/1159 2277/2010/1147
f 2279/2012/1149 2291/2024/1161 2290/2023/1160 2278/2011/1148
f 2280/2013/1150 2292/2025/1162 2291/2024/1161 2279/2012/1149
f 2281/2014/1151 2293/2026/1163 2292/2025/1162 2280/2013/1150
f 2282/2015/1152 2294/2027/1164 2293/2026/1163 2281/2014/1151
f 2283/2016/1153 2295/2028/1165 2294/2027/1164 2282/2015/1152
f 2284/2017/1154 2296/2029/1166 2295/2028/1165 2283/2016/1153
f 2285/2018/1155 2297/2030/1167 2296/2029/1166 2284/2017/1154
f 2286/2019/1156 2298/2031/1168 2297/2030/1167 2285/2018/1155
f 2288/2020/1157 2300/2032/1169 2299/2033/1170 2287/2021/1158
f 2289/2022/1159 2301/2034/1171 2300/2032/1169 2288/2020/1157
f 2290/2023/1160 2302/2035/1172 2301/2034/1171 2289/2022/1159
f 2291/2024/1161 2303/2036/1173 2302/2035/1172 2290/2023/1160
f 2292/2025/1162 2304/2037/1174 2303/2036/1173 2291/2024/1161
f 2293/2026/1163 2305/2038/1175 2304/2037/1174 2292/2025/1162
f 2294/2027/1164 2306/2039/1176 2305/2038/1175 2293/2026/1163
f 2295/2028/1165 2307/2040/1177 2306/2039/1176 2294/2027/1164
f 2296/2029/1166 2308/2041/1178 2307/2040/1177 2295/2028/1165
f 2297/2030/1167 2309/2042/1179 2308/2041/1178 2296/2029/1166
f 2298/2031/1168 2310/2043/1180 2309/2042/1179 2297/2030/1167
f 2300/2032/1169 2312/2044/1181 2311/2045/1182 2299/2033/1170
f 2301/2034/1171 2313/2046/1183 2312/2044/1181 2300/2032/1169
f 2302/2035/1172 2314/2047/1184 2313/2046/1183 2301/2034/1171
f 2303/2036/1173 2315/2048/1185 2314/2047/1184 2302/2035/1172
f 2304/2037/1174 2316/2049/1186 2315/2048/1185 2303/2036/1173
f 2305/2038/1175 2317/2050/1187 2316/2049/1186 2304/2037/1174
f 2306/2039/1176 2318/2051/1188 2317/2050/1187 2305/2038/1175
f 2307/2040/1177 2319/2052/1189 2318/2051/1188 2306/2039/1176
f 2308/2041/1178 2320/2053/1190 2319/2052/1189 2307/2040/1177
f 2309/2042/1179 2321/2054/1191 2320/2053/1190 2308/2041/1178
f 2310/2043/1180 2322/2055/1192 2321/2054/1191 2309/2042/1179
f 2312/2044/1181 2324/2056/1193 2323/2057/1194 2311/2045/1182
f 2313/2046/1183 2325/2058/1195 2324/2056/1193 2312/2044/1181
f 2314/2047/1184 2326/2059/1196 2325/2058/1195 2313/2046/1183
f 2315/2048/1185 2327/2060/1197 2326/2059/1196 2314/2047/1184
f 2316/2049/1186 2328/2061/1198 2327/2060/1197 2315/2048/1185
f 2317/2050/1187 2329/2062/1199 2328/2061/1198 2316/2049/1186
f 2318/2051/1188 2330/2063/1200 2329/2062/1199 2317/2050/1187
f 2319/2052/1189 2331/2064/1201 2330/2063/1200 2318/2051/1188
f 2320/2053/1190 2332/2065/1202 2331/2064/1201 2319/2052/1189
f 2321/2054/1191 2333/2066/1203 2332/2065/1202 2320/2053/1190
f 2322/2055/1192 2334/2067/1204 2333/2066/1203 2321/2054/1191
f 2324/2056/1193 2336/2068/1205 2335/2069/1206 2323/2057/1194
f 2325/2058/1195 2337/2070/1207 2336/2068/1205 2324/2056/1193
f 2326/2059/1196 2338/2071/1208 2337/2070/1207 2325/2058/1195
f 2327/2060/1197 2339/2072/1209 2338/2071/1208 2326/2059/1196
f 2328/2061/1198 2340/2073/1210 2339/2072/1209 2327/2060/1197
f 2329/2062/1199 2341/2074/1211 2340/2073/1210 2328/2061/1198
f 2330/2063/1200 2342/2075/1212 2341/2074/1211 2329/2062/1199
f 2331/2064/1201 2343/2076/1213 2342/2075/1212 2330/2063/1200
f 2332/2065/1202 2344/2077/1214 2343/2076/1213 2331/2064/1201
f 2333/2066/1203 2345/2078/1215 2344/2077/1214 2332/2065/1202
f 2334/2067/1204 2346/2079/1216 2345/2078/1215 2333/2066/1203
f 2336/2068/1205 2348/2080/1217 2347/2081/1218 2335/2069/1206
f 2337/2070/1207 2349/2082/1219 2348/2080/1217 2336/2068/1205
f 2338/2071/1208 2350/2083/1220 2349/2082/1219 2337/2070/1207
f 2339/2072/1209 2351/2084/1221 2350/2083/1220 2338/2071/1208
f 2340/2073/1210 2352/2085/1222 2351/2084/1221 2339/2072/1209
f 2341/2074/1211 2353/2086/1223 2352/2085/1222 2340/2073/1210
f 2342/2075/1212 2354/2087/1224 2353/2086/1223 2341/2074/1211
f 2343/2076/1213 2355/2088/1225 2354/2087/1224 2342/2075/1212
f 2344/2077/1214 2356/2089/1226 2355/2088/1225 2343/2076/1213
f 2345/2078/1215 2357/2090/1227 2356/2089/1226 2344/2077/1214
f 2346/2079/1216 2358/2091/1228 2357/2090/1227 2345/2078/1215
f 2348/2080/1217 2360/2092/1229 2359/2093/1230 2347/2081/1218
f 2349/2082/1219 2361/2094/1231 2360/2092/1229 2348/2080/1217
f 2350/2083/1220 2362/2095/1232 2361/2094/1231 2349/2082/1219
f 2351/2084/1221 2363/2096/1233 2362/2095/1232 2350/2083/1220
f 2352/2085/1222 2364/2097/1234 2363/2096/1233 2351/2084/1221
f 2353/2086/1223 2365/2098/1235 2364/2097/1234 2352/2085/1222
f 2354/2087/1224 2366/2099/1236 2365/2098/1235 2353/2086/1223
f 2355/2088/1225 2367/2100/1237 2366/2099/1236 2354/2087/1224
f 2356/2089/1226 2368/2101/1238 2367/2100/1237 2355/2088/1225
f 2357/2090/1227 2369/2102/1239 2368/2101/1238 2356/2089/1226
f 2358/2091/1228 2370/2103/1240 2369/2102/1239 2357/2090/1227
f 2360/2092/1229 2372/2104/1241 2371/2105/1242 2359/2093/1230
f 2361/2094/1231 2373/2106/1243 2372/2104/1241 2360/2092/1229
f 2362/2095/1232 2374/2107/1244 2373/2106/1243 2361/2094/1231
f 2363/2096/1233 2375/2108/1245 2374/2107/1244 2362/2095/1232
f 2364/2097/1234 2376/2109/1246 2375/2108/1245 2363/2096/1233
f 2365/2098/1235 2377/2110/1247 2376/2109/1246 2364/2097/1234
f 2366/2099/1236 2378/2111/1248 2377/2110/1247 2365/2098/1235
f 2367/2100/1237 2379/2112/1249 2378/2111/1248 2366/2099/1236
f 2368/2101/1238 2380/2113/1250 2379/2112/1249 2367/2100/1237
f 2369/2102/1239 2381/2114/1251 2380/2113/1250 2368/2101/1238
f 2370/2103/1240 2382/2115/1252 2381/2114/1251 2369/2102/1239
f 2372/2104/1241 2384/2116/1253 2383/2117/1254 2371/2105/1242
f 2373/2106/1243 2385/2118/1255 2384/2116/1253 2372/2104/1241
f 2374/2107/1244 2386/2119/1256 2385/2118/1255 2373/2106/1243
f 2375/2108/1245 2387/2120/1257 2386/2119/1256 2374/2107/1244
f 2376/2109/1246 2388/2121/1258 2387/2120/1257 2375/2108/1245
f 2377/2110/1247 2389/2122/1259 2388/2121/1258 2376/2109/1246
f 2378/2111/1248 2390/2123/1260 2389/2122/1259 2377/2110/1247
f 2379/2112/1249 2391/2124/1261 2390/2123/1260 2378/2111/1248
f 2380/2113/1250 2392/2125/1262 2391/2124/1261 2379/2112/1249
f 2381/2114/1251 2393/2126/1263 2392/2125/1262 2380/2113/1250
f 2382/2115/1252 2394/2127/1264 2393/2126/1263 2381/2114/1251
f 2384/2116/1253 2396/2128/1265 2395/2129/1266 2383/2117/1254
f 2385/2118/1255 2397/2130/1267 2396/2128/1265 2384/2116/1253
f 2386/2119/1256 2398/2131/1268 2397/2130/1267 2385/2118/1255
f 2387/2120/1257 2399/2132/1269 2398/2131/1268 2386/2119/1256
f 2388/2121/1258 2400/2133/1270 2399/2132/1269 2387/2120/1257
f 2389/2122/1259 2401/2134/1271 2400/2133/1270 2388/2121/1258
f 2390/2123/1260 2402/2135/1272 2401/2134/1271 2389/2122/1259
f 2391/2124/1261 2403/2136/1273 2402/2135/1272 2390/2123/1260
f 2392/2125/1262 2404/2137/1274 2403/2136/1273 2391/2124/1261
f 2393/2126/1263 2405/2138/1275 2404/2137/1274 2392/2125/1262
f 2394/2127/1264 2406/2139/1276 2405/2138/1275 2393/2126/1263
f 2396/2128/1265 2408/2140/1277 2407/2141/1278 2395/2129/1266
f 2397/2130/1267 2409/2142/1279 2408/2140/1277 2396/2128/1265
f 2398/2131/1268 2410/2143/1280 2409/2142/1279 2397/2130/1267
f 2399/2132/1269 2411/2144/1281 2410/2143/1280 2398/2131/1268
f 2400/2133/1270 2412/2145/1282 2411/2144/1281 2399/2132/1269
f 2401/2134/1271 2413/2146/1283 2412/2145/1282 2400/2133/1270
f 2402/2135/1272 2414/2147/1284 2413/2146/1283 2401/2134/1271
f 2403/2136/1273 2415/2148/1285 2414/2147/1284 2402/2135/1272
f 2404/2137/1274 2416/2149/1286 2415/2148/1285 2403/2136/1273
f 2405/2138/1275 2417/2150/1287 2416/2149/1286 2404/2137/1274
f 2406/2139/1276 2418/2151/1288 2417/2150/1287 2405/2138/1275
f 2408/2140/1277 2420/2152/1289 2419/2153/1290 2407/2141/1278
f 2409/2142/1279 2421/2154/1291 2420/2152/1289 2408/2140/1277
f 2410/2143/1280 2422/2155/1292 2421/2154/1291 2409/2142/1279
f 2411/2144/1281 2423/2156/1293 2422/2155/1292 2410/2143/1280
f 2412/2145/1282 2424/2157/1294 2423/2156/1293 2411/2144/1281
f 2413/2146/1283 2425/2158/1295 2424/2157/1294 2412/2145/1282
f 2414/2147/1284 2426/2159/1296 2425/2158/1295 2413/2146/1283
f 2415/2148/1285 2427/2160/1297 2426/2159/1296 2414/2147/1284
f 2416/2149/1286 2428/2161/1298 2427/2160/1297 2415/2148/1285
f 2417/2150/1287 2429/2162/1299 2428/2161/1298 2416/2149/1286
f 2418/2151/1288 2430/2163/1300 2429/2162/1299 2417/2150/1287
f 2420/2152/1289 2432/2164/1301 2431/2165/1302 2419/2153/1290
f 2421/2154/1291 2433/2166/1303 2432/2164/1301 2420/2152/1289
f 2422/2155/1292 2434/2167/1304 2433/2166/1303 2421/2154/1291
f 2423/2156/1293 2435/2168/1305 2434/2167/1304 2422/2155/1292
f 2424/2157/1294 2436/2169/1306 2435/2168/1305 2423/2156/1293
f 2425/2158/1295 2437/2170/1307 2436/2169/1306 2424/2157/1294
f 2426/2159/1296 2438/2171/1308 2437/2170/1307 2425/2158/1295
f 2427/2160/1297 2439/2172/1309 2438/2171/1308 2426/2159/1296
f 2428/2161/1298 2440/2173/1310 2439/2172/1309 2427/2160/1297
f 2429/2162/1299 2441/2174/1311 2440/2173/1310 2428/2161/1298
f 2430/2163/1300 2442/2175/1312 2441/2174/1311 2429/2162/1299
f 2432/2164/1301 2444/2176/1313 2443/2177/1314 2431/2165/1302
f 2433/2166/1303 2445/2178/1315 2444/2176/1313 2432/2164/1301
f 2434/2167/1304 2446/2179/1316 2445/2178/1315 2433/2166/1303
f 2435/2168/1305 2447/2180/1317 2446/2179/1316 2434/2167/1304
f 2436/2169/1306 2448/2181/1318 2447/2180/1317 2435/2168/1305
f 2437/2170/1307 2449/2182/1319 2448/2181/1318 2436/2169/1306
f 2438/2171/1308 2450/2183/1320 2449/2182/1319 2437/2170/1307
f 2439/2172/1309 2451/2184/1321 2450/2183/1320 2438/2171/1308
f 2440/2173/1310 2452/2185/1322 2451/2184/1321 2439/2172/1309
f 2441/2174/1311 2453/2186/1323 2452/2185/1322 2440/2173/1310
f 2442/2175/1312 2454/2187/1324 2453/2186/1323 2441/2174/1311
f 2444/2176/1313 2456/2188/1325 2455/2189/1326 2443/2177/1314
f 2445/2178/1315 2457/2190/1327 2456/2188/1325 2444/2176/1313
f 2446/2179/1316 2458/2191/1328 2457/2190/1327 2445/2178/1315
f 2447/2180/1317 2459/2192/1329 2458/2191/1328 2446/2179/1316
f 2448/2181/1318 2460/2193/1330 2459/2192/1329 2447/2180/1317
f 2449/2182/1319 2461/2194/1331 2460/2193/1330 2448/2181/1318
f 2450/2183/1320 2462/2195/1332 2461/2194/1331 2449/2182/1319
f 2451/2184/1321 2463/2196/1333 2462/2195/1332 2450/2183/1320
f 2452/2185/1322 2464/2197/1334 2463/2196/1333 2451/2184/1321
f 2453/2186/1323 2465/2198/1335 2464/2197/1334 2452/2185/1322
f 2454/2187/1324 2466/2199/1336 2465/2198/1335 2453/2186/1323
f 2456/2188/1325 2468/2200/1337 2467/2201/1338 2455/2189/1326
f 2457/2190/1327 2469/2202/1339 2468/2200/1337 2456/2188/1325
f 2458/2191/1328 2470/2203/1340 2469/2202/1339 2457/2190/1327
f 2459/2192/1329 2471/2204/1341 2470/2203/1340 2458/2191/1328
f 2460/2193/1330 2472/2205/1342 2471/2204/1341 2459/2192/1329
f 2461/2194/1331 2473/2206/1343 2472/2205/1342 2460/2193/1330
f 2462/2195/1332 2474/2207/1344 2473/2206/1343 2461/2194/1331
f 2463/2196/1333 2475/2208/1345 2474/2207/1344 2462/2195/1332
f 2464/2197/1334 2476/2209/1346 2475/2208/1345 2463/2196/1333
f 2465/2198/1335 2477/2210/1347 2476/2209/1346 2464/2197/1334
f 2466/2199/1336 2478/2211/1348 2477/2210/1347 2465/2198/1335
f 2468/2200/1337 2480/2212/1349 2479/2213/1350 2467/2201/1338
f 2469/2202/1339 2481/2214/1351 2480/2212/1349 2468/2200/1337
f 2470/2203/1340 2482/2215/1352 2481/2214/1351 2469/2202/1339
f 2471/2204/1341 2483/2216/1353 2482/2215/1352 2470/2203/1340
f 2472/2205/1342 2484/2217/1354 2483/2216/1353 2471/2204/1341
f 2473/2206/1343 2485/2218/1355 2484/2217/1354 2472/2205/1342
f 2474/2207/1344 2486/2219/1356 2485/2218/1355 2473/2206/1343
f 2475/2208/1345 2487/2220/1357 2486/2219/1356 2474/2207/1344
f 2476/2209/1346 2488/2221/1358 2487/2220/1357 2475/2208/1345
f 2477/2210/1347 2489/2222/1359 2488/2221/1358 2476/2209/1346
f 2478/2211/1348 2490/2223/1360 2489/2222/1359 2477/2210/1347
f 2480/2212/1349 2492/2224/1361 2491/2225/1362 2479/2213/1350
f 2481/2214/1351 2493/2226/1363 2492/2224/1361 2480/2212/1349
f 2482/2215/1352 2494/2227/1364 2493/2226/1363 2481/2214/1351
f 2483/2216/1353 2495/2228/1365 2494/2227/1364 2482/2215/1352
f 2484/2217/1354 2496/2229/1366 2495/2228/1365 2483/2216/1353
f 2485/2218/1355 2497/2230/1367 2496/2229/1366 2484/2217/1354
f 2486/2219/1356 2498/2231/1368 2497/2230/1367 2485/2218/1355
f 2487/2220/1357 2499/2232/1369 2498/2231/1368 2486/2219/1356
f 2488/2221/1358 2500/2233/1370 2499/2232/1369 2487/2220/1357
f 2489/2222/1359 2501/2234/1371 2500/2233/1370 2488/2221/1358
f 2490/2223/1360 2502/2235/1372 2501/2234/1371 2489/2222/1359
f 2492/2224/1361 2504/2236/1373 2503/2237/1374 2491/2225/1362
f 2493/2226/1363 2505/2238/1375 2504/2236/1373 2492/2224/1361
f 2494/2227/1364 2506/2239/1376 2505/2238/1375 2493/2226/1363
f 2495/2228/1365 2507/2240/1377 2506/2239/1376 2494/2227/1364
f 2496/2229/1366 2508/2241/1378 2507/2240/1377 2495/2228/1365
f 2497/2230/1367 2509/2242/1379 2508/2241/1378 2496/2229/1366
f 2498/2231/1368 2510/2243/1380 2509/2242/1379 2497/2230/1367
f 2499/2232/1369 2511/2244/1381 2510/2243/1380 2498/2231/1368
f 2500/2233/1370 2512/2245/1382 2511/2244/1381 2499/2232/1369
f 2501/2234/1371 2513/2246/1383 2512/2245/1382 2500/2233/1370
f 2502/2235/1372 2514/2247/1384 2513/2246/1383 2501/2234/1371
f 2504/2236/1373 2516/2248/1385 2515/2249/1386 2503/2237/1374
f 2505/2238/1375 2517/2250/1387 2516/2248/1385 2504/2236/1373
f 2506/2239/1376 2518/2251/1388 2517/2250/1387 2505/2238/1375
f 2507/2240/1377 2519/2252/1389 2518/2251/1388 2506/2239/1376
f 2508/2241/1378 2520/2253/1390 2519/2252/1389 2507/2240/1377
f 2509/2242/1379 2521/2254/1391 2520/2253/1390 2508/2241/1378
f 2510/2243/1380 2522/2255/1392 2521/2254/1391 2509/2242/1379
f 2511/2244/1381 2523/2256/1393 2522/2255/1392 2510/2243/1380
f 2512/2245/1382 2524/2257/1394 2523/2256/1393 2511/2244/1381
f 2513/2246/1383 2525/2258/1395 2524/2257/1394 2512/2245/1382
f 2514/2247/1384 2526/2259/1396 2525/2258/1395 2513/2246/1383
f 2516/2248/1385 2528/2260/1397 2527/2261/1398 2515/2249/1386
f 2517/2250/1387 2529/2262/1399 2528/2260/1397 2516/2248/1385
f 2518/2251/1388 2530/2263/1400 2529/2262/1399 2517/2250/1387
f 2519/2252/1389 2531/2264/1401 2530/2263/1400 2518/2251/1388
f 2520/2253/1390 2532/2265/1402 2531/2264/1401 2519/2252/1389
f 2521/2254/1391 2533/2266/1403 2532/2265/1402 2520/2253/1390
f 2522/2255/1392 2534/2267/1404 2533/2266/1403 2521/2254/1391
f 2523/2256/1393 2535/2268/1405 2534/2267/1404 2522/2255/1392
f 2524/2257/1394 2536/2269/1406 2535/2268/1405 2523/2256/1393
f 2525/2258/1395 2537/2270/1407 2536/2269/1406 2524/2257/1394
f 2526/2259/1396 2538/2271/1408 2537/2270/1407 2525/2258/1395
f 2528/2260/1397 2540/2272/1409 2539/2273/1410 2527/2261/1398
f 2529/2262/1399 2541/2274/1411 2540/2272/1409 2528/2260/1397
f 2530/2263/1400 2542/2275/1412 2541/2274/1411 2529/2262/1399
f 2531/2264/1401 2543/2276/1413 2542/2275/1412 2530/2263/1400
f 2532/2265/1402 2544/2277/1414 2543/2276/1413 2531/2264/1401
f 2533/2266/1403 2545/2278/1415 2544/2277/1414 2532/2265/1402
f 2534/2267/1404 2546/2279/1416 2545/2278/1415 2533/2266/1403
f 2535/2268/1405 2547/2280/1417 2546/2279/1416 2534/2267/1404
f 2536/2269/1406 2548/2281/1418 2547/2280/1417 2535/2268/1405
f 2537/2270/1407 2549/2282/1419 2548/2281/1418 2536/2269/1406
f 2538/2271/1408 2550/2283/1420 2549/2282/1419 2537/2270/1407
f 2540/2272/1409 2552/2284/1421 2551/2285/1422 2539/2273/1410
f 2541/2274/1411 2553/2286/1423 2552/2284/1421 2540/2272/1409
f 2542/2275/1412 2554/2287/1424 2553/2286/1423 2541/2274/1411
f 2543/2276/1413 2555/2288/1425 2554/2287/1424 2542/2275/1412
f 2544/2277/1414 2556/2289/1426 2555/2288/1425 2543/2276/1413
f 2545/2278/1415 2557/2290/1427 2556/2289/1426 2544/2277/1414
f 2546/2279/1416 2558/2291/1428 2557/2290/1427 2545/2278/1415
f 2547/2280/1417 2559/2292/1429 2558/2291/1428 2546/2279/1416
f 2548/2281/1418 2560/2293/1430 2559/2292/1429 2547/2280/1417
f 2549/2282/1419 2561/2294/1431 2560/2293/1430 2548/2281/1418
f 2550/2283/1420 2562/2295/1432 2561/2294/1431 2549/2282/1419
f 2552/2284/1421 2564/2296/1433 2563/2297/1434 2551/2285/1422
f 2553/2286/1423 2565/2298/1435 2564/2296/1433 2552/2284/1421
f 2554/2287/1424 2566/2299/1436 2565/2298/1435 2553/2286/1423
f 2555/2288/1425 2567/2300/1437 2566/2299/1436 2554/2287/1424
f 2556/2289/1426 2568/2301/1438 2567/2300/1437 2555/2288/1425
f 2557/2290/1427 2569/2302/1439 2568/2301/1438 2556/2289/1426
f 2558/2291/1428 2570/2303/1440 2569/2302/1439 2557/2290/1427
f 2559/2292/1429 2571/2304/1441 2570/2303/1440 2558/2291/1428
f 2560/2293/1430 2572/2305/1442 2571/2304/1441 2559/2292/1429
f 2561/2294/1431 2573/2306/1443 2572/2305/1442 2560/2293/1430
f 2562/2295/1432 2574/2307/1444 2573/2306/1443 2561/2294/1431
f 2564/2296/1433 2576/2308/1445 2575/2309/1446 2563/2297/1434
f 2565/2298/1435 2577/2310/1447 2576/2308/1445 2564/2296/1433
f 2566/2299/1436 2578/2311/1448 2577/2310/1447 2565/2298/1435
f 2567/2300/1437 2579/2312/1449 2578/2311/1448 2566/2299/1436
f 2568/2301/1438 2580/2313/1450 2579/2312/1449 2567/2300/1437
f 2569/2302/1439 2581/2314/1451 2580/2313/1450 2568/2301/1438
f 2570/2303/1440 2582/2315/1452 2581/2314/1451 2569/2302/1439
f 2571/2304/1441 2583/2316/1453 2582/2315/1452 2570/2303/1440
f 2572/2305/1442 2584/2317/1454 2583/2316/1453 2571/2304/1441
f 2573/2306/1443 2585/2318/1455 2584/2317/1454 2572/2305/1442
f 2574/2307/1444 2586/2319/1456 2585/2318/1455 2573/2306/1443
f 2576/2308/1445 2588/2320/1457 2587/2321/1458 2575/2309/1446
f 2577/2310/1447 2589/2322/1459 2588/2320/1457 2576/2308/1445
f 2578/2311/1448 2590/2323/1460 2589/2322/1459 2577/2310/1447
f 2579/2312/1449 2591/2324/1461 2590/2323/1460 2578/2311/1448
f 2580/2313/1450 2592/2325/1462 2591/2324/1461 2579/2312/1449
f 2581/2314/1451 2593/2326/1463 2592/2325/1462 2580/2313/1450
f 2582/2315/1452 2594/2327/1464 2593/2326/1463 2581/2314/1451
f 2583/2316/1453 2595/2328/1465 2594/2327/1464 2582/2315/1452
f 2584/2317/1454 2596/2329/1466 2595/2328/1465 2583/2316/1453
f 2585/2318/1455 2597/2330/1467 2596/2329/1466 2584/2317/1454
f 2586/2319/1456 2598/2331/1468 2597/2330/1467 2585/2318/1455
f 2588/2320/1457 2600/2332/1469 2599/2333/1470 2587/2321/1458
f 2589/2322/1459 2601/2334/1471 2600/2332/1469 2588/2320/1457
f 2590/2323/1460 2602/2335/1472 2601/2334/1471 2589/2322/1459
f 2591/2324/1461 2603/2336/1473 2602/2335/1472 2590/2323/1460
f 2592/2325/1462 2604/2337/1474 2603/2336/1473 2591/2324/1461
f 2593/2326/1463 2605/2338/1475 2604/2337/1474 2592/2325/1462
f 2594/2327/1464 2606/2339/1476 2605/2338/1475 2593/2326/1463
f 2595/2328/1465 2607/2340/1477 2606/2339/1476 2594/2327/1464
f 2596/2329/1466 2608/2341/1478 2607/2340/1477 2595/2328/1465
f 2597/2330/1467 2609/2342/1479 2608/2341/1478 2596/2329/1466
f 2598/2331/1468 2610/2343/1480 2609/2342/1479 2597/2330/1467
f 2600/2332/1469 2612/2344/1481 2611/2345/1482 2599/2333/1470
f 2601/2334/1471 2613/2346/1483 2612/2344/1481 2600/2332/1469
f 2602/2335/1472 2614/2347/1484 2613/2346/1483 2601/2334/1471
f 2603/2336/1473 2615/2348/1485 2614/2347/1484 2602/2335/1472
f 2604/2337/1474 2616/2349/1486 2615/2348/1485 2603/2336/1473
f 2605/2338/1475 2617/2350/1487 2616/2349/1486 2604/2337/1474
f 2606/2339/1476 2618/2351/1488 2617/2350/1487 2605/2338/1475
f 2607/2340/1477 2619/2352/1489 2618/2351/1488 2606/2339/1476
f 2608/2341/1478 2620/2353/1490 2619/2352/1489 2607/2340/1477
f 2609/2342/1479 2621/2354/1491 2620/2353/1490 2608/2341/1478
f 2610/2343/1480 2622/2355/1492 2621/2354/1491 2609/2342/1479
f 2612/2344/1481 2624/2356/1493 2623/2357/1494 2611/2345/1482
f 2613/2346/1483 2625/2358/1495 2624/2356/1493 2612/2344/1481
f 2614/2347/1484 2626/2359/1496 2625/2358/1495 2613/2346/1483
f 2615/2348/1485 2627/2360/1497 2626/2359/1496 2614/2347/1484
f 2616/2349/1486 2628/2361/1498 2627/2360/1497 2615/2348/1485
f 2617/2350/1487 2629/2362/1499 2628/2361/1498 2616/2349/1486
f 2618/2351/1488 2630/2363/1500 2629/2362/1499 2617/2350/1487
f 2619/2352/1489 2631/2364/1501 2630/2363/1500 2618/2351/1488
f 2620/2353/1490 2632/2365/1502 2631/2364/1501 2619/2352/1489
f 2621/2354/1491 2633/2366/1503 2632/2365/1502 2620/2353/1490
f 2622/2355/1492 2634/2367/1504 2633/2366/1503 2621/2354/1491
f 2624/2356/1493 2636/2368/1505 2635/2369/1506 2623/2357/1494
f 2625/2358/1495 2637/2370/1507 2636/2368/1505 2624/2356/1493
f 2626/2359/1496 2638/2371/1508 2637/2370/1507 2625/2358/1495
f 2627/2360/1497 2639/2372/1509 2638/2371/1508 2626/2359/1496
f 2628/2361/1498 2640/2373/1510 2639/2372/1509 2627/2360/1497
f 2629/2362/1499 2641/2374/1511 2640/2373/1510 2628/2361/1498
f 2630/2363/1500 2642/2375/1512 2641/2374/1511 2629/2362/1499
f 2631/2364/1501 2643/2376/1513 2642/2375/1512 2630/2363/1500
f 2632/2365/1502 2644/2377/1514 2643/2376/1513 2631/2364/1501
f 2633/2366/1503 2645/2378/1515 2644/2377/1514 2632/2365/1502
f 2634/2367/1504 2646/2379/1516 2645/2378/1515 2633/2366/1503
f 2636/2368/1505 2648/2380/1517 2647/2381/1518 2635/2369/1506
f 2637/2370/1507 2649/2382/1519 2648/2380/1517 2636/2368/1505
f 2638/2371/1508 2650/2383/1520 2649/2382/1519 2637/2370/1507
f 2639/2372/1509 2651/2384/1521 2650/2383/1520 2638/2371/1508
f 2640/2373/1510 2652/2385/1522 2651/2384/1521 2639/2372/1509
f 2641/2374/1511 2653/2386/1523 2652/2385/1522 2640/2373/1510
f 2642/2375/1512 2654/2387/1524 2653/2386/1523 2641/2374/1511
f 2643/2376/1513 2655/2388/1525 2654/2387/1524 2642/2375/1512
f 2644/2377/1514 2656/2389/1526 2655/2388/1525 2643/2376/1513
f 2645/2378/1515 2657/2390/1527 2656/2389/1526 2644/2377/1514
f 2646/2379/1516 2658/2391/1528 2657/2390/1527 2645/2378/1515
f 2648/2380/1517 2660/2392/1529 2659/2393/1530 2647/2381/1518
f 2649/2382/1519 2661/2394/1531 2660/2392/1529 2648/2380/1517
f 2650/2383/1520 2662/2395/1532 2661/2394/1531 2649/2382/1519
f 2651/2384/1521 2663/2396/1533 2662/2395/1532 2650/2383/1520
f 2652/2385/1522 2664/2397/1534 2663/2396/1533 2651/2384/1521
f 2653/2386/1523 2665/2398/1535 2664/2397/1534 2652/2385/1522
f 2654/2387/1524 2666/2399/1536 2665/2398/1535 2653/2386/1523
f 2655/2388/1525 2667/2400/1537 2666/2399/1536 2654/2387/1524
f 2656/2389/1526 2668/2401/1538 2667/2400/1537 2655/2388/1525
f 2657/2390/1527 2669/2402/1539 2668/2401/1538 2656/2389/1526
f 2658/2391/1528 2670/2403/1540 2669/2402/1539 2657/2390/1527
f 2660/2392/1529 2672/2404/1541 2671/2405/1542 2659/2393/1530
f 2661/2394/1531 2673/2406/1543 2672/2404/1541 2660/2392/1529
f 2662/2395/1532 2674/2407/1544 2673/2406/1543 2661/2394/1531
f 2663/2396/1533 2675/2408/1545 2674/2407/1544 2662/2395/1532
f 2664/2397/1534 2676/2409/1546 2675/2408/1545 2663/2396/1533
f 2665/2398/1535 2677/2410/1547 2676/2409/1546 2664/2397/1534
f 2666/2399/1536 2678/2411/1548 2677/2410/1547 2665/2398/1535
f 2667/2400/1537 2679/2412/1549 2678/2411/1548 2666/2399/1536
f 2668/2401/1538 2680/2413/1550 2679/2412/1549 2667/2400/1537
f 2669/2402/1539 2681/2414/1551 2680/2413/1550 2668/2401/1538
f 2670/2403/1540 2682/2415/1552 2681/2414/1551 2669/2402/1539
f 2672/2404/1541 2684/2416/1553 2683/2417/1554 2671/2405/1542
f 2673/2406/1543 2685/2418/1555 2684/2416/1553 2672/2404/1541
f 2674/2407/1544 2686/2419/1556 2685/2418/1555 2673/2406/1543
f 2675/2408/1545 2687/2420/1557 2686/2419/1556 2674/2407/1544
f 2676/2409/1546 2688/2421/1558 2687/2420/1557 2675/2408/1545
f 2677/2410/1547 2689/2422/1559 2688/2421/1558 2676/2409/1546
f 2678/2411/1548 2690/2423/1560 2689/2422/1559 2677/2410/1547
f 2679/2412/1549 2691/2424/1561 2690/2423/1560 2678/2411/1548
f 2680/2413/1550 2692/2425/1562 2691/2424/1561 2679/2412/1549
f 2681/2414/1551 2693/2426/1563 2692/2425/1562 2680/2413/1550
f 2682/2415/1552 2694/2427/1564 2693/2426/1563 2681/2414/1551
f 2684/2416/1553 2696/2428/1565 2695/2429/1566 2683/2417/1554
f 2685/2418/1555 2697/2430/1567 2696/2428/1565 2684/2416/1553
f 2686/2419/1556 2698/2431/1568 2697/2430/1567 2685/2418/1555
f 2687/2420/1557 2699/2432/1569 2698/2431/1568 2686/2419/1556
f 2688/2421/1558 2700/2433/1570 2699/2432/1569 2687/2420/1557
f 2689/2422/1559 2701/2434/1571 2700/2433/1570 2688/2421/1558
f 2690/2423/1560 2702/2435/1572 2701/2434/1571 2689/2422/1559
f 2691/2424/1561 2703/2436/1573 2702/2435/1572 2690/2423/1560
f 2692/2425/1562 2704/2437/1574 2703/2436/1573 2691/2424/1561
f 2693/2426/1563 2705/2438/1575 2704/2437/1574 2692/2425/1562
f 2694/2427/1564 2706/2439/1576 2705/2438/1575 2693/2426/1563
f 2696/2428/1565 2708/2440/1577 2707/2441/1578 2695/2429/1566
f 2697/2430/1567 2709/2442/1579 2708/2440/1577 2696/2428/1565
f 2698/2431/1568 2710/2443/1580 2709/2442/1579 2697/2430/1567
f 2699/2432/1569 2711/2444/1581 2710/2443/1580 2698/2431/1568
f 2700/2433/1570 2712/2445/1582 2711/2444/1581 2699/2432/1569
f 2701/2434/1571 2713/2446/1583 2712/2445/1582 2700/2433/1570
f 2702/2435/1572 2714/2447/1584 2713/2446/1583 2701/2434/1571
f 2703/2436/1573 2715/2448/1585 2714/2447/1584 2702/2435/1572
f 2704/2437/1574 2716/2449/1586 2715/2448/1585 2703/2436/1573
f 2705/2438/1575 2717/2450/1587 2716/2449/1586 2704/2437/1574
f 2706/2439/1576 2718/2451/1588 2717/2450/1587 2705/2438/1575
f 2708/2440/1577 2720/2452/1589 2719/2453/1590 2707/2441/1578
f 2709/2442/1579 2721/2454/1591 2720/2452/1589 2708/2440/1577
f 2710/2443/1580 2722/2455/1592 2721/2454/1591 2709/2442/1579
f 2711/2444/1581 2723/2456/1593 2722/2455/1592 2710/2443/1580
f 2712/2445/1582 2724/2457/1594 2723/2456/1593 2711/2444/1581
f 2713/2446/1583 2725/2458/1595 2724/2457/1594 2712/2445/1582
f 2714/2447/1584 2726/2459/1596 2725/2458/1595 2713/2446/1583
f 2715/2448/1585 2727/2460/1597 2726/2459/1596 2714/2447/1584
f 2716/2449/1586 2728/2461/1598 2727/2460/1597 2715/2448/1585
f 2717/2450/1587 2729/2462/1599 2728/2461/1598 2716/2449/1586
f 2718/2451/1588 2730/2463/1600 2729/2462/1599 2717/2450/1587
f 2720/2452/1589 2732/2464/1601 2731/2465/1602 2719/2453/1590
f 2721/2454/1591 2733/2466/1603 2732/2464/1601 2720/2452/1589
f 2722/2455/1592 2734/2467/1604 2733/2466/1603 2721/2454/1591
f 2723/2456/1593 2735/2468/1605 2734/2467/1604 2722/2455/1592
f 2724/2457/1594 2736/2469/1606 2735/2468/1605 2723/2456/1593
f 2725/2458/1595 2737/2470/1607 2736/2469/1606 2724/2457/1594
f 2726/2459/1596 2738/2471/1608 2737/2470/1607 2725/2458/1595
f 2727/2460/1597 2739/2472/1609 2738/2471/1608 2726/2459/1596
f 2728/2461/1598 2740/2473/1610 2739/2472/1609 2727/2460/1597
f 2729/2462/1599 2741/2474/1611 2740/2473/1610 2728/2461/1598
f 2730/2463/1600 2742/2475/1612 2741/2474/1611 2729/2462/1599
f 2732/2464/1601 2744/2476/1613 2743/2477/1614 2731/2465/1602
f 2733/2466/1603 2745/2478/1615 2744/2476/1613 2732/2464/1601
f 2734/2467/1604 2746/2479/1616 2745/2478/1615 2733/2466/1603
f 2735/2468/1605 2747/2480/1617 2746/2479/1616 2734/2467/1604
f 2736/2469/1606 2748/2481/1618 2747/2480/1617 2735/2468/1605
f 2737/2470/1607 2749/2482/1619 2748/2481/1618 2736/2469/1606
f 2738/2471/1608 2750/2483/1620 2749/2482/1619 2737/2470/1607
f 2739/2472/1609 2751/2484/1621 2750/2483/1620 2738/2471/1608
f 2740/2473/1610 2752/2485/1622 2751/2484/1621 2739/2472/1609
f 2741/2474/1611 2753/2486/1623 2752/2485/1622 2740/2473/1610
f 2742/2475/1612 2754/2487/1624 2753/2486/1623 2741/2474/1611
f 2744/2476/1613 2756/2488/1625 2755/2489/1626 2743/2477/1614
f 2745/2478/1615 2757/2490/1627 2756/2488/1625 2744/2476/1613
f 2746/2479/1616 2758/2491/1628 2757/2490/1627 2745/2478/1615
f 2747/2480/1617 2759/2492/1629 2758/2491/1628 2746/2479/1616
f 2748/2481/1618 2760/2493/1630 2759/2492/1629 2747/2480/1617
f 2749/2482/1619 2761/2494/1631 2760/2493/1630 2748/2481/1618
f 2750/2483/1620 2762/2495/1632 2761/2494/1631 2749/2482/1619
f 2751/2484/1621 2763/2496/1633 2762/2495/1632 2750/2483/1620
f 2752/2485/1622 2764/2497/1634 2763/2496/1633 2751/2484/1621
f 2753/2486/1623 2765/2498/1635 2764/2497/1634 2752/2485/1622
f 2754/2487/1624 2766/2499/1636 2765/2498/1635 2753/2486/1623
f 2756/2488/1625 2768/2500/1637 2767/2501/1638 2755/2489/1626
f 2757/2490/1627 2769/2502/1639 2768/2500/1637 2756/2488/1625
f 2758/2491/1628 2770/2503/1640 2769/2502/1639 2757/2490/1627
f 2759/2492/1629 2771/2504/1641 2770/2503/1640 2758/2491/1628
f 2760/2493/1630 2772/2505/1642 2771/2504/1641 2759/2492/1629
f 2761/2494/1631 2773/2506/1643 2772/2505/1642 2760/2493/1630
f 2762/2495/1632 2774/2507/1644 2773/2506/1643 2761/2494/1631
f 2763/2496/1633 2775/2508/1645 2774/2507/1644 2762/2495/1632
f 2764/2497/1634 2776/2509/1646 2775/2508/1645 2763/2496/1633
f 2765/2498/1635 2777/2510/1647 2776/2509/1646 2764/2497/1634
f 2766/2499/1636 2778/2511/1648 2777/2510/1647 2765/2498/1635
f 2768/2500/1637 2780/2512/1649 2779/2513/1650 2767/2501/1638
f 2769/2502/1639 2781/2514/1651 2780/2512/1649 2768/2500/1637
f 2770/2503/1640 2782/2515/1652 2781/2514/1651 2769/2502/1639
f 2771/2504/1641 2783/2516/1653 2782/2515/1652 2770/2503/1640
f 2772/2505/1642 2784/2517/1654 2783/2516/1653 2771/2504/1641
f 2773/2506/1643 2785/2518/1655 2784/2517/1654 2772/2505/1642
f 2774/2507/1644 2786/2519/1656 2785/2518/1655 2773/2506/1643
f 2775/2508/1645 2787/2520/1657 2786/2519/1656 2774/2507/1644
f 2776/2509/1646 2788/2521/1658 2787/2520/1657 2775/2508/1645
f 2777/2510/1647 2789/2522/1659 2788/2521/1658 2776/2509/1646
f 2778/2511/1648 2790/2523/1660 2789/2522/1659 2777/2510/1647
f 2780/2512/1649 2792/2524/1661 2791/2525/1662 2779/2513/1650
f 2781/2514/1651 2793/2526/1663 2792/2524/1661 2780/2512/1649
f 2782/2515/1652 2794/2527/1664 2793/2526/1663 2781/2514/1651
f 2783/2516/1653 2795/2528/1665 2794/2527/1664 2782/2515/1652
f 2784/2517/1654 2796/2529/1666 2795/2528/1665 2783/2516/1653
f 2785/2518/1655 2797/2530/1667 2796/2529/1666 2784/2517/1654
f 2786/2519/1656 2798/2531/1668 2797/2530/1667 2785/2518/1655
f 2787/2520/1657 2799/2532/1669 2798/2531/1668 2786/2519/1656
f 2788/2521/1658 2800/2533/1670 2799/2532/1669 2787/2520/1657
f 2789/2522/1659 2801/2534/1671 2800/2533/1670 2788/2521/1658
f 2790/2523/1660 2802/2535/1672 2801/2534/1671 2789/2522/1659
f 2792/2524/1661 2804/2536/1673 2803/2537/1674 2791/2525/1662
f 2793/2526/1663 2805/2538/1675 2804/2536/1673 2792/2524/1661
f 2794/2527/1664 2806/2539/1676 2805/2538/1675 2793/2526/1663
f 2795/2528/1665 2807/2540/1677 2806/2539/1676 2794/2527/1664
f 2796/2529/1666 2808/2541/1678 2807/2540/1677 2795/2528/1665
f 2797/2530/1667 2809/2542/1679 2808/2541/1678 2796/2529/1666
f 2798/2531/1668 2810/2543/1680 2809/2542/1679 2797/2530/1667
f 2799/2532/1669 2811/2544/1681 2810/2543/1680 2798/2531/1668
f 2800/2533/1670 2812/2545/1682 2811/2544/1681 2799/2532/1669
f 2801/2534/1671 2813/2546/1683 2812/2545/1682 2800/2533/1670
f 2802/2535/1672 2814/2547/1684 2813/2546/1683 2801/2534/1671
f 2804/2536/1673 2816/2548/1685 2815/2549/1686 2803/2537/1674
f 2805/2538/1675 2817/2550/1687 2816/2548/1685 2804/2536/1673
f 2806/2539/1676 2818/2551/1688 2817/2550/1687 2805/2538/1675
f 2807/2540/1677 2819/2552/1689 2818/2551/1688 2806/2539/1676
f 2808/2541/1678 2820/2553/1690 2819/2552/1689 2807/2540/1677
f 2809/2542/1679 2821/2554/1691 2820/2553/1690 2808/2541/1678
f 2810/2543/1680 2822/2555/1692 2821/2554/1691 2809/2542/1679
f 2811/2544/1681 2823/2556/1693 2822/2555/1692 2810/2543/1680
f 2812/2545/1682 2824/2557/1694 2823/2556/1693 2811/2544/1681
f 2813/2546/1683 2825/2558/1695 2824/2557/1694 2812/2545/1682
f 2814/2547/1684 2826/2559/1696 2825/2558/1695 2813/2546/1683
f 2816/2548/1685 2828/2560/1697 2827/2561/1698 2815/2549/1686
f 2817/2550/1687 2829/2562/1699 2828/2560/1697 2816/2548/1685
f 2818/2551/1688 2830/2563/1700 2829/2562/1699 2817/2550/1687
f 2819/2552/1689 2831/2564/1701 2830/2563/1700 2818/2551/1688
f 2820/2553/1690 2832/2565/1702 2831/2564/1701 2819/2552/1689
f 2821/2554/1691 2833/2566/1703 2832/2565/1702 2820/2553/1690
f 2822/2555/1692 2834/2567/1704 2833/2566/1703 2821/2554/1691
f 2823/2556/1693 2835/2568/1705 2834/2567/1704 2822/2555/1692
f 2824/2557/1694 2836/2569/1706 2835/2568/1705 2823/2556/1693
f 2825/2558/1695 2837/2570/1707 2836/2569/1706 2824/2557/1694
f 2826/2559/1696 2838/2571/1708 2837/2570/1707 2825/2558/1695
f 2828/2560/1697 2840/1489/1709 2839/1426/1710 2827/2561/1698
f 2829/2562/1699 2841/1490/1711 2840/1489/1709 2828/2560/1697
f 2830/2563/1700 2842/1491/1712 2841/1490/1711 2829/2562/1699
f 2831/2564/1701 2843/1492/1713 2842/1491/1712 2830/2563/1700
f 2832/2565/1702 2844/1493/1714 2843/1492/1713 2831/2564/1701
f 2833/2566/1703 2845/1494/1715 2844/1493/1714 2832/2565/1702
f 2834/2567/1704 2846/1495/1716 2845/1494/1715 2833/2566/1703
f 2835/2568/1705 2847/1496/1717 2846/1495/1716 2834/2567/1704
f 2836/2569/1706 2848/1497/1718 2847/1496/1717 2835/2568/1705
f 2837/2570/1707 2849/1498/1719 2848/1497/1718 2836/2569/1706
f 2838/2571/1708 2850/1499/1720 2849/1498/1719 2837/2570/1707
f 2840/1489/1709 2852/2572/1721 2851/2573/1722 2839/1426/1710
f 2841/1490/1711 2853/2574/1723 2852/2572/1721 2840/1489/1709
f 2842/1491/1712 2854/2575/1724 2853/2574/1723 2841/1490/1711
f 2843/1492/1713 2855/2576/1725 2854/2575/1724 2842/1491/1712
f 2844/1493/1714 2856/2577/1726 2855/2576/1725 2843/1492/1713
f 2845/1494/1715 2857/2578/1727 2856/2577/1726 2844/1493/1714
f 2846/1495/1716 2858/2579/1728 2857/2578/1727 2845/1494/1715
f 2847/1496/1717 2859/2580/1729 2858/2579/1728 2846/1495/1716
f 2848/1497/1718 2860/2581/1730 2859/2580/1729 2847/1496/1717
f 2849/1498/1719 2861/2582/1731 2860/2581/1730 2848/1497/1718
f 2850/1499/1720 2862/2583/1732 2861/2582/1731 2849/1498/1719
f 2852/2572/1721 2864/2584/1733 2863/2585/1734 2851/2573/1722
f 2853/2574/1723 2865/2586/1735 2864/2584/1733 2852/2572/1721
f 2854/2575/1724 2866/2587/1736 2865/2586/1735 2853/2574/1723
f 2855/2576/1725 2867/2588/1737 2866/2587/1736 2854/2575/1724
f 2856/2577/1726 2868/2589/1738 2867/2588/1737 2855/2576/1725
f 2857/2578/1727 2869/2590/1739 2868/2589/1738 2856/2577/1726
f 2858/2579/1728 2870/2591/1740 2869/2590/1739 2857/2578/1727
f 2859/2580/1729 2871/2592/1741 2870/2591/1740 2858/2579/1728
f 2860/2581/1730 2872/2593/1742 2871/2592/1741 2859/2580/1729
f 2861/2582/1731 2873/2594/1743 2872/2593/1742 2860/2581/1730
f 2862/2583/1732 2874/2595/1744 2873/2594/1743 2861/2582/1731
f 2864/2584/1733 2876/2596/1745 2875/2597/1746 2863/2585/1734
f 2865/2586/1735 2877/2598/1747 2876/2596/1745 2864/2584/1733
f 2866/2587/1736 2878/2599/1748 2877/2598/1747 2865/2586/1735
f 2867/2588/1737 2879/2600/1749 2878/2599/1748 2866/2587/1736
f 2868/2589/1738 2880/2601/1750 2879/2600/1749 2867/2588/1737
f 2869/2590/1739 2881/2602/1751 2880/2601/1750 2868/2589/1738
f 2870/2591/1740 2882/2603/1752 2881/2602/1751 2869/2590/1739
f 2871/2592/1741 2883/2604/1753 2882/2603/1752 2870/2591/1740
f 2872/2593/1742 2884/2605/1754 2883/2604/1753 2871/2592/1741
f 2873/2594/1743 2885/2606/1755 2884/2605/1754 2872/2593/1742
f 2874/2595/1744 2886/2607/1756 2885/2606/1755 2873/2594/1743
f 2876/2596/1745 2888/2608/1757 2887/2609/1758 2875/2597/1746
f 2877/2598/1747 2889/2610/1759 2888/2608/1757 2876/2596/1745
f 2878/2599/1748 2890/2611/1760 2889/2610/1759 2877/2598/1747
f 2879/2600/1749 2891/2612/1761 2890/2611/1760 2878/2599/1748
f 2880/2601/1750 2892/2613/1762 2891/2612/1761 2879/2600/1749
f 2881/2602/1751 2893/2614/1763 2892/2613/1762 2880/2601/1750
f 2882/2603/1752 2894/2615/1764 2893/2614/1763 2881/2602/1751
f 2883/2604/1753 2895/2616/1765 2894/2615/1764 2882/2603/1752
f 2884/2605/1754 2896/2617/1766 2895/2616/1765 2883/2604/1753
f 2885/2606/1755 2897/2618/1767 2896/2617/1766 2884/2605/1754
f 2886/2607/1756 2898/2619/1768 2897/2618/1767 2885/2606/1755
f 2888/2608/1757 2900/2620/1769 2899/2621/1770 2887/2609/1758
f 2889/2610/1759 2901/2622/1771 2900/2620/1769 2888/2608/1757
f 2890/2611/1760 2902/2623/1772 2901/2622/1771 2889/2610/1759
f 2891/2612/1761 2903/2624/1773 2902/2623/1772 2890/2611/1760
f 2892/2613/1762 2904/2625/1774 2903/2624/1773 2891/2612/1761
f 2893/2614/1763 2905/2626/1775 2904/2625/1774 2892/2613/1762
f 2894/2615/1764 2906/2627/1776 2905/2626/1775 2893/2614/1763
f 2895/2616/1765 2907/2628/1777 2906/2627/1776 2894/2615/1764
f 2896/2617/1766 2908/2629/1778 2907/2628/1777 2895/2616/1765
f 2897/2618/1767 2909/2630/1779 2908/2629/1778 2896/2617/1766
f 2898/2619/1768 2910/2631/1780 2909/2630/1779 2897/2618/1767
f 2900/2620/1769 2912/2632/1781 2911/2633/1782 2899/2621/1770
f 2901/2622/1771 2913/2634/1783 2912/2632/1781 2900/2620/1769
f 2902/2623/1772 2914/2635/1784 2913/2634/1783 2901/2622/1771
f 2903/2624/1773 2915/2636/1785 2914/2635/1784 2902/2623/1772
f 2904/2625/1774 2916/2637/1786 2915/2636/1785 2903/2624/1773
f 2905/2626/1775 2917/2638/1787 2916/2637/1786 2904/2625/1774
f 2906/2627/1776 2918/2639/1788 2917/2638/1787 2905/2626/1775
f 2907/2628/1777 2919/2640/1789 2918/2639/1788 2906/2627/1776
f 2908/2629/1778 2920/2641/1790 2919/2640/1789 2907/2628/1777
f 2909/2630/1779 2921/2642/1791 2920/2641/1790 2908/2629/1778
f 2910/2631/1780 2922/2643/1792 2921/2642/1791 2909/2630/1779
f 2912/2632/1781 2924/2644/1793 2923/2645/1794 2911/2633/1782
f 2913/2634/1783 2925/2646/1795 2924/2644/1793 2912/2632/1781
f 2914/2635/1784 2926/2647/1796 2925/2646/1795 2913/2634/1783
f 2915/2636/1785 2927/2648/1797 2926/2647/1796 2914/2635/1784
f 2916/2637/1786 2928/2649/1798 2927/2648/1797 2915/2636/1785
f 2917/2638/1787 2929/2650/1799 2928/2649/1798 2916/2637/1786
f 2918/2639/1788 2930/2651/1800 2929/2650/1799 2917/2638/1787
f 2919/2640/1789 2931/2652/1801 2930/2651/1800 2918/2639/1788
f 2920/2641/1790 2932/2653/1802 2931/2652/1801 2919/2640/1789
f 2921/2642/1791 2933/2654/1803 2932/2653/1802 2920/2641/1790
f 2922/2643/1792 2934/2655/1804 2933/2654/1803 2921/2642/1791
f 2924/2644/1793 2936/2656/1805 2935/2657/1806 2923/2645/1794
f 2925/2646/1795 2937/2658/1807 2936/2656/1805 2924/2644/1793
f 2926/2647/1796 2938/2659/1808 2937/2658/1807 2925/2646/1795
f 2927/2648/1797 2939/2660/1809 2938/2659/1808 2926/2647/1796
f 2928/2649/1798 2940/2661/1810 2939/2660/1809 2927/2648/1797
f 2929/2650/1799 2941/2662/1811 2940/2661/1810 2928/2649/1798
f 2930/2651/1800 2942/2663/1812 2941/2662/1811 2929/2650/1799
f 2931/2652/1801 2943/2664/1813 2942/2663/1812 2930/2651/1800
f 2932/2653/1802 2944/2665/1814 2943/2664/1813 2931/2652/1801
f 2933/2654/1803 2945/2666/1815 2944/2665/1814 2932/2653/1802
f 2934/2655/1804 2946/2667/1816 2945/2666/1815 2933/2654/1803
f 2936/2656/1805 2948/2668/1817 2947/2669/1818 2935/2657/1806
f 2937/2658/1807 2949/2670/1819 2948/2668/1817 2936/2656/1805
f 2938/2659/1808 2950/2671/1820 2949/2670/1819 2937/2658/1807
f 2939/2660/1809 2951/2672/1821 2950/2671/1820 2938/2659/1808
f 2940/2661/1810 2952/2673/1822 2951/2672/1821 2939/2660/1809
f 2941/2662/1811 2953/2674/1823 2952/2673/1822 2940/2661/1810
f 2942/2663/1812 2954/2675/1824 2953/2674/1823 2941/2662/1811
f 2943/2664/1813 2955/2676/1825 2954/2675/1824 2942/2663/1812
f 2944/2665/1814 2956/2677/1826 2955/2676/1825 2943/2664/1813
f 2945/2666/1815 2957/2678/1827 2956/2677/1826 2944/2665/1814
f 2946/2667/1816 2958/2679/1828 2957/2678/1827 2945/2666/1815
f 2948/2668/1817 2960/2680/1829 2959/2681/1830 2947/2669/1818
f 2949/2670/1819 2961/2682/1831 2960/2680/1829 2948/2668/1817
f 2950/2671/1820 2962/2683/1832 2961/2682/1831 2949/2670/1819
f 2951/2672/1821 2963/2684/1833 2962/2683/1832 2950/2671/1820
f 2952/2673/1822 2964/2685/1834 2963/2684/1833 2951/2672/1821
f 2953/2674/1823 2965/2686/1835 2964/2685/1834 2952/2673/1822
f 2954/2675/1824 2966/2687/1836 2965/2686/1835 2953/2674/1823
f 2955/2676/1825 2967/2688/1837 2966/2687/1836 2954/2675/1824
f 2956/2677/1826 2968/2689/1838 2967/2688/1837 2955/2676/1825
f 2957/2678/1827 2969/2690/1839 2968/2689/1838 2956/2677/1826
f 2958/2679/1828 2970/2691/1840 2969/2690/1839 2957/2678/1827
f 2960/2680/1829 2972/2692/1841 2971/2693/1842 2959/2681/1830
f 2961/2682/1831 2973/2694/1843 2972/2692/1841 2960/2680/1829
f 2962/2683/1832 2974/2695/1844 2973/2694/1843 2961/2682/1831
f 2963/2684/1833 2975/2696/1845 2974/2695/1844 2962/2683/1832
f 2964/2685/1834 2976/2697/1846 2975/2696/1845 2963/2684/1833
f 2965/2686/1835 2977/2698/1847 2976/2697/1846 2964/2685/1834
f 2966/2687/1836 2978/2699/1848 2977/2698/1847 2965/2686/1835
f 2967/2688/1837 2979/2700/1849 2978/2699/1848 2966/2687/1836
f 2968/2689/1838 2980/2701/1850 2979/2700/1849 2967/2688/1837
f 2969/2690/1839 2981/2702/1851 2980/2701/1850 2968/2689/1838
f 2970/2691/1840 2982/2703/1852 2981/2702/1851 2969/2690/1839
f 2972/2692/1841 2984/2704/1853 2983/2705/1854 2971/2693/1842
f 2973/2694/1843 2985/2706/1855 2984/2704/1853 2972/2692/1841
f 2974/2695/1844 2986/2707/1856 2985/2706/1855 2973/2694/1843
f 2975/2696/1845 2987/2708/1857 2986/2707/1856 2974/2695/1844
f 2976/2697/1846 2988/2709/1858 2987/2708/1857 2975/2696/1845
f 2977/2698/1847 2989/2710/1859 2988/2709/1858 2976/2697/1846
f 2978/2699/1848 2990/2711/1860 2989/2710/1859 2977/2698/1847
f 2979/2700/1849 2991/2712/1861 2990/2711/1860 2978/2699/1848
f 2980/2701/1850 2992/2713/1862 2991/2712/1861 2979/2700/1849
f 2981/2702/1851 2993/2714/1863 2992/2713/1862 2980/2701/1850
f 2982/2703/1852 2994/2715/1864 2993/2714/1863 2981/2702/1851
f 2984/2704/1853 2996/2716/1865 2995/2717/1866 2983/2705/1854
f 2985/2706/1855 2997/2718/1867 2996/2716/1865 2984/2704/1853
f 2986/2707/1856 2998/2719/1868 2997/2718/1867 2985/2706/1855
f 2987/2708/1857 2999/2720/1869 2998/2719/1868 2986/2707/1856
f 2988/2709/1858 3000/2721/1870 2999/2720/1869 2987/2708/1857
f 2989/2710/1859 3001/2722/1871 3000/2721/1870 2988/2709/1858
f 2990/2711/1860 3002/2723/1872 3001/2722/1871 2989/2710/1859
f 2991/2712/1861 3003/2724/1873 3002/2723/1872 2990/2711/1860
f 2992/2713/1862 3004/2725/1874 3003/2724/1873 2991/2712/1861
f 2993/2714/1863 3005/2726/1875 3004/2725/1874 2992/2713/1862
f 2994/2715/1864 3006/2727/1876 3005/2726/1875 2993/2714/1863
f 2996/2716/1865 3008/2728/1877 3007/2729/1878 2995/2717/1866
f 2997/2718/1867 3009/2730/1879 3008/2728/1877 2996/2716/1865
f 2998/2719/1868 3010/2731/1880 3009/2730/1879 2997/2718/1867
f 2999/2720/1869 3011/2732/1881 3010/2731/1880 2998/2719/1868
f 3000/2721/1870 3012/2733/1882 3011/2732/1881 2999/2720/1869
f 3001/2722/1871 3013/2734/1883 3012/2733/1882 3000/2721/1870
f 3002/2723/1872 3014/2735/1884 3013/2734/1883 3001/2722/1871
f 3003/2724/1873 3015/2736/1885 3014/2735/1884 3002/2723/1872
f 3004/2725/1874 3016/2737/1886 3015/2736/1885 3003/2724/1873
f 3005/2726/1875 3017/2738/1887 3016/2737/1886 3004/2725/1874
f 3006/2727/1876 3018/2739/1888 3017/2738/1887 3005/2726/1875
f 3008/2728/1877 3020/2740/1889 3019/2741/1890 3007/2729/1878
f 3009/2730/1879 3021/2742/1891 3020/2740/1889 3008/2728/1877
f 3010/2731/1880 3022/2743/1892 3021/2742/1891 3009/2730/1879
f 3011/2732/1881 3023/2744/1893 3022/2743/1892 3010/2731/1880
f 3012/2733/1882 3024/2745/1894 3023/2744/1893 3011/2732/1881
f 3013/2734/1883 3025/2746/1895 3024/2745/1894 3012/2733/1882
f 3014/2735/1884 3026/2747/1896 3025/2746/1895 3013/2734/1883
f 3015/2736/1885 3027/2748/1897 3026/2747/1896 3014/2735/1884
f 3016/2737/1886 3028/2749/1898 3027/2748/1897 3015/2736/1885
f 3017/2738/1887 3029/2750/1899 3028/2749/1898 3016/2737/1886
f 3018/2739/1888 3030/2751/1900 3029/2750/1899 3017/2738/1887
f 3020/2740/1889 3032/2752/1901 3031/2753/1902 3019/2741/1890
f 3021/2742/1891 3033/2754/1903 3032/2752/1901 3020/2740/1889
f 3022/2743/1892 3034/2755/1904 3033/2754/1903 3021/2742/1891
f 3023/2744/1893 3035/2756/1905 3034/2755/1904 3022/2743/1892
f 3024/2745/1894 3036/2757/1906 3035/2756/1905 3023/2744/1893
f 3025/2746/1895 3037/2758/1907 3036/2757/1906 3024/2745/1894
f 3026/2747/1896 3038/2759/1908 3037/2758/1907 3025/2746/1895
f 3027/2748/1897 3039/2760/1909 3038/2759/1908 3026/2747/1896
f 3028/2749/1898 3040/2761/1910 3039/2760/1909 3027/2748/1897
f 3029/2750/1899 3041/2762/1911 3040/2761/1910 3028/2749/1898
f 3030/2751/1900 3042/2763/1912 3041/2762/1911 3029/2750/1899
f 3032/2752/1901 3044/2764/1913 3043/2765/1914 3031/2753/1902
f 3033/2754/1903 3045/2766/1915 3044/2764/1913 3032/2752/1901
f 3034/2755/1904 3046/2767/1916 3045/2766/1915 3033/2754/1903
f 3035/2756/1905 3047/2768/1917 3046/2767/1916 3034/2755/1904
f 3036/2757/1906 3048/2769/1918 3047/2768/1917 3035/2756/1905
f 3037/2758/1907 3049/2770/1919 3048/2769/1918 3036/2757/1906
f 3038/2759/1908 3050/2771/1920 3049/2770/1919 3037/2758/1907
f 3039/2760/1909 3051/2772/1921 3050/2771/1920 3038/2759/1908
f 3040/2761/1910 3052/2773/1922 3051/2772/1921 3039/2760/1909
f 3041/2762/1911 3053/2774/1923 3052/2773/1922 3040/2761/1910
f 3042/2763/1912 3054/2775/1924 3053/2774/1923 3041/2762/1911
f 3044/2764/1913 3056/2776/1925 3055/2777/1926 3043/2765/1914
f 3045/2766/1915 3057/2778/1927 3056/2776/1925 3044/2764/1913
f 3046/2767/1916 3058/2779/1928 3057/2778/1927 3045/2766/1915
f 3047/2768/1917 3059/2780/1929 3058/2779/1928 3046/2767/1916
f 3048/2769/1918 3060/2781/1930 3059/2780/1929 3047/2768/1917
f 3049/2770/1919 3061/2782/1931 3060/2781/1930 3048/2769/1918
f 3050/2771/1920 3062/2783/1932 3061/2782/1931 3049/2770/1919
f 3051/2772/1921 3063/2784/1933 3062/2783/1932 3050/2771/1920
f 3052/2773/1922 3064/2785/1934 3063/2784/1933 3051/2772/1921
f 3053/2774/1923 3065/2786/1935 3064/2785/1934 3052/2773/1922
f 3054/2775/1924 3066/2787/1936 3065/2786/1935 3053/2774/1923
f 3056/2776/1925 3068/2788/1937 3067/2789/1938 3055/2777/1926
f 3057/2778/1927 3069/2790/1939 3068/2788/1937 3056/2776/1925
f 3058/2779/1928 3070/2791/1940 3069/2790/1939 3057/2778/1927
f 3059/2780/1929 3071/2792/1941 3070/2791/1940 3058/2779/1928
f 3060/2781/1930 3072/2793/1942 3071/2792/1941 3059/2780/1929
f 3061/2782/1931 3073/2794/1943 3072/2793/1942 3060/2781/1930
f 3062/2783/1932 3074/2795/1944 3073/2794/1943 3061/2782/1931
f 3063/2784/1933 3075/2796/1945 3074/2795/1944 3062/2783/1932
f 3064/2785/1934 3076/2797/1946 3075/2796/1945 3063/2784/1933
f 3065/2786/1935 3077/2798/1947 3076/2797/1946 3064/2785/1934
f 3066/2787/1936 3078/2799/1948 3077/2798/1947 3065/2786/1935
f 3068/2788/1937 3080/2800/1949 3079/2801/1950 3067/2789/1938
f 3069/2790/1939 3081/2802/1951 3080/2800/1949 3068/2788/1937
f 3070/2791/1940 3082/2803/1952 3081/2802/1951 3069/2790/1939
f 3071/2792/1941 3083/2804/1953 3082/2803/1952 3070/2791/1940
f 3072/2793/1942 3084/2805/1954 3083/2804/1953 3071/2792/1941
f 3073/2794/1943 3085/2806/1955 3084/2805/1954 3072/2793/1942
f 3074/2795/1944 3086/2807/1956 3085/2806/1955 3073/2794/1943
f 3075/2796/1945 3087/2808/1957 3086/2807/1956 3074/2795/1944
f 3076/2797/1946 3088/2809/1958 3087/2808/1957 3075/2796/1945
f 3077/2798/1947 3089/2810/1959 3088/2809/1958 3076/2797/1946
f 3078/2799/1948 3090/2811/1960 3089/2810/1959 3077/2798/1947
f 3080/2800/1949 3092/2812/1961 3091/2813/1962 3079/2801/1950
f 3081/2802/1951 3093/2814/1963 3092/2812/1961 3080/2800/1949
f 3082/2803/1952 3094/2815/1964 3093/2814/1963 3081/2802/1951
f 3083/2804/1953 3095/2816/1965 3094/2815/1964 3082/2803/1952
f 3084/2805/1954 3096/2817/1966 3095/2816/1965 3083/2804/1953
f 3085/2806/1955 3097/2818/1967 3096/2817/1966 3084/2805/1954
f 3086/2807/1956 3098/2819/1968 3097/2818/1967 3085/2806/1955
f 3087/2808/1957 3099/2820/1969 3098/2819/1968 3086/2807/1956
f 3088/2809/1958 3100/2821/1970 3099/2820/1969 3087/2808/1957
f 3089/2810/1959 3101/2822/1971 3100/2821/1970 3088/2809/1958
f 3090/2811/1960 3102/2823/1972 3101/2822/1971 3089/2810/1959
f 3092/2812/1961 3104/2824/1973 3103/2825/1974 3091/2813/1962
f 3093/2814/1963 3105/2826/1975 3104/2824/1973 3092/2812/1961
f 3094/2815/1964 3106/2827/1976 3105/2826/1975 3093/2814/1963
f 3095/2816/1965 3107/2828/1977 3106/2827/1976 3094/2815/1964
f 3096/2817/1966 3108/2829/1978 3107/2828/1977 3095/2816/1965
f 3097/2818/1967 3109/2830/1979 3108/2829/1978 3096/2817/1966
f 3098/2819/1968 3110/2831/1980 3109/2830/1979 3097/2818/1967
f 3099/2820/1969 3111/2832/1981 3110/2831/1980 3098/2819/1968
f 3100/2821/1970 3112/2833/1982 3111/2832/1981 3099/2820/1969
f 3101/2822/1971 3113/2834/1983 3112/2833/1982 3100/2821/1970
f 3102/2823/1972 3114/2835/1984 3113/2834/1983 3101/2822/1971
f 3104/2824/1973 3116/2836/1985 3115/2837/1986 3103/2825/1974
f 3105/2826/1975 3117/2838/1987 3116/2836/1985 3104/2824/1973
f 3106/2827/1976 3118/2839/1988 3117/2838/1987 3105/2826/1975
f 3107/2828/1977 3119/2840/1989 3118/2839/1988 3106/2827/1976
f 3108/2829/1978 3120/2841/1990 3119/2840/1989 3107/2828/1977
f 3109/2830/1979 3121/2842/1991 3120/2841/1990 3108/2829/1978
f 3110/2831/1980 3122/2843/1992 3121/2842/1991 3109/2830/1979
f 3111/2832/1981 3123/2844/1993 3122/2843/1992 3110/2831/1980
f 3112/2833/1982 3124/2845/1994 3123/2844/1993 3111/2832/1981
f 3113/2834/1983 3125/2846/1995 3124/2845/1994 3112/2833/1982
f 3114/2835/1984 3126/2847/1996 3125/2846/1995 3113/2834/1983
f 3116/2836/1985 3128/2848/1997 3127/2849/1998 3115/2837/1986
f 3117/2838/1987 3129/2850/1999 3128/2848/1997 3116/2836/1985
f 3118/2839/1988 3130/2851/2000 3129/2850/1999 3117/2838/1987
f 3119/2840/1989 3131/2852/2001 3130/2851/2000 3118/2839/1988
f 3120/2841/1990 3132/2853/2002 3131/2852/2001 3119/2840/1989
f 3121/2842/1991 3133/2854/2003 3132/2853/2002 3120/2841/1990
f 3122/2843/1992 3134/2855/2004 3133/2854/2003 3121/2842/1991
f 3123/2844/1993 3135/2856/2005 3134/2855/2004 3122/2843/1992
f 3124/2845/1994 3136/2857/2006 3135/2856/2005 3123/2844/1993
f 3125/2846/1995 3137/2858/2007 3136/2857/2006 3124/2845/1994
f 3126/2847/1996 3138/2859/2008 3137/2858/2007 3125/2846/1995
f 3128/2848/1997 3140/2860/2009 3139/2861/2010 3127/2849/1998
f 3129/2850/1999 3141/2862/2011 3140/2860/2009 3128/2848/1997
f 3130/2851/2000 3142/2863/2012 3141/2862/2011 3129/2850/1999
f 3131/2852/2001 3143/2864/2013 3142/2863/2012 3130/2851/2000
f 3132/2853/2002 3144/2865/2014 3143/2864/2013 3131/2852/2001
f 3133/2854/2003 3145/2866/2015 3144/2865/2014 3132/2853/2002
f 3134/2855/2004 3146/2867/2016 3145/2866/2015 3133/2854/2003
f 3135/2856/2005 3147/2868/2017 3146/2867/2016 3134/2855/2004
f 3136/2857/2006 3148/2869/2018 3147/2868/2017 3135/2856/2005
f 3137/2858/2007 3149/2870/2019 3148/2869/2018 3136/2857/2006
f 3138/2859/2008 3150/2871/2020 3149/2870/2019 3137/2858/2007
f 3140/2860/2009 3152/2872/2021 3151/2873/2022 3139/2861/2010
f 3141/2862/2011 3153/2874/2023 3152/2872/2021 3140/2860/2009
f 3142/2863/2012 3154/2875/2024 3153/2874/2023 3141/2862/2011
f 3143/2864/2013 3155/2876/2025 3154/2875/2024 3142/2863/2012
f 3144/2865/2014 3156/2877/2026 3155/2876/2025 3143/2864/2013
f 3145/2866/2015 3157/2878/2027 3156/2877/2026 3144/2865/2014
f 3146/2867/2016 3158/2879/2028 3157/2878/2027 3145/2866/2015
f 3147/2868/2017 3159/2880/2029 3158/2879/2028 3146/2867/2016
f 3148/2869/2018 3160/2881/2030 3159/2880/2029 3147/2868/2017
f 3149/2870/2019 3161/2882/2031 3160/2881/2030 3148/2869/2018
f 3150/2871/2020 3162/2883/2032 3161/2882/2031 3149/2870/2019
f 3152/2872/2021 3164/2884/2033 3163/2885/2034 3151/2873/2022
f 3153/2874/2023 3165/2886/2035 3164/2884/2033 3152/2872/2021
f 3154/2875/2024 3166/2887/2036 3165/2886/2035 3153/2874/2023
f 3155/2876/2025 3167/2888/2037 3166/2887/2036 3154/2875/2024
f 3156/2877/2026 3168/2889/2038 3167/2888/2037 3155/2876/2025
f 3157/2878/2027 3169/2890/2039 3168/2889/2038 3156/2877/2026
f 3158/2879/2028 3170/2891/2040 3169/2890/2039 3157/2878/2027
f 3159/2880/2029 3171/2892/2041 3170/2891/2040 3158/2879/2028
f 3160/2881/2030 3172/2893/2042 3171/2892/2041 3159/2880/2029
f 3161/2882/2031 3173/2894/2043 3172/2893/2042 3160/2881/2030
f 3162/2883/2032 3174/2895/2044 3173/2894/2043 3161/2882/2031
f 3164/2884/2033 3176/2896/2045 3175/2897/2046 3163/2885/2034
f 3165/2886/2035 3177/2898/2047 3176/2896/2045 3164/2884/2033
f 3166/2887/2036 3178/2899/2048 3177/2898/2047 3165/2886/2035
f 3167/2888/2037 3179/2900/2049 3178/2899/2048 3166/2887/2036
f 3168/2889/2038 3180/2901/2050 3179/2900/2049 3167/2888/2037
f 3169/2890/2039 3181/2902/2051 3180/2901/2050 3168/2889/2038
f 3170/2891/2040 3182/2903/2052 3181/2902/2051 3169/2890/2039
f 3171/2892/2041 3183/2904/2053 3182/2903/2052 3170/2891/2040
f 3172/2893/2042 3184/2905/2054 3183/2904/2053 3171/2892/2041
f 3173/2894/2043 3185/2906/2055 3184/2905/2054 3172/2893/2042
f 3174/2895/2044 3186/2907/2056 3185/2906/2055 3173/2894/2043
f 3176/2896/2045 3188/2908/2057 3187/2909/2058 3175/2897/2046
f 3177/2898/2047 3189/2910/2059 3188/2908/2057 3176/2896/2045
f 3178/2899/2048 3190/2911/2060 3189/2910/2059 3177/2898/2047
f 3179/2900/2049 3191/2912/2061 3190/2911/2060 3178/2899/2048
f 3180/2901/2050 3192/2913/2062 3191/2912/2061 3179/2900/2049
f 3181/2902/2051 3193/2914/2063 3192/2913/2062 3180/2901/2050
f 3182/2903/2052 3194/2915/2064 3193/2914/2063 3181/2902/2051
f 3183/2904/2053 3195/2916/2065 3194/2915/2064 3182/2903/2052
f 3184/2905/2054 3196/2917/2066 3195/2916/2065 3183/2904/2053
f 3185/2906/2055 3197/2918/2067 3196/2917/2066 3184/2905/2054
f 3186/2907/2056 3198/2919/2068 3197/2918/2067 3185/2906/2055
f 3188/2908/2057 3200/2920/2069 3199/2921/1674 3187/2909/2058
f 3189/2910/2059 3201/2922/2070 3200/2920/2069 3188/2908/2057
f 3190/2911/2060 3202/2923/2071 3201/2922/2070 3189/2910/2059
f 3191/2912/2061 3203/2924/2072 3202/2923/2071 3190/2911/2060
f 3192/2913/2062 3204/2925/2073 3203/2924/2072 3191/2912/2061
f 3193/2914/2063 3205/2926/2074 3204/2925/2073 3192/2913/2062
f 3194/2915/2064 3206/2927/2075 3205/2926/2074 3193/2914/2063
f 3195/2916/2065 3207/2928/2076 3206/2927/2075 3194/2915/2064
f 3196/2917/2066 3208/2929/2077 3207/2928/2076 3195/2916/2065
f 3197/2918/2067 3209/2930/2078 3208/2929/2077 3196/2917/2066
f 3198/2919/2068 3210/2931/2079 3209/2930/2078 3197/2918/2067
f 3200/2920/2069 3212/2932/2080 3211/2933/2081 3199/2921/1674
f 3201/2922/2070 3213/2934/2082 3212/2932/2080 3200/2920/2069
f 3202/2923/2071 3214/2935/2083 3213/2934/2082 3201/2922/2070
f 3203/2924/2072 3215/2936/2084 3214/2935/2083 3202/2923/2071
f 3204/2925/2073 3216/2937/2085 3215/2936/2084 3203/2924/2072
f 3205/2926/2074 3217/2938/2086 3216/2937/2085 3204/2925/2073
f 3206/2927/2075 3218/2939/2087 3217/2938/2086 3205/2926/2074
f 3207/2928/2076 3219/2940/2088 3218/2939/2087 3206/2927/2075
f 3208/2929/2077 3220/2941/2089 3219/2940/2088 3207/2928/2076
f 3209/2930/2078 3221/2942/2090 3220/2941/2089 3208/2929/2077
f 3210/2931/2079 3222/2943/2091 3221/2942/2090 3209/2930/2078
f 3212/2932/2080 3224/2944/2092 3223/2945/2093 3211/2933/2081
f 3213/2934/2082 3225/2946/2094 3224/2944/2092 3212/2932/2080
f 3214/2935/2083 3226/2947/2095 3225/2946/2094 3213/2934/2082
f 3215/2936/2084 3227/2948/2096 3226/2947/2095 3214/2935/2083
f 3216/2937/2085 3228/2949/2097 3227/2948/2096 3215/2936/2084
f 3217/2938/2086 3229/2950/2098 3228/2949/2097 3216/2937/2085
f 3218/2939/2087 3230/2951/2099 3229/2950/2098 3217/2938/2086
f 3219/2940/2088 3231/2952/2100 3230/2951/2099 3218/2939/2087
f 3220/2941/2089 3232/2953/2101 3231/2952/2100 3219/2940/2088
f 3221/2942/2090 3233/2954/2102 3232/2953/2101 3220/2941/2089
f 3222/2943/2091 3234/2955/2103 3233/2954/2102 3221/2942/2090
f 3224/2944/2092 3236/2956/2104 3235/2957/2105 3223/2945/2093
f 3225/2946/2094 3237/2958/2106 3236/2956/2104 3224/2944/2092
f 3226/2947/2095 3238/2959/2107 3237/2958/2106 3225/2946/2094
f 3227/2948/2096 3239/2960/2108 3238/2959/2107 3226/2947/2095
f 3228/2949/2097 3240/2961/2109 3239/2960/2108 3227/2948/2096
f 3229/2950/2098 3241/2962/2110 3240/2961/2109 3228/2949/2097
f 3230/2951/2099 3242/2963/2111 3241/2962/2110 3229/2950/2098
f 3231/2952/2100 3243/2964/2112 3242/2963/2111 3230/2951/2099
f 3232/2953/2101 3244/2965/2113 3243/2964/2112 3231/2952/2100
f 3233/2954/2102 3245/2966/2114 3244/2965/2113 3232/2953/2101
f 3234/2955/2103 3246/2967/2115 3245/2966/2114 3233/2954/2102
f 3236/2956/2104 3248/2968/2116 3247/2969/2117 3235/2957/2105
f 3237/2958/2106 3249/2970/2118 3248/2968/2116 3236/2956/2104
f 3238/2959/2107 3250/2971/2119 3249/2970/2118 3237/2958/2106
f 3239/2960/2108 3251/2972/2120 3250/2971/2119 3238/2959/2107
f 3240/2961/2109 3252/2973/2121 3251/2972/2120 3239/2960/2108
f 3241/2962/2110 3253/2974/2122 3252/2973/2121 3240/2961/2109
f 3242/2963/2111 3254/2975/2123 3253/2974/2122 3241/2962/2110
f 3243/2964/2112 3255/2976/2124 3254/2975/2123 3242/2963/2111
f 3244/2965/2113 3256/2977/2125 3255/2976/2124 3243/2964/2112
f 3245/2966/2114 3257/2978/2126 3256/2977/2125 3244/2965/2113
f 3246/2967/2115 3258/2979/2127 3257/2978/2126 3245/2966/2114
f 3248/2968/2116 3260/2980/2128 3259/2981/2129 3247/2969/2117
f 3249/2970/2118 3261/2982/2130 3260/2980/2128 3248/2968/2116
f 3250/2971/2119 3262/2983/2131 3261/2982/2130 3249/2970/2118
f 3251/2972/2120 3263/2984/2132 3262/2983/2131 3250/2971/2119
f 3252/2973/2121 3264/2985/2133 3263/2984/2132 3251/2972/2120
f 3253/2974/2122 3265/2986/2134 3264/2985/2133 3252/2973/2121
f 3254/2975/2123 3266/2987/2135 3265/2986/2134 3253/2974/2122
f 3255/2976/2124 3267/2988/2136 3266/2987/2135 3254/2975/2123
f 3256/2977/2125 3268/2989/2137 3267/2988/2136 3255/2976/2124
f 3257/2978/2126 3269/2990/2138 3268/2989/2137 3256/2977/2125
f 3258/2979/2127 3270/2991/2139 3269/2990/2138 3257/2978/2126
f 3260/2980/2128 3272/2992/2140 3271/2993/2141 3259/2981/2129
f 3261/2982/2130 3273/2994/2142 3272/2992/2140 3260/2980/2128
f 3262/2983/2131 3274/2995/2143 3273/2994/2142 3261/2982/2130
f 3263/2984/2132 3275/2996/2144 3274/2995/2143 3262/2983/2131
f 3264/2985/2133 3276/2997/2145 3275/2996/2144 3263/2984/2132
f 3265/2986/2134 3277/2998/2146 3276/2997/2145 3264/2985/2133
f 3266/2987/2135 3278/2999/2147 3277/2998/2146 3265/2986/2134
f 3267/2988/2136 3279/3000/2148 3278/2999/2147 3266/2987/2135
f 3268/2989/2137 3280/3001/2149 3279/3000/2148 3267/2988/2136
f 3269/2990/2138 3281/3002/2150 3280/3001/2149 3268/2989/2137
f 3270/2991/2139 3282/3003/2151 3281/3002/2150 3269/2990/2138
f 3272/2992/2140 3284/3004/2152 3283/3005/2153 3271/2993/2141
f 3273/2994/2142 3285/3006/2154 3284/3004/2152 3272/2992/2140
f 3274/2995/2143 3286/3007/2155 3285/3006/2154 3273/2994/2142
f 3275/2996/2144 3287/3008/2156 3286/3007/2155 3274/2995/2143
f 3276/2997/2145 3288/3009/2157 3287/3008/2156 3275/2996/2144
f 3277/2998/2146 3289/3010/2158 3288/3009/2157 3276/2997/2145
f 3278/2999/2147 3290/3011/2159 3289/3010/2158 3277/2998/2146
f 3279/3000/2148 3291/3012/2160 3290/3011/2159 3278/2999/2147
f 3280/3001/2149 3292/3013/2161 3291/3012/2160 3279/3000/2148
f 3281/3002/2150 3293/3014/2162 3292/3013/2161 3280/3001/2149
f 3282/3003/2151 3294/3015/2163 3293/3014/2162 3281/3002/2150
f 3284/3004/2152 3296/3016/2164 3295/3017/2165 3283/3005/2153
f 3285/3006/2154 3297/3018/2166 3296/3016/2164 3284/3004/2152
f 3286/3007/2155 3298/3019/2167 3297/3018/2166 3285/3006/2154
f 3287/3008/2156 3299/3020/2168 3298/3019/2167 3286/3007/2155
f 3288/3009/2157 3300/3021/2169 3299/3020/2168 3287/3008/2156
f 3289/3010/2158 3301/3022/2170 3300/3021/2169 3288/3009/2157
f 3290/3011/2159 3302/3023/2171 3301/3022/2170 3289/3010/2158
f 3291/3012/2160 3303/3024/2172 3302/3023/2171 3290/3011/2159
f 3292/3013/2161 3304/3025/2173 3303/3024/2172 3291/3012/2160
f 3293/3014/2162 3305/3026/2174 3304/3025/2173 3292/3013/2161
f 3294/3015/2163 3306/3027/2175 3305/3026/2174 3293/3014/2162
f 3296/3016/2164 3308/3028/2176 3307/3029/2177 3295/3017/2165
f 3297/3018/2166 3309/3030/2178 3308/3028/2176 3296/3016/2164
f 3298/3019/2167 3310/3031/2179 3309/3030/2178 3297/3018/2166
f 3299/3020/2168 3311/3032/2180 3310/3031/2179 3298/3019/2167
f 3300/3021/2169 3312/3033/2181 3311/3032/2180 3299/3020/2168
f 3301/3022/2170 3313/3034/2182 3312/3033/2181 3300/3021/2169
f 3302/3023/2171 3314/3035/2183 3313/3034/2182 3301/3022/2170
f 3303/3024/2172 3315/3036/2184 3314/3035/2183 3302/3023/2171
f 3304/3025/2173 3316/3037/2185 3315/3036/2184 3303/3024/2172
f 3305/3026/2174 3317/3038/2186 3316/3037/2185 3304/3025/2173
f 3306/3027/2175 3318/3039/2187 3317/3038/2186 3305/3026/2174
f 3308/3028/2176 3320/3040/2188 3319/3041/2189 3307/3029/2177
f 3309/3030/2178 3321/3042/2190 3320/3040/2188 3308/3028/2176
f 3310/3031/2179 3322/3043/2191 3321/3042/2190 3309/3030/2178
f 3311/3032/2180 3323/3044/2192 3322/3043/2191 3310/3031/2179
f 3312/3033/2181 3324/3045/2193 3323/3044/2192 3311/3032/2180
f 3313/3034/2182 3325/3046/2194 3324/3045/2193 3312/3033/2181
f 3314/3035/2183 3326/3047/2195 3325/3046/2194 3313/3034/2182
f 3315/3036/2184 3327/3048/2196 3326/3047/2195 3314/3035/2183
f 3316/3037/2185 3328/3049/2197 3327/3048/2196 3315/3036/2184
f 3317/3038/2186 3329/3050/2198 3328/3049/2197 3316/3037/2185
f 3318/3039/2187 3330/3051/2199 3329/3050/2198 3317/3038/2186
f 3320/3040/2188 3332/3052/2200 3331/3053/2201 3319/3041/2189
f 3321/3042/2190 3333/3054/2202 3332/3052/2200 3320/3040/2188
f 3322/3043/2191 3334/3055/2203 3333/3054/2202 3321/3042/2190
f 3323/3044/2192 3335/3056/2204 3334/3055/2203 3322/3043/2191
f 3324/3045/2193 3336/3057/2205 3335/3056/2204 3323/3044/2192
f 3325/3046/2194 3337/3058/2206 3336/3057/2205 3324/3045/2193
f 3326/3047/2195 3338/3059/2207 3337/3058/2206 3325/3046/2194
f 3327/3048/2196 3339/3060/2208 3338/3059/2207 3326/3047/2195
f 3328/3049/2197 3340/3061/2209 3339/3060/2208 3327/3048/2196
f 3329/3050/2198 3341/3062/2210 3340/3061/2209 3328/3049/2197
f 3330/3051/2199 3342/3063/2211 3341/3062/2210 3329/3050/2198
f 3332/3052/2200 3344/3064/2212 3343/3065/2213 3331/3053/2201
f 3333/3054/2202 3345/3066/2214 3344/3064/2212 3332/3052/2200
f 3334/3055/2203 3346/3067/2215 3345/3066/2214 3333/3054/2202
f 3335/3056/2204 3347/3068/2216 3346/3067/2215 3334/3055/2203
f 3336/3057/2205 3348/3069/2217 3347/3068/2216 3335/3056/2204
f 3337/3058/2206 3349/3070/2218 3348/3069/2217 3336/3057/2205
f 3338/3059/2207 3350/3071/2219 3349/3070/2218 3337/3058/2206
f 3339/3060/2208 3351/3072/2220 3350/3071/2219 3338/3059/2207
f 3340/3061/2209 3352/3073/2221 3351/3072/2220 3339/3060/2208
f 3341/3062/2210 3353/3074/2222 3352/3073/2221 3340/3061/2209
f 3342/3063/2211 3354/3075/2223 3353/3074/2222 3341/3062/2210
f 3344/3064/2212 3356/3076/2224 3355/3077/2225 3343/3065/2213
f 3345/3066/2214 3357/3078/2226 3356/3076/2224 3344/3064/2212
f 3346/3067/2215 3358/3079/2227 3357/3078/2226 3345/3066/2214
f 3347/3068/2216 3359/3080/2228 3358/3079/2227 3346/3067/2215
f 3348/3069/2217 3360/3081/2229 3359/3080/2228 3347/3068/2216
f 3349/3070/2218 3361/3082/2230 3360/3081/2229 3348/3069/2217
f 3350/3071/2219 3362/3083/2231 3361/3082/2230 3349/3070/2218
f 3351/3072/2220 3363/3084/2232 3362/3083/2231 3350/3071/2219
f 3352/3073/2221 3364/3085/2233 3363/3084/2232 3351/3072/2220
f 3353/3074/2222 3365/3086/2234 3364/3085/2233 3352/3073/2221
f 3354/3075/2223 3366/3087/2235 3365/3086/2234 3353/3074/2222
f 3356/3076/2224 3368/3088/2236 3367/3089/2237 3355/3077/2225
f 3357/3078/2226 3369/3090/2238 3368/3088/2236 3356/3076/2224
f 3358/3079/2227 3370/3091/2239 3369/3090/2238 3357/3078/2226
f 3359/3080/2228 3371/3092/2240 3370/3091/2239 3358/3079/2227
f 3360/3081/2229 3372/3093/2241 3371/3092/2240 3359/3080/2228
f 3361/3082/2230 3373/3094/2242 3372/3093/2241 3360/3081/2229
f 3362/3083/2231 3374/3095/2243 3373/3094/2242 3361/3082/2230
f 3363/3084/2232 3375/3096/2244 3374/3095/2243 3362/3083/2231
f 3364/3085/2233 3376/3097/2245 3375/3096/2244 3363/3084/2232
f 3365/3086/2234 3377/3098/2246 3376/3097/2245 3364/3085/2233
f 3366/3087/2235 3378/3099/2247 3377/3098/2246 3365/3086/2234
f 3368/3088/2236 3380/3100/2248 3379/3101/2249 3367/3089/2237
f 3369/3090/2238 3381/3102/2250 3380/3100/2248 3368/3088/2236
f 3370/3091/2239 3382/3103/2251 3381/3102/2250 3369/3090/2238
f 3371/3092/2240 3383/3104/2252 3382/3103/2251 3370/3091/2239
f 3372/3093/2241 3384/3105/2253 3383/3104/2252 3371/3092/2240
f 3373/3094/2242 3385/3106/2254 3384/3105/2253 3372/3093/2241
f 3374/3095/2243 3386/3107/2255 3385/3106/2254 3373/3094/2242
f 3375/3096/2244 3387/3108/2256 3386/3107/2255 3374/3095/2243
f 3376/3097/2245 3388/3109/2257 3387/3108/2256 3375/3096/2244
f 3377/3098/2246 3389/3110/2258 3388/3109/2257 3376/3097/2245
f 3378/3099/2247 3390/3111/2259 3389/3110/2258 3377/3098/2246
f 3380/3100/2248 3392/3112/2260 3391/3113/2261 3379/3101/2249
f 3381/3102/2250 3393/3114/2262 3392/3112/2260 3380/3100/2248
f 3382/3103/2251 3394/3115/2263 3393/3114/2262 3381/3102/2250
f 3383/3104/2252 3395/3116/2264 3394/3115/2263 3382/3103/2251
f 3384/3105/2253 3396/3117/2265 3395/3116/2264 3383/3104/2252
f 3385/3106/2254 3397/3118/2266 3396/3117/2265 3384/3105/2253
f 3386/3107/2255 3398/3119/2267 3397/3118/2266 3385/3106/2254
f 3387/3108/2256 3399/3120/2268 3398/3119/2267 3386/3107/2255
f 3388/3109/2257 3400/3121/2269 3399/3120/2268 3387/3108/2256
f 3389/3110/2258 3401/3122/2270 3400/3121/2269 3388/3109/2257
f 3390/3111/2259 3402/3123/2271 3401/3122/2270 3389/3110/2258
f 3392/3112/2260 3404/3124/2272 3403/3125/2273 3391/3113/2261
f 3393/3114/2262 3405/3126/2274 3404/3124/2272 3392/3112/2260
f 3394/3115/2263 3406/3127/2275 3405/3126/2274 3393/3114/2262
f 3395/3116/2264 3407/3128/2276 3406/3127/2275 3394/3115/2263
f 3396/3117/2265 3408/3129/2277 3407/3128/2276 3395/3116/2264
f 3397/3118/2266 3409/3130/2278 3408/3129/2277 3396/3117/2265
f 3398/3119/2267 3410/3131/2279 3409/3130/2278 3397/3118/2266
f 3399/3120/2268 3411/3132/2280 3410/3131/2279 3398/3119/2267
f 3400/3121/2269 3412/3133/2281 3411/3132/2280 3399/3120/2268
f 3401/3122/2270 3413/3134/2282 3412/3133/2281 3400/3121/2269
f 3402/3123/2271 3414/3135/2283 3413/3134/2282 3401/3122/2270
f 3404/3124/2272 3416/3136/2284 3415/3137/2285 3403/3125/2273
f 3405/3126/2274 3417/3138/2286 3416/3136/2284 3404/3124/2272
f 3406/3127/2275 3418/3139/2287 3417/3138/2286 3405/3126/2274
f 3407/3128/2276 3419/3140/2288 3418/3139/2287 3406/3127/2275
f 3408/3129/2277 3420/3141/2289 3419/3140/2288 3407/3128/2276
f 3409/3130/2278 3421/3142/2290 3420/3141/2289 3408/3129/2277
f 3410/3131/2279 3422/3143/2291 3421/3142/2290 3409/3130/2278
f 3411/3132/2280 3423/3144/2292 3422/3143/2291 3410/3131/2279
f 3412/3133/2281 3424/3145/2293 3423/3144/2292 3411/3132/2280
f 3413/3134/2282 3425/3146/2294 3424/3145/2293 3412/3133/2281
f 3414/3135/2283 3426/3147/2295 3425/3146/2294 3413/3134/2282
f 3416/3136/2284 3428/3148/2296 3427/3149/2297 3415/3137/2285
f 3417/3138/2286 3429/3150/2298 3428/3148/2296 3416/3136/2284
f 3418/3139/2287 3430/3151/2299 3429/3150/2298 3417/3138/2286
f 3419/3140/2288 3431/3152/2300 3430/3151/2299 3418/3139/2287
f 3420/3141/2289 3432/3153/2301 3431/3152/2300 3419/3140/2288
f 3421/3142/2290 3433/3154/2302 3432/3153/2301 3420/3141/2289
f 3422/3143/2291 3434/3155/2303 3433/3154/2302 3421/3142/2290
f 3423/3144/2292 3435/3156/2304 3434/3155/2303 3422/3143/2291
f 3424/3145/2293 3436/3157/2305 3435/3156/2304 3423/3144/2292
f 3425/3146/2294 3437/3158/2306 3436/3157/2305 3424/3145/2293
f 3426/3147/2295 3438/3159/2307 3437/3158/2306 3425/3146/2294
f 3428/3148/2296 3440/3160/2308 3439/3161/2309 3427/3149/2297
f 3429/3150/2298 3441/3162/2310 3440/3160/2308 3428/3148/2296
f 3430/3151/2299 3442/3163/2311 3441/3162/2310 3429/3150/2298
f 3431/3152/2300 3443/3164/2312 3442/3163/2311 3430/3151/2299
f 3432/3153/2301 3444/3165/2313 3443/3164/2312 3431/3152/2300
f 3433/3154/2302 3445/3166/2314 3444/3165/2313 3432/3153/2301
f 3434/3155/2303 3446/3167/2315 3445/3166/2314 3433/3154/2302
f 3435/3156/2304 3447/3168/2316 3446/3167/2315 3434/3155/2303
f 3436/3157/2305 3448/3169/2317 3447/3168/2316 3435/3156/2304
f 3437/3158/2306 3449/3170/2318 3448/3169/2317 3436/3157/2305
f 3438/3159/2307 3450/3171/2319 3449/3170/2318 3437/3158/2306
f 3440/3160/2308 3452/3172/2320 3451/3173/2321 3439/3161/2309
f 3441/3162/2310 3453/3174/2322 3452/3172/2320 3440/3160/2308
f 3442/3163/2311 3454/3175/2323 3453/3174/2322 3441/3162/2310
f 3443/3164/2312 3455/3176/2324 3454/3175/2323 3442/3163/2311
f 3444/3165/2313 3456/3177/2325 3455/3176/2324 3443/3164/2312
f 3445/3166/2314 3457/3178/2326 3456/3177/2325 3444/3165/2313
f 3446/3167/2315 3458/3179/2327 3457/3178/2326 3445/3166/2314
f 3447/3168/2316 3459/3180/2328 3458/3179/2327 3446/3167/2315
f 3448/3169/2317 3460/3181/2329 3459/3180/2328 3447/3168/2316
f 3449/3170/2318 3461/3182/2330 3460/3181/2329 3448/3169/2317
f 3450/3171/2319 3462/3183/2331 3461/3182/2330 3449/3170/2318
f 3452/3172/2320 3464/3184/2332 3463/3185/2333 3451/3173/2321
f 3453/3174/2322 3465/3186/2334 3464/3184/2332 3452/3172/2320
f 3454/3175/2323 3466/3187/2335 3465/3186/2334 3453/3174/2322
f 3455/3176/2324 3467/3188/2336 3466/3187/2335 3454/3175/2323
f 3456/3177/2325 3468/3189/2337 3467/3188/2336 3455/3176/2324
f 3457/3178/2326 3469/3190/2338 3468/3189/2337 3456/3177/2325
f 3458/3179/2327 3470/3191/2339 3469/3190/2338 3457/3178/2326
f 3459/3180/2328 3471/3192/2340 3470/3191/2339 3458/3179/2327
f 3460/3181/2329 3472/3193/2341 3471/3192/2340 3459/3180/2328
f 3461/3182/2330 3473/3194/2342 3472/3193/2341 3460/3181/2329
f 3462/3183/2331 3474/3195/2343 3473/3194/2342 3461/3182/2330
f 3464/3184/2332 3476/3196/2344 3475/3197/2345 3463/3185/2333
f 3465/3186/2334 3477/3198/2346 3476/3196/2344 3464/3184/2332
f 3466/3187/2335 3478/3199/2347 3477/3198/2346 3465/3186/2334
f 3467/3188/2336 3479/3200/2348 3478/3199/2347 3466/3187/2335
f 3468/3189/2337 3480/3201/2349 3479/3200/2348 3467/3188/2336
f 3469/3190/2338 3481/3202/2350 3480/3201/2349 3468/3189/2337
f 3470/3191/2339 3482/3203/2351 3481/3202/2350 3469/3190/2338
f 3471/3192/2340 3483/3204/2352 3482/3203/2351 3470/3191/2339
f 3472/3193/2341 3484/3205/2353 3483/3204/2352 3471/3192/2340
f 3473/3194/2342 3485/3206/2354 3484/3205/2353 3472/3193/2341
f 3474/3195/2343 3486/3207/2355 3485/3206/2354 3473/3194/2342
f 3476/3196/2344 3488/3208/2356 3487/3209/2357 3475/3197/2345
f 3477/3198/2346 3489/3210/2358 3488/3208/2356 3476/3196/2344
f 3478/3199/2347 3490/3211/2359 3489/3210/2358 3477/3198/2346
f 3479/3200/2348 3491/3212/2360 3490/3211/2359 3478/3199/2347
f 3480/3201/2349 3492/3213/2361 3491/3212/2360 3479/3200/2348
f 3481/3202/2350 3493/3214/2362 3492/3213/2361 3480/3201/2349
f 3482/3203/2351 3494/3215/2363 3493/3214/2362 3481/3202/2350
f 3483/3204/2352 3495/3216/2364 3494/3215/2363 3482/3203/2351
f 3484/3205/2353 3496/3217/2365 3495/3216/2364 3483/3204/2352
f 3485/3206/2354 3497/3218/2366 3496/3217/2365 3484/3205/2353
f 3486/3207/2355 3498/3219/2367 3497/3218/2366 3485/3206/2354
f 3488/3208/2356 3500/3220/2368 3499/3221/2369 3487/3209/2357
f 3489/3210/2358 3501/3222/2370 3500/3220/2368 3488/3208/2356
f 3490/3211/2359 3502/3223/2371 3501/3222/2370 3489/3210/2358
f 3491/3212/2360 3503/3224/2372 3502/3223/2371 3490/3211/2359
f 3492/3213/2361 3504/3225/2373 3503/3224/2372 3491/3212/2360
f 3493/3214/2362 3505/3226/2374 3504/3225/2373 3492/3213/2361
f 3494/3215/2363 3506/3227/2375 3505/3226/2374 3493/3214/2362
f 3495/3216/2364 3507/3228/2376 3506/3227/2375 3494/3215/2363
f 3496/3217/2365 3508/3229/2377 3507/3228/2376 3495/3216/2364
f 3497/3218/2366 3509/3230/2378 3508/3229/2377 3496/3217/2365
f 3498/3219/2367 3510/3231/2379 3509/3230/2378 3497/3218/2366
f 3500/3220/2368 3512/3232/2380 3511/3233/2381 3499/3221/2369
f 3501/3222/2370 3513/3234/2382 3512/3232/2380 3500/3220/2368
f 3502/3223/2371 3514/3235/2383 3513/3234/2382 3501/3222/2370
f 3503/3224/2372 3515/3236/2384 3514/3235/2383 3502/3223/2371
f 3504/3225/2373 3516/3237/2385 3515/3236/2384 3503/3224/2372
f 3505/3226/2374 3517/3238/2386 3516/3237/2385 3504/3225/2373
f 3506/3227/2375 3518/3239/2387 3517/3238/2386 3505/3226/2374
f 3507/3228/2376 3519/3240/2388 3518/3239/2387 3506/3227/2375
f 3508/3229/2377 3520/3241/2389 3519/3240/2388 3507/3228/2376
f 3509/3230/2378 3521/3242/2390 3520/3241/2389 3508/3229/2377
f 3510/3231/2379 3522/3243/2391 3521/3242/2390 3509/3230/2378
f 3512/3232/2380 3524/3244/2392 3523/3245/2393 3511/3233/2381
f 3513/3234/2382 3525/3246/2394 3524/3244/2392 3512/3232/2380
f 3514/3235/2383 3526/3247/2395 3525/3246/2394 3513/3234/2382
f 3515/3236/2384 3527/3248/2396 3526/3247/2395 3514/3235/2383
f 3516/3237/2385 3528/3249/2397 3527/3248/2396 3515/3236/2384
f 3517/3238/2386 3529/3250/2398 3528/3249/2397 3516/3237/2385
f 3518/3239/2387 3530/3251/2399 3529/3250/2398 3517/3238/2386
f 3519/3240/2388 3531/3252/2400 3530/3251/2399 3518/3239/2387
f 3520/3241/2389 3532/3253/2401 3531/3252/2400 3519/3240/2388
f 3521/3242/2390 3533/3254/2402 3532/3253/2401 3520/3241/2389
f 3522/3243/2391 3534/3255/2403 3533/3254/2402 3521/3242/2390
f 3524/3244/2392 3536/3256/2404 3535/3257/2405 3523/3245/2393
f 3525/3246/2394 3537/3258/2406 3536/3256/2404 3524/3244/2392
f 3526/3247/2395 3538/3259/2407 3537/3258/2406 3525/3246/2394
f 3527/3248/2396 3539/3260/2408 3538/3259/2407 3526/3247/2395
f 3528/3249/2397 3540/3261/2409 3539/3260/2408 3527/3248/2396
f 3529/3250/2398 3541/3262/2410 3540/3261/2409 3528/3249/2397
f 3530/3251/2399 3542/3263/2411 3541/3262/2410 3529/3250/2398
f 3531/3252/2400 3543/3264/2412 3542/3263/2411 3530/3251/2399
f 3532/3253/2401 3544/3265/2413 3543/3264/2412 3531/3252/2400
f 3533/3254/2402 3545/3266/2414 3544/3265/2413 3532/3253/2401
f 3534/3255/2403 3546/3267/2415 3545/3266/2414 3533/3254/2402
f 3536/3256/2404 3548/3268/2416 3547/3269/2417 3535/3257/2405
f 3537/3258/2406 3549/3270/2418 3548/3268/2416 3536/3256/2404
f 3538/3259/2407 3550/3271/2419 3549/3270/2418 3537/3258/2406
f 3539/3260/2408 3551/3272/2420 3550/3271/2419 3538/3259/2407
f 3540/3261/2409 3552/3273/2421 3551/3272/2420 3539/3260/2408
f 3541/3262/2410 3553/3274/2422 3552/3273/2421 3540/3261/2409
f 3542/3263/2411 3554/3275/2423 3553/3274/2422 3541/3262/2410
f 3543/3264/2412 3555/3276/2424 3554/3275/2423 3542/3263/2411
f 3544/3265/2413 3556/3277/2425 3555/3276/2424 3543/3264/2412
f 3545/3266/2414 3557/3278/2426 3556/3277/2425 3544/3265/2413
f 3546/3267/2415 3558/3279/2427 3557/3278/2426 3545/3266/2414
f 3548/3268/2416 3560/3280/2428 3559/3281/2429 3547/3269/2417
f 3549/3270/2418 3561/3282/2430 3560/3280/2428 3548/3268/2416
f 3550/3271/2419 3562/3283/2431 3561/3282/2430 3549/3270/2418
f 3551/3272/2420 3563/3284/2432 3562/3283/2431 3550/3271/2419
f 3552/3273/2421 3564/3285/2433 3563/3284/2432 3551/3272/2420
f 3553/3274/2422 3565/3286/2434 3564/3285/2433 3552/3273/2421
f 3554/3275/2423 3566/3287/2435 3565/3286/2434 3553/3274/2422
f 3555/3276/2424 3567/3288/2436 3566/3287/2435 3554/3275/2423
f 3556/3277/2425 3568/3289/2437 3567/3288/2436 3555/3276/2424
f 3557/3278/2426 3569/3290/2438 3568/3289/2437 3556/3277/2425
f 3558/3279/2427 3570/3291/2439 3569/3290/2438 3557/3278/2426
f 3560/3280/2428 2108/1533/977 2107/1299/980 3559/3281/2429
f 3561/3282/2430 2109/1534/981 2108/1533/977 3560/3280/2428
f 3562/3283/2431 2110/1535/983 2109/1534/981 3561/3282/2430
f 3563/3284/2432 2111/1536/985 2110/1535/983 3562/3283/2431
f 3564/3285/2433 2112/1537/987 2111/1536/985 3563/3284/2432
f 3565/3286/2434 2113/1538/989 2112/1537/987 3564/3285/2433
f 3566/3287/2435 2114/1539/991 2113/1538/989 3565/3286/2434
f 3567/3288/2436 2115/1540/993 2114/1539/991 3566/3287/2435
f 3568/3289/2437 2116/1541/995 2115/1540/993 3567/3288/2436
f 3569/3290/2438 2117/1542/997 2116/1541/995 3568/3289/2437
f 3570/3291/2439 2118/1543/999 2117/1542/997 3569/3290/2438
f 3572/1445/845 3584/1446/773 3583/1427/774 3571/1301/774
f 3573/1447/847 3585/1448/775 3584/1446/773 3572/1445/845
f 3574/1449/849 3586/1450/776 3585/1448/775 3573/1447/847
f 3575/1451/851 3587/1452/777 3586/1450/776 3574/1449/849
f 3576/1453/853 3588/1454/778 3587/1452/777 3575/1451/851
f 3577/1455/855 3589/1456/779 3588/1454/778 3576/1453/853
f 3578/1457/857 3590/1458/780 3589/1456/779 3577/1455/855
f 3579/1459/859 3591/1460/781 3590/1458/780 3578/1457/857
f 3580/1461/861 3592/1462/782 3591/1460/781 3579/1459/859
f 3581/1463/863 3593/1464/783 3592/1462/782 3580/1461/861
f 3582/1465/784 3594/1466/784 3593/1464/783 3581/1463/863
f 3584/1446/773 3596/1467/690 3595/1429/693 3583/1427/774
f 3585/1448/775 3597/1468/694 3596/1467/690 3584/1446/773
f 3586/1450/776 3598/1469/696 3597/1468/694 3585/1448/775
f 3587/1452/777 3599/1470/698 3598/1469/696 3586/1450/776
f 3588/1454/778 3600/1471/700 3599/1470/698 3587/1452/777
f 3589/1456/779 3601/1472/702 3600/1471/700 3588/1454/778
f 3590/1458/780 3602/1473/704 3601/1472/702 3589/1456/779
f 3591/1460/781 3603/1474/706 3602/1473/704 3590/1458/780
f 3592/1462/782 3604/1475/708 3603/1474/706 3591/1460/781
f 3593/1464/783 3605/1476/710 3604/1475/708 3592/1462/782
f 3594/1466/784 3606/1477/712 3605/1476/710 3593/1464/783
f 3596/1467/690 3608/1478/870 3607/1430/693 3595/1429/693
f 3597/1468/694 3609/1479/871 3608/1478/870 3596/1467/690
f 3598/1469/696 3610/1480/872 3609/1479/871 3597/1468/694
f 3599/1470/698 3611/1481/873 3610/1480/872 3598/1469/696
f 3600/1471/700 3612/1482/2440 3611/1481/873 3599/1470/698
f 3601/1472/702 3613/1483/2441 3612/1482/2440 3600/1471/700
f 3602/1473/704 3614/1484/2442 3613/1483/2441 3601/1472/702
f 3603/1474/706 3615/1485/877 3614/1484/2442 3602/1473/704
f 3604/1475/708 3616/1486/878 3615/1485/877 3603/1474/706
f 3605/1476/710 3617/1487/879 3616/1486/878 3604/1475/708
f 3606/1477/712 3618/1488/712 3617/1487/879 3605/1476/710
f 3608/1478/870 3620/1489/690 3619/1426/693 3607/1430/693
f 3609/1479/871 3621/1490/694 3620/1489/690 3608/1478/870
f 3610/1480/872 3622/1491/696 3621/1490/694 3609/1479/871
f 3611/1481/873 3623/1492/698 3622/1491/696 3610/1480/872
f 3612/1482/2440 3624/1493/700 3623/1492/698 3611/1481/873
f 3613/1483/2441 3625/1494/702 3624/1493/700 3612/1482/2440
f 3614/1484/2442 3626/1495/704 3625/1494/702 3613/1483/2441
f 3615/1485/877 3627/1496/706 3626/1495/704 3614/1484/2442
f 3616/1486/878 3628/1497/708 3627/1496/706 3615/1485/877
f 3617/1487/879 3629/1498/710 3628/1497/708 3616/1486/878
f 3618/1488/712 3630/1499/712 3629/1498/710 3617/1487/879
f 3620/1489/690 3632/1500/785 3631/1425/786 3619/1426/693
f 3621/1490/694 3633/1501/787 3632/1500/785 3620/1489/690
f 3622/1491/696 3634/1502/788 3633/1501/787 3621/1490/694
f 3623/1492/698 3635/1503/789 3634/1502/788 3622/1491/696
f 3624/1493/700 3636/1504/790 3635/1503/789 3623/1492/698
f 3625/1494/702 3637/1505/791 3636/1504/790 3624/1493/700
f 3626/1495/704 3638/1506/792 3637/1505/791 3625/1494/702
f 3627/1496/706 3639/1507/793 3638/1506/792 3626/1495/704
f 3628/1497/708 3640/1508/794 3639/1507/793 3627/1496/706
f 3629/1498/710 3641/1509/795 3640/1508/794 3628/1497/708
f 3630/1499/712 3642/1510/796 3641/1509/795 3629/1498/710
f 3632/1500/785 3644/1511/833 3643/1424/834 3631/1425/786
f 3633/1501/787 3645/1512/835 3644/1511/833 3632/1500/785
f 3634/1502/788 3646/1513/836 3645/1512/835 3633/1501/787
f 3635/1503/789 3647/1514/837 3646/1513/836 3634/1502/788
f 3636/1504/790 3648/1515/838 3647/1514/837 3635/1503/789
f 3637/1505/791 3649/1516/839 3648/1515/838 3636/1504/790
f 3638/1506/792 3650/1517/840 3649/1516/839 3637/1505/791
f 3639/1507/793 3651/1518/841 3650/1517/840 3638/1506/792
f 3640/1508/794 3652/1519/842 3651/1518/841 3639/1507/793
f 3641/1509/795 3653/1520/843 3652/1519/842 3640/1508/794
f 3642/1510/796 3654/1521/844 3653/1520/843 3641/1509/795
f 3644/1511/833 3656/1522/773 3655/1428/774 3643/1424/834
f 3645/1512/835 3657/1523/775 3656/1522/773 3644/1511/833
f 3646/1513/836 3658/1524/776 3657/1523/775 3645/1512/835
f 3647/1514/837 3659/1525/777 3658/1524/776 3646/1513/836
f 3648/1515/838 3660/1526/778 3659/1525/777 3647/1514/837
f 3649/1516/839 3661/1527/779 3660/1526/778 3648/1515/838
f 3650/1517/840 3662/1528/780 3661/1527/779 3649/1516/839
f 3651/1518/841 3663/1529/781 3662/1528/780 3650/1517/840
f 3652/1519/842 3664/1530/782 3663/1529/781 3651/1518/841
f 3653/1520/843 3665/1531/783 3664/1530/782 3652/1519/842
f 3654/1521/844 3666/1532/784 3665/1531/783 3653/1520/843
f 3656/1522/773 3572/1533/845 3571/1299/774 3655/1428/774
f 3657/1523/775 3573/1534/847 3572/1533/845 3656/1522/773
f 3658/1524/776 3574/1535/849 3573/1534/847 3657/1523/775
f 3659/1525/777 3575/1536/851 3574/1535/849 3658/1524/776
f 3660/1526/778 3576/1537/853 3575/1536/851 3659/1525/777
f 3661/1527/779 3577/1538/855 3576/1537/853 3660/1526/778
f 3662/1528/780 3578/1539/857 3577/1538/855 3661/1527/779
f 3663/1529/781 3579/1540/859 3578/1539/857 3662/1528/780
f 3664/1530/782 3580/1541/861 3579/1540/859 3663/1529/781
f 3665/1531/783 3581/1542/863 3580/1541/861 3664/1530/782
f 3666/1532/784 3582/1543/784 3581/1542/863 3665/1531/783
