# Blender 5.1.2
# www.blender.org
mtllib ruby_shard.mtl
o ruby_crystal_body
v 0.000000 2.680000 0.000000
v 0.451000 2.082000 0.000000
v 0.406337 2.082000 -0.140891
v 0.281194 2.082000 -0.253876
v 0.100357 2.082000 -0.316579
v -0.100357 2.082000 -0.316579
v -0.281194 2.082000 -0.253876
v -0.406337 2.082000 -0.140891
v -0.451000 2.082000 -0.000000
v -0.406337 2.082000 0.140891
v -0.281194 2.082000 0.253876
v -0.100357 2.082000 0.316579
v 0.100357 2.082000 0.316579
v 0.281194 2.082000 0.253876
v 0.406337 2.082000 0.140891
v 0.536210 1.380000 -0.088118
v 0.430007 1.380000 -0.246902
v 0.238636 1.380000 -0.356784
v 0.000000 1.380000 -0.396000
v -0.238636 1.380000 -0.356784
v -0.430007 1.380000 -0.246902
v -0.536210 1.380000 -0.088118
v -0.536210 1.380000 0.088118
v -0.430007 1.380000 0.246902
v -0.238636 1.380000 0.356784
v -0.000000 1.380000 0.396000
v 0.238636 1.380000 0.356784
v 0.430007 1.380000 0.246902
v 0.536210 1.380000 0.088118
v 0.396000 0.652000 0.000000
v 0.356784 0.652000 -0.123709
v 0.246902 0.652000 -0.222916
v 0.088118 0.652000 -0.277971
v -0.088118 0.652000 -0.277971
v -0.246902 0.652000 -0.222916
v -0.356784 0.652000 -0.123709
v -0.396000 0.652000 -0.000000
v -0.356784 0.652000 0.123709
v -0.246902 0.652000 0.222916
v -0.088118 0.652000 0.277971
v 0.088118 0.652000 0.277971
v 0.246902 0.652000 0.222916
v 0.356784 0.652000 0.123709
v 0.000000 0.080000 0.000000
vn -0.0000 1.0000 -0.0000
vn 0.9474 0.2977 -0.1175
vn 0.7414 0.2702 -0.6142
vn 0.9841 -0.0334 -0.1744
vn 0.7424 -0.0298 -0.6692
vn 0.7415 0.2702 -0.6142
vn 0.9406 -0.3143 -0.1286
vn 0.7319 -0.2850 -0.6189
vn 0.7425 -0.0298 -0.6692
vn 0.9405 -0.3144 -0.1286
vn -0.0000 -1.0000 -0.0000
vn 0.4176 0.2370 -0.8772
vn 0.7424 -0.0298 -0.6693
vn 0.4009 -0.0260 -0.9158
vn 0.4176 0.2369 -0.8772
vn 0.7319 -0.2850 -0.6190
vn 0.4094 -0.2504 -0.8773
vn 0.4009 -0.0260 -0.9157
vn 0.0952 0.2208 -0.9707
vn 0.0702 -0.0243 -0.9972
vn 0.0952 0.2207 -0.9707
vn 0.4094 -0.2503 -0.8773
vn 0.0886 -0.2337 -0.9683
vn 0.0703 -0.0243 -0.9972
vn 0.0885 -0.2337 -0.9683
vn -0.0001 1.0000 -0.0000
vn -0.2214 0.2248 -0.9489
vn -0.2550 -0.0249 -0.9666
vn -0.2272 -0.2384 -0.9442
vn -0.2550 -0.0250 -0.9666
vn 0.0885 -0.2338 -0.9683
vn 0.0001 -1.0000 -0.0000
vn -0.5486 0.2487 -0.7982
vn -0.2551 -0.0250 -0.9666
vn -0.5954 -0.0279 -0.8030
vn -0.5486 0.2486 -0.7983
vn -0.5531 -0.2639 -0.7902
vn -0.5953 -0.0280 -0.8030
vn -0.8498 0.2842 -0.4440
vn -0.5487 0.2486 -0.7982
vn -0.5954 -0.0279 -0.8029
vn -0.9069 -0.0322 -0.4201
vn -0.8498 0.2841 -0.4440
vn -0.5954 -0.0280 -0.8029
vn -0.5532 -0.2639 -0.7902
vn -0.8501 -0.3011 -0.4320
vn -0.5532 -0.2640 -0.7902
vn 0.0001 -1.0000 -0.0001
vn -0.8501 -0.3011 -0.4319
vn -0.9474 0.2977 0.1174
vn -0.8498 0.2842 -0.4439
vn -0.9069 -0.0322 -0.4200
vn -0.9841 -0.0334 0.1744
vn -0.8502 -0.3010 -0.4319
vn -0.9406 -0.3143 0.1285
vn -0.9841 -0.0335 0.1743
vn -0.8502 -0.3011 -0.4319
vn -0.0000 -1.0000 -0.0001
vn -0.9406 -0.3143 0.1286
vn -0.9474 0.2977 0.1175
vn -0.7414 0.2702 0.6142
vn -0.7424 -0.0298 0.6692
vn -0.7415 0.2702 0.6142
vn -0.7319 -0.2850 0.6189
vn -0.7425 -0.0298 0.6692
vn -0.9405 -0.3144 0.1286
vn -0.4176 0.2370 0.8772
vn -0.7424 -0.0298 0.6693
vn -0.4009 -0.0260 0.9158
vn -0.4176 0.2369 0.8772
vn -0.7319 -0.2850 0.6190
vn -0.4094 -0.2504 0.8773
vn -0.4009 -0.0260 0.9157
vn -0.0952 0.2208 0.9707
vn -0.0702 -0.0243 0.9972
vn -0.0952 0.2207 0.9707
vn -0.4094 -0.2503 0.8773
vn -0.0886 -0.2337 0.9683
vn -0.0703 -0.0243 0.9972
vn -0.0885 -0.2337 0.9683
vn 0.0001 1.0000 -0.0000
vn 0.2214 0.2248 0.9489
vn 0.2550 -0.0249 0.9666
vn 0.2272 -0.2384 0.9442
vn 0.2550 -0.0250 0.9666
vn -0.0885 -0.2338 0.9683
vn -0.0001 -1.0000 -0.0000
vn 0.5486 0.2487 0.7982
vn 0.2551 -0.0250 0.9666
vn 0.5954 -0.0279 0.8030
vn 0.5486 0.2486 0.7983
vn 0.5531 -0.2639 0.7902
vn 0.5953 -0.0280 0.8030
vn 0.8498 0.2842 0.4440
vn 0.5487 0.2486 0.7982
vn 0.5954 -0.0279 0.8029
vn 0.9069 -0.0322 0.4201
vn 0.8498 0.2841 0.4440
vn 0.5954 -0.0280 0.8029
vn 0.5532 -0.2639 0.7902
vn 0.8501 -0.3011 0.4320
vn 0.5532 -0.2640 0.7902
vn -0.0001 -1.0000 0.0001
vn 0.8501 -0.3011 0.4319
vn 0.9474 0.2977 -0.1174
vn 0.8498 0.2842 0.4439
vn 0.9069 -0.0322 0.4200
vn 0.8502 -0.3010 0.4319
vn 0.9406 -0.3143 -0.1285
vn 0.9841 -0.0335 -0.1743
vn 0.8502 -0.3011 0.4319
vn -0.0000 -1.0000 0.0001
s 0
usemtl ruby_transparent_crystal
f 1//1 2//2 3//3
f 2//2 16//4 17//5 3//6
f 16//4 30//7 31//8 17//9
f 30//10 44//11 31//8
f 1//1 3//3 4//12
f 3//3 17//13 18//14 4//15
f 17//13 31//16 32//17 18//18
f 31//16 44//11 32//17
f 1//1 4//12 5//19
f 4//12 18//14 19//20 5//21
f 18//14 32//22 33//23 19//24
f 32//17 44//11 33//25
f 1//26 5//19 6//27
f 5//21 19//20 20//28 6//27
f 19//20 33//25 34//29 20//30
f 33//31 44//32 34//29
f 1//1 6//27 7//33
f 6//27 20//34 21//35 7//36
f 20//34 34//29 35//37 21//38
f 34//29 44//32 35//37
f 1//1 7//33 8//39
f 7//40 21//41 22//42 8//43
f 21//44 35//45 36//46 22//42
f 35//47 44//48 36//49
f 1//1 8//39 9//50
f 8//51 22//52 23//53 9//50
f 22//42 36//54 37//55 23//56
f 36//57 44//58 37//59
f 1//1 9//60 10//61
f 9//60 23//53 24//62 10//63
f 23//53 37//59 38//64 24//65
f 37//66 44//11 38//64
f 1//1 10//61 11//67
f 10//61 24//68 25//69 11//70
f 24//68 38//71 39//72 25//73
f 38//71 44//11 39//72
f 1//1 11//67 12//74
f 11//67 25//69 26//75 12//76
f 25//69 39//77 40//78 26//79
f 39//72 44//11 40//80
f 1//81 12//74 13//82
f 12//76 26//75 27//83 13//82
f 26//75 40//80 41//84 27//85
f 40//86 44//87 41//84
f 1//1 13//82 14//88
f 13//82 27//89 28//90 14//91
f 27//89 41//84 42//92 28//93
f 41//84 44//87 42//92
f 1//1 14//88 15//94
f 14//95 28//96 29//97 15//98
f 28//99 42//100 43//101 29//97
f 42//102 44//103 43//104
f 1//1 15//94 2//105
f 15//106 29//107 16//4 2//105
f 29//97 43//108 30//109 16//110
f 43//111 44//112 30//7
o ruby_display_base_top
v 0.000000 -0.120000 -0.700000
v 0.000000 0.060000 -0.700000
v 0.068612 -0.120000 -0.696629
v 0.068612 0.060000 -0.696629
v 0.136563 -0.120000 -0.686550
v 0.136563 0.060000 -0.686550
v 0.203199 -0.120000 -0.669858
v 0.203199 0.060000 -0.669858
v 0.267878 -0.120000 -0.646716
v 0.267878 0.060000 -0.646716
v 0.329978 -0.120000 -0.617345
v 0.329978 0.060000 -0.617345
v 0.388899 -0.120000 -0.582029
v 0.388899 0.060000 -0.582029
v 0.444075 -0.120000 -0.541107
v 0.444075 0.060000 -0.541107
v 0.494975 -0.120000 -0.494975
v 0.494975 0.060000 -0.494975
v 0.541107 -0.120000 -0.444075
v 0.541107 0.060000 -0.444075
v 0.582029 -0.120000 -0.388899
v 0.582029 0.060000 -0.388899
v 0.617345 -0.120000 -0.329978
v 0.617345 0.060000 -0.329978
v 0.646716 -0.120000 -0.267878
v 0.646716 0.060000 -0.267878
v 0.669858 -0.120000 -0.203199
v 0.669858 0.060000 -0.203199
v 0.686550 -0.120000 -0.136563
v 0.686550 0.060000 -0.136563
v 0.696629 -0.120000 -0.068612
v 0.696629 0.060000 -0.068612
v 0.700000 -0.120000 0.000000
v 0.700000 0.060000 0.000000
v 0.696629 -0.120000 0.068612
v 0.696629 0.060000 0.068612
v 0.686550 -0.120000 0.136563
v 0.686550 0.060000 0.136563
v 0.669858 -0.120000 0.203199
v 0.669858 0.060000 0.203199
v 0.646716 -0.120000 0.267878
v 0.646716 0.060000 0.267878
v 0.617345 -0.120000 0.329978
v 0.617345 0.060000 0.329978
v 0.582029 -0.120000 0.388899
v 0.582029 0.060000 0.388899
v 0.541107 -0.120000 0.444075
v 0.541107 0.060000 0.444075
v 0.494975 -0.120000 0.494975
v 0.494975 0.060000 0.494975
v 0.444075 -0.120000 0.541107
v 0.444075 0.060000 0.541107
v 0.388899 -0.120000 0.582029
v 0.388899 0.060000 0.582029
v 0.329978 -0.120000 0.617345
v 0.329978 0.060000 0.617345
v 0.267878 -0.120000 0.646716
v 0.267878 0.060000 0.646716
v 0.203199 -0.120000 0.669858
v 0.203199 0.060000 0.669858
v 0.136563 -0.120000 0.686550
v 0.136563 0.060000 0.686550
v 0.068612 -0.120000 0.696629
v 0.068612 0.060000 0.696629
v 0.000000 -0.120000 0.700000
v 0.000000 0.060000 0.700000
v -0.068612 -0.120000 0.696629
v -0.068612 0.060000 0.696629
v -0.136563 -0.120000 0.686550
v -0.136563 0.060000 0.686550
v -0.203199 -0.120000 0.669858
v -0.203199 0.060000 0.669858
v -0.267878 -0.120000 0.646716
v -0.267878 0.060000 0.646716
v -0.329978 -0.120000 0.617345
v -0.329978 0.060000 0.617345
v -0.388899 -0.120000 0.582029
v -0.388899 0.060000 0.582029
v -0.444075 -0.120000 0.541107
v -0.444075 0.060000 0.541107
v -0.494975 -0.120000 0.494975
v -0.494975 0.060000 0.494975
v -0.541107 -0.120000 0.444075
v -0.541107 0.060000 0.444075
v -0.582029 -0.120000 0.388899
v -0.582029 0.060000 0.388899
v -0.617345 -0.120000 0.329978
v -0.617345 0.060000 0.329978
v -0.646716 -0.120000 0.267878
v -0.646716 0.060000 0.267878
v -0.669858 -0.120000 0.203199
v -0.669858 0.060000 0.203199
v -0.686550 -0.120000 0.136563
v -0.686550 0.060000 0.136563
v -0.696629 -0.120000 0.068612
v -0.696629 0.060000 0.068612
v -0.700000 -0.120000 0.000000
v -0.700000 0.060000 0.000000
v -0.696629 -0.120000 -0.068612
v -0.696629 0.060000 -0.068612
v -0.686550 -0.120000 -0.136563
v -0.686550 0.060000 -0.136563
v -0.669858 -0.120000 -0.203199
v -0.669858 0.060000 -0.203199
v -0.646716 -0.120000 -0.267878
v -0.646716 0.060000 -0.267878
v -0.617345 -0.120000 -0.329978
v -0.617345 0.060000 -0.329978
v -0.582029 -0.120000 -0.388899
v -0.582029 0.060000 -0.388899
v -0.541107 -0.120000 -0.444075
v -0.541107 0.060000 -0.444075
v -0.494975 -0.120000 -0.494975
v -0.494975 0.060000 -0.494975
v -0.444075 -0.120000 -0.541107
v -0.444075 0.060000 -0.541107
v -0.388899 -0.120000 -0.582029
v -0.388899 0.060000 -0.582029
v -0.329978 -0.120000 -0.617345
v -0.329978 0.060000 -0.617345
v -0.267878 -0.120000 -0.646716
v -0.267878 0.060000 -0.646716
v -0.203199 -0.120000 -0.669858
v -0.203199 0.060000 -0.669858
v -0.136563 -0.120000 -0.686550
v -0.136563 0.060000 -0.686550
v -0.068612 -0.120000 -0.696629
v -0.068612 0.060000 -0.696629
vn 0.0491 -0.0000 -0.9988
vn 0.1467 -0.0000 -0.9892
vn 0.2430 -0.0000 -0.9700
vn 0.3369 -0.0000 -0.9415
vn 0.4276 -0.0000 -0.9040
vn 0.5141 -0.0000 -0.8577
vn 0.5957 -0.0000 -0.8032
vn 0.6716 -0.0000 -0.7410
vn 0.7410 -0.0000 -0.6716
vn 0.8032 -0.0000 -0.5957
vn 0.8577 -0.0000 -0.5141
vn 0.9040 -0.0000 -0.4276
vn 0.9415 -0.0000 -0.3369
vn 0.9700 -0.0000 -0.2430
vn 0.9892 -0.0000 -0.1467
vn 0.9988 -0.0000 -0.0491
vn 0.9988 -0.0000 0.0491
vn 0.9892 -0.0000 0.1467
vn 0.9700 -0.0000 0.2430
vn 0.9415 -0.0000 0.3369
vn 0.9040 -0.0000 0.4276
vn 0.8577 -0.0000 0.5141
vn 0.8032 -0.0000 0.5957
vn 0.7410 -0.0000 0.6716
vn 0.6716 -0.0000 0.7410
vn 0.5957 -0.0000 0.8032
vn 0.5141 -0.0000 0.8577
vn 0.4276 -0.0000 0.9040
vn 0.3369 -0.0000 0.9415
vn 0.2430 -0.0000 0.9700
vn 0.1467 -0.0000 0.9892
vn 0.0491 -0.0000 0.9988
vn -0.0491 -0.0000 0.9988
vn -0.1467 -0.0000 0.9892
vn -0.2430 -0.0000 0.9700
vn -0.3369 -0.0000 0.9415
vn -0.4276 -0.0000 0.9040
vn -0.5141 -0.0000 0.8577
vn -0.5957 -0.0000 0.8032
vn -0.6716 -0.0000 0.7410
vn -0.7410 -0.0000 0.6716
vn -0.8032 -0.0000 0.5957
vn -0.8577 -0.0000 0.5141
vn -0.9040 -0.0000 0.4276
vn -0.9415 -0.0000 0.3369
vn -0.9700 -0.0000 0.2430
vn -0.9892 -0.0000 0.1467
vn -0.9988 -0.0000 0.0491
vn -0.9988 -0.0000 -0.0491
vn -0.9892 -0.0000 -0.1467
vn -0.9700 -0.0000 -0.2430
vn -0.9415 -0.0000 -0.3369
vn -0.9040 -0.0000 -0.4276
vn -0.8577 -0.0000 -0.5141
vn -0.8032 -0.0000 -0.5957
vn -0.7410 -0.0000 -0.6716
vn -0.6716 -0.0000 -0.7410
vn -0.5957 -0.0000 -0.8032
vn -0.5141 -0.0000 -0.8577
vn -0.4276 -0.0000 -0.9040
vn -0.3369 -0.0000 -0.9415
vn -0.2430 -0.0000 -0.9700
vn -0.0000 1.0000 -0.0000
vn -0.1467 -0.0000 -0.9892
vn -0.0491 -0.0000 -0.9988
vn -0.0000 -1.0000 -0.0000
vt 1.000000 0.500000
vt 1.000000 1.000000
vt 0.984375 1.000000
vt 0.984375 0.500000
vt 0.968750 1.000000
vt 0.968750 0.500000
vt 0.953125 1.000000
vt 0.953125 0.500000
vt 0.937500 1.000000
vt 0.937500 0.500000
vt 0.921875 1.000000
vt 0.921875 0.500000
vt 0.906250 1.000000
vt 0.906250 0.500000
vt 0.890625 1.000000
vt 0.890625 0.500000
vt 0.875000 1.000000
vt 0.875000 0.500000
vt 0.859375 1.000000
vt 0.859375 0.500000
vt 0.843750 1.000000
vt 0.843750 0.500000
vt 0.828125 1.000000
vt 0.828125 0.500000
vt 0.812500 1.000000
vt 0.812500 0.500000
vt 0.796875 1.000000
vt 0.796875 0.500000
vt 0.781250 1.000000
vt 0.781250 0.500000
vt 0.765625 1.000000
vt 0.765625 0.500000
vt 0.750000 1.000000
vt 0.750000 0.500000
vt 0.734375 1.000000
vt 0.734375 0.500000
vt 0.718750 1.000000
vt 0.718750 0.500000
vt 0.703125 1.000000
vt 0.703125 0.500000
vt 0.687500 1.000000
vt 0.687500 0.500000
vt 0.671875 1.000000
vt 0.671875 0.500000
vt 0.656250 1.000000
vt 0.656250 0.500000
vt 0.640625 1.000000
vt 0.640625 0.500000
vt 0.625000 1.000000
vt 0.625000 0.500000
vt 0.609375 1.000000
vt 0.609375 0.500000
vt 0.593750 1.000000
vt 0.593750 0.500000
vt 0.578125 1.000000
vt 0.578125 0.500000
vt 0.562500 1.000000
vt 0.562500 0.500000
vt 0.546875 1.000000
vt 0.546875 0.500000
vt 0.531250 1.000000
vt 0.531250 0.500000
vt 0.515625 1.000000
vt 0.515625 0.500000
vt 0.500000 1.000000
vt 0.500000 0.500000
vt 0.484375 1.000000
vt 0.484375 0.500000
vt 0.468750 1.000000
vt 0.468750 0.500000
vt 0.453125 1.000000
vt 0.453125 0.500000
vt 0.437500 1.000000
vt 0.437500 0.500000
vt 0.421875 1.000000
vt 0.421875 0.500000
vt 0.406250 1.000000
vt 0.406250 0.500000
vt 0.390625 1.000000
vt 0.390625 0.500000
vt 0.375000 1.000000
vt 0.375000 0.500000
vt 0.359375 1.000000
vt 0.359375 0.500000
vt 0.343750 1.000000
vt 0.343750 0.500000
vt 0.328125 1.000000
vt 0.328125 0.500000
vt 0.312500 1.000000
vt 0.312500 0.500000
vt 0.296875 1.000000
vt 0.296875 0.500000
vt 0.281250 1.000000
vt 0.281250 0.500000
vt 0.265625 1.000000
vt 0.265625 0.500000
vt 0.250000 1.000000
vt 0.250000 0.500000
vt 0.234375 1.000000
vt 0.234375 0.500000
vt 0.218750 1.000000
vt 0.218750 0.500000
vt 0.203125 1.000000
vt 0.203125 0.500000
vt 0.187500 1.000000
vt 0.187500 0.500000
vt 0.171875 1.000000
vt 0.171875 0.500000
vt 0.156250 1.000000
vt 0.156250 0.500000
vt 0.140625 1.000000
vt 0.140625 0.500000
vt 0.125000 1.000000
vt 0.125000 0.500000
vt 0.109375 1.000000
vt 0.109375 0.500000
vt 0.093750 1.000000
vt 0.093750 0.500000
vt 0.078125 1.000000
vt 0.078125 0.500000
vt 0.062500 1.000000
vt 0.062500 0.500000
vt 0.046875 1.000000
vt 0.046875 0.500000
vt 0.031250 1.000000
vt 0.031250 0.500000
vt 0.273524 0.488844
vt 0.250000 0.490000
vt 0.226476 0.488844
vt 0.203178 0.485388
vt 0.180332 0.479666
vt 0.158156 0.471731
vt 0.136865 0.461661
vt 0.116663 0.449553
vt 0.097746 0.435522
vt 0.080294 0.419706
vt 0.064477 0.402254
vt 0.050447 0.383337
vt 0.038339 0.363135
vt 0.028269 0.341844
vt 0.020334 0.319668
vt 0.014612 0.296822
vt 0.011156 0.273524
vt 0.010000 0.250000
vt 0.011156 0.226476
vt 0.014612 0.203178
vt 0.020334 0.180332
vt 0.028269 0.158156
vt 0.038339 0.136865
vt 0.050447 0.116663
vt 0.064477 0.097746
vt 0.080294 0.080294
vt 0.097746 0.064477
vt 0.116663 0.050447
vt 0.136865 0.038339
vt 0.158156 0.028269
vt 0.180332 0.020334
vt 0.203178 0.014612
vt 0.226476 0.011156
vt 0.250000 0.010000
vt 0.273524 0.011156
vt 0.296822 0.014612
vt 0.319668 0.020334
vt 0.341844 0.028269
vt 0.363135 0.038339
vt 0.383337 0.050447
vt 0.402254 0.064477
vt 0.419706 0.080294
vt 0.435522 0.097746
vt 0.449553 0.116663
vt 0.461661 0.136865
vt 0.471731 0.158156
vt 0.479666 0.180332
vt 0.485388 0.203178
vt 0.488844 0.226476
vt 0.490000 0.250000
vt 0.488844 0.273524
vt 0.485388 0.296822
vt 0.479666 0.319668
vt 0.471731 0.341844
vt 0.461661 0.363135
vt 0.449553 0.383337
vt 0.435522 0.402254
vt 0.419706 0.419706
vt 0.402254 0.435522
vt 0.383337 0.449553
vt 0.363135 0.461661
vt 0.341844 0.471731
vt 0.319668 0.479666
vt 0.296822 0.485388
vt 0.015625 1.000000
vt 0.015625 0.500000
vt 0.000000 1.000000
vt 0.000000 0.500000
vt 0.750000 0.490000
vt 0.773524 0.488844
vt 0.796822 0.485388
vt 0.819668 0.479666
vt 0.841844 0.471731
vt 0.863135 0.461661
vt 0.883337 0.449553
vt 0.902254 0.435522
vt 0.919706 0.419706
vt 0.935522 0.402254
vt 0.949553 0.383337
vt 0.961661 0.363135
vt 0.971731 0.341844
vt 0.979666 0.319668
vt 0.985388 0.296822
vt 0.988844 0.273524
vt 0.990000 0.250000
vt 0.988844 0.226476
vt 0.985388 0.203178
vt 0.979666 0.180332
vt 0.971731 0.158156
vt 0.961661 0.136865
vt 0.949553 0.116663
vt 0.935522 0.097746
vt 0.919706 0.080294
vt 0.902254 0.064477
vt 0.883337 0.050447
vt 0.863135 0.038339
vt 0.841844 0.028269
vt 0.819668 0.020334
vt 0.796822 0.014612
vt 0.773524 0.011156
vt 0.750000 0.010000
vt 0.726476 0.011156
vt 0.703178 0.014612
vt 0.680332 0.020334
vt 0.658156 0.028269
vt 0.636865 0.038339
vt 0.616663 0.050447
vt 0.597746 0.064477
vt 0.580294 0.080294
vt 0.564478 0.097746
vt 0.550447 0.116663
vt 0.538339 0.136865
vt 0.528269 0.158156
vt 0.520334 0.180332
vt 0.514612 0.203178
vt 0.511156 0.226476
vt 0.510000 0.250000
vt 0.511156 0.273524
vt 0.514612 0.296822
vt 0.520334 0.319668
vt 0.528269 0.341844
vt 0.538339 0.363135
vt 0.550447 0.383337
vt 0.564478 0.402254
vt 0.580294 0.419706
vt 0.597746 0.435522
vt 0.616663 0.449553
vt 0.636865 0.461661
vt 0.658156 0.471731
vt 0.680332 0.479666
vt 0.703178 0.485388
vt 0.726476 0.488844
s 0
usemtl reflective_gold.001
f 45/1/113 46/2/113 48/3/113 47/4/113
f 47/4/114 48/3/114 50/5/114 49/6/114
f 49/6/115 50/5/115 52/7/115 51/8/115
f 51/8/116 52/7/116 54/9/116 53/10/116
f 53/10/117 54/9/117 56/11/117 55/12/117
f 55/12/118 56/11/118 58/13/118 57/14/118
f 57/14/119 58/13/119 60/15/119 59/16/119
f 59/16/120 60/15/120 62/17/120 61/18/120
f 61/18/121 62/17/121 64/19/121 63/20/121
f 63/20/122 64/19/122 66/21/122 65/22/122
f 65/22/123 66/21/123 68/23/123 67/24/123
f 67/24/124 68/23/124 70/25/124 69/26/124
f 69/26/125 70/25/125 72/27/125 71/28/125
f 71/28/126 72/27/126 74/29/126 73/30/126
f 73/30/127 74/29/127 76/31/127 75/32/127
f 75/32/128 76/31/128 78/33/128 77/34/128
f 77/34/129 78/33/129 80/35/129 79/36/129
f 79/36/130 80/35/130 82/37/130 81/38/130
f 81/38/131 82/37/131 84/39/131 83/40/131
f 83/40/132 84/39/132 86/41/132 85/42/132
f 85/42/133 86/41/133 88/43/133 87/44/133
f 87/44/134 88/43/134 90/45/134 89/46/134
f 89/46/135 90/45/135 92/47/135 91/48/135
f 91/48/136 92/47/136 94/49/136 93/50/136
f 93/50/137 94/49/137 96/51/137 95/52/137
f 95/52/138 96/51/138 98/53/138 97/54/138
f 97/54/139 98/53/139 100/55/139 99/56/139
f 99/56/140 100/55/140 102/57/140 101/58/140
f 101/58/141 102/57/141 104/59/141 103/60/141
f 103/60/142 104/59/142 106/61/142 105/62/142
f 105/62/143 106/61/143 108/63/143 107/64/143
f 107/64/144 108/63/144 110/65/144 109/66/144
f 109/66/145 110/65/145 112/67/145 111/68/145
f 111/68/146 112/67/146 114/69/146 113/70/146
f 113/70/147 114/69/147 116/71/147 115/72/147
f 115/72/148 116/71/148 118/73/148 117/74/148
f 117/74/149 118/73/149 120/75/149 119/76/149
f 119/76/150 120/75/150 122/77/150 121/78/150
f 121/78/151 122/77/151 124/79/151 123/80/151
f 123/80/152 124/79/152 126/81/152 125/82/152
f 125/82/153 126/81/153 128/83/153 127/84/153
f 127/84/154 128/83/154 130/85/154 129/86/154
f 129/86/155 130/85/155 132/87/155 131/88/155
f 131/88/156 132/87/156 134/89/156 133/90/156
f 133/90/157 134/89/157 136/91/157 135/92/157
f 135/92/158 136/91/158 138/93/158 137/94/158
f 137/94/159 138/93/159 140/95/159 139/96/159
f 139/96/160 140/95/160 142/97/160 141/98/160
f 141/98/161 142/97/161 144/99/161 143/100/161
f 143/100/162 144/99/162 146/101/162 145/102/162
f 145/102/163 146/101/163 148/103/163 147/104/163
f 147/104/164 148/103/164 150/105/164 149/106/164
f 149/106/165 150/105/165 152/107/165 151/108/165
f 151/108/166 152/107/166 154/109/166 153/110/166
f 153/110/167 154/109/167 156/111/167 155/112/167
f 155/112/168 156/111/168 158/113/168 157/114/168
f 157/114/169 158/113/169 160/115/169 159/116/169
f 159/116/170 160/115/170 162/117/170 161/118/170
f 161/118/171 162/117/171 164/119/171 163/120/171
f 163/120/172 164/119/172 166/121/172 165/122/172
f 165/122/173 166/121/173 168/123/173 167/124/173
f 167/124/174 168/123/174 170/125/174 169/126/174
f 48/127/175 46/128/175 172/129/175 170/130/175 168/131/175 166/132/175 164/133/175 162/134/175 160/135/175 158/136/175 156/137/175 154/138/175 152/139/175 150/140/175 148/141/175 146/142/175 144/143/175 142/144/175 140/145/175 138/146/175 136/147/175 134/148/175 132/149/175 130/150/175 128/151/175 126/152/175 124/153/175 122/154/175 120/155/175 118/156/175 116/157/175 114/158/175 112/159/175 110/160/175 108/161/175 106/162/175 104/163/175 102/164/175 100/165/175 98/166/175 96/167/175 94/168/175 92/169/175 90/170/175 88/171/175 86/172/175 84/173/175 82/174/175 80/175/175 78/176/175 76/177/175 74/178/175 72/179/175 70/180/175 68/181/175 66/182/175 64/183/175 62/184/175 60/185/175 58/186/175 56/187/175 54/188/175 52/189/175 50/190/175
f 169/126/176 170/125/176 172/191/176 171/192/176
f 171/192/177 172/191/177 46/193/177 45/194/177
f 45/195/178 47/196/178 49/197/178 51/198/178 53/199/178 55/200/178 57/201/178 59/202/178 61/203/178 63/204/178 65/205/178 67/206/178 69/207/178 71/208/178 73/209/178 75/210/178 77/211/178 79/212/178 81/213/178 83/214/178 85/215/178 87/216/178 89/217/178 91/218/178 93/219/178 95/220/178 97/221/178 99/222/178 101/223/178 103/224/178 105/225/178 107/226/178 109/227/178 111/228/178 113/229/178 115/230/178 117/231/178 119/232/178 121/233/178 123/234/178 125/235/178 127/236/178 129/237/178 131/238/178 133/239/178 135/240/178 137/241/178 139/242/178 141/243/178 143/244/178 145/245/178 147/246/178 149/247/178 151/248/178 153/249/178 155/250/178 157/251/178 159/252/178 161/253/178 163/254/178 165/255/178 167/256/178 169/257/178 171/258/178
o ruby_display_base_black_gold
v 0.000000 -0.380000 -0.820000
v 0.000000 -0.100000 -0.820000
v 0.080374 -0.380000 -0.816051
v 0.080374 -0.100000 -0.816051
v 0.159974 -0.380000 -0.804244
v 0.159974 -0.100000 -0.804244
v 0.238033 -0.380000 -0.784691
v 0.238033 -0.100000 -0.784691
v 0.313800 -0.380000 -0.757581
v 0.313800 -0.100000 -0.757581
v 0.386545 -0.380000 -0.723175
v 0.386545 -0.100000 -0.723175
v 0.455568 -0.380000 -0.681805
v 0.455568 -0.100000 -0.681805
v 0.520203 -0.380000 -0.633869
v 0.520203 -0.100000 -0.633869
v 0.579828 -0.380000 -0.579828
v 0.579828 -0.100000 -0.579828
v 0.633869 -0.380000 -0.520203
v 0.633869 -0.100000 -0.520203
v 0.681805 -0.380000 -0.455568
v 0.681805 -0.100000 -0.455568
v 0.723175 -0.380000 -0.386545
v 0.723175 -0.100000 -0.386545
v 0.757581 -0.380000 -0.313800
v 0.757581 -0.100000 -0.313800
v 0.784691 -0.380000 -0.238033
v 0.784691 -0.100000 -0.238033
v 0.804244 -0.380000 -0.159974
v 0.804244 -0.100000 -0.159974
v 0.816051 -0.380000 -0.080374
v 0.816051 -0.100000 -0.080374
v 0.820000 -0.380000 0.000000
v 0.820000 -0.100000 0.000000
v 0.816051 -0.380000 0.080374
v 0.816051 -0.100000 0.080374
v 0.804244 -0.380000 0.159974
v 0.804244 -0.100000 0.159974
v 0.784691 -0.380000 0.238033
v 0.784691 -0.100000 0.238033
v 0.757581 -0.380000 0.313800
v 0.757581 -0.100000 0.313800
v 0.723175 -0.380000 0.386545
v 0.723175 -0.100000 0.386545
v 0.681805 -0.380000 0.455568
v 0.681805 -0.100000 0.455568
v 0.633869 -0.380000 0.520203
v 0.633869 -0.100000 0.520203
v 0.579828 -0.380000 0.579828
v 0.579828 -0.100000 0.579828
v 0.520203 -0.380000 0.633869
v 0.520203 -0.100000 0.633869
v 0.455568 -0.380000 0.681805
v 0.455568 -0.100000 0.681805
v 0.386545 -0.380000 0.723175
v 0.386545 -0.100000 0.723175
v 0.313800 -0.380000 0.757581
v 0.313800 -0.100000 0.757581
v 0.238033 -0.380000 0.784691
v 0.238033 -0.100000 0.784691
v 0.159974 -0.380000 0.804244
v 0.159974 -0.100000 0.804244
v 0.080374 -0.380000 0.816051
v 0.080374 -0.100000 0.816051
v 0.000000 -0.380000 0.820000
v 0.000000 -0.100000 0.820000
v -0.080374 -0.380000 0.816051
v -0.080374 -0.100000 0.816051
v -0.159974 -0.380000 0.804244
v -0.159974 -0.100000 0.804244
v -0.238033 -0.380000 0.784691
v -0.238033 -0.100000 0.784691
v -0.313800 -0.380000 0.757581
v -0.313800 -0.100000 0.757581
v -0.386545 -0.380000 0.723175
v -0.386545 -0.100000 0.723175
v -0.455568 -0.380000 0.681805
v -0.455568 -0.100000 0.681805
v -0.520203 -0.380000 0.633869
v -0.520203 -0.100000 0.633869
v -0.579828 -0.380000 0.579828
v -0.579828 -0.100000 0.579828
v -0.633869 -0.380000 0.520203
v -0.633869 -0.100000 0.520203
v -0.681805 -0.380000 0.455568
v -0.681805 -0.100000 0.455568
v -0.723175 -0.380000 0.386545
v -0.723175 -0.100000 0.386545
v -0.757581 -0.380000 0.313800
v -0.757581 -0.100000 0.313800
v -0.784691 -0.380000 0.238033
v -0.784691 -0.100000 0.238033
v -0.804244 -0.380000 0.159974
v -0.804244 -0.100000 0.159974
v -0.816051 -0.380000 0.080374
v -0.816051 -0.100000 0.080374
v -0.820000 -0.380000 0.000000
v -0.820000 -0.100000 0.000000
v -0.816051 -0.380000 -0.080374
v -0.816051 -0.100000 -0.080374
v -0.804244 -0.380000 -0.159974
v -0.804244 -0.100000 -0.159974
v -0.784691 -0.380000 -0.238033
v -0.784691 -0.100000 -0.238033
v -0.757581 -0.380000 -0.313800
v -0.757581 -0.100000 -0.313800
v -0.723175 -0.380000 -0.386545
v -0.723175 -0.100000 -0.386545
v -0.681805 -0.380000 -0.455568
v -0.681805 -0.100000 -0.455568
v -0.633869 -0.380000 -0.520203
v -0.633869 -0.100000 -0.520203
v -0.579828 -0.380000 -0.579828
v -0.579828 -0.100000 -0.579828
v -0.520203 -0.380000 -0.633869
v -0.520203 -0.100000 -0.633869
v -0.455568 -0.380000 -0.681805
v -0.455568 -0.100000 -0.681805
v -0.386545 -0.380000 -0.723175
v -0.386545 -0.100000 -0.723175
v -0.313800 -0.380000 -0.757581
v -0.313800 -0.100000 -0.757581
v -0.238033 -0.380000 -0.784691
v -0.238033 -0.100000 -0.784691
v -0.159974 -0.380000 -0.804244
v -0.159974 -0.100000 -0.804244
v -0.080374 -0.380000 -0.816051
v -0.080374 -0.100000 -0.816051
vn 0.0491 -0.0000 -0.9988
vn 0.1467 -0.0000 -0.9892
vn 0.2430 -0.0000 -0.9700
vn 0.3369 -0.0000 -0.9415
vn 0.4276 -0.0000 -0.9040
vn 0.5141 -0.0000 -0.8577
vn 0.5957 -0.0000 -0.8032
vn 0.6716 -0.0000 -0.7410
vn 0.7410 -0.0000 -0.6716
vn 0.8032 -0.0000 -0.5957
vn 0.8577 -0.0000 -0.5141
vn 0.9040 -0.0000 -0.4276
vn 0.9415 -0.0000 -0.3369
vn 0.9700 -0.0000 -0.2430
vn 0.9892 -0.0000 -0.1467
vn 0.9988 -0.0000 -0.0491
vn 0.9988 -0.0000 0.0491
vn 0.9892 -0.0000 0.1467
vn 0.9700 -0.0000 0.2430
vn 0.9415 -0.0000 0.3369
vn 0.9040 -0.0000 0.4276
vn 0.8577 -0.0000 0.5141
vn 0.8032 -0.0000 0.5957
vn 0.7410 -0.0000 0.6716
vn 0.6716 -0.0000 0.7410
vn 0.5957 -0.0000 0.8032
vn 0.5141 -0.0000 0.8577
vn 0.4276 -0.0000 0.9040
vn 0.3369 -0.0000 0.9415
vn 0.2430 -0.0000 0.9700
vn 0.1467 -0.0000 0.9892
vn 0.0491 -0.0000 0.9988
vn -0.0491 -0.0000 0.9988
vn -0.1467 -0.0000 0.9892
vn -0.2430 -0.0000 0.9700
vn -0.3369 -0.0000 0.9415
vn -0.4276 -0.0000 0.9040
vn -0.5141 -0.0000 0.8577
vn -0.5957 -0.0000 0.8032
vn -0.6716 -0.0000 0.7410
vn -0.7410 -0.0000 0.6716
vn -0.8032 -0.0000 0.5957
vn -0.8577 -0.0000 0.5141
vn -0.9040 -0.0000 0.4276
vn -0.9415 -0.0000 0.3369
vn -0.9700 -0.0000 0.2430
vn -0.9892 -0.0000 0.1467
vn -0.9988 -0.0000 0.0491
vn -0.9988 -0.0000 -0.0491
vn -0.9892 -0.0000 -0.1467
vn -0.9700 -0.0000 -0.2430
vn -0.9415 -0.0000 -0.3369
vn -0.9040 -0.0000 -0.4276
vn -0.8577 -0.0000 -0.5141
vn -0.8032 -0.0000 -0.5957
vn -0.7410 -0.0000 -0.6716
vn -0.6716 -0.0000 -0.7410
vn -0.5957 -0.0000 -0.8032
vn -0.5141 -0.0000 -0.8577
vn -0.4276 -0.0000 -0.9040
vn -0.3369 -0.0000 -0.9415
vn -0.2430 -0.0000 -0.9700
vn -0.0000 1.0000 -0.0000
vn -0.1467 -0.0000 -0.9892
vn -0.0491 -0.0000 -0.9988
vn -0.0000 -1.0000 -0.0000
vt 1.000000 0.500000
vt 1.000000 1.000000
vt 0.984375 1.000000
vt 0.984375 0.500000
vt 0.968750 1.000000
vt 0.968750 0.500000
vt 0.953125 1.000000
vt 0.953125 0.500000
vt 0.937500 1.000000
vt 0.937500 0.500000
vt 0.921875 1.000000
vt 0.921875 0.500000
vt 0.906250 1.000000
vt 0.906250 0.500000
vt 0.890625 1.000000
vt 0.890625 0.500000
vt 0.875000 1.000000
vt 0.875000 0.500000
vt 0.859375 1.000000
vt 0.859375 0.500000
vt 0.843750 1.000000
vt 0.843750 0.500000
vt 0.828125 1.000000
vt 0.828125 0.500000
vt 0.812500 1.000000
vt 0.812500 0.500000
vt 0.796875 1.000000
vt 0.796875 0.500000
vt 0.781250 1.000000
vt 0.781250 0.500000
vt 0.765625 1.000000
vt 0.765625 0.500000
vt 0.750000 1.000000
vt 0.750000 0.500000
vt 0.734375 1.000000
vt 0.734375 0.500000
vt 0.718750 1.000000
vt 0.718750 0.500000
vt 0.703125 1.000000
vt 0.703125 0.500000
vt 0.687500 1.000000
vt 0.687500 0.500000
vt 0.671875 1.000000
vt 0.671875 0.500000
vt 0.656250 1.000000
vt 0.656250 0.500000
vt 0.640625 1.000000
vt 0.640625 0.500000
vt 0.625000 1.000000
vt 0.625000 0.500000
vt 0.609375 1.000000
vt 0.609375 0.500000
vt 0.593750 1.000000
vt 0.593750 0.500000
vt 0.578125 1.000000
vt 0.578125 0.500000
vt 0.562500 1.000000
vt 0.562500 0.500000
vt 0.546875 1.000000
vt 0.546875 0.500000
vt 0.531250 1.000000
vt 0.531250 0.500000
vt 0.515625 1.000000
vt 0.515625 0.500000
vt 0.500000 1.000000
vt 0.500000 0.500000
vt 0.484375 1.000000
vt 0.484375 0.500000
vt 0.468750 1.000000
vt 0.468750 0.500000
vt 0.453125 1.000000
vt 0.453125 0.500000
vt 0.437500 1.000000
vt 0.437500 0.500000
vt 0.421875 1.000000
vt 0.421875 0.500000
vt 0.406250 1.000000
vt 0.406250 0.500000
vt 0.390625 1.000000
vt 0.390625 0.500000
vt 0.375000 1.000000
vt 0.375000 0.500000
vt 0.359375 1.000000
vt 0.359375 0.500000
vt 0.343750 1.000000
vt 0.343750 0.500000
vt 0.328125 1.000000
vt 0.328125 0.500000
vt 0.312500 1.000000
vt 0.312500 0.500000
vt 0.296875 1.000000
vt 0.296875 0.500000
vt 0.281250 1.000000
vt 0.281250 0.500000
vt 0.265625 1.000000
vt 0.265625 0.500000
vt 0.250000 1.000000
vt 0.250000 0.500000
vt 0.234375 1.000000
vt 0.234375 0.500000
vt 0.218750 1.000000
vt 0.218750 0.500000
vt 0.203125 1.000000
vt 0.203125 0.500000
vt 0.187500 1.000000
vt 0.187500 0.500000
vt 0.171875 1.000000
vt 0.171875 0.500000
vt 0.156250 1.000000
vt 0.156250 0.500000
vt 0.140625 1.000000
vt 0.140625 0.500000
vt 0.125000 1.000000
vt 0.125000 0.500000
vt 0.109375 1.000000
vt 0.109375 0.500000
vt 0.093750 1.000000
vt 0.093750 0.500000
vt 0.078125 1.000000
vt 0.078125 0.500000
vt 0.062500 1.000000
vt 0.062500 0.500000
vt 0.046875 1.000000
vt 0.046875 0.500000
vt 0.031250 1.000000
vt 0.031250 0.500000
vt 0.273524 0.488844
vt 0.250000 0.490000
vt 0.226476 0.488844
vt 0.203178 0.485388
vt 0.180332 0.479666
vt 0.158156 0.471731
vt 0.136865 0.461661
vt 0.116663 0.449553
vt 0.097746 0.435522
vt 0.080294 0.419706
vt 0.064478 0.402254
vt 0.050447 0.383337
vt 0.038339 0.363135
vt 0.028269 0.341844
vt 0.020334 0.319668
vt 0.014612 0.296822
vt 0.011156 0.273524
vt 0.010000 0.250000
vt 0.011156 0.226476
vt 0.014612 0.203178
vt 0.020334 0.180332
vt 0.028269 0.158156
vt 0.038339 0.136865
vt 0.050447 0.116663
vt 0.064478 0.097746
vt 0.080294 0.080294
vt 0.097746 0.064478
vt 0.116663 0.050447
vt 0.136865 0.038339
vt 0.158156 0.028269
vt 0.180332 0.020334
vt 0.203178 0.014612
vt 0.226476 0.011156
vt 0.250000 0.010000
vt 0.273524 0.011156
vt 0.296822 0.014612
vt 0.319668 0.020334
vt 0.341844 0.028269
vt 0.363135 0.038339
vt 0.383337 0.050447
vt 0.402254 0.064478
vt 0.419706 0.080294
vt 0.435522 0.097746
vt 0.449553 0.116663
vt 0.461661 0.136865
vt 0.471731 0.158156
vt 0.479666 0.180332
vt 0.485388 0.203178
vt 0.488844 0.226476
vt 0.490000 0.250000
vt 0.488844 0.273524
vt 0.485388 0.296822
vt 0.479666 0.319668
vt 0.471731 0.341844
vt 0.461661 0.363135
vt 0.449553 0.383337
vt 0.435522 0.402254
vt 0.419706 0.419706
vt 0.402254 0.435522
vt 0.383337 0.449553
vt 0.363135 0.461661
vt 0.341844 0.471731
vt 0.319668 0.479666
vt 0.296822 0.485388
vt 0.015625 1.000000
vt 0.015625 0.500000
vt 0.000000 1.000000
vt 0.000000 0.500000
vt 0.750000 0.490000
vt 0.773524 0.488844
vt 0.796822 0.485388
vt 0.819668 0.479666
vt 0.841844 0.471731
vt 0.863135 0.461661
vt 0.883337 0.449553
vt 0.902254 0.435522
vt 0.919706 0.419706
vt 0.935522 0.402254
vt 0.949553 0.383337
vt 0.961661 0.363135
vt 0.971731 0.341844
vt 0.979666 0.319668
vt 0.985388 0.296822
vt 0.988844 0.273524
vt 0.990000 0.250000
vt 0.988844 0.226476
vt 0.985388 0.203178
vt 0.979666 0.180332
vt 0.971731 0.158156
vt 0.961661 0.136865
vt 0.949553 0.116663
vt 0.935522 0.097746
vt 0.919706 0.080294
vt 0.902254 0.064478
vt 0.883337 0.050447
vt 0.863135 0.038339
vt 0.841844 0.028269
vt 0.819668 0.020334
vt 0.796822 0.014612
vt 0.773524 0.011156
vt 0.750000 0.010000
vt 0.726476 0.011156
vt 0.703178 0.014612
vt 0.680332 0.020334
vt 0.658156 0.028269
vt 0.636865 0.038339
vt 0.616663 0.050447
vt 0.597746 0.064478
vt 0.580294 0.080294
vt 0.564478 0.097746
vt 0.550447 0.116663
vt 0.538339 0.136865
vt 0.528269 0.158156
vt 0.520334 0.180332
vt 0.514612 0.203178
vt 0.511156 0.226476
vt 0.510000 0.250000
vt 0.511156 0.273524
vt 0.514612 0.296822
vt 0.520334 0.319668
vt 0.528269 0.341844
vt 0.538339 0.363135
vt 0.550447 0.383337
vt 0.564478 0.402254
vt 0.580294 0.419706
vt 0.597746 0.435522
vt 0.616663 0.449553
vt 0.636865 0.461661
vt 0.658156 0.471731
vt 0.680332 0.479666
vt 0.703178 0.485388
vt 0.726476 0.488844
s 0
usemtl black_enamel.001
f 173/259/179 174/260/179 176/261/179 175/262/179
f 175/262/180 176/261/180 178/263/180 177/264/180
f 177/264/181 178/263/181 180/265/181 179/266/181
f 179/266/182 180/265/182 182/267/182 181/268/182
f 181/268/183 182/267/183 184/269/183 183/270/183
f 183/270/184 184/269/184 186/271/184 185/272/184
f 185/272/185 186/271/185 188/273/185 187/274/185
f 187/274/186 188/273/186 190/275/186 189/276/186
f 189/276/187 190/275/187 192/277/187 191/278/187
f 191/278/188 192/277/188 194/279/188 193/280/188
f 193/280/189 194/279/189 196/281/189 195/282/189
f 195/282/190 196/281/190 198/283/190 197/284/190
f 197/284/191 198/283/191 200/285/191 199/286/191
f 199/286/192 200/285/192 202/287/192 201/288/192
f 201/288/193 202/287/193 204/289/193 203/290/193
f 203/290/194 204/289/194 206/291/194 205/292/194
f 205/292/195 206/291/195 208/293/195 207/294/195
f 207/294/196 208/293/196 210/295/196 209/296/196
f 209/296/197 210/295/197 212/297/197 211/298/197
f 211/298/198 212/297/198 214/299/198 213/300/198
f 213/300/199 214/299/199 216/301/199 215/302/199
f 215/302/200 216/301/200 218/303/200 217/304/200
f 217/304/201 218/303/201 220/305/201 219/306/201
f 219/306/202 220/305/202 222/307/202 221/308/202
f 221/308/203 222/307/203 224/309/203 223/310/203
f 223/310/204 224/309/204 226/311/204 225/312/204
f 225/312/205 226/311/205 228/313/205 227/314/205
f 227/314/206 228/313/206 230/315/206 229/316/206
f 229/316/207 230/315/207 232/317/207 231/318/207
f 231/318/208 232/317/208 234/319/208 233/320/208
f 233/320/209 234/319/209 236/321/209 235/322/209
f 235/322/210 236/321/210 238/323/210 237/324/210
f 237/324/211 238/323/211 240/325/211 239/326/211
f 239/326/212 240/325/212 242/327/212 241/328/212
f 241/328/213 242/327/213 244/329/213 243/330/213
f 243/330/214 244/329/214 246/331/214 245/332/214
f 245/332/215 246/331/215 248/333/215 247/334/215
f 247/334/216 248/333/216 250/335/216 249/336/216
f 249/336/217 250/335/217 252/337/217 251/338/217
f 251/338/218 252/337/218 254/339/218 253/340/218
f 253/340/219 254/339/219 256/341/219 255/342/219
f 255/342/220 256/341/220 258/343/220 257/344/220
f 257/344/221 258/343/221 260/345/221 259/346/221
f 259/346/222 260/345/222 262/347/222 261/348/222
f 261/348/223 262/347/223 264/349/223 263/350/223
f 263/350/224 264/349/224 266/351/224 265/352/224
f 265/352/225 266/351/225 268/353/225 267/354/225
f 267/354/226 268/353/226 270/355/226 269/356/226
f 269/356/227 270/355/227 272/357/227 271/358/227
f 271/358/228 272/357/228 274/359/228 273/360/228
f 273/360/229 274/359/229 276/361/229 275/362/229
f 275/362/230 276/361/230 278/363/230 277/364/230
f 277/364/231 278/363/231 280/365/231 279/366/231
f 279/366/232 280/365/232 282/367/232 281/368/232
f 281/368/233 282/367/233 284/369/233 283/370/233
f 283/370/234 284/369/234 286/371/234 285/372/234
f 285/372/235 286/371/235 288/373/235 287/374/235
f 287/374/236 288/373/236 290/375/236 289/376/236
f 289/376/237 290/375/237 292/377/237 291/378/237
f 291/378/238 292/377/238 294/379/238 293/380/238
f 293/380/239 294/379/239 296/381/239 295/382/239
f 295/382/240 296/381/240 298/383/240 297/384/240
f 176/385/241 174/386/241 300/387/241 298/388/241 296/389/241 294/390/241 292/391/241 290/392/241 288/393/241 286/394/241 284/395/241 282/396/241 280/397/241 278/398/241 276/399/241 274/400/241 272/401/241 270/402/241 268/403/241 266/404/241 264/405/241 262/406/241 260/407/241 258/408/241 256/409/241 254/410/241 252/411/241 250/412/241 248/413/241 246/414/241 244/415/241 242/416/241 240/417/241 238/418/241 236/419/241 234/420/241 232/421/241 230/422/241 228/423/241 226/424/241 224/425/241 222/426/241 220/427/241 218/428/241 216/429/241 214/430/241 212/431/241 210/432/241 208/433/241 206/434/241 204/435/241 202/436/241 200/437/241 198/438/241 196/439/241 194/440/241 192/441/241 190/442/241 188/443/241 186/444/241 184/445/241 182/446/241 180/447/241 178/448/241
f 297/384/242 298/383/242 300/449/242 299/450/242
f 299/450/243 300/449/243 174/451/243 173/452/243
f 173/453/244 175/454/244 177/455/244 179/456/244 181/457/244 183/458/244 185/459/244 187/460/244 189/461/244 191/462/244 193/463/244 195/464/244 197/465/244 199/466/244 201/467/244 203/468/244 205/469/244 207/470/244 209/471/244 211/472/244 213/473/244 215/474/244 217/475/244 219/476/244 221/477/244 223/478/244 225/479/244 227/480/244 229/481/244 231/482/244 233/483/244 235/484/244 237/485/244 239/486/244 241/487/244 243/488/244 245/489/244 247/490/244 249/491/244 251/492/244 253/493/244 255/494/244 257/495/244 259/496/244 261/497/244 263/498/244 265/499/244 267/500/244 269/501/244 271/502/244 273/503/244 275/504/244 277/505/244 279/506/244 281/507/244 283/508/244 285/509/244 287/510/244 289/511/244 291/512/244 293/513/244 295/514/244 297/515/244 299/516/244
o ruby_gold_base_ring
v 0.655000 0.100000 0.000000
v 0.644749 0.124749 0.000000
v 0.620000 0.135000 0.000000
v 0.595251 0.124749 0.000000
v 0.585000 0.100000 0.000000
v 0.595251 0.075251 0.000000
v 0.620000 0.065000 0.000000
v 0.644749 0.075251 0.000000
v 0.651846 0.100000 -0.064201
v 0.641644 0.124749 -0.063196
v 0.617015 0.135000 -0.060771
v 0.592385 0.124749 -0.058345
v 0.582183 0.100000 -0.057340
v 0.592385 0.075251 -0.058345
v 0.617015 0.065000 -0.060771
v 0.641644 0.075251 -0.063196
v 0.642414 0.100000 -0.127784
v 0.632360 0.124749 -0.125784
v 0.608087 0.135000 -0.120956
v 0.583814 0.124749 -0.116128
v 0.573759 0.100000 -0.114128
v 0.583814 0.075251 -0.116128
v 0.608087 0.065000 -0.120956
v 0.632360 0.075251 -0.125784
v 0.626796 0.100000 -0.190137
v 0.616986 0.124749 -0.187161
v 0.593303 0.135000 -0.179977
v 0.569620 0.124749 -0.172792
v 0.559810 0.100000 -0.169817
v 0.569620 0.075251 -0.172792
v 0.593303 0.065000 -0.179977
v 0.616986 0.075251 -0.187161
v 0.605141 0.100000 -0.250658
v 0.595670 0.124749 -0.246735
v 0.572805 0.135000 -0.237264
v 0.549940 0.124749 -0.227793
v 0.540470 0.100000 -0.223870
v 0.549940 0.075251 -0.227793
v 0.572805 0.065000 -0.237264
v 0.595670 0.075251 -0.246735
v 0.577658 0.100000 -0.308765
v 0.568618 0.124749 -0.303932
v 0.546791 0.135000 -0.292266
v 0.524965 0.124749 -0.280599
v 0.515924 0.100000 -0.275767
v 0.524965 0.075251 -0.280599
v 0.546791 0.065000 -0.292266
v 0.568618 0.075251 -0.303932
v 0.544613 0.100000 -0.363899
v 0.536089 0.124749 -0.358203
v 0.515511 0.135000 -0.344454
v 0.494933 0.124749 -0.330704
v 0.486410 0.100000 -0.325009
v 0.494933 0.075251 -0.330704
v 0.515511 0.065000 -0.344454
v 0.536089 0.075251 -0.358203
v 0.506322 0.100000 -0.415528
v 0.498397 0.124749 -0.409024
v 0.479266 0.135000 -0.393324
v 0.460135 0.124749 -0.377623
v 0.452211 0.100000 -0.371120
v 0.460135 0.075251 -0.377623
v 0.479266 0.065000 -0.393324
v 0.498397 0.075251 -0.409024
v 0.463155 0.100000 -0.463155
v 0.455906 0.124749 -0.455906
v 0.438406 0.135000 -0.438406
v 0.420906 0.124749 -0.420906
v 0.413657 0.100000 -0.413657
v 0.420906 0.075251 -0.420906
v 0.438406 0.065000 -0.438406
v 0.455906 0.075251 -0.455906
v 0.415528 0.100000 -0.506322
v 0.409024 0.124749 -0.498397
v 0.393324 0.135000 -0.479266
v 0.377623 0.124749 -0.460135
v 0.371120 0.100000 -0.452211
v 0.377623 0.075251 -0.460135
v 0.393324 0.065000 -0.479266
v 0.409024 0.075251 -0.498397
v 0.363898 0.100000 -0.544613
v 0.358203 0.124749 -0.536089
v 0.344453 0.135000 -0.515511
v 0.330704 0.124749 -0.494933
v 0.325009 0.100000 -0.486410
v 0.330704 0.075251 -0.494933
v 0.344453 0.065000 -0.515511
v 0.358203 0.075251 -0.536089
v 0.308765 0.100000 -0.577658
v 0.303932 0.124749 -0.568618
v 0.292266 0.135000 -0.546791
v 0.280600 0.124749 -0.524965
v 0.275767 0.100000 -0.515924
v 0.280600 0.075251 -0.524965
v 0.292266 0.065000 -0.546791
v 0.303932 0.075251 -0.568618
v 0.250658 0.100000 -0.605141
v 0.246735 0.124749 -0.595670
v 0.237264 0.135000 -0.572805
v 0.227793 0.124749 -0.549940
v 0.223870 0.100000 -0.540469
v 0.227793 0.075251 -0.549940
v 0.237264 0.065000 -0.572805
v 0.246735 0.075251 -0.595670
v 0.190136 0.100000 -0.626796
v 0.187161 0.124749 -0.616986
v 0.179976 0.135000 -0.593303
v 0.172792 0.124749 -0.569620
v 0.169817 0.100000 -0.559810
v 0.172792 0.075251 -0.569620
v 0.179976 0.065000 -0.593303
v 0.187161 0.075251 -0.616986
v 0.127784 0.100000 -0.642414
v 0.125784 0.124749 -0.632360
v 0.120956 0.135000 -0.608087
v 0.116128 0.124749 -0.583814
v 0.114128 0.100000 -0.573759
v 0.116128 0.075251 -0.583814
v 0.120956 0.065000 -0.608087
v 0.125784 0.075251 -0.632360
v 0.064201 0.100000 -0.651846
v 0.063196 0.124749 -0.641644
v 0.060771 0.135000 -0.617015
v 0.058345 0.124749 -0.592385
v 0.057340 0.100000 -0.582183
v 0.058345 0.075251 -0.592385
v 0.060771 0.065000 -0.617015
v 0.063196 0.075251 -0.641644
v 0.000000 0.100000 -0.655000
v 0.000000 0.124749 -0.644749
v 0.000000 0.135000 -0.620000
v 0.000000 0.124749 -0.595251
v 0.000000 0.100000 -0.585000
v 0.000000 0.075251 -0.595251
v 0.000000 0.065000 -0.620000
v 0.000000 0.075251 -0.644749
v -0.064201 0.100000 -0.651846
v -0.063197 0.124749 -0.641644
v -0.060771 0.135000 -0.617015
v -0.058345 0.124749 -0.592385
v -0.057340 0.100000 -0.582183
v -0.058345 0.075251 -0.592385
v -0.060771 0.065000 -0.617015
v -0.063197 0.075251 -0.641644
v -0.127784 0.100000 -0.642414
v -0.125784 0.124749 -0.632360
v -0.120956 0.135000 -0.608087
v -0.116128 0.124749 -0.583814
v -0.114128 0.100000 -0.573759
v -0.116128 0.075251 -0.583814
v -0.120956 0.065000 -0.608087
v -0.125784 0.075251 -0.632360
v -0.190136 0.100000 -0.626796
v -0.187161 0.124749 -0.616986
v -0.179976 0.135000 -0.593303
v -0.172792 0.124749 -0.569620
v -0.169816 0.100000 -0.559810
v -0.172792 0.075251 -0.569620
v -0.179976 0.065000 -0.593303
v -0.187161 0.075251 -0.616986
v -0.250658 0.100000 -0.605141
v -0.246735 0.124749 -0.595670
v -0.237264 0.135000 -0.572805
v -0.227793 0.124749 -0.549940
v -0.223870 0.100000 -0.540469
v -0.227793 0.075251 -0.549940
v -0.237264 0.065000 -0.572805
v -0.246735 0.075251 -0.595670
v -0.308765 0.100000 -0.577658
v -0.303932 0.124749 -0.568618
v -0.292266 0.135000 -0.546791
v -0.280599 0.124749 -0.524965
v -0.275767 0.100000 -0.515924
v -0.280599 0.075251 -0.524965
v -0.292266 0.065000 -0.546791
v -0.303932 0.075251 -0.568618
v -0.363898 0.100000 -0.544613
v -0.358203 0.124749 -0.536089
v -0.344453 0.135000 -0.515511
v -0.330704 0.124749 -0.494933
v -0.325008 0.100000 -0.486410
v -0.330704 0.075251 -0.494933
v -0.344453 0.065000 -0.515511
v -0.358203 0.075251 -0.536089
v -0.415528 0.100000 -0.506322
v -0.409024 0.124749 -0.498398
v -0.393324 0.135000 -0.479266
v -0.377623 0.124749 -0.460135
v -0.371120 0.100000 -0.452211
v -0.377623 0.075251 -0.460135
v -0.393324 0.065000 -0.479266
v -0.409024 0.075251 -0.498398
v -0.463155 0.100000 -0.463155
v -0.455906 0.124749 -0.455906
v -0.438406 0.135000 -0.438406
v -0.420906 0.124749 -0.420906
v -0.413658 0.100000 -0.413657
v -0.420906 0.075251 -0.420906
v -0.438406 0.065000 -0.438406
v -0.455906 0.075251 -0.455906
v -0.506322 0.100000 -0.415528
v -0.498398 0.124749 -0.409024
v -0.479266 0.135000 -0.393324
v -0.460135 0.124749 -0.377623
v -0.452211 0.100000 -0.371120
v -0.460135 0.075251 -0.377623
v -0.479266 0.065000 -0.393324
v -0.498398 0.075251 -0.409024
v -0.544613 0.100000 -0.363899
v -0.536089 0.124749 -0.358203
v -0.515511 0.135000 -0.344454
v -0.494933 0.124749 -0.330704
v -0.486410 0.100000 -0.325009
v -0.494933 0.075251 -0.330704
v -0.515511 0.065000 -0.344454
v -0.536089 0.075251 -0.358203
v -0.577659 0.100000 -0.308765
v -0.568618 0.124749 -0.303932
v -0.546791 0.135000 -0.292266
v -0.524965 0.124749 -0.280599
v -0.515924 0.100000 -0.275767
v -0.524965 0.075251 -0.280599
v -0.546791 0.065000 -0.292266
v -0.568618 0.075251 -0.303932
v -0.605141 0.100000 -0.250658
v -0.595670 0.124749 -0.246735
v -0.572805 0.135000 -0.237264
v -0.549940 0.124749 -0.227793
v -0.540469 0.100000 -0.223870
v -0.549940 0.075251 -0.227793
v -0.572805 0.065000 -0.237264
v -0.595670 0.075251 -0.246735
v -0.626796 0.100000 -0.190137
v -0.616986 0.124749 -0.187161
v -0.593303 0.135000 -0.179977
v -0.569620 0.124749 -0.172792
v -0.559810 0.100000 -0.169817
v -0.569620 0.075251 -0.172792
v -0.593303 0.065000 -0.179977
v -0.616986 0.075251 -0.187161
v -0.642414 0.100000 -0.127784
v -0.632360 0.124749 -0.125784
v -0.608087 0.135000 -0.120956
v -0.583814 0.124749 -0.116128
v -0.573759 0.100000 -0.114128
v -0.583814 0.075251 -0.116128
v -0.608087 0.065000 -0.120956
v -0.632360 0.075251 -0.125784
v -0.651846 0.100000 -0.064201
v -0.641644 0.124749 -0.063196
v -0.617015 0.135000 -0.060770
v -0.592385 0.124749 -0.058345
v -0.582183 0.100000 -0.057340
v -0.592385 0.075251 -0.058345
v -0.617015 0.065000 -0.060770
v -0.641644 0.075251 -0.063196
v -0.655000 0.100000 -0.000000
v -0.644749 0.124749 -0.000000
v -0.620000 0.135000 -0.000000
v -0.595251 0.124749 -0.000000
v -0.585000 0.100000 -0.000000
v -0.595251 0.075251 -0.000000
v -0.620000 0.065000 -0.000000
v -0.644749 0.075251 -0.000000
v -0.651846 0.100000 0.064201
v -0.641644 0.124749 0.063196
v -0.617015 0.135000 0.060770
v -0.592385 0.124749 0.058345
v -0.582183 0.100000 0.057340
v -0.592385 0.075251 0.058345
v -0.617015 0.065000 0.060770
v -0.641644 0.075251 0.063196
v -0.642414 0.100000 0.127784
v -0.632360 0.124749 0.125784
v -0.608087 0.135000 0.120956
v -0.583814 0.124749 0.116128
v -0.573759 0.100000 0.114128
v -0.583814 0.075251 0.116128
v -0.608087 0.065000 0.120956
v -0.632360 0.075251 0.125784
v -0.626796 0.100000 0.190136
v -0.616986 0.124749 0.187161
v -0.593303 0.135000 0.179976
v -0.569620 0.124749 0.172792
v -0.559810 0.100000 0.169816
v -0.569620 0.075251 0.172792
v -0.593303 0.065000 0.179976
v -0.616986 0.075251 0.187161
v -0.605141 0.100000 0.250657
v -0.595670 0.124749 0.246734
v -0.572805 0.135000 0.237264
v -0.549941 0.124749 0.227793
v -0.540470 0.100000 0.223870
v -0.549941 0.075251 0.227793
v -0.572805 0.065000 0.237264
v -0.595670 0.075251 0.246734
v -0.577659 0.100000 0.308765
v -0.568618 0.124749 0.303932
v -0.546791 0.135000 0.292266
v -0.524965 0.124749 0.280599
v -0.515924 0.100000 0.275767
v -0.524965 0.075251 0.280599
v -0.546791 0.065000 0.292266
v -0.568618 0.075251 0.303932
v -0.544613 0.100000 0.363899
v -0.536089 0.124749 0.358203
v -0.515511 0.135000 0.344454
v -0.494933 0.124749 0.330704
v -0.486410 0.100000 0.325009
v -0.494933 0.075251 0.330704
v -0.515511 0.065000 0.344454
v -0.536089 0.075251 0.358203
v -0.506322 0.100000 0.415527
v -0.498398 0.124749 0.409024
v -0.479267 0.135000 0.393324
v -0.460136 0.124749 0.377623
v -0.452211 0.100000 0.371120
v -0.460136 0.075251 0.377623
v -0.479267 0.065000 0.393324
v -0.498398 0.075251 0.409024
v -0.463155 0.100000 0.463155
v -0.455906 0.124749 0.455906
v -0.438406 0.135000 0.438406
v -0.420906 0.124749 0.420906
v -0.413658 0.100000 0.413657
v -0.420906 0.075251 0.420906
v -0.438406 0.065000 0.438406
v -0.455906 0.075251 0.455906
v -0.415528 0.100000 0.506322
v -0.409024 0.124749 0.498398
v -0.393324 0.135000 0.479266
v -0.377623 0.124749 0.460135
v -0.371120 0.100000 0.452211
v -0.377623 0.075251 0.460135
v -0.393324 0.065000 0.479266
v -0.409024 0.075251 0.498398
v -0.363899 0.100000 0.544612
v -0.358204 0.124749 0.536089
v -0.344454 0.135000 0.515511
v -0.330704 0.124749 0.494933
v -0.325009 0.100000 0.486409
v -0.330704 0.075251 0.494933
v -0.344454 0.065000 0.515511
v -0.358204 0.075251 0.536089
v -0.308765 0.100000 0.577658
v -0.303933 0.124749 0.568618
v -0.292266 0.135000 0.546791
v -0.280600 0.124749 0.524965
v -0.275767 0.100000 0.515924
v -0.280600 0.075251 0.524965
v -0.292266 0.065000 0.546791
v -0.303933 0.075251 0.568618
v -0.250658 0.100000 0.605141
v -0.246735 0.124749 0.595670
v -0.237264 0.135000 0.572805
v -0.227793 0.124749 0.549940
v -0.223870 0.100000 0.540469
v -0.227793 0.075251 0.549940
v -0.237264 0.065000 0.572805
v -0.246735 0.075251 0.595670
v -0.190136 0.100000 0.626796
v -0.187161 0.124749 0.616986
v -0.179976 0.135000 0.593303
v -0.172792 0.124749 0.569620
v -0.169816 0.100000 0.559810
v -0.172792 0.075251 0.569620
v -0.179976 0.065000 0.593303
v -0.187161 0.075251 0.616986
v -0.127784 0.100000 0.642414
v -0.125785 0.124749 0.632360
v -0.120956 0.135000 0.608087
v -0.116128 0.124749 0.583814
v -0.114128 0.100000 0.573759
v -0.116128 0.075251 0.583814
v -0.120956 0.065000 0.608087
v -0.125785 0.075251 0.632360
v -0.064201 0.100000 0.651846
v -0.063197 0.124749 0.641644
v -0.060771 0.135000 0.617015
v -0.058345 0.124749 0.592385
v -0.057340 0.100000 0.582183
v -0.058345 0.075251 0.592385
v -0.060771 0.065000 0.617015
v -0.063197 0.075251 0.641644
v 0.000000 0.100000 0.655000
v 0.000000 0.124749 0.644749
v 0.000000 0.135000 0.620000
v 0.000000 0.124749 0.595251
v 0.000000 0.100000 0.585000
v 0.000000 0.075251 0.595251
v 0.000000 0.065000 0.620000
v 0.000000 0.075251 0.644749
v 0.064201 0.100000 0.651846
v 0.063196 0.124749 0.641644
v 0.060770 0.135000 0.617015
v 0.058344 0.124749 0.592385
v 0.057340 0.100000 0.582183
v 0.058344 0.075251 0.592385
v 0.060770 0.065000 0.617015
v 0.063196 0.075251 0.641644
v 0.127784 0.100000 0.642414
v 0.125784 0.124749 0.632360
v 0.120956 0.135000 0.608087
v 0.116128 0.124749 0.583814
v 0.114128 0.100000 0.573759
v 0.116128 0.075251 0.583814
v 0.120956 0.065000 0.608087
v 0.125784 0.075251 0.632360
v 0.190136 0.100000 0.626796
v 0.187161 0.124749 0.616986
v 0.179976 0.135000 0.593303
v 0.172792 0.124749 0.569620
v 0.169817 0.100000 0.559810
v 0.172792 0.075251 0.569620
v 0.179976 0.065000 0.593303
v 0.187161 0.075251 0.616986
v 0.250658 0.100000 0.605141
v 0.246735 0.124749 0.595670
v 0.237264 0.135000 0.572805
v 0.227793 0.124749 0.549940
v 0.223870 0.100000 0.540469
v 0.227793 0.075251 0.549940
v 0.237264 0.065000 0.572805
v 0.246735 0.075251 0.595670
v 0.308765 0.100000 0.577659
v 0.303932 0.124749 0.568618
v 0.292266 0.135000 0.546791
v 0.280599 0.124749 0.524965
v 0.275767 0.100000 0.515924
v 0.280599 0.075251 0.524965
v 0.292266 0.065000 0.546791
v 0.303932 0.075251 0.568618
v 0.363898 0.100000 0.544613
v 0.358203 0.124749 0.536089
v 0.344453 0.135000 0.515511
v 0.330704 0.124749 0.494933
v 0.325009 0.100000 0.486410
v 0.330704 0.075251 0.494933
v 0.344453 0.065000 0.515511
v 0.358203 0.075251 0.536089
v 0.415528 0.100000 0.506322
v 0.409024 0.124749 0.498397
v 0.393324 0.135000 0.479266
v 0.377623 0.124749 0.460135
v 0.371120 0.100000 0.452211
v 0.377623 0.075251 0.460135
v 0.393324 0.065000 0.479266
v 0.409024 0.075251 0.498397
v 0.463155 0.100000 0.463155
v 0.455906 0.124749 0.455906
v 0.438406 0.135000 0.438406
v 0.420906 0.124749 0.420906
v 0.413657 0.100000 0.413658
v 0.420906 0.075251 0.420906
v 0.438406 0.065000 0.438406
v 0.455906 0.075251 0.455906
v 0.506322 0.100000 0.415528
v 0.498397 0.124749 0.409024
v 0.479266 0.135000 0.393324
v 0.460135 0.124749 0.377624
v 0.452211 0.100000 0.371120
v 0.460135 0.075251 0.377624
v 0.479266 0.065000 0.393324
v 0.498397 0.075251 0.409024
v 0.544613 0.100000 0.363899
v 0.536089 0.124749 0.358203
v 0.515511 0.135000 0.344454
v 0.494933 0.124749 0.330704
v 0.486410 0.100000 0.325009
v 0.494933 0.075251 0.330704
v 0.515511 0.065000 0.344454
v 0.536089 0.075251 0.358203
v 0.577659 0.100000 0.308765
v 0.568618 0.124749 0.303932
v 0.546791 0.135000 0.292266
v 0.524965 0.124749 0.280599
v 0.515924 0.100000 0.275767
v 0.524965 0.075251 0.280599
v 0.546791 0.065000 0.292266
v 0.568618 0.075251 0.303932
v 0.605141 0.100000 0.250658
v 0.595670 0.124749 0.246735
v 0.572805 0.135000 0.237264
v 0.549940 0.124749 0.227793
v 0.540469 0.100000 0.223870
v 0.549940 0.075251 0.227793
v 0.572805 0.065000 0.237264
v 0.595670 0.075251 0.246735
v 0.626796 0.100000 0.190137
v 0.616986 0.124749 0.187161
v 0.593303 0.135000 0.179977
v 0.569620 0.124749 0.172792
v 0.559810 0.100000 0.169817
v 0.569620 0.075251 0.172792
v 0.593303 0.065000 0.179977
v 0.616986 0.075251 0.187161
v 0.642414 0.100000 0.127784
v 0.632360 0.124749 0.125784
v 0.608087 0.135000 0.120956
v 0.583814 0.124749 0.116128
v 0.573759 0.100000 0.114128
v 0.583814 0.075251 0.116128
v 0.608087 0.065000 0.120956
v 0.632360 0.075251 0.125784
v 0.651846 0.100000 0.064202
v 0.641644 0.124749 0.063197
v 0.617014 0.135000 0.060771
v 0.592385 0.124749 0.058345
v 0.582183 0.100000 0.057340
v 0.592385 0.075251 0.058345
v 0.617014 0.065000 0.060771
v 0.641644 0.075251 0.063197
vn 0.9229 0.3823 -0.0453
vn 0.3826 0.9237 -0.0188
vn -0.3826 0.9237 0.0188
vn -0.9229 0.3823 0.0453
vn -0.9229 -0.3823 0.0453
vn -0.3826 -0.9237 0.0188
vn 0.3826 -0.9237 -0.0188
vn 0.9229 -0.3823 -0.0453
vn 0.9140 0.3823 -0.1356
vn 0.3789 0.9237 -0.0562
vn -0.3789 0.9237 0.0562
vn -0.9140 0.3823 0.1356
vn -0.9140 -0.3823 0.1356
vn -0.3789 -0.9237 0.0562
vn 0.3789 -0.9237 -0.0562
vn 0.9140 -0.3823 -0.1356
vn 0.8963 0.3823 -0.2245
vn 0.3716 0.9237 -0.0931
vn -0.3716 0.9237 0.0931
vn -0.8964 0.3823 0.2245
vn -0.8964 -0.3823 0.2245
vn -0.3716 -0.9237 0.0931
vn 0.3716 -0.9237 -0.0931
vn 0.8963 -0.3823 -0.2245
vn 0.8700 0.3823 -0.3113
vn 0.3607 0.9237 -0.1291
vn -0.3607 0.9237 0.1291
vn -0.8700 0.3823 0.3113
vn -0.8700 -0.3823 0.3113
vn -0.3607 -0.9237 0.1291
vn 0.3607 -0.9237 -0.1291
vn 0.8700 -0.3823 -0.3113
vn 0.8353 0.3823 -0.3951
vn 0.3463 0.9237 -0.1638
vn -0.3463 0.9237 0.1638
vn -0.8353 0.3823 0.3951
vn -0.8353 -0.3823 0.3951
vn -0.3463 -0.9237 0.1638
vn 0.3463 -0.9237 -0.1638
vn 0.8353 -0.3823 -0.3951
vn 0.7926 0.3823 -0.4751
vn 0.3286 0.9237 -0.1969
vn -0.3286 0.9237 0.1969
vn -0.7926 0.3823 0.4751
vn -0.7926 -0.3823 0.4751
vn -0.3286 -0.9237 0.1969
vn 0.3286 -0.9237 -0.1969
vn 0.7926 -0.3823 -0.4751
vn 0.7422 0.3823 -0.5505
vn 0.3077 0.9237 -0.2282
vn -0.3077 0.9237 0.2282
vn -0.7422 0.3823 0.5505
vn -0.7422 -0.3823 0.5505
vn -0.3077 -0.9237 0.2282
vn 0.3077 -0.9237 -0.2282
vn 0.7422 -0.3823 -0.5505
vn 0.6847 0.3823 -0.6205
vn 0.2838 0.9237 -0.2573
vn -0.2838 0.9237 0.2573
vn -0.6847 0.3823 0.6205
vn -0.6847 -0.3823 0.6205
vn -0.2838 -0.9237 0.2573
vn 0.2838 -0.9237 -0.2573
vn 0.6847 -0.3823 -0.6205
vn 0.6205 0.3823 -0.6847
vn 0.2573 0.9237 -0.2838
vn -0.2573 0.9237 0.2838
vn -0.6205 0.3823 0.6847
vn -0.6205 -0.3823 0.6847
vn -0.2573 -0.9237 0.2838
vn 0.2573 -0.9237 -0.2838
vn 0.6205 -0.3823 -0.6847
vn 0.5505 0.3823 -0.7422
vn 0.2282 0.9237 -0.3077
vn -0.2282 0.9237 0.3077
vn -0.5505 0.3823 0.7422
vn -0.5505 -0.3823 0.7422
vn -0.2282 -0.9237 0.3077
vn 0.2282 -0.9237 -0.3077
vn 0.5505 -0.3823 -0.7422
vn 0.4751 0.3823 -0.7926
vn 0.1969 0.9237 -0.3286
vn -0.1969 0.9237 0.3286
vn -0.4751 0.3823 0.7926
vn -0.4751 -0.3823 0.7926
vn -0.1969 -0.9237 0.3286
vn 0.1969 -0.9237 -0.3286
vn 0.4751 -0.3823 -0.7926
vn 0.3951 0.3823 -0.8353
vn 0.1638 0.9237 -0.3463
vn -0.1638 0.9237 0.3463
vn -0.3951 0.3823 0.8353
vn -0.3951 -0.3823 0.8353
vn -0.1638 -0.9237 0.3463
vn 0.1638 -0.9237 -0.3463
vn 0.3951 -0.3823 -0.8353
vn 0.3113 0.3823 -0.8700
vn 0.1291 0.9237 -0.3607
vn -0.1291 0.9237 0.3607
vn -0.3113 0.3823 0.8700
vn -0.3113 -0.3823 0.8700
vn -0.1291 -0.9237 0.3607
vn 0.1291 -0.9237 -0.3607
vn 0.3113 -0.3823 -0.8700
vn 0.2245 0.3823 -0.8963
vn 0.0931 0.9237 -0.3716
vn -0.0931 0.9237 0.3716
vn -0.2245 0.3823 0.8963
vn -0.2245 -0.3823 0.8963
vn -0.0931 -0.9237 0.3716
vn 0.0931 -0.9237 -0.3716
vn 0.2245 -0.3823 -0.8963
vn 0.1356 0.3823 -0.9140
vn 0.0562 0.9237 -0.3789
vn -0.0562 0.9237 0.3789
vn -0.1356 0.3823 0.9140
vn -0.1356 -0.3823 0.9140
vn -0.0562 -0.9237 0.3789
vn 0.0562 -0.9237 -0.3789
vn 0.1356 -0.3823 -0.9140
vn 0.0453 0.3823 -0.9229
vn 0.0188 0.9237 -0.3826
vn -0.0188 0.9237 0.3826
vn -0.0453 0.3823 0.9229
vn -0.0453 -0.3823 0.9229
vn -0.0188 -0.9237 0.3826
vn 0.0188 -0.9237 -0.3826
vn 0.0453 -0.3823 -0.9229
vn -0.0453 0.3823 -0.9229
vn -0.0188 0.9237 -0.3826
vn 0.0188 0.9237 0.3826
vn 0.0453 0.3823 0.9229
vn 0.0453 -0.3823 0.9229
vn 0.0188 -0.9237 0.3826
vn -0.0188 -0.9237 -0.3826
vn -0.0453 -0.3823 -0.9229
vn -0.1356 0.3823 -0.9140
vn -0.0562 0.9237 -0.3789
vn 0.0562 0.9237 0.3789
vn 0.1356 0.3823 0.9140
vn 0.1356 -0.3823 0.9140
vn 0.0562 -0.9237 0.3789
vn -0.0562 -0.9237 -0.3789
vn -0.1356 -0.3823 -0.9140
vn -0.2245 0.3823 -0.8964
vn -0.0931 0.9237 -0.3716
vn 0.0931 0.9237 0.3716
vn 0.2245 0.3823 0.8963
vn 0.2245 -0.3823 0.8963
vn 0.0931 -0.9237 0.3716
vn -0.0931 -0.9237 -0.3716
vn -0.2245 -0.3823 -0.8964
vn -0.3113 0.3823 -0.8700
vn -0.1291 0.9237 -0.3607
vn 0.1291 0.9237 0.3607
vn 0.3113 0.3823 0.8700
vn 0.3113 -0.3823 0.8700
vn 0.1291 -0.9237 0.3607
vn -0.1291 -0.9237 -0.3607
vn -0.3113 -0.3823 -0.8700
vn -0.3951 0.3823 -0.8353
vn -0.1638 0.9237 -0.3463
vn 0.1638 0.9237 0.3463
vn 0.3951 0.3823 0.8353
vn 0.3951 -0.3823 0.8353
vn 0.1638 -0.9237 0.3463
vn -0.1638 -0.9237 -0.3463
vn -0.3951 -0.3823 -0.8353
vn -0.4751 0.3823 -0.7926
vn -0.1969 0.9237 -0.3286
vn 0.1969 0.9237 0.3286
vn 0.4751 0.3823 0.7926
vn 0.4751 -0.3823 0.7926
vn 0.1969 -0.9237 0.3286
vn -0.1969 -0.9237 -0.3286
vn -0.4751 -0.3823 -0.7926
vn -0.5505 0.3823 -0.7422
vn -0.2282 0.9237 -0.3077
vn 0.2282 0.9237 0.3077
vn 0.5505 0.3823 0.7422
vn 0.5505 -0.3823 0.7422
vn 0.2282 -0.9237 0.3077
vn -0.2282 -0.9237 -0.3077
vn -0.5505 -0.3823 -0.7422
vn -0.6205 0.3823 -0.6847
vn -0.2573 0.9237 -0.2838
vn 0.2573 0.9237 0.2838
vn 0.6205 0.3823 0.6847
vn 0.6205 -0.3823 0.6847
vn 0.2573 -0.9237 0.2838
vn -0.2573 -0.9237 -0.2838
vn -0.6205 -0.3823 -0.6847
vn -0.6847 0.3823 -0.6205
vn -0.2838 0.9237 -0.2573
vn 0.2838 0.9237 0.2573
vn 0.6847 0.3823 0.6205
vn 0.6847 -0.3823 0.6205
vn 0.2838 -0.9237 0.2573
vn -0.2838 -0.9237 -0.2573
vn -0.6847 -0.3823 -0.6205
vn -0.7422 0.3823 -0.5505
vn -0.3077 0.9237 -0.2282
vn 0.3077 0.9237 0.2282
vn 0.7422 0.3823 0.5505
vn 0.7422 -0.3823 0.5505
vn 0.3077 -0.9237 0.2282
vn -0.3077 -0.9237 -0.2282
vn -0.7422 -0.3823 -0.5505
vn -0.7926 0.3823 -0.4751
vn -0.3286 0.9237 -0.1969
vn 0.3286 0.9237 0.1969
vn 0.7926 0.3823 0.4751
vn 0.7926 -0.3823 0.4751
vn 0.3286 -0.9237 0.1969
vn -0.3286 -0.9237 -0.1969
vn -0.7926 -0.3823 -0.4751
vn -0.8353 0.3823 -0.3951
vn -0.3463 0.9237 -0.1638
vn 0.3463 0.9237 0.1638
vn 0.8353 0.3823 0.3951
vn 0.8353 -0.3823 0.3951
vn 0.3463 -0.9237 0.1638
vn -0.3463 -0.9237 -0.1638
vn -0.8353 -0.3823 -0.3951
vn -0.8700 0.3823 -0.3113
vn -0.3607 0.9237 -0.1291
vn 0.3607 0.9237 0.1291
vn 0.8700 0.3823 0.3113
vn 0.8700 -0.3823 0.3113
vn 0.3607 -0.9237 0.1291
vn -0.3607 -0.9237 -0.1291
vn -0.8700 -0.3823 -0.3113
vn -0.8963 0.3823 -0.2245
vn -0.3716 0.9237 -0.0931
vn 0.3716 0.9237 0.0931
vn 0.8963 0.3823 0.2245
vn 0.8964 -0.3823 0.2245
vn 0.3716 -0.9237 0.0931
vn -0.3716 -0.9237 -0.0931
vn -0.8963 -0.3823 -0.2245
vn -0.9140 0.3823 -0.1356
vn -0.3789 0.9237 -0.0562
vn 0.3789 0.9237 0.0562
vn 0.9140 0.3823 0.1356
vn 0.9140 -0.3823 0.1356
vn 0.3789 -0.9237 0.0562
vn -0.3789 -0.9237 -0.0562
vn -0.9140 -0.3823 -0.1356
vn -0.9229 0.3823 -0.0453
vn -0.3826 0.9237 -0.0188
vn 0.3826 0.9237 0.0188
vn 0.9229 0.3823 0.0453
vn 0.9229 -0.3823 0.0453
vn 0.3826 -0.9237 0.0188
vn -0.3826 -0.9237 -0.0188
vn -0.9229 -0.3823 -0.0453
vn -0.2245 0.3823 0.8964
vn -0.2245 -0.3823 0.8964
vn 0.2245 0.3823 0.8964
vn -0.2245 0.3823 -0.8963
vn -0.2245 -0.3823 -0.8963
vn 0.2245 -0.3823 0.8964
vn -0.8964 0.3823 -0.2245
vn -0.8964 -0.3823 -0.2245
vn 0.8963 -0.3823 0.2245
vt 0.500000 0.500000
vt 0.515625 0.500000
vt 0.515625 0.625000
vt 0.500000 0.625000
vt 0.515625 0.750000
vt 0.500000 0.750000
vt 0.515625 0.875000
vt 0.500000 0.875000
vt 0.515625 1.000000
vt 0.500000 1.000000
vt 0.500000 0.000000
vt 0.515625 0.000000
vt 0.515625 0.125000
vt 0.500000 0.125000
vt 0.515625 0.250000
vt 0.500000 0.250000
vt 0.515625 0.375000
vt 0.500000 0.375000
vt 0.531250 0.500000
vt 0.531250 0.625000
vt 0.531250 0.750000
vt 0.531250 0.875000
vt 0.531250 1.000000
vt 0.531250 0.000000
vt 0.531250 0.125000
vt 0.531250 0.250000
vt 0.531250 0.375000
vt 0.546875 0.500000
vt 0.546875 0.625000
vt 0.546875 0.750000
vt 0.546875 0.875000
vt 0.546875 1.000000
vt 0.546875 0.000000
vt 0.546875 0.125000
vt 0.546875 0.250000
vt 0.546875 0.375000
vt 0.562500 0.500000
vt 0.562500 0.625000
vt 0.562500 0.750000
vt 0.562500 0.875000
vt 0.562500 1.000000
vt 0.562500 0.000000
vt 0.562500 0.125000
vt 0.562500 0.250000
vt 0.562500 0.375000
vt 0.578125 0.500000
vt 0.578125 0.625000
vt 0.578125 0.750000
vt 0.578125 0.875000
vt 0.578125 1.000000
vt 0.578125 0.000000
vt 0.578125 0.125000
vt 0.578125 0.250000
vt 0.578125 0.375000
vt 0.593750 0.500000
vt 0.593750 0.625000
vt 0.593750 0.750000
vt 0.593750 0.875000
vt 0.593750 1.000000
vt 0.593750 0.000000
vt 0.593750 0.125000
vt 0.593750 0.250000
vt 0.593750 0.375000
vt 0.609375 0.500000
vt 0.609375 0.625000
vt 0.609375 0.750000
vt 0.609375 0.875000
vt 0.609375 1.000000
vt 0.609375 0.000000
vt 0.609375 0.125000
vt 0.609375 0.250000
vt 0.609375 0.375000
vt 0.625000 0.500000
vt 0.625000 0.625000
vt 0.625000 0.750000
vt 0.625000 0.875000
vt 0.625000 1.000000
vt 0.625000 0.000000
vt 0.625000 0.125000
vt 0.625000 0.250000
vt 0.625000 0.375000
vt 0.640625 0.500000
vt 0.640625 0.625000
vt 0.640625 0.750000
vt 0.640625 0.875000
vt 0.640625 1.000000
vt 0.640625 0.000000
vt 0.640625 0.125000
vt 0.640625 0.250000
vt 0.640625 0.375000
vt 0.656250 0.500000
vt 0.656250 0.625000
vt 0.656250 0.750000
vt 0.656250 0.875000
vt 0.656250 1.000000
vt 0.656250 0.000000
vt 0.656250 0.125000
vt 0.656250 0.250000
vt 0.656250 0.375000
vt 0.671875 0.500000
vt 0.671875 0.625000
vt 0.671875 0.750000
vt 0.671875 0.875000
vt 0.671875 1.000000
vt 0.671875 0.000000
vt 0.671875 0.125000
vt 0.671875 0.250000
vt 0.671875 0.375000
vt 0.687500 0.500000
vt 0.687500 0.625000
vt 0.687500 0.750000
vt 0.687500 0.875000
vt 0.687500 1.000000
vt 0.687500 0.000000
vt 0.687500 0.125000
vt 0.687500 0.250000
vt 0.687500 0.375000
vt 0.703125 0.500000
vt 0.703125 0.625000
vt 0.703125 0.750000
vt 0.703125 0.875000
vt 0.703125 1.000000
vt 0.703125 0.000000
vt 0.703125 0.125000
vt 0.703125 0.250000
vt 0.703125 0.375000
vt 0.718750 0.500000
vt 0.718750 0.625000
vt 0.718750 0.750000
vt 0.718750 0.875000
vt 0.718750 1.000000
vt 0.718750 0.000000
vt 0.718750 0.125000
vt 0.718750 0.250000
vt 0.718750 0.375000
vt 0.734375 0.500000
vt 0.734375 0.625000
vt 0.734375 0.750000
vt 0.734375 0.875000
vt 0.734375 1.000000
vt 0.734375 0.000000
vt 0.734375 0.125000
vt 0.734375 0.250000
vt 0.734375 0.375000
vt 0.750000 0.500000
vt 0.750000 0.625000
vt 0.750000 0.750000
vt 0.750000 0.875000
vt 0.750000 1.000000
vt 0.750000 0.000000
vt 0.750000 0.125000
vt 0.750000 0.250000
vt 0.750000 0.375000
vt 0.765625 0.500000
vt 0.765625 0.625000
vt 0.765625 0.750000
vt 0.765625 0.875000
vt 0.765625 1.000000
vt 0.765625 0.000000
vt 0.765625 0.125000
vt 0.765625 0.250000
vt 0.765625 0.375000
vt 0.781250 0.500000
vt 0.781250 0.625000
vt 0.781250 0.750000
vt 0.781250 0.875000
vt 0.781250 1.000000
vt 0.781250 0.000000
vt 0.781250 0.125000
vt 0.781250 0.250000
vt 0.781250 0.375000
vt 0.796875 0.500000
vt 0.796875 0.625000
vt 0.796875 0.750000
vt 0.796875 0.875000
vt 0.796875 1.000000
vt 0.796875 0.000000
vt 0.796875 0.125000
vt 0.796875 0.250000
vt 0.796875 0.375000
vt 0.812500 0.500000
vt 0.812500 0.625000
vt 0.812500 0.750000
vt 0.812500 0.875000
vt 0.812500 1.000000
vt 0.812500 0.000000
vt 0.812500 0.125000
vt 0.812500 0.250000
vt 0.812500 0.375000
vt 0.828125 0.500000
vt 0.828125 0.625000
vt 0.828125 0.750000
vt 0.828125 0.875000
vt 0.828125 1.000000
vt 0.828125 0.000000
vt 0.828125 0.125000
vt 0.828125 0.250000
vt 0.828125 0.375000
vt 0.843750 0.500000
vt 0.843750 0.625000
vt 0.843750 0.750000
vt 0.843750 0.875000
vt 0.843750 1.000000
vt 0.843750 0.000000
vt 0.843750 0.125000
vt 0.843750 0.250000
vt 0.843750 0.375000
vt 0.859375 0.500000
vt 0.859375 0.625000
vt 0.859375 0.750000
vt 0.859375 0.875000
vt 0.859375 1.000000
vt 0.859375 0.000000
vt 0.859375 0.125000
vt 0.859375 0.250000
vt 0.859375 0.375000
vt 0.875000 0.500000
vt 0.875000 0.625000
vt 0.875000 0.750000
vt 0.875000 0.875000
vt 0.875000 1.000000
vt 0.875000 0.000000
vt 0.875000 0.125000
vt 0.875000 0.250000
vt 0.875000 0.375000
vt 0.890625 0.500000
vt 0.890625 0.625000
vt 0.890625 0.750000
vt 0.890625 0.875000
vt 0.890625 1.000000
vt 0.890625 0.000000
vt 0.890625 0.125000
vt 0.890625 0.250000
vt 0.890625 0.375000
vt 0.906250 0.500000
vt 0.906250 0.625000
vt 0.906250 0.750000
vt 0.906250 0.875000
vt 0.906250 1.000000
vt 0.906250 0.000000
vt 0.906250 0.125000
vt 0.906250 0.250000
vt 0.906250 0.375000
vt 0.921875 0.500000
vt 0.921875 0.625000
vt 0.921875 0.750000
vt 0.921875 0.875000
vt 0.921875 1.000000
vt 0.921875 0.000000
vt 0.921875 0.125000
vt 0.921875 0.250000
vt 0.921875 0.375000
vt 0.937500 0.500000
vt 0.937500 0.625000
vt 0.937500 0.750000
vt 0.937500 0.875000
vt 0.937500 1.000000
vt 0.937500 0.000000
vt 0.937500 0.125000
vt 0.937500 0.250000
vt 0.937500 0.375000
vt 0.953125 0.500000
vt 0.953125 0.625000
vt 0.953125 0.750000
vt 0.953125 0.875000
vt 0.953125 1.000000
vt 0.953125 0.000000
vt 0.953125 0.125000
vt 0.953125 0.250000
vt 0.953125 0.375000
vt 0.968750 0.500000
vt 0.968750 0.625000
vt 0.968750 0.750000
vt 0.968750 0.875000
vt 0.968750 1.000000
vt 0.968750 0.000000
vt 0.968750 0.125000
vt 0.968750 0.250000
vt 0.968750 0.375000
vt 0.984375 0.500000
vt 0.984375 0.625000
vt 0.984375 0.750000
vt 0.984375 0.875000
vt 0.984375 1.000000
vt 0.984375 0.000000
vt 0.984375 0.125000
vt 0.984375 0.250000
vt 0.984375 0.375000
vt 1.000000 0.500000
vt 1.000000 0.625000
vt 1.000000 0.750000
vt 1.000000 0.875000
vt 1.000000 1.000000
vt 1.000000 0.000000
vt 1.000000 0.125000
vt 1.000000 0.250000
vt 1.000000 0.375000
vt 0.000000 0.500000
vt 0.015625 0.500000
vt 0.015625 0.625000
vt 0.000000 0.625000
vt 0.015625 0.750000
vt 0.000000 0.750000
vt 0.015625 0.875000
vt 0.000000 0.875000
vt 0.015625 1.000000
vt 0.000000 1.000000
vt 0.000000 0.000000
vt 0.015625 0.000000
vt 0.015625 0.125000
vt 0.000000 0.125000
vt 0.015625 0.250000
vt 0.000000 0.250000
vt 0.015625 0.375000
vt 0.000000 0.375000
vt 0.031250 0.500000
vt 0.031250 0.625000
vt 0.031250 0.750000
vt 0.031250 0.875000
vt 0.031250 1.000000
vt 0.031250 0.000000
vt 0.031250 0.125000
vt 0.031250 0.250000
vt 0.031250 0.375000
vt 0.046875 0.500000
vt 0.046875 0.625000
vt 0.046875 0.750000
vt 0.046875 0.875000
vt 0.046875 1.000000
vt 0.046875 0.000000
vt 0.046875 0.125000
vt 0.046875 0.250000
vt 0.046875 0.375000
vt 0.062500 0.500000
vt 0.062500 0.625000
vt 0.062500 0.750000
vt 0.062500 0.875000
vt 0.062500 1.000000
vt 0.062500 0.000000
vt 0.062500 0.125000
vt 0.062500 0.250000
vt 0.062500 0.375000
vt 0.078125 0.500000
vt 0.078125 0.625000
vt 0.078125 0.750000
vt 0.078125 0.875000
vt 0.078125 1.000000
vt 0.078125 0.000000
vt 0.078125 0.125000
vt 0.078125 0.250000
vt 0.078125 0.375000
vt 0.093750 0.500000
vt 0.093750 0.625000
vt 0.093750 0.750000
vt 0.093750 0.875000
vt 0.093750 1.000000
vt 0.093750 0.000000
vt 0.093750 0.125000
vt 0.093750 0.250000
vt 0.093750 0.375000
vt 0.109375 0.500000
vt 0.109375 0.625000
vt 0.109375 0.750000
vt 0.109375 0.875000
vt 0.109375 1.000000
vt 0.109375 0.000000
vt 0.109375 0.125000
vt 0.109375 0.250000
vt 0.109375 0.375000
vt 0.125000 0.500000
vt 0.125000 0.625000
vt 0.125000 0.750000
vt 0.125000 0.875000
vt 0.125000 1.000000
vt 0.125000 0.000000
vt 0.125000 0.125000
vt 0.125000 0.250000
vt 0.125000 0.375000
vt 0.140625 0.500000
vt 0.140625 0.625000
vt 0.140625 0.750000
vt 0.140625 0.875000
vt 0.140625 1.000000
vt 0.140625 0.000000
vt 0.140625 0.125000
vt 0.140625 0.250000
vt 0.140625 0.375000
vt 0.156250 0.500000
vt 0.156250 0.625000
vt 0.156250 0.750000
vt 0.156250 0.875000
vt 0.156250 1.000000
vt 0.156250 0.000000
vt 0.156250 0.125000
vt 0.156250 0.250000
vt 0.156250 0.375000
vt 0.171875 0.500000
vt 0.171875 0.625000
vt 0.171875 0.750000
vt 0.171875 0.875000
vt 0.171875 1.000000
vt 0.171875 0.000000
vt 0.171875 0.125000
vt 0.171875 0.250000
vt 0.171875 0.375000
vt 0.187500 0.500000
vt 0.187500 0.625000
vt 0.187500 0.750000
vt 0.187500 0.875000
vt 0.187500 1.000000
vt 0.187500 0.000000
vt 0.187500 0.125000
vt 0.187500 0.250000
vt 0.187500 0.375000
vt 0.203125 0.500000
vt 0.203125 0.625000
vt 0.203125 0.750000
vt 0.203125 0.875000
vt 0.203125 1.000000
vt 0.203125 0.000000
vt 0.203125 0.125000
vt 0.203125 0.250000
vt 0.203125 0.375000
vt 0.218750 0.500000
vt 0.218750 0.625000
vt 0.218750 0.750000
vt 0.218750 0.875000
vt 0.218750 1.000000
vt 0.218750 0.000000
vt 0.218750 0.125000
vt 0.218750 0.250000
vt 0.218750 0.375000
vt 0.234375 0.500000
vt 0.234375 0.625000
vt 0.234375 0.750000
vt 0.234375 0.875000
vt 0.234375 1.000000
vt 0.234375 0.000000
vt 0.234375 0.125000
vt 0.234375 0.250000
vt 0.234375 0.375000
vt 0.250000 0.500000
vt 0.250000 0.625000
vt 0.250000 0.750000
vt 0.250000 0.875000
vt 0.250000 1.000000
vt 0.250000 0.000000
vt 0.250000 0.125000
vt 0.250000 0.250000
vt 0.250000 0.375000
vt 0.265625 0.500000
vt 0.265625 0.625000
vt 0.265625 0.750000
vt 0.265625 0.875000
vt 0.265625 1.000000
vt 0.265625 0.000000
vt 0.265625 0.125000
vt 0.265625 0.250000
vt 0.265625 0.375000
vt 0.281250 0.500000
vt 0.281250 0.625000
vt 0.281250 0.750000
vt 0.281250 0.875000
vt 0.281250 1.000000
vt 0.281250 0.000000
vt 0.281250 0.125000
vt 0.281250 0.250000
vt 0.281250 0.375000
vt 0.296875 0.500000
vt 0.296875 0.625000
vt 0.296875 0.750000
vt 0.296875 0.875000
vt 0.296875 1.000000
vt 0.296875 0.000000
vt 0.296875 0.125000
vt 0.296875 0.250000
vt 0.296875 0.375000
vt 0.312500 0.500000
vt 0.312500 0.625000
vt 0.312500 0.750000
vt 0.312500 0.875000
vt 0.312500 1.000000
vt 0.312500 0.000000
vt 0.312500 0.125000
vt 0.312500 0.250000
vt 0.312500 0.375000
vt 0.328125 0.500000
vt 0.328125 0.625000
vt 0.328125 0.750000
vt 0.328125 0.875000
vt 0.328125 1.000000
vt 0.328125 0.000000
vt 0.328125 0.125000
vt 0.328125 0.250000
vt 0.328125 0.375000
vt 0.343750 0.500000
vt 0.343750 0.625000
vt 0.343750 0.750000
vt 0.343750 0.875000
vt 0.343750 1.000000
vt 0.343750 0.000000
vt 0.343750 0.125000
vt 0.343750 0.250000
vt 0.343750 0.375000
vt 0.359375 0.500000
vt 0.359375 0.625000
vt 0.359375 0.750000
vt 0.359375 0.875000
vt 0.359375 1.000000
vt 0.359375 0.000000
vt 0.359375 0.125000
vt 0.359375 0.250000
vt 0.359375 0.375000
vt 0.375000 0.500000
vt 0.375000 0.625000
vt 0.375000 0.750000
vt 0.375000 0.875000
vt 0.375000 1.000000
vt 0.375000 0.000000
vt 0.375000 0.125000
vt 0.375000 0.250000
vt 0.375000 0.375000
vt 0.390625 0.500000
vt 0.390625 0.625000
vt 0.390625 0.750000
vt 0.390625 0.875000
vt 0.390625 1.000000
vt 0.390625 0.000000
vt 0.390625 0.125000
vt 0.390625 0.250000
vt 0.390625 0.375000
vt 0.406250 0.500000
vt 0.406250 0.625000
vt 0.406250 0.750000
vt 0.406250 0.875000
vt 0.406250 1.000000
vt 0.406250 0.000000
vt 0.406250 0.125000
vt 0.406250 0.250000
vt 0.406250 0.375000
vt 0.421875 0.500000
vt 0.421875 0.625000
vt 0.421875 0.750000
vt 0.421875 0.875000
vt 0.421875 1.000000
vt 0.421875 0.000000
vt 0.421875 0.125000
vt 0.421875 0.250000
vt 0.421875 0.375000
vt 0.437500 0.500000
vt 0.437500 0.625000
vt 0.437500 0.750000
vt 0.437500 0.875000
vt 0.437500 1.000000
vt 0.437500 0.000000
vt 0.437500 0.125000
vt 0.437500 0.250000
vt 0.437500 0.375000
vt 0.453125 0.500000
vt 0.453125 0.625000
vt 0.453125 0.750000
vt 0.453125 0.875000
vt 0.453125 1.000000
vt 0.453125 0.000000
vt 0.453125 0.125000
vt 0.453125 0.250000
vt 0.453125 0.375000
vt 0.468750 0.500000
vt 0.468750 0.625000
vt 0.468750 0.750000
vt 0.468750 0.875000
vt 0.468750 1.000000
vt 0.468750 0.000000
vt 0.468750 0.125000
vt 0.468750 0.250000
vt 0.468750 0.375000
vt 0.484375 0.500000
vt 0.484375 0.625000
vt 0.484375 0.750000
vt 0.484375 0.875000
vt 0.484375 1.000000
vt 0.484375 0.000000
vt 0.484375 0.125000
vt 0.484375 0.250000
vt 0.484375 0.375000
s 0
usemtl reflective_gold.001
f 301/517/245 309/518/245 310/519/245 302/520/245
f 302/520/246 310/519/246 311/521/246 303/522/246
f 303/522/247 311/521/247 312/523/247 304/524/247
f 304/524/248 312/523/248 313/525/248 305/526/248
f 305/527/249 313/528/249 314/529/249 306/530/249
f 306/530/250 314/529/250 315/531/250 307/532/250
f 307/532/251 315/531/251 316/533/251 308/534/251
f 308/534/252 316/533/252 309/518/252 301/517/252
f 309/518/253 317/535/253 318/536/253 310/519/253
f 310/519/254 318/536/254 319/537/254 311/521/254
f 311/521/255 319/537/255 320/538/255 312/523/255
f 312/523/256 320/538/256 321/539/256 313/525/256
f 313/528/257 321/540/257 322/541/257 314/529/257
f 314/529/258 322/541/258 323/542/258 315/531/258
f 315/531/259 323/542/259 324/543/259 316/533/259
f 316/533/260 324/543/260 317/535/260 309/518/260
f 317/535/261 325/544/261 326/545/261 318/536/261
f 318/536/262 326/545/262 327/546/262 319/537/262
f 319/537/263 327/546/263 328/547/263 320/538/263
f 320/538/264 328/547/264 329/548/264 321/539/264
f 321/540/265 329/549/265 330/550/265 322/541/265
f 322/541/266 330/550/266 331/551/266 323/542/266
f 323/542/267 331/551/267 332/552/267 324/543/267
f 324/543/268 332/552/268 325/544/268 317/535/268
f 325/544/269 333/553/269 334/554/269 326/545/269
f 326/545/270 334/554/270 335/555/270 327/546/270
f 327/546/271 335/555/271 336/556/271 328/547/271
f 328/547/272 336/556/272 337/557/272 329/548/272
f 329/549/273 337/558/273 338/559/273 330/550/273
f 330/550/274 338/559/274 339/560/274 331/551/274
f 331/551/275 339/560/275 340/561/275 332/552/275
f 332/552/276 340/561/276 333/553/276 325/544/276
f 333/553/277 341/562/277 342/563/277 334/554/277
f 334/554/278 342/563/278 343/564/278 335/555/278
f 335/555/279 343/564/279 344/565/279 336/556/279
f 336/556/280 344/565/280 345/566/280 337/557/280
f 337/558/281 345/567/281 346/568/281 338/559/281
f 338/559/282 346/568/282 347/569/282 339/560/282
f 339/560/283 347/569/283 348/570/283 340/561/283
f 340/561/284 348/570/284 341/562/284 333/553/284
f 341/562/285 349/571/285 350/572/285 342/563/285
f 342/563/286 350/572/286 351/573/286 343/564/286
f 343/564/287 351/573/287 352/574/287 344/565/287
f 344/565/288 352/574/288 353/575/288 345/566/288
f 345/567/289 353/576/289 354/577/289 346/568/289
f 346/568/290 354/577/290 355/578/290 347/569/290
f 347/569/291 355/578/291 356/579/291 348/570/291
f 348/570/292 356/579/292 349/571/292 341/562/292
f 349/571/293 357/580/293 358/581/293 350/572/293
f 350/572/294 358/581/294 359/582/294 351/573/294
f 351/573/295 359/582/295 360/583/295 352/574/295
f 352/574/296 360/583/296 361/584/296 353/575/296
f 353/576/297 361/585/297 362/586/297 354/577/297
f 354/577/298 362/586/298 363/587/298 355/578/298
f 355/578/299 363/587/299 364/588/299 356/579/299
f 356/579/300 364/588/300 357/580/300 349/571/300
f 357/580/301 365/589/301 366/590/301 358/581/301
f 358/581/302 366/590/302 367/591/302 359/582/302
f 359/582/303 367/591/303 368/592/303 360/583/303
f 360/583/304 368/592/304 369/593/304 361/584/304
f 361/585/305 369/594/305 370/595/305 362/586/305
f 362/586/306 370/595/306 371/596/306 363/587/306
f 363/587/307 371/596/307 372/597/307 364/588/307
f 364/588/308 372/597/308 365/589/308 357/580/308
f 365/589/309 373/598/309 374/599/309 366/590/309
f 366/590/310 374/599/310 375/600/310 367/591/310
f 367/591/311 375/600/311 376/601/311 368/592/311
f 368/592/312 376/601/312 377/602/312 369/593/312
f 369/594/313 377/603/313 378/604/313 370/595/313
f 370/595/314 378/604/314 379/605/314 371/596/314
f 371/596/315 379/605/315 380/606/315 372/597/315
f 372/597/316 380/606/316 373/598/316 365/589/316
f 373/598/317 381/607/317 382/608/317 374/599/317
f 374/599/318 382/608/318 383/609/318 375/600/318
f 375/600/319 383/609/319 384/610/319 376/601/319
f 376/601/320 384/610/320 385/611/320 377/602/320
f 377/603/321 385/612/321 386/613/321 378/604/321
f 378/604/322 386/613/322 387/614/322 379/605/322
f 379/605/323 387/614/323 388/615/323 380/606/323
f 380/606/324 388/615/324 381/607/324 373/598/324
f 381/607/325 389/616/325 390/617/325 382/608/325
f 382/608/326 390/617/326 391/618/326 383/609/326
f 383/609/327 391/618/327 392/619/327 384/610/327
f 384/610/328 392/619/328 393/620/328 385/611/328
f 385/612/329 393/621/329 394/622/329 386/613/329
f 386/613/330 394/622/330 395/623/330 387/614/330
f 387/614/331 395/623/331 396/624/331 388/615/331
f 388/615/332 396/624/332 389/616/332 381/607/332
f 389/616/333 397/625/333 398/626/333 390/617/333
f 390/617/334 398/626/334 399/627/334 391/618/334
f 391/618/335 399/627/335 400/628/335 392/619/335
f 392/619/336 400/628/336 401/629/336 393/620/336
f 393/621/337 401/630/337 402/631/337 394/622/337
f 394/622/338 402/631/338 403/632/338 395/623/338
f 395/623/339 403/632/339 404/633/339 396/624/339
f 396/624/340 404/633/340 397/625/340 389/616/340
f 397/625/341 405/634/341 406/635/341 398/626/341
f 398/626/342 406/635/342 407/636/342 399/627/342
f 399/627/343 407/636/343 408/637/343 400/628/343
f 400/628/344 408/637/344 409/638/344 401/629/344
f 401/630/345 409/639/345 410/640/345 402/631/345
f 402/631/346 410/640/346 411/641/346 403/632/346
f 403/632/347 411/641/347 412/642/347 404/633/347
f 404/633/348 412/642/348 405/634/348 397/625/348
f 405/634/349 413/643/349 414/644/349 406/635/349
f 406/635/350 414/644/350 415/645/350 407/636/350
f 407/636/351 415/645/351 416/646/351 408/637/351
f 408/637/352 416/646/352 417/647/352 409/638/352
f 409/639/353 417/648/353 418/649/353 410/640/353
f 410/640/354 418/649/354 419/650/354 411/641/354
f 411/641/355 419/650/355 420/651/355 412/642/355
f 412/642/356 420/651/356 413/643/356 405/634/356
f 413/643/357 421/652/357 422/653/357 414/644/357
f 414/644/358 422/653/358 423/654/358 415/645/358
f 415/645/359 423/654/359 424/655/359 416/646/359
f 416/646/360 424/655/360 425/656/360 417/647/360
f 417/648/361 425/657/361 426/658/361 418/649/361
f 418/649/362 426/658/362 427/659/362 419/650/362
f 419/650/363 427/659/363 428/660/363 420/651/363
f 420/651/364 428/660/364 421/652/364 413/643/364
f 421/652/365 429/661/365 430/662/365 422/653/365
f 422/653/366 430/662/366 431/663/366 423/654/366
f 423/654/367 431/663/367 432/664/367 424/655/367
f 424/655/368 432/664/368 433/665/368 425/656/368
f 425/657/369 433/666/369 434/667/369 426/658/369
f 426/658/370 434/667/370 435/668/370 427/659/370
f 427/659/371 435/668/371 436/669/371 428/660/371
f 428/660/372 436/669/372 429/661/372 421/652/372
f 429/661/373 437/670/373 438/671/373 430/662/373
f 430/662/374 438/671/374 439/672/374 431/663/374
f 431/663/375 439/672/375 440/673/375 432/664/375
f 432/664/376 440/673/376 441/674/376 433/665/376
f 433/666/377 441/675/377 442/676/377 434/667/377
f 434/667/378 442/676/378 443/677/378 435/668/378
f 435/668/379 443/677/379 444/678/379 436/669/379
f 436/669/380 444/678/380 437/670/380 429/661/380
f 437/670/381 445/679/381 446/680/381 438/671/381
f 438/671/382 446/680/382 447/681/382 439/672/382
f 439/672/383 447/681/383 448/682/383 440/673/383
f 440/673/384 448/682/384 449/683/384 441/674/384
f 441/675/385 449/684/385 450/685/385 442/676/385
f 442/676/386 450/685/386 451/686/386 443/677/386
f 443/677/387 451/686/387 452/687/387 444/678/387
f 444/678/388 452/687/388 445/679/388 437/670/388
f 445/679/389 453/688/389 454/689/389 446/680/389
f 446/680/390 454/689/390 455/690/390 447/681/390
f 447/681/391 455/690/391 456/691/391 448/682/391
f 448/682/392 456/691/392 457/692/392 449/683/392
f 449/684/393 457/693/393 458/694/393 450/685/393
f 450/685/394 458/694/394 459/695/394 451/686/394
f 451/686/395 459/695/395 460/696/395 452/687/395
f 452/687/396 460/696/396 453/688/396 445/679/396
f 453/688/397 461/697/397 462/698/397 454/689/397
f 454/689/398 462/698/398 463/699/398 455/690/398
f 455/690/399 463/699/399 464/700/399 456/691/399
f 456/691/400 464/700/400 465/701/400 457/692/400
f 457/693/401 465/702/401 466/703/401 458/694/401
f 458/694/402 466/703/402 467/704/402 459/695/402
f 459/695/403 467/704/403 468/705/403 460/696/403
f 460/696/404 468/705/404 461/697/404 453/688/404
f 461/697/405 469/706/405 470/707/405 462/698/405
f 462/698/406 470/707/406 471/708/406 463/699/406
f 463/699/407 471/708/407 472/709/407 464/700/407
f 464/700/408 472/709/408 473/710/408 465/701/408
f 465/702/409 473/711/409 474/712/409 466/703/409
f 466/703/410 474/712/410 475/713/410 467/704/410
f 467/704/411 475/713/411 476/714/411 468/705/411
f 468/705/412 476/714/412 469/706/412 461/697/412
f 469/706/413 477/715/413 478/716/413 470/707/413
f 470/707/414 478/716/414 479/717/414 471/708/414
f 471/708/415 479/717/415 480/718/415 472/709/415
f 472/709/416 480/718/416 481/719/416 473/710/416
f 473/711/417 481/720/417 482/721/417 474/712/417
f 474/712/418 482/721/418 483/722/418 475/713/418
f 475/713/419 483/722/419 484/723/419 476/714/419
f 476/714/420 484/723/420 477/715/420 469/706/420
f 477/715/421 485/724/421 486/725/421 478/716/421
f 478/716/422 486/725/422 487/726/422 479/717/422
f 479/717/423 487/726/423 488/727/423 480/718/423
f 480/718/424 488/727/424 489/728/424 481/719/424
f 481/720/425 489/729/425 490/730/425 482/721/425
f 482/721/426 490/730/426 491/731/426 483/722/426
f 483/722/427 491/731/427 492/732/427 484/723/427
f 484/723/428 492/732/428 485/724/428 477/715/428
f 485/724/429 493/733/429 494/734/429 486/725/429
f 486/725/430 494/734/430 495/735/430 487/726/430
f 487/726/431 495/735/431 496/736/431 488/727/431
f 488/727/432 496/736/432 497/737/432 489/728/432
f 489/729/433 497/738/433 498/739/433 490/730/433
f 490/730/434 498/739/434 499/740/434 491/731/434
f 491/731/435 499/740/435 500/741/435 492/732/435
f 492/732/436 500/741/436 493/733/436 485/724/436
f 493/733/437 501/742/437 502/743/437 494/734/437
f 494/734/438 502/743/438 503/744/438 495/735/438
f 495/735/439 503/744/439 504/745/439 496/736/439
f 496/736/440 504/745/440 505/746/440 497/737/440
f 497/738/441 505/747/441 506/748/441 498/739/441
f 498/739/442 506/748/442 507/749/442 499/740/442
f 499/740/443 507/749/443 508/750/443 500/741/443
f 500/741/444 508/750/444 501/742/444 493/733/444
f 501/742/445 509/751/445 510/752/445 502/743/445
f 502/743/446 510/752/446 511/753/446 503/744/446
f 503/744/447 511/753/447 512/754/447 504/745/447
f 504/745/448 512/754/448 513/755/448 505/746/448
f 505/747/449 513/756/449 514/757/449 506/748/449
f 506/748/450 514/757/450 515/758/450 507/749/450
f 507/749/451 515/758/451 516/759/451 508/750/451
f 508/750/452 516/759/452 509/751/452 501/742/452
f 509/751/453 517/760/453 518/761/453 510/752/453
f 510/752/454 518/761/454 519/762/454 511/753/454
f 511/753/455 519/762/455 520/763/455 512/754/455
f 512/754/456 520/763/456 521/764/456 513/755/456
f 513/756/457 521/765/457 522/766/457 514/757/457
f 514/757/458 522/766/458 523/767/458 515/758/458
f 515/758/459 523/767/459 524/768/459 516/759/459
f 516/759/460 524/768/460 517/760/460 509/751/460
f 517/760/461 525/769/461 526/770/461 518/761/461
f 518/761/462 526/770/462 527/771/462 519/762/462
f 519/762/463 527/771/463 528/772/463 520/763/463
f 520/763/464 528/772/464 529/773/464 521/764/464
f 521/765/465 529/774/465 530/775/465 522/766/465
f 522/766/466 530/775/466 531/776/466 523/767/466
f 523/767/467 531/776/467 532/777/467 524/768/467
f 524/768/468 532/777/468 525/769/468 517/760/468
f 525/769/469 533/778/469 534/779/469 526/770/469
f 526/770/470 534/779/470 535/780/470 527/771/470
f 527/771/471 535/780/471 536/781/471 528/772/471
f 528/772/472 536/781/472 537/782/472 529/773/472
f 529/774/473 537/783/473 538/784/473 530/775/473
f 530/775/474 538/784/474 539/785/474 531/776/474
f 531/776/475 539/785/475 540/786/475 532/777/475
f 532/777/476 540/786/476 533/778/476 525/769/476
f 533/778/477 541/787/477 542/788/477 534/779/477
f 534/779/478 542/788/478 543/789/478 535/780/478
f 535/780/479 543/789/479 544/790/479 536/781/479
f 536/781/480 544/790/480 545/791/480 537/782/480
f 537/783/481 545/792/481 546/793/481 538/784/481
f 538/784/482 546/793/482 547/794/482 539/785/482
f 539/785/483 547/794/483 548/795/483 540/786/483
f 540/786/484 548/795/484 541/787/484 533/778/484
f 541/787/485 549/796/485 550/797/485 542/788/485
f 542/788/486 550/797/486 551/798/486 543/789/486
f 543/789/487 551/798/487 552/799/487 544/790/487
f 544/790/488 552/799/488 553/800/488 545/791/488
f 545/792/489 553/801/489 554/802/489 546/793/489
f 546/793/490 554/802/490 555/803/490 547/794/490
f 547/794/491 555/803/491 556/804/491 548/795/491
f 548/795/492 556/804/492 549/796/492 541/787/492
f 549/796/493 557/805/493 558/806/493 550/797/493
f 550/797/494 558/806/494 559/807/494 551/798/494
f 551/798/495 559/807/495 560/808/495 552/799/495
f 552/799/496 560/808/496 561/809/496 553/800/496
f 553/801/497 561/810/497 562/811/497 554/802/497
f 554/802/498 562/811/498 563/812/498 555/803/498
f 555/803/499 563/812/499 564/813/499 556/804/499
f 556/804/500 564/813/500 557/805/500 549/796/500
f 557/814/248 565/815/248 566/816/248 558/817/248
f 558/817/247 566/816/247 567/818/247 559/819/247
f 559/819/246 567/818/246 568/820/246 560/821/246
f 560/821/245 568/820/245 569/822/245 561/823/245
f 561/824/252 569/825/252 570/826/252 562/827/252
f 562/827/251 570/826/251 571/828/251 563/829/251
f 563/829/250 571/828/250 572/830/250 564/831/250
f 564/831/249 572/830/249 565/815/249 557/814/249
f 565/815/256 573/832/256 574/833/256 566/816/256
f 566/816/255 574/833/255 575/834/255 567/818/255
f 567/818/254 575/834/254 576/835/254 568/820/254
f 568/820/253 576/835/253 577/836/253 569/822/253
f 569/825/260 577/837/260 578/838/260 570/826/260
f 570/826/259 578/838/259 579/839/259 571/828/259
f 571/828/258 579/839/258 580/840/258 572/830/258
f 572/830/257 580/840/257 573/832/257 565/815/257
f 573/832/264 581/841/264 582/842/264 574/833/264
f 574/833/263 582/842/263 583/843/263 575/834/263
f 575/834/262 583/843/262 584/844/262 576/835/262
f 576/835/261 584/844/261 585/845/261 577/836/261
f 577/837/268 585/846/268 586/847/268 578/838/268
f 578/838/267 586/847/267 587/848/267 579/839/267
f 579/839/266 587/848/266 588/849/266 580/840/266
f 580/840/265 588/849/265 581/841/265 573/832/265
f 581/841/272 589/850/272 590/851/272 582/842/272
f 582/842/271 590/851/271 591/852/271 583/843/271
f 583/843/270 591/852/270 592/853/270 584/844/270
f 584/844/269 592/853/269 593/854/269 585/845/269
f 585/846/276 593/855/276 594/856/276 586/847/276
f 586/847/275 594/856/275 595/857/275 587/848/275
f 587/848/274 595/857/274 596/858/274 588/849/274
f 588/849/273 596/858/273 589/850/273 581/841/273
f 589/850/280 597/859/280 598/860/280 590/851/280
f 590/851/279 598/860/279 599/861/279 591/852/279
f 591/852/278 599/861/278 600/862/278 592/853/278
f 592/853/277 600/862/277 601/863/277 593/854/277
f 593/855/284 601/864/284 602/865/284 594/856/284
f 594/856/283 602/865/283 603/866/283 595/857/283
f 595/857/282 603/866/282 604/867/282 596/858/282
f 596/858/281 604/867/281 597/859/281 589/850/281
f 597/859/288 605/868/288 606/869/288 598/860/288
f 598/860/287 606/869/287 607/870/287 599/861/287
f 599/861/286 607/870/286 608/871/286 600/862/286
f 600/862/285 608/871/285 609/872/285 601/863/285
f 601/864/292 609/873/292 610/874/292 602/865/292
f 602/865/291 610/874/291 611/875/291 603/866/291
f 603/866/290 611/875/290 612/876/290 604/867/290
f 604/867/289 612/876/289 605/868/289 597/859/289
f 605/868/296 613/877/296 614/878/296 606/869/296
f 606/869/295 614/878/295 615/879/295 607/870/295
f 607/870/294 615/879/294 616/880/294 608/871/294
f 608/871/293 616/880/293 617/881/293 609/872/293
f 609/873/300 617/882/300 618/883/300 610/874/300
f 610/874/299 618/883/299 619/884/299 611/875/299
f 611/875/298 619/884/298 620/885/298 612/876/298
f 612/876/297 620/885/297 613/877/297 605/868/297
f 613/877/304 621/886/304 622/887/304 614/878/304
f 614/878/303 622/887/303 623/888/303 615/879/303
f 615/879/302 623/888/302 624/889/302 616/880/302
f 616/880/301 624/889/301 625/890/301 617/881/301
f 617/882/308 625/891/308 626/892/308 618/883/308
f 618/883/307 626/892/307 627/893/307 619/884/307
f 619/884/306 627/893/306 628/894/306 620/885/306
f 620/885/305 628/894/305 621/886/305 613/877/305
f 621/886/312 629/895/312 630/896/312 622/887/312
f 622/887/311 630/896/311 631/897/311 623/888/311
f 623/888/310 631/897/310 632/898/310 624/889/310
f 624/889/309 632/898/309 633/899/309 625/890/309
f 625/891/316 633/900/316 634/901/316 626/892/316
f 626/892/315 634/901/315 635/902/315 627/893/315
f 627/893/314 635/902/314 636/903/314 628/894/314
f 628/894/313 636/903/313 629/895/313 621/886/313
f 629/895/320 637/904/320 638/905/320 630/896/320
f 630/896/319 638/905/319 639/906/319 631/897/319
f 631/897/318 639/906/318 640/907/318 632/898/318
f 632/898/317 640/907/317 641/908/317 633/899/317
f 633/900/324 641/909/324 642/910/324 634/901/324
f 634/901/323 642/910/323 643/911/323 635/902/323
f 635/902/322 643/911/322 644/912/322 636/903/322
f 636/903/321 644/912/321 637/904/321 629/895/321
f 637/904/328 645/913/328 646/914/328 638/905/328
f 638/905/327 646/914/327 647/915/327 639/906/327
f 639/906/326 647/915/326 648/916/326 640/907/326
f 640/907/325 648/916/325 649/917/325 641/908/325
f 641/909/332 649/918/332 650/919/332 642/910/332
f 642/910/331 650/919/331 651/920/331 643/911/331
f 643/911/330 651/920/330 652/921/330 644/912/330
f 644/912/329 652/921/329 645/913/329 637/904/329
f 645/913/336 653/922/336 654/923/336 646/914/336
f 646/914/335 654/923/335 655/924/335 647/915/335
f 647/915/334 655/924/334 656/925/334 648/916/334
f 648/916/333 656/925/333 657/926/333 649/917/333
f 649/918/340 657/927/340 658/928/340 650/919/340
f 650/919/339 658/928/339 659/929/339 651/920/339
f 651/920/338 659/929/338 660/930/338 652/921/338
f 652/921/337 660/930/337 653/922/337 645/913/337
f 653/922/344 661/931/344 662/932/344 654/923/344
f 654/923/343 662/932/343 663/933/343 655/924/343
f 655/924/342 663/933/342 664/934/342 656/925/342
f 656/925/341 664/934/341 665/935/341 657/926/341
f 657/927/348 665/936/348 666/937/348 658/928/348
f 658/928/347 666/937/347 667/938/347 659/929/347
f 659/929/346 667/938/346 668/939/346 660/930/346
f 660/930/345 668/939/345 661/931/345 653/922/345
f 661/931/501 669/940/501 670/941/501 662/932/501
f 662/932/351 670/941/351 671/942/351 663/933/351
f 663/933/350 671/942/350 672/943/350 664/934/350
f 664/934/349 672/943/349 673/944/349 665/935/349
f 665/936/356 673/945/356 674/946/356 666/937/356
f 666/937/355 674/946/355 675/947/355 667/938/355
f 667/938/354 675/947/354 676/948/354 668/939/354
f 668/939/502 676/948/502 669/940/502 661/931/502
f 669/940/360 677/949/360 678/950/360 670/941/360
f 670/941/359 678/950/359 679/951/359 671/942/359
f 671/942/358 679/951/358 680/952/358 672/943/358
f 672/943/357 680/952/357 681/953/357 673/944/357
f 673/945/364 681/954/364 682/955/364 674/946/364
f 674/946/363 682/955/363 683/956/363 675/947/363
f 675/947/362 683/956/362 684/957/362 676/948/362
f 676/948/361 684/957/361 677/949/361 669/940/361
f 677/949/368 685/958/368 686/959/368 678/950/368
f 678/950/367 686/959/367 687/960/367 679/951/367
f 679/951/366 687/960/366 688/961/366 680/952/366
f 680/952/365 688/961/365 689/962/365 681/953/365
f 681/954/372 689/963/372 690/964/372 682/955/372
f 682/955/371 690/964/371 691/965/371 683/956/371
f 683/956/370 691/965/370 692/966/370 684/957/370
f 684/957/369 692/966/369 685/958/369 677/949/369
f 685/958/376 693/967/376 694/968/376 686/959/376
f 686/959/375 694/968/375 695/969/375 687/960/375
f 687/960/374 695/969/374 696/970/374 688/961/374
f 688/961/373 696/970/373 697/971/373 689/962/373
f 689/963/380 697/972/380 698/973/380 690/964/380
f 690/964/379 698/973/379 699/974/379 691/965/379
f 691/965/378 699/974/378 700/975/378 692/966/378
f 692/966/377 700/975/377 693/967/377 685/958/377
f 693/967/384 701/976/384 702/977/384 694/968/384
f 694/968/383 702/977/383 703/978/383 695/969/383
f 695/969/382 703/978/382 704/979/382 696/970/382
f 696/970/381 704/979/381 705/980/381 697/971/381
f 697/972/388 705/981/388 706/982/388 698/973/388
f 698/973/387 706/982/387 707/983/387 699/974/387
f 699/974/386 707/983/386 708/984/386 700/975/386
f 700/975/385 708/984/385 701/976/385 693/967/385
f 701/976/503 709/985/503 710/986/503 702/977/503
f 702/977/391 710/986/391 711/987/391 703/978/391
f 703/978/390 711/987/390 712/988/390 704/979/390
f 704/979/504 712/988/504 713/989/504 705/980/504
f 705/981/505 713/990/505 714/991/505 706/982/505
f 706/982/395 714/991/395 715/992/395 707/983/395
f 707/983/394 715/992/394 716/993/394 708/984/394
f 708/984/506 716/993/506 709/985/506 701/976/506
f 709/985/400 717/994/400 718/995/400 710/986/400
f 710/986/399 718/995/399 719/996/399 711/987/399
f 711/987/398 719/996/398 720/997/398 712/988/398
f 712/988/397 720/997/397 721/998/397 713/989/397
f 713/990/404 721/999/404 722/1000/404 714/991/404
f 714/991/403 722/1000/403 723/1001/403 715/992/403
f 715/992/402 723/1001/402 724/1002/402 716/993/402
f 716/993/401 724/1002/401 717/994/401 709/985/401
f 717/994/408 725/1003/408 726/1004/408 718/995/408
f 718/995/407 726/1004/407 727/1005/407 719/996/407
f 719/996/406 727/1005/406 728/1006/406 720/997/406
f 720/997/405 728/1006/405 729/1007/405 721/998/405
f 721/999/412 729/1008/412 730/1009/412 722/1000/412
f 722/1000/411 730/1009/411 731/1010/411 723/1001/411
f 723/1001/410 731/1010/410 732/1011/410 724/1002/410
f 724/1002/409 732/1011/409 725/1003/409 717/994/409
f 725/1003/416 733/1012/416 734/1013/416 726/1004/416
f 726/1004/415 734/1013/415 735/1014/415 727/1005/415
f 727/1005/414 735/1014/414 736/1015/414 728/1006/414
f 728/1006/413 736/1015/413 737/1016/413 729/1007/413
f 729/1008/420 737/1017/420 738/1018/420 730/1009/420
f 730/1009/419 738/1018/419 739/1019/419 731/1010/419
f 731/1010/418 739/1019/418 740/1020/418 732/1011/418
f 732/1011/417 740/1020/417 733/1012/417 725/1003/417
f 733/1012/424 741/1021/424 742/1022/424 734/1013/424
f 734/1013/423 742/1022/423 743/1023/423 735/1014/423
f 735/1014/422 743/1023/422 744/1024/422 736/1015/422
f 736/1015/421 744/1024/421 745/1025/421 737/1016/421
f 737/1017/428 745/1026/428 746/1027/428 738/1018/428
f 738/1018/427 746/1027/427 747/1028/427 739/1019/427
f 739/1019/426 747/1028/426 748/1029/426 740/1020/426
f 740/1020/425 748/1029/425 741/1021/425 733/1012/425
f 741/1021/432 749/1030/432 750/1031/432 742/1022/432
f 742/1022/431 750/1031/431 751/1032/431 743/1023/431
f 743/1023/430 751/1032/430 752/1033/430 744/1024/430
f 744/1024/429 752/1033/429 753/1034/429 745/1025/429
f 745/1026/436 753/1035/436 754/1036/436 746/1027/436
f 746/1027/435 754/1036/435 755/1037/435 747/1028/435
f 747/1028/434 755/1037/434 756/1038/434 748/1029/434
f 748/1029/433 756/1038/433 749/1030/433 741/1021/433
f 749/1030/440 757/1039/440 758/1040/440 750/1031/440
f 750/1031/439 758/1040/439 759/1041/439 751/1032/439
f 751/1032/438 759/1041/438 760/1042/438 752/1033/438
f 752/1033/437 760/1042/437 761/1043/437 753/1034/437
f 753/1035/444 761/1044/444 762/1045/444 754/1036/444
f 754/1036/443 762/1045/443 763/1046/443 755/1037/443
f 755/1037/442 763/1046/442 764/1047/442 756/1038/442
f 756/1038/441 764/1047/441 757/1039/441 749/1030/441
f 757/1039/448 765/1048/448 766/1049/448 758/1040/448
f 758/1040/447 766/1049/447 767/1050/447 759/1041/447
f 759/1041/446 767/1050/446 768/1051/446 760/1042/446
f 760/1042/445 768/1051/445 769/1052/445 761/1043/445
f 761/1044/452 769/1053/452 770/1054/452 762/1045/452
f 762/1045/451 770/1054/451 771/1055/451 763/1046/451
f 763/1046/450 771/1055/450 772/1056/450 764/1047/450
f 764/1047/449 772/1056/449 765/1048/449 757/1039/449
f 765/1048/456 773/1057/456 774/1058/456 766/1049/456
f 766/1049/455 774/1058/455 775/1059/455 767/1050/455
f 767/1050/454 775/1059/454 776/1060/454 768/1051/454
f 768/1051/453 776/1060/453 777/1061/453 769/1052/453
f 769/1053/460 777/1062/460 778/1063/460 770/1054/460
f 770/1054/459 778/1063/459 779/1064/459 771/1055/459
f 771/1055/458 779/1064/458 780/1065/458 772/1056/458
f 772/1056/457 780/1065/457 773/1057/457 765/1048/457
f 773/1057/464 781/1066/464 782/1067/464 774/1058/464
f 774/1058/463 782/1067/463 783/1068/463 775/1059/463
f 775/1059/462 783/1068/462 784/1069/462 776/1060/462
f 776/1060/461 784/1069/461 785/1070/461 777/1061/461
f 777/1062/468 785/1071/468 786/1072/468 778/1063/468
f 778/1063/467 786/1072/467 787/1073/467 779/1064/467
f 779/1064/466 787/1073/466 788/1074/466 780/1065/466
f 780/1065/465 788/1074/465 781/1066/465 773/1057/465
f 781/1066/472 789/1075/472 790/1076/472 782/1067/472
f 782/1067/471 790/1076/471 791/1077/471 783/1068/471
f 783/1068/470 791/1077/470 792/1078/470 784/1069/470
f 784/1069/469 792/1078/469 793/1079/469 785/1070/469
f 785/1071/476 793/1080/476 794/1081/476 786/1072/476
f 786/1072/475 794/1081/475 795/1082/475 787/1073/475
f 787/1073/474 795/1082/474 796/1083/474 788/1074/474
f 788/1074/473 796/1083/473 789/1075/473 781/1066/473
f 789/1075/480 797/1084/480 798/1085/480 790/1076/480
f 790/1076/479 798/1085/479 799/1086/479 791/1077/479
f 791/1077/478 799/1086/478 800/1087/478 792/1078/478
f 792/1078/507 800/1087/507 801/1088/507 793/1079/507
f 793/1080/508 801/1089/508 802/1090/508 794/1081/508
f 794/1081/483 802/1090/483 803/1091/483 795/1082/483
f 795/1082/482 803/1091/482 804/1092/482 796/1083/482
f 796/1083/509 804/1092/509 797/1084/509 789/1075/509
f 797/1084/488 805/1093/488 806/1094/488 798/1085/488
f 798/1085/487 806/1094/487 807/1095/487 799/1086/487
f 799/1086/486 807/1095/486 808/1096/486 800/1087/486
f 800/1087/485 808/1096/485 809/1097/485 801/1088/485
f 801/1089/492 809/1098/492 810/1099/492 802/1090/492
f 802/1090/491 810/1099/491 811/1100/491 803/1091/491
f 803/1091/490 811/1100/490 812/1101/490 804/1092/490
f 804/1092/489 812/1101/489 805/1093/489 797/1084/489
f 805/1093/496 301/517/496 302/520/496 806/1094/496
f 806/1094/495 302/520/495 303/522/495 807/1095/495
f 807/1095/494 303/522/494 304/524/494 808/1096/494
f 808/1096/493 304/524/493 305/526/493 809/1097/493
f 809/1098/500 305/527/500 306/530/500 810/1099/500
f 810/1099/499 306/530/499 307/532/499 811/1100/499
f 811/1100/498 307/532/498 308/534/498 812/1101/498
f 812/1101/497 308/534/497 301/517/497 805/1093/497
o ruby_colored_light_pad
v 0.000000 0.080000 -0.380000
v 0.000000 0.100000 -0.380000
v 0.049600 0.080000 -0.376749
v 0.049600 0.100000 -0.376749
v 0.098351 0.080000 -0.367052
v 0.098351 0.100000 -0.367052
v 0.145420 0.080000 -0.351074
v 0.145420 0.100000 -0.351074
v 0.190000 0.080000 -0.329090
v 0.190000 0.100000 -0.329090
v 0.231329 0.080000 -0.301474
v 0.231329 0.100000 -0.301474
v 0.268701 0.080000 -0.268701
v 0.268701 0.100000 -0.268701
v 0.301474 0.080000 -0.231329
v 0.301474 0.100000 -0.231329
v 0.329090 0.080000 -0.190000
v 0.329090 0.100000 -0.190000
v 0.351074 0.080000 -0.145420
v 0.351074 0.100000 -0.145420
v 0.367052 0.080000 -0.098351
v 0.367052 0.100000 -0.098351
v 0.376749 0.080000 -0.049600
v 0.376749 0.100000 -0.049600
v 0.380000 0.080000 0.000000
v 0.380000 0.100000 0.000000
v 0.376749 0.080000 0.049600
v 0.376749 0.100000 0.049600
v 0.367052 0.080000 0.098351
v 0.367052 0.100000 0.098351
v 0.351074 0.080000 0.145420
v 0.351074 0.100000 0.145420
v 0.329090 0.080000 0.190000
v 0.329090 0.100000 0.190000
v 0.301474 0.080000 0.231329
v 0.301474 0.100000 0.231329
v 0.268701 0.080000 0.268701
v 0.268701 0.100000 0.268701
v 0.231329 0.080000 0.301474
v 0.231329 0.100000 0.301474
v 0.190000 0.080000 0.329090
v 0.190000 0.100000 0.329090
v 0.145420 0.080000 0.351074
v 0.145420 0.100000 0.351074
v 0.098351 0.080000 0.367052
v 0.098351 0.100000 0.367052
v 0.049600 0.080000 0.376749
v 0.049600 0.100000 0.376749
v 0.000000 0.080000 0.380000
v 0.000000 0.100000 0.380000
v -0.049600 0.080000 0.376749
v -0.049600 0.100000 0.376749
v -0.098351 0.080000 0.367052
v -0.098351 0.100000 0.367052
v -0.145420 0.080000 0.351074
v -0.145420 0.100000 0.351074
v -0.190000 0.080000 0.329090
v -0.190000 0.100000 0.329090
v -0.231329 0.080000 0.301474
v -0.231329 0.100000 0.301474
v -0.268701 0.080000 0.268701
v -0.268701 0.100000 0.268701
v -0.301474 0.080000 0.231329
v -0.301474 0.100000 0.231329
v -0.329090 0.080000 0.190000
v -0.329090 0.100000 0.190000
v -0.351074 0.080000 0.145420
v -0.351074 0.100000 0.145420
v -0.367052 0.080000 0.098351
v -0.367052 0.100000 0.098351
v -0.376749 0.080000 0.049600
v -0.376749 0.100000 0.049600
v -0.380000 0.080000 0.000000
v -0.380000 0.100000 0.000000
v -0.376749 0.080000 -0.049600
v -0.376749 0.100000 -0.049600
v -0.367052 0.080000 -0.098351
v -0.367052 0.100000 -0.098351
v -0.351074 0.080000 -0.145420
v -0.351074 0.100000 -0.145420
v -0.329090 0.080000 -0.190000
v -0.329090 0.100000 -0.190000
v -0.301474 0.080000 -0.231329
v -0.301474 0.100000 -0.231329
v -0.268701 0.080000 -0.268701
v -0.268701 0.100000 -0.268701
v -0.231329 0.080000 -0.301474
v -0.231329 0.100000 -0.301474
v -0.190000 0.080000 -0.329090
v -0.190000 0.100000 -0.329090
v -0.145420 0.080000 -0.351074
v -0.145420 0.100000 -0.351074
v -0.098351 0.080000 -0.367052
v -0.098351 0.100000 -0.367052
v -0.049600 0.080000 -0.376749
v -0.049600 0.100000 -0.376749
vn 0.0654 -0.0000 -0.9979
vn 0.1951 -0.0000 -0.9808
vn 0.3214 -0.0000 -0.9469
vn 0.4423 -0.0000 -0.8969
vn 0.5556 -0.0000 -0.8315
vn 0.6593 -0.0000 -0.7518
vn 0.7518 -0.0000 -0.6593
vn 0.8315 -0.0000 -0.5556
vn 0.8969 -0.0000 -0.4423
vn 0.9469 -0.0000 -0.3214
vn 0.9808 -0.0000 -0.1951
vn 0.9979 -0.0000 -0.0654
vn 0.9979 -0.0000 0.0654
vn 0.9808 -0.0000 0.1951
vn 0.9469 -0.0000 0.3214
vn 0.8969 -0.0000 0.4423
vn 0.8315 -0.0000 0.5556
vn 0.7518 -0.0000 0.6593
vn 0.6593 -0.0000 0.7518
vn 0.5556 -0.0000 0.8315
vn 0.4423 -0.0000 0.8969
vn 0.3214 -0.0000 0.9469
vn 0.1951 -0.0000 0.9808
vn 0.0654 -0.0000 0.9979
vn -0.0654 -0.0000 0.9979
vn -0.1951 -0.0000 0.9808
vn -0.3214 -0.0000 0.9469
vn -0.4423 -0.0000 0.8969
vn -0.5556 -0.0000 0.8315
vn -0.6593 -0.0000 0.7518
vn -0.7518 -0.0000 0.6593
vn -0.8315 -0.0000 0.5556
vn -0.8969 -0.0000 0.4423
vn -0.9469 -0.0000 0.3214
vn -0.9808 -0.0000 0.1951
vn -0.9979 -0.0000 0.0654
vn -0.9979 -0.0000 -0.0654
vn -0.9808 -0.0000 -0.1951
vn -0.9469 -0.0000 -0.3214
vn -0.8969 -0.0000 -0.4423
vn -0.8315 -0.0000 -0.5556
vn -0.7518 -0.0000 -0.6593
vn -0.6593 -0.0000 -0.7518
vn -0.5556 -0.0000 -0.8315
vn -0.4423 -0.0000 -0.8969
vn -0.3214 -0.0000 -0.9469
vn -0.0000 1.0000 -0.0000
vn -0.1951 -0.0000 -0.9808
vn -0.0654 -0.0000 -0.9979
vn -0.0000 -1.0000 -0.0000
vt 1.000000 0.500000
vt 1.000000 1.000000
vt 0.979167 1.000000
vt 0.979167 0.500000
vt 0.958333 1.000000
vt 0.958333 0.500000
vt 0.937500 1.000000
vt 0.937500 0.500000
vt 0.916667 1.000000
vt 0.916667 0.500000
vt 0.895833 1.000000
vt 0.895833 0.500000
vt 0.875000 1.000000
vt 0.875000 0.500000
vt 0.854167 1.000000
vt 0.854167 0.500000
vt 0.833333 1.000000
vt 0.833333 0.500000
vt 0.812500 1.000000
vt 0.812500 0.500000
vt 0.791667 1.000000
vt 0.791667 0.500000
vt 0.770834 1.000000
vt 0.770834 0.500000
vt 0.750000 1.000000
vt 0.750000 0.500000
vt 0.729167 1.000000
vt 0.729167 0.500000
vt 0.708334 1.000000
vt 0.708334 0.500000
vt 0.687500 1.000000
vt 0.687500 0.500000
vt 0.666667 1.000000
vt 0.666667 0.500000
vt 0.645834 1.000000
vt 0.645834 0.500000
vt 0.625000 1.000000
vt 0.625000 0.500000
vt 0.604167 1.000000
vt 0.604167 0.500000
vt 0.583334 1.000000
vt 0.583334 0.500000
vt 0.562500 1.000000
vt 0.562500 0.500000
vt 0.541667 1.000000
vt 0.541667 0.500000
vt 0.520834 1.000000
vt 0.520834 0.500000
vt 0.500000 1.000000
vt 0.500000 0.500000
vt 0.479167 1.000000
vt 0.479167 0.500000
vt 0.458334 1.000000
vt 0.458334 0.500000
vt 0.437500 1.000000
vt 0.437500 0.500000
vt 0.416667 1.000000
vt 0.416667 0.500000
vt 0.395834 1.000000
vt 0.395834 0.500000
vt 0.375000 1.000000
vt 0.375000 0.500000
vt 0.354167 1.000000
vt 0.354167 0.500000
vt 0.333334 1.000000
vt 0.333334 0.500000
vt 0.312500 1.000000
vt 0.312500 0.500000
vt 0.291667 1.000000
vt 0.291667 0.500000
vt 0.270834 1.000000
vt 0.270834 0.500000
vt 0.250000 1.000000
vt 0.250000 0.500000
vt 0.229167 1.000000
vt 0.229167 0.500000
vt 0.208334 1.000000
vt 0.208334 0.500000
vt 0.187500 1.000000
vt 0.187500 0.500000
vt 0.166667 1.000000
vt 0.166667 0.500000
vt 0.145834 1.000000
vt 0.145834 0.500000
vt 0.125000 1.000000
vt 0.125000 0.500000
vt 0.104167 1.000000
vt 0.104167 0.500000
vt 0.083334 1.000000
vt 0.083334 0.500000
vt 0.062500 1.000000
vt 0.062500 0.500000
vt 0.041667 1.000000
vt 0.041667 0.500000
vt 0.281326 0.487947
vt 0.250000 0.490000
vt 0.218674 0.487947
vt 0.187883 0.481822
vt 0.158156 0.471731
vt 0.130000 0.457846
vt 0.103897 0.440405
vt 0.080294 0.419706
vt 0.059595 0.396103
vt 0.042154 0.370000
vt 0.028269 0.341844
vt 0.018178 0.312117
vt 0.012053 0.281326
vt 0.010000 0.250000
vt 0.012053 0.218674
vt 0.018178 0.187883
vt 0.028269 0.158156
vt 0.042154 0.130000
vt 0.059595 0.103897
vt 0.080294 0.080294
vt 0.103897 0.059595
vt 0.130000 0.042154
vt 0.158156 0.028269
vt 0.187883 0.018178
vt 0.218674 0.012053
vt 0.250000 0.010000
vt 0.281326 0.012053
vt 0.312117 0.018178
vt 0.341844 0.028269
vt 0.370000 0.042154
vt 0.396103 0.059595
vt 0.419706 0.080294
vt 0.440405 0.103897
vt 0.457846 0.130000
vt 0.471731 0.158156
vt 0.481822 0.187883
vt 0.487947 0.218674
vt 0.490000 0.250000
vt 0.487947 0.281326
vt 0.481822 0.312117
vt 0.471731 0.341844
vt 0.457846 0.370000
vt 0.440405 0.396103
vt 0.419706 0.419706
vt 0.396103 0.440405
vt 0.370000 0.457846
vt 0.341844 0.471731
vt 0.312117 0.481822
vt 0.020834 1.000000
vt 0.020834 0.500000
vt 0.000000 1.000000
vt 0.000000 0.500000
vt 0.750000 0.490000
vt 0.781326 0.487947
vt 0.812117 0.481822
vt 0.841844 0.471731
vt 0.870000 0.457846
vt 0.896103 0.440405
vt 0.919706 0.419706
vt 0.940405 0.396103
vt 0.957846 0.370000
vt 0.971731 0.341844
vt 0.981822 0.312117
vt 0.987947 0.281326
vt 0.990000 0.250000
vt 0.987947 0.218674
vt 0.981822 0.187883
vt 0.971731 0.158156
vt 0.957846 0.130000
vt 0.940405 0.103897
vt 0.919706 0.080294
vt 0.896103 0.059595
vt 0.870000 0.042154
vt 0.841844 0.028269
vt 0.812117 0.018178
vt 0.781326 0.012053
vt 0.750000 0.010000
vt 0.718674 0.012053
vt 0.687883 0.018178
vt 0.658156 0.028269
vt 0.630000 0.042154
vt 0.603897 0.059595
vt 0.580294 0.080294
vt 0.559595 0.103897
vt 0.542154 0.130000
vt 0.528269 0.158156
vt 0.518178 0.187883
vt 0.512053 0.218674
vt 0.510000 0.250000
vt 0.512053 0.281326
vt 0.518178 0.312117
vt 0.528269 0.341844
vt 0.542154 0.370000
vt 0.559595 0.396103
vt 0.580294 0.419706
vt 0.603897 0.440405
vt 0.630000 0.457846
vt 0.658156 0.471731
vt 0.687883 0.481822
vt 0.718674 0.487947
s 0
usemtl ruby_emissive_glow
f 813/1102/510 814/1103/510 816/1104/510 815/1105/510
f 815/1105/511 816/1104/511 818/1106/511 817/1107/511
f 817/1107/512 818/1106/512 820/1108/512 819/1109/512
f 819/1109/513 820/1108/513 822/1110/513 821/1111/513
f 821/1111/514 822/1110/514 824/1112/514 823/1113/514
f 823/1113/515 824/1112/515 826/1114/515 825/1115/515
f 825/1115/516 826/1114/516 828/1116/516 827/1117/516
f 827/1117/517 828/1116/517 830/1118/517 829/1119/517
f 829/1119/518 830/1118/518 832/1120/518 831/1121/518
f 831/1121/519 832/1120/519 834/1122/519 833/1123/519
f 833/1123/520 834/1122/520 836/1124/520 835/1125/520
f 835/1125/521 836/1124/521 838/1126/521 837/1127/521
f 837/1127/522 838/1126/522 840/1128/522 839/1129/522
f 839/1129/523 840/1128/523 842/1130/523 841/1131/523
f 841/1131/524 842/1130/524 844/1132/524 843/1133/524
f 843/1133/525 844/1132/525 846/1134/525 845/1135/525
f 845/1135/526 846/1134/526 848/1136/526 847/1137/526
f 847/1137/527 848/1136/527 850/1138/527 849/1139/527
f 849/1139/528 850/1138/528 852/1140/528 851/1141/528
f 851/1141/529 852/1140/529 854/1142/529 853/1143/529
f 853/1143/530 854/1142/530 856/1144/530 855/1145/530
f 855/1145/531 856/1144/531 858/1146/531 857/1147/531
f 857/1147/532 858/1146/532 860/1148/532 859/1149/532
f 859/1149/533 860/1148/533 862/1150/533 861/1151/533
f 861/1151/534 862/1150/534 864/1152/534 863/1153/534
f 863/1153/535 864/1152/535 866/1154/535 865/1155/535
f 865/1155/536 866/1154/536 868/1156/536 867/1157/536
f 867/1157/537 868/1156/537 870/1158/537 869/1159/537
f 869/1159/538 870/1158/538 872/1160/538 871/1161/538
f 871/1161/539 872/1160/539 874/1162/539 873/1163/539
f 873/1163/540 874/1162/540 876/1164/540 875/1165/540
f 875/1165/541 876/1164/541 878/1166/541 877/1167/541
f 877/1167/542 878/1166/542 880/1168/542 879/1169/542
f 879/1169/543 880/1168/543 882/1170/543 881/1171/543
f 881/1171/544 882/1170/544 884/1172/544 883/1173/544
f 883/1173/545 884/1172/545 886/1174/545 885/1175/545
f 885/1175/546 886/1174/546 888/1176/546 887/1177/546
f 887/1177/547 888/1176/547 890/1178/547 889/1179/547
f 889/1179/548 890/1178/548 892/1180/548 891/1181/548
f 891/1181/549 892/1180/549 894/1182/549 893/1183/549
f 893/1183/550 894/1182/550 896/1184/550 895/1185/550
f 895/1185/551 896/1184/551 898/1186/551 897/1187/551
f 897/1187/552 898/1186/552 900/1188/552 899/1189/552
f 899/1189/553 900/1188/553 902/1190/553 901/1191/553
f 901/1191/554 902/1190/554 904/1192/554 903/1193/554
f 903/1193/555 904/1192/555 906/1194/555 905/1195/555
f 816/1196/556 814/1197/556 908/1198/556 906/1199/556 904/1200/556 902/1201/556 900/1202/556 898/1203/556 896/1204/556 894/1205/556 892/1206/556 890/1207/556 888/1208/556 886/1209/556 884/1210/556 882/1211/556 880/1212/556 878/1213/556 876/1214/556 874/1215/556 872/1216/556 870/1217/556 868/1218/556 866/1219/556 864/1220/556 862/1221/556 860/1222/556 858/1223/556 856/1224/556 854/1225/556 852/1226/556 850/1227/556 848/1228/556 846/1229/556 844/1230/556 842/1231/556 840/1232/556 838/1233/556 836/1234/556 834/1235/556 832/1236/556 830/1237/556 828/1238/556 826/1239/556 824/1240/556 822/1241/556 820/1242/556 818/1243/556
f 905/1195/557 906/1194/557 908/1244/557 907/1245/557
f 907/1245/558 908/1244/558 814/1246/558 813/1247/558
f 813/1248/559 815/1249/559 817/1250/559 819/1251/559 821/1252/559 823/1253/559 825/1254/559 827/1255/559 829/1256/559 831/1257/559 833/1258/559 835/1259/559 837/1260/559 839/1261/559 841/1262/559 843/1263/559 845/1264/559 847/1265/559 849/1266/559 851/1267/559 853/1268/559 855/1269/559 857/1270/559 859/1271/559 861/1272/559 863/1273/559 865/1274/559 867/1275/559 869/1276/559 871/1277/559 873/1278/559 875/1279/559 877/1280/559 879/1281/559 881/1282/559 883/1283/559 885/1284/559 887/1285/559 889/1286/559 891/1287/559 893/1288/559 895/1289/559 897/1290/559 899/1291/559 901/1292/559 903/1293/559 905/1294/559 907/1295/559
o ruby_base_label
v 0.223110 -0.168153 0.758610
v 0.177570 -0.223276 0.776521
v 0.177570 -0.284905 0.796545
v 0.159930 -0.284905 0.796545
v 0.159930 -0.223105 0.776465
v 0.114390 -0.168153 0.758610
v 0.135630 -0.168153 0.758610
v 0.168570 -0.208383 0.771681
v 0.201870 -0.168153 0.758610
v 0.062190 -0.168153 0.758610
v 0.068492 -0.168458 0.758709
v 0.074177 -0.169337 0.758995
v 0.079259 -0.170737 0.759450
v 0.083750 -0.172604 0.760056
v 0.087663 -0.174885 0.760797
v 0.091012 -0.177526 0.761655
v 0.093810 -0.180473 0.762613
v 0.096070 -0.183674 0.763653
v 0.097805 -0.187075 0.764758
v 0.099027 -0.190622 0.765911
v 0.099752 -0.194261 0.767093
v 0.099990 -0.197940 0.768288
v 0.099866 -0.200890 0.769247
v 0.099491 -0.203667 0.770149
v 0.098862 -0.206275 0.770997
v 0.097977 -0.208719 0.771791
v 0.096831 -0.211003 0.772533
v 0.095422 -0.213133 0.773225
v 0.093748 -0.215113 0.773868
v 0.091803 -0.216949 0.774465
v 0.089587 -0.218643 0.775015
v 0.087094 -0.220203 0.775522
v 0.084323 -0.221631 0.775986
v 0.081270 -0.222934 0.776409
v 0.081270 -0.223276 0.776521
v 0.085708 -0.224258 0.776840
v 0.089832 -0.225569 0.777266
v 0.093628 -0.227195 0.777794
v 0.097083 -0.229122 0.778420
v 0.100184 -0.231337 0.779140
v 0.102915 -0.233826 0.779948
v 0.105264 -0.236575 0.780842
v 0.107217 -0.239571 0.781815
v 0.108759 -0.242800 0.782864
v 0.109878 -0.246248 0.783985
v 0.110560 -0.249902 0.785172
v 0.110790 -0.253748 0.786422
v 0.110549 -0.257382 0.787602
v 0.109808 -0.261049 0.788794
v 0.108537 -0.264683 0.789974
v 0.106710 -0.268217 0.791123
v 0.104298 -0.271584 0.792217
v 0.101273 -0.274719 0.793235
v 0.097606 -0.277554 0.794156
v 0.093270 -0.280023 0.794959
v 0.088237 -0.282059 0.795620
v 0.082477 -0.283596 0.796120
v 0.075965 -0.284566 0.796435
v 0.068670 -0.284905 0.796545
v 0.026550 -0.284905 0.796545
v 0.026550 -0.168153 0.758610
v 0.055890 -0.218141 0.774852
v 0.060068 -0.218012 0.774810
v 0.063872 -0.217626 0.774685
v 0.067306 -0.216982 0.774476
v 0.070370 -0.216080 0.774182
v 0.073067 -0.214918 0.773805
v 0.075397 -0.213497 0.773343
v 0.077365 -0.211815 0.772797
v 0.078970 -0.209873 0.772166
v 0.080215 -0.207669 0.771449
v 0.081102 -0.205202 0.770648
v 0.081633 -0.202473 0.769761
v 0.081810 -0.199481 0.768789
v 0.081698 -0.197327 0.768089
v 0.081348 -0.195245 0.767413
v 0.080741 -0.193256 0.766767
v 0.079857 -0.191384 0.766158
v 0.078675 -0.189650 0.765595
v 0.077175 -0.188075 0.765083
v 0.075338 -0.186683 0.764631
v 0.073143 -0.185494 0.764244
v 0.070571 -0.184531 0.763932
v 0.067602 -0.183816 0.763699
v 0.064215 -0.183371 0.763555
v 0.060390 -0.183218 0.763505
v 0.044190 -0.183218 0.763505
v 0.044190 -0.218141 0.774852
v 0.066330 -0.269840 0.791650
v 0.071196 -0.269643 0.791586
v 0.075464 -0.269077 0.791402
v 0.079169 -0.268179 0.791110
v 0.082343 -0.266987 0.790723
v 0.085020 -0.265538 0.790252
v 0.087233 -0.263870 0.789710
v 0.089014 -0.262020 0.789109
v 0.090397 -0.260025 0.788461
v 0.091415 -0.257924 0.787778
v 0.092101 -0.255753 0.787073
v 0.092488 -0.253549 0.786357
v 0.092610 -0.251352 0.785643
v 0.092429 -0.248765 0.784802
v 0.091884 -0.246322 0.784009
v 0.090970 -0.244038 0.783267
v 0.089683 -0.241930 0.782582
v 0.088019 -0.240011 0.781958
v 0.085973 -0.238298 0.781402
v 0.083540 -0.236806 0.780917
v 0.080717 -0.235551 0.780509
v 0.077498 -0.234548 0.780183
v 0.073881 -0.233812 0.779944
v 0.069859 -0.233360 0.779797
v 0.065430 -0.233205 0.779747
v 0.044190 -0.233205 0.779747
v 0.044190 -0.269840 0.791650
v 0.001875 -0.245964 0.783893
v 0.000747 -0.252465 0.786005
v -0.001133 -0.258496 0.787964
v -0.003770 -0.264026 0.789761
v -0.007164 -0.269023 0.791385
v -0.011318 -0.273456 0.792825
v -0.016232 -0.277294 0.794072
v -0.021910 -0.280505 0.795115
v -0.028353 -0.283056 0.795944
v -0.035563 -0.284918 0.796549
v -0.043541 -0.286058 0.796920
v -0.052290 -0.286445 0.797046
v -0.058741 -0.286154 0.796951
v -0.065077 -0.285271 0.796664
v -0.071213 -0.283781 0.796180
v -0.077063 -0.281671 0.795494
v -0.082544 -0.278926 0.794602
v -0.087570 -0.275532 0.793500
v -0.092056 -0.271475 0.792181
v -0.095917 -0.266740 0.790643
v -0.099068 -0.261313 0.788879
v -0.101423 -0.255179 0.786887
v -0.102899 -0.248326 0.784660
v -0.103410 -0.240738 0.782194
v -0.103410 -0.168153 0.758610
v -0.085770 -0.168153 0.758610
v -0.085770 -0.237143 0.781026
v -0.085731 -0.240282 0.782046
v -0.085611 -0.243126 0.782970
v -0.085402 -0.245702 0.783807
v -0.085097 -0.248035 0.784565
v -0.084689 -0.250152 0.785253
v -0.084173 -0.252079 0.785879
v -0.083539 -0.253842 0.786452
v -0.082783 -0.255466 0.786980
v -0.081897 -0.256979 0.787471
v -0.080874 -0.258407 0.787935
v -0.079707 -0.259775 0.788380
v -0.078390 -0.261109 0.788813
v -0.076597 -0.262707 0.789333
v -0.074730 -0.264163 0.789806
v -0.072787 -0.265477 0.790233
v -0.070770 -0.266651 0.790614
v -0.068677 -0.267684 0.790950
v -0.066510 -0.268578 0.791240
v -0.064267 -0.269332 0.791485
v -0.061950 -0.269948 0.791685
v -0.059557 -0.270426 0.791840
v -0.057090 -0.270767 0.791951
v -0.054548 -0.270971 0.792017
v -0.051930 -0.271038 0.792040
v -0.048634 -0.270954 0.792012
v -0.045497 -0.270709 0.791933
v -0.042519 -0.270314 0.791804
v -0.039703 -0.269777 0.791630
v -0.037050 -0.269109 0.791413
v -0.034560 -0.268321 0.791156
v -0.032235 -0.267422 0.790864
v -0.030077 -0.266423 0.790540
v -0.028086 -0.265333 0.790186
v -0.026263 -0.264163 0.789806
v -0.024611 -0.262923 0.789403
v -0.023130 -0.261623 0.788980
v -0.021654 -0.260072 0.788476
v -0.020369 -0.258414 0.787938
v -0.019263 -0.256650 0.787365
v -0.018323 -0.254782 0.786757
v -0.017539 -0.252808 0.786116
v -0.016897 -0.250731 0.785441
v -0.016387 -0.248550 0.784733
v -0.015997 -0.246267 0.783991
v -0.015713 -0.243881 0.783215
v -0.015526 -0.241393 0.782407
v -0.015422 -0.238805 0.781566
v -0.015390 -0.236116 0.780692
v -0.015390 -0.168153 0.758610
v 0.002250 -0.168153 0.758610
v 0.002250 -0.239026 0.781638
v -0.172279 -0.168411 0.758694
v -0.166678 -0.169172 0.758941
v -0.161511 -0.170421 0.759347
v -0.156797 -0.172141 0.759906
v -0.152558 -0.174315 0.760612
v -0.148815 -0.176927 0.761461
v -0.145590 -0.179959 0.762446
v -0.142903 -0.183395 0.763563
v -0.140777 -0.187219 0.764805
v -0.139232 -0.191414 0.766168
v -0.138289 -0.195964 0.767646
v -0.137970 -0.200850 0.769234
v -0.138123 -0.204159 0.770309
v -0.138577 -0.207319 0.771336
v -0.139328 -0.210325 0.772312
v -0.140370 -0.213170 0.773237
v -0.141697 -0.215848 0.774107
v -0.143303 -0.218355 0.774921
v -0.145182 -0.220683 0.775678
v -0.147330 -0.222826 0.776374
v -0.149740 -0.224780 0.777009
v -0.152407 -0.226537 0.777580
v -0.155326 -0.228092 0.778085
v -0.158490 -0.229439 0.778523
v -0.155786 -0.231272 0.779119
v -0.153238 -0.233262 0.779765
v -0.150823 -0.235409 0.780463
v -0.148517 -0.237713 0.781212
v -0.146295 -0.240174 0.782011
v -0.144135 -0.242792 0.782862
v -0.142012 -0.245567 0.783763
v -0.139903 -0.248498 0.784716
v -0.137784 -0.251587 0.785719
v -0.135632 -0.254832 0.786774
v -0.133421 -0.258235 0.787879
v -0.131130 -0.261794 0.789036
v -0.129866 -0.263727 0.789664
v -0.128665 -0.265527 0.790249
v -0.127502 -0.267235 0.790804
v -0.126350 -0.268889 0.791341
v -0.125183 -0.270529 0.791874
v -0.123975 -0.272194 0.792415
v -0.122699 -0.273923 0.792977
v -0.121330 -0.275756 0.793572
v -0.119841 -0.277731 0.794214
v -0.118205 -0.279888 0.794915
v -0.116397 -0.282266 0.795688
v -0.114390 -0.284905 0.796545
v -0.135450 -0.284905 0.796545
v -0.151650 -0.260938 0.788758
v -0.155522 -0.255378 0.786951
v -0.159063 -0.250638 0.785411
v -0.162309 -0.246654 0.784117
v -0.165297 -0.243363 0.783047
v -0.168061 -0.240698 0.782181
v -0.170640 -0.238598 0.781499
v -0.173069 -0.236996 0.780979
v -0.175383 -0.235830 0.780600
v -0.177621 -0.235035 0.780341
v -0.179817 -0.234546 0.780182
v -0.182008 -0.234300 0.780103
v -0.184230 -0.234232 0.780081
v -0.191610 -0.234232 0.780081
v -0.191610 -0.284905 0.796545
v -0.209250 -0.284905 0.796545
v -0.209250 -0.168153 0.758610
v -0.178290 -0.168153 0.758610
v -0.180270 -0.219168 0.775186
v -0.175822 -0.218980 0.775125
v -0.171908 -0.218438 0.774949
v -0.168502 -0.217571 0.774667
v -0.165577 -0.216410 0.774290
v -0.163103 -0.214985 0.773826
v -0.161055 -0.213326 0.773288
v -0.159404 -0.211464 0.772683
v -0.158123 -0.209429 0.772021
v -0.157185 -0.207251 0.771314
v -0.156562 -0.204961 0.770570
v -0.156226 -0.202589 0.769799
v -0.156150 -0.200166 0.769012
v -0.156336 -0.197517 0.768151
v -0.156812 -0.195055 0.767351
v -0.157590 -0.192788 0.766615
v -0.158683 -0.190725 0.765944
v -0.160104 -0.188873 0.765342
v -0.161865 -0.187241 0.764812
v -0.163978 -0.185837 0.764356
v -0.166457 -0.184670 0.763977
v -0.169313 -0.183747 0.763677
v -0.172558 -0.183078 0.763460
v -0.176207 -0.182671 0.763327
v -0.180270 -0.182533 0.763282
v -0.191610 -0.182533 0.763282
v -0.191610 -0.219168 0.775186
v 0.223110 -0.181058 0.718894
v 0.177570 -0.236181 0.736805
v 0.177570 -0.297809 0.756829
v 0.159930 -0.297809 0.756829
v 0.159930 -0.236010 0.736749
v 0.114390 -0.181058 0.718894
v 0.135630 -0.181058 0.718894
v 0.168570 -0.221287 0.731965
v 0.201870 -0.181058 0.718894
v 0.062190 -0.181058 0.718894
v 0.068492 -0.181363 0.718993
v 0.074177 -0.182242 0.719279
v 0.079259 -0.183642 0.719733
v 0.083750 -0.185509 0.720340
v 0.087663 -0.187789 0.721081
v 0.091012 -0.190430 0.721939
v 0.093810 -0.193378 0.722897
v 0.096070 -0.196579 0.723937
v 0.097805 -0.199979 0.725042
v 0.099027 -0.203526 0.726194
v 0.099752 -0.207166 0.727377
v 0.099990 -0.210845 0.728572
v 0.099866 -0.213795 0.729531
v 0.099491 -0.216572 0.730433
v 0.098862 -0.219180 0.731280
v 0.097977 -0.221623 0.732074
v 0.096831 -0.223908 0.732817
v 0.095422 -0.226038 0.733509
v 0.093748 -0.228018 0.734152
v 0.091803 -0.229853 0.734749
v 0.089587 -0.231548 0.735299
v 0.087094 -0.233107 0.735806
v 0.084323 -0.234536 0.736270
v 0.081270 -0.235838 0.736693
v 0.081270 -0.236181 0.736805
v 0.085708 -0.237163 0.737124
v 0.089832 -0.238474 0.737550
v 0.093628 -0.240100 0.738078
v 0.097083 -0.242027 0.738704
v 0.100184 -0.244242 0.739424
v 0.102915 -0.246730 0.740232
v 0.105264 -0.249480 0.741126
v 0.107217 -0.252476 0.742099
v 0.108759 -0.255705 0.743148
v 0.109878 -0.259153 0.744269
v 0.110560 -0.262807 0.745456
v 0.110790 -0.266653 0.746705
v 0.110549 -0.270287 0.747886
v 0.109808 -0.273954 0.749078
v 0.108537 -0.277587 0.750258
v 0.106710 -0.281121 0.751407
v 0.104298 -0.284489 0.752501
v 0.101273 -0.287623 0.753519
v 0.097606 -0.290458 0.754440
v 0.093270 -0.292927 0.755243
v 0.088237 -0.294963 0.755904
v 0.082477 -0.296500 0.756403
v 0.075965 -0.297471 0.756719
v 0.068670 -0.297809 0.756829
v 0.026550 -0.297809 0.756829
v 0.026550 -0.181058 0.718894
v 0.055890 -0.231045 0.735136
v 0.060068 -0.230917 0.735094
v 0.063872 -0.230531 0.734969
v 0.067306 -0.229887 0.734760
v 0.070370 -0.228985 0.734466
v 0.073067 -0.227823 0.734089
v 0.075397 -0.226402 0.733627
v 0.077365 -0.224720 0.733081
v 0.078970 -0.222777 0.732449
v 0.080215 -0.220573 0.731733
v 0.081102 -0.218107 0.730932
v 0.081633 -0.215378 0.730045
v 0.081810 -0.212385 0.729073
v 0.081698 -0.210231 0.728373
v 0.081348 -0.208149 0.727697
v 0.080741 -0.206161 0.727050
v 0.079857 -0.204289 0.726442
v 0.078675 -0.202554 0.725879
v 0.077175 -0.200980 0.725367
v 0.075338 -0.199587 0.724915
v 0.073143 -0.198399 0.724528
v 0.070571 -0.197436 0.724215
v 0.067602 -0.196721 0.723983
v 0.064215 -0.196276 0.723839
v 0.060390 -0.196122 0.723789
v 0.044190 -0.196122 0.723789
v 0.044190 -0.231045 0.735136
v 0.066330 -0.282745 0.751934
v 0.071196 -0.282548 0.751870
v 0.075464 -0.281981 0.751686
v 0.079169 -0.281084 0.751394
v 0.082343 -0.279891 0.751007
v 0.085020 -0.278443 0.750536
v 0.087233 -0.276774 0.749994
v 0.089014 -0.274924 0.749393
v 0.090397 -0.272930 0.748745
v 0.091415 -0.270828 0.748062
v 0.092101 -0.268657 0.747357
v 0.092488 -0.266454 0.746641
v 0.092610 -0.264256 0.745927
v 0.092429 -0.261669 0.745086
v 0.091884 -0.259227 0.744293
v 0.090970 -0.256943 0.743551
v 0.089683 -0.254834 0.742865
v 0.088019 -0.252916 0.742242
v 0.085973 -0.251203 0.741685
v 0.083540 -0.249711 0.741201
v 0.080717 -0.248456 0.740793
v 0.077498 -0.247453 0.740467
v 0.073881 -0.246717 0.740228
v 0.069859 -0.246264 0.740081
v 0.065430 -0.246110 0.740031
v 0.044190 -0.246110 0.740031
v 0.044190 -0.282745 0.751934
v 0.001875 -0.258869 0.744176
v 0.000747 -0.265370 0.746289
v -0.001133 -0.271401 0.748248
v -0.003770 -0.276930 0.750045
v -0.007164 -0.281928 0.751669
v -0.011318 -0.286361 0.753109
v -0.016232 -0.290199 0.754356
v -0.021910 -0.293409 0.755399
v -0.028353 -0.295961 0.756228
v -0.035563 -0.297823 0.756833
v -0.043541 -0.298963 0.757204
v -0.052290 -0.299350 0.757329
v -0.058741 -0.299059 0.757235
v -0.065077 -0.298175 0.756948
v -0.071213 -0.296686 0.756464
v -0.077063 -0.294576 0.755778
v -0.082544 -0.291831 0.754886
v -0.087570 -0.288437 0.753783
v -0.092056 -0.284379 0.752465
v -0.095917 -0.279644 0.750927
v -0.099068 -0.274217 0.749163
v -0.101423 -0.268084 0.747171
v -0.102899 -0.261230 0.744944
v -0.103410 -0.253642 0.742478
v -0.103410 -0.181058 0.718894
v -0.085770 -0.181058 0.718894
v -0.085770 -0.250047 0.741310
v -0.085731 -0.253187 0.742330
v -0.085611 -0.256031 0.743254
v -0.085402 -0.258607 0.744091
v -0.085097 -0.260940 0.744849
v -0.084689 -0.263057 0.745537
v -0.084173 -0.264984 0.746163
v -0.083539 -0.266746 0.746736
v -0.082783 -0.268371 0.747264
v -0.081897 -0.269884 0.747755
v -0.080874 -0.271311 0.748219
v -0.079707 -0.272679 0.748664
v -0.078390 -0.274014 0.749097
v -0.076597 -0.275612 0.749616
v -0.074730 -0.277068 0.750089
v -0.072787 -0.278382 0.750516
v -0.070770 -0.279555 0.750898
v -0.068677 -0.280589 0.751233
v -0.066510 -0.281482 0.751524
v -0.064267 -0.282236 0.751769
v -0.061950 -0.282852 0.751969
v -0.059557 -0.283330 0.752124
v -0.057090 -0.283671 0.752235
v -0.054548 -0.283875 0.752301
v -0.051930 -0.283943 0.752323
v -0.048634 -0.283859 0.752296
v -0.045497 -0.283614 0.752217
v -0.042519 -0.283218 0.752088
v -0.039703 -0.282681 0.751913
v -0.037050 -0.282014 0.751696
v -0.034560 -0.281225 0.751440
v -0.032235 -0.280326 0.751148
v -0.030077 -0.279327 0.750824
v -0.028086 -0.278237 0.750470
v -0.026263 -0.277068 0.750089
v -0.024611 -0.275828 0.749687
v -0.023130 -0.274527 0.749264
v -0.021654 -0.272976 0.748760
v -0.020369 -0.271318 0.748221
v -0.019263 -0.269555 0.747648
v -0.018323 -0.267686 0.747041
v -0.017539 -0.265713 0.746400
v -0.016897 -0.263635 0.745725
v -0.016387 -0.261455 0.745017
v -0.015997 -0.259171 0.744274
v -0.015713 -0.256785 0.743499
v -0.015526 -0.254298 0.742691
v -0.015422 -0.251709 0.741850
v -0.015390 -0.249020 0.740976
v -0.015390 -0.181058 0.718894
v 0.002250 -0.181058 0.718894
v 0.002250 -0.251930 0.741922
v -0.172279 -0.181315 0.718978
v -0.166678 -0.182077 0.719225
v -0.161511 -0.183326 0.719631
v -0.156797 -0.185046 0.720190
v -0.152558 -0.187220 0.720896
v -0.148815 -0.189831 0.721745
v -0.145590 -0.192863 0.722730
v -0.142903 -0.196300 0.723846
v -0.140777 -0.200124 0.725089
v -0.139232 -0.204319 0.726452
v -0.138289 -0.208868 0.727930
v -0.137970 -0.213755 0.729518
v -0.138123 -0.217064 0.730593
v -0.138577 -0.220224 0.731620
v -0.139328 -0.223229 0.732596
v -0.140370 -0.226074 0.733521
v -0.141697 -0.228753 0.734391
v -0.143303 -0.231259 0.735205
v -0.145182 -0.233587 0.735962
v -0.147330 -0.235731 0.736658
v -0.149740 -0.237684 0.737293
v -0.152407 -0.239441 0.737864
v -0.155326 -0.240997 0.738369
v -0.158490 -0.242344 0.738807
v -0.155786 -0.244177 0.739403
v -0.153238 -0.246167 0.740049
v -0.150823 -0.248314 0.740747
v -0.148517 -0.250618 0.741495
v -0.146295 -0.253079 0.742295
v -0.144135 -0.255697 0.743146
v -0.142012 -0.258471 0.744047
v -0.139903 -0.261403 0.745000
v -0.137784 -0.264491 0.746003
v -0.135632 -0.267737 0.747058
v -0.133421 -0.271139 0.748163
v -0.131130 -0.274699 0.749320
v -0.129866 -0.276631 0.749948
v -0.128665 -0.278432 0.750533
v -0.127502 -0.280139 0.751087
v -0.126350 -0.281794 0.751625
v -0.125183 -0.283433 0.752158
v -0.123975 -0.285098 0.752699
v -0.122699 -0.286828 0.753261
v -0.121330 -0.288660 0.753856
v -0.119841 -0.290635 0.754498
v -0.118205 -0.292792 0.755199
v -0.116397 -0.295171 0.755971
v -0.114390 -0.297809 0.756829
v -0.135450 -0.297809 0.756829
v -0.151650 -0.273843 0.749042
v -0.155522 -0.268283 0.747235
v -0.159063 -0.263543 0.745695
v -0.162309 -0.259559 0.744401
v -0.165297 -0.256267 0.743331
v -0.168061 -0.253603 0.742465
v -0.170640 -0.251502 0.741783
v -0.173069 -0.249901 0.741262
v -0.175383 -0.248735 0.740884
v -0.177621 -0.247939 0.740625
v -0.179817 -0.247451 0.740466
v -0.182008 -0.247205 0.740386
v -0.184230 -0.247137 0.740364
v -0.191610 -0.247137 0.740364
v -0.191610 -0.297809 0.756829
v -0.209250 -0.297809 0.756829
v -0.209250 -0.181058 0.718894
v -0.178290 -0.181058 0.718894
v -0.180270 -0.232072 0.735470
v -0.175822 -0.231885 0.735409
v -0.171908 -0.231342 0.735232
v -0.168502 -0.230475 0.734951
v -0.165577 -0.229314 0.734573
v -0.163103 -0.227889 0.734110
v -0.161055 -0.226230 0.733571
v -0.159404 -0.224368 0.732966
v -0.158123 -0.222333 0.732305
v -0.157185 -0.220156 0.731598
v -0.156562 -0.217866 0.730854
v -0.156226 -0.215494 0.730083
v -0.156150 -0.213070 0.729295
v -0.156336 -0.210422 0.728435
v -0.156812 -0.207960 0.727635
v -0.157590 -0.205693 0.726898
v -0.158683 -0.203629 0.726228
v -0.160104 -0.201777 0.725626
v -0.161865 -0.200145 0.725096
v -0.163978 -0.198742 0.724640
v -0.166457 -0.197574 0.724261
v -0.169313 -0.196652 0.723961
v -0.172558 -0.195983 0.723743
v -0.176207 -0.195575 0.723611
v -0.180270 -0.195438 0.723566
v -0.191610 -0.195438 0.723566
v -0.191610 -0.232072 0.735470
v -0.172279 -0.181315 0.718978
v -0.172195 -0.180428 0.718837
v -0.172120 -0.179540 0.718979
v -0.172061 -0.178739 0.719389
v -0.172022 -0.178104 0.720027
v -0.172009 -0.177695 0.720830
v -0.172009 -0.166570 0.755068
v -0.172022 -0.166429 0.755957
v -0.172061 -0.166569 0.756847
v -0.172120 -0.166976 0.757649
v -0.172195 -0.167610 0.758286
v -0.172279 -0.168411 0.758694
v -0.166678 -0.182077 0.719225
v -0.166505 -0.181202 0.719089
v -0.166349 -0.180325 0.719234
v -0.166225 -0.179533 0.719647
v -0.166146 -0.178903 0.720286
v -0.166118 -0.178496 0.721090
v -0.166118 -0.167372 0.755328
v -0.166146 -0.167228 0.756217
v -0.166225 -0.167362 0.757105
v -0.166349 -0.167761 0.757904
v -0.166505 -0.168384 0.758537
v -0.166678 -0.169172 0.758941
v -0.161511 -0.183326 0.719631
v -0.161241 -0.182474 0.719502
v -0.160997 -0.181619 0.719655
v -0.160804 -0.180843 0.720073
v -0.160680 -0.180224 0.720715
v -0.160637 -0.179821 0.721520
v -0.160637 -0.168696 0.755758
v -0.160680 -0.168549 0.756646
v -0.160804 -0.168673 0.757531
v -0.160997 -0.169054 0.758325
v -0.161241 -0.169657 0.758950
v -0.161511 -0.170421 0.759347
v -0.156797 -0.185046 0.720190
v -0.156425 -0.184231 0.720073
v -0.156089 -0.183410 0.720236
v -0.155822 -0.182661 0.720663
v -0.155651 -0.182059 0.721312
v -0.155592 -0.181661 0.722118
v -0.155592 -0.170537 0.756356
v -0.155651 -0.170384 0.757242
v -0.155822 -0.170490 0.758121
v -0.156089 -0.170845 0.758906
v -0.156425 -0.171414 0.759521
v -0.156797 -0.172141 0.759906
v -0.152558 -0.187220 0.720896
v -0.152081 -0.186459 0.720797
v -0.151651 -0.185686 0.720976
v -0.151310 -0.184975 0.721415
v -0.151091 -0.184398 0.722072
v -0.151015 -0.184009 0.722881
v -0.151015 -0.172884 0.757119
v -0.151091 -0.172723 0.758002
v -0.151310 -0.172804 0.758873
v -0.151651 -0.173121 0.759646
v -0.152081 -0.173642 0.760245
v -0.152558 -0.174315 0.760612
v -0.148815 -0.189831 0.721745
v -0.148236 -0.189142 0.721669
v -0.147713 -0.188433 0.721869
v -0.147299 -0.187774 0.722324
v -0.147032 -0.187229 0.722992
v -0.146941 -0.186852 0.723805
v -0.146941 -0.175727 0.758043
v -0.147032 -0.175554 0.758922
v -0.147299 -0.175603 0.759782
v -0.147713 -0.175868 0.760539
v -0.148236 -0.176324 0.761117
v -0.148815 -0.176927 0.761461
v -0.145590 -0.192863 0.722730
v -0.144916 -0.192263 0.722683
v -0.144308 -0.191635 0.722909
v -0.143826 -0.191039 0.723385
v -0.143516 -0.190535 0.724066
v -0.143409 -0.190172 0.724884
v -0.143409 -0.179047 0.759122
v -0.143516 -0.178861 0.759997
v -0.143826 -0.178868 0.760843
v -0.144308 -0.179070 0.761579
v -0.144916 -0.179446 0.762131
v -0.145590 -0.179959 0.762446
v -0.142903 -0.196300 0.723846
v -0.142148 -0.195803 0.723833
v -0.141467 -0.195268 0.724090
v -0.140927 -0.194747 0.724590
v -0.140580 -0.194291 0.725286
v -0.140461 -0.193944 0.726109
v -0.140461 -0.182819 0.760347
v -0.140580 -0.182616 0.761217
v -0.140927 -0.182576 0.762048
v -0.141467 -0.182704 0.762759
v -0.142148 -0.182986 0.763281
v -0.142903 -0.183395 0.763563
v -0.140777 -0.200124 0.725089
v -0.139959 -0.199741 0.725113
v -0.139221 -0.199308 0.725402
v -0.138636 -0.198868 0.725929
v -0.138260 -0.198464 0.726642
v -0.138130 -0.198135 0.727471
v -0.138130 -0.187010 0.761709
v -0.138260 -0.186789 0.762573
v -0.138636 -0.186697 0.763387
v -0.139221 -0.186743 0.764072
v -0.139959 -0.186923 0.764561
v -0.140777 -0.187219 0.764805
v -0.139232 -0.204319 0.726452
v -0.138371 -0.204052 0.726514
v -0.137594 -0.203725 0.726837
v -0.136978 -0.203369 0.727391
v -0.136582 -0.203018 0.728122
v -0.136446 -0.202708 0.728957
v -0.136446 -0.191583 0.763195
v -0.136582 -0.191343 0.764053
v -0.136978 -0.191198 0.764849
v -0.137594 -0.191160 0.765507
v -0.138371 -0.191235 0.765962
v -0.139232 -0.191414 0.766168
v -0.138289 -0.208868 0.727930
v -0.137404 -0.208716 0.728029
v -0.136606 -0.208492 0.728386
v -0.135973 -0.208217 0.728967
v -0.135566 -0.207919 0.729714
v -0.135426 -0.207627 0.730555
v -0.135426 -0.196502 0.764793
v -0.135566 -0.196244 0.765645
v -0.135973 -0.196046 0.766425
v -0.136606 -0.195927 0.767056
v -0.137404 -0.195899 0.767477
v -0.138289 -0.195964 0.767646
v -0.137970 -0.213755 0.729518
v -0.137079 -0.213704 0.729649
v -0.136275 -0.213570 0.730036
v -0.135637 -0.213368 0.730640
v -0.135227 -0.213116 0.731403
v -0.135086 -0.212840 0.732249
v -0.135086 -0.201716 0.766487
v -0.135227 -0.201442 0.767334
v -0.135637 -0.201197 0.768098
v -0.136275 -0.201006 0.768706
v -0.137079 -0.200886 0.769098
v -0.137970 -0.200850 0.769234
v -0.138123 -0.217064 0.730593
v -0.137235 -0.217096 0.730752
v -0.136435 -0.217038 0.731163
v -0.135800 -0.216896 0.731787
v -0.135392 -0.216683 0.732562
v -0.135251 -0.216420 0.733412
v -0.135251 -0.205295 0.767650
v -0.135392 -0.205008 0.768493
v -0.135800 -0.204725 0.769245
v -0.136435 -0.204474 0.769833
v -0.137235 -0.204279 0.770200
v -0.138123 -0.204159 0.770309
v -0.138577 -0.220224 0.731620
v -0.137702 -0.220336 0.731804
v -0.136911 -0.220350 0.732239
v -0.136284 -0.220264 0.732881
v -0.135882 -0.220088 0.733668
v -0.135743 -0.219837 0.734522
v -0.135743 -0.208713 0.768760
v -0.135882 -0.208413 0.769599
v -0.136284 -0.208093 0.770339
v -0.136911 -0.207785 0.770909
v -0.137702 -0.207518 0.771252
v -0.138577 -0.207319 0.771336
v -0.139328 -0.223229 0.732596
v -0.138473 -0.223423 0.732808
v -0.137701 -0.223511 0.733266
v -0.137089 -0.223484 0.733927
v -0.136696 -0.223346 0.734727
v -0.136560 -0.223108 0.735585
v -0.136560 -0.211984 0.769823
v -0.136696 -0.211671 0.770657
v -0.137089 -0.211314 0.771385
v -0.137701 -0.210947 0.771936
v -0.138473 -0.210606 0.772256
v -0.139328 -0.210325 0.772312
v -0.140370 -0.226074 0.733521
v -0.139545 -0.226351 0.733759
v -0.138801 -0.226514 0.734242
v -0.138210 -0.226546 0.734922
v -0.137831 -0.226445 0.735734
v -0.137700 -0.226221 0.736597
v -0.137700 -0.215096 0.770835
v -0.137831 -0.214771 0.771665
v -0.138210 -0.214375 0.772380
v -0.138801 -0.213949 0.772912
v -0.139545 -0.213534 0.773207
v -0.140370 -0.213170 0.773237
v -0.141697 -0.228753 0.734391
v -0.140912 -0.229111 0.734656
v -0.140204 -0.229347 0.735162
v -0.139642 -0.229438 0.735862
v -0.139281 -0.229374 0.736685
v -0.139157 -0.229163 0.737552
v -0.139157 -0.218038 0.771791
v -0.139281 -0.217700 0.772616
v -0.139642 -0.217267 0.773320
v -0.140204 -0.216782 0.773832
v -0.140912 -0.216294 0.774104
v -0.141697 -0.215848 0.774107
v -0.143303 -0.231259 0.735205
v -0.142567 -0.231695 0.735495
v -0.141904 -0.232001 0.736025
v -0.141378 -0.232147 0.736742
v -0.141040 -0.232120 0.737577
v -0.140924 -0.231920 0.738448
v -0.140924 -0.220796 0.772686
v -0.141040 -0.220445 0.773508
v -0.141378 -0.219976 0.774200
v -0.141904 -0.219436 0.774695
v -0.142567 -0.218878 0.774943
v -0.143303 -0.218355 0.774921
v -0.145182 -0.233587 0.735962
v -0.144505 -0.234095 0.736275
v -0.143894 -0.234466 0.736826
v -0.143410 -0.234663 0.737560
v -0.143099 -0.234669 0.738406
v -0.142991 -0.234481 0.739280
v -0.142991 -0.223356 0.773518
v -0.143099 -0.222994 0.774337
v -0.143410 -0.222493 0.775018
v -0.143894 -0.221901 0.775495
v -0.144505 -0.221277 0.775723
v -0.145182 -0.220683 0.775678
v -0.147330 -0.235731 0.736658
v -0.146718 -0.236303 0.736992
v -0.146165 -0.236732 0.737562
v -0.145727 -0.236976 0.738311
v -0.145445 -0.237011 0.739167
v -0.145348 -0.236833 0.740045
v -0.145348 -0.225709 0.774283
v -0.145445 -0.225336 0.775097
v -0.145727 -0.224805 0.775769
v -0.146165 -0.224167 0.776232
v -0.146718 -0.223485 0.776440
v -0.147330 -0.222826 0.776374
v -0.149740 -0.237684 0.737293
v -0.149197 -0.238312 0.737645
v -0.148707 -0.238792 0.738231
v -0.148318 -0.239076 0.738993
v -0.148068 -0.239136 0.739857
v -0.147982 -0.238968 0.740738
v -0.147982 -0.227843 0.774976
v -0.148068 -0.227462 0.775788
v -0.148318 -0.226905 0.776451
v -0.148707 -0.226227 0.776901
v -0.149197 -0.225495 0.777093
v -0.149740 -0.224780 0.777009
v -0.152407 -0.239441 0.737864
v -0.151936 -0.240117 0.738232
v -0.151510 -0.240638 0.738831
v -0.151172 -0.240956 0.739604
v -0.150955 -0.241038 0.740475
v -0.150880 -0.240877 0.741359
v -0.150880 -0.229753 0.775597
v -0.150955 -0.229364 0.776406
v -0.151172 -0.228785 0.777062
v -0.151510 -0.228074 0.777501
v -0.151936 -0.227299 0.777680
v -0.152407 -0.226537 0.777580
v -0.155326 -0.240997 0.738369
v -0.154926 -0.241710 0.738749
v -0.154565 -0.242266 0.739360
v -0.154278 -0.242612 0.740142
v -0.154094 -0.242711 0.741019
v -0.154031 -0.242556 0.741904
v -0.154031 -0.231432 0.776142
v -0.154094 -0.231037 0.776950
v -0.154278 -0.230441 0.777600
v -0.154565 -0.229702 0.778030
v -0.154926 -0.228893 0.778197
v -0.155326 -0.228092 0.778085
v -0.158490 -0.242344 0.738807
v -0.156708 -0.242469 0.738996
v -0.155100 -0.242495 0.739434
v -0.153825 -0.242418 0.740080
v -0.153006 -0.242248 0.740868
v -0.152723 -0.242000 0.741723
v -0.152723 -0.230875 0.775961
v -0.153006 -0.230573 0.776799
v -0.153825 -0.230248 0.777537
v -0.155100 -0.229930 0.778104
v -0.156708 -0.229651 0.778444
v -0.158490 -0.229439 0.778523
v -0.155786 -0.244177 0.739403
v -0.155245 -0.243461 0.739318
v -0.154756 -0.242728 0.739510
v -0.154369 -0.242050 0.739960
v -0.154120 -0.241492 0.740623
v -0.154034 -0.241111 0.741435
v -0.154034 -0.229986 0.775673
v -0.154120 -0.229818 0.776554
v -0.154369 -0.229879 0.777418
v -0.154756 -0.230163 0.778180
v -0.155245 -0.230643 0.778766
v -0.155786 -0.231272 0.779119
v -0.153238 -0.246167 0.740049
v -0.152651 -0.245487 0.739976
v -0.152122 -0.244786 0.740179
v -0.151702 -0.244133 0.740637
v -0.151432 -0.243592 0.741305
v -0.151339 -0.243216 0.742119
v -0.151339 -0.232091 0.776357
v -0.151432 -0.231917 0.777236
v -0.151702 -0.231962 0.778095
v -0.152122 -0.232221 0.778849
v -0.152651 -0.232669 0.779424
v -0.153238 -0.233262 0.779765
v -0.150823 -0.248314 0.740747
v -0.150196 -0.247669 0.740685
v -0.149631 -0.247000 0.740898
v -0.149183 -0.246372 0.741364
v -0.148894 -0.245848 0.742038
v -0.148795 -0.245477 0.742853
v -0.148795 -0.234353 0.777091
v -0.148894 -0.234173 0.777969
v -0.149183 -0.234202 0.778822
v -0.149631 -0.234435 0.779568
v -0.150196 -0.234851 0.780133
v -0.150823 -0.235409 0.780463
v -0.148517 -0.250618 0.741495
v -0.147856 -0.250006 0.741445
v -0.147261 -0.249368 0.741668
v -0.146788 -0.248764 0.742141
v -0.146484 -0.248255 0.742820
v -0.146380 -0.247890 0.743637
v -0.146380 -0.236766 0.777875
v -0.146484 -0.236581 0.778751
v -0.146788 -0.236593 0.779599
v -0.147261 -0.236803 0.780337
v -0.147856 -0.237189 0.780893
v -0.148517 -0.237713 0.781212
v -0.146295 -0.253079 0.742295
v -0.145607 -0.252498 0.742254
v -0.144987 -0.251887 0.742486
v -0.144494 -0.251305 0.742967
v -0.144178 -0.250810 0.743650
v -0.144069 -0.250450 0.744469
v -0.144069 -0.239326 0.778707
v -0.144178 -0.239136 0.779581
v -0.144494 -0.239135 0.780425
v -0.144987 -0.239322 0.781156
v -0.145607 -0.239681 0.781703
v -0.146295 -0.240174 0.782011
v -0.144135 -0.255697 0.743146
v -0.143425 -0.255143 0.743114
v -0.142784 -0.254556 0.743353
v -0.142276 -0.253993 0.743840
v -0.141950 -0.253511 0.744528
v -0.141837 -0.253155 0.745348
v -0.141837 -0.242030 0.779586
v -0.141950 -0.241836 0.780459
v -0.142276 -0.241823 0.781298
v -0.142784 -0.241991 0.782023
v -0.143425 -0.242325 0.782562
v -0.144135 -0.242792 0.782862
v -0.142012 -0.258471 0.744047
v -0.141285 -0.257940 0.744023
v -0.140629 -0.257373 0.744269
v -0.140108 -0.256827 0.744761
v -0.139774 -0.256354 0.745452
v -0.139659 -0.256002 0.746273
v -0.139659 -0.244877 0.780511
v -0.139774 -0.244680 0.781383
v -0.140108 -0.244656 0.782219
v -0.140629 -0.244808 0.782938
v -0.141285 -0.245122 0.783471
v -0.142012 -0.245567 0.783763
v -0.139903 -0.261403 0.745000
v -0.139163 -0.260889 0.744981
v -0.138496 -0.260338 0.745232
v -0.137966 -0.259805 0.745729
v -0.137626 -0.259341 0.746422
v -0.137509 -0.258991 0.747244
v -0.137509 -0.247866 0.781482
v -0.137626 -0.247666 0.782353
v -0.137966 -0.247634 0.783187
v -0.138496 -0.247774 0.783902
v -0.139163 -0.248072 0.784429
v -0.139903 -0.248498 0.784716
v -0.137784 -0.264491 0.746003
v -0.137035 -0.263991 0.745989
v -0.136360 -0.263452 0.746244
v -0.135823 -0.262928 0.746743
v -0.135479 -0.262470 0.747439
v -0.135360 -0.262122 0.748262
v -0.135360 -0.250998 0.782500
v -0.135479 -0.250795 0.783370
v -0.135823 -0.250757 0.784201
v -0.136360 -0.250887 0.784914
v -0.137035 -0.251173 0.785437
v -0.137784 -0.251587 0.785719
v -0.135632 -0.267737 0.747058
v -0.134877 -0.267245 0.747046
v -0.134196 -0.266714 0.747304
v -0.133655 -0.266197 0.747805
v -0.133308 -0.265742 0.748502
v -0.133189 -0.265396 0.749325
v -0.133189 -0.254272 0.783563
v -0.133308 -0.254068 0.784433
v -0.133655 -0.254026 0.785263
v -0.134196 -0.254150 0.785974
v -0.134877 -0.254428 0.786494
v -0.135632 -0.254832 0.786774
v -0.133421 -0.271139 0.748163
v -0.132663 -0.270652 0.748153
v -0.131980 -0.270126 0.748412
v -0.131437 -0.269612 0.748915
v -0.131088 -0.269160 0.749612
v -0.130968 -0.268814 0.750436
v -0.130968 -0.257690 0.784674
v -0.131088 -0.257485 0.785543
v -0.131437 -0.257441 0.786373
v -0.131980 -0.257561 0.787082
v -0.132663 -0.257835 0.787601
v -0.133421 -0.258235 0.787879
v -0.131130 -0.274699 0.749320
v -0.130373 -0.274211 0.749309
v -0.129689 -0.273683 0.749568
v -0.129147 -0.273168 0.750071
v -0.128799 -0.272715 0.750768
v -0.128679 -0.272370 0.751591
v -0.128679 -0.261245 0.785829
v -0.128799 -0.261041 0.786699
v -0.129147 -0.260997 0.787529
v -0.129689 -0.261118 0.788238
v -0.130373 -0.261393 0.788757
v -0.131130 -0.261794 0.789036
v -0.129866 -0.276631 0.749948
v -0.129112 -0.276137 0.749935
v -0.128432 -0.275605 0.750192
v -0.127893 -0.275085 0.750694
v -0.127546 -0.274630 0.751390
v -0.127427 -0.274284 0.752213
v -0.127427 -0.263159 0.786451
v -0.127546 -0.262956 0.787321
v -0.127893 -0.262915 0.788152
v -0.128432 -0.263040 0.788862
v -0.129112 -0.263320 0.789383
v -0.129866 -0.263727 0.789664
v -0.128665 -0.278432 0.750533
v -0.127916 -0.277931 0.750518
v -0.127240 -0.277393 0.750773
v -0.126703 -0.276869 0.751273
v -0.126359 -0.276411 0.751969
v -0.126240 -0.276064 0.752791
v -0.126240 -0.264939 0.787029
v -0.126359 -0.264736 0.787899
v -0.126703 -0.264698 0.788731
v -0.127240 -0.264828 0.789443
v -0.127916 -0.265114 0.789966
v -0.128665 -0.265527 0.790249
v -0.127502 -0.280139 0.751087
v -0.126757 -0.279632 0.751071
v -0.126086 -0.279087 0.751324
v -0.125553 -0.278558 0.751822
v -0.125211 -0.278097 0.752516
v -0.125093 -0.277749 0.753339
v -0.125093 -0.266624 0.787577
v -0.125211 -0.266422 0.788447
v -0.125553 -0.266387 0.789280
v -0.126086 -0.266523 0.789994
v -0.126757 -0.266815 0.790519
v -0.127502 -0.267235 0.790804
v -0.126350 -0.281794 0.751625
v -0.125610 -0.281279 0.751606
v -0.124943 -0.280728 0.751857
v -0.124414 -0.280194 0.752354
v -0.124074 -0.279729 0.753047
v -0.123957 -0.279380 0.753869
v -0.123957 -0.268255 0.788107
v -0.124074 -0.268055 0.788978
v -0.124414 -0.268023 0.789811
v -0.124943 -0.268163 0.790527
v -0.125610 -0.268462 0.791054
v -0.126350 -0.268889 0.791341
v -0.125183 -0.283433 0.752158
v -0.124448 -0.282912 0.752137
v -0.123785 -0.282355 0.752386
v -0.123259 -0.281816 0.752881
v -0.122922 -0.281349 0.753573
v -0.122805 -0.280998 0.754395
v -0.122805 -0.269873 0.788633
v -0.122922 -0.269674 0.789504
v -0.123259 -0.269646 0.790339
v -0.123785 -0.269791 0.791056
v -0.124448 -0.270095 0.791585
v -0.125183 -0.270529 0.791874
v -0.123975 -0.285098 0.752699
v -0.123244 -0.284571 0.752676
v -0.122585 -0.284009 0.752923
v -0.122062 -0.283466 0.753417
v -0.121727 -0.282996 0.754108
v -0.121611 -0.282644 0.754930
v -0.121611 -0.271519 0.789168
v -0.121727 -0.271321 0.790039
v -0.122062 -0.271295 0.790875
v -0.122585 -0.271444 0.791593
v -0.123244 -0.271754 0.792124
v -0.123975 -0.272194 0.792415
v -0.122699 -0.286828 0.753261
v -0.121972 -0.286296 0.753236
v -0.121317 -0.285729 0.753482
v -0.120796 -0.285183 0.753974
v -0.120462 -0.284710 0.754665
v -0.120347 -0.284358 0.755486
v -0.120347 -0.273233 0.789724
v -0.120462 -0.273035 0.790596
v -0.120796 -0.273012 0.791432
v -0.121317 -0.273164 0.792152
v -0.121972 -0.273478 0.792684
v -0.122699 -0.273923 0.792977
v -0.121330 -0.288660 0.753856
v -0.120606 -0.288125 0.753830
v -0.119952 -0.287555 0.754075
v -0.119434 -0.287006 0.754567
v -0.119101 -0.286532 0.755257
v -0.118986 -0.286179 0.756078
v -0.118986 -0.275054 0.790316
v -0.119101 -0.274857 0.791188
v -0.119434 -0.274835 0.792025
v -0.119952 -0.274990 0.792745
v -0.120606 -0.275307 0.793278
v -0.121330 -0.275756 0.793572
v -0.119841 -0.290635 0.754498
v -0.119118 -0.290098 0.754471
v -0.118466 -0.289525 0.754716
v -0.117949 -0.288975 0.755207
v -0.117617 -0.288500 0.755896
v -0.117502 -0.288146 0.756717
v -0.117502 -0.277022 0.790955
v -0.117617 -0.276825 0.791827
v -0.117949 -0.276804 0.792665
v -0.118466 -0.276961 0.793386
v -0.119118 -0.277280 0.793919
v -0.119841 -0.277731 0.794214
v -0.118205 -0.292792 0.755199
v -0.117483 -0.292253 0.755172
v -0.116833 -0.291680 0.755416
v -0.116316 -0.291128 0.755906
v -0.115984 -0.290653 0.756596
v -0.115870 -0.290299 0.757417
v -0.115870 -0.279174 0.791655
v -0.115984 -0.278978 0.792527
v -0.116316 -0.278958 0.793364
v -0.116833 -0.279115 0.794086
v -0.117483 -0.279436 0.794620
v -0.118205 -0.279888 0.794915
v -0.116397 -0.295171 0.755971
v -0.115676 -0.294631 0.755944
v -0.115025 -0.294057 0.756188
v -0.114509 -0.293505 0.756679
v -0.114177 -0.293029 0.757368
v -0.114063 -0.292676 0.758189
v -0.114063 -0.281551 0.792427
v -0.114177 -0.281355 0.793299
v -0.114509 -0.281334 0.794137
v -0.115025 -0.281493 0.794858
v -0.115676 -0.281814 0.795392
v -0.116397 -0.282266 0.795688
v -0.114390 -0.297809 0.756829
v -0.112648 -0.298612 0.757238
v -0.111076 -0.299249 0.757875
v -0.109829 -0.299658 0.758678
v -0.109028 -0.299799 0.759568
v -0.108752 -0.299658 0.760458
v -0.108752 -0.288534 0.794696
v -0.109028 -0.288125 0.795499
v -0.109829 -0.287488 0.796136
v -0.111076 -0.286685 0.796545
v -0.112648 -0.285795 0.796686
v -0.114390 -0.284905 0.796545
v -0.135450 -0.297809 0.756829
v -0.135936 -0.298612 0.757238
v -0.136374 -0.299249 0.757875
v -0.136722 -0.299658 0.758678
v -0.136945 -0.299799 0.759568
v -0.137022 -0.299658 0.760458
v -0.137022 -0.288534 0.794696
v -0.136945 -0.288125 0.795499
v -0.136722 -0.287488 0.796136
v -0.136374 -0.286685 0.796545
v -0.135936 -0.285795 0.796686
v -0.135450 -0.284905 0.796545
v -0.151650 -0.273843 0.749042
v -0.152395 -0.274262 0.749326
v -0.153068 -0.274553 0.749851
v -0.153601 -0.274687 0.750564
v -0.153944 -0.274651 0.751397
v -0.154062 -0.274450 0.752267
v -0.154062 -0.263325 0.786505
v -0.153944 -0.262977 0.787328
v -0.153601 -0.262516 0.788022
v -0.153068 -0.261988 0.788521
v -0.152395 -0.261444 0.788774
v -0.151650 -0.260938 0.788758
v -0.155522 -0.268283 0.747235
v -0.156256 -0.268718 0.747525
v -0.156918 -0.269024 0.748054
v -0.157444 -0.269170 0.748771
v -0.157781 -0.269142 0.749607
v -0.157897 -0.268943 0.750478
v -0.157897 -0.257818 0.784716
v -0.157781 -0.257467 0.785537
v -0.157444 -0.256999 0.786229
v -0.156918 -0.256459 0.786724
v -0.156256 -0.255901 0.786973
v -0.155522 -0.255378 0.786951
v -0.159063 -0.263543 0.745695
v -0.159778 -0.264004 0.745993
v -0.160423 -0.264333 0.746530
v -0.160935 -0.264497 0.747253
v -0.161263 -0.264481 0.748092
v -0.161376 -0.264286 0.748965
v -0.161376 -0.253161 0.783203
v -0.161263 -0.252806 0.784023
v -0.160935 -0.252326 0.784711
v -0.160423 -0.251768 0.785200
v -0.159778 -0.251186 0.785441
v -0.159063 -0.250638 0.785411
v -0.162309 -0.259559 0.744401
v -0.162998 -0.260052 0.744709
v -0.163620 -0.260409 0.745255
v -0.164113 -0.260596 0.745986
v -0.164430 -0.260594 0.746829
v -0.164539 -0.260404 0.747703
v -0.164539 -0.249279 0.781941
v -0.164430 -0.248919 0.782760
v -0.164113 -0.248425 0.783444
v -0.163620 -0.247844 0.783925
v -0.162998 -0.247234 0.784157
v -0.162309 -0.246654 0.784117
v -0.165297 -0.256267 0.743331
v -0.165951 -0.256798 0.743652
v -0.166541 -0.257190 0.744209
v -0.167010 -0.257404 0.744949
v -0.167310 -0.257420 0.745798
v -0.167414 -0.257236 0.746674
v -0.167414 -0.246112 0.780912
v -0.167310 -0.245746 0.781729
v -0.167010 -0.245233 0.782407
v -0.166541 -0.244625 0.782879
v -0.165951 -0.243981 0.783100
v -0.165297 -0.243363 0.783047
v -0.168061 -0.253603 0.742465
v -0.168669 -0.254179 0.742801
v -0.169217 -0.254612 0.743371
v -0.169651 -0.254859 0.744122
v -0.169930 -0.254896 0.744978
v -0.170027 -0.254719 0.745856
v -0.170027 -0.243594 0.780094
v -0.169930 -0.243221 0.780909
v -0.169651 -0.242688 0.781580
v -0.169217 -0.242047 0.782041
v -0.168669 -0.241362 0.782249
v -0.168061 -0.240698 0.782181
v -0.170640 -0.251502 0.741783
v -0.171184 -0.252130 0.742135
v -0.171676 -0.252609 0.742721
v -0.172065 -0.252892 0.743483
v -0.172316 -0.252952 0.744346
v -0.172402 -0.252784 0.745227
v -0.172402 -0.241659 0.779465
v -0.172316 -0.241278 0.780277
v -0.172065 -0.240721 0.780941
v -0.171676 -0.240044 0.781390
v -0.171184 -0.239312 0.781583
v -0.170640 -0.238598 0.781499
v -0.173069 -0.249901 0.741262
v -0.173532 -0.250582 0.741632
v -0.173950 -0.251109 0.742233
v -0.174282 -0.251430 0.743008
v -0.174495 -0.251515 0.743879
v -0.174568 -0.251355 0.744763
v -0.174568 -0.240230 0.779001
v -0.174495 -0.239841 0.779810
v -0.174282 -0.239260 0.780466
v -0.173950 -0.238544 0.780903
v -0.173532 -0.237764 0.781080
v -0.173069 -0.236996 0.780979
v -0.175383 -0.248735 0.740884
v -0.175749 -0.249465 0.741269
v -0.176079 -0.250036 0.741885
v -0.176341 -0.250393 0.742671
v -0.176509 -0.250501 0.743550
v -0.176567 -0.250348 0.744436
v -0.176567 -0.239224 0.778674
v -0.176509 -0.238826 0.779481
v -0.176341 -0.238222 0.780129
v -0.176079 -0.237472 0.780555
v -0.175749 -0.236647 0.780717
v -0.175383 -0.235830 0.780600
v -0.177621 -0.247939 0.740625
v -0.177879 -0.248708 0.741023
v -0.178112 -0.249314 0.741650
v -0.178297 -0.249698 0.742445
v -0.178415 -0.249823 0.743330
v -0.178456 -0.249677 0.744218
v -0.178456 -0.238552 0.778456
v -0.178415 -0.238148 0.779260
v -0.178297 -0.237527 0.779903
v -0.178112 -0.236749 0.780320
v -0.177879 -0.235890 0.780471
v -0.177621 -0.235035 0.780341
v -0.179817 -0.247451 0.740466
v -0.179971 -0.248242 0.740872
v -0.180110 -0.248869 0.741506
v -0.180220 -0.249270 0.742306
v -0.180291 -0.249406 0.743194
v -0.180315 -0.249263 0.744083
v -0.180315 -0.238138 0.778321
v -0.180291 -0.237731 0.779125
v -0.180220 -0.237099 0.779764
v -0.180110 -0.236305 0.780175
v -0.179971 -0.235425 0.780320
v -0.179817 -0.234546 0.780182
v -0.182008 -0.247205 0.740386
v -0.182074 -0.248006 0.740795
v -0.182134 -0.248642 0.741432
v -0.182182 -0.249050 0.742234
v -0.182213 -0.249190 0.743124
v -0.182223 -0.249049 0.744014
v -0.182223 -0.237924 0.778252
v -0.182213 -0.237515 0.779055
v -0.182182 -0.236879 0.779692
v -0.182134 -0.236077 0.780102
v -0.182074 -0.235189 0.780243
v -0.182008 -0.234300 0.780103
v -0.184230 -0.247137 0.740364
v -0.184244 -0.247940 0.740773
v -0.184257 -0.248577 0.741411
v -0.184267 -0.248986 0.742213
v -0.184274 -0.249127 0.743103
v -0.184276 -0.248986 0.743993
v -0.184276 -0.237861 0.778231
v -0.184274 -0.237452 0.779034
v -0.184267 -0.236815 0.779671
v -0.184257 -0.236012 0.780081
v -0.184244 -0.235122 0.780221
v -0.184230 -0.234232 0.780081
v -0.191610 -0.247137 0.740364
v -0.190720 -0.247940 0.740773
v -0.189917 -0.248577 0.741411
v -0.189280 -0.248986 0.742213
v -0.188871 -0.249127 0.743103
v -0.188730 -0.248986 0.743993
v -0.188730 -0.237861 0.778231
v -0.188871 -0.237452 0.779034
v -0.189280 -0.236815 0.779671
v -0.189917 -0.236012 0.780081
v -0.190720 -0.235122 0.780221
v -0.191610 -0.234232 0.780081
v -0.191610 -0.297809 0.756829
v -0.190720 -0.298612 0.757238
v -0.189917 -0.299249 0.757875
v -0.189280 -0.299658 0.758678
v -0.188871 -0.299799 0.759568
v -0.188730 -0.299658 0.760458
v -0.188730 -0.288534 0.794696
v -0.188871 -0.288125 0.795499
v -0.189280 -0.287488 0.796136
v -0.189917 -0.286685 0.796545
v -0.190720 -0.285795 0.796686
v -0.191610 -0.284905 0.796545
v -0.209250 -0.297809 0.756829
v -0.210140 -0.298612 0.757238
v -0.210943 -0.299249 0.757875
v -0.211580 -0.299658 0.758678
v -0.211989 -0.299799 0.759568
v -0.212130 -0.299658 0.760458
v -0.212130 -0.288534 0.794696
v -0.211989 -0.288125 0.795499
v -0.211580 -0.287488 0.796136
v -0.210943 -0.286685 0.796545
v -0.210140 -0.285795 0.796686
v -0.209250 -0.284905 0.796545
v -0.209250 -0.181058 0.718894
v -0.210140 -0.180168 0.718753
v -0.210943 -0.179278 0.718894
v -0.211580 -0.178475 0.719303
v -0.211989 -0.177838 0.719940
v -0.212130 -0.177429 0.720743
v -0.212130 -0.166304 0.754981
v -0.211989 -0.166163 0.755871
v -0.211580 -0.166304 0.756761
v -0.210943 -0.166713 0.757564
v -0.210140 -0.167350 0.758201
v -0.209250 -0.168153 0.758610
v -0.178290 -0.181058 0.718894
v -0.178270 -0.180168 0.718753
v -0.178252 -0.179278 0.718894
v -0.178238 -0.178475 0.719303
v -0.178228 -0.177838 0.719940
v -0.178225 -0.177429 0.720743
v -0.178225 -0.166304 0.754981
v -0.178228 -0.166163 0.755871
v -0.178238 -0.166304 0.756761
v -0.178252 -0.166713 0.757564
v -0.178270 -0.167350 0.758201
v -0.178290 -0.168153 0.758610
v -0.180270 -0.232072 0.735470
v -0.180290 -0.231182 0.735329
v -0.180308 -0.230292 0.735470
v -0.180322 -0.229490 0.735879
v -0.180331 -0.228852 0.736516
v -0.180334 -0.228443 0.737319
v -0.180334 -0.217319 0.771557
v -0.180331 -0.217178 0.772447
v -0.180322 -0.217319 0.773337
v -0.180308 -0.217728 0.774139
v -0.180290 -0.218365 0.774777
v -0.180270 -0.219168 0.775186
v -0.175822 -0.231885 0.735409
v -0.175906 -0.230998 0.735269
v -0.175982 -0.230110 0.735410
v -0.176042 -0.229309 0.735820
v -0.176080 -0.228673 0.736458
v -0.176094 -0.228265 0.737261
v -0.176094 -0.217140 0.771499
v -0.176080 -0.216999 0.772388
v -0.176042 -0.217138 0.773278
v -0.175982 -0.217545 0.774080
v -0.175906 -0.218180 0.774717
v -0.175822 -0.218980 0.775125
v -0.171908 -0.231342 0.735232
v -0.172088 -0.230468 0.735097
v -0.172250 -0.229593 0.735242
v -0.172379 -0.228801 0.735655
v -0.172462 -0.228172 0.736295
v -0.172490 -0.227765 0.737098
v -0.172490 -0.216640 0.771336
v -0.172462 -0.216497 0.772225
v -0.172379 -0.216631 0.773113
v -0.172250 -0.217028 0.773912
v -0.172088 -0.217651 0.774545
v -0.171908 -0.218438 0.774949
v -0.168502 -0.230475 0.734951
v -0.168790 -0.229629 0.734824
v -0.169050 -0.228778 0.734978
v -0.169256 -0.228006 0.735397
v -0.169388 -0.227389 0.736040
v -0.169434 -0.226987 0.736845
v -0.169434 -0.215862 0.771084
v -0.169388 -0.215715 0.771971
v -0.169256 -0.215836 0.772855
v -0.169050 -0.216213 0.773647
v -0.168790 -0.216811 0.774272
v -0.168502 -0.217571 0.774667
v -0.165577 -0.229314 0.734573
v -0.165981 -0.228514 0.734462
v -0.166345 -0.227705 0.734629
v -0.166635 -0.226966 0.735059
v -0.166821 -0.226370 0.735709
v -0.166885 -0.225975 0.736517
v -0.166885 -0.214851 0.770755
v -0.166821 -0.214696 0.771640
v -0.166635 -0.214795 0.772517
v -0.166345 -0.215140 0.773299
v -0.165981 -0.215696 0.773910
v -0.165577 -0.216410 0.774290
v -0.163103 -0.227889 0.734110
v -0.163626 -0.227157 0.734021
v -0.164097 -0.226409 0.734208
v -0.164471 -0.225719 0.734654
v -0.164711 -0.225155 0.735314
v -0.164794 -0.224771 0.736125
v -0.164794 -0.213646 0.770363
v -0.164711 -0.213480 0.771245
v -0.164471 -0.213549 0.772112
v -0.164097 -0.213845 0.772878
v -0.163626 -0.214340 0.773469
v -0.163103 -0.214985 0.773826
v -0.161055 -0.226230 0.733571
v -0.161688 -0.225588 0.733511
v -0.162259 -0.224921 0.733724
v -0.162712 -0.224295 0.734191
v -0.163003 -0.223772 0.734865
v -0.163103 -0.223402 0.735681
v -0.163103 -0.212277 0.769919
v -0.163003 -0.212097 0.770796
v -0.162712 -0.212124 0.771649
v -0.162259 -0.212356 0.772394
v -0.161688 -0.212770 0.772959
v -0.161055 -0.213326 0.773288
v -0.159404 -0.224368 0.732966
v -0.160131 -0.223832 0.732940
v -0.160786 -0.223260 0.733185
v -0.161307 -0.222710 0.733676
v -0.161641 -0.222235 0.734366
v -0.161756 -0.221882 0.735187
v -0.161756 -0.210757 0.769425
v -0.161641 -0.210560 0.770297
v -0.161307 -0.210539 0.771134
v -0.160786 -0.210695 0.771855
v -0.160131 -0.211014 0.772388
v -0.159404 -0.211464 0.772683
v -0.158123 -0.222333 0.732305
v -0.158921 -0.221910 0.732316
v -0.159641 -0.221441 0.732594
v -0.160213 -0.220972 0.733111
v -0.160580 -0.220549 0.733818
v -0.160706 -0.220214 0.734645
v -0.160706 -0.209089 0.768883
v -0.160580 -0.208874 0.769749
v -0.160213 -0.208801 0.770569
v -0.159641 -0.208876 0.771263
v -0.158921 -0.209092 0.771764
v -0.158123 -0.209429 0.772021
v -0.157185 -0.220156 0.731598
v -0.158031 -0.219845 0.731645
v -0.158795 -0.219477 0.731955
v -0.159401 -0.219088 0.732499
v -0.159790 -0.218717 0.733223
v -0.159924 -0.218399 0.734055
v -0.159924 -0.207275 0.768293
v -0.159790 -0.207042 0.769153
v -0.159401 -0.206917 0.769957
v -0.158795 -0.206912 0.770625
v -0.158031 -0.207027 0.771093
v -0.157185 -0.207251 0.771314
v -0.156562 -0.217866 0.730854
v -0.157437 -0.217659 0.730935
v -0.158226 -0.217386 0.731276
v -0.158852 -0.217072 0.731844
v -0.159254 -0.216749 0.732583
v -0.159393 -0.216448 0.733421
v -0.159393 -0.205323 0.767659
v -0.159254 -0.205074 0.768514
v -0.158852 -0.204901 0.769302
v -0.158226 -0.204821 0.769946
v -0.157437 -0.204842 0.770383
v -0.156562 -0.204961 0.770570
v -0.156226 -0.215494 0.730083
v -0.157114 -0.215381 0.730195
v -0.157915 -0.215192 0.730563
v -0.158551 -0.214946 0.731153
v -0.158959 -0.214666 0.731906
v -0.159100 -0.214380 0.732749
v -0.159100 -0.203255 0.766987
v -0.158959 -0.202991 0.767837
v -0.158551 -0.202775 0.768611
v -0.157915 -0.202628 0.769233
v -0.157114 -0.202564 0.769642
v -0.156226 -0.202589 0.769799
v -0.156150 -0.213070 0.729295
v -0.157041 -0.213042 0.729435
v -0.157845 -0.212930 0.729828
v -0.158482 -0.212744 0.730438
v -0.158892 -0.212503 0.731204
v -0.159033 -0.212231 0.732051
v -0.159033 -0.201106 0.766289
v -0.158892 -0.200829 0.767135
v -0.158482 -0.200573 0.767896
v -0.157845 -0.200365 0.768498
v -0.157041 -0.200225 0.768883
v -0.156150 -0.200166 0.769012
v -0.156336 -0.210422 0.728435
v -0.157220 -0.210483 0.728603
v -0.158018 -0.210452 0.729023
v -0.158652 -0.210330 0.729653
v -0.159058 -0.210130 0.730433
v -0.159198 -0.209872 0.731284
v -0.159198 -0.198747 0.765522
v -0.159058 -0.198455 0.766363
v -0.158652 -0.198159 0.767111
v -0.158018 -0.197887 0.767693
v -0.157220 -0.197666 0.768051
v -0.156336 -0.197517 0.768151
v -0.156812 -0.207960 0.727635
v -0.157676 -0.208125 0.727837
v -0.158456 -0.208187 0.728287
v -0.159075 -0.208140 0.728942
v -0.159472 -0.207988 0.729736
v -0.159609 -0.207746 0.730594
v -0.159609 -0.196621 0.764832
v -0.159472 -0.196313 0.765667
v -0.159075 -0.195969 0.766400
v -0.158456 -0.195622 0.766957
v -0.157676 -0.195308 0.767285
v -0.156812 -0.195055 0.767351
v -0.157590 -0.205693 0.726898
v -0.158415 -0.205973 0.727138
v -0.159159 -0.206139 0.727622
v -0.159750 -0.206173 0.728303
v -0.160129 -0.206074 0.729115
v -0.160260 -0.205850 0.729978
v -0.160260 -0.194726 0.764216
v -0.160129 -0.194399 0.765046
v -0.159750 -0.194003 0.765761
v -0.159159 -0.193574 0.766291
v -0.158415 -0.193156 0.766586
v -0.157590 -0.192788 0.766615
v -0.158683 -0.203629 0.726228
v -0.159445 -0.204029 0.726506
v -0.160133 -0.204302 0.727025
v -0.160678 -0.204422 0.727734
v -0.161028 -0.204377 0.728563
v -0.161149 -0.204172 0.729433
v -0.161149 -0.193048 0.763671
v -0.161028 -0.192703 0.764494
v -0.160678 -0.192251 0.765192
v -0.160133 -0.191737 0.765695
v -0.159445 -0.191211 0.765954
v -0.158683 -0.190725 0.765944
v -0.160104 -0.201777 0.725626
v -0.160779 -0.202290 0.725941
v -0.161388 -0.202666 0.726493
v -0.161871 -0.202867 0.727229
v -0.162181 -0.202875 0.728075
v -0.162288 -0.202688 0.728950
v -0.162288 -0.191563 0.763188
v -0.162181 -0.191200 0.764006
v -0.161871 -0.190696 0.764687
v -0.161388 -0.190101 0.765163
v -0.160779 -0.189473 0.765389
v -0.160104 -0.188873 0.765342
v -0.161865 -0.200145 0.725096
v -0.162434 -0.200756 0.725443
v -0.162948 -0.201220 0.726023
v -0.163355 -0.201492 0.726782
v -0.163617 -0.201544 0.727643
v -0.163707 -0.201373 0.728523
v -0.163707 -0.190248 0.762761
v -0.163617 -0.189870 0.763574
v -0.163355 -0.189321 0.764240
v -0.162948 -0.188655 0.764693
v -0.162434 -0.187939 0.764891
v -0.161865 -0.187241 0.764812
v -0.163978 -0.198742 0.724640
v -0.164433 -0.199428 0.725011
v -0.164843 -0.199961 0.725614
v -0.165169 -0.200287 0.726390
v -0.165378 -0.200374 0.727263
v -0.165450 -0.200215 0.728147
v -0.165450 -0.189090 0.762385
v -0.165378 -0.188700 0.763194
v -0.165169 -0.188116 0.763848
v -0.164843 -0.187396 0.764284
v -0.164433 -0.186611 0.764459
v -0.163978 -0.185837 0.764356
v -0.166457 -0.197574 0.724261
v -0.166799 -0.198314 0.724649
v -0.167107 -0.198894 0.725268
v -0.167352 -0.199258 0.726056
v -0.167509 -0.199370 0.726937
v -0.167564 -0.199219 0.727823
v -0.167564 -0.188095 0.762061
v -0.167509 -0.187696 0.762867
v -0.167352 -0.187088 0.763514
v -0.167107 -0.186330 0.763938
v -0.166799 -0.185497 0.764097
v -0.166457 -0.184670 0.763977
v -0.169313 -0.196652 0.723961
v -0.169551 -0.197425 0.724360
v -0.169765 -0.198036 0.724989
v -0.169936 -0.198424 0.725785
v -0.170045 -0.198551 0.726670
v -0.170083 -0.198406 0.727559
v -0.170083 -0.187281 0.761797
v -0.170045 -0.186877 0.762601
v -0.169936 -0.186253 0.763243
v -0.169765 -0.185471 0.763659
v -0.169551 -0.184608 0.763808
v -0.169313 -0.183747 0.763677
v -0.172558 -0.195983 0.723743
v -0.172705 -0.196775 0.724149
v -0.172837 -0.197403 0.724783
v -0.172942 -0.197804 0.725583
v -0.173009 -0.197940 0.726472
v -0.173032 -0.197798 0.727361
v -0.173032 -0.186673 0.761599
v -0.173009 -0.186266 0.762403
v -0.172942 -0.185633 0.763041
v -0.172837 -0.184838 0.763453
v -0.172705 -0.183958 0.763597
v -0.172558 -0.183078 0.763460
v -0.176207 -0.195575 0.723611
v -0.176275 -0.196376 0.724019
v -0.176336 -0.197012 0.724656
v -0.176384 -0.197420 0.725459
v -0.176416 -0.197560 0.726348
v -0.176426 -0.197419 0.727238
v -0.176426 -0.186294 0.761476
v -0.176416 -0.185885 0.762279
v -0.176384 -0.185249 0.762917
v -0.176336 -0.184447 0.763326
v -0.176275 -0.183559 0.763467
v -0.176207 -0.182671 0.763327
v -0.180270 -0.195438 0.723566
v -0.180286 -0.196240 0.723975
v -0.180300 -0.196878 0.724612
v -0.180312 -0.197287 0.725415
v -0.180319 -0.197428 0.726305
v -0.180321 -0.197287 0.727195
v -0.180321 -0.186162 0.761433
v -0.180319 -0.185753 0.762236
v -0.180312 -0.185116 0.762873
v -0.180300 -0.184313 0.763282
v -0.180286 -0.183423 0.763423
v -0.180270 -0.182533 0.763282
v -0.191610 -0.195438 0.723566
v -0.190720 -0.196240 0.723975
v -0.189917 -0.196878 0.724612
v -0.189280 -0.197287 0.725415
v -0.188871 -0.197428 0.726305
v -0.188730 -0.197287 0.727195
v -0.188730 -0.186162 0.761433
v -0.188871 -0.185753 0.762236
v -0.189280 -0.185116 0.762873
v -0.189917 -0.184313 0.763282
v -0.190720 -0.183423 0.763423
v -0.191610 -0.182533 0.763282
v -0.191610 -0.232072 0.735470
v -0.190720 -0.231182 0.735329
v -0.189917 -0.230292 0.735470
v -0.189280 -0.229490 0.735879
v -0.188871 -0.228852 0.736516
v -0.188730 -0.228443 0.737319
v -0.188730 -0.217319 0.771557
v -0.188871 -0.217178 0.772447
v -0.189280 -0.217319 0.773337
v -0.189917 -0.217728 0.774139
v -0.190720 -0.218365 0.774777
v -0.191610 -0.219168 0.775186
v 0.001875 -0.258869 0.744176
v 0.002761 -0.258916 0.744340
v 0.003560 -0.258872 0.744756
v 0.004195 -0.258740 0.745383
v 0.004602 -0.258534 0.746160
v 0.004743 -0.258273 0.747011
v 0.004743 -0.247149 0.781249
v 0.004602 -0.246859 0.782091
v 0.004195 -0.246569 0.782841
v 0.003560 -0.246307 0.783426
v 0.002761 -0.246099 0.783788
v 0.001875 -0.245964 0.783893
v 0.000747 -0.265370 0.746289
v 0.001617 -0.265516 0.746484
v 0.002401 -0.265561 0.746929
v 0.003023 -0.265500 0.747579
v 0.003422 -0.265339 0.748371
v 0.003560 -0.265094 0.749227
v 0.003560 -0.253970 0.783465
v 0.003422 -0.253665 0.784302
v 0.003023 -0.253329 0.785037
v 0.002401 -0.252996 0.785599
v 0.001617 -0.252699 0.785932
v 0.000747 -0.252465 0.786005
v -0.001133 -0.271401 0.748248
v -0.000298 -0.271654 0.748479
v 0.000456 -0.271795 0.748954
v 0.001055 -0.271810 0.749629
v 0.001439 -0.271698 0.750437
v 0.001571 -0.271470 0.751299
v 0.001571 -0.260346 0.785537
v 0.001439 -0.260024 0.786368
v 0.001055 -0.259639 0.787087
v 0.000456 -0.259230 0.787624
v -0.000298 -0.258836 0.787926
v -0.001133 -0.258496 0.787964
v -0.003770 -0.276930 0.750045
v -0.002987 -0.277294 0.750311
v -0.002280 -0.277534 0.750819
v -0.001719 -0.277628 0.751520
v -0.001359 -0.277567 0.752344
v -0.001235 -0.277356 0.753211
v -0.001235 -0.266232 0.787449
v -0.001359 -0.265892 0.788275
v -0.001719 -0.265457 0.788978
v -0.002280 -0.264969 0.789489
v -0.002987 -0.264476 0.789759
v -0.003770 -0.264026 0.789761
v -0.007164 -0.281928 0.751669
v -0.006454 -0.282398 0.751970
v -0.005813 -0.282736 0.752510
v -0.005305 -0.282907 0.753235
v -0.004978 -0.282895 0.754075
v -0.004866 -0.282702 0.754948
v -0.004866 -0.271577 0.789186
v -0.004978 -0.271221 0.790006
v -0.005305 -0.270736 0.790693
v -0.005813 -0.270171 0.791179
v -0.006454 -0.269581 0.791418
v -0.007164 -0.269023 0.791385
v -0.011318 -0.286361 0.753109
v -0.010699 -0.286930 0.753442
v -0.010141 -0.287356 0.754011
v -0.009699 -0.287597 0.754759
v -0.009414 -0.287631 0.755614
v -0.009317 -0.287453 0.756492
v -0.009317 -0.276328 0.790730
v -0.009414 -0.275956 0.791545
v -0.009699 -0.275426 0.792217
v -0.010141 -0.274791 0.792681
v -0.010699 -0.274112 0.792890
v -0.011318 -0.273456 0.792825
v -0.016232 -0.290199 0.754356
v -0.015719 -0.290850 0.754716
v -0.015257 -0.291350 0.755309
v -0.014890 -0.291651 0.756076
v -0.014654 -0.291722 0.756943
v -0.014573 -0.291557 0.757826
v -0.014573 -0.280432 0.792064
v -0.014654 -0.280047 0.792874
v -0.014890 -0.279480 0.793534
v -0.015257 -0.278786 0.793978
v -0.015719 -0.278032 0.794164
v -0.016232 -0.277294 0.794072
v -0.021910 -0.293409 0.755399
v -0.021510 -0.294124 0.755780
v -0.021148 -0.294681 0.756391
v -0.020861 -0.295027 0.757173
v -0.020677 -0.295128 0.758050
v -0.020614 -0.294973 0.758935
v -0.020614 -0.283848 0.793173
v -0.020677 -0.283453 0.793981
v -0.020861 -0.282857 0.794631
v -0.021148 -0.282117 0.795061
v -0.021510 -0.281306 0.795228
v -0.021910 -0.280505 0.795115
v -0.028353 -0.295961 0.756228
v -0.028064 -0.296720 0.756623
v -0.027803 -0.297317 0.757247
v -0.027596 -0.297695 0.758040
v -0.027464 -0.297816 0.758923
v -0.027418 -0.297668 0.759811
v -0.027418 -0.286543 0.794049
v -0.027464 -0.286141 0.794854
v -0.027596 -0.285524 0.795498
v -0.027803 -0.284753 0.795917
v -0.028064 -0.283902 0.796071
v -0.028353 -0.283056 0.795944
v -0.035563 -0.297823 0.756833
v -0.035379 -0.298609 0.757237
v -0.035214 -0.299231 0.757869
v -0.035083 -0.299628 0.758668
v -0.034998 -0.299761 0.759556
v -0.034969 -0.299618 0.760445
v -0.034969 -0.288493 0.794683
v -0.034998 -0.288087 0.795486
v -0.035083 -0.287457 0.796126
v -0.035214 -0.286666 0.796539
v -0.035379 -0.285792 0.796685
v -0.035563 -0.284918 0.796549
v -0.043541 -0.298963 0.757204
v -0.043454 -0.299763 0.757612
v -0.043375 -0.300397 0.758248
v -0.043313 -0.300804 0.759050
v -0.043273 -0.300944 0.759940
v -0.043259 -0.300803 0.760830
v -0.043259 -0.289678 0.795068
v -0.043273 -0.289269 0.795871
v -0.043313 -0.288634 0.796508
v -0.043375 -0.287833 0.796918
v -0.043454 -0.286945 0.797060
v -0.043541 -0.286058 0.796920
v -0.052290 -0.299350 0.757329
v -0.052290 -0.300154 0.757739
v -0.052291 -0.300792 0.758376
v -0.052291 -0.301202 0.759179
v -0.052291 -0.301343 0.760069
v -0.052291 -0.301202 0.760959
v -0.052291 -0.290078 0.795197
v -0.052291 -0.289668 0.796000
v -0.052291 -0.289031 0.796637
v -0.052291 -0.288227 0.797046
v -0.052290 -0.287336 0.797187
v -0.052290 -0.286445 0.797046
v -0.058741 -0.299059 0.757235
v -0.058827 -0.299859 0.757643
v -0.058904 -0.300493 0.758279
v -0.058966 -0.300900 0.759081
v -0.059005 -0.301040 0.759971
v -0.059019 -0.300898 0.760861
v -0.059019 -0.289774 0.795099
v -0.059005 -0.289365 0.795902
v -0.058966 -0.288729 0.796539
v -0.058904 -0.287929 0.796949
v -0.058827 -0.287041 0.797091
v -0.058741 -0.286154 0.796951
v -0.065077 -0.298175 0.756948
v -0.065252 -0.298963 0.757352
v -0.065410 -0.299586 0.757985
v -0.065535 -0.299984 0.758784
v -0.065615 -0.300118 0.759672
v -0.065643 -0.299975 0.760561
v -0.065643 -0.288850 0.794799
v -0.065615 -0.288444 0.795602
v -0.065535 -0.287814 0.796242
v -0.065410 -0.287022 0.796654
v -0.065252 -0.286146 0.796800
v -0.065077 -0.285271 0.796664
v -0.071213 -0.296686 0.756464
v -0.071481 -0.297451 0.756860
v -0.071724 -0.298053 0.757486
v -0.071916 -0.298435 0.758280
v -0.072039 -0.298559 0.759165
v -0.072082 -0.298412 0.760053
v -0.072082 -0.287287 0.794291
v -0.072039 -0.286884 0.795096
v -0.071916 -0.286264 0.795738
v -0.071724 -0.285489 0.796156
v -0.071481 -0.284633 0.796309
v -0.071213 -0.283781 0.796180
v -0.077063 -0.294576 0.755778
v -0.077430 -0.295305 0.756163
v -0.077760 -0.295876 0.756779
v -0.078023 -0.296233 0.757565
v -0.078191 -0.296340 0.758444
v -0.078249 -0.296187 0.759330
v -0.078249 -0.285063 0.793568
v -0.078191 -0.284665 0.794375
v -0.078023 -0.284062 0.795023
v -0.077760 -0.283312 0.795449
v -0.077430 -0.282488 0.795611
v -0.077063 -0.281671 0.795494
v -0.082544 -0.291831 0.754886
v -0.083011 -0.292510 0.755255
v -0.083433 -0.293035 0.755856
v -0.083767 -0.293356 0.756630
v -0.083982 -0.293440 0.757502
v -0.084055 -0.293279 0.758385
v -0.084055 -0.282155 0.792623
v -0.083982 -0.281765 0.793432
v -0.083767 -0.281185 0.794088
v -0.083433 -0.280471 0.794526
v -0.083011 -0.279692 0.794703
v -0.082544 -0.278926 0.794602
v -0.087570 -0.288437 0.753783
v -0.088137 -0.289048 0.754130
v -0.088649 -0.289513 0.754711
v -0.089055 -0.289785 0.755470
v -0.089316 -0.289838 0.756331
v -0.089405 -0.289667 0.757211
v -0.089405 -0.278542 0.791449
v -0.089316 -0.278163 0.792262
v -0.089055 -0.277614 0.792928
v -0.088649 -0.276948 0.793381
v -0.088137 -0.276231 0.793578
v -0.087570 -0.275532 0.793500
v -0.092056 -0.284379 0.752465
v -0.092718 -0.284905 0.752784
v -0.093315 -0.285292 0.753340
v -0.093789 -0.285503 0.754078
v -0.094093 -0.285516 0.754927
v -0.094198 -0.285331 0.755803
v -0.094198 -0.274207 0.790041
v -0.094093 -0.273842 0.790858
v -0.093789 -0.273332 0.791536
v -0.093315 -0.272727 0.792010
v -0.092718 -0.272087 0.792232
v -0.092056 -0.271475 0.792181
v -0.095917 -0.279644 0.750927
v -0.096662 -0.280067 0.751212
v -0.097335 -0.280362 0.751738
v -0.097869 -0.280499 0.752453
v -0.098212 -0.280466 0.753286
v -0.098330 -0.280264 0.754156
v -0.098330 -0.269140 0.788394
v -0.098212 -0.268791 0.789217
v -0.097869 -0.268328 0.789911
v -0.097335 -0.267797 0.790408
v -0.096662 -0.267250 0.790660
v -0.095917 -0.266740 0.790643
v -0.099068 -0.274217 0.749163
v -0.099880 -0.274525 0.749412
v -0.100613 -0.274716 0.749904
v -0.101194 -0.274772 0.750592
v -0.101568 -0.274685 0.751408
v -0.101696 -0.274466 0.752272
v -0.101696 -0.263341 0.786510
v -0.101568 -0.263011 0.787339
v -0.101194 -0.262601 0.788050
v -0.100613 -0.262152 0.788574
v -0.099880 -0.261708 0.788860
v -0.099068 -0.261313 0.788879
v -0.101423 -0.268084 0.747171
v -0.102282 -0.268272 0.747380
v -0.103057 -0.268354 0.747837
v -0.103671 -0.268323 0.748496
v -0.104066 -0.268181 0.749295
v -0.104202 -0.267943 0.750153
v -0.104202 -0.256818 0.784391
v -0.104066 -0.256507 0.785225
v -0.103671 -0.256152 0.785954
v -0.103057 -0.255790 0.786507
v -0.102282 -0.255454 0.786828
v -0.101423 -0.255179 0.786887
v -0.102899 -0.261230 0.744944
v -0.103783 -0.261299 0.745114
v -0.104581 -0.261274 0.745536
v -0.105214 -0.261158 0.746168
v -0.105621 -0.260962 0.746949
v -0.105761 -0.260705 0.747801
v -0.105761 -0.249580 0.782039
v -0.105621 -0.249287 0.782880
v -0.105214 -0.248987 0.783626
v -0.104581 -0.248710 0.784206
v -0.103783 -0.248482 0.784562
v -0.102899 -0.248326 0.784660
v -0.103410 -0.253642 0.742478
v -0.104300 -0.253626 0.742621
v -0.105103 -0.253524 0.743018
v -0.105740 -0.253346 0.743630
v -0.106149 -0.253111 0.744398
v -0.106290 -0.252840 0.745246
v -0.106290 -0.241715 0.779484
v -0.106149 -0.241436 0.780329
v -0.105740 -0.241175 0.781088
v -0.105103 -0.240959 0.781688
v -0.104300 -0.240808 0.782069
v -0.103410 -0.240738 0.782194
v -0.103410 -0.181058 0.718894
v -0.104300 -0.180168 0.718753
v -0.105103 -0.179278 0.718894
v -0.105740 -0.178475 0.719303
v -0.106149 -0.177838 0.719940
v -0.106290 -0.177429 0.720743
v -0.106290 -0.166304 0.754981
v -0.106149 -0.166163 0.755871
v -0.105740 -0.166304 0.756761
v -0.105103 -0.166713 0.757564
v -0.104300 -0.167350 0.758201
v -0.103410 -0.168153 0.758610
v -0.085770 -0.181058 0.718894
v -0.084880 -0.180168 0.718753
v -0.084077 -0.179278 0.718894
v -0.083440 -0.178475 0.719303
v -0.083031 -0.177838 0.719940
v -0.082890 -0.177429 0.720743
v -0.082890 -0.166304 0.754981
v -0.083031 -0.166163 0.755871
v -0.083440 -0.166304 0.756761
v -0.084077 -0.166713 0.757564
v -0.084880 -0.167350 0.758201
v -0.085770 -0.168153 0.758610
v -0.085770 -0.250047 0.741310
v -0.084880 -0.249999 0.741442
v -0.084077 -0.249868 0.741830
v -0.083440 -0.249667 0.742435
v -0.083031 -0.249417 0.743198
v -0.082890 -0.249141 0.744044
v -0.082890 -0.238017 0.778282
v -0.083031 -0.237742 0.779129
v -0.083440 -0.237497 0.779893
v -0.084077 -0.237303 0.780500
v -0.084880 -0.237181 0.780890
v -0.085770 -0.237143 0.781026
v -0.085731 -0.253187 0.742330
v -0.084842 -0.253121 0.742457
v -0.084039 -0.252975 0.742840
v -0.083402 -0.252762 0.743440
v -0.082993 -0.252504 0.744201
v -0.082852 -0.252225 0.745046
v -0.082852 -0.241101 0.779284
v -0.082993 -0.240829 0.780132
v -0.083402 -0.240591 0.780898
v -0.084039 -0.240410 0.781509
v -0.084842 -0.240304 0.781905
v -0.085731 -0.240282 0.782046
v -0.085611 -0.256031 0.743254
v -0.084722 -0.255938 0.743372
v -0.083921 -0.255767 0.743747
v -0.083284 -0.255534 0.744341
v -0.082876 -0.255263 0.745097
v -0.082735 -0.254980 0.745941
v -0.082735 -0.243856 0.780179
v -0.082876 -0.243589 0.781028
v -0.083284 -0.243363 0.781799
v -0.083921 -0.243202 0.782417
v -0.084722 -0.243120 0.782820
v -0.085611 -0.243126 0.782970
v -0.085402 -0.258607 0.744091
v -0.084516 -0.258478 0.744198
v -0.083717 -0.258275 0.744562
v -0.083083 -0.258018 0.745148
v -0.082676 -0.257731 0.745899
v -0.082535 -0.257442 0.746741
v -0.082535 -0.246318 0.780979
v -0.082676 -0.246056 0.781830
v -0.083083 -0.245847 0.782606
v -0.083717 -0.245711 0.783232
v -0.084516 -0.245661 0.783646
v -0.085402 -0.245702 0.783807
v -0.085097 -0.260940 0.744849
v -0.084217 -0.260768 0.744942
v -0.083423 -0.260526 0.745293
v -0.082793 -0.260237 0.745869
v -0.082388 -0.259930 0.746613
v -0.082249 -0.259634 0.747453
v -0.082249 -0.248510 0.781691
v -0.082388 -0.248255 0.782544
v -0.082793 -0.248066 0.783327
v -0.083423 -0.247961 0.783963
v -0.084217 -0.247951 0.784390
v -0.085097 -0.248035 0.784565
v -0.084689 -0.263057 0.745537
v -0.083819 -0.262832 0.745612
v -0.083035 -0.262543 0.745948
v -0.082412 -0.262216 0.746512
v -0.082012 -0.261885 0.747249
v -0.081874 -0.261581 0.748086
v -0.081874 -0.250457 0.782324
v -0.082012 -0.250210 0.783180
v -0.082412 -0.250045 0.783970
v -0.083035 -0.249978 0.784618
v -0.083819 -0.250015 0.785060
v -0.084689 -0.250152 0.785253
v -0.084173 -0.264984 0.746163
v -0.083319 -0.264698 0.746219
v -0.082549 -0.264354 0.746537
v -0.081938 -0.263984 0.747087
v -0.081545 -0.263625 0.747814
v -0.081410 -0.263311 0.748648
v -0.081410 -0.252187 0.782886
v -0.081545 -0.251950 0.783745
v -0.081938 -0.251813 0.784544
v -0.082549 -0.251789 0.785207
v -0.083319 -0.251881 0.785667
v -0.084173 -0.252079 0.785879
v -0.083539 -0.266746 0.746736
v -0.082710 -0.266394 0.746770
v -0.081961 -0.265989 0.747068
v -0.081368 -0.265571 0.747602
v -0.080986 -0.265181 0.748320
v -0.080855 -0.264857 0.749150
v -0.080855 -0.253733 0.783388
v -0.080986 -0.253507 0.784251
v -0.081368 -0.253400 0.785060
v -0.081961 -0.253425 0.785738
v -0.082710 -0.253577 0.786218
v -0.083539 -0.253842 0.786452
v -0.082783 -0.268371 0.747264
v -0.081986 -0.267949 0.747275
v -0.081267 -0.267482 0.747553
v -0.080696 -0.267014 0.748071
v -0.080329 -0.266593 0.748778
v -0.080203 -0.266258 0.749605
v -0.080203 -0.255133 0.783843
v -0.080329 -0.254918 0.784709
v -0.080696 -0.254844 0.785529
v -0.081267 -0.254917 0.786223
v -0.081986 -0.255132 0.786723
v -0.082783 -0.255466 0.786980
v -0.081897 -0.269884 0.747755
v -0.081139 -0.269395 0.747745
v -0.080455 -0.268867 0.748003
v -0.079913 -0.268351 0.748506
v -0.079564 -0.267899 0.749203
v -0.079444 -0.267553 0.750026
v -0.079444 -0.256429 0.784264
v -0.079564 -0.256224 0.785134
v -0.079913 -0.256181 0.785964
v -0.080455 -0.256303 0.786673
v -0.081139 -0.256578 0.787193
v -0.081897 -0.256979 0.787471
v -0.080874 -0.271311 0.748219
v -0.080160 -0.270762 0.748189
v -0.079515 -0.270179 0.748430
v -0.079004 -0.269620 0.748918
v -0.078675 -0.269139 0.749606
v -0.078562 -0.268784 0.750426
v -0.078562 -0.257660 0.784664
v -0.078675 -0.257465 0.785537
v -0.079004 -0.257449 0.786376
v -0.079515 -0.257615 0.787099
v -0.080160 -0.257944 0.787637
v -0.080874 -0.258407 0.787935
v -0.079707 -0.272679 0.748664
v -0.079037 -0.272079 0.748617
v -0.078431 -0.271450 0.748842
v -0.077951 -0.270854 0.749319
v -0.077643 -0.270350 0.749999
v -0.077536 -0.269987 0.750817
v -0.077536 -0.258862 0.785055
v -0.077643 -0.258675 0.785930
v -0.077951 -0.258683 0.786777
v -0.078431 -0.258885 0.787512
v -0.079037 -0.259261 0.788065
v -0.079707 -0.259775 0.788380
v -0.078390 -0.274014 0.749097
v -0.077761 -0.273371 0.749037
v -0.077193 -0.272704 0.749250
v -0.076742 -0.272079 0.749717
v -0.076453 -0.271555 0.750391
v -0.076353 -0.271185 0.751206
v -0.076353 -0.260061 0.785444
v -0.076453 -0.259881 0.786322
v -0.076742 -0.259908 0.787175
v -0.077193 -0.260140 0.787920
v -0.077761 -0.260554 0.788485
v -0.078390 -0.261109 0.788813
v -0.076597 -0.275612 0.749616
v -0.076010 -0.274931 0.749544
v -0.075481 -0.274231 0.749746
v -0.075061 -0.273578 0.750204
v -0.074791 -0.273037 0.750872
v -0.074698 -0.272661 0.751686
v -0.074698 -0.261537 0.785924
v -0.074791 -0.261362 0.786803
v -0.075061 -0.261407 0.787662
v -0.075481 -0.261666 0.788416
v -0.076010 -0.262114 0.788992
v -0.076597 -0.262707 0.789333
v -0.074730 -0.277068 0.750089
v -0.074189 -0.276351 0.750005
v -0.073702 -0.275618 0.750197
v -0.073314 -0.274939 0.750646
v -0.073066 -0.274382 0.751309
v -0.072980 -0.274000 0.752121
v -0.072980 -0.262875 0.786359
v -0.073066 -0.262707 0.787240
v -0.073314 -0.262768 0.788104
v -0.073702 -0.263053 0.788867
v -0.074189 -0.263534 0.789453
v -0.074730 -0.264163 0.789806
v -0.072787 -0.278382 0.750516
v -0.072297 -0.277632 0.750421
v -0.071854 -0.276868 0.750603
v -0.071503 -0.276165 0.751044
v -0.071277 -0.275592 0.751702
v -0.071199 -0.275205 0.752512
v -0.071199 -0.264080 0.786750
v -0.071277 -0.263917 0.787633
v -0.071503 -0.263994 0.788502
v -0.071854 -0.264303 0.789273
v -0.072297 -0.264814 0.789869
v -0.072787 -0.265477 0.790233
v -0.070770 -0.279555 0.750898
v -0.070332 -0.278774 0.750792
v -0.069937 -0.277983 0.750965
v -0.069624 -0.277258 0.751399
v -0.069423 -0.276670 0.752053
v -0.069353 -0.276279 0.752861
v -0.069353 -0.265154 0.787099
v -0.069423 -0.264996 0.787984
v -0.069624 -0.265087 0.788857
v -0.069937 -0.265418 0.789635
v -0.070332 -0.265957 0.790240
v -0.070770 -0.266651 0.790614
v -0.068677 -0.280589 0.751233
v -0.068295 -0.279780 0.751119
v -0.067950 -0.278964 0.751284
v -0.067676 -0.278219 0.751712
v -0.067500 -0.277620 0.752361
v -0.067440 -0.277224 0.753168
v -0.067440 -0.266099 0.787406
v -0.067500 -0.265945 0.788292
v -0.067676 -0.266048 0.789170
v -0.067950 -0.266399 0.789954
v -0.068295 -0.266963 0.790567
v -0.068677 -0.267684 0.790950
v -0.066510 -0.281482 0.751524
v -0.066184 -0.280650 0.751402
v -0.065890 -0.279813 0.751560
v -0.065657 -0.279052 0.751982
v -0.065507 -0.278441 0.752628
v -0.065456 -0.278041 0.753434
v -0.065456 -0.266917 0.787672
v -0.065507 -0.266767 0.788559
v -0.065657 -0.266881 0.789440
v -0.065890 -0.267248 0.790230
v -0.066184 -0.267833 0.790850
v -0.066510 -0.268578 0.791240
v -0.064267 -0.282236 0.751769
v -0.063999 -0.281385 0.751641
v -0.063757 -0.280531 0.751793
v -0.063565 -0.279756 0.752211
v -0.063441 -0.279136 0.752854
v -0.063399 -0.278733 0.753659
v -0.063399 -0.267609 0.787897
v -0.063441 -0.267462 0.788785
v -0.063565 -0.267585 0.789669
v -0.063757 -0.267966 0.790463
v -0.063999 -0.268568 0.791089
v -0.064267 -0.269332 0.791485
v -0.061950 -0.282852 0.751969
v -0.061739 -0.281986 0.751836
v -0.061548 -0.281118 0.751984
v -0.061396 -0.280332 0.752398
v -0.061299 -0.279706 0.753039
v -0.061266 -0.279300 0.753843
v -0.061266 -0.268176 0.788081
v -0.061299 -0.268031 0.788970
v -0.061396 -0.268161 0.789856
v -0.061548 -0.268553 0.790654
v -0.061739 -0.269169 0.791284
v -0.061950 -0.269948 0.791685
v -0.059557 -0.283330 0.752124
v -0.059402 -0.282453 0.751987
v -0.059262 -0.281574 0.752132
v -0.059150 -0.280781 0.752544
v -0.059079 -0.280149 0.753183
v -0.059054 -0.279742 0.753987
v -0.059054 -0.268618 0.788225
v -0.059079 -0.268475 0.789114
v -0.059150 -0.268610 0.790002
v -0.059262 -0.269010 0.790802
v -0.059402 -0.269636 0.791435
v -0.059557 -0.270426 0.791840
v -0.057090 -0.283671 0.752235
v -0.056989 -0.282786 0.752096
v -0.056897 -0.281901 0.752238
v -0.056824 -0.281102 0.752648
v -0.056778 -0.280467 0.753286
v -0.056762 -0.280059 0.754090
v -0.056762 -0.268934 0.788328
v -0.056778 -0.268792 0.789217
v -0.056824 -0.268931 0.790106
v -0.056897 -0.269336 0.790908
v -0.056989 -0.269969 0.791544
v -0.057090 -0.270767 0.791951
v -0.054548 -0.283875 0.752301
v -0.054498 -0.282986 0.752161
v -0.054453 -0.282097 0.752302
v -0.054418 -0.281295 0.752711
v -0.054395 -0.280658 0.753349
v -0.054387 -0.280249 0.754151
v -0.054387 -0.269125 0.788389
v -0.054395 -0.268983 0.789279
v -0.054418 -0.269124 0.790169
v -0.054453 -0.269532 0.790972
v -0.054498 -0.270169 0.791609
v -0.054548 -0.270971 0.792017
v -0.051930 -0.283943 0.752323
v -0.051930 -0.283053 0.752182
v -0.051930 -0.282162 0.752323
v -0.051929 -0.281359 0.752732
v -0.051929 -0.280722 0.753369
v -0.051929 -0.280313 0.754172
v -0.051929 -0.269188 0.788410
v -0.051929 -0.269047 0.789300
v -0.051929 -0.269188 0.790190
v -0.051930 -0.269598 0.790993
v -0.051930 -0.270235 0.791630
v -0.051930 -0.271038 0.792040
v -0.048634 -0.283859 0.752296
v -0.048682 -0.282970 0.752155
v -0.048726 -0.282081 0.752297
v -0.048761 -0.281279 0.752706
v -0.048783 -0.280642 0.753343
v -0.048790 -0.280233 0.754146
v -0.048790 -0.269108 0.788384
v -0.048783 -0.268967 0.789274
v -0.048761 -0.269108 0.790164
v -0.048726 -0.269516 0.790967
v -0.048682 -0.270153 0.791603
v -0.048634 -0.270954 0.792012
v -0.045497 -0.283614 0.752217
v -0.045595 -0.282729 0.752077
v -0.045683 -0.281843 0.752219
v -0.045754 -0.281044 0.752630
v -0.045799 -0.280409 0.753268
v -0.045814 -0.280001 0.754071
v -0.045814 -0.268876 0.788309
v -0.045799 -0.268734 0.789198
v -0.045754 -0.268873 0.790088
v -0.045683 -0.269279 0.790889
v -0.045595 -0.269911 0.791525
v -0.045497 -0.270709 0.791933
v -0.042519 -0.283218 0.752088
v -0.042669 -0.282340 0.751951
v -0.042803 -0.281460 0.752095
v -0.042910 -0.280666 0.752507
v -0.042979 -0.280034 0.753146
v -0.043002 -0.279627 0.753949
v -0.043002 -0.268502 0.788187
v -0.042979 -0.268359 0.789077
v -0.042910 -0.268495 0.789965
v -0.042803 -0.268896 0.790765
v -0.042669 -0.269522 0.791399
v -0.042519 -0.270314 0.791804
v -0.039703 -0.282681 0.751913
v -0.039905 -0.281813 0.751779
v -0.040087 -0.280942 0.751927
v -0.040231 -0.280155 0.752341
v -0.040323 -0.279528 0.752981
v -0.040355 -0.279122 0.753785
v -0.040355 -0.267997 0.788023
v -0.040323 -0.267853 0.788912
v -0.040231 -0.267984 0.789799
v -0.040087 -0.268378 0.790597
v -0.039905 -0.268995 0.791227
v -0.039703 -0.269777 0.791630
v -0.037050 -0.282014 0.751696
v -0.037304 -0.281159 0.751567
v -0.037534 -0.280300 0.751718
v -0.037716 -0.279522 0.752135
v -0.037833 -0.278901 0.752778
v -0.037874 -0.278498 0.753582
v -0.037874 -0.267373 0.787820
v -0.037833 -0.267227 0.788709
v -0.037716 -0.267351 0.789593
v -0.037534 -0.267735 0.790388
v -0.037304 -0.268341 0.791015
v -0.037050 -0.269109 0.791413
v -0.034560 -0.281225 0.751440
v -0.034868 -0.280387 0.751316
v -0.035147 -0.279544 0.751472
v -0.035368 -0.278779 0.751894
v -0.035509 -0.278165 0.752539
v -0.035558 -0.277764 0.753344
v -0.035558 -0.266640 0.787582
v -0.035509 -0.266491 0.788469
v -0.035368 -0.266608 0.789352
v -0.035147 -0.266980 0.790142
v -0.034868 -0.267570 0.790764
v -0.034560 -0.268321 0.791156
v -0.032235 -0.280326 0.751148
v -0.032598 -0.279509 0.751031
v -0.032925 -0.278685 0.751193
v -0.033185 -0.277935 0.751619
v -0.033352 -0.277331 0.752267
v -0.033409 -0.276934 0.753074
v -0.033409 -0.265809 0.787312
v -0.033352 -0.265656 0.788198
v -0.033185 -0.265764 0.789077
v -0.032925 -0.266121 0.789863
v -0.032598 -0.266692 0.790479
v -0.032235 -0.267422 0.790864
v -0.030077 -0.279327 0.750824
v -0.030494 -0.278535 0.750715
v -0.030870 -0.277734 0.750884
v -0.031169 -0.277001 0.751316
v -0.031361 -0.276409 0.751968
v -0.031427 -0.276016 0.752776
v -0.031427 -0.264891 0.787014
v -0.031361 -0.264735 0.787899
v -0.031169 -0.264831 0.788774
v -0.030870 -0.265169 0.789554
v -0.030494 -0.265718 0.790163
v -0.030077 -0.266423 0.790540
v -0.028086 -0.278237 0.750470
v -0.028557 -0.277475 0.750370
v -0.028982 -0.276701 0.750549
v -0.029320 -0.275990 0.750987
v -0.029537 -0.275411 0.751644
v -0.029611 -0.275022 0.752453
v -0.029611 -0.263898 0.786691
v -0.029537 -0.263737 0.787575
v -0.029320 -0.263819 0.788445
v -0.028982 -0.264136 0.789218
v -0.028557 -0.264658 0.789818
v -0.028086 -0.265333 0.790186
v -0.026263 -0.277068 0.750089
v -0.026789 -0.276340 0.750001
v -0.027263 -0.275597 0.750190
v -0.027639 -0.274910 0.750637
v -0.027880 -0.274348 0.751298
v -0.027963 -0.273964 0.752109
v -0.027963 -0.262840 0.786347
v -0.027880 -0.262673 0.787229
v -0.027639 -0.262739 0.788095
v -0.027263 -0.263032 0.788860
v -0.026789 -0.263523 0.789449
v -0.026263 -0.264163 0.789806
v -0.024611 -0.275828 0.749687
v -0.025189 -0.275140 0.749611
v -0.025711 -0.274432 0.749812
v -0.026125 -0.273774 0.750268
v -0.026391 -0.273230 0.750935
v -0.026483 -0.272853 0.751748
v -0.026483 -0.261728 0.785986
v -0.026391 -0.261555 0.786866
v -0.026125 -0.261603 0.787726
v -0.025711 -0.261868 0.788481
v -0.025189 -0.262322 0.789059
v -0.024611 -0.262923 0.789403
v -0.023130 -0.274527 0.749264
v -0.023763 -0.273888 0.749204
v -0.024334 -0.273224 0.749419
v -0.024787 -0.272600 0.749886
v -0.025078 -0.272078 0.750561
v -0.025179 -0.271708 0.751376
v -0.025179 -0.260584 0.785614
v -0.025078 -0.260403 0.786491
v -0.024787 -0.260429 0.787344
v -0.024334 -0.260659 0.788089
v -0.023763 -0.261070 0.788652
v -0.023130 -0.261623 0.788980
v -0.021654 -0.272976 0.748760
v -0.022344 -0.272396 0.748720
v -0.022966 -0.271786 0.748952
v -0.023460 -0.271205 0.749433
v -0.023777 -0.270710 0.750116
v -0.023887 -0.270350 0.750935
v -0.023887 -0.259226 0.785173
v -0.023777 -0.259036 0.786047
v -0.023460 -0.259034 0.786891
v -0.022966 -0.259221 0.787622
v -0.022344 -0.259579 0.788168
v -0.021654 -0.260072 0.788476
v -0.020369 -0.271318 0.748221
v -0.021111 -0.270806 0.748203
v -0.021781 -0.270256 0.748455
v -0.022312 -0.269723 0.748951
v -0.022653 -0.269260 0.749645
v -0.022770 -0.268910 0.750467
v -0.022770 -0.257786 0.784705
v -0.022653 -0.257585 0.785576
v -0.022312 -0.257553 0.786409
v -0.021781 -0.257692 0.787125
v -0.021111 -0.257988 0.787651
v -0.020369 -0.258414 0.787938
v -0.019263 -0.269555 0.747648
v -0.020048 -0.269111 0.747652
v -0.020756 -0.268624 0.747924
v -0.021319 -0.268140 0.748437
v -0.021680 -0.267708 0.749141
v -0.021804 -0.267370 0.749967
v -0.021804 -0.256245 0.784205
v -0.021680 -0.256034 0.785072
v -0.021319 -0.255969 0.785895
v -0.020756 -0.256059 0.786594
v -0.020048 -0.256294 0.787100
v -0.019263 -0.256650 0.787365
v -0.018323 -0.267686 0.747041
v -0.019142 -0.267310 0.747067
v -0.019881 -0.266883 0.747359
v -0.020468 -0.266448 0.747887
v -0.020844 -0.266047 0.748601
v -0.020974 -0.265719 0.749430
v -0.020974 -0.254595 0.783668
v -0.020844 -0.254372 0.784532
v -0.020468 -0.254277 0.785345
v -0.019881 -0.254319 0.786029
v -0.019142 -0.254492 0.786515
v -0.018323 -0.254782 0.786757
v -0.017539 -0.265713 0.746400
v -0.018383 -0.265400 0.746447
v -0.019145 -0.265031 0.746757
v -0.019750 -0.264641 0.747300
v -0.020138 -0.264269 0.748023
v -0.020271 -0.263951 0.748856
v -0.020271 -0.252827 0.783094
v -0.020138 -0.252595 0.783954
v -0.019750 -0.252470 0.784758
v -0.019145 -0.252466 0.785427
v -0.018383 -0.252583 0.785895
v -0.017539 -0.252808 0.786116
v -0.016897 -0.263635 0.745725
v -0.017760 -0.263381 0.745790
v -0.018538 -0.263063 0.746118
v -0.019155 -0.262715 0.746674
v -0.019551 -0.262370 0.747406
v -0.019688 -0.262062 0.748242
v -0.019688 -0.250937 0.782480
v -0.019551 -0.250695 0.783337
v -0.019155 -0.250544 0.784132
v -0.018538 -0.250499 0.784787
v -0.017760 -0.250563 0.785238
v -0.016897 -0.250731 0.785441
v -0.016387 -0.261455 0.745017
v -0.017262 -0.261251 0.745099
v -0.018050 -0.260980 0.745441
v -0.018676 -0.260669 0.746009
v -0.019078 -0.260347 0.746749
v -0.019217 -0.260047 0.747587
v -0.019217 -0.248922 0.781825
v -0.019078 -0.248673 0.782680
v -0.018676 -0.248498 0.783467
v -0.018050 -0.248416 0.784111
v -0.017262 -0.248434 0.784547
v -0.016387 -0.248550 0.784733
v -0.015997 -0.259171 0.744274
v -0.016879 -0.259012 0.744371
v -0.017674 -0.258781 0.744726
v -0.018306 -0.258502 0.745305
v -0.018711 -0.258201 0.746052
v -0.018851 -0.257907 0.746892
v -0.018851 -0.246783 0.781130
v -0.018711 -0.246526 0.781982
v -0.018306 -0.246331 0.782763
v -0.017674 -0.246217 0.783396
v -0.016879 -0.246195 0.783819
v -0.015997 -0.246267 0.783991
v -0.015713 -0.256785 0.743499
v -0.016600 -0.256664 0.743608
v -0.017399 -0.256467 0.743974
v -0.018034 -0.256215 0.744562
v -0.018441 -0.255931 0.745314
v -0.018582 -0.255643 0.746157
v -0.018582 -0.244519 0.780395
v -0.018441 -0.244256 0.781245
v -0.018034 -0.244044 0.782020
v -0.017399 -0.243903 0.782644
v -0.016600 -0.243846 0.783056
v -0.015713 -0.243881 0.783215
v -0.015526 -0.254298 0.742691
v -0.016415 -0.254208 0.742810
v -0.017216 -0.254039 0.743185
v -0.017853 -0.253809 0.743781
v -0.018261 -0.253540 0.744537
v -0.018402 -0.253257 0.745381
v -0.018402 -0.242133 0.779619
v -0.018261 -0.241865 0.780468
v -0.017853 -0.241638 0.781239
v -0.017216 -0.241475 0.781855
v -0.016415 -0.241390 0.782258
v -0.015526 -0.241393 0.782407
v -0.015422 -0.251709 0.741850
v -0.016312 -0.251645 0.741977
v -0.017114 -0.251499 0.742360
v -0.017751 -0.251287 0.742961
v -0.018160 -0.251030 0.743722
v -0.018301 -0.250751 0.744567
v -0.018301 -0.239627 0.778805
v -0.018160 -0.239355 0.779653
v -0.017751 -0.239117 0.780419
v -0.017114 -0.238935 0.781030
v -0.016312 -0.238827 0.781425
v -0.015422 -0.238805 0.781566
v -0.015390 -0.249020 0.740976
v -0.016280 -0.248972 0.741109
v -0.017083 -0.248841 0.741496
v -0.017720 -0.248641 0.742101
v -0.018129 -0.248390 0.742864
v -0.018270 -0.248115 0.743710
v -0.018270 -0.236990 0.777948
v -0.018129 -0.236716 0.778795
v -0.017720 -0.236470 0.779559
v -0.017083 -0.236276 0.780166
v -0.016280 -0.236154 0.780557
v -0.015390 -0.236116 0.780692
v -0.015390 -0.181058 0.718894
v -0.016280 -0.180168 0.718753
v -0.017083 -0.179278 0.718894
v -0.017720 -0.178475 0.719303
v -0.018129 -0.177838 0.719940
v -0.018270 -0.177429 0.720743
v -0.018270 -0.166304 0.754981
v -0.018129 -0.166163 0.755871
v -0.017720 -0.166304 0.756761
v -0.017083 -0.166713 0.757564
v -0.016280 -0.167350 0.758201
v -0.015390 -0.168153 0.758610
v 0.002250 -0.181058 0.718894
v 0.003140 -0.180168 0.718753
v 0.003943 -0.179278 0.718894
v 0.004580 -0.178475 0.719303
v 0.004989 -0.177838 0.719940
v 0.005130 -0.177429 0.720743
v 0.005130 -0.166304 0.754981
v 0.004989 -0.166163 0.755871
v 0.004580 -0.166304 0.756761
v 0.003943 -0.166713 0.757564
v 0.003140 -0.167350 0.758201
v 0.002250 -0.168153 0.758610
v 0.002250 -0.251930 0.741922
v 0.003140 -0.251909 0.742063
v 0.003943 -0.251802 0.742458
v 0.004580 -0.251620 0.743069
v 0.004989 -0.251382 0.743836
v 0.005130 -0.251111 0.744684
v 0.005130 -0.239986 0.778922
v 0.004989 -0.239708 0.779767
v 0.004580 -0.239450 0.780527
v 0.003943 -0.239237 0.781128
v 0.003140 -0.239091 0.781511
v 0.002250 -0.239026 0.781638
v 0.062190 -0.181058 0.718894
v 0.062213 -0.180168 0.718753
v 0.062233 -0.179278 0.718894
v 0.062249 -0.178475 0.719303
v 0.062260 -0.177838 0.719940
v 0.062263 -0.177429 0.720743
v 0.062263 -0.166304 0.754981
v 0.062260 -0.166163 0.755871
v 0.062249 -0.166304 0.756761
v 0.062233 -0.166713 0.757564
v 0.062213 -0.167350 0.758201
v 0.062190 -0.168153 0.758610
v 0.068492 -0.181363 0.718993
v 0.068586 -0.180476 0.718853
v 0.068672 -0.179589 0.718995
v 0.068739 -0.178789 0.719405
v 0.068782 -0.178153 0.720043
v 0.068797 -0.177745 0.720846
v 0.068797 -0.166620 0.755084
v 0.068782 -0.166479 0.755974
v 0.068739 -0.166618 0.756863
v 0.068672 -0.167025 0.757665
v 0.068586 -0.167659 0.758301
v 0.068492 -0.168458 0.758709
v 0.074177 -0.182242 0.719279
v 0.074373 -0.181371 0.719144
v 0.074550 -0.180498 0.719290
v 0.074690 -0.179709 0.719704
v 0.074780 -0.179081 0.720344
v 0.074812 -0.178675 0.721148
v 0.074812 -0.167550 0.755386
v 0.074780 -0.167406 0.756275
v 0.074690 -0.167538 0.757162
v 0.074550 -0.167934 0.757960
v 0.074373 -0.168553 0.758592
v 0.074177 -0.169337 0.758995
v 0.079259 -0.183642 0.719733
v 0.079562 -0.182800 0.719608
v 0.079836 -0.181954 0.719764
v 0.080053 -0.181186 0.720184
v 0.080193 -0.180572 0.720828
v 0.080241 -0.180170 0.721634
v 0.080241 -0.169046 0.755872
v 0.080193 -0.168897 0.756759
v 0.080053 -0.169016 0.757642
v 0.079836 -0.169390 0.758434
v 0.079562 -0.169983 0.759056
v 0.079259 -0.170737 0.759450
v 0.083750 -0.185509 0.720340
v 0.084163 -0.184713 0.720230
v 0.084535 -0.183908 0.720398
v 0.084830 -0.183172 0.720829
v 0.085020 -0.182579 0.721481
v 0.085085 -0.182184 0.722288
v 0.085085 -0.171060 0.756526
v 0.085020 -0.170904 0.757411
v 0.084830 -0.171002 0.758287
v 0.084535 -0.171343 0.759068
v 0.084163 -0.171895 0.759678
v 0.083750 -0.172604 0.760056
v 0.087663 -0.187789 0.721081
v 0.088183 -0.187056 0.720991
v 0.088651 -0.186307 0.721178
v 0.089023 -0.185616 0.721623
v 0.089261 -0.185050 0.722284
v 0.089343 -0.184666 0.723095
v 0.089343 -0.173541 0.757333
v 0.089261 -0.173376 0.758215
v 0.089023 -0.173445 0.759081
v 0.088651 -0.173742 0.759848
v 0.088183 -0.174238 0.760439
v 0.087663 -0.174885 0.760797
v 0.091012 -0.190430 0.721939
v 0.091630 -0.189774 0.721874
v 0.092187 -0.189095 0.722084
v 0.092629 -0.188460 0.722547
v 0.092913 -0.187930 0.723219
v 0.093011 -0.187558 0.724034
v 0.093011 -0.176433 0.758272
v 0.092913 -0.176255 0.759150
v 0.092629 -0.176289 0.760005
v 0.092187 -0.176531 0.760754
v 0.091630 -0.176957 0.761322
v 0.091012 -0.177526 0.761655
v 0.093810 -0.193378 0.722897
v 0.094514 -0.192812 0.722861
v 0.095148 -0.192215 0.723097
v 0.095652 -0.191644 0.723582
v 0.095975 -0.191156 0.724268
v 0.096086 -0.190798 0.725087
v 0.096086 -0.179674 0.759325
v 0.095975 -0.179481 0.760198
v 0.095652 -0.179473 0.761040
v 0.095148 -0.179650 0.761767
v 0.094514 -0.179995 0.762309
v 0.093810 -0.180473 0.762613
v 0.096070 -0.196579 0.723937
v 0.096844 -0.196113 0.723934
v 0.097541 -0.195605 0.724199
v 0.098095 -0.195105 0.724707
v 0.098451 -0.194663 0.725407
v 0.098573 -0.194321 0.726232
v 0.098573 -0.183196 0.760470
v 0.098451 -0.182988 0.761338
v 0.098095 -0.182935 0.762165
v 0.097541 -0.183040 0.762869
v 0.096844 -0.183295 0.763382
v 0.096070 -0.183674 0.763653
v 0.097805 -0.199979 0.725042
v 0.098632 -0.199618 0.725073
v 0.099378 -0.199205 0.725369
v 0.099970 -0.198780 0.725901
v 0.100350 -0.198386 0.726617
v 0.100481 -0.198060 0.727447
v 0.100481 -0.186936 0.761685
v 0.100350 -0.186711 0.762547
v 0.099970 -0.186609 0.763359
v 0.099378 -0.186640 0.764038
v 0.098632 -0.186800 0.764521
v 0.097805 -0.187075 0.764758
v 0.099027 -0.203526 0.726194
v 0.099891 -0.203271 0.726260
v 0.100670 -0.202954 0.726587
v 0.101289 -0.202606 0.727144
v 0.101686 -0.202261 0.727876
v 0.101822 -0.201952 0.728711
v 0.101822 -0.190828 0.762949
v 0.101686 -0.190586 0.763807
v 0.101289 -0.190435 0.764602
v 0.100670 -0.190390 0.765257
v 0.099891 -0.190454 0.765708
v 0.099027 -0.190622 0.765911
v 0.099752 -0.207166 0.727377
v 0.100636 -0.207017 0.727477
v 0.101435 -0.206796 0.727835
v 0.102068 -0.206524 0.728417
v 0.102475 -0.206227 0.729164
v 0.102615 -0.205936 0.730006
v 0.102615 -0.194811 0.764244
v 0.102475 -0.194553 0.765095
v 0.102068 -0.194353 0.765875
v 0.101435 -0.194231 0.766505
v 0.100636 -0.194200 0.766925
v 0.099752 -0.194261 0.767093
v 0.099990 -0.210845 0.728572
v 0.100881 -0.210792 0.728703
v 0.101685 -0.210657 0.729090
v 0.102323 -0.210454 0.729694
v 0.102732 -0.210202 0.730456
v 0.102874 -0.209925 0.731302
v 0.102874 -0.198801 0.765540
v 0.102732 -0.198527 0.766387
v 0.102323 -0.198283 0.767152
v 0.101685 -0.198093 0.767760
v 0.100881 -0.197975 0.768151
v 0.099990 -0.197940 0.768288
v 0.099866 -0.213795 0.729531
v 0.100753 -0.213822 0.729688
v 0.101554 -0.213760 0.730098
v 0.102190 -0.213614 0.730720
v 0.102598 -0.213398 0.731495
v 0.102738 -0.213135 0.732345
v 0.102738 -0.202010 0.766583
v 0.102598 -0.201724 0.767425
v 0.102190 -0.201443 0.768178
v 0.101554 -0.201195 0.768768
v 0.100753 -0.201005 0.769136
v 0.099866 -0.200890 0.769247
v 0.099491 -0.216572 0.730433
v 0.100368 -0.216677 0.730616
v 0.101159 -0.216685 0.731048
v 0.101787 -0.216594 0.731689
v 0.102191 -0.216415 0.732475
v 0.102329 -0.216163 0.733329
v 0.102329 -0.205039 0.767567
v 0.102191 -0.204740 0.768405
v 0.101787 -0.204424 0.769147
v 0.101159 -0.204120 0.769718
v 0.100368 -0.203859 0.770064
v 0.099491 -0.203667 0.770149
v 0.098862 -0.219180 0.731280
v 0.099719 -0.219369 0.731490
v 0.100492 -0.219453 0.731948
v 0.101105 -0.219423 0.732608
v 0.101499 -0.219282 0.733406
v 0.101635 -0.219044 0.734265
v 0.101635 -0.207919 0.768503
v 0.101499 -0.207607 0.769337
v 0.101105 -0.207252 0.770066
v 0.100492 -0.206888 0.770618
v 0.099719 -0.206552 0.770938
v 0.098862 -0.206275 0.770997
v 0.097977 -0.221623 0.732074
v 0.098802 -0.221901 0.732313
v 0.099546 -0.222064 0.732796
v 0.100137 -0.222097 0.733477
v 0.100516 -0.221997 0.734288
v 0.100646 -0.221772 0.735151
v 0.100646 -0.210648 0.769389
v 0.100516 -0.210322 0.770219
v 0.100137 -0.209926 0.770935
v 0.099546 -0.209500 0.771466
v 0.098802 -0.209083 0.771761
v 0.097977 -0.208719 0.771791
v 0.096831 -0.223908 0.732817
v 0.097612 -0.224273 0.733084
v 0.098317 -0.224516 0.733593
v 0.098876 -0.224611 0.734294
v 0.099235 -0.224551 0.735118
v 0.099358 -0.224341 0.735986
v 0.099358 -0.213216 0.770224
v 0.099235 -0.212877 0.771049
v 0.098876 -0.212441 0.771752
v 0.098317 -0.211951 0.772263
v 0.097612 -0.211456 0.772532
v 0.096831 -0.211003 0.772533
v 0.095422 -0.226038 0.733509
v 0.096148 -0.226487 0.733803
v 0.096803 -0.226804 0.734336
v 0.097323 -0.226960 0.735057
v 0.097656 -0.226938 0.735894
v 0.097771 -0.226741 0.736766
v 0.097771 -0.215616 0.771004
v 0.097656 -0.215263 0.771825
v 0.097323 -0.214789 0.772515
v 0.096803 -0.214240 0.773006
v 0.096148 -0.213669 0.773251
v 0.095422 -0.213133 0.773225
v 0.093748 -0.228018 0.734152
v 0.094410 -0.228542 0.734471
v 0.095007 -0.228927 0.735026
v 0.095481 -0.229137 0.735764
v 0.095786 -0.229149 0.736612
v 0.095891 -0.228964 0.737488
v 0.095891 -0.217840 0.771726
v 0.095786 -0.217475 0.772543
v 0.095481 -0.216966 0.773222
v 0.095007 -0.216363 0.773696
v 0.094410 -0.215724 0.773919
v 0.093748 -0.215113 0.773868
v 0.091803 -0.229853 0.734749
v 0.092397 -0.230442 0.735088
v 0.092933 -0.230885 0.735662
v 0.093358 -0.231141 0.736415
v 0.093631 -0.231183 0.737273
v 0.093725 -0.231008 0.738152
v 0.093725 -0.219884 0.772390
v 0.093631 -0.219508 0.773204
v 0.093358 -0.218970 0.773873
v 0.092933 -0.218321 0.774332
v 0.092397 -0.217624 0.774536
v 0.091803 -0.216949 0.774465
v 0.089587 -0.231548 0.735299
v 0.090111 -0.232189 0.735656
v 0.090584 -0.232681 0.736246
v 0.090960 -0.232974 0.737011
v 0.091201 -0.233041 0.737877
v 0.091284 -0.232875 0.738759
v 0.091284 -0.221750 0.772997
v 0.091201 -0.221366 0.773808
v 0.090960 -0.220804 0.774469
v 0.090584 -0.220116 0.774916
v 0.090111 -0.219372 0.775104
v 0.089587 -0.218643 0.775015
v 0.087094 -0.233107 0.735806
v 0.087552 -0.233791 0.736176
v 0.087964 -0.234320 0.736778
v 0.088292 -0.234644 0.737553
v 0.088502 -0.234730 0.738425
v 0.088574 -0.234570 0.739309
v 0.088574 -0.223445 0.773547
v 0.088502 -0.223055 0.774356
v 0.088292 -0.222473 0.775011
v 0.087964 -0.221756 0.775448
v 0.087552 -0.220973 0.775624
v 0.087094 -0.220203 0.775522
v 0.084323 -0.234536 0.736270
v 0.084718 -0.235252 0.736651
v 0.085074 -0.235810 0.737262
v 0.085356 -0.236157 0.738045
v 0.085538 -0.236258 0.738922
v 0.085600 -0.236103 0.739807
v 0.085600 -0.224978 0.774045
v 0.085538 -0.224583 0.774853
v 0.085356 -0.223986 0.775503
v 0.085074 -0.223246 0.775932
v 0.084718 -0.222434 0.776099
v 0.084323 -0.221631 0.775986
v 0.081270 -0.235838 0.736693
v 0.082160 -0.236343 0.737005
v 0.082963 -0.236711 0.737555
v 0.083600 -0.236906 0.738289
v 0.084009 -0.236910 0.739134
v 0.084150 -0.236722 0.740009
v 0.084150 -0.225597 0.774247
v 0.084009 -0.225235 0.775065
v 0.083600 -0.224735 0.775746
v 0.082963 -0.224146 0.776225
v 0.082160 -0.223525 0.776453
v 0.081270 -0.222934 0.776409
v 0.081270 -0.236181 0.736805
v 0.082160 -0.235465 0.736720
v 0.082963 -0.234733 0.736912
v 0.083600 -0.234054 0.737362
v 0.084009 -0.233497 0.738025
v 0.084150 -0.233116 0.738837
v 0.084150 -0.221991 0.773075
v 0.084009 -0.221823 0.773956
v 0.083600 -0.221884 0.774820
v 0.082963 -0.222168 0.775582
v 0.082160 -0.222648 0.776168
v 0.081270 -0.223276 0.776521
v 0.085708 -0.237163 0.737124
v 0.085950 -0.236304 0.736993
v 0.086169 -0.235442 0.737143
v 0.086342 -0.234661 0.737559
v 0.086454 -0.234039 0.738201
v 0.086492 -0.233634 0.739005
v 0.086492 -0.222510 0.773243
v 0.086454 -0.222364 0.774132
v 0.086342 -0.222491 0.775017
v 0.086169 -0.222877 0.775813
v 0.085950 -0.223487 0.776441
v 0.085708 -0.224258 0.776840
v 0.089832 -0.238474 0.737550
v 0.090156 -0.237641 0.737427
v 0.090449 -0.236802 0.737585
v 0.090681 -0.236041 0.738007
v 0.090831 -0.235430 0.738653
v 0.090882 -0.235030 0.739459
v 0.090882 -0.223905 0.773697
v 0.090831 -0.223755 0.774584
v 0.090681 -0.223870 0.775465
v 0.090449 -0.224238 0.776255
v 0.090156 -0.224823 0.776875
v 0.089832 -0.225569 0.777266
v 0.093628 -0.240100 0.738078
v 0.094037 -0.239303 0.737967
v 0.094406 -0.238497 0.738135
v 0.094699 -0.237761 0.738566
v 0.094887 -0.237167 0.739217
v 0.094952 -0.236772 0.740025
v 0.094952 -0.225648 0.774263
v 0.094887 -0.225492 0.775148
v 0.094699 -0.225590 0.776024
v 0.094406 -0.225932 0.776805
v 0.094037 -0.226485 0.777415
v 0.093628 -0.227195 0.777794
v 0.097083 -0.242027 0.738704
v 0.097577 -0.241277 0.738609
v 0.098023 -0.240514 0.738791
v 0.098377 -0.239812 0.739233
v 0.098604 -0.239240 0.739891
v 0.098682 -0.238853 0.740701
v 0.098682 -0.227728 0.774939
v 0.098604 -0.227565 0.775822
v 0.098377 -0.227641 0.776691
v 0.098023 -0.227950 0.777461
v 0.097577 -0.228460 0.778057
v 0.097083 -0.229122 0.778420
v 0.100184 -0.244242 0.739424
v 0.100761 -0.243552 0.739348
v 0.101281 -0.242842 0.739547
v 0.101695 -0.242183 0.740003
v 0.101960 -0.241638 0.740670
v 0.102051 -0.241260 0.741483
v 0.102051 -0.230136 0.775721
v 0.101960 -0.229963 0.776601
v 0.101695 -0.230012 0.777461
v 0.101281 -0.230278 0.778217
v 0.100761 -0.230734 0.778796
v 0.100184 -0.231337 0.779140
v 0.102915 -0.246730 0.740232
v 0.103571 -0.246112 0.740180
v 0.104162 -0.245467 0.740400
v 0.104632 -0.244859 0.740873
v 0.104933 -0.244347 0.741550
v 0.105037 -0.243981 0.742367
v 0.105037 -0.232856 0.776605
v 0.104933 -0.232672 0.777481
v 0.104632 -0.232688 0.778331
v 0.104162 -0.232903 0.779070
v 0.103571 -0.233295 0.779628
v 0.102915 -0.233826 0.779948
v 0.105264 -0.249480 0.741126
v 0.105990 -0.248944 0.741100
v 0.106646 -0.248374 0.741345
v 0.107166 -0.247825 0.741836
v 0.107500 -0.247351 0.742526
v 0.107615 -0.246998 0.743347
v 0.107615 -0.235873 0.777586
v 0.107500 -0.235676 0.778457
v 0.107166 -0.235654 0.779294
v 0.106646 -0.235810 0.780015
v 0.105990 -0.236127 0.780548
v 0.105264 -0.236575 0.780842
v 0.107217 -0.252476 0.742099
v 0.108003 -0.252032 0.742103
v 0.108713 -0.251545 0.742375
v 0.109276 -0.251062 0.742888
v 0.109637 -0.250631 0.743592
v 0.109762 -0.250292 0.744418
v 0.109762 -0.239168 0.778656
v 0.109637 -0.238956 0.779523
v 0.109276 -0.238892 0.780346
v 0.108713 -0.238981 0.781045
v 0.108003 -0.239215 0.781551
v 0.107217 -0.239571 0.781815
v 0.108759 -0.255705 0.743148
v 0.109593 -0.255360 0.743184
v 0.110345 -0.254962 0.743485
v 0.110942 -0.254549 0.744021
v 0.111325 -0.254163 0.744740
v 0.111457 -0.253840 0.745571
v 0.111457 -0.242716 0.779809
v 0.111325 -0.242488 0.780671
v 0.110942 -0.242379 0.781479
v 0.110345 -0.242397 0.782155
v 0.109593 -0.242542 0.782632
v 0.108759 -0.242800 0.782864
v 0.109878 -0.259153 0.744269
v 0.110745 -0.258910 0.744338
v 0.111527 -0.258603 0.744668
v 0.112147 -0.258264 0.745228
v 0.112546 -0.257924 0.745962
v 0.112683 -0.257617 0.746798
v 0.112683 -0.246493 0.781036
v 0.112546 -0.246249 0.781893
v 0.112147 -0.246093 0.782686
v 0.111527 -0.246039 0.783338
v 0.110745 -0.246092 0.783786
v 0.109878 -0.246248 0.783985
v 0.110560 -0.262807 0.745456
v 0.111445 -0.262665 0.745558
v 0.112244 -0.262450 0.745918
v 0.112878 -0.262183 0.746501
v 0.113285 -0.261889 0.747250
v 0.113425 -0.261599 0.748092
v 0.113425 -0.250474 0.782329
v 0.113285 -0.250215 0.783181
v 0.112878 -0.250012 0.783959
v 0.112244 -0.249885 0.784588
v 0.111445 -0.249847 0.785006
v 0.110560 -0.249902 0.785172
v 0.110790 -0.266653 0.746705
v 0.111682 -0.266612 0.746840
v 0.112486 -0.266488 0.747230
v 0.113124 -0.266293 0.747837
v 0.113534 -0.266046 0.748601
v 0.113675 -0.265771 0.749447
v 0.113675 -0.254647 0.783685
v 0.113534 -0.254371 0.784532
v 0.113124 -0.254122 0.785295
v 0.112486 -0.253923 0.785900
v 0.111682 -0.253794 0.786288
v 0.110790 -0.253748 0.786422
v 0.110549 -0.270287 0.747886
v 0.111434 -0.270350 0.748055
v 0.112232 -0.270320 0.748475
v 0.112865 -0.270200 0.749106
v 0.113272 -0.270001 0.749886
v 0.113412 -0.269743 0.750738
v 0.113412 -0.258618 0.784976
v 0.113272 -0.258326 0.785817
v 0.112865 -0.258029 0.786564
v 0.112232 -0.257755 0.787145
v 0.111434 -0.257533 0.787503
v 0.110549 -0.257382 0.787602
v 0.109808 -0.273954 0.749078
v 0.110670 -0.274124 0.749281
v 0.111449 -0.274191 0.749733
v 0.112067 -0.274148 0.750389
v 0.112463 -0.273998 0.751185
v 0.112600 -0.273757 0.752042
v 0.112600 -0.262633 0.786280
v 0.112463 -0.262324 0.787116
v 0.112067 -0.261977 0.787847
v 0.111449 -0.261627 0.788403
v 0.110670 -0.261307 0.788729
v 0.109808 -0.261049 0.788794
v 0.108537 -0.277587 0.750258
v 0.109363 -0.277866 0.750497
v 0.110107 -0.278030 0.750980
v 0.110698 -0.278063 0.751661
v 0.111077 -0.277963 0.752473
v 0.111208 -0.277739 0.753336
v 0.111208 -0.266614 0.787574
v 0.111077 -0.266288 0.788404
v 0.110698 -0.265892 0.789119
v 0.110107 -0.265465 0.789650
v 0.109363 -0.265048 0.789945
v 0.108537 -0.264683 0.789974
v 0.106710 -0.281121 0.751407
v 0.107481 -0.281505 0.751679
v 0.108176 -0.281764 0.752194
v 0.108728 -0.281873 0.752899
v 0.109083 -0.281821 0.753726
v 0.109205 -0.281614 0.754595
v 0.109205 -0.270489 0.788833
v 0.109083 -0.270146 0.789657
v 0.108728 -0.269702 0.790357
v 0.108176 -0.269199 0.790864
v 0.107481 -0.268688 0.791127
v 0.106710 -0.268217 0.791123
v 0.104298 -0.284489 0.752501
v 0.104997 -0.284973 0.752806
v 0.105628 -0.285322 0.753350
v 0.106128 -0.285502 0.754078
v 0.106450 -0.285497 0.754921
v 0.106561 -0.285305 0.755794
v 0.106561 -0.274180 0.790032
v 0.106450 -0.273822 0.790851
v 0.106128 -0.273332 0.791536
v 0.105628 -0.272757 0.792020
v 0.104997 -0.272155 0.792254
v 0.104298 -0.271584 0.792217
v 0.101273 -0.287623 0.753519
v 0.101884 -0.288198 0.753854
v 0.102436 -0.288629 0.754424
v 0.102874 -0.288874 0.755174
v 0.103155 -0.288910 0.756030
v 0.103252 -0.288733 0.756908
v 0.103252 -0.277608 0.791146
v 0.103155 -0.277235 0.791961
v 0.102874 -0.276703 0.792632
v 0.102436 -0.276064 0.793094
v 0.101884 -0.275380 0.793302
v 0.101273 -0.274719 0.793235
v 0.097606 -0.290458 0.754440
v 0.098118 -0.291110 0.754800
v 0.098580 -0.291611 0.755393
v 0.098946 -0.291911 0.756161
v 0.099181 -0.291983 0.757028
v 0.099262 -0.291818 0.757910
v 0.099262 -0.280693 0.792148
v 0.099181 -0.280308 0.792959
v 0.098946 -0.279740 0.793619
v 0.098580 -0.279046 0.794063
v 0.098118 -0.278293 0.794248
v 0.097606 -0.277554 0.794156
v 0.093270 -0.292927 0.755243
v 0.093675 -0.293640 0.755622
v 0.094040 -0.294195 0.756233
v 0.094329 -0.294540 0.757015
v 0.094515 -0.294639 0.757891
v 0.094579 -0.294484 0.758777
v 0.094579 -0.283359 0.793015
v 0.094515 -0.282965 0.793822
v 0.094329 -0.282369 0.794473
v 0.094040 -0.281631 0.794903
v 0.093675 -0.280822 0.795070
v 0.093270 -0.280023 0.794959
v 0.088237 -0.294963 0.755904
v 0.088532 -0.295720 0.756298
v 0.088799 -0.296315 0.756922
v 0.089010 -0.296691 0.757714
v 0.089146 -0.296811 0.758597
v 0.089193 -0.296663 0.759485
v 0.089193 -0.285538 0.793723
v 0.089146 -0.285137 0.794528
v 0.089010 -0.284521 0.795172
v 0.088799 -0.283751 0.795592
v 0.088532 -0.282903 0.795746
v 0.088237 -0.282059 0.795620
v 0.082477 -0.296500 0.756403
v 0.082667 -0.297285 0.756807
v 0.082838 -0.297906 0.757439
v 0.082974 -0.298302 0.758237
v 0.083062 -0.298435 0.759125
v 0.083092 -0.298291 0.760014
v 0.083092 -0.287166 0.794252
v 0.083062 -0.286760 0.795055
v 0.082974 -0.286131 0.795695
v 0.082838 -0.285341 0.796108
v 0.082667 -0.284468 0.796255
v 0.082477 -0.283596 0.796120
v 0.075965 -0.297471 0.756719
v 0.076056 -0.298271 0.757127
v 0.076137 -0.298905 0.757763
v 0.076203 -0.299312 0.758565
v 0.076244 -0.299451 0.759455
v 0.076259 -0.299310 0.760345
v 0.076259 -0.288185 0.794583
v 0.076244 -0.287776 0.795386
v 0.076203 -0.287141 0.796023
v 0.076137 -0.286340 0.796433
v 0.076056 -0.285453 0.796575
v 0.075965 -0.284566 0.796435
v 0.068670 -0.297809 0.756829
v 0.068692 -0.298612 0.757238
v 0.068711 -0.299249 0.757875
v 0.068727 -0.299658 0.758678
v 0.068737 -0.299799 0.759568
v 0.068740 -0.299658 0.760458
v 0.068740 -0.288534 0.794696
v 0.068737 -0.288125 0.795499
v 0.068727 -0.287488 0.796136
v 0.068711 -0.286685 0.796545
v 0.068692 -0.285795 0.796686
v 0.068670 -0.284905 0.796545
v 0.026550 -0.297809 0.756829
v 0.025660 -0.298612 0.757238
v 0.024857 -0.299249 0.757875
v 0.024220 -0.299658 0.758678
v 0.023811 -0.299799 0.759568
v 0.023670 -0.299658 0.760458
v 0.023670 -0.288534 0.794696
v 0.023811 -0.288125 0.795499
v 0.024220 -0.287488 0.796136
v 0.024857 -0.286685 0.796545
v 0.025660 -0.285795 0.796686
v 0.026550 -0.284905 0.796545
v 0.026550 -0.181058 0.718894
v 0.025660 -0.180168 0.718753
v 0.024857 -0.179278 0.718894
v 0.024220 -0.178475 0.719303
v 0.023811 -0.177838 0.719940
v 0.023670 -0.177429 0.720743
v 0.023670 -0.166304 0.754981
v 0.023811 -0.166163 0.755871
v 0.024220 -0.166304 0.756761
v 0.024857 -0.166713 0.757564
v 0.025660 -0.167350 0.758201
v 0.026550 -0.168153 0.758610
v 0.055890 -0.231045 0.735136
v 0.055876 -0.230155 0.734995
v 0.055863 -0.229265 0.735136
v 0.055852 -0.228462 0.735545
v 0.055846 -0.227825 0.736182
v 0.055843 -0.227416 0.736985
v 0.055843 -0.216292 0.771223
v 0.055846 -0.216151 0.772113
v 0.055852 -0.216292 0.773003
v 0.055863 -0.216701 0.773806
v 0.055876 -0.217338 0.774443
v 0.055890 -0.218141 0.774852
v 0.060068 -0.230917 0.735094
v 0.060006 -0.230028 0.734954
v 0.059951 -0.229139 0.735095
v 0.059906 -0.228338 0.735504
v 0.059878 -0.227701 0.736142
v 0.059868 -0.227292 0.736945
v 0.059868 -0.216168 0.771183
v 0.059878 -0.216027 0.772073
v 0.059906 -0.216167 0.772962
v 0.059951 -0.216575 0.773765
v 0.060006 -0.217211 0.774402
v 0.060068 -0.218012 0.774810
v 0.063872 -0.230531 0.734969
v 0.063739 -0.229650 0.734831
v 0.063619 -0.228767 0.734974
v 0.063523 -0.227971 0.735385
v 0.063462 -0.227338 0.736024
v 0.063440 -0.226930 0.736827
v 0.063440 -0.215805 0.771065
v 0.063462 -0.215663 0.771955
v 0.063523 -0.215800 0.772843
v 0.063619 -0.216203 0.773644
v 0.063739 -0.216832 0.774279
v 0.063872 -0.217626 0.774685
v 0.067306 -0.229887 0.734760
v 0.067088 -0.229022 0.734627
v 0.066891 -0.228154 0.734775
v 0.066734 -0.227369 0.735190
v 0.066634 -0.226743 0.735830
v 0.066599 -0.226338 0.736634
v 0.066599 -0.215213 0.770873
v 0.066634 -0.215068 0.771761
v 0.066734 -0.215198 0.772648
v 0.066891 -0.215589 0.773445
v 0.067088 -0.216204 0.774075
v 0.067306 -0.216982 0.774476
v 0.070370 -0.228985 0.734466
v 0.070054 -0.228148 0.734343
v 0.069768 -0.227306 0.734499
v 0.069541 -0.226542 0.734921
v 0.069396 -0.225929 0.735566
v 0.069346 -0.225529 0.736372
v 0.069346 -0.214404 0.770610
v 0.069396 -0.214255 0.771497
v 0.069541 -0.214371 0.772379
v 0.069768 -0.214742 0.773169
v 0.070054 -0.215331 0.773791
v 0.070370 -0.216080 0.774182
v 0.073067 -0.227823 0.734089
v 0.072641 -0.227034 0.733981
v 0.072256 -0.226235 0.734151
v 0.071951 -0.225504 0.734584
v 0.071755 -0.224913 0.735236
v 0.071688 -0.224520 0.736044
v 0.071688 -0.213395 0.770282
v 0.071755 -0.213238 0.771167
v 0.071951 -0.213333 0.772042
v 0.072256 -0.213670 0.772821
v 0.072641 -0.214216 0.773429
v 0.073067 -0.214918 0.773805
v 0.075397 -0.226402 0.733627
v 0.074856 -0.225683 0.733542
v 0.074368 -0.224947 0.733733
v 0.073981 -0.224266 0.734182
v 0.073732 -0.223708 0.734844
v 0.073646 -0.223326 0.735656
v 0.073646 -0.212201 0.769894
v 0.073732 -0.212033 0.770775
v 0.073981 -0.212096 0.771640
v 0.074368 -0.212382 0.772403
v 0.074856 -0.212865 0.772990
v 0.075397 -0.213497 0.773343
v 0.077365 -0.224720 0.733081
v 0.076713 -0.224096 0.733026
v 0.076124 -0.223446 0.733245
v 0.075657 -0.222833 0.733716
v 0.075357 -0.222318 0.734393
v 0.075254 -0.221951 0.735209
v 0.075254 -0.210827 0.769447
v 0.075357 -0.210644 0.770324
v 0.075657 -0.210662 0.771174
v 0.076124 -0.210881 0.771915
v 0.076713 -0.211278 0.772474
v 0.077365 -0.211815 0.772797
v 0.078970 -0.222777 0.732449
v 0.078223 -0.222268 0.732432
v 0.077548 -0.221722 0.732685
v 0.077013 -0.221192 0.733183
v 0.076670 -0.220730 0.733877
v 0.076551 -0.220382 0.734699
v 0.076551 -0.209257 0.768937
v 0.076670 -0.209056 0.769808
v 0.077013 -0.209021 0.770641
v 0.077548 -0.209158 0.771355
v 0.078223 -0.209451 0.771880
v 0.078970 -0.209873 0.772166
v 0.080215 -0.220573 0.731733
v 0.079397 -0.220190 0.731757
v 0.078659 -0.219757 0.732047
v 0.078073 -0.219317 0.732574
v 0.077696 -0.218913 0.733286
v 0.077567 -0.218584 0.734115
v 0.077567 -0.207460 0.768353
v 0.077696 -0.207238 0.769217
v 0.078073 -0.207146 0.770031
v 0.078659 -0.207193 0.770716
v 0.079397 -0.207373 0.771205
v 0.080215 -0.207669 0.771449
v 0.081102 -0.218107 0.730932
v 0.080239 -0.217848 0.730996
v 0.079461 -0.217528 0.731322
v 0.078843 -0.217177 0.731878
v 0.078446 -0.216830 0.732609
v 0.078309 -0.216521 0.733445
v 0.078309 -0.205396 0.767683
v 0.078446 -0.205155 0.768540
v 0.078843 -0.205006 0.769336
v 0.079461 -0.204963 0.769992
v 0.080239 -0.205031 0.770444
v 0.081102 -0.205202 0.770648
v 0.081633 -0.215378 0.730045
v 0.080748 -0.215233 0.730146
v 0.079949 -0.215015 0.730506
v 0.079315 -0.214746 0.731088
v 0.078908 -0.214452 0.731837
v 0.078768 -0.214161 0.732678
v 0.078768 -0.203036 0.766916
v 0.078908 -0.202777 0.767768
v 0.079315 -0.202575 0.768546
v 0.079949 -0.202451 0.769176
v 0.080748 -0.202416 0.769594
v 0.081633 -0.202473 0.769761
v 0.081810 -0.212385 0.729073
v 0.080919 -0.212339 0.729206
v 0.080115 -0.212210 0.729594
v 0.079477 -0.212011 0.730200
v 0.079067 -0.211762 0.730963
v 0.078926 -0.211486 0.731809
v 0.078926 -0.200362 0.766047
v 0.079067 -0.200087 0.766894
v 0.079477 -0.199840 0.767658
v 0.080115 -0.199646 0.768264
v 0.080919 -0.199522 0.768654
v 0.081810 -0.199481 0.768789
v 0.081698 -0.210231 0.728373
v 0.080811 -0.210276 0.728536
v 0.080012 -0.210229 0.728951
v 0.079377 -0.210095 0.729577
v 0.078970 -0.209887 0.730354
v 0.078829 -0.209626 0.731205
v 0.078829 -0.198501 0.765443
v 0.078970 -0.198212 0.766284
v 0.079377 -0.197924 0.767035
v 0.080012 -0.197664 0.767620
v 0.080811 -0.197458 0.767984
v 0.081698 -0.197327 0.768089
v 0.081348 -0.208149 0.727697
v 0.080478 -0.208291 0.727891
v 0.079693 -0.208332 0.728334
v 0.079070 -0.208268 0.728983
v 0.078670 -0.208105 0.729775
v 0.078533 -0.207859 0.730631
v 0.078533 -0.196735 0.764869
v 0.078670 -0.196430 0.765705
v 0.079070 -0.196097 0.766441
v 0.079693 -0.195767 0.767004
v 0.080478 -0.195474 0.767339
v 0.081348 -0.195245 0.767413
v 0.080741 -0.206161 0.727050
v 0.079904 -0.206410 0.727280
v 0.079149 -0.206548 0.727755
v 0.078549 -0.206561 0.728429
v 0.078164 -0.206448 0.729236
v 0.078032 -0.206219 0.730098
v 0.078032 -0.195094 0.764336
v 0.078164 -0.194773 0.765167
v 0.078549 -0.194390 0.765887
v 0.079149 -0.193984 0.766425
v 0.079904 -0.193593 0.766728
v 0.080741 -0.193256 0.766767
v 0.079857 -0.204289 0.726442
v 0.079073 -0.204651 0.726708
v 0.078366 -0.204891 0.727216
v 0.077804 -0.204985 0.727917
v 0.077444 -0.204923 0.728741
v 0.077320 -0.204713 0.729608
v 0.077320 -0.193588 0.763846
v 0.077444 -0.193249 0.764672
v 0.077804 -0.192814 0.765375
v 0.078366 -0.192326 0.765886
v 0.079073 -0.191834 0.766156
v 0.079857 -0.191384 0.766158
v 0.078675 -0.202554 0.725879
v 0.077967 -0.203028 0.726181
v 0.077328 -0.203369 0.726722
v 0.076822 -0.203543 0.727448
v 0.076496 -0.203533 0.728289
v 0.076384 -0.203340 0.729162
v 0.076384 -0.192215 0.763400
v 0.076496 -0.191858 0.764220
v 0.076822 -0.191372 0.764906
v 0.077328 -0.190804 0.765392
v 0.077967 -0.190211 0.765629
v 0.078675 -0.189650 0.765595
v 0.077175 -0.200980 0.725367
v 0.076564 -0.201555 0.725702
v 0.076013 -0.201988 0.726273
v 0.075575 -0.202234 0.727023
v 0.075294 -0.202270 0.727879
v 0.075197 -0.202093 0.728757
v 0.075197 -0.190969 0.762995
v 0.075294 -0.190596 0.763810
v 0.075575 -0.190063 0.764481
v 0.076013 -0.189423 0.764943
v 0.076564 -0.188738 0.765150
v 0.077175 -0.188075 0.765083
v 0.075338 -0.199587 0.724915
v 0.074837 -0.200247 0.725277
v 0.074386 -0.200754 0.725872
v 0.074027 -0.201061 0.726642
v 0.073797 -0.201136 0.727510
v 0.073718 -0.200972 0.728393
v 0.073718 -0.189847 0.762631
v 0.073797 -0.189461 0.763441
v 0.074027 -0.188890 0.764100
v 0.074386 -0.188190 0.764542
v 0.074837 -0.187429 0.764725
v 0.075338 -0.186683 0.764631
v 0.073143 -0.198399 0.724528
v 0.072758 -0.199120 0.724911
v 0.072411 -0.199685 0.725524
v 0.072135 -0.200036 0.726309
v 0.071958 -0.200139 0.727186
v 0.071897 -0.199986 0.728072
v 0.071897 -0.188861 0.762310
v 0.071958 -0.188465 0.763117
v 0.072135 -0.187865 0.763766
v 0.072411 -0.187120 0.764194
v 0.072758 -0.186303 0.764359
v 0.073143 -0.185494 0.764244
v 0.070571 -0.197436 0.724215
v 0.070298 -0.198199 0.724612
v 0.070051 -0.198801 0.725238
v 0.069856 -0.199182 0.726031
v 0.069730 -0.199305 0.726915
v 0.069687 -0.199158 0.727803
v 0.069687 -0.188034 0.762041
v 0.069730 -0.187631 0.762846
v 0.069856 -0.187012 0.763489
v 0.070051 -0.186237 0.763907
v 0.070298 -0.185382 0.764060
v 0.070571 -0.184531 0.763932
v 0.067602 -0.196721 0.723983
v 0.067431 -0.197509 0.724388
v 0.067277 -0.198133 0.725020
v 0.067155 -0.198532 0.725820
v 0.067076 -0.198666 0.726708
v 0.067049 -0.198523 0.727597
v 0.067049 -0.187399 0.761835
v 0.067076 -0.186992 0.762639
v 0.067155 -0.186361 0.763278
v 0.067277 -0.185569 0.763690
v 0.067431 -0.184692 0.763836
v 0.067602 -0.183816 0.763699
v 0.064215 -0.196276 0.723839
v 0.064135 -0.197076 0.724247
v 0.064063 -0.197711 0.724883
v 0.064006 -0.198118 0.725686
v 0.063969 -0.198258 0.726575
v 0.063956 -0.198117 0.727465
v 0.063956 -0.186992 0.761703
v 0.063969 -0.186583 0.762506
v 0.064006 -0.185947 0.763143
v 0.064063 -0.185146 0.763553
v 0.064135 -0.184259 0.763695
v 0.064215 -0.183371 0.763555
v 0.060390 -0.196122 0.723789
v 0.060371 -0.196925 0.724198
v 0.060354 -0.197562 0.724835
v 0.060341 -0.197971 0.725638
v 0.060332 -0.198112 0.726528
v 0.060329 -0.197971 0.727418
v 0.060329 -0.186847 0.761656
v 0.060332 -0.186438 0.762459
v 0.060341 -0.185801 0.763096
v 0.060354 -0.184998 0.763505
v 0.060371 -0.184108 0.763646
v 0.060390 -0.183218 0.763505
v 0.044190 -0.196122 0.723789
v 0.045080 -0.196925 0.724198
v 0.045883 -0.197562 0.724835
v 0.046520 -0.197971 0.725638
v 0.046929 -0.198112 0.726528
v 0.047070 -0.197971 0.727418
v 0.047070 -0.186847 0.761656
v 0.046929 -0.186438 0.762459
v 0.046520 -0.185801 0.763096
v 0.045883 -0.184998 0.763505
v 0.045080 -0.184108 0.763646
v 0.044190 -0.183218 0.763505
v 0.044190 -0.231045 0.735136
v 0.045080 -0.230155 0.734995
v 0.045883 -0.229265 0.735136
v 0.046520 -0.228462 0.735545
v 0.046929 -0.227825 0.736182
v 0.047070 -0.227416 0.736985
v 0.047070 -0.216292 0.771223
v 0.046929 -0.216151 0.772113
v 0.046520 -0.216292 0.773003
v 0.045883 -0.216701 0.773806
v 0.045080 -0.217338 0.774443
v 0.044190 -0.218141 0.774852
v 0.066330 -0.282745 0.751934
v 0.066311 -0.281855 0.751793
v 0.066294 -0.280965 0.751934
v 0.066280 -0.280162 0.752343
v 0.066272 -0.279525 0.752980
v 0.066269 -0.279116 0.753783
v 0.066269 -0.267991 0.788021
v 0.066272 -0.267850 0.788911
v 0.066280 -0.267991 0.789801
v 0.066294 -0.268400 0.790604
v 0.066311 -0.269037 0.791241
v 0.066330 -0.269840 0.791650
v 0.071196 -0.282548 0.751870
v 0.071115 -0.281660 0.751730
v 0.071042 -0.280772 0.751872
v 0.070985 -0.279971 0.752281
v 0.070948 -0.279335 0.752919
v 0.070935 -0.278927 0.753722
v 0.070935 -0.267802 0.787960
v 0.070948 -0.267661 0.788850
v 0.070985 -0.267800 0.789739
v 0.071042 -0.268208 0.790541
v 0.071115 -0.268843 0.791178
v 0.071196 -0.269643 0.791586
v 0.075464 -0.281981 0.751686
v 0.075292 -0.281106 0.751550
v 0.075137 -0.280229 0.751695
v 0.075014 -0.279437 0.752108
v 0.074935 -0.278806 0.752747
v 0.074908 -0.278400 0.753550
v 0.074908 -0.267275 0.787789
v 0.074935 -0.267132 0.788678
v 0.075014 -0.267266 0.789566
v 0.075137 -0.267665 0.790365
v 0.075292 -0.268289 0.790998
v 0.075464 -0.269077 0.791402
v 0.079169 -0.281084 0.751394
v 0.078895 -0.280233 0.751266
v 0.078647 -0.279379 0.751419
v 0.078451 -0.278604 0.751837
v 0.078325 -0.277985 0.752480
v 0.078281 -0.277582 0.753285
v 0.078281 -0.266458 0.787523
v 0.078325 -0.266310 0.788411
v 0.078451 -0.266433 0.789295
v 0.078647 -0.266814 0.790089
v 0.078895 -0.267416 0.790714
v 0.079169 -0.268179 0.791110
v 0.082343 -0.279891 0.751007
v 0.081958 -0.279083 0.750892
v 0.081610 -0.278266 0.751057
v 0.081334 -0.277521 0.751485
v 0.081157 -0.276921 0.752134
v 0.081096 -0.276525 0.752941
v 0.081096 -0.265400 0.787179
v 0.081157 -0.265247 0.788065
v 0.081334 -0.265350 0.788943
v 0.081610 -0.265701 0.789727
v 0.081958 -0.266265 0.790340
v 0.082343 -0.266987 0.790723
v 0.085020 -0.278443 0.750536
v 0.084521 -0.277695 0.750442
v 0.084070 -0.276934 0.750624
v 0.083712 -0.276234 0.751067
v 0.083483 -0.275662 0.751725
v 0.083404 -0.275276 0.752535
v 0.083404 -0.264151 0.786774
v 0.083483 -0.263988 0.787656
v 0.083712 -0.264063 0.788525
v 0.084070 -0.264370 0.789294
v 0.084521 -0.264878 0.789890
v 0.085020 -0.265538 0.790252
v 0.087233 -0.276774 0.749994
v 0.086624 -0.276109 0.749926
v 0.086075 -0.275423 0.750133
v 0.085639 -0.274781 0.750595
v 0.085360 -0.274247 0.751265
v 0.085263 -0.273874 0.752080
v 0.085263 -0.262749 0.786318
v 0.085360 -0.262572 0.787196
v 0.085639 -0.262610 0.788053
v 0.086075 -0.262858 0.788803
v 0.086624 -0.263292 0.789374
v 0.087233 -0.263870 0.789710
v 0.089014 -0.274924 0.749393
v 0.088310 -0.274359 0.749357
v 0.087674 -0.273761 0.749593
v 0.087170 -0.273191 0.750078
v 0.086847 -0.272703 0.750764
v 0.086735 -0.272345 0.751583
v 0.086735 -0.261220 0.785821
v 0.086847 -0.261028 0.786694
v 0.087170 -0.261020 0.787536
v 0.087674 -0.261197 0.788263
v 0.088310 -0.261541 0.788805
v 0.089014 -0.262020 0.789109
v 0.090397 -0.272930 0.748745
v 0.089617 -0.272474 0.748745
v 0.088913 -0.271975 0.749013
v 0.088354 -0.271483 0.749523
v 0.087996 -0.271045 0.750225
v 0.087872 -0.270705 0.751050
v 0.087872 -0.259580 0.785288
v 0.087996 -0.259371 0.786156
v 0.088354 -0.259312 0.786981
v 0.088913 -0.259411 0.787683
v 0.089617 -0.259656 0.788193
v 0.090397 -0.260025 0.788461
v 0.091415 -0.270828 0.748062
v 0.090580 -0.270484 0.748099
v 0.089828 -0.270087 0.748400
v 0.089230 -0.269675 0.748936
v 0.088847 -0.269289 0.749654
v 0.088715 -0.268966 0.750485
v 0.088715 -0.257842 0.784723
v 0.088847 -0.257614 0.785585
v 0.089230 -0.257504 0.786394
v 0.089828 -0.257522 0.787069
v 0.090580 -0.257667 0.787547
v 0.091415 -0.257924 0.787778
v 0.092101 -0.268657 0.747357
v 0.091232 -0.268421 0.747428
v 0.090449 -0.268121 0.747761
v 0.089827 -0.267787 0.748322
v 0.089428 -0.267450 0.749057
v 0.089290 -0.267145 0.749893
v 0.089290 -0.256020 0.784131
v 0.089428 -0.255775 0.784988
v 0.089827 -0.255616 0.785780
v 0.090449 -0.255557 0.786431
v 0.091232 -0.255604 0.786876
v 0.092101 -0.255753 0.787073
v 0.092488 -0.266454 0.746641
v 0.091602 -0.266318 0.746745
v 0.090803 -0.266108 0.747107
v 0.090168 -0.265845 0.747691
v 0.089761 -0.265555 0.748441
v 0.089621 -0.265265 0.749283
v 0.089621 -0.254140 0.783521
v 0.089761 -0.253880 0.784372
v 0.090168 -0.253674 0.785149
v 0.090803 -0.253544 0.785777
v 0.091602 -0.253501 0.786193
v 0.092488 -0.253549 0.786357
v 0.092610 -0.264256 0.745927
v 0.091718 -0.264218 0.746063
v 0.090914 -0.264097 0.746453
v 0.090276 -0.263904 0.747061
v 0.089866 -0.263659 0.747825
v 0.089725 -0.263385 0.748672
v 0.089725 -0.252260 0.782910
v 0.089866 -0.251984 0.783756
v 0.090276 -0.251734 0.784519
v 0.090914 -0.251533 0.785123
v 0.091718 -0.251401 0.785511
v 0.092610 -0.251352 0.785643
v 0.092429 -0.261669 0.745086
v 0.091545 -0.261742 0.745258
v 0.090748 -0.261721 0.745681
v 0.090115 -0.261608 0.746314
v 0.089709 -0.261413 0.747095
v 0.089569 -0.261156 0.747948
v 0.089569 -0.250032 0.782186
v 0.089709 -0.249738 0.783026
v 0.090115 -0.249437 0.783772
v 0.090748 -0.249156 0.784351
v 0.091545 -0.248925 0.784706
v 0.092429 -0.248765 0.784802
v 0.091884 -0.259227 0.744293
v 0.091028 -0.259423 0.744505
v 0.090255 -0.259513 0.744964
v 0.089642 -0.259488 0.745626
v 0.089249 -0.259350 0.746425
v 0.089113 -0.259113 0.747284
v 0.089113 -0.247988 0.781522
v 0.089249 -0.247675 0.782356
v 0.089642 -0.247317 0.783084
v 0.090255 -0.246948 0.783634
v 0.091028 -0.246605 0.783953
v 0.091884 -0.246322 0.784009
v 0.090970 -0.256943 0.743551
v 0.090164 -0.257265 0.743803
v 0.089437 -0.257468 0.744300
v 0.088860 -0.257533 0.744990
v 0.088490 -0.257453 0.745809
v 0.088362 -0.257235 0.746674
v 0.088362 -0.246111 0.780912
v 0.088490 -0.245778 0.781739
v 0.088860 -0.245362 0.782448
v 0.089437 -0.244903 0.782969
v 0.090164 -0.244447 0.783251
v 0.090970 -0.244038 0.783267
v 0.089683 -0.254834 0.742865
v 0.088950 -0.255276 0.743157
v 0.088289 -0.255587 0.743688
v 0.087764 -0.255737 0.744407
v 0.087427 -0.255712 0.745243
v 0.087311 -0.255514 0.746114
v 0.087311 -0.244389 0.780352
v 0.087427 -0.244037 0.781174
v 0.087764 -0.243566 0.781865
v 0.088289 -0.243022 0.782358
v 0.088950 -0.242458 0.782605
v 0.089683 -0.241930 0.782582
v 0.088019 -0.252916 0.742242
v 0.087378 -0.253463 0.742568
v 0.086799 -0.253869 0.743130
v 0.086340 -0.254095 0.743874
v 0.086045 -0.254119 0.744725
v 0.085944 -0.253937 0.745602
v 0.085944 -0.242813 0.779840
v 0.086045 -0.242444 0.780656
v 0.086340 -0.241925 0.781332
v 0.086799 -0.241305 0.781800
v 0.087378 -0.240645 0.782016
v 0.088019 -0.240011 0.781958
v 0.085973 -0.251203 0.741685
v 0.085434 -0.251836 0.742040
v 0.084949 -0.252321 0.742627
v 0.084564 -0.252609 0.743391
v 0.084316 -0.252672 0.744255
v 0.084231 -0.252504 0.745136
v 0.084231 -0.241379 0.779374
v 0.084316 -0.240997 0.780186
v 0.084564 -0.240438 0.780849
v 0.084949 -0.239756 0.781297
v 0.085434 -0.239019 0.781488
v 0.085973 -0.238298 0.781402
v 0.083540 -0.249711 0.741201
v 0.083108 -0.250410 0.741576
v 0.082719 -0.250953 0.742183
v 0.082410 -0.251288 0.742961
v 0.082212 -0.251381 0.743836
v 0.082143 -0.251224 0.744720
v 0.082143 -0.240099 0.778958
v 0.082212 -0.239706 0.779767
v 0.082410 -0.239117 0.780419
v 0.082719 -0.238389 0.780853
v 0.083108 -0.237592 0.781024
v 0.083540 -0.236806 0.780917
v 0.080717 -0.248456 0.740793
v 0.080388 -0.249201 0.741183
v 0.080092 -0.249785 0.741803
v 0.079857 -0.250153 0.742593
v 0.079706 -0.250267 0.743474
v 0.079654 -0.250117 0.744361
v 0.079654 -0.238993 0.778599
v 0.079706 -0.238593 0.779405
v 0.079857 -0.237982 0.780051
v 0.080092 -0.237221 0.780473
v 0.080388 -0.236383 0.780631
v 0.080717 -0.235551 0.780509
v 0.077498 -0.247453 0.740467
v 0.077266 -0.248227 0.740867
v 0.077057 -0.248839 0.741496
v 0.076890 -0.249228 0.742292
v 0.076784 -0.249356 0.743178
v 0.076747 -0.249211 0.744066
v 0.076747 -0.238086 0.778304
v 0.076784 -0.237682 0.779109
v 0.076890 -0.237057 0.779750
v 0.077057 -0.236275 0.780166
v 0.077266 -0.235410 0.780315
v 0.077498 -0.234548 0.780183
v 0.073881 -0.246717 0.740228
v 0.073735 -0.247509 0.740634
v 0.073604 -0.248137 0.741268
v 0.073499 -0.248539 0.742068
v 0.073432 -0.248675 0.742956
v 0.073409 -0.248532 0.743846
v 0.073409 -0.237407 0.778084
v 0.073432 -0.237000 0.778887
v 0.073499 -0.236368 0.779526
v 0.073604 -0.235572 0.779938
v 0.073735 -0.234692 0.780082
v 0.073881 -0.233812 0.779944
v 0.069859 -0.246264 0.740081
v 0.069791 -0.247065 0.740489
v 0.069729 -0.247701 0.741126
v 0.069680 -0.248109 0.741928
v 0.069648 -0.248249 0.742818
v 0.069637 -0.248107 0.743708
v 0.069637 -0.236983 0.777946
v 0.069648 -0.236574 0.778749
v 0.069680 -0.235938 0.779386
v 0.069729 -0.235136 0.779796
v 0.069791 -0.234248 0.779937
v 0.069859 -0.233360 0.779797
v 0.065430 -0.246110 0.740031
v 0.065414 -0.246913 0.740440
v 0.065399 -0.247550 0.741077
v 0.065387 -0.247959 0.741880
v 0.065380 -0.248100 0.742770
v 0.065377 -0.247959 0.743660
v 0.065377 -0.236834 0.777898
v 0.065380 -0.236425 0.778701
v 0.065387 -0.235788 0.779338
v 0.065399 -0.234985 0.779747
v 0.065414 -0.234095 0.779888
v 0.065430 -0.233205 0.779747
v 0.044190 -0.246110 0.740031
v 0.045080 -0.246913 0.740440
v 0.045883 -0.247550 0.741077
v 0.046520 -0.247959 0.741880
v 0.046929 -0.248100 0.742770
v 0.047070 -0.247959 0.743660
v 0.047070 -0.236834 0.777898
v 0.046929 -0.236425 0.778701
v 0.046520 -0.235788 0.779338
v 0.045883 -0.234985 0.779747
v 0.045080 -0.234095 0.779888
v 0.044190 -0.233205 0.779747
v 0.044190 -0.282745 0.751934
v 0.045080 -0.281855 0.751793
v 0.045883 -0.280965 0.751934
v 0.046520 -0.280162 0.752343
v 0.046929 -0.279525 0.752980
v 0.047070 -0.279116 0.753783
v 0.047070 -0.267991 0.788021
v 0.046929 -0.267850 0.788911
v 0.046520 -0.267991 0.789801
v 0.045883 -0.268400 0.790604
v 0.045080 -0.269037 0.791241
v 0.044190 -0.269840 0.791650
v 0.223110 -0.181058 0.718894
v 0.224941 -0.180168 0.718753
v 0.226593 -0.179278 0.718894
v 0.227904 -0.178475 0.719303
v 0.228745 -0.177838 0.719940
v 0.229035 -0.177429 0.720743
v 0.229035 -0.166304 0.754981
v 0.228745 -0.166163 0.755871
v 0.227904 -0.166304 0.756761
v 0.226593 -0.166713 0.757564
v 0.224941 -0.167350 0.758201
v 0.223110 -0.168153 0.758610
v 0.177570 -0.236181 0.736805
v 0.178460 -0.236430 0.737034
v 0.179263 -0.236568 0.737509
v 0.179900 -0.236580 0.738183
v 0.180309 -0.236467 0.738990
v 0.180450 -0.236238 0.739851
v 0.180450 -0.225114 0.774089
v 0.180309 -0.224792 0.774921
v 0.179900 -0.224410 0.775641
v 0.179263 -0.224003 0.776178
v 0.178460 -0.223613 0.776482
v 0.177570 -0.223276 0.776521
v 0.177570 -0.297809 0.756829
v 0.178460 -0.298612 0.757238
v 0.179263 -0.299249 0.757875
v 0.179900 -0.299658 0.758678
v 0.180309 -0.299799 0.759568
v 0.180450 -0.299658 0.760458
v 0.180450 -0.288534 0.794696
v 0.180309 -0.288125 0.795499
v 0.179900 -0.287488 0.796136
v 0.179263 -0.286685 0.796545
v 0.178460 -0.285795 0.796686
v 0.177570 -0.284905 0.796545
v 0.159930 -0.297809 0.756829
v 0.159040 -0.298612 0.757238
v 0.158237 -0.299249 0.757875
v 0.157600 -0.299658 0.758678
v 0.157191 -0.299799 0.759568
v 0.157050 -0.299658 0.760458
v 0.157050 -0.288534 0.794696
v 0.157191 -0.288125 0.795499
v 0.157600 -0.287488 0.796136
v 0.158237 -0.286685 0.796545
v 0.159040 -0.285795 0.796686
v 0.159930 -0.284905 0.796545
v 0.159930 -0.236010 0.736749
v 0.159040 -0.236260 0.736978
v 0.158237 -0.236398 0.737453
v 0.157600 -0.236411 0.738128
v 0.157191 -0.236298 0.738935
v 0.157050 -0.236069 0.739797
v 0.157050 -0.224945 0.774035
v 0.157191 -0.224623 0.774866
v 0.157600 -0.224240 0.775586
v 0.158237 -0.223833 0.776123
v 0.159040 -0.223442 0.776426
v 0.159930 -0.223105 0.776465
v 0.114390 -0.181058 0.718894
v 0.112555 -0.180168 0.718753
v 0.110900 -0.179278 0.718894
v 0.109587 -0.178475 0.719303
v 0.108744 -0.177838 0.719940
v 0.108453 -0.177429 0.720743
v 0.108453 -0.166304 0.754981
v 0.108744 -0.166163 0.755871
v 0.109587 -0.166304 0.756761
v 0.110900 -0.166713 0.757564
v 0.112555 -0.167350 0.758201
v 0.114390 -0.168153 0.758610
v 0.135630 -0.181058 0.718894
v 0.136065 -0.180168 0.718753
v 0.136457 -0.179278 0.718894
v 0.136769 -0.178475 0.719303
v 0.136969 -0.177838 0.719940
v 0.137037 -0.177429 0.720743
v 0.137037 -0.166304 0.754981
v 0.136969 -0.166163 0.755871
v 0.136769 -0.166304 0.756761
v 0.136457 -0.166713 0.757564
v 0.136065 -0.167350 0.758201
v 0.135630 -0.168153 0.758610
v 0.168570 -0.221287 0.731965
v 0.168574 -0.219871 0.731653
v 0.168577 -0.218506 0.731640
v 0.168580 -0.217326 0.731927
v 0.168582 -0.216447 0.732485
v 0.168582 -0.215954 0.733261
v 0.168582 -0.204830 0.767499
v 0.168582 -0.204772 0.768416
v 0.168580 -0.205155 0.769384
v 0.168577 -0.205941 0.770310
v 0.168574 -0.207053 0.771101
v 0.168570 -0.208383 0.771681
v 0.201870 -0.181058 0.718894
v 0.201438 -0.180168 0.718753
v 0.201048 -0.179278 0.718894
v 0.200739 -0.178475 0.719303
v 0.200540 -0.177838 0.719940
v 0.200472 -0.177429 0.720743
v 0.200472 -0.166304 0.754981
v 0.200540 -0.166163 0.755871
v 0.200739 -0.166304 0.756761
v 0.201048 -0.166713 0.757564
v 0.201438 -0.167350 0.758201
v 0.201870 -0.168153 0.758610
vn -0.0000 0.3090 0.9511
vn -0.0000 -0.3090 -0.9511
vn 0.0292 0.0029 -0.9996
vn 0.0609 -0.0010 -0.9981
vn 0.0303 -0.1595 -0.9867
vn 0.0146 -0.1573 -0.9874
vn 0.0551 0.3098 -0.9492
vn 0.1147 0.3018 -0.9465
vn 0.0757 0.5863 -0.8066
vn 0.1574 0.5751 -0.8028
vn 0.0889 0.8057 -0.5856
vn 0.1848 0.7925 -0.5812
vn 0.0931 0.9198 -0.3812
vn 0.1936 0.9059 -0.3767
vn 0.0931 0.9682 -0.2322
vn 0.1936 0.9543 -0.2277
vn 0.0889 0.9960 0.0001
vn 0.1848 0.9828 0.0044
vn 0.0757 0.9484 0.3079
vn 0.1574 0.9371 0.3114
vn 0.0551 0.8085 0.5859
vn 0.1147 0.8004 0.5883
vn 0.0292 0.5899 0.8069
vn 0.0609 0.5859 0.8081
vn 0.0146 0.4532 0.8913
vn 0.0303 0.4510 0.8920
vn 0.0950 -0.0090 -0.9954
vn 0.0473 -0.1637 -0.9854
vn 0.1789 0.2864 -0.9413
vn 0.2454 0.5537 -0.7957
vn 0.2881 0.7673 -0.5729
vn 0.3018 0.8794 -0.3681
vn 0.3018 0.9278 -0.2191
vn 0.2881 0.9575 0.0125
vn 0.2454 0.9157 0.3183
vn 0.1789 0.7849 0.5932
vn 0.0950 0.5779 0.8106
vn 0.0473 0.4468 0.8934
vn 0.1311 -0.0218 -0.9911
vn 0.0651 -0.1703 -0.9832
vn 0.2467 0.2617 -0.9331
vn 0.3383 0.5197 -0.7845
vn 0.3970 0.7273 -0.5598
vn 0.4160 0.8374 -0.3545
vn 0.4160 0.8859 -0.2054
vn 0.3970 0.9175 0.0254
vn 0.3383 0.8816 0.3292
vn 0.2467 0.7602 0.6010
vn 0.1311 0.5649 0.8146
vn 0.0651 0.4402 0.8956
vn 0.1681 -0.0404 -0.9849
vn 0.0834 -0.1798 -0.9802
vn 0.3160 0.2262 -0.9214
vn 0.4332 0.4708 -0.7685
vn 0.5084 0.6698 -0.5411
vn 0.5327 0.7772 -0.3349
vn 0.5327 0.8256 -0.1859
vn 0.5084 0.8600 0.0441
vn 0.4332 0.8326 0.3450
vn 0.3160 0.7246 0.6125
vn 0.1681 0.5462 0.8206
vn 0.0834 0.4307 0.8986
vn 0.2044 -0.0655 -0.9767
vn 0.1013 -0.1923 -0.9761
vn 0.3839 0.1788 -0.9059
vn 0.5262 0.4058 -0.7473
vn 0.6176 0.5934 -0.5162
vn 0.6470 0.6971 -0.3089
vn 0.6470 0.7455 -0.1598
vn 0.6176 0.7835 0.0689
vn 0.5262 0.7675 0.3661
vn 0.3839 0.6772 0.6277
vn 0.2044 0.5211 0.8287
vn 0.1013 0.4181 0.9027
vn 0.2378 -0.0968 -0.9665
vn 0.1178 -0.2079 -0.9710
vn 0.4466 0.1199 -0.8866
vn 0.6121 0.3249 -0.7209
vn 0.7183 0.4984 -0.4854
vn 0.7526 0.5976 -0.2766
vn 0.7526 0.6460 -0.1275
vn 0.7183 0.6885 0.0997
vn 0.6121 0.6866 0.3923
vn 0.4466 0.6181 0.6469
vn 0.2378 0.4898 0.8388
vn 0.1178 0.4025 0.9078
vn 0.2665 -0.1334 -0.9546
vn 0.1319 -0.2261 -0.9651
vn 0.5004 0.0511 -0.8643
vn 0.6857 0.2307 -0.6903
vn 0.8047 0.3879 -0.4494
vn 0.8431 0.4817 -0.2389
vn 0.8431 0.5302 -0.0898
vn 0.8047 0.5780 0.1356
vn 0.6857 0.5924 0.4229
vn 0.5004 0.5494 0.6692
vn 0.2665 0.4532 0.8507
vn 0.1319 0.3844 0.9137
vn 0.2886 -0.1734 -0.9416
vn 0.1430 -0.2459 -0.9587
vn 0.5422 -0.0240 -0.8399
vn 0.7431 0.1277 -0.6569
vn 0.8720 0.2671 -0.4102
vn 0.9136 0.3552 -0.1978
vn 0.9136 0.4036 -0.0487
vn 0.8720 0.4572 0.1749
vn 0.7431 0.4895 0.4564
vn 0.5422 0.4743 0.6936
vn 0.2886 0.4132 0.8637
vn 0.1430 0.3646 0.9201
vn 0.3037 -0.2147 -0.9283
vn 0.1506 -0.2663 -0.9521
vn 0.5707 -0.1014 -0.8149
vn 0.7823 0.0216 -0.6225
vn 0.9181 0.1426 -0.3698
vn 0.9619 0.2248 -0.1555
vn 0.9619 0.2733 -0.0064
vn 0.9181 0.3327 0.2153
vn 0.7823 0.3834 0.4909
vn 0.5707 0.3969 0.7189
vn 0.3037 0.3719 0.8772
vn 0.1506 0.3442 0.9267
vn 0.3118 -0.2551 -0.9153
vn 0.1548 -0.2862 -0.9456
vn 0.5864 -0.1773 -0.7904
vn 0.8040 -0.0823 -0.5889
vn 0.9437 0.0207 -0.3302
vn 0.9887 0.0971 -0.1139
vn 0.9887 0.1455 0.0351
vn 0.9437 0.2109 0.2550
vn 0.8040 0.2796 0.5248
vn 0.5864 0.3212 0.7436
vn 0.3118 0.3316 0.8904
vn 0.1548 0.3242 0.9332
vn 0.3134 -0.2908 -0.9040
vn 0.1562 -0.3039 -0.9398
vn 0.5907 -0.2443 -0.7691
vn 0.8104 -0.1740 -0.5594
vn 0.9514 -0.0869 -0.2954
vn 0.9969 -0.0156 -0.0773
vn 0.9969 0.0328 0.0717
vn 0.9514 0.1033 0.2901
vn 0.8104 0.1880 0.5549
vn 0.5907 0.2544 0.7657
vn 0.3134 0.2961 0.9023
vn 0.1562 0.3066 0.9389
vn 0.3116 -0.3202 -0.8946
vn 0.1556 -0.3186 -0.9350
vn 0.5880 -0.2999 -0.7512
vn 0.8070 -0.2503 -0.5348
vn 0.9476 -0.1764 -0.2665
vn 0.9929 -0.1094 -0.0469
vn 0.9929 -0.0609 0.1022
vn 0.9476 0.0139 0.3193
vn 0.8070 0.1119 0.5798
vn 0.5880 0.1990 0.7840
vn 0.3116 0.2668 0.9120
vn 0.1556 0.2919 0.9437
vn 0.3077 -0.3481 -0.8855
vn 0.1536 -0.3325 -0.9305
vn 0.5805 -0.3525 -0.7340
vn 0.7966 -0.3226 -0.5113
vn 0.9352 -0.2613 -0.2389
vn 0.9800 -0.1983 -0.0180
vn 0.9800 -0.1499 0.1311
vn 0.9352 -0.0710 0.3468
vn 0.7966 0.0396 0.6032
vn 0.5805 0.1463 0.8010
vn 0.3077 0.2388 0.9210
vn 0.1536 0.2779 0.9482
vn 0.3007 -0.3770 -0.8761
vn 0.1500 -0.3469 -0.9258
vn 0.5669 -0.4068 -0.7163
vn 0.7779 -0.3971 -0.4870
vn 0.9133 -0.3488 -0.2104
vn 0.9569 -0.2900 0.0118
vn 0.9569 -0.2416 0.1609
vn 0.9133 -0.1586 0.3752
vn 0.7779 -0.0350 0.6274
vn 0.5669 0.0919 0.8186
vn 0.3007 0.2099 0.9303
vn 0.1500 0.2636 0.9529
vn 0.2901 -0.4061 -0.8666
vn 0.1446 -0.3614 -0.9211
vn 0.5469 -0.4617 -0.6984
vn 0.7503 -0.4724 -0.4625
vn 0.8808 -0.4372 -0.1817
vn 0.9230 -0.3826 0.0419
vn 0.9230 -0.3342 0.1910
vn 0.8808 -0.2469 0.4039
vn 0.7503 -0.1103 0.6518
vn 0.5469 0.0370 0.8364
vn 0.2901 0.1808 0.9398
vn 0.1446 0.2491 0.9576
vn 0.2760 -0.4347 -0.8572
vn 0.1376 -0.3756 -0.9165
vn 0.5202 -0.5156 -0.6809
vn 0.7137 -0.5463 -0.4384
vn 0.8378 -0.5240 -0.1534
vn 0.8779 -0.4736 0.0715
vn 0.8779 -0.4251 0.2205
vn 0.8378 -0.3337 0.4321
vn 0.7137 -0.1843 0.6758
vn 0.5202 -0.0169 0.8539
vn 0.2760 0.1522 0.9490
vn 0.1376 0.2348 0.9623
vn 0.2585 -0.4620 -0.8483
vn 0.1288 -0.3892 -0.9121
vn 0.4872 -0.5671 -0.6641
vn 0.6684 -0.6169 -0.4155
vn 0.7847 -0.6069 -0.1265
vn 0.8222 -0.5604 0.0997
vn 0.8222 -0.5120 0.2488
vn 0.7847 -0.4166 0.4590
vn 0.6684 -0.2549 0.6988
vn 0.4872 -0.0684 0.8706
vn 0.2585 0.1248 0.9579
vn 0.1288 0.2212 0.9667
vn 0.2381 -0.4873 -0.8402
vn 0.1187 -0.4019 -0.9080
vn 0.4487 -0.6147 -0.6487
vn 0.6156 -0.6823 -0.3942
vn 0.7227 -0.6836 -0.1016
vn 0.7573 -0.6409 0.1258
vn 0.7573 -0.5924 0.2749
vn 0.7227 -0.4934 0.4840
vn 0.6156 -0.3203 0.7200
vn 0.4487 -0.1160 0.8861
vn 0.2381 0.0996 0.9661
vn 0.1187 0.2086 0.9708
vn 0.2153 -0.5099 -0.8328
vn 0.1074 -0.4132 -0.9043
vn 0.4059 -0.6574 -0.6348
vn 0.5569 -0.7410 -0.3752
vn 0.6538 -0.7525 -0.0792
vn 0.6851 -0.7130 0.1493
vn 0.6851 -0.6646 0.2983
vn 0.6538 -0.5622 0.5064
vn 0.5569 -0.3789 0.7391
vn 0.4059 -0.1587 0.9000
vn 0.2153 0.0770 0.9735
vn 0.1074 0.1973 0.9745
vn 0.1910 -0.5295 -0.8265
vn 0.0953 -0.4230 -0.9011
vn 0.3601 -0.6945 -0.6229
vn 0.4942 -0.7919 -0.3587
vn 0.5802 -0.8123 -0.0598
vn 0.6079 -0.7757 0.1696
vn 0.6079 -0.7272 0.3187
vn 0.5802 -0.6220 0.5258
vn 0.4942 -0.4298 0.7557
vn 0.3601 -0.1958 0.9121
vn 0.1910 0.0574 0.9799
vn 0.0953 0.1874 0.9776
vn 0.1658 -0.5460 -0.8212
vn 0.0828 -0.4313 -0.8984
vn 0.3128 -0.7257 -0.6128
vn 0.4293 -0.8347 -0.3449
vn 0.5040 -0.8626 -0.0435
vn 0.5281 -0.8284 0.1868
vn 0.5281 -0.7800 0.3358
vn 0.5040 -0.6723 0.5422
vn 0.4293 -0.4726 0.7697
vn 0.3128 -0.2269 0.9223
vn 0.1658 0.0410 0.9853
vn 0.0828 0.1792 0.9803
vn 0.1405 -0.5593 -0.8170
vn 0.0702 -0.4380 -0.8962
vn 0.2652 -0.7510 -0.6047
vn 0.3532 -0.8034 -0.4793
vn 0.8508 0.5153 -0.1030
vn 0.8702 0.4710 -0.1448
vn 0.8702 0.4662 -0.1597
vn 0.8508 0.4774 -0.2195
vn 0.3532 -0.3682 0.8600
vn 0.2651 -0.2522 0.9306
vn 0.1405 0.0277 0.9897
vn 0.0702 0.1724 0.9825
vn 0.1063 -0.3173 -0.9423
vn 0.0781 -0.3155 -0.9457
vn 0.2233 -0.4825 -0.8469
vn -0.6945 0.0085 0.7194
vn -0.8773 0.2289 0.4219
vn -0.9850 0.1371 0.1049
vn -0.9850 0.0493 -0.1655
vn -0.8773 -0.0628 -0.4758
vn -0.6945 -0.4160 -0.5870
vn 0.2233 0.1074 0.9688
vn 0.1063 0.2972 0.9489
vn 0.0781 0.3007 0.9505
vn 0.1896 -0.0581 -0.9801
vn 0.0950 -0.1872 -0.9777
vn 0.2956 0.0528 -0.9538
vn 0.7652 -0.5663 0.3063
vn 0.7385 -0.6197 0.2657
vn 0.7630 -0.6123 0.2072
vn 0.7630 -0.6172 0.1923
vn 0.7385 -0.6575 0.1493
vn 0.7652 -0.6382 0.0851
vn 0.2956 0.6034 0.7406
vn 0.1896 0.5291 0.8271
vn 0.0950 0.4233 0.9010
vn 0.2055 -0.0706 -0.9761
vn 0.1031 -0.1934 -0.9757
vn 0.3887 0.1722 -0.9051
vn 0.5339 0.3981 -0.7460
vn 0.6270 0.5852 -0.5142
vn 0.6571 0.6888 -0.3062
vn 0.6571 0.7373 -0.1571
vn 0.6270 0.7757 0.0721
vn 0.5339 0.7606 0.3695
vn 0.3887 0.6713 0.6311
vn 0.2055 0.5166 0.8312
vn 0.1031 0.4170 0.9030
vn 0.2193 -0.0832 -0.9721
vn 0.1101 -0.1996 -0.9737
vn 0.4149 0.1487 -0.8976
vn 0.5700 0.3659 -0.7356
vn 0.6696 0.5474 -0.5020
vn 0.7017 0.6493 -0.2934
vn 0.7017 0.6977 -0.1443
vn 0.6696 0.7379 0.0844
vn 0.5700 0.7284 0.3801
vn 0.4149 0.6479 0.6388
vn 0.2193 0.5041 0.8353
vn 0.1101 0.4109 0.9050
vn 0.2309 -0.0951 -0.9683
vn 0.1160 -0.2055 -0.9718
vn 0.4371 0.1263 -0.8905
vn 0.6007 0.3353 -0.7258
vn 0.7056 0.5115 -0.4904
vn 0.7395 0.6117 -0.2812
vn 0.7395 0.6601 -0.1321
vn 0.7056 0.7021 0.0961
vn 0.6007 0.6979 0.3901
vn 0.4371 0.6256 0.6462
vn 0.2309 0.4922 0.8393
vn 0.1160 0.4050 0.9069
vn 0.2403 -0.1061 -0.9649
vn 0.1209 -0.2108 -0.9700
vn 0.4553 0.1058 -0.8840
vn 0.6258 0.3073 -0.7169
vn 0.7352 0.4788 -0.4799
vn 0.7705 0.5774 -0.2700
vn 0.7705 0.6259 -0.1209
vn 0.7352 0.6694 0.1068
vn 0.6258 0.6700 0.3993
vn 0.4553 0.6052 0.6530
vn 0.2403 0.4813 0.8429
vn 0.1209 0.3996 0.9087
vn 0.2478 -0.1156 -0.9619
vn 0.1248 -0.2155 -0.9685
vn 0.4698 0.0880 -0.8784
vn 0.6459 0.2829 -0.7091
vn 0.7589 0.4501 -0.4707
vn 0.7953 0.5475 -0.2603
vn 0.7953 0.5959 -0.1112
vn 0.7589 0.6408 0.1162
vn 0.6459 0.6457 0.4074
vn 0.4698 0.5875 0.6589
vn 0.2478 0.4719 0.8461
vn 0.1248 0.3949 0.9102
vn 0.2535 -0.1236 -0.9594
vn 0.1278 -0.2194 -0.9672
vn 0.4810 0.0730 -0.8737
vn 0.6614 0.2624 -0.7026
vn 0.7772 0.4262 -0.4630
vn 0.8145 0.5224 -0.2522
vn 0.8145 0.5709 -0.1030
vn 0.7772 0.6169 0.1240
vn 0.6614 0.6253 0.4142
vn 0.4810 0.5726 0.6639
vn 0.2535 0.4639 0.8488
vn 0.1278 0.3910 0.9115
vn 0.2577 -0.1300 -0.9574
vn 0.1301 -0.2226 -0.9662
vn 0.4893 0.0611 -0.8700
vn 0.6730 0.2462 -0.6975
vn 0.7908 0.4072 -0.4569
vn 0.8289 0.5025 -0.2457
vn 0.8289 0.5510 -0.0966
vn 0.7908 0.5980 0.1303
vn 0.6730 0.6092 0.4196
vn 0.4893 0.5608 0.6679
vn 0.2577 0.4576 0.8510
vn 0.1301 0.3879 0.9125
vn 0.2607 -0.1348 -0.9560
vn 0.1317 -0.2249 -0.9655
vn 0.4951 0.0522 -0.8673
vn 0.6811 0.2341 -0.6937
vn 0.8005 0.3931 -0.4524
vn 0.8391 0.4878 -0.2410
vn 0.8391 0.5362 -0.0918
vn 0.8005 0.5839 0.1350
vn 0.6811 0.5972 0.4236
vn 0.4951 0.5520 0.6709
vn 0.2607 0.4529 0.8526
vn 0.1317 0.3856 0.9132
vn 0.2625 -0.1380 -0.9550
vn 0.1327 -0.2264 -0.9649
vn 0.4989 0.0463 -0.8655
vn 0.6864 0.2260 -0.6912
vn 0.8068 0.3836 -0.4494
vn 0.8457 0.4779 -0.2377
vn 0.8457 0.5263 -0.0885
vn 0.8068 0.5745 0.1381
vn 0.6864 0.5891 0.4264
vn 0.4989 0.5461 0.6730
vn 0.2625 0.4497 0.8537
vn 0.1327 0.3840 0.9137
vn 0.2634 -0.1398 -0.9545
vn 0.1332 -0.2273 -0.9647
vn 0.5008 0.0430 -0.8645
vn 0.6892 0.2215 -0.6899
vn 0.8101 0.3784 -0.4478
vn 0.8492 0.4725 -0.2360
vn 0.8492 0.5210 -0.0868
vn 0.8101 0.5693 0.1399
vn 0.6892 0.5847 0.4279
vn 0.5008 0.5429 0.6742
vn 0.2634 0.4479 0.8544
vn 0.1333 0.3832 0.9140
vn 0.2627 -0.1397 -0.9547
vn 0.1331 -0.2271 -0.9647
vn 0.5000 0.0435 -0.8650
vn 0.6883 0.2224 -0.6905
vn 0.8093 0.3796 -0.4484
vn 0.8483 0.4738 -0.2364
vn 0.8483 0.5223 -0.0872
vn 0.8093 0.5706 0.1396
vn 0.6883 0.5858 0.4279
vn 0.5000 0.5436 0.6742
vn 0.2627 0.4481 0.8545
vn 0.1331 0.3834 0.9140
vn 0.2613 -0.1378 -0.9554
vn 0.1325 -0.2261 -0.9651
vn 0.4975 0.0472 -0.8662
vn 0.6849 0.2275 -0.6922
vn 0.8053 0.3856 -0.4503
vn 0.8442 0.4801 -0.2385
vn 0.8442 0.5286 -0.0892
vn 0.8053 0.5767 0.1377
vn 0.6849 0.5909 0.4262
vn 0.4975 0.5473 0.6730
vn 0.2613 0.4501 0.8539
vn 0.1325 0.3844 0.9136
vn 0.2598 -0.1356 -0.9561
vn 0.1317 -0.2249 -0.9654
vn 0.4946 0.0514 -0.8676
vn 0.6810 0.2334 -0.6941
vn 0.8007 0.3925 -0.4526
vn 0.8393 0.4874 -0.2409
vn 0.8393 0.5359 -0.0916
vn 0.8007 0.5836 0.1354
vn 0.6810 0.5968 0.4244
vn 0.4946 0.5516 0.6717
vn 0.2598 0.4523 0.8532
vn 0.1317 0.3855 0.9133
vn 0.2581 -0.1332 -0.9569
vn 0.1309 -0.2237 -0.9658
vn 0.4914 0.0560 -0.8691
vn 0.6766 0.2398 -0.6962
vn 0.7956 0.4000 -0.4551
vn 0.8340 0.4952 -0.2434
vn 0.8340 0.5437 -0.0942
vn 0.7956 0.5911 0.1330
vn 0.6766 0.6032 0.4223
vn 0.4914 0.5562 0.6702
vn 0.2581 0.4547 0.8524
vn 0.1309 0.3867 0.9129
vn 0.2564 -0.1307 -0.9577
vn 0.1300 -0.2224 -0.9662
vn 0.4882 0.0607 -0.8706
vn 0.6721 0.2462 -0.6983
vn 0.7903 0.4076 -0.4575
vn 0.8284 0.5032 -0.2460
vn 0.8284 0.5517 -0.0967
vn 0.7903 0.5987 0.1306
vn 0.6721 0.6096 0.4202
vn 0.4882 0.5609 0.6687
vn 0.2564 0.4572 0.8516
vn 0.1300 0.3880 0.9125
vn 0.2548 -0.1283 -0.9584
vn 0.1292 -0.2213 -0.9666
vn 0.4850 0.0652 -0.8721
vn 0.6678 0.2523 -0.7003
vn 0.7852 0.4148 -0.4598
vn 0.8231 0.5107 -0.2485
vn 0.8231 0.5592 -0.0992
vn 0.7852 0.6059 0.1282
vn 0.6678 0.6157 0.4182
vn 0.4850 0.5653 0.6672
vn 0.2548 0.4595 0.8508
vn 0.1292 0.3892 0.9121
vn 0.2534 -0.1263 -0.9591
vn 0.1284 -0.2202 -0.9670
vn 0.4823 0.0691 -0.8733
vn 0.6640 0.2577 -0.7020
vn 0.7806 0.4211 -0.4619
vn 0.8183 0.5173 -0.2506
vn 0.8183 0.5658 -0.1013
vn 0.7806 0.6121 0.1261
vn 0.6640 0.6211 0.4164
vn 0.4823 0.5692 0.6659
vn 0.2534 0.4616 0.8501
vn 0.1284 0.3902 0.9117
vn 0.2522 -0.1245 -0.9596
vn 0.4800 0.0723 -0.8743
vn 0.6608 0.2621 -0.7033
vn 0.7769 0.4262 -0.4635
vn 0.8144 0.5226 -0.2523
vn 0.8144 0.5711 -0.1031
vn 0.7769 0.6172 0.1245
vn 0.6608 0.6254 0.4150
vn 0.4800 0.5724 0.6648
vn 0.2522 0.4633 0.8496
vn 0.2513 -0.1233 -0.9600
vn 0.1273 -0.2188 -0.9674
vn 0.4783 0.0747 -0.8750
vn 0.6584 0.2653 -0.7044
vn 0.7740 0.4300 -0.4647
vn 0.8114 0.5266 -0.2536
vn 0.8114 0.5751 -0.1044
vn 0.7740 0.6210 0.1232
vn 0.6584 0.6287 0.4139
vn 0.4783 0.5748 0.6640
vn 0.2513 0.4646 0.8491
vn 0.1273 0.3917 0.9113
vn 0.2508 -0.1224 -0.9603
vn 0.1270 -0.2184 -0.9676
vn 0.4771 0.0763 -0.8755
vn 0.6568 0.2675 -0.7050
vn 0.7721 0.4326 -0.4655
vn 0.8094 0.5293 -0.2545
vn 0.8094 0.5778 -0.1052
vn 0.7721 0.6236 0.1223
vn 0.6568 0.6308 0.4131
vn 0.4771 0.5763 0.6635
vn 0.2508 0.4654 0.8488
vn 0.1270 0.3921 0.9111
vn 0.2505 -0.1219 -0.9604
vn 0.1268 -0.2181 -0.9676
vn 0.4765 0.0772 -0.8758
vn 0.6559 0.2688 -0.7054
vn 0.7710 0.4340 -0.4660
vn 0.8082 0.5308 -0.2550
vn 0.8082 0.5793 -0.1057
vn 0.7710 0.6250 0.1219
vn 0.6559 0.6321 0.4127
vn 0.4765 0.5772 0.6631
vn 0.2505 0.4659 0.8486
vn 0.1268 0.3923 0.9110
vn 0.2504 -0.1217 -0.9605
vn 0.1268 -0.2180 -0.9677
vn 0.4763 0.0776 -0.8759
vn 0.6555 0.2693 -0.7055
vn 0.7706 0.4346 -0.4661
vn 0.8078 0.5314 -0.2552
vn 0.8078 0.5799 -0.1059
vn 0.7706 0.6256 0.1217
vn 0.6555 0.6325 0.4125
vn 0.4763 0.5776 0.6630
vn 0.2504 0.4661 0.8486
vn 0.1268 0.3924 0.9110
vn 0.1788 -0.3896 -0.9035
vn 0.0640 -0.3393 -0.9385
vn 0.3370 -0.4497 -0.8272
vn 0.5399 -0.5081 -0.6711
vn 0.7731 -0.5290 -0.3500
vn 0.8800 -0.4748 -0.0066
vn 0.8800 -0.3803 0.2844
vn 0.7731 -0.2222 0.5941
vn 0.5399 -0.0166 0.8416
vn 0.3370 0.1223 0.9335
vn 0.1788 0.2159 0.9599
vn 0.0640 0.2771 0.9587
vn -0.1514 -0.5569 -0.8167
vn -0.0660 -0.4210 -0.9047
vn -0.2739 -0.7307 -0.6254
vn -0.3791 -0.8494 -0.3671
vn -0.4525 -0.8899 -0.0567
vn -0.4774 -0.8584 0.1876
vn -0.4774 -0.8048 0.3528
vn -0.4525 -0.6866 0.5690
vn -0.3791 -0.4714 0.7963
vn -0.2739 -0.2236 0.9354
vn -0.1514 0.0295 0.9880
vn -0.0660 0.1911 0.9793
vn -0.2583 -0.4542 -0.8526
vn -0.1310 -0.3865 -0.9129
vn -0.4919 -0.5554 -0.6705
vn -0.6773 -0.6021 -0.4227
vn -0.7964 -0.5898 -0.1335
vn -0.8349 -0.5424 0.0937
vn -0.8349 -0.4939 0.2430
vn -0.7964 -0.3987 0.4547
vn -0.6773 -0.2386 0.6959
vn -0.4919 -0.0552 0.8689
vn -0.2583 0.1337 0.9568
vn -0.1310 0.2239 0.9658
vn -0.2536 -0.4595 -0.8512
vn -0.1290 -0.3894 -0.9120
vn -0.4837 -0.5659 -0.6676
vn -0.6666 -0.6169 -0.4185
vn -0.7841 -0.6073 -0.1281
vn -0.8220 -0.5607 0.0996
vn -0.8220 -0.5122 0.2490
vn -0.7841 -0.4160 0.4606
vn -0.6666 -0.2531 0.7011
vn -0.4837 -0.0654 0.8728
vn -0.2536 0.1286 0.9587
vn -0.1290 0.2210 0.9667
vn -0.2466 -0.4682 -0.8485
vn -0.1256 -0.3939 -0.9105
vn -0.4708 -0.5827 -0.6624
vn -0.6490 -0.6401 -0.4112
vn -0.7635 -0.6347 -0.1194
vn -0.8005 -0.5894 0.1089
vn -0.8005 -0.5408 0.2583
vn -0.7635 -0.4433 0.4696
vn -0.6490 -0.2762 0.7089
vn -0.4708 -0.0820 0.8784
vn -0.2466 0.1200 0.9617
vn -0.1256 0.2166 0.9682
vn -0.2373 -0.4787 -0.8453
vn -0.1210 -0.3994 -0.9088
vn -0.4535 -0.6033 -0.6561
vn -0.6254 -0.6686 -0.4022
vn -0.7359 -0.6683 -0.1087
vn -0.7716 -0.6246 0.1203
vn -0.7716 -0.5760 0.2698
vn -0.7359 -0.4768 0.4807
vn -0.6254 -0.3045 0.7184
vn -0.4535 -0.1024 0.8853
vn -0.2373 0.1095 0.9652
vn -0.1210 0.2110 0.9700
vn -0.2247 -0.4915 -0.8414
vn -0.1149 -0.4061 -0.9066
vn -0.4301 -0.6282 -0.6484
vn -0.5935 -0.7032 -0.3914
vn -0.6986 -0.7091 -0.0957
vn -0.7325 -0.6674 0.1342
vn -0.7325 -0.6188 0.2837
vn -0.6986 -0.5174 0.4942
vn -0.5935 -0.3389 0.7300
vn -0.4301 -0.1271 0.8938
vn -0.2247 0.0969 0.9696
vn -0.1149 0.2044 0.9721
vn -0.2079 -0.5065 -0.8368
vn -0.1066 -0.4140 -0.9040
vn -0.3986 -0.6575 -0.6393
vn -0.5504 -0.7441 -0.3787
vn -0.6480 -0.7574 -0.0804
vn -0.6796 -0.7180 0.1505
vn -0.6796 -0.6693 0.3002
vn -0.6480 -0.5655 0.5102
vn -0.5504 -0.3794 0.7437
vn -0.3986 -0.1562 0.9037
vn -0.2079 0.0821 0.9747
vn -0.1066 0.1965 0.9747
vn -0.1858 -0.5233 -0.8316
vn -0.0955 -0.4229 -0.9012
vn -0.3568 -0.6905 -0.6292
vn -0.4930 -0.7901 -0.3644
vn -0.5807 -0.8117 -0.0631
vn -0.6091 -0.7749 0.1690
vn -0.6091 -0.7262 0.3188
vn -0.5807 -0.6196 0.5282
vn -0.4930 -0.4250 0.7592
vn -0.3568 -0.1888 0.9149
vn -0.1858 0.0654 0.9804
vn -0.0955 0.1876 0.9776
vn -0.1576 -0.5408 -0.8263
vn -0.0812 -0.4321 -0.8982
vn -0.3032 -0.7249 -0.6186
vn -0.4193 -0.8379 -0.3494
vn -0.4940 -0.8683 -0.0451
vn -0.5182 -0.8343 0.1882
vn -0.5182 -0.7856 0.3381
vn -0.4940 -0.6759 0.5469
vn -0.4193 -0.4725 0.7752
vn -0.3032 -0.2228 0.9265
vn -0.1576 0.0482 0.9863
vn -0.0812 0.1784 0.9806
vn -0.1241 -0.5570 -0.8212
vn -0.0640 -0.4407 -0.8954
vn -0.2389 -0.7566 -0.6086
vn -0.3305 -0.8822 -0.3354
vn -0.3896 -0.9206 -0.0284
vn -0.4087 -0.8891 0.2060
vn -0.4087 -0.8404 0.3560
vn -0.3896 -0.7280 0.5641
vn -0.3305 -0.5165 0.7899
vn -0.2389 -0.2544 0.9371
vn -0.1241 0.0320 0.9918
vn -0.0640 0.1698 0.9834
vn -0.0876 -0.5701 -0.8169
vn -0.0452 -0.4473 -0.8932
vn -0.1688 -0.7817 -0.6004
vn -0.2334 -0.9167 -0.3242
vn -0.2751 -0.9613 -0.0151
vn -0.2886 -0.9319 0.2198
vn -0.2886 -0.8831 0.3699
vn -0.2751 -0.7688 0.5773
vn -0.2334 -0.5511 0.8011
vn -0.1688 -0.2795 0.9452
vn -0.0876 0.0190 0.9960
vn -0.0452 0.1631 0.9856
vn -0.0525 -0.5788 -0.8138
vn -0.0270 -0.4515 -0.8918
vn -0.1008 -0.7976 -0.5947
vn -0.1394 -0.9383 -0.3166
vn -0.1642 -0.9864 -0.0066
vn -0.1723 -0.9582 0.2285
vn -0.1723 -0.9095 0.3784
vn -0.1642 -0.7941 0.5851
vn -0.1394 -0.5730 0.8076
vn -0.1008 -0.2957 0.9500
vn -0.0525 0.0101 0.9986
vn -0.0270 0.1589 0.9869
vn -0.0228 -0.5835 -0.8118
vn -0.0117 -0.4534 -0.8912
vn -0.0437 -0.8052 -0.5914
vn -0.0603 -0.9480 -0.3125
vn -0.0710 -0.9975 -0.0024
vn -0.0745 -0.9698 0.2324
vn -0.0745 -0.9211 0.3820
vn -0.0710 -0.8056 0.5882
vn -0.0603 -0.5833 0.8100
vn -0.0437 -0.3038 0.9517
vn -0.0228 0.0051 0.9997
vn -0.0117 0.1570 0.9875
vn -0.0049 -0.5865 -0.8099
vn -0.0025 -0.4540 -0.8910
vn -0.0094 -0.8082 -0.5889
vn -0.0130 -0.9506 -0.3100
vn -0.0152 -0.9999 -0.0006
vn -0.0160 -0.9723 0.2333
vn -0.0160 -0.9237 0.3827
vn -0.0152 -0.8086 0.5882
vn -0.0130 -0.5869 0.8096
vn -0.0094 -0.3077 0.9514
vn -0.0049 0.0016 1.0000
vn -0.0025 0.1565 0.9877
vn 0.1203 -0.4190 -0.9000
vn 0.0787 -0.3819 -0.9208
vn 0.2882 -0.5563 -0.7794
vn 0.4666 -0.6760 -0.5704
vn 0.6319 -0.7397 -0.2315
vn 0.7023 -0.7038 0.1069
vn 0.7023 -0.6322 0.3272
vn 0.6319 -0.4623 0.6220
vn 0.4666 -0.2116 0.8588
vn 0.2882 0.0081 0.9575
vn 0.1203 0.1901 0.9744
vn 0.0787 0.2322 0.9695
vn 0.1980 -0.4850 -0.8518
vn 0.3610 -0.6090 -0.7062
vn 0.5226 -0.7052 -0.4792
vn 0.6543 -0.7395 -0.1585
vn 0.7032 -0.7012 0.1175
vn 0.7032 -0.6364 0.3171
vn 0.6543 -0.5051 0.5629
vn 0.5226 -0.2889 0.8021
vn 0.3610 -0.0776 0.9293
vn 0.1980 0.1083 0.9742
vn -0.1980 -0.4850 -0.8518
vn -0.0787 -0.3819 -0.9208
vn -0.3610 -0.6090 -0.7062
vn -0.5226 -0.7052 -0.4792
vn -0.6543 -0.7395 -0.1585
vn -0.7032 -0.7012 0.1175
vn -0.7032 -0.6364 0.3171
vn -0.6543 -0.5051 0.5629
vn -0.5226 -0.2889 0.8021
vn -0.3610 -0.0776 0.9293
vn -0.1980 0.1083 0.9742
vn -0.0787 0.2322 0.9695
vn -0.1980 -0.1083 -0.9742
vn -0.0787 -0.2322 -0.9695
vn -0.3610 0.0776 -0.9293
vn -0.5226 0.2889 -0.8021
vn -0.6543 0.5051 -0.5629
vn -0.7032 0.6364 -0.3171
vn -0.7032 0.7012 -0.1175
vn -0.6543 0.7395 0.1585
vn -0.5226 0.7052 0.4792
vn -0.3610 0.6090 0.7062
vn -0.1980 0.4850 0.8518
vn -0.0787 0.3819 0.9208
vn 0.0070 0.0020 -1.0000
vn 0.0035 -0.1565 -0.9877
vn 0.0133 0.3105 -0.9505
vn 0.0182 0.5886 -0.8082
vn 0.0214 0.8092 -0.5872
vn 0.0224 0.9237 -0.3825
vn 0.0224 0.9721 -0.2334
vn 0.0214 0.9998 -0.0005
vn 0.0182 0.9512 0.3079
vn 0.0133 0.8099 0.5865
vn 0.0070 0.5894 0.8078
vn 0.0035 0.4539 0.8910
vn -0.0068 -0.0022 -1.0000
vn -0.0287 -0.0064 -0.9996
vn -0.0147 -0.1573 -0.9874
vn -0.0035 -0.1565 -0.9877
vn -0.0130 0.3071 -0.9516
vn -0.0551 0.3021 -0.9517
vn -0.0179 0.5865 -0.8098
vn -0.0761 0.5815 -0.8100
vn -0.0211 0.8084 -0.5883
vn -0.0897 0.8039 -0.5880
vn -0.0221 0.9236 -0.3827
vn -0.0941 0.9195 -0.3816
vn -0.0221 0.9722 -0.2333
vn -0.0941 0.9682 -0.2318
vn -0.0211 0.9998 0.0008
vn -0.0897 0.9960 0.0032
vn -0.0179 0.9504 0.3104
vn -0.0761 0.9465 0.3135
vn -0.0130 0.8078 0.5894
vn -0.0551 0.8038 0.5923
vn -0.0068 0.5860 0.8103
vn -0.0287 0.5824 0.8124
vn -0.0035 0.4539 0.8910
vn -0.0147 0.4532 0.8913
vn -0.0612 -0.0119 -0.9981
vn -0.0315 -0.1597 -0.9867
vn -0.1177 0.2924 -0.9490
vn -0.1627 0.5686 -0.8064
vn -0.1917 0.7891 -0.5836
vn -0.2011 0.9043 -0.3767
vn -0.2011 0.9530 -0.2268
vn -0.1917 0.9814 0.0083
vn -0.1627 0.9340 0.3181
vn -0.1177 0.7944 0.5959
vn -0.0612 0.5770 0.8145
vn -0.0315 0.4507 0.8921
vn -0.0975 -0.0223 -0.9950
vn -0.0503 -0.1647 -0.9851
vn -0.1879 0.2733 -0.9434
vn -0.2600 0.5428 -0.7986
vn -0.3065 0.7591 -0.5743
vn -0.3215 0.8730 -0.3666
vn -0.3215 0.9218 -0.2166
vn -0.3065 0.9517 0.0184
vn -0.2600 0.9085 0.3270
vn -0.1879 0.7756 0.6026
vn -0.0975 0.5668 0.8181
vn -0.0503 0.4457 0.8937
vn -0.1366 -0.0390 -0.9899
vn -0.0707 -0.1729 -0.9824
vn -0.2635 0.2420 -0.9338
vn -0.3649 0.5001 -0.7853
vn -0.4303 0.7092 -0.5585
vn -0.4515 0.8209 -0.3498
vn -0.4515 0.8697 -0.1995
vn -0.4303 0.9020 0.0349
vn -0.3649 0.8662 0.3414
vn -0.2635 0.7447 0.6132
vn -0.1366 0.5503 0.8237
vn -0.0707 0.4375 0.8964
vn -0.1761 -0.0626 -0.9824
vn -0.0912 -0.1850 -0.9785
vn -0.3401 0.1969 -0.9195
vn -0.4712 0.4379 -0.7656
vn -0.5559 0.6362 -0.5350
vn -0.5833 0.7444 -0.3250
vn -0.5833 0.7933 -0.1747
vn -0.5559 0.8292 0.0589
vn -0.4712 0.8043 0.3620
vn -0.3401 0.6998 0.6282
vn -0.1761 0.5268 0.8316
vn -0.0912 0.4255 0.9003
vn -0.2131 -0.0930 -0.9726
vn -0.1105 -0.2006 -0.9734
vn -0.4119 0.1384 -0.9007
vn -0.5707 0.3570 -0.7395
vn -0.6733 0.5408 -0.5042
vn -0.7066 0.6444 -0.2925
vn -0.7066 0.6932 -0.1421
vn -0.6733 0.7338 0.0900
vn -0.5707 0.7234 0.3884
vn -0.4119 0.6413 0.6473
vn -0.2131 0.4964 0.8415
vn -0.1105 0.4098 0.9054
vn -0.2449 -0.1284 -0.9610
vn -0.1269 -0.2191 -0.9674
vn -0.4731 0.0698 -0.8782
vn -0.6555 0.2618 -0.7084
vn -0.7732 0.4284 -0.4676
vn -0.8114 0.5264 -0.2541
vn -0.8114 0.5753 -0.1038
vn -0.7732 0.6214 0.1264
vn -0.6555 0.6282 0.4192
vn -0.4731 0.5726 0.6695
vn -0.2449 0.4610 0.8530
vn -0.1269 0.3914 0.9114
vn -0.2696 -0.1663 -0.9485
vn -0.1395 -0.2388 -0.9610
vn -0.5202 -0.0036 -0.8540
vn -0.7204 0.1599 -0.6749
vn -0.8496 0.3081 -0.4282
vn -0.8914 0.4000 -0.2130
vn -0.8914 0.4488 -0.0628
vn -0.8496 0.5009 0.1653
vn -0.7204 0.5261 0.4520
vn -0.5202 0.4990 0.6930
vn -0.2696 0.4230 0.8651
vn -0.1395 0.3717 0.9178
vn -0.2868 -0.2038 -0.9360
vn -0.1481 -0.2584 -0.9546
vn -0.5527 -0.0763 -0.8299
vn -0.7648 0.0591 -0.6415
vn -0.9016 0.1889 -0.3891
vn -0.9459 0.2749 -0.1723
vn -0.9459 0.3236 -0.0222
vn -0.9016 0.3815 0.2037
vn -0.7648 0.4249 0.4843
vn -0.5527 0.4260 0.7162
vn -0.2868 0.3853 0.8771
vn -0.1481 0.3521 0.9242
vn -0.2975 -0.2390 -0.9243
vn -0.1532 -0.2767 -0.9487
vn -0.5723 -0.1443 -0.8072
vn -0.7914 -0.0352 -0.6103
vn -0.9326 0.0777 -0.3525
vn -0.9783 0.1580 -0.1342
vn -0.9783 0.2067 0.0157
vn -0.9326 0.2701 0.2395
vn -0.7914 0.3303 0.5144
vn -0.5723 0.3577 0.7379
vn -0.2975 0.3499 0.8883
vn -0.1532 0.3338 0.9301
vn -0.3029 -0.2708 -0.9137
vn -0.1557 -0.2931 -0.9433
vn -0.5819 -0.2055 -0.7868
vn -0.8042 -0.1199 -0.5822
vn -0.9473 -0.0222 -0.3197
vn -0.9936 0.0531 -0.1001
vn -0.9936 0.1018 0.0497
vn -0.9473 0.1699 0.2717
vn -0.8042 0.2453 0.5415
vn -0.5819 0.2962 0.7574
vn -0.3029 0.3180 0.8984
vn -0.1557 0.3174 0.9354
vn -0.3043 -0.2997 -0.9042
vn -0.1562 -0.3080 -0.9385
vn -0.5841 -0.2610 -0.7686
vn -0.8069 -0.1966 -0.5570
vn -0.9503 -0.1127 -0.2901
vn -0.9967 -0.0418 -0.0692
vn -0.9967 0.0068 0.0806
vn -0.9503 0.0794 0.3010
vn -0.8069 0.1683 0.5662
vn -0.5841 0.2406 0.7752
vn -0.3043 0.2890 0.9077
vn -0.1562 0.3025 0.9403
vn -0.3010 -0.3302 -0.8946
vn -0.1550 -0.3236 -0.9334
vn -0.5789 -0.3197 -0.7501
vn -0.8004 -0.2777 -0.5313
vn -0.9430 -0.2081 -0.2595
vn -0.9892 -0.1418 -0.0368
vn -0.9892 -0.0931 0.1131
vn -0.9430 -0.0158 0.3323
vn -0.8004 0.0876 0.5931
vn -0.5789 0.1822 0.7948
vn -0.3010 0.2587 0.9178
vn -0.1550 0.2868 0.9454
vn -0.2931 -0.3653 -0.8835
vn -0.1513 -0.3418 -0.9275
vn -0.5646 -0.3875 -0.7287
vn -0.7813 -0.3716 -0.5015
vn -0.9210 -0.3187 -0.2241
vn -0.9662 -0.2578 0.0008
vn -0.9662 -0.2090 0.1509
vn -0.9210 -0.1262 0.3686
vn -0.7813 -0.0058 0.6241
vn -0.5646 0.1148 0.8173
vn -0.2931 0.2238 0.9295
vn -0.1513 0.2687 0.9513
vn -0.2787 -0.4040 -0.8713
vn -0.1442 -0.3618 -0.9210
vn -0.5378 -0.4623 -0.7050
vn -0.7448 -0.4752 -0.4685
vn -0.8783 -0.4409 -0.1848
vn -0.9216 -0.3859 0.0423
vn -0.9216 -0.3371 0.1926
vn -0.8783 -0.2481 0.4087
vn -0.7448 -0.1091 0.6584
vn -0.5378 0.0404 0.8421
vn -0.2787 0.1853 0.9423
vn -0.1442 0.2487 0.9578
vn -0.2566 -0.4439 -0.8586
vn -0.1330 -0.3826 -0.9143
vn -0.4959 -0.5397 -0.6803
vn -0.6871 -0.5826 -0.4341
vn -0.8106 -0.5676 -0.1440
vn -0.8506 -0.5188 0.0855
vn -0.8506 -0.4700 0.2358
vn -0.8106 -0.3746 0.4501
vn -0.6871 -0.2161 0.6937
vn -0.4959 -0.0368 0.8676
vn -0.2566 0.1456 0.9555
vn -0.1330 0.2279 0.9645
vn -0.2270 -0.4820 -0.8463
vn -0.1178 -0.4024 -0.9079
vn -0.4389 -0.6135 -0.6565
vn -0.6083 -0.6849 -0.4011
vn -0.7177 -0.6884 -0.1049
vn -0.7532 -0.6455 0.1266
vn -0.7532 -0.5967 0.2770
vn -0.7177 -0.4953 0.4895
vn -0.6083 -0.3184 0.7270
vn -0.4389 -0.1104 0.8917
vn -0.2270 0.1075 0.9679
vn -0.1178 0.2081 0.9710
vn -0.1917 -0.5151 -0.8354
vn -0.0994 -0.4195 -0.9023
vn -0.3705 -0.6774 -0.6355
vn -0.5133 -0.7734 -0.3721
vn -0.6055 -0.7927 -0.0708
vn -0.6354 -0.7550 0.1622
vn -0.6354 -0.7061 0.3125
vn -0.6055 -0.5997 0.5232
vn -0.5133 -0.4069 0.7556
vn -0.3705 -0.1745 0.9123
vn -0.1917 0.0743 0.9786
vn -0.0994 0.1910 0.9766
vn -0.1537 -0.5414 -0.8266
vn -0.0795 -0.4329 -0.8979
vn -0.2965 -0.7274 -0.6188
vn -0.4106 -0.8423 -0.3492
vn -0.4842 -0.8739 -0.0441
vn -0.5080 -0.8401 0.1899
vn -0.5080 -0.7913 0.3402
vn -0.4842 -0.6810 0.5493
vn -0.4106 -0.4762 0.7776
vn -0.2965 -0.2248 0.9282
vn -0.1537 0.0479 0.9870
vn -0.0795 0.1776 0.9809
vn -0.1160 -0.5602 -0.8202
vn -0.0599 -0.4423 -0.8948
vn -0.2234 -0.7629 -0.6067
vn -0.3092 -0.8909 -0.3327
vn -0.3644 -0.9309 -0.0251
vn -0.3823 -0.9000 0.2095
vn -0.3823 -0.8512 0.3595
vn -0.3644 -0.7383 0.5675
vn -0.3092 -0.5252 0.7928
vn -0.2234 -0.2606 0.9392
vn -0.1160 0.0289 0.9928
vn -0.0599 0.1681 0.9839
vn -0.0811 -0.5726 -0.8159
vn -0.0417 -0.4484 -0.8929
vn -0.1559 -0.7857 -0.5987
vn -0.2155 -0.9219 -0.3220
vn -0.2539 -0.9672 -0.0129
vn -0.2663 -0.9380 0.2219
vn -0.2663 -0.8893 0.3718
vn -0.2539 -0.7749 0.5789
vn -0.2155 -0.5566 0.8024
vn -0.1559 -0.2838 0.9461
vn -0.0811 0.0163 0.9966
vn -0.0417 0.1621 0.9859
vn -0.0500 -0.5799 -0.8132
vn -0.0257 -0.4518 -0.8917
vn -0.0961 -0.7988 -0.5938
vn -0.1327 -0.9396 -0.3156
vn -0.1563 -0.9877 -0.0058
vn -0.1639 -0.9595 0.2290
vn -0.1639 -0.9109 0.3788
vn -0.1563 -0.7956 0.5853
vn -0.1327 -0.5746 0.8076
vn -0.0961 -0.2972 0.9500
vn -0.0500 0.0088 0.9987
vn -0.0257 0.1586 0.9870
vn -0.0233 -0.5836 -0.8117
vn -0.0119 -0.4534 -0.8912
vn -0.0446 -0.8052 -0.5913
vn -0.0615 -0.9480 -0.3124
vn -0.0724 -0.9974 -0.0023
vn -0.0760 -0.9697 0.2323
vn -0.0760 -0.9210 0.3820
vn -0.0724 -0.8055 0.5881
vn -0.0615 -0.5833 0.8099
vn -0.0446 -0.3039 0.9517
vn -0.0233 0.0049 0.9997
vn -0.0119 0.1570 0.9875
vn -0.0055 -0.5863 -0.8100
vn -0.0028 -0.4539 -0.8910
vn -0.0104 -0.8080 -0.5890
vn -0.0144 -0.9506 -0.3101
vn -0.0169 -0.9999 -0.0006
vn -0.0178 -0.9722 0.2333
vn -0.0178 -0.9237 0.3827
vn -0.0169 -0.8085 0.5882
vn -0.0144 -0.5868 0.8096
vn -0.0104 -0.3075 0.9515
vn -0.0055 0.0018 1.0000
vn -0.0028 0.1565 0.9877
vn 0.1203 -0.1901 -0.9744
vn 0.0787 -0.2322 -0.9695
vn 0.2882 -0.0081 -0.9575
vn 0.4666 0.2116 -0.8588
vn 0.6319 0.4623 -0.6220
vn 0.7023 0.6322 -0.3272
vn 0.7023 0.7038 -0.1069
vn 0.6319 0.7397 0.2315
vn 0.4666 0.6760 0.5704
vn 0.2882 0.5563 0.7794
vn 0.1203 0.4190 0.9000
vn 0.0787 0.3819 0.9208
vn 0.3118 -0.3254 -0.8927
vn 0.3061 -0.3603 -0.8812
vn 0.1522 -0.3385 -0.9286
vn 0.1553 -0.3212 -0.9342
vn 0.5874 -0.3096 -0.7477
vn 0.5761 -0.3752 -0.7262
vn 0.8058 -0.2636 -0.5302
vn 0.7900 -0.3536 -0.5008
vn 0.9460 -0.1921 -0.2612
vn 0.9273 -0.2978 -0.2268
vn 0.9912 -0.1259 -0.0415
vn 0.9716 -0.2366 -0.0055
vn 0.9912 -0.0774 0.1076
vn 0.9716 -0.1881 0.1435
vn 0.9460 -0.0019 0.3243
vn 0.9273 -0.1076 0.3585
vn 0.8058 0.0984 0.5839
vn 0.7900 0.0083 0.6130
vn 0.5874 0.1891 0.7869
vn 0.5761 0.1233 0.8080
vn 0.3118 0.2614 0.9135
vn 0.3061 0.2265 0.9247
vn 0.1553 0.2893 0.9446
vn 0.1522 0.2720 0.9502
vn 0.2947 -0.3979 -0.8688
vn 0.1462 -0.3571 -0.9225
vn 0.5541 -0.4458 -0.7031
vn 0.7596 -0.4504 -0.4692
vn 0.8915 -0.4113 -0.1898
vn 0.9341 -0.3556 0.0331
vn 0.9341 -0.3071 0.1822
vn 0.8915 -0.2212 0.3954
vn 0.7596 -0.0886 0.6443
vn 0.5541 0.0526 0.8308
vn 0.2947 0.1888 0.9368
vn 0.1462 0.2534 0.9563
vn 0.2764 -0.4368 -0.8561
vn 0.1369 -0.3763 -0.9163
vn 0.5193 -0.5187 -0.6792
vn 0.7117 -0.5503 -0.4366
vn 0.8352 -0.5286 -0.1517
vn 0.8751 -0.4785 0.0730
vn 0.8751 -0.4300 0.2221
vn 0.8352 -0.3385 0.4334
vn 0.7117 -0.1886 0.6767
vn 0.5193 -0.0204 0.8544
vn 0.2764 0.1498 0.9493
vn 0.1369 0.2341 0.9625
vn 0.2507 -0.4748 -0.8436
vn 0.1241 -0.3951 -0.9102
vn 0.4708 -0.5900 -0.6560
vn 0.6452 -0.6480 -0.4048
vn 0.7571 -0.6432 -0.1144
vn 0.7932 -0.5985 0.1121
vn 0.7932 -0.5501 0.2612
vn 0.7571 -0.4531 0.4706
vn 0.6452 -0.2863 0.7084
vn 0.4708 -0.0917 0.8775
vn 0.2507 0.1117 0.9616
vn 0.1241 0.2154 0.9686
vn 0.2183 -0.5095 -0.8323
vn 0.1080 -0.4122 -0.9047
vn 0.4099 -0.6550 -0.6348
vn 0.5617 -0.7371 -0.3759
vn 0.6591 -0.7477 -0.0804
vn 0.6905 -0.7081 0.1476
vn 0.6905 -0.6596 0.2967
vn 0.6591 -0.5577 0.5046
vn 0.5617 -0.3754 0.7373
vn 0.4099 -0.1568 0.8986
vn 0.2183 0.0771 0.9728
vn 0.1080 0.1982 0.9742
vn 0.1810 -0.5385 -0.8230
vn 0.0896 -0.4267 -0.9000
vn 0.3398 -0.7097 -0.6171
vn 0.4658 -0.8121 -0.3515
vn 0.5466 -0.8358 -0.0518
vn 0.5727 -0.8003 0.1776
vn 0.5727 -0.7519 0.3267
vn 0.5466 -0.6457 0.5332
vn 0.4658 -0.4504 0.7617
vn 0.3398 -0.2114 0.9164
vn 0.1810 0.0481 0.9823
vn 0.0896 0.1838 0.9789
vn 0.1413 -0.5608 -0.8158
vn 0.0700 -0.4379 -0.8963
vn 0.2655 -0.7518 -0.6036
vn 0.3639 -0.8699 -0.3328
vn 0.4271 -0.9037 -0.0298
vn 0.4475 -0.8715 0.2007
vn 0.4475 -0.8230 0.3498
vn 0.4271 -0.7136 0.5553
vn 0.3639 -0.5081 0.7806
vn 0.2655 -0.2535 0.9302
vn 0.1413 0.0259 0.9896
vn 0.0700 0.1726 0.9825
vn 0.1018 -0.5761 -0.8110
vn 0.0506 -0.4457 -0.8938
vn 0.1915 -0.7812 -0.5942
vn 0.2626 -0.9104 -0.3198
vn 0.3082 -0.9512 -0.0145
vn 0.3229 -0.9212 0.2169
vn 0.3229 -0.8728 0.3660
vn 0.3082 -0.7610 0.5708
vn 0.2626 -0.5485 0.7939
vn 0.1915 -0.2827 0.9399
vn 0.1018 0.0106 0.9947
vn 0.0506 0.1648 0.9850
vn 0.0645 -0.5854 -0.8081
vn 0.0321 -0.4506 -0.8922
vn 0.1215 -0.7993 -0.5885
vn 0.1667 -0.9354 -0.3119
vn 0.1957 -0.9807 -0.0050
vn 0.2050 -0.9521 0.2270
vn 0.2050 -0.9036 0.3760
vn 0.1957 -0.7904 0.5804
vn 0.1667 -0.5734 0.8021
vn 0.1215 -0.3007 0.9459
vn 0.0645 0.0014 0.9979
vn 0.0321 0.1599 0.9866
vn 0.0306 -0.5900 -0.8068
vn 0.0153 -0.4531 -0.8913
vn 0.0577 -0.8084 -0.5858
vn 0.0791 -0.9481 -0.3079
vn 0.0929 -0.9957 -0.0002
vn 0.0974 -0.9678 0.2321
vn 0.0974 -0.9194 0.3811
vn 0.0929 -0.8054 0.5854
vn 0.0791 -0.5860 0.8064
vn 0.0577 -0.3097 0.9491
vn 0.0306 -0.0030 0.9995
vn 0.0153 0.1573 0.9874
vn -0.0001 -0.5911 -0.8066
vn -0.0001 -0.4538 -0.8911
vn -0.0003 -0.8109 -0.5851
vn -0.0004 -0.9517 -0.3069
vn -0.0005 -1.0000 0.0011
vn -0.0005 -0.9723 0.2335
vn -0.0005 -0.9239 0.3826
vn -0.0005 -0.8097 0.5869
vn -0.0004 -0.5896 0.8077
vn -0.0003 -0.3121 0.9500
vn -0.0001 -0.0041 1.0000
vn -0.0001 0.1566 0.9877
vn -0.0302 -0.5899 -0.8069
vn -0.0151 -0.4531 -0.8913
vn -0.0569 -0.8084 -0.5859
vn -0.0781 -0.9482 -0.3080
vn -0.0917 -0.9958 -0.0002
vn -0.0960 -0.9679 0.2321
vn -0.0960 -0.9195 0.3812
vn -0.0917 -0.8055 0.5855
vn -0.0781 -0.5861 0.8065
vn -0.0569 -0.3096 0.9492
vn -0.0302 -0.0029 0.9995
vn -0.0151 0.1573 0.9874
vn -0.0616 -0.5856 -0.8082
vn -0.0307 -0.4509 -0.8920
vn -0.1160 -0.8002 -0.5885
vn -0.1592 -0.9368 -0.3116
vn -0.1869 -0.9824 -0.0045
vn -0.1958 -0.9539 0.2275
vn -0.1958 -0.9054 0.3766
vn -0.1869 -0.7921 0.5811
vn -0.1592 -0.5747 0.8027
vn -0.1160 -0.3015 0.9464
vn -0.0616 0.0013 0.9981
vn -0.0307 0.1595 0.9867
vn -0.0945 -0.5778 -0.8107
vn -0.0471 -0.4469 -0.8934
vn -0.1781 -0.7851 -0.5932
vn -0.2443 -0.9160 -0.3182
vn -0.2868 -0.9579 -0.0124
vn -0.3005 -0.9282 0.2192
vn -0.3005 -0.8798 0.3683
vn -0.2868 -0.7677 0.5731
vn -0.2443 -0.5540 0.7959
vn -0.1781 -0.2865 0.9414
vn -0.0945 0.0090 0.9955
vn -0.0471 0.1636 0.9854
vn -0.1291 -0.5656 -0.8145
vn -0.0642 -0.4406 -0.8954
vn -0.2429 -0.7617 -0.6006
vn -0.3332 -0.8838 -0.3286
vn -0.3911 -0.9200 -0.0246
vn -0.4098 -0.8886 0.2063
vn -0.4098 -0.8401 0.3554
vn -0.3911 -0.7298 0.5607
vn -0.3332 -0.5218 0.7853
vn -0.2429 -0.2632 0.9337
vn -0.1291 0.0212 0.9914
vn -0.0642 0.1698 0.9834
vn -0.1646 -0.5481 -0.8201
vn -0.0817 -0.4317 -0.8983
vn -0.3096 -0.7283 -0.6113
vn -0.4245 -0.8378 -0.3434
vn -0.4982 -0.8660 -0.0421
vn -0.5220 -0.8320 0.1879
vn -0.5220 -0.7835 0.3370
vn -0.4982 -0.6759 0.5431
vn -0.4245 -0.4760 0.7702
vn -0.3096 -0.2299 0.9227
vn -0.1646 0.0386 0.9856
vn -0.0817 0.1787 0.9805
vn -0.2001 -0.5244 -0.8276
vn -0.0992 -0.4198 -0.9022
vn -0.3760 -0.6834 -0.6258
vn -0.5154 -0.7761 -0.3633
vn -0.6049 -0.7936 -0.0656
vn -0.6337 -0.7561 0.1633
vn -0.6337 -0.7077 0.3124
vn -0.6049 -0.6035 0.5195
vn -0.5154 -0.4144 0.7501
vn -0.3760 -0.1851 0.9080
vn -0.2001 0.0622 0.9778
vn -0.0992 0.1907 0.9766
vn -0.2337 -0.4942 -0.8374
vn -0.1157 -0.4047 -0.9071
vn -0.4389 -0.6265 -0.6442
vn -0.6015 -0.6980 -0.3886
vn -0.7058 -0.7019 -0.0953
vn -0.7395 -0.6601 0.1320
vn -0.7395 -0.6116 0.2811
vn -0.7058 -0.5118 0.4897
vn -0.6015 -0.3363 0.7247
vn -0.4389 -0.1282 0.8894
vn -0.2337 0.0924 0.9679
vn -0.1157 0.2057 0.9717
vn -0.2633 -0.4580 -0.8491
vn -0.1303 -0.3868 -0.9129
vn -0.4943 -0.5585 -0.6662
vn -0.6773 -0.6048 -0.4188
vn -0.7948 -0.5925 -0.1309
vn -0.8328 -0.5454 0.0948
vn -0.8328 -0.4970 0.2439
vn -0.7948 -0.4024 0.4542
vn -0.6773 -0.2431 0.6943
vn -0.4943 -0.0602 0.8672
vn -0.2633 0.1285 0.9561
vn -0.1303 0.2237 0.9659
vn -0.2868 -0.4175 -0.8622
vn -0.1420 -0.3667 -0.9194
vn -0.5385 -0.4824 -0.6909
vn -0.7379 -0.5005 -0.4527
vn -0.8659 -0.4701 -0.1706
vn -0.9073 -0.4172 0.0531
vn -0.9073 -0.3688 0.2022
vn -0.8659 -0.2801 0.4144
vn -0.7379 -0.1388 0.6605
vn -0.5385 0.0159 0.8425
vn -0.2868 0.1691 0.9430
vn -0.1420 0.2437 0.9594
vn -0.3030 -0.3749 -0.8761
vn -0.1501 -0.3457 -0.9263
vn -0.5692 -0.4025 -0.7170
vn -0.7801 -0.3911 -0.4883
vn -0.9155 -0.3418 -0.2124
vn -0.9592 -0.2827 0.0094
vn -0.9592 -0.2343 0.1585
vn -0.9155 -0.1517 0.3727
vn -0.7801 -0.0294 0.6250
vn -0.5692 0.0958 0.8166
vn -0.3030 0.2116 0.9292
vn -0.1501 0.2648 0.9526
vn -0.3118 -0.3330 -0.8899
vn -0.1547 -0.3249 -0.9330
vn -0.5862 -0.3238 -0.7427
vn -0.8036 -0.2831 -0.5235
vn -0.9431 -0.2150 -0.2536
vn -0.9881 -0.1499 -0.0337
vn -0.9881 -0.1015 0.1154
vn -0.9431 -0.0249 0.3316
vn -0.8036 0.0787 0.5900
vn -0.5862 0.1746 0.7912
vn -0.3118 0.2537 0.9157
vn -0.1547 0.2856 0.9458
vn -0.3116 -0.3031 -0.9006
vn -0.1563 -0.3100 -0.9378
vn -0.5894 -0.2675 -0.7623
vn -0.8096 -0.2058 -0.5498
vn -0.9508 -0.1242 -0.2837
vn -0.9964 -0.0545 -0.0647
vn -0.9964 -0.0061 0.0844
vn -0.9508 0.0663 0.3025
vn -0.8096 0.1566 0.5658
vn -0.5894 0.2316 0.7739
vn -0.3116 0.2841 0.9067
vn -0.1563 0.3005 0.9409
vn 0.1980 -0.1083 -0.9742
vn 0.3610 0.0776 -0.9293
vn 0.5226 0.2889 -0.8021
vn 0.6543 0.5051 -0.5629
vn 0.7032 0.6364 -0.3171
vn 0.7032 0.7012 -0.1175
vn 0.6543 0.7395 0.1585
vn 0.5226 0.7052 0.4792
vn 0.3610 0.6090 0.7062
vn 0.1980 0.4850 0.8518
vn 0.3085 -0.2922 -0.9052
vn 0.1564 -0.3043 -0.9396
vn 0.5874 -0.2468 -0.7708
vn 0.8088 -0.1772 -0.5607
vn 0.9510 -0.0903 -0.2958
vn 0.9969 -0.0187 -0.0764
vn 0.9969 0.0298 0.0728
vn 0.9510 0.1008 0.2923
vn 0.8088 0.1862 0.5578
vn 0.5874 0.2534 0.7686
vn 0.3085 0.2957 0.9041
vn 0.1564 0.3061 0.9391
vn 0.3076 -0.2864 -0.9074
vn 0.1564 -0.3013 -0.9406
vn 0.5866 -0.2357 -0.7748
vn 0.8082 -0.1619 -0.5662
vn 0.9506 -0.0721 -0.3020
vn 0.9966 0.0004 -0.0827
vn 0.9966 0.0489 0.0667
vn 0.9506 0.1191 0.2867
vn 0.8082 0.2018 0.5532
vn 0.5866 0.2647 0.7654
vn 0.3076 0.3016 0.9024
vn 0.1564 0.3091 0.9381
vn 0.3068 -0.2769 -0.9106
vn 0.1561 -0.2965 -0.9422
vn 0.5855 -0.2176 -0.7809
vn 0.8069 -0.1368 -0.5746
vn 0.9492 -0.0426 -0.3117
vn 0.9952 0.0313 -0.0928
vn 0.9952 0.0799 0.0566
vn 0.9492 0.1487 0.2772
vn 0.8069 0.2270 0.5453
vn 0.5855 0.2830 0.7597
vn 0.3068 0.3112 0.8995
vn 0.1561 0.3139 0.9365
vn 0.3053 -0.2649 -0.9147
vn 0.1556 -0.2903 -0.9442
vn 0.5832 -0.1945 -0.7887
vn 0.8041 -0.1050 -0.5852
vn 0.9460 -0.0051 -0.3241
vn 0.9919 0.0707 -0.1056
vn 0.9919 0.1193 0.0439
vn 0.9460 0.1863 0.2652
vn 0.8041 0.2590 0.5351
vn 0.5832 0.3062 0.7524
vn 0.3053 0.3234 0.8957
vn 0.1556 0.3201 0.9345
vn 0.3028 -0.2500 -0.9197
vn 0.1546 -0.2826 -0.9467
vn 0.5790 -0.1659 -0.7983
vn 0.7986 -0.0655 -0.5983
vn 0.9397 0.0414 -0.3394
vn 0.9854 0.1196 -0.1215
vn 0.9854 0.1682 0.0280
vn 0.9397 0.2330 0.2502
vn 0.7986 0.2987 0.5226
vn 0.5790 0.3350 0.7433
vn 0.3028 0.3384 0.8910
vn 0.1546 0.3278 0.9320
vn 0.2987 -0.2321 -0.9257
vn 0.1527 -0.2734 -0.9497
vn 0.5718 -0.1316 -0.8098
vn 0.7890 -0.0180 -0.6141
vn 0.9287 0.0974 -0.3578
vn 0.9739 0.1783 -0.1406
vn 0.9739 0.2269 0.0089
vn 0.9287 0.2891 0.2322
vn 0.7890 0.3464 0.5074
vn 0.5718 0.3695 0.7325
vn 0.2987 0.3564 0.8853
vn 0.1527 0.3370 0.9290
vn 0.2925 -0.2114 -0.9326
vn 0.1498 -0.2628 -0.9532
vn 0.5606 -0.0919 -0.8230
vn 0.7738 0.0369 -0.6323
vn 0.9111 0.1621 -0.3790
vn 0.9554 0.2463 -0.1628
vn 0.9554 0.2949 -0.0131
vn 0.9111 0.3540 0.2114
vn 0.7738 0.4015 0.4899
vn 0.5606 0.4094 0.7198
vn 0.2925 0.3771 0.8787
vn 0.1498 0.3477 0.9256
vn 0.2839 -0.1887 -0.9401
vn 0.1455 -0.2511 -0.9570
vn 0.5444 -0.0482 -0.8374
vn 0.7518 0.0973 -0.6522
vn 0.8852 0.2334 -0.4024
vn 0.9284 0.3211 -0.1871
vn 0.9284 0.3697 -0.0374
vn 0.8852 0.4253 0.1883
vn 0.7518 0.4621 0.4704
vn 0.5444 0.4533 0.7058
vn 0.2839 0.3999 0.8715
vn 0.1455 0.3594 0.9218
vn 0.2726 -0.1651 -0.9479
vn 0.1399 -0.2389 -0.9609
vn 0.5230 -0.0028 -0.8523
vn 0.7224 0.1601 -0.6727
vn 0.8507 0.3073 -0.4265
vn 0.8922 0.3987 -0.2123
vn 0.8922 0.4473 -0.0626
vn 0.8507 0.4993 0.1644
vn 0.7224 0.5249 0.4502
vn 0.5230 0.4987 0.6912
vn 0.2726 0.4236 0.8639
vn 0.1399 0.3715 0.9178
vn 0.2592 -0.1421 -0.9553
vn 0.1330 -0.2271 -0.9647
vn 0.4973 0.0413 -0.8666
vn 0.6868 0.2210 -0.6925
vn 0.8087 0.3790 -0.4498
vn 0.8482 0.4739 -0.2367
vn 0.8482 0.5225 -0.0870
vn 0.8087 0.5710 0.1411
vn 0.6868 0.5858 0.4303
vn 0.4973 0.5428 0.6768
vn 0.2592 0.4466 0.8564
vn 0.1330 0.3833 0.9140
vn 0.2447 -0.1211 -0.9620
vn 0.1254 -0.2165 -0.9682
vn 0.4691 0.0814 -0.8794
vn 0.6476 0.2761 -0.7102
vn 0.7625 0.4439 -0.4707
vn 0.7997 0.5418 -0.2588
vn 0.7997 0.5905 -0.1091
vn 0.7625 0.6358 0.1199
vn 0.6476 0.6408 0.4122
vn 0.4691 0.5828 0.6636
vn 0.2447 0.4675 0.8494
vn 0.1254 0.3940 0.9105
vn 0.2302 -0.1031 -0.9677
vn 0.1178 -0.2074 -0.9711
vn 0.4408 0.1154 -0.8901
vn 0.6084 0.3229 -0.7250
vn 0.7162 0.4987 -0.4883
vn 0.7510 0.5992 -0.2774
vn 0.7510 0.6478 -0.1278
vn 0.7162 0.6905 0.1019
vn 0.6084 0.6873 0.3968
vn 0.4408 0.6166 0.6523
vn 0.2302 0.4854 0.8435
vn 0.1178 0.4030 0.9076
vn 0.2163 -0.0883 -0.9723
vn 0.1105 -0.2000 -0.9735
vn 0.4139 0.1434 -0.8990
vn 0.5710 0.3613 -0.7372
vn 0.6720 0.5438 -0.5027
vn 0.7046 0.6464 -0.2927
vn 0.7046 0.6950 -0.1431
vn 0.6720 0.7354 0.0871
vn 0.5710 0.7256 0.3841
vn 0.4139 0.6444 0.6430
vn 0.2163 0.5001 0.8385
vn 0.1105 0.4104 0.9052
vn 0.2017 -0.0755 -0.9765
vn 0.3859 0.1681 -0.9071
vn 0.5325 0.3954 -0.7484
vn 0.6267 0.5840 -0.5159
vn 0.6572 0.6886 -0.3064
vn 0.6572 0.7372 -0.1569
vn 0.6267 0.7757 0.0741
vn 0.5325 0.7598 0.3730
vn 0.3859 0.6692 0.6350
vn 0.2017 0.5129 0.8344
vn 0.1857 -0.0631 -0.9806
vn 0.0949 -0.1871 -0.9777
vn 0.3554 0.1918 -0.9148
vn 0.4904 0.4281 -0.7591
vn 0.5772 0.6226 -0.5284
vn 0.6053 0.7290 -0.3196
vn 0.6053 0.7776 -0.1700
vn 0.5772 0.8143 0.0616
vn 0.4904 0.7926 0.3624
vn 0.3554 0.6929 0.6274
vn 0.1857 0.5253 0.8304
vn 0.0949 0.4234 0.9010
vn 0.1685 -0.0516 -0.9844
vn 0.0862 -0.1811 -0.9797
vn 0.3225 0.2139 -0.9221
vn 0.4451 0.4588 -0.7691
vn 0.5239 0.6586 -0.5402
vn 0.5493 0.7669 -0.3319
vn 0.5493 0.8155 -0.1823
vn 0.5239 0.8503 0.0499
vn 0.4451 0.8232 0.3525
vn 0.3225 0.7151 0.6202
vn 0.1685 0.5369 0.8267
vn 0.0862 0.4293 0.8990
vn 0.1503 -0.0410 -0.9878
vn 0.0769 -0.1757 -0.9814
vn 0.2877 0.2342 -0.9287
vn 0.3970 0.4867 -0.7782
vn 0.4673 0.6915 -0.5509
vn 0.4900 0.8014 -0.3431
vn 0.4900 0.8500 -0.1935
vn 0.4673 0.8832 0.0392
vn 0.3970 0.8511 0.3435
vn 0.2877 0.7353 0.6137
vn 0.1503 0.5474 0.8233
vn 0.0769 0.4347 0.8973
vn 0.1313 -0.0317 -0.9908
vn 0.0671 -0.1709 -0.9830
vn 0.2514 0.2521 -0.9345
vn 0.3469 0.5114 -0.7862
vn 0.4083 0.7206 -0.5603
vn 0.4282 0.8319 -0.3530
vn 0.4282 0.8805 -0.2034
vn 0.4083 0.9124 0.0297
vn 0.3469 0.8759 0.3354
vn 0.2514 0.7532 0.6078
vn 0.1313 0.5568 0.8202
vn 0.0671 0.4395 0.8957
vn 0.1118 -0.0236 -0.9934
vn 0.0572 -0.1668 -0.9843
vn 0.2141 0.2675 -0.9395
vn 0.2954 0.5327 -0.7931
vn 0.3478 0.7456 -0.5684
vn 0.3647 0.8581 -0.3615
vn 0.3647 0.9067 -0.2119
vn 0.3478 0.9373 0.0216
vn 0.2954 0.8971 0.3285
vn 0.2141 0.7686 0.6028
vn 0.1118 0.5648 0.8176
vn 0.0572 0.4436 0.8944
vn 0.0922 -0.0169 -0.9956
vn 0.0471 -0.1634 -0.9854
vn 0.1765 0.2803 -0.9436
vn 0.2435 0.5502 -0.7987
vn 0.2866 0.7662 -0.5751
vn 0.3005 0.8797 -0.3685
vn 0.3005 0.9283 -0.2189
vn 0.2866 0.9579 0.0149
vn 0.2435 0.9146 0.3228
vn 0.1765 0.7814 0.5986
vn 0.0922 0.5715 0.8154
vn 0.0471 0.4470 0.8933
vn 0.0727 -0.0116 -0.9973
vn 0.0371 -0.1608 -0.9863
vn 0.1390 0.2903 -0.9468
vn 0.1918 0.5641 -0.8031
vn 0.2258 0.7825 -0.5803
vn 0.2368 0.8967 -0.3740
vn 0.2368 0.9453 -0.2245
vn 0.2258 0.9741 0.0096
vn 0.1918 0.9284 0.3182
vn 0.1390 0.7914 0.5953
vn 0.0727 0.5768 0.8136
vn 0.0371 0.4497 0.8924
vn 0.0535 -0.0076 -0.9985
vn 0.0273 -0.1588 -0.9869
vn 0.1023 0.2978 -0.9491
vn 0.1411 0.5743 -0.8064
vn 0.1661 0.7945 -0.5842
vn 0.1742 0.9092 -0.3781
vn 0.1742 0.9578 -0.2286
vn 0.1661 0.9861 0.0056
vn 0.1411 0.9386 0.3148
vn 0.1023 0.7988 0.5928
vn 0.0535 0.5808 0.8123
vn 0.0273 0.4516 0.8918
vn 0.0349 -0.0049 -0.9994
vn 0.0178 -0.1575 -0.9874
vn 0.0667 0.3029 -0.9507
vn 0.0920 0.5812 -0.8085
vn 0.1083 0.8025 -0.5867
vn 0.1136 0.9176 -0.3808
vn 0.1136 0.9662 -0.2313
vn 0.1083 0.9941 0.0030
vn 0.0920 0.9454 0.3125
vn 0.0667 0.8038 0.5911
vn 0.0349 0.5835 0.8114
vn 0.0178 0.4530 0.8914
vn 0.0171 -0.0033 -0.9998
vn 0.0087 -0.1567 -0.9876
vn 0.0326 0.3058 -0.9515
vn 0.0450 0.5851 -0.8097
vn 0.0529 0.8070 -0.5881
vn 0.0555 0.9224 -0.3823
vn 0.0555 0.9709 -0.2328
vn 0.0529 0.9986 0.0014
vn 0.0450 0.9493 0.3112
vn 0.0326 0.8067 0.5901
vn 0.0171 0.5851 0.8108
vn 0.0087 0.4537 0.8911
vn 0.0001 -0.0027 -1.0000
vn -0.0000 -0.1565 -0.9877
vn 0.0001 0.3068 -0.9518
vn 0.0002 0.5864 -0.8100
vn 0.0002 0.8085 -0.5885
vn 0.0002 0.9238 -0.3828
vn 0.0002 0.9724 -0.2333
vn 0.0002 1.0000 0.0009
vn 0.0002 0.9505 0.3107
vn 0.0001 0.8076 0.5897
vn 0.0001 0.5856 0.8106
vn -0.0000 0.4539 0.8910
vn -0.0166 -0.0032 -0.9999
vn -0.0085 -0.1567 -0.9876
vn -0.0318 0.3059 -0.9515
vn -0.0439 0.5852 -0.8097
vn -0.0516 0.8071 -0.5881
vn -0.0541 0.9224 -0.3824
vn -0.0541 0.9710 -0.2329
vn -0.0516 0.9987 0.0014
vn -0.0439 0.9494 0.3111
vn -0.0318 0.8068 0.5900
vn -0.0166 0.5852 0.8108
vn -0.0085 0.4537 0.8911
vn -0.0338 -0.0046 -0.9994
vn -0.0172 -0.1574 -0.9874
vn -0.0646 0.3033 -0.9507
vn -0.0890 0.5816 -0.8086
vn -0.1048 0.8029 -0.5868
vn -0.1099 0.9180 -0.3809
vn -0.1099 0.9666 -0.2314
vn -0.1048 0.9945 0.0028
vn -0.0890 0.9458 0.3123
vn -0.0646 0.8042 0.5909
vn -0.0338 0.5837 0.8112
vn -0.0172 0.4530 0.8913
vn -0.0513 -0.0070 -0.9987
vn -0.0262 -0.1586 -0.9870
vn -0.0982 0.2987 -0.9493
vn -0.1354 0.5754 -0.8066
vn -0.1593 0.7956 -0.5845
vn -0.1671 0.9104 -0.3785
vn -0.1671 0.9590 -0.2289
vn -0.1593 0.9872 0.0052
vn -0.1354 0.9396 0.3144
vn -0.0982 0.7996 0.5924
vn -0.0513 0.5813 0.8121
vn -0.0262 0.4518 0.8917
vn -0.0693 -0.0106 -0.9975
vn -0.0354 -0.1604 -0.9864
vn -0.1325 0.2920 -0.9472
vn -0.1828 0.5662 -0.8037
vn -0.2151 0.7849 -0.5810
vn -0.2255 0.8992 -0.3748
vn -0.2255 0.9478 -0.2253
vn -0.2151 0.9766 0.0087
vn -0.1828 0.9305 0.3174
vn -0.1325 0.7930 0.5946
vn -0.0693 0.5778 0.8132
vn -0.0354 0.4501 0.8923
vn -0.0875 -0.0153 -0.9960
vn -0.0447 -0.1627 -0.9857
vn -0.1674 0.2831 -0.9443
vn -0.2310 0.5540 -0.7998
vn -0.2719 0.7706 -0.5764
vn -0.2851 0.8842 -0.3700
vn -0.2851 0.9328 -0.2204
vn -0.2719 0.9622 0.0134
vn -0.2310 0.9183 0.3214
vn -0.1674 0.7841 0.5976
vn -0.0875 0.5731 0.8148
vn -0.0447 0.4477 0.8931
vn -0.1060 -0.0212 -0.9941
vn -0.0542 -0.1657 -0.9847
vn -0.2028 0.2718 -0.9407
vn -0.2798 0.5385 -0.7948
vn -0.3293 0.7524 -0.5705
vn -0.3453 0.8651 -0.3638
vn -0.3453 0.9137 -0.2142
vn -0.3293 0.9440 0.0193
vn -0.2798 0.9028 0.3265
vn -0.2028 0.7729 0.6013
vn -0.1060 0.5672 0.8168
vn -0.0542 0.4447 0.8940
vn -0.1246 -0.0286 -0.9918
vn -0.0637 -0.1694 -0.9835
vn -0.2385 0.2579 -0.9363
vn -0.3290 0.5194 -0.7887
vn -0.3873 0.7299 -0.5633
vn -0.4061 0.8416 -0.3561
vn -0.4061 0.8902 -0.2066
vn -0.3873 0.9216 0.0267
vn -0.3290 0.8837 0.3328
vn -0.2385 0.7590 0.6059
vn -0.1246 0.5599 0.8192
vn -0.0637 0.4410 0.8952
vn -0.1432 -0.0373 -0.9890
vn -0.0732 -0.1739 -0.9820
vn -0.2742 0.2412 -0.9309
vn -0.3784 0.4964 -0.7813
vn -0.4454 0.7029 -0.5545
vn -0.4670 0.8133 -0.3470
vn -0.4670 0.8619 -0.1974
vn -0.4454 0.8946 0.0355
vn -0.3784 0.8608 0.3403
vn -0.2742 0.7423 0.6113
vn -0.1432 0.5511 0.8220
vn -0.0732 0.4366 0.8967
vn -0.1618 -0.0477 -0.9857
vn -0.0828 -0.1791 -0.9803
vn -0.3098 0.2216 -0.9246
vn -0.4276 0.4694 -0.7726
vn -0.5033 0.6711 -0.5443
vn -0.5278 0.7800 -0.3361
vn -0.5278 0.8286 -0.1865
vn -0.5033 0.8629 0.0458
vn -0.4276 0.8338 0.3491
vn -0.3098 0.7227 0.6178
vn -0.1618 0.5408 0.8254
vn -0.0828 0.4314 0.8984
vn -0.1802 -0.0596 -0.9818
vn -0.0922 -0.1852 -0.9784
vn -0.3451 0.1987 -0.9173
vn -0.4764 0.4379 -0.7624
vn -0.5608 0.6342 -0.5323
vn -0.5881 0.7413 -0.3236
vn -0.5881 0.7899 -0.1739
vn -0.5608 0.8259 0.0579
vn -0.4764 0.8024 0.3594
vn -0.3451 0.6999 0.6253
vn -0.1802 0.5288 0.8294
vn -0.0922 0.4253 0.9004
vn -0.1983 -0.0734 -0.9774
vn -0.1015 -0.1922 -0.9761
vn -0.3799 0.1725 -0.9088
vn -0.5243 0.4017 -0.7508
vn -0.6173 0.5917 -0.5186
vn -0.6473 0.6967 -0.3091
vn -0.6473 0.7453 -0.1595
vn -0.6173 0.7835 0.0718
vn -0.5243 0.7663 0.3713
vn -0.3799 0.6737 0.6339
vn -0.1983 0.5151 0.8339
vn -0.1015 0.4183 0.9026
vn -0.2165 -0.0904 -0.9721
vn -0.1111 -0.2006 -0.9733
vn -0.4153 0.1404 -0.8988
vn -0.5736 0.3577 -0.7369
vn -0.6755 0.5401 -0.5021
vn -0.7084 0.6427 -0.2916
vn -0.7084 0.6914 -0.1419
vn -0.6755 0.7320 0.0887
vn -0.5736 0.7225 0.3859
vn -0.4153 0.6418 0.6446
vn -0.2165 0.4982 0.8396
vn -0.1111 0.4098 0.9054
vn -0.2355 -0.1113 -0.9655
vn -0.1210 -0.2112 -0.9699
vn -0.4522 0.1007 -0.8862
vn -0.6247 0.3033 -0.7196
vn -0.7358 0.4761 -0.4815
vn -0.7718 0.5758 -0.2699
vn -0.7718 0.6244 -0.1201
vn -0.7358 0.6682 0.1097
vn -0.6247 0.6683 0.4039
vn -0.4522 0.6024 0.6578
vn -0.2355 0.4775 0.8465
vn -0.1210 0.3993 0.9088
vn -0.2534 -0.1342 -0.9580
vn -0.1301 -0.2230 -0.9661
vn -0.4865 0.0567 -0.8718
vn -0.6721 0.2424 -0.6997
vn -0.7916 0.4044 -0.4581
vn -0.8302 0.5005 -0.2454
vn -0.8302 0.5492 -0.0956
vn -0.7916 0.5964 0.1330
vn -0.6721 0.6074 0.4236
vn -0.4865 0.5584 0.6720
vn -0.2534 0.4546 0.8539
vn -0.1301 0.3875 0.9126
vn -0.2685 -0.1575 -0.9503
vn -0.1377 -0.2350 -0.9622
vn -0.5151 0.0118 -0.8571
vn -0.7114 0.1802 -0.6793
vn -0.8378 0.3310 -0.4342
vn -0.8787 0.4235 -0.2204
vn -0.8787 0.4722 -0.0706
vn -0.8378 0.5230 0.1567
vn -0.7114 0.5450 0.4436
vn -0.5151 0.5133 0.6865
vn -0.2685 0.4312 0.8614
vn -0.1377 0.3754 0.9166
vn -0.2804 -0.1804 -0.9428
vn -0.1437 -0.2468 -0.9583
vn -0.5377 -0.0322 -0.8425
vn -0.7424 0.1193 -0.6592
vn -0.8741 0.2592 -0.4107
vn -0.9167 0.3482 -0.1959
vn -0.9167 0.3968 -0.0462
vn -0.8741 0.4511 0.1799
vn -0.7424 0.4840 0.4632
vn -0.5377 0.4691 0.7006
vn -0.2804 0.4082 0.8687
vn -0.1437 0.3636 0.9204
vn -0.2896 -0.2019 -0.9356
vn -0.1482 -0.2580 -0.9547
vn -0.5547 -0.0737 -0.8288
vn -0.7656 0.0619 -0.6403
vn -0.9013 0.1915 -0.3885
vn -0.9452 0.2771 -0.1728
vn -0.9452 0.3257 -0.0231
vn -0.9013 0.3833 0.2017
vn -0.7656 0.4264 0.4816
vn -0.5547 0.4275 0.7138
vn -0.2896 0.3866 0.8756
vn -0.1482 0.3525 0.9240
vn -0.2962 -0.2216 -0.9291
vn -0.1514 -0.2681 -0.9514
vn -0.5669 -0.1116 -0.8162
vn -0.7822 0.0095 -0.6230
vn -0.9206 0.1298 -0.3683
vn -0.9654 0.2123 -0.1517
vn -0.9654 0.2609 -0.0021
vn -0.9206 0.3215 0.2216
vn -0.7822 0.3739 0.4984
vn -0.5669 0.3895 0.7259
vn -0.2962 0.3668 0.8819
vn -0.1514 0.3423 0.9273
vn -0.3008 -0.2391 -0.9232
vn -0.1536 -0.2771 -0.9485
vn -0.5752 -0.1452 -0.8050
vn -0.7934 -0.0369 -0.6076
vn -0.9336 0.0751 -0.3503
vn -0.9789 0.1549 -0.1330
vn -0.9789 0.2034 0.0165
vn -0.9336 0.2666 0.2393
vn -0.7934 0.3273 0.5133
vn -0.5752 0.3557 0.7366
vn -0.3008 0.3492 0.8875
vn -0.1536 0.3333 0.9302
vn -0.3039 -0.2543 -0.9181
vn -0.1549 -0.2849 -0.9459
vn -0.5806 -0.1743 -0.7953
vn -0.8005 -0.0772 -0.5943
vn -0.9419 0.0276 -0.3347
vn -0.9876 0.1051 -0.1168
vn -0.9876 0.1536 0.0327
vn -0.9419 0.2191 0.2546
vn -0.8005 0.2869 0.5262
vn -0.5806 0.3264 0.7459
vn -0.3039 0.3339 0.8923
vn -0.1549 0.3255 0.9328
vn -0.3058 -0.2672 -0.9138
vn -0.1557 -0.2915 -0.9438
vn -0.5839 -0.1991 -0.7870
vn -0.8048 -0.1113 -0.5830
vn -0.9468 -0.0126 -0.3215
vn -0.9927 0.0628 -0.1030
vn -0.9927 0.1114 0.0464
vn -0.9468 0.1788 0.2675
vn -0.8048 0.2526 0.5371
vn -0.5839 0.3016 0.7537
vn -0.3058 0.3209 0.8964
vn -0.1557 0.3189 0.9349
vn -0.3070 -0.2780 -0.9102
vn -0.1562 -0.2971 -0.9420
vn -0.5858 -0.2197 -0.7802
vn -0.8072 -0.1397 -0.5735
vn -0.9495 -0.0461 -0.3105
vn -0.9954 0.0277 -0.0916
vn -0.9954 0.0763 0.0578
vn -0.9495 0.1453 0.2783
vn -0.8072 0.2241 0.5461
vn -0.5858 0.2809 0.7603
vn -0.3070 0.3101 0.8998
vn -0.1562 0.3134 0.9367
vn -0.3077 -0.2868 -0.9072
vn -0.1564 -0.3015 -0.9405
vn -0.5867 -0.2364 -0.7745
vn -0.8083 -0.1628 -0.5658
vn -0.9506 -0.0733 -0.3016
vn -0.9966 -0.0008 -0.0823
vn -0.9966 0.0477 0.0671
vn -0.9506 0.1180 0.2870
vn -0.8083 0.2009 0.5535
vn -0.5867 0.2640 0.7656
vn -0.3077 0.3013 0.9025
vn -0.1564 0.3089 0.9382
vn -0.3085 -0.2923 -0.9052
vn -0.1564 -0.3044 -0.9396
vn -0.5874 -0.2469 -0.7707
vn -0.8088 -0.1774 -0.5607
vn -0.9510 -0.0904 -0.2957
vn -0.9969 -0.0189 -0.0764
vn -0.9969 0.0296 0.0729
vn -0.9510 0.1007 0.2924
vn -0.8088 0.1861 0.5579
vn -0.5874 0.2532 0.7687
vn -0.3085 0.2956 0.9041
vn -0.1564 0.3061 0.9391
vn 0.3111 -0.3013 -0.9013
vn 0.1563 -0.3090 -0.9381
vn 0.5891 -0.2641 -0.7637
vn 0.8095 -0.2011 -0.5515
vn 0.9510 -0.1185 -0.2857
vn 0.9966 -0.0486 -0.0666
vn 0.9966 -0.0001 0.0825
vn 0.9510 0.0720 0.3008
vn 0.8095 0.1615 0.5644
vn 0.5891 0.2352 0.7730
vn 0.3111 0.2861 0.9063
vn 0.1563 0.3014 0.9406
vn 0.0079 0.0022 -1.0000
vn 0.0332 0.0031 -0.9994
vn 0.0165 -0.1575 -0.9874
vn 0.0040 -0.1565 -0.9877
vn 0.0150 0.3106 -0.9504
vn 0.0625 0.3094 -0.9489
vn 0.0206 0.5886 -0.8082
vn 0.0858 0.5855 -0.8061
vn 0.0242 0.8091 -0.5871
vn 0.1007 0.8047 -0.5851
vn 0.0253 0.9236 -0.3825
vn 0.1055 0.9186 -0.3809
vn 0.0253 0.9720 -0.2334
vn 0.1055 0.9670 -0.2318
vn 0.0242 0.9997 -0.0006
vn 0.1007 0.9949 0.0004
vn 0.0206 0.9512 0.3078
vn 0.0858 0.9475 0.3080
vn 0.0150 0.8099 0.5863
vn 0.0625 0.8081 0.5858
vn 0.0079 0.5896 0.8077
vn 0.0332 0.5900 0.8067
vn 0.0040 0.4539 0.8910
vn 0.0165 0.4529 0.8914
vn 0.0690 -0.0021 -0.9976
vn 0.0343 -0.1603 -0.9865
vn 0.1299 0.2991 -0.9453
vn 0.1781 0.5711 -0.8013
vn 0.2091 0.7877 -0.5795
vn 0.2191 0.9007 -0.3751
vn 0.2191 0.9492 -0.2260
vn 0.2091 0.9779 0.0059
vn 0.1781 0.9330 0.3126
vn 0.1299 0.7976 0.5890
vn 0.0690 0.5847 0.8083
vn 0.0343 0.4501 0.8923
vn 0.1069 -0.0123 -0.9942
vn 0.0531 -0.1656 -0.9848
vn 0.2011 0.2795 -0.9388
vn 0.2757 0.5441 -0.7924
vn 0.3236 0.7559 -0.5691
vn 0.3390 0.8674 -0.3642
vn 0.3390 0.9158 -0.2152
vn 0.3236 0.9461 0.0161
vn 0.2757 0.9060 0.3213
vn 0.2011 0.7780 0.5952
vn 0.1069 0.5744 0.8115
vn 0.0531 0.4448 0.8940
vn 0.1455 -0.0281 -0.9890
vn 0.0722 -0.1736 -0.9822
vn 0.2736 0.2494 -0.9289
vn 0.3751 0.5027 -0.7789
vn 0.4402 0.7072 -0.5533
vn 0.4612 0.8164 -0.3477
vn 0.4612 0.8648 -0.1986
vn 0.4402 0.8973 0.0319
vn 0.3751 0.8645 0.3347
vn 0.2736 0.7478 0.6049
vn 0.1455 0.5585 0.8166
vn 0.0722 0.4368 0.8966
vn 0.1831 -0.0499 -0.9818
vn 0.0908 -0.1845 -0.9786
vn 0.3441 0.2083 -0.9155
vn 0.4718 0.4462 -0.7605
vn 0.5536 0.6409 -0.5317
vn 0.5801 0.7469 -0.3251
vn 0.5801 0.7953 -0.1760
vn 0.5536 0.8310 0.0534
vn 0.4718 0.8080 0.3530
vn 0.3441 0.7067 0.6182
vn 0.1831 0.5367 0.8236
vn 0.0908 0.4259 0.9002
vn 0.2179 -0.0772 -0.9729
vn 0.1080 -0.1981 -0.9742
vn 0.4094 0.1569 -0.8988
vn 0.5611 0.3757 -0.7375
vn 0.6585 0.5581 -0.5048
vn 0.6900 0.6602 -0.2969
vn 0.6900 0.7086 -0.1478
vn 0.6585 0.7483 0.0803
vn 0.5611 0.7375 0.3758
vn 0.4094 0.6552 0.6349
vn 0.2179 0.5094 0.8325
vn 0.1080 0.4123 0.9046
vn 0.2481 -0.1091 -0.9626
vn 0.1230 -0.2139 -0.9691
vn 0.4662 0.0970 -0.8793
vn 0.6391 0.2936 -0.7109
vn 0.7501 0.4618 -0.4735
vn 0.7859 0.5592 -0.2641
vn 0.7859 0.6076 -0.1150
vn 0.7501 0.6519 0.1116
vn 0.6391 0.6554 0.4025
vn 0.4662 0.5953 0.6544
vn 0.2481 0.4775 0.8429
vn 0.1230 0.3965 0.9097
vn 0.2728 -0.1443 -0.9512
vn 0.1353 -0.2313 -0.9634
vn 0.5128 0.0310 -0.8580
vn 0.7030 0.2032 -0.6816
vn 0.8250 0.3557 -0.4391
vn 0.8644 0.4481 -0.2280
vn 0.8644 0.4965 -0.0789
vn 0.8250 0.5459 0.1461
vn 0.7030 0.5650 0.4319
vn 0.5128 0.5294 0.6759
vn 0.2728 0.4424 0.8543
vn 0.1353 0.3792 0.9154
vn 0.2915 -0.1812 -0.9392
vn 0.1447 -0.2496 -0.9575
vn 0.5482 -0.0384 -0.8355
vn 0.7516 0.1081 -0.6507
vn 0.8821 0.2442 -0.4028
vn 0.9242 0.3312 -0.1900
vn 0.9242 0.3797 -0.0410
vn 0.8821 0.4343 0.1824
vn 0.7516 0.4700 0.4629
vn 0.5482 0.4600 0.6985
vn 0.2915 0.4055 0.8664
vn 0.1447 0.3609 0.9213
vn 0.3043 -0.2189 -0.9271
vn 0.1512 -0.2682 -0.9514
vn 0.5726 -0.1091 -0.8126
vn 0.7851 0.0112 -0.6193
vn 0.9215 0.1305 -0.3659
vn 0.9655 0.2121 -0.1513
vn 0.9655 0.2605 -0.0023
vn 0.9215 0.3206 0.2193
vn 0.7851 0.3731 0.4944
vn 0.5726 0.3894 0.7215
vn 0.3043 0.3679 0.8787
vn 0.1512 0.3422 0.9274
vn 0.3117 -0.2563 -0.9150
vn 0.1549 -0.2868 -0.9454
vn 0.5866 -0.1796 -0.7897
vn 0.8044 -0.0854 -0.5879
vn 0.9441 0.0171 -0.3291
vn 0.9892 0.0933 -0.1127
vn 0.9892 0.1417 0.0363
vn 0.9441 0.2073 0.2562
vn 0.8044 0.2765 0.5258
vn 0.5866 0.3189 0.7445
vn 0.3117 0.3304 0.8909
vn 0.1549 0.3236 0.9334
vn 0.3132 -0.2903 -0.9042
vn 0.1562 -0.3036 -0.9399
vn 0.5906 -0.2433 -0.7694
vn 0.8104 -0.1727 -0.5599
vn 0.9514 -0.0854 -0.2960
vn 0.9969 -0.0140 -0.0778
vn 0.9969 0.0344 0.0712
vn 0.9514 0.1049 0.2896
vn 0.8104 0.1893 0.5545
vn 0.5906 0.2554 0.7655
vn 0.3132 0.2967 0.9022
vn 0.1562 0.3068 0.9389
vn 0.3116 -0.3184 -0.8953
vn 0.1557 -0.3177 -0.9353
vn 0.5882 -0.2965 -0.7524
vn 0.8074 -0.2457 -0.5364
vn 0.9480 -0.1710 -0.2683
vn 0.9934 -0.1036 -0.0487
vn 0.9934 -0.0552 0.1003
vn 0.9480 0.0194 0.3176
vn 0.8074 0.1165 0.5784
vn 0.5882 0.2024 0.7830
vn 0.3116 0.2686 0.9115
vn 0.1557 0.2928 0.9434
vn 0.3082 -0.3458 -0.8863
vn 0.1538 -0.3313 -0.9309
vn 0.5813 -0.3480 -0.7355
vn 0.7978 -0.3164 -0.5133
vn 0.9366 -0.2541 -0.2412
vn 0.9814 -0.1907 -0.0204
vn 0.9814 -0.1423 0.1286
vn 0.9366 -0.0638 0.3445
vn 0.7978 0.0457 0.6012
vn 0.5813 0.1508 0.7996
vn 0.3082 0.2412 0.9202
vn 0.1538 0.2791 0.9479
vn 0.3013 -0.3754 -0.8765
vn 0.1502 -0.3461 -0.9261
vn 0.5679 -0.4039 -0.7172
vn 0.7792 -0.3930 -0.4882
vn 0.9147 -0.3440 -0.2119
vn 0.9585 -0.2850 0.0102
vn 0.9585 -0.2365 0.1593
vn 0.9147 -0.1537 0.3736
vn 0.7792 -0.0310 0.6260
vn 0.5679 0.0948 0.8176
vn 0.3013 0.2115 0.9298
vn 0.1502 0.2644 0.9527
vn 0.2903 -0.4064 -0.8664
vn 0.1446 -0.3615 -0.9211
vn 0.5468 -0.4621 -0.6981
vn 0.7501 -0.4729 -0.4622
vn 0.8806 -0.4378 -0.1814
vn 0.9227 -0.3833 0.0422
vn 0.9227 -0.3349 0.1912
vn 0.8806 -0.2476 0.4041
vn 0.7501 -0.1110 0.6519
vn 0.5468 0.0365 0.8364
vn 0.2903 0.1804 0.9398
vn 0.1446 0.2490 0.9577
vn 0.2749 -0.4373 -0.8563
vn 0.1368 -0.3769 -0.9161
vn 0.5177 -0.5203 -0.6792
vn 0.7101 -0.5527 -0.4362
vn 0.8335 -0.5315 -0.1509
vn 0.8733 -0.4815 0.0740
vn 0.8733 -0.4330 0.2231
vn 0.8335 -0.3413 0.4345
vn 0.7101 -0.1908 0.6778
vn 0.5177 -0.0217 0.8553
vn 0.2749 0.1495 0.9498
vn 0.1368 0.2336 0.9627
vn 0.2555 -0.4667 -0.8467
vn 0.1272 -0.3915 -0.9114
vn 0.4811 -0.5756 -0.6612
vn 0.6599 -0.6285 -0.4116
vn 0.7747 -0.6205 -0.1220
vn 0.8117 -0.5747 0.1043
vn 0.8117 -0.5263 0.2534
vn 0.7747 -0.4303 0.4634
vn 0.6599 -0.2666 0.7024
vn 0.4811 -0.0770 0.8733
vn 0.2555 0.1202 0.9593
vn 0.1272 0.2190 0.9674
vn 0.2330 -0.4931 -0.8382
vn 0.1160 -0.4047 -0.9071
vn 0.4390 -0.6254 -0.6451
vn 0.6022 -0.6970 -0.3894
vn 0.7069 -0.7008 -0.0959
vn 0.7407 -0.6588 0.1317
vn 0.7407 -0.6104 0.2807
vn 0.7069 -0.5106 0.4895
vn 0.6022 -0.3350 0.7247
vn 0.4390 -0.1268 0.8895
vn 0.2330 0.0938 0.9679
vn 0.1160 0.2058 0.9717
vn 0.2088 -0.5156 -0.8310
vn 0.1041 -0.4160 -0.9034
vn 0.3936 -0.6682 -0.6313
vn 0.5401 -0.7557 -0.3704
vn 0.6340 -0.7698 -0.0736
vn 0.6643 -0.7311 0.1552
vn 0.6643 -0.6827 0.3042
vn 0.6340 -0.5795 0.5120
vn 0.5401 -0.3937 0.7439
vn 0.3936 -0.1695 0.9035
vn 0.2088 0.0713 0.9754
vn 0.1041 0.1944 0.9754
vn 0.1843 -0.5341 -0.8251
vn 0.0920 -0.4253 -0.9003
vn 0.3476 -0.7033 -0.6201
vn 0.4771 -0.8040 -0.3549
vn 0.5601 -0.8266 -0.0552
vn 0.5869 -0.7906 0.1745
vn 0.5869 -0.7422 0.3235
vn 0.5601 -0.6363 0.5305
vn 0.4771 -0.4419 0.7597
vn 0.3476 -0.2045 0.9151
vn 0.1843 0.0529 0.9815
vn 0.0920 0.1851 0.9784
vn 0.1605 -0.5486 -0.8205
vn 0.0803 -0.4328 -0.8979
vn 0.3031 -0.7311 -0.6112
vn 0.4161 -0.8423 -0.3426
vn 0.4886 -0.8716 -0.0407
vn 0.5119 -0.8378 0.1898
vn 0.5119 -0.7894 0.3389
vn 0.4886 -0.6812 0.5452
vn 0.4161 -0.4801 0.7723
vn 0.3031 -0.2322 0.9242
vn 0.1605 0.0384 0.9863
vn 0.0803 0.1777 0.9808
vn 0.1384 -0.5597 -0.8170
vn 0.0693 -0.4385 -0.8961
vn 0.2615 -0.7525 -0.6045
vn 0.3591 -0.8718 -0.3332
vn 0.4217 -0.9063 -0.0295
vn 0.4419 -0.8741 0.2016
vn 0.4419 -0.8257 0.3507
vn 0.4217 -0.7158 0.5566
vn 0.3591 -0.5095 0.7820
vn 0.2615 -0.2534 0.9313
vn 0.1384 0.0274 0.9900
vn 0.0693 0.1719 0.9827
vn -0.7126 -0.7003 0.0426
vn -0.5435 -0.7983 0.2594
vn -0.5817 -0.8081 0.0926
vn -0.5138 -0.8460 0.1421
vn -0.4726 -0.8573 0.2042
vn -0.5014 -0.8257 0.2585
vn -0.5014 -0.8199 0.2762
vn -0.4726 -0.8136 0.3387
vn -0.5138 -0.7680 0.3823
vn -0.5817 -0.7082 0.4001
vn -0.7126 -0.5916 0.3771
vn -0.7699 0.5301 -0.3554
vn -0.6218 0.7448 -0.2420
vn -0.6564 0.6505 -0.3820
vn -0.5955 0.7138 -0.3686
vn -0.5563 0.7641 -0.3267
vn -0.5826 0.7699 -0.2606
vn -0.5826 0.7760 -0.2417
vn -0.5563 0.8102 -0.1848
vn -0.5955 0.7941 -0.1214
vn -0.6564 0.7508 -0.0733
vn -0.7699 0.6377 -0.0240
vn 0.0852 -0.0071 -0.9963
vn 0.0425 -0.1622 -0.9858
vn 0.1607 0.2909 -0.9432
vn 0.2205 0.5605 -0.7983
vn 0.2589 0.7755 -0.5758
vn 0.2713 0.8881 -0.3710
vn 0.2713 0.9366 -0.2219
vn 0.2589 0.9659 0.0100
vn 0.2205 0.9227 0.3163
vn 0.1607 0.7897 0.5920
vn 0.0851 0.5799 0.8102
vn 0.0425 0.4482 0.8929
vn 0.1141 -0.0161 -0.9933
vn 0.0569 -0.1668 -0.9843
vn 0.2151 0.2737 -0.9374
vn 0.2952 0.5367 -0.7904
vn 0.3465 0.7476 -0.5666
vn 0.3631 0.8588 -0.3614
vn 0.3631 0.9072 -0.2124
vn 0.3465 0.9378 0.0190
vn 0.2952 0.8988 0.3240
vn 0.2151 0.7725 0.5975
vn 0.1141 0.5709 0.8131
vn 0.0569 0.4436 0.8944
vn 0.1438 -0.0286 -0.9892
vn 0.0717 -0.1732 -0.9823
vn 0.2711 0.2498 -0.9296
vn 0.3719 0.5038 -0.7796
vn 0.4366 0.7088 -0.5540
vn 0.4575 0.8182 -0.3482
vn 0.4575 0.8666 -0.1992
vn 0.4366 0.8991 0.0315
vn 0.3719 0.8659 0.3346
vn 0.2711 0.7485 0.6052
vn 0.1438 0.5583 0.8171
vn 0.0717 0.4372 0.8965
vn 0.1738 -0.0451 -0.9837
vn 0.0866 -0.1816 -0.9796
vn 0.3274 0.2185 -0.9193
vn 0.4492 0.4607 -0.7655
vn 0.5272 0.6581 -0.5375
vn 0.5524 0.7650 -0.3310
vn 0.5524 0.8135 -0.1819
vn 0.5272 0.8484 0.0480
vn 0.4492 0.8227 0.3485
vn 0.3274 0.7171 0.6153
vn 0.1738 0.5418 0.8224
vn 0.0866 0.4289 0.8992
vn 0.2032 -0.0659 -0.9769
vn 0.1011 -0.1920 -0.9762
vn 0.3826 0.1791 -0.9064
vn 0.5247 0.4066 -0.7479
vn 0.6160 0.5946 -0.5168
vn 0.6454 0.6984 -0.3093
vn 0.6454 0.7469 -0.1603
vn 0.6160 0.7848 0.0686
vn 0.5247 0.7685 0.3660
vn 0.3826 0.6777 0.6280
vn 0.2032 0.5209 0.8291
vn 0.1011 0.4184 0.9026
vn 0.2310 -0.0910 -0.9687
vn 0.1148 -0.2046 -0.9721
vn 0.4347 0.1317 -0.8909
vn 0.5961 0.3415 -0.7267
vn 0.6997 0.5181 -0.4919
vn 0.7331 0.6183 -0.2833
vn 0.7331 0.6667 -0.1342
vn 0.6997 0.7083 0.0934
vn 0.5961 0.7034 0.3872
vn 0.4347 0.6302 0.6433
vn 0.2310 0.4958 0.8372
vn 0.1148 0.4059 0.9067
vn 0.2560 -0.1201 -0.9592
vn 0.1272 -0.2191 -0.9674
vn 0.4816 0.0768 -0.8730
vn 0.6604 0.2662 -0.7021
vn 0.7751 0.4297 -0.4632
vn 0.8122 0.5256 -0.2532
vn 0.8122 0.5741 -0.1041
vn 0.7751 0.6199 0.1221
vn 0.6604 0.6280 0.4116
vn 0.4816 0.5753 0.6611
vn 0.2560 0.4667 0.8466
vn 0.1272 0.3913 0.9114
vn 0.2771 -0.1525 -0.9486
vn 0.1377 -0.2353 -0.9621
vn 0.5214 0.0157 -0.8532
vn 0.7150 0.1824 -0.6749
vn 0.8392 0.3314 -0.4312
vn 0.8793 0.4226 -0.2197
vn 0.8793 0.4710 -0.0706
vn 0.8392 0.5215 0.1541
vn 0.7150 0.5443 0.4388
vn 0.5214 0.5142 0.6810
vn 0.2771 0.4342 0.8571
vn 0.1377 0.3752 0.9167
vn 0.2937 -0.1873 -0.9374
vn 0.1460 -0.2525 -0.9565
vn 0.5527 -0.0496 -0.8319
vn 0.7578 0.0928 -0.6458
vn 0.8895 0.2262 -0.3970
vn 0.9320 0.3124 -0.1839
vn 0.9320 0.3608 -0.0348
vn 0.8895 0.4163 0.1883
vn 0.7578 0.4546 0.4679
vn 0.5527 0.4488 0.7022
vn 0.2937 0.3994 0.8684
vn 0.1460 0.3579 0.9223
vn 0.3052 -0.2231 -0.9258
vn 0.1518 -0.2703 -0.9507
vn 0.5745 -0.1170 -0.8101
vn 0.7879 0.0004 -0.6158
vn 0.9248 0.1178 -0.3618
vn 0.9690 0.1988 -0.1470
vn 0.9690 0.2472 0.0021
vn 0.9248 0.3079 0.2235
vn 0.7879 0.3623 0.4980
vn 0.5745 0.3815 0.7242
vn 0.3052 0.3636 0.8801
vn 0.1518 0.3402 0.9280
vn 0.3117 -0.2588 -0.9142
vn 0.1551 -0.2880 -0.9450
vn 0.5870 -0.1841 -0.7884
vn 0.8051 -0.0916 -0.5860
vn 0.9450 0.0098 -0.3268
vn 0.9902 0.0857 -0.1102
vn 0.9902 0.1341 0.0388
vn 0.9450 0.2000 0.2586
vn 0.8051 0.2704 0.5279
vn 0.5870 0.3144 0.7460
vn 0.3117 0.3280 0.8918
vn 0.1551 0.3224 0.9338
vn 0.3139 -0.2943 -0.9027
vn 0.1562 -0.3057 -0.9392
vn 0.5910 -0.2510 -0.7666
vn 0.8106 -0.1833 -0.5562
vn 0.9515 -0.0979 -0.2918
vn 0.9969 -0.0271 -0.0736
vn 0.9969 0.0213 0.0755
vn 0.9515 0.0923 0.2936
vn 0.8106 0.1786 0.5577
vn 0.5910 0.2476 0.7677
vn 0.3139 0.2925 0.9033
vn 0.1562 0.3048 0.9395
vn 0.3117 -0.3311 -0.8907
vn 0.1549 -0.3240 -0.9333
vn 0.5864 -0.3202 -0.7440
vn 0.8042 -0.2782 -0.5253
vn 0.9439 -0.2092 -0.2556
vn 0.9890 -0.1438 -0.0357
vn 0.9890 -0.0954 0.1134
vn 0.9439 -0.0191 0.3297
vn 0.8042 0.0837 0.5885
vn 0.5864 0.1783 0.7901
vn 0.3117 0.2557 0.9151
vn 0.1549 0.2865 0.9455
vn 0.3041 -0.3689 -0.8783
vn 0.1510 -0.3427 -0.9272
vn 0.5720 -0.3913 -0.7209
vn 0.7844 -0.3758 -0.4935
vn 0.9206 -0.3238 -0.2183
vn 0.9646 -0.2638 0.0033
vn 0.9646 -0.2154 0.1524
vn 0.9206 -0.1336 0.3669
vn 0.7844 -0.0139 0.6201
vn 0.5720 0.1071 0.8132
vn 0.3041 0.2178 0.9274
vn 0.1510 0.2677 0.9516
vn 0.2910 -0.4068 -0.8659
vn 0.1444 -0.3615 -0.9211
vn 0.5472 -0.4625 -0.6977
vn 0.7502 -0.4733 -0.4618
vn 0.8804 -0.4383 -0.1811
vn 0.9224 -0.3838 0.0423
vn 0.9224 -0.3354 0.1914
vn 0.8804 -0.2481 0.4041
vn 0.7502 -0.1115 0.6518
vn 0.5472 0.0359 0.8363
vn 0.2910 0.1799 0.9397
vn 0.1444 0.2489 0.9577
vn 0.2719 -0.4440 -0.8538
vn 0.1348 -0.3799 -0.9151
vn 0.5110 -0.5323 -0.6749
vn 0.7005 -0.5690 -0.4306
vn 0.8222 -0.5506 -0.1446
vn 0.8614 -0.5015 0.0805
vn 0.8614 -0.4531 0.2296
vn 0.8222 -0.3605 0.4406
vn 0.7005 -0.2073 0.6828
vn 0.5110 -0.0340 0.8589
vn 0.2719 0.1427 0.9517
vn 0.1348 0.2305 0.9637
vn 0.2467 -0.4793 -0.8423
vn 0.1223 -0.3974 -0.9095
vn 0.4635 -0.5986 -0.6533
vn 0.6353 -0.6599 -0.4010
vn 0.7456 -0.6572 -0.1099
vn 0.7812 -0.6132 0.1168
vn 0.7812 -0.5648 0.2659
vn 0.7456 -0.4671 0.4752
vn 0.6353 -0.2982 0.7123
vn 0.4635 -0.1003 0.8804
vn 0.2467 0.1073 0.9631
vn 0.1223 0.2130 0.9694
vn 0.2158 -0.5113 -0.8319
vn 0.1070 -0.4133 -0.9043
vn 0.4055 -0.6587 -0.6338
vn 0.5559 -0.7423 -0.3743
vn 0.6523 -0.7539 -0.0785
vn 0.6835 -0.7145 0.1497
vn 0.6835 -0.6660 0.2988
vn 0.6523 -0.5637 0.5066
vn 0.5559 -0.3805 0.7391
vn 0.4055 -0.1604 0.8999
vn 0.2158 0.0753 0.9735
vn 0.1070 0.1972 0.9745
vn 0.1806 -0.5385 -0.8231
vn 0.0895 -0.4268 -0.8999
vn 0.3393 -0.7099 -0.6172
vn 0.4651 -0.8125 -0.3515
vn 0.5459 -0.8363 -0.0517
vn 0.5719 -0.8008 0.1778
vn 0.5719 -0.7524 0.3269
vn 0.5459 -0.6461 0.5334
vn 0.4651 -0.4507 0.7619
vn 0.3393 -0.2116 0.9166
vn 0.1806 0.0481 0.9824
vn 0.0895 0.1837 0.9789
vn 0.1427 -0.5599 -0.8162
vn 0.0708 -0.4375 -0.8964
vn 0.2682 -0.7504 -0.6041
vn 0.3677 -0.8681 -0.3335
vn 0.4316 -0.9015 -0.0305
vn 0.4522 -0.8692 0.2000
vn 0.4522 -0.8208 0.3491
vn 0.4316 -0.7114 0.5546
vn 0.3677 -0.5063 0.7800
vn 0.2682 -0.2520 0.9298
vn 0.1427 0.0267 0.9894
vn 0.0708 0.1729 0.9824
vn 0.1042 -0.5753 -0.8113
vn 0.0517 -0.4453 -0.8939
vn 0.1960 -0.7797 -0.5947
vn 0.2687 -0.9083 -0.3205
vn 0.3154 -0.9488 -0.0152
vn 0.3304 -0.9188 0.2161
vn 0.3304 -0.8703 0.3652
vn 0.3154 -0.7587 0.5700
vn 0.2687 -0.5465 0.7932
vn 0.1960 -0.2812 0.9394
vn 0.1042 0.0114 0.9945
vn 0.0517 0.1651 0.9849
vn 0.0668 -0.5850 -0.8082
vn 0.0332 -0.4503 -0.8922
vn 0.1258 -0.7984 -0.5888
vn 0.1725 -0.9342 -0.3122
vn 0.2025 -0.9793 -0.0054
vn 0.2122 -0.9506 0.2265
vn 0.2122 -0.9022 0.3755
vn 0.2025 -0.7890 0.5800
vn 0.1725 -0.5723 0.8017
vn 0.1258 -0.2999 0.9456
vn 0.0668 0.0018 0.9978
vn 0.0332 0.1601 0.9865
vn 0.0319 -0.5900 -0.8068
vn 0.0159 -0.4530 -0.8914
vn 0.0602 -0.8082 -0.5858
vn 0.0826 -0.9478 -0.3080
vn 0.0970 -0.9953 -0.0003
vn 0.1016 -0.9674 0.2319
vn 0.1016 -0.9190 0.3810
vn 0.0970 -0.8050 0.5853
vn 0.0826 -0.5858 0.8063
vn 0.0602 -0.3095 0.9490
vn 0.0319 -0.0031 0.9995
vn 0.0159 0.1574 0.9874
vn 0.0076 -0.5895 -0.8077
vn 0.0038 -0.4539 -0.8910
vn 0.0144 -0.8099 -0.5864
vn 0.0197 -0.9512 -0.3079
vn 0.0232 -0.9997 0.0006
vn 0.0243 -0.9721 0.2334
vn 0.0243 -0.9236 0.3825
vn 0.0232 -0.8091 0.5872
vn 0.0197 -0.5886 0.8082
vn 0.0144 -0.3106 0.9504
vn 0.0076 -0.0021 1.0000
vn 0.0038 0.1565 0.9877
vn -0.5226 0.2889 -0.8022
vn -0.0050 -0.0016 -1.0000
vn -0.0211 -0.0044 -0.9998
vn -0.0108 -0.1569 -0.9876
vn -0.0025 -0.1565 -0.9877
vn -0.0095 0.3076 -0.9515
vn -0.0405 0.3045 -0.9516
vn -0.0131 0.5869 -0.8096
vn -0.0559 0.5839 -0.8099
vn -0.0154 0.8086 -0.5882
vn -0.0658 0.8061 -0.5882
vn -0.0161 0.9237 -0.3827
vn -0.0690 0.9215 -0.3821
vn -0.0161 0.9723 -0.2333
vn -0.0690 0.9701 -0.2325
vn -0.0154 0.9999 0.0006
vn -0.0658 0.9978 0.0020
vn -0.0131 0.9506 0.3100
vn -0.0559 0.9484 0.3120
vn -0.0095 0.8081 0.5889
vn -0.0405 0.8057 0.5909
vn -0.0050 0.5865 0.8099
vn -0.0211 0.5841 0.8114
vn -0.0025 0.4540 0.8910
vn -0.0108 0.4535 0.8912
vn -0.0457 -0.0077 -0.9989
vn -0.0234 -0.1583 -0.9871
vn -0.0876 0.2989 -0.9502
vn -0.1210 0.5766 -0.8080
vn -0.1425 0.7978 -0.5858
vn -0.1494 0.9131 -0.3794
vn -0.1494 0.9617 -0.2297
vn -0.1425 0.9898 0.0050
vn -0.1210 0.9414 0.3147
vn -0.0876 0.8004 0.5931
vn -0.0457 0.5809 0.8127
vn -0.0234 0.4522 0.8916
vn -0.0744 -0.0142 -0.9971
vn -0.0383 -0.1612 -0.9862
vn -0.1430 0.2874 -0.9471
vn -0.1976 0.5614 -0.8036
vn -0.2328 0.7803 -0.5805
vn -0.2442 0.8949 -0.3736
vn -0.2442 0.9436 -0.2238
vn -0.2328 0.9725 0.0110
vn -0.1976 0.9265 0.3202
vn -0.1430 0.7892 0.5972
vn -0.0744 0.5746 0.8150
vn -0.0383 0.4493 0.8926
vn -0.1075 -0.0252 -0.9939
vn -0.0554 -0.1664 -0.9845
vn -0.2069 0.2673 -0.9411
vn -0.2862 0.5342 -0.7955
vn -0.3372 0.7487 -0.5707
vn -0.3538 0.8620 -0.3630
vn -0.3538 0.9107 -0.2130
vn -0.3372 0.9412 0.0216
vn -0.2862 0.8997 0.3296
vn -0.2069 0.7694 0.6043
vn -0.1075 0.5638 0.8189
vn -0.0554 0.4441 0.8943
vn -0.1441 -0.0424 -0.9887
vn -0.0745 -0.1748 -0.9818
vn -0.2779 0.2351 -0.9314
vn -0.3847 0.4904 -0.7820
vn -0.4536 0.6976 -0.5546
vn -0.4759 0.8087 -0.3458
vn -0.4759 0.8575 -0.1956
vn -0.4536 0.8904 0.0386
vn -0.3847 0.8564 0.3444
vn -0.2779 0.7377 0.6153
vn -0.1441 0.5468 0.8248
vn -0.0745 0.4356 0.8970
vn -0.1823 -0.0671 -0.9809
vn -0.0945 -0.1873 -0.9777
vn -0.3523 0.1882 -0.9168
vn -0.4881 0.4260 -0.7618
vn -0.5758 0.6221 -0.5305
vn -0.6042 0.7297 -0.3202
vn -0.6042 0.7785 -0.1699
vn -0.5758 0.8151 0.0635
vn -0.4881 0.7924 0.3659
vn -0.3523 0.6911 0.6310
vn -0.1823 0.5223 0.8331
vn -0.0945 0.4232 0.9011
vn -0.2192 -0.0996 -0.9706
vn -0.1138 -0.2039 -0.9723
vn -0.4240 0.1259 -0.8969
vn -0.5877 0.3399 -0.7342
vn -0.6935 0.5208 -0.4979
vn -0.7278 0.6234 -0.2857
vn -0.7278 0.6723 -0.1353
vn -0.6935 0.7139 0.0967
vn -0.5877 0.7065 0.3942
vn -0.4240 0.6290 0.6516
vn -0.2192 0.4899 0.8438
vn -0.1138 0.4065 0.9065
vn -0.2512 -0.1384 -0.9580
vn -0.1304 -0.2241 -0.9658
vn -0.4859 0.0509 -0.8725
vn -0.6735 0.2360 -0.7005
vn -0.7948 0.3982 -0.4580
vn -0.8341 0.4948 -0.2439
vn -0.8341 0.5437 -0.0935
vn -0.7948 0.5914 0.1365
vn -0.6735 0.6026 0.4280
vn -0.4859 0.5540 0.6760
vn -0.2512 0.4511 0.8564
vn -0.1304 0.3864 0.9131
vn -0.2757 -0.1803 -0.9442
vn -0.1429 -0.2459 -0.9587
vn -0.5327 -0.0305 -0.8458
vn -0.7381 0.1230 -0.6634
vn -0.8707 0.2647 -0.4144
vn -0.9137 0.3547 -0.1983
vn -0.9137 0.4035 -0.0480
vn -0.8707 0.4578 0.1797
vn -0.7381 0.4894 0.4644
vn -0.5327 0.4725 0.7021
vn -0.2757 0.4091 0.8699
vn -0.1429 0.3645 0.9202
vn -0.2918 -0.2219 -0.9304
vn -0.1509 -0.2676 -0.9516
vn -0.5630 -0.1110 -0.8190
vn -0.7794 0.0112 -0.6264
vn -0.9191 0.1327 -0.3711
vn -0.9643 0.2159 -0.1532
vn -0.9643 0.2647 -0.0030
vn -0.9191 0.3254 0.2222
vn -0.7794 0.3773 0.5002
vn -0.5630 0.3916 0.7278
vn -0.2918 0.3674 0.8831
vn -0.1509 0.3428 0.9272
vn -0.3006 -0.2602 -0.9176
vn -0.1550 -0.2875 -0.9451
vn -0.5787 -0.1850 -0.7943
vn -0.8005 -0.0914 -0.5923
vn -0.9435 0.0115 -0.3312
vn -0.9898 0.0887 -0.1117
vn -0.9898 0.1374 0.0383
vn -0.9435 0.2040 0.2612
vn -0.8005 0.2742 0.5329
vn -0.5787 0.3172 0.7513
vn -0.3006 0.3288 0.8953
vn -0.1550 0.3229 0.9336
vn -0.3039 -0.2934 -0.9064
vn -0.1562 -0.3047 -0.9395
vn -0.5838 -0.2491 -0.7727
vn -0.8068 -0.1800 -0.5627
vn -0.9504 -0.0931 -0.2967
vn -0.9969 -0.0212 -0.0759
vn -0.9969 0.0275 0.0739
vn -0.9504 0.0991 0.2948
vn -0.8068 0.1851 0.5611
vn -0.5838 0.2527 0.7716
vn -0.3039 0.2954 0.9058
vn -0.1562 0.3057 0.9392
vn -0.3021 -0.3244 -0.8964
vn -0.1554 -0.3206 -0.9344
vn -0.5805 -0.3085 -0.7535
vn -0.8024 -0.2622 -0.5361
vn -0.9453 -0.1899 -0.2653
vn -0.9915 -0.1227 -0.0430
vn -0.9915 -0.0740 0.1069
vn -0.9453 0.0024 0.3263
vn -0.8024 0.1030 0.5879
vn -0.5805 0.1933 0.7910
vn -0.3021 0.2645 0.9159
vn -0.1554 0.2898 0.9444
vn -0.2956 -0.3575 -0.8859
vn -0.1524 -0.3377 -0.9288
vn -0.5689 -0.3723 -0.7333
vn -0.7868 -0.3505 -0.5080
vn -0.9273 -0.2939 -0.2319
vn -0.9728 -0.2317 -0.0076
vn -0.9728 -0.1830 0.1424
vn -0.9273 -0.1014 0.3604
vn -0.7868 0.0151 0.6170
vn -0.5689 0.1298 0.8121
vn -0.2956 0.2315 0.9268
vn -0.1524 0.2728 0.9499
vn -0.2835 -0.3938 -0.8744
vn -0.1465 -0.3565 -0.9228
vn -0.5465 -0.4424 -0.7111
vn -0.7564 -0.4475 -0.4771
vn -0.8918 -0.4083 -0.1951
vn -0.9356 -0.3517 0.0313
vn -0.9356 -0.3029 0.1814
vn -0.8918 -0.2156 0.3978
vn -0.7564 -0.0817 0.6490
vn -0.5465 0.0600 0.8353
vn -0.2835 0.1954 0.9389
vn -0.1465 0.2540 0.9561
vn -0.2646 -0.4317 -0.8623
vn -0.1370 -0.3762 -0.9164
vn -0.5108 -0.5160 -0.6876
vn -0.7075 -0.5495 -0.4444
vn -0.8343 -0.5286 -0.1564
vn -0.8755 -0.4779 0.0722
vn -0.8755 -0.4290 0.2225
vn -0.8343 -0.3357 0.4372
vn -0.7075 -0.1833 0.6826
vn -0.5108 -0.0132 0.8596
vn -0.2646 0.1576 0.9514
vn -0.1370 0.2343 0.9625
vn -0.2385 -0.4691 -0.8503
vn -0.1236 -0.3956 -0.9100
vn -0.4608 -0.5885 -0.6644
vn -0.6384 -0.6501 -0.4121
vn -0.7531 -0.6473 -0.1180
vn -0.7902 -0.6024 0.1126
vn -0.7902 -0.5535 0.2629
vn -0.7531 -0.4543 0.4759
vn -0.6384 -0.2837 0.7155
vn -0.4608 -0.0856 0.8834
vn -0.2385 0.1202 0.9637
vn -0.1236 0.2148 0.9688
vn -0.2059 -0.5033 -0.8392
vn -0.1067 -0.4134 -0.9043
vn -0.3979 -0.6545 -0.6429
vn -0.5512 -0.7416 -0.3824
vn -0.6502 -0.7552 -0.0830
vn -0.6823 -0.7156 0.1494
vn -0.6823 -0.6668 0.2997
vn -0.6502 -0.5622 0.5110
vn -0.5512 -0.3752 0.7453
vn -0.3979 -0.1516 0.9048
vn -0.2059 0.0861 0.9748
vn -0.1067 0.1971 0.9746
vn -0.1689 -0.5318 -0.8298
vn -0.0875 -0.4281 -0.8995
vn -0.3261 -0.7093 -0.6249
vn -0.4517 -0.8174 -0.3575
vn -0.5328 -0.8446 -0.0538
vn -0.5590 -0.8094 0.1799
vn -0.5590 -0.7606 0.3302
vn -0.5328 -0.6517 0.5399
vn -0.4517 -0.4512 0.7697
vn -0.3261 -0.2066 0.9225
vn -0.1689 0.0575 0.9840
vn -0.0875 0.1824 0.9793
vn -0.1303 -0.5536 -0.8225
vn -0.0674 -0.4391 -0.8959
vn -0.2513 -0.7507 -0.6110
vn -0.3479 -0.8743 -0.3385
vn -0.4102 -0.9115 -0.0317
vn -0.4303 -0.8796 0.2028
vn -0.4303 -0.8308 0.3529
vn -0.4102 -0.7188 0.5614
vn -0.3479 -0.5083 0.7878
vn -0.2513 -0.2482 0.9356
vn -0.1303 0.0356 0.9908
vn -0.0674 0.1714 0.9829
vn -0.0928 -0.5686 -0.8174
vn -0.0478 -0.4466 -0.8935
vn -0.1786 -0.7788 -0.6013
vn -0.2471 -0.9127 -0.3254
vn -0.2912 -0.9565 -0.0167
vn -0.3055 -0.9268 0.2182
vn -0.3055 -0.8781 0.3682
vn -0.2912 -0.7640 0.5757
vn -0.2471 -0.5471 0.7998
vn -0.1786 -0.2766 0.9442
vn -0.0928 0.0204 0.9955
vn -0.0478 0.1639 0.9853
vn -0.0581 -0.5778 -0.8141
vn -0.0299 -0.4510 -0.8920
vn -0.1117 -0.7957 -0.5953
vn -0.1544 -0.9356 -0.3174
vn -0.1819 -0.9833 -0.0076
vn -0.1908 -0.9549 0.2274
vn -0.1908 -0.9062 0.3773
vn -0.1819 -0.7910 0.5841
vn -0.1544 -0.5704 0.8067
vn -0.1117 -0.2938 0.9493
vn -0.0581 0.0110 0.9982
vn -0.0299 0.1594 0.9868
vn -0.0273 -0.5827 -0.8122
vn -0.0140 -0.4532 -0.8913
vn -0.0523 -0.8042 -0.5920
vn -0.0723 -0.9469 -0.3132
vn -0.0852 -0.9964 -0.0030
vn -0.0893 -0.9686 0.2319
vn -0.0893 -0.9200 0.3817
vn -0.0852 -0.8043 0.5881
vn -0.0723 -0.5820 0.8100
vn -0.0523 -0.3026 0.9517
vn -0.0273 0.0060 0.9996
vn -0.0140 0.1572 0.9875
vn -0.0065 -0.5861 -0.8102
vn -0.0033 -0.4539 -0.8910
vn -0.0123 -0.8078 -0.5893
vn -0.0170 -0.9505 -0.3103
vn -0.0200 -0.9998 -0.0008
vn -0.0210 -0.9722 0.2333
vn -0.0210 -0.9236 0.3827
vn -0.0200 -0.8084 0.5883
vn -0.0170 -0.5865 0.8097
vn -0.0123 -0.3072 0.9516
vn -0.0065 0.0021 1.0000
vn -0.0033 0.1565 0.9877
vn 0.7024 -0.7038 0.1069
vn 0.7024 -0.6322 0.3272
vn 0.6319 -0.4624 0.6220
vn 0.6319 0.4624 -0.6220
vn 0.7024 0.6322 -0.3272
vn 0.7024 0.7038 -0.1069
vn -0.0065 -0.0021 -1.0000
vn -0.0275 -0.0061 -0.9996
vn -0.0141 -0.1572 -0.9875
vn -0.0033 -0.1565 -0.9877
vn -0.0125 0.3072 -0.9516
vn -0.0528 0.3026 -0.9517
vn -0.0172 0.5865 -0.8098
vn -0.0730 0.5819 -0.8100
vn -0.0202 0.8084 -0.5883
vn -0.0860 0.8042 -0.5880
vn -0.0212 0.9236 -0.3827
vn -0.0902 0.9199 -0.3817
vn -0.0212 0.9722 -0.2333
vn -0.0902 0.9685 -0.2319
vn -0.0202 0.9998 0.0008
vn -0.0860 0.9963 0.0030
vn -0.0172 0.9505 0.3104
vn -0.0730 0.9469 0.3132
vn -0.0125 0.8078 0.5893
vn -0.0528 0.8041 0.5921
vn -0.0065 0.5860 0.8103
vn -0.0275 0.5827 0.8123
vn -0.0033 0.4539 0.8910
vn -0.0141 0.4532 0.8913
vn -0.0585 -0.0111 -0.9982
vn -0.0301 -0.1595 -0.9867
vn -0.1125 0.2937 -0.9493
vn -0.1555 0.5702 -0.8067
vn -0.1833 0.7908 -0.5840
vn -0.1922 0.9060 -0.3772
vn -0.1922 0.9547 -0.2273
vn -0.1833 0.9830 0.0077
vn -0.1555 0.9354 0.3175
vn -0.1125 0.7955 0.5954
vn -0.0585 0.5778 0.8141
vn -0.0301 0.4510 0.8920
vn -0.0932 -0.0205 -0.9954
vn -0.0480 -0.1639 -0.9853
vn -0.1794 0.2764 -0.9442
vn -0.2481 0.5468 -0.7996
vn -0.2924 0.7637 -0.5756
vn -0.3068 0.8777 -0.3681
vn -0.3068 0.9265 -0.2181
vn -0.2924 0.9561 0.0168
vn -0.2481 0.9124 0.3255
vn -0.1794 0.7786 0.6014
vn -0.0932 0.5685 0.8174
vn -0.0480 0.4465 0.8935
vn -0.1305 -0.0356 -0.9908
vn -0.0674 -0.1714 -0.9829
vn -0.2515 0.2481 -0.9355
vn -0.3482 0.5083 -0.7877
vn -0.4105 0.7186 -0.5613
vn -0.4307 0.8307 -0.3529
vn -0.4307 0.8794 -0.2028
vn -0.4105 0.9113 0.0317
vn -0.3482 0.8742 0.3385
vn -0.2515 0.7506 0.6110
vn -0.1305 0.5536 0.8225
vn -0.0674 0.4391 0.8959
vn -0.1686 -0.0571 -0.9840
vn -0.0873 -0.1823 -0.9794
vn -0.3255 0.2071 -0.9226
vn -0.4508 0.4519 -0.7698
vn -0.5316 0.6524 -0.5401
vn -0.5578 0.7613 -0.3304
vn -0.5578 0.8102 -0.1802
vn -0.5316 0.8453 0.0535
vn -0.4508 0.8180 0.3572
vn -0.3255 0.7098 0.6246
vn -0.1686 0.5322 0.8297
vn -0.0873 0.4282 0.8995
vn -0.2051 -0.0852 -0.9750
vn -0.1063 -0.1967 -0.9747
vn -0.3963 0.1532 -0.9053
vn -0.5489 0.3773 -0.7459
vn -0.6475 0.5647 -0.5118
vn -0.6794 0.6694 -0.3006
vn -0.6794 0.7182 -0.1503
vn -0.6475 0.7576 0.0821
vn -0.5489 0.7437 0.3816
vn -0.3963 0.6560 0.6423
vn -0.2051 0.5042 0.8389
vn -0.1063 0.4138 0.9042
vn -0.2374 -0.1187 -0.9641
vn -0.1230 -0.2140 -0.9691
vn -0.4585 0.0886 -0.8842
vn -0.6352 0.2878 -0.7167
vn -0.7492 0.4590 -0.4774
vn -0.7862 0.5585 -0.2645
vn -0.7862 0.6073 -0.1143
vn -0.7492 0.6520 0.1164
vn -0.6352 0.6541 0.4107
vn -0.4585 0.5914 0.6633
vn -0.2374 0.4707 0.8497
vn -0.1230 0.3964 0.9098
vn -0.2635 -0.1554 -0.9521
vn -0.1363 -0.2331 -0.9628
vn -0.5085 0.0175 -0.8609
vn -0.7041 0.1892 -0.6844
vn -0.8304 0.3426 -0.4394
vn -0.8713 0.4362 -0.2248
vn -0.8713 0.4851 -0.0746
vn -0.8304 0.5354 0.1541
vn -0.7041 0.5553 0.4425
vn -0.5085 0.5202 0.6862
vn -0.2635 0.4339 0.8616
vn -0.1363 0.3773 0.9160
vn -0.2825 -0.1929 -0.9397
vn -0.1460 -0.2527 -0.9565
vn -0.5446 -0.0552 -0.8369
vn -0.7537 0.0884 -0.6512
vn -0.8886 0.2236 -0.4004
vn -0.9323 0.3112 -0.1841
vn -0.9323 0.3600 -0.0340
vn -0.8886 0.4162 0.1925
vn -0.7537 0.4543 0.4749
vn -0.5446 0.4473 0.7095
vn -0.2825 0.3963 0.8736
vn -0.1460 0.3578 0.9223
vn -0.2949 -0.2292 -0.9276
vn -0.1521 -0.2715 -0.9503
vn -0.5677 -0.1253 -0.8136
vn -0.7853 -0.0088 -0.6191
vn -0.9255 0.1088 -0.3628
vn -0.9709 0.1907 -0.1449
vn -0.9709 0.2394 0.0051
vn -0.9255 0.3012 0.2296
vn -0.7853 0.3567 0.5061
vn -0.5677 0.3768 0.7319
vn -0.2949 0.3598 0.8852
vn -0.1521 0.3389 0.9284
vn -0.3017 -0.2630 -0.9164
vn -0.1553 -0.2890 -0.9446
vn -0.5800 -0.1905 -0.7920
vn -0.8018 -0.0991 -0.5893
vn -0.9447 0.0023 -0.3279
vn -0.9910 0.0789 -0.1085
vn -0.9910 0.1277 0.0414
vn -0.9447 0.1946 0.2639
vn -0.8018 0.2662 0.5350
vn -0.5800 0.3114 0.7527
vn -0.3017 0.3259 0.8960
vn -0.1553 0.3214 0.9341
vn -0.3032 -0.2964 -0.9057
vn -0.1562 -0.3062 -0.9391
vn -0.5832 -0.2548 -0.7713
vn -0.8065 -0.1880 -0.5606
vn -0.9503 -0.1024 -0.2940
vn -0.9969 -0.0309 -0.0729
vn -0.9969 0.0179 0.0771
vn -0.9503 0.0900 0.2980
vn -0.8065 0.1775 0.5640
vn -0.5832 0.2472 0.7738
vn -0.3032 0.2925 0.9069
vn -0.1562 0.3042 0.9397
vn -0.2990 -0.3340 -0.8939
vn -0.1546 -0.3256 -0.9328
vn -0.5766 -0.3273 -0.7486
vn -0.7982 -0.2882 -0.5290
vn -0.9411 -0.2204 -0.2562
vn -0.9874 -0.1546 -0.0328
vn -0.9874 -0.1058 0.1174
vn -0.9411 -0.0277 0.3369
vn -0.7982 0.0777 0.5973
vn -0.5766 0.1752 0.7980
vn -0.2990 0.2552 0.9195
vn -0.1546 0.2849 0.9460
vn -0.2890 -0.3756 -0.8806
vn -0.1496 -0.3471 -0.9258
vn -0.5579 -0.4076 -0.7229
vn -0.7727 -0.3995 -0.4932
vn -0.9113 -0.3517 -0.2139
vn -0.9563 -0.2922 0.0119
vn -0.9563 -0.2434 0.1622
vn -0.9113 -0.1588 0.3798
vn -0.7727 -0.0333 0.6339
vn -0.5579 0.0951 0.8244
vn -0.2890 0.2137 0.9332
vn -0.1496 0.2633 0.9530
vn -0.2715 -0.4178 -0.8670
vn -0.1408 -0.3690 -0.9187
vn -0.5247 -0.4893 -0.6966
vn -0.7269 -0.5127 -0.4568
vn -0.8576 -0.4853 -0.1707
vn -0.8999 -0.4324 0.0574
vn -0.8999 -0.3835 0.2077
vn -0.8576 -0.2922 0.4233
vn -0.7269 -0.1463 0.6709
vn -0.5247 0.0136 0.8512
vn -0.2716 0.1716 0.9470
vn -0.1408 0.2414 0.9602
vn -0.2469 -0.4581 -0.8540
vn -0.1280 -0.3899 -0.9119
vn -0.4770 -0.5671 -0.6714
vn -0.6610 -0.6206 -0.4218
vn -0.7798 -0.6125 -0.1294
vn -0.8183 -0.5659 0.1008
vn -0.8183 -0.5171 0.2511
vn -0.7798 -0.4195 0.4647
vn -0.6610 -0.2542 0.7060
vn -0.4770 -0.0642 0.8765
vn -0.2469 0.1314 0.9601
vn -0.1280 0.2205 0.9669
vn -0.2162 -0.4939 -0.8422
vn -0.1120 -0.4084 -0.9059
vn -0.4176 -0.6361 -0.6488
vn -0.5785 -0.7161 -0.3906
vn -0.6824 -0.7251 -0.0927
vn -0.7160 -0.6840 0.1392
vn -0.7160 -0.6352 0.2895
vn -0.6824 -0.5321 0.5012
vn -0.5785 -0.3498 0.7369
vn -0.4176 -0.1333 0.8988
vn -0.2162 0.0955 0.9717
vn -0.1120 0.2020 0.9729
vn -0.1818 -0.5234 -0.8324
vn -0.0941 -0.4236 -0.9010
vn -0.3508 -0.6928 -0.6300
vn -0.4858 -0.7943 -0.3647
vn -0.5729 -0.8173 -0.0625
vn -0.6011 -0.7808 0.1707
vn -0.6011 -0.7319 0.3209
vn -0.5729 -0.6245 0.5309
vn -0.4858 -0.4282 0.7620
vn -0.3508 -0.1902 0.9169
vn -0.1818 0.0658 0.9811
vn -0.0941 0.1869 0.9779
vn -0.1463 -0.5462 -0.8248
vn -0.0755 -0.4351 -0.8972
vn -0.2818 -0.7360 -0.6155
vn -0.3900 -0.8538 -0.3449
vn -0.4597 -0.8872 -0.0394
vn -0.4823 -0.8541 0.1946
vn -0.4823 -0.8054 0.3446
vn -0.4597 -0.6946 0.5534
vn -0.3900 -0.4880 0.7809
vn -0.2818 -0.2337 0.9306
vn -0.1463 0.0429 0.9883
vn -0.0755 0.1753 0.9816
vn -0.1116 -0.5625 -0.8192
vn -0.0575 -0.4433 -0.8945
vn -0.2147 -0.7667 -0.6050
vn -0.2969 -0.8958 -0.3307
vn -0.3498 -0.9365 -0.0230
vn -0.3670 -0.9059 0.2114
vn -0.3670 -0.8572 0.3614
vn -0.3498 -0.7441 0.5691
vn -0.2969 -0.5304 0.7941
vn -0.2147 -0.2646 0.9401
vn -0.1116 0.0265 0.9934
vn -0.0575 0.1671 0.9843
vn -0.0792 -0.5734 -0.8154
vn -0.0407 -0.4487 -0.8928
vn -0.1522 -0.7869 -0.5980
vn -0.2103 -0.9234 -0.3212
vn -0.2477 -0.9688 -0.0122
vn -0.2598 -0.9397 0.2225
vn -0.2598 -0.8910 0.3723
vn -0.2477 -0.7766 0.5793
vn -0.2103 -0.5582 0.8026
vn -0.1522 -0.2851 0.9463
vn -0.0792 0.0154 0.9967
vn -0.0407 0.1618 0.9860
vn -0.0498 -0.5801 -0.8130
vn -0.0256 -0.4518 -0.8917
vn -0.0955 -0.7990 -0.5936
vn -0.1320 -0.9397 -0.3154
vn -0.1554 -0.9878 -0.0057
vn -0.1630 -0.9597 0.2290
vn -0.1630 -0.9110 0.3788
vn -0.1554 -0.7958 0.5852
vn -0.1320 -0.5748 0.8075
vn -0.0955 -0.2975 0.9499
vn -0.0498 0.0086 0.9987
vn -0.0256 0.1586 0.9870
vn -0.0235 -0.5836 -0.8117
vn -0.0121 -0.4534 -0.8912
vn -0.0451 -0.8052 -0.5913
vn -0.0623 -0.9479 -0.3124
vn -0.0733 -0.9973 -0.0024
vn -0.0769 -0.9696 0.2323
vn -0.0769 -0.9210 0.3820
vn -0.0733 -0.8054 0.5881
vn -0.0623 -0.5833 0.8099
vn -0.0451 -0.3039 0.9516
vn -0.0235 0.0049 0.9997
vn -0.0121 0.1570 0.9875
vn -0.0056 -0.5863 -0.8101
vn -0.0029 -0.4539 -0.8910
vn -0.0107 -0.8080 -0.5891
vn -0.0148 -0.9506 -0.3102
vn -0.0174 -0.9998 -0.0007
vn -0.0183 -0.9722 0.2333
vn -0.0183 -0.9237 0.3827
vn -0.0174 -0.8085 0.5882
vn -0.0148 -0.5867 0.8096
vn -0.0107 -0.3074 0.9515
vn -0.0056 0.0018 1.0000
vn -0.0029 0.1565 0.9877
vn 0.1747 -0.2224 -0.9592
vn 0.2503 -0.3803 -0.8904
vn 0.1399 -0.3516 -0.9256
vn 0.0621 -0.2796 -0.9581
vn 0.3301 -0.1349 -0.9343
vn 0.5144 -0.4284 -0.7428
vn 0.5335 -0.0021 -0.8458
vn 0.7378 -0.4358 -0.5156
vn 0.7750 0.2014 -0.5990
vn 0.8904 -0.3965 -0.2237
vn 0.8881 0.3617 -0.2838
vn 0.9417 -0.3358 0.0204
vn 0.8881 0.4594 0.0170
vn 0.9417 -0.2837 0.1809
vn 0.7750 0.5150 0.3662
vn 0.8904 -0.1893 0.4140
vn 0.5335 0.4954 0.6855
vn 0.7378 -0.0495 0.6733
vn 0.3301 0.4400 0.8351
vn 0.5144 0.0900 0.8528
vn 0.1747 0.3839 0.9067
vn 0.2503 0.2157 0.9439
vn 0.0621 0.3370 0.9395
vn 0.1399 0.2596 0.9555
vn -0.2501 -0.3805 -0.8903
vn -0.1398 -0.3517 -0.9256
vn -0.5141 -0.4288 -0.7428
vn -0.7375 -0.4363 -0.5155
vn -0.8901 -0.3971 -0.2236
vn -0.9415 -0.3365 0.0206
vn -0.9415 -0.2843 0.1812
vn -0.8901 -0.1899 0.4143
vn -0.7375 -0.0500 0.6735
vn -0.5141 0.0897 0.8530
vn -0.2501 0.2155 0.9439
vn -0.1398 0.2595 0.9556
vn -0.1745 -0.2226 -0.9592
vn -0.0620 -0.2797 -0.9581
vn -0.3298 -0.1353 -0.9343
vn -0.5333 -0.0029 -0.8459
vn -0.7751 0.2006 -0.5992
vn -0.8884 0.3609 -0.2837
vn -0.8884 0.4588 0.0174
vn -0.7751 0.5145 0.3668
vn -0.5333 0.4949 0.6861
vn -0.3298 0.4397 0.8354
vn -0.1745 0.3837 0.9068
vn -0.0620 0.3369 0.9395
vn 0.1399 -0.0206 -0.9899
vn 0.0619 -0.1856 -0.9807
vn 0.2535 0.2410 -0.9368
vn 0.3495 0.4930 -0.7967
vn 0.4154 0.7082 -0.5709
vn 0.4375 0.8251 -0.3576
vn 0.4375 0.8777 -0.1957
vn 0.4154 0.9085 0.0456
vn 0.3495 0.8672 0.3548
vn 0.2535 0.7456 0.6163
vn 0.1399 0.5652 0.8130
vn 0.0619 0.4263 0.9025
vn 0.0004 -0.1715 -0.9852
vn 0.0003 -0.2151 -0.9766
vn 0.0009 0.0483 -0.9988
vn 0.0016 0.3236 -0.9462
vn 0.0023 0.6638 -0.7479
vn 0.0026 0.9011 -0.4337
vn 0.0026 0.9839 -0.1788
vn 0.0023 0.9766 0.2148
vn 0.0016 0.8180 0.5753
vn 0.0009 0.6261 0.7797
vn 0.0004 0.4403 0.8978
vn 0.0003 0.4000 0.9165
vn -0.1392 -0.0201 -0.9901
vn -0.0616 -0.1852 -0.9808
vn -0.2523 0.2419 -0.9369
vn -0.3477 0.4942 -0.7968
vn -0.4132 0.7094 -0.5710
vn -0.4351 0.8262 -0.3578
vn -0.4351 0.8787 -0.1961
vn -0.4132 0.9095 0.0450
vn -0.3477 0.8682 0.3541
vn -0.2523 0.7464 0.6158
vn -0.1392 0.5656 0.8128
vn -0.0616 0.4266 0.9023
vt 0.750000 0.000000
vt 0.625000 0.000000
vt 0.500000 0.000000
vt 1.000000 0.000000
vt 0.125000 0.000000
vt 0.000000 0.000000
vt 0.875000 0.000000
vt 0.250000 0.000000
vt 0.375000 0.000000
vt 0.476190 0.000000
vt 0.990476 0.000000
vt 0.485714 0.000000
vt 0.742857 0.000000
vt 0.733333 0.000000
vt 0.504762 0.000000
vt 0.495238 0.000000
vt 0.980952 0.000000
vt 0.514286 0.000000
vt 0.714286 0.000000
vt 0.723810 0.000000
vt 0.752381 0.000000
vt 0.466667 0.000000
vt 0.761905 0.000000
vt 0.523810 0.000000
vt 0.971429 0.000000
vt 0.533333 0.000000
vt 0.695238 0.000000
vt 0.019048 0.000000
vt 0.704762 0.000000
vt 0.009524 0.000000
vt 0.771429 0.000000
vt 0.457143 0.000000
vt 0.447619 0.000000
vt 0.780952 0.000000
vt 0.942857 0.000000
vt 0.238095 0.000000
vt 0.952381 0.000000
vt 0.228571 0.000000
vt 0.219048 0.000000
vt 0.552381 0.000000
vt 0.561905 0.000000
vt 0.961905 0.000000
vt 0.542857 0.000000
vt 0.676190 0.000000
vt 0.038095 0.000000
vt 0.685714 0.000000
vt 0.028571 0.000000
vt 0.257143 0.000000
vt 0.923810 0.000000
vt 0.266667 0.000000
vt 0.800000 0.000000
vt 0.428571 0.000000
vt 0.419048 0.000000
vt 0.809524 0.000000
vt 0.409524 0.000000
vt 0.819048 0.000000
vt 0.400000 0.000000
vt 0.828571 0.000000
vt 0.390476 0.000000
vt 0.838095 0.000000
vt 0.380952 0.000000
vt 0.371429 0.000000
vt 0.847619 0.000000
vt 0.361905 0.000000
vt 0.857143 0.000000
vt 0.352381 0.000000
vt 0.866667 0.000000
vt 0.342857 0.000000
vt 0.333333 0.000000
vt 0.876190 0.000000
vt 0.323810 0.000000
vt 0.885714 0.000000
vt 0.314286 0.000000
vt 0.895238 0.000000
vt 0.304762 0.000000
vt 0.295238 0.000000
vt 0.904762 0.000000
vt 0.285714 0.000000
vt 0.914286 0.000000
vt 0.276190 0.000000
vt 0.438095 0.000000
vt 0.790476 0.000000
vt 0.933333 0.000000
vt 0.247619 0.000000
vt 0.209524 0.000000
vt 0.571429 0.000000
vt 0.200000 0.000000
vt 0.190476 0.000000
vt 0.580952 0.000000
vt 0.180952 0.000000
vt 0.171429 0.000000
vt 0.590476 0.000000
vt 0.161905 0.000000
vt 0.152381 0.000000
vt 0.600000 0.000000
vt 0.142857 0.000000
vt 0.133333 0.000000
vt 0.609524 0.000000
vt 0.123810 0.000000
vt 0.114286 0.000000
vt 0.619048 0.000000
vt 0.104762 0.000000
vt 0.628571 0.000000
vt 0.095238 0.000000
vt 0.638095 0.000000
vt 0.085714 0.000000
vt 0.076190 0.000000
vt 0.647619 0.000000
vt 0.066667 0.000000
vt 0.657143 0.000000
vt 0.057143 0.000000
vt 0.666667 0.000000
vt 0.047619 0.000000
vt 0.311688 0.000000
vt 0.298701 0.000000
vt 0.337662 0.000000
vt 0.259740 0.000000
vt 0.246753 0.000000
vt 0.441558 0.000000
vt 0.415584 0.000000
vt 0.272727 0.000000
vt 0.402597 0.000000
vt 0.389610 0.000000
vt 0.376623 0.000000
vt 0.363636 0.000000
vt 0.350649 0.000000
vt 0.324675 0.000000
vt 0.584416 0.000000
vt 0.168831 0.000000
vt 0.597403 0.000000
vt 0.636364 0.000000
vt 0.155844 0.000000
vt 0.623377 0.000000
vt 0.610390 0.000000
vt 0.181818 0.000000
vt 0.558442 0.000000
vt 0.194805 0.000000
vt 0.545455 0.000000
vt 0.207792 0.000000
vt 0.532468 0.000000
vt 0.519481 0.000000
vt 0.220779 0.000000
vt 0.506494 0.000000
vt 0.493506 0.000000
vt 0.233766 0.000000
vt 0.480519 0.000000
vt 0.467532 0.000000
vt 0.454545 0.000000
vt 0.129870 0.000000
vt 0.675325 0.000000
vt 0.662338 0.000000
vt 0.701299 0.000000
vt 0.688312 0.000000
vt 0.116883 0.000000
vt 0.740260 0.000000
vt 0.103896 0.000000
vt 0.090909 0.000000
vt 0.753247 0.000000
vt 0.766234 0.000000
vt 0.727273 0.000000
vt 0.987013 0.000000
vt 0.961039 0.000000
vt 0.974026 0.000000
vt 0.844156 0.000000
vt 0.038961 0.000000
vt 0.025974 0.000000
vt 0.870130 0.000000
vt 0.883117 0.000000
vt 0.012987 0.000000
vt 0.896104 0.000000
vt 0.909091 0.000000
vt 0.922078 0.000000
vt 0.935065 0.000000
vt 0.948052 0.000000
vt 0.077922 0.000000
vt 0.779221 0.000000
vt 0.792208 0.000000
vt 0.064935 0.000000
vt 0.805195 0.000000
vt 0.818182 0.000000
vt 0.051948 0.000000
vt 0.831169 0.000000
vt 0.649351 0.000000
vt 0.677419 0.000000
vt 0.688172 0.000000
vt 0.698925 0.000000
vt 0.634409 0.000000
vt 0.720430 0.000000
vt 0.645161 0.000000
vt 0.655914 0.000000
vt 0.989247 0.000000
vt 0.612903 0.000000
vt 0.731183 0.000000
vt 0.623656 0.000000
vt 0.602151 0.000000
vt 0.741935 0.000000
vt 0.956989 0.000000
vt 0.967742 0.000000
vt 0.709677 0.000000
vt 0.978495 0.000000
vt 0.774194 0.000000
vt 0.763441 0.000000
vt 0.247312 0.000000
vt 0.935484 0.000000
vt 0.924731 0.000000
vt 0.032258 0.000000
vt 0.021505 0.000000
vt 0.580645 0.000000
vt 0.591398 0.000000
vt 0.752688 0.000000
vt 0.946237 0.000000
vt 0.010753 0.000000
vt 0.322581 0.000000
vt 0.311828 0.000000
vt 0.537634 0.000000
vt 0.505376 0.000000
vt 0.494624 0.000000
vt 0.516129 0.000000
vt 0.483871 0.000000
vt 0.473118 0.000000
vt 0.462366 0.000000
vt 0.451613 0.000000
vt 0.440860 0.000000
vt 0.430108 0.000000
vt 0.419355 0.000000
vt 0.408602 0.000000
vt 0.397849 0.000000
vt 0.387097 0.000000
vt 0.526882 0.000000
vt 0.376344 0.000000
vt 0.365591 0.000000
vt 0.354839 0.000000
vt 0.344086 0.000000
vt 0.118280 0.000000
vt 0.107527 0.000000
vt 0.849462 0.000000
vt 0.548387 0.000000
vt 0.301075 0.000000
vt 0.290323 0.000000
vt 0.559140 0.000000
vt 0.279570 0.000000
vt 0.268817 0.000000
vt 0.569892 0.000000
vt 0.258065 0.000000
vt 0.236559 0.000000
vt 0.225806 0.000000
vt 0.784946 0.000000
vt 0.215054 0.000000
vt 0.204301 0.000000
vt 0.795699 0.000000
vt 0.193548 0.000000
vt 0.806452 0.000000
vt 0.182796 0.000000
vt 0.172043 0.000000
vt 0.817204 0.000000
vt 0.161290 0.000000
vt 0.150538 0.000000
vt 0.827957 0.000000
vt 0.139785 0.000000
vt 0.838710 0.000000
vt 0.129032 0.000000
vt 0.860215 0.000000
vt 0.096774 0.000000
vt 0.870968 0.000000
vt 0.086022 0.000000
vt 0.881720 0.000000
vt 0.075269 0.000000
vt 0.892473 0.000000
vt 0.064516 0.000000
vt 0.903226 0.000000
vt 0.053763 0.000000
vt 0.913979 0.000000
vt 0.043011 0.000000
vt 0.000000 0.090909
vt 0.014925 0.090909
vt 0.014925 0.000000
vt 0.000000 0.181818
vt 0.014925 0.181818
vt 0.000000 0.272727
vt 0.014925 0.272727
vt 0.000000 0.363636
vt 0.014925 0.363636
vt 0.000000 0.454545
vt 0.014925 0.454545
vt 0.000000 0.545455
vt 0.014925 0.545455
vt 0.000000 0.636364
vt 0.014925 0.636364
vt 0.000000 0.727273
vt 0.014925 0.727273
vt 0.000000 0.818182
vt 0.014925 0.818182
vt 0.000000 0.909091
vt 0.014925 0.909091
vt 0.000000 1.000000
vt 0.014925 1.000000
vt 0.029851 0.090909
vt 0.029851 0.000000
vt 0.029851 0.181818
vt 0.029851 0.272727
vt 0.029851 0.363636
vt 0.029851 0.454545
vt 0.029851 0.545455
vt 0.029851 0.636364
vt 0.029851 0.727273
vt 0.029851 0.818182
vt 0.029851 0.909091
vt 0.029851 1.000000
vt 0.044776 0.090909
vt 0.044776 0.000000
vt 0.044776 0.181818
vt 0.044776 0.272727
vt 0.044776 0.363636
vt 0.044776 0.454545
vt 0.044776 0.545455
vt 0.044776 0.636364
vt 0.044776 0.727273
vt 0.044776 0.818182
vt 0.044776 0.909091
vt 0.044776 1.000000
vt 0.059701 0.090909
vt 0.059701 0.000000
vt 0.059701 0.181818
vt 0.059701 0.272727
vt 0.059701 0.363636
vt 0.059701 0.454545
vt 0.059701 0.545455
vt 0.059701 0.636364
vt 0.059701 0.727273
vt 0.059701 0.818182
vt 0.059701 0.909091
vt 0.059701 1.000000
vt 0.074627 0.090909
vt 0.074627 0.000000
vt 0.074627 0.181818
vt 0.074627 0.272727
vt 0.074627 0.363636
vt 0.074627 0.454545
vt 0.074627 0.545455
vt 0.074627 0.636364
vt 0.074627 0.727273
vt 0.074627 0.818182
vt 0.074627 0.909091
vt 0.074627 1.000000
vt 0.089552 0.090909
vt 0.089552 0.000000
vt 0.089552 0.181818
vt 0.089552 0.272727
vt 0.089552 0.363636
vt 0.089552 0.454545
vt 0.089552 0.545455
vt 0.089552 0.636364
vt 0.089552 0.727273
vt 0.089552 0.818182
vt 0.089552 0.909091
vt 0.089552 1.000000
vt 0.104478 0.090909
vt 0.104478 0.000000
vt 0.104478 0.181818
vt 0.104478 0.272727
vt 0.104478 0.363636
vt 0.104478 0.454545
vt 0.104478 0.545455
vt 0.104478 0.636364
vt 0.104478 0.727273
vt 0.104478 0.818182
vt 0.104478 0.909091
vt 0.104478 1.000000
vt 0.119403 0.090909
vt 0.119403 0.000000
vt 0.119403 0.181818
vt 0.119403 0.272727
vt 0.119403 0.363636
vt 0.119403 0.454545
vt 0.119403 0.545455
vt 0.119403 0.636364
vt 0.119403 0.727273
vt 0.119403 0.818182
vt 0.119403 0.909091
vt 0.119403 1.000000
vt 0.134328 0.090909
vt 0.134328 0.000000
vt 0.134328 0.181818
vt 0.134328 0.272727
vt 0.134328 0.363636
vt 0.134328 0.454545
vt 0.134328 0.545455
vt 0.134328 0.636364
vt 0.134328 0.727273
vt 0.134328 0.818182
vt 0.134328 0.909091
vt 0.134328 1.000000
vt 0.149254 0.090909
vt 0.149254 0.000000
vt 0.149254 0.181818
vt 0.149254 0.272727
vt 0.149254 0.363636
vt 0.149254 0.454545
vt 0.149254 0.545455
vt 0.149254 0.636364
vt 0.149254 0.727273
vt 0.149254 0.818182
vt 0.149254 0.909091
vt 0.149254 1.000000
vt 0.164179 0.090909
vt 0.164179 0.000000
vt 0.164179 0.181818
vt 0.164179 0.272727
vt 0.164179 0.363636
vt 0.164179 0.454545
vt 0.164179 0.545455
vt 0.164179 0.636364
vt 0.164179 0.727273
vt 0.164179 0.818182
vt 0.164179 0.909091
vt 0.164179 1.000000
vt 0.179104 0.090909
vt 0.179104 0.000000
vt 0.179104 0.181818
vt 0.179104 0.272727
vt 0.179104 0.363636
vt 0.179104 0.454545
vt 0.179104 0.545455
vt 0.179104 0.636364
vt 0.179104 0.727273
vt 0.179104 0.818182
vt 0.179104 0.909091
vt 0.179104 1.000000
vt 0.194030 0.090909
vt 0.194030 0.000000
vt 0.194030 0.181818
vt 0.194030 0.272727
vt 0.194030 0.363636
vt 0.194030 0.454545
vt 0.194030 0.545455
vt 0.194030 0.636364
vt 0.194030 0.727273
vt 0.194030 0.818182
vt 0.194030 0.909091
vt 0.194030 1.000000
vt 0.208955 0.090909
vt 0.208955 0.000000
vt 0.208955 0.181818
vt 0.208955 0.272727
vt 0.208955 0.363636
vt 0.208955 0.454545
vt 0.208955 0.545455
vt 0.208955 0.636364
vt 0.208955 0.727273
vt 0.208955 0.818182
vt 0.208955 0.909091
vt 0.208955 1.000000
vt 0.223881 0.090909
vt 0.223881 0.000000
vt 0.223881 0.181818
vt 0.223881 0.272727
vt 0.223881 0.363636
vt 0.223881 0.454545
vt 0.223881 0.545455
vt 0.223881 0.636364
vt 0.223881 0.727273
vt 0.223881 0.818182
vt 0.223881 0.909091
vt 0.223881 1.000000
vt 0.238806 0.090909
vt 0.238806 0.000000
vt 0.238806 0.181818
vt 0.238806 0.272727
vt 0.238806 0.363636
vt 0.238806 0.454545
vt 0.238806 0.545455
vt 0.238806 0.636364
vt 0.238806 0.727273
vt 0.238806 0.818182
vt 0.238806 0.909091
vt 0.238806 1.000000
vt 0.253731 0.090909
vt 0.253731 0.000000
vt 0.253731 0.181818
vt 0.253731 0.272727
vt 0.253731 0.363636
vt 0.253731 0.454545
vt 0.253731 0.545455
vt 0.253731 0.636364
vt 0.253731 0.727273
vt 0.253731 0.818182
vt 0.253731 0.909091
vt 0.253731 1.000000
vt 0.268657 0.090909
vt 0.268657 0.000000
vt 0.268657 0.181818
vt 0.268657 0.272727
vt 0.268657 0.363636
vt 0.268657 0.454545
vt 0.268657 0.545455
vt 0.268657 0.636364
vt 0.268657 0.727273
vt 0.268657 0.818182
vt 0.268657 0.909091
vt 0.268657 1.000000
vt 0.283582 0.090909
vt 0.283582 0.000000
vt 0.283582 0.181818
vt 0.283582 0.272727
vt 0.283582 0.363636
vt 0.283582 0.454545
vt 0.283582 0.545455
vt 0.283582 0.636364
vt 0.283582 0.727273
vt 0.283582 0.818182
vt 0.283582 0.909091
vt 0.283582 1.000000
vt 0.298507 0.090909
vt 0.298507 0.000000
vt 0.298507 0.181818
vt 0.298507 0.272727
vt 0.298507 0.363636
vt 0.298507 0.454545
vt 0.298507 0.545455
vt 0.298507 0.636364
vt 0.298507 0.727273
vt 0.298507 0.818182
vt 0.298507 0.909091
vt 0.298507 1.000000
vt 0.313433 0.090909
vt 0.313433 0.000000
vt 0.313433 0.181818
vt 0.313433 0.272727
vt 0.313433 0.363636
vt 0.313433 0.454545
vt 0.313433 0.545455
vt 0.313433 0.636364
vt 0.313433 0.727273
vt 0.313433 0.818182
vt 0.313433 0.909091
vt 0.313433 1.000000
vt 0.328358 0.090909
vt 0.328358 0.000000
vt 0.328358 0.181818
vt 0.328358 0.272727
vt 0.328358 0.363636
vt 0.328358 0.454545
vt 0.328358 0.545455
vt 0.328358 0.636364
vt 0.328358 0.727273
vt 0.328358 0.818182
vt 0.328358 0.909091
vt 0.328358 1.000000
vt 0.343284 0.090909
vt 0.343284 0.000000
vt 0.343284 0.181818
vt 0.343284 0.272727
vt 0.343284 0.363636
vt 0.343284 0.454545
vt 0.343284 0.545455
vt 0.343284 0.636364
vt 0.343284 0.727273
vt 0.343284 0.818182
vt 0.343284 0.909091
vt 0.343284 1.000000
vt 0.358209 0.090909
vt 0.358209 0.000000
vt 0.358209 0.181818
vt 0.358209 0.272727
vt 0.358209 0.363636
vt 0.358209 0.454545
vt 0.358209 0.545455
vt 0.358209 0.636364
vt 0.358209 0.727273
vt 0.358209 0.818182
vt 0.358209 0.909091
vt 0.358209 1.000000
vt 0.373134 0.090909
vt 0.373134 0.000000
vt 0.373134 0.181818
vt 0.373134 0.272727
vt 0.373134 0.363636
vt 0.373134 0.454545
vt 0.373134 0.545455
vt 0.373134 0.636364
vt 0.373134 0.727273
vt 0.373134 0.818182
vt 0.373134 0.909091
vt 0.373134 1.000000
vt 0.388060 0.090909
vt 0.388060 0.000000
vt 0.388060 0.181818
vt 0.388060 0.272727
vt 0.388060 0.363636
vt 0.388060 0.454545
vt 0.388060 0.545455
vt 0.388060 0.636364
vt 0.388060 0.727273
vt 0.388060 0.818182
vt 0.388060 0.909091
vt 0.388060 1.000000
vt 0.402985 0.090909
vt 0.402985 0.000000
vt 0.402985 0.181818
vt 0.402985 0.272727
vt 0.402985 0.363636
vt 0.402985 0.454545
vt 0.402985 0.545455
vt 0.402985 0.636364
vt 0.402985 0.727273
vt 0.402985 0.818182
vt 0.402985 0.909091
vt 0.402985 1.000000
vt 0.417910 0.090909
vt 0.417910 0.000000
vt 0.417910 0.181818
vt 0.417910 0.272727
vt 0.417910 0.363636
vt 0.417910 0.454545
vt 0.417910 0.545455
vt 0.417910 0.636364
vt 0.417910 0.727273
vt 0.417910 0.818182
vt 0.417910 0.909091
vt 0.417910 1.000000
vt 0.432836 0.090909
vt 0.432836 0.000000
vt 0.432836 0.181818
vt 0.432836 0.272727
vt 0.432836 0.363636
vt 0.432836 0.454545
vt 0.432836 0.545455
vt 0.432836 0.636364
vt 0.432836 0.727273
vt 0.432836 0.818182
vt 0.432836 0.909091
vt 0.432836 1.000000
vt 0.447761 0.090909
vt 0.447761 0.000000
vt 0.447761 0.181818
vt 0.447761 0.272727
vt 0.447761 0.363636
vt 0.447761 0.454545
vt 0.447761 0.545455
vt 0.447761 0.636364
vt 0.447761 0.727273
vt 0.447761 0.818182
vt 0.447761 0.909091
vt 0.447761 1.000000
vt 0.462687 0.090909
vt 0.462687 0.000000
vt 0.462687 0.181818
vt 0.462687 0.272727
vt 0.462687 0.363636
vt 0.462687 0.454545
vt 0.462687 0.545455
vt 0.462687 0.636364
vt 0.462687 0.727273
vt 0.462687 0.818182
vt 0.462687 0.909091
vt 0.462687 1.000000
vt 0.477612 0.090909
vt 0.477612 0.000000
vt 0.477612 0.181818
vt 0.477612 0.272727
vt 0.477612 0.363636
vt 0.477612 0.454545
vt 0.477612 0.545455
vt 0.477612 0.636364
vt 0.477612 0.727273
vt 0.477612 0.818182
vt 0.477612 0.909091
vt 0.477612 1.000000
vt 0.492537 0.090909
vt 0.492537 0.000000
vt 0.492537 0.181818
vt 0.492537 0.272727
vt 0.492537 0.363636
vt 0.492537 0.454545
vt 0.492537 0.545455
vt 0.492537 0.636364
vt 0.492537 0.727273
vt 0.492537 0.818182
vt 0.492537 0.909091
vt 0.492537 1.000000
vt 0.507463 0.090909
vt 0.507463 0.000000
vt 0.507463 0.181818
vt 0.507463 0.272727
vt 0.507463 0.363636
vt 0.507463 0.454545
vt 0.507463 0.545455
vt 0.507463 0.636364
vt 0.507463 0.727273
vt 0.507463 0.818182
vt 0.507463 0.909091
vt 0.507463 1.000000
vt 0.522388 0.090909
vt 0.522388 0.000000
vt 0.522388 0.181818
vt 0.522388 0.272727
vt 0.522388 0.363636
vt 0.522388 0.454545
vt 0.522388 0.545455
vt 0.522388 0.636364
vt 0.522388 0.727273
vt 0.522388 0.818182
vt 0.522388 0.909091
vt 0.522388 1.000000
vt 0.537313 0.090909
vt 0.537313 0.000000
vt 0.537313 0.181818
vt 0.537313 0.272727
vt 0.537313 0.363636
vt 0.537313 0.454545
vt 0.537313 0.545455
vt 0.537313 0.636364
vt 0.537313 0.727273
vt 0.537313 0.818182
vt 0.537313 0.909091
vt 0.537313 1.000000
vt 0.552239 0.090909
vt 0.552239 0.000000
vt 0.552239 0.181818
vt 0.552239 0.272727
vt 0.552239 0.363636
vt 0.552239 0.454545
vt 0.552239 0.545455
vt 0.552239 0.636364
vt 0.552239 0.727273
vt 0.552239 0.818182
vt 0.552239 0.909091
vt 0.552239 1.000000
vt 0.567164 0.090909
vt 0.567164 0.000000
vt 0.567164 0.181818
vt 0.567164 0.272727
vt 0.567164 0.363636
vt 0.567164 0.454545
vt 0.567164 0.545455
vt 0.567164 0.636364
vt 0.567164 0.727273
vt 0.567164 0.818182
vt 0.567164 0.909091
vt 0.567164 1.000000
vt 0.582090 0.090909
vt 0.582090 0.000000
vt 0.582090 0.181818
vt 0.582090 0.272727
vt 0.582090 0.363636
vt 0.582090 0.454545
vt 0.582090 0.545455
vt 0.582090 0.636364
vt 0.582090 0.727273
vt 0.582090 0.818182
vt 0.582090 0.909091
vt 0.582090 1.000000
vt 0.597015 0.090909
vt 0.597015 0.000000
vt 0.597015 0.181818
vt 0.597015 0.272727
vt 0.597015 0.363636
vt 0.597015 0.454545
vt 0.597015 0.545455
vt 0.597015 0.636364
vt 0.597015 0.727273
vt 0.597015 0.818182
vt 0.597015 0.909091
vt 0.597015 1.000000
vt 0.611940 0.090909
vt 0.611940 0.000000
vt 0.611940 0.181818
vt 0.611940 0.272727
vt 0.611940 0.363636
vt 0.611940 0.454545
vt 0.611940 0.545455
vt 0.611940 0.636364
vt 0.611940 0.727273
vt 0.611940 0.818182
vt 0.611940 0.909091
vt 0.611940 1.000000
vt 0.626866 0.090909
vt 0.626866 0.000000
vt 0.626866 0.181818
vt 0.626866 0.272727
vt 0.626866 0.363636
vt 0.626866 0.454545
vt 0.626866 0.545455
vt 0.626866 0.636364
vt 0.626866 0.727273
vt 0.626866 0.818182
vt 0.626866 0.909091
vt 0.626866 1.000000
vt 0.641791 0.090909
vt 0.641791 0.000000
vt 0.641791 0.181818
vt 0.641791 0.272727
vt 0.641791 0.363636
vt 0.641791 0.454545
vt 0.641791 0.545455
vt 0.641791 0.636364
vt 0.641791 0.727273
vt 0.641791 0.818182
vt 0.641791 0.909091
vt 0.641791 1.000000
vt 0.656716 0.090909
vt 0.656716 0.000000
vt 0.656716 0.181818
vt 0.656716 0.272727
vt 0.656716 0.363636
vt 0.656716 0.454545
vt 0.656716 0.545455
vt 0.656716 0.636364
vt 0.656716 0.727273
vt 0.656716 0.818182
vt 0.656716 0.909091
vt 0.656716 1.000000
vt 0.671642 0.090909
vt 0.671642 0.000000
vt 0.671642 0.181818
vt 0.671642 0.272727
vt 0.671642 0.363636
vt 0.671642 0.454545
vt 0.671642 0.545455
vt 0.671642 0.636364
vt 0.671642 0.727273
vt 0.671642 0.818182
vt 0.671642 0.909091
vt 0.671642 1.000000
vt 0.686567 0.090909
vt 0.686567 0.000000
vt 0.686567 0.181818
vt 0.686567 0.272727
vt 0.686567 0.363636
vt 0.686567 0.454545
vt 0.686567 0.545455
vt 0.686567 0.636364
vt 0.686567 0.727273
vt 0.686567 0.818182
vt 0.686567 0.909091
vt 0.686567 1.000000
vt 0.701493 0.090909
vt 0.701493 0.000000
vt 0.701493 0.181818
vt 0.701493 0.272727
vt 0.701493 0.363636
vt 0.701493 0.454545
vt 0.701493 0.545455
vt 0.701493 0.636364
vt 0.701493 0.727273
vt 0.701493 0.818182
vt 0.701493 0.909091
vt 0.701493 1.000000
vt 0.716418 0.090909
vt 0.716418 0.000000
vt 0.716418 0.181818
vt 0.716418 0.272727
vt 0.716418 0.363636
vt 0.716418 0.454545
vt 0.716418 0.545455
vt 0.716418 0.636364
vt 0.716418 0.727273
vt 0.716418 0.818182
vt 0.716418 0.909091
vt 0.716418 1.000000
vt 0.731343 0.090909
vt 0.731343 0.000000
vt 0.731343 0.181818
vt 0.731343 0.272727
vt 0.731343 0.363636
vt 0.731343 0.454545
vt 0.731343 0.545455
vt 0.731343 0.636364
vt 0.731343 0.727273
vt 0.731343 0.818182
vt 0.731343 0.909091
vt 0.731343 1.000000
vt 0.746269 0.090909
vt 0.746269 0.000000
vt 0.746269 0.181818
vt 0.746269 0.272727
vt 0.746269 0.363636
vt 0.746269 0.454545
vt 0.746269 0.545455
vt 0.746269 0.636364
vt 0.746269 0.727273
vt 0.746269 0.818182
vt 0.746269 0.909091
vt 0.746269 1.000000
vt 0.761194 0.090909
vt 0.761194 0.000000
vt 0.761194 0.181818
vt 0.761194 0.272727
vt 0.761194 0.363636
vt 0.761194 0.454545
vt 0.761194 0.545455
vt 0.761194 0.636364
vt 0.761194 0.727273
vt 0.761194 0.818182
vt 0.761194 0.909091
vt 0.761194 1.000000
vt 0.776119 0.090909
vt 0.776119 0.000000
vt 0.776119 0.181818
vt 0.776119 0.272727
vt 0.776119 0.363636
vt 0.776119 0.454545
vt 0.776119 0.545455
vt 0.776119 0.636364
vt 0.776119 0.727273
vt 0.776119 0.818182
vt 0.776119 0.909091
vt 0.776119 1.000000
vt 0.791045 0.090909
vt 0.791045 0.000000
vt 0.791045 0.181818
vt 0.791045 0.272727
vt 0.791045 0.363636
vt 0.791045 0.454545
vt 0.791045 0.545455
vt 0.791045 0.636364
vt 0.791045 0.727273
vt 0.791045 0.818182
vt 0.791045 0.909091
vt 0.791045 1.000000
vt 0.805970 0.090909
vt 0.805970 0.000000
vt 0.805970 0.181818
vt 0.805970 0.272727
vt 0.805970 0.363636
vt 0.805970 0.454545
vt 0.805970 0.545455
vt 0.805970 0.636364
vt 0.805970 0.727273
vt 0.805970 0.818182
vt 0.805970 0.909091
vt 0.805970 1.000000
vt 0.820895 0.090909
vt 0.820895 0.000000
vt 0.820895 0.181818
vt 0.820895 0.272727
vt 0.820895 0.363636
vt 0.820895 0.454545
vt 0.820895 0.545455
vt 0.820895 0.636364
vt 0.820895 0.727273
vt 0.820895 0.818182
vt 0.820895 0.909091
vt 0.820895 1.000000
vt 0.835821 0.090909
vt 0.835821 0.000000
vt 0.835821 0.181818
vt 0.835821 0.272727
vt 0.835821 0.363636
vt 0.835821 0.454545
vt 0.835821 0.545455
vt 0.835821 0.636364
vt 0.835821 0.727273
vt 0.835821 0.818182
vt 0.835821 0.909091
vt 0.835821 1.000000
vt 0.850746 0.090909
vt 0.850746 0.000000
vt 0.850746 0.181818
vt 0.850746 0.272727
vt 0.850746 0.363636
vt 0.850746 0.454545
vt 0.850746 0.545455
vt 0.850746 0.636364
vt 0.850746 0.727273
vt 0.850746 0.818182
vt 0.850746 0.909091
vt 0.850746 1.000000
vt 0.865672 0.090909
vt 0.865672 0.000000
vt 0.865672 0.181818
vt 0.865672 0.272727
vt 0.865672 0.363636
vt 0.865672 0.454545
vt 0.865672 0.545455
vt 0.865672 0.636364
vt 0.865672 0.727273
vt 0.865672 0.818182
vt 0.865672 0.909091
vt 0.865672 1.000000
vt 0.880597 0.090909
vt 0.880597 0.000000
vt 0.880597 0.181818
vt 0.880597 0.272727
vt 0.880597 0.363636
vt 0.880597 0.454545
vt 0.880597 0.545455
vt 0.880597 0.636364
vt 0.880597 0.727273
vt 0.880597 0.818182
vt 0.880597 0.909091
vt 0.880597 1.000000
vt 0.895522 0.090909
vt 0.895522 0.000000
vt 0.895522 0.181818
vt 0.895522 0.272727
vt 0.895522 0.363636
vt 0.895522 0.454545
vt 0.895522 0.545455
vt 0.895522 0.636364
vt 0.895522 0.727273
vt 0.895522 0.818182
vt 0.895522 0.909091
vt 0.895522 1.000000
vt 0.910448 0.090909
vt 0.910448 0.000000
vt 0.910448 0.181818
vt 0.910448 0.272727
vt 0.910448 0.363636
vt 0.910448 0.454545
vt 0.910448 0.545455
vt 0.910448 0.636364
vt 0.910448 0.727273
vt 0.910448 0.818182
vt 0.910448 0.909091
vt 0.910448 1.000000
vt 0.925373 0.090909
vt 0.925373 0.000000
vt 0.925373 0.181818
vt 0.925373 0.272727
vt 0.925373 0.363636
vt 0.925373 0.454545
vt 0.925373 0.545455
vt 0.925373 0.636364
vt 0.925373 0.727273
vt 0.925373 0.818182
vt 0.925373 0.909091
vt 0.925373 1.000000
vt 0.940298 0.090909
vt 0.940298 0.000000
vt 0.940298 0.181818
vt 0.940298 0.272727
vt 0.940298 0.363636
vt 0.940298 0.454545
vt 0.940298 0.545455
vt 0.940298 0.636364
vt 0.940298 0.727273
vt 0.940298 0.818182
vt 0.940298 0.909091
vt 0.940298 1.000000
vt 0.955224 0.090909
vt 0.955224 0.000000
vt 0.955224 0.181818
vt 0.955224 0.272727
vt 0.955224 0.363636
vt 0.955224 0.454545
vt 0.955224 0.545455
vt 0.955224 0.636364
vt 0.955224 0.727273
vt 0.955224 0.818182
vt 0.955224 0.909091
vt 0.955224 1.000000
vt 0.970149 0.090909
vt 0.970149 0.000000
vt 0.970149 0.181818
vt 0.970149 0.272727
vt 0.970149 0.363636
vt 0.970149 0.454545
vt 0.970149 0.545455
vt 0.970149 0.636364
vt 0.970149 0.727273
vt 0.970149 0.818182
vt 0.970149 0.909091
vt 0.970149 1.000000
vt 0.985075 0.090909
vt 0.985075 0.000000
vt 0.985075 0.181818
vt 0.985075 0.272727
vt 0.985075 0.363636
vt 0.985075 0.454545
vt 0.985075 0.545455
vt 0.985075 0.636364
vt 0.985075 0.727273
vt 0.985075 0.818182
vt 0.985075 0.909091
vt 0.985075 1.000000
vt 1.000000 0.090909
vt 1.000000 0.181818
vt 1.000000 0.272727
vt 1.000000 0.363636
vt 1.000000 0.454545
vt 1.000000 0.545455
vt 1.000000 0.636364
vt 1.000000 0.727273
vt 1.000000 0.818182
vt 1.000000 0.909091
vt 1.000000 1.000000
vt 0.037037 0.090909
vt 0.037037 0.000000
vt 0.037037 0.181818
vt 0.037037 0.272727
vt 0.037037 0.363636
vt 0.037037 0.454545
vt 0.037037 0.545455
vt 0.037037 0.636364
vt 0.037037 0.727273
vt 0.037037 0.818182
vt 0.037037 0.909091
vt 0.037037 1.000000
vt 0.074074 0.090909
vt 0.074074 0.000000
vt 0.074074 0.181818
vt 0.074074 0.272727
vt 0.074074 0.363636
vt 0.074074 0.454545
vt 0.074074 0.545455
vt 0.074074 0.636364
vt 0.074074 0.727273
vt 0.074074 0.818182
vt 0.074074 0.909091
vt 0.074074 1.000000
vt 0.111111 0.090909
vt 0.111111 0.000000
vt 0.111111 0.181818
vt 0.111111 0.272727
vt 0.111111 0.363636
vt 0.111111 0.454545
vt 0.111111 0.545455
vt 0.111111 0.636364
vt 0.111111 0.727273
vt 0.111111 0.818182
vt 0.111111 0.909091
vt 0.111111 1.000000
vt 0.148148 0.090909
vt 0.148148 0.000000
vt 0.148148 0.181818
vt 0.148148 0.272727
vt 0.148148 0.363636
vt 0.148148 0.454545
vt 0.148148 0.545455
vt 0.148148 0.636364
vt 0.148148 0.727273
vt 0.148148 0.818182
vt 0.148148 0.909091
vt 0.148148 1.000000
vt 0.185185 0.090909
vt 0.185185 0.000000
vt 0.185185 0.181818
vt 0.185185 0.272727
vt 0.185185 0.363636
vt 0.185185 0.454545
vt 0.185185 0.545455
vt 0.185185 0.636364
vt 0.185185 0.727273
vt 0.185185 0.818182
vt 0.185185 0.909091
vt 0.185185 1.000000
vt 0.222222 0.090909
vt 0.222222 0.000000
vt 0.222222 0.181818
vt 0.222222 0.272727
vt 0.222222 0.363636
vt 0.222222 0.454545
vt 0.222222 0.545455
vt 0.222222 0.636364
vt 0.222222 0.727273
vt 0.222222 0.818182
vt 0.222222 0.909091
vt 0.222222 1.000000
vt 0.259259 0.090909
vt 0.259259 0.000000
vt 0.259259 0.181818
vt 0.259259 0.272727
vt 0.259259 0.363636
vt 0.259259 0.454545
vt 0.259259 0.545455
vt 0.259259 0.636364
vt 0.259259 0.727273
vt 0.259259 0.818182
vt 0.259259 0.909091
vt 0.259259 1.000000
vt 0.296296 0.090909
vt 0.296296 0.000000
vt 0.296296 0.181818
vt 0.296296 0.272727
vt 0.296296 0.363636
vt 0.296296 0.454545
vt 0.296296 0.545455
vt 0.296296 0.636364
vt 0.296296 0.727273
vt 0.296296 0.818182
vt 0.296296 0.909091
vt 0.296296 1.000000
vt 0.333333 0.090909
vt 0.333333 0.181818
vt 0.333333 0.272727
vt 0.333333 0.363636
vt 0.333333 0.454545
vt 0.333333 0.545455
vt 0.333333 0.636364
vt 0.333333 0.727273
vt 0.333333 0.818182
vt 0.333333 0.909091
vt 0.333333 1.000000
vt 0.370370 0.090909
vt 0.370370 0.000000
vt 0.370370 0.181818
vt 0.370370 0.272727
vt 0.370370 0.363636
vt 0.370370 0.454545
vt 0.370370 0.545455
vt 0.370370 0.636364
vt 0.370370 0.727273
vt 0.370370 0.818182
vt 0.370370 0.909091
vt 0.370370 1.000000
vt 0.407407 0.090909
vt 0.407407 0.000000
vt 0.407407 0.181818
vt 0.407407 0.272727
vt 0.407407 0.363636
vt 0.407407 0.454545
vt 0.407407 0.545455
vt 0.407407 0.636364
vt 0.407407 0.727273
vt 0.407407 0.818182
vt 0.407407 0.909091
vt 0.407407 1.000000
vt 0.444444 0.090909
vt 0.444444 0.000000
vt 0.444444 0.181818
vt 0.444444 0.272727
vt 0.444444 0.363636
vt 0.444444 0.454545
vt 0.444444 0.545455
vt 0.444444 0.636364
vt 0.444444 0.727273
vt 0.444444 0.818182
vt 0.444444 0.909091
vt 0.444444 1.000000
vt 0.481481 0.090909
vt 0.481481 0.000000
vt 0.481481 0.181818
vt 0.481481 0.272727
vt 0.481481 0.363636
vt 0.481481 0.454545
vt 0.481481 0.545455
vt 0.481481 0.636364
vt 0.481481 0.727273
vt 0.481481 0.818182
vt 0.481481 0.909091
vt 0.481481 1.000000
vt 0.518519 0.090909
vt 0.518519 0.000000
vt 0.518519 0.181818
vt 0.518519 0.272727
vt 0.518519 0.363636
vt 0.518519 0.454545
vt 0.518519 0.545455
vt 0.518519 0.636364
vt 0.518519 0.727273
vt 0.518519 0.818182
vt 0.518519 0.909091
vt 0.518519 1.000000
vt 0.555556 0.090909
vt 0.555556 0.000000
vt 0.555556 0.181818
vt 0.555556 0.272727
vt 0.555556 0.363636
vt 0.555556 0.454545
vt 0.555556 0.545455
vt 0.555556 0.636364
vt 0.555556 0.727273
vt 0.555556 0.818182
vt 0.555556 0.909091
vt 0.555556 1.000000
vt 0.592593 0.090909
vt 0.592593 0.000000
vt 0.592593 0.181818
vt 0.592593 0.272727
vt 0.592593 0.363636
vt 0.592593 0.454545
vt 0.592593 0.545455
vt 0.592593 0.636364
vt 0.592593 0.727273
vt 0.592593 0.818182
vt 0.592593 0.909091
vt 0.592593 1.000000
vt 0.629630 0.090909
vt 0.629630 0.000000
vt 0.629630 0.181818
vt 0.629630 0.272727
vt 0.629630 0.363636
vt 0.629630 0.454545
vt 0.629630 0.545455
vt 0.629630 0.636364
vt 0.629630 0.727273
vt 0.629630 0.818182
vt 0.629630 0.909091
vt 0.629630 1.000000
vt 0.666667 0.090909
vt 0.666667 0.181818
vt 0.666667 0.272727
vt 0.666667 0.363636
vt 0.666667 0.454545
vt 0.666667 0.545455
vt 0.666667 0.636364
vt 0.666667 0.727273
vt 0.666667 0.818182
vt 0.666667 0.909091
vt 0.666667 1.000000
vt 0.703704 0.090909
vt 0.703704 0.000000
vt 0.703704 0.181818
vt 0.703704 0.272727
vt 0.703704 0.363636
vt 0.703704 0.454545
vt 0.703704 0.545455
vt 0.703704 0.636364
vt 0.703704 0.727273
vt 0.703704 0.818182
vt 0.703704 0.909091
vt 0.703704 1.000000
vt 0.740741 0.090909
vt 0.740741 0.000000
vt 0.740741 0.181818
vt 0.740741 0.272727
vt 0.740741 0.363636
vt 0.740741 0.454545
vt 0.740741 0.545455
vt 0.740741 0.636364
vt 0.740741 0.727273
vt 0.740741 0.818182
vt 0.740741 0.909091
vt 0.740741 1.000000
vt 0.777778 0.090909
vt 0.777778 0.000000
vt 0.777778 0.181818
vt 0.777778 0.272727
vt 0.777778 0.363636
vt 0.777778 0.454545
vt 0.777778 0.545455
vt 0.777778 0.636364
vt 0.777778 0.727273
vt 0.777778 0.818182
vt 0.777778 0.909091
vt 0.777778 1.000000
vt 0.814815 0.090909
vt 0.814815 0.000000
vt 0.814815 0.181818
vt 0.814815 0.272727
vt 0.814815 0.363636
vt 0.814815 0.454545
vt 0.814815 0.545455
vt 0.814815 0.636364
vt 0.814815 0.727273
vt 0.814815 0.818182
vt 0.814815 0.909091
vt 0.814815 1.000000
vt 0.851852 0.090909
vt 0.851852 0.000000
vt 0.851852 0.181818
vt 0.851852 0.272727
vt 0.851852 0.363636
vt 0.851852 0.454545
vt 0.851852 0.545455
vt 0.851852 0.636364
vt 0.851852 0.727273
vt 0.851852 0.818182
vt 0.851852 0.909091
vt 0.851852 1.000000
vt 0.888889 0.090909
vt 0.888889 0.000000
vt 0.888889 0.181818
vt 0.888889 0.272727
vt 0.888889 0.363636
vt 0.888889 0.454545
vt 0.888889 0.545455
vt 0.888889 0.636364
vt 0.888889 0.727273
vt 0.888889 0.818182
vt 0.888889 0.909091
vt 0.888889 1.000000
vt 0.925926 0.090909
vt 0.925926 0.000000
vt 0.925926 0.181818
vt 0.925926 0.272727
vt 0.925926 0.363636
vt 0.925926 0.454545
vt 0.925926 0.545455
vt 0.925926 0.636364
vt 0.925926 0.727273
vt 0.925926 0.818182
vt 0.925926 0.909091
vt 0.925926 1.000000
vt 0.962963 0.090909
vt 0.962963 0.000000
vt 0.962963 0.181818
vt 0.962963 0.272727
vt 0.962963 0.363636
vt 0.962963 0.454545
vt 0.962963 0.545455
vt 0.962963 0.636364
vt 0.962963 0.727273
vt 0.962963 0.818182
vt 0.962963 0.909091
vt 0.962963 1.000000
vt 0.012821 0.090909
vt 0.012821 0.000000
vt 0.012821 0.181818
vt 0.012821 0.272727
vt 0.012821 0.363636
vt 0.012821 0.454545
vt 0.012821 0.545455
vt 0.012821 0.636364
vt 0.012821 0.727273
vt 0.012821 0.818182
vt 0.012821 0.909091
vt 0.012821 1.000000
vt 0.025641 0.090909
vt 0.025641 0.000000
vt 0.025641 0.181818
vt 0.025641 0.272727
vt 0.025641 0.363636
vt 0.025641 0.454545
vt 0.025641 0.545455
vt 0.025641 0.636364
vt 0.025641 0.727273
vt 0.025641 0.818182
vt 0.025641 0.909091
vt 0.025641 1.000000
vt 0.038462 0.090909
vt 0.038462 0.000000
vt 0.038462 0.181818
vt 0.038462 0.272727
vt 0.038462 0.363636
vt 0.038462 0.454545
vt 0.038462 0.545455
vt 0.038462 0.636364
vt 0.038462 0.727273
vt 0.038462 0.818182
vt 0.038462 0.909091
vt 0.038462 1.000000
vt 0.051282 0.090909
vt 0.051282 0.000000
vt 0.051282 0.181818
vt 0.051282 0.272727
vt 0.051282 0.363636
vt 0.051282 0.454545
vt 0.051282 0.545455
vt 0.051282 0.636364
vt 0.051282 0.727273
vt 0.051282 0.818182
vt 0.051282 0.909091
vt 0.051282 1.000000
vt 0.064103 0.090909
vt 0.064103 0.000000
vt 0.064103 0.181818
vt 0.064103 0.272727
vt 0.064103 0.363636
vt 0.064103 0.454545
vt 0.064103 0.545455
vt 0.064103 0.636364
vt 0.064103 0.727273
vt 0.064103 0.818182
vt 0.064103 0.909091
vt 0.064103 1.000000
vt 0.076923 0.090909
vt 0.076923 0.000000
vt 0.076923 0.181818
vt 0.076923 0.272727
vt 0.076923 0.363636
vt 0.076923 0.454545
vt 0.076923 0.545455
vt 0.076923 0.636364
vt 0.076923 0.727273
vt 0.076923 0.818182
vt 0.076923 0.909091
vt 0.076923 1.000000
vt 0.089744 0.090909
vt 0.089744 0.000000
vt 0.089744 0.181818
vt 0.089744 0.272727
vt 0.089744 0.363636
vt 0.089744 0.454545
vt 0.089744 0.545455
vt 0.089744 0.636364
vt 0.089744 0.727273
vt 0.089744 0.818182
vt 0.089744 0.909091
vt 0.089744 1.000000
vt 0.102564 0.090909
vt 0.102564 0.000000
vt 0.102564 0.181818
vt 0.102564 0.272727
vt 0.102564 0.363636
vt 0.102564 0.454545
vt 0.102564 0.545455
vt 0.102564 0.636364
vt 0.102564 0.727273
vt 0.102564 0.818182
vt 0.102564 0.909091
vt 0.102564 1.000000
vt 0.115385 0.090909
vt 0.115385 0.000000
vt 0.115385 0.181818
vt 0.115385 0.272727
vt 0.115385 0.363636
vt 0.115385 0.454545
vt 0.115385 0.545455
vt 0.115385 0.636364
vt 0.115385 0.727273
vt 0.115385 0.818182
vt 0.115385 0.909091
vt 0.115385 1.000000
vt 0.128205 0.090909
vt 0.128205 0.000000
vt 0.128205 0.181818
vt 0.128205 0.272727
vt 0.128205 0.363636
vt 0.128205 0.454545
vt 0.128205 0.545455
vt 0.128205 0.636364
vt 0.128205 0.727273
vt 0.128205 0.818182
vt 0.128205 0.909091
vt 0.128205 1.000000
vt 0.141026 0.090909
vt 0.141026 0.000000
vt 0.141026 0.181818
vt 0.141026 0.272727
vt 0.141026 0.363636
vt 0.141026 0.454545
vt 0.141026 0.545455
vt 0.141026 0.636364
vt 0.141026 0.727273
vt 0.141026 0.818182
vt 0.141026 0.909091
vt 0.141026 1.000000
vt 0.153846 0.090909
vt 0.153846 0.000000
vt 0.153846 0.181818
vt 0.153846 0.272727
vt 0.153846 0.363636
vt 0.153846 0.454545
vt 0.153846 0.545455
vt 0.153846 0.636364
vt 0.153846 0.727273
vt 0.153846 0.818182
vt 0.153846 0.909091
vt 0.153846 1.000000
vt 0.166667 0.090909
vt 0.166667 0.000000
vt 0.166667 0.181818
vt 0.166667 0.272727
vt 0.166667 0.363636
vt 0.166667 0.454545
vt 0.166667 0.545455
vt 0.166667 0.636364
vt 0.166667 0.727273
vt 0.166667 0.818182
vt 0.166667 0.909091
vt 0.166667 1.000000
vt 0.179487 0.090909
vt 0.179487 0.000000
vt 0.179487 0.181818
vt 0.179487 0.272727
vt 0.179487 0.363636
vt 0.179487 0.454545
vt 0.179487 0.545455
vt 0.179487 0.636364
vt 0.179487 0.727273
vt 0.179487 0.818182
vt 0.179487 0.909091
vt 0.179487 1.000000
vt 0.192308 0.090909
vt 0.192308 0.000000
vt 0.192308 0.181818
vt 0.192308 0.272727
vt 0.192308 0.363636
vt 0.192308 0.454545
vt 0.192308 0.545455
vt 0.192308 0.636364
vt 0.192308 0.727273
vt 0.192308 0.818182
vt 0.192308 0.909091
vt 0.192308 1.000000
vt 0.205128 0.090909
vt 0.205128 0.000000
vt 0.205128 0.181818
vt 0.205128 0.272727
vt 0.205128 0.363636
vt 0.205128 0.454545
vt 0.205128 0.545455
vt 0.205128 0.636364
vt 0.205128 0.727273
vt 0.205128 0.818182
vt 0.205128 0.909091
vt 0.205128 1.000000
vt 0.217949 0.090909
vt 0.217949 0.000000
vt 0.217949 0.181818
vt 0.217949 0.272727
vt 0.217949 0.363636
vt 0.217949 0.454545
vt 0.217949 0.545455
vt 0.217949 0.636364
vt 0.217949 0.727273
vt 0.217949 0.818182
vt 0.217949 0.909091
vt 0.217949 1.000000
vt 0.230769 0.090909
vt 0.230769 0.000000
vt 0.230769 0.181818
vt 0.230769 0.272727
vt 0.230769 0.363636
vt 0.230769 0.454545
vt 0.230769 0.545455
vt 0.230769 0.636364
vt 0.230769 0.727273
vt 0.230769 0.818182
vt 0.230769 0.909091
vt 0.230769 1.000000
vt 0.243590 0.090909
vt 0.243590 0.000000
vt 0.243590 0.181818
vt 0.243590 0.272727
vt 0.243590 0.363636
vt 0.243590 0.454545
vt 0.243590 0.545455
vt 0.243590 0.636364
vt 0.243590 0.727273
vt 0.243590 0.818182
vt 0.243590 0.909091
vt 0.243590 1.000000
vt 0.256410 0.090909
vt 0.256410 0.000000
vt 0.256410 0.181818
vt 0.256410 0.272727
vt 0.256410 0.363636
vt 0.256410 0.454545
vt 0.256410 0.545455
vt 0.256410 0.636364
vt 0.256410 0.727273
vt 0.256410 0.818182
vt 0.256410 0.909091
vt 0.256410 1.000000
vt 0.269231 0.090909
vt 0.269231 0.000000
vt 0.269231 0.181818
vt 0.269231 0.272727
vt 0.269231 0.363636
vt 0.269231 0.454545
vt 0.269231 0.545455
vt 0.269231 0.636364
vt 0.269231 0.727273
vt 0.269231 0.818182
vt 0.269231 0.909091
vt 0.269231 1.000000
vt 0.282051 0.090909
vt 0.282051 0.000000
vt 0.282051 0.181818
vt 0.282051 0.272727
vt 0.282051 0.363636
vt 0.282051 0.454545
vt 0.282051 0.545455
vt 0.282051 0.636364
vt 0.282051 0.727273
vt 0.282051 0.818182
vt 0.282051 0.909091
vt 0.282051 1.000000
vt 0.294872 0.090909
vt 0.294872 0.000000
vt 0.294872 0.181818
vt 0.294872 0.272727
vt 0.294872 0.363636
vt 0.294872 0.454545
vt 0.294872 0.545455
vt 0.294872 0.636364
vt 0.294872 0.727273
vt 0.294872 0.818182
vt 0.294872 0.909091
vt 0.294872 1.000000
vt 0.307692 0.090909
vt 0.307692 0.000000
vt 0.307692 0.181818
vt 0.307692 0.272727
vt 0.307692 0.363636
vt 0.307692 0.454545
vt 0.307692 0.545455
vt 0.307692 0.636364
vt 0.307692 0.727273
vt 0.307692 0.818182
vt 0.307692 0.909091
vt 0.307692 1.000000
vt 0.320513 0.090909
vt 0.320513 0.000000
vt 0.320513 0.181818
vt 0.320513 0.272727
vt 0.320513 0.363636
vt 0.320513 0.454545
vt 0.320513 0.545455
vt 0.320513 0.636364
vt 0.320513 0.727273
vt 0.320513 0.818182
vt 0.320513 0.909091
vt 0.320513 1.000000
vt 0.346154 0.090909
vt 0.346154 0.000000
vt 0.346154 0.181818
vt 0.346154 0.272727
vt 0.346154 0.363636
vt 0.346154 0.454545
vt 0.346154 0.545455
vt 0.346154 0.636364
vt 0.346154 0.727273
vt 0.346154 0.818182
vt 0.346154 0.909091
vt 0.346154 1.000000
vt 0.358974 0.090909
vt 0.358974 0.000000
vt 0.358974 0.181818
vt 0.358974 0.272727
vt 0.358974 0.363636
vt 0.358974 0.454545
vt 0.358974 0.545455
vt 0.358974 0.636364
vt 0.358974 0.727273
vt 0.358974 0.818182
vt 0.358974 0.909091
vt 0.358974 1.000000
vt 0.371795 0.090909
vt 0.371795 0.000000
vt 0.371795 0.181818
vt 0.371795 0.272727
vt 0.371795 0.363636
vt 0.371795 0.454545
vt 0.371795 0.545455
vt 0.371795 0.636364
vt 0.371795 0.727273
vt 0.371795 0.818182
vt 0.371795 0.909091
vt 0.371795 1.000000
vt 0.384615 0.090909
vt 0.384615 0.000000
vt 0.384615 0.181818
vt 0.384615 0.272727
vt 0.384615 0.363636
vt 0.384615 0.454545
vt 0.384615 0.545455
vt 0.384615 0.636364
vt 0.384615 0.727273
vt 0.384615 0.818182
vt 0.384615 0.909091
vt 0.384615 1.000000
vt 0.397436 0.090909
vt 0.397436 0.000000
vt 0.397436 0.181818
vt 0.397436 0.272727
vt 0.397436 0.363636
vt 0.397436 0.454545
vt 0.397436 0.545455
vt 0.397436 0.636364
vt 0.397436 0.727273
vt 0.397436 0.818182
vt 0.397436 0.909091
vt 0.397436 1.000000
vt 0.410256 0.090909
vt 0.410256 0.000000
vt 0.410256 0.181818
vt 0.410256 0.272727
vt 0.410256 0.363636
vt 0.410256 0.454545
vt 0.410256 0.545455
vt 0.410256 0.636364
vt 0.410256 0.727273
vt 0.410256 0.818182
vt 0.410256 0.909091
vt 0.410256 1.000000
vt 0.423077 0.090909
vt 0.423077 0.000000
vt 0.423077 0.181818
vt 0.423077 0.272727
vt 0.423077 0.363636
vt 0.423077 0.454545
vt 0.423077 0.545455
vt 0.423077 0.636364
vt 0.423077 0.727273
vt 0.423077 0.818182
vt 0.423077 0.909091
vt 0.423077 1.000000
vt 0.435897 0.090909
vt 0.435897 0.000000
vt 0.435897 0.181818
vt 0.435897 0.272727
vt 0.435897 0.363636
vt 0.435897 0.454545
vt 0.435897 0.545455
vt 0.435897 0.636364
vt 0.435897 0.727273
vt 0.435897 0.818182
vt 0.435897 0.909091
vt 0.435897 1.000000
vt 0.448718 0.090909
vt 0.448718 0.000000
vt 0.448718 0.181818
vt 0.448718 0.272727
vt 0.448718 0.363636
vt 0.448718 0.454545
vt 0.448718 0.545455
vt 0.448718 0.636364
vt 0.448718 0.727273
vt 0.448718 0.818182
vt 0.448718 0.909091
vt 0.448718 1.000000
vt 0.461538 0.090909
vt 0.461538 0.000000
vt 0.461538 0.181818
vt 0.461538 0.272727
vt 0.461538 0.363636
vt 0.461538 0.454545
vt 0.461538 0.545455
vt 0.461538 0.636364
vt 0.461538 0.727273
vt 0.461538 0.818182
vt 0.461538 0.909091
vt 0.461538 1.000000
vt 0.474359 0.090909
vt 0.474359 0.000000
vt 0.474359 0.181818
vt 0.474359 0.272727
vt 0.474359 0.363636
vt 0.474359 0.454545
vt 0.474359 0.545455
vt 0.474359 0.636364
vt 0.474359 0.727273
vt 0.474359 0.818182
vt 0.474359 0.909091
vt 0.474359 1.000000
vt 0.487179 0.090909
vt 0.487179 0.000000
vt 0.487179 0.181818
vt 0.487179 0.272727
vt 0.487179 0.363636
vt 0.487179 0.454545
vt 0.487179 0.545455
vt 0.487179 0.636364
vt 0.487179 0.727273
vt 0.487179 0.818182
vt 0.487179 0.909091
vt 0.487179 1.000000
vt 0.500000 0.090909
vt 0.500000 0.181818
vt 0.500000 0.272727
vt 0.500000 0.363636
vt 0.500000 0.454545
vt 0.500000 0.545455
vt 0.500000 0.636364
vt 0.500000 0.727273
vt 0.500000 0.818182
vt 0.500000 0.909091
vt 0.500000 1.000000
vt 0.512821 0.090909
vt 0.512821 0.000000
vt 0.512821 0.181818
vt 0.512821 0.272727
vt 0.512821 0.363636
vt 0.512821 0.454545
vt 0.512821 0.545455
vt 0.512821 0.636364
vt 0.512821 0.727273
vt 0.512821 0.818182
vt 0.512821 0.909091
vt 0.512821 1.000000
vt 0.525641 0.090909
vt 0.525641 0.000000
vt 0.525641 0.181818
vt 0.525641 0.272727
vt 0.525641 0.363636
vt 0.525641 0.454545
vt 0.525641 0.545455
vt 0.525641 0.636364
vt 0.525641 0.727273
vt 0.525641 0.818182
vt 0.525641 0.909091
vt 0.525641 1.000000
vt 0.538462 0.090909
vt 0.538462 0.000000
vt 0.538462 0.181818
vt 0.538462 0.272727
vt 0.538462 0.363636
vt 0.538462 0.454545
vt 0.538462 0.545455
vt 0.538462 0.636364
vt 0.538462 0.727273
vt 0.538462 0.818182
vt 0.538462 0.909091
vt 0.538462 1.000000
vt 0.551282 0.090909
vt 0.551282 0.000000
vt 0.551282 0.181818
vt 0.551282 0.272727
vt 0.551282 0.363636
vt 0.551282 0.454545
vt 0.551282 0.545455
vt 0.551282 0.636364
vt 0.551282 0.727273
vt 0.551282 0.818182
vt 0.551282 0.909091
vt 0.551282 1.000000
vt 0.564103 0.090909
vt 0.564103 0.000000
vt 0.564103 0.181818
vt 0.564103 0.272727
vt 0.564103 0.363636
vt 0.564103 0.454545
vt 0.564103 0.545455
vt 0.564103 0.636364
vt 0.564103 0.727273
vt 0.564103 0.818182
vt 0.564103 0.909091
vt 0.564103 1.000000
vt 0.576923 0.090909
vt 0.576923 0.000000
vt 0.576923 0.181818
vt 0.576923 0.272727
vt 0.576923 0.363636
vt 0.576923 0.454545
vt 0.576923 0.545455
vt 0.576923 0.636364
vt 0.576923 0.727273
vt 0.576923 0.818182
vt 0.576923 0.909091
vt 0.576923 1.000000
vt 0.589744 0.090909
vt 0.589744 0.000000
vt 0.589744 0.181818
vt 0.589744 0.272727
vt 0.589744 0.363636
vt 0.589744 0.454545
vt 0.589744 0.545455
vt 0.589744 0.636364
vt 0.589744 0.727273
vt 0.589744 0.818182
vt 0.589744 0.909091
vt 0.589744 1.000000
vt 0.602564 0.090909
vt 0.602564 0.000000
vt 0.602564 0.181818
vt 0.602564 0.272727
vt 0.602564 0.363636
vt 0.602564 0.454545
vt 0.602564 0.545455
vt 0.602564 0.636364
vt 0.602564 0.727273
vt 0.602564 0.818182
vt 0.602564 0.909091
vt 0.602564 1.000000
vt 0.615385 0.090909
vt 0.615385 0.000000
vt 0.615385 0.181818
vt 0.615385 0.272727
vt 0.615385 0.363636
vt 0.615385 0.454545
vt 0.615385 0.545455
vt 0.615385 0.636364
vt 0.615385 0.727273
vt 0.615385 0.818182
vt 0.615385 0.909091
vt 0.615385 1.000000
vt 0.628205 0.090909
vt 0.628205 0.000000
vt 0.628205 0.181818
vt 0.628205 0.272727
vt 0.628205 0.363636
vt 0.628205 0.454545
vt 0.628205 0.545455
vt 0.628205 0.636364
vt 0.628205 0.727273
vt 0.628205 0.818182
vt 0.628205 0.909091
vt 0.628205 1.000000
vt 0.641026 0.090909
vt 0.641026 0.000000
vt 0.641026 0.181818
vt 0.641026 0.272727
vt 0.641026 0.363636
vt 0.641026 0.454545
vt 0.641026 0.545455
vt 0.641026 0.636364
vt 0.641026 0.727273
vt 0.641026 0.818182
vt 0.641026 0.909091
vt 0.641026 1.000000
vt 0.653846 0.090909
vt 0.653846 0.000000
vt 0.653846 0.181818
vt 0.653846 0.272727
vt 0.653846 0.363636
vt 0.653846 0.454545
vt 0.653846 0.545455
vt 0.653846 0.636364
vt 0.653846 0.727273
vt 0.653846 0.818182
vt 0.653846 0.909091
vt 0.653846 1.000000
vt 0.679487 0.090909
vt 0.679487 0.000000
vt 0.679487 0.181818
vt 0.679487 0.272727
vt 0.679487 0.363636
vt 0.679487 0.454545
vt 0.679487 0.545455
vt 0.679487 0.636364
vt 0.679487 0.727273
vt 0.679487 0.818182
vt 0.679487 0.909091
vt 0.679487 1.000000
vt 0.692308 0.090909
vt 0.692308 0.000000
vt 0.692308 0.181818
vt 0.692308 0.272727
vt 0.692308 0.363636
vt 0.692308 0.454545
vt 0.692308 0.545455
vt 0.692308 0.636364
vt 0.692308 0.727273
vt 0.692308 0.818182
vt 0.692308 0.909091
vt 0.692308 1.000000
vt 0.705128 0.090909
vt 0.705128 0.000000
vt 0.705128 0.181818
vt 0.705128 0.272727
vt 0.705128 0.363636
vt 0.705128 0.454545
vt 0.705128 0.545455
vt 0.705128 0.636364
vt 0.705128 0.727273
vt 0.705128 0.818182
vt 0.705128 0.909091
vt 0.705128 1.000000
vt 0.717949 0.090909
vt 0.717949 0.000000
vt 0.717949 0.181818
vt 0.717949 0.272727
vt 0.717949 0.363636
vt 0.717949 0.454545
vt 0.717949 0.545455
vt 0.717949 0.636364
vt 0.717949 0.727273
vt 0.717949 0.818182
vt 0.717949 0.909091
vt 0.717949 1.000000
vt 0.730769 0.090909
vt 0.730769 0.000000
vt 0.730769 0.181818
vt 0.730769 0.272727
vt 0.730769 0.363636
vt 0.730769 0.454545
vt 0.730769 0.545455
vt 0.730769 0.636364
vt 0.730769 0.727273
vt 0.730769 0.818182
vt 0.730769 0.909091
vt 0.730769 1.000000
vt 0.743590 0.090909
vt 0.743590 0.000000
vt 0.743590 0.181818
vt 0.743590 0.272727
vt 0.743590 0.363636
vt 0.743590 0.454545
vt 0.743590 0.545455
vt 0.743590 0.636364
vt 0.743590 0.727273
vt 0.743590 0.818182
vt 0.743590 0.909091
vt 0.743590 1.000000
vt 0.756410 0.090909
vt 0.756410 0.000000
vt 0.756410 0.181818
vt 0.756410 0.272727
vt 0.756410 0.363636
vt 0.756410 0.454545
vt 0.756410 0.545455
vt 0.756410 0.636364
vt 0.756410 0.727273
vt 0.756410 0.818182
vt 0.756410 0.909091
vt 0.756410 1.000000
vt 0.769231 0.090909
vt 0.769231 0.000000
vt 0.769231 0.181818
vt 0.769231 0.272727
vt 0.769231 0.363636
vt 0.769231 0.454545
vt 0.769231 0.545455
vt 0.769231 0.636364
vt 0.769231 0.727273
vt 0.769231 0.818182
vt 0.769231 0.909091
vt 0.769231 1.000000
vt 0.782051 0.090909
vt 0.782051 0.000000
vt 0.782051 0.181818
vt 0.782051 0.272727
vt 0.782051 0.363636
vt 0.782051 0.454545
vt 0.782051 0.545455
vt 0.782051 0.636364
vt 0.782051 0.727273
vt 0.782051 0.818182
vt 0.782051 0.909091
vt 0.782051 1.000000
vt 0.794872 0.090909
vt 0.794872 0.000000
vt 0.794872 0.181818
vt 0.794872 0.272727
vt 0.794872 0.363636
vt 0.794872 0.454545
vt 0.794872 0.545455
vt 0.794872 0.636364
vt 0.794872 0.727273
vt 0.794872 0.818182
vt 0.794872 0.909091
vt 0.794872 1.000000
vt 0.807692 0.090909
vt 0.807692 0.000000
vt 0.807692 0.181818
vt 0.807692 0.272727
vt 0.807692 0.363636
vt 0.807692 0.454545
vt 0.807692 0.545455
vt 0.807692 0.636364
vt 0.807692 0.727273
vt 0.807692 0.818182
vt 0.807692 0.909091
vt 0.807692 1.000000
vt 0.820513 0.090909
vt 0.820513 0.000000
vt 0.820513 0.181818
vt 0.820513 0.272727
vt 0.820513 0.363636
vt 0.820513 0.454545
vt 0.820513 0.545455
vt 0.820513 0.636364
vt 0.820513 0.727273
vt 0.820513 0.818182
vt 0.820513 0.909091
vt 0.820513 1.000000
vt 0.833333 0.090909
vt 0.833333 0.000000
vt 0.833333 0.181818
vt 0.833333 0.272727
vt 0.833333 0.363636
vt 0.833333 0.454545
vt 0.833333 0.545455
vt 0.833333 0.636364
vt 0.833333 0.727273
vt 0.833333 0.818182
vt 0.833333 0.909091
vt 0.833333 1.000000
vt 0.846154 0.090909
vt 0.846154 0.000000
vt 0.846154 0.181818
vt 0.846154 0.272727
vt 0.846154 0.363636
vt 0.846154 0.454545
vt 0.846154 0.545455
vt 0.846154 0.636364
vt 0.846154 0.727273
vt 0.846154 0.818182
vt 0.846154 0.909091
vt 0.846154 1.000000
vt 0.858974 0.090909
vt 0.858974 0.000000
vt 0.858974 0.181818
vt 0.858974 0.272727
vt 0.858974 0.363636
vt 0.858974 0.454545
vt 0.858974 0.545455
vt 0.858974 0.636364
vt 0.858974 0.727273
vt 0.858974 0.818182
vt 0.858974 0.909091
vt 0.858974 1.000000
vt 0.871795 0.090909
vt 0.871795 0.000000
vt 0.871795 0.181818
vt 0.871795 0.272727
vt 0.871795 0.363636
vt 0.871795 0.454545
vt 0.871795 0.545455
vt 0.871795 0.636364
vt 0.871795 0.727273
vt 0.871795 0.818182
vt 0.871795 0.909091
vt 0.871795 1.000000
vt 0.884615 0.090909
vt 0.884615 0.000000
vt 0.884615 0.181818
vt 0.884615 0.272727
vt 0.884615 0.363636
vt 0.884615 0.454545
vt 0.884615 0.545455
vt 0.884615 0.636364
vt 0.884615 0.727273
vt 0.884615 0.818182
vt 0.884615 0.909091
vt 0.884615 1.000000
vt 0.897436 0.090909
vt 0.897436 0.000000
vt 0.897436 0.181818
vt 0.897436 0.272727
vt 0.897436 0.363636
vt 0.897436 0.454545
vt 0.897436 0.545455
vt 0.897436 0.636364
vt 0.897436 0.727273
vt 0.897436 0.818182
vt 0.897436 0.909091
vt 0.897436 1.000000
vt 0.910256 0.090909
vt 0.910256 0.000000
vt 0.910256 0.181818
vt 0.910256 0.272727
vt 0.910256 0.363636
vt 0.910256 0.454545
vt 0.910256 0.545455
vt 0.910256 0.636364
vt 0.910256 0.727273
vt 0.910256 0.818182
vt 0.910256 0.909091
vt 0.910256 1.000000
vt 0.923077 0.090909
vt 0.923077 0.000000
vt 0.923077 0.181818
vt 0.923077 0.272727
vt 0.923077 0.363636
vt 0.923077 0.454545
vt 0.923077 0.545455
vt 0.923077 0.636364
vt 0.923077 0.727273
vt 0.923077 0.818182
vt 0.923077 0.909091
vt 0.923077 1.000000
vt 0.935897 0.090909
vt 0.935897 0.000000
vt 0.935897 0.181818
vt 0.935897 0.272727
vt 0.935897 0.363636
vt 0.935897 0.454545
vt 0.935897 0.545455
vt 0.935897 0.636364
vt 0.935897 0.727273
vt 0.935897 0.818182
vt 0.935897 0.909091
vt 0.935897 1.000000
vt 0.948718 0.090909
vt 0.948718 0.000000
vt 0.948718 0.181818
vt 0.948718 0.272727
vt 0.948718 0.363636
vt 0.948718 0.454545
vt 0.948718 0.545455
vt 0.948718 0.636364
vt 0.948718 0.727273
vt 0.948718 0.818182
vt 0.948718 0.909091
vt 0.948718 1.000000
vt 0.961538 0.090909
vt 0.961538 0.000000
vt 0.961538 0.181818
vt 0.961538 0.272727
vt 0.961538 0.363636
vt 0.961538 0.454545
vt 0.961538 0.545455
vt 0.961538 0.636364
vt 0.961538 0.727273
vt 0.961538 0.818182
vt 0.961538 0.909091
vt 0.961538 1.000000
vt 0.974359 0.090909
vt 0.974359 0.000000
vt 0.974359 0.181818
vt 0.974359 0.272727
vt 0.974359 0.363636
vt 0.974359 0.454545
vt 0.974359 0.545455
vt 0.974359 0.636364
vt 0.974359 0.727273
vt 0.974359 0.818182
vt 0.974359 0.909091
vt 0.974359 1.000000
vt 0.987179 0.090909
vt 0.987179 0.000000
vt 0.987179 0.181818
vt 0.987179 0.272727
vt 0.987179 0.363636
vt 0.987179 0.454545
vt 0.987179 0.545455
vt 0.987179 0.636364
vt 0.987179 0.727273
vt 0.987179 0.818182
vt 0.987179 0.909091
vt 0.987179 1.000000
vt 0.019231 0.090909
vt 0.019231 0.000000
vt 0.019231 0.181818
vt 0.019231 0.272727
vt 0.019231 0.363636
vt 0.019231 0.454545
vt 0.019231 0.545455
vt 0.019231 0.636364
vt 0.019231 0.727273
vt 0.019231 0.818182
vt 0.019231 0.909091
vt 0.019231 1.000000
vt 0.057692 0.090909
vt 0.057692 0.000000
vt 0.057692 0.181818
vt 0.057692 0.272727
vt 0.057692 0.363636
vt 0.057692 0.454545
vt 0.057692 0.545455
vt 0.057692 0.636364
vt 0.057692 0.727273
vt 0.057692 0.818182
vt 0.057692 0.909091
vt 0.057692 1.000000
vt 0.096154 0.090909
vt 0.096154 0.000000
vt 0.096154 0.181818
vt 0.096154 0.272727
vt 0.096154 0.363636
vt 0.096154 0.454545
vt 0.096154 0.545455
vt 0.096154 0.636364
vt 0.096154 0.727273
vt 0.096154 0.818182
vt 0.096154 0.909091
vt 0.096154 1.000000
vt 0.134615 0.090909
vt 0.134615 0.000000
vt 0.134615 0.181818
vt 0.134615 0.272727
vt 0.134615 0.363636
vt 0.134615 0.454545
vt 0.134615 0.545455
vt 0.134615 0.636364
vt 0.134615 0.727273
vt 0.134615 0.818182
vt 0.134615 0.909091
vt 0.134615 1.000000
vt 0.173077 0.090909
vt 0.173077 0.000000
vt 0.173077 0.181818
vt 0.173077 0.272727
vt 0.173077 0.363636
vt 0.173077 0.454545
vt 0.173077 0.545455
vt 0.173077 0.636364
vt 0.173077 0.727273
vt 0.173077 0.818182
vt 0.173077 0.909091
vt 0.173077 1.000000
vt 0.211538 0.090909
vt 0.211538 0.000000
vt 0.211538 0.181818
vt 0.211538 0.272727
vt 0.211538 0.363636
vt 0.211538 0.454545
vt 0.211538 0.545455
vt 0.211538 0.636364
vt 0.211538 0.727273
vt 0.211538 0.818182
vt 0.211538 0.909091
vt 0.211538 1.000000
vt 0.250000 0.090909
vt 0.250000 0.181818
vt 0.250000 0.272727
vt 0.250000 0.363636
vt 0.250000 0.454545
vt 0.250000 0.545455
vt 0.250000 0.636364
vt 0.250000 0.727273
vt 0.250000 0.818182
vt 0.250000 0.909091
vt 0.250000 1.000000
vt 0.288462 0.090909
vt 0.288462 0.000000
vt 0.288462 0.181818
vt 0.288462 0.272727
vt 0.288462 0.363636
vt 0.288462 0.454545
vt 0.288462 0.545455
vt 0.288462 0.636364
vt 0.288462 0.727273
vt 0.288462 0.818182
vt 0.288462 0.909091
vt 0.288462 1.000000
vt 0.326923 0.090909
vt 0.326923 0.000000
vt 0.326923 0.181818
vt 0.326923 0.272727
vt 0.326923 0.363636
vt 0.326923 0.454545
vt 0.326923 0.545455
vt 0.326923 0.636364
vt 0.326923 0.727273
vt 0.326923 0.818182
vt 0.326923 0.909091
vt 0.326923 1.000000
vt 0.365385 0.090909
vt 0.365385 0.000000
vt 0.365385 0.181818
vt 0.365385 0.272727
vt 0.365385 0.363636
vt 0.365385 0.454545
vt 0.365385 0.545455
vt 0.365385 0.636364
vt 0.365385 0.727273
vt 0.365385 0.818182
vt 0.365385 0.909091
vt 0.365385 1.000000
vt 0.403846 0.090909
vt 0.403846 0.000000
vt 0.403846 0.181818
vt 0.403846 0.272727
vt 0.403846 0.363636
vt 0.403846 0.454545
vt 0.403846 0.545455
vt 0.403846 0.636364
vt 0.403846 0.727273
vt 0.403846 0.818182
vt 0.403846 0.909091
vt 0.403846 1.000000
vt 0.442308 0.090909
vt 0.442308 0.000000
vt 0.442308 0.181818
vt 0.442308 0.272727
vt 0.442308 0.363636
vt 0.442308 0.454545
vt 0.442308 0.545455
vt 0.442308 0.636364
vt 0.442308 0.727273
vt 0.442308 0.818182
vt 0.442308 0.909091
vt 0.442308 1.000000
vt 0.480769 0.090909
vt 0.480769 0.000000
vt 0.480769 0.181818
vt 0.480769 0.272727
vt 0.480769 0.363636
vt 0.480769 0.454545
vt 0.480769 0.545455
vt 0.480769 0.636364
vt 0.480769 0.727273
vt 0.480769 0.818182
vt 0.480769 0.909091
vt 0.480769 1.000000
vt 0.519231 0.090909
vt 0.519231 0.000000
vt 0.519231 0.181818
vt 0.519231 0.272727
vt 0.519231 0.363636
vt 0.519231 0.454545
vt 0.519231 0.545455
vt 0.519231 0.636364
vt 0.519231 0.727273
vt 0.519231 0.818182
vt 0.519231 0.909091
vt 0.519231 1.000000
vt 0.557692 0.090909
vt 0.557692 0.000000
vt 0.557692 0.181818
vt 0.557692 0.272727
vt 0.557692 0.363636
vt 0.557692 0.454545
vt 0.557692 0.545455
vt 0.557692 0.636364
vt 0.557692 0.727273
vt 0.557692 0.818182
vt 0.557692 0.909091
vt 0.557692 1.000000
vt 0.596154 0.090909
vt 0.596154 0.000000
vt 0.596154 0.181818
vt 0.596154 0.272727
vt 0.596154 0.363636
vt 0.596154 0.454545
vt 0.596154 0.545455
vt 0.596154 0.636364
vt 0.596154 0.727273
vt 0.596154 0.818182
vt 0.596154 0.909091
vt 0.596154 1.000000
vt 0.634615 0.090909
vt 0.634615 0.000000
vt 0.634615 0.181818
vt 0.634615 0.272727
vt 0.634615 0.363636
vt 0.634615 0.454545
vt 0.634615 0.545455
vt 0.634615 0.636364
vt 0.634615 0.727273
vt 0.634615 0.818182
vt 0.634615 0.909091
vt 0.634615 1.000000
vt 0.673077 0.090909
vt 0.673077 0.000000
vt 0.673077 0.181818
vt 0.673077 0.272727
vt 0.673077 0.363636
vt 0.673077 0.454545
vt 0.673077 0.545455
vt 0.673077 0.636364
vt 0.673077 0.727273
vt 0.673077 0.818182
vt 0.673077 0.909091
vt 0.673077 1.000000
vt 0.711538 0.090909
vt 0.711538 0.000000
vt 0.711538 0.181818
vt 0.711538 0.272727
vt 0.711538 0.363636
vt 0.711538 0.454545
vt 0.711538 0.545455
vt 0.711538 0.636364
vt 0.711538 0.727273
vt 0.711538 0.818182
vt 0.711538 0.909091
vt 0.711538 1.000000
vt 0.750000 0.090909
vt 0.750000 0.181818
vt 0.750000 0.272727
vt 0.750000 0.363636
vt 0.750000 0.454545
vt 0.750000 0.545455
vt 0.750000 0.636364
vt 0.750000 0.727273
vt 0.750000 0.818182
vt 0.750000 0.909091
vt 0.750000 1.000000
vt 0.788462 0.090909
vt 0.788462 0.000000
vt 0.788462 0.181818
vt 0.788462 0.272727
vt 0.788462 0.363636
vt 0.788462 0.454545
vt 0.788462 0.545455
vt 0.788462 0.636364
vt 0.788462 0.727273
vt 0.788462 0.818182
vt 0.788462 0.909091
vt 0.788462 1.000000
vt 0.826923 0.090909
vt 0.826923 0.000000
vt 0.826923 0.181818
vt 0.826923 0.272727
vt 0.826923 0.363636
vt 0.826923 0.454545
vt 0.826923 0.545455
vt 0.826923 0.636364
vt 0.826923 0.727273
vt 0.826923 0.818182
vt 0.826923 0.909091
vt 0.826923 1.000000
vt 0.865385 0.090909
vt 0.865385 0.000000
vt 0.865385 0.181818
vt 0.865385 0.272727
vt 0.865385 0.363636
vt 0.865385 0.454545
vt 0.865385 0.545455
vt 0.865385 0.636364
vt 0.865385 0.727273
vt 0.865385 0.818182
vt 0.865385 0.909091
vt 0.865385 1.000000
vt 0.903846 0.090909
vt 0.903846 0.000000
vt 0.903846 0.181818
vt 0.903846 0.272727
vt 0.903846 0.363636
vt 0.903846 0.454545
vt 0.903846 0.545455
vt 0.903846 0.636364
vt 0.903846 0.727273
vt 0.903846 0.818182
vt 0.903846 0.909091
vt 0.903846 1.000000
vt 0.942308 0.090909
vt 0.942308 0.000000
vt 0.942308 0.181818
vt 0.942308 0.272727
vt 0.942308 0.363636
vt 0.942308 0.454545
vt 0.942308 0.545455
vt 0.942308 0.636364
vt 0.942308 0.727273
vt 0.942308 0.818182
vt 0.942308 0.909091
vt 0.942308 1.000000
vt 0.980769 0.090909
vt 0.980769 0.000000
vt 0.980769 0.181818
vt 0.980769 0.272727
vt 0.980769 0.363636
vt 0.980769 0.454545
vt 0.980769 0.545455
vt 0.980769 0.636364
vt 0.980769 0.727273
vt 0.980769 0.818182
vt 0.980769 0.909091
vt 0.980769 1.000000
s 0
usemtl reflective_gold.001
f 915/1296/560 914/1297/560 913/1298/560
f 917/1299/560 910/1300/560 909/1301/560
f 910/1300/560 917/1299/560 916/1302/560
f 911/1303/560 910/1300/560 912/1304/560
f 913/1298/560 912/1304/560 910/1300/560
f 910/1300/560 916/1302/560 913/1298/560
f 915/1296/560 913/1298/560 916/1302/560
f 968/1305/560 1023/1299/560 1022/1306/560
f 969/1307/560 968/1305/560 1022/1306/560
f 1022/1306/560 996/1308/560 969/1307/560
f 996/1308/560 995/1309/560 969/1307/560
f 971/1310/560 970/1311/560 1021/1312/560
f 1021/1312/560 972/1313/560 971/1310/560
f 993/1314/560 918/1301/560 994/1315/560
f 1021/1312/560 970/1311/560 1022/1306/560
f 996/1308/560 1022/1306/560 970/1311/560
f 994/1315/560 918/1301/560 995/1309/560
f 969/1307/560 995/1309/560 918/1301/560
f 997/1316/560 967/1317/560 998/1318/560
f 973/1319/560 1020/1320/560 974/1321/560
f 991/1322/560 920/1323/560 992/1324/560
f 919/1325/560 992/1324/560 920/1323/560
f 1023/1299/560 968/1305/560 967/1317/560
f 967/1317/560 997/1316/560 1023/1299/560
f 1020/1320/560 973/1319/560 1021/1312/560
f 972/1313/560 1021/1312/560 973/1319/560
f 992/1324/560 919/1325/560 993/1314/560
f 918/1301/560 993/1314/560 919/1325/560
f 999/1326/560 966/1327/560 965/1328/560
f 1000/1329/560 999/1326/560 965/1328/560
f 1017/1330/560 943/1331/560 1018/1332/560
f 942/1333/560 941/1334/560 976/1335/560
f 977/1336/560 976/1335/560 941/1334/560
f 998/1318/560 967/1317/560 966/1327/560
f 966/1327/560 999/1326/560 998/1318/560
f 1018/1332/560 943/1331/560 1019/1337/560
f 1020/1320/560 1019/1337/560 943/1331/560
f 974/1321/560 1020/1320/560 943/1331/560
f 943/1331/560 942/1333/560 974/1321/560
f 975/1338/560 974/1321/560 942/1333/560
f 942/1333/560 976/1335/560 975/1338/560
f 989/1339/560 922/1340/560 990/1341/560
f 922/1340/560 921/1342/560 990/1341/560
f 991/1322/560 990/1341/560 921/1342/560
f 920/1323/560 991/1322/560 921/1342/560
f 945/1343/560 1015/1344/560 946/1345/560
f 1002/1346/560 963/1347/560 962/1348/560
f 1003/1349/560 1002/1346/560 962/1348/560
f 962/1348/560 961/1350/560 1003/1349/560
f 1004/1351/560 1003/1349/560 961/1350/560
f 961/1350/560 960/1352/560 1004/1351/560
f 1005/1353/560 1004/1351/560 960/1352/560
f 960/1352/560 959/1354/560 1005/1353/560
f 1006/1355/560 1005/1353/560 959/1354/560
f 959/1354/560 958/1356/560 1006/1355/560
f 958/1356/560 957/1357/560 1006/1355/560
f 1007/1358/560 1006/1355/560 957/1357/560
f 957/1357/560 956/1359/560 1007/1358/560
f 1008/1360/560 1007/1358/560 956/1359/560
f 956/1359/560 955/1361/560 1008/1360/560
f 1009/1362/560 1008/1360/560 955/1361/560
f 955/1361/560 954/1363/560 1009/1362/560
f 954/1363/560 953/1364/560 1009/1362/560
f 1010/1365/560 1009/1362/560 953/1364/560
f 953/1364/560 952/1366/560 1010/1365/560
f 1011/1367/560 1010/1365/560 952/1366/560
f 952/1366/560 951/1368/560 1011/1367/560
f 1012/1369/560 1011/1367/560 951/1368/560
f 951/1368/560 950/1370/560 1012/1369/560
f 950/1370/560 949/1371/560 1012/1369/560
f 1013/1372/560 1012/1369/560 949/1371/560
f 949/1371/560 948/1373/560 1013/1372/560
f 1014/1374/560 1013/1372/560 948/1373/560
f 948/1373/560 947/1375/560 1014/1374/560
f 1015/1344/560 1014/1374/560 947/1375/560
f 946/1345/560 1015/1344/560 947/1375/560
f 1000/1329/560 965/1328/560 964/1376/560
f 1001/1377/560 1000/1329/560 964/1376/560
f 964/1376/560 963/1347/560 1001/1377/560
f 963/1347/560 1002/1346/560 1001/1377/560
f 1015/1344/560 945/1343/560 1016/1378/560
f 945/1343/560 944/1379/560 1016/1378/560
f 1017/1330/560 1016/1378/560 944/1379/560
f 943/1331/560 1017/1330/560 944/1379/560
f 977/1336/560 941/1334/560 940/1380/560
f 978/1381/560 977/1336/560 940/1380/560
f 940/1380/560 939/1382/560 978/1381/560
f 939/1382/560 938/1383/560 978/1381/560
f 979/1384/560 978/1381/560 938/1383/560
f 938/1383/560 937/1385/560 979/1384/560
f 937/1385/560 936/1386/560 979/1384/560
f 980/1387/560 979/1384/560 936/1386/560
f 936/1386/560 935/1388/560 980/1387/560
f 935/1388/560 934/1389/560 980/1387/560
f 981/1390/560 980/1387/560 934/1389/560
f 934/1389/560 933/1391/560 981/1390/560
f 933/1391/560 932/1392/560 981/1390/560
f 982/1393/560 981/1390/560 932/1392/560
f 932/1392/560 931/1394/560 982/1393/560
f 931/1394/560 930/1395/560 982/1393/560
f 983/1396/560 982/1393/560 930/1395/560
f 930/1395/560 929/1397/560 983/1396/560
f 984/1398/560 983/1396/560 929/1397/560
f 929/1397/560 928/1399/560 984/1398/560
f 985/1400/560 984/1398/560 928/1399/560
f 928/1399/560 927/1401/560 985/1400/560
f 927/1401/560 926/1402/560 985/1400/560
f 986/1403/560 985/1400/560 926/1402/560
f 926/1402/560 925/1404/560 986/1403/560
f 987/1405/560 986/1403/560 925/1404/560
f 925/1404/560 924/1406/560 987/1405/560
f 988/1407/560 987/1405/560 924/1406/560
f 924/1406/560 923/1408/560 988/1407/560
f 989/1339/560 988/1407/560 923/1408/560
f 922/1340/560 989/1339/560 923/1408/560
f 1048/1409/560 1047/1410/560 1050/1411/560
f 1044/1412/560 1043/1413/560 1058/1414/560
f 1058/1414/560 1057/1347/560 1044/1412/560
f 1057/1347/560 1056/1415/560 1044/1412/560
f 1045/1416/560 1044/1412/560 1056/1415/560
f 1056/1415/560 1055/1417/560 1045/1416/560
f 1055/1417/560 1054/1418/560 1045/1416/560
f 1046/1373/560 1045/1416/560 1054/1418/560
f 1054/1418/560 1053/1419/560 1046/1373/560
f 1053/1419/560 1052/1420/560 1046/1373/560
f 1047/1410/560 1046/1373/560 1052/1420/560
f 1052/1420/560 1051/1421/560 1047/1410/560
f 1050/1411/560 1047/1410/560 1051/1421/560
f 1048/1409/560 1050/1411/560 1049/1422/560
f 1069/1423/560 1037/1424/560 1070/1425/560
f 1035/1391/560 1073/1426/560 1036/1427/560
f 1073/1426/560 1072/1428/560 1036/1427/560
f 1071/1429/560 1036/1427/560 1072/1428/560
f 1036/1427/560 1071/1429/560 1037/1424/560
f 1070/1425/560 1037/1424/560 1071/1429/560
f 1037/1424/560 1069/1423/560 1038/1430/560
f 1069/1423/560 1068/1381/560 1038/1430/560
f 1068/1381/560 1067/1431/560 1038/1430/560
f 1039/1432/560 1038/1430/560 1067/1431/560
f 1066/1433/560 1039/1432/560 1067/1431/560
f 1039/1432/560 1066/1433/560 1040/1434/560
f 1066/1433/560 1065/1435/560 1040/1434/560
f 1065/1435/560 1064/1436/560 1040/1434/560
f 1041/1437/560 1040/1434/560 1064/1436/560
f 1064/1436/560 1063/1438/560 1041/1437/560
f 1063/1438/560 1062/1439/560 1041/1437/560
f 1042/1440/560 1041/1437/560 1062/1439/560
f 1062/1439/560 1061/1441/560 1042/1440/560
f 1061/1441/560 1060/1442/560 1042/1440/560
f 1043/1413/560 1042/1440/560 1060/1442/560
f 1060/1442/560 1059/1443/560 1043/1413/560
f 1058/1414/560 1043/1413/560 1059/1443/560
f 1034/1444/560 1076/1445/560 1075/1446/560
f 1078/1447/560 1077/1448/560 1033/1449/560
f 1033/1449/560 1079/1314/560 1078/1447/560
f 1033/1449/560 1077/1448/560 1034/1444/560
f 1076/1445/560 1034/1444/560 1077/1448/560
f 1081/1450/560 1032/1451/560 1031/1452/560
f 1082/1453/560 1081/1450/560 1031/1452/560
f 1083/1454/560 1082/1453/560 1031/1452/560
f 1079/1314/560 1033/1449/560 1032/1451/560
f 1080/1455/560 1079/1314/560 1032/1451/560
f 1032/1451/560 1081/1450/560 1080/1455/560
f 1101/1299/560 1100/1456/560 1098/1457/560
f 1099/1458/560 1098/1457/560 1100/1456/560
f 1090/1360/560 1089/1459/560 1027/1460/560
f 1027/1460/560 1026/1461/560 1090/1360/560
f 1091/1462/560 1090/1360/560 1026/1461/560
f 1092/1463/560 1091/1462/560 1026/1461/560
f 1026/1461/560 1025/1464/560 1092/1463/560
f 1093/1465/560 1092/1463/560 1025/1464/560
f 1094/1466/560 1093/1465/560 1025/1464/560
f 1025/1464/560 1024/1301/560 1094/1466/560
f 1095/1467/560 1094/1466/560 1024/1301/560
f 1096/1468/560 1095/1467/560 1024/1301/560
f 1024/1301/560 1101/1299/560 1096/1468/560
f 1097/1469/560 1096/1468/560 1101/1299/560
f 1101/1299/560 1098/1457/560 1097/1469/560
f 1083/1454/560 1031/1452/560 1030/1470/560
f 1084/1471/560 1083/1454/560 1030/1470/560
f 1085/1472/560 1084/1471/560 1030/1470/560
f 1030/1470/560 1029/1473/560 1085/1472/560
f 1086/1474/560 1085/1472/560 1029/1473/560
f 1087/1475/560 1086/1474/560 1029/1473/560
f 1029/1473/560 1028/1476/560 1087/1475/560
f 1088/1477/560 1087/1475/560 1028/1476/560
f 1028/1476/560 1027/1460/560 1088/1477/560
f 1027/1460/560 1089/1459/560 1088/1477/560
f 1034/1444/560 1075/1446/560 1035/1391/560
f 1075/1446/560 1074/1478/560 1035/1391/560
f 1073/1426/560 1035/1391/560 1074/1478/560
f 1165/1479/560 1164/1407/560 1166/1480/560
f 1164/1407/560 1195/1299/560 1166/1480/560
f 1167/1481/560 1166/1480/560 1195/1299/560
f 1161/1482/560 1169/1483/560 1162/1484/560
f 1163/1485/560 1162/1484/560 1169/1483/560
f 1195/1299/560 1164/1407/560 1163/1485/560
f 1163/1485/560 1169/1483/560 1195/1299/560
f 1167/1481/560 1195/1299/560 1194/1486/560
f 1159/1487/560 1170/1488/560 1160/1489/560
f 1159/1487/560 1158/1490/560 1171/1491/560
f 1170/1488/560 1159/1487/560 1171/1491/560
f 1191/1492/560 1102/1301/560 1192/1493/560
f 1168/1494/560 1192/1493/560 1102/1301/560
f 1160/1489/560 1170/1488/560 1161/1482/560
f 1169/1483/560 1161/1482/560 1170/1488/560
f 1192/1493/560 1168/1494/560 1193/1495/560
f 1194/1486/560 1193/1495/560 1168/1494/560
f 1167/1481/560 1194/1486/560 1168/1494/560
f 1174/1496/560 1173/1497/560 1125/1498/560
f 1189/1499/560 1188/1500/560 1105/1501/560
f 1104/1502/560 1189/1499/560 1105/1501/560
f 1156/1503/560 1125/1498/560 1157/1504/560
f 1158/1490/560 1157/1504/560 1125/1498/560
f 1171/1491/560 1158/1490/560 1125/1498/560
f 1172/1505/560 1171/1491/560 1125/1498/560
f 1125/1498/560 1173/1497/560 1172/1505/560
f 1189/1499/560 1104/1502/560 1190/1506/560
f 1104/1502/560 1103/1507/560 1190/1506/560
f 1191/1492/560 1190/1506/560 1103/1507/560
f 1102/1301/560 1191/1492/560 1103/1507/560
f 1132/1508/560 1131/1509/560 1152/1510/560
f 1149/1511/560 1148/1512/560 1150/1513/560
f 1148/1512/560 1147/1514/560 1150/1513/560
f 1147/1514/560 1146/1515/560 1150/1513/560
f 1146/1515/560 1145/1516/560 1150/1513/560
f 1145/1516/560 1144/1517/560 1150/1513/560
f 1144/1517/560 1143/1518/560 1150/1513/560
f 1143/1518/560 1142/1519/560 1150/1513/560
f 1142/1519/560 1141/1520/560 1150/1513/560
f 1141/1520/560 1140/1521/560 1150/1513/560
f 1140/1521/560 1139/1522/560 1150/1513/560
f 1139/1522/560 1138/1523/560 1150/1513/560
f 1150/1513/560 1138/1523/560 1151/1524/560
f 1138/1523/560 1137/1525/560 1151/1524/560
f 1137/1525/560 1136/1526/560 1151/1524/560
f 1136/1526/560 1135/1527/560 1151/1524/560
f 1135/1527/560 1134/1528/560 1151/1524/560
f 1134/1528/560 1133/1364/560 1151/1524/560
f 1152/1510/560 1151/1524/560 1133/1364/560
f 1132/1508/560 1152/1510/560 1133/1364/560
f 1113/1529/560 1112/1530/560 1181/1531/560
f 1152/1510/560 1131/1509/560 1153/1532/560
f 1131/1509/560 1130/1533/560 1153/1532/560
f 1130/1533/560 1129/1534/560 1153/1532/560
f 1154/1535/560 1153/1532/560 1129/1534/560
f 1129/1534/560 1128/1536/560 1154/1535/560
f 1128/1536/560 1127/1537/560 1154/1535/560
f 1155/1538/560 1154/1535/560 1127/1537/560
f 1127/1537/560 1126/1539/560 1155/1538/560
f 1156/1503/560 1155/1538/560 1126/1539/560
f 1125/1498/560 1156/1503/560 1126/1539/560
f 1174/1496/560 1125/1498/560 1124/1540/560
f 1124/1540/560 1123/1541/560 1174/1496/560
f 1175/1542/560 1174/1496/560 1123/1541/560
f 1123/1541/560 1122/1543/560 1175/1542/560
f 1122/1543/560 1121/1544/560 1175/1542/560
f 1176/1545/560 1175/1542/560 1121/1544/560
f 1121/1544/560 1120/1546/560 1176/1545/560
f 1177/1547/560 1176/1545/560 1120/1546/560
f 1120/1546/560 1119/1548/560 1177/1547/560
f 1119/1548/560 1118/1549/560 1177/1547/560
f 1178/1550/560 1177/1547/560 1118/1549/560
f 1118/1549/560 1117/1551/560 1178/1550/560
f 1117/1551/560 1116/1552/560 1178/1550/560
f 1179/1553/560 1178/1550/560 1116/1552/560
f 1116/1552/560 1115/1554/560 1179/1553/560
f 1180/1555/560 1179/1553/560 1115/1554/560
f 1115/1554/560 1114/1556/560 1180/1555/560
f 1114/1556/560 1113/1529/560 1180/1555/560
f 1113/1529/560 1181/1531/560 1180/1555/560
f 1181/1531/560 1112/1530/560 1182/1557/560
f 1112/1530/560 1111/1558/560 1182/1557/560
f 1183/1559/560 1182/1557/560 1111/1558/560
f 1111/1558/560 1110/1560/560 1183/1559/560
f 1184/1561/560 1183/1559/560 1110/1560/560
f 1110/1560/560 1109/1562/560 1184/1561/560
f 1185/1563/560 1184/1561/560 1109/1562/560
f 1109/1562/560 1108/1564/560 1185/1563/560
f 1186/1565/560 1185/1563/560 1108/1564/560
f 1108/1564/560 1107/1566/560 1186/1565/560
f 1187/1567/560 1186/1565/560 1107/1566/560
f 1107/1566/560 1106/1568/560 1187/1567/560
f 1188/1500/560 1187/1567/560 1106/1568/560
f 1105/1501/560 1188/1500/560 1106/1568/560
f 1202/1296/561 1200/1298/561 1201/1297/561
f 1204/1299/561 1196/1301/561 1197/1300/561
f 1197/1300/561 1203/1302/561 1204/1299/561
f 1198/1303/561 1199/1304/561 1197/1300/561
f 1200/1298/561 1197/1300/561 1199/1304/561
f 1197/1300/561 1200/1298/561 1203/1302/561
f 1202/1296/561 1203/1302/561 1200/1298/561
f 1255/1305/561 1309/1306/561 1310/1299/561
f 1256/1307/561 1309/1306/561 1255/1305/561
f 1309/1306/561 1256/1307/561 1283/1308/561
f 1283/1308/561 1256/1307/561 1282/1309/561
f 1258/1310/561 1308/1312/561 1257/1311/561
f 1308/1312/561 1258/1310/561 1259/1313/561
f 1280/1314/561 1281/1315/561 1205/1301/561
f 1308/1312/561 1309/1306/561 1257/1311/561
f 1283/1308/561 1257/1311/561 1309/1306/561
f 1281/1315/561 1282/1309/561 1205/1301/561
f 1256/1307/561 1205/1301/561 1282/1309/561
f 1284/1316/561 1285/1318/561 1254/1317/561
f 1260/1319/561 1261/1321/561 1307/1320/561
f 1278/1322/561 1279/1324/561 1207/1323/561
f 1206/1325/561 1207/1323/561 1279/1324/561
f 1310/1299/561 1254/1317/561 1255/1305/561
f 1254/1317/561 1310/1299/561 1284/1316/561
f 1307/1320/561 1308/1312/561 1260/1319/561
f 1259/1313/561 1260/1319/561 1308/1312/561
f 1279/1324/561 1280/1314/561 1206/1325/561
f 1205/1301/561 1206/1325/561 1280/1314/561
f 1286/1326/561 1252/1328/561 1253/1327/561
f 1287/1329/561 1252/1328/561 1286/1326/561
f 1304/1330/561 1305/1332/561 1230/1331/561
f 1229/1333/561 1263/1335/561 1228/1334/561
f 1264/1336/561 1228/1334/561 1263/1335/561
f 1285/1318/561 1253/1327/561 1254/1317/561
f 1253/1327/561 1285/1318/561 1286/1326/561
f 1305/1332/561 1306/1337/561 1230/1331/561
f 1307/1320/561 1230/1331/561 1306/1337/561
f 1261/1321/561 1230/1331/561 1307/1320/561
f 1230/1331/561 1261/1321/561 1229/1333/561
f 1262/1338/561 1229/1333/561 1261/1321/561
f 1229/1333/561 1262/1338/561 1263/1335/561
f 1276/1339/561 1277/1341/561 1209/1340/561
f 1209/1340/561 1277/1341/561 1208/1342/561
f 1278/1322/561 1208/1342/561 1277/1341/561
f 1207/1323/561 1208/1342/561 1278/1322/561
f 1232/1343/561 1233/1345/561 1302/1344/561
f 1289/1346/561 1249/1348/561 1250/1347/561
f 1290/1349/561 1249/1348/561 1289/1346/561
f 1249/1348/561 1290/1349/561 1248/1350/561
f 1291/1351/561 1248/1350/561 1290/1349/561
f 1248/1350/561 1291/1351/561 1247/1352/561
f 1292/1353/561 1247/1352/561 1291/1351/561
f 1247/1352/561 1292/1353/561 1246/1354/561
f 1293/1355/561 1246/1354/561 1292/1353/561
f 1246/1354/561 1293/1355/561 1245/1356/561
f 1245/1356/561 1293/1355/561 1244/1357/561
f 1294/1358/561 1244/1357/561 1293/1355/561
f 1244/1357/561 1294/1358/561 1243/1359/561
f 1295/1360/561 1243/1359/561 1294/1358/561
f 1243/1359/561 1295/1360/561 1242/1361/561
f 1296/1362/561 1242/1361/561 1295/1360/561
f 1242/1361/561 1296/1362/561 1241/1363/561
f 1241/1363/561 1296/1362/561 1240/1364/561
f 1297/1365/561 1240/1364/561 1296/1362/561
f 1240/1364/561 1297/1365/561 1239/1366/561
f 1298/1367/561 1239/1366/561 1297/1365/561
f 1239/1366/561 1298/1367/561 1238/1368/561
f 1299/1369/561 1238/1368/561 1298/1367/561
f 1238/1368/561 1299/1369/561 1237/1370/561
f 1237/1370/561 1299/1369/561 1236/1371/561
f 1300/1372/561 1236/1371/561 1299/1369/561
f 1236/1371/561 1300/1372/561 1235/1373/561
f 1301/1374/561 1235/1373/561 1300/1372/561
f 1235/1373/561 1301/1374/561 1234/1375/561
f 1302/1344/561 1234/1375/561 1301/1374/561
f 1233/1345/561 1234/1375/561 1302/1344/561
f 1287/1329/561 1251/1376/561 1252/1328/561
f 1288/1377/561 1251/1376/561 1287/1329/561
f 1251/1376/561 1288/1377/561 1250/1347/561
f 1250/1347/561 1288/1377/561 1289/1346/561
f 1302/1344/561 1303/1378/561 1232/1343/561
f 1232/1343/561 1303/1378/561 1231/1379/561
f 1304/1330/561 1231/1379/561 1303/1378/561
f 1230/1331/561 1231/1379/561 1304/1330/561
f 1264/1336/561 1227/1380/561 1228/1334/561
f 1265/1381/561 1227/1380/561 1264/1336/561
f 1227/1380/561 1265/1381/561 1226/1382/561
f 1226/1382/561 1265/1381/561 1225/1383/561
f 1266/1384/561 1225/1383/561 1265/1381/561
f 1225/1383/561 1266/1384/561 1224/1385/561
f 1224/1385/561 1266/1384/561 1223/1386/561
f 1267/1387/561 1223/1386/561 1266/1384/561
f 1223/1386/561 1267/1387/561 1222/1388/561
f 1222/1388/561 1267/1387/561 1221/1389/561
f 1268/1390/561 1221/1389/561 1267/1387/561
f 1221/1389/561 1268/1390/561 1220/1391/561
f 1220/1391/561 1268/1390/561 1219/1392/561
f 1269/1393/561 1219/1392/561 1268/1390/561
f 1219/1392/561 1269/1393/561 1218/1394/561
f 1218/1394/561 1269/1393/561 1217/1395/561
f 1270/1396/561 1217/1395/561 1269/1393/561
f 1217/1395/561 1270/1396/561 1216/1397/561
f 1271/1398/561 1216/1397/561 1270/1396/561
f 1216/1397/561 1271/1398/561 1215/1399/561
f 1272/1400/561 1215/1399/561 1271/1398/561
f 1215/1399/561 1272/1400/561 1214/1401/561
f 1214/1401/561 1272/1400/561 1213/1402/561
f 1273/1403/561 1213/1402/561 1272/1400/561
f 1213/1402/561 1273/1403/561 1212/1404/561
f 1274/1405/561 1212/1404/561 1273/1403/561
f 1212/1404/561 1274/1405/561 1211/1406/561
f 1275/1407/561 1211/1406/561 1274/1405/561
f 1211/1406/561 1275/1407/561 1210/1408/561
f 1276/1339/561 1210/1408/561 1275/1407/561
f 1209/1340/561 1210/1408/561 1276/1339/561
f 1335/1409/561 1337/1411/561 1334/1410/561
f 1331/1412/561 1345/1414/561 1330/1413/561
f 1345/1414/561 1331/1412/561 1344/1347/561
f 1344/1347/561 1331/1412/561 1343/1415/561
f 1332/1416/561 1343/1415/561 1331/1412/561
f 1343/1415/561 1332/1416/561 1342/1417/561
f 1342/1417/561 1332/1416/561 1341/1418/561
f 1333/1373/561 1341/1418/561 1332/1416/561
f 1341/1418/561 1333/1373/561 1340/1419/561
f 1340/1419/561 1333/1373/561 1339/1420/561
f 1334/1410/561 1339/1420/561 1333/1373/561
f 1339/1420/561 1334/1410/561 1338/1421/561
f 1337/1411/561 1338/1421/561 1334/1410/561
f 1335/1409/561 1336/1422/561 1337/1411/561
f 1356/1423/561 1357/1425/561 1324/1424/561
f 1322/1391/561 1323/1427/561 1360/1426/561
f 1360/1426/561 1323/1427/561 1359/1428/561
f 1358/1429/561 1359/1428/561 1323/1427/561
f 1323/1427/561 1324/1424/561 1358/1429/561
f 1357/1425/561 1358/1429/561 1324/1424/561
f 1324/1424/561 1325/1430/561 1356/1423/561
f 1356/1423/561 1325/1430/561 1355/1381/561
f 1355/1381/561 1325/1430/561 1354/1431/561
f 1326/1432/561 1354/1431/561 1325/1430/561
f 1353/1433/561 1354/1431/561 1326/1432/561
f 1326/1432/561 1327/1434/561 1353/1433/561
f 1353/1433/561 1327/1434/561 1352/1435/561
f 1352/1435/561 1327/1434/561 1351/1436/561
f 1328/1437/561 1351/1436/561 1327/1434/561
f 1351/1436/561 1328/1437/561 1350/1438/561
f 1350/1438/561 1328/1437/561 1349/1439/561
f 1329/1440/561 1349/1439/561 1328/1437/561
f 1349/1439/561 1329/1440/561 1348/1441/561
f 1348/1441/561 1329/1440/561 1347/1442/561
f 1330/1413/561 1347/1442/561 1329/1440/561
f 1347/1442/561 1330/1413/561 1346/1443/561
f 1345/1414/561 1346/1443/561 1330/1413/561
f 1321/1444/561 1362/1446/561 1363/1445/561
f 1365/1447/561 1320/1449/561 1364/1448/561
f 1320/1449/561 1365/1447/561 1366/1314/561
f 1320/1449/561 1321/1444/561 1364/1448/561
f 1363/1445/561 1364/1448/561 1321/1444/561
f 1368/1450/561 1318/1452/561 1319/1451/561
f 1369/1453/561 1318/1452/561 1368/1450/561
f 1370/1454/561 1318/1452/561 1369/1453/561
f 1366/1314/561 1319/1451/561 1320/1449/561
f 1367/1455/561 1319/1451/561 1366/1314/561
f 1319/1451/561 1367/1455/561 1368/1450/561
f 1388/1299/561 1385/1457/561 1387/1456/561
f 1386/1458/561 1387/1456/561 1385/1457/561
f 1377/1360/561 1314/1460/561 1376/1459/561
f 1314/1460/561 1377/1360/561 1313/1461/561
f 1378/1462/561 1313/1461/561 1377/1360/561
f 1379/1463/561 1313/1461/561 1378/1462/561
f 1313/1461/561 1379/1463/561 1312/1464/561
f 1380/1465/561 1312/1464/561 1379/1463/561
f 1381/1466/561 1312/1464/561 1380/1465/561
f 1312/1464/561 1381/1466/561 1311/1301/561
f 1382/1467/561 1311/1301/561 1381/1466/561
f 1383/1468/561 1311/1301/561 1382/1467/561
f 1311/1301/561 1383/1468/561 1388/1299/561
f 1384/1469/561 1388/1299/561 1383/1468/561
f 1388/1299/561 1384/1469/561 1385/1457/561
f 1370/1454/561 1317/1470/561 1318/1452/561
f 1371/1471/561 1317/1470/561 1370/1454/561
f 1372/1472/561 1317/1470/561 1371/1471/561
f 1317/1470/561 1372/1472/561 1316/1473/561
f 1373/1474/561 1316/1473/561 1372/1472/561
f 1374/1475/561 1316/1473/561 1373/1474/561
f 1316/1473/561 1374/1475/561 1315/1476/561
f 1375/1477/561 1315/1476/561 1374/1475/561
f 1315/1476/561 1375/1477/561 1314/1460/561
f 1314/1460/561 1375/1477/561 1376/1459/561
f 1321/1444/561 1322/1391/561 1362/1446/561
f 1362/1446/561 1322/1391/561 1361/1478/561
f 1360/1426/561 1361/1478/561 1322/1391/561
f 1452/1479/561 1453/1480/561 1451/1407/561
f 1451/1407/561 1453/1480/561 1482/1299/561
f 1454/1481/561 1482/1299/561 1453/1480/561
f 1448/1482/561 1449/1484/561 1456/1483/561
f 1450/1485/561 1456/1483/561 1449/1484/561
f 1482/1299/561 1450/1485/561 1451/1407/561
f 1450/1485/561 1482/1299/561 1456/1483/561
f 1454/1481/561 1481/1486/561 1482/1299/561
f 1446/1487/561 1447/1489/561 1457/1488/561
f 1446/1487/561 1458/1491/561 1445/1490/561
f 1457/1488/561 1458/1491/561 1446/1487/561
f 1478/1492/561 1479/1493/561 1389/1301/561
f 1455/1494/561 1389/1301/561 1479/1493/561
f 1447/1489/561 1448/1482/561 1457/1488/561
f 1456/1483/561 1457/1488/561 1448/1482/561
f 1479/1493/561 1480/1495/561 1455/1494/561
f 1481/1486/561 1455/1494/561 1480/1495/561
f 1454/1481/561 1455/1494/561 1481/1486/561
f 1461/1496/561 1412/1498/561 1460/1497/561
f 1476/1499/561 1392/1501/561 1475/1500/561
f 1391/1502/561 1392/1501/561 1476/1499/561
f 1443/1503/561 1444/1504/561 1412/1498/561
f 1445/1490/561 1412/1498/561 1444/1504/561
f 1458/1491/561 1412/1498/561 1445/1490/561
f 1459/1505/561 1412/1498/561 1458/1491/561
f 1412/1498/561 1459/1505/561 1460/1497/561
f 1476/1499/561 1477/1506/561 1391/1502/561
f 1391/1502/561 1477/1506/561 1390/1507/561
f 1478/1492/561 1390/1507/561 1477/1506/561
f 1389/1301/561 1390/1507/561 1478/1492/561
f 1419/1508/561 1439/1510/561 1418/1509/561
f 1436/1511/561 1437/1513/561 1435/1512/561
f 1435/1512/561 1437/1513/561 1434/1514/561
f 1434/1514/561 1437/1513/561 1433/1515/561
f 1433/1515/561 1437/1513/561 1432/1516/561
f 1432/1516/561 1437/1513/561 1431/1517/561
f 1431/1517/561 1437/1513/561 1430/1518/561
f 1430/1518/561 1437/1513/561 1429/1519/561
f 1429/1519/561 1437/1513/561 1428/1520/561
f 1428/1520/561 1437/1513/561 1427/1521/561
f 1427/1521/561 1437/1513/561 1426/1522/561
f 1426/1522/561 1437/1513/561 1425/1523/561
f 1437/1513/561 1438/1524/561 1425/1523/561
f 1425/1523/561 1438/1524/561 1424/1525/561
f 1424/1525/561 1438/1524/561 1423/1526/561
f 1423/1526/561 1438/1524/561 1422/1527/561
f 1422/1527/561 1438/1524/561 1421/1528/561
f 1421/1528/561 1438/1524/561 1420/1364/561
f 1439/1510/561 1420/1364/561 1438/1524/561
f 1419/1508/561 1420/1364/561 1439/1510/561
f 1400/1529/561 1468/1531/561 1399/1530/561
f 1439/1510/561 1440/1532/561 1418/1509/561
f 1418/1509/561 1440/1532/561 1417/1533/561
f 1417/1533/561 1440/1532/561 1416/1534/561
f 1441/1535/561 1416/1534/561 1440/1532/561
f 1416/1534/561 1441/1535/561 1415/1536/561
f 1415/1536/561 1441/1535/561 1414/1537/561
f 1442/1538/561 1414/1537/561 1441/1535/561
f 1414/1537/561 1442/1538/561 1413/1539/561
f 1443/1503/561 1413/1539/561 1442/1538/561
f 1412/1498/561 1413/1539/561 1443/1503/561
f 1461/1496/561 1411/1540/561 1412/1498/561
f 1411/1540/561 1461/1496/561 1410/1541/561
f 1462/1542/561 1410/1541/561 1461/1496/561
f 1410/1541/561 1462/1542/561 1409/1543/561
f 1409/1543/561 1462/1542/561 1408/1544/561
f 1463/1545/561 1408/1544/561 1462/1542/561
f 1408/1544/561 1463/1545/561 1407/1546/561
f 1464/1547/561 1407/1546/561 1463/1545/561
f 1407/1546/561 1464/1547/561 1406/1548/561
f 1406/1548/561 1464/1547/561 1405/1549/561
f 1465/1550/561 1405/1549/561 1464/1547/561
f 1405/1549/561 1465/1550/561 1404/1551/561
f 1404/1551/561 1465/1550/561 1403/1552/561
f 1466/1553/561 1403/1552/561 1465/1550/561
f 1403/1552/561 1466/1553/561 1402/1554/561
f 1467/1555/561 1402/1554/561 1466/1553/561
f 1402/1554/561 1467/1555/561 1401/1556/561
f 1401/1556/561 1467/1555/561 1400/1529/561
f 1400/1529/561 1467/1555/561 1468/1531/561
f 1468/1531/561 1469/1557/561 1399/1530/561
f 1399/1530/561 1469/1557/561 1398/1558/561
f 1470/1559/561 1398/1558/561 1469/1557/561
f 1398/1558/561 1470/1559/561 1397/1560/561
f 1471/1561/561 1397/1560/561 1470/1559/561
f 1397/1560/561 1471/1561/561 1396/1562/561
f 1472/1563/561 1396/1562/561 1471/1561/561
f 1396/1562/561 1472/1563/561 1395/1564/561
f 1473/1565/561 1395/1564/561 1472/1563/561
f 1395/1564/561 1473/1565/561 1394/1566/561
f 1474/1567/561 1394/1566/561 1473/1565/561
f 1394/1566/561 1474/1567/561 1393/1568/561
f 1475/1500/561 1393/1568/561 1474/1567/561
f 1392/1501/561 1393/1568/561 1475/1500/561
s 1
f 1484/1569/562 1496/1570/563 1495/1571/564 1483/1301/565
f 1485/1572/566 1497/1573/567 1496/1570/563 1484/1569/562
f 1486/1574/568 1498/1575/569 1497/1573/567 1485/1572/566
f 1487/1576/570 1499/1577/571 1498/1575/569 1486/1574/568
f 1488/1578/572 1500/1579/573 1499/1577/571 1487/1576/570
f 1489/1580/574 1501/1581/575 1500/1579/573 1488/1578/572
f 1490/1582/576 1502/1583/577 1501/1581/575 1489/1580/574
f 1491/1584/578 1503/1585/579 1502/1583/577 1490/1582/576
f 1492/1586/580 1504/1587/581 1503/1585/579 1491/1584/578
f 1493/1588/582 1505/1589/583 1504/1587/581 1492/1586/580
f 1494/1590/584 1506/1591/585 1505/1589/583 1493/1588/582
f 1496/1570/563 1508/1592/586 1507/1593/587 1495/1571/564
f 1497/1573/567 1509/1594/588 1508/1592/586 1496/1570/563
f 1498/1575/569 1510/1595/589 1509/1594/588 1497/1573/567
f 1499/1577/571 1511/1596/590 1510/1595/589 1498/1575/569
f 1500/1579/573 1512/1597/591 1511/1596/590 1499/1577/571
f 1501/1581/575 1513/1598/592 1512/1597/591 1500/1579/573
f 1502/1583/577 1514/1599/593 1513/1598/592 1501/1581/575
f 1503/1585/579 1515/1600/594 1514/1599/593 1502/1583/577
f 1504/1587/581 1516/1601/595 1515/1600/594 1503/1585/579
f 1505/1589/583 1517/1602/596 1516/1601/595 1504/1587/581
f 1506/1591/585 1518/1603/597 1517/1602/596 1505/1589/583
f 1508/1592/586 1520/1604/598 1519/1605/599 1507/1593/587
f 1509/1594/588 1521/1606/600 1520/1604/598 1508/1592/586
f 1510/1595/589 1522/1607/601 1521/1606/600 1509/1594/588
f 1511/1596/590 1523/1608/602 1522/1607/601 1510/1595/589
f 1512/1597/591 1524/1609/603 1523/1608/602 1511/1596/590
f 1513/1598/592 1525/1610/604 1524/1609/603 1512/1597/591
f 1514/1599/593 1526/1611/605 1525/1610/604 1513/1598/592
f 1515/1600/594 1527/1612/606 1526/1611/605 1514/1599/593
f 1516/1601/595 1528/1613/607 1527/1612/606 1515/1600/594
f 1517/1602/596 1529/1614/608 1528/1613/607 1516/1601/595
f 1518/1603/597 1530/1615/609 1529/1614/608 1517/1602/596
f 1520/1604/598 1532/1616/610 1531/1617/611 1519/1605/599
f 1521/1606/600 1533/1618/612 1532/1616/610 1520/1604/598
f 1522/1607/601 1534/1619/613 1533/1618/612 1521/1606/600
f 1523/1608/602 1535/1620/614 1534/1619/613 1522/1607/601
f 1524/1609/603 1536/1621/615 1535/1620/614 1523/1608/602
f 1525/1610/604 1537/1622/616 1536/1621/615 1524/1609/603
f 1526/1611/605 1538/1623/617 1537/1622/616 1525/1610/604
f 1527/1612/606 1539/1624/618 1538/1623/617 1526/1611/605
f 1528/1613/607 1540/1625/619 1539/1624/618 1527/1612/606
f 1529/1614/608 1541/1626/620 1540/1625/619 1528/1613/607
f 1530/1615/609 1542/1627/621 1541/1626/620 1529/1614/608
f 1532/1616/610 1544/1628/622 1543/1629/623 1531/1617/611
f 1533/1618/612 1545/1630/624 1544/1628/622 1532/1616/610
f 1534/1619/613 1546/1631/625 1545/1630/624 1533/1618/612
f 1535/1620/614 1547/1632/626 1546/1631/625 1534/1619/613
f 1536/1621/615 1548/1633/627 1547/1632/626 1535/1620/614
f 1537/1622/616 1549/1634/628 1548/1633/627 1536/1621/615
f 1538/1623/617 1550/1635/629 1549/1634/628 1537/1622/616
f 1539/1624/618 1551/1636/630 1550/1635/629 1538/1623/617
f 1540/1625/619 1552/1637/631 1551/1636/630 1539/1624/618
f 1541/1626/620 1553/1638/632 1552/1637/631 1540/1625/619
f 1542/1627/621 1554/1639/633 1553/1638/632 1541/1626/620
f 1544/1628/622 1556/1640/634 1555/1641/635 1543/1629/623
f 1545/1630/624 1557/1642/636 1556/1640/634 1544/1628/622
f 1546/1631/625 1558/1643/637 1557/1642/636 1545/1630/624
f 1547/1632/626 1559/1644/638 1558/1643/637 1546/1631/625
f 1548/1633/627 1560/1645/639 1559/1644/638 1547/1632/626
f 1549/1634/628 1561/1646/640 1560/1645/639 1548/1633/627
f 1550/1635/629 1562/1647/641 1561/1646/640 1549/1634/628
f 1551/1636/630 1563/1648/642 1562/1647/641 1550/1635/629
f 1552/1637/631 1564/1649/643 1563/1648/642 1551/1636/630
f 1553/1638/632 1565/1650/644 1564/1649/643 1552/1637/631
f 1554/1639/633 1566/1651/645 1565/1650/644 1553/1638/632
f 1556/1640/634 1568/1652/646 1567/1653/647 1555/1641/635
f 1557/1642/636 1569/1654/648 1568/1652/646 1556/1640/634
f 1558/1643/637 1570/1655/649 1569/1654/648 1557/1642/636
f 1559/1644/638 1571/1656/650 1570/1655/649 1558/1643/637
f 1560/1645/639 1572/1657/651 1571/1656/650 1559/1644/638
f 1561/1646/640 1573/1658/652 1572/1657/651 1560/1645/639
f 1562/1647/641 1574/1659/653 1573/1658/652 1561/1646/640
f 1563/1648/642 1575/1660/654 1574/1659/653 1562/1647/641
f 1564/1649/643 1576/1661/655 1575/1660/654 1563/1648/642
f 1565/1650/644 1577/1662/656 1576/1661/655 1564/1649/643
f 1566/1651/645 1578/1663/657 1577/1662/656 1565/1650/644
f 1568/1652/646 1580/1664/658 1579/1665/659 1567/1653/647
f 1569/1654/648 1581/1666/660 1580/1664/658 1568/1652/646
f 1570/1655/649 1582/1667/661 1581/1666/660 1569/1654/648
f 1571/1656/650 1583/1668/662 1582/1667/661 1570/1655/649
f 1572/1657/651 1584/1669/663 1583/1668/662 1571/1656/650
f 1573/1658/652 1585/1670/664 1584/1669/663 1572/1657/651
f 1574/1659/653 1586/1671/665 1585/1670/664 1573/1658/652
f 1575/1660/654 1587/1672/666 1586/1671/665 1574/1659/653
f 1576/1661/655 1588/1673/667 1587/1672/666 1575/1660/654
f 1577/1662/656 1589/1674/668 1588/1673/667 1576/1661/655
f 1578/1663/657 1590/1675/669 1589/1674/668 1577/1662/656
f 1580/1664/658 1592/1676/670 1591/1677/671 1579/1665/659
f 1581/1666/660 1593/1678/672 1592/1676/670 1580/1664/658
f 1582/1667/661 1594/1679/673 1593/1678/672 1581/1666/660
f 1583/1668/662 1595/1680/674 1594/1679/673 1582/1667/661
f 1584/1669/663 1596/1681/675 1595/1680/674 1583/1668/662
f 1585/1670/664 1597/1682/676 1596/1681/675 1584/1669/663
f 1586/1671/665 1598/1683/677 1597/1682/676 1585/1670/664
f 1587/1672/666 1599/1684/678 1598/1683/677 1586/1671/665
f 1588/1673/667 1600/1685/679 1599/1684/678 1587/1672/666
f 1589/1674/668 1601/1686/680 1600/1685/679 1588/1673/667
f 1590/1675/669 1602/1687/681 1601/1686/680 1589/1674/668
f 1592/1676/670 1604/1688/682 1603/1689/683 1591/1677/671
f 1593/1678/672 1605/1690/684 1604/1688/682 1592/1676/670
f 1594/1679/673 1606/1691/685 1605/1690/684 1593/1678/672
f 1595/1680/674 1607/1692/686 1606/1691/685 1594/1679/673
f 1596/1681/675 1608/1693/687 1607/1692/686 1595/1680/674
f 1597/1682/676 1609/1694/688 1608/1693/687 1596/1681/675
f 1598/1683/677 1610/1695/689 1609/1694/688 1597/1682/676
f 1599/1684/678 1611/1696/690 1610/1695/689 1598/1683/677
f 1600/1685/679 1612/1697/691 1611/1696/690 1599/1684/678
f 1601/1686/680 1613/1698/692 1612/1697/691 1600/1685/679
f 1602/1687/681 1614/1699/693 1613/1698/692 1601/1686/680
f 1604/1688/682 1616/1700/694 1615/1701/695 1603/1689/683
f 1605/1690/684 1617/1702/696 1616/1700/694 1604/1688/682
f 1606/1691/685 1618/1703/697 1617/1702/696 1605/1690/684
f 1607/1692/686 1619/1704/698 1618/1703/697 1606/1691/685
f 1608/1693/687 1620/1705/699 1619/1704/698 1607/1692/686
f 1609/1694/688 1621/1706/700 1620/1705/699 1608/1693/687
f 1610/1695/689 1622/1707/701 1621/1706/700 1609/1694/688
f 1611/1696/690 1623/1708/702 1622/1707/701 1610/1695/689
f 1612/1697/691 1624/1709/703 1623/1708/702 1611/1696/690
f 1613/1698/692 1625/1710/704 1624/1709/703 1612/1697/691
f 1614/1699/693 1626/1711/705 1625/1710/704 1613/1698/692
f 1616/1700/694 1628/1712/706 1627/1713/707 1615/1701/695
f 1617/1702/696 1629/1714/708 1628/1712/706 1616/1700/694
f 1618/1703/697 1630/1715/709 1629/1714/708 1617/1702/696
f 1619/1704/698 1631/1716/710 1630/1715/709 1618/1703/697
f 1620/1705/699 1632/1717/711 1631/1716/710 1619/1704/698
f 1621/1706/700 1633/1718/712 1632/1717/711 1620/1705/699
f 1622/1707/701 1634/1719/713 1633/1718/712 1621/1706/700
f 1623/1708/702 1635/1720/714 1634/1719/713 1622/1707/701
f 1624/1709/703 1636/1721/715 1635/1720/714 1623/1708/702
f 1625/1710/704 1637/1722/716 1636/1721/715 1624/1709/703
f 1626/1711/705 1638/1723/717 1637/1722/716 1625/1710/704
f 1628/1712/706 1640/1724/718 1639/1725/719 1627/1713/707
f 1629/1714/708 1641/1726/720 1640/1724/718 1628/1712/706
f 1630/1715/709 1642/1727/721 1641/1726/720 1629/1714/708
f 1631/1716/710 1643/1728/722 1642/1727/721 1630/1715/709
f 1632/1717/711 1644/1729/723 1643/1728/722 1631/1716/710
f 1633/1718/712 1645/1730/724 1644/1729/723 1632/1717/711
f 1634/1719/713 1646/1731/725 1645/1730/724 1633/1718/712
f 1635/1720/714 1647/1732/726 1646/1731/725 1634/1719/713
f 1636/1721/715 1648/1733/727 1647/1732/726 1635/1720/714
f 1637/1722/716 1649/1734/728 1648/1733/727 1636/1721/715
f 1638/1723/717 1650/1735/729 1649/1734/728 1637/1722/716
f 1640/1724/718 1652/1736/730 1651/1737/731 1639/1725/719
f 1641/1726/720 1653/1738/732 1652/1736/730 1640/1724/718
f 1642/1727/721 1654/1739/733 1653/1738/732 1641/1726/720
f 1643/1728/722 1655/1740/734 1654/1739/733 1642/1727/721
f 1644/1729/723 1656/1741/735 1655/1740/734 1643/1728/722
f 1645/1730/724 1657/1742/736 1656/1741/735 1644/1729/723
f 1646/1731/725 1658/1743/737 1657/1742/736 1645/1730/724
f 1647/1732/726 1659/1744/738 1658/1743/737 1646/1731/725
f 1648/1733/727 1660/1745/739 1659/1744/738 1647/1732/726
f 1649/1734/728 1661/1746/740 1660/1745/739 1648/1733/727
f 1650/1735/729 1662/1747/741 1661/1746/740 1649/1734/728
f 1652/1736/730 1664/1748/742 1663/1749/743 1651/1737/731
f 1653/1738/732 1665/1750/744 1664/1748/742 1652/1736/730
f 1654/1739/733 1666/1751/745 1665/1750/744 1653/1738/732
f 1655/1740/734 1667/1752/746 1666/1751/745 1654/1739/733
f 1656/1741/735 1668/1753/747 1667/1752/746 1655/1740/734
f 1657/1742/736 1669/1754/748 1668/1753/747 1656/1741/735
f 1658/1743/737 1670/1755/749 1669/1754/748 1657/1742/736
f 1659/1744/738 1671/1756/750 1670/1755/749 1658/1743/737
f 1660/1745/739 1672/1757/751 1671/1756/750 1659/1744/738
f 1661/1746/740 1673/1758/752 1672/1757/751 1660/1745/739
f 1662/1747/741 1674/1759/753 1673/1758/752 1661/1746/740
f 1664/1748/742 1676/1760/754 1675/1761/755 1663/1749/743
f 1665/1750/744 1677/1762/756 1676/1760/754 1664/1748/742
f 1666/1751/745 1678/1763/757 1677/1762/756 1665/1750/744
f 1667/1752/746 1679/1764/758 1678/1763/757 1666/1751/745
f 1668/1753/747 1680/1765/759 1679/1764/758 1667/1752/746
f 1669/1754/748 1681/1766/760 1680/1765/759 1668/1753/747
f 1670/1755/749 1682/1767/761 1681/1766/760 1669/1754/748
f 1671/1756/750 1683/1768/762 1682/1767/761 1670/1755/749
f 1672/1757/751 1684/1769/763 1683/1768/762 1671/1756/750
f 1673/1758/752 1685/1770/764 1684/1769/763 1672/1757/751
f 1674/1759/753 1686/1771/765 1685/1770/764 1673/1758/752
f 1676/1760/754 1688/1772/766 1687/1773/767 1675/1761/755
f 1677/1762/756 1689/1774/768 1688/1772/766 1676/1760/754
f 1678/1763/757 1690/1775/769 1689/1774/768 1677/1762/756
f 1679/1764/758 1691/1776/770 1690/1775/769 1678/1763/757
f 1680/1765/759 1692/1777/771 1691/1776/770 1679/1764/758
f 1681/1766/760 1693/1778/772 1692/1777/771 1680/1765/759
f 1682/1767/761 1694/1779/773 1693/1778/772 1681/1766/760
f 1683/1768/762 1695/1780/774 1694/1779/773 1682/1767/761
f 1684/1769/763 1696/1781/775 1695/1780/774 1683/1768/762
f 1685/1770/764 1697/1782/776 1696/1781/775 1684/1769/763
f 1686/1771/765 1698/1783/777 1697/1782/776 1685/1770/764
f 1688/1772/766 1700/1784/778 1699/1785/779 1687/1773/767
f 1689/1774/768 1701/1786/780 1700/1784/778 1688/1772/766
f 1690/1775/769 1702/1787/781 1701/1786/780 1689/1774/768
f 1691/1776/770 1703/1788/782 1702/1787/781 1690/1775/769
f 1692/1777/771 1704/1789/783 1703/1788/782 1691/1776/770
f 1693/1778/772 1705/1790/784 1704/1789/783 1692/1777/771
f 1694/1779/773 1706/1791/785 1705/1790/784 1693/1778/772
f 1695/1780/774 1707/1792/786 1706/1791/785 1694/1779/773
f 1696/1781/775 1708/1793/787 1707/1792/786 1695/1780/774
f 1697/1782/776 1709/1794/788 1708/1793/787 1696/1781/775
f 1698/1783/777 1710/1795/789 1709/1794/788 1697/1782/776
f 1700/1784/778 1712/1796/790 1711/1797/791 1699/1785/779
f 1701/1786/780 1713/1798/792 1712/1796/790 1700/1784/778
f 1702/1787/781 1714/1799/793 1713/1798/792 1701/1786/780
f 1703/1788/782 1715/1800/794 1714/1799/793 1702/1787/781
f 1704/1789/783 1716/1801/795 1715/1800/794 1703/1788/782
f 1705/1790/784 1717/1802/796 1716/1801/795 1704/1789/783
f 1706/1791/785 1718/1803/797 1717/1802/796 1705/1790/784
f 1707/1792/786 1719/1804/798 1718/1803/797 1706/1791/785
f 1708/1793/787 1720/1805/799 1719/1804/798 1707/1792/786
f 1709/1794/788 1721/1806/800 1720/1805/799 1708/1793/787
f 1710/1795/789 1722/1807/801 1721/1806/800 1709/1794/788
f 1712/1796/790 1724/1808/802 1723/1809/803 1711/1797/791
f 1713/1798/792 1725/1810/804 1724/1808/802 1712/1796/790
f 1714/1799/793 1726/1811/805 1725/1810/804 1713/1798/792
f 1715/1800/794 1727/1812/806 1726/1811/805 1714/1799/793
f 1716/1801/795 1728/1813/807 1727/1812/806 1715/1800/794
f 1717/1802/796 1729/1814/808 1728/1813/807 1716/1801/795
f 1718/1803/797 1730/1815/809 1729/1814/808 1717/1802/796
f 1719/1804/798 1731/1816/810 1730/1815/809 1718/1803/797
f 1720/1805/799 1732/1817/811 1731/1816/810 1719/1804/798
f 1721/1806/800 1733/1818/812 1732/1817/811 1720/1805/799
f 1722/1807/801 1734/1819/813 1733/1818/812 1721/1806/800
f 1724/1808/802 1736/1820/814 1735/1821/815 1723/1809/803
f 1725/1810/804 1737/1822/816 1736/1820/814 1724/1808/802
f 1726/1811/805 1738/1823/817 1737/1822/816 1725/1810/804
f 1727/1812/806 1739/1824/818 1738/1823/817 1726/1811/805
f 1728/1813/807 1740/1825/819 1739/1824/818 1727/1812/806
f 1729/1814/808 1741/1826/820 1740/1825/819 1728/1813/807
f 1730/1815/809 1742/1827/821 1741/1826/820 1729/1814/808
f 1731/1816/810 1743/1828/822 1742/1827/821 1730/1815/809
f 1732/1817/811 1744/1829/823 1743/1828/822 1731/1816/810
f 1733/1818/812 1745/1830/824 1744/1829/823 1732/1817/811
f 1734/1819/813 1746/1831/825 1745/1830/824 1733/1818/812
f 1736/1820/814 1748/1832/826 1747/1833/827 1735/1821/815
f 1737/1822/816 1749/1834/828 1748/1832/826 1736/1820/814
f 1738/1823/817 1750/1835/829 1749/1834/828 1737/1822/816
f 1739/1824/818 1751/1836/830 1750/1835/829 1738/1823/817
f 1740/1825/819 1752/1837/831 1751/1836/830 1739/1824/818
f 1741/1826/820 1753/1838/832 1752/1837/831 1740/1825/819
f 1742/1827/821 1754/1839/833 1753/1838/832 1741/1826/820
f 1743/1828/822 1755/1840/834 1754/1839/833 1742/1827/821
f 1744/1829/823 1756/1841/835 1755/1840/834 1743/1828/822
f 1745/1830/824 1757/1842/836 1756/1841/835 1744/1829/823
f 1746/1831/825 1758/1843/837 1757/1842/836 1745/1830/824
f 1748/1832/826 1760/1844/838 1759/1845/839 1747/1833/827
f 1749/1834/828 1761/1846/840 1760/1844/838 1748/1832/826
f 1750/1835/829 1762/1847/841 1761/1846/840 1749/1834/828
f 1751/1836/830 1763/1848/842 1762/1847/841 1750/1835/829
f 1752/1837/831 1764/1849/843 1763/1848/842 1751/1836/830
f 1753/1838/832 1765/1850/844 1764/1849/843 1752/1837/831
f 1754/1839/833 1766/1851/845 1765/1850/844 1753/1838/832
f 1755/1840/834 1767/1852/846 1766/1851/845 1754/1839/833
f 1756/1841/835 1768/1853/847 1767/1852/846 1755/1840/834
f 1757/1842/836 1769/1854/848 1768/1853/847 1756/1841/835
f 1758/1843/837 1770/1855/849 1769/1854/848 1757/1842/836
f 1760/1844/838 1772/1856/850 1771/1857/851 1759/1845/839
f 1761/1846/840 1773/1858/852 1772/1856/850 1760/1844/838
f 1762/1847/841 1774/1859/853 1773/1858/852 1761/1846/840
f 1763/1848/842 1775/1860/854 1774/1859/853 1762/1847/841
f 1764/1849/843 1776/1861/855 1775/1860/854 1763/1848/842
f 1765/1850/844 1777/1862/856 1776/1861/855 1764/1849/843
f 1766/1851/845 1778/1863/857 1777/1862/856 1765/1850/844
f 1767/1852/846 1779/1864/858 1778/1863/857 1766/1851/845
f 1768/1853/847 1780/1865/859 1779/1864/858 1767/1852/846
f 1769/1854/848 1781/1866/860 1780/1865/859 1768/1853/847
f 1770/1855/849 1782/1867/861 1781/1866/860 1769/1854/848
f 1772/1856/850 1784/1868/862 1783/1869/863 1771/1857/851
f 1773/1858/852 1785/1870/864 1784/1868/862 1772/1856/850
f 1774/1859/853 1786/1871/865 1785/1870/864 1773/1858/852
f 1775/1860/854 1787/1872/866 1786/1871/865 1774/1859/853
f 1776/1861/855 1788/1873/867 1787/1872/866 1775/1860/854
f 1777/1862/856 1789/1874/868 1788/1873/867 1776/1861/855
f 1778/1863/857 1790/1875/869 1789/1874/868 1777/1862/856
f 1779/1864/858 1791/1876/870 1790/1875/869 1778/1863/857
f 1780/1865/859 1792/1877/871 1791/1876/870 1779/1864/858
f 1781/1866/860 1793/1878/872 1792/1877/871 1780/1865/859
f 1782/1867/861 1794/1879/873 1793/1878/872 1781/1866/860
f 1784/1868/862 1796/1880/874 1795/1881/875 1783/1869/863
f 1785/1870/864 1797/1882/876 1796/1880/874 1784/1868/862
f 1786/1871/865 1798/1883/877 1797/1882/876 1785/1870/864
f 1787/1872/866 1799/1884/878 1798/1883/877 1786/1871/865
f 1788/1873/867 1800/1885/879 1799/1884/878 1787/1872/866
f 1789/1874/868 1801/1886/880 1800/1885/879 1788/1873/867
f 1790/1875/869 1802/1887/881 1801/1886/880 1789/1874/868
f 1791/1876/870 1803/1888/882 1802/1887/881 1790/1875/869
f 1792/1877/871 1804/1889/883 1803/1888/882 1791/1876/870
f 1793/1878/872 1805/1890/884 1804/1889/883 1792/1877/871
f 1794/1879/873 1806/1891/885 1805/1890/884 1793/1878/872
f 1796/1880/874 1808/1892/886 1807/1893/887 1795/1881/875
f 1797/1882/876 1809/1894/888 1808/1892/886 1796/1880/874
f 1798/1883/877 1810/1895/889 1809/1894/888 1797/1882/876
f 1799/1884/878 1811/1896/890 1810/1895/889 1798/1883/877
f 1800/1885/879 1812/1897/891 1811/1896/890 1799/1884/878
f 1801/1886/880 1813/1898/892 1812/1897/891 1800/1885/879
f 1802/1887/881 1814/1899/893 1813/1898/892 1801/1886/880
f 1803/1888/882 1815/1900/894 1814/1899/893 1802/1887/881
f 1804/1889/883 1816/1901/895 1815/1900/894 1803/1888/882
f 1805/1890/884 1817/1902/896 1816/1901/895 1804/1889/883
f 1806/1891/885 1818/1903/897 1817/1902/896 1805/1890/884
f 1808/1892/886 1820/1904/898 1819/1905/899 1807/1893/887
f 1809/1894/888 1821/1906/900 1820/1904/898 1808/1892/886
f 1810/1895/889 1822/1907/901 1821/1906/900 1809/1894/888
f 1811/1896/890 1823/1908/902 1822/1907/901 1810/1895/889
f 1812/1897/891 1824/1909/903 1823/1908/902 1811/1896/890
f 1813/1898/892 1825/1910/904 1824/1909/903 1812/1897/891
f 1814/1899/893 1826/1911/905 1825/1910/904 1813/1898/892
f 1815/1900/894 1827/1912/906 1826/1911/905 1814/1899/893
f 1816/1901/895 1828/1913/907 1827/1912/906 1815/1900/894
f 1817/1902/896 1829/1914/908 1828/1913/907 1816/1901/895
f 1818/1903/897 1830/1915/909 1829/1914/908 1817/1902/896
f 1820/1904/898 1832/1916/910 1831/1917/911 1819/1905/899
f 1821/1906/900 1833/1918/912 1832/1916/910 1820/1904/898
f 1822/1907/901 1834/1919/913 1833/1918/912 1821/1906/900
f 1823/1908/902 1835/1920/914 1834/1919/913 1822/1907/901
f 1824/1909/903 1836/1921/915 1835/1920/914 1823/1908/902
f 1825/1910/904 1837/1922/916 1836/1921/915 1824/1909/903
f 1826/1911/905 1838/1923/917 1837/1922/916 1825/1910/904
f 1827/1912/906 1839/1924/918 1838/1923/917 1826/1911/905
f 1828/1913/907 1840/1925/919 1839/1924/918 1827/1912/906
f 1829/1914/908 1841/1926/920 1840/1925/919 1828/1913/907
f 1830/1915/909 1842/1927/921 1841/1926/920 1829/1914/908
f 1832/1916/910 1844/1928/922 1843/1929/923 1831/1917/911
f 1833/1918/912 1845/1930/924 1844/1928/922 1832/1916/910
f 1834/1919/913 1846/1931/925 1845/1930/924 1833/1918/912
f 1835/1920/914 1847/1932/926 1846/1931/925 1834/1919/913
f 1836/1921/915 1848/1933/927 1847/1932/926 1835/1920/914
f 1837/1922/916 1849/1934/928 1848/1933/927 1836/1921/915
f 1838/1923/917 1850/1935/929 1849/1934/928 1837/1922/916
f 1839/1924/918 1851/1936/930 1850/1935/929 1838/1923/917
f 1840/1925/919 1852/1937/931 1851/1936/930 1839/1924/918
f 1841/1926/920 1853/1938/932 1852/1937/931 1840/1925/919
f 1842/1927/921 1854/1939/933 1853/1938/932 1841/1926/920
f 1844/1928/922 1856/1940/934 1855/1941/935 1843/1929/923
f 1845/1930/924 1857/1942/936 1856/1940/934 1844/1928/922
f 1846/1931/925 1858/1943/937 1857/1942/936 1845/1930/924
f 1847/1932/926 1859/1944/938 1858/1943/937 1846/1931/925
f 1848/1933/927 1860/1945/939 1859/1944/938 1847/1932/926
f 1849/1934/928 1861/1946/940 1860/1945/939 1848/1933/927
f 1850/1935/929 1862/1947/941 1861/1946/940 1849/1934/928
f 1851/1936/930 1863/1948/942 1862/1947/941 1850/1935/929
f 1852/1937/931 1864/1949/943 1863/1948/942 1851/1936/930
f 1853/1938/932 1865/1950/944 1864/1949/943 1852/1937/931
f 1854/1939/933 1866/1951/945 1865/1950/944 1853/1938/932
f 1856/1940/934 1868/1952/946 1867/1953/947 1855/1941/935
f 1857/1942/936 1869/1954/948 1868/1952/946 1856/1940/934
f 1858/1943/937 1870/1955/949 1869/1954/948 1857/1942/936
f 1859/1944/938 1871/1956/950 1870/1955/949 1858/1943/937
f 1860/1945/939 1872/1957/951 1871/1956/950 1859/1944/938
f 1861/1946/940 1873/1958/952 1872/1957/951 1860/1945/939
f 1862/1947/941 1874/1959/953 1873/1958/952 1861/1946/940
f 1863/1948/942 1875/1960/954 1874/1959/953 1862/1947/941
f 1864/1949/943 1876/1961/955 1875/1960/954 1863/1948/942
f 1865/1950/944 1877/1962/956 1876/1961/955 1864/1949/943
f 1866/1951/945 1878/1963/957 1877/1962/956 1865/1950/944
f 1868/1952/946 1880/1964/958 1879/1965/959 1867/1953/947
f 1869/1954/948 1881/1966/960 1880/1964/958 1868/1952/946
f 1870/1955/949 1882/1967/961 1881/1966/960 1869/1954/948
f 1871/1956/950 1883/1968/962 1882/1967/961 1870/1955/949
f 1872/1957/951 1884/1969/963 1883/1968/962 1871/1956/950
f 1873/1958/952 1885/1970/964 1884/1969/963 1872/1957/951
f 1874/1959/953 1886/1971/965 1885/1970/964 1873/1958/952
f 1875/1960/954 1887/1972/966 1886/1971/965 1874/1959/953
f 1876/1961/955 1888/1973/967 1887/1972/966 1875/1960/954
f 1877/1962/956 1889/1974/968 1888/1973/967 1876/1961/955
f 1878/1963/957 1890/1975/969 1889/1974/968 1877/1962/956
f 1880/1964/958 1892/1976/970 1891/1977/971 1879/1965/959
f 1881/1966/960 1893/1978/972 1892/1976/970 1880/1964/958
f 1882/1967/961 1894/1979/973 1893/1978/972 1881/1966/960
f 1883/1968/962 1895/1980/974 1894/1979/973 1882/1967/961
f 1884/1969/963 1896/1981/975 1895/1980/974 1883/1968/962
f 1885/1970/964 1897/1982/976 1896/1981/975 1884/1969/963
f 1886/1971/965 1898/1983/977 1897/1982/976 1885/1970/964
f 1887/1972/966 1899/1984/978 1898/1983/977 1886/1971/965
f 1888/1973/967 1900/1985/979 1899/1984/978 1887/1972/966
f 1889/1974/968 1901/1986/980 1900/1985/979 1888/1973/967
f 1890/1975/969 1902/1987/981 1901/1986/980 1889/1974/968
f 1892/1976/970 1904/1988/982 1903/1989/983 1891/1977/971
f 1893/1978/972 1905/1990/984 1904/1988/982 1892/1976/970
f 1894/1979/973 1906/1991/985 1905/1990/984 1893/1978/972
f 1895/1980/974 1907/1992/986 1906/1991/985 1894/1979/973
f 1896/1981/975 1908/1993/987 1907/1992/986 1895/1980/974
f 1897/1982/976 1909/1994/988 1908/1993/987 1896/1981/975
f 1898/1983/977 1910/1995/989 1909/1994/988 1897/1982/976
f 1899/1984/978 1911/1996/990 1910/1995/989 1898/1983/977
f 1900/1985/979 1912/1997/991 1911/1996/990 1899/1984/978
f 1901/1986/980 1913/1998/992 1912/1997/991 1900/1985/979
f 1902/1987/981 1914/1999/993 1913/1998/992 1901/1986/980
f 1904/1988/982 1916/2000/994 1915/2001/995 1903/1989/983
f 1905/1990/984 1917/2002/996 1916/2000/994 1904/1988/982
f 1906/1991/985 1918/2003/997 1917/2002/996 1905/1990/984
f 1907/1992/986 1919/2004/998 1918/2003/997 1906/1991/985
f 1908/1993/987 1920/2005/999 1919/2004/998 1907/1992/986
f 1909/1994/988 1921/2006/1000 1920/2005/999 1908/1993/987
f 1910/1995/989 1922/2007/1001 1921/2006/1000 1909/1994/988
f 1911/1996/990 1923/2008/1002 1922/2007/1001 1910/1995/989
f 1912/1997/991 1924/2009/1003 1923/2008/1002 1911/1996/990
f 1913/1998/992 1925/2010/1004 1924/2009/1003 1912/1997/991
f 1914/1999/993 1926/2011/1005 1925/2010/1004 1913/1998/992
f 1916/2000/994 1928/2012/1006 1927/2013/1007 1915/2001/995
f 1917/2002/996 1929/2014/1008 1928/2012/1006 1916/2000/994
f 1918/2003/997 1930/2015/1009 1929/2014/1008 1917/2002/996
f 1919/2004/998 1931/2016/1010 1930/2015/1009 1918/2003/997
f 1920/2005/999 1932/2017/1011 1931/2016/1010 1919/2004/998
f 1921/2006/1000 1933/2018/1012 1932/2017/1011 1920/2005/999
f 1922/2007/1001 1934/2019/1013 1933/2018/1012 1921/2006/1000
f 1923/2008/1002 1935/2020/1014 1934/2019/1013 1922/2007/1001
f 1924/2009/1003 1936/2021/1015 1935/2020/1014 1923/2008/1002
f 1925/2010/1004 1937/2022/1016 1936/2021/1015 1924/2009/1003
f 1926/2011/1005 1938/2023/1017 1937/2022/1016 1925/2010/1004
f 1928/2012/1006 1940/2024/1018 1939/2025/1019 1927/2013/1007
f 1929/2014/1008 1941/2026/1020 1940/2024/1018 1928/2012/1006
f 1930/2015/1009 1942/2027/1021 1941/2026/1020 1929/2014/1008
f 1931/2016/1010 1943/2028/1022 1942/2027/1021 1930/2015/1009
f 1932/2017/1011 1944/2029/1023 1943/2028/1022 1931/2016/1010
f 1933/2018/1012 1945/2030/1024 1944/2029/1023 1932/2017/1011
f 1934/2019/1013 1946/2031/1025 1945/2030/1024 1933/2018/1012
f 1935/2020/1014 1947/2032/1026 1946/2031/1025 1934/2019/1013
f 1936/2021/1015 1948/2033/1027 1947/2032/1026 1935/2020/1014
f 1937/2022/1016 1949/2034/1028 1948/2033/1027 1936/2021/1015
f 1938/2023/1017 1950/2035/1029 1949/2034/1028 1937/2022/1016
f 1940/2024/1018 1952/2036/1030 1951/2037/1031 1939/2025/1019
f 1941/2026/1020 1953/2038/1032 1952/2036/1030 1940/2024/1018
f 1942/2027/1021 1954/2039/1033 1953/2038/1032 1941/2026/1020
f 1943/2028/1022 1955/2040/1034 1954/2039/1033 1942/2027/1021
f 1944/2029/1023 1956/2041/1035 1955/2040/1034 1943/2028/1022
f 1945/2030/1024 1957/2042/1036 1956/2041/1035 1944/2029/1023
f 1946/2031/1025 1958/2043/1037 1957/2042/1036 1945/2030/1024
f 1947/2032/1026 1959/2044/1038 1958/2043/1037 1946/2031/1025
f 1948/2033/1027 1960/2045/1039 1959/2044/1038 1947/2032/1026
f 1949/2034/1028 1961/2046/1040 1960/2045/1039 1948/2033/1027
f 1950/2035/1029 1962/2047/1041 1961/2046/1040 1949/2034/1028
f 1952/2036/1030 1964/2048/1042 1963/2049/1043 1951/2037/1031
f 1953/2038/1032 1965/2050/1044 1964/2048/1042 1952/2036/1030
f 1954/2039/1033 1966/2051/1045 1965/2050/1044 1953/2038/1032
f 1955/2040/1034 1967/2052/1046 1966/2051/1045 1954/2039/1033
f 1956/2041/1035 1968/2053/1047 1967/2052/1046 1955/2040/1034
f 1957/2042/1036 1969/2054/1048 1968/2053/1047 1956/2041/1035
f 1958/2043/1037 1970/2055/1049 1969/2054/1048 1957/2042/1036
f 1959/2044/1038 1971/2056/1050 1970/2055/1049 1958/2043/1037
f 1960/2045/1039 1972/2057/1051 1971/2056/1050 1959/2044/1038
f 1961/2046/1040 1973/2058/1052 1972/2057/1051 1960/2045/1039
f 1962/2047/1041 1974/2059/1053 1973/2058/1052 1961/2046/1040
f 1964/2048/1042 1976/2060/1054 1975/2061/1055 1963/2049/1043
f 1965/2050/1044 1977/2062/1056 1976/2060/1054 1964/2048/1042
f 1966/2051/1045 1978/2063/1057 1977/2062/1056 1965/2050/1044
f 1967/2052/1046 1979/2064/1058 1978/2063/1057 1966/2051/1045
f 1968/2053/1047 1980/2065/1059 1979/2064/1058 1967/2052/1046
f 1969/2054/1048 1981/2066/1060 1980/2065/1059 1968/2053/1047
f 1970/2055/1049 1982/2067/1061 1981/2066/1060 1969/2054/1048
f 1971/2056/1050 1983/2068/1062 1982/2067/1061 1970/2055/1049
f 1972/2057/1051 1984/2069/1063 1983/2068/1062 1971/2056/1050
f 1973/2058/1052 1985/2070/1064 1984/2069/1063 1972/2057/1051
f 1974/2059/1053 1986/2071/1065 1985/2070/1064 1973/2058/1052
f 1976/2060/1054 1988/2072/1066 1987/2073/923 1975/2061/1055
f 1977/2062/1056 1989/2074/1067 1988/2072/1066 1976/2060/1054
f 1978/2063/1057 1990/2075/1068 1989/2074/1067 1977/2062/1056
f 1979/2064/1058 1991/2076/1069 1990/2075/1068 1978/2063/1057
f 1980/2065/1059 1992/2077/1070 1991/2076/1069 1979/2064/1058
f 1981/2066/1060 1993/2078/1071 1992/2077/1070 1980/2065/1059
f 1982/2067/1061 1994/2079/1072 1993/2078/1071 1981/2066/1060
f 1983/2068/1062 1995/2080/1073 1994/2079/1072 1982/2067/1061
f 1984/2069/1063 1996/2081/1074 1995/2080/1073 1983/2068/1062
f 1985/2070/1064 1997/2082/1075 1996/2081/1074 1984/2069/1063
f 1986/2071/1065 1998/2083/933 1997/2082/1075 1985/2070/1064
f 1988/2072/1066 2000/2084/1076 1999/2085/1077 1987/2073/923
f 1989/2074/1067 2001/2086/1078 2000/2084/1076 1988/2072/1066
f 1990/2075/1068 2002/2087/1079 2001/2086/1078 1989/2074/1067
f 1991/2076/1069 2003/2088/1080 2002/2087/1079 1990/2075/1068
f 1992/2077/1070 2004/2089/1081 2003/2088/1080 1991/2076/1069
f 1993/2078/1071 2005/2090/1082 2004/2089/1081 1992/2077/1070
f 1994/2079/1072 2006/2091/1083 2005/2090/1082 1993/2078/1071
f 1995/2080/1073 2007/2092/1084 2006/2091/1083 1994/2079/1072
f 1996/2081/1074 2008/2093/1085 2007/2092/1084 1995/2080/1073
f 1997/2082/1075 2009/2094/1086 2008/2093/1085 1996/2081/1074
f 1998/2083/933 2010/2095/1087 2009/2094/1086 1997/2082/1075
f 2000/2084/1076 2012/2096/1088 2011/2097/1089 1999/2085/1077
f 2001/2086/1078 2013/2098/1090 2012/2096/1088 2000/2084/1076
f 2002/2087/1079 2014/2099/1091 2013/2098/1090 2001/2086/1078
f 2003/2088/1080 2015/2100/1092 2014/2099/1091 2002/2087/1079
f 2004/2089/1081 2016/2101/1093 2015/2100/1092 2003/2088/1080
f 2005/2090/1082 2017/2102/1094 2016/2101/1093 2004/2089/1081
f 2006/2091/1083 2018/2103/1095 2017/2102/1094 2005/2090/1082
f 2007/2092/1084 2019/2104/1096 2018/2103/1095 2006/2091/1083
f 2008/2093/1085 2020/2105/1097 2019/2104/1096 2007/2092/1084
f 2009/2094/1086 2021/2106/1098 2020/2105/1097 2008/2093/1085
f 2010/2095/1087 2022/2107/1099 2021/2106/1098 2009/2094/1086
f 2012/2096/1088 2024/2108/1100 2023/2109/1101 2011/2097/1089
f 2013/2098/1090 2025/2110/1102 2024/2108/1100 2012/2096/1088
f 2014/2099/1091 2026/2111/1103 2025/2110/1102 2013/2098/1090
f 2015/2100/1092 2027/2112/1104 2026/2111/1103 2014/2099/1091
f 2016/2101/1093 2028/2113/1105 2027/2112/1104 2015/2100/1092
f 2017/2102/1094 2029/2114/1106 2028/2113/1105 2016/2101/1093
f 2018/2103/1095 2030/2115/1107 2029/2114/1106 2017/2102/1094
f 2019/2104/1096 2031/2116/1108 2030/2115/1107 2018/2103/1095
f 2020/2105/1097 2032/2117/1109 2031/2116/1108 2019/2104/1096
f 2021/2106/1098 2033/2118/1110 2032/2117/1109 2020/2105/1097
f 2022/2107/1099 2034/2119/1111 2033/2118/1110 2021/2106/1098
f 2024/2108/1100 2036/2120/1112 2035/2121/1113 2023/2109/1101
f 2025/2110/1102 2037/2122/1114 2036/2120/1112 2024/2108/1100
f 2026/2111/1103 2038/2123/1115 2037/2122/1114 2025/2110/1102
f 2027/2112/1104 2039/2124/1116 2038/2123/1115 2026/2111/1103
f 2028/2113/1105 2040/2125/1117 2039/2124/1116 2027/2112/1104
f 2029/2114/1106 2041/2126/1118 2040/2125/1117 2028/2113/1105
f 2030/2115/1107 2042/2127/1119 2041/2126/1118 2029/2114/1106
f 2031/2116/1108 2043/2128/1120 2042/2127/1119 2030/2115/1107
f 2032/2117/1109 2044/2129/1121 2043/2128/1120 2031/2116/1108
f 2033/2118/1110 2045/2130/1122 2044/2129/1121 2032/2117/1109
f 2034/2119/1111 2046/2131/1123 2045/2130/1122 2033/2118/1110
f 2036/2120/1112 2048/2132/1124 2047/2133/1125 2035/2121/1113
f 2037/2122/1114 2049/2134/1126 2048/2132/1124 2036/2120/1112
f 2038/2123/1115 2050/2135/1127 2049/2134/1126 2037/2122/1114
f 2039/2124/1116 2051/2136/1128 2050/2135/1127 2038/2123/1115
f 2040/2125/1117 2052/2137/1129 2051/2136/1128 2039/2124/1116
f 2041/2126/1118 2053/2138/1130 2052/2137/1129 2040/2125/1117
f 2042/2127/1119 2054/2139/1131 2053/2138/1130 2041/2126/1118
f 2043/2128/1120 2055/2140/1132 2054/2139/1131 2042/2127/1119
f 2044/2129/1121 2056/2141/1133 2055/2140/1132 2043/2128/1120
f 2045/2130/1122 2057/2142/1134 2056/2141/1133 2044/2129/1121
f 2046/2131/1123 2058/2143/1135 2057/2142/1134 2045/2130/1122
f 2048/2132/1124 2060/2144/1136 2059/2145/1137 2047/2133/1125
f 2049/2134/1126 2061/2146/1138 2060/2144/1136 2048/2132/1124
f 2050/2135/1127 2062/2147/1139 2061/2146/1138 2049/2134/1126
f 2051/2136/1128 2063/2148/1140 2062/2147/1139 2050/2135/1127
f 2052/2137/1129 2064/2149/1141 2063/2148/1140 2051/2136/1128
f 2053/2138/1130 2065/2150/1142 2064/2149/1141 2052/2137/1129
f 2054/2139/1131 2066/2151/1143 2065/2150/1142 2053/2138/1130
f 2055/2140/1132 2067/2152/1144 2066/2151/1143 2054/2139/1131
f 2056/2141/1133 2068/2153/1145 2067/2152/1144 2055/2140/1132
f 2057/2142/1134 2069/2154/1146 2068/2153/1145 2056/2141/1133
f 2058/2143/1135 2070/2155/1147 2069/2154/1146 2057/2142/1134
f 2060/2144/1136 2072/2156/1148 2071/2157/1149 2059/2145/1137
f 2061/2146/1138 2073/2158/1150 2072/2156/1148 2060/2144/1136
f 2062/2147/1139 2074/2159/1151 2073/2158/1150 2061/2146/1138
f 2063/2148/1140 2075/2160/1152 2074/2159/1151 2062/2147/1139
f 2064/2149/1141 2076/2161/1153 2075/2160/1152 2063/2148/1140
f 2065/2150/1142 2077/2162/1154 2076/2161/1153 2064/2149/1141
f 2066/2151/1143 2078/2163/1155 2077/2162/1154 2065/2150/1142
f 2067/2152/1144 2079/2164/1156 2078/2163/1155 2066/2151/1143
f 2068/2153/1145 2080/2165/1157 2079/2164/1156 2067/2152/1144
f 2069/2154/1146 2081/2166/1158 2080/2165/1157 2068/2153/1145
f 2070/2155/1147 2082/2167/1159 2081/2166/1158 2069/2154/1146
f 2072/2156/1148 2084/2168/1160 2083/2169/1161 2071/2157/1149
f 2073/2158/1150 2085/2170/1162 2084/2168/1160 2072/2156/1148
f 2074/2159/1151 2086/2171/1163 2085/2170/1162 2073/2158/1150
f 2075/2160/1152 2087/2172/1164 2086/2171/1163 2074/2159/1151
f 2076/2161/1153 2088/2173/1165 2087/2172/1164 2075/2160/1152
f 2077/2162/1154 2089/2174/1166 2088/2173/1165 2076/2161/1153
f 2078/2163/1155 2090/2175/1167 2089/2174/1166 2077/2162/1154
f 2079/2164/1156 2091/2176/1168 2090/2175/1167 2078/2163/1155
f 2080/2165/1157 2092/2177/1169 2091/2176/1168 2079/2164/1156
f 2081/2166/1158 2093/2178/1170 2092/2177/1169 2080/2165/1157
f 2082/2167/1159 2094/2179/1171 2093/2178/1170 2081/2166/1158
f 2084/2168/1160 2096/2180/1172 2095/2181/1173 2083/2169/1161
f 2085/2170/1162 2097/2182/1174 2096/2180/1172 2084/2168/1160
f 2086/2171/1163 2098/2183/1175 2097/2182/1174 2085/2170/1162
f 2087/2172/1164 2099/2184/1176 2098/2183/1175 2086/2171/1163
f 2088/2173/1165 2100/2185/1177 2099/2184/1176 2087/2172/1164
f 2089/2174/1166 2101/2186/1178 2100/2185/1177 2088/2173/1165
f 2090/2175/1167 2102/2187/1179 2101/2186/1178 2089/2174/1166
f 2091/2176/1168 2103/2188/1180 2102/2187/1179 2090/2175/1167
f 2092/2177/1169 2104/2189/1181 2103/2188/1180 2091/2176/1168
f 2093/2178/1170 2105/2190/1182 2104/2189/1181 2092/2177/1169
f 2094/2179/1171 2106/2191/1183 2105/2190/1182 2093/2178/1170
f 2096/2180/1172 2108/2192/1184 2107/2193/1185 2095/2181/1173
f 2097/2182/1174 2109/2194/1186 2108/2192/1184 2096/2180/1172
f 2098/2183/1175 2110/2195/1187 2109/2194/1186 2097/2182/1174
f 2099/2184/1176 2111/2196/1188 2110/2195/1187 2098/2183/1175
f 2100/2185/1177 2112/2197/1189 2111/2196/1188 2099/2184/1176
f 2101/2186/1178 2113/2198/1190 2112/2197/1189 2100/2185/1177
f 2102/2187/1179 2114/2199/1191 2113/2198/1190 2101/2186/1178
f 2103/2188/1180 2115/2200/1192 2114/2199/1191 2102/2187/1179
f 2104/2189/1181 2116/2201/1193 2115/2200/1192 2103/2188/1180
f 2105/2190/1182 2117/2202/1194 2116/2201/1193 2104/2189/1181
f 2106/2191/1183 2118/2203/1195 2117/2202/1194 2105/2190/1182
f 2108/2192/1184 2120/2204/1196 2119/2205/1197 2107/2193/1185
f 2109/2194/1186 2121/2206/1198 2120/2204/1196 2108/2192/1184
f 2110/2195/1187 2122/2207/1199 2121/2206/1198 2109/2194/1186
f 2111/2196/1188 2123/2208/1200 2122/2207/1199 2110/2195/1187
f 2112/2197/1189 2124/2209/1201 2123/2208/1200 2111/2196/1188
f 2113/2198/1190 2125/2210/1202 2124/2209/1201 2112/2197/1189
f 2114/2199/1191 2126/2211/1203 2125/2210/1202 2113/2198/1190
f 2115/2200/1192 2127/2212/1204 2126/2211/1203 2114/2199/1191
f 2116/2201/1193 2128/2213/1205 2127/2212/1204 2115/2200/1192
f 2117/2202/1194 2129/2214/1206 2128/2213/1205 2116/2201/1193
f 2118/2203/1195 2130/2215/1207 2129/2214/1206 2117/2202/1194
f 2120/2204/1196 2132/2216/1208 2131/2217/1209 2119/2205/1197
f 2121/2206/1198 2133/2218/1210 2132/2216/1208 2120/2204/1196
f 2122/2207/1199 2134/2219/1211 2133/2218/1210 2121/2206/1198
f 2123/2208/1200 2135/2220/1212 2134/2219/1211 2122/2207/1199
f 2124/2209/1201 2136/2221/1213 2135/2220/1212 2123/2208/1200
f 2125/2210/1202 2137/2222/1214 2136/2221/1213 2124/2209/1201
f 2126/2211/1203 2138/2223/1215 2137/2222/1214 2125/2210/1202
f 2127/2212/1204 2139/2224/1216 2138/2223/1215 2126/2211/1203
f 2128/2213/1205 2140/2225/1217 2139/2224/1216 2127/2212/1204
f 2129/2214/1206 2141/2226/1218 2140/2225/1217 2128/2213/1205
f 2130/2215/1207 2142/2227/1219 2141/2226/1218 2129/2214/1206
f 2132/2216/1208 2144/2228/1220 2143/2229/1221 2131/2217/1209
f 2133/2218/1210 2145/2230/1222 2144/2228/1220 2132/2216/1208
f 2134/2219/1211 2146/2231/1223 2145/2230/1222 2133/2218/1210
f 2135/2220/1212 2147/2232/1224 2146/2231/1223 2134/2219/1211
f 2136/2221/1213 2148/2233/1225 2147/2232/1224 2135/2220/1212
f 2137/2222/1214 2149/2234/1226 2148/2233/1225 2136/2221/1213
f 2138/2223/1215 2150/2235/1227 2149/2234/1226 2137/2222/1214
f 2139/2224/1216 2151/2236/1228 2150/2235/1227 2138/2223/1215
f 2140/2225/1217 2152/2237/1229 2151/2236/1228 2139/2224/1216
f 2141/2226/1218 2153/2238/1230 2152/2237/1229 2140/2225/1217
f 2142/2227/1219 2154/2239/1231 2153/2238/1230 2141/2226/1218
f 2144/2228/1220 2156/2240/1232 2155/2241/1233 2143/2229/1221
f 2145/2230/1222 2157/2242/1234 2156/2240/1232 2144/2228/1220
f 2146/2231/1223 2158/2243/1235 2157/2242/1234 2145/2230/1222
f 2147/2232/1224 2159/2244/1236 2158/2243/1235 2146/2231/1223
f 2148/2233/1225 2160/2245/1237 2159/2244/1236 2147/2232/1224
f 2149/2234/1226 2161/2246/1238 2160/2245/1237 2148/2233/1225
f 2150/2235/1227 2162/2247/1239 2161/2246/1238 2149/2234/1226
f 2151/2236/1228 2163/2248/1240 2162/2247/1239 2150/2235/1227
f 2152/2237/1229 2164/2249/1241 2163/2248/1240 2151/2236/1228
f 2153/2238/1230 2165/2250/1242 2164/2249/1241 2152/2237/1229
f 2154/2239/1231 2166/2251/1243 2165/2250/1242 2153/2238/1230
f 2156/2240/1232 2168/2252/1244 2167/2253/1245 2155/2241/1233
f 2157/2242/1234 2169/2254/1246 2168/2252/1244 2156/2240/1232
f 2158/2243/1235 2170/2255/1247 2169/2254/1246 2157/2242/1234
f 2159/2244/1236 2171/2256/1248 2170/2255/1247 2158/2243/1235
f 2160/2245/1237 2172/2257/1249 2171/2256/1248 2159/2244/1236
f 2161/2246/1238 2173/2258/1250 2172/2257/1249 2160/2245/1237
f 2162/2247/1239 2174/2259/1251 2173/2258/1250 2161/2246/1238
f 2163/2248/1240 2175/2260/1252 2174/2259/1251 2162/2247/1239
f 2164/2249/1241 2176/2261/1253 2175/2260/1252 2163/2248/1240
f 2165/2250/1242 2177/2262/1254 2176/2261/1253 2164/2249/1241
f 2166/2251/1243 2178/2263/1255 2177/2262/1254 2165/2250/1242
f 2168/2252/1244 2180/2264/1256 2179/2265/1257 2167/2253/1245
f 2169/2254/1246 2181/2266/1258 2180/2264/1256 2168/2252/1244
f 2170/2255/1247 2182/2267/1259 2181/2266/1258 2169/2254/1246
f 2171/2256/1248 2183/2268/1260 2182/2267/1259 2170/2255/1247
f 2172/2257/1249 2184/2269/1261 2183/2268/1260 2171/2256/1248
f 2173/2258/1250 2185/2270/1262 2184/2269/1261 2172/2257/1249
f 2174/2259/1251 2186/2271/1263 2185/2270/1262 2173/2258/1250
f 2175/2260/1252 2187/2272/1264 2186/2271/1263 2174/2259/1251
f 2176/2261/1253 2188/2273/1265 2187/2272/1264 2175/2260/1252
f 2177/2262/1254 2189/2274/1266 2188/2273/1265 2176/2261/1253
f 2178/2263/1255 2190/2275/1267 2189/2274/1266 2177/2262/1254
f 2180/2264/1256 2192/2276/1268 2191/2277/1269 2179/2265/1257
f 2181/2266/1258 2193/2278/1270 2192/2276/1268 2180/2264/1256
f 2182/2267/1259 2194/2279/1271 2193/2278/1270 2181/2266/1258
f 2183/2268/1260 2195/2280/1272 2194/2279/1271 2182/2267/1259
f 2184/2269/1261 2196/2281/1273 2195/2280/1272 2183/2268/1260
f 2185/2270/1262 2197/2282/1274 2196/2281/1273 2184/2269/1261
f 2186/2271/1263 2198/2283/1275 2197/2282/1274 2185/2270/1262
f 2187/2272/1264 2199/2284/1276 2198/2283/1275 2186/2271/1263
f 2188/2273/1265 2200/2285/1277 2199/2284/1276 2187/2272/1264
f 2189/2274/1266 2201/2286/1278 2200/2285/1277 2188/2273/1265
f 2190/2275/1267 2202/2287/1279 2201/2286/1278 2189/2274/1266
f 2192/2276/1268 2204/2288/1280 2203/2289/1281 2191/2277/1269
f 2193/2278/1270 2205/2290/1282 2204/2288/1280 2192/2276/1268
f 2194/2279/1271 2206/2291/1283 2205/2290/1282 2193/2278/1270
f 2195/2280/1272 2207/2292/1284 2206/2291/1283 2194/2279/1271
f 2196/2281/1273 2208/2293/1285 2207/2292/1284 2195/2280/1272
f 2197/2282/1274 2209/2294/1286 2208/2293/1285 2196/2281/1273
f 2198/2283/1275 2210/2295/1287 2209/2294/1286 2197/2282/1274
f 2199/2284/1276 2211/2296/1288 2210/2295/1287 2198/2283/1275
f 2200/2285/1277 2212/2297/1289 2211/2296/1288 2199/2284/1276
f 2201/2286/1278 2213/2298/1290 2212/2297/1289 2200/2285/1277
f 2202/2287/1279 2214/2299/1291 2213/2298/1290 2201/2286/1278
f 2204/2288/1280 2216/2300/1292 2215/2301/1293 2203/2289/1281
f 2205/2290/1282 2217/2302/1294 2216/2300/1292 2204/2288/1280
f 2206/2291/1283 2218/2303/1295 2217/2302/1294 2205/2290/1282
f 2207/2292/1284 2219/2304/1296 2218/2303/1295 2206/2291/1283
f 2208/2293/1285 2220/2305/1297 2219/2304/1296 2207/2292/1284
f 2209/2294/1286 2221/2306/1298 2220/2305/1297 2208/2293/1285
f 2210/2295/1287 2222/2307/1299 2221/2306/1298 2209/2294/1286
f 2211/2296/1288 2223/2308/1300 2222/2307/1299 2210/2295/1287
f 2212/2297/1289 2224/2309/1301 2223/2308/1300 2211/2296/1288
f 2213/2298/1290 2225/2310/1302 2224/2309/1301 2212/2297/1289
f 2214/2299/1291 2226/2311/1303 2225/2310/1302 2213/2298/1290
f 2216/2300/1292 2228/2312/1304 2227/2313/1305 2215/2301/1293
f 2217/2302/1294 2229/2314/1306 2228/2312/1304 2216/2300/1292
f 2218/2303/1295 2230/2315/1307 2229/2314/1306 2217/2302/1294
f 2219/2304/1296 2231/2316/1308 2230/2315/1307 2218/2303/1295
f 2220/2305/1297 2232/2317/1309 2231/2316/1308 2219/2304/1296
f 2221/2306/1298 2233/2318/1310 2232/2317/1309 2220/2305/1297
f 2222/2307/1299 2234/2319/1311 2233/2318/1310 2221/2306/1298
f 2223/2308/1300 2235/2320/1312 2234/2319/1311 2222/2307/1299
f 2224/2309/1301 2236/2321/1313 2235/2320/1312 2223/2308/1300
f 2225/2310/1302 2237/2322/1314 2236/2321/1313 2224/2309/1301
f 2226/2311/1303 2238/2323/1315 2237/2322/1314 2225/2310/1302
f 2228/2312/1304 2240/2324/1316 2239/2325/1305 2227/2313/1305
f 2229/2314/1306 2241/2326/1317 2240/2324/1316 2228/2312/1304
f 2230/2315/1307 2242/2327/1318 2241/2326/1317 2229/2314/1306
f 2231/2316/1308 2243/2328/1319 2242/2327/1318 2230/2315/1307
f 2232/2317/1309 2244/2329/1320 2243/2328/1319 2231/2316/1308
f 2233/2318/1310 2245/2330/1321 2244/2329/1320 2232/2317/1309
f 2234/2319/1311 2246/2331/1322 2245/2330/1321 2233/2318/1310
f 2235/2320/1312 2247/2332/1323 2246/2331/1322 2234/2319/1311
f 2236/2321/1313 2248/2333/1324 2247/2332/1323 2235/2320/1312
f 2237/2322/1314 2249/2334/1325 2248/2333/1324 2236/2321/1313
f 2238/2323/1315 2250/2335/1315 2249/2334/1325 2237/2322/1314
f 2240/2324/1316 2252/2336/1326 2251/2337/1327 2239/2325/1305
f 2241/2326/1317 2253/2338/1328 2252/2336/1326 2240/2324/1316
f 2242/2327/1318 2254/2339/1329 2253/2338/1328 2241/2326/1317
f 2243/2328/1319 2255/2340/1330 2254/2339/1329 2242/2327/1318
f 2244/2329/1320 2256/2341/1331 2255/2340/1330 2243/2328/1319
f 2245/2330/1321 2257/2342/1332 2256/2341/1331 2244/2329/1320
f 2246/2331/1322 2258/2343/1333 2257/2342/1332 2245/2330/1321
f 2247/2332/1323 2259/2344/1334 2258/2343/1333 2246/2331/1322
f 2248/2333/1324 2260/2345/1335 2259/2344/1334 2247/2332/1323
f 2249/2334/1325 2261/2346/1336 2260/2345/1335 2248/2333/1324
f 2250/2335/1315 2262/2347/1337 2261/2346/1336 2249/2334/1325
f 2252/2336/1326 2264/2348/1338 2263/2349/1339 2251/2337/1327
f 2253/2338/1328 2265/2350/1340 2264/2348/1338 2252/2336/1326
f 2254/2339/1329 2266/2351/1341 2265/2350/1340 2253/2338/1328
f 2255/2340/1330 2267/2352/1342 2266/2351/1341 2254/2339/1329
f 2256/2341/1331 2268/2353/1343 2267/2352/1342 2255/2340/1330
f 2257/2342/1332 2269/2354/1344 2268/2353/1343 2256/2341/1331
f 2258/2343/1333 2270/2355/1345 2269/2354/1344 2257/2342/1332
f 2259/2344/1334 2271/2356/1346 2270/2355/1345 2258/2343/1333
f 2260/2345/1335 2272/2357/1347 2271/2356/1346 2259/2344/1334
f 2261/2346/1336 2273/2358/1348 2272/2357/1347 2260/2345/1335
f 2262/2347/1337 2274/2359/1349 2273/2358/1348 2261/2346/1336
f 2264/2348/1338 2276/2360/1350 2275/2361/1351 2263/2349/1339
f 2265/2350/1340 2277/2362/1352 2276/2360/1350 2264/2348/1338
f 2266/2351/1341 2278/2363/1353 2277/2362/1352 2265/2350/1340
f 2267/2352/1342 2279/2364/1354 2278/2363/1353 2266/2351/1341
f 2268/2353/1343 2280/2365/1355 2279/2364/1354 2267/2352/1342
f 2269/2354/1344 2281/2366/1356 2280/2365/1355 2268/2353/1343
f 2270/2355/1345 2282/2367/1357 2281/2366/1356 2269/2354/1344
f 2271/2356/1346 2283/2368/1358 2282/2367/1357 2270/2355/1345
f 2272/2357/1347 2284/2369/1359 2283/2368/1358 2271/2356/1346
f 2273/2358/1348 2285/2370/1360 2284/2369/1359 2272/2357/1347
f 2274/2359/1349 2286/2371/1361 2285/2370/1360 2273/2358/1348
f 2276/2360/1350 1484/2372/562 1483/1299/565 2275/2361/1351
f 2277/2362/1352 1485/2373/566 1484/2372/562 2276/2360/1350
f 2278/2363/1353 1486/2374/568 1485/2373/566 2277/2362/1352
f 2279/2364/1354 1487/2375/570 1486/2374/568 2278/2363/1353
f 2280/2365/1355 1488/2376/572 1487/2375/570 2279/2364/1354
f 2281/2366/1356 1489/2377/574 1488/2376/572 2280/2365/1355
f 2282/2367/1357 1490/2378/576 1489/2377/574 2281/2366/1356
f 2283/2368/1358 1491/2379/578 1490/2378/576 2282/2367/1357
f 2284/2369/1359 1492/2380/580 1491/2379/578 2283/2368/1358
f 2285/2370/1360 1493/2381/582 1492/2380/580 2284/2369/1359
f 2286/2371/1361 1494/2382/584 1493/2381/582 2285/2370/1360
f 2288/1569/1362 2300/2383/1363 2299/2384/1364 2287/1301/1365
f 2289/1572/1366 2301/2385/1367 2300/2383/1363 2288/1569/1362
f 2290/1574/1368 2302/2386/1369 2301/2385/1367 2289/1572/1366
f 2291/1576/1370 2303/2387/1371 2302/2386/1369 2290/1574/1368
f 2292/1578/1372 2304/2388/1373 2303/2387/1371 2291/1576/1370
f 2293/1580/1374 2305/2389/1375 2304/2388/1373 2292/1578/1372
f 2294/1582/1376 2306/2390/1377 2305/2389/1375 2293/1580/1374
f 2295/1584/1378 2307/2391/1379 2306/2390/1377 2294/1582/1376
f 2296/1586/1380 2308/2392/1381 2307/2391/1379 2295/1584/1378
f 2297/1588/1382 2309/2393/1383 2308/2392/1381 2296/1586/1380
f 2298/1590/1384 2310/2394/1385 2309/2393/1383 2297/1588/1382
f 2300/2383/1363 2312/2395/1386 2311/2396/1387 2299/2384/1364
f 2301/2385/1367 2313/2397/1388 2312/2395/1386 2300/2383/1363
f 2302/2386/1369 2314/2398/1389 2313/2397/1388 2301/2385/1367
f 2303/2387/1371 2315/2399/1390 2314/2398/1389 2302/2386/1369
f 2304/2388/1373 2316/2400/1391 2315/2399/1390 2303/2387/1371
f 2305/2389/1375 2317/2401/1392 2316/2400/1391 2304/2388/1373
f 2306/2390/1377 2318/2402/1393 2317/2401/1392 2305/2389/1375
f 2307/2391/1379 2319/2403/1394 2318/2402/1393 2306/2390/1377
f 2308/2392/1381 2320/2404/1395 2319/2403/1394 2307/2391/1379
f 2309/2393/1383 2321/2405/1396 2320/2404/1395 2308/2392/1381
f 2310/2394/1385 2322/2406/1397 2321/2405/1396 2309/2393/1383
f 2312/2395/1386 2324/2407/1398 2323/2408/1399 2311/2396/1387
f 2313/2397/1388 2325/2409/1400 2324/2407/1398 2312/2395/1386
f 2314/2398/1389 2326/2410/1401 2325/2409/1400 2313/2397/1388
f 2315/2399/1390 2327/2411/1402 2326/2410/1401 2314/2398/1389
f 2316/2400/1391 2328/2412/1403 2327/2411/1402 2315/2399/1390
f 2317/2401/1392 2329/2413/1404 2328/2412/1403 2316/2400/1391
f 2318/2402/1393 2330/2414/1405 2329/2413/1404 2317/2401/1392
f 2319/2403/1394 2331/2415/1406 2330/2414/1405 2318/2402/1393
f 2320/2404/1395 2332/2416/1407 2331/2415/1406 2319/2403/1394
f 2321/2405/1396 2333/2417/1408 2332/2416/1407 2320/2404/1395
f 2322/2406/1397 2334/2418/1409 2333/2417/1408 2321/2405/1396
f 2324/2407/1398 2336/2419/1410 2335/2420/1411 2323/2408/1399
f 2325/2409/1400 2337/2421/1412 2336/2419/1410 2324/2407/1398
f 2326/2410/1401 2338/2422/1413 2337/2421/1412 2325/2409/1400
f 2327/2411/1402 2339/2423/1414 2338/2422/1413 2326/2410/1401
f 2328/2412/1403 2340/2424/1415 2339/2423/1414 2327/2411/1402
f 2329/2413/1404 2341/2425/1416 2340/2424/1415 2328/2412/1403
f 2330/2414/1405 2342/2426/1417 2341/2425/1416 2329/2413/1404
f 2331/2415/1406 2343/2427/1418 2342/2426/1417 2330/2414/1405
f 2332/2416/1407 2344/2428/1419 2343/2427/1418 2331/2415/1406
f 2333/2417/1408 2345/2429/1420 2344/2428/1419 2332/2416/1407
f 2334/2418/1409 2346/2430/1421 2345/2429/1420 2333/2417/1408
f 2336/2419/1410 2348/2431/1422 2347/2432/1423 2335/2420/1411
f 2337/2421/1412 2349/2433/1424 2348/2431/1422 2336/2419/1410
f 2338/2422/1413 2350/2434/1425 2349/2433/1424 2337/2421/1412
f 2339/2423/1414 2351/2435/1426 2350/2434/1425 2338/2422/1413
f 2340/2424/1415 2352/2436/1427 2351/2435/1426 2339/2423/1414
f 2341/2425/1416 2353/2437/1428 2352/2436/1427 2340/2424/1415
f 2342/2426/1417 2354/2438/1429 2353/2437/1428 2341/2425/1416
f 2343/2427/1418 2355/2439/1430 2354/2438/1429 2342/2426/1417
f 2344/2428/1419 2356/2440/1431 2355/2439/1430 2343/2427/1418
f 2345/2429/1420 2357/2441/1432 2356/2440/1431 2344/2428/1419
f 2346/2430/1421 2358/2442/1433 2357/2441/1432 2345/2429/1420
f 2348/2431/1422 2360/2443/1434 2359/2444/1435 2347/2432/1423
f 2349/2433/1424 2361/2445/1436 2360/2443/1434 2348/2431/1422
f 2350/2434/1425 2362/2446/1437 2361/2445/1436 2349/2433/1424
f 2351/2435/1426 2363/2447/1438 2362/2446/1437 2350/2434/1425
f 2352/2436/1427 2364/2448/1439 2363/2447/1438 2351/2435/1426
f 2353/2437/1428 2365/2449/1440 2364/2448/1439 2352/2436/1427
f 2354/2438/1429 2366/2450/1441 2365/2449/1440 2353/2437/1428
f 2355/2439/1430 2367/2451/1442 2366/2450/1441 2354/2438/1429
f 2356/2440/1431 2368/2452/1443 2367/2451/1442 2355/2439/1430
f 2357/2441/1432 2369/2453/1444 2368/2452/1443 2356/2440/1431
f 2358/2442/1433 2370/2454/1445 2369/2453/1444 2357/2441/1432
f 2360/2443/1434 2372/2455/1446 2371/2456/1447 2359/2444/1435
f 2361/2445/1436 2373/2457/1448 2372/2455/1446 2360/2443/1434
f 2362/2446/1437 2374/2458/1449 2373/2457/1448 2361/2445/1436
f 2363/2447/1438 2375/2459/1450 2374/2458/1449 2362/2446/1437
f 2364/2448/1439 2376/2460/1451 2375/2459/1450 2363/2447/1438
f 2365/2449/1440 2377/2461/1452 2376/2460/1451 2364/2448/1439
f 2366/2450/1441 2378/2462/1453 2377/2461/1452 2365/2449/1440
f 2367/2451/1442 2379/2463/1454 2378/2462/1453 2366/2450/1441
f 2368/2452/1443 2380/2464/1455 2379/2463/1454 2367/2451/1442
f 2369/2453/1444 2381/2465/1456 2380/2464/1455 2368/2452/1443
f 2370/2454/1445 2382/2466/1457 2381/2465/1456 2369/2453/1444
f 2372/2455/1446 2384/2467/1458 2383/2468/1459 2371/2456/1447
f 2373/2457/1448 2385/2469/1460 2384/2467/1458 2372/2455/1446
f 2374/2458/1449 2386/2470/1461 2385/2469/1460 2373/2457/1448
f 2375/2459/1450 2387/2471/1462 2386/2470/1461 2374/2458/1449
f 2376/2460/1451 2388/2472/1463 2387/2471/1462 2375/2459/1450
f 2377/2461/1452 2389/2473/1464 2388/2472/1463 2376/2460/1451
f 2378/2462/1453 2390/2474/1465 2389/2473/1464 2377/2461/1452
f 2379/2463/1454 2391/2475/1466 2390/2474/1465 2378/2462/1453
f 2380/2464/1455 2392/2476/1467 2391/2475/1466 2379/2463/1454
f 2381/2465/1456 2393/2477/1468 2392/2476/1467 2380/2464/1455
f 2382/2466/1457 2394/2478/1469 2393/2477/1468 2381/2465/1456
f 2384/2467/1458 2396/2479/1470 2395/1364/1471 2383/2468/1459
f 2385/2469/1460 2397/2480/1472 2396/2479/1470 2384/2467/1458
f 2386/2470/1461 2398/2481/1473 2397/2480/1472 2385/2469/1460
f 2387/2471/1462 2399/2482/1474 2398/2481/1473 2386/2470/1461
f 2388/2472/1463 2400/2483/1475 2399/2482/1474 2387/2471/1462
f 2389/2473/1464 2401/2484/1476 2400/2483/1475 2388/2472/1463
f 2390/2474/1465 2402/2485/1477 2401/2484/1476 2389/2473/1464
f 2391/2475/1466 2403/2486/1478 2402/2485/1477 2390/2474/1465
f 2392/2476/1467 2404/2487/1479 2403/2486/1478 2391/2475/1466
f 2393/2477/1468 2405/2488/1480 2404/2487/1479 2392/2476/1467
f 2394/2478/1469 2406/2489/1481 2405/2488/1480 2393/2477/1468
f 2396/2479/1470 2408/2490/1482 2407/2491/1483 2395/1364/1471
f 2397/2480/1472 2409/2492/1484 2408/2490/1482 2396/2479/1470
f 2398/2481/1473 2410/2493/1485 2409/2492/1484 2397/2480/1472
f 2399/2482/1474 2411/2494/1486 2410/2493/1485 2398/2481/1473
f 2400/2483/1475 2412/2495/1487 2411/2494/1486 2399/2482/1474
f 2401/2484/1476 2413/2496/1488 2412/2495/1487 2400/2483/1475
f 2402/2485/1477 2414/2497/1489 2413/2496/1488 2401/2484/1476
f 2403/2486/1478 2415/2498/1490 2414/2497/1489 2402/2485/1477
f 2404/2487/1479 2416/2499/1491 2415/2498/1490 2403/2486/1478
f 2405/2488/1480 2417/2500/1492 2416/2499/1491 2404/2487/1479
f 2406/2489/1481 2418/2501/1493 2417/2500/1492 2405/2488/1480
f 2408/2490/1482 2420/2502/1494 2419/2503/1495 2407/2491/1483
f 2409/2492/1484 2421/2504/1496 2420/2502/1494 2408/2490/1482
f 2410/2493/1485 2422/2505/1497 2421/2504/1496 2409/2492/1484
f 2411/2494/1486 2423/2506/1498 2422/2505/1497 2410/2493/1485
f 2412/2495/1487 2424/2507/1499 2423/2506/1498 2411/2494/1486
f 2413/2496/1488 2425/2508/1500 2424/2507/1499 2412/2495/1487
f 2414/2497/1489 2426/2509/1501 2425/2508/1500 2413/2496/1488
f 2415/2498/1490 2427/2510/1502 2426/2509/1501 2414/2497/1489
f 2416/2499/1491 2428/2511/1503 2427/2510/1502 2415/2498/1490
f 2417/2500/1492 2429/2512/1504 2428/2511/1503 2416/2499/1491
f 2418/2501/1493 2430/2513/1505 2429/2512/1504 2417/2500/1492
f 2420/2502/1494 2432/2514/1506 2431/2515/1507 2419/2503/1495
f 2421/2504/1496 2433/2516/1508 2432/2514/1506 2420/2502/1494
f 2422/2505/1497 2434/2517/1509 2433/2516/1508 2421/2504/1496
f 2423/2506/1498 2435/2518/1510 2434/2517/1509 2422/2505/1497
f 2424/2507/1499 2436/2519/1511 2435/2518/1510 2423/2506/1498
f 2425/2508/1500 2437/2520/1512 2436/2519/1511 2424/2507/1499
f 2426/2509/1501 2438/2521/1513 2437/2520/1512 2425/2508/1500
f 2427/2510/1502 2439/2522/1514 2438/2521/1513 2426/2509/1501
f 2428/2511/1503 2440/2523/1515 2439/2522/1514 2427/2510/1502
f 2429/2512/1504 2441/2524/1516 2440/2523/1515 2428/2511/1503
f 2430/2513/1505 2442/2525/1517 2441/2524/1516 2429/2512/1504
f 2432/2514/1506 2444/2526/1518 2443/2527/1519 2431/2515/1507
f 2433/2516/1508 2445/2528/1520 2444/2526/1518 2432/2514/1506
f 2434/2517/1509 2446/2529/1521 2445/2528/1520 2433/2516/1508
f 2435/2518/1510 2447/2530/1522 2446/2529/1521 2434/2517/1509
f 2436/2519/1511 2448/2531/1523 2447/2530/1522 2435/2518/1510
f 2437/2520/1512 2449/2532/1524 2448/2531/1523 2436/2519/1511
f 2438/2521/1513 2450/2533/1525 2449/2532/1524 2437/2520/1512
f 2439/2522/1514 2451/2534/1526 2450/2533/1525 2438/2521/1513
f 2440/2523/1515 2452/2535/1527 2451/2534/1526 2439/2522/1514
f 2441/2524/1516 2453/2536/1528 2452/2535/1527 2440/2523/1515
f 2442/2525/1517 2454/2537/1529 2453/2536/1528 2441/2524/1516
f 2444/2526/1518 2456/2538/1530 2455/2539/1531 2443/2527/1519
f 2445/2528/1520 2457/2540/1532 2456/2538/1530 2444/2526/1518
f 2446/2529/1521 2458/2541/1533 2457/2540/1532 2445/2528/1520
f 2447/2530/1522 2459/2542/1534 2458/2541/1533 2446/2529/1521
f 2448/2531/1523 2460/2543/1535 2459/2542/1534 2447/2530/1522
f 2449/2532/1524 2461/2544/1536 2460/2543/1535 2448/2531/1523
f 2450/2533/1525 2462/2545/1537 2461/2544/1536 2449/2532/1524
f 2451/2534/1526 2463/2546/1538 2462/2545/1537 2450/2533/1525
f 2452/2535/1527 2464/2547/1539 2463/2546/1538 2451/2534/1526
f 2453/2536/1528 2465/2548/1540 2464/2547/1539 2452/2535/1527
f 2454/2537/1529 2466/2549/1541 2465/2548/1540 2453/2536/1528
f 2456/2538/1530 2468/2550/1542 2467/2551/1543 2455/2539/1531
f 2457/2540/1532 2469/2552/1544 2468/2550/1542 2456/2538/1530
f 2458/2541/1533 2470/2553/1545 2469/2552/1544 2457/2540/1532
f 2459/2542/1534 2471/2554/1546 2470/2553/1545 2458/2541/1533
f 2460/2543/1535 2472/2555/1547 2471/2554/1546 2459/2542/1534
f 2461/2544/1536 2473/2556/1548 2472/2555/1547 2460/2543/1535
f 2462/2545/1537 2474/2557/1549 2473/2556/1548 2461/2544/1536
f 2463/2546/1538 2475/2558/1550 2474/2557/1549 2462/2545/1537
f 2464/2547/1539 2476/2559/1551 2475/2558/1550 2463/2546/1538
f 2465/2548/1540 2477/2560/1552 2476/2559/1551 2464/2547/1539
f 2466/2549/1541 2478/2561/1553 2477/2560/1552 2465/2548/1540
f 2468/2550/1542 2480/2562/1554 2479/2563/1555 2467/2551/1543
f 2469/2552/1544 2481/2564/1556 2480/2562/1554 2468/2550/1542
f 2470/2553/1545 2482/2565/1557 2481/2564/1556 2469/2552/1544
f 2471/2554/1546 2483/2566/1558 2482/2565/1557 2470/2553/1545
f 2472/2555/1547 2484/2567/1559 2483/2566/1558 2471/2554/1546
f 2473/2556/1548 2485/2568/1560 2484/2567/1559 2472/2555/1547
f 2474/2557/1549 2486/2569/1561 2485/2568/1560 2473/2556/1548
f 2475/2558/1550 2487/2570/1562 2486/2569/1561 2474/2557/1549
f 2476/2559/1551 2488/2571/1563 2487/2570/1562 2475/2558/1550
f 2477/2560/1552 2489/2572/1564 2488/2571/1563 2476/2559/1551
f 2478/2561/1553 2490/2573/1565 2489/2572/1564 2477/2560/1552
f 2480/2562/1554 2492/2574/1566 2491/2575/1567 2479/2563/1555
f 2481/2564/1556 2493/2576/1568 2492/2574/1566 2480/2562/1554
f 2482/2565/1557 2494/2577/1569 2493/2576/1568 2481/2564/1556
f 2483/2566/1558 2495/2578/1570 2494/2577/1569 2482/2565/1557
f 2484/2567/1559 2496/2579/1571 2495/2578/1570 2483/2566/1558
f 2485/2568/1560 2497/2580/1572 2496/2579/1571 2484/2567/1559
f 2486/2569/1561 2498/2581/1573 2497/2580/1572 2485/2568/1560
f 2487/2570/1562 2499/2582/1574 2498/2581/1573 2486/2569/1561
f 2488/2571/1563 2500/2583/1575 2499/2582/1574 2487/2570/1562
f 2489/2572/1564 2501/2584/1576 2500/2583/1575 2488/2571/1563
f 2490/2573/1565 2502/2585/1577 2501/2584/1576 2489/2572/1564
f 2492/2574/1566 2504/2586/1578 2503/1407/1579 2491/2575/1567
f 2493/2576/1568 2505/2587/1580 2504/2586/1578 2492/2574/1566
f 2494/2577/1569 2506/2588/1581 2505/2587/1580 2493/2576/1568
f 2495/2578/1570 2507/2589/1582 2506/2588/1581 2494/2577/1569
f 2496/2579/1571 2508/2590/1583 2507/2589/1582 2495/2578/1570
f 2497/2580/1572 2509/2591/1584 2508/2590/1583 2496/2579/1571
f 2498/2581/1573 2510/2592/1585 2509/2591/1584 2497/2580/1572
f 2499/2582/1574 2511/2593/1586 2510/2592/1585 2498/2581/1573
f 2500/2583/1575 2512/2594/1587 2511/2593/1586 2499/2582/1574
f 2501/2584/1576 2513/2595/1588 2512/2594/1587 2500/2583/1575
f 2502/2585/1577 2514/2596/1589 2513/2595/1588 2501/2584/1576
f 2504/2586/1578 2516/2597/1590 2515/2598/1591 2503/1407/1579
f 2505/2587/1580 2517/2599/1592 2516/2597/1590 2504/2586/1578
f 2506/2588/1581 2518/2600/1593 2517/2599/1592 2505/2587/1580
f 2507/2589/1582 2519/2601/1594 2518/2600/1593 2506/2588/1581
f 2508/2590/1583 2520/2602/1595 2519/2601/1594 2507/2589/1582
f 2509/2591/1584 2521/2603/1596 2520/2602/1595 2508/2590/1583
f 2510/2592/1585 2522/2604/1597 2521/2603/1596 2509/2591/1584
f 2511/2593/1586 2523/2605/1598 2522/2604/1597 2510/2592/1585
f 2512/2594/1587 2524/2606/1599 2523/2605/1598 2511/2593/1586
f 2513/2595/1588 2525/2607/1600 2524/2606/1599 2512/2594/1587
f 2514/2596/1589 2526/2608/1601 2525/2607/1600 2513/2595/1588
f 2516/2597/1590 2528/2609/1602 2527/2610/1603 2515/2598/1591
f 2517/2599/1592 2529/2611/1604 2528/2609/1602 2516/2597/1590
f 2518/2600/1593 2530/2612/1605 2529/2611/1604 2517/2599/1592
f 2519/2601/1594 2531/2613/1606 2530/2612/1605 2518/2600/1593
f 2520/2602/1595 2532/2614/1607 2531/2613/1606 2519/2601/1594
f 2521/2603/1596 2533/2615/1608 2532/2614/1607 2520/2602/1595
f 2522/2604/1597 2534/2616/1609 2533/2615/1608 2521/2603/1596
f 2523/2605/1598 2535/2617/1610 2534/2616/1609 2522/2604/1597
f 2524/2606/1599 2536/2618/1611 2535/2617/1610 2523/2605/1598
f 2525/2607/1600 2537/2619/1612 2536/2618/1611 2524/2606/1599
f 2526/2608/1601 2538/2620/1613 2537/2619/1612 2525/2607/1600
f 2528/2609/1602 2540/2621/1614 2539/2622/1615 2527/2610/1603
f 2529/2611/1604 2541/2623/1616 2540/2621/1614 2528/2609/1602
f 2530/2612/1605 2542/2624/1617 2541/2623/1616 2529/2611/1604
f 2531/2613/1606 2543/2625/1618 2542/2624/1617 2530/2612/1605
f 2532/2614/1607 2544/2626/1619 2543/2625/1618 2531/2613/1606
f 2533/2615/1608 2545/2627/1620 2544/2626/1619 2532/2614/1607
f 2534/2616/1609 2546/2628/1621 2545/2627/1620 2533/2615/1608
f 2535/2617/1610 2547/2629/1622 2546/2628/1621 2534/2616/1609
f 2536/2618/1611 2548/2630/1623 2547/2629/1622 2535/2617/1610
f 2537/2619/1612 2549/2631/1624 2548/2630/1623 2536/2618/1611
f 2538/2620/1613 2550/2632/1625 2549/2631/1624 2537/2619/1612
f 2540/2621/1614 2552/2633/1626 2551/2634/1627 2539/2622/1615
f 2541/2623/1616 2553/2635/1628 2552/2633/1626 2540/2621/1614
f 2542/2624/1617 2554/2636/1629 2553/2635/1628 2541/2623/1616
f 2543/2625/1618 2555/2637/1630 2554/2636/1629 2542/2624/1617
f 2544/2626/1619 2556/2638/1631 2555/2637/1630 2543/2625/1618
f 2545/2627/1620 2557/2639/1632 2556/2638/1631 2544/2626/1619
f 2546/2628/1621 2558/2640/1633 2557/2639/1632 2545/2627/1620
f 2547/2629/1622 2559/2641/1634 2558/2640/1633 2546/2628/1621
f 2548/2630/1623 2560/2642/1635 2559/2641/1634 2547/2629/1622
f 2549/2631/1624 2561/2643/1636 2560/2642/1635 2548/2630/1623
f 2550/2632/1625 2562/2644/1637 2561/2643/1636 2549/2631/1624
f 2552/2633/1626 2564/2645/1638 2563/2646/1639 2551/2634/1627
f 2553/2635/1628 2565/2647/1640 2564/2645/1638 2552/2633/1626
f 2554/2636/1629 2566/2648/1641 2565/2647/1640 2553/2635/1628
f 2555/2637/1630 2567/2649/1642 2566/2648/1641 2554/2636/1629
f 2556/2638/1631 2568/2650/1643 2567/2649/1642 2555/2637/1630
f 2557/2639/1632 2569/2651/1644 2568/2650/1643 2556/2638/1631
f 2558/2640/1633 2570/2652/1645 2569/2651/1644 2557/2639/1632
f 2559/2641/1634 2571/2653/1646 2570/2652/1645 2558/2640/1633
f 2560/2642/1635 2572/2654/1647 2571/2653/1646 2559/2641/1634
f 2561/2643/1636 2573/2655/1648 2572/2654/1647 2560/2642/1635
f 2562/2644/1637 2574/2656/1649 2573/2655/1648 2561/2643/1636
f 2564/2645/1638 2576/2657/1650 2575/2658/1651 2563/2646/1639
f 2565/2647/1640 2577/2659/1652 2576/2657/1650 2564/2645/1638
f 2566/2648/1641 2578/2660/1653 2577/2659/1652 2565/2647/1640
f 2567/2649/1642 2579/2661/1654 2578/2660/1653 2566/2648/1641
f 2568/2650/1643 2580/2662/1655 2579/2661/1654 2567/2649/1642
f 2569/2651/1644 2581/2663/1656 2580/2662/1655 2568/2650/1643
f 2570/2652/1645 2582/2664/1657 2581/2663/1656 2569/2651/1644
f 2571/2653/1646 2583/2665/1658 2582/2664/1657 2570/2652/1645
f 2572/2654/1647 2584/2666/1659 2583/2665/1658 2571/2653/1646
f 2573/2655/1648 2585/2667/1660 2584/2666/1659 2572/2654/1647
f 2574/2656/1649 2586/2668/1661 2585/2667/1660 2573/2655/1648
f 2576/2657/1650 2588/2669/1304 2587/2670/1305 2575/2658/1651
f 2577/2659/1652 2589/2671/1306 2588/2669/1304 2576/2657/1650
f 2578/2660/1653 2590/2672/1307 2589/2671/1306 2577/2659/1652
f 2579/2661/1654 2591/2673/1308 2590/2672/1307 2578/2660/1653
f 2580/2662/1655 2592/2674/1309 2591/2673/1308 2579/2661/1654
f 2581/2663/1656 2593/2675/1310 2592/2674/1309 2580/2662/1655
f 2582/2664/1657 2594/2676/1311 2593/2675/1310 2581/2663/1656
f 2583/2665/1658 2595/2677/1312 2594/2676/1311 2582/2664/1657
f 2584/2666/1659 2596/2678/1313 2595/2677/1312 2583/2665/1658
f 2585/2667/1660 2597/2679/1314 2596/2678/1313 2584/2666/1659
f 2586/2668/1661 2598/2680/1315 2597/2679/1314 2585/2667/1660
f 2588/2669/1304 2600/2681/1662 2599/2682/1663 2587/2670/1305
f 2589/2671/1306 2601/2683/1664 2600/2681/1662 2588/2669/1304
f 2590/2672/1307 2602/2684/1665 2601/2683/1664 2589/2671/1306
f 2591/2673/1308 2603/2685/1666 2602/2684/1665 2590/2672/1307
f 2592/2674/1309 2604/2686/1667 2603/2685/1666 2591/2673/1308
f 2593/2675/1310 2605/2687/1668 2604/2686/1667 2592/2674/1309
f 2594/2676/1311 2606/2688/1669 2605/2687/1668 2593/2675/1310
f 2595/2677/1312 2607/2689/1670 2606/2688/1669 2594/2676/1311
f 2596/2678/1313 2608/2690/1671 2607/2689/1670 2595/2677/1312
f 2597/2679/1314 2609/2691/1672 2608/2690/1671 2596/2678/1313
f 2598/2680/1315 2610/2692/1673 2609/2691/1672 2597/2679/1314
f 2600/2681/1662 2288/2372/1362 2287/1299/1365 2599/2682/1663
f 2601/2683/1664 2289/2373/1366 2288/2372/1362 2600/2681/1662
f 2602/2684/1665 2290/2374/1368 2289/2373/1366 2601/2683/1664
f 2603/2685/1666 2291/2375/1370 2290/2374/1368 2602/2684/1665
f 2604/2686/1667 2292/2376/1372 2291/2375/1370 2603/2685/1666
f 2605/2687/1668 2293/2377/1374 2292/2376/1372 2604/2686/1667
f 2606/2688/1669 2294/2378/1376 2293/2377/1374 2605/2687/1668
f 2607/2689/1670 2295/2379/1378 2294/2378/1376 2606/2688/1669
f 2608/2690/1671 2296/2380/1380 2295/2379/1378 2607/2689/1670
f 2609/2691/1672 2297/2381/1382 2296/2380/1380 2608/2690/1671
f 2610/2692/1673 2298/2382/1384 2297/2381/1382 2609/2691/1672
f 2612/1569/1674 2624/2693/1675 2623/2694/1676 2611/1301/1677
f 2613/1572/1678 2625/2695/1679 2624/2693/1675 2612/1569/1674
f 2614/1574/1680 2626/2696/1681 2625/2695/1679 2613/1572/1678
f 2615/1576/1682 2627/2697/1683 2626/2696/1681 2614/1574/1680
f 2616/1578/1684 2628/2698/1685 2627/2697/1683 2615/1576/1682
f 2617/1580/1686 2629/2699/1687 2628/2698/1685 2616/1578/1684
f 2618/1582/1688 2630/2700/1689 2629/2699/1687 2617/1580/1686
f 2619/1584/1690 2631/2701/1691 2630/2700/1689 2618/1582/1688
f 2620/1586/1692 2632/2702/1693 2631/2701/1691 2619/1584/1690
f 2621/1588/1694 2633/2703/1695 2632/2702/1693 2620/1586/1692
f 2622/1590/1696 2634/2704/1697 2633/2703/1695 2621/1588/1694
f 2624/2693/1675 2636/2705/1698 2635/2706/1699 2623/2694/1676
f 2625/2695/1679 2637/2707/1700 2636/2705/1698 2624/2693/1675
f 2626/2696/1681 2638/2708/1701 2637/2707/1700 2625/2695/1679
f 2627/2697/1683 2639/2709/1702 2638/2708/1701 2626/2696/1681
f 2628/2698/1685 2640/2710/1703 2639/2709/1702 2627/2697/1683
f 2629/2699/1687 2641/2711/1704 2640/2710/1703 2628/2698/1685
f 2630/2700/1689 2642/2712/1705 2641/2711/1704 2629/2699/1687
f 2631/2701/1691 2643/2713/1706 2642/2712/1705 2630/2700/1689
f 2632/2702/1693 2644/2714/1707 2643/2713/1706 2631/2701/1691
f 2633/2703/1695 2645/2715/1708 2644/2714/1707 2632/2702/1693
f 2634/2704/1697 2646/2716/1709 2645/2715/1708 2633/2703/1695
f 2636/2705/1698 2648/2717/1710 2647/2718/1711 2635/2706/1699
f 2637/2707/1700 2649/2719/1712 2648/2717/1710 2636/2705/1698
f 2638/2708/1701 2650/2720/1713 2649/2719/1712 2637/2707/1700
f 2639/2709/1702 2651/2721/1714 2650/2720/1713 2638/2708/1701
f 2640/2710/1703 2652/2722/1715 2651/2721/1714 2639/2709/1702
f 2641/2711/1704 2653/2723/1716 2652/2722/1715 2640/2710/1703
f 2642/2712/1705 2654/2724/1717 2653/2723/1716 2641/2711/1704
f 2643/2713/1706 2655/2725/1718 2654/2724/1717 2642/2712/1705
f 2644/2714/1707 2656/2726/1719 2655/2725/1718 2643/2713/1706
f 2645/2715/1708 2657/2727/1720 2656/2726/1719 2644/2714/1707
f 2646/2716/1709 2658/2728/1721 2657/2727/1720 2645/2715/1708
f 2648/2717/1710 2660/2729/1722 2659/2730/1723 2647/2718/1711
f 2649/2719/1712 2661/2731/1724 2660/2729/1722 2648/2717/1710
f 2650/2720/1713 2662/2732/1725 2661/2731/1724 2649/2719/1712
f 2651/2721/1714 2663/2733/1726 2662/2732/1725 2650/2720/1713
f 2652/2722/1715 2664/2734/1727 2663/2733/1726 2651/2721/1714
f 2653/2723/1716 2665/2735/1728 2664/2734/1727 2652/2722/1715
f 2654/2724/1717 2666/2736/1729 2665/2735/1728 2653/2723/1716
f 2655/2725/1718 2667/2737/1730 2666/2736/1729 2654/2724/1717
f 2656/2726/1719 2668/2738/1731 2667/2737/1730 2655/2725/1718
f 2657/2727/1720 2669/2739/1732 2668/2738/1731 2656/2726/1719
f 2658/2728/1721 2670/2740/1733 2669/2739/1732 2657/2727/1720
f 2660/2729/1722 2672/2741/1734 2671/2742/1735 2659/2730/1723
f 2661/2731/1724 2673/2743/1736 2672/2741/1734 2660/2729/1722
f 2662/2732/1725 2674/2744/1737 2673/2743/1736 2661/2731/1724
f 2663/2733/1726 2675/2745/1738 2674/2744/1737 2662/2732/1725
f 2664/2734/1727 2676/2746/1739 2675/2745/1738 2663/2733/1726
f 2665/2735/1728 2677/2747/1740 2676/2746/1739 2664/2734/1727
f 2666/2736/1729 2678/2748/1741 2677/2747/1740 2665/2735/1728
f 2667/2737/1730 2679/2749/1742 2678/2748/1741 2666/2736/1729
f 2668/2738/1731 2680/2750/1743 2679/2749/1742 2667/2737/1730
f 2669/2739/1732 2681/2751/1744 2680/2750/1743 2668/2738/1731
f 2670/2740/1733 2682/2752/1745 2681/2751/1744 2669/2739/1732
f 2672/2741/1734 2684/2753/1746 2683/2754/1747 2671/2742/1735
f 2673/2743/1736 2685/2755/1748 2684/2753/1746 2672/2741/1734
f 2674/2744/1737 2686/2756/1749 2685/2755/1748 2673/2743/1736
f 2675/2745/1738 2687/2757/1750 2686/2756/1749 2674/2744/1737
f 2676/2746/1739 2688/2758/1751 2687/2757/1750 2675/2745/1738
f 2677/2747/1740 2689/2759/1752 2688/2758/1751 2676/2746/1739
f 2678/2748/1741 2690/2760/1753 2689/2759/1752 2677/2747/1740
f 2679/2749/1742 2691/2761/1754 2690/2760/1753 2678/2748/1741
f 2680/2750/1743 2692/2762/1755 2691/2761/1754 2679/2749/1742
f 2681/2751/1744 2693/2763/1756 2692/2762/1755 2680/2750/1743
f 2682/2752/1745 2694/2764/1757 2693/2763/1756 2681/2751/1744
f 2684/2753/1746 2696/2765/1758 2695/2766/1759 2683/2754/1747
f 2685/2755/1748 2697/2767/1760 2696/2765/1758 2684/2753/1746
f 2686/2756/1749 2698/2768/1761 2697/2767/1760 2685/2755/1748
f 2687/2757/1750 2699/2769/1762 2698/2768/1761 2686/2756/1749
f 2688/2758/1751 2700/2770/1763 2699/2769/1762 2687/2757/1750
f 2689/2759/1752 2701/2771/1764 2700/2770/1763 2688/2758/1751
f 2690/2760/1753 2702/2772/1765 2701/2771/1764 2689/2759/1752
f 2691/2761/1754 2703/2773/1766 2702/2772/1765 2690/2760/1753
f 2692/2762/1755 2704/2774/1767 2703/2773/1766 2691/2761/1754
f 2693/2763/1756 2705/2775/1768 2704/2774/1767 2692/2762/1755
f 2694/2764/1757 2706/2776/1769 2705/2775/1768 2693/2763/1756
f 2696/2765/1758 2708/2777/1770 2707/2778/1771 2695/2766/1759
f 2697/2767/1760 2709/2779/1772 2708/2777/1770 2696/2765/1758
f 2698/2768/1761 2710/2780/1773 2709/2779/1772 2697/2767/1760
f 2699/2769/1762 2711/2781/1774 2710/2780/1773 2698/2768/1761
f 2700/2770/1763 2712/2782/1775 2711/2781/1774 2699/2769/1762
f 2701/2771/1764 2713/2783/1776 2712/2782/1775 2700/2770/1763
f 2702/2772/1765 2714/2784/1777 2713/2783/1776 2701/2771/1764
f 2703/2773/1766 2715/2785/1778 2714/2784/1777 2702/2772/1765
f 2704/2774/1767 2716/2786/1779 2715/2785/1778 2703/2773/1766
f 2705/2775/1768 2717/2787/1780 2716/2786/1779 2704/2774/1767
f 2706/2776/1769 2718/2788/1781 2717/2787/1780 2705/2775/1768
f 2708/2777/1770 2720/2789/1782 2719/2790/1783 2707/2778/1771
f 2709/2779/1772 2721/2791/1784 2720/2789/1782 2708/2777/1770
f 2710/2780/1773 2722/2792/1785 2721/2791/1784 2709/2779/1772
f 2711/2781/1774 2723/2793/1786 2722/2792/1785 2710/2780/1773
f 2712/2782/1775 2724/2794/1787 2723/2793/1786 2711/2781/1774
f 2713/2783/1776 2725/2795/1788 2724/2794/1787 2712/2782/1775
f 2714/2784/1777 2726/2796/1789 2725/2795/1788 2713/2783/1776
f 2715/2785/1778 2727/2797/1790 2726/2796/1789 2714/2784/1777
f 2716/2786/1779 2728/2798/1791 2727/2797/1790 2715/2785/1778
f 2717/2787/1780 2729/2799/1792 2728/2798/1791 2716/2786/1779
f 2718/2788/1781 2730/2800/1793 2729/2799/1792 2717/2787/1780
f 2720/2789/1782 2732/2801/1794 2731/2802/1795 2719/2790/1783
f 2721/2791/1784 2733/2803/1796 2732/2801/1794 2720/2789/1782
f 2722/2792/1785 2734/2804/1797 2733/2803/1796 2721/2791/1784
f 2723/2793/1786 2735/2805/1798 2734/2804/1797 2722/2792/1785
f 2724/2794/1787 2736/2806/1799 2735/2805/1798 2723/2793/1786
f 2725/2795/1788 2737/2807/1800 2736/2806/1799 2724/2794/1787
f 2726/2796/1789 2738/2808/1801 2737/2807/1800 2725/2795/1788
f 2727/2797/1790 2739/2809/1802 2738/2808/1801 2726/2796/1789
f 2728/2798/1791 2740/2810/1803 2739/2809/1802 2727/2797/1790
f 2729/2799/1792 2741/2811/1804 2740/2810/1803 2728/2798/1791
f 2730/2800/1793 2742/2812/1805 2741/2811/1804 2729/2799/1792
f 2732/2801/1794 2744/2813/1806 2743/2814/1807 2731/2802/1795
f 2733/2803/1796 2745/2815/1808 2744/2813/1806 2732/2801/1794
f 2734/2804/1797 2746/2816/1809 2745/2815/1808 2733/2803/1796
f 2735/2805/1798 2747/2817/1810 2746/2816/1809 2734/2804/1797
f 2736/2806/1799 2748/2818/1811 2747/2817/1810 2735/2805/1798
f 2737/2807/1800 2749/2819/1812 2748/2818/1811 2736/2806/1799
f 2738/2808/1801 2750/2820/1813 2749/2819/1812 2737/2807/1800
f 2739/2809/1802 2751/2821/1814 2750/2820/1813 2738/2808/1801
f 2740/2810/1803 2752/2822/1815 2751/2821/1814 2739/2809/1802
f 2741/2811/1804 2753/2823/1816 2752/2822/1815 2740/2810/1803
f 2742/2812/1805 2754/2824/1817 2753/2823/1816 2741/2811/1804
f 2744/2813/1806 2756/2825/1818 2755/2826/1819 2743/2814/1807
f 2745/2815/1808 2757/2827/1820 2756/2825/1818 2744/2813/1806
f 2746/2816/1809 2758/2828/1821 2757/2827/1820 2745/2815/1808
f 2747/2817/1810 2759/2829/1822 2758/2828/1821 2746/2816/1809
f 2748/2818/1811 2760/2830/1823 2759/2829/1822 2747/2817/1810
f 2749/2819/1812 2761/2831/1824 2760/2830/1823 2748/2818/1811
f 2750/2820/1813 2762/2832/1825 2761/2831/1824 2749/2819/1812
f 2751/2821/1814 2763/2833/1826 2762/2832/1825 2750/2820/1813
f 2752/2822/1815 2764/2834/1827 2763/2833/1826 2751/2821/1814
f 2753/2823/1816 2765/2835/1828 2764/2834/1827 2752/2822/1815
f 2754/2824/1817 2766/2836/1829 2765/2835/1828 2753/2823/1816
f 2756/2825/1818 2768/2837/1830 2767/2838/1831 2755/2826/1819
f 2757/2827/1820 2769/2839/1832 2768/2837/1830 2756/2825/1818
f 2758/2828/1821 2770/2840/1833 2769/2839/1832 2757/2827/1820
f 2759/2829/1822 2771/2841/1834 2770/2840/1833 2758/2828/1821
f 2760/2830/1823 2772/2842/1835 2771/2841/1834 2759/2829/1822
f 2761/2831/1824 2773/2843/1836 2772/2842/1835 2760/2830/1823
f 2762/2832/1825 2774/2844/1837 2773/2843/1836 2761/2831/1824
f 2763/2833/1826 2775/2845/1838 2774/2844/1837 2762/2832/1825
f 2764/2834/1827 2776/2846/1839 2775/2845/1838 2763/2833/1826
f 2765/2835/1828 2777/2847/1840 2776/2846/1839 2764/2834/1827
f 2766/2836/1829 2778/2848/1841 2777/2847/1840 2765/2835/1828
f 2768/2837/1830 2780/2849/1842 2779/2850/1843 2767/2838/1831
f 2769/2839/1832 2781/2851/1844 2780/2849/1842 2768/2837/1830
f 2770/2840/1833 2782/2852/1845 2781/2851/1844 2769/2839/1832
f 2771/2841/1834 2783/2853/1846 2782/2852/1845 2770/2840/1833
f 2772/2842/1835 2784/2854/1847 2783/2853/1846 2771/2841/1834
f 2773/2843/1836 2785/2855/1848 2784/2854/1847 2772/2842/1835
f 2774/2844/1837 2786/2856/1849 2785/2855/1848 2773/2843/1836
f 2775/2845/1838 2787/2857/1850 2786/2856/1849 2774/2844/1837
f 2776/2846/1839 2788/2858/1851 2787/2857/1850 2775/2845/1838
f 2777/2847/1840 2789/2859/1852 2788/2858/1851 2776/2846/1839
f 2778/2848/1841 2790/2860/1853 2789/2859/1852 2777/2847/1840
f 2780/2849/1842 2792/2861/1854 2791/2862/1855 2779/2850/1843
f 2781/2851/1844 2793/2863/1856 2792/2861/1854 2780/2849/1842
f 2782/2852/1845 2794/2864/1857 2793/2863/1856 2781/2851/1844
f 2783/2853/1846 2795/2865/1858 2794/2864/1857 2782/2852/1845
f 2784/2854/1847 2796/2866/1859 2795/2865/1858 2783/2853/1846
f 2785/2855/1848 2797/2867/1860 2796/2866/1859 2784/2854/1847
f 2786/2856/1849 2798/2868/1861 2797/2867/1860 2785/2855/1848
f 2787/2857/1850 2799/2869/1862 2798/2868/1861 2786/2856/1849
f 2788/2858/1851 2800/2870/1863 2799/2869/1862 2787/2857/1850
f 2789/2859/1852 2801/2871/1864 2800/2870/1863 2788/2858/1851
f 2790/2860/1853 2802/2872/1865 2801/2871/1864 2789/2859/1852
f 2792/2861/1854 2804/2873/1866 2803/2874/1867 2791/2862/1855
f 2793/2863/1856 2805/2875/1868 2804/2873/1866 2792/2861/1854
f 2794/2864/1857 2806/2876/1869 2805/2875/1868 2793/2863/1856
f 2795/2865/1858 2807/2877/1870 2806/2876/1869 2794/2864/1857
f 2796/2866/1859 2808/2878/1871 2807/2877/1870 2795/2865/1858
f 2797/2867/1860 2809/2879/1872 2808/2878/1871 2796/2866/1859
f 2798/2868/1861 2810/2880/1873 2809/2879/1872 2797/2867/1860
f 2799/2869/1862 2811/2881/1874 2810/2880/1873 2798/2868/1861
f 2800/2870/1863 2812/2882/1875 2811/2881/1874 2799/2869/1862
f 2801/2871/1864 2813/2883/1876 2812/2882/1875 2800/2870/1863
f 2802/2872/1865 2814/2884/1877 2813/2883/1876 2801/2871/1864
f 2804/2873/1866 2816/2885/1878 2815/2886/1879 2803/2874/1867
f 2805/2875/1868 2817/2887/1880 2816/2885/1878 2804/2873/1866
f 2806/2876/1869 2818/2888/1881 2817/2887/1880 2805/2875/1868
f 2807/2877/1870 2819/2889/1882 2818/2888/1881 2806/2876/1869
f 2808/2878/1871 2820/2890/1883 2819/2889/1882 2807/2877/1870
f 2809/2879/1872 2821/2891/1884 2820/2890/1883 2808/2878/1871
f 2810/2880/1873 2822/2892/1885 2821/2891/1884 2809/2879/1872
f 2811/2881/1874 2823/2893/1886 2822/2892/1885 2810/2880/1873
f 2812/2882/1875 2824/2894/1887 2823/2893/1886 2811/2881/1874
f 2813/2883/1876 2825/2895/1888 2824/2894/1887 2812/2882/1875
f 2814/2884/1877 2826/2896/1889 2825/2895/1888 2813/2883/1876
f 2816/2885/1878 2828/2897/1890 2827/2898/1891 2815/2886/1879
f 2817/2887/1880 2829/2899/1892 2828/2897/1890 2816/2885/1878
f 2818/2888/1881 2830/2900/1893 2829/2899/1892 2817/2887/1880
f 2819/2889/1882 2831/2901/1894 2830/2900/1893 2818/2888/1881
f 2820/2890/1883 2832/2902/1895 2831/2901/1894 2819/2889/1882
f 2821/2891/1884 2833/2903/1896 2832/2902/1895 2820/2890/1883
f 2822/2892/1885 2834/2904/1897 2833/2903/1896 2821/2891/1884
f 2823/2893/1886 2835/2905/1898 2834/2904/1897 2822/2892/1885
f 2824/2894/1887 2836/2906/1899 2835/2905/1898 2823/2893/1886
f 2825/2895/1888 2837/2907/1900 2836/2906/1899 2824/2894/1887
f 2826/2896/1889 2838/2908/1901 2837/2907/1900 2825/2895/1888
f 2828/2897/1890 2840/2909/1902 2839/2910/1903 2827/2898/1891
f 2829/2899/1892 2841/2911/1904 2840/2909/1902 2828/2897/1890
f 2830/2900/1893 2842/2912/1905 2841/2911/1904 2829/2899/1892
f 2831/2901/1894 2843/2913/1906 2842/2912/1905 2830/2900/1893
f 2832/2902/1895 2844/2914/1907 2843/2913/1906 2831/2901/1894
f 2833/2903/1896 2845/2915/1908 2844/2914/1907 2832/2902/1895
f 2834/2904/1897 2846/2916/1909 2845/2915/1908 2833/2903/1896
f 2835/2905/1898 2847/2917/1910 2846/2916/1909 2834/2904/1897
f 2836/2906/1899 2848/2918/1911 2847/2917/1910 2835/2905/1898
f 2837/2907/1900 2849/2919/1912 2848/2918/1911 2836/2906/1899
f 2838/2908/1901 2850/2920/1913 2849/2919/1912 2837/2907/1900
f 2840/2909/1902 2852/2921/1914 2851/2922/1915 2839/2910/1903
f 2841/2911/1904 2853/2923/1916 2852/2921/1914 2840/2909/1902
f 2842/2912/1905 2854/2924/1917 2853/2923/1916 2841/2911/1904
f 2843/2913/1906 2855/2925/1918 2854/2924/1917 2842/2912/1905
f 2844/2914/1907 2856/2926/1919 2855/2925/1918 2843/2913/1906
f 2845/2915/1908 2857/2927/1920 2856/2926/1919 2844/2914/1907
f 2846/2916/1909 2858/2928/1921 2857/2927/1920 2845/2915/1908
f 2847/2917/1910 2859/2929/1922 2858/2928/1921 2846/2916/1909
f 2848/2918/1911 2860/2930/1923 2859/2929/1922 2847/2917/1910
f 2849/2919/1912 2861/2931/1924 2860/2930/1923 2848/2918/1911
f 2850/2920/1913 2862/2932/1925 2861/2931/1924 2849/2919/1912
f 2852/2921/1914 2864/2933/1926 2863/2934/1927 2851/2922/1915
f 2853/2923/1916 2865/2935/1928 2864/2933/1926 2852/2921/1914
f 2854/2924/1917 2866/2936/1929 2865/2935/1928 2853/2923/1916
f 2855/2925/1918 2867/2937/1930 2866/2936/1929 2854/2924/1917
f 2856/2926/1919 2868/2938/1931 2867/2937/1930 2855/2925/1918
f 2857/2927/1920 2869/2939/1932 2868/2938/1931 2856/2926/1919
f 2858/2928/1921 2870/2940/1933 2869/2939/1932 2857/2927/1920
f 2859/2929/1922 2871/2941/1934 2870/2940/1933 2858/2928/1921
f 2860/2930/1923 2872/2942/1935 2871/2941/1934 2859/2929/1922
f 2861/2931/1924 2873/2943/1936 2872/2942/1935 2860/2930/1923
f 2862/2932/1925 2874/2944/1937 2873/2943/1936 2861/2931/1924
f 2864/2933/1926 2876/2945/1938 2875/2946/1939 2863/2934/1927
f 2865/2935/1928 2877/2947/1940 2876/2945/1938 2864/2933/1926
f 2866/2936/1929 2878/2948/1941 2877/2947/1940 2865/2935/1928
f 2867/2937/1930 2879/2949/1942 2878/2948/1941 2866/2936/1929
f 2868/2938/1931 2880/2950/1943 2879/2949/1942 2867/2937/1930
f 2869/2939/1932 2881/2951/1944 2880/2950/1943 2868/2938/1931
f 2870/2940/1933 2882/2952/1945 2881/2951/1944 2869/2939/1932
f 2871/2941/1934 2883/2953/1946 2882/2952/1945 2870/2940/1933
f 2872/2942/1935 2884/2954/1947 2883/2953/1946 2871/2941/1934
f 2873/2943/1936 2885/2955/1948 2884/2954/1947 2872/2942/1935
f 2874/2944/1937 2886/2956/1949 2885/2955/1948 2873/2943/1936
f 2876/2945/1938 2888/2957/1950 2887/2958/1951 2875/2946/1939
f 2877/2947/1940 2889/2959/1952 2888/2957/1950 2876/2945/1938
f 2878/2948/1941 2890/2960/1953 2889/2959/1952 2877/2947/1940
f 2879/2949/1942 2891/2961/1954 2890/2960/1953 2878/2948/1941
f 2880/2950/1943 2892/2962/1955 2891/2961/1954 2879/2949/1942
f 2881/2951/1944 2893/2963/1956 2892/2962/1955 2880/2950/1943
f 2882/2952/1945 2894/2964/1957 2893/2963/1956 2881/2951/1944
f 2883/2953/1946 2895/2965/1958 2894/2964/1957 2882/2952/1945
f 2884/2954/1947 2896/2966/1959 2895/2965/1958 2883/2953/1946
f 2885/2955/1948 2897/2967/1960 2896/2966/1959 2884/2954/1947
f 2886/2956/1949 2898/2968/1961 2897/2967/1960 2885/2955/1948
f 2888/2957/1950 2900/2969/1338 2899/2970/1339 2887/2958/1951
f 2889/2959/1952 2901/2971/1340 2900/2969/1338 2888/2957/1950
f 2890/2960/1953 2902/2972/1341 2901/2971/1340 2889/2959/1952
f 2891/2961/1954 2903/2973/1342 2902/2972/1341 2890/2960/1953
f 2892/2962/1955 2904/2974/1343 2903/2973/1342 2891/2961/1954
f 2893/2963/1956 2905/2975/1344 2904/2974/1343 2892/2962/1955
f 2894/2964/1957 2906/2976/1345 2905/2975/1344 2893/2963/1956
f 2895/2965/1958 2907/2977/1346 2906/2976/1345 2894/2964/1957
f 2896/2966/1959 2908/2978/1347 2907/2977/1346 2895/2965/1958
f 2897/2967/1960 2909/2979/1348 2908/2978/1347 2896/2966/1959
f 2898/2968/1961 2910/2980/1349 2909/2979/1348 2897/2967/1960
f 2900/2969/1338 2912/2981/1962 2911/2982/1663 2899/2970/1339
f 2901/2971/1340 2913/2983/1963 2912/2981/1962 2900/2969/1338
f 2902/2972/1341 2914/2984/1964 2913/2983/1963 2901/2971/1340
f 2903/2973/1342 2915/2985/1965 2914/2984/1964 2902/2972/1341
f 2904/2974/1343 2916/2986/1966 2915/2985/1965 2903/2973/1342
f 2905/2975/1344 2917/2987/1967 2916/2986/1966 2904/2974/1343
f 2906/2976/1345 2918/2988/1968 2917/2987/1967 2905/2975/1344
f 2907/2977/1346 2919/2989/1969 2918/2988/1968 2906/2976/1345
f 2908/2978/1347 2920/2990/1970 2919/2989/1969 2907/2977/1346
f 2909/2979/1348 2921/2991/1971 2920/2990/1970 2908/2978/1347
f 2910/2980/1349 2922/2992/1673 2921/2991/1971 2909/2979/1348
f 2912/2981/1962 2924/2479/1972 2923/1364/1973 2911/2982/1663
f 2913/2983/1963 2925/2480/1974 2924/2479/1972 2912/2981/1962
f 2914/2984/1964 2926/2481/1975 2925/2480/1974 2913/2983/1963
f 2915/2985/1965 2927/2482/1976 2926/2481/1975 2914/2984/1964
f 2916/2986/1966 2928/2483/1977 2927/2482/1976 2915/2985/1965
f 2917/2987/1967 2929/2484/1978 2928/2483/1977 2916/2986/1966
f 2918/2988/1968 2930/2485/1979 2929/2484/1978 2917/2987/1967
f 2919/2989/1969 2931/2486/1980 2930/2485/1979 2918/2988/1968
f 2920/2990/1970 2932/2487/1981 2931/2486/1980 2919/2989/1969
f 2921/2991/1971 2933/2488/1982 2932/2487/1981 2920/2990/1970
f 2922/2992/1673 2934/2489/1983 2933/2488/1982 2921/2991/1971
f 2924/2479/1972 2936/2993/1984 2935/2994/1985 2923/1364/1973
f 2925/2480/1974 2937/2995/1986 2936/2993/1984 2924/2479/1972
f 2926/2481/1975 2938/2996/1987 2937/2995/1986 2925/2480/1974
f 2927/2482/1976 2939/2997/1988 2938/2996/1987 2926/2481/1975
f 2928/2483/1977 2940/2998/1989 2939/2997/1988 2927/2482/1976
f 2929/2484/1978 2941/2999/1990 2940/2998/1989 2928/2483/1977
f 2930/2485/1979 2942/3000/1991 2941/2999/1990 2929/2484/1978
f 2931/2486/1980 2943/3001/1992 2942/3000/1991 2930/2485/1979
f 2932/2487/1981 2944/3002/1993 2943/3001/1992 2931/2486/1980
f 2933/2488/1982 2945/3003/1994 2944/3002/1993 2932/2487/1981
f 2934/2489/1983 2946/3004/1995 2945/3003/1994 2933/2488/1982
f 2936/2993/1984 2948/3005/1996 2947/3006/1997 2935/2994/1985
f 2937/2995/1986 2949/3007/1998 2948/3005/1996 2936/2993/1984
f 2938/2996/1987 2950/3008/1999 2949/3007/1998 2937/2995/1986
f 2939/2997/1988 2951/3009/2000 2950/3008/1999 2938/2996/1987
f 2940/2998/1989 2952/3010/2001 2951/3009/2000 2939/2997/1988
f 2941/2999/1990 2953/3011/2002 2952/3010/2001 2940/2998/1989
f 2942/3000/1991 2954/3012/2003 2953/3011/2002 2941/2999/1990
f 2943/3001/1992 2955/3013/2004 2954/3012/2003 2942/3000/1991
f 2944/3002/1993 2956/3014/2005 2955/3013/2004 2943/3001/1992
f 2945/3003/1994 2957/3015/2006 2956/3014/2005 2944/3002/1993
f 2946/3004/1995 2958/3016/2007 2957/3015/2006 2945/3003/1994
f 2948/3005/1996 2960/3017/2008 2959/3018/2009 2947/3006/1997
f 2949/3007/1998 2961/3019/2010 2960/3017/2008 2948/3005/1996
f 2950/3008/1999 2962/3020/2011 2961/3019/2010 2949/3007/1998
f 2951/3009/2000 2963/3021/2012 2962/3020/2011 2950/3008/1999
f 2952/3010/2001 2964/3022/2013 2963/3021/2012 2951/3009/2000
f 2953/3011/2002 2965/3023/2014 2964/3022/2013 2952/3010/2001
f 2954/3012/2003 2966/3024/2015 2965/3023/2014 2953/3011/2002
f 2955/3013/2004 2967/3025/2016 2966/3024/2015 2954/3012/2003
f 2956/3014/2005 2968/3026/2017 2967/3025/2016 2955/3013/2004
f 2957/3015/2006 2969/3027/2018 2968/3026/2017 2956/3014/2005
f 2958/3016/2007 2970/3028/2019 2969/3027/2018 2957/3015/2006
f 2960/3017/2008 2972/3029/2020 2971/3030/2021 2959/3018/2009
f 2961/3019/2010 2973/3031/2022 2972/3029/2020 2960/3017/2008
f 2962/3020/2011 2974/3032/2023 2973/3031/2022 2961/3019/2010
f 2963/3021/2012 2975/3033/2024 2974/3032/2023 2962/3020/2011
f 2964/3022/2013 2976/3034/2025 2975/3033/2024 2963/3021/2012
f 2965/3023/2014 2977/3035/2026 2976/3034/2025 2964/3022/2013
f 2966/3024/2015 2978/3036/2027 2977/3035/2026 2965/3023/2014
f 2967/3025/2016 2979/3037/2028 2978/3036/2027 2966/3024/2015
f 2968/3026/2017 2980/3038/2029 2979/3037/2028 2967/3025/2016
f 2969/3027/2018 2981/3039/2030 2980/3038/2029 2968/3026/2017
f 2970/3028/2019 2982/3040/2031 2981/3039/2030 2969/3027/2018
f 2972/3029/2020 2984/3041/2032 2983/3042/2033 2971/3030/2021
f 2973/3031/2022 2985/3043/2034 2984/3041/2032 2972/3029/2020
f 2974/3032/2023 2986/3044/2035 2985/3043/2034 2973/3031/2022
f 2975/3033/2024 2987/3045/2036 2986/3044/2035 2974/3032/2023
f 2976/3034/2025 2988/3046/2037 2987/3045/2036 2975/3033/2024
f 2977/3035/2026 2989/3047/2038 2988/3046/2037 2976/3034/2025
f 2978/3036/2027 2990/3048/2039 2989/3047/2038 2977/3035/2026
f 2979/3037/2028 2991/3049/2040 2990/3048/2039 2978/3036/2027
f 2980/3038/2029 2992/3050/2041 2991/3049/2040 2979/3037/2028
f 2981/3039/2030 2993/3051/2042 2992/3050/2041 2980/3038/2029
f 2982/3040/2031 2994/3052/2043 2993/3051/2042 2981/3039/2030
f 2984/3041/2032 2996/3053/2044 2995/3054/2045 2983/3042/2033
f 2985/3043/2034 2997/3055/2046 2996/3053/2044 2984/3041/2032
f 2986/3044/2035 2998/3056/2047 2997/3055/2046 2985/3043/2034
f 2987/3045/2036 2999/3057/2048 2998/3056/2047 2986/3044/2035
f 2988/3046/2037 3000/3058/2049 2999/3057/2048 2987/3045/2036
f 2989/3047/2038 3001/3059/2050 3000/3058/2049 2988/3046/2037
f 2990/3048/2039 3002/3060/2051 3001/3059/2050 2989/3047/2038
f 2991/3049/2040 3003/3061/2052 3002/3060/2051 2990/3048/2039
f 2992/3050/2041 3004/3062/2053 3003/3061/2052 2991/3049/2040
f 2993/3051/2042 3005/3063/2054 3004/3062/2053 2992/3050/2041
f 2994/3052/2043 3006/3064/2055 3005/3063/2054 2993/3051/2042
f 2996/3053/2044 3008/3065/2056 3007/3066/2057 2995/3054/2045
f 2997/3055/2046 3009/3067/2058 3008/3065/2056 2996/3053/2044
f 2998/3056/2047 3010/3068/2059 3009/3067/2058 2997/3055/2046
f 2999/3057/2048 3011/3069/2060 3010/3068/2059 2998/3056/2047
f 3000/3058/2049 3012/3070/2061 3011/3069/2060 2999/3057/2048
f 3001/3059/2050 3013/3071/2062 3012/3070/2061 3000/3058/2049
f 3002/3060/2051 3014/3072/2063 3013/3071/2062 3001/3059/2050
f 3003/3061/2052 3015/3073/2064 3014/3072/2063 3002/3060/2051
f 3004/3062/2053 3016/3074/2065 3015/3073/2064 3003/3061/2052
f 3005/3063/2054 3017/3075/2066 3016/3074/2065 3004/3062/2053
f 3006/3064/2055 3018/3076/2067 3017/3075/2066 3005/3063/2054
f 3008/3065/2056 3020/3077/2068 3019/3078/2069 3007/3066/2057
f 3009/3067/2058 3021/3079/2070 3020/3077/2068 3008/3065/2056
f 3010/3068/2059 3022/3080/2071 3021/3079/2070 3009/3067/2058
f 3011/3069/2060 3023/3081/2072 3022/3080/2071 3010/3068/2059
f 3012/3070/2061 3024/3082/2073 3023/3081/2072 3011/3069/2060
f 3013/3071/2062 3025/3083/2074 3024/3082/2073 3012/3070/2061
f 3014/3072/2063 3026/3084/2075 3025/3083/2074 3013/3071/2062
f 3015/3073/2064 3027/3085/2076 3026/3084/2075 3014/3072/2063
f 3016/3074/2065 3028/3086/2077 3027/3085/2076 3015/3073/2064
f 3017/3075/2066 3029/3087/2078 3028/3086/2077 3016/3074/2065
f 3018/3076/2067 3030/3088/2079 3029/3087/2078 3017/3075/2066
f 3020/3077/2068 3032/3089/2080 3031/3090/2081 3019/3078/2069
f 3021/3079/2070 3033/3091/2082 3032/3089/2080 3020/3077/2068
f 3022/3080/2071 3034/3092/2083 3033/3091/2082 3021/3079/2070
f 3023/3081/2072 3035/3093/2084 3034/3092/2083 3022/3080/2071
f 3024/3082/2073 3036/3094/2085 3035/3093/2084 3023/3081/2072
f 3025/3083/2074 3037/3095/2086 3036/3094/2085 3024/3082/2073
f 3026/3084/2075 3038/3096/2087 3037/3095/2086 3025/3083/2074
f 3027/3085/2076 3039/3097/2088 3038/3096/2087 3026/3084/2075
f 3028/3086/2077 3040/3098/2089 3039/3097/2088 3027/3085/2076
f 3029/3087/2078 3041/3099/2090 3040/3098/2089 3028/3086/2077
f 3030/3088/2079 3042/3100/2091 3041/3099/2090 3029/3087/2078
f 3032/3089/2080 3044/3101/2092 3043/3102/2093 3031/3090/2081
f 3033/3091/2082 3045/3103/2094 3044/3101/2092 3032/3089/2080
f 3034/3092/2083 3046/3104/2095 3045/3103/2094 3033/3091/2082
f 3035/3093/2084 3047/3105/2096 3046/3104/2095 3034/3092/2083
f 3036/3094/2085 3048/3106/2097 3047/3105/2096 3035/3093/2084
f 3037/3095/2086 3049/3107/2098 3048/3106/2097 3036/3094/2085
f 3038/3096/2087 3050/3108/2099 3049/3107/2098 3037/3095/2086
f 3039/3097/2088 3051/3109/2100 3050/3108/2099 3038/3096/2087
f 3040/3098/2089 3052/3110/2101 3051/3109/2100 3039/3097/2088
f 3041/3099/2090 3053/3111/2102 3052/3110/2101 3040/3098/2089
f 3042/3100/2091 3054/3112/2103 3053/3111/2102 3041/3099/2090
f 3044/3101/2092 3056/3113/2104 3055/3114/2105 3043/3102/2093
f 3045/3103/2094 3057/3115/2106 3056/3113/2104 3044/3101/2092
f 3046/3104/2095 3058/3116/2107 3057/3115/2106 3045/3103/2094
f 3047/3105/2096 3059/3117/2108 3058/3116/2107 3046/3104/2095
f 3048/3106/2097 3060/3118/2109 3059/3117/2108 3047/3105/2096
f 3049/3107/2098 3061/3119/2110 3060/3118/2109 3048/3106/2097
f 3050/3108/2099 3062/3120/2111 3061/3119/2110 3049/3107/2098
f 3051/3109/2100 3063/3121/2112 3062/3120/2111 3050/3108/2099
f 3052/3110/2101 3064/3122/2113 3063/3121/2112 3051/3109/2100
f 3053/3111/2102 3065/3123/2114 3064/3122/2113 3052/3110/2101
f 3054/3112/2103 3066/3124/2115 3065/3123/2114 3053/3111/2102
f 3056/3113/2104 3068/3125/2116 3067/3126/2117 3055/3114/2105
f 3057/3115/2106 3069/3127/2118 3068/3125/2116 3056/3113/2104
f 3058/3116/2107 3070/3128/2119 3069/3127/2118 3057/3115/2106
f 3059/3117/2108 3071/3129/2120 3070/3128/2119 3058/3116/2107
f 3060/3118/2109 3072/3130/2121 3071/3129/2120 3059/3117/2108
f 3061/3119/2110 3073/3131/2122 3072/3130/2121 3060/3118/2109
f 3062/3120/2111 3074/3132/2123 3073/3131/2122 3061/3119/2110
f 3063/3121/2112 3075/3133/2124 3074/3132/2123 3062/3120/2111
f 3064/3122/2113 3076/3134/2125 3075/3133/2124 3063/3121/2112
f 3065/3123/2114 3077/3135/2126 3076/3134/2125 3064/3122/2113
f 3066/3124/2115 3078/3136/2127 3077/3135/2126 3065/3123/2114
f 3068/3125/2116 3080/3137/2128 3079/1298/863 3067/3126/2117
f 3069/3127/2118 3081/3138/2129 3080/3137/2128 3068/3125/2116
f 3070/3128/2119 3082/3139/2130 3081/3138/2129 3069/3127/2118
f 3071/3129/2120 3083/3140/2131 3082/3139/2130 3070/3128/2119
f 3072/3130/2121 3084/3141/2132 3083/3140/2131 3071/3129/2120
f 3073/3131/2122 3085/3142/2133 3084/3141/2132 3072/3130/2121
f 3074/3132/2123 3086/3143/2134 3085/3142/2133 3073/3131/2122
f 3075/3133/2124 3087/3144/2135 3086/3143/2134 3074/3132/2123
f 3076/3134/2125 3088/3145/2136 3087/3144/2135 3075/3133/2124
f 3077/3135/2126 3089/3146/2137 3088/3145/2136 3076/3134/2125
f 3078/3136/2127 3090/3147/873 3089/3146/2137 3077/3135/2126
f 3080/3137/2128 3092/3148/2138 3091/3149/2139 3079/1298/863
f 3081/3138/2129 3093/3150/2140 3092/3148/2138 3080/3137/2128
f 3082/3139/2130 3094/3151/2141 3093/3150/2140 3081/3138/2129
f 3083/3140/2131 3095/3152/2142 3094/3151/2141 3082/3139/2130
f 3084/3141/2132 3096/3153/2143 3095/3152/2142 3083/3140/2131
f 3085/3142/2133 3097/3154/2144 3096/3153/2143 3084/3141/2132
f 3086/3143/2134 3098/3155/2145 3097/3154/2144 3085/3142/2133
f 3087/3144/2135 3099/3156/2146 3098/3155/2145 3086/3143/2134
f 3088/3145/2136 3100/3157/2147 3099/3156/2146 3087/3144/2135
f 3089/3146/2137 3101/3158/2148 3100/3157/2147 3088/3145/2136
f 3090/3147/873 3102/3159/2149 3101/3158/2148 3089/3146/2137
f 3092/3148/2138 3104/3160/2150 3103/3161/2151 3091/3149/2139
f 3093/3150/2140 3105/3162/2152 3104/3160/2150 3092/3148/2138
f 3094/3151/2141 3106/3163/2153 3105/3162/2152 3093/3150/2140
f 3095/3152/2142 3107/3164/2154 3106/3163/2153 3094/3151/2141
f 3096/3153/2143 3108/3165/2155 3107/3164/2154 3095/3152/2142
f 3097/3154/2144 3109/3166/2156 3108/3165/2155 3096/3153/2143
f 3098/3155/2145 3110/3167/2157 3109/3166/2156 3097/3154/2144
f 3099/3156/2146 3111/3168/2158 3110/3167/2157 3098/3155/2145
f 3100/3157/2147 3112/3169/2159 3111/3168/2158 3099/3156/2146
f 3101/3158/2148 3113/3170/2160 3112/3169/2159 3100/3157/2147
f 3102/3159/2149 3114/3171/2161 3113/3170/2160 3101/3158/2148
f 3104/3160/2150 3116/3172/2162 3115/3173/2163 3103/3161/2151
f 3105/3162/2152 3117/3174/2164 3116/3172/2162 3104/3160/2150
f 3106/3163/2153 3118/3175/2165 3117/3174/2164 3105/3162/2152
f 3107/3164/2154 3119/3176/2166 3118/3175/2165 3106/3163/2153
f 3108/3165/2155 3120/3177/2167 3119/3176/2166 3107/3164/2154
f 3109/3166/2156 3121/3178/2168 3120/3177/2167 3108/3165/2155
f 3110/3167/2157 3122/3179/2169 3121/3178/2168 3109/3166/2156
f 3111/3168/2158 3123/3180/2170 3122/3179/2169 3110/3167/2157
f 3112/3169/2159 3124/3181/2171 3123/3180/2170 3111/3168/2158
f 3113/3170/2160 3125/3182/2172 3124/3181/2171 3112/3169/2159
f 3114/3171/2161 3126/3183/2173 3125/3182/2172 3113/3170/2160
f 3116/3172/2162 3128/3184/2174 3127/3185/2175 3115/3173/2163
f 3117/3174/2164 3129/3186/2176 3128/3184/2174 3116/3172/2162
f 3118/3175/2165 3130/3187/2177 3129/3186/2176 3117/3174/2164
f 3119/3176/2166 3131/3188/2178 3130/3187/2177 3118/3175/2165
f 3120/3177/2167 3132/3189/2179 3131/3188/2178 3119/3176/2166
f 3121/3178/2168 3133/3190/2180 3132/3189/2179 3120/3177/2167
f 3122/3179/2169 3134/3191/2181 3133/3190/2180 3121/3178/2168
f 3123/3180/2170 3135/3192/2182 3134/3191/2181 3122/3179/2169
f 3124/3181/2171 3136/3193/2183 3135/3192/2182 3123/3180/2170
f 3125/3182/2172 3137/3194/2184 3136/3193/2183 3124/3181/2171
f 3126/3183/2173 3138/3195/2185 3137/3194/2184 3125/3182/2172
f 3128/3184/2174 3140/3196/2186 3139/3197/2187 3127/3185/2175
f 3129/3186/2176 3141/3198/2188 3140/3196/2186 3128/3184/2174
f 3130/3187/2177 3142/3199/2189 3141/3198/2188 3129/3186/2176
f 3131/3188/2178 3143/3200/2190 3142/3199/2189 3130/3187/2177
f 3132/3189/2179 3144/3201/2191 3143/3200/2190 3131/3188/2178
f 3133/3190/2180 3145/3202/2192 3144/3201/2191 3132/3189/2179
f 3134/3191/2181 3146/3203/2193 3145/3202/2192 3133/3190/2180
f 3135/3192/2182 3147/3204/2194 3146/3203/2193 3134/3191/2181
f 3136/3193/2183 3148/3205/2195 3147/3204/2194 3135/3192/2182
f 3137/3194/2184 3149/3206/2196 3148/3205/2195 3136/3193/2183
f 3138/3195/2185 3150/3207/2197 3149/3206/2196 3137/3194/2184
f 3140/3196/2186 3152/3208/2198 3151/3209/2199 3139/3197/2187
f 3141/3198/2188 3153/3210/2200 3152/3208/2198 3140/3196/2186
f 3142/3199/2189 3154/3211/2201 3153/3210/2200 3141/3198/2188
f 3143/3200/2190 3155/3212/2202 3154/3211/2201 3142/3199/2189
f 3144/3201/2191 3156/3213/2203 3155/3212/2202 3143/3200/2190
f 3145/3202/2192 3157/3214/2204 3156/3213/2203 3144/3201/2191
f 3146/3203/2193 3158/3215/2205 3157/3214/2204 3145/3202/2192
f 3147/3204/2194 3159/3216/2206 3158/3215/2205 3146/3203/2193
f 3148/3205/2195 3160/3217/2207 3159/3216/2206 3147/3204/2194
f 3149/3206/2196 3161/3218/2208 3160/3217/2207 3148/3205/2195
f 3150/3207/2197 3162/3219/2209 3161/3218/2208 3149/3206/2196
f 3152/3208/2198 3164/3220/2210 3163/3221/2211 3151/3209/2199
f 3153/3210/2200 3165/3222/2212 3164/3220/2210 3152/3208/2198
f 3154/3211/2201 3166/3223/2213 3165/3222/2212 3153/3210/2200
f 3155/3212/2202 3167/3224/2214 3166/3223/2213 3154/3211/2201
f 3156/3213/2203 3168/3225/2215 3167/3224/2214 3155/3212/2202
f 3157/3214/2204 3169/3226/2216 3168/3225/2215 3156/3213/2203
f 3158/3215/2205 3170/3227/2217 3169/3226/2216 3157/3214/2204
f 3159/3216/2206 3171/3228/2218 3170/3227/2217 3158/3215/2205
f 3160/3217/2207 3172/3229/2219 3171/3228/2218 3159/3216/2206
f 3161/3218/2208 3173/3230/2220 3172/3229/2219 3160/3217/2207
f 3162/3219/2209 3174/3231/2221 3173/3230/2220 3161/3218/2208
f 3164/3220/2210 3176/3232/2222 3175/3233/2223 3163/3221/2211
f 3165/3222/2212 3177/3234/2224 3176/3232/2222 3164/3220/2210
f 3166/3223/2213 3178/3235/2225 3177/3234/2224 3165/3222/2212
f 3167/3224/2214 3179/3236/2226 3178/3235/2225 3166/3223/2213
f 3168/3225/2215 3180/3237/2227 3179/3236/2226 3167/3224/2214
f 3169/3226/2216 3181/3238/2228 3180/3237/2227 3168/3225/2215
f 3170/3227/2217 3182/3239/2229 3181/3238/2228 3169/3226/2216
f 3171/3228/2218 3183/3240/2230 3182/3239/2229 3170/3227/2217
f 3172/3229/2219 3184/3241/2231 3183/3240/2230 3171/3228/2218
f 3173/3230/2220 3185/3242/2232 3184/3241/2231 3172/3229/2219
f 3174/3231/2221 3186/3243/2233 3185/3242/2232 3173/3230/2220
f 3176/3232/2222 3188/3244/2234 3187/3245/2235 3175/3233/2223
f 3177/3234/2224 3189/3246/2236 3188/3244/2234 3176/3232/2222
f 3178/3235/2225 3190/3247/2237 3189/3246/2236 3177/3234/2224
f 3179/3236/2226 3191/3248/2238 3190/3247/2237 3178/3235/2225
f 3180/3237/2227 3192/3249/2239 3191/3248/2238 3179/3236/2226
f 3181/3238/2228 3193/3250/2240 3192/3249/2239 3180/3237/2227
f 3182/3239/2229 3194/3251/2241 3193/3250/2240 3181/3238/2228
f 3183/3240/2230 3195/3252/2242 3194/3251/2241 3182/3239/2229
f 3184/3241/2231 3196/3253/2243 3195/3252/2242 3183/3240/2230
f 3185/3242/2232 3197/3254/2244 3196/3253/2243 3184/3241/2231
f 3186/3243/2233 3198/3255/2245 3197/3254/2244 3185/3242/2232
f 3188/3244/2234 3200/3256/2246 3199/3257/2247 3187/3245/2235
f 3189/3246/2236 3201/3258/2248 3200/3256/2246 3188/3244/2234
f 3190/3247/2237 3202/3259/2249 3201/3258/2248 3189/3246/2236
f 3191/3248/2238 3203/3260/2250 3202/3259/2249 3190/3247/2237
f 3192/3249/2239 3204/3261/2251 3203/3260/2250 3191/3248/2238
f 3193/3250/2240 3205/3262/2252 3204/3261/2251 3192/3249/2239
f 3194/3251/2241 3206/3263/2253 3205/3262/2252 3193/3250/2240
f 3195/3252/2242 3207/3264/2254 3206/3263/2253 3194/3251/2241
f 3196/3253/2243 3208/3265/2255 3207/3264/2254 3195/3252/2242
f 3197/3254/2244 3209/3266/2256 3208/3265/2255 3196/3253/2243
f 3198/3255/2245 3210/3267/2257 3209/3266/2256 3197/3254/2244
f 3200/3256/2246 3212/3268/2258 3211/3269/2259 3199/3257/2247
f 3201/3258/2248 3213/3270/2260 3212/3268/2258 3200/3256/2246
f 3202/3259/2249 3214/3271/2261 3213/3270/2260 3201/3258/2248
f 3203/3260/2250 3215/3272/2262 3214/3271/2261 3202/3259/2249
f 3204/3261/2251 3216/3273/2263 3215/3272/2262 3203/3260/2250
f 3205/3262/2252 3217/3274/2264 3216/3273/2263 3204/3261/2251
f 3206/3263/2253 3218/3275/2265 3217/3274/2264 3205/3262/2252
f 3207/3264/2254 3219/3276/2266 3218/3275/2265 3206/3263/2253
f 3208/3265/2255 3220/3277/2267 3219/3276/2266 3207/3264/2254
f 3209/3266/2256 3221/3278/2268 3220/3277/2267 3208/3265/2255
f 3210/3267/2257 3222/3279/2269 3221/3278/2268 3209/3266/2256
f 3212/3268/2258 3224/3280/2270 3223/3281/2271 3211/3269/2259
f 3213/3270/2260 3225/3282/2272 3224/3280/2270 3212/3268/2258
f 3214/3271/2261 3226/3283/2273 3225/3282/2272 3213/3270/2260
f 3215/3272/2262 3227/3284/2274 3226/3283/2273 3214/3271/2261
f 3216/3273/2263 3228/3285/2275 3227/3284/2274 3215/3272/2262
f 3217/3274/2264 3229/3286/2276 3228/3285/2275 3216/3273/2263
f 3218/3275/2265 3230/3287/2277 3229/3286/2276 3217/3274/2264
f 3219/3276/2266 3231/3288/2278 3230/3287/2277 3218/3275/2265
f 3220/3277/2267 3232/3289/2279 3231/3288/2278 3219/3276/2266
f 3221/3278/2268 3233/3290/2280 3232/3289/2279 3220/3277/2267
f 3222/3279/2269 3234/3291/2281 3233/3290/2280 3221/3278/2268
f 3224/3280/2270 3236/2586/2282 3235/1407/2283 3223/3281/2271
f 3225/3282/2272 3237/2587/2284 3236/2586/2282 3224/3280/2270
f 3226/3283/2273 3238/2588/2285 3237/2587/2284 3225/3282/2272
f 3227/3284/2274 3239/2589/2286 3238/2588/2285 3226/3283/2273
f 3228/3285/2275 3240/2590/2287 3239/2589/2286 3227/3284/2274
f 3229/3286/2276 3241/2591/2288 3240/2590/2287 3228/3285/2275
f 3230/3287/2277 3242/2592/2289 3241/2591/2288 3229/3286/2276
f 3231/3288/2278 3243/2593/2290 3242/2592/2289 3230/3287/2277
f 3232/3289/2279 3244/2594/2291 3243/2593/2290 3231/3288/2278
f 3233/3290/2280 3245/2595/2292 3244/2594/2291 3232/3289/2279
f 3234/3291/2281 3246/2596/2293 3245/2595/2292 3233/3290/2280
f 3236/2586/2282 3248/3292/2294 3247/3293/2295 3235/1407/2283
f 3237/2587/2284 3249/3294/2296 3248/3292/2294 3236/2586/2282
f 3238/2588/2285 3250/3295/2297 3249/3294/2296 3237/2587/2284
f 3239/2589/2286 3251/3296/2298 3250/3295/2297 3238/2588/2285
f 3240/2590/2287 3252/3297/2299 3251/3296/2298 3239/2589/2286
f 3241/2591/2288 3253/3298/2300 3252/3297/2299 3240/2590/2287
f 3242/2592/2289 3254/3299/2301 3253/3298/2300 3241/2591/2288
f 3243/2593/2290 3255/3300/2302 3254/3299/2301 3242/2592/2289
f 3244/2594/2291 3256/3301/2303 3255/3300/2302 3243/2593/2290
f 3245/2595/2292 3257/3302/2304 3256/3301/2303 3244/2594/2291
f 3246/2596/2293 3258/3303/2305 3257/3302/2304 3245/2595/2292
f 3248/3292/2294 3260/3304/2306 3259/3305/2307 3247/3293/2295
f 3249/3294/2296 3261/3306/2308 3260/3304/2306 3248/3292/2294
f 3250/3295/2297 3262/3307/2309 3261/3306/2308 3249/3294/2296
f 3251/3296/2298 3263/3308/2310 3262/3307/2309 3250/3295/2297
f 3252/3297/2299 3264/3309/2311 3263/3308/2310 3251/3296/2298
f 3253/3298/2300 3265/3310/2312 3264/3309/2311 3252/3297/2299
f 3254/3299/2301 3266/3311/2313 3265/3310/2312 3253/3298/2300
f 3255/3300/2302 3267/3312/2314 3266/3311/2313 3254/3299/2301
f 3256/3301/2303 3268/3313/2315 3267/3312/2314 3255/3300/2302
f 3257/3302/2304 3269/3314/2316 3268/3313/2315 3256/3301/2303
f 3258/3303/2305 3270/3315/2317 3269/3314/2316 3257/3302/2304
f 3260/3304/2306 3272/3316/2318 3271/3317/2319 3259/3305/2307
f 3261/3306/2308 3273/3318/2320 3272/3316/2318 3260/3304/2306
f 3262/3307/2309 3274/3319/2321 3273/3318/2320 3261/3306/2308
f 3263/3308/2310 3275/3320/2322 3274/3319/2321 3262/3307/2309
f 3264/3309/2311 3276/3321/2323 3275/3320/2322 3263/3308/2310
f 3265/3310/2312 3277/3322/2324 3276/3321/2323 3264/3309/2311
f 3266/3311/2313 3278/3323/2325 3277/3322/2324 3265/3310/2312
f 3267/3312/2314 3279/3324/2326 3278/3323/2325 3266/3311/2313
f 3268/3313/2315 3280/3325/2327 3279/3324/2326 3267/3312/2314
f 3269/3314/2316 3281/3326/2328 3280/3325/2327 3268/3313/2315
f 3270/3315/2317 3282/3327/2329 3281/3326/2328 3269/3314/2316
f 3272/3316/2318 3284/3328/2330 3283/3329/2331 3271/3317/2319
f 3273/3318/2320 3285/3330/2332 3284/3328/2330 3272/3316/2318
f 3274/3319/2321 3286/3331/2333 3285/3330/2332 3273/3318/2320
f 3275/3320/2322 3287/3332/2334 3286/3331/2333 3274/3319/2321
f 3276/3321/2323 3288/3333/2335 3287/3332/2334 3275/3320/2322
f 3277/3322/2324 3289/3334/2336 3288/3333/2335 3276/3321/2323
f 3278/3323/2325 3290/3335/2337 3289/3334/2336 3277/3322/2324
f 3279/3324/2326 3291/3336/2338 3290/3335/2337 3278/3323/2325
f 3280/3325/2327 3292/3337/2339 3291/3336/2338 3279/3324/2326
f 3281/3326/2328 3293/3338/2340 3292/3337/2339 3280/3325/2327
f 3282/3327/2329 3294/3339/2341 3293/3338/2340 3281/3326/2328
f 3284/3328/2330 3296/3340/2342 3295/3341/2343 3283/3329/2331
f 3285/3330/2332 3297/3342/2344 3296/3340/2342 3284/3328/2330
f 3286/3331/2333 3298/3343/2345 3297/3342/2344 3285/3330/2332
f 3287/3332/2334 3299/3344/2346 3298/3343/2345 3286/3331/2333
f 3288/3333/2335 3300/3345/2347 3299/3344/2346 3287/3332/2334
f 3289/3334/2336 3301/3346/2348 3300/3345/2347 3288/3333/2335
f 3290/3335/2337 3302/3347/2349 3301/3346/2348 3289/3334/2336
f 3291/3336/2338 3303/3348/2350 3302/3347/2349 3290/3335/2337
f 3292/3337/2339 3304/3349/2351 3303/3348/2350 3291/3336/2338
f 3293/3338/2340 3305/3350/2352 3304/3349/2351 3292/3337/2339
f 3294/3339/2341 3306/3351/2353 3305/3350/2352 3293/3338/2340
f 3296/3340/2342 3308/3352/2354 3307/3353/2355 3295/3341/2343
f 3297/3342/2344 3309/3354/2356 3308/3352/2354 3296/3340/2342
f 3298/3343/2345 3310/3355/2357 3309/3354/2356 3297/3342/2344
f 3299/3344/2346 3311/3356/2358 3310/3355/2357 3298/3343/2345
f 3300/3345/2347 3312/3357/2359 3311/3356/2358 3299/3344/2346
f 3301/3346/2348 3313/3358/2360 3312/3357/2359 3300/3345/2347
f 3302/3347/2349 3314/3359/2361 3313/3358/2360 3301/3346/2348
f 3303/3348/2350 3315/3360/2362 3314/3359/2361 3302/3347/2349
f 3304/3349/2351 3316/3361/2363 3315/3360/2362 3303/3348/2350
f 3305/3350/2352 3317/3362/2364 3316/3361/2363 3304/3349/2351
f 3306/3351/2353 3318/3363/2365 3317/3362/2364 3305/3350/2352
f 3308/3352/2354 3320/3364/2366 3319/3365/2367 3307/3353/2355
f 3309/3354/2356 3321/3366/2368 3320/3364/2366 3308/3352/2354
f 3310/3355/2357 3322/3367/2369 3321/3366/2368 3309/3354/2356
f 3311/3356/2358 3323/3368/2370 3322/3367/2369 3310/3355/2357
f 3312/3357/2359 3324/3369/2371 3323/3368/2370 3311/3356/2358
f 3313/3358/2360 3325/3370/2372 3324/3369/2371 3312/3357/2359
f 3314/3359/2361 3326/3371/2373 3325/3370/2372 3313/3358/2360
f 3315/3360/2362 3327/3372/2374 3326/3371/2373 3314/3359/2361
f 3316/3361/2363 3328/3373/2375 3327/3372/2374 3315/3360/2362
f 3317/3362/2364 3329/3374/2376 3328/3373/2375 3316/3361/2363
f 3318/3363/2365 3330/3375/2377 3329/3374/2376 3317/3362/2364
f 3320/3364/2366 3332/3376/2378 3331/3377/2379 3319/3365/2367
f 3321/3366/2368 3333/3378/2380 3332/3376/2378 3320/3364/2366
f 3322/3367/2369 3334/3379/2381 3333/3378/2380 3321/3366/2368
f 3323/3368/2370 3335/3380/2382 3334/3379/2381 3322/3367/2369
f 3324/3369/2371 3336/3381/2383 3335/3380/2382 3323/3368/2370
f 3325/3370/2372 3337/3382/2384 3336/3381/2383 3324/3369/2371
f 3326/3371/2373 3338/3383/2385 3337/3382/2384 3325/3370/2372
f 3327/3372/2374 3339/3384/2386 3338/3383/2385 3326/3371/2373
f 3328/3373/2375 3340/3385/2387 3339/3384/2386 3327/3372/2374
f 3329/3374/2376 3341/3386/2388 3340/3385/2387 3328/3373/2375
f 3330/3375/2377 3342/3387/2389 3341/3386/2388 3329/3374/2376
f 3332/3376/2378 3344/3388/2390 3343/3389/2391 3331/3377/2379
f 3333/3378/2380 3345/3390/2392 3344/3388/2390 3332/3376/2378
f 3334/3379/2381 3346/3391/2393 3345/3390/2392 3333/3378/2380
f 3335/3380/2382 3347/3392/2394 3346/3391/2393 3334/3379/2381
f 3336/3381/2383 3348/3393/2395 3347/3392/2394 3335/3380/2382
f 3337/3382/2384 3349/3394/2396 3348/3393/2395 3336/3381/2383
f 3338/3383/2385 3350/3395/2397 3349/3394/2396 3337/3382/2384
f 3339/3384/2386 3351/3396/2398 3350/3395/2397 3338/3383/2385
f 3340/3385/2387 3352/3397/2399 3351/3396/2398 3339/3384/2386
f 3341/3386/2388 3353/3398/2400 3352/3397/2399 3340/3385/2387
f 3342/3387/2389 3354/3399/2401 3353/3398/2400 3341/3386/2388
f 3344/3388/2390 3356/3400/2402 3355/3401/2403 3343/3389/2391
f 3345/3390/2392 3357/3402/2404 3356/3400/2402 3344/3388/2390
f 3346/3391/2393 3358/3403/2405 3357/3402/2404 3345/3390/2392
f 3347/3392/2394 3359/3404/2406 3358/3403/2405 3346/3391/2393
f 3348/3393/2395 3360/3405/2407 3359/3404/2406 3347/3392/2394
f 3349/3394/2396 3361/3406/2408 3360/3405/2407 3348/3393/2395
f 3350/3395/2397 3362/3407/2409 3361/3406/2408 3349/3394/2396
f 3351/3396/2398 3363/3408/2410 3362/3407/2409 3350/3395/2397
f 3352/3397/2399 3364/3409/2411 3363/3408/2410 3351/3396/2398
f 3353/3398/2400 3365/3410/2412 3364/3409/2411 3352/3397/2399
f 3354/3399/2401 3366/3411/2413 3365/3410/2412 3353/3398/2400
f 3356/3400/2402 3368/3412/2414 3367/3413/2415 3355/3401/2403
f 3357/3402/2404 3369/3414/2416 3368/3412/2414 3356/3400/2402
f 3358/3403/2405 3370/3415/2417 3369/3414/2416 3357/3402/2404
f 3359/3404/2406 3371/3416/2418 3370/3415/2417 3358/3403/2405
f 3360/3405/2407 3372/3417/2419 3371/3416/2418 3359/3404/2406
f 3361/3406/2408 3373/3418/2420 3372/3417/2419 3360/3405/2407
f 3362/3407/2409 3374/3419/2421 3373/3418/2420 3361/3406/2408
f 3363/3408/2410 3375/3420/2422 3374/3419/2421 3362/3407/2409
f 3364/3409/2411 3376/3421/2423 3375/3420/2422 3363/3408/2410
f 3365/3410/2412 3377/3422/2424 3376/3421/2423 3364/3409/2411
f 3366/3411/2413 3378/3423/2425 3377/3422/2424 3365/3410/2412
f 3368/3412/2414 3380/3424/2426 3379/3425/2427 3367/3413/2415
f 3369/3414/2416 3381/3426/2428 3380/3424/2426 3368/3412/2414
f 3370/3415/2417 3382/3427/2429 3381/3426/2428 3369/3414/2416
f 3371/3416/2418 3383/3428/2430 3382/3427/2429 3370/3415/2417
f 3372/3417/2419 3384/3429/2431 3383/3428/2430 3371/3416/2418
f 3373/3418/2420 3385/3430/2432 3384/3429/2431 3372/3417/2419
f 3374/3419/2421 3386/3431/2433 3385/3430/2432 3373/3418/2420
f 3375/3420/2422 3387/3432/2434 3386/3431/2433 3374/3419/2421
f 3376/3421/2423 3388/3433/2435 3387/3432/2434 3375/3420/2422
f 3377/3422/2424 3389/3434/2436 3388/3433/2435 3376/3421/2423
f 3378/3423/2425 3390/3435/2437 3389/3434/2436 3377/3422/2424
f 3380/3424/2426 3392/3436/2438 3391/3437/2439 3379/3425/2427
f 3381/3426/2428 3393/3438/2440 3392/3436/2438 3380/3424/2426
f 3382/3427/2429 3394/3439/2441 3393/3438/2440 3381/3426/2428
f 3383/3428/2430 3395/3440/2442 3394/3439/2441 3382/3427/2429
f 3384/3429/2431 3396/3441/2443 3395/3440/2442 3383/3428/2430
f 3385/3430/2432 3397/3442/2444 3396/3441/2443 3384/3429/2431
f 3386/3431/2433 3398/3443/2445 3397/3442/2444 3385/3430/2432
f 3387/3432/2434 3399/3444/2446 3398/3443/2445 3386/3431/2433
f 3388/3433/2435 3400/3445/2447 3399/3444/2446 3387/3432/2434
f 3389/3434/2436 3401/3446/2448 3400/3445/2447 3388/3433/2435
f 3390/3435/2437 3402/3447/2449 3401/3446/2448 3389/3434/2436
f 3392/3436/2438 3404/3448/2450 3403/3449/2451 3391/3437/2439
f 3393/3438/2440 3405/3450/2452 3404/3448/2450 3392/3436/2438
f 3394/3439/2441 3406/3451/2453 3405/3450/2452 3393/3438/2440
f 3395/3440/2442 3407/3452/2454 3406/3451/2453 3394/3439/2441
f 3396/3441/2443 3408/3453/2455 3407/3452/2454 3395/3440/2442
f 3397/3442/2444 3409/3454/2456 3408/3453/2455 3396/3441/2443
f 3398/3443/2445 3410/3455/2457 3409/3454/2456 3397/3442/2444
f 3399/3444/2446 3411/3456/2458 3410/3455/2457 3398/3443/2445
f 3400/3445/2447 3412/3457/2459 3411/3456/2458 3399/3444/2446
f 3401/3446/2448 3413/3458/2460 3412/3457/2459 3400/3445/2447
f 3402/3447/2449 3414/3459/2461 3413/3458/2460 3401/3446/2448
f 3404/3448/2450 3416/3460/2462 3415/3461/2463 3403/3449/2451
f 3405/3450/2452 3417/3462/2464 3416/3460/2462 3404/3448/2450
f 3406/3451/2453 3418/3463/2465 3417/3462/2464 3405/3450/2452
f 3407/3452/2454 3419/3464/2466 3418/3463/2465 3406/3451/2453
f 3408/3453/2455 3420/3465/2467 3419/3464/2466 3407/3452/2454
f 3409/3454/2456 3421/3466/2468 3420/3465/2467 3408/3453/2455
f 3410/3455/2457 3422/3467/2469 3421/3466/2468 3409/3454/2456
f 3411/3456/2458 3423/3468/2470 3422/3467/2469 3410/3455/2457
f 3412/3457/2459 3424/3469/2471 3423/3468/2470 3411/3456/2458
f 3413/3458/2460 3425/3470/2472 3424/3469/2471 3412/3457/2459
f 3414/3459/2461 3426/3471/2473 3425/3470/2472 3413/3458/2460
f 3416/3460/2462 3428/3472/2474 3427/3473/2475 3415/3461/2463
f 3417/3462/2464 3429/3474/2476 3428/3472/2474 3416/3460/2462
f 3418/3463/2465 3430/3475/2477 3429/3474/2476 3417/3462/2464
f 3419/3464/2466 3431/3476/2478 3430/3475/2477 3418/3463/2465
f 3420/3465/2467 3432/3477/2479 3431/3476/2478 3419/3464/2466
f 3421/3466/2468 3433/3478/2480 3432/3477/2479 3420/3465/2467
f 3422/3467/2469 3434/3479/2481 3433/3478/2480 3421/3466/2468
f 3423/3468/2470 3435/3480/2482 3434/3479/2481 3422/3467/2469
f 3424/3469/2471 3436/3481/2483 3435/3480/2482 3423/3468/2470
f 3425/3470/2472 3437/3482/2484 3436/3481/2483 3424/3469/2471
f 3426/3471/2473 3438/3483/2485 3437/3482/2484 3425/3470/2472
f 3428/3472/2474 3440/3484/2486 3439/3485/2487 3427/3473/2475
f 3429/3474/2476 3441/3486/2488 3440/3484/2486 3428/3472/2474
f 3430/3475/2477 3442/3487/2489 3441/3486/2488 3429/3474/2476
f 3431/3476/2478 3443/3488/2490 3442/3487/2489 3430/3475/2477
f 3432/3477/2479 3444/3489/2491 3443/3488/2490 3431/3476/2478
f 3433/3478/2480 3445/3490/2492 3444/3489/2491 3432/3477/2479
f 3434/3479/2481 3446/3491/2493 3445/3490/2492 3433/3478/2480
f 3435/3480/2482 3447/3492/2494 3446/3491/2493 3434/3479/2481
f 3436/3481/2483 3448/3493/2495 3447/3492/2494 3435/3480/2482
f 3437/3482/2484 3449/3494/2496 3448/3493/2495 3436/3481/2483
f 3438/3483/2485 3450/3495/2497 3449/3494/2496 3437/3482/2484
f 3440/3484/2486 3452/3496/2498 3451/3497/2499 3439/3485/2487
f 3441/3486/2488 3453/3498/2500 3452/3496/2498 3440/3484/2486
f 3442/3487/2489 3454/3499/2501 3453/3498/2500 3441/3486/2488
f 3443/3488/2490 3455/3500/2502 3454/3499/2501 3442/3487/2489
f 3444/3489/2491 3456/3501/2503 3455/3500/2502 3443/3488/2490
f 3445/3490/2492 3457/3502/2504 3456/3501/2503 3444/3489/2491
f 3446/3491/2493 3458/3503/2505 3457/3502/2504 3445/3490/2492
f 3447/3492/2494 3459/3504/2506 3458/3503/2505 3446/3491/2493
f 3448/3493/2495 3460/3505/2507 3459/3504/2506 3447/3492/2494
f 3449/3494/2496 3461/3506/2508 3460/3505/2507 3448/3493/2495
f 3450/3495/2497 3462/3507/2509 3461/3506/2508 3449/3494/2496
f 3452/3496/2498 3464/3508/2510 3463/3509/2511 3451/3497/2499
f 3453/3498/2500 3465/3510/2512 3464/3508/2510 3452/3496/2498
f 3454/3499/2501 3466/3511/2513 3465/3510/2512 3453/3498/2500
f 3455/3500/2502 3467/3512/2514 3466/3511/2513 3454/3499/2501
f 3456/3501/2503 3468/3513/2515 3467/3512/2514 3455/3500/2502
f 3457/3502/2504 3469/3514/2516 3468/3513/2515 3456/3501/2503
f 3458/3503/2505 3470/3515/2517 3469/3514/2516 3457/3502/2504
f 3459/3504/2506 3471/3516/2518 3470/3515/2517 3458/3503/2505
f 3460/3505/2507 3472/3517/2519 3471/3516/2518 3459/3504/2506
f 3461/3506/2508 3473/3518/2520 3472/3517/2519 3460/3505/2507
f 3462/3507/2509 3474/3519/2521 3473/3518/2520 3461/3506/2508
f 3464/3508/2510 3476/3520/2522 3475/3521/2523 3463/3509/2511
f 3465/3510/2512 3477/3522/2524 3476/3520/2522 3464/3508/2510
f 3466/3511/2513 3478/3523/2525 3477/3522/2524 3465/3510/2512
f 3467/3512/2514 3479/3524/2526 3478/3523/2525 3466/3511/2513
f 3468/3513/2515 3480/3525/2527 3479/3524/2526 3467/3512/2514
f 3469/3514/2516 3481/3526/2528 3480/3525/2527 3468/3513/2515
f 3470/3515/2517 3482/3527/2529 3481/3526/2528 3469/3514/2516
f 3471/3516/2518 3483/3528/2530 3482/3527/2529 3470/3515/2517
f 3472/3517/2519 3484/3529/2531 3483/3528/2530 3471/3516/2518
f 3473/3518/2520 3485/3530/2532 3484/3529/2531 3472/3517/2519
f 3474/3519/2521 3486/3531/2533 3485/3530/2532 3473/3518/2520
f 3476/3520/2522 3488/3532/2534 3487/3533/2535 3475/3521/2523
f 3477/3522/2524 3489/3534/2536 3488/3532/2534 3476/3520/2522
f 3478/3523/2525 3490/3535/2537 3489/3534/2536 3477/3522/2524
f 3479/3524/2526 3491/3536/2538 3490/3535/2537 3478/3523/2525
f 3480/3525/2527 3492/3537/2539 3491/3536/2538 3479/3524/2526
f 3481/3526/2528 3493/3538/2540 3492/3537/2539 3480/3525/2527
f 3482/3527/2529 3494/3539/2541 3493/3538/2540 3481/3526/2528
f 3483/3528/2530 3495/3540/2542 3494/3539/2541 3482/3527/2529
f 3484/3529/2531 3496/3541/2543 3495/3540/2542 3483/3528/2530
f 3485/3530/2532 3497/3542/2544 3496/3541/2543 3484/3529/2531
f 3486/3531/2533 3498/3543/2545 3497/3542/2544 3485/3530/2532
f 3488/3532/2534 3500/3544/2546 3499/3545/2547 3487/3533/2535
f 3489/3534/2536 3501/3546/2548 3500/3544/2546 3488/3532/2534
f 3490/3535/2537 3502/3547/2549 3501/3546/2548 3489/3534/2536
f 3491/3536/2538 3503/3548/2550 3502/3547/2549 3490/3535/2537
f 3492/3537/2539 3504/3549/2551 3503/3548/2550 3491/3536/2538
f 3493/3538/2540 3505/3550/2552 3504/3549/2551 3492/3537/2539
f 3494/3539/2541 3506/3551/2553 3505/3550/2552 3493/3538/2540
f 3495/3540/2542 3507/3552/2554 3506/3551/2553 3494/3539/2541
f 3496/3541/2543 3508/3553/2555 3507/3552/2554 3495/3540/2542
f 3497/3542/2544 3509/3554/2556 3508/3553/2555 3496/3541/2543
f 3498/3543/2545 3510/3555/2557 3509/3554/2556 3497/3542/2544
f 3500/3544/2546 3512/3556/1338 3511/3557/1339 3499/3545/2547
f 3501/3546/2548 3513/3558/1340 3512/3556/1338 3500/3544/2546
f 3502/3547/2549 3514/3559/1341 3513/3558/1340 3501/3546/2548
f 3503/3548/2550 3515/3560/1342 3514/3559/1341 3502/3547/2549
f 3504/3549/2551 3516/3561/1343 3515/3560/1342 3503/3548/2550
f 3505/3550/2552 3517/3562/1344 3516/3561/1343 3504/3549/2551
f 3506/3551/2553 3518/3563/1345 3517/3562/1344 3505/3550/2552
f 3507/3552/2554 3519/3564/1346 3518/3563/1345 3506/3551/2553
f 3508/3553/2555 3520/3565/1347 3519/3564/1346 3507/3552/2554
f 3509/3554/2556 3521/3566/1348 3520/3565/1347 3508/3553/2555
f 3510/3555/2557 3522/3567/1349 3521/3566/1348 3509/3554/2556
f 3512/3556/1338 3524/3568/1962 3523/3569/1663 3511/3557/1339
f 3513/3558/1340 3525/3570/1963 3524/3568/1962 3512/3556/1338
f 3514/3559/1341 3526/3571/1964 3525/3570/1963 3513/3558/1340
f 3515/3560/1342 3527/3572/1965 3526/3571/1964 3514/3559/1341
f 3516/3561/1343 3528/3573/1966 3527/3572/1965 3515/3560/1342
f 3517/3562/1344 3529/3574/1967 3528/3573/1966 3516/3561/1343
f 3518/3563/1345 3530/3575/1968 3529/3574/1967 3517/3562/1344
f 3519/3564/1346 3531/3576/1969 3530/3575/1968 3518/3563/1345
f 3520/3565/1347 3532/3577/1970 3531/3576/1969 3519/3564/1346
f 3521/3566/1348 3533/3578/1971 3532/3577/1970 3520/3565/1347
f 3522/3567/1349 3534/3579/1673 3533/3578/1971 3521/3566/1348
f 3524/3568/1962 3536/3580/2558 3535/3581/2559 3523/3569/1663
f 3525/3570/1963 3537/3582/2560 3536/3580/2558 3524/3568/1962
f 3526/3571/1964 3538/3583/2561 3537/3582/2560 3525/3570/1963
f 3527/3572/1965 3539/3584/2562 3538/3583/2561 3526/3571/1964
f 3528/3573/1966 3540/3585/2563 3539/3584/2562 3527/3572/1965
f 3529/3574/1967 3541/3586/2564 3540/3585/2563 3528/3573/1966
f 3530/3575/1968 3542/3587/2565 3541/3586/2564 3529/3574/1967
f 3531/3576/1969 3543/3588/2566 3542/3587/2565 3530/3575/1968
f 3532/3577/1970 3544/3589/2567 3543/3588/2566 3531/3576/1969
f 3533/3578/1971 3545/3590/2568 3544/3589/2567 3532/3577/1970
f 3534/3579/1673 3546/3591/2569 3545/3590/2568 3533/3578/1971
f 3536/3580/2558 2612/2372/1674 2611/1299/1677 3535/3581/2559
f 3537/3582/2560 2613/2373/1678 2612/2372/1674 3536/3580/2558
f 3538/3583/2561 2614/2374/1680 2613/2373/1678 3537/3582/2560
f 3539/3584/2562 2615/2375/1682 2614/2374/1680 3538/3583/2561
f 3540/3585/2563 2616/2376/1684 2615/2375/1682 3539/3584/2562
f 3541/3586/2564 2617/2377/1686 2616/2376/1684 3540/3585/2563
f 3542/3587/2565 2618/2378/1688 2617/2377/1686 3541/3586/2564
f 3543/3588/2566 2619/2379/1690 2618/2378/1688 3542/3587/2565
f 3544/3589/2567 2620/2380/1692 2619/2379/1690 3543/3588/2566
f 3545/3590/2568 2621/2381/1694 2620/2380/1692 3544/3589/2567
f 3546/3591/2569 2622/2382/1696 2621/2381/1694 3545/3590/2568
f 3548/1569/2570 3560/3592/2571 3559/3593/2572 3547/1301/2573
f 3549/1572/2574 3561/3594/2575 3560/3592/2571 3548/1569/2570
f 3550/1574/2576 3562/3595/2577 3561/3594/2575 3549/1572/2574
f 3551/1576/2578 3563/3596/2579 3562/3595/2577 3550/1574/2576
f 3552/1578/2580 3564/3597/2581 3563/3596/2579 3551/1576/2578
f 3553/1580/2582 3565/3598/2583 3564/3597/2581 3552/1578/2580
f 3554/1582/2584 3566/3599/2585 3565/3598/2583 3553/1580/2582
f 3555/1584/2586 3567/3600/2587 3566/3599/2585 3554/1582/2584
f 3556/1586/2588 3568/3601/2589 3567/3600/2587 3555/1584/2586
f 3557/1588/2590 3569/3602/2591 3568/3601/2589 3556/1586/2588
f 3558/1590/2592 3570/3603/2593 3569/3602/2591 3557/1588/2590
f 3560/3592/2571 3572/2717/2594 3571/2718/2595 3559/3593/2572
f 3561/3594/2575 3573/2719/2596 3572/2717/2594 3560/3592/2571
f 3562/3595/2577 3574/2720/2597 3573/2719/2596 3561/3594/2575
f 3563/3596/2579 3575/2721/2598 3574/2720/2597 3562/3595/2577
f 3564/3597/2581 3576/2722/2599 3575/2721/2598 3563/3596/2579
f 3565/3598/2583 3577/2723/2600 3576/2722/2599 3564/3597/2581
f 3566/3599/2585 3578/2724/2601 3577/2723/2600 3565/3598/2583
f 3567/3600/2587 3579/2725/2602 3578/2724/2601 3566/3599/2585
f 3568/3601/2589 3580/2726/2603 3579/2725/2602 3567/3600/2587
f 3569/3602/2591 3581/2727/2604 3580/2726/2603 3568/3601/2589
f 3570/3603/2593 3582/2728/2605 3581/2727/2604 3569/3602/2591
f 3572/2717/2594 3584/3604/2606 3583/3605/2607 3571/2718/2595
f 3573/2719/2596 3585/3606/2608 3584/3604/2606 3572/2717/2594
f 3574/2720/2597 3586/3607/2609 3585/3606/2608 3573/2719/2596
f 3575/2721/2598 3587/3608/2610 3586/3607/2609 3574/2720/2597
f 3576/2722/2599 3588/3609/2611 3587/3608/2610 3575/2721/2598
f 3577/2723/2600 3589/3610/2612 3588/3609/2611 3576/2722/2599
f 3578/2724/2601 3590/3611/2613 3589/3610/2612 3577/2723/2600
f 3579/2725/2602 3591/3612/2614 3590/3611/2613 3578/2724/2601
f 3580/2726/2603 3592/3613/2615 3591/3612/2614 3579/2725/2602
f 3581/2727/2604 3593/3614/2616 3592/3613/2615 3580/2726/2603
f 3582/2728/2605 3594/3615/2617 3593/3614/2616 3581/2727/2604
f 3584/3604/2606 3596/2753/2618 3595/2754/2619 3583/3605/2607
f 3585/3606/2608 3597/2755/2620 3596/2753/2618 3584/3604/2606
f 3586/3607/2609 3598/2756/2621 3597/2755/2620 3585/3606/2608
f 3587/3608/2610 3599/2757/2622 3598/2756/2621 3586/3607/2609
f 3588/3609/2611 3600/2758/2623 3599/2757/2622 3587/3608/2610
f 3589/3610/2612 3601/2759/2624 3600/2758/2623 3588/3609/2611
f 3590/3611/2613 3602/2760/2625 3601/2759/2624 3589/3610/2612
f 3591/3612/2614 3603/2761/2626 3602/2760/2625 3590/3611/2613
f 3592/3613/2615 3604/2762/2627 3603/2761/2626 3591/3612/2614
f 3593/3614/2616 3605/2763/2628 3604/2762/2627 3592/3613/2615
f 3594/3615/2617 3606/2764/2629 3605/2763/2628 3593/3614/2616
f 3596/2753/2618 3608/3616/2630 3607/3617/2631 3595/2754/2619
f 3597/2755/2620 3609/3618/2632 3608/3616/2630 3596/2753/2618
f 3598/2756/2621 3610/3619/2633 3609/3618/2632 3597/2755/2620
f 3599/2757/2622 3611/3620/2634 3610/3619/2633 3598/2756/2621
f 3600/2758/2623 3612/3621/2635 3611/3620/2634 3599/2757/2622
f 3601/2759/2624 3613/3622/2636 3612/3621/2635 3600/2758/2623
f 3602/2760/2625 3614/3623/2637 3613/3622/2636 3601/2759/2624
f 3603/2761/2626 3615/3624/2638 3614/3623/2637 3602/2760/2625
f 3604/2762/2627 3616/3625/2639 3615/3624/2638 3603/2761/2626
f 3605/2763/2628 3617/3626/2640 3616/3625/2639 3604/2762/2627
f 3606/2764/2629 3618/3627/2641 3617/3626/2640 3605/2763/2628
f 3608/3616/2630 3620/2789/2642 3619/2790/2643 3607/3617/2631
f 3609/3618/2632 3621/2791/2644 3620/2789/2642 3608/3616/2630
f 3610/3619/2633 3622/2792/2645 3621/2791/2644 3609/3618/2632
f 3611/3620/2634 3623/2793/2646 3622/2792/2645 3610/3619/2633
f 3612/3621/2635 3624/2794/2647 3623/2793/2646 3611/3620/2634
f 3613/3622/2636 3625/2795/2648 3624/2794/2647 3612/3621/2635
f 3614/3623/2637 3626/2796/2649 3625/2795/2648 3613/3622/2636
f 3615/3624/2638 3627/2797/2650 3626/2796/2649 3614/3623/2637
f 3616/3625/2639 3628/2798/2651 3627/2797/2650 3615/3624/2638
f 3617/3626/2640 3629/2799/2652 3628/2798/2651 3616/3625/2639
f 3618/3627/2641 3630/2800/2653 3629/2799/2652 3617/3626/2640
f 3620/2789/2642 3632/3628/2654 3631/3629/2655 3619/2790/2643
f 3621/2791/2644 3633/3630/2656 3632/3628/2654 3620/2789/2642
f 3622/2792/2645 3634/3631/2657 3633/3630/2656 3621/2791/2644
f 3623/2793/2646 3635/3632/2658 3634/3631/2657 3622/2792/2645
f 3624/2794/2647 3636/3633/2659 3635/3632/2658 3623/2793/2646
f 3625/2795/2648 3637/3634/2660 3636/3633/2659 3624/2794/2647
f 3626/2796/2649 3638/3635/2661 3637/3634/2660 3625/2795/2648
f 3627/2797/2650 3639/3636/2662 3638/3635/2661 3626/2796/2649
f 3628/2798/2651 3640/3637/2663 3639/3636/2662 3627/2797/2650
f 3629/2799/2652 3641/3638/2664 3640/3637/2663 3628/2798/2651
f 3630/2800/2653 3642/3639/2665 3641/3638/2664 3629/2799/2652
f 3632/3628/2654 3644/2825/2666 3643/2826/2667 3631/3629/2655
f 3633/3630/2656 3645/2827/2668 3644/2825/2666 3632/3628/2654
f 3634/3631/2657 3646/2828/2669 3645/2827/2668 3633/3630/2656
f 3635/3632/2658 3647/2829/2670 3646/2828/2669 3634/3631/2657
f 3636/3633/2659 3648/2830/2671 3647/2829/2670 3635/3632/2658
f 3637/3634/2660 3649/2831/2672 3648/2830/2671 3636/3633/2659
f 3638/3635/2661 3650/2832/2673 3649/2831/2672 3637/3634/2660
f 3639/3636/2662 3651/2833/2674 3650/2832/2673 3638/3635/2661
f 3640/3637/2663 3652/2834/2675 3651/2833/2674 3639/3636/2662
f 3641/3638/2664 3653/2835/2676 3652/2834/2675 3640/3637/2663
f 3642/3639/2665 3654/2836/2677 3653/2835/2676 3641/3638/2664
f 3644/2825/2666 3656/3640/2678 3655/3641/2679 3643/2826/2667
f 3645/2827/2668 3657/3642/2680 3656/3640/2678 3644/2825/2666
f 3646/2828/2669 3658/3643/2681 3657/3642/2680 3645/2827/2668
f 3647/2829/2670 3659/3644/2682 3658/3643/2681 3646/2828/2669
f 3648/2830/2671 3660/3645/2683 3659/3644/2682 3647/2829/2670
f 3649/2831/2672 3661/3646/2684 3660/3645/2683 3648/2830/2671
f 3650/2832/2673 3662/3647/2685 3661/3646/2684 3649/2831/2672
f 3651/2833/2674 3663/3648/2686 3662/3647/2685 3650/2832/2673
f 3652/2834/2675 3664/3649/2687 3663/3648/2686 3651/2833/2674
f 3653/2835/2676 3665/3650/2688 3664/3649/2687 3652/2834/2675
f 3654/2836/2677 3666/3651/2689 3665/3650/2688 3653/2835/2676
f 3656/3640/2678 3668/2861/2690 3667/2862/2691 3655/3641/2679
f 3657/3642/2680 3669/2863/2692 3668/2861/2690 3656/3640/2678
f 3658/3643/2681 3670/2864/2693 3669/2863/2692 3657/3642/2680
f 3659/3644/2682 3671/2865/2694 3670/2864/2693 3658/3643/2681
f 3660/3645/2683 3672/2866/2695 3671/2865/2694 3659/3644/2682
f 3661/3646/2684 3673/2867/2696 3672/2866/2695 3660/3645/2683
f 3662/3647/2685 3674/2868/2697 3673/2867/2696 3661/3646/2684
f 3663/3648/2686 3675/2869/2698 3674/2868/2697 3662/3647/2685
f 3664/3649/2687 3676/2870/2699 3675/2869/2698 3663/3648/2686
f 3665/3650/2688 3677/2871/2700 3676/2870/2699 3664/3649/2687
f 3666/3651/2689 3678/2872/2701 3677/2871/2700 3665/3650/2688
f 3668/2861/2690 3680/3652/2702 3679/3653/2703 3667/2862/2691
f 3669/2863/2692 3681/3654/2704 3680/3652/2702 3668/2861/2690
f 3670/2864/2693 3682/3655/2705 3681/3654/2704 3669/2863/2692
f 3671/2865/2694 3683/3656/2706 3682/3655/2705 3670/2864/2693
f 3672/2866/2695 3684/3657/2707 3683/3656/2706 3671/2865/2694
f 3673/2867/2696 3685/3658/2708 3684/3657/2707 3672/2866/2695
f 3674/2868/2697 3686/3659/2709 3685/3658/2708 3673/2867/2696
f 3675/2869/2698 3687/3660/2710 3686/3659/2709 3674/2868/2697
f 3676/2870/2699 3688/3661/2711 3687/3660/2710 3675/2869/2698
f 3677/2871/2700 3689/3662/2712 3688/3661/2711 3676/2870/2699
f 3678/2872/2701 3690/3663/2713 3689/3662/2712 3677/2871/2700
f 3680/3652/2702 3692/2897/2714 3691/2898/2715 3679/3653/2703
f 3681/3654/2704 3693/2899/2716 3692/2897/2714 3680/3652/2702
f 3682/3655/2705 3694/2900/2717 3693/2899/2716 3681/3654/2704
f 3683/3656/2706 3695/2901/2718 3694/2900/2717 3682/3655/2705
f 3684/3657/2707 3696/2902/2719 3695/2901/2718 3683/3656/2706
f 3685/3658/2708 3697/2903/2720 3696/2902/2719 3684/3657/2707
f 3686/3659/2709 3698/2904/2721 3697/2903/2720 3685/3658/2708
f 3687/3660/2710 3699/2905/2722 3698/2904/2721 3686/3659/2709
f 3688/3661/2711 3700/2906/2723 3699/2905/2722 3687/3660/2710
f 3689/3662/2712 3701/2907/2724 3700/2906/2723 3688/3661/2711
f 3690/3663/2713 3702/2908/2725 3701/2907/2724 3689/3662/2712
f 3692/2897/2714 3704/3664/2726 3703/1303/2727 3691/2898/2715
f 3693/2899/2716 3705/3665/2728 3704/3664/2726 3692/2897/2714
f 3694/2900/2717 3706/3666/2729 3705/3665/2728 3693/2899/2716
f 3695/2901/2718 3707/3667/2730 3706/3666/2729 3694/2900/2717
f 3696/2902/2719 3708/3668/2731 3707/3667/2730 3695/2901/2718
f 3697/2903/2720 3709/3669/2732 3708/3668/2731 3696/2902/2719
f 3698/2904/2721 3710/3670/2733 3709/3669/2732 3697/2903/2720
f 3699/2905/2722 3711/3671/2734 3710/3670/2733 3698/2904/2721
f 3700/2906/2723 3712/3672/2735 3711/3671/2734 3699/2905/2722
f 3701/2907/2724 3713/3673/2736 3712/3672/2735 3700/2906/2723
f 3702/2908/2725 3714/3674/2737 3713/3673/2736 3701/2907/2724
f 3704/3664/2726 3716/2933/2738 3715/2934/2739 3703/1303/2727
f 3705/3665/2728 3717/2935/2740 3716/2933/2738 3704/3664/2726
f 3706/3666/2729 3718/2936/2741 3717/2935/2740 3705/3665/2728
f 3707/3667/2730 3719/2937/2742 3718/2936/2741 3706/3666/2729
f 3708/3668/2731 3720/2938/2743 3719/2937/2742 3707/3667/2730
f 3709/3669/2732 3721/2939/2744 3720/2938/2743 3708/3668/2731
f 3710/3670/2733 3722/2940/2745 3721/2939/2744 3709/3669/2732
f 3711/3671/2734 3723/2941/2746 3722/2940/2745 3710/3670/2733
f 3712/3672/2735 3724/2942/2747 3723/2941/2746 3711/3671/2734
f 3713/3673/2736 3725/2943/2748 3724/2942/2747 3712/3672/2735
f 3714/3674/2737 3726/2944/2749 3725/2943/2748 3713/3673/2736
f 3716/2933/2738 3728/3675/2750 3727/3676/2751 3715/2934/2739
f 3717/2935/2740 3729/3677/2752 3728/3675/2750 3716/2933/2738
f 3718/2936/2741 3730/3678/2753 3729/3677/2752 3717/2935/2740
f 3719/2937/2742 3731/3679/2754 3730/3678/2753 3718/2936/2741
f 3720/2938/2743 3732/3680/2755 3731/3679/2754 3719/2937/2742
f 3721/2939/2744 3733/3681/2756 3732/3680/2755 3720/2938/2743
f 3722/2940/2745 3734/3682/2757 3733/3681/2756 3721/2939/2744
f 3723/2941/2746 3735/3683/2758 3734/3682/2757 3722/2940/2745
f 3724/2942/2747 3736/3684/2759 3735/3683/2758 3723/2941/2746
f 3725/2943/2748 3737/3685/2760 3736/3684/2759 3724/2942/2747
f 3726/2944/2749 3738/3686/2761 3737/3685/2760 3725/2943/2748
f 3728/3675/2750 3740/2969/2762 3739/2970/2763 3727/3676/2751
f 3729/3677/2752 3741/2971/2764 3740/2969/2762 3728/3675/2750
f 3730/3678/2753 3742/2972/2765 3741/2971/2764 3729/3677/2752
f 3731/3679/2754 3743/2973/2766 3742/2972/2765 3730/3678/2753
f 3732/3680/2755 3744/2974/2767 3743/2973/2766 3731/3679/2754
f 3733/3681/2756 3745/2975/2768 3744/2974/2767 3732/3680/2755
f 3734/3682/2757 3746/2976/2769 3745/2975/2768 3733/3681/2756
f 3735/3683/2758 3747/2977/2770 3746/2976/2769 3734/3682/2757
f 3736/3684/2759 3748/2978/2771 3747/2977/2770 3735/3683/2758
f 3737/3685/2760 3749/2979/2772 3748/2978/2771 3736/3684/2759
f 3738/3686/2761 3750/2980/2773 3749/2979/2772 3737/3685/2760
f 3740/2969/2762 3752/3687/2774 3751/3688/2775 3739/2970/2763
f 3741/2971/2764 3753/3689/2776 3752/3687/2774 3740/2969/2762
f 3742/2972/2765 3754/3690/2777 3753/3689/2776 3741/2971/2764
f 3743/2973/2766 3755/3691/2778 3754/3690/2777 3742/2972/2765
f 3744/2974/2767 3756/3692/2779 3755/3691/2778 3743/2973/2766
f 3745/2975/2768 3757/3693/2780 3756/3692/2779 3744/2974/2767
f 3746/2976/2769 3758/3694/2781 3757/3693/2780 3745/2975/2768
f 3747/2977/2770 3759/3695/2782 3758/3694/2781 3746/2976/2769
f 3748/2978/2771 3760/3696/2783 3759/3695/2782 3747/2977/2770
f 3749/2979/2772 3761/3697/2784 3760/3696/2783 3748/2978/2771
f 3750/2980/2773 3762/3698/2785 3761/3697/2784 3749/2979/2772
f 3752/3687/2774 3764/2993/2786 3763/2994/2787 3751/3688/2775
f 3753/3689/2776 3765/2995/2788 3764/2993/2786 3752/3687/2774
f 3754/3690/2777 3766/2996/2789 3765/2995/2788 3753/3689/2776
f 3755/3691/2778 3767/2997/2790 3766/2996/2789 3754/3690/2777
f 3756/3692/2779 3768/2998/2791 3767/2997/2790 3755/3691/2778
f 3757/3693/2780 3769/2999/2792 3768/2998/2791 3756/3692/2779
f 3758/3694/2781 3770/3000/2793 3769/2999/2792 3757/3693/2780
f 3759/3695/2782 3771/3001/2794 3770/3000/2793 3758/3694/2781
f 3760/3696/2783 3772/3002/2795 3771/3001/2794 3759/3695/2782
f 3761/3697/2784 3773/3003/2796 3772/3002/2795 3760/3696/2783
f 3762/3698/2785 3774/3004/2797 3773/3003/2796 3761/3697/2784
f 3764/2993/2786 3776/3699/2798 3775/3700/2799 3763/2994/2787
f 3765/2995/2788 3777/3701/2800 3776/3699/2798 3764/2993/2786
f 3766/2996/2789 3778/3702/2801 3777/3701/2800 3765/2995/2788
f 3767/2997/2790 3779/3703/2802 3778/3702/2801 3766/2996/2789
f 3768/2998/2791 3780/3704/2803 3779/3703/2802 3767/2997/2790
f 3769/2999/2792 3781/3705/2804 3780/3704/2803 3768/2998/2791
f 3770/3000/2793 3782/3706/2805 3781/3705/2804 3769/2999/2792
f 3771/3001/2794 3783/3707/2806 3782/3706/2805 3770/3000/2793
f 3772/3002/2795 3784/3708/2807 3783/3707/2806 3771/3001/2794
f 3773/3003/2796 3785/3709/2808 3784/3708/2807 3772/3002/2795
f 3774/3004/2797 3786/3710/2809 3785/3709/2808 3773/3003/2796
f 3776/3699/2798 3788/3029/2810 3787/3030/2811 3775/3700/2799
f 3777/3701/2800 3789/3031/2812 3788/3029/2810 3776/3699/2798
f 3778/3702/2801 3790/3032/2813 3789/3031/2812 3777/3701/2800
f 3779/3703/2802 3791/3033/2814 3790/3032/2813 3778/3702/2801
f 3780/3704/2803 3792/3034/2815 3791/3033/2814 3779/3703/2802
f 3781/3705/2804 3793/3035/2816 3792/3034/2815 3780/3704/2803
f 3782/3706/2805 3794/3036/2817 3793/3035/2816 3781/3705/2804
f 3783/3707/2806 3795/3037/2818 3794/3036/2817 3782/3706/2805
f 3784/3708/2807 3796/3038/2819 3795/3037/2818 3783/3707/2806
f 3785/3709/2808 3797/3039/2820 3796/3038/2819 3784/3708/2807
f 3786/3710/2809 3798/3040/2821 3797/3039/2820 3785/3709/2808
f 3788/3029/2810 3800/3711/2822 3799/3712/2823 3787/3030/2811
f 3789/3031/2812 3801/3713/2824 3800/3711/2822 3788/3029/2810
f 3790/3032/2813 3802/3714/2825 3801/3713/2824 3789/3031/2812
f 3791/3033/2814 3803/3715/2826 3802/3714/2825 3790/3032/2813
f 3792/3034/2815 3804/3716/2827 3803/3715/2826 3791/3033/2814
f 3793/3035/2816 3805/3717/2828 3804/3716/2827 3792/3034/2815
f 3794/3036/2817 3806/3718/2829 3805/3717/2828 3793/3035/2816
f 3795/3037/2818 3807/3719/2830 3806/3718/2829 3794/3036/2817
f 3796/3038/2819 3808/3720/2831 3807/3719/2830 3795/3037/2818
f 3797/3039/2820 3809/3721/2832 3808/3720/2831 3796/3038/2819
f 3798/3040/2821 3810/3722/2833 3809/3721/2832 3797/3039/2820
f 3800/3711/2822 3812/3065/2834 3811/3066/2835 3799/3712/2823
f 3801/3713/2824 3813/3067/2836 3812/3065/2834 3800/3711/2822
f 3802/3714/2825 3814/3068/2837 3813/3067/2836 3801/3713/2824
f 3803/3715/2826 3815/3069/2838 3814/3068/2837 3802/3714/2825
f 3804/3716/2827 3816/3070/2839 3815/3069/2838 3803/3715/2826
f 3805/3717/2828 3817/3071/2840 3816/3070/2839 3804/3716/2827
f 3806/3718/2829 3818/3072/2841 3817/3071/2840 3805/3717/2828
f 3807/3719/2830 3819/3073/2842 3818/3072/2841 3806/3718/2829
f 3808/3720/2831 3820/3074/2843 3819/3073/2842 3807/3719/2830
f 3809/3721/2832 3821/3075/2844 3820/3074/2843 3808/3720/2831
f 3810/3722/2833 3822/3076/2845 3821/3075/2844 3809/3721/2832
f 3812/3065/2834 3824/3723/2846 3823/3724/2847 3811/3066/2835
f 3813/3067/2836 3825/3725/2848 3824/3723/2846 3812/3065/2834
f 3814/3068/2837 3826/3726/2849 3825/3725/2848 3813/3067/2836
f 3815/3069/2838 3827/3727/2850 3826/3726/2849 3814/3068/2837
f 3816/3070/2839 3828/3728/2851 3827/3727/2850 3815/3069/2838
f 3817/3071/2840 3829/3729/2852 3828/3728/2851 3816/3070/2839
f 3818/3072/2841 3830/3730/2853 3829/3729/2852 3817/3071/2840
f 3819/3073/2842 3831/3731/2854 3830/3730/2853 3818/3072/2841
f 3820/3074/2843 3832/3732/2855 3831/3731/2854 3819/3073/2842
f 3821/3075/2844 3833/3733/2856 3832/3732/2855 3820/3074/2843
f 3822/3076/2845 3834/3734/2857 3833/3733/2856 3821/3075/2844
f 3824/3723/2846 3836/3101/2858 3835/3102/2859 3823/3724/2847
f 3825/3725/2848 3837/3103/2860 3836/3101/2858 3824/3723/2846
f 3826/3726/2849 3838/3104/2861 3837/3103/2860 3825/3725/2848
f 3827/3727/2850 3839/3105/2862 3838/3104/2861 3826/3726/2849
f 3828/3728/2851 3840/3106/2863 3839/3105/2862 3827/3727/2850
f 3829/3729/2852 3841/3107/2864 3840/3106/2863 3828/3728/2851
f 3830/3730/2853 3842/3108/2865 3841/3107/2864 3829/3729/2852
f 3831/3731/2854 3843/3109/2866 3842/3108/2865 3830/3730/2853
f 3832/3732/2855 3844/3110/2867 3843/3109/2866 3831/3731/2854
f 3833/3733/2856 3845/3111/2868 3844/3110/2867 3832/3732/2855
f 3834/3734/2857 3846/3112/2859 3845/3111/2868 3833/3733/2856
f 3836/3101/2858 3848/3735/2869 3847/3736/2870 3835/3102/2859
f 3837/3103/2860 3849/3737/2871 3848/3735/2869 3836/3101/2858
f 3838/3104/2861 3850/3738/2872 3849/3737/2871 3837/3103/2860
f 3839/3105/2862 3851/3739/2873 3850/3738/2872 3838/3104/2861
f 3840/3106/2863 3852/3740/2874 3851/3739/2873 3839/3105/2862
f 3841/3107/2864 3853/3741/2875 3852/3740/2874 3840/3106/2863
f 3842/3108/2865 3854/3742/2876 3853/3741/2875 3841/3107/2864
f 3843/3109/2866 3855/3743/2877 3854/3742/2876 3842/3108/2865
f 3844/3110/2867 3856/3744/2878 3855/3743/2877 3843/3109/2866
f 3845/3111/2868 3857/3745/2879 3856/3744/2878 3844/3110/2867
f 3846/3112/2859 3858/3746/2870 3857/3745/2879 3845/3111/2868
f 3848/3735/2869 3860/3137/2880 3859/1298/2881 3847/3736/2870
f 3849/3737/2871 3861/3138/2882 3860/3137/2880 3848/3735/2869
f 3850/3738/2872 3862/3139/2883 3861/3138/2882 3849/3737/2871
f 3851/3739/2873 3863/3140/2884 3862/3139/2883 3850/3738/2872
f 3852/3740/2874 3864/3141/2885 3863/3140/2884 3851/3739/2873
f 3853/3741/2875 3865/3142/2886 3864/3141/2885 3852/3740/2874
f 3854/3742/2876 3866/3143/2887 3865/3142/2886 3853/3741/2875
f 3855/3743/2877 3867/3144/2888 3866/3143/2887 3854/3742/2876
f 3856/3744/2878 3868/3145/2889 3867/3144/2888 3855/3743/2877
f 3857/3745/2879 3869/3146/2890 3868/3145/2889 3856/3744/2878
f 3858/3746/2870 3870/3147/2891 3869/3146/2890 3857/3745/2879
f 3860/3137/2880 3872/3747/2892 3871/3748/2893 3859/1298/2881
f 3861/3138/2882 3873/3749/2894 3872/3747/2892 3860/3137/2880
f 3862/3139/2883 3874/3750/2895 3873/3749/2894 3861/3138/2882
f 3863/3140/2884 3875/3751/2896 3874/3750/2895 3862/3139/2883
f 3864/3141/2885 3876/3752/2897 3875/3751/2896 3863/3140/2884
f 3865/3142/2886 3877/3753/2898 3876/3752/2897 3864/3141/2885
f 3866/3143/2887 3878/3754/2899 3877/3753/2898 3865/3142/2886
f 3867/3144/2888 3879/3755/2900 3878/3754/2899 3866/3143/2887
f 3868/3145/2889 3880/3756/2901 3879/3755/2900 3867/3144/2888
f 3869/3146/2890 3881/3757/2902 3880/3756/2901 3868/3145/2889
f 3870/3147/2891 3882/3758/2903 3881/3757/2902 3869/3146/2890
f 3872/3747/2892 3884/3172/2904 3883/3173/2905 3871/3748/2893
f 3873/3749/2894 3885/3174/2906 3884/3172/2904 3872/3747/2892
f 3874/3750/2895 3886/3175/2907 3885/3174/2906 3873/3749/2894
f 3875/3751/2896 3887/3176/2908 3886/3175/2907 3874/3750/2895
f 3876/3752/2897 3888/3177/2909 3887/3176/2908 3875/3751/2896
f 3877/3753/2898 3889/3178/2910 3888/3177/2909 3876/3752/2897
f 3878/3754/2899 3890/3179/2911 3889/3178/2910 3877/3753/2898
f 3879/3755/2900 3891/3180/2912 3890/3179/2911 3878/3754/2899
f 3880/3756/2901 3892/3181/2913 3891/3180/2912 3879/3755/2900
f 3881/3757/2902 3893/3182/2914 3892/3181/2913 3880/3756/2901
f 3882/3758/2903 3894/3183/2915 3893/3182/2914 3881/3757/2902
f 3884/3172/2904 3896/3759/2916 3895/3760/2917 3883/3173/2905
f 3885/3174/2906 3897/3761/2918 3896/3759/2916 3884/3172/2904
f 3886/3175/2907 3898/3762/2919 3897/3761/2918 3885/3174/2906
f 3887/3176/2908 3899/3763/2920 3898/3762/2919 3886/3175/2907
f 3888/3177/2909 3900/3764/2921 3899/3763/2920 3887/3176/2908
f 3889/3178/2910 3901/3765/2922 3900/3764/2921 3888/3177/2909
f 3890/3179/2911 3902/3766/2923 3901/3765/2922 3889/3178/2910
f 3891/3180/2912 3903/3767/2924 3902/3766/2923 3890/3179/2911
f 3892/3181/2913 3904/3768/2925 3903/3767/2924 3891/3180/2912
f 3893/3182/2914 3905/3769/2926 3904/3768/2925 3892/3181/2913
f 3894/3183/2915 3906/3770/2927 3905/3769/2926 3893/3182/2914
f 3896/3759/2916 3908/3208/2928 3907/3209/2929 3895/3760/2917
f 3897/3761/2918 3909/3210/2930 3908/3208/2928 3896/3759/2916
f 3898/3762/2919 3910/3211/2931 3909/3210/2930 3897/3761/2918
f 3899/3763/2920 3911/3212/2932 3910/3211/2931 3898/3762/2919
f 3900/3764/2921 3912/3213/2933 3911/3212/2932 3899/3763/2920
f 3901/3765/2922 3913/3214/2934 3912/3213/2933 3900/3764/2921
f 3902/3766/2923 3914/3215/2935 3913/3214/2934 3901/3765/2922
f 3903/3767/2924 3915/3216/2936 3914/3215/2935 3902/3766/2923
f 3904/3768/2925 3916/3217/2937 3915/3216/2936 3903/3767/2924
f 3905/3769/2926 3917/3218/2938 3916/3217/2937 3904/3768/2925
f 3906/3770/2927 3918/3219/2939 3917/3218/2938 3905/3769/2926
f 3908/3208/2928 3920/3771/2940 3919/3772/2941 3907/3209/2929
f 3909/3210/2930 3921/3773/2942 3920/3771/2940 3908/3208/2928
f 3910/3211/2931 3922/3774/2943 3921/3773/2942 3909/3210/2930
f 3911/3212/2932 3923/3775/2944 3922/3774/2943 3910/3211/2931
f 3912/3213/2933 3924/3776/2945 3923/3775/2944 3911/3212/2932
f 3913/3214/2934 3925/3777/2946 3924/3776/2945 3912/3213/2933
f 3914/3215/2935 3926/3778/2947 3925/3777/2946 3913/3214/2934
f 3915/3216/2936 3927/3779/2948 3926/3778/2947 3914/3215/2935
f 3916/3217/2937 3928/3780/2949 3927/3779/2948 3915/3216/2936
f 3917/3218/2938 3929/3781/2950 3928/3780/2949 3916/3217/2937
f 3918/3219/2939 3930/3782/2951 3929/3781/2950 3917/3218/2938
f 3920/3771/2940 3932/3244/2952 3931/3245/2953 3919/3772/2941
f 3921/3773/2942 3933/3246/2954 3932/3244/2952 3920/3771/2940
f 3922/3774/2943 3934/3247/2955 3933/3246/2954 3921/3773/2942
f 3923/3775/2944 3935/3248/2956 3934/3247/2955 3922/3774/2943
f 3924/3776/2945 3936/3249/2957 3935/3248/2956 3923/3775/2944
f 3925/3777/2946 3937/3250/2958 3936/3249/2957 3924/3776/2945
f 3926/3778/2947 3938/3251/2959 3937/3250/2958 3925/3777/2946
f 3927/3779/2948 3939/3252/2960 3938/3251/2959 3926/3778/2947
f 3928/3780/2949 3940/3253/2961 3939/3252/2960 3927/3779/2948
f 3929/3781/2950 3941/3254/2962 3940/3253/2961 3928/3780/2949
f 3930/3782/2951 3942/3255/2963 3941/3254/2962 3929/3781/2950
f 3932/3244/2952 3944/3783/2964 3943/3784/2965 3931/3245/2953
f 3933/3246/2954 3945/3785/2966 3944/3783/2964 3932/3244/2952
f 3934/3247/2955 3946/3786/2967 3945/3785/2966 3933/3246/2954
f 3935/3248/2956 3947/3787/2968 3946/3786/2967 3934/3247/2955
f 3936/3249/2957 3948/3788/2969 3947/3787/2968 3935/3248/2956
f 3937/3250/2958 3949/3789/2970 3948/3788/2969 3936/3249/2957
f 3938/3251/2959 3950/3790/2971 3949/3789/2970 3937/3250/2958
f 3939/3252/2960 3951/3791/2972 3950/3790/2971 3938/3251/2959
f 3940/3253/2961 3952/3792/2973 3951/3791/2972 3939/3252/2960
f 3941/3254/2962 3953/3793/2974 3952/3792/2973 3940/3253/2961
f 3942/3255/2963 3954/3794/2975 3953/3793/2974 3941/3254/2962
f 3944/3783/2964 3956/3280/2976 3955/3281/2977 3943/3784/2965
f 3945/3785/2966 3957/3282/2978 3956/3280/2976 3944/3783/2964
f 3946/3786/2967 3958/3283/2979 3957/3282/2978 3945/3785/2966
f 3947/3787/2968 3959/3284/2980 3958/3283/2979 3946/3786/2967
f 3948/3788/2969 3960/3285/2981 3959/3284/2980 3947/3787/2968
f 3949/3789/2970 3961/3286/2982 3960/3285/2981 3948/3788/2969
f 3950/3790/2971 3962/3287/2983 3961/3286/2982 3949/3789/2970
f 3951/3791/2972 3963/3288/2984 3962/3287/2983 3950/3790/2971
f 3952/3792/2973 3964/3289/2985 3963/3288/2984 3951/3791/2972
f 3953/3793/2974 3965/3290/2986 3964/3289/2985 3952/3792/2973
f 3954/3794/2975 3966/3291/2987 3965/3290/2986 3953/3793/2974
f 3956/3280/2976 3968/3795/2988 3967/3796/2989 3955/3281/2977
f 3957/3282/2978 3969/3797/2990 3968/3795/2988 3956/3280/2976
f 3958/3283/2979 3970/3798/2991 3969/3797/2990 3957/3282/2978
f 3959/3284/2980 3971/3799/2992 3970/3798/2991 3958/3283/2979
f 3960/3285/2981 3972/3800/2993 3971/3799/2992 3959/3284/2980
f 3961/3286/2982 3973/3801/2994 3972/3800/2993 3960/3285/2981
f 3962/3287/2983 3974/3802/2995 3973/3801/2994 3961/3286/2982
f 3963/3288/2984 3975/3803/2996 3974/3802/2995 3962/3287/2983
f 3964/3289/2985 3976/3804/2997 3975/3803/2996 3963/3288/2984
f 3965/3290/2986 3977/3805/2998 3976/3804/2997 3964/3289/2985
f 3966/3291/2987 3978/3806/2999 3977/3805/2998 3965/3290/2986
f 3968/3795/2988 3980/3304/3000 3979/3305/3001 3967/3796/2989
f 3969/3797/2990 3981/3306/3002 3980/3304/3000 3968/3795/2988
f 3970/3798/2991 3982/3307/3003 3981/3306/3002 3969/3797/2990
f 3971/3799/2992 3983/3308/3004 3982/3307/3003 3970/3798/2991
f 3972/3800/2993 3984/3309/3005 3983/3308/3004 3971/3799/2992
f 3973/3801/2994 3985/3310/3006 3984/3309/3005 3972/3800/2993
f 3974/3802/2995 3986/3311/3007 3985/3310/3006 3973/3801/2994
f 3975/3803/2996 3987/3312/3008 3986/3311/3007 3974/3802/2995
f 3976/3804/2997 3988/3313/3009 3987/3312/3008 3975/3803/2996
f 3977/3805/2998 3989/3314/3010 3988/3313/3009 3976/3804/2997
f 3978/3806/2999 3990/3315/3011 3989/3314/3010 3977/3805/2998
f 3980/3304/3000 3992/3807/3012 3991/3808/3013 3979/3305/3001
f 3981/3306/3002 3993/3809/3014 3992/3807/3012 3980/3304/3000
f 3982/3307/3003 3994/3810/3015 3993/3809/3014 3981/3306/3002
f 3983/3308/3004 3995/3811/3016 3994/3810/3015 3982/3307/3003
f 3984/3309/3005 3996/3812/3017 3995/3811/3016 3983/3308/3004
f 3985/3310/3006 3997/3813/3018 3996/3812/3017 3984/3309/3005
f 3986/3311/3007 3998/3814/3019 3997/3813/3018 3985/3310/3006
f 3987/3312/3008 3999/3815/3020 3998/3814/3019 3986/3311/3007
f 3988/3313/3009 4000/3816/3021 3999/3815/3020 3987/3312/3008
f 3989/3314/3010 4001/3817/3022 4000/3816/3021 3988/3313/3009
f 3990/3315/3011 4002/3818/3023 4001/3817/3022 3989/3314/3010
f 3992/3807/3012 4004/3340/3024 4003/3341/3025 3991/3808/3013
f 3993/3809/3014 4005/3342/3026 4004/3340/3024 3992/3807/3012
f 3994/3810/3015 4006/3343/3027 4005/3342/3026 3993/3809/3014
f 3995/3811/3016 4007/3344/3028 4006/3343/3027 3994/3810/3015
f 3996/3812/3017 4008/3345/3029 4007/3344/3028 3995/3811/3016
f 3997/3813/3018 4009/3346/3030 4008/3345/3029 3996/3812/3017
f 3998/3814/3019 4010/3347/3031 4009/3346/3030 3997/3813/3018
f 3999/3815/3020 4011/3348/3032 4010/3347/3031 3998/3814/3019
f 4000/3816/3021 4012/3349/3033 4011/3348/3032 3999/3815/3020
f 4001/3817/3022 4013/3350/3034 4012/3349/3033 4000/3816/3021
f 4002/3818/3023 4014/3351/3035 4013/3350/3034 4001/3817/3022
f 4004/3340/3024 4016/3819/3036 4015/1296/3037 4003/3341/3025
f 4005/3342/3026 4017/3820/3038 4016/3819/3036 4004/3340/3024
f 4006/3343/3027 4018/3821/3039 4017/3820/3038 4005/3342/3026
f 4007/3344/3028 4019/3822/3040 4018/3821/3039 4006/3343/3027
f 4008/3345/3029 4020/3823/3041 4019/3822/3040 4007/3344/3028
f 4009/3346/3030 4021/3824/3042 4020/3823/3041 4008/3345/3029
f 4010/3347/3031 4022/3825/3043 4021/3824/3042 4009/3346/3030
f 4011/3348/3032 4023/3826/3044 4022/3825/3043 4010/3347/3031
f 4012/3349/3033 4024/3827/3045 4023/3826/3044 4011/3348/3032
f 4013/3350/3034 4025/3828/3046 4024/3827/3045 4012/3349/3033
f 4014/3351/3035 4026/3829/3047 4025/3828/3046 4013/3350/3034
f 4016/3819/3036 4028/3376/3048 4027/3377/3049 4015/1296/3037
f 4017/3820/3038 4029/3378/3050 4028/3376/3048 4016/3819/3036
f 4018/3821/3039 4030/3379/3051 4029/3378/3050 4017/3820/3038
f 4019/3822/3040 4031/3380/3052 4030/3379/3051 4018/3821/3039
f 4020/3823/3041 4032/3381/3053 4031/3380/3052 4019/3822/3040
f 4021/3824/3042 4033/3382/3054 4032/3381/3053 4020/3823/3041
f 4022/3825/3043 4034/3383/3055 4033/3382/3054 4021/3824/3042
f 4023/3826/3044 4035/3384/3056 4034/3383/3055 4022/3825/3043
f 4024/3827/3045 4036/3385/3057 4035/3384/3056 4023/3826/3044
f 4025/3828/3046 4037/3386/3058 4036/3385/3057 4024/3827/3045
f 4026/3829/3047 4038/3387/3059 4037/3386/3058 4025/3828/3046
f 4028/3376/3048 4040/3830/3060 4039/3831/3061 4027/3377/3049
f 4029/3378/3050 4041/3832/3062 4040/3830/3060 4028/3376/3048
f 4030/3379/3051 4042/3833/3063 4041/3832/3062 4029/3378/3050
f 4031/3380/3052 4043/3834/3064 4042/3833/3063 4030/3379/3051
f 4032/3381/3053 4044/3835/3065 4043/3834/3064 4031/3380/3052
f 4033/3382/3054 4045/3836/3066 4044/3835/3065 4032/3381/3053
f 4034/3383/3055 4046/3837/3067 4045/3836/3066 4033/3382/3054
f 4035/3384/3056 4047/3838/3068 4046/3837/3067 4034/3383/3055
f 4036/3385/3057 4048/3839/3069 4047/3838/3068 4035/3384/3056
f 4037/3386/3058 4049/3840/3070 4048/3839/3069 4036/3385/3057
f 4038/3387/3059 4050/3841/3071 4049/3840/3070 4037/3386/3058
f 4040/3830/3060 4052/3412/3072 4051/3413/3073 4039/3831/3061
f 4041/3832/3062 4053/3414/3074 4052/3412/3072 4040/3830/3060
f 4042/3833/3063 4054/3415/3075 4053/3414/3074 4041/3832/3062
f 4043/3834/3064 4055/3416/3076 4054/3415/3075 4042/3833/3063
f 4044/3835/3065 4056/3417/3077 4055/3416/3076 4043/3834/3064
f 4045/3836/3066 4057/3418/3078 4056/3417/3077 4044/3835/3065
f 4046/3837/3067 4058/3419/3079 4057/3418/3078 4045/3836/3066
f 4047/3838/3068 4059/3420/3080 4058/3419/3079 4046/3837/3067
f 4048/3839/3069 4060/3421/3081 4059/3420/3080 4047/3838/3068
f 4049/3840/3070 4061/3422/3082 4060/3421/3081 4048/3839/3069
f 4050/3841/3071 4062/3423/3083 4061/3422/3082 4049/3840/3070
f 4052/3412/3072 4064/3842/3084 4063/3843/3085 4051/3413/3073
f 4053/3414/3074 4065/3844/3086 4064/3842/3084 4052/3412/3072
f 4054/3415/3075 4066/3845/3087 4065/3844/3086 4053/3414/3074
f 4055/3416/3076 4067/3846/3088 4066/3845/3087 4054/3415/3075
f 4056/3417/3077 4068/3847/3089 4067/3846/3088 4055/3416/3076
f 4057/3418/3078 4069/3848/3090 4068/3847/3089 4056/3417/3077
f 4058/3419/3079 4070/3849/3091 4069/3848/3090 4057/3418/3078
f 4059/3420/3080 4071/3850/3092 4070/3849/3091 4058/3419/3079
f 4060/3421/3081 4072/3851/3093 4071/3850/3092 4059/3420/3080
f 4061/3422/3082 4073/3852/3094 4072/3851/3093 4060/3421/3081
f 4062/3423/3083 4074/3853/3095 4073/3852/3094 4061/3422/3082
f 4064/3842/3084 4076/3448/3096 4075/3449/3097 4063/3843/3085
f 4065/3844/3086 4077/3450/3098 4076/3448/3096 4064/3842/3084
f 4066/3845/3087 4078/3451/3099 4077/3450/3098 4065/3844/3086
f 4067/3846/3088 4079/3452/3100 4078/3451/3099 4066/3845/3087
f 4068/3847/3089 4080/3453/3101 4079/3452/3100 4067/3846/3088
f 4069/3848/3090 4081/3454/3102 4080/3453/3101 4068/3847/3089
f 4070/3849/3091 4082/3455/3103 4081/3454/3102 4069/3848/3090
f 4071/3850/3092 4083/3456/3104 4082/3455/3103 4070/3849/3091
f 4072/3851/3093 4084/3457/3105 4083/3456/3104 4071/3850/3092
f 4073/3852/3094 4085/3458/3106 4084/3457/3105 4072/3851/3093
f 4074/3853/3095 4086/3459/3107 4085/3458/3106 4073/3852/3094
f 4076/3448/3096 4088/3854/3108 4087/3855/3109 4075/3449/3097
f 4077/3450/3098 4089/3856/3110 4088/3854/3108 4076/3448/3096
f 4078/3451/3099 4090/3857/3111 4089/3856/3110 4077/3450/3098
f 4079/3452/3100 4091/3858/3112 4090/3857/3111 4078/3451/3099
f 4080/3453/3101 4092/3859/3113 4091/3858/3112 4079/3452/3100
f 4081/3454/3102 4093/3860/3114 4092/3859/3113 4080/3453/3101
f 4082/3455/3103 4094/3861/3115 4093/3860/3114 4081/3454/3102
f 4083/3456/3104 4095/3862/3116 4094/3861/3115 4082/3455/3103
f 4084/3457/3105 4096/3863/3117 4095/3862/3116 4083/3456/3104
f 4085/3458/3106 4097/3864/3118 4096/3863/3117 4084/3457/3105
f 4086/3459/3107 4098/3865/3119 4097/3864/3118 4085/3458/3106
f 4088/3854/3108 4100/3484/3120 4099/3485/3121 4087/3855/3109
f 4089/3856/3110 4101/3486/3122 4100/3484/3120 4088/3854/3108
f 4090/3857/3111 4102/3487/3123 4101/3486/3122 4089/3856/3110
f 4091/3858/3112 4103/3488/3124 4102/3487/3123 4090/3857/3111
f 4092/3859/3113 4104/3489/3125 4103/3488/3124 4091/3858/3112
f 4093/3860/3114 4105/3490/3126 4104/3489/3125 4092/3859/3113
f 4094/3861/3115 4106/3491/3127 4105/3490/3126 4093/3860/3114
f 4095/3862/3116 4107/3492/3128 4106/3491/3127 4094/3861/3115
f 4096/3863/3117 4108/3493/3129 4107/3492/3128 4095/3862/3116
f 4097/3864/3118 4109/3494/3130 4108/3493/3129 4096/3863/3117
f 4098/3865/3119 4110/3495/3131 4109/3494/3130 4097/3864/3118
f 4100/3484/3120 4112/3866/3132 4111/3867/3133 4099/3485/3121
f 4101/3486/3122 4113/3868/3134 4112/3866/3132 4100/3484/3120
f 4102/3487/3123 4114/3869/3135 4113/3868/3134 4101/3486/3122
f 4103/3488/3124 4115/3870/3136 4114/3869/3135 4102/3487/3123
f 4104/3489/3125 4116/3871/3137 4115/3870/3136 4103/3488/3124
f 4105/3490/3126 4117/3872/3138 4116/3871/3137 4104/3489/3125
f 4106/3491/3127 4118/3873/3139 4117/3872/3138 4105/3490/3126
f 4107/3492/3128 4119/3874/3140 4118/3873/3139 4106/3491/3127
f 4108/3493/3129 4120/3875/3141 4119/3874/3140 4107/3492/3128
f 4109/3494/3130 4121/3876/3142 4120/3875/3141 4108/3493/3129
f 4110/3495/3131 4122/3877/3143 4121/3876/3142 4109/3494/3130
f 4112/3866/3132 4124/3520/3144 4123/3521/3145 4111/3867/3133
f 4113/3868/3134 4125/3522/3146 4124/3520/3144 4112/3866/3132
f 4114/3869/3135 4126/3523/3147 4125/3522/3146 4113/3868/3134
f 4115/3870/3136 4127/3524/3148 4126/3523/3147 4114/3869/3135
f 4116/3871/3137 4128/3525/3149 4127/3524/3148 4115/3870/3136
f 4117/3872/3138 4129/3526/3150 4128/3525/3149 4116/3871/3137
f 4118/3873/3139 4130/3527/3151 4129/3526/3150 4117/3872/3138
f 4119/3874/3140 4131/3528/3152 4130/3527/3151 4118/3873/3139
f 4120/3875/3141 4132/3529/3153 4131/3528/3152 4119/3874/3140
f 4121/3876/3142 4133/3530/3154 4132/3529/3153 4120/3875/3141
f 4122/3877/3143 4134/3531/3155 4133/3530/3154 4121/3876/3142
f 4124/3520/3144 4136/3878/3156 4135/3879/3157 4123/3521/3145
f 4125/3522/3146 4137/3880/3158 4136/3878/3156 4124/3520/3144
f 4126/3523/3147 4138/3881/3159 4137/3880/3158 4125/3522/3146
f 4127/3524/3148 4139/3882/3160 4138/3881/3159 4126/3523/3147
f 4128/3525/3149 4140/3883/3161 4139/3882/3160 4127/3524/3148
f 4129/3526/3150 4141/3884/3162 4140/3883/3161 4128/3525/3149
f 4130/3527/3151 4142/3885/3163 4141/3884/3162 4129/3526/3150
f 4131/3528/3152 4143/3886/3164 4142/3885/3163 4130/3527/3151
f 4132/3529/3153 4144/3887/3165 4143/3886/3164 4131/3528/3152
f 4133/3530/3154 4145/3888/3166 4144/3887/3165 4132/3529/3153
f 4134/3531/3155 4146/3889/3167 4145/3888/3166 4133/3530/3154
f 4136/3878/3156 4148/3556/1326 4147/3557/1327 4135/3879/3157
f 4137/3880/3158 4149/3558/1328 4148/3556/1326 4136/3878/3156
f 4138/3881/3159 4150/3559/1329 4149/3558/1328 4137/3880/3158
f 4139/3882/3160 4151/3560/1330 4150/3559/1329 4138/3881/3159
f 4140/3883/3161 4152/3561/1331 4151/3560/1330 4139/3882/3160
f 4141/3884/3162 4153/3562/1332 4152/3561/1331 4140/3883/3161
f 4142/3885/3163 4154/3563/1333 4153/3562/1332 4141/3884/3162
f 4143/3886/3164 4155/3564/1334 4154/3563/1333 4142/3885/3163
f 4144/3887/3165 4156/3565/1335 4155/3564/1334 4143/3886/3164
f 4145/3888/3166 4157/3566/1336 4156/3565/1335 4144/3887/3165
f 4146/3889/3167 4158/3567/1337 4157/3566/1336 4145/3888/3166
f 4148/3556/1326 4160/3890/1338 4159/3891/1339 4147/3557/1327
f 4149/3558/1328 4161/3892/1340 4160/3890/1338 4148/3556/1326
f 4150/3559/1329 4162/3893/3168 4161/3892/1340 4149/3558/1328
f 4151/3560/1330 4163/3894/1342 4162/3893/3168 4150/3559/1329
f 4152/3561/1331 4164/3895/1343 4163/3894/1342 4151/3560/1330
f 4153/3562/1332 4165/3896/1344 4164/3895/1343 4152/3561/1331
f 4154/3563/1333 4166/3897/1345 4165/3896/1344 4153/3562/1332
f 4155/3564/1334 4167/3898/1346 4166/3897/1345 4154/3563/1333
f 4156/3565/1335 4168/3899/1347 4167/3898/1346 4155/3564/1334
f 4157/3566/1336 4169/3900/1348 4168/3899/1347 4156/3565/1335
f 4158/3567/1337 4170/3901/1349 4169/3900/1348 4157/3566/1336
f 4160/3890/1338 3548/2372/2570 3547/1299/2573 4159/3891/1339
f 4161/3892/1340 3549/2373/2574 3548/2372/2570 4160/3890/1338
f 4162/3893/3168 3550/2374/2576 3549/2373/2574 4161/3892/1340
f 4163/3894/1342 3551/2375/2578 3550/2374/2576 4162/3893/3168
f 4164/3895/1343 3552/2376/2580 3551/2375/2578 4163/3894/1342
f 4165/3896/1344 3553/2377/2582 3552/2376/2580 4164/3895/1343
f 4166/3897/1345 3554/2378/2584 3553/2377/2582 4165/3896/1344
f 4167/3898/1346 3555/2379/2586 3554/2378/2584 4166/3897/1345
f 4168/3899/1347 3556/2380/2588 3555/2379/2586 4167/3898/1346
f 4169/3900/1348 3557/2381/2590 3556/2380/2588 4168/3899/1347
f 4170/3901/1349 3558/2382/2592 3557/2381/2590 4169/3900/1348
f 4172/1569/3169 4184/2383/3170 4183/2384/3171 4171/1301/3172
f 4173/1572/3173 4185/2385/3174 4184/2383/3170 4172/1569/3169
f 4174/1574/3175 4186/2386/3176 4185/2385/3174 4173/1572/3173
f 4175/1576/3177 4187/2387/3178 4186/2386/3176 4174/1574/3175
f 4176/1578/3179 4188/2388/3180 4187/2387/3178 4175/1576/3177
f 4177/1580/3181 4189/2389/3182 4188/2388/3180 4176/1578/3179
f 4178/1582/3183 4190/2390/3184 4189/2389/3182 4177/1580/3181
f 4179/1584/3185 4191/2391/3186 4190/2390/3184 4178/1582/3183
f 4180/1586/3187 4192/2392/3188 4191/2391/3186 4179/1584/3185
f 4181/1588/3189 4193/2393/3190 4192/2392/3188 4180/1586/3187
f 4182/1590/3191 4194/2394/3192 4193/2393/3190 4181/1588/3189
f 4184/2383/3170 4196/2395/3193 4195/2396/3194 4183/2384/3171
f 4185/2385/3174 4197/2397/3195 4196/2395/3193 4184/2383/3170
f 4186/2386/3176 4198/2398/3196 4197/2397/3195 4185/2385/3174
f 4187/2387/3178 4199/2399/3197 4198/2398/3196 4186/2386/3176
f 4188/2388/3180 4200/2400/3198 4199/2399/3197 4187/2387/3178
f 4189/2389/3182 4201/2401/3199 4200/2400/3198 4188/2388/3180
f 4190/2390/3184 4202/2402/3200 4201/2401/3199 4189/2389/3182
f 4191/2391/3186 4203/2403/3201 4202/2402/3200 4190/2390/3184
f 4192/2392/3188 4204/2404/3202 4203/2403/3201 4191/2391/3186
f 4193/2393/3190 4205/2405/3203 4204/2404/3202 4192/2392/3188
f 4194/2394/3192 4206/2406/3204 4205/2405/3203 4193/2393/3190
f 4196/2395/3193 4208/2407/3205 4207/2408/3206 4195/2396/3194
f 4197/2397/3195 4209/2409/3207 4208/2407/3205 4196/2395/3193
f 4198/2398/3196 4210/2410/3208 4209/2409/3207 4197/2397/3195
f 4199/2399/3197 4211/2411/3209 4210/2410/3208 4198/2398/3196
f 4200/2400/3198 4212/2412/3210 4211/2411/3209 4199/2399/3197
f 4201/2401/3199 4213/2413/3211 4212/2412/3210 4200/2400/3198
f 4202/2402/3200 4214/2414/3212 4213/2413/3211 4201/2401/3199
f 4203/2403/3201 4215/2415/3213 4214/2414/3212 4202/2402/3200
f 4204/2404/3202 4216/2416/3214 4215/2415/3213 4203/2403/3201
f 4205/2405/3203 4217/2417/3215 4216/2416/3214 4204/2404/3202
f 4206/2406/3204 4218/2418/3216 4217/2417/3215 4205/2405/3203
f 4208/2407/3205 4220/2419/3217 4219/2420/3218 4207/2408/3206
f 4209/2409/3207 4221/2421/3219 4220/2419/3217 4208/2407/3205
f 4210/2410/3208 4222/2422/3220 4221/2421/3219 4209/2409/3207
f 4211/2411/3209 4223/2423/3221 4222/2422/3220 4210/2410/3208
f 4212/2412/3210 4224/2424/3222 4223/2423/3221 4211/2411/3209
f 4213/2413/3211 4225/2425/3223 4224/2424/3222 4212/2412/3210
f 4214/2414/3212 4226/2426/3224 4225/2425/3223 4213/2413/3211
f 4215/2415/3213 4227/2427/3225 4226/2426/3224 4214/2414/3212
f 4216/2416/3214 4228/2428/3226 4227/2427/3225 4215/2415/3213
f 4217/2417/3215 4229/2429/3227 4228/2428/3226 4216/2416/3214
f 4218/2418/3216 4230/2430/3228 4229/2429/3227 4217/2417/3215
f 4220/2419/3217 4232/2431/3229 4231/2432/3230 4219/2420/3218
f 4221/2421/3219 4233/2433/3231 4232/2431/3229 4220/2419/3217
f 4222/2422/3220 4234/2434/3232 4233/2433/3231 4221/2421/3219
f 4223/2423/3221 4235/2435/3233 4234/2434/3232 4222/2422/3220
f 4224/2424/3222 4236/2436/3234 4235/2435/3233 4223/2423/3221
f 4225/2425/3223 4237/2437/3235 4236/2436/3234 4224/2424/3222
f 4226/2426/3224 4238/2438/3236 4237/2437/3235 4225/2425/3223
f 4227/2427/3225 4239/2439/3237 4238/2438/3236 4226/2426/3224
f 4228/2428/3226 4240/2440/3238 4239/2439/3237 4227/2427/3225
f 4229/2429/3227 4241/2441/3239 4240/2440/3238 4228/2428/3226
f 4230/2430/3228 4242/2442/3240 4241/2441/3239 4229/2429/3227
f 4232/2431/3229 4244/2443/3241 4243/2444/3242 4231/2432/3230
f 4233/2433/3231 4245/2445/3243 4244/2443/3241 4232/2431/3229
f 4234/2434/3232 4246/2446/3244 4245/2445/3243 4233/2433/3231
f 4235/2435/3233 4247/2447/3245 4246/2446/3244 4234/2434/3232
f 4236/2436/3234 4248/2448/3246 4247/2447/3245 4235/2435/3233
f 4237/2437/3235 4249/2449/3247 4248/2448/3246 4236/2436/3234
f 4238/2438/3236 4250/2450/3248 4249/2449/3247 4237/2437/3235
f 4239/2439/3237 4251/2451/3249 4250/2450/3248 4238/2438/3236
f 4240/2440/3238 4252/2452/3250 4251/2451/3249 4239/2439/3237
f 4241/2441/3239 4253/2453/3251 4252/2452/3250 4240/2440/3238
f 4242/2442/3240 4254/2454/3252 4253/2453/3251 4241/2441/3239
f 4244/2443/3241 4256/2455/3253 4255/2456/3254 4243/2444/3242
f 4245/2445/3243 4257/2457/3255 4256/2455/3253 4244/2443/3241
f 4246/2446/3244 4258/2458/3256 4257/2457/3255 4245/2445/3243
f 4247/2447/3245 4259/2459/3257 4258/2458/3256 4246/2446/3244
f 4248/2448/3246 4260/2460/3258 4259/2459/3257 4247/2447/3245
f 4249/2449/3247 4261/2461/3259 4260/2460/3258 4248/2448/3246
f 4250/2450/3248 4262/2462/3260 4261/2461/3259 4249/2449/3247
f 4251/2451/3249 4263/2463/3261 4262/2462/3260 4250/2450/3248
f 4252/2452/3250 4264/2464/3262 4263/2463/3261 4251/2451/3249
f 4253/2453/3251 4265/2465/3263 4264/2464/3262 4252/2452/3250
f 4254/2454/3252 4266/2466/3264 4265/2465/3263 4253/2453/3251
f 4256/2455/3253 4268/2467/3265 4267/2468/3266 4255/2456/3254
f 4257/2457/3255 4269/2469/3267 4268/2467/3265 4256/2455/3253
f 4258/2458/3256 4270/2470/3268 4269/2469/3267 4257/2457/3255
f 4259/2459/3257 4271/2471/3269 4270/2470/3268 4258/2458/3256
f 4260/2460/3258 4272/2472/3270 4271/2471/3269 4259/2459/3257
f 4261/2461/3259 4273/2473/3271 4272/2472/3270 4260/2460/3258
f 4262/2462/3260 4274/2474/3272 4273/2473/3271 4261/2461/3259
f 4263/2463/3261 4275/2475/3273 4274/2474/3272 4262/2462/3260
f 4264/2464/3262 4276/2476/3274 4275/2475/3273 4263/2463/3261
f 4265/2465/3263 4277/2477/3275 4276/2476/3274 4264/2464/3262
f 4266/2466/3264 4278/2478/3276 4277/2477/3275 4265/2465/3263
f 4268/2467/3265 4280/2479/3277 4279/1364/3278 4267/2468/3266
f 4269/2469/3267 4281/2480/3279 4280/2479/3277 4268/2467/3265
f 4270/2470/3268 4282/2481/3280 4281/2480/3279 4269/2469/3267
f 4271/2471/3269 4283/2482/3281 4282/2481/3280 4270/2470/3268
f 4272/2472/3270 4284/2483/3282 4283/2482/3281 4271/2471/3269
f 4273/2473/3271 4285/2484/3283 4284/2483/3282 4272/2472/3270
f 4274/2474/3272 4286/2485/3284 4285/2484/3283 4273/2473/3271
f 4275/2475/3273 4287/2486/3285 4286/2485/3284 4274/2474/3272
f 4276/2476/3274 4288/2487/3286 4287/2486/3285 4275/2475/3273
f 4277/2477/3275 4289/2488/3287 4288/2487/3286 4276/2476/3274
f 4278/2478/3276 4290/2489/3288 4289/2488/3287 4277/2477/3275
f 4280/2479/3277 4292/2490/3289 4291/2491/3290 4279/1364/3278
f 4281/2480/3279 4293/2492/3291 4292/2490/3289 4280/2479/3277
f 4282/2481/3280 4294/2493/3292 4293/2492/3291 4281/2480/3279
f 4283/2482/3281 4295/2494/3293 4294/2493/3292 4282/2481/3280
f 4284/2483/3282 4296/2495/3294 4295/2494/3293 4283/2482/3281
f 4285/2484/3283 4297/2496/3295 4296/2495/3294 4284/2483/3282
f 4286/2485/3284 4298/2497/3296 4297/2496/3295 4285/2484/3283
f 4287/2486/3285 4299/2498/3297 4298/2497/3296 4286/2485/3284
f 4288/2487/3286 4300/2499/3298 4299/2498/3297 4287/2486/3285
f 4289/2488/3287 4301/2500/3299 4300/2499/3298 4288/2487/3286
f 4290/2489/3288 4302/2501/3300 4301/2500/3299 4289/2488/3287
f 4292/2490/3289 4304/2502/3301 4303/2503/3302 4291/2491/3290
f 4293/2492/3291 4305/2504/3303 4304/2502/3301 4292/2490/3289
f 4294/2493/3292 4306/2505/3304 4305/2504/3303 4293/2492/3291
f 4295/2494/3293 4307/2506/3305 4306/2505/3304 4294/2493/3292
f 4296/2495/3294 4308/2507/3306 4307/2506/3305 4295/2494/3293
f 4297/2496/3295 4309/2508/3307 4308/2507/3306 4296/2495/3294
f 4298/2497/3296 4310/2509/3308 4309/2508/3307 4297/2496/3295
f 4299/2498/3297 4311/2510/3309 4310/2509/3308 4298/2497/3296
f 4300/2499/3298 4312/2511/3310 4311/2510/3309 4299/2498/3297
f 4301/2500/3299 4313/2512/3311 4312/2511/3310 4300/2499/3298
f 4302/2501/3300 4314/2513/3312 4313/2512/3311 4301/2500/3299
f 4304/2502/3301 4316/2514/3313 4315/2515/3314 4303/2503/3302
f 4305/2504/3303 4317/2516/3315 4316/2514/3313 4304/2502/3301
f 4306/2505/3304 4318/2517/3316 4317/2516/3315 4305/2504/3303
f 4307/2506/3305 4319/2518/3317 4318/2517/3316 4306/2505/3304
f 4308/2507/3306 4320/2519/3318 4319/2518/3317 4307/2506/3305
f 4309/2508/3307 4321/2520/3319 4320/2519/3318 4308/2507/3306
f 4310/2509/3308 4322/2521/3320 4321/2520/3319 4309/2508/3307
f 4311/2510/3309 4323/2522/3321 4322/2521/3320 4310/2509/3308
f 4312/2511/3310 4324/2523/3322 4323/2522/3321 4311/2510/3309
f 4313/2512/3311 4325/2524/3323 4324/2523/3322 4312/2511/3310
f 4314/2513/3312 4326/2525/3324 4325/2524/3323 4313/2512/3311
f 4316/2514/3313 4328/2526/3325 4327/2527/3326 4315/2515/3314
f 4317/2516/3315 4329/2528/3327 4328/2526/3325 4316/2514/3313
f 4318/2517/3316 4330/2529/3328 4329/2528/3327 4317/2516/3315
f 4319/2518/3317 4331/2530/3329 4330/2529/3328 4318/2517/3316
f 4320/2519/3318 4332/2531/3330 4331/2530/3329 4319/2518/3317
f 4321/2520/3319 4333/2532/3331 4332/2531/3330 4320/2519/3318
f 4322/2521/3320 4334/2533/3332 4333/2532/3331 4321/2520/3319
f 4323/2522/3321 4335/2534/3333 4334/2533/3332 4322/2521/3320
f 4324/2523/3322 4336/2535/3334 4335/2534/3333 4323/2522/3321
f 4325/2524/3323 4337/2536/3335 4336/2535/3334 4324/2523/3322
f 4326/2525/3324 4338/2537/3336 4337/2536/3335 4325/2524/3323
f 4328/2526/3325 4340/2538/3337 4339/2539/3338 4327/2527/3326
f 4329/2528/3327 4341/2540/3339 4340/2538/3337 4328/2526/3325
f 4330/2529/3328 4342/2541/3340 4341/2540/3339 4329/2528/3327
f 4331/2530/3329 4343/2542/3341 4342/2541/3340 4330/2529/3328
f 4332/2531/3330 4344/2543/3342 4343/2542/3341 4331/2530/3329
f 4333/2532/3331 4345/2544/3343 4344/2543/3342 4332/2531/3330
f 4334/2533/3332 4346/2545/3344 4345/2544/3343 4333/2532/3331
f 4335/2534/3333 4347/2546/3345 4346/2545/3344 4334/2533/3332
f 4336/2535/3334 4348/2547/3346 4347/2546/3345 4335/2534/3333
f 4337/2536/3335 4349/2548/3347 4348/2547/3346 4336/2535/3334
f 4338/2537/3336 4350/2549/3348 4349/2548/3347 4337/2536/3335
f 4340/2538/3337 4352/2550/3349 4351/2551/3350 4339/2539/3338
f 4341/2540/3339 4353/2552/3351 4352/2550/3349 4340/2538/3337
f 4342/2541/3340 4354/2553/3352 4353/2552/3351 4341/2540/3339
f 4343/2542/3341 4355/2554/3353 4354/2553/3352 4342/2541/3340
f 4344/2543/3342 4356/2555/3354 4355/2554/3353 4343/2542/3341
f 4345/2544/3343 4357/2556/3355 4356/2555/3354 4344/2543/3342
f 4346/2545/3344 4358/2557/3356 4357/2556/3355 4345/2544/3343
f 4347/2546/3345 4359/2558/3357 4358/2557/3356 4346/2545/3344
f 4348/2547/3346 4360/2559/3358 4359/2558/3357 4347/2546/3345
f 4349/2548/3347 4361/2560/3359 4360/2559/3358 4348/2547/3346
f 4350/2549/3348 4362/2561/3360 4361/2560/3359 4349/2548/3347
f 4352/2550/3349 4364/2562/3361 4363/2563/3362 4351/2551/3350
f 4353/2552/3351 4365/2564/3363 4364/2562/3361 4352/2550/3349
f 4354/2553/3352 4366/2565/3364 4365/2564/3363 4353/2552/3351
f 4355/2554/3353 4367/2566/3365 4366/2565/3364 4354/2553/3352
f 4356/2555/3354 4368/2567/3366 4367/2566/3365 4355/2554/3353
f 4357/2556/3355 4369/2568/3367 4368/2567/3366 4356/2555/3354
f 4358/2557/3356 4370/2569/3368 4369/2568/3367 4357/2556/3355
f 4359/2558/3357 4371/2570/3369 4370/2569/3368 4358/2557/3356
f 4360/2559/3358 4372/2571/3370 4371/2570/3369 4359/2558/3357
f 4361/2560/3359 4373/2572/3371 4372/2571/3370 4360/2559/3358
f 4362/2561/3360 4374/2573/3372 4373/2572/3371 4361/2560/3359
f 4364/2562/3361 4376/2574/3373 4375/2575/3374 4363/2563/3362
f 4365/2564/3363 4377/2576/3375 4376/2574/3373 4364/2562/3361
f 4366/2565/3364 4378/2577/3376 4377/2576/3375 4365/2564/3363
f 4367/2566/3365 4379/2578/3377 4378/2577/3376 4366/2565/3364
f 4368/2567/3366 4380/2579/3378 4379/2578/3377 4367/2566/3365
f 4369/2568/3367 4381/2580/3379 4380/2579/3378 4368/2567/3366
f 4370/2569/3368 4382/2581/3380 4381/2580/3379 4369/2568/3367
f 4371/2570/3369 4383/2582/3381 4382/2581/3380 4370/2569/3368
f 4372/2571/3370 4384/2583/3382 4383/2582/3381 4371/2570/3369
f 4373/2572/3371 4385/2584/3383 4384/2583/3382 4372/2571/3370
f 4374/2573/3372 4386/2585/3384 4385/2584/3383 4373/2572/3371
f 4376/2574/3373 4388/2586/3385 4387/1407/3386 4375/2575/3374
f 4377/2576/3375 4389/2587/3387 4388/2586/3385 4376/2574/3373
f 4378/2577/3376 4390/2588/3388 4389/2587/3387 4377/2576/3375
f 4379/2578/3377 4391/2589/3389 4390/2588/3388 4378/2577/3376
f 4380/2579/3378 4392/2590/3390 4391/2589/3389 4379/2578/3377
f 4381/2580/3379 4393/2591/3391 4392/2590/3390 4380/2579/3378
f 4382/2581/3380 4394/2592/3392 4393/2591/3391 4381/2580/3379
f 4383/2582/3381 4395/2593/3393 4394/2592/3392 4382/2581/3380
f 4384/2583/3382 4396/2594/3394 4395/2593/3393 4383/2582/3381
f 4385/2584/3383 4397/2595/3395 4396/2594/3394 4384/2583/3382
f 4386/2585/3384 4398/2596/3396 4397/2595/3395 4385/2584/3383
f 4388/2586/3385 4400/2597/3397 4399/2598/3398 4387/1407/3386
f 4389/2587/3387 4401/2599/3399 4400/2597/3397 4388/2586/3385
f 4390/2588/3388 4402/2600/3400 4401/2599/3399 4389/2587/3387
f 4391/2589/3389 4403/2601/3401 4402/2600/3400 4390/2588/3388
f 4392/2590/3390 4404/2602/3402 4403/2601/3401 4391/2589/3389
f 4393/2591/3391 4405/2603/3403 4404/2602/3402 4392/2590/3390
f 4394/2592/3392 4406/2604/3404 4405/2603/3403 4393/2591/3391
f 4395/2593/3393 4407/2605/3405 4406/2604/3404 4394/2592/3392
f 4396/2594/3394 4408/2606/3406 4407/2605/3405 4395/2593/3393
f 4397/2595/3395 4409/2607/3407 4408/2606/3406 4396/2594/3394
f 4398/2596/3396 4410/2608/3408 4409/2607/3407 4397/2595/3395
f 4400/2597/3397 4412/2609/3409 4411/2610/3410 4399/2598/3398
f 4401/2599/3399 4413/2611/3411 4412/2609/3409 4400/2597/3397
f 4402/2600/3400 4414/2612/3412 4413/2611/3411 4401/2599/3399
f 4403/2601/3401 4415/2613/3413 4414/2612/3412 4402/2600/3400
f 4404/2602/3402 4416/2614/3414 4415/2613/3413 4403/2601/3401
f 4405/2603/3403 4417/2615/3415 4416/2614/3414 4404/2602/3402
f 4406/2604/3404 4418/2616/3416 4417/2615/3415 4405/2603/3403
f 4407/2605/3405 4419/2617/3417 4418/2616/3416 4406/2604/3404
f 4408/2606/3406 4420/2618/3418 4419/2617/3417 4407/2605/3405
f 4409/2607/3407 4421/2619/3419 4420/2618/3418 4408/2606/3406
f 4410/2608/3408 4422/2620/3420 4421/2619/3419 4409/2607/3407
f 4412/2609/3409 4424/2621/3421 4423/2622/3422 4411/2610/3410
f 4413/2611/3411 4425/2623/3423 4424/2621/3421 4412/2609/3409
f 4414/2612/3412 4426/2624/3424 4425/2623/3423 4413/2611/3411
f 4415/2613/3413 4427/2625/3425 4426/2624/3424 4414/2612/3412
f 4416/2614/3414 4428/2626/3426 4427/2625/3425 4415/2613/3413
f 4417/2615/3415 4429/2627/3427 4428/2626/3426 4416/2614/3414
f 4418/2616/3416 4430/2628/3428 4429/2627/3427 4417/2615/3415
f 4419/2617/3417 4431/2629/3429 4430/2628/3428 4418/2616/3416
f 4420/2618/3418 4432/2630/3430 4431/2629/3429 4419/2617/3417
f 4421/2619/3419 4433/2631/3431 4432/2630/3430 4420/2618/3418
f 4422/2620/3420 4434/2632/3432 4433/2631/3431 4421/2619/3419
f 4424/2621/3421 4436/2633/3433 4435/2634/3434 4423/2622/3422
f 4425/2623/3423 4437/2635/3435 4436/2633/3433 4424/2621/3421
f 4426/2624/3424 4438/2636/3436 4437/2635/3435 4425/2623/3423
f 4427/2625/3425 4439/2637/3437 4438/2636/3436 4426/2624/3424
f 4428/2626/3426 4440/2638/3438 4439/2637/3437 4427/2625/3425
f 4429/2627/3427 4441/2639/3439 4440/2638/3438 4428/2626/3426
f 4430/2628/3428 4442/2640/3440 4441/2639/3439 4429/2627/3427
f 4431/2629/3429 4443/2641/3441 4442/2640/3440 4430/2628/3428
f 4432/2630/3430 4444/2642/3442 4443/2641/3441 4431/2629/3429
f 4433/2631/3431 4445/2643/3443 4444/2642/3442 4432/2630/3430
f 4434/2632/3432 4446/2644/3444 4445/2643/3443 4433/2631/3431
f 4436/2633/3433 4448/2645/3445 4447/2646/3446 4435/2634/3434
f 4437/2635/3435 4449/2647/3447 4448/2645/3445 4436/2633/3433
f 4438/2636/3436 4450/2648/3448 4449/2647/3447 4437/2635/3435
f 4439/2637/3437 4451/2649/3449 4450/2648/3448 4438/2636/3436
f 4440/2638/3438 4452/2650/3450 4451/2649/3449 4439/2637/3437
f 4441/2639/3439 4453/2651/3451 4452/2650/3450 4440/2638/3438
f 4442/2640/3440 4454/2652/3452 4453/2651/3451 4441/2639/3439
f 4443/2641/3441 4455/2653/3453 4454/2652/3452 4442/2640/3440
f 4444/2642/3442 4456/2654/3454 4455/2653/3453 4443/2641/3441
f 4445/2643/3443 4457/2655/3455 4456/2654/3454 4444/2642/3442
f 4446/2644/3444 4458/2656/3456 4457/2655/3455 4445/2643/3443
f 4448/2645/3445 4460/2657/3457 4459/2658/3458 4447/2646/3446
f 4449/2647/3447 4461/2659/3459 4460/2657/3457 4448/2645/3445
f 4450/2648/3448 4462/2660/3460 4461/2659/3459 4449/2647/3447
f 4451/2649/3449 4463/2661/3461 4462/2660/3460 4450/2648/3448
f 4452/2650/3450 4464/2662/3462 4463/2661/3461 4451/2649/3449
f 4453/2651/3451 4465/2663/3463 4464/2662/3462 4452/2650/3450
f 4454/2652/3452 4466/2664/3464 4465/2663/3463 4453/2651/3451
f 4455/2653/3453 4467/2665/3465 4466/2664/3464 4454/2652/3452
f 4456/2654/3454 4468/2666/3466 4467/2665/3465 4455/2653/3453
f 4457/2655/3455 4469/2667/3467 4468/2666/3466 4456/2654/3454
f 4458/2656/3456 4470/2668/3468 4469/2667/3467 4457/2655/3455
f 4460/2657/3457 4472/2669/1304 4471/2670/1305 4459/2658/3458
f 4461/2659/3459 4473/2671/1306 4472/2669/1304 4460/2657/3457
f 4462/2660/3460 4474/2672/1307 4473/2671/1306 4461/2659/3459
f 4463/2661/3461 4475/2673/1308 4474/2672/1307 4462/2660/3460
f 4464/2662/3462 4476/2674/3469 4475/2673/1308 4463/2661/3461
f 4465/2663/3463 4477/2675/3470 4476/2674/3469 4464/2662/3462
f 4466/2664/3464 4478/2676/3471 4477/2675/3470 4465/2663/3463
f 4467/2665/3465 4479/2677/1312 4478/2676/3471 4466/2664/3464
f 4468/2666/3466 4480/2678/1313 4479/2677/1312 4467/2665/3465
f 4469/2667/3467 4481/2679/1314 4480/2678/1313 4468/2666/3466
f 4470/2668/3468 4482/2680/1315 4481/2679/1314 4469/2667/3467
f 4472/2669/1304 4484/2681/1662 4483/2682/1663 4471/2670/1305
f 4473/2671/1306 4485/2683/1664 4484/2681/1662 4472/2669/1304
f 4474/2672/1307 4486/2684/1665 4485/2683/1664 4473/2671/1306
f 4475/2673/1308 4487/2685/3472 4486/2684/1665 4474/2672/1307
f 4476/2674/3469 4488/2686/3473 4487/2685/3472 4475/2673/1308
f 4477/2675/3470 4489/2687/3474 4488/2686/3473 4476/2674/3469
f 4478/2676/3471 4490/2688/1669 4489/2687/3474 4477/2675/3470
f 4479/2677/1312 4491/2689/1670 4490/2688/1669 4478/2676/3471
f 4480/2678/1313 4492/2690/1671 4491/2689/1670 4479/2677/1312
f 4481/2679/1314 4493/2691/1672 4492/2690/1671 4480/2678/1313
f 4482/2680/1315 4494/2692/1673 4493/2691/1672 4481/2679/1314
f 4484/2681/1662 4172/2372/3169 4171/1299/3172 4483/2682/1663
f 4485/2683/1664 4173/2373/3173 4172/2372/3169 4484/2681/1662
f 4486/2684/1665 4174/2374/3175 4173/2373/3173 4485/2683/1664
f 4487/2685/3472 4175/2375/3177 4174/2374/3175 4486/2684/1665
f 4488/2686/3473 4176/2376/3179 4175/2375/3177 4487/2685/3472
f 4489/2687/3474 4177/2377/3181 4176/2376/3179 4488/2686/3473
f 4490/2688/1669 4178/2378/3183 4177/2377/3181 4489/2687/3474
f 4491/2689/1670 4179/2379/3185 4178/2378/3183 4490/2688/1669
f 4492/2690/1671 4180/2380/3187 4179/2379/3185 4491/2689/1670
f 4493/2691/1672 4181/2381/3189 4180/2380/3187 4492/2690/1671
f 4494/2692/1673 4182/2382/3191 4181/2381/3189 4493/2691/1672
f 4496/1569/3475 4508/2383/3476 4507/2384/3477 4495/1301/3478
f 4497/1572/3479 4509/2385/3480 4508/2383/3476 4496/1569/3475
f 4498/1574/3481 4510/2386/3482 4509/2385/3480 4497/1572/3479
f 4499/1576/3483 4511/2387/3484 4510/2386/3482 4498/1574/3481
f 4500/1578/3485 4512/2388/3486 4511/2387/3484 4499/1576/3483
f 4501/1580/3487 4513/2389/3488 4512/2388/3486 4500/1578/3485
f 4502/1582/3489 4514/2390/3490 4513/2389/3488 4501/1580/3487
f 4503/1584/3491 4515/2391/3492 4514/2390/3490 4502/1582/3489
f 4504/1586/3493 4516/2392/3494 4515/2391/3492 4503/1584/3491
f 4505/1588/3495 4517/2393/3496 4516/2392/3494 4504/1586/3493
f 4506/1590/3497 4518/2394/3498 4517/2393/3496 4505/1588/3495
f 4508/2383/3476 4520/2395/3499 4519/2396/3500 4507/2384/3477
f 4509/2385/3480 4521/2397/3501 4520/2395/3499 4508/2383/3476
f 4510/2386/3482 4522/2398/3502 4521/2397/3501 4509/2385/3480
f 4511/2387/3484 4523/2399/3503 4522/2398/3502 4510/2386/3482
f 4512/2388/3486 4524/2400/3504 4523/2399/3503 4511/2387/3484
f 4513/2389/3488 4525/2401/3505 4524/2400/3504 4512/2388/3486
f 4514/2390/3490 4526/2402/3506 4525/2401/3505 4513/2389/3488
f 4515/2391/3492 4527/2403/3507 4526/2402/3506 4514/2390/3490
f 4516/2392/3494 4528/2404/3508 4527/2403/3507 4515/2391/3492
f 4517/2393/3496 4529/2405/3509 4528/2404/3508 4516/2392/3494
f 4518/2394/3498 4530/2406/3510 4529/2405/3509 4517/2393/3496
f 4520/2395/3499 4532/2407/3511 4531/2408/3512 4519/2396/3500
f 4521/2397/3501 4533/2409/3513 4532/2407/3511 4520/2395/3499
f 4522/2398/3502 4534/2410/3514 4533/2409/3513 4521/2397/3501
f 4523/2399/3503 4535/2411/3515 4534/2410/3514 4522/2398/3502
f 4524/2400/3504 4536/2412/3516 4535/2411/3515 4523/2399/3503
f 4525/2401/3505 4537/2413/3517 4536/2412/3516 4524/2400/3504
f 4526/2402/3506 4538/2414/3518 4537/2413/3517 4525/2401/3505
f 4527/2403/3507 4539/2415/3519 4538/2414/3518 4526/2402/3506
f 4528/2404/3508 4540/2416/3520 4539/2415/3519 4527/2403/3507
f 4529/2405/3509 4541/2417/3521 4540/2416/3520 4528/2404/3508
f 4530/2406/3510 4542/2418/3522 4541/2417/3521 4529/2405/3509
f 4532/2407/3511 4544/2419/3523 4543/2420/3524 4531/2408/3512
f 4533/2409/3513 4545/2421/3525 4544/2419/3523 4532/2407/3511
f 4534/2410/3514 4546/2422/3526 4545/2421/3525 4533/2409/3513
f 4535/2411/3515 4547/2423/3527 4546/2422/3526 4534/2410/3514
f 4536/2412/3516 4548/2424/3528 4547/2423/3527 4535/2411/3515
f 4537/2413/3517 4549/2425/3529 4548/2424/3528 4536/2412/3516
f 4538/2414/3518 4550/2426/3530 4549/2425/3529 4537/2413/3517
f 4539/2415/3519 4551/2427/3531 4550/2426/3530 4538/2414/3518
f 4540/2416/3520 4552/2428/3532 4551/2427/3531 4539/2415/3519
f 4541/2417/3521 4553/2429/3533 4552/2428/3532 4540/2416/3520
f 4542/2418/3522 4554/2430/3534 4553/2429/3533 4541/2417/3521
f 4544/2419/3523 4556/2431/3535 4555/2432/3536 4543/2420/3524
f 4545/2421/3525 4557/2433/3537 4556/2431/3535 4544/2419/3523
f 4546/2422/3526 4558/2434/3538 4557/2433/3537 4545/2421/3525
f 4547/2423/3527 4559/2435/3539 4558/2434/3538 4546/2422/3526
f 4548/2424/3528 4560/2436/3540 4559/2435/3539 4547/2423/3527
f 4549/2425/3529 4561/2437/3541 4560/2436/3540 4548/2424/3528
f 4550/2426/3530 4562/2438/3542 4561/2437/3541 4549/2425/3529
f 4551/2427/3531 4563/2439/3543 4562/2438/3542 4550/2426/3530
f 4552/2428/3532 4564/2440/3544 4563/2439/3543 4551/2427/3531
f 4553/2429/3533 4565/2441/3545 4564/2440/3544 4552/2428/3532
f 4554/2430/3534 4566/2442/3546 4565/2441/3545 4553/2429/3533
f 4556/2431/3535 4568/2443/3547 4567/2444/3548 4555/2432/3536
f 4557/2433/3537 4569/2445/3549 4568/2443/3547 4556/2431/3535
f 4558/2434/3538 4570/2446/3550 4569/2445/3549 4557/2433/3537
f 4559/2435/3539 4571/2447/3551 4570/2446/3550 4558/2434/3538
f 4560/2436/3540 4572/2448/3552 4571/2447/3551 4559/2435/3539
f 4561/2437/3541 4573/2449/3553 4572/2448/3552 4560/2436/3540
f 4562/2438/3542 4574/2450/3554 4573/2449/3553 4561/2437/3541
f 4563/2439/3543 4575/2451/3555 4574/2450/3554 4562/2438/3542
f 4564/2440/3544 4576/2452/3556 4575/2451/3555 4563/2439/3543
f 4565/2441/3545 4577/2453/3557 4576/2452/3556 4564/2440/3544
f 4566/2442/3546 4578/2454/3558 4577/2453/3557 4565/2441/3545
f 4568/2443/3547 4580/2455/3559 4579/2456/3560 4567/2444/3548
f 4569/2445/3549 4581/2457/3561 4580/2455/3559 4568/2443/3547
f 4570/2446/3550 4582/2458/3562 4581/2457/3561 4569/2445/3549
f 4571/2447/3551 4583/2459/3563 4582/2458/3562 4570/2446/3550
f 4572/2448/3552 4584/2460/3564 4583/2459/3563 4571/2447/3551
f 4573/2449/3553 4585/2461/3565 4584/2460/3564 4572/2448/3552
f 4574/2450/3554 4586/2462/3566 4585/2461/3565 4573/2449/3553
f 4575/2451/3555 4587/2463/3567 4586/2462/3566 4574/2450/3554
f 4576/2452/3556 4588/2464/3568 4587/2463/3567 4575/2451/3555
f 4577/2453/3557 4589/2465/3569 4588/2464/3568 4576/2452/3556
f 4578/2454/3558 4590/2466/3570 4589/2465/3569 4577/2453/3557
f 4580/2455/3559 4592/2467/3571 4591/2468/3572 4579/2456/3560
f 4581/2457/3561 4593/2469/3573 4592/2467/3571 4580/2455/3559
f 4582/2458/3562 4594/2470/3574 4593/2469/3573 4581/2457/3561
f 4583/2459/3563 4595/2471/3575 4594/2470/3574 4582/2458/3562
f 4584/2460/3564 4596/2472/3576 4595/2471/3575 4583/2459/3563
f 4585/2461/3565 4597/2473/3577 4596/2472/3576 4584/2460/3564
f 4586/2462/3566 4598/2474/3578 4597/2473/3577 4585/2461/3565
f 4587/2463/3567 4599/2475/3579 4598/2474/3578 4586/2462/3566
f 4588/2464/3568 4600/2476/3580 4599/2475/3579 4587/2463/3567
f 4589/2465/3569 4601/2477/3581 4600/2476/3580 4588/2464/3568
f 4590/2466/3570 4602/2478/3582 4601/2477/3581 4589/2465/3569
f 4592/2467/3571 4604/2479/3583 4603/1364/3584 4591/2468/3572
f 4593/2469/3573 4605/2480/3585 4604/2479/3583 4592/2467/3571
f 4594/2470/3574 4606/2481/3586 4605/2480/3585 4593/2469/3573
f 4595/2471/3575 4607/2482/3587 4606/2481/3586 4594/2470/3574
f 4596/2472/3576 4608/2483/3588 4607/2482/3587 4595/2471/3575
f 4597/2473/3577 4609/2484/3589 4608/2483/3588 4596/2472/3576
f 4598/2474/3578 4610/2485/3590 4609/2484/3589 4597/2473/3577
f 4599/2475/3579 4611/2486/3591 4610/2485/3590 4598/2474/3578
f 4600/2476/3580 4612/2487/3592 4611/2486/3591 4599/2475/3579
f 4601/2477/3581 4613/2488/3593 4612/2487/3592 4600/2476/3580
f 4602/2478/3582 4614/2489/3594 4613/2488/3593 4601/2477/3581
f 4604/2479/3583 4616/2490/3595 4615/2491/3596 4603/1364/3584
f 4605/2480/3585 4617/2492/3597 4616/2490/3595 4604/2479/3583
f 4606/2481/3586 4618/2493/3598 4617/2492/3597 4605/2480/3585
f 4607/2482/3587 4619/2494/3599 4618/2493/3598 4606/2481/3586
f 4608/2483/3588 4620/2495/3600 4619/2494/3599 4607/2482/3587
f 4609/2484/3589 4621/2496/3601 4620/2495/3600 4608/2483/3588
f 4610/2485/3590 4622/2497/3602 4621/2496/3601 4609/2484/3589
f 4611/2486/3591 4623/2498/3603 4622/2497/3602 4610/2485/3590
f 4612/2487/3592 4624/2499/3604 4623/2498/3603 4611/2486/3591
f 4613/2488/3593 4625/2500/3605 4624/2499/3604 4612/2487/3592
f 4614/2489/3594 4626/2501/3606 4625/2500/3605 4613/2488/3593
f 4616/2490/3595 4628/2502/3607 4627/2503/3608 4615/2491/3596
f 4617/2492/3597 4629/2504/3609 4628/2502/3607 4616/2490/3595
f 4618/2493/3598 4630/2505/3610 4629/2504/3609 4617/2492/3597
f 4619/2494/3599 4631/2506/3611 4630/2505/3610 4618/2493/3598
f 4620/2495/3600 4632/2507/3612 4631/2506/3611 4619/2494/3599
f 4621/2496/3601 4633/2508/3613 4632/2507/3612 4620/2495/3600
f 4622/2497/3602 4634/2509/3614 4633/2508/3613 4621/2496/3601
f 4623/2498/3603 4635/2510/3615 4634/2509/3614 4622/2497/3602
f 4624/2499/3604 4636/2511/3616 4635/2510/3615 4623/2498/3603
f 4625/2500/3605 4637/2512/3617 4636/2511/3616 4624/2499/3604
f 4626/2501/3606 4638/2513/3618 4637/2512/3617 4625/2500/3605
f 4628/2502/3607 4640/2514/3619 4639/2515/3620 4627/2503/3608
f 4629/2504/3609 4641/2516/3621 4640/2514/3619 4628/2502/3607
f 4630/2505/3610 4642/2517/3622 4641/2516/3621 4629/2504/3609
f 4631/2506/3611 4643/2518/3623 4642/2517/3622 4630/2505/3610
f 4632/2507/3612 4644/2519/3624 4643/2518/3623 4631/2506/3611
f 4633/2508/3613 4645/2520/3625 4644/2519/3624 4632/2507/3612
f 4634/2509/3614 4646/2521/3626 4645/2520/3625 4633/2508/3613
f 4635/2510/3615 4647/2522/3627 4646/2521/3626 4634/2509/3614
f 4636/2511/3616 4648/2523/3628 4647/2522/3627 4635/2510/3615
f 4637/2512/3617 4649/2524/3629 4648/2523/3628 4636/2511/3616
f 4638/2513/3618 4650/2525/3630 4649/2524/3629 4637/2512/3617
f 4640/2514/3619 4652/2526/3631 4651/2527/3632 4639/2515/3620
f 4641/2516/3621 4653/2528/3633 4652/2526/3631 4640/2514/3619
f 4642/2517/3622 4654/2529/3634 4653/2528/3633 4641/2516/3621
f 4643/2518/3623 4655/2530/3635 4654/2529/3634 4642/2517/3622
f 4644/2519/3624 4656/2531/3636 4655/2530/3635 4643/2518/3623
f 4645/2520/3625 4657/2532/3637 4656/2531/3636 4644/2519/3624
f 4646/2521/3626 4658/2533/3638 4657/2532/3637 4645/2520/3625
f 4647/2522/3627 4659/2534/3639 4658/2533/3638 4646/2521/3626
f 4648/2523/3628 4660/2535/3640 4659/2534/3639 4647/2522/3627
f 4649/2524/3629 4661/2536/3641 4660/2535/3640 4648/2523/3628
f 4650/2525/3630 4662/2537/3642 4661/2536/3641 4649/2524/3629
f 4652/2526/3631 4664/2538/3643 4663/2539/3644 4651/2527/3632
f 4653/2528/3633 4665/2540/3645 4664/2538/3643 4652/2526/3631
f 4654/2529/3634 4666/2541/3646 4665/2540/3645 4653/2528/3633
f 4655/2530/3635 4667/2542/3647 4666/2541/3646 4654/2529/3634
f 4656/2531/3636 4668/2543/3648 4667/2542/3647 4655/2530/3635
f 4657/2532/3637 4669/2544/3649 4668/2543/3648 4656/2531/3636
f 4658/2533/3638 4670/2545/3650 4669/2544/3649 4657/2532/3637
f 4659/2534/3639 4671/2546/3651 4670/2545/3650 4658/2533/3638
f 4660/2535/3640 4672/2547/3652 4671/2546/3651 4659/2534/3639
f 4661/2536/3641 4673/2548/3653 4672/2547/3652 4660/2535/3640
f 4662/2537/3642 4674/2549/3654 4673/2548/3653 4661/2536/3641
f 4664/2538/3643 4676/2550/3655 4675/2551/3656 4663/2539/3644
f 4665/2540/3645 4677/2552/3657 4676/2550/3655 4664/2538/3643
f 4666/2541/3646 4678/2553/3658 4677/2552/3657 4665/2540/3645
f 4667/2542/3647 4679/2554/3659 4678/2553/3658 4666/2541/3646
f 4668/2543/3648 4680/2555/3660 4679/2554/3659 4667/2542/3647
f 4669/2544/3649 4681/2556/3661 4680/2555/3660 4668/2543/3648
f 4670/2545/3650 4682/2557/3662 4681/2556/3661 4669/2544/3649
f 4671/2546/3651 4683/2558/3663 4682/2557/3662 4670/2545/3650
f 4672/2547/3652 4684/2559/3664 4683/2558/3663 4671/2546/3651
f 4673/2548/3653 4685/2560/3665 4684/2559/3664 4672/2547/3652
f 4674/2549/3654 4686/2561/3666 4685/2560/3665 4673/2548/3653
f 4676/2550/3655 4688/2562/3667 4687/2563/3668 4675/2551/3656
f 4677/2552/3657 4689/2564/3669 4688/2562/3667 4676/2550/3655
f 4678/2553/3658 4690/2565/3670 4689/2564/3669 4677/2552/3657
f 4679/2554/3659 4691/2566/3671 4690/2565/3670 4678/2553/3658
f 4680/2555/3660 4692/2567/3672 4691/2566/3671 4679/2554/3659
f 4681/2556/3661 4693/2568/3673 4692/2567/3672 4680/2555/3660
f 4682/2557/3662 4694/2569/3674 4693/2568/3673 4681/2556/3661
f 4683/2558/3663 4695/2570/3675 4694/2569/3674 4682/2557/3662
f 4684/2559/3664 4696/2571/3676 4695/2570/3675 4683/2558/3663
f 4685/2560/3665 4697/2572/3677 4696/2571/3676 4684/2559/3664
f 4686/2561/3666 4698/2573/3678 4697/2572/3677 4685/2560/3665
f 4688/2562/3667 4700/2574/3679 4699/2575/3680 4687/2563/3668
f 4689/2564/3669 4701/2576/3681 4700/2574/3679 4688/2562/3667
f 4690/2565/3670 4702/2577/3682 4701/2576/3681 4689/2564/3669
f 4691/2566/3671 4703/2578/3683 4702/2577/3682 4690/2565/3670
f 4692/2567/3672 4704/2579/3684 4703/2578/3683 4691/2566/3671
f 4693/2568/3673 4705/2580/3685 4704/2579/3684 4692/2567/3672
f 4694/2569/3674 4706/2581/3686 4705/2580/3685 4693/2568/3673
f 4695/2570/3675 4707/2582/3687 4706/2581/3686 4694/2569/3674
f 4696/2571/3676 4708/2583/3688 4707/2582/3687 4695/2570/3675
f 4697/2572/3677 4709/2584/3689 4708/2583/3688 4696/2571/3676
f 4698/2573/3678 4710/2585/3690 4709/2584/3689 4697/2572/3677
f 4700/2574/3679 4712/2586/3691 4711/1407/3692 4699/2575/3680
f 4701/2576/3681 4713/2587/3693 4712/2586/3691 4700/2574/3679
f 4702/2577/3682 4714/2588/3694 4713/2587/3693 4701/2576/3681
f 4703/2578/3683 4715/2589/3695 4714/2588/3694 4702/2577/3682
f 4704/2579/3684 4716/2590/3696 4715/2589/3695 4703/2578/3683
f 4705/2580/3685 4717/2591/3697 4716/2590/3696 4704/2579/3684
f 4706/2581/3686 4718/2592/3698 4717/2591/3697 4705/2580/3685
f 4707/2582/3687 4719/2593/3699 4718/2592/3698 4706/2581/3686
f 4708/2583/3688 4720/2594/3700 4719/2593/3699 4707/2582/3687
f 4709/2584/3689 4721/2595/3701 4720/2594/3700 4708/2583/3688
f 4710/2585/3690 4722/2596/3702 4721/2595/3701 4709/2584/3689
f 4712/2586/3691 4724/2597/3703 4723/2598/3704 4711/1407/3692
f 4713/2587/3693 4725/2599/3705 4724/2597/3703 4712/2586/3691
f 4714/2588/3694 4726/2600/3706 4725/2599/3705 4713/2587/3693
f 4715/2589/3695 4727/2601/3707 4726/2600/3706 4714/2588/3694
f 4716/2590/3696 4728/2602/3708 4727/2601/3707 4715/2589/3695
f 4717/2591/3697 4729/2603/3709 4728/2602/3708 4716/2590/3696
f 4718/2592/3698 4730/2604/3710 4729/2603/3709 4717/2591/3697
f 4719/2593/3699 4731/2605/3711 4730/2604/3710 4718/2592/3698
f 4720/2594/3700 4732/2606/3712 4731/2605/3711 4719/2593/3699
f 4721/2595/3701 4733/2607/3713 4732/2606/3712 4720/2594/3700
f 4722/2596/3702 4734/2608/3714 4733/2607/3713 4721/2595/3701
f 4724/2597/3703 4736/2609/3715 4735/2610/3716 4723/2598/3704
f 4725/2599/3705 4737/2611/3717 4736/2609/3715 4724/2597/3703
f 4726/2600/3706 4738/2612/3718 4737/2611/3717 4725/2599/3705
f 4727/2601/3707 4739/2613/3719 4738/2612/3718 4726/2600/3706
f 4728/2602/3708 4740/2614/3720 4739/2613/3719 4727/2601/3707
f 4729/2603/3709 4741/2615/3721 4740/2614/3720 4728/2602/3708
f 4730/2604/3710 4742/2616/3722 4741/2615/3721 4729/2603/3709
f 4731/2605/3711 4743/2617/3723 4742/2616/3722 4730/2604/3710
f 4732/2606/3712 4744/2618/3724 4743/2617/3723 4731/2605/3711
f 4733/2607/3713 4745/2619/3725 4744/2618/3724 4732/2606/3712
f 4734/2608/3714 4746/2620/3726 4745/2619/3725 4733/2607/3713
f 4736/2609/3715 4748/2621/3727 4747/2622/3728 4735/2610/3716
f 4737/2611/3717 4749/2623/3729 4748/2621/3727 4736/2609/3715
f 4738/2612/3718 4750/2624/3730 4749/2623/3729 4737/2611/3717
f 4739/2613/3719 4751/2625/3731 4750/2624/3730 4738/2612/3718
f 4740/2614/3720 4752/2626/3732 4751/2625/3731 4739/2613/3719
f 4741/2615/3721 4753/2627/3733 4752/2626/3732 4740/2614/3720
f 4742/2616/3722 4754/2628/3734 4753/2627/3733 4741/2615/3721
f 4743/2617/3723 4755/2629/3735 4754/2628/3734 4742/2616/3722
f 4744/2618/3724 4756/2630/3736 4755/2629/3735 4743/2617/3723
f 4745/2619/3725 4757/2631/3737 4756/2630/3736 4744/2618/3724
f 4746/2620/3726 4758/2632/3738 4757/2631/3737 4745/2619/3725
f 4748/2621/3727 4760/2633/3739 4759/2634/3740 4747/2622/3728
f 4749/2623/3729 4761/2635/3741 4760/2633/3739 4748/2621/3727
f 4750/2624/3730 4762/2636/3742 4761/2635/3741 4749/2623/3729
f 4751/2625/3731 4763/2637/3743 4762/2636/3742 4750/2624/3730
f 4752/2626/3732 4764/2638/3744 4763/2637/3743 4751/2625/3731
f 4753/2627/3733 4765/2639/3745 4764/2638/3744 4752/2626/3732
f 4754/2628/3734 4766/2640/3746 4765/2639/3745 4753/2627/3733
f 4755/2629/3735 4767/2641/3747 4766/2640/3746 4754/2628/3734
f 4756/2630/3736 4768/2642/3748 4767/2641/3747 4755/2629/3735
f 4757/2631/3737 4769/2643/3749 4768/2642/3748 4756/2630/3736
f 4758/2632/3738 4770/2644/3750 4769/2643/3749 4757/2631/3737
f 4760/2633/3739 4772/2645/3751 4771/2646/3752 4759/2634/3740
f 4761/2635/3741 4773/2647/3753 4772/2645/3751 4760/2633/3739
f 4762/2636/3742 4774/2648/3754 4773/2647/3753 4761/2635/3741
f 4763/2637/3743 4775/2649/3755 4774/2648/3754 4762/2636/3742
f 4764/2638/3744 4776/2650/3756 4775/2649/3755 4763/2637/3743
f 4765/2639/3745 4777/2651/3757 4776/2650/3756 4764/2638/3744
f 4766/2640/3746 4778/2652/3758 4777/2651/3757 4765/2639/3745
f 4767/2641/3747 4779/2653/3759 4778/2652/3758 4766/2640/3746
f 4768/2642/3748 4780/2654/3760 4779/2653/3759 4767/2641/3747
f 4769/2643/3749 4781/2655/3761 4780/2654/3760 4768/2642/3748
f 4770/2644/3750 4782/2656/3762 4781/2655/3761 4769/2643/3749
f 4772/2645/3751 4784/2657/3763 4783/2658/3764 4771/2646/3752
f 4773/2647/3753 4785/2659/3765 4784/2657/3763 4772/2645/3751
f 4774/2648/3754 4786/2660/3766 4785/2659/3765 4773/2647/3753
f 4775/2649/3755 4787/2661/3767 4786/2660/3766 4774/2648/3754
f 4776/2650/3756 4788/2662/3768 4787/2661/3767 4775/2649/3755
f 4777/2651/3757 4789/2663/3769 4788/2662/3768 4776/2650/3756
f 4778/2652/3758 4790/2664/3770 4789/2663/3769 4777/2651/3757
f 4779/2653/3759 4791/2665/3771 4790/2664/3770 4778/2652/3758
f 4780/2654/3760 4792/2666/3772 4791/2665/3771 4779/2653/3759
f 4781/2655/3761 4793/2667/3773 4792/2666/3772 4780/2654/3760
f 4782/2656/3762 4794/2668/3774 4793/2667/3773 4781/2655/3761
f 4784/2657/3763 4796/2669/1304 4795/2670/1305 4783/2658/3764
f 4785/2659/3765 4797/2671/1306 4796/2669/1304 4784/2657/3763
f 4786/2660/3766 4798/2672/1307 4797/2671/1306 4785/2659/3765
f 4787/2661/3767 4799/2673/1308 4798/2672/1307 4786/2660/3766
f 4788/2662/3768 4800/2674/3469 4799/2673/1308 4787/2661/3767
f 4789/2663/3769 4801/2675/3470 4800/2674/3469 4788/2662/3768
f 4790/2664/3770 4802/2676/3471 4801/2675/3470 4789/2663/3769
f 4791/2665/3771 4803/2677/1312 4802/2676/3471 4790/2664/3770
f 4792/2666/3772 4804/2678/1313 4803/2677/1312 4791/2665/3771
f 4793/2667/3773 4805/2679/1314 4804/2678/1313 4792/2666/3772
f 4794/2668/3774 4806/2680/1315 4805/2679/1314 4793/2667/3773
f 4796/2669/1304 4808/2681/1662 4807/2682/1663 4795/2670/1305
f 4797/2671/1306 4809/2683/1664 4808/2681/1662 4796/2669/1304
f 4798/2672/1307 4810/2684/1665 4809/2683/1664 4797/2671/1306
f 4799/2673/1308 4811/2685/3472 4810/2684/1665 4798/2672/1307
f 4800/2674/3469 4812/2686/3473 4811/2685/3472 4799/2673/1308
f 4801/2675/3470 4813/2687/3474 4812/2686/3473 4800/2674/3469
f 4802/2676/3471 4814/2688/1669 4813/2687/3474 4801/2675/3470
f 4803/2677/1312 4815/2689/1670 4814/2688/1669 4802/2676/3471
f 4804/2678/1313 4816/2690/1671 4815/2689/1670 4803/2677/1312
f 4805/2679/1314 4817/2691/1672 4816/2690/1671 4804/2678/1313
f 4806/2680/1315 4818/2692/1673 4817/2691/1672 4805/2679/1314
f 4808/2681/1662 4496/2372/3475 4495/1299/3478 4807/2682/1663
f 4809/2683/1664 4497/2373/3479 4496/2372/3475 4808/2681/1662
f 4810/2684/1665 4498/2374/3481 4497/2373/3479 4809/2683/1664
f 4811/2685/3472 4499/2375/3483 4498/2374/3481 4810/2684/1665
f 4812/2686/3473 4500/2376/3485 4499/2375/3483 4811/2685/3472
f 4813/2687/3474 4501/2377/3487 4500/2376/3485 4812/2686/3473
f 4814/2688/1669 4502/2378/3489 4501/2377/3487 4813/2687/3474
f 4815/2689/1670 4503/2379/3491 4502/2378/3489 4814/2688/1669
f 4816/2690/1671 4504/2380/3493 4503/2379/3491 4815/2689/1670
f 4817/2691/1672 4505/2381/3495 4504/2380/3493 4816/2690/1671
f 4818/2692/1673 4506/2382/3497 4505/2381/3495 4817/2691/1672
f 4820/1569/3775 4832/2407/3776 4831/2408/3777 4819/1301/3778
f 4821/1572/3779 4833/2409/3780 4832/2407/3776 4820/1569/3775
f 4822/1574/3781 4834/2410/3782 4833/2409/3780 4821/1572/3779
f 4823/1576/3783 4835/2411/3784 4834/2410/3782 4822/1574/3781
f 4824/1578/3785 4836/2412/3786 4835/2411/3784 4823/1576/3783
f 4825/1580/3787 4837/2413/3788 4836/2412/3786 4824/1578/3785
f 4826/1582/3789 4838/2414/3790 4837/2413/3788 4825/1580/3787
f 4827/1584/3791 4839/2415/3792 4838/2414/3790 4826/1582/3789
f 4828/1586/3793 4840/2416/3794 4839/2415/3792 4827/1584/3791
f 4829/1588/3795 4841/2417/3796 4840/2416/3794 4828/1586/3793
f 4830/1590/3797 4842/2418/3798 4841/2417/3796 4829/1588/3795
f 4832/2407/3776 4844/2443/1316 4843/2444/1305 4831/2408/3777
f 4833/2409/3780 4845/2445/1317 4844/2443/1316 4832/2407/3776
f 4834/2410/3782 4846/2446/1318 4845/2445/1317 4833/2409/3780
f 4835/2411/3784 4847/2447/1319 4846/2446/1318 4834/2410/3782
f 4836/2412/3786 4848/2448/1320 4847/2447/1319 4835/2411/3784
f 4837/2413/3788 4849/2449/1321 4848/2448/1320 4836/2412/3786
f 4838/2414/3790 4850/2450/1322 4849/2449/1321 4837/2413/3788
f 4839/2415/3792 4851/2451/1323 4850/2450/1322 4838/2414/3790
f 4840/2416/3794 4852/2452/1324 4851/2451/1323 4839/2415/3792
f 4841/2417/3796 4853/2453/1325 4852/2452/1324 4840/2416/3794
f 4842/2418/3798 4854/2454/1315 4853/2453/1325 4841/2417/3796
f 4844/2443/1316 4856/2479/1326 4855/1364/1327 4843/2444/1305
f 4845/2445/1317 4857/2480/1328 4856/2479/1326 4844/2443/1316
f 4846/2446/1318 4858/2481/1329 4857/2480/1328 4845/2445/1317
f 4847/2447/1319 4859/2482/1330 4858/2481/1329 4846/2446/1318
f 4848/2448/1320 4860/2483/1331 4859/2482/1330 4847/2447/1319
f 4849/2449/1321 4861/2484/1332 4860/2483/1331 4848/2448/1320
f 4850/2450/1322 4862/2485/1333 4861/2484/1332 4849/2449/1321
f 4851/2451/1323 4863/2486/1334 4862/2485/1333 4850/2450/1322
f 4852/2452/1324 4864/2487/1335 4863/2486/1334 4851/2451/1323
f 4853/2453/1325 4865/2488/1336 4864/2487/1335 4852/2452/1324
f 4854/2454/1315 4866/2489/1337 4865/2488/1336 4853/2453/1325
f 4856/2479/1326 4868/2514/3799 4867/2515/3800 4855/1364/1327
f 4857/2480/1328 4869/2516/3801 4868/2514/3799 4856/2479/1326
f 4858/2481/1329 4870/2517/3802 4869/2516/3801 4857/2480/1328
f 4859/2482/1330 4871/2518/3803 4870/2517/3802 4858/2481/1329
f 4860/2483/1331 4872/2519/3804 4871/2518/3803 4859/2482/1330
f 4861/2484/1332 4873/2520/3805 4872/2519/3804 4860/2483/1331
f 4862/2485/1333 4874/2521/3806 4873/2520/3805 4861/2484/1332
f 4863/2486/1334 4875/2522/3807 4874/2521/3806 4862/2485/1333
f 4864/2487/1335 4876/2523/3808 4875/2522/3807 4863/2486/1334
f 4865/2488/1336 4877/2524/3809 4876/2523/3808 4864/2487/1335
f 4866/2489/1337 4878/2525/3810 4877/2524/3809 4865/2488/1336
f 4868/2514/3799 4880/2550/3811 4879/2551/3812 4867/2515/3800
f 4869/2516/3801 4881/2552/3813 4880/2550/3811 4868/2514/3799
f 4870/2517/3802 4882/2553/3814 4881/2552/3813 4869/2516/3801
f 4871/2518/3803 4883/2554/3815 4882/2553/3814 4870/2517/3802
f 4872/2519/3804 4884/2555/3816 4883/2554/3815 4871/2518/3803
f 4873/2520/3805 4885/2556/3817 4884/2555/3816 4872/2519/3804
f 4874/2521/3806 4886/2557/3818 4885/2556/3817 4873/2520/3805
f 4875/2522/3807 4887/2558/3819 4886/2557/3818 4874/2521/3806
f 4876/2523/3808 4888/2559/3820 4887/2558/3819 4875/2522/3807
f 4877/2524/3809 4889/2560/3821 4888/2559/3820 4876/2523/3808
f 4878/2525/3810 4890/2561/3822 4889/2560/3821 4877/2524/3809
f 4880/2550/3811 4892/2586/3823 4891/1407/3824 4879/2551/3812
f 4881/2552/3813 4893/2587/3825 4892/2586/3823 4880/2550/3811
f 4882/2553/3814 4894/2588/3826 4893/2587/3825 4881/2552/3813
f 4883/2554/3815 4895/2589/3827 4894/2588/3826 4882/2553/3814
f 4884/2555/3816 4896/2590/3828 4895/2589/3827 4883/2554/3815
f 4885/2556/3817 4897/2591/3829 4896/2590/3828 4884/2555/3816
f 4886/2557/3818 4898/2592/3830 4897/2591/3829 4885/2556/3817
f 4887/2558/3819 4899/2593/3831 4898/2592/3830 4886/2557/3818
f 4888/2559/3820 4900/2594/3832 4899/2593/3831 4887/2558/3819
f 4889/2560/3821 4901/2595/3833 4900/2594/3832 4888/2559/3820
f 4890/2561/3822 4902/2596/3834 4901/2595/3833 4889/2560/3821
f 4892/2586/3823 4904/2621/3835 4903/2622/3836 4891/1407/3824
f 4893/2587/3825 4905/2623/3837 4904/2621/3835 4892/2586/3823
f 4894/2588/3826 4906/2624/3838 4905/2623/3837 4893/2587/3825
f 4895/2589/3827 4907/2625/3839 4906/2624/3838 4894/2588/3826
f 4896/2590/3828 4908/2626/3840 4907/2625/3839 4895/2589/3827
f 4897/2591/3829 4909/2627/3841 4908/2626/3840 4896/2590/3828
f 4898/2592/3830 4910/2628/3842 4909/2627/3841 4897/2591/3829
f 4899/2593/3831 4911/2629/3843 4910/2628/3842 4898/2592/3830
f 4900/2594/3832 4912/2630/3844 4911/2629/3843 4899/2593/3831
f 4901/2595/3833 4913/2631/3845 4912/2630/3844 4900/2594/3832
f 4902/2596/3834 4914/2632/3846 4913/2631/3845 4901/2595/3833
f 4904/2621/3835 4916/2657/3847 4915/2658/3848 4903/2622/3836
f 4905/2623/3837 4917/2659/3849 4916/2657/3847 4904/2621/3835
f 4906/2624/3838 4918/2660/3850 4917/2659/3849 4905/2623/3837
f 4907/2625/3839 4919/2661/3851 4918/2660/3850 4906/2624/3838
f 4908/2626/3840 4920/2662/3852 4919/2661/3851 4907/2625/3839
f 4909/2627/3841 4921/2663/3853 4920/2662/3852 4908/2626/3840
f 4910/2628/3842 4922/2664/3854 4921/2663/3853 4909/2627/3841
f 4911/2629/3843 4923/2665/3855 4922/2664/3854 4910/2628/3842
f 4912/2630/3844 4924/2666/3856 4923/2665/3855 4911/2629/3843
f 4913/2631/3845 4925/2667/3857 4924/2666/3856 4912/2630/3844
f 4914/2632/3846 4926/2668/3858 4925/2667/3857 4913/2631/3845
f 4916/2657/3847 4820/2372/3775 4819/1299/3778 4915/2658/3848
f 4917/2659/3849 4821/2373/3779 4820/2372/3775 4916/2657/3847
f 4918/2660/3850 4822/2374/3781 4821/2373/3779 4917/2659/3849
f 4919/2661/3851 4823/2375/3783 4822/2374/3781 4918/2660/3850
f 4920/2662/3852 4824/2376/3785 4823/2375/3783 4919/2661/3851
f 4921/2663/3853 4825/2377/3787 4824/2376/3785 4920/2662/3852
f 4922/2664/3854 4826/2378/3789 4825/2377/3787 4921/2663/3853
f 4923/2665/3855 4827/2379/3791 4826/2378/3789 4922/2664/3854
f 4924/2666/3856 4828/2380/3793 4827/2379/3791 4923/2665/3855
f 4925/2667/3857 4829/2381/3795 4828/2380/3793 4924/2666/3856
f 4926/2668/3858 4830/2382/3797 4829/2381/3795 4925/2667/3857
