# Blender 5.1.2
# www.blender.org
mtllib topaz_shard.mtl
o topaz_crystal_body
v 0.000000 2.680000 0.000000
v 0.451000 2.082000 0.000000
v 0.406337 2.082000 -0.140891
v 0.281194 2.082000 -0.253876
v 0.100357 2.082000 -0.316579
v -0.100357 2.082000 -0.316579
v -0.281194 2.082000 -0.253876
v -0.406337 2.082000 -0.140891
v -0.451000 2.082000 -0.000000
v -0.406337 2.082000 0.140891
v -0.281194 2.082000 0.253876
v -0.100357 2.082000 0.316579
v 0.100357 2.082000 0.316579
v 0.281194 2.082000 0.253876
v 0.406337 2.082000 0.140891
v 0.536210 1.380000 -0.088118
v 0.430007 1.380000 -0.246902
v 0.238636 1.380000 -0.356784
v 0.000000 1.380000 -0.396000
v -0.238636 1.380000 -0.356784
v -0.430007 1.380000 -0.246902
v -0.536210 1.380000 -0.088118
v -0.536210 1.380000 0.088118
v -0.430007 1.380000 0.246902
v -0.238636 1.380000 0.356784
v -0.000000 1.380000 0.396000
v 0.238636 1.380000 0.356784
v 0.430007 1.380000 0.246902
v 0.536210 1.380000 0.088118
v 0.396000 0.652000 0.000000
v 0.356784 0.652000 -0.123709
v 0.246902 0.652000 -0.222916
v 0.088118 0.652000 -0.277971
v -0.088118 0.652000 -0.277971
v -0.246902 0.652000 -0.222916
v -0.356784 0.652000 -0.123709
v -0.396000 0.652000 -0.000000
v -0.356784 0.652000 0.123709
v -0.246902 0.652000 0.222916
v -0.088118 0.652000 0.277971
v 0.088118 0.652000 0.277971
v 0.246902 0.652000 0.222916
v 0.356784 0.652000 0.123709
v 0.000000 0.080000 0.000000
vn -0.0000 1.0000 -0.0000
vn 0.9474 0.2977 -0.1175
vn 0.7414 0.2702 -0.6142
vn 0.9841 -0.0334 -0.1744
vn 0.7424 -0.0298 -0.6692
vn 0.7415 0.2702 -0.6142
vn 0.9406 -0.3143 -0.1286
vn 0.7319 -0.2850 -0.6189
vn 0.7425 -0.0298 -0.6692
vn 0.9405 -0.3144 -0.1286
vn -0.0000 -1.0000 -0.0000
vn 0.4176 0.2370 -0.8772
vn 0.7424 -0.0298 -0.6693
vn 0.4009 -0.0260 -0.9158
vn 0.4176 0.2369 -0.8772
vn 0.7319 -0.2850 -0.6190
vn 0.4094 -0.2504 -0.8773
vn 0.4009 -0.0260 -0.9157
vn 0.0952 0.2208 -0.9707
vn 0.0702 -0.0243 -0.9972
vn 0.0952 0.2207 -0.9707
vn 0.4094 -0.2503 -0.8773
vn 0.0886 -0.2337 -0.9683
vn 0.0703 -0.0243 -0.9972
vn 0.0885 -0.2337 -0.9683
vn -0.0001 1.0000 -0.0000
vn -0.2214 0.2248 -0.9489
vn -0.2550 -0.0249 -0.9666
vn -0.2272 -0.2384 -0.9442
vn -0.2550 -0.0250 -0.9666
vn 0.0885 -0.2338 -0.9683
vn 0.0001 -1.0000 -0.0000
vn -0.5486 0.2487 -0.7982
vn -0.2551 -0.0250 -0.9666
vn -0.5954 -0.0279 -0.8030
vn -0.5486 0.2486 -0.7983
vn -0.5531 -0.2639 -0.7902
vn -0.5953 -0.0280 -0.8030
vn -0.8498 0.2842 -0.4440
vn -0.5487 0.2486 -0.7982
vn -0.5954 -0.0279 -0.8029
vn -0.9069 -0.0322 -0.4201
vn -0.8498 0.2841 -0.4440
vn -0.5954 -0.0280 -0.8029
vn -0.5532 -0.2639 -0.7902
vn -0.8501 -0.3011 -0.4320
vn -0.5532 -0.2640 -0.7902
vn 0.0001 -1.0000 -0.0001
vn -0.8501 -0.3011 -0.4319
vn -0.9474 0.2977 0.1174
vn -0.8498 0.2842 -0.4439
vn -0.9069 -0.0322 -0.4200
vn -0.9841 -0.0334 0.1744
vn -0.8502 -0.3010 -0.4319
vn -0.9406 -0.3143 0.1285
vn -0.9841 -0.0335 0.1743
vn -0.8502 -0.3011 -0.4319
vn -0.0000 -1.0000 -0.0001
vn -0.9406 -0.3143 0.1286
vn -0.9474 0.2977 0.1175
vn -0.7414 0.2702 0.6142
vn -0.7424 -0.0298 0.6692
vn -0.7415 0.2702 0.6142
vn -0.7319 -0.2850 0.6189
vn -0.7425 -0.0298 0.6692
vn -0.9405 -0.3144 0.1286
vn -0.4176 0.2370 0.8772
vn -0.7424 -0.0298 0.6693
vn -0.4009 -0.0260 0.9158
vn -0.4176 0.2369 0.8772
vn -0.7319 -0.2850 0.6190
vn -0.4094 -0.2504 0.8773
vn -0.4009 -0.0260 0.9157
vn -0.0952 0.2208 0.9707
vn -0.0702 -0.0243 0.9972
vn -0.0952 0.2207 0.9707
vn -0.4094 -0.2503 0.8773
vn -0.0886 -0.2337 0.9683
vn -0.0703 -0.0243 0.9972
vn -0.0885 -0.2337 0.9683
vn 0.0001 1.0000 -0.0000
vn 0.2214 0.2248 0.9489
vn 0.2550 -0.0249 0.9666
vn 0.2272 -0.2384 0.9442
vn 0.2550 -0.0250 0.9666
vn -0.0885 -0.2338 0.9683
vn -0.0001 -1.0000 -0.0000
vn 0.5486 0.2487 0.7982
vn 0.2551 -0.0250 0.9666
vn 0.5954 -0.0279 0.8030
vn 0.5486 0.2486 0.7983
vn 0.5531 -0.2639 0.7902
vn 0.5953 -0.0280 0.8030
vn 0.8498 0.2842 0.4440
vn 0.5487 0.2486 0.7982
vn 0.5954 -0.0279 0.8029
vn 0.9069 -0.0322 0.4201
vn 0.8498 0.2841 0.4440
vn 0.5954 -0.0280 0.8029
vn 0.5532 -0.2639 0.7902
vn 0.8501 -0.3011 0.4320
vn 0.5532 -0.2640 0.7902
vn -0.0001 -1.0000 0.0001
vn 0.8501 -0.3011 0.4319
vn 0.9474 0.2977 -0.1174
vn 0.8498 0.2842 0.4439
vn 0.9069 -0.0322 0.4200
vn 0.8502 -0.3010 0.4319
vn 0.9406 -0.3143 -0.1285
vn 0.9841 -0.0335 -0.1743
vn 0.8502 -0.3011 0.4319
vn -0.0000 -1.0000 0.0001
s 0
usemtl topaz_transparent_crystal
f 1//1 2//2 3//3
f 2//2 16//4 17//5 3//6
f 16//4 30//7 31//8 17//9
f 30//10 44//11 31//8
f 1//1 3//3 4//12
f 3//3 17//13 18//14 4//15
f 17//13 31//16 32//17 18//18
f 31//16 44//11 32//17
f 1//1 4//12 5//19
f 4//12 18//14 19//20 5//21
f 18//14 32//22 33//23 19//24
f 32//17 44//11 33//25
f 1//26 5//19 6//27
f 5//21 19//20 20//28 6//27
f 19//20 33//25 34//29 20//30
f 33//31 44//32 34//29
f 1//1 6//27 7//33
f 6//27 20//34 21//35 7//36
f 20//34 34//29 35//37 21//38
f 34//29 44//32 35//37
f 1//1 7//33 8//39
f 7//40 21//41 22//42 8//43
f 21//44 35//45 36//46 22//42
f 35//47 44//48 36//49
f 1//1 8//39 9//50
f 8//51 22//52 23//53 9//50
f 22//42 36//54 37//55 23//56
f 36//57 44//58 37//59
f 1//1 9//60 10//61
f 9//60 23//53 24//62 10//63
f 23//53 37//59 38//64 24//65
f 37//66 44//11 38//64
f 1//1 10//61 11//67
f 10//61 24//68 25//69 11//70
f 24//68 38//71 39//72 25//73
f 38//71 44//11 39//72
f 1//1 11//67 12//74
f 11//67 25//69 26//75 12//76
f 25//69 39//77 40//78 26//79
f 39//72 44//11 40//80
f 1//81 12//74 13//82
f 12//76 26//75 27//83 13//82
f 26//75 40//80 41//84 27//85
f 40//86 44//87 41//84
f 1//1 13//82 14//88
f 13//82 27//89 28//90 14//91
f 27//89 41//84 42//92 28//93
f 41//84 44//87 42//92
f 1//1 14//88 15//94
f 14//95 28//96 29//97 15//98
f 28//99 42//100 43//101 29//97
f 42//102 44//103 43//104
f 1//1 15//94 2//105
f 15//106 29//107 16//4 2//105
f 29//97 43//108 30//109 16//110
f 43//111 44//112 30//7
o topaz_display_base_top
v 0.000000 -0.120000 -0.700000
v 0.000000 0.060000 -0.700000
v 0.068612 -0.120000 -0.696629
v 0.068612 0.060000 -0.696629
v 0.136563 -0.120000 -0.686550
v 0.136563 0.060000 -0.686550
v 0.203199 -0.120000 -0.669858
v 0.203199 0.060000 -0.669858
v 0.267878 -0.120000 -0.646716
v 0.267878 0.060000 -0.646716
v 0.329978 -0.120000 -0.617345
v 0.329978 0.060000 -0.617345
v 0.388899 -0.120000 -0.582029
v 0.388899 0.060000 -0.582029
v 0.444075 -0.120000 -0.541107
v 0.444075 0.060000 -0.541107
v 0.494975 -0.120000 -0.494975
v 0.494975 0.060000 -0.494975
v 0.541107 -0.120000 -0.444075
v 0.541107 0.060000 -0.444075
v 0.582029 -0.120000 -0.388899
v 0.582029 0.060000 -0.388899
v 0.617345 -0.120000 -0.329978
v 0.617345 0.060000 -0.329978
v 0.646716 -0.120000 -0.267878
v 0.646716 0.060000 -0.267878
v 0.669858 -0.120000 -0.203199
v 0.669858 0.060000 -0.203199
v 0.686550 -0.120000 -0.136563
v 0.686550 0.060000 -0.136563
v 0.696629 -0.120000 -0.068612
v 0.696629 0.060000 -0.068612
v 0.700000 -0.120000 0.000000
v 0.700000 0.060000 0.000000
v 0.696629 -0.120000 0.068612
v 0.696629 0.060000 0.068612
v 0.686550 -0.120000 0.136563
v 0.686550 0.060000 0.136563
v 0.669858 -0.120000 0.203199
v 0.669858 0.060000 0.203199
v 0.646716 -0.120000 0.267878
v 0.646716 0.060000 0.267878
v 0.617345 -0.120000 0.329978
v 0.617345 0.060000 0.329978
v 0.582029 -0.120000 0.388899
v 0.582029 0.060000 0.388899
v 0.541107 -0.120000 0.444075
v 0.541107 0.060000 0.444075
v 0.494975 -0.120000 0.494975
v 0.494975 0.060000 0.494975
v 0.444075 -0.120000 0.541107
v 0.444075 0.060000 0.541107
v 0.388899 -0.120000 0.582029
v 0.388899 0.060000 0.582029
v 0.329978 -0.120000 0.617345
v 0.329978 0.060000 0.617345
v 0.267878 -0.120000 0.646716
v 0.267878 0.060000 0.646716
v 0.203199 -0.120000 0.669858
v 0.203199 0.060000 0.669858
v 0.136563 -0.120000 0.686550
v 0.136563 0.060000 0.686550
v 0.068612 -0.120000 0.696629
v 0.068612 0.060000 0.696629
v 0.000000 -0.120000 0.700000
v 0.000000 0.060000 0.700000
v -0.068612 -0.120000 0.696629
v -0.068612 0.060000 0.696629
v -0.136563 -0.120000 0.686550
v -0.136563 0.060000 0.686550
v -0.203199 -0.120000 0.669858
v -0.203199 0.060000 0.669858
v -0.267878 -0.120000 0.646716
v -0.267878 0.060000 0.646716
v -0.329978 -0.120000 0.617345
v -0.329978 0.060000 0.617345
v -0.388899 -0.120000 0.582029
v -0.388899 0.060000 0.582029
v -0.444075 -0.120000 0.541107
v -0.444075 0.060000 0.541107
v -0.494975 -0.120000 0.494975
v -0.494975 0.060000 0.494975
v -0.541107 -0.120000 0.444075
v -0.541107 0.060000 0.444075
v -0.582029 -0.120000 0.388899
v -0.582029 0.060000 0.388899
v -0.617345 -0.120000 0.329978
v -0.617345 0.060000 0.329978
v -0.646716 -0.120000 0.267878
v -0.646716 0.060000 0.267878
v -0.669858 -0.120000 0.203199
v -0.669858 0.060000 0.203199
v -0.686550 -0.120000 0.136563
v -0.686550 0.060000 0.136563
v -0.696629 -0.120000 0.068612
v -0.696629 0.060000 0.068612
v -0.700000 -0.120000 0.000000
v -0.700000 0.060000 0.000000
v -0.696629 -0.120000 -0.068612
v -0.696629 0.060000 -0.068612
v -0.686550 -0.120000 -0.136563
v -0.686550 0.060000 -0.136563
v -0.669858 -0.120000 -0.203199
v -0.669858 0.060000 -0.203199
v -0.646716 -0.120000 -0.267878
v -0.646716 0.060000 -0.267878
v -0.617345 -0.120000 -0.329978
v -0.617345 0.060000 -0.329978
v -0.582029 -0.120000 -0.388899
v -0.582029 0.060000 -0.388899
v -0.541107 -0.120000 -0.444075
v -0.541107 0.060000 -0.444075
v -0.494975 -0.120000 -0.494975
v -0.494975 0.060000 -0.494975
v -0.444075 -0.120000 -0.541107
v -0.444075 0.060000 -0.541107
v -0.388899 -0.120000 -0.582029
v -0.388899 0.060000 -0.582029
v -0.329978 -0.120000 -0.617345
v -0.329978 0.060000 -0.617345
v -0.267878 -0.120000 -0.646716
v -0.267878 0.060000 -0.646716
v -0.203199 -0.120000 -0.669858
v -0.203199 0.060000 -0.669858
v -0.136563 -0.120000 -0.686550
v -0.136563 0.060000 -0.686550
v -0.068612 -0.120000 -0.696629
v -0.068612 0.060000 -0.696629
vn 0.0491 -0.0000 -0.9988
vn 0.1467 -0.0000 -0.9892
vn 0.2430 -0.0000 -0.9700
vn 0.3369 -0.0000 -0.9415
vn 0.4276 -0.0000 -0.9040
vn 0.5141 -0.0000 -0.8577
vn 0.5957 -0.0000 -0.8032
vn 0.6716 -0.0000 -0.7410
vn 0.7410 -0.0000 -0.6716
vn 0.8032 -0.0000 -0.5957
vn 0.8577 -0.0000 -0.5141
vn 0.9040 -0.0000 -0.4276
vn 0.9415 -0.0000 -0.3369
vn 0.9700 -0.0000 -0.2430
vn 0.9892 -0.0000 -0.1467
vn 0.9988 -0.0000 -0.0491
vn 0.9988 -0.0000 0.0491
vn 0.9892 -0.0000 0.1467
vn 0.9700 -0.0000 0.2430
vn 0.9415 -0.0000 0.3369
vn 0.9040 -0.0000 0.4276
vn 0.8577 -0.0000 0.5141
vn 0.8032 -0.0000 0.5957
vn 0.7410 -0.0000 0.6716
vn 0.6716 -0.0000 0.7410
vn 0.5957 -0.0000 0.8032
vn 0.5141 -0.0000 0.8577
vn 0.4276 -0.0000 0.9040
vn 0.3369 -0.0000 0.9415
vn 0.2430 -0.0000 0.9700
vn 0.1467 -0.0000 0.9892
vn 0.0491 -0.0000 0.9988
vn -0.0491 -0.0000 0.9988
vn -0.1467 -0.0000 0.9892
vn -0.2430 -0.0000 0.9700
vn -0.3369 -0.0000 0.9415
vn -0.4276 -0.0000 0.9040
vn -0.5141 -0.0000 0.8577
vn -0.5957 -0.0000 0.8032
vn -0.6716 -0.0000 0.7410
vn -0.7410 -0.0000 0.6716
vn -0.8032 -0.0000 0.5957
vn -0.8577 -0.0000 0.5141
vn -0.9040 -0.0000 0.4276
vn -0.9415 -0.0000 0.3369
vn -0.9700 -0.0000 0.2430
vn -0.9892 -0.0000 0.1467
vn -0.9988 -0.0000 0.0491
vn -0.9988 -0.0000 -0.0491
vn -0.9892 -0.0000 -0.1467
vn -0.9700 -0.0000 -0.2430
vn -0.9415 -0.0000 -0.3369
vn -0.9040 -0.0000 -0.4276
vn -0.8577 -0.0000 -0.5141
vn -0.8032 -0.0000 -0.5957
vn -0.7410 -0.0000 -0.6716
vn -0.6716 -0.0000 -0.7410
vn -0.5957 -0.0000 -0.8032
vn -0.5141 -0.0000 -0.8577
vn -0.4276 -0.0000 -0.9040
vn -0.3369 -0.0000 -0.9415
vn -0.2430 -0.0000 -0.9700
vn -0.0000 1.0000 -0.0000
vn -0.1467 -0.0000 -0.9892
vn -0.0491 -0.0000 -0.9988
vn -0.0000 -1.0000 -0.0000
vt 1.000000 0.500000
vt 1.000000 1.000000
vt 0.984375 1.000000
vt 0.984375 0.500000
vt 0.968750 1.000000
vt 0.968750 0.500000
vt 0.953125 1.000000
vt 0.953125 0.500000
vt 0.937500 1.000000
vt 0.937500 0.500000
vt 0.921875 1.000000
vt 0.921875 0.500000
vt 0.906250 1.000000
vt 0.906250 0.500000
vt 0.890625 1.000000
vt 0.890625 0.500000
vt 0.875000 1.000000
vt 0.875000 0.500000
vt 0.859375 1.000000
vt 0.859375 0.500000
vt 0.843750 1.000000
vt 0.843750 0.500000
vt 0.828125 1.000000
vt 0.828125 0.500000
vt 0.812500 1.000000
vt 0.812500 0.500000
vt 0.796875 1.000000
vt 0.796875 0.500000
vt 0.781250 1.000000
vt 0.781250 0.500000
vt 0.765625 1.000000
vt 0.765625 0.500000
vt 0.750000 1.000000
vt 0.750000 0.500000
vt 0.734375 1.000000
vt 0.734375 0.500000
vt 0.718750 1.000000
vt 0.718750 0.500000
vt 0.703125 1.000000
vt 0.703125 0.500000
vt 0.687500 1.000000
vt 0.687500 0.500000
vt 0.671875 1.000000
vt 0.671875 0.500000
vt 0.656250 1.000000
vt 0.656250 0.500000
vt 0.640625 1.000000
vt 0.640625 0.500000
vt 0.625000 1.000000
vt 0.625000 0.500000
vt 0.609375 1.000000
vt 0.609375 0.500000
vt 0.593750 1.000000
vt 0.593750 0.500000
vt 0.578125 1.000000
vt 0.578125 0.500000
vt 0.562500 1.000000
vt 0.562500 0.500000
vt 0.546875 1.000000
vt 0.546875 0.500000
vt 0.531250 1.000000
vt 0.531250 0.500000
vt 0.515625 1.000000
vt 0.515625 0.500000
vt 0.500000 1.000000
vt 0.500000 0.500000
vt 0.484375 1.000000
vt 0.484375 0.500000
vt 0.468750 1.000000
vt 0.468750 0.500000
vt 0.453125 1.000000
vt 0.453125 0.500000
vt 0.437500 1.000000
vt 0.437500 0.500000
vt 0.421875 1.000000
vt 0.421875 0.500000
vt 0.406250 1.000000
vt 0.406250 0.500000
vt 0.390625 1.000000
vt 0.390625 0.500000
vt 0.375000 1.000000
vt 0.375000 0.500000
vt 0.359375 1.000000
vt 0.359375 0.500000
vt 0.343750 1.000000
vt 0.343750 0.500000
vt 0.328125 1.000000
vt 0.328125 0.500000
vt 0.312500 1.000000
vt 0.312500 0.500000
vt 0.296875 1.000000
vt 0.296875 0.500000
vt 0.281250 1.000000
vt 0.281250 0.500000
vt 0.265625 1.000000
vt 0.265625 0.500000
vt 0.250000 1.000000
vt 0.250000 0.500000
vt 0.234375 1.000000
vt 0.234375 0.500000
vt 0.218750 1.000000
vt 0.218750 0.500000
vt 0.203125 1.000000
vt 0.203125 0.500000
vt 0.187500 1.000000
vt 0.187500 0.500000
vt 0.171875 1.000000
vt 0.171875 0.500000
vt 0.156250 1.000000
vt 0.156250 0.500000
vt 0.140625 1.000000
vt 0.140625 0.500000
vt 0.125000 1.000000
vt 0.125000 0.500000
vt 0.109375 1.000000
vt 0.109375 0.500000
vt 0.093750 1.000000
vt 0.093750 0.500000
vt 0.078125 1.000000
vt 0.078125 0.500000
vt 0.062500 1.000000
vt 0.062500 0.500000
vt 0.046875 1.000000
vt 0.046875 0.500000
vt 0.031250 1.000000
vt 0.031250 0.500000
vt 0.273524 0.488844
vt 0.250000 0.490000
vt 0.226476 0.488844
vt 0.203178 0.485388
vt 0.180332 0.479666
vt 0.158156 0.471731
vt 0.136865 0.461661
vt 0.116663 0.449553
vt 0.097746 0.435522
vt 0.080294 0.419706
vt 0.064477 0.402254
vt 0.050447 0.383337
vt 0.038339 0.363135
vt 0.028269 0.341844
vt 0.020334 0.319668
vt 0.014612 0.296822
vt 0.011156 0.273524
vt 0.010000 0.250000
vt 0.011156 0.226476
vt 0.014612 0.203178
vt 0.020334 0.180332
vt 0.028269 0.158156
vt 0.038339 0.136865
vt 0.050447 0.116663
vt 0.064477 0.097746
vt 0.080294 0.080294
vt 0.097746 0.064477
vt 0.116663 0.050447
vt 0.136865 0.038339
vt 0.158156 0.028269
vt 0.180332 0.020334
vt 0.203178 0.014612
vt 0.226476 0.011156
vt 0.250000 0.010000
vt 0.273524 0.011156
vt 0.296822 0.014612
vt 0.319668 0.020334
vt 0.341844 0.028269
vt 0.363135 0.038339
vt 0.383337 0.050447
vt 0.402254 0.064477
vt 0.419706 0.080294
vt 0.435522 0.097746
vt 0.449553 0.116663
vt 0.461661 0.136865
vt 0.471731 0.158156
vt 0.479666 0.180332
vt 0.485388 0.203178
vt 0.488844 0.226476
vt 0.490000 0.250000
vt 0.488844 0.273524
vt 0.485388 0.296822
vt 0.479666 0.319668
vt 0.471731 0.341844
vt 0.461661 0.363135
vt 0.449553 0.383337
vt 0.435522 0.402254
vt 0.419706 0.419706
vt 0.402254 0.435522
vt 0.383337 0.449553
vt 0.363135 0.461661
vt 0.341844 0.471731
vt 0.319668 0.479666
vt 0.296822 0.485388
vt 0.015625 1.000000
vt 0.015625 0.500000
vt 0.000000 1.000000
vt 0.000000 0.500000
vt 0.750000 0.490000
vt 0.773524 0.488844
vt 0.796822 0.485388
vt 0.819668 0.479666
vt 0.841844 0.471731
vt 0.863135 0.461661
vt 0.883337 0.449553
vt 0.902254 0.435522
vt 0.919706 0.419706
vt 0.935522 0.402254
vt 0.949553 0.383337
vt 0.961661 0.363135
vt 0.971731 0.341844
vt 0.979666 0.319668
vt 0.985388 0.296822
vt 0.988844 0.273524
vt 0.990000 0.250000
vt 0.988844 0.226476
vt 0.985388 0.203178
vt 0.979666 0.180332
vt 0.971731 0.158156
vt 0.961661 0.136865
vt 0.949553 0.116663
vt 0.935522 0.097746
vt 0.919706 0.080294
vt 0.902254 0.064477
vt 0.883337 0.050447
vt 0.863135 0.038339
vt 0.841844 0.028269
vt 0.819668 0.020334
vt 0.796822 0.014612
vt 0.773524 0.011156
vt 0.750000 0.010000
vt 0.726476 0.011156
vt 0.703178 0.014612
vt 0.680332 0.020334
vt 0.658156 0.028269
vt 0.636865 0.038339
vt 0.616663 0.050447
vt 0.597746 0.064477
vt 0.580294 0.080294
vt 0.564478 0.097746
vt 0.550447 0.116663
vt 0.538339 0.136865
vt 0.528269 0.158156
vt 0.520334 0.180332
vt 0.514612 0.203178
vt 0.511156 0.226476
vt 0.510000 0.250000
vt 0.511156 0.273524
vt 0.514612 0.296822
vt 0.520334 0.319668
vt 0.528269 0.341844
vt 0.538339 0.363135
vt 0.550447 0.383337
vt 0.564478 0.402254
vt 0.580294 0.419706
vt 0.597746 0.435522
vt 0.616663 0.449553
vt 0.636865 0.461661
vt 0.658156 0.471731
vt 0.680332 0.479666
vt 0.703178 0.485388
vt 0.726476 0.488844
s 0
usemtl reflective_gold.005
f 45/1/113 46/2/113 48/3/113 47/4/113
f 47/4/114 48/3/114 50/5/114 49/6/114
f 49/6/115 50/5/115 52/7/115 51/8/115
f 51/8/116 52/7/116 54/9/116 53/10/116
f 53/10/117 54/9/117 56/11/117 55/12/117
f 55/12/118 56/11/118 58/13/118 57/14/118
f 57/14/119 58/13/119 60/15/119 59/16/119
f 59/16/120 60/15/120 62/17/120 61/18/120
f 61/18/121 62/17/121 64/19/121 63/20/121
f 63/20/122 64/19/122 66/21/122 65/22/122
f 65/22/123 66/21/123 68/23/123 67/24/123
f 67/24/124 68/23/124 70/25/124 69/26/124
f 69/26/125 70/25/125 72/27/125 71/28/125
f 71/28/126 72/27/126 74/29/126 73/30/126
f 73/30/127 74/29/127 76/31/127 75/32/127
f 75/32/128 76/31/128 78/33/128 77/34/128
f 77/34/129 78/33/129 80/35/129 79/36/129
f 79/36/130 80/35/130 82/37/130 81/38/130
f 81/38/131 82/37/131 84/39/131 83/40/131
f 83/40/132 84/39/132 86/41/132 85/42/132
f 85/42/133 86/41/133 88/43/133 87/44/133
f 87/44/134 88/43/134 90/45/134 89/46/134
f 89/46/135 90/45/135 92/47/135 91/48/135
f 91/48/136 92/47/136 94/49/136 93/50/136
f 93/50/137 94/49/137 96/51/137 95/52/137
f 95/52/138 96/51/138 98/53/138 97/54/138
f 97/54/139 98/53/139 100/55/139 99/56/139
f 99/56/140 100/55/140 102/57/140 101/58/140
f 101/58/141 102/57/141 104/59/141 103/60/141
f 103/60/142 104/59/142 106/61/142 105/62/142
f 105/62/143 106/61/143 108/63/143 107/64/143
f 107/64/144 108/63/144 110/65/144 109/66/144
f 109/66/145 110/65/145 112/67/145 111/68/145
f 111/68/146 112/67/146 114/69/146 113/70/146
f 113/70/147 114/69/147 116/71/147 115/72/147
f 115/72/148 116/71/148 118/73/148 117/74/148
f 117/74/149 118/73/149 120/75/149 119/76/149
f 119/76/150 120/75/150 122/77/150 121/78/150
f 121/78/151 122/77/151 124/79/151 123/80/151
f 123/80/152 124/79/152 126/81/152 125/82/152
f 125/82/153 126/81/153 128/83/153 127/84/153
f 127/84/154 128/83/154 130/85/154 129/86/154
f 129/86/155 130/85/155 132/87/155 131/88/155
f 131/88/156 132/87/156 134/89/156 133/90/156
f 133/90/157 134/89/157 136/91/157 135/92/157
f 135/92/158 136/91/158 138/93/158 137/94/158
f 137/94/159 138/93/159 140/95/159 139/96/159
f 139/96/160 140/95/160 142/97/160 141/98/160
f 141/98/161 142/97/161 144/99/161 143/100/161
f 143/100/162 144/99/162 146/101/162 145/102/162
f 145/102/163 146/101/163 148/103/163 147/104/163
f 147/104/164 148/103/164 150/105/164 149/106/164
f 149/106/165 150/105/165 152/107/165 151/108/165
f 151/108/166 152/107/166 154/109/166 153/110/166
f 153/110/167 154/109/167 156/111/167 155/112/167
f 155/112/168 156/111/168 158/113/168 157/114/168
f 157/114/169 158/113/169 160/115/169 159/116/169
f 159/116/170 160/115/170 162/117/170 161/118/170
f 161/118/171 162/117/171 164/119/171 163/120/171
f 163/120/172 164/119/172 166/121/172 165/122/172
f 165/122/173 166/121/173 168/123/173 167/124/173
f 167/124/174 168/123/174 170/125/174 169/126/174
f 48/127/175 46/128/175 172/129/175 170/130/175 168/131/175 166/132/175 164/133/175 162/134/175 160/135/175 158/136/175 156/137/175 154/138/175 152/139/175 150/140/175 148/141/175 146/142/175 144/143/175 142/144/175 140/145/175 138/146/175 136/147/175 134/148/175 132/149/175 130/150/175 128/151/175 126/152/175 124/153/175 122/154/175 120/155/175 118/156/175 116/157/175 114/158/175 112/159/175 110/160/175 108/161/175 106/162/175 104/163/175 102/164/175 100/165/175 98/166/175 96/167/175 94/168/175 92/169/175 90/170/175 88/171/175 86/172/175 84/173/175 82/174/175 80/175/175 78/176/175 76/177/175 74/178/175 72/179/175 70/180/175 68/181/175 66/182/175 64/183/175 62/184/175 60/185/175 58/186/175 56/187/175 54/188/175 52/189/175 50/190/175
f 169/126/176 170/125/176 172/191/176 171/192/176
f 171/192/177 172/191/177 46/193/177 45/194/177
f 45/195/178 47/196/178 49/197/178 51/198/178 53/199/178 55/200/178 57/201/178 59/202/178 61/203/178 63/204/178 65/205/178 67/206/178 69/207/178 71/208/178 73/209/178 75/210/178 77/211/178 79/212/178 81/213/178 83/214/178 85/215/178 87/216/178 89/217/178 91/218/178 93/219/178 95/220/178 97/221/178 99/222/178 101/223/178 103/224/178 105/225/178 107/226/178 109/227/178 111/228/178 113/229/178 115/230/178 117/231/178 119/232/178 121/233/178 123/234/178 125/235/178 127/236/178 129/237/178 131/238/178 133/239/178 135/240/178 137/241/178 139/242/178 141/243/178 143/244/178 145/245/178 147/246/178 149/247/178 151/248/178 153/249/178 155/250/178 157/251/178 159/252/178 161/253/178 163/254/178 165/255/178 167/256/178 169/257/178 171/258/178
o topaz_display_base_black_gold
v 0.000000 -0.380000 -0.820000
v 0.000000 -0.100000 -0.820000
v 0.080374 -0.380000 -0.816051
v 0.080374 -0.100000 -0.816051
v 0.159974 -0.380000 -0.804244
v 0.159974 -0.100000 -0.804244
v 0.238033 -0.380000 -0.784691
v 0.238033 -0.100000 -0.784691
v 0.313800 -0.380000 -0.757581
v 0.313800 -0.100000 -0.757581
v 0.386545 -0.380000 -0.723175
v 0.386545 -0.100000 -0.723175
v 0.455568 -0.380000 -0.681805
v 0.455568 -0.100000 -0.681805
v 0.520203 -0.380000 -0.633869
v 0.520203 -0.100000 -0.633869
v 0.579828 -0.380000 -0.579828
v 0.579828 -0.100000 -0.579828
v 0.633869 -0.380000 -0.520203
v 0.633869 -0.100000 -0.520203
v 0.681805 -0.380000 -0.455568
v 0.681805 -0.100000 -0.455568
v 0.723175 -0.380000 -0.386545
v 0.723175 -0.100000 -0.386545
v 0.757581 -0.380000 -0.313800
v 0.757581 -0.100000 -0.313800
v 0.784691 -0.380000 -0.238033
v 0.784691 -0.100000 -0.238033
v 0.804244 -0.380000 -0.159974
v 0.804244 -0.100000 -0.159974
v 0.816051 -0.380000 -0.080374
v 0.816051 -0.100000 -0.080374
v 0.820000 -0.380000 0.000000
v 0.820000 -0.100000 0.000000
v 0.816051 -0.380000 0.080374
v 0.816051 -0.100000 0.080374
v 0.804244 -0.380000 0.159974
v 0.804244 -0.100000 0.159974
v 0.784691 -0.380000 0.238033
v 0.784691 -0.100000 0.238033
v 0.757581 -0.380000 0.313800
v 0.757581 -0.100000 0.313800
v 0.723175 -0.380000 0.386545
v 0.723175 -0.100000 0.386545
v 0.681805 -0.380000 0.455568
v 0.681805 -0.100000 0.455568
v 0.633869 -0.380000 0.520203
v 0.633869 -0.100000 0.520203
v 0.579828 -0.380000 0.579828
v 0.579828 -0.100000 0.579828
v 0.520203 -0.380000 0.633869
v 0.520203 -0.100000 0.633869
v 0.455568 -0.380000 0.681805
v 0.455568 -0.100000 0.681805
v 0.386545 -0.380000 0.723175
v 0.386545 -0.100000 0.723175
v 0.313800 -0.380000 0.757581
v 0.313800 -0.100000 0.757581
v 0.238033 -0.380000 0.784691
v 0.238033 -0.100000 0.784691
v 0.159974 -0.380000 0.804244
v 0.159974 -0.100000 0.804244
v 0.080374 -0.380000 0.816051
v 0.080374 -0.100000 0.816051
v 0.000000 -0.380000 0.820000
v 0.000000 -0.100000 0.820000
v -0.080374 -0.380000 0.816051
v -0.080374 -0.100000 0.816051
v -0.159974 -0.380000 0.804244
v -0.159974 -0.100000 0.804244
v -0.238033 -0.380000 0.784691
v -0.238033 -0.100000 0.784691
v -0.313800 -0.380000 0.757581
v -0.313800 -0.100000 0.757581
v -0.386545 -0.380000 0.723175
v -0.386545 -0.100000 0.723175
v -0.455568 -0.380000 0.681805
v -0.455568 -0.100000 0.681805
v -0.520203 -0.380000 0.633869
v -0.520203 -0.100000 0.633869
v -0.579828 -0.380000 0.579828
v -0.579828 -0.100000 0.579828
v -0.633869 -0.380000 0.520203
v -0.633869 -0.100000 0.520203
v -0.681805 -0.380000 0.455568
v -0.681805 -0.100000 0.455568
v -0.723175 -0.380000 0.386545
v -0.723175 -0.100000 0.386545
v -0.757581 -0.380000 0.313800
v -0.757581 -0.100000 0.313800
v -0.784691 -0.380000 0.238033
v -0.784691 -0.100000 0.238033
v -0.804244 -0.380000 0.159974
v -0.804244 -0.100000 0.159974
v -0.816051 -0.380000 0.080374
v -0.816051 -0.100000 0.080374
v -0.820000 -0.380000 0.000000
v -0.820000 -0.100000 0.000000
v -0.816051 -0.380000 -0.080374
v -0.816051 -0.100000 -0.080374
v -0.804244 -0.380000 -0.159974
v -0.804244 -0.100000 -0.159974
v -0.784691 -0.380000 -0.238033
v -0.784691 -0.100000 -0.238033
v -0.757581 -0.380000 -0.313800
v -0.757581 -0.100000 -0.313800
v -0.723175 -0.380000 -0.386545
v -0.723175 -0.100000 -0.386545
v -0.681805 -0.380000 -0.455568
v -0.681805 -0.100000 -0.455568
v -0.633869 -0.380000 -0.520203
v -0.633869 -0.100000 -0.520203
v -0.579828 -0.380000 -0.579828
v -0.579828 -0.100000 -0.579828
v -0.520203 -0.380000 -0.633869
v -0.520203 -0.100000 -0.633869
v -0.455568 -0.380000 -0.681805
v -0.455568 -0.100000 -0.681805
v -0.386545 -0.380000 -0.723175
v -0.386545 -0.100000 -0.723175
v -0.313800 -0.380000 -0.757581
v -0.313800 -0.100000 -0.757581
v -0.238033 -0.380000 -0.784691
v -0.238033 -0.100000 -0.784691
v -0.159974 -0.380000 -0.804244
v -0.159974 -0.100000 -0.804244
v -0.080374 -0.380000 -0.816051
v -0.080374 -0.100000 -0.816051
vn 0.0491 -0.0000 -0.9988
vn 0.1467 -0.0000 -0.9892
vn 0.2430 -0.0000 -0.9700
vn 0.3369 -0.0000 -0.9415
vn 0.4276 -0.0000 -0.9040
vn 0.5141 -0.0000 -0.8577
vn 0.5957 -0.0000 -0.8032
vn 0.6716 -0.0000 -0.7410
vn 0.7410 -0.0000 -0.6716
vn 0.8032 -0.0000 -0.5957
vn 0.8577 -0.0000 -0.5141
vn 0.9040 -0.0000 -0.4276
vn 0.9415 -0.0000 -0.3369
vn 0.9700 -0.0000 -0.2430
vn 0.9892 -0.0000 -0.1467
vn 0.9988 -0.0000 -0.0491
vn 0.9988 -0.0000 0.0491
vn 0.9892 -0.0000 0.1467
vn 0.9700 -0.0000 0.2430
vn 0.9415 -0.0000 0.3369
vn 0.9040 -0.0000 0.4276
vn 0.8577 -0.0000 0.5141
vn 0.8032 -0.0000 0.5957
vn 0.7410 -0.0000 0.6716
vn 0.6716 -0.0000 0.7410
vn 0.5957 -0.0000 0.8032
vn 0.5141 -0.0000 0.8577
vn 0.4276 -0.0000 0.9040
vn 0.3369 -0.0000 0.9415
vn 0.2430 -0.0000 0.9700
vn 0.1467 -0.0000 0.9892
vn 0.0491 -0.0000 0.9988
vn -0.0491 -0.0000 0.9988
vn -0.1467 -0.0000 0.9892
vn -0.2430 -0.0000 0.9700
vn -0.3369 -0.0000 0.9415
vn -0.4276 -0.0000 0.9040
vn -0.5141 -0.0000 0.8577
vn -0.5957 -0.0000 0.8032
vn -0.6716 -0.0000 0.7410
vn -0.7410 -0.0000 0.6716
vn -0.8032 -0.0000 0.5957
vn -0.8577 -0.0000 0.5141
vn -0.9040 -0.0000 0.4276
vn -0.9415 -0.0000 0.3369
vn -0.9700 -0.0000 0.2430
vn -0.9892 -0.0000 0.1467
vn -0.9988 -0.0000 0.0491
vn -0.9988 -0.0000 -0.0491
vn -0.9892 -0.0000 -0.1467
vn -0.9700 -0.0000 -0.2430
vn -0.9415 -0.0000 -0.3369
vn -0.9040 -0.0000 -0.4276
vn -0.8577 -0.0000 -0.5141
vn -0.8032 -0.0000 -0.5957
vn -0.7410 -0.0000 -0.6716
vn -0.6716 -0.0000 -0.7410
vn -0.5957 -0.0000 -0.8032
vn -0.5141 -0.0000 -0.8577
vn -0.4276 -0.0000 -0.9040
vn -0.3369 -0.0000 -0.9415
vn -0.2430 -0.0000 -0.9700
vn -0.0000 1.0000 -0.0000
vn -0.1467 -0.0000 -0.9892
vn -0.0491 -0.0000 -0.9988
vn -0.0000 -1.0000 -0.0000
vt 1.000000 0.500000
vt 1.000000 1.000000
vt 0.984375 1.000000
vt 0.984375 0.500000
vt 0.968750 1.000000
vt 0.968750 0.500000
vt 0.953125 1.000000
vt 0.953125 0.500000
vt 0.937500 1.000000
vt 0.937500 0.500000
vt 0.921875 1.000000
vt 0.921875 0.500000
vt 0.906250 1.000000
vt 0.906250 0.500000
vt 0.890625 1.000000
vt 0.890625 0.500000
vt 0.875000 1.000000
vt 0.875000 0.500000
vt 0.859375 1.000000
vt 0.859375 0.500000
vt 0.843750 1.000000
vt 0.843750 0.500000
vt 0.828125 1.000000
vt 0.828125 0.500000
vt 0.812500 1.000000
vt 0.812500 0.500000
vt 0.796875 1.000000
vt 0.796875 0.500000
vt 0.781250 1.000000
vt 0.781250 0.500000
vt 0.765625 1.000000
vt 0.765625 0.500000
vt 0.750000 1.000000
vt 0.750000 0.500000
vt 0.734375 1.000000
vt 0.734375 0.500000
vt 0.718750 1.000000
vt 0.718750 0.500000
vt 0.703125 1.000000
vt 0.703125 0.500000
vt 0.687500 1.000000
vt 0.687500 0.500000
vt 0.671875 1.000000
vt 0.671875 0.500000
vt 0.656250 1.000000
vt 0.656250 0.500000
vt 0.640625 1.000000
vt 0.640625 0.500000
vt 0.625000 1.000000
vt 0.625000 0.500000
vt 0.609375 1.000000
vt 0.609375 0.500000
vt 0.593750 1.000000
vt 0.593750 0.500000
vt 0.578125 1.000000
vt 0.578125 0.500000
vt 0.562500 1.000000
vt 0.562500 0.500000
vt 0.546875 1.000000
vt 0.546875 0.500000
vt 0.531250 1.000000
vt 0.531250 0.500000
vt 0.515625 1.000000
vt 0.515625 0.500000
vt 0.500000 1.000000
vt 0.500000 0.500000
vt 0.484375 1.000000
vt 0.484375 0.500000
vt 0.468750 1.000000
vt 0.468750 0.500000
vt 0.453125 1.000000
vt 0.453125 0.500000
vt 0.437500 1.000000
vt 0.437500 0.500000
vt 0.421875 1.000000
vt 0.421875 0.500000
vt 0.406250 1.000000
vt 0.406250 0.500000
vt 0.390625 1.000000
vt 0.390625 0.500000
vt 0.375000 1.000000
vt 0.375000 0.500000
vt 0.359375 1.000000
vt 0.359375 0.500000
vt 0.343750 1.000000
vt 0.343750 0.500000
vt 0.328125 1.000000
vt 0.328125 0.500000
vt 0.312500 1.000000
vt 0.312500 0.500000
vt 0.296875 1.000000
vt 0.296875 0.500000
vt 0.281250 1.000000
vt 0.281250 0.500000
vt 0.265625 1.000000
vt 0.265625 0.500000
vt 0.250000 1.000000
vt 0.250000 0.500000
vt 0.234375 1.000000
vt 0.234375 0.500000
vt 0.218750 1.000000
vt 0.218750 0.500000
vt 0.203125 1.000000
vt 0.203125 0.500000
vt 0.187500 1.000000
vt 0.187500 0.500000
vt 0.171875 1.000000
vt 0.171875 0.500000
vt 0.156250 1.000000
vt 0.156250 0.500000
vt 0.140625 1.000000
vt 0.140625 0.500000
vt 0.125000 1.000000
vt 0.125000 0.500000
vt 0.109375 1.000000
vt 0.109375 0.500000
vt 0.093750 1.000000
vt 0.093750 0.500000
vt 0.078125 1.000000
vt 0.078125 0.500000
vt 0.062500 1.000000
vt 0.062500 0.500000
vt 0.046875 1.000000
vt 0.046875 0.500000
vt 0.031250 1.000000
vt 0.031250 0.500000
vt 0.273524 0.488844
vt 0.250000 0.490000
vt 0.226476 0.488844
vt 0.203178 0.485388
vt 0.180332 0.479666
vt 0.158156 0.471731
vt 0.136865 0.461661
vt 0.116663 0.449553
vt 0.097746 0.435522
vt 0.080294 0.419706
vt 0.064478 0.402254
vt 0.050447 0.383337
vt 0.038339 0.363135
vt 0.028269 0.341844
vt 0.020334 0.319668
vt 0.014612 0.296822
vt 0.011156 0.273524
vt 0.010000 0.250000
vt 0.011156 0.226476
vt 0.014612 0.203178
vt 0.020334 0.180332
vt 0.028269 0.158156
vt 0.038339 0.136865
vt 0.050447 0.116663
vt 0.064478 0.097746
vt 0.080294 0.080294
vt 0.097746 0.064478
vt 0.116663 0.050447
vt 0.136865 0.038339
vt 0.158156 0.028269
vt 0.180332 0.020334
vt 0.203178 0.014612
vt 0.226476 0.011156
vt 0.250000 0.010000
vt 0.273524 0.011156
vt 0.296822 0.014612
vt 0.319668 0.020334
vt 0.341844 0.028269
vt 0.363135 0.038339
vt 0.383337 0.050447
vt 0.402254 0.064478
vt 0.419706 0.080294
vt 0.435522 0.097746
vt 0.449553 0.116663
vt 0.461661 0.136865
vt 0.471731 0.158156
vt 0.479666 0.180332
vt 0.485388 0.203178
vt 0.488844 0.226476
vt 0.490000 0.250000
vt 0.488844 0.273524
vt 0.485388 0.296822
vt 0.479666 0.319668
vt 0.471731 0.341844
vt 0.461661 0.363135
vt 0.449553 0.383337
vt 0.435522 0.402254
vt 0.419706 0.419706
vt 0.402254 0.435522
vt 0.383337 0.449553
vt 0.363135 0.461661
vt 0.341844 0.471731
vt 0.319668 0.479666
vt 0.296822 0.485388
vt 0.015625 1.000000
vt 0.015625 0.500000
vt 0.000000 1.000000
vt 0.000000 0.500000
vt 0.750000 0.490000
vt 0.773524 0.488844
vt 0.796822 0.485388
vt 0.819668 0.479666
vt 0.841844 0.471731
vt 0.863135 0.461661
vt 0.883337 0.449553
vt 0.902254 0.435522
vt 0.919706 0.419706
vt 0.935522 0.402254
vt 0.949553 0.383337
vt 0.961661 0.363135
vt 0.971731 0.341844
vt 0.979666 0.319668
vt 0.985388 0.296822
vt 0.988844 0.273524
vt 0.990000 0.250000
vt 0.988844 0.226476
vt 0.985388 0.203178
vt 0.979666 0.180332
vt 0.971731 0.158156
vt 0.961661 0.136865
vt 0.949553 0.116663
vt 0.935522 0.097746
vt 0.919706 0.080294
vt 0.902254 0.064478
vt 0.883337 0.050447
vt 0.863135 0.038339
vt 0.841844 0.028269
vt 0.819668 0.020334
vt 0.796822 0.014612
vt 0.773524 0.011156
vt 0.750000 0.010000
vt 0.726476 0.011156
vt 0.703178 0.014612
vt 0.680332 0.020334
vt 0.658156 0.028269
vt 0.636865 0.038339
vt 0.616663 0.050447
vt 0.597746 0.064478
vt 0.580294 0.080294
vt 0.564478 0.097746
vt 0.550447 0.116663
vt 0.538339 0.136865
vt 0.528269 0.158156
vt 0.520334 0.180332
vt 0.514612 0.203178
vt 0.511156 0.226476
vt 0.510000 0.250000
vt 0.511156 0.273524
vt 0.514612 0.296822
vt 0.520334 0.319668
vt 0.528269 0.341844
vt 0.538339 0.363135
vt 0.550447 0.383337
vt 0.564478 0.402254
vt 0.580294 0.419706
vt 0.597746 0.435522
vt 0.616663 0.449553
vt 0.636865 0.461661
vt 0.658156 0.471731
vt 0.680332 0.479666
vt 0.703178 0.485388
vt 0.726476 0.488844
s 0
usemtl black_enamel.005
f 173/259/179 174/260/179 176/261/179 175/262/179
f 175/262/180 176/261/180 178/263/180 177/264/180
f 177/264/181 178/263/181 180/265/181 179/266/181
f 179/266/182 180/265/182 182/267/182 181/268/182
f 181/268/183 182/267/183 184/269/183 183/270/183
f 183/270/184 184/269/184 186/271/184 185/272/184
f 185/272/185 186/271/185 188/273/185 187/274/185
f 187/274/186 188/273/186 190/275/186 189/276/186
f 189/276/187 190/275/187 192/277/187 191/278/187
f 191/278/188 192/277/188 194/279/188 193/280/188
f 193/280/189 194/279/189 196/281/189 195/282/189
f 195/282/190 196/281/190 198/283/190 197/284/190
f 197/284/191 198/283/191 200/285/191 199/286/191
f 199/286/192 200/285/192 202/287/192 201/288/192
f 201/288/193 202/287/193 204/289/193 203/290/193
f 203/290/194 204/289/194 206/291/194 205/292/194
f 205/292/195 206/291/195 208/293/195 207/294/195
f 207/294/196 208/293/196 210/295/196 209/296/196
f 209/296/197 210/295/197 212/297/197 211/298/197
f 211/298/198 212/297/198 214/299/198 213/300/198
f 213/300/199 214/299/199 216/301/199 215/302/199
f 215/302/200 216/301/200 218/303/200 217/304/200
f 217/304/201 218/303/201 220/305/201 219/306/201
f 219/306/202 220/305/202 222/307/202 221/308/202
f 221/308/203 222/307/203 224/309/203 223/310/203
f 223/310/204 224/309/204 226/311/204 225/312/204
f 225/312/205 226/311/205 228/313/205 227/314/205
f 227/314/206 228/313/206 230/315/206 229/316/206
f 229/316/207 230/315/207 232/317/207 231/318/207
f 231/318/208 232/317/208 234/319/208 233/320/208
f 233/320/209 234/319/209 236/321/209 235/322/209
f 235/322/210 236/321/210 238/323/210 237/324/210
f 237/324/211 238/323/211 240/325/211 239/326/211
f 239/326/212 240/325/212 242/327/212 241/328/212
f 241/328/213 242/327/213 244/329/213 243/330/213
f 243/330/214 244/329/214 246/331/214 245/332/214
f 245/332/215 246/331/215 248/333/215 247/334/215
f 247/334/216 248/333/216 250/335/216 249/336/216
f 249/336/217 250/335/217 252/337/217 251/338/217
f 251/338/218 252/337/218 254/339/218 253/340/218
f 253/340/219 254/339/219 256/341/219 255/342/219
f 255/342/220 256/341/220 258/343/220 257/344/220
f 257/344/221 258/343/221 260/345/221 259/346/221
f 259/346/222 260/345/222 262/347/222 261/348/222
f 261/348/223 262/347/223 264/349/223 263/350/223
f 263/350/224 264/349/224 266/351/224 265/352/224
f 265/352/225 266/351/225 268/353/225 267/354/225
f 267/354/226 268/353/226 270/355/226 269/356/226
f 269/356/227 270/355/227 272/357/227 271/358/227
f 271/358/228 272/357/228 274/359/228 273/360/228
f 273/360/229 274/359/229 276/361/229 275/362/229
f 275/362/230 276/361/230 278/363/230 277/364/230
f 277/364/231 278/363/231 280/365/231 279/366/231
f 279/366/232 280/365/232 282/367/232 281/368/232
f 281/368/233 282/367/233 284/369/233 283/370/233
f 283/370/234 284/369/234 286/371/234 285/372/234
f 285/372/235 286/371/235 288/373/235 287/374/235
f 287/374/236 288/373/236 290/375/236 289/376/236
f 289/376/237 290/375/237 292/377/237 291/378/237
f 291/378/238 292/377/238 294/379/238 293/380/238
f 293/380/239 294/379/239 296/381/239 295/382/239
f 295/382/240 296/381/240 298/383/240 297/384/240
f 176/385/241 174/386/241 300/387/241 298/388/241 296/389/241 294/390/241 292/391/241 290/392/241 288/393/241 286/394/241 284/395/241 282/396/241 280/397/241 278/398/241 276/399/241 274/400/241 272/401/241 270/402/241 268/403/241 266/404/241 264/405/241 262/406/241 260/407/241 258/408/241 256/409/241 254/410/241 252/411/241 250/412/241 248/413/241 246/414/241 244/415/241 242/416/241 240/417/241 238/418/241 236/419/241 234/420/241 232/421/241 230/422/241 228/423/241 226/424/241 224/425/241 222/426/241 220/427/241 218/428/241 216/429/241 214/430/241 212/431/241 210/432/241 208/433/241 206/434/241 204/435/241 202/436/241 200/437/241 198/438/241 196/439/241 194/440/241 192/441/241 190/442/241 188/443/241 186/444/241 184/445/241 182/446/241 180/447/241 178/448/241
f 297/384/242 298/383/242 300/449/242 299/450/242
f 299/450/243 300/449/243 174/451/243 173/452/243
f 173/453/244 175/454/244 177/455/244 179/456/244 181/457/244 183/458/244 185/459/244 187/460/244 189/461/244 191/462/244 193/463/244 195/464/244 197/465/244 199/466/244 201/467/244 203/468/244 205/469/244 207/470/244 209/471/244 211/472/244 213/473/244 215/474/244 217/475/244 219/476/244 221/477/244 223/478/244 225/479/244 227/480/244 229/481/244 231/482/244 233/483/244 235/484/244 237/485/244 239/486/244 241/487/244 243/488/244 245/489/244 247/490/244 249/491/244 251/492/244 253/493/244 255/494/244 257/495/244 259/496/244 261/497/244 263/498/244 265/499/244 267/500/244 269/501/244 271/502/244 273/503/244 275/504/244 277/505/244 279/506/244 281/507/244 283/508/244 285/509/244 287/510/244 289/511/244 291/512/244 293/513/244 295/514/244 297/515/244 299/516/244
o topaz_gold_base_ring
v 0.655000 0.100000 0.000000
v 0.644749 0.124749 0.000000
v 0.620000 0.135000 0.000000
v 0.595251 0.124749 0.000000
v 0.585000 0.100000 0.000000
v 0.595251 0.075251 0.000000
v 0.620000 0.065000 0.000000
v 0.644749 0.075251 0.000000
v 0.651846 0.100000 -0.064201
v 0.641644 0.124749 -0.063196
v 0.617015 0.135000 -0.060771
v 0.592385 0.124749 -0.058345
v 0.582183 0.100000 -0.057340
v 0.592385 0.075251 -0.058345
v 0.617015 0.065000 -0.060771
v 0.641644 0.075251 -0.063196
v 0.642414 0.100000 -0.127784
v 0.632360 0.124749 -0.125784
v 0.608087 0.135000 -0.120956
v 0.583814 0.124749 -0.116128
v 0.573759 0.100000 -0.114128
v 0.583814 0.075251 -0.116128
v 0.608087 0.065000 -0.120956
v 0.632360 0.075251 -0.125784
v 0.626796 0.100000 -0.190137
v 0.616986 0.124749 -0.187161
v 0.593303 0.135000 -0.179977
v 0.569620 0.124749 -0.172792
v 0.559810 0.100000 -0.169817
v 0.569620 0.075251 -0.172792
v 0.593303 0.065000 -0.179977
v 0.616986 0.075251 -0.187161
v 0.605141 0.100000 -0.250658
v 0.595670 0.124749 -0.246735
v 0.572805 0.135000 -0.237264
v 0.549940 0.124749 -0.227793
v 0.540470 0.100000 -0.223870
v 0.549940 0.075251 -0.227793
v 0.572805 0.065000 -0.237264
v 0.595670 0.075251 -0.246735
v 0.577658 0.100000 -0.308765
v 0.568618 0.124749 -0.303932
v 0.546791 0.135000 -0.292266
v 0.524965 0.124749 -0.280599
v 0.515924 0.100000 -0.275767
v 0.524965 0.075251 -0.280599
v 0.546791 0.065000 -0.292266
v 0.568618 0.075251 -0.303932
v 0.544613 0.100000 -0.363899
v 0.536089 0.124749 -0.358203
v 0.515511 0.135000 -0.344454
v 0.494933 0.124749 -0.330704
v 0.486410 0.100000 -0.325009
v 0.494933 0.075251 -0.330704
v 0.515511 0.065000 -0.344454
v 0.536089 0.075251 -0.358203
v 0.506322 0.100000 -0.415528
v 0.498397 0.124749 -0.409024
v 0.479266 0.135000 -0.393324
v 0.460135 0.124749 -0.377623
v 0.452211 0.100000 -0.371120
v 0.460135 0.075251 -0.377623
v 0.479266 0.065000 -0.393324
v 0.498397 0.075251 -0.409024
v 0.463155 0.100000 -0.463155
v 0.455906 0.124749 -0.455906
v 0.438406 0.135000 -0.438406
v 0.420906 0.124749 -0.420906
v 0.413657 0.100000 -0.413657
v 0.420906 0.075251 -0.420906
v 0.438406 0.065000 -0.438406
v 0.455906 0.075251 -0.455906
v 0.415528 0.100000 -0.506322
v 0.409024 0.124749 -0.498397
v 0.393324 0.135000 -0.479266
v 0.377623 0.124749 -0.460135
v 0.371120 0.100000 -0.452211
v 0.377623 0.075251 -0.460135
v 0.393324 0.065000 -0.479266
v 0.409024 0.075251 -0.498397
v 0.363898 0.100000 -0.544613
v 0.358203 0.124749 -0.536089
v 0.344453 0.135000 -0.515511
v 0.330704 0.124749 -0.494933
v 0.325009 0.100000 -0.486410
v 0.330704 0.075251 -0.494933
v 0.344453 0.065000 -0.515511
v 0.358203 0.075251 -0.536089
v 0.308765 0.100000 -0.577658
v 0.303932 0.124749 -0.568618
v 0.292266 0.135000 -0.546791
v 0.280600 0.124749 -0.524965
v 0.275767 0.100000 -0.515924
v 0.280600 0.075251 -0.524965
v 0.292266 0.065000 -0.546791
v 0.303932 0.075251 -0.568618
v 0.250658 0.100000 -0.605141
v 0.246735 0.124749 -0.595670
v 0.237264 0.135000 -0.572805
v 0.227793 0.124749 -0.549940
v 0.223870 0.100000 -0.540469
v 0.227793 0.075251 -0.549940
v 0.237264 0.065000 -0.572805
v 0.246735 0.075251 -0.595670
v 0.190136 0.100000 -0.626796
v 0.187161 0.124749 -0.616986
v 0.179976 0.135000 -0.593303
v 0.172792 0.124749 -0.569620
v 0.169817 0.100000 -0.559810
v 0.172792 0.075251 -0.569620
v 0.179976 0.065000 -0.593303
v 0.187161 0.075251 -0.616986
v 0.127784 0.100000 -0.642414
v 0.125784 0.124749 -0.632360
v 0.120956 0.135000 -0.608087
v 0.116128 0.124749 -0.583814
v 0.114128 0.100000 -0.573759
v 0.116128 0.075251 -0.583814
v 0.120956 0.065000 -0.608087
v 0.125784 0.075251 -0.632360
v 0.064201 0.100000 -0.651846
v 0.063196 0.124749 -0.641644
v 0.060771 0.135000 -0.617015
v 0.058345 0.124749 -0.592385
v 0.057340 0.100000 -0.582183
v 0.058345 0.075251 -0.592385
v 0.060771 0.065000 -0.617015
v 0.063196 0.075251 -0.641644
v 0.000000 0.100000 -0.655000
v 0.000000 0.124749 -0.644749
v 0.000000 0.135000 -0.620000
v 0.000000 0.124749 -0.595251
v 0.000000 0.100000 -0.585000
v 0.000000 0.075251 -0.595251
v 0.000000 0.065000 -0.620000
v 0.000000 0.075251 -0.644749
v -0.064201 0.100000 -0.651846
v -0.063197 0.124749 -0.641644
v -0.060771 0.135000 -0.617015
v -0.058345 0.124749 -0.592385
v -0.057340 0.100000 -0.582183
v -0.058345 0.075251 -0.592385
v -0.060771 0.065000 -0.617015
v -0.063197 0.075251 -0.641644
v -0.127784 0.100000 -0.642414
v -0.125784 0.124749 -0.632360
v -0.120956 0.135000 -0.608087
v -0.116128 0.124749 -0.583814
v -0.114128 0.100000 -0.573759
v -0.116128 0.075251 -0.583814
v -0.120956 0.065000 -0.608087
v -0.125784 0.075251 -0.632360
v -0.190136 0.100000 -0.626796
v -0.187161 0.124749 -0.616986
v -0.179976 0.135000 -0.593303
v -0.172792 0.124749 -0.569620
v -0.169816 0.100000 -0.559810
v -0.172792 0.075251 -0.569620
v -0.179976 0.065000 -0.593303
v -0.187161 0.075251 -0.616986
v -0.250658 0.100000 -0.605141
v -0.246735 0.124749 -0.595670
v -0.237264 0.135000 -0.572805
v -0.227793 0.124749 -0.549940
v -0.223870 0.100000 -0.540469
v -0.227793 0.075251 -0.549940
v -0.237264 0.065000 -0.572805
v -0.246735 0.075251 -0.595670
v -0.308765 0.100000 -0.577658
v -0.303932 0.124749 -0.568618
v -0.292266 0.135000 -0.546791
v -0.280599 0.124749 -0.524965
v -0.275767 0.100000 -0.515924
v -0.280599 0.075251 -0.524965
v -0.292266 0.065000 -0.546791
v -0.303932 0.075251 -0.568618
v -0.363898 0.100000 -0.544613
v -0.358203 0.124749 -0.536089
v -0.344453 0.135000 -0.515511
v -0.330704 0.124749 -0.494933
v -0.325008 0.100000 -0.486410
v -0.330704 0.075251 -0.494933
v -0.344453 0.065000 -0.515511
v -0.358203 0.075251 -0.536089
v -0.415528 0.100000 -0.506322
v -0.409024 0.124749 -0.498398
v -0.393324 0.135000 -0.479266
v -0.377623 0.124749 -0.460135
v -0.371120 0.100000 -0.452211
v -0.377623 0.075251 -0.460135
v -0.393324 0.065000 -0.479266
v -0.409024 0.075251 -0.498398
v -0.463155 0.100000 -0.463155
v -0.455906 0.124749 -0.455906
v -0.438406 0.135000 -0.438406
v -0.420906 0.124749 -0.420906
v -0.413658 0.100000 -0.413657
v -0.420906 0.075251 -0.420906
v -0.438406 0.065000 -0.438406
v -0.455906 0.075251 -0.455906
v -0.506322 0.100000 -0.415528
v -0.498398 0.124749 -0.409024
v -0.479266 0.135000 -0.393324
v -0.460135 0.124749 -0.377623
v -0.452211 0.100000 -0.371120
v -0.460135 0.075251 -0.377623
v -0.479266 0.065000 -0.393324
v -0.498398 0.075251 -0.409024
v -0.544613 0.100000 -0.363899
v -0.536089 0.124749 -0.358203
v -0.515511 0.135000 -0.344454
v -0.494933 0.124749 -0.330704
v -0.486410 0.100000 -0.325009
v -0.494933 0.075251 -0.330704
v -0.515511 0.065000 -0.344454
v -0.536089 0.075251 -0.358203
v -0.577659 0.100000 -0.308765
v -0.568618 0.124749 -0.303932
v -0.546791 0.135000 -0.292266
v -0.524965 0.124749 -0.280599
v -0.515924 0.100000 -0.275767
v -0.524965 0.075251 -0.280599
v -0.546791 0.065000 -0.292266
v -0.568618 0.075251 -0.303932
v -0.605141 0.100000 -0.250658
v -0.595670 0.124749 -0.246735
v -0.572805 0.135000 -0.237264
v -0.549940 0.124749 -0.227793
v -0.540469 0.100000 -0.223870
v -0.549940 0.075251 -0.227793
v -0.572805 0.065000 -0.237264
v -0.595670 0.075251 -0.246735
v -0.626796 0.100000 -0.190137
v -0.616986 0.124749 -0.187161
v -0.593303 0.135000 -0.179977
v -0.569620 0.124749 -0.172792
v -0.559810 0.100000 -0.169817
v -0.569620 0.075251 -0.172792
v -0.593303 0.065000 -0.179977
v -0.616986 0.075251 -0.187161
v -0.642414 0.100000 -0.127784
v -0.632360 0.124749 -0.125784
v -0.608087 0.135000 -0.120956
v -0.583814 0.124749 -0.116128
v -0.573759 0.100000 -0.114128
v -0.583814 0.075251 -0.116128
v -0.608087 0.065000 -0.120956
v -0.632360 0.075251 -0.125784
v -0.651846 0.100000 -0.064201
v -0.641644 0.124749 -0.063196
v -0.617015 0.135000 -0.060770
v -0.592385 0.124749 -0.058345
v -0.582183 0.100000 -0.057340
v -0.592385 0.075251 -0.058345
v -0.617015 0.065000 -0.060770
v -0.641644 0.075251 -0.063196
v -0.655000 0.100000 -0.000000
v -0.644749 0.124749 -0.000000
v -0.620000 0.135000 -0.000000
v -0.595251 0.124749 -0.000000
v -0.585000 0.100000 -0.000000
v -0.595251 0.075251 -0.000000
v -0.620000 0.065000 -0.000000
v -0.644749 0.075251 -0.000000
v -0.651846 0.100000 0.064201
v -0.641644 0.124749 0.063196
v -0.617015 0.135000 0.060770
v -0.592385 0.124749 0.058345
v -0.582183 0.100000 0.057340
v -0.592385 0.075251 0.058345
v -0.617015 0.065000 0.060770
v -0.641644 0.075251 0.063196
v -0.642414 0.100000 0.127784
v -0.632360 0.124749 0.125784
v -0.608087 0.135000 0.120956
v -0.583814 0.124749 0.116128
v -0.573759 0.100000 0.114128
v -0.583814 0.075251 0.116128
v -0.608087 0.065000 0.120956
v -0.632360 0.075251 0.125784
v -0.626796 0.100000 0.190136
v -0.616986 0.124749 0.187161
v -0.593303 0.135000 0.179976
v -0.569620 0.124749 0.172792
v -0.559810 0.100000 0.169816
v -0.569620 0.075251 0.172792
v -0.593303 0.065000 0.179976
v -0.616986 0.075251 0.187161
v -0.605141 0.100000 0.250657
v -0.595670 0.124749 0.246734
v -0.572805 0.135000 0.237264
v -0.549941 0.124749 0.227793
v -0.540470 0.100000 0.223870
v -0.549941 0.075251 0.227793
v -0.572805 0.065000 0.237264
v -0.595670 0.075251 0.246734
v -0.577659 0.100000 0.308765
v -0.568618 0.124749 0.303932
v -0.546791 0.135000 0.292266
v -0.524965 0.124749 0.280599
v -0.515924 0.100000 0.275767
v -0.524965 0.075251 0.280599
v -0.546791 0.065000 0.292266
v -0.568618 0.075251 0.303932
v -0.544613 0.100000 0.363899
v -0.536089 0.124749 0.358203
v -0.515511 0.135000 0.344454
v -0.494933 0.124749 0.330704
v -0.486410 0.100000 0.325009
v -0.494933 0.075251 0.330704
v -0.515511 0.065000 0.344454
v -0.536089 0.075251 0.358203
v -0.506322 0.100000 0.415527
v -0.498398 0.124749 0.409024
v -0.479267 0.135000 0.393324
v -0.460136 0.124749 0.377623
v -0.452211 0.100000 0.371120
v -0.460136 0.075251 0.377623
v -0.479267 0.065000 0.393324
v -0.498398 0.075251 0.409024
v -0.463155 0.100000 0.463155
v -0.455906 0.124749 0.455906
v -0.438406 0.135000 0.438406
v -0.420906 0.124749 0.420906
v -0.413658 0.100000 0.413657
v -0.420906 0.075251 0.420906
v -0.438406 0.065000 0.438406
v -0.455906 0.075251 0.455906
v -0.415528 0.100000 0.506322
v -0.409024 0.124749 0.498398
v -0.393324 0.135000 0.479266
v -0.377623 0.124749 0.460135
v -0.371120 0.100000 0.452211
v -0.377623 0.075251 0.460135
v -0.393324 0.065000 0.479266
v -0.409024 0.075251 0.498398
v -0.363899 0.100000 0.544612
v -0.358204 0.124749 0.536089
v -0.344454 0.135000 0.515511
v -0.330704 0.124749 0.494933
v -0.325009 0.100000 0.486409
v -0.330704 0.075251 0.494933
v -0.344454 0.065000 0.515511
v -0.358204 0.075251 0.536089
v -0.308765 0.100000 0.577658
v -0.303933 0.124749 0.568618
v -0.292266 0.135000 0.546791
v -0.280600 0.124749 0.524965
v -0.275767 0.100000 0.515924
v -0.280600 0.075251 0.524965
v -0.292266 0.065000 0.546791
v -0.303933 0.075251 0.568618
v -0.250658 0.100000 0.605141
v -0.246735 0.124749 0.595670
v -0.237264 0.135000 0.572805
v -0.227793 0.124749 0.549940
v -0.223870 0.100000 0.540469
v -0.227793 0.075251 0.549940
v -0.237264 0.065000 0.572805
v -0.246735 0.075251 0.595670
v -0.190136 0.100000 0.626796
v -0.187161 0.124749 0.616986
v -0.179976 0.135000 0.593303
v -0.172792 0.124749 0.569620
v -0.169816 0.100000 0.559810
v -0.172792 0.075251 0.569620
v -0.179976 0.065000 0.593303
v -0.187161 0.075251 0.616986
v -0.127784 0.100000 0.642414
v -0.125785 0.124749 0.632360
v -0.120956 0.135000 0.608087
v -0.116128 0.124749 0.583814
v -0.114128 0.100000 0.573759
v -0.116128 0.075251 0.583814
v -0.120956 0.065000 0.608087
v -0.125785 0.075251 0.632360
v -0.064201 0.100000 0.651846
v -0.063197 0.124749 0.641644
v -0.060771 0.135000 0.617015
v -0.058345 0.124749 0.592385
v -0.057340 0.100000 0.582183
v -0.058345 0.075251 0.592385
v -0.060771 0.065000 0.617015
v -0.063197 0.075251 0.641644
v 0.000000 0.100000 0.655000
v 0.000000 0.124749 0.644749
v 0.000000 0.135000 0.620000
v 0.000000 0.124749 0.595251
v 0.000000 0.100000 0.585000
v 0.000000 0.075251 0.595251
v 0.000000 0.065000 0.620000
v 0.000000 0.075251 0.644749
v 0.064201 0.100000 0.651846
v 0.063196 0.124749 0.641644
v 0.060770 0.135000 0.617015
v 0.058344 0.124749 0.592385
v 0.057340 0.100000 0.582183
v 0.058344 0.075251 0.592385
v 0.060770 0.065000 0.617015
v 0.063196 0.075251 0.641644
v 0.127784 0.100000 0.642414
v 0.125784 0.124749 0.632360
v 0.120956 0.135000 0.608087
v 0.116128 0.124749 0.583814
v 0.114128 0.100000 0.573759
v 0.116128 0.075251 0.583814
v 0.120956 0.065000 0.608087
v 0.125784 0.075251 0.632360
v 0.190136 0.100000 0.626796
v 0.187161 0.124749 0.616986
v 0.179976 0.135000 0.593303
v 0.172792 0.124749 0.569620
v 0.169817 0.100000 0.559810
v 0.172792 0.075251 0.569620
v 0.179976 0.065000 0.593303
v 0.187161 0.075251 0.616986
v 0.250658 0.100000 0.605141
v 0.246735 0.124749 0.595670
v 0.237264 0.135000 0.572805
v 0.227793 0.124749 0.549940
v 0.223870 0.100000 0.540469
v 0.227793 0.075251 0.549940
v 0.237264 0.065000 0.572805
v 0.246735 0.075251 0.595670
v 0.308765 0.100000 0.577659
v 0.303932 0.124749 0.568618
v 0.292266 0.135000 0.546791
v 0.280599 0.124749 0.524965
v 0.275767 0.100000 0.515924
v 0.280599 0.075251 0.524965
v 0.292266 0.065000 0.546791
v 0.303932 0.075251 0.568618
v 0.363898 0.100000 0.544613
v 0.358203 0.124749 0.536089
v 0.344453 0.135000 0.515511
v 0.330704 0.124749 0.494933
v 0.325009 0.100000 0.486410
v 0.330704 0.075251 0.494933
v 0.344453 0.065000 0.515511
v 0.358203 0.075251 0.536089
v 0.415528 0.100000 0.506322
v 0.409024 0.124749 0.498397
v 0.393324 0.135000 0.479266
v 0.377623 0.124749 0.460135
v 0.371120 0.100000 0.452211
v 0.377623 0.075251 0.460135
v 0.393324 0.065000 0.479266
v 0.409024 0.075251 0.498397
v 0.463155 0.100000 0.463155
v 0.455906 0.124749 0.455906
v 0.438406 0.135000 0.438406
v 0.420906 0.124749 0.420906
v 0.413657 0.100000 0.413658
v 0.420906 0.075251 0.420906
v 0.438406 0.065000 0.438406
v 0.455906 0.075251 0.455906
v 0.506322 0.100000 0.415528
v 0.498397 0.124749 0.409024
v 0.479266 0.135000 0.393324
v 0.460135 0.124749 0.377624
v 0.452211 0.100000 0.371120
v 0.460135 0.075251 0.377624
v 0.479266 0.065000 0.393324
v 0.498397 0.075251 0.409024
v 0.544613 0.100000 0.363899
v 0.536089 0.124749 0.358203
v 0.515511 0.135000 0.344454
v 0.494933 0.124749 0.330704
v 0.486410 0.100000 0.325009
v 0.494933 0.075251 0.330704
v 0.515511 0.065000 0.344454
v 0.536089 0.075251 0.358203
v 0.577659 0.100000 0.308765
v 0.568618 0.124749 0.303932
v 0.546791 0.135000 0.292266
v 0.524965 0.124749 0.280599
v 0.515924 0.100000 0.275767
v 0.524965 0.075251 0.280599
v 0.546791 0.065000 0.292266
v 0.568618 0.075251 0.303932
v 0.605141 0.100000 0.250658
v 0.595670 0.124749 0.246735
v 0.572805 0.135000 0.237264
v 0.549940 0.124749 0.227793
v 0.540469 0.100000 0.223870
v 0.549940 0.075251 0.227793
v 0.572805 0.065000 0.237264
v 0.595670 0.075251 0.246735
v 0.626796 0.100000 0.190137
v 0.616986 0.124749 0.187161
v 0.593303 0.135000 0.179977
v 0.569620 0.124749 0.172792
v 0.559810 0.100000 0.169817
v 0.569620 0.075251 0.172792
v 0.593303 0.065000 0.179977
v 0.616986 0.075251 0.187161
v 0.642414 0.100000 0.127784
v 0.632360 0.124749 0.125784
v 0.608087 0.135000 0.120956
v 0.583814 0.124749 0.116128
v 0.573759 0.100000 0.114128
v 0.583814 0.075251 0.116128
v 0.608087 0.065000 0.120956
v 0.632360 0.075251 0.125784
v 0.651846 0.100000 0.064202
v 0.641644 0.124749 0.063197
v 0.617014 0.135000 0.060771
v 0.592385 0.124749 0.058345
v 0.582183 0.100000 0.057340
v 0.592385 0.075251 0.058345
v 0.617014 0.065000 0.060771
v 0.641644 0.075251 0.063197
vn 0.9229 0.3823 -0.0453
vn 0.3826 0.9237 -0.0188
vn -0.3826 0.9237 0.0188
vn -0.9229 0.3823 0.0453
vn -0.9229 -0.3823 0.0453
vn -0.3826 -0.9237 0.0188
vn 0.3826 -0.9237 -0.0188
vn 0.9229 -0.3823 -0.0453
vn 0.9140 0.3823 -0.1356
vn 0.3789 0.9237 -0.0562
vn -0.3789 0.9237 0.0562
vn -0.9140 0.3823 0.1356
vn -0.9140 -0.3823 0.1356
vn -0.3789 -0.9237 0.0562
vn 0.3789 -0.9237 -0.0562
vn 0.9140 -0.3823 -0.1356
vn 0.8963 0.3823 -0.2245
vn 0.3716 0.9237 -0.0931
vn -0.3716 0.9237 0.0931
vn -0.8964 0.3823 0.2245
vn -0.8964 -0.3823 0.2245
vn -0.3716 -0.9237 0.0931
vn 0.3716 -0.9237 -0.0931
vn 0.8963 -0.3823 -0.2245
vn 0.8700 0.3823 -0.3113
vn 0.3607 0.9237 -0.1291
vn -0.3607 0.9237 0.1291
vn -0.8700 0.3823 0.3113
vn -0.8700 -0.3823 0.3113
vn -0.3607 -0.9237 0.1291
vn 0.3607 -0.9237 -0.1291
vn 0.8700 -0.3823 -0.3113
vn 0.8353 0.3823 -0.3951
vn 0.3463 0.9237 -0.1638
vn -0.3463 0.9237 0.1638
vn -0.8353 0.3823 0.3951
vn -0.8353 -0.3823 0.3951
vn -0.3463 -0.9237 0.1638
vn 0.3463 -0.9237 -0.1638
vn 0.8353 -0.3823 -0.3951
vn 0.7926 0.3823 -0.4751
vn 0.3286 0.9237 -0.1969
vn -0.3286 0.9237 0.1969
vn -0.7926 0.3823 0.4751
vn -0.7926 -0.3823 0.4751
vn -0.3286 -0.9237 0.1969
vn 0.3286 -0.9237 -0.1969
vn 0.7926 -0.3823 -0.4751
vn 0.7422 0.3823 -0.5505
vn 0.3077 0.9237 -0.2282
vn -0.3077 0.9237 0.2282
vn -0.7422 0.3823 0.5505
vn -0.7422 -0.3823 0.5505
vn -0.3077 -0.9237 0.2282
vn 0.3077 -0.9237 -0.2282
vn 0.7422 -0.3823 -0.5505
vn 0.6847 0.3823 -0.6205
vn 0.2838 0.9237 -0.2573
vn -0.2838 0.9237 0.2573
vn -0.6847 0.3823 0.6205
vn -0.6847 -0.3823 0.6205
vn -0.2838 -0.9237 0.2573
vn 0.2838 -0.9237 -0.2573
vn 0.6847 -0.3823 -0.6205
vn 0.6205 0.3823 -0.6847
vn 0.2573 0.9237 -0.2838
vn -0.2573 0.9237 0.2838
vn -0.6205 0.3823 0.6847
vn -0.6205 -0.3823 0.6847
vn -0.2573 -0.9237 0.2838
vn 0.2573 -0.9237 -0.2838
vn 0.6205 -0.3823 -0.6847
vn 0.5505 0.3823 -0.7422
vn 0.2282 0.9237 -0.3077
vn -0.2282 0.9237 0.3077
vn -0.5505 0.3823 0.7422
vn -0.5505 -0.3823 0.7422
vn -0.2282 -0.9237 0.3077
vn 0.2282 -0.9237 -0.3077
vn 0.5505 -0.3823 -0.7422
vn 0.4751 0.3823 -0.7926
vn 0.1969 0.9237 -0.3286
vn -0.1969 0.9237 0.3286
vn -0.4751 0.3823 0.7926
vn -0.4751 -0.3823 0.7926
vn -0.1969 -0.9237 0.3286
vn 0.1969 -0.9237 -0.3286
vn 0.4751 -0.3823 -0.7926
vn 0.3951 0.3823 -0.8353
vn 0.1638 0.9237 -0.3463
vn -0.1638 0.9237 0.3463
vn -0.3951 0.3823 0.8353
vn -0.3951 -0.3823 0.8353
vn -0.1638 -0.9237 0.3463
vn 0.1638 -0.9237 -0.3463
vn 0.3951 -0.3823 -0.8353
vn 0.3113 0.3823 -0.8700
vn 0.1291 0.9237 -0.3607
vn -0.1291 0.9237 0.3607
vn -0.3113 0.3823 0.8700
vn -0.3113 -0.3823 0.8700
vn -0.1291 -0.9237 0.3607
vn 0.1291 -0.9237 -0.3607
vn 0.3113 -0.3823 -0.8700
vn 0.2245 0.3823 -0.8963
vn 0.0931 0.9237 -0.3716
vn -0.0931 0.9237 0.3716
vn -0.2245 0.3823 0.8963
vn -0.2245 -0.3823 0.8963
vn -0.0931 -0.9237 0.3716
vn 0.0931 -0.9237 -0.3716
vn 0.2245 -0.3823 -0.8963
vn 0.1356 0.3823 -0.9140
vn 0.0562 0.9237 -0.3789
vn -0.0562 0.9237 0.3789
vn -0.1356 0.3823 0.9140
vn -0.1356 -0.3823 0.9140
vn -0.0562 -0.9237 0.3789
vn 0.0562 -0.9237 -0.3789
vn 0.1356 -0.3823 -0.9140
vn 0.0453 0.3823 -0.9229
vn 0.0188 0.9237 -0.3826
vn -0.0188 0.9237 0.3826
vn -0.0453 0.3823 0.9229
vn -0.0453 -0.3823 0.9229
vn -0.0188 -0.9237 0.3826
vn 0.0188 -0.9237 -0.3826
vn 0.0453 -0.3823 -0.9229
vn -0.0453 0.3823 -0.9229
vn -0.0188 0.9237 -0.3826
vn 0.0188 0.9237 0.3826
vn 0.0453 0.3823 0.9229
vn 0.0453 -0.3823 0.9229
vn 0.0188 -0.9237 0.3826
vn -0.0188 -0.9237 -0.3826
vn -0.0453 -0.3823 -0.9229
vn -0.1356 0.3823 -0.9140
vn -0.0562 0.9237 -0.3789
vn 0.0562 0.9237 0.3789
vn 0.1356 0.3823 0.9140
vn 0.1356 -0.3823 0.9140
vn 0.0562 -0.9237 0.3789
vn -0.0562 -0.9237 -0.3789
vn -0.1356 -0.3823 -0.9140
vn -0.2245 0.3823 -0.8964
vn -0.0931 0.9237 -0.3716
vn 0.0931 0.9237 0.3716
vn 0.2245 0.3823 0.8963
vn 0.2245 -0.3823 0.8963
vn 0.0931 -0.9237 0.3716
vn -0.0931 -0.9237 -0.3716
vn -0.2245 -0.3823 -0.8964
vn -0.3113 0.3823 -0.8700
vn -0.1291 0.9237 -0.3607
vn 0.1291 0.9237 0.3607
vn 0.3113 0.3823 0.8700
vn 0.3113 -0.3823 0.8700
vn 0.1291 -0.9237 0.3607
vn -0.1291 -0.9237 -0.3607
vn -0.3113 -0.3823 -0.8700
vn -0.3951 0.3823 -0.8353
vn -0.1638 0.9237 -0.3463
vn 0.1638 0.9237 0.3463
vn 0.3951 0.3823 0.8353
vn 0.3951 -0.3823 0.8353
vn 0.1638 -0.9237 0.3463
vn -0.1638 -0.9237 -0.3463
vn -0.3951 -0.3823 -0.8353
vn -0.4751 0.3823 -0.7926
vn -0.1969 0.9237 -0.3286
vn 0.1969 0.9237 0.3286
vn 0.4751 0.3823 0.7926
vn 0.4751 -0.3823 0.7926
vn 0.1969 -0.9237 0.3286
vn -0.1969 -0.9237 -0.3286
vn -0.4751 -0.3823 -0.7926
vn -0.5505 0.3823 -0.7422
vn -0.2282 0.9237 -0.3077
vn 0.2282 0.9237 0.3077
vn 0.5505 0.3823 0.7422
vn 0.5505 -0.3823 0.7422
vn 0.2282 -0.9237 0.3077
vn -0.2282 -0.9237 -0.3077
vn -0.5505 -0.3823 -0.7422
vn -0.6205 0.3823 -0.6847
vn -0.2573 0.9237 -0.2838
vn 0.2573 0.9237 0.2838
vn 0.6205 0.3823 0.6847
vn 0.6205 -0.3823 0.6847
vn 0.2573 -0.9237 0.2838
vn -0.2573 -0.9237 -0.2838
vn -0.6205 -0.3823 -0.6847
vn -0.6847 0.3823 -0.6205
vn -0.2838 0.9237 -0.2573
vn 0.2838 0.9237 0.2573
vn 0.6847 0.3823 0.6205
vn 0.6847 -0.3823 0.6205
vn 0.2838 -0.9237 0.2573
vn -0.2838 -0.9237 -0.2573
vn -0.6847 -0.3823 -0.6205
vn -0.7422 0.3823 -0.5505
vn -0.3077 0.9237 -0.2282
vn 0.3077 0.9237 0.2282
vn 0.7422 0.3823 0.5505
vn 0.7422 -0.3823 0.5505
vn 0.3077 -0.9237 0.2282
vn -0.3077 -0.9237 -0.2282
vn -0.7422 -0.3823 -0.5505
vn -0.7926 0.3823 -0.4751
vn -0.3286 0.9237 -0.1969
vn 0.3286 0.9237 0.1969
vn 0.7926 0.3823 0.4751
vn 0.7926 -0.3823 0.4751
vn 0.3286 -0.9237 0.1969
vn -0.3286 -0.9237 -0.1969
vn -0.7926 -0.3823 -0.4751
vn -0.8353 0.3823 -0.3951
vn -0.3463 0.9237 -0.1638
vn 0.3463 0.9237 0.1638
vn 0.8353 0.3823 0.3951
vn 0.8353 -0.3823 0.3951
vn 0.3463 -0.9237 0.1638
vn -0.3463 -0.9237 -0.1638
vn -0.8353 -0.3823 -0.3951
vn -0.8700 0.3823 -0.3113
vn -0.3607 0.9237 -0.1291
vn 0.3607 0.9237 0.1291
vn 0.8700 0.3823 0.3113
vn 0.8700 -0.3823 0.3113
vn 0.3607 -0.9237 0.1291
vn -0.3607 -0.9237 -0.1291
vn -0.8700 -0.3823 -0.3113
vn -0.8963 0.3823 -0.2245
vn -0.3716 0.9237 -0.0931
vn 0.3716 0.9237 0.0931
vn 0.8963 0.3823 0.2245
vn 0.8964 -0.3823 0.2245
vn 0.3716 -0.9237 0.0931
vn -0.3716 -0.9237 -0.0931
vn -0.8963 -0.3823 -0.2245
vn -0.9140 0.3823 -0.1356
vn -0.3789 0.9237 -0.0562
vn 0.3789 0.9237 0.0562
vn 0.9140 0.3823 0.1356
vn 0.9140 -0.3823 0.1356
vn 0.3789 -0.9237 0.0562
vn -0.3789 -0.9237 -0.0562
vn -0.9140 -0.3823 -0.1356
vn -0.9229 0.3823 -0.0453
vn -0.3826 0.9237 -0.0188
vn 0.3826 0.9237 0.0188
vn 0.9229 0.3823 0.0453
vn 0.9229 -0.3823 0.0453
vn 0.3826 -0.9237 0.0188
vn -0.3826 -0.9237 -0.0188
vn -0.9229 -0.3823 -0.0453
vn -0.2245 0.3823 0.8964
vn -0.2245 -0.3823 0.8964
vn 0.2245 0.3823 0.8964
vn -0.2245 0.3823 -0.8963
vn -0.2245 -0.3823 -0.8963
vn 0.2245 -0.3823 0.8964
vn -0.8964 0.3823 -0.2245
vn -0.8964 -0.3823 -0.2245
vn 0.8963 -0.3823 0.2245
vt 0.500000 0.500000
vt 0.515625 0.500000
vt 0.515625 0.625000
vt 0.500000 0.625000
vt 0.515625 0.750000
vt 0.500000 0.750000
vt 0.515625 0.875000
vt 0.500000 0.875000
vt 0.515625 1.000000
vt 0.500000 1.000000
vt 0.500000 0.000000
vt 0.515625 0.000000
vt 0.515625 0.125000
vt 0.500000 0.125000
vt 0.515625 0.250000
vt 0.500000 0.250000
vt 0.515625 0.375000
vt 0.500000 0.375000
vt 0.531250 0.500000
vt 0.531250 0.625000
vt 0.531250 0.750000
vt 0.531250 0.875000
vt 0.531250 1.000000
vt 0.531250 0.000000
vt 0.531250 0.125000
vt 0.531250 0.250000
vt 0.531250 0.375000
vt 0.546875 0.500000
vt 0.546875 0.625000
vt 0.546875 0.750000
vt 0.546875 0.875000
vt 0.546875 1.000000
vt 0.546875 0.000000
vt 0.546875 0.125000
vt 0.546875 0.250000
vt 0.546875 0.375000
vt 0.562500 0.500000
vt 0.562500 0.625000
vt 0.562500 0.750000
vt 0.562500 0.875000
vt 0.562500 1.000000
vt 0.562500 0.000000
vt 0.562500 0.125000
vt 0.562500 0.250000
vt 0.562500 0.375000
vt 0.578125 0.500000
vt 0.578125 0.625000
vt 0.578125 0.750000
vt 0.578125 0.875000
vt 0.578125 1.000000
vt 0.578125 0.000000
vt 0.578125 0.125000
vt 0.578125 0.250000
vt 0.578125 0.375000
vt 0.593750 0.500000
vt 0.593750 0.625000
vt 0.593750 0.750000
vt 0.593750 0.875000
vt 0.593750 1.000000
vt 0.593750 0.000000
vt 0.593750 0.125000
vt 0.593750 0.250000
vt 0.593750 0.375000
vt 0.609375 0.500000
vt 0.609375 0.625000
vt 0.609375 0.750000
vt 0.609375 0.875000
vt 0.609375 1.000000
vt 0.609375 0.000000
vt 0.609375 0.125000
vt 0.609375 0.250000
vt 0.609375 0.375000
vt 0.625000 0.500000
vt 0.625000 0.625000
vt 0.625000 0.750000
vt 0.625000 0.875000
vt 0.625000 1.000000
vt 0.625000 0.000000
vt 0.625000 0.125000
vt 0.625000 0.250000
vt 0.625000 0.375000
vt 0.640625 0.500000
vt 0.640625 0.625000
vt 0.640625 0.750000
vt 0.640625 0.875000
vt 0.640625 1.000000
vt 0.640625 0.000000
vt 0.640625 0.125000
vt 0.640625 0.250000
vt 0.640625 0.375000
vt 0.656250 0.500000
vt 0.656250 0.625000
vt 0.656250 0.750000
vt 0.656250 0.875000
vt 0.656250 1.000000
vt 0.656250 0.000000
vt 0.656250 0.125000
vt 0.656250 0.250000
vt 0.656250 0.375000
vt 0.671875 0.500000
vt 0.671875 0.625000
vt 0.671875 0.750000
vt 0.671875 0.875000
vt 0.671875 1.000000
vt 0.671875 0.000000
vt 0.671875 0.125000
vt 0.671875 0.250000
vt 0.671875 0.375000
vt 0.687500 0.500000
vt 0.687500 0.625000
vt 0.687500 0.750000
vt 0.687500 0.875000
vt 0.687500 1.000000
vt 0.687500 0.000000
vt 0.687500 0.125000
vt 0.687500 0.250000
vt 0.687500 0.375000
vt 0.703125 0.500000
vt 0.703125 0.625000
vt 0.703125 0.750000
vt 0.703125 0.875000
vt 0.703125 1.000000
vt 0.703125 0.000000
vt 0.703125 0.125000
vt 0.703125 0.250000
vt 0.703125 0.375000
vt 0.718750 0.500000
vt 0.718750 0.625000
vt 0.718750 0.750000
vt 0.718750 0.875000
vt 0.718750 1.000000
vt 0.718750 0.000000
vt 0.718750 0.125000
vt 0.718750 0.250000
vt 0.718750 0.375000
vt 0.734375 0.500000
vt 0.734375 0.625000
vt 0.734375 0.750000
vt 0.734375 0.875000
vt 0.734375 1.000000
vt 0.734375 0.000000
vt 0.734375 0.125000
vt 0.734375 0.250000
vt 0.734375 0.375000
vt 0.750000 0.500000
vt 0.750000 0.625000
vt 0.750000 0.750000
vt 0.750000 0.875000
vt 0.750000 1.000000
vt 0.750000 0.000000
vt 0.750000 0.125000
vt 0.750000 0.250000
vt 0.750000 0.375000
vt 0.765625 0.500000
vt 0.765625 0.625000
vt 0.765625 0.750000
vt 0.765625 0.875000
vt 0.765625 1.000000
vt 0.765625 0.000000
vt 0.765625 0.125000
vt 0.765625 0.250000
vt 0.765625 0.375000
vt 0.781250 0.500000
vt 0.781250 0.625000
vt 0.781250 0.750000
vt 0.781250 0.875000
vt 0.781250 1.000000
vt 0.781250 0.000000
vt 0.781250 0.125000
vt 0.781250 0.250000
vt 0.781250 0.375000
vt 0.796875 0.500000
vt 0.796875 0.625000
vt 0.796875 0.750000
vt 0.796875 0.875000
vt 0.796875 1.000000
vt 0.796875 0.000000
vt 0.796875 0.125000
vt 0.796875 0.250000
vt 0.796875 0.375000
vt 0.812500 0.500000
vt 0.812500 0.625000
vt 0.812500 0.750000
vt 0.812500 0.875000
vt 0.812500 1.000000
vt 0.812500 0.000000
vt 0.812500 0.125000
vt 0.812500 0.250000
vt 0.812500 0.375000
vt 0.828125 0.500000
vt 0.828125 0.625000
vt 0.828125 0.750000
vt 0.828125 0.875000
vt 0.828125 1.000000
vt 0.828125 0.000000
vt 0.828125 0.125000
vt 0.828125 0.250000
vt 0.828125 0.375000
vt 0.843750 0.500000
vt 0.843750 0.625000
vt 0.843750 0.750000
vt 0.843750 0.875000
vt 0.843750 1.000000
vt 0.843750 0.000000
vt 0.843750 0.125000
vt 0.843750 0.250000
vt 0.843750 0.375000
vt 0.859375 0.500000
vt 0.859375 0.625000
vt 0.859375 0.750000
vt 0.859375 0.875000
vt 0.859375 1.000000
vt 0.859375 0.000000
vt 0.859375 0.125000
vt 0.859375 0.250000
vt 0.859375 0.375000
vt 0.875000 0.500000
vt 0.875000 0.625000
vt 0.875000 0.750000
vt 0.875000 0.875000
vt 0.875000 1.000000
vt 0.875000 0.000000
vt 0.875000 0.125000
vt 0.875000 0.250000
vt 0.875000 0.375000
vt 0.890625 0.500000
vt 0.890625 0.625000
vt 0.890625 0.750000
vt 0.890625 0.875000
vt 0.890625 1.000000
vt 0.890625 0.000000
vt 0.890625 0.125000
vt 0.890625 0.250000
vt 0.890625 0.375000
vt 0.906250 0.500000
vt 0.906250 0.625000
vt 0.906250 0.750000
vt 0.906250 0.875000
vt 0.906250 1.000000
vt 0.906250 0.000000
vt 0.906250 0.125000
vt 0.906250 0.250000
vt 0.906250 0.375000
vt 0.921875 0.500000
vt 0.921875 0.625000
vt 0.921875 0.750000
vt 0.921875 0.875000
vt 0.921875 1.000000
vt 0.921875 0.000000
vt 0.921875 0.125000
vt 0.921875 0.250000
vt 0.921875 0.375000
vt 0.937500 0.500000
vt 0.937500 0.625000
vt 0.937500 0.750000
vt 0.937500 0.875000
vt 0.937500 1.000000
vt 0.937500 0.000000
vt 0.937500 0.125000
vt 0.937500 0.250000
vt 0.937500 0.375000
vt 0.953125 0.500000
vt 0.953125 0.625000
vt 0.953125 0.750000
vt 0.953125 0.875000
vt 0.953125 1.000000
vt 0.953125 0.000000
vt 0.953125 0.125000
vt 0.953125 0.250000
vt 0.953125 0.375000
vt 0.968750 0.500000
vt 0.968750 0.625000
vt 0.968750 0.750000
vt 0.968750 0.875000
vt 0.968750 1.000000
vt 0.968750 0.000000
vt 0.968750 0.125000
vt 0.968750 0.250000
vt 0.968750 0.375000
vt 0.984375 0.500000
vt 0.984375 0.625000
vt 0.984375 0.750000
vt 0.984375 0.875000
vt 0.984375 1.000000
vt 0.984375 0.000000
vt 0.984375 0.125000
vt 0.984375 0.250000
vt 0.984375 0.375000
vt 1.000000 0.500000
vt 1.000000 0.625000
vt 1.000000 0.750000
vt 1.000000 0.875000
vt 1.000000 1.000000
vt 1.000000 0.000000
vt 1.000000 0.125000
vt 1.000000 0.250000
vt 1.000000 0.375000
vt 0.000000 0.500000
vt 0.015625 0.500000
vt 0.015625 0.625000
vt 0.000000 0.625000
vt 0.015625 0.750000
vt 0.000000 0.750000
vt 0.015625 0.875000
vt 0.000000 0.875000
vt 0.015625 1.000000
vt 0.000000 1.000000
vt 0.000000 0.000000
vt 0.015625 0.000000
vt 0.015625 0.125000
vt 0.000000 0.125000
vt 0.015625 0.250000
vt 0.000000 0.250000
vt 0.015625 0.375000
vt 0.000000 0.375000
vt 0.031250 0.500000
vt 0.031250 0.625000
vt 0.031250 0.750000
vt 0.031250 0.875000
vt 0.031250 1.000000
vt 0.031250 0.000000
vt 0.031250 0.125000
vt 0.031250 0.250000
vt 0.031250 0.375000
vt 0.046875 0.500000
vt 0.046875 0.625000
vt 0.046875 0.750000
vt 0.046875 0.875000
vt 0.046875 1.000000
vt 0.046875 0.000000
vt 0.046875 0.125000
vt 0.046875 0.250000
vt 0.046875 0.375000
vt 0.062500 0.500000
vt 0.062500 0.625000
vt 0.062500 0.750000
vt 0.062500 0.875000
vt 0.062500 1.000000
vt 0.062500 0.000000
vt 0.062500 0.125000
vt 0.062500 0.250000
vt 0.062500 0.375000
vt 0.078125 0.500000
vt 0.078125 0.625000
vt 0.078125 0.750000
vt 0.078125 0.875000
vt 0.078125 1.000000
vt 0.078125 0.000000
vt 0.078125 0.125000
vt 0.078125 0.250000
vt 0.078125 0.375000
vt 0.093750 0.500000
vt 0.093750 0.625000
vt 0.093750 0.750000
vt 0.093750 0.875000
vt 0.093750 1.000000
vt 0.093750 0.000000
vt 0.093750 0.125000
vt 0.093750 0.250000
vt 0.093750 0.375000
vt 0.109375 0.500000
vt 0.109375 0.625000
vt 0.109375 0.750000
vt 0.109375 0.875000
vt 0.109375 1.000000
vt 0.109375 0.000000
vt 0.109375 0.125000
vt 0.109375 0.250000
vt 0.109375 0.375000
vt 0.125000 0.500000
vt 0.125000 0.625000
vt 0.125000 0.750000
vt 0.125000 0.875000
vt 0.125000 1.000000
vt 0.125000 0.000000
vt 0.125000 0.125000
vt 0.125000 0.250000
vt 0.125000 0.375000
vt 0.140625 0.500000
vt 0.140625 0.625000
vt 0.140625 0.750000
vt 0.140625 0.875000
vt 0.140625 1.000000
vt 0.140625 0.000000
vt 0.140625 0.125000
vt 0.140625 0.250000
vt 0.140625 0.375000
vt 0.156250 0.500000
vt 0.156250 0.625000
vt 0.156250 0.750000
vt 0.156250 0.875000
vt 0.156250 1.000000
vt 0.156250 0.000000
vt 0.156250 0.125000
vt 0.156250 0.250000
vt 0.156250 0.375000
vt 0.171875 0.500000
vt 0.171875 0.625000
vt 0.171875 0.750000
vt 0.171875 0.875000
vt 0.171875 1.000000
vt 0.171875 0.000000
vt 0.171875 0.125000
vt 0.171875 0.250000
vt 0.171875 0.375000
vt 0.187500 0.500000
vt 0.187500 0.625000
vt 0.187500 0.750000
vt 0.187500 0.875000
vt 0.187500 1.000000
vt 0.187500 0.000000
vt 0.187500 0.125000
vt 0.187500 0.250000
vt 0.187500 0.375000
vt 0.203125 0.500000
vt 0.203125 0.625000
vt 0.203125 0.750000
vt 0.203125 0.875000
vt 0.203125 1.000000
vt 0.203125 0.000000
vt 0.203125 0.125000
vt 0.203125 0.250000
vt 0.203125 0.375000
vt 0.218750 0.500000
vt 0.218750 0.625000
vt 0.218750 0.750000
vt 0.218750 0.875000
vt 0.218750 1.000000
vt 0.218750 0.000000
vt 0.218750 0.125000
vt 0.218750 0.250000
vt 0.218750 0.375000
vt 0.234375 0.500000
vt 0.234375 0.625000
vt 0.234375 0.750000
vt 0.234375 0.875000
vt 0.234375 1.000000
vt 0.234375 0.000000
vt 0.234375 0.125000
vt 0.234375 0.250000
vt 0.234375 0.375000
vt 0.250000 0.500000
vt 0.250000 0.625000
vt 0.250000 0.750000
vt 0.250000 0.875000
vt 0.250000 1.000000
vt 0.250000 0.000000
vt 0.250000 0.125000
vt 0.250000 0.250000
vt 0.250000 0.375000
vt 0.265625 0.500000
vt 0.265625 0.625000
vt 0.265625 0.750000
vt 0.265625 0.875000
vt 0.265625 1.000000
vt 0.265625 0.000000
vt 0.265625 0.125000
vt 0.265625 0.250000
vt 0.265625 0.375000
vt 0.281250 0.500000
vt 0.281250 0.625000
vt 0.281250 0.750000
vt 0.281250 0.875000
vt 0.281250 1.000000
vt 0.281250 0.000000
vt 0.281250 0.125000
vt 0.281250 0.250000
vt 0.281250 0.375000
vt 0.296875 0.500000
vt 0.296875 0.625000
vt 0.296875 0.750000
vt 0.296875 0.875000
vt 0.296875 1.000000
vt 0.296875 0.000000
vt 0.296875 0.125000
vt 0.296875 0.250000
vt 0.296875 0.375000
vt 0.312500 0.500000
vt 0.312500 0.625000
vt 0.312500 0.750000
vt 0.312500 0.875000
vt 0.312500 1.000000
vt 0.312500 0.000000
vt 0.312500 0.125000
vt 0.312500 0.250000
vt 0.312500 0.375000
vt 0.328125 0.500000
vt 0.328125 0.625000
vt 0.328125 0.750000
vt 0.328125 0.875000
vt 0.328125 1.000000
vt 0.328125 0.000000
vt 0.328125 0.125000
vt 0.328125 0.250000
vt 0.328125 0.375000
vt 0.343750 0.500000
vt 0.343750 0.625000
vt 0.343750 0.750000
vt 0.343750 0.875000
vt 0.343750 1.000000
vt 0.343750 0.000000
vt 0.343750 0.125000
vt 0.343750 0.250000
vt 0.343750 0.375000
vt 0.359375 0.500000
vt 0.359375 0.625000
vt 0.359375 0.750000
vt 0.359375 0.875000
vt 0.359375 1.000000
vt 0.359375 0.000000
vt 0.359375 0.125000
vt 0.359375 0.250000
vt 0.359375 0.375000
vt 0.375000 0.500000
vt 0.375000 0.625000
vt 0.375000 0.750000
vt 0.375000 0.875000
vt 0.375000 1.000000
vt 0.375000 0.000000
vt 0.375000 0.125000
vt 0.375000 0.250000
vt 0.375000 0.375000
vt 0.390625 0.500000
vt 0.390625 0.625000
vt 0.390625 0.750000
vt 0.390625 0.875000
vt 0.390625 1.000000
vt 0.390625 0.000000
vt 0.390625 0.125000
vt 0.390625 0.250000
vt 0.390625 0.375000
vt 0.406250 0.500000
vt 0.406250 0.625000
vt 0.406250 0.750000
vt 0.406250 0.875000
vt 0.406250 1.000000
vt 0.406250 0.000000
vt 0.406250 0.125000
vt 0.406250 0.250000
vt 0.406250 0.375000
vt 0.421875 0.500000
vt 0.421875 0.625000
vt 0.421875 0.750000
vt 0.421875 0.875000
vt 0.421875 1.000000
vt 0.421875 0.000000
vt 0.421875 0.125000
vt 0.421875 0.250000
vt 0.421875 0.375000
vt 0.437500 0.500000
vt 0.437500 0.625000
vt 0.437500 0.750000
vt 0.437500 0.875000
vt 0.437500 1.000000
vt 0.437500 0.000000
vt 0.437500 0.125000
vt 0.437500 0.250000
vt 0.437500 0.375000
vt 0.453125 0.500000
vt 0.453125 0.625000
vt 0.453125 0.750000
vt 0.453125 0.875000
vt 0.453125 1.000000
vt 0.453125 0.000000
vt 0.453125 0.125000
vt 0.453125 0.250000
vt 0.453125 0.375000
vt 0.468750 0.500000
vt 0.468750 0.625000
vt 0.468750 0.750000
vt 0.468750 0.875000
vt 0.468750 1.000000
vt 0.468750 0.000000
vt 0.468750 0.125000
vt 0.468750 0.250000
vt 0.468750 0.375000
vt 0.484375 0.500000
vt 0.484375 0.625000
vt 0.484375 0.750000
vt 0.484375 0.875000
vt 0.484375 1.000000
vt 0.484375 0.000000
vt 0.484375 0.125000
vt 0.484375 0.250000
vt 0.484375 0.375000
s 0
usemtl reflective_gold.005
f 301/517/245 309/518/245 310/519/245 302/520/245
f 302/520/246 310/519/246 311/521/246 303/522/246
f 303/522/247 311/521/247 312/523/247 304/524/247
f 304/524/248 312/523/248 313/525/248 305/526/248
f 305/527/249 313/528/249 314/529/249 306/530/249
f 306/530/250 314/529/250 315/531/250 307/532/250
f 307/532/251 315/531/251 316/533/251 308/534/251
f 308/534/252 316/533/252 309/518/252 301/517/252
f 309/518/253 317/535/253 318/536/253 310/519/253
f 310/519/254 318/536/254 319/537/254 311/521/254
f 311/521/255 319/537/255 320/538/255 312/523/255
f 312/523/256 320/538/256 321/539/256 313/525/256
f 313/528/257 321/540/257 322/541/257 314/529/257
f 314/529/258 322/541/258 323/542/258 315/531/258
f 315/531/259 323/542/259 324/543/259 316/533/259
f 316/533/260 324/543/260 317/535/260 309/518/260
f 317/535/261 325/544/261 326/545/261 318/536/261
f 318/536/262 326/545/262 327/546/262 319/537/262
f 319/537/263 327/546/263 328/547/263 320/538/263
f 320/538/264 328/547/264 329/548/264 321/539/264
f 321/540/265 329/549/265 330/550/265 322/541/265
f 322/541/266 330/550/266 331/551/266 323/542/266
f 323/542/267 331/551/267 332/552/267 324/543/267
f 324/543/268 332/552/268 325/544/268 317/535/268
f 325/544/269 333/553/269 334/554/269 326/545/269
f 326/545/270 334/554/270 335/555/270 327/546/270
f 327/546/271 335/555/271 336/556/271 328/547/271
f 328/547/272 336/556/272 337/557/272 329/548/272
f 329/549/273 337/558/273 338/559/273 330/550/273
f 330/550/274 338/559/274 339/560/274 331/551/274
f 331/551/275 339/560/275 340/561/275 332/552/275
f 332/552/276 340/561/276 333/553/276 325/544/276
f 333/553/277 341/562/277 342/563/277 334/554/277
f 334/554/278 342/563/278 343/564/278 335/555/278
f 335/555/279 343/564/279 344/565/279 336/556/279
f 336/556/280 344/565/280 345/566/280 337/557/280
f 337/558/281 345/567/281 346/568/281 338/559/281
f 338/559/282 346/568/282 347/569/282 339/560/282
f 339/560/283 347/569/283 348/570/283 340/561/283
f 340/561/284 348/570/284 341/562/284 333/553/284
f 341/562/285 349/571/285 350/572/285 342/563/285
f 342/563/286 350/572/286 351/573/286 343/564/286
f 343/564/287 351/573/287 352/574/287 344/565/287
f 344/565/288 352/574/288 353/575/288 345/566/288
f 345/567/289 353/576/289 354/577/289 346/568/289
f 346/568/290 354/577/290 355/578/290 347/569/290
f 347/569/291 355/578/291 356/579/291 348/570/291
f 348/570/292 356/579/292 349/571/292 341/562/292
f 349/571/293 357/580/293 358/581/293 350/572/293
f 350/572/294 358/581/294 359/582/294 351/573/294
f 351/573/295 359/582/295 360/583/295 352/574/295
f 352/574/296 360/583/296 361/584/296 353/575/296
f 353/576/297 361/585/297 362/586/297 354/577/297
f 354/577/298 362/586/298 363/587/298 355/578/298
f 355/578/299 363/587/299 364/588/299 356/579/299
f 356/579/300 364/588/300 357/580/300 349/571/300
f 357/580/301 365/589/301 366/590/301 358/581/301
f 358/581/302 366/590/302 367/591/302 359/582/302
f 359/582/303 367/591/303 368/592/303 360/583/303
f 360/583/304 368/592/304 369/593/304 361/584/304
f 361/585/305 369/594/305 370/595/305 362/586/305
f 362/586/306 370/595/306 371/596/306 363/587/306
f 363/587/307 371/596/307 372/597/307 364/588/307
f 364/588/308 372/597/308 365/589/308 357/580/308
f 365/589/309 373/598/309 374/599/309 366/590/309
f 366/590/310 374/599/310 375/600/310 367/591/310
f 367/591/311 375/600/311 376/601/311 368/592/311
f 368/592/312 376/601/312 377/602/312 369/593/312
f 369/594/313 377/603/313 378/604/313 370/595/313
f 370/595/314 378/604/314 379/605/314 371/596/314
f 371/596/315 379/605/315 380/606/315 372/597/315
f 372/597/316 380/606/316 373/598/316 365/589/316
f 373/598/317 381/607/317 382/608/317 374/599/317
f 374/599/318 382/608/318 383/609/318 375/600/318
f 375/600/319 383/609/319 384/610/319 376/601/319
f 376/601/320 384/610/320 385/611/320 377/602/320
f 377/603/321 385/612/321 386/613/321 378/604/321
f 378/604/322 386/613/322 387/614/322 379/605/322
f 379/605/323 387/614/323 388/615/323 380/606/323
f 380/606/324 388/615/324 381/607/324 373/598/324
f 381/607/325 389/616/325 390/617/325 382/608/325
f 382/608/326 390/617/326 391/618/326 383/609/326
f 383/609/327 391/618/327 392/619/327 384/610/327
f 384/610/328 392/619/328 393/620/328 385/611/328
f 385/612/329 393/621/329 394/622/329 386/613/329
f 386/613/330 394/622/330 395/623/330 387/614/330
f 387/614/331 395/623/331 396/624/331 388/615/331
f 388/615/332 396/624/332 389/616/332 381/607/332
f 389/616/333 397/625/333 398/626/333 390/617/333
f 390/617/334 398/626/334 399/627/334 391/618/334
f 391/618/335 399/627/335 400/628/335 392/619/335
f 392/619/336 400/628/336 401/629/336 393/620/336
f 393/621/337 401/630/337 402/631/337 394/622/337
f 394/622/338 402/631/338 403/632/338 395/623/338
f 395/623/339 403/632/339 404/633/339 396/624/339
f 396/624/340 404/633/340 397/625/340 389/616/340
f 397/625/341 405/634/341 406/635/341 398/626/341
f 398/626/342 406/635/342 407/636/342 399/627/342
f 399/627/343 407/636/343 408/637/343 400/628/343
f 400/628/344 408/637/344 409/638/344 401/629/344
f 401/630/345 409/639/345 410/640/345 402/631/345
f 402/631/346 410/640/346 411/641/346 403/632/346
f 403/632/347 411/641/347 412/642/347 404/633/347
f 404/633/348 412/642/348 405/634/348 397/625/348
f 405/634/349 413/643/349 414/644/349 406/635/349
f 406/635/350 414/644/350 415/645/350 407/636/350
f 407/636/351 415/645/351 416/646/351 408/637/351
f 408/637/352 416/646/352 417/647/352 409/638/352
f 409/639/353 417/648/353 418/649/353 410/640/353
f 410/640/354 418/649/354 419/650/354 411/641/354
f 411/641/355 419/650/355 420/651/355 412/642/355
f 412/642/356 420/651/356 413/643/356 405/634/356
f 413/643/357 421/652/357 422/653/357 414/644/357
f 414/644/358 422/653/358 423/654/358 415/645/358
f 415/645/359 423/654/359 424/655/359 416/646/359
f 416/646/360 424/655/360 425/656/360 417/647/360
f 417/648/361 425/657/361 426/658/361 418/649/361
f 418/649/362 426/658/362 427/659/362 419/650/362
f 419/650/363 427/659/363 428/660/363 420/651/363
f 420/651/364 428/660/364 421/652/364 413/643/364
f 421/652/365 429/661/365 430/662/365 422/653/365
f 422/653/366 430/662/366 431/663/366 423/654/366
f 423/654/367 431/663/367 432/664/367 424/655/367
f 424/655/368 432/664/368 433/665/368 425/656/368
f 425/657/369 433/666/369 434/667/369 426/658/369
f 426/658/370 434/667/370 435/668/370 427/659/370
f 427/659/371 435/668/371 436/669/371 428/660/371
f 428/660/372 436/669/372 429/661/372 421/652/372
f 429/661/373 437/670/373 438/671/373 430/662/373
f 430/662/374 438/671/374 439/672/374 431/663/374
f 431/663/375 439/672/375 440/673/375 432/664/375
f 432/664/376 440/673/376 441/674/376 433/665/376
f 433/666/377 441/675/377 442/676/377 434/667/377
f 434/667/378 442/676/378 443/677/378 435/668/378
f 435/668/379 443/677/379 444/678/379 436/669/379
f 436/669/380 444/678/380 437/670/380 429/661/380
f 437/670/381 445/679/381 446/680/381 438/671/381
f 438/671/382 446/680/382 447/681/382 439/672/382
f 439/672/383 447/681/383 448/682/383 440/673/383
f 440/673/384 448/682/384 449/683/384 441/674/384
f 441/675/385 449/684/385 450/685/385 442/676/385
f 442/676/386 450/685/386 451/686/386 443/677/386
f 443/677/387 451/686/387 452/687/387 444/678/387
f 444/678/388 452/687/388 445/679/388 437/670/388
f 445/679/389 453/688/389 454/689/389 446/680/389
f 446/680/390 454/689/390 455/690/390 447/681/390
f 447/681/391 455/690/391 456/691/391 448/682/391
f 448/682/392 456/691/392 457/692/392 449/683/392
f 449/684/393 457/693/393 458/694/393 450/685/393
f 450/685/394 458/694/394 459/695/394 451/686/394
f 451/686/395 459/695/395 460/696/395 452/687/395
f 452/687/396 460/696/396 453/688/396 445/679/396
f 453/688/397 461/697/397 462/698/397 454/689/397
f 454/689/398 462/698/398 463/699/398 455/690/398
f 455/690/399 463/699/399 464/700/399 456/691/399
f 456/691/400 464/700/400 465/701/400 457/692/400
f 457/693/401 465/702/401 466/703/401 458/694/401
f 458/694/402 466/703/402 467/704/402 459/695/402
f 459/695/403 467/704/403 468/705/403 460/696/403
f 460/696/404 468/705/404 461/697/404 453/688/404
f 461/697/405 469/706/405 470/707/405 462/698/405
f 462/698/406 470/707/406 471/708/406 463/699/406
f 463/699/407 471/708/407 472/709/407 464/700/407
f 464/700/408 472/709/408 473/710/408 465/701/408
f 465/702/409 473/711/409 474/712/409 466/703/409
f 466/703/410 474/712/410 475/713/410 467/704/410
f 467/704/411 475/713/411 476/714/411 468/705/411
f 468/705/412 476/714/412 469/706/412 461/697/412
f 469/706/413 477/715/413 478/716/413 470/707/413
f 470/707/414 478/716/414 479/717/414 471/708/414
f 471/708/415 479/717/415 480/718/415 472/709/415
f 472/709/416 480/718/416 481/719/416 473/710/416
f 473/711/417 481/720/417 482/721/417 474/712/417
f 474/712/418 482/721/418 483/722/418 475/713/418
f 475/713/419 483/722/419 484/723/419 476/714/419
f 476/714/420 484/723/420 477/715/420 469/706/420
f 477/715/421 485/724/421 486/725/421 478/716/421
f 478/716/422 486/725/422 487/726/422 479/717/422
f 479/717/423 487/726/423 488/727/423 480/718/423
f 480/718/424 488/727/424 489/728/424 481/719/424
f 481/720/425 489/729/425 490/730/425 482/721/425
f 482/721/426 490/730/426 491/731/426 483/722/426
f 483/722/427 491/731/427 492/732/427 484/723/427
f 484/723/428 492/732/428 485/724/428 477/715/428
f 485/724/429 493/733/429 494/734/429 486/725/429
f 486/725/430 494/734/430 495/735/430 487/726/430
f 487/726/431 495/735/431 496/736/431 488/727/431
f 488/727/432 496/736/432 497/737/432 489/728/432
f 489/729/433 497/738/433 498/739/433 490/730/433
f 490/730/434 498/739/434 499/740/434 491/731/434
f 491/731/435 499/740/435 500/741/435 492/732/435
f 492/732/436 500/741/436 493/733/436 485/724/436
f 493/733/437 501/742/437 502/743/437 494/734/437
f 494/734/438 502/743/438 503/744/438 495/735/438
f 495/735/439 503/744/439 504/745/439 496/736/439
f 496/736/440 504/745/440 505/746/440 497/737/440
f 497/738/441 505/747/441 506/748/441 498/739/441
f 498/739/442 506/748/442 507/749/442 499/740/442
f 499/740/443 507/749/443 508/750/443 500/741/443
f 500/741/444 508/750/444 501/742/444 493/733/444
f 501/742/445 509/751/445 510/752/445 502/743/445
f 502/743/446 510/752/446 511/753/446 503/744/446
f 503/744/447 511/753/447 512/754/447 504/745/447
f 504/745/448 512/754/448 513/755/448 505/746/448
f 505/747/449 513/756/449 514/757/449 506/748/449
f 506/748/450 514/757/450 515/758/450 507/749/450
f 507/749/451 515/758/451 516/759/451 508/750/451
f 508/750/452 516/759/452 509/751/452 501/742/452
f 509/751/453 517/760/453 518/761/453 510/752/453
f 510/752/454 518/761/454 519/762/454 511/753/454
f 511/753/455 519/762/455 520/763/455 512/754/455
f 512/754/456 520/763/456 521/764/456 513/755/456
f 513/756/457 521/765/457 522/766/457 514/757/457
f 514/757/458 522/766/458 523/767/458 515/758/458
f 515/758/459 523/767/459 524/768/459 516/759/459
f 516/759/460 524/768/460 517/760/460 509/751/460
f 517/760/461 525/769/461 526/770/461 518/761/461
f 518/761/462 526/770/462 527/771/462 519/762/462
f 519/762/463 527/771/463 528/772/463 520/763/463
f 520/763/464 528/772/464 529/773/464 521/764/464
f 521/765/465 529/774/465 530/775/465 522/766/465
f 522/766/466 530/775/466 531/776/466 523/767/466
f 523/767/467 531/776/467 532/777/467 524/768/467
f 524/768/468 532/777/468 525/769/468 517/760/468
f 525/769/469 533/778/469 534/779/469 526/770/469
f 526/770/470 534/779/470 535/780/470 527/771/470
f 527/771/471 535/780/471 536/781/471 528/772/471
f 528/772/472 536/781/472 537/782/472 529/773/472
f 529/774/473 537/783/473 538/784/473 530/775/473
f 530/775/474 538/784/474 539/785/474 531/776/474
f 531/776/475 539/785/475 540/786/475 532/777/475
f 532/777/476 540/786/476 533/778/476 525/769/476
f 533/778/477 541/787/477 542/788/477 534/779/477
f 534/779/478 542/788/478 543/789/478 535/780/478
f 535/780/479 543/789/479 544/790/479 536/781/479
f 536/781/480 544/790/480 545/791/480 537/782/480
f 537/783/481 545/792/481 546/793/481 538/784/481
f 538/784/482 546/793/482 547/794/482 539/785/482
f 539/785/483 547/794/483 548/795/483 540/786/483
f 540/786/484 548/795/484 541/787/484 533/778/484
f 541/787/485 549/796/485 550/797/485 542/788/485
f 542/788/486 550/797/486 551/798/486 543/789/486
f 543/789/487 551/798/487 552/799/487 544/790/487
f 544/790/488 552/799/488 553/800/488 545/791/488
f 545/792/489 553/801/489 554/802/489 546/793/489
f 546/793/490 554/802/490 555/803/490 547/794/490
f 547/794/491 555/803/491 556/804/491 548/795/491
f 548/795/492 556/804/492 549/796/492 541/787/492
f 549/796/493 557/805/493 558/806/493 550/797/493
f 550/797/494 558/806/494 559/807/494 551/798/494
f 551/798/495 559/807/495 560/808/495 552/799/495
f 552/799/496 560/808/496 561/809/496 553/800/496
f 553/801/497 561/810/497 562/811/497 554/802/497
f 554/802/498 562/811/498 563/812/498 555/803/498
f 555/803/499 563/812/499 564/813/499 556/804/499
f 556/804/500 564/813/500 557/805/500 549/796/500
f 557/814/248 565/815/248 566/816/248 558/817/248
f 558/817/247 566/816/247 567/818/247 559/819/247
f 559/819/246 567/818/246 568/820/246 560/821/246
f 560/821/245 568/820/245 569/822/245 561/823/245
f 561/824/252 569/825/252 570/826/252 562/827/252
f 562/827/251 570/826/251 571/828/251 563/829/251
f 563/829/250 571/828/250 572/830/250 564/831/250
f 564/831/249 572/830/249 565/815/249 557/814/249
f 565/815/256 573/832/256 574/833/256 566/816/256
f 566/816/255 574/833/255 575/834/255 567/818/255
f 567/818/254 575/834/254 576/835/254 568/820/254
f 568/820/253 576/835/253 577/836/253 569/822/253
f 569/825/260 577/837/260 578/838/260 570/826/260
f 570/826/259 578/838/259 579/839/259 571/828/259
f 571/828/258 579/839/258 580/840/258 572/830/258
f 572/830/257 580/840/257 573/832/257 565/815/257
f 573/832/264 581/841/264 582/842/264 574/833/264
f 574/833/263 582/842/263 583/843/263 575/834/263
f 575/834/262 583/843/262 584/844/262 576/835/262
f 576/835/261 584/844/261 585/845/261 577/836/261
f 577/837/268 585/846/268 586/847/268 578/838/268
f 578/838/267 586/847/267 587/848/267 579/839/267
f 579/839/266 587/848/266 588/849/266 580/840/266
f 580/840/265 588/849/265 581/841/265 573/832/265
f 581/841/272 589/850/272 590/851/272 582/842/272
f 582/842/271 590/851/271 591/852/271 583/843/271
f 583/843/270 591/852/270 592/853/270 584/844/270
f 584/844/269 592/853/269 593/854/269 585/845/269
f 585/846/276 593/855/276 594/856/276 586/847/276
f 586/847/275 594/856/275 595/857/275 587/848/275
f 587/848/274 595/857/274 596/858/274 588/849/274
f 588/849/273 596/858/273 589/850/273 581/841/273
f 589/850/280 597/859/280 598/860/280 590/851/280
f 590/851/279 598/860/279 599/861/279 591/852/279
f 591/852/278 599/861/278 600/862/278 592/853/278
f 592/853/277 600/862/277 601/863/277 593/854/277
f 593/855/284 601/864/284 602/865/284 594/856/284
f 594/856/283 602/865/283 603/866/283 595/857/283
f 595/857/282 603/866/282 604/867/282 596/858/282
f 596/858/281 604/867/281 597/859/281 589/850/281
f 597/859/288 605/868/288 606/869/288 598/860/288
f 598/860/287 606/869/287 607/870/287 599/861/287
f 599/861/286 607/870/286 608/871/286 600/862/286
f 600/862/285 608/871/285 609/872/285 601/863/285
f 601/864/292 609/873/292 610/874/292 602/865/292
f 602/865/291 610/874/291 611/875/291 603/866/291
f 603/866/290 611/875/290 612/876/290 604/867/290
f 604/867/289 612/876/289 605/868/289 597/859/289
f 605/868/296 613/877/296 614/878/296 606/869/296
f 606/869/295 614/878/295 615/879/295 607/870/295
f 607/870/294 615/879/294 616/880/294 608/871/294
f 608/871/293 616/880/293 617/881/293 609/872/293
f 609/873/300 617/882/300 618/883/300 610/874/300
f 610/874/299 618/883/299 619/884/299 611/875/299
f 611/875/298 619/884/298 620/885/298 612/876/298
f 612/876/297 620/885/297 613/877/297 605/868/297
f 613/877/304 621/886/304 622/887/304 614/878/304
f 614/878/303 622/887/303 623/888/303 615/879/303
f 615/879/302 623/888/302 624/889/302 616/880/302
f 616/880/301 624/889/301 625/890/301 617/881/301
f 617/882/308 625/891/308 626/892/308 618/883/308
f 618/883/307 626/892/307 627/893/307 619/884/307
f 619/884/306 627/893/306 628/894/306 620/885/306
f 620/885/305 628/894/305 621/886/305 613/877/305
f 621/886/312 629/895/312 630/896/312 622/887/312
f 622/887/311 630/896/311 631/897/311 623/888/311
f 623/888/310 631/897/310 632/898/310 624/889/310
f 624/889/309 632/898/309 633/899/309 625/890/309
f 625/891/316 633/900/316 634/901/316 626/892/316
f 626/892/315 634/901/315 635/902/315 627/893/315
f 627/893/314 635/902/314 636/903/314 628/894/314
f 628/894/313 636/903/313 629/895/313 621/886/313
f 629/895/320 637/904/320 638/905/320 630/896/320
f 630/896/319 638/905/319 639/906/319 631/897/319
f 631/897/318 639/906/318 640/907/318 632/898/318
f 632/898/317 640/907/317 641/908/317 633/899/317
f 633/900/324 641/909/324 642/910/324 634/901/324
f 634/901/323 642/910/323 643/911/323 635/902/323
f 635/902/322 643/911/322 644/912/322 636/903/322
f 636/903/321 644/912/321 637/904/321 629/895/321
f 637/904/328 645/913/328 646/914/328 638/905/328
f 638/905/327 646/914/327 647/915/327 639/906/327
f 639/906/326 647/915/326 648/916/326 640/907/326
f 640/907/325 648/916/325 649/917/325 641/908/325
f 641/909/332 649/918/332 650/919/332 642/910/332
f 642/910/331 650/919/331 651/920/331 643/911/331
f 643/911/330 651/920/330 652/921/330 644/912/330
f 644/912/329 652/921/329 645/913/329 637/904/329
f 645/913/336 653/922/336 654/923/336 646/914/336
f 646/914/335 654/923/335 655/924/335 647/915/335
f 647/915/334 655/924/334 656/925/334 648/916/334
f 648/916/333 656/925/333 657/926/333 649/917/333
f 649/918/340 657/927/340 658/928/340 650/919/340
f 650/919/339 658/928/339 659/929/339 651/920/339
f 651/920/338 659/929/338 660/930/338 652/921/338
f 652/921/337 660/930/337 653/922/337 645/913/337
f 653/922/344 661/931/344 662/932/344 654/923/344
f 654/923/343 662/932/343 663/933/343 655/924/343
f 655/924/342 663/933/342 664/934/342 656/925/342
f 656/925/341 664/934/341 665/935/341 657/926/341
f 657/927/348 665/936/348 666/937/348 658/928/348
f 658/928/347 666/937/347 667/938/347 659/929/347
f 659/929/346 667/938/346 668/939/346 660/930/346
f 660/930/345 668/939/345 661/931/345 653/922/345
f 661/931/501 669/940/501 670/941/501 662/932/501
f 662/932/351 670/941/351 671/942/351 663/933/351
f 663/933/350 671/942/350 672/943/350 664/934/350
f 664/934/349 672/943/349 673/944/349 665/935/349
f 665/936/356 673/945/356 674/946/356 666/937/356
f 666/937/355 674/946/355 675/947/355 667/938/355
f 667/938/354 675/947/354 676/948/354 668/939/354
f 668/939/502 676/948/502 669/940/502 661/931/502
f 669/940/360 677/949/360 678/950/360 670/941/360
f 670/941/359 678/950/359 679/951/359 671/942/359
f 671/942/358 679/951/358 680/952/358 672/943/358
f 672/943/357 680/952/357 681/953/357 673/944/357
f 673/945/364 681/954/364 682/955/364 674/946/364
f 674/946/363 682/955/363 683/956/363 675/947/363
f 675/947/362 683/956/362 684/957/362 676/948/362
f 676/948/361 684/957/361 677/949/361 669/940/361
f 677/949/368 685/958/368 686/959/368 678/950/368
f 678/950/367 686/959/367 687/960/367 679/951/367
f 679/951/366 687/960/366 688/961/366 680/952/366
f 680/952/365 688/961/365 689/962/365 681/953/365
f 681/954/372 689/963/372 690/964/372 682/955/372
f 682/955/371 690/964/371 691/965/371 683/956/371
f 683/956/370 691/965/370 692/966/370 684/957/370
f 684/957/369 692/966/369 685/958/369 677/949/369
f 685/958/376 693/967/376 694/968/376 686/959/376
f 686/959/375 694/968/375 695/969/375 687/960/375
f 687/960/374 695/969/374 696/970/374 688/961/374
f 688/961/373 696/970/373 697/971/373 689/962/373
f 689/963/380 697/972/380 698/973/380 690/964/380
f 690/964/379 698/973/379 699/974/379 691/965/379
f 691/965/378 699/974/378 700/975/378 692/966/378
f 692/966/377 700/975/377 693/967/377 685/958/377
f 693/967/384 701/976/384 702/977/384 694/968/384
f 694/968/383 702/977/383 703/978/383 695/969/383
f 695/969/382 703/978/382 704/979/382 696/970/382
f 696/970/381 704/979/381 705/980/381 697/971/381
f 697/972/388 705/981/388 706/982/388 698/973/388
f 698/973/387 706/982/387 707/983/387 699/974/387
f 699/974/386 707/983/386 708/984/386 700/975/386
f 700/975/385 708/984/385 701/976/385 693/967/385
f 701/976/503 709/985/503 710/986/503 702/977/503
f 702/977/391 710/986/391 711/987/391 703/978/391
f 703/978/390 711/987/390 712/988/390 704/979/390
f 704/979/504 712/988/504 713/989/504 705/980/504
f 705/981/505 713/990/505 714/991/505 706/982/505
f 706/982/395 714/991/395 715/992/395 707/983/395
f 707/983/394 715/992/394 716/993/394 708/984/394
f 708/984/506 716/993/506 709/985/506 701/976/506
f 709/985/400 717/994/400 718/995/400 710/986/400
f 710/986/399 718/995/399 719/996/399 711/987/399
f 711/987/398 719/996/398 720/997/398 712/988/398
f 712/988/397 720/997/397 721/998/397 713/989/397
f 713/990/404 721/999/404 722/1000/404 714/991/404
f 714/991/403 722/1000/403 723/1001/403 715/992/403
f 715/992/402 723/1001/402 724/1002/402 716/993/402
f 716/993/401 724/1002/401 717/994/401 709/985/401
f 717/994/408 725/1003/408 726/1004/408 718/995/408
f 718/995/407 726/1004/407 727/1005/407 719/996/407
f 719/996/406 727/1005/406 728/1006/406 720/997/406
f 720/997/405 728/1006/405 729/1007/405 721/998/405
f 721/999/412 729/1008/412 730/1009/412 722/1000/412
f 722/1000/411 730/1009/411 731/1010/411 723/1001/411
f 723/1001/410 731/1010/410 732/1011/410 724/1002/410
f 724/1002/409 732/1011/409 725/1003/409 717/994/409
f 725/1003/416 733/1012/416 734/1013/416 726/1004/416
f 726/1004/415 734/1013/415 735/1014/415 727/1005/415
f 727/1005/414 735/1014/414 736/1015/414 728/1006/414
f 728/1006/413 736/1015/413 737/1016/413 729/1007/413
f 729/1008/420 737/1017/420 738/1018/420 730/1009/420
f 730/1009/419 738/1018/419 739/1019/419 731/1010/419
f 731/1010/418 739/1019/418 740/1020/418 732/1011/418
f 732/1011/417 740/1020/417 733/1012/417 725/1003/417
f 733/1012/424 741/1021/424 742/1022/424 734/1013/424
f 734/1013/423 742/1022/423 743/1023/423 735/1014/423
f 735/1014/422 743/1023/422 744/1024/422 736/1015/422
f 736/1015/421 744/1024/421 745/1025/421 737/1016/421
f 737/1017/428 745/1026/428 746/1027/428 738/1018/428
f 738/1018/427 746/1027/427 747/1028/427 739/1019/427
f 739/1019/426 747/1028/426 748/1029/426 740/1020/426
f 740/1020/425 748/1029/425 741/1021/425 733/1012/425
f 741/1021/432 749/1030/432 750/1031/432 742/1022/432
f 742/1022/431 750/1031/431 751/1032/431 743/1023/431
f 743/1023/430 751/1032/430 752/1033/430 744/1024/430
f 744/1024/429 752/1033/429 753/1034/429 745/1025/429
f 745/1026/436 753/1035/436 754/1036/436 746/1027/436
f 746/1027/435 754/1036/435 755/1037/435 747/1028/435
f 747/1028/434 755/1037/434 756/1038/434 748/1029/434
f 748/1029/433 756/1038/433 749/1030/433 741/1021/433
f 749/1030/440 757/1039/440 758/1040/440 750/1031/440
f 750/1031/439 758/1040/439 759/1041/439 751/1032/439
f 751/1032/438 759/1041/438 760/1042/438 752/1033/438
f 752/1033/437 760/1042/437 761/1043/437 753/1034/437
f 753/1035/444 761/1044/444 762/1045/444 754/1036/444
f 754/1036/443 762/1045/443 763/1046/443 755/1037/443
f 755/1037/442 763/1046/442 764/1047/442 756/1038/442
f 756/1038/441 764/1047/441 757/1039/441 749/1030/441
f 757/1039/448 765/1048/448 766/1049/448 758/1040/448
f 758/1040/447 766/1049/447 767/1050/447 759/1041/447
f 759/1041/446 767/1050/446 768/1051/446 760/1042/446
f 760/1042/445 768/1051/445 769/1052/445 761/1043/445
f 761/1044/452 769/1053/452 770/1054/452 762/1045/452
f 762/1045/451 770/1054/451 771/1055/451 763/1046/451
f 763/1046/450 771/1055/450 772/1056/450 764/1047/450
f 764/1047/449 772/1056/449 765/1048/449 757/1039/449
f 765/1048/456 773/1057/456 774/1058/456 766/1049/456
f 766/1049/455 774/1058/455 775/1059/455 767/1050/455
f 767/1050/454 775/1059/454 776/1060/454 768/1051/454
f 768/1051/453 776/1060/453 777/1061/453 769/1052/453
f 769/1053/460 777/1062/460 778/1063/460 770/1054/460
f 770/1054/459 778/1063/459 779/1064/459 771/1055/459
f 771/1055/458 779/1064/458 780/1065/458 772/1056/458
f 772/1056/457 780/1065/457 773/1057/457 765/1048/457
f 773/1057/464 781/1066/464 782/1067/464 774/1058/464
f 774/1058/463 782/1067/463 783/1068/463 775/1059/463
f 775/1059/462 783/1068/462 784/1069/462 776/1060/462
f 776/1060/461 784/1069/461 785/1070/461 777/1061/461
f 777/1062/468 785/1071/468 786/1072/468 778/1063/468
f 778/1063/467 786/1072/467 787/1073/467 779/1064/467
f 779/1064/466 787/1073/466 788/1074/466 780/1065/466
f 780/1065/465 788/1074/465 781/1066/465 773/1057/465
f 781/1066/472 789/1075/472 790/1076/472 782/1067/472
f 782/1067/471 790/1076/471 791/1077/471 783/1068/471
f 783/1068/470 791/1077/470 792/1078/470 784/1069/470
f 784/1069/469 792/1078/469 793/1079/469 785/1070/469
f 785/1071/476 793/1080/476 794/1081/476 786/1072/476
f 786/1072/475 794/1081/475 795/1082/475 787/1073/475
f 787/1073/474 795/1082/474 796/1083/474 788/1074/474
f 788/1074/473 796/1083/473 789/1075/473 781/1066/473
f 789/1075/480 797/1084/480 798/1085/480 790/1076/480
f 790/1076/479 798/1085/479 799/1086/479 791/1077/479
f 791/1077/478 799/1086/478 800/1087/478 792/1078/478
f 792/1078/507 800/1087/507 801/1088/507 793/1079/507
f 793/1080/508 801/1089/508 802/1090/508 794/1081/508
f 794/1081/483 802/1090/483 803/1091/483 795/1082/483
f 795/1082/482 803/1091/482 804/1092/482 796/1083/482
f 796/1083/509 804/1092/509 797/1084/509 789/1075/509
f 797/1084/488 805/1093/488 806/1094/488 798/1085/488
f 798/1085/487 806/1094/487 807/1095/487 799/1086/487
f 799/1086/486 807/1095/486 808/1096/486 800/1087/486
f 800/1087/485 808/1096/485 809/1097/485 801/1088/485
f 801/1089/492 809/1098/492 810/1099/492 802/1090/492
f 802/1090/491 810/1099/491 811/1100/491 803/1091/491
f 803/1091/490 811/1100/490 812/1101/490 804/1092/490
f 804/1092/489 812/1101/489 805/1093/489 797/1084/489
f 805/1093/496 301/517/496 302/520/496 806/1094/496
f 806/1094/495 302/520/495 303/522/495 807/1095/495
f 807/1095/494 303/522/494 304/524/494 808/1096/494
f 808/1096/493 304/524/493 305/526/493 809/1097/493
f 809/1098/500 305/527/500 306/530/500 810/1099/500
f 810/1099/499 306/530/499 307/532/499 811/1100/499
f 811/1100/498 307/532/498 308/534/498 812/1101/498
f 812/1101/497 308/534/497 301/517/497 805/1093/497
o topaz_colored_light_pad
v 0.000000 0.080000 -0.380000
v 0.000000 0.100000 -0.380000
v 0.049600 0.080000 -0.376749
v 0.049600 0.100000 -0.376749
v 0.098351 0.080000 -0.367052
v 0.098351 0.100000 -0.367052
v 0.145420 0.080000 -0.351074
v 0.145420 0.100000 -0.351074
v 0.190000 0.080000 -0.329090
v 0.190000 0.100000 -0.329090
v 0.231329 0.080000 -0.301474
v 0.231329 0.100000 -0.301474
v 0.268701 0.080000 -0.268701
v 0.268701 0.100000 -0.268701
v 0.301474 0.080000 -0.231329
v 0.301474 0.100000 -0.231329
v 0.329090 0.080000 -0.190000
v 0.329090 0.100000 -0.190000
v 0.351074 0.080000 -0.145420
v 0.351074 0.100000 -0.145420
v 0.367052 0.080000 -0.098351
v 0.367052 0.100000 -0.098351
v 0.376749 0.080000 -0.049600
v 0.376749 0.100000 -0.049600
v 0.380000 0.080000 0.000000
v 0.380000 0.100000 0.000000
v 0.376749 0.080000 0.049600
v 0.376749 0.100000 0.049600
v 0.367052 0.080000 0.098351
v 0.367052 0.100000 0.098351
v 0.351074 0.080000 0.145420
v 0.351074 0.100000 0.145420
v 0.329090 0.080000 0.190000
v 0.329090 0.100000 0.190000
v 0.301474 0.080000 0.231329
v 0.301474 0.100000 0.231329
v 0.268701 0.080000 0.268701
v 0.268701 0.100000 0.268701
v 0.231329 0.080000 0.301474
v 0.231329 0.100000 0.301474
v 0.190000 0.080000 0.329090
v 0.190000 0.100000 0.329090
v 0.145420 0.080000 0.351074
v 0.145420 0.100000 0.351074
v 0.098351 0.080000 0.367052
v 0.098351 0.100000 0.367052
v 0.049600 0.080000 0.376749
v 0.049600 0.100000 0.376749
v 0.000000 0.080000 0.380000
v 0.000000 0.100000 0.380000
v -0.049600 0.080000 0.376749
v -0.049600 0.100000 0.376749
v -0.098351 0.080000 0.367052
v -0.098351 0.100000 0.367052
v -0.145420 0.080000 0.351074
v -0.145420 0.100000 0.351074
v -0.190000 0.080000 0.329090
v -0.190000 0.100000 0.329090
v -0.231329 0.080000 0.301474
v -0.231329 0.100000 0.301474
v -0.268701 0.080000 0.268701
v -0.268701 0.100000 0.268701
v -0.301474 0.080000 0.231329
v -0.301474 0.100000 0.231329
v -0.329090 0.080000 0.190000
v -0.329090 0.100000 0.190000
v -0.351074 0.080000 0.145420
v -0.351074 0.100000 0.145420
v -0.367052 0.080000 0.098351
v -0.367052 0.100000 0.098351
v -0.376749 0.080000 0.049600
v -0.376749 0.100000 0.049600
v -0.380000 0.080000 0.000000
v -0.380000 0.100000 0.000000
v -0.376749 0.080000 -0.049600
v -0.376749 0.100000 -0.049600
v -0.367052 0.080000 -0.098351
v -0.367052 0.100000 -0.098351
v -0.351074 0.080000 -0.145420
v -0.351074 0.100000 -0.145420
v -0.329090 0.080000 -0.190000
v -0.329090 0.100000 -0.190000
v -0.301474 0.080000 -0.231329
v -0.301474 0.100000 -0.231329
v -0.268701 0.080000 -0.268701
v -0.268701 0.100000 -0.268701
v -0.231329 0.080000 -0.301474
v -0.231329 0.100000 -0.301474
v -0.190000 0.080000 -0.329090
v -0.190000 0.100000 -0.329090
v -0.145420 0.080000 -0.351074
v -0.145420 0.100000 -0.351074
v -0.098351 0.080000 -0.367052
v -0.098351 0.100000 -0.367052
v -0.049600 0.080000 -0.376749
v -0.049600 0.100000 -0.376749
vn 0.0654 -0.0000 -0.9979
vn 0.1951 -0.0000 -0.9808
vn 0.3214 -0.0000 -0.9469
vn 0.4423 -0.0000 -0.8969
vn 0.5556 -0.0000 -0.8315
vn 0.6593 -0.0000 -0.7518
vn 0.7518 -0.0000 -0.6593
vn 0.8315 -0.0000 -0.5556
vn 0.8969 -0.0000 -0.4423
vn 0.9469 -0.0000 -0.3214
vn 0.9808 -0.0000 -0.1951
vn 0.9979 -0.0000 -0.0654
vn 0.9979 -0.0000 0.0654
vn 0.9808 -0.0000 0.1951
vn 0.9469 -0.0000 0.3214
vn 0.8969 -0.0000 0.4423
vn 0.8315 -0.0000 0.5556
vn 0.7518 -0.0000 0.6593
vn 0.6593 -0.0000 0.7518
vn 0.5556 -0.0000 0.8315
vn 0.4423 -0.0000 0.8969
vn 0.3214 -0.0000 0.9469
vn 0.1951 -0.0000 0.9808
vn 0.0654 -0.0000 0.9979
vn -0.0654 -0.0000 0.9979
vn -0.1951 -0.0000 0.9808
vn -0.3214 -0.0000 0.9469
vn -0.4423 -0.0000 0.8969
vn -0.5556 -0.0000 0.8315
vn -0.6593 -0.0000 0.7518
vn -0.7518 -0.0000 0.6593
vn -0.8315 -0.0000 0.5556
vn -0.8969 -0.0000 0.4423
vn -0.9469 -0.0000 0.3214
vn -0.9808 -0.0000 0.1951
vn -0.9979 -0.0000 0.0654
vn -0.9979 -0.0000 -0.0654
vn -0.9808 -0.0000 -0.1951
vn -0.9469 -0.0000 -0.3214
vn -0.8969 -0.0000 -0.4423
vn -0.8315 -0.0000 -0.5556
vn -0.7518 -0.0000 -0.6593
vn -0.6593 -0.0000 -0.7518
vn -0.5556 -0.0000 -0.8315
vn -0.4423 -0.0000 -0.8969
vn -0.3214 -0.0000 -0.9469
vn -0.0000 1.0000 -0.0000
vn -0.1951 -0.0000 -0.9808
vn -0.0654 -0.0000 -0.9979
vn -0.0000 -1.0000 -0.0000
vt 1.000000 0.500000
vt 1.000000 1.000000
vt 0.979167 1.000000
vt 0.979167 0.500000
vt 0.958333 1.000000
vt 0.958333 0.500000
vt 0.937500 1.000000
vt 0.937500 0.500000
vt 0.916667 1.000000
vt 0.916667 0.500000
vt 0.895833 1.000000
vt 0.895833 0.500000
vt 0.875000 1.000000
vt 0.875000 0.500000
vt 0.854167 1.000000
vt 0.854167 0.500000
vt 0.833333 1.000000
vt 0.833333 0.500000
vt 0.812500 1.000000
vt 0.812500 0.500000
vt 0.791667 1.000000
vt 0.791667 0.500000
vt 0.770834 1.000000
vt 0.770834 0.500000
vt 0.750000 1.000000
vt 0.750000 0.500000
vt 0.729167 1.000000
vt 0.729167 0.500000
vt 0.708334 1.000000
vt 0.708334 0.500000
vt 0.687500 1.000000
vt 0.687500 0.500000
vt 0.666667 1.000000
vt 0.666667 0.500000
vt 0.645834 1.000000
vt 0.645834 0.500000
vt 0.625000 1.000000
vt 0.625000 0.500000
vt 0.604167 1.000000
vt 0.604167 0.500000
vt 0.583334 1.000000
vt 0.583334 0.500000
vt 0.562500 1.000000
vt 0.562500 0.500000
vt 0.541667 1.000000
vt 0.541667 0.500000
vt 0.520834 1.000000
vt 0.520834 0.500000
vt 0.500000 1.000000
vt 0.500000 0.500000
vt 0.479167 1.000000
vt 0.479167 0.500000
vt 0.458334 1.000000
vt 0.458334 0.500000
vt 0.437500 1.000000
vt 0.437500 0.500000
vt 0.416667 1.000000
vt 0.416667 0.500000
vt 0.395834 1.000000
vt 0.395834 0.500000
vt 0.375000 1.000000
vt 0.375000 0.500000
vt 0.354167 1.000000
vt 0.354167 0.500000
vt 0.333334 1.000000
vt 0.333334 0.500000
vt 0.312500 1.000000
vt 0.312500 0.500000
vt 0.291667 1.000000
vt 0.291667 0.500000
vt 0.270834 1.000000
vt 0.270834 0.500000
vt 0.250000 1.000000
vt 0.250000 0.500000
vt 0.229167 1.000000
vt 0.229167 0.500000
vt 0.208334 1.000000
vt 0.208334 0.500000
vt 0.187500 1.000000
vt 0.187500 0.500000
vt 0.166667 1.000000
vt 0.166667 0.500000
vt 0.145834 1.000000
vt 0.145834 0.500000
vt 0.125000 1.000000
vt 0.125000 0.500000
vt 0.104167 1.000000
vt 0.104167 0.500000
vt 0.083334 1.000000
vt 0.083334 0.500000
vt 0.062500 1.000000
vt 0.062500 0.500000
vt 0.041667 1.000000
vt 0.041667 0.500000
vt 0.281326 0.487947
vt 0.250000 0.490000
vt 0.218674 0.487947
vt 0.187883 0.481822
vt 0.158156 0.471731
vt 0.130000 0.457846
vt 0.103897 0.440405
vt 0.080294 0.419706
vt 0.059595 0.396103
vt 0.042154 0.370000
vt 0.028269 0.341844
vt 0.018178 0.312117
vt 0.012053 0.281326
vt 0.010000 0.250000
vt 0.012053 0.218674
vt 0.018178 0.187883
vt 0.028269 0.158156
vt 0.042154 0.130000
vt 0.059595 0.103897
vt 0.080294 0.080294
vt 0.103897 0.059595
vt 0.130000 0.042154
vt 0.158156 0.028269
vt 0.187883 0.018178
vt 0.218674 0.012053
vt 0.250000 0.010000
vt 0.281326 0.012053
vt 0.312117 0.018178
vt 0.341844 0.028269
vt 0.370000 0.042154
vt 0.396103 0.059595
vt 0.419706 0.080294
vt 0.440405 0.103897
vt 0.457846 0.130000
vt 0.471731 0.158156
vt 0.481822 0.187883
vt 0.487947 0.218674
vt 0.490000 0.250000
vt 0.487947 0.281326
vt 0.481822 0.312117
vt 0.471731 0.341844
vt 0.457846 0.370000
vt 0.440405 0.396103
vt 0.419706 0.419706
vt 0.396103 0.440405
vt 0.370000 0.457846
vt 0.341844 0.471731
vt 0.312117 0.481822
vt 0.020834 1.000000
vt 0.020834 0.500000
vt 0.000000 1.000000
vt 0.000000 0.500000
vt 0.750000 0.490000
vt 0.781326 0.487947
vt 0.812117 0.481822
vt 0.841844 0.471731
vt 0.870000 0.457846
vt 0.896103 0.440405
vt 0.919706 0.419706
vt 0.940405 0.396103
vt 0.957846 0.370000
vt 0.971731 0.341844
vt 0.981822 0.312117
vt 0.987947 0.281326
vt 0.990000 0.250000
vt 0.987947 0.218674
vt 0.981822 0.187883
vt 0.971731 0.158156
vt 0.957846 0.130000
vt 0.940405 0.103897
vt 0.919706 0.080294
vt 0.896103 0.059595
vt 0.870000 0.042154
vt 0.841844 0.028269
vt 0.812117 0.018178
vt 0.781326 0.012053
vt 0.750000 0.010000
vt 0.718674 0.012053
vt 0.687883 0.018178
vt 0.658156 0.028269
vt 0.630000 0.042154
vt 0.603897 0.059595
vt 0.580294 0.080294
vt 0.559595 0.103897
vt 0.542154 0.130000
vt 0.528269 0.158156
vt 0.518178 0.187883
vt 0.512053 0.218674
vt 0.510000 0.250000
vt 0.512053 0.281326
vt 0.518178 0.312117
vt 0.528269 0.341844
vt 0.542154 0.370000
vt 0.559595 0.396103
vt 0.580294 0.419706
vt 0.603897 0.440405
vt 0.630000 0.457846
vt 0.658156 0.471731
vt 0.687883 0.481822
vt 0.718674 0.487947
s 0
usemtl topaz_emissive_glow
f 813/1102/510 814/1103/510 816/1104/510 815/1105/510
f 815/1105/511 816/1104/511 818/1106/511 817/1107/511
f 817/1107/512 818/1106/512 820/1108/512 819/1109/512
f 819/1109/513 820/1108/513 822/1110/513 821/1111/513
f 821/1111/514 822/1110/514 824/1112/514 823/1113/514
f 823/1113/515 824/1112/515 826/1114/515 825/1115/515
f 825/1115/516 826/1114/516 828/1116/516 827/1117/516
f 827/1117/517 828/1116/517 830/1118/517 829/1119/517
f 829/1119/518 830/1118/518 832/1120/518 831/1121/518
f 831/1121/519 832/1120/519 834/1122/519 833/1123/519
f 833/1123/520 834/1122/520 836/1124/520 835/1125/520
f 835/1125/521 836/1124/521 838/1126/521 837/1127/521
f 837/1127/522 838/1126/522 840/1128/522 839/1129/522
f 839/1129/523 840/1128/523 842/1130/523 841/1131/523
f 841/1131/524 842/1130/524 844/1132/524 843/1133/524
f 843/1133/525 844/1132/525 846/1134/525 845/1135/525
f 845/1135/526 846/1134/526 848/1136/526 847/1137/526
f 847/1137/527 848/1136/527 850/1138/527 849/1139/527
f 849/1139/528 850/1138/528 852/1140/528 851/1141/528
f 851/1141/529 852/1140/529 854/1142/529 853/1143/529
f 853/1143/530 854/1142/530 856/1144/530 855/1145/530
f 855/1145/531 856/1144/531 858/1146/531 857/1147/531
f 857/1147/532 858/1146/532 860/1148/532 859/1149/532
f 859/1149/533 860/1148/533 862/1150/533 861/1151/533
f 861/1151/534 862/1150/534 864/1152/534 863/1153/534
f 863/1153/535 864/1152/535 866/1154/535 865/1155/535
f 865/1155/536 866/1154/536 868/1156/536 867/1157/536
f 867/1157/537 868/1156/537 870/1158/537 869/1159/537
f 869/1159/538 870/1158/538 872/1160/538 871/1161/538
f 871/1161/539 872/1160/539 874/1162/539 873/1163/539
f 873/1163/540 874/1162/540 876/1164/540 875/1165/540
f 875/1165/541 876/1164/541 878/1166/541 877/1167/541
f 877/1167/542 878/1166/542 880/1168/542 879/1169/542
f 879/1169/543 880/1168/543 882/1170/543 881/1171/543
f 881/1171/544 882/1170/544 884/1172/544 883/1173/544
f 883/1173/545 884/1172/545 886/1174/545 885/1175/545
f 885/1175/546 886/1174/546 888/1176/546 887/1177/546
f 887/1177/547 888/1176/547 890/1178/547 889/1179/547
f 889/1179/548 890/1178/548 892/1180/548 891/1181/548
f 891/1181/549 892/1180/549 894/1182/549 893/1183/549
f 893/1183/550 894/1182/550 896/1184/550 895/1185/550
f 895/1185/551 896/1184/551 898/1186/551 897/1187/551
f 897/1187/552 898/1186/552 900/1188/552 899/1189/552
f 899/1189/553 900/1188/553 902/1190/553 901/1191/553
f 901/1191/554 902/1190/554 904/1192/554 903/1193/554
f 903/1193/555 904/1192/555 906/1194/555 905/1195/555
f 816/1196/556 814/1197/556 908/1198/556 906/1199/556 904/1200/556 902/1201/556 900/1202/556 898/1203/556 896/1204/556 894/1205/556 892/1206/556 890/1207/556 888/1208/556 886/1209/556 884/1210/556 882/1211/556 880/1212/556 878/1213/556 876/1214/556 874/1215/556 872/1216/556 870/1217/556 868/1218/556 866/1219/556 864/1220/556 862/1221/556 860/1222/556 858/1223/556 856/1224/556 854/1225/556 852/1226/556 850/1227/556 848/1228/556 846/1229/556 844/1230/556 842/1231/556 840/1232/556 838/1233/556 836/1234/556 834/1235/556 832/1236/556 830/1237/556 828/1238/556 826/1239/556 824/1240/556 822/1241/556 820/1242/556 818/1243/556
f 905/1195/557 906/1194/557 908/1244/557 907/1245/557
f 907/1245/558 908/1244/558 814/1246/558 813/1247/558
f 813/1248/559 815/1249/559 817/1250/559 819/1251/559 821/1252/559 823/1253/559 825/1254/559 827/1255/559 829/1256/559 831/1257/559 833/1258/559 835/1259/559 837/1260/559 839/1261/559 841/1262/559 843/1263/559 845/1264/559 847/1265/559 849/1266/559 851/1267/559 853/1268/559 855/1269/559 857/1270/559 859/1271/559 861/1272/559 863/1273/559 865/1274/559 867/1275/559 869/1276/559 871/1277/559 873/1278/559 875/1279/559 877/1280/559 879/1281/559 881/1282/559 883/1283/559 885/1284/559 887/1285/559 889/1286/559 891/1287/559 893/1288/559 895/1289/559 897/1290/559 899/1291/559 901/1292/559 903/1293/559 905/1294/559 907/1295/559
o topaz_base_label
v 0.183960 -0.168153 0.758610
v 0.289800 -0.168153 0.758610
v 0.211680 -0.269840 0.791650
v 0.289800 -0.269840 0.791650
v 0.289800 -0.284905 0.796545
v 0.179100 -0.284905 0.796545
v 0.257220 -0.183218 0.763505
v 0.183960 -0.183218 0.763505
v 0.158220 -0.284905 0.796545
v 0.141840 -0.250496 0.785365
v 0.089640 -0.250496 0.785365
v 0.074160 -0.284905 0.796545
v 0.056160 -0.284905 0.796545
v 0.108900 -0.167468 0.758388
v 0.121320 -0.167468 0.758388
v 0.176220 -0.284905 0.796545
v 0.134640 -0.235431 0.780470
v 0.114840 -0.193147 0.766731
v 0.096480 -0.235431 0.780470
v 0.021703 -0.168460 0.758710
v 0.027506 -0.169355 0.759000
v 0.032718 -0.170796 0.759469
v 0.037347 -0.172743 0.760102
v 0.041400 -0.175157 0.760886
v 0.044887 -0.177997 0.761808
v 0.047816 -0.181221 0.762856
v 0.050193 -0.184790 0.764016
v 0.052028 -0.188664 0.765274
v 0.053329 -0.192801 0.766619
v 0.054104 -0.197162 0.768036
v 0.054360 -0.201706 0.769512
v 0.054089 -0.206198 0.770971
v 0.053268 -0.210489 0.772366
v 0.051891 -0.214543 0.773683
v 0.049947 -0.218324 0.774912
v 0.047428 -0.221797 0.776040
v 0.044325 -0.224924 0.777056
v 0.040630 -0.227669 0.777948
v 0.036333 -0.229997 0.778704
v 0.031427 -0.231871 0.779313
v 0.025902 -0.233254 0.779763
v 0.019749 -0.234110 0.780041
v 0.012960 -0.234404 0.780136
v -0.005400 -0.234404 0.780136
v -0.005400 -0.284905 0.796545
v -0.023040 -0.284905 0.796545
v -0.023040 -0.168153 0.758610
v 0.015300 -0.168153 0.758610
v 0.014580 -0.219339 0.775241
v 0.017765 -0.219201 0.775196
v 0.020742 -0.218790 0.775063
v 0.023498 -0.218114 0.774843
v 0.026020 -0.217177 0.774539
v 0.028294 -0.215985 0.774152
v 0.030307 -0.214546 0.773684
v 0.032047 -0.212863 0.773137
v 0.033500 -0.210944 0.772514
v 0.034653 -0.208795 0.771815
v 0.035492 -0.206420 0.771044
v 0.036006 -0.203827 0.770201
v 0.036180 -0.201022 0.769290
v 0.036075 -0.198873 0.768592
v 0.035746 -0.196731 0.767896
v 0.035170 -0.194629 0.767213
v 0.034327 -0.192602 0.766554
v 0.033193 -0.190684 0.765931
v 0.031747 -0.188910 0.765354
v 0.029968 -0.187314 0.764836
v 0.027833 -0.185931 0.764387
v 0.025321 -0.184796 0.764018
v 0.022409 -0.183942 0.763740
v 0.019076 -0.183405 0.763566
v 0.015300 -0.183218 0.763505
v -0.005400 -0.183218 0.763505
v -0.005400 -0.219339 0.775241
v -0.099992 -0.167170 0.758291
v -0.090844 -0.168792 0.758818
v -0.082392 -0.171400 0.759665
v -0.074673 -0.174918 0.760808
v -0.067724 -0.179268 0.762222
v -0.061583 -0.184373 0.763880
v -0.056284 -0.190156 0.765759
v -0.051867 -0.196539 0.767833
v -0.048367 -0.203445 0.770077
v -0.045821 -0.210797 0.772466
v -0.044266 -0.218517 0.774974
v -0.043740 -0.226529 0.777578
v -0.044253 -0.234325 0.780111
v -0.045772 -0.241904 0.782573
v -0.048271 -0.249180 0.784937
v -0.051720 -0.256062 0.787174
v -0.056092 -0.262465 0.789254
v -0.061358 -0.268299 0.791150
v -0.067490 -0.273477 0.792832
v -0.074460 -0.277911 0.794273
v -0.082240 -0.281513 0.795443
v -0.090803 -0.284195 0.796314
v -0.100118 -0.285868 0.796858
v -0.110160 -0.286445 0.797046
v -0.119881 -0.285871 0.796859
v -0.128951 -0.284207 0.796318
v -0.137332 -0.281537 0.795451
v -0.144987 -0.277949 0.794285
v -0.151879 -0.273529 0.792849
v -0.157973 -0.268364 0.791170
v -0.163230 -0.262538 0.789277
v -0.167613 -0.256138 0.787198
v -0.171087 -0.249252 0.784961
v -0.173614 -0.241964 0.782593
v -0.175157 -0.234361 0.780122
v -0.175680 -0.226529 0.777578
v -0.175143 -0.218553 0.774986
v -0.173563 -0.210856 0.772485
v -0.170980 -0.203517 0.770101
v -0.167440 -0.196615 0.767858
v -0.162985 -0.190229 0.765783
v -0.157658 -0.184438 0.763901
v -0.151502 -0.179320 0.762239
v -0.144560 -0.174956 0.760821
v -0.136876 -0.171424 0.759673
v -0.128493 -0.168804 0.758821
v -0.119453 -0.167173 0.758292
v -0.109800 -0.166612 0.758109
v -0.103073 -0.270650 0.791913
v -0.096691 -0.269513 0.791544
v -0.090700 -0.267671 0.790945
v -0.085147 -0.265167 0.790132
v -0.080076 -0.262045 0.789118
v -0.075533 -0.258349 0.787916
v -0.071563 -0.254121 0.786543
v -0.068213 -0.249405 0.785010
v -0.065528 -0.244244 0.783334
v -0.063554 -0.238683 0.781527
v -0.062336 -0.232763 0.779603
v -0.061920 -0.226529 0.777578
v -0.062336 -0.220259 0.775540
v -0.063554 -0.214316 0.773609
v -0.065528 -0.208741 0.771798
v -0.068213 -0.203577 0.770120
v -0.071563 -0.198864 0.768589
v -0.075533 -0.194645 0.767218
v -0.080076 -0.190960 0.766021
v -0.085147 -0.187853 0.765011
v -0.090700 -0.185363 0.764202
v -0.096691 -0.183533 0.763607
v -0.103073 -0.182405 0.763241
v -0.109800 -0.182019 0.763116
v -0.116486 -0.182405 0.763241
v -0.122833 -0.183533 0.763607
v -0.128796 -0.185363 0.764202
v -0.134327 -0.187853 0.765011
v -0.139380 -0.190960 0.766021
v -0.143910 -0.194645 0.767218
v -0.147870 -0.198864 0.768589
v -0.151213 -0.203577 0.770120
v -0.153894 -0.208741 0.771798
v -0.155867 -0.214316 0.773609
v -0.157084 -0.220259 0.775540
v -0.157500 -0.226529 0.777578
v -0.157084 -0.232763 0.779603
v -0.155867 -0.238683 0.781527
v -0.153894 -0.244244 0.783334
v -0.151213 -0.249405 0.785010
v -0.147870 -0.254121 0.786543
v -0.143910 -0.258349 0.787916
v -0.139380 -0.262045 0.789118
v -0.134327 -0.265167 0.790132
v -0.128796 -0.267671 0.790945
v -0.122833 -0.269513 0.791544
v -0.116486 -0.270650 0.791913
v -0.109800 -0.271038 0.792040
v -0.229320 -0.183218 0.763505
v -0.229320 -0.284905 0.796545
v -0.246960 -0.284905 0.796545
v -0.246960 -0.183218 0.763505
v -0.289440 -0.183218 0.763505
v -0.289440 -0.168153 0.758610
v -0.186840 -0.168153 0.758610
v -0.186840 -0.183218 0.763505
v 0.183960 -0.181058 0.718894
v 0.289800 -0.181058 0.718894
v 0.211680 -0.282745 0.751934
v 0.289800 -0.282745 0.751934
v 0.289800 -0.297809 0.756829
v 0.179100 -0.297809 0.756829
v 0.257220 -0.196122 0.723789
v 0.183960 -0.196122 0.723789
v 0.158220 -0.297809 0.756829
v 0.141840 -0.263400 0.745649
v 0.089640 -0.263400 0.745649
v 0.074160 -0.297809 0.756829
v 0.056160 -0.297809 0.756829
v 0.108900 -0.180373 0.718671
v 0.121320 -0.180373 0.718671
v 0.176220 -0.297809 0.756829
v 0.134640 -0.248335 0.740754
v 0.114840 -0.206051 0.727015
v 0.096480 -0.248335 0.740754
v 0.021703 -0.181365 0.718994
v 0.027506 -0.182259 0.719284
v 0.032718 -0.183700 0.719753
v 0.037347 -0.185648 0.720385
v 0.041400 -0.188062 0.721170
v 0.044887 -0.190901 0.722092
v 0.047816 -0.194126 0.723140
v 0.050193 -0.197695 0.724300
v 0.052028 -0.201568 0.725558
v 0.053329 -0.205706 0.726903
v 0.054104 -0.210067 0.728320
v 0.054360 -0.214611 0.729796
v 0.054089 -0.219102 0.731255
v 0.053268 -0.223393 0.732650
v 0.051891 -0.227447 0.733967
v 0.049947 -0.231229 0.735196
v 0.047428 -0.234701 0.736324
v 0.044325 -0.237829 0.737340
v 0.040630 -0.240574 0.738232
v 0.036333 -0.242902 0.738988
v 0.031427 -0.244775 0.739597
v 0.025902 -0.246158 0.740046
v 0.019749 -0.247015 0.740325
v 0.012960 -0.247308 0.740420
v -0.005400 -0.247308 0.740420
v -0.005400 -0.297809 0.756829
v -0.023040 -0.297809 0.756829
v -0.023040 -0.181058 0.718894
v 0.015300 -0.181058 0.718894
v 0.014580 -0.232243 0.735525
v 0.017765 -0.232105 0.735480
v 0.020742 -0.231695 0.735347
v 0.023498 -0.231018 0.735127
v 0.026020 -0.230081 0.734823
v 0.028294 -0.228890 0.734436
v 0.030307 -0.227450 0.733968
v 0.032047 -0.225768 0.733421
v 0.033500 -0.223849 0.732798
v 0.034653 -0.221699 0.732099
v 0.035492 -0.219325 0.731328
v 0.036006 -0.216732 0.730485
v 0.036180 -0.213926 0.729574
v 0.036075 -0.211778 0.728876
v 0.035746 -0.209635 0.728179
v 0.035170 -0.207533 0.727496
v 0.034327 -0.205506 0.726838
v 0.033193 -0.203588 0.726215
v 0.031747 -0.201814 0.725638
v 0.029968 -0.200219 0.725120
v 0.027833 -0.198836 0.724670
v 0.025321 -0.197701 0.724302
v 0.022409 -0.196847 0.724024
v 0.019076 -0.196309 0.723849
v 0.015300 -0.196122 0.723789
v -0.005400 -0.196122 0.723789
v -0.005400 -0.232243 0.735525
v -0.099992 -0.180075 0.718575
v -0.090844 -0.181696 0.719101
v -0.082392 -0.184305 0.719949
v -0.074673 -0.187823 0.721092
v -0.067724 -0.192173 0.722506
v -0.061583 -0.197278 0.724164
v -0.056284 -0.203061 0.726043
v -0.051867 -0.209443 0.728117
v -0.048367 -0.216350 0.730361
v -0.045821 -0.223701 0.732750
v -0.044266 -0.231422 0.735258
v -0.043740 -0.239433 0.737861
v -0.044253 -0.247229 0.740394
v -0.045772 -0.254809 0.742857
v -0.048271 -0.262084 0.745221
v -0.051720 -0.268967 0.747457
v -0.056092 -0.275370 0.749538
v -0.061358 -0.281204 0.751433
v -0.067490 -0.286382 0.753116
v -0.074460 -0.290816 0.754557
v -0.082240 -0.294418 0.755727
v -0.090803 -0.297099 0.756598
v -0.100118 -0.298773 0.757142
v -0.110160 -0.299350 0.757329
v -0.119881 -0.298776 0.757143
v -0.128951 -0.297111 0.756602
v -0.137332 -0.294442 0.755735
v -0.144987 -0.290854 0.754569
v -0.151879 -0.286434 0.753133
v -0.157973 -0.281268 0.751454
v -0.163230 -0.275442 0.749561
v -0.167613 -0.269043 0.747482
v -0.171087 -0.262156 0.745245
v -0.173614 -0.254868 0.742876
v -0.175157 -0.247265 0.740406
v -0.175680 -0.239433 0.737861
v -0.175143 -0.231458 0.735270
v -0.173563 -0.223761 0.732769
v -0.170980 -0.216422 0.730384
v -0.167440 -0.209520 0.728142
v -0.162985 -0.203133 0.726067
v -0.157658 -0.197342 0.724185
v -0.151502 -0.192225 0.722522
v -0.144560 -0.187861 0.721104
v -0.136876 -0.184329 0.719957
v -0.128493 -0.181708 0.719105
v -0.119453 -0.180078 0.718576
v -0.109800 -0.179517 0.718393
v -0.103073 -0.283554 0.752197
v -0.096691 -0.282417 0.751828
v -0.090700 -0.280575 0.751229
v -0.085147 -0.278072 0.750416
v -0.080076 -0.274950 0.749401
v -0.075533 -0.271253 0.748200
v -0.071563 -0.267026 0.746827
v -0.068213 -0.262310 0.745294
v -0.065528 -0.257149 0.743618
v -0.063554 -0.251587 0.741810
v -0.062336 -0.245668 0.739887
v -0.061920 -0.239433 0.737861
v -0.062336 -0.233163 0.735824
v -0.063554 -0.227220 0.733893
v -0.065528 -0.221646 0.732082
v -0.068213 -0.216481 0.730404
v -0.071563 -0.211769 0.728873
v -0.075533 -0.207549 0.727502
v -0.080076 -0.203865 0.726304
v -0.085147 -0.200757 0.725295
v -0.090700 -0.198268 0.724486
v -0.096691 -0.196438 0.723891
v -0.103073 -0.195309 0.723525
v -0.109800 -0.194924 0.723399
v -0.116486 -0.195309 0.723525
v -0.122833 -0.196438 0.723891
v -0.128796 -0.198268 0.724486
v -0.134327 -0.200757 0.725295
v -0.139380 -0.203865 0.726304
v -0.143910 -0.207549 0.727502
v -0.147870 -0.211769 0.728873
v -0.151213 -0.216481 0.730404
v -0.153894 -0.221646 0.732082
v -0.155867 -0.227220 0.733893
v -0.157084 -0.233163 0.735824
v -0.157500 -0.239433 0.737861
v -0.157084 -0.245668 0.739887
v -0.155867 -0.251587 0.741810
v -0.153894 -0.257149 0.743618
v -0.151213 -0.262310 0.745294
v -0.147870 -0.267026 0.746827
v -0.143910 -0.271253 0.748200
v -0.139380 -0.274950 0.749401
v -0.134327 -0.278072 0.750416
v -0.128796 -0.280575 0.751229
v -0.122833 -0.282417 0.751828
v -0.116486 -0.283554 0.752197
v -0.109800 -0.283943 0.752323
v -0.229320 -0.196122 0.723789
v -0.229320 -0.297809 0.756829
v -0.246960 -0.297809 0.756829
v -0.246960 -0.196122 0.723789
v -0.289440 -0.196122 0.723789
v -0.289440 -0.181058 0.718894
v -0.186840 -0.181058 0.718894
v -0.186840 -0.196122 0.723789
v -0.229320 -0.196122 0.723789
v -0.228430 -0.196925 0.724198
v -0.227627 -0.197562 0.724835
v -0.226990 -0.197971 0.725638
v -0.226581 -0.198112 0.726528
v -0.226440 -0.197971 0.727418
v -0.226440 -0.186847 0.761656
v -0.226581 -0.186438 0.762459
v -0.226990 -0.185801 0.763096
v -0.227627 -0.184998 0.763505
v -0.228430 -0.184108 0.763646
v -0.229320 -0.183218 0.763505
v -0.229320 -0.297809 0.756829
v -0.228430 -0.298612 0.757238
v -0.227627 -0.299249 0.757875
v -0.226990 -0.299658 0.758678
v -0.226581 -0.299799 0.759568
v -0.226440 -0.299658 0.760458
v -0.226440 -0.288534 0.794696
v -0.226581 -0.288125 0.795499
v -0.226990 -0.287488 0.796136
v -0.227627 -0.286685 0.796545
v -0.228430 -0.285795 0.796686
v -0.229320 -0.284905 0.796545
v -0.246960 -0.297809 0.756829
v -0.247850 -0.298612 0.757238
v -0.248653 -0.299249 0.757875
v -0.249290 -0.299658 0.758678
v -0.249699 -0.299799 0.759568
v -0.249840 -0.299658 0.760458
v -0.249840 -0.288534 0.794696
v -0.249699 -0.288125 0.795499
v -0.249290 -0.287488 0.796136
v -0.248653 -0.286685 0.796545
v -0.247850 -0.285795 0.796686
v -0.246960 -0.284905 0.796545
v -0.246960 -0.196122 0.723789
v -0.247850 -0.196925 0.724198
v -0.248653 -0.197562 0.724835
v -0.249290 -0.197971 0.725638
v -0.249699 -0.198112 0.726528
v -0.249840 -0.197971 0.727418
v -0.249840 -0.186847 0.761656
v -0.249699 -0.186438 0.762459
v -0.249290 -0.185801 0.763096
v -0.248653 -0.184998 0.763505
v -0.247850 -0.184108 0.763646
v -0.246960 -0.183218 0.763505
v -0.289440 -0.196122 0.723789
v -0.290330 -0.196925 0.724198
v -0.291133 -0.197562 0.724835
v -0.291770 -0.197971 0.725638
v -0.292179 -0.198112 0.726528
v -0.292320 -0.197971 0.727418
v -0.292320 -0.186847 0.761656
v -0.292179 -0.186438 0.762459
v -0.291770 -0.185801 0.763096
v -0.291133 -0.184998 0.763505
v -0.290330 -0.184108 0.763646
v -0.289440 -0.183218 0.763505
v -0.289440 -0.181058 0.718894
v -0.290330 -0.180168 0.718753
v -0.291133 -0.179278 0.718894
v -0.291770 -0.178475 0.719303
v -0.292179 -0.177838 0.719940
v -0.292320 -0.177429 0.720743
v -0.292320 -0.166304 0.754981
v -0.292179 -0.166163 0.755871
v -0.291770 -0.166304 0.756761
v -0.291133 -0.166713 0.757564
v -0.290330 -0.167350 0.758201
v -0.289440 -0.168153 0.758610
v -0.186840 -0.181058 0.718894
v -0.185950 -0.180168 0.718753
v -0.185147 -0.179278 0.718894
v -0.184510 -0.178475 0.719303
v -0.184101 -0.177838 0.719940
v -0.183960 -0.177429 0.720743
v -0.183960 -0.166304 0.754981
v -0.184101 -0.166163 0.755871
v -0.184510 -0.166304 0.756761
v -0.185147 -0.166713 0.757564
v -0.185950 -0.167350 0.758201
v -0.186840 -0.168153 0.758610
v -0.186840 -0.196122 0.723789
v -0.185950 -0.196925 0.724198
v -0.185147 -0.197562 0.724835
v -0.184510 -0.197971 0.725638
v -0.184101 -0.198112 0.726528
v -0.183960 -0.197971 0.727418
v -0.183960 -0.186847 0.761656
v -0.184101 -0.186438 0.762459
v -0.184510 -0.185801 0.763096
v -0.185147 -0.184998 0.763505
v -0.185950 -0.184108 0.763646
v -0.186840 -0.183218 0.763505
v -0.099992 -0.180075 0.718575
v -0.099884 -0.179189 0.718435
v -0.099786 -0.178304 0.718577
v -0.099708 -0.177504 0.718988
v -0.099658 -0.176869 0.719625
v -0.099641 -0.176461 0.720429
v -0.099641 -0.165336 0.754667
v -0.099658 -0.165194 0.755556
v -0.099708 -0.165333 0.756446
v -0.099786 -0.165739 0.757247
v -0.099884 -0.166372 0.757883
v -0.099992 -0.167170 0.758291
v -0.090844 -0.181696 0.719101
v -0.090624 -0.180831 0.718968
v -0.090426 -0.179963 0.719117
v -0.090269 -0.179177 0.719531
v -0.090168 -0.178552 0.720172
v -0.090133 -0.178146 0.720976
v -0.090133 -0.167022 0.755214
v -0.090168 -0.166877 0.756103
v -0.090269 -0.167007 0.756989
v -0.090426 -0.167398 0.757786
v -0.090624 -0.168013 0.758416
v -0.090844 -0.168792 0.758818
v -0.082392 -0.184305 0.719949
v -0.082061 -0.183474 0.719827
v -0.081762 -0.182637 0.719985
v -0.081525 -0.181876 0.720408
v -0.081373 -0.181266 0.721054
v -0.081321 -0.180866 0.721860
v -0.081321 -0.169741 0.756098
v -0.081373 -0.169591 0.756985
v -0.081525 -0.169705 0.757866
v -0.081762 -0.170072 0.758655
v -0.082061 -0.170656 0.759275
v -0.082392 -0.171400 0.759665
v -0.074673 -0.187823 0.721092
v -0.074234 -0.187041 0.720986
v -0.073838 -0.186248 0.721159
v -0.073524 -0.185522 0.721593
v -0.073322 -0.184935 0.722246
v -0.073253 -0.184543 0.723055
v -0.073253 -0.173418 0.757293
v -0.073322 -0.173260 0.758177
v -0.073524 -0.173352 0.759051
v -0.073838 -0.173683 0.759829
v -0.074234 -0.174223 0.760434
v -0.074673 -0.174918 0.760808
v -0.067724 -0.192173 0.722506
v -0.067185 -0.191454 0.722420
v -0.066697 -0.190718 0.722611
v -0.066311 -0.190038 0.723060
v -0.066063 -0.189480 0.723723
v -0.065977 -0.189098 0.724535
v -0.065977 -0.177973 0.758773
v -0.066063 -0.177805 0.759654
v -0.066311 -0.177867 0.760518
v -0.066697 -0.178154 0.761281
v -0.067185 -0.178637 0.761868
v -0.067724 -0.179268 0.762222
v -0.061583 -0.197278 0.724164
v -0.060951 -0.196635 0.724104
v -0.060382 -0.195968 0.724317
v -0.059930 -0.195342 0.724783
v -0.059640 -0.194818 0.725457
v -0.059540 -0.194448 0.726273
v -0.059540 -0.183323 0.760511
v -0.059640 -0.183143 0.761388
v -0.059930 -0.183171 0.762241
v -0.060382 -0.183403 0.762987
v -0.060951 -0.183817 0.763552
v -0.061583 -0.184373 0.763880
v -0.056284 -0.203061 0.726043
v -0.055574 -0.202504 0.726010
v -0.054933 -0.201915 0.726249
v -0.054424 -0.201351 0.726736
v -0.054098 -0.200867 0.727423
v -0.053985 -0.200510 0.728243
v -0.053985 -0.189386 0.762481
v -0.054098 -0.189192 0.763354
v -0.054424 -0.189180 0.764194
v -0.054933 -0.189350 0.764919
v -0.055574 -0.189686 0.765458
v -0.056284 -0.190156 0.765759
v -0.051867 -0.209443 0.728117
v -0.051091 -0.208982 0.728115
v -0.050391 -0.208478 0.728382
v -0.049835 -0.207982 0.728890
v -0.049478 -0.207541 0.729591
v -0.049356 -0.207200 0.730416
v -0.049356 -0.196075 0.764654
v -0.049478 -0.195867 0.765522
v -0.049835 -0.195811 0.766348
v -0.050391 -0.195913 0.767052
v -0.051091 -0.196164 0.767563
v -0.051867 -0.196539 0.767833
v -0.048367 -0.216350 0.730361
v -0.047540 -0.215988 0.730392
v -0.046793 -0.215576 0.730688
v -0.046201 -0.215151 0.731220
v -0.045821 -0.214757 0.731936
v -0.045690 -0.214432 0.732766
v -0.045690 -0.203308 0.767004
v -0.045821 -0.203083 0.767867
v -0.046201 -0.202981 0.768678
v -0.046793 -0.203011 0.769358
v -0.047540 -0.203171 0.769840
v -0.048367 -0.203445 0.770077
v -0.045821 -0.223701 0.732750
v -0.044958 -0.223445 0.732815
v -0.044179 -0.223127 0.733141
v -0.043561 -0.222777 0.733698
v -0.043164 -0.222431 0.734430
v -0.043027 -0.222123 0.735265
v -0.043027 -0.210998 0.769503
v -0.043164 -0.210757 0.770360
v -0.043561 -0.210606 0.771156
v -0.044179 -0.210562 0.771811
v -0.044958 -0.210628 0.772263
v -0.045821 -0.210797 0.772466
v -0.044266 -0.231422 0.735258
v -0.043382 -0.231272 0.735358
v -0.042584 -0.231049 0.735716
v -0.041950 -0.230776 0.736297
v -0.041543 -0.230479 0.737044
v -0.041403 -0.230187 0.737885
v -0.041403 -0.219063 0.772123
v -0.041543 -0.218805 0.772975
v -0.041950 -0.218606 0.773755
v -0.042584 -0.218485 0.774386
v -0.043382 -0.218454 0.774806
v -0.044266 -0.218517 0.774974
v -0.043740 -0.239433 0.737861
v -0.042848 -0.239390 0.737995
v -0.042044 -0.239264 0.738385
v -0.041405 -0.239067 0.738990
v -0.040996 -0.238819 0.739754
v -0.040854 -0.238544 0.740600
v -0.040854 -0.227419 0.774839
v -0.040996 -0.227144 0.775685
v -0.041405 -0.226896 0.776448
v -0.042044 -0.226699 0.777054
v -0.042848 -0.226573 0.777443
v -0.043740 -0.226529 0.777578
v -0.044253 -0.247229 0.740394
v -0.043368 -0.247292 0.740563
v -0.042570 -0.247261 0.740983
v -0.041937 -0.247140 0.741614
v -0.041530 -0.246941 0.742393
v -0.041390 -0.246683 0.743245
v -0.041390 -0.235558 0.777483
v -0.041530 -0.235266 0.778324
v -0.041937 -0.234969 0.779072
v -0.042570 -0.234697 0.779653
v -0.043368 -0.234474 0.780011
v -0.044253 -0.234325 0.780111
v -0.045772 -0.254809 0.742857
v -0.044909 -0.254977 0.743060
v -0.044130 -0.255041 0.743511
v -0.043512 -0.254996 0.744166
v -0.043115 -0.254845 0.744961
v -0.042978 -0.254603 0.745819
v -0.042978 -0.243479 0.780057
v -0.043115 -0.243170 0.780892
v -0.043512 -0.242825 0.781624
v -0.044130 -0.242477 0.782181
v -0.044909 -0.242159 0.782508
v -0.045772 -0.241904 0.782573
v -0.048271 -0.262084 0.745221
v -0.047443 -0.262355 0.745457
v -0.046696 -0.262513 0.745939
v -0.046103 -0.262541 0.746618
v -0.045722 -0.262438 0.747428
v -0.045591 -0.262213 0.748291
v -0.045591 -0.251088 0.782529
v -0.045722 -0.250763 0.783359
v -0.046103 -0.250370 0.784076
v -0.046696 -0.249948 0.784609
v -0.047443 -0.249538 0.784905
v -0.048271 -0.249180 0.784937
v -0.051720 -0.268967 0.747457
v -0.050942 -0.269338 0.747726
v -0.050240 -0.269585 0.748237
v -0.049683 -0.269685 0.748939
v -0.049325 -0.269627 0.749764
v -0.049202 -0.269418 0.750632
v -0.049202 -0.258293 0.784870
v -0.049325 -0.257953 0.785695
v -0.049683 -0.257514 0.786397
v -0.050240 -0.257020 0.786906
v -0.050942 -0.256520 0.787174
v -0.051720 -0.256062 0.787174
v -0.056092 -0.275370 0.749538
v -0.055378 -0.275834 0.749837
v -0.054733 -0.276167 0.750375
v -0.054222 -0.276334 0.751099
v -0.053894 -0.276319 0.751939
v -0.053781 -0.276125 0.752811
v -0.053781 -0.265000 0.787049
v -0.053894 -0.264645 0.787870
v -0.054222 -0.264163 0.788557
v -0.054733 -0.263602 0.789045
v -0.055378 -0.263017 0.789285
v -0.056092 -0.262465 0.789254
v -0.061358 -0.281204 0.751433
v -0.060722 -0.281755 0.751761
v -0.060148 -0.282165 0.752324
v -0.059692 -0.282394 0.753069
v -0.059400 -0.282420 0.753921
v -0.059299 -0.282239 0.754798
v -0.059299 -0.271114 0.789036
v -0.059400 -0.270745 0.789852
v -0.059692 -0.270223 0.790526
v -0.060148 -0.269601 0.790994
v -0.060722 -0.268938 0.791209
v -0.061358 -0.268299 0.791150
v -0.067490 -0.286382 0.753116
v -0.066944 -0.287010 0.753468
v -0.066452 -0.287489 0.754054
v -0.066062 -0.287773 0.754816
v -0.065811 -0.287833 0.755680
v -0.065725 -0.287665 0.756561
v -0.065725 -0.276540 0.790799
v -0.065811 -0.276159 0.791611
v -0.066062 -0.275602 0.792274
v -0.066452 -0.274924 0.792724
v -0.066944 -0.274192 0.792916
v -0.067490 -0.273477 0.792832
v -0.074460 -0.290816 0.754557
v -0.074016 -0.291508 0.754930
v -0.073615 -0.292045 0.755534
v -0.073297 -0.292375 0.756311
v -0.073093 -0.292465 0.757185
v -0.073023 -0.292307 0.758069
v -0.073023 -0.281182 0.792307
v -0.073093 -0.280791 0.793116
v -0.073297 -0.280204 0.793769
v -0.073615 -0.279481 0.794204
v -0.074016 -0.278691 0.794378
v -0.074460 -0.277911 0.794273
v -0.082240 -0.294418 0.755727
v -0.081905 -0.295160 0.756116
v -0.081602 -0.295743 0.756736
v -0.081362 -0.296109 0.757525
v -0.081208 -0.296222 0.758406
v -0.081155 -0.296071 0.759292
v -0.081155 -0.284947 0.793530
v -0.081208 -0.284547 0.794336
v -0.081362 -0.283938 0.794983
v -0.081602 -0.283178 0.795406
v -0.081905 -0.282343 0.795564
v -0.082240 -0.281513 0.795443
v -0.090803 -0.297099 0.756598
v -0.090580 -0.297877 0.756999
v -0.090379 -0.298492 0.757629
v -0.090219 -0.298883 0.758426
v -0.090117 -0.299012 0.759312
v -0.090082 -0.298867 0.760201
v -0.090082 -0.287743 0.794439
v -0.090117 -0.287338 0.795243
v -0.090219 -0.286712 0.795884
v -0.090379 -0.285927 0.796299
v -0.090580 -0.285060 0.796447
v -0.090803 -0.284195 0.796314
v -0.100118 -0.298773 0.757142
v -0.100009 -0.299571 0.757549
v -0.099909 -0.300204 0.758185
v -0.099831 -0.300609 0.758987
v -0.099780 -0.300748 0.759876
v -0.099763 -0.300606 0.760766
v -0.099763 -0.289482 0.795004
v -0.099780 -0.289073 0.795807
v -0.099831 -0.288438 0.796445
v -0.099909 -0.287639 0.796855
v -0.100009 -0.286753 0.796997
v -0.100118 -0.285868 0.796858
v -0.110160 -0.299350 0.757329
v -0.110161 -0.300154 0.757739
v -0.110161 -0.300793 0.758377
v -0.110162 -0.301203 0.759180
v -0.110162 -0.301345 0.760070
v -0.110162 -0.301204 0.760960
v -0.110162 -0.290080 0.795198
v -0.110162 -0.289670 0.796001
v -0.110162 -0.289032 0.796638
v -0.110161 -0.288228 0.797047
v -0.110161 -0.287337 0.797187
v -0.110160 -0.286445 0.797046
v -0.119881 -0.298776 0.757143
v -0.119994 -0.299574 0.757550
v -0.120095 -0.300206 0.758186
v -0.120176 -0.300612 0.758988
v -0.120227 -0.300751 0.759877
v -0.120245 -0.300609 0.760767
v -0.120245 -0.289484 0.795005
v -0.120227 -0.289076 0.795808
v -0.120176 -0.288441 0.796446
v -0.120095 -0.287642 0.796856
v -0.119994 -0.286756 0.796998
v -0.119881 -0.285871 0.796859
v -0.128951 -0.297111 0.756602
v -0.129177 -0.297888 0.757003
v -0.129382 -0.298502 0.757632
v -0.129544 -0.298892 0.758429
v -0.129648 -0.299021 0.759315
v -0.129684 -0.298876 0.760204
v -0.129684 -0.287751 0.794442
v -0.129648 -0.287347 0.795246
v -0.129544 -0.286721 0.795887
v -0.129382 -0.285937 0.796302
v -0.129177 -0.285071 0.796451
v -0.128951 -0.284207 0.796318
v -0.137332 -0.294442 0.755735
v -0.137671 -0.295183 0.756124
v -0.137977 -0.295764 0.756743
v -0.138221 -0.296129 0.757531
v -0.138377 -0.296241 0.758412
v -0.138430 -0.296090 0.759299
v -0.138430 -0.284966 0.793537
v -0.138377 -0.284566 0.794343
v -0.138221 -0.283958 0.794989
v -0.137977 -0.283199 0.795412
v -0.137671 -0.282365 0.795572
v -0.137332 -0.281537 0.795451
v -0.144987 -0.290854 0.754569
v -0.145434 -0.291544 0.754941
v -0.145838 -0.292080 0.755546
v -0.146158 -0.292408 0.756322
v -0.146364 -0.292498 0.757195
v -0.146435 -0.292339 0.758080
v -0.146435 -0.281214 0.792318
v -0.146364 -0.280823 0.793126
v -0.146158 -0.280238 0.793780
v -0.145838 -0.279515 0.794216
v -0.145434 -0.278727 0.794389
v -0.144987 -0.277949 0.794285
v -0.151879 -0.286434 0.753133
v -0.152427 -0.287060 0.753484
v -0.152920 -0.287538 0.754070
v -0.153312 -0.287821 0.754832
v -0.153564 -0.287881 0.755695
v -0.153651 -0.287712 0.756576
v -0.153651 -0.276587 0.790814
v -0.153564 -0.276206 0.791626
v -0.153312 -0.275650 0.792290
v -0.152920 -0.274974 0.792740
v -0.152427 -0.274243 0.792933
v -0.151879 -0.273529 0.792849
v -0.157973 -0.281268 0.751454
v -0.158609 -0.281819 0.751781
v -0.159183 -0.282228 0.752345
v -0.159639 -0.282457 0.753089
v -0.159932 -0.282482 0.753941
v -0.160033 -0.282301 0.754818
v -0.160033 -0.271176 0.789056
v -0.159932 -0.270807 0.789872
v -0.159639 -0.270286 0.790547
v -0.159183 -0.269664 0.791014
v -0.158609 -0.269001 0.791229
v -0.157973 -0.268364 0.791170
v -0.163230 -0.275442 0.749561
v -0.163943 -0.275908 0.749861
v -0.164587 -0.276240 0.750399
v -0.165098 -0.276408 0.751123
v -0.165426 -0.276393 0.751963
v -0.165539 -0.276199 0.752835
v -0.165539 -0.265074 0.787073
v -0.165426 -0.264719 0.787894
v -0.165098 -0.264237 0.788581
v -0.164587 -0.263676 0.789069
v -0.163943 -0.263090 0.789309
v -0.163230 -0.262538 0.789277
v -0.167613 -0.269043 0.747482
v -0.168391 -0.269415 0.747751
v -0.169092 -0.269664 0.748262
v -0.169648 -0.269765 0.748965
v -0.170006 -0.269708 0.749791
v -0.170129 -0.269499 0.750658
v -0.170129 -0.258374 0.784896
v -0.170006 -0.258033 0.785721
v -0.169648 -0.257594 0.786423
v -0.169092 -0.257099 0.786932
v -0.168391 -0.256598 0.787199
v -0.167613 -0.256138 0.787198
v -0.171087 -0.262156 0.745245
v -0.171914 -0.262430 0.745481
v -0.172661 -0.262589 0.745963
v -0.173253 -0.262619 0.746643
v -0.173633 -0.262517 0.747454
v -0.173764 -0.262292 0.748317
v -0.173764 -0.251167 0.782555
v -0.173633 -0.250842 0.783385
v -0.173253 -0.250448 0.784101
v -0.172661 -0.250024 0.784633
v -0.171914 -0.249612 0.784930
v -0.171087 -0.249252 0.784961
v -0.173614 -0.254868 0.742876
v -0.174477 -0.255038 0.743080
v -0.175256 -0.255105 0.743532
v -0.175874 -0.255061 0.744187
v -0.176270 -0.254911 0.744983
v -0.176407 -0.254670 0.745840
v -0.176407 -0.243545 0.780078
v -0.176270 -0.243236 0.780914
v -0.175874 -0.242890 0.781645
v -0.175256 -0.242540 0.782202
v -0.174477 -0.242221 0.782528
v -0.173614 -0.241964 0.782593
v -0.175157 -0.247265 0.740406
v -0.176042 -0.247329 0.740575
v -0.176840 -0.247300 0.740996
v -0.177473 -0.247180 0.741627
v -0.177880 -0.246981 0.742406
v -0.178020 -0.246723 0.743258
v -0.178020 -0.235598 0.777496
v -0.177880 -0.235306 0.778337
v -0.177473 -0.235009 0.779085
v -0.176840 -0.234735 0.779666
v -0.176042 -0.234512 0.780023
v -0.175157 -0.234361 0.780122
v -0.175680 -0.239433 0.737861
v -0.176572 -0.239390 0.737995
v -0.177376 -0.239263 0.738384
v -0.178015 -0.239066 0.738990
v -0.178425 -0.238818 0.739754
v -0.178566 -0.238543 0.740600
v -0.178566 -0.227418 0.774838
v -0.178425 -0.227143 0.775685
v -0.178015 -0.226895 0.776448
v -0.177376 -0.226698 0.777054
v -0.176572 -0.226572 0.777443
v -0.175680 -0.226529 0.777578
v -0.175143 -0.231458 0.735270
v -0.176028 -0.231306 0.735369
v -0.176826 -0.231081 0.735726
v -0.177459 -0.230807 0.736307
v -0.177866 -0.230509 0.737054
v -0.178006 -0.230216 0.737895
v -0.178006 -0.219092 0.772133
v -0.177866 -0.218834 0.772985
v -0.177459 -0.218636 0.773765
v -0.176826 -0.218517 0.774396
v -0.176028 -0.218488 0.774817
v -0.175143 -0.218553 0.774986
v -0.173563 -0.223761 0.732769
v -0.174425 -0.223501 0.732833
v -0.175203 -0.223179 0.733158
v -0.175820 -0.222828 0.733714
v -0.176217 -0.222480 0.734445
v -0.176353 -0.222171 0.735281
v -0.176353 -0.211046 0.769519
v -0.176217 -0.210805 0.770376
v -0.175820 -0.210657 0.771172
v -0.175203 -0.210615 0.771828
v -0.174425 -0.210684 0.772281
v -0.173563 -0.210856 0.772485
v -0.170980 -0.216422 0.730384
v -0.171806 -0.216057 0.730414
v -0.172550 -0.215641 0.730709
v -0.173141 -0.215214 0.731240
v -0.173521 -0.214818 0.731956
v -0.173652 -0.214492 0.732786
v -0.173652 -0.203368 0.767024
v -0.173521 -0.203144 0.767887
v -0.173141 -0.203043 0.768698
v -0.172550 -0.203076 0.769379
v -0.171806 -0.203240 0.769862
v -0.170980 -0.203517 0.770101
v -0.167440 -0.209520 0.728142
v -0.168214 -0.209055 0.728139
v -0.168912 -0.208548 0.728404
v -0.169467 -0.208050 0.728912
v -0.169822 -0.207608 0.729613
v -0.169945 -0.207266 0.730438
v -0.169945 -0.196141 0.764676
v -0.169822 -0.195933 0.765544
v -0.169467 -0.195879 0.766370
v -0.168912 -0.195984 0.767074
v -0.168214 -0.196237 0.767587
v -0.167440 -0.196615 0.767858
v -0.162985 -0.203133 0.726067
v -0.163694 -0.202575 0.726034
v -0.164333 -0.201984 0.726272
v -0.164840 -0.201418 0.726758
v -0.165166 -0.200934 0.727444
v -0.165279 -0.200577 0.728264
v -0.165279 -0.189452 0.762502
v -0.165166 -0.189259 0.763375
v -0.164840 -0.189248 0.764216
v -0.164333 -0.189419 0.764942
v -0.163694 -0.189757 0.765482
v -0.162985 -0.190229 0.765783
v -0.157658 -0.197342 0.724185
v -0.158288 -0.196699 0.724124
v -0.158857 -0.196031 0.724337
v -0.159308 -0.195404 0.724804
v -0.159598 -0.194881 0.725478
v -0.159698 -0.194511 0.726293
v -0.159698 -0.183386 0.760531
v -0.159598 -0.183206 0.761409
v -0.159308 -0.183234 0.762262
v -0.158857 -0.183466 0.763007
v -0.158288 -0.183881 0.763572
v -0.157658 -0.184438 0.763901
v -0.151502 -0.192225 0.722522
v -0.152042 -0.191507 0.722437
v -0.152530 -0.190772 0.722629
v -0.152917 -0.190092 0.723078
v -0.153166 -0.189533 0.723740
v -0.153251 -0.189151 0.724552
v -0.153251 -0.178027 0.758790
v -0.153166 -0.177859 0.759671
v -0.152917 -0.177921 0.760535
v -0.152530 -0.178207 0.761298
v -0.152042 -0.178689 0.761885
v -0.151502 -0.179320 0.762239
v -0.144560 -0.187861 0.721104
v -0.145001 -0.187080 0.720999
v -0.145399 -0.186288 0.721172
v -0.145715 -0.185563 0.721606
v -0.145917 -0.184976 0.722260
v -0.145987 -0.184585 0.723068
v -0.145987 -0.173460 0.757306
v -0.145917 -0.173302 0.758191
v -0.145715 -0.173393 0.759064
v -0.145399 -0.173724 0.759842
v -0.145001 -0.174262 0.760447
v -0.144560 -0.174956 0.760821
v -0.136876 -0.184329 0.719957
v -0.137210 -0.183499 0.719835
v -0.137511 -0.182663 0.719994
v -0.137750 -0.181903 0.720417
v -0.137904 -0.181293 0.721063
v -0.137957 -0.180894 0.721869
v -0.137957 -0.169769 0.756107
v -0.137904 -0.169619 0.756994
v -0.137750 -0.169732 0.757875
v -0.137511 -0.170098 0.758664
v -0.137210 -0.170681 0.759283
v -0.136876 -0.171424 0.759673
v -0.128493 -0.181708 0.719105
v -0.128715 -0.180843 0.718973
v -0.128916 -0.179976 0.719121
v -0.129076 -0.179191 0.719536
v -0.129178 -0.178566 0.720177
v -0.129214 -0.178160 0.720981
v -0.129214 -0.167036 0.755219
v -0.129178 -0.166891 0.756108
v -0.129076 -0.167020 0.756994
v -0.128916 -0.167411 0.757791
v -0.128715 -0.168026 0.758421
v -0.128493 -0.168804 0.758821
v -0.119453 -0.180078 0.718576
v -0.119563 -0.179193 0.718436
v -0.119663 -0.178307 0.718579
v -0.119742 -0.177508 0.718989
v -0.119793 -0.176873 0.719627
v -0.119810 -0.176465 0.720430
v -0.119810 -0.165340 0.754668
v -0.119793 -0.165198 0.755558
v -0.119742 -0.165337 0.756447
v -0.119663 -0.165743 0.757249
v -0.119563 -0.166375 0.757884
v -0.119453 -0.167173 0.758292
v -0.109800 -0.179517 0.718393
v -0.109801 -0.178625 0.718252
v -0.109801 -0.177734 0.718392
v -0.109802 -0.176930 0.718801
v -0.109802 -0.176292 0.719438
v -0.109802 -0.175883 0.720241
v -0.109802 -0.164758 0.754479
v -0.109802 -0.164618 0.755369
v -0.109802 -0.164759 0.756259
v -0.109801 -0.165169 0.757062
v -0.109801 -0.165808 0.757700
v -0.109800 -0.166612 0.758109
v -0.103073 -0.283554 0.752197
v -0.103182 -0.282669 0.752058
v -0.103281 -0.281783 0.752200
v -0.103359 -0.280984 0.752610
v -0.103409 -0.280349 0.753248
v -0.103426 -0.279941 0.754051
v -0.103426 -0.268816 0.788289
v -0.103409 -0.268674 0.789179
v -0.103359 -0.268813 0.790068
v -0.103281 -0.269219 0.790870
v -0.103182 -0.269852 0.791506
v -0.103073 -0.270650 0.791913
v -0.096691 -0.282417 0.751828
v -0.096911 -0.281552 0.751695
v -0.097109 -0.280684 0.751843
v -0.097266 -0.279898 0.752258
v -0.097367 -0.279272 0.752898
v -0.097402 -0.278867 0.753702
v -0.097402 -0.267743 0.787940
v -0.097367 -0.267598 0.788829
v -0.097266 -0.267728 0.789716
v -0.097109 -0.268119 0.790513
v -0.096911 -0.268734 0.791143
v -0.096691 -0.269513 0.791544
v -0.090700 -0.280575 0.751229
v -0.091029 -0.279743 0.751107
v -0.091326 -0.278906 0.751265
v -0.091561 -0.278144 0.751688
v -0.091712 -0.277534 0.752333
v -0.091765 -0.277134 0.753139
v -0.091765 -0.266009 0.787377
v -0.091712 -0.265859 0.788264
v -0.091561 -0.265973 0.789146
v -0.091326 -0.266341 0.789935
v -0.091029 -0.266926 0.790555
v -0.090700 -0.267671 0.790945
v -0.085147 -0.278072 0.750416
v -0.085581 -0.277287 0.750309
v -0.085973 -0.276492 0.750481
v -0.086284 -0.275765 0.750915
v -0.086483 -0.275176 0.751567
v -0.086552 -0.274784 0.752376
v -0.086552 -0.263660 0.786614
v -0.086483 -0.263502 0.787498
v -0.086284 -0.263594 0.788373
v -0.085973 -0.263928 0.789151
v -0.085581 -0.264470 0.789757
v -0.085147 -0.265167 0.790132
v -0.080076 -0.274950 0.749401
v -0.080609 -0.274227 0.749315
v -0.081090 -0.273487 0.749504
v -0.081472 -0.272803 0.749952
v -0.081717 -0.272243 0.750614
v -0.081802 -0.271860 0.751426
v -0.081802 -0.260735 0.785664
v -0.081717 -0.260568 0.786545
v -0.081472 -0.260632 0.787410
v -0.081090 -0.260922 0.788174
v -0.080609 -0.261409 0.788763
v -0.080076 -0.262045 0.789118
v -0.075533 -0.271253 0.748200
v -0.076157 -0.270604 0.748137
v -0.076719 -0.269930 0.748349
v -0.077166 -0.269300 0.748814
v -0.077453 -0.268773 0.749487
v -0.077552 -0.268402 0.750302
v -0.077552 -0.257277 0.784540
v -0.077453 -0.257098 0.785418
v -0.077166 -0.257129 0.786272
v -0.076719 -0.257366 0.787019
v -0.076157 -0.257786 0.787585
v -0.075533 -0.258349 0.787916
v -0.071563 -0.267026 0.746827
v -0.072267 -0.266461 0.746791
v -0.072902 -0.265864 0.747028
v -0.073406 -0.265294 0.747512
v -0.073729 -0.264807 0.748198
v -0.073841 -0.264449 0.749018
v -0.073841 -0.253325 0.783256
v -0.073729 -0.253132 0.784129
v -0.073406 -0.253123 0.784970
v -0.072902 -0.253300 0.785698
v -0.072267 -0.253643 0.786239
v -0.071563 -0.254121 0.786543
v -0.068213 -0.262310 0.745294
v -0.068984 -0.261839 0.745290
v -0.069680 -0.261328 0.745554
v -0.070232 -0.260826 0.746061
v -0.070586 -0.260382 0.746760
v -0.070709 -0.260039 0.747585
v -0.070709 -0.248915 0.781823
v -0.070586 -0.248707 0.782691
v -0.070232 -0.248655 0.783518
v -0.069680 -0.248764 0.784224
v -0.068984 -0.249022 0.784738
v -0.068213 -0.249405 0.785010
v -0.065528 -0.257149 0.743618
v -0.066353 -0.256781 0.743646
v -0.067096 -0.256362 0.743940
v -0.067686 -0.255933 0.744471
v -0.068065 -0.255535 0.745186
v -0.068195 -0.255209 0.746015
v -0.068195 -0.244084 0.780253
v -0.068065 -0.243861 0.781116
v -0.067686 -0.243762 0.781929
v -0.067096 -0.243797 0.782610
v -0.066353 -0.243963 0.783094
v -0.065528 -0.244244 0.783334
v -0.063554 -0.251587 0.741810
v -0.064416 -0.251326 0.741874
v -0.065194 -0.251003 0.742199
v -0.065811 -0.250651 0.742754
v -0.066207 -0.250303 0.743485
v -0.066344 -0.249993 0.744321
v -0.066344 -0.238868 0.778559
v -0.066207 -0.238628 0.779416
v -0.065811 -0.238480 0.780212
v -0.065194 -0.238439 0.780869
v -0.064416 -0.238509 0.781322
v -0.063554 -0.238683 0.781527
v -0.062336 -0.245668 0.739887
v -0.063221 -0.245515 0.739986
v -0.064019 -0.245291 0.740343
v -0.064652 -0.245017 0.740924
v -0.065058 -0.244719 0.741671
v -0.065199 -0.244426 0.742512
v -0.065199 -0.233302 0.776750
v -0.065058 -0.233044 0.777602
v -0.064652 -0.232846 0.778382
v -0.064019 -0.232726 0.779013
v -0.063221 -0.232698 0.779434
v -0.062336 -0.232763 0.779603
v -0.061920 -0.239433 0.737861
v -0.062812 -0.239390 0.737995
v -0.063616 -0.239263 0.738384
v -0.064255 -0.239066 0.738990
v -0.064665 -0.238818 0.739754
v -0.064806 -0.238543 0.740600
v -0.064806 -0.227418 0.774838
v -0.064665 -0.227143 0.775685
v -0.064255 -0.226895 0.776448
v -0.063616 -0.226699 0.777054
v -0.062812 -0.226572 0.777443
v -0.061920 -0.226529 0.777578
v -0.062336 -0.233163 0.735824
v -0.063221 -0.233228 0.735993
v -0.064019 -0.233199 0.736414
v -0.064652 -0.233080 0.737045
v -0.065059 -0.232881 0.737825
v -0.065199 -0.232623 0.738677
v -0.065199 -0.221499 0.772915
v -0.065059 -0.221206 0.773756
v -0.064652 -0.220909 0.774503
v -0.064019 -0.220634 0.775084
v -0.063221 -0.220411 0.775441
v -0.062336 -0.220259 0.775540
v -0.063554 -0.227220 0.733893
v -0.064416 -0.227394 0.734098
v -0.065194 -0.227463 0.734550
v -0.065812 -0.227422 0.735207
v -0.066208 -0.227273 0.736003
v -0.066344 -0.227033 0.736860
v -0.066344 -0.215908 0.771098
v -0.066208 -0.215599 0.771934
v -0.065812 -0.215251 0.772665
v -0.065194 -0.214898 0.773220
v -0.064416 -0.214576 0.773546
v -0.063554 -0.214316 0.773609
v -0.065528 -0.221646 0.732082
v -0.066353 -0.221926 0.732321
v -0.067096 -0.222092 0.732805
v -0.067687 -0.222127 0.733487
v -0.068065 -0.222028 0.734299
v -0.068196 -0.221805 0.735162
v -0.068196 -0.210680 0.769400
v -0.068065 -0.210354 0.770229
v -0.067687 -0.209957 0.770945
v -0.067096 -0.209528 0.771475
v -0.066353 -0.209109 0.771769
v -0.065528 -0.208741 0.771798
v -0.068213 -0.216481 0.730404
v -0.068984 -0.216864 0.730676
v -0.069680 -0.217123 0.731191
v -0.070232 -0.217231 0.731896
v -0.070586 -0.217179 0.732723
v -0.070709 -0.216972 0.733591
v -0.070709 -0.205847 0.767829
v -0.070586 -0.205504 0.768654
v -0.070232 -0.205060 0.769354
v -0.069680 -0.204558 0.769860
v -0.068984 -0.204047 0.770124
v -0.068213 -0.203577 0.770120
v -0.071563 -0.211769 0.728873
v -0.072267 -0.212247 0.729176
v -0.072901 -0.212591 0.729718
v -0.073405 -0.212767 0.730445
v -0.073728 -0.212759 0.731287
v -0.073840 -0.212567 0.732160
v -0.073840 -0.201442 0.766398
v -0.073728 -0.201084 0.767218
v -0.073405 -0.200596 0.767903
v -0.072901 -0.200026 0.768388
v -0.072267 -0.199429 0.768624
v -0.071563 -0.198864 0.768589
v -0.075533 -0.207549 0.727502
v -0.076156 -0.208113 0.727833
v -0.076718 -0.208534 0.728400
v -0.077164 -0.208771 0.729147
v -0.077450 -0.208802 0.730001
v -0.077549 -0.208623 0.730879
v -0.077549 -0.197499 0.765117
v -0.077450 -0.197128 0.765932
v -0.077164 -0.196601 0.766605
v -0.076718 -0.195969 0.767070
v -0.076156 -0.195295 0.767281
v -0.075533 -0.194645 0.767218
v -0.080076 -0.203865 0.726304
v -0.080608 -0.204502 0.726660
v -0.081088 -0.204990 0.727248
v -0.081469 -0.205280 0.728013
v -0.081713 -0.205345 0.728878
v -0.081798 -0.205178 0.729759
v -0.081798 -0.194054 0.763997
v -0.081713 -0.193671 0.764809
v -0.081469 -0.193110 0.765471
v -0.081088 -0.192425 0.765918
v -0.080608 -0.191685 0.766108
v -0.080076 -0.190960 0.766021
v -0.085147 -0.200757 0.725295
v -0.085579 -0.201455 0.725670
v -0.085970 -0.201998 0.726276
v -0.086279 -0.202332 0.727055
v -0.086478 -0.202425 0.727929
v -0.086547 -0.202268 0.728814
v -0.086547 -0.191143 0.763052
v -0.086478 -0.190751 0.763860
v -0.086279 -0.190161 0.764513
v -0.085970 -0.189434 0.764946
v -0.085579 -0.188638 0.765118
v -0.085147 -0.187853 0.765011
v -0.090700 -0.198268 0.724486
v -0.091027 -0.199013 0.724876
v -0.091323 -0.199598 0.725497
v -0.091557 -0.199967 0.726286
v -0.091707 -0.200081 0.727167
v -0.091759 -0.199931 0.728055
v -0.091759 -0.188806 0.762293
v -0.091707 -0.188406 0.763098
v -0.091557 -0.187796 0.763744
v -0.091323 -0.187034 0.764166
v -0.091027 -0.186196 0.764324
v -0.090700 -0.185363 0.764202
v -0.096691 -0.196438 0.723891
v -0.096909 -0.197217 0.724293
v -0.097106 -0.197832 0.724923
v -0.097262 -0.198224 0.725720
v -0.097363 -0.198354 0.726606
v -0.097397 -0.198209 0.727495
v -0.097397 -0.187084 0.761733
v -0.097363 -0.186679 0.762537
v -0.097262 -0.186053 0.763178
v -0.097106 -0.185267 0.763592
v -0.096909 -0.184399 0.763740
v -0.096691 -0.183533 0.763607
v -0.103073 -0.195309 0.723525
v -0.103181 -0.196108 0.723932
v -0.103279 -0.196740 0.724568
v -0.103357 -0.197146 0.725370
v -0.103407 -0.197285 0.726259
v -0.103424 -0.197143 0.727149
v -0.103424 -0.186019 0.761387
v -0.103407 -0.185610 0.762190
v -0.103357 -0.184975 0.762828
v -0.103279 -0.184176 0.763238
v -0.103181 -0.183290 0.763380
v -0.103073 -0.182405 0.763241
v -0.109800 -0.194924 0.723399
v -0.109800 -0.195728 0.723809
v -0.109800 -0.196367 0.724447
v -0.109800 -0.196777 0.725250
v -0.109800 -0.196919 0.726140
v -0.109799 -0.196778 0.727030
v -0.109799 -0.185653 0.761268
v -0.109800 -0.185244 0.762071
v -0.109800 -0.184606 0.762708
v -0.109800 -0.183802 0.763116
v -0.109800 -0.182911 0.763257
v -0.109800 -0.182019 0.763116
v -0.116486 -0.195309 0.723525
v -0.116377 -0.196108 0.723932
v -0.116279 -0.196740 0.724568
v -0.116200 -0.197146 0.725370
v -0.116150 -0.197285 0.726259
v -0.116133 -0.197143 0.727149
v -0.116133 -0.186019 0.761387
v -0.116150 -0.185610 0.762190
v -0.116200 -0.184975 0.762828
v -0.116279 -0.184176 0.763238
v -0.116377 -0.183290 0.763380
v -0.116486 -0.182405 0.763241
v -0.122833 -0.196438 0.723891
v -0.122614 -0.197216 0.724292
v -0.122416 -0.197832 0.724922
v -0.122259 -0.198223 0.725720
v -0.122158 -0.198353 0.726606
v -0.122124 -0.198208 0.727495
v -0.122124 -0.187084 0.761733
v -0.122158 -0.186678 0.762537
v -0.122259 -0.186052 0.763178
v -0.122416 -0.185267 0.763592
v -0.122614 -0.184399 0.763740
v -0.122833 -0.183533 0.763607
v -0.128796 -0.198268 0.724486
v -0.128467 -0.199013 0.724876
v -0.128171 -0.199598 0.725496
v -0.127936 -0.199965 0.726286
v -0.127785 -0.200080 0.727167
v -0.127733 -0.199930 0.728054
v -0.127733 -0.188805 0.762292
v -0.127785 -0.188405 0.763098
v -0.127936 -0.187794 0.763744
v -0.128171 -0.187033 0.764166
v -0.128467 -0.186195 0.764324
v -0.128796 -0.185363 0.764202
v -0.134327 -0.200757 0.725295
v -0.133893 -0.201455 0.725670
v -0.133501 -0.201997 0.726276
v -0.133191 -0.202331 0.727054
v -0.132991 -0.202423 0.727928
v -0.132923 -0.202266 0.728813
v -0.132923 -0.191141 0.763051
v -0.132991 -0.190749 0.763859
v -0.133191 -0.190160 0.764512
v -0.133501 -0.189432 0.764946
v -0.133893 -0.188637 0.765118
v -0.134327 -0.187853 0.765011
v -0.139380 -0.203865 0.726304
v -0.138847 -0.204501 0.726659
v -0.138366 -0.204988 0.727248
v -0.137984 -0.205278 0.728012
v -0.137739 -0.205343 0.728877
v -0.137655 -0.205176 0.729759
v -0.137655 -0.194051 0.763997
v -0.137739 -0.193668 0.764808
v -0.137984 -0.193108 0.765470
v -0.138366 -0.192424 0.765918
v -0.138847 -0.191684 0.766107
v -0.139380 -0.190960 0.766021
v -0.143910 -0.207549 0.727502
v -0.143286 -0.208112 0.727833
v -0.142723 -0.208532 0.728399
v -0.142276 -0.208769 0.729146
v -0.141989 -0.208800 0.730000
v -0.141891 -0.208621 0.730878
v -0.141891 -0.197496 0.765116
v -0.141989 -0.197125 0.765931
v -0.142276 -0.196599 0.766604
v -0.142723 -0.195968 0.767069
v -0.143286 -0.195294 0.767281
v -0.143910 -0.194645 0.767218
v -0.147870 -0.211769 0.728873
v -0.147166 -0.212246 0.729176
v -0.146531 -0.212589 0.729718
v -0.146027 -0.212765 0.730445
v -0.145703 -0.212757 0.731286
v -0.145591 -0.212564 0.732159
v -0.145591 -0.201440 0.766397
v -0.145703 -0.201082 0.767217
v -0.146027 -0.200595 0.767903
v -0.146531 -0.200025 0.768387
v -0.147166 -0.199429 0.768624
v -0.147870 -0.198864 0.768589
v -0.151213 -0.216481 0.730404
v -0.150442 -0.216864 0.730676
v -0.149746 -0.217122 0.731190
v -0.149194 -0.217230 0.731895
v -0.148839 -0.217177 0.732722
v -0.148717 -0.216970 0.733591
v -0.148717 -0.205845 0.767829
v -0.148839 -0.205503 0.768653
v -0.149194 -0.205059 0.769353
v -0.149746 -0.204557 0.769860
v -0.150442 -0.204046 0.770124
v -0.151213 -0.203577 0.770120
v -0.153894 -0.221646 0.732082
v -0.153070 -0.221926 0.732321
v -0.152326 -0.222092 0.732805
v -0.151736 -0.222127 0.733486
v -0.151357 -0.222027 0.734298
v -0.151226 -0.221804 0.735161
v -0.151226 -0.210679 0.769399
v -0.151357 -0.210353 0.770229
v -0.151736 -0.209956 0.770944
v -0.152326 -0.209527 0.771475
v -0.153070 -0.209109 0.771769
v -0.153894 -0.208741 0.771798
v -0.155867 -0.227220 0.733893
v -0.155004 -0.227394 0.734098
v -0.154227 -0.227463 0.734550
v -0.153609 -0.227421 0.735207
v -0.153213 -0.227273 0.736003
v -0.153076 -0.227032 0.736860
v -0.153076 -0.215907 0.771098
v -0.153213 -0.215598 0.771933
v -0.153609 -0.215250 0.772665
v -0.154227 -0.214898 0.773220
v -0.155004 -0.214576 0.773546
v -0.155867 -0.214316 0.773609
v -0.157084 -0.233163 0.735824
v -0.156199 -0.233228 0.735993
v -0.155401 -0.233199 0.736414
v -0.154768 -0.233079 0.737045
v -0.154362 -0.232881 0.737825
v -0.154221 -0.232623 0.738677
v -0.154221 -0.221498 0.772915
v -0.154362 -0.221206 0.773756
v -0.154768 -0.220909 0.774503
v -0.155401 -0.220634 0.775084
v -0.156199 -0.220410 0.775441
v -0.157084 -0.220259 0.775540
v -0.157500 -0.239433 0.737861
v -0.156608 -0.239390 0.737995
v -0.155804 -0.239263 0.738384
v -0.155165 -0.239066 0.738990
v -0.154755 -0.238818 0.739754
v -0.154614 -0.238543 0.740600
v -0.154614 -0.227418 0.774838
v -0.154755 -0.227143 0.775685
v -0.155165 -0.226895 0.776448
v -0.155804 -0.226699 0.777054
v -0.156608 -0.226572 0.777443
v -0.157500 -0.226529 0.777578
v -0.157084 -0.245668 0.739887
v -0.156199 -0.245515 0.739986
v -0.155401 -0.245291 0.740343
v -0.154768 -0.245017 0.740924
v -0.154362 -0.244719 0.741671
v -0.154222 -0.244426 0.742512
v -0.154222 -0.233302 0.776750
v -0.154362 -0.233044 0.777602
v -0.154768 -0.232846 0.778382
v -0.155401 -0.232727 0.779013
v -0.156199 -0.232698 0.779434
v -0.157084 -0.232763 0.779603
v -0.155867 -0.251587 0.741810
v -0.155005 -0.251326 0.741874
v -0.154227 -0.251004 0.742199
v -0.153610 -0.250651 0.742755
v -0.153213 -0.250303 0.743486
v -0.153077 -0.249994 0.744321
v -0.153077 -0.238869 0.778559
v -0.153213 -0.238628 0.779416
v -0.153610 -0.238480 0.780212
v -0.154227 -0.238439 0.780869
v -0.155005 -0.238509 0.781322
v -0.155867 -0.238683 0.781527
v -0.153894 -0.257149 0.743618
v -0.153070 -0.256781 0.743646
v -0.152327 -0.256362 0.743940
v -0.151736 -0.255933 0.744471
v -0.151358 -0.255536 0.745186
v -0.151227 -0.255210 0.746016
v -0.151227 -0.244085 0.780254
v -0.151358 -0.243862 0.781117
v -0.151736 -0.243763 0.781929
v -0.152327 -0.243798 0.782610
v -0.153070 -0.243964 0.783094
v -0.153894 -0.244244 0.783334
v -0.151213 -0.262310 0.745294
v -0.150442 -0.261840 0.745290
v -0.149746 -0.261329 0.745554
v -0.149194 -0.260827 0.746061
v -0.148839 -0.260384 0.746761
v -0.148717 -0.260041 0.747585
v -0.148717 -0.248916 0.781823
v -0.148839 -0.248709 0.782692
v -0.149194 -0.248657 0.783519
v -0.149746 -0.248765 0.784224
v -0.150442 -0.249023 0.784738
v -0.151213 -0.249405 0.785010
v -0.147870 -0.267026 0.746827
v -0.147165 -0.266462 0.746792
v -0.146530 -0.265866 0.747028
v -0.146026 -0.265296 0.747513
v -0.145702 -0.264809 0.748199
v -0.145590 -0.264451 0.749018
v -0.145590 -0.253327 0.783256
v -0.145702 -0.253134 0.784130
v -0.146026 -0.253125 0.784971
v -0.146530 -0.253301 0.785698
v -0.147165 -0.253644 0.786240
v -0.147870 -0.254121 0.786543
v -0.143910 -0.271253 0.748200
v -0.143285 -0.270604 0.748138
v -0.142721 -0.269932 0.748349
v -0.142274 -0.269302 0.748814
v -0.141987 -0.268775 0.749488
v -0.141888 -0.268404 0.750303
v -0.141888 -0.257280 0.784541
v -0.141987 -0.257101 0.785418
v -0.142274 -0.257131 0.786272
v -0.142721 -0.257367 0.787019
v -0.143285 -0.257787 0.787586
v -0.143910 -0.258349 0.787916
v -0.139380 -0.274950 0.749401
v -0.138846 -0.274227 0.749315
v -0.138363 -0.273488 0.749505
v -0.137981 -0.272805 0.749953
v -0.137735 -0.272245 0.750615
v -0.137650 -0.271862 0.751426
v -0.137650 -0.260738 0.785664
v -0.137735 -0.260570 0.786546
v -0.137981 -0.260634 0.787411
v -0.138363 -0.260924 0.788175
v -0.138846 -0.261410 0.788763
v -0.139380 -0.262045 0.789118
v -0.134327 -0.278072 0.750416
v -0.133891 -0.277288 0.750309
v -0.133498 -0.276494 0.750481
v -0.133187 -0.275767 0.750915
v -0.132986 -0.275178 0.751568
v -0.132917 -0.274786 0.752376
v -0.132917 -0.263662 0.786614
v -0.132986 -0.263504 0.787499
v -0.133187 -0.263596 0.788373
v -0.133498 -0.263929 0.789151
v -0.133891 -0.264470 0.789757
v -0.134327 -0.265167 0.790132
v -0.128796 -0.280575 0.751229
v -0.128466 -0.279744 0.751107
v -0.128168 -0.278907 0.751265
v -0.127931 -0.278145 0.751688
v -0.127780 -0.277535 0.752334
v -0.127727 -0.277135 0.753140
v -0.127727 -0.266011 0.787378
v -0.127780 -0.265861 0.788265
v -0.127931 -0.265975 0.789146
v -0.128168 -0.266342 0.789935
v -0.128466 -0.266926 0.790555
v -0.128796 -0.267671 0.790945
v -0.122833 -0.282417 0.751828
v -0.122613 -0.281552 0.751695
v -0.122413 -0.280684 0.751843
v -0.122255 -0.279899 0.752258
v -0.122154 -0.279273 0.752899
v -0.122119 -0.278868 0.753703
v -0.122119 -0.267743 0.787941
v -0.122154 -0.267599 0.788829
v -0.122255 -0.267728 0.789716
v -0.122413 -0.268120 0.790513
v -0.122613 -0.268735 0.791143
v -0.122833 -0.269513 0.791544
v -0.116486 -0.283554 0.752197
v -0.116376 -0.282669 0.752058
v -0.116277 -0.281783 0.752200
v -0.116198 -0.280984 0.752610
v -0.116148 -0.280349 0.753248
v -0.116130 -0.279941 0.754051
v -0.116130 -0.268816 0.788289
v -0.116148 -0.268674 0.789179
v -0.116198 -0.268813 0.790068
v -0.116277 -0.269219 0.790870
v -0.116376 -0.269852 0.791506
v -0.116486 -0.270650 0.791913
v -0.109800 -0.283943 0.752323
v -0.109800 -0.283051 0.752182
v -0.109800 -0.282160 0.752322
v -0.109800 -0.281356 0.752731
v -0.109800 -0.280718 0.753368
v -0.109799 -0.280309 0.754171
v -0.109799 -0.269184 0.788409
v -0.109800 -0.269044 0.789299
v -0.109800 -0.269185 0.790189
v -0.109800 -0.269595 0.790992
v -0.109800 -0.270234 0.791630
v -0.109800 -0.271038 0.792040
v 0.021703 -0.181365 0.718994
v 0.021796 -0.180478 0.718854
v 0.021881 -0.179591 0.718996
v 0.021948 -0.178791 0.719406
v 0.021992 -0.178155 0.720043
v 0.022006 -0.177747 0.720846
v 0.022006 -0.166622 0.755084
v 0.021992 -0.166481 0.755974
v 0.021948 -0.166620 0.756864
v 0.021881 -0.167027 0.757666
v 0.021796 -0.167661 0.758302
v 0.021703 -0.168460 0.758710
v 0.027506 -0.182259 0.719284
v 0.027702 -0.181388 0.719150
v 0.027879 -0.180516 0.719296
v 0.028019 -0.179727 0.719710
v 0.028110 -0.179098 0.720350
v 0.028141 -0.178692 0.721154
v 0.028141 -0.167568 0.755392
v 0.028110 -0.167424 0.756281
v 0.028019 -0.167556 0.757168
v 0.027879 -0.167951 0.757966
v 0.027702 -0.168571 0.758598
v 0.027506 -0.169355 0.759000
v 0.032718 -0.183700 0.719753
v 0.033023 -0.182860 0.719628
v 0.033299 -0.182015 0.719783
v 0.033518 -0.181247 0.720204
v 0.033658 -0.180633 0.720848
v 0.033707 -0.180231 0.721654
v 0.033707 -0.169107 0.755892
v 0.033658 -0.168958 0.756779
v 0.033518 -0.169076 0.757662
v 0.033299 -0.169450 0.758453
v 0.033023 -0.170042 0.759076
v 0.032718 -0.170796 0.759469
v 0.037347 -0.185648 0.720385
v 0.037765 -0.184855 0.720276
v 0.038142 -0.184052 0.720445
v 0.038442 -0.183319 0.720877
v 0.038634 -0.182726 0.721529
v 0.038700 -0.182333 0.722336
v 0.038700 -0.171208 0.756574
v 0.038634 -0.171052 0.757459
v 0.038442 -0.171148 0.758335
v 0.038142 -0.171488 0.759115
v 0.037765 -0.172038 0.759724
v 0.037347 -0.172743 0.760102
v 0.041400 -0.188062 0.721170
v 0.041929 -0.187334 0.721082
v 0.042406 -0.186591 0.721270
v 0.042784 -0.185904 0.721717
v 0.043027 -0.185342 0.722378
v 0.043111 -0.184958 0.723190
v 0.043111 -0.173834 0.757428
v 0.043027 -0.173667 0.758309
v 0.042784 -0.173733 0.759175
v 0.042406 -0.174026 0.759940
v 0.041929 -0.174517 0.760530
v 0.041400 -0.175157 0.760886
v 0.044887 -0.190901 0.722092
v 0.045517 -0.190256 0.722031
v 0.046085 -0.189587 0.722244
v 0.046536 -0.188959 0.722710
v 0.046826 -0.188435 0.723383
v 0.046925 -0.188065 0.724199
v 0.046925 -0.176940 0.758437
v 0.046826 -0.176760 0.759314
v 0.046536 -0.176789 0.760168
v 0.046085 -0.177022 0.760914
v 0.045517 -0.177439 0.761479
v 0.044887 -0.177997 0.761808
v 0.047816 -0.194126 0.723140
v 0.048532 -0.193576 0.723110
v 0.049179 -0.192993 0.723350
v 0.049692 -0.192434 0.723839
v 0.050021 -0.191954 0.724527
v 0.050135 -0.191599 0.725347
v 0.050135 -0.180474 0.759585
v 0.050021 -0.180279 0.760458
v 0.049692 -0.180263 0.761297
v 0.049179 -0.180429 0.762020
v 0.048532 -0.180759 0.762558
v 0.047816 -0.181221 0.762856
v 0.050193 -0.197695 0.724300
v 0.050979 -0.197249 0.724303
v 0.051687 -0.196759 0.724574
v 0.052250 -0.196275 0.725087
v 0.052611 -0.195842 0.725790
v 0.052735 -0.195503 0.726616
v 0.052735 -0.184378 0.760854
v 0.052611 -0.184167 0.761721
v 0.052250 -0.184104 0.762544
v 0.051687 -0.184195 0.763244
v 0.050979 -0.184431 0.763751
v 0.050193 -0.184790 0.764016
v 0.052028 -0.201568 0.725558
v 0.052864 -0.201228 0.725596
v 0.053618 -0.200835 0.725898
v 0.054216 -0.200426 0.726435
v 0.054600 -0.200041 0.727154
v 0.054733 -0.199719 0.727986
v 0.054733 -0.188595 0.762224
v 0.054600 -0.188367 0.763085
v 0.054216 -0.188255 0.763893
v 0.053618 -0.188270 0.764568
v 0.052864 -0.188411 0.765044
v 0.052028 -0.188664 0.765274
v 0.053329 -0.205706 0.726903
v 0.054198 -0.205470 0.726974
v 0.054981 -0.205170 0.727307
v 0.055603 -0.204835 0.727868
v 0.056002 -0.204499 0.728603
v 0.056139 -0.204193 0.729439
v 0.056139 -0.193068 0.763677
v 0.056002 -0.192824 0.764534
v 0.055603 -0.192664 0.765326
v 0.054981 -0.192605 0.765977
v 0.054198 -0.192652 0.766422
v 0.053329 -0.192801 0.766619
v 0.054104 -0.210067 0.728320
v 0.054990 -0.209930 0.728423
v 0.055789 -0.209719 0.728785
v 0.056423 -0.209455 0.729369
v 0.056830 -0.209164 0.730119
v 0.056971 -0.208874 0.730960
v 0.056971 -0.197750 0.765198
v 0.056830 -0.197490 0.766050
v 0.056423 -0.197284 0.766827
v 0.055789 -0.197154 0.767455
v 0.054990 -0.197112 0.767871
v 0.054104 -0.197162 0.768036
v 0.054360 -0.214611 0.729796
v 0.055251 -0.214569 0.729931
v 0.056055 -0.214444 0.730320
v 0.056694 -0.214248 0.730927
v 0.057103 -0.214001 0.731690
v 0.057244 -0.213726 0.732537
v 0.057244 -0.202602 0.766775
v 0.057103 -0.202326 0.767621
v 0.056694 -0.202077 0.768384
v 0.056055 -0.201879 0.768990
v 0.055251 -0.201752 0.769379
v 0.054360 -0.201706 0.769512
v 0.054089 -0.219102 0.731255
v 0.054974 -0.219159 0.731422
v 0.055773 -0.219123 0.731840
v 0.056406 -0.218998 0.732470
v 0.056813 -0.218796 0.733248
v 0.056954 -0.218537 0.734100
v 0.056954 -0.207412 0.768338
v 0.056813 -0.207121 0.769179
v 0.056406 -0.206827 0.769928
v 0.055773 -0.206558 0.770510
v 0.054974 -0.206342 0.770870
v 0.054089 -0.206198 0.770971
v 0.053268 -0.223393 0.732650
v 0.054133 -0.223556 0.732851
v 0.054914 -0.223616 0.733300
v 0.055533 -0.223568 0.733954
v 0.055931 -0.223414 0.734749
v 0.056068 -0.223172 0.735606
v 0.056068 -0.212048 0.769844
v 0.055931 -0.211740 0.770680
v 0.055533 -0.211397 0.771412
v 0.054914 -0.211052 0.771970
v 0.054133 -0.210739 0.772299
v 0.053268 -0.210489 0.772366
v 0.051891 -0.227447 0.733967
v 0.052718 -0.227722 0.734204
v 0.053464 -0.227882 0.734686
v 0.054057 -0.227912 0.735366
v 0.054437 -0.227810 0.736177
v 0.054568 -0.227585 0.737040
v 0.054568 -0.216461 0.771278
v 0.054437 -0.216135 0.772108
v 0.054057 -0.215741 0.772824
v 0.053464 -0.215317 0.773356
v 0.052718 -0.214904 0.773652
v 0.051891 -0.214543 0.773683
v 0.049947 -0.231229 0.735196
v 0.050717 -0.231614 0.735469
v 0.051412 -0.231874 0.735984
v 0.051963 -0.231984 0.736689
v 0.052317 -0.231933 0.737517
v 0.052439 -0.231726 0.738385
v 0.052439 -0.220601 0.772623
v 0.052317 -0.220258 0.773448
v 0.051963 -0.219813 0.774147
v 0.051412 -0.219310 0.774653
v 0.050717 -0.218797 0.774917
v 0.049947 -0.218324 0.774912
v 0.047428 -0.234701 0.736324
v 0.048122 -0.235192 0.736631
v 0.048748 -0.235547 0.737177
v 0.049244 -0.235732 0.737907
v 0.049563 -0.235730 0.738750
v 0.049673 -0.235539 0.739624
v 0.049673 -0.224415 0.773862
v 0.049563 -0.224055 0.774681
v 0.049244 -0.223561 0.775365
v 0.048748 -0.222982 0.775847
v 0.048122 -0.222374 0.776079
v 0.047428 -0.221797 0.776040
v 0.044325 -0.237829 0.737340
v 0.044926 -0.238413 0.737678
v 0.045468 -0.238852 0.738251
v 0.045898 -0.239105 0.739003
v 0.046175 -0.239145 0.739860
v 0.046270 -0.238969 0.740739
v 0.046270 -0.227845 0.774977
v 0.046175 -0.227470 0.775791
v 0.045898 -0.226934 0.776461
v 0.045468 -0.226288 0.776921
v 0.044926 -0.225595 0.777126
v 0.044325 -0.224924 0.777056
v 0.040630 -0.240574 0.738232
v 0.041127 -0.241235 0.738595
v 0.041575 -0.241745 0.739191
v 0.041930 -0.242053 0.739961
v 0.042159 -0.242129 0.740830
v 0.042238 -0.241965 0.741712
v 0.042238 -0.230841 0.775950
v 0.042159 -0.230454 0.776760
v 0.041930 -0.229882 0.777419
v 0.041575 -0.229180 0.777861
v 0.041127 -0.228418 0.778043
v 0.040630 -0.227669 0.777948
v 0.036333 -0.242902 0.738988
v 0.036721 -0.243622 0.739371
v 0.037071 -0.244185 0.739984
v 0.037349 -0.244535 0.740767
v 0.037527 -0.244638 0.741645
v 0.037588 -0.244484 0.742531
v 0.037588 -0.233359 0.776769
v 0.037527 -0.232963 0.777576
v 0.037349 -0.232364 0.778225
v 0.037071 -0.231620 0.778653
v 0.036721 -0.230805 0.778819
v 0.036333 -0.229997 0.778704
v 0.031427 -0.244775 0.739597
v 0.031707 -0.245537 0.739993
v 0.031960 -0.246137 0.740618
v 0.032160 -0.246516 0.741411
v 0.032289 -0.246638 0.742295
v 0.032333 -0.246491 0.743183
v 0.032333 -0.235366 0.777421
v 0.032289 -0.234963 0.778226
v 0.032160 -0.234345 0.778869
v 0.031960 -0.233572 0.779288
v 0.031707 -0.232719 0.779441
v 0.031427 -0.231871 0.779313
v 0.025902 -0.246158 0.740046
v 0.026080 -0.246945 0.740450
v 0.026241 -0.247568 0.741083
v 0.026368 -0.247966 0.741882
v 0.026450 -0.248100 0.742770
v 0.026479 -0.247956 0.743659
v 0.026479 -0.236832 0.777897
v 0.026450 -0.236425 0.778701
v 0.026368 -0.235795 0.779340
v 0.026241 -0.235004 0.779753
v 0.026080 -0.234128 0.779898
v 0.025902 -0.233254 0.779763
v 0.019749 -0.247015 0.740325
v 0.019834 -0.247815 0.740733
v 0.019910 -0.248449 0.741369
v 0.019971 -0.248856 0.742171
v 0.020010 -0.248996 0.743061
v 0.020024 -0.248855 0.743951
v 0.020024 -0.237730 0.778189
v 0.020010 -0.237321 0.778992
v 0.019971 -0.236686 0.779629
v 0.019910 -0.235885 0.780039
v 0.019834 -0.234997 0.780181
v 0.019749 -0.234110 0.780041
v 0.012960 -0.247308 0.740420
v 0.012980 -0.248111 0.740829
v 0.012998 -0.248748 0.741466
v 0.013013 -0.249157 0.742269
v 0.013022 -0.249298 0.743159
v 0.013025 -0.249157 0.744049
v 0.013025 -0.238033 0.778287
v 0.013022 -0.237624 0.779090
v 0.013013 -0.236986 0.779727
v 0.012998 -0.236184 0.780136
v 0.012980 -0.235294 0.780277
v 0.012960 -0.234404 0.780136
v -0.005400 -0.247308 0.740420
v -0.004510 -0.248111 0.740829
v -0.003707 -0.248748 0.741466
v -0.003070 -0.249157 0.742269
v -0.002661 -0.249298 0.743159
v -0.002520 -0.249157 0.744049
v -0.002520 -0.238033 0.778287
v -0.002661 -0.237624 0.779090
v -0.003070 -0.236986 0.779727
v -0.003707 -0.236184 0.780136
v -0.004510 -0.235294 0.780277
v -0.005400 -0.234404 0.780136
v -0.005400 -0.297809 0.756829
v -0.004510 -0.298612 0.757238
v -0.003707 -0.299249 0.757875
v -0.003070 -0.299658 0.758678
v -0.002661 -0.299799 0.759568
v -0.002520 -0.299658 0.760458
v -0.002520 -0.288534 0.794696
v -0.002661 -0.288125 0.795499
v -0.003070 -0.287488 0.796136
v -0.003707 -0.286685 0.796545
v -0.004510 -0.285795 0.796686
v -0.005400 -0.284905 0.796545
v -0.023040 -0.297809 0.756829
v -0.023930 -0.298612 0.757238
v -0.024733 -0.299249 0.757875
v -0.025370 -0.299658 0.758678
v -0.025779 -0.299799 0.759568
v -0.025920 -0.299658 0.760458
v -0.025920 -0.288534 0.794696
v -0.025779 -0.288125 0.795499
v -0.025370 -0.287488 0.796136
v -0.024733 -0.286685 0.796545
v -0.023930 -0.285795 0.796686
v -0.023040 -0.284905 0.796545
v -0.023040 -0.181058 0.718894
v -0.023930 -0.180168 0.718753
v -0.024733 -0.179278 0.718894
v -0.025370 -0.178475 0.719303
v -0.025779 -0.177838 0.719940
v -0.025920 -0.177429 0.720743
v -0.025920 -0.166304 0.754981
v -0.025779 -0.166163 0.755871
v -0.025370 -0.166304 0.756761
v -0.024733 -0.166713 0.757564
v -0.023930 -0.167350 0.758201
v -0.023040 -0.168153 0.758610
v 0.015300 -0.181058 0.718894
v 0.015322 -0.180168 0.718753
v 0.015343 -0.179278 0.718894
v 0.015359 -0.178475 0.719303
v 0.015369 -0.177838 0.719940
v 0.015373 -0.177429 0.720743
v 0.015373 -0.166304 0.754981
v 0.015369 -0.166163 0.755871
v 0.015359 -0.166304 0.756761
v 0.015343 -0.166713 0.757564
v 0.015322 -0.167350 0.758201
v 0.015300 -0.168153 0.758610
v 0.014580 -0.232243 0.735525
v 0.014560 -0.231354 0.735384
v 0.014541 -0.230464 0.735525
v 0.014527 -0.229661 0.735934
v 0.014518 -0.229024 0.736571
v 0.014514 -0.228614 0.737374
v 0.014514 -0.217490 0.771612
v 0.014518 -0.217349 0.772502
v 0.014527 -0.217490 0.773392
v 0.014541 -0.217899 0.774195
v 0.014560 -0.218536 0.774832
v 0.014580 -0.219339 0.775241
v 0.017765 -0.232105 0.735480
v 0.017681 -0.231218 0.735340
v 0.017605 -0.230331 0.735482
v 0.017545 -0.229530 0.735892
v 0.017506 -0.228894 0.736529
v 0.017493 -0.228485 0.737332
v 0.017493 -0.217361 0.771570
v 0.017506 -0.217219 0.772460
v 0.017545 -0.217359 0.773350
v 0.017605 -0.217766 0.774152
v 0.017681 -0.218401 0.774788
v 0.017765 -0.219201 0.775196
v 0.020742 -0.231695 0.735347
v 0.020567 -0.230820 0.735211
v 0.020409 -0.229944 0.735357
v 0.020283 -0.229152 0.735769
v 0.020202 -0.228522 0.736409
v 0.020174 -0.228116 0.737212
v 0.020174 -0.216991 0.771450
v 0.020202 -0.216848 0.772339
v 0.020283 -0.216982 0.773227
v 0.020409 -0.217380 0.774026
v 0.020567 -0.218003 0.774659
v 0.020742 -0.218790 0.775063
v 0.023498 -0.231018 0.735127
v 0.023224 -0.230168 0.734999
v 0.022977 -0.229314 0.735152
v 0.022781 -0.228539 0.735570
v 0.022655 -0.227920 0.736213
v 0.022611 -0.227517 0.737018
v 0.022611 -0.216393 0.771256
v 0.022655 -0.216246 0.772144
v 0.022781 -0.216368 0.773028
v 0.022977 -0.216749 0.773822
v 0.023224 -0.217351 0.774447
v 0.023498 -0.218114 0.774843
v 0.026020 -0.230081 0.734823
v 0.025642 -0.229270 0.734707
v 0.025300 -0.228450 0.734871
v 0.025030 -0.227703 0.735298
v 0.024856 -0.227102 0.735947
v 0.024796 -0.226706 0.736754
v 0.024796 -0.215581 0.770992
v 0.024856 -0.215428 0.771878
v 0.025030 -0.215533 0.772756
v 0.025300 -0.215886 0.773541
v 0.025642 -0.216452 0.774155
v 0.026020 -0.217177 0.774539
v 0.028294 -0.228890 0.734436
v 0.027809 -0.228134 0.734338
v 0.027372 -0.227365 0.734518
v 0.027025 -0.226658 0.734959
v 0.026803 -0.226082 0.735616
v 0.026726 -0.225694 0.736426
v 0.026726 -0.214570 0.770664
v 0.026803 -0.214408 0.771547
v 0.027025 -0.214487 0.772417
v 0.027372 -0.214800 0.773188
v 0.027809 -0.215317 0.773786
v 0.028294 -0.215985 0.774152
v 0.030307 -0.227450 0.733968
v 0.029720 -0.226768 0.733894
v 0.029189 -0.226066 0.734096
v 0.028768 -0.225412 0.734554
v 0.028498 -0.224870 0.735222
v 0.028405 -0.224494 0.736035
v 0.028405 -0.213369 0.770273
v 0.028498 -0.213195 0.771153
v 0.028768 -0.213241 0.772012
v 0.029189 -0.213501 0.772766
v 0.029720 -0.213951 0.773342
v 0.030307 -0.214546 0.773684
v 0.032047 -0.225768 0.733421
v 0.031365 -0.225177 0.733377
v 0.030749 -0.224557 0.733606
v 0.030261 -0.223968 0.734085
v 0.029947 -0.223469 0.734767
v 0.029839 -0.223107 0.735585
v 0.029839 -0.211982 0.769823
v 0.029947 -0.211794 0.770697
v 0.030261 -0.211797 0.771543
v 0.030749 -0.211992 0.772276
v 0.031365 -0.212360 0.772825
v 0.032047 -0.212863 0.773137
v 0.033500 -0.223849 0.732798
v 0.032738 -0.223363 0.732788
v 0.032051 -0.222838 0.733047
v 0.031505 -0.222324 0.733551
v 0.031155 -0.221873 0.734248
v 0.031034 -0.221528 0.735072
v 0.031034 -0.210403 0.769310
v 0.031155 -0.210198 0.770179
v 0.031505 -0.210154 0.771009
v 0.032051 -0.210273 0.771717
v 0.032738 -0.210546 0.772236
v 0.033500 -0.210944 0.772514
v 0.034653 -0.221699 0.732099
v 0.033830 -0.221327 0.732126
v 0.033088 -0.220904 0.732419
v 0.032499 -0.220471 0.732948
v 0.032121 -0.220072 0.733663
v 0.031991 -0.219745 0.734492
v 0.031991 -0.208620 0.768730
v 0.032121 -0.208397 0.769594
v 0.032499 -0.208300 0.770406
v 0.033088 -0.208339 0.771089
v 0.033830 -0.208509 0.771574
v 0.034653 -0.208795 0.771815
v 0.035492 -0.219325 0.731328
v 0.034629 -0.219067 0.731392
v 0.033851 -0.218747 0.731718
v 0.033233 -0.218397 0.732275
v 0.032836 -0.218051 0.733006
v 0.032699 -0.217742 0.733841
v 0.032699 -0.206617 0.768080
v 0.032836 -0.206376 0.768937
v 0.033233 -0.206226 0.769733
v 0.033851 -0.206183 0.770388
v 0.034629 -0.206250 0.770840
v 0.035492 -0.206420 0.771044
v 0.036006 -0.216732 0.730485
v 0.035121 -0.216585 0.730586
v 0.034322 -0.216365 0.730944
v 0.033689 -0.216094 0.731526
v 0.033282 -0.215798 0.732274
v 0.033142 -0.215507 0.733115
v 0.033142 -0.204382 0.767353
v 0.033282 -0.204123 0.768205
v 0.033689 -0.203923 0.768984
v 0.034322 -0.203800 0.769614
v 0.035121 -0.203767 0.770034
v 0.036006 -0.203827 0.770201
v 0.036180 -0.213926 0.729574
v 0.035289 -0.213877 0.729706
v 0.034485 -0.213746 0.730093
v 0.033847 -0.213545 0.730698
v 0.033437 -0.213295 0.731461
v 0.033296 -0.213019 0.732307
v 0.033296 -0.201894 0.766545
v 0.033437 -0.201620 0.767392
v 0.033847 -0.201375 0.768156
v 0.034485 -0.201181 0.768763
v 0.035289 -0.201060 0.769154
v 0.036180 -0.201022 0.769290
v 0.036075 -0.211778 0.728876
v 0.035188 -0.211815 0.729036
v 0.034388 -0.211762 0.729449
v 0.033753 -0.211623 0.730074
v 0.033345 -0.211412 0.730849
v 0.033205 -0.211150 0.731700
v 0.033205 -0.200025 0.765938
v 0.033345 -0.199738 0.766780
v 0.033753 -0.199452 0.767532
v 0.034388 -0.199197 0.768119
v 0.035188 -0.198998 0.768484
v 0.036075 -0.198873 0.768592
v 0.035746 -0.209635 0.728179
v 0.034872 -0.209760 0.728368
v 0.034084 -0.209786 0.728807
v 0.033459 -0.209709 0.729452
v 0.033057 -0.209538 0.730240
v 0.032919 -0.209290 0.731095
v 0.032919 -0.198166 0.765333
v 0.033057 -0.197864 0.766171
v 0.033459 -0.197538 0.766910
v 0.034084 -0.197221 0.767476
v 0.034872 -0.196943 0.767816
v 0.035746 -0.196731 0.767896
v 0.035170 -0.207533 0.727496
v 0.034323 -0.207753 0.727716
v 0.033558 -0.207864 0.728182
v 0.032951 -0.207856 0.728850
v 0.032562 -0.207729 0.729652
v 0.032428 -0.207496 0.730512
v 0.032428 -0.196371 0.764750
v 0.032562 -0.196054 0.765583
v 0.032951 -0.195685 0.766307
v 0.033558 -0.195300 0.766852
v 0.034323 -0.194936 0.767164
v 0.035170 -0.194629 0.767213
v 0.034327 -0.205506 0.726838
v 0.033521 -0.205827 0.727090
v 0.032795 -0.206030 0.727586
v 0.032218 -0.206094 0.728277
v 0.031848 -0.206014 0.729095
v 0.031721 -0.205797 0.729960
v 0.031721 -0.194672 0.764198
v 0.031848 -0.194339 0.765026
v 0.032218 -0.193924 0.765735
v 0.032795 -0.193465 0.766256
v 0.033521 -0.193010 0.766538
v 0.034327 -0.192602 0.766554
v 0.033193 -0.203588 0.726215
v 0.032449 -0.204014 0.726501
v 0.031779 -0.204311 0.727028
v 0.031246 -0.204450 0.727743
v 0.030904 -0.204417 0.728576
v 0.030787 -0.204217 0.729447
v 0.030787 -0.193092 0.763685
v 0.030904 -0.192743 0.764507
v 0.031246 -0.192279 0.765201
v 0.031779 -0.191746 0.765698
v 0.032449 -0.191197 0.765949
v 0.033193 -0.190684 0.765931
v 0.031747 -0.201814 0.725638
v 0.031086 -0.202341 0.725958
v 0.030490 -0.202730 0.726514
v 0.030017 -0.202941 0.727253
v 0.029713 -0.202956 0.728101
v 0.029608 -0.202771 0.728977
v 0.029608 -0.191646 0.763215
v 0.029713 -0.191281 0.764032
v 0.030017 -0.190771 0.764711
v 0.030490 -0.190165 0.765184
v 0.031086 -0.189524 0.765406
v 0.031747 -0.188910 0.765354
v 0.029968 -0.200219 0.725120
v 0.029409 -0.200837 0.725469
v 0.028904 -0.201308 0.726052
v 0.028504 -0.201585 0.726812
v 0.028247 -0.201641 0.727674
v 0.028158 -0.201471 0.728555
v 0.028158 -0.190346 0.762793
v 0.028247 -0.189966 0.763605
v 0.028504 -0.189414 0.764270
v 0.028904 -0.188743 0.764722
v 0.029409 -0.188020 0.764917
v 0.029968 -0.187314 0.764836
v 0.027833 -0.198836 0.724670
v 0.027389 -0.199529 0.725044
v 0.026989 -0.200067 0.725649
v 0.026671 -0.200397 0.726426
v 0.026466 -0.200487 0.727300
v 0.026396 -0.200329 0.728184
v 0.026396 -0.189204 0.762422
v 0.026466 -0.188813 0.763230
v 0.026671 -0.188226 0.763884
v 0.026989 -0.187502 0.764319
v 0.027389 -0.186711 0.764492
v 0.027833 -0.185931 0.764387
v 0.025321 -0.197701 0.724302
v 0.024997 -0.198448 0.724693
v 0.024705 -0.199035 0.725313
v 0.024473 -0.199404 0.726103
v 0.024324 -0.199519 0.726985
v 0.024273 -0.199370 0.727872
v 0.024273 -0.188245 0.762110
v 0.024324 -0.187845 0.762916
v 0.024473 -0.187233 0.763561
v 0.024705 -0.186470 0.763983
v 0.024997 -0.185630 0.764141
v 0.025321 -0.184796 0.764018
v 0.022409 -0.196847 0.724024
v 0.022203 -0.197628 0.724426
v 0.022017 -0.198246 0.725057
v 0.021869 -0.198640 0.725855
v 0.021774 -0.198772 0.726742
v 0.021741 -0.198627 0.727631
v 0.021741 -0.187503 0.761869
v 0.021774 -0.187097 0.762673
v 0.021869 -0.186469 0.763313
v 0.022017 -0.185682 0.763727
v 0.022203 -0.184811 0.763874
v 0.022409 -0.183942 0.763740
v 0.019076 -0.196309 0.723849
v 0.018978 -0.197108 0.724257
v 0.018890 -0.197742 0.724893
v 0.018820 -0.198149 0.725695
v 0.018775 -0.198288 0.726585
v 0.018759 -0.198146 0.727475
v 0.018759 -0.187022 0.761713
v 0.018775 -0.186613 0.762516
v 0.018820 -0.185978 0.763153
v 0.018890 -0.185178 0.763563
v 0.018978 -0.184291 0.763705
v 0.019076 -0.183405 0.763566
v 0.015300 -0.196122 0.723789
v 0.015277 -0.196925 0.724198
v 0.015256 -0.197562 0.724835
v 0.015239 -0.197971 0.725638
v 0.015229 -0.198112 0.726528
v 0.015225 -0.197971 0.727418
v 0.015225 -0.186847 0.761656
v 0.015229 -0.186438 0.762459
v 0.015239 -0.185801 0.763096
v 0.015256 -0.184998 0.763505
v 0.015277 -0.184108 0.763646
v 0.015300 -0.183218 0.763505
v -0.005400 -0.196122 0.723789
v -0.004510 -0.196925 0.724198
v -0.003707 -0.197562 0.724835
v -0.003070 -0.197971 0.725638
v -0.002661 -0.198112 0.726528
v -0.002520 -0.197971 0.727418
v -0.002520 -0.186847 0.761656
v -0.002661 -0.186438 0.762459
v -0.003070 -0.185801 0.763096
v -0.003707 -0.184998 0.763505
v -0.004510 -0.184108 0.763646
v -0.005400 -0.183218 0.763505
v -0.005400 -0.232243 0.735525
v -0.004510 -0.231354 0.735384
v -0.003707 -0.230464 0.735525
v -0.003070 -0.229661 0.735934
v -0.002661 -0.229024 0.736571
v -0.002520 -0.228614 0.737374
v -0.002520 -0.217490 0.771612
v -0.002661 -0.217349 0.772502
v -0.003070 -0.217490 0.773392
v -0.003707 -0.217899 0.774195
v -0.004510 -0.218536 0.774832
v -0.005400 -0.219339 0.775241
v 0.158220 -0.297809 0.756829
v 0.157646 -0.298612 0.757238
v 0.157128 -0.299249 0.757875
v 0.156717 -0.299658 0.758678
v 0.156453 -0.299799 0.759568
v 0.156362 -0.299658 0.760458
v 0.156362 -0.288534 0.794696
v 0.156453 -0.288125 0.795499
v 0.156717 -0.287488 0.796136
v 0.157128 -0.286685 0.796545
v 0.157646 -0.285795 0.796686
v 0.158220 -0.284905 0.796545
v 0.141840 -0.263400 0.745649
v 0.141266 -0.264203 0.746058
v 0.140748 -0.264840 0.746695
v 0.140337 -0.265249 0.747498
v 0.140073 -0.265390 0.748388
v 0.139982 -0.265249 0.749278
v 0.139982 -0.254125 0.783516
v 0.140073 -0.253715 0.784319
v 0.140337 -0.253078 0.784956
v 0.140748 -0.252275 0.785365
v 0.141266 -0.251386 0.785506
v 0.141840 -0.250496 0.785365
v 0.089640 -0.263400 0.745649
v 0.090227 -0.264203 0.746058
v 0.090757 -0.264840 0.746695
v 0.091177 -0.265249 0.747498
v 0.091447 -0.265390 0.748388
v 0.091540 -0.265249 0.749278
v 0.091540 -0.254125 0.783516
v 0.091447 -0.253715 0.784319
v 0.091177 -0.253078 0.784956
v 0.090757 -0.252275 0.785365
v 0.090227 -0.251386 0.785506
v 0.089640 -0.250496 0.785365
v 0.074160 -0.297809 0.756829
v 0.074747 -0.298612 0.757238
v 0.075277 -0.299249 0.757875
v 0.075697 -0.299658 0.758678
v 0.075967 -0.299799 0.759568
v 0.076060 -0.299658 0.760458
v 0.076060 -0.288534 0.794696
v 0.075967 -0.288125 0.795499
v 0.075697 -0.287488 0.796136
v 0.075277 -0.286685 0.796545
v 0.074747 -0.285795 0.796686
v 0.074160 -0.284905 0.796545
v 0.056160 -0.297809 0.756829
v 0.054812 -0.298612 0.757238
v 0.053596 -0.299249 0.757875
v 0.052631 -0.299658 0.758678
v 0.052012 -0.299799 0.759568
v 0.051798 -0.299658 0.760458
v 0.051798 -0.288534 0.794696
v 0.052012 -0.288125 0.795499
v 0.052631 -0.287488 0.796136
v 0.053596 -0.286685 0.796545
v 0.054812 -0.285795 0.796686
v 0.056160 -0.284905 0.796545
v 0.108900 -0.180373 0.718671
v 0.108312 -0.179483 0.718530
v 0.107782 -0.178593 0.718671
v 0.107362 -0.177790 0.719081
v 0.107091 -0.177153 0.719718
v 0.106998 -0.176744 0.720520
v 0.106998 -0.165619 0.754759
v 0.107091 -0.165478 0.755648
v 0.107362 -0.165619 0.756539
v 0.107782 -0.166028 0.757341
v 0.108312 -0.166665 0.757978
v 0.108900 -0.167468 0.758388
v 0.121320 -0.180373 0.718671
v 0.121898 -0.179483 0.718530
v 0.122420 -0.178593 0.718671
v 0.122834 -0.177790 0.719081
v 0.123100 -0.177153 0.719718
v 0.123191 -0.176744 0.720520
v 0.123191 -0.165619 0.754759
v 0.123100 -0.165478 0.755648
v 0.122834 -0.165619 0.756539
v 0.122420 -0.166028 0.757341
v 0.121898 -0.166665 0.757978
v 0.121320 -0.167468 0.758388
v 0.176220 -0.297809 0.756829
v 0.177590 -0.298612 0.757238
v 0.178825 -0.299249 0.757875
v 0.179806 -0.299658 0.758678
v 0.180435 -0.299799 0.759568
v 0.180652 -0.299658 0.760458
v 0.180652 -0.288534 0.794696
v 0.180435 -0.288125 0.795499
v 0.179806 -0.287488 0.796136
v 0.178825 -0.286685 0.796545
v 0.177590 -0.285795 0.796686
v 0.176220 -0.284905 0.796545
v 0.134640 -0.248335 0.740754
v 0.133269 -0.247445 0.740613
v 0.132033 -0.246555 0.740754
v 0.131052 -0.245753 0.741163
v 0.130422 -0.245115 0.741800
v 0.130205 -0.244706 0.742603
v 0.130205 -0.233582 0.776841
v 0.130422 -0.233441 0.777731
v 0.131052 -0.233582 0.778621
v 0.132033 -0.233991 0.779424
v 0.133269 -0.234628 0.780061
v 0.134640 -0.235431 0.780470
v 0.114840 -0.206051 0.727015
v 0.114871 -0.208154 0.727846
v 0.114899 -0.209964 0.728865
v 0.114921 -0.211304 0.729970
v 0.114935 -0.212043 0.731054
v 0.114940 -0.212107 0.732011
v 0.114940 -0.200983 0.766249
v 0.114935 -0.200368 0.766985
v 0.114921 -0.199133 0.767428
v 0.114899 -0.197400 0.767534
v 0.114871 -0.195337 0.767294
v 0.114840 -0.193147 0.766731
v 0.096480 -0.248335 0.740754
v 0.097810 -0.247445 0.740613
v 0.099011 -0.246555 0.740754
v 0.099963 -0.245753 0.741163
v 0.100574 -0.245115 0.741800
v 0.100785 -0.244706 0.742603
v 0.100785 -0.233582 0.776841
v 0.100574 -0.233441 0.777731
v 0.099963 -0.233582 0.778621
v 0.099011 -0.233991 0.779424
v 0.097810 -0.234628 0.780061
v 0.096480 -0.235431 0.780470
v 0.183960 -0.181058 0.718894
v 0.183070 -0.180168 0.718753
v 0.182267 -0.179278 0.718894
v 0.181630 -0.178475 0.719303
v 0.181221 -0.177838 0.719940
v 0.181080 -0.177429 0.720743
v 0.181080 -0.166304 0.754981
v 0.181221 -0.166163 0.755871
v 0.181630 -0.166304 0.756761
v 0.182267 -0.166713 0.757564
v 0.183070 -0.167350 0.758201
v 0.183960 -0.168153 0.758610
v 0.289800 -0.181058 0.718894
v 0.291552 -0.180168 0.718753
v 0.293133 -0.179278 0.718894
v 0.294388 -0.178475 0.719303
v 0.295193 -0.177838 0.719940
v 0.295471 -0.177429 0.720743
v 0.295471 -0.166304 0.754981
v 0.295193 -0.166163 0.755871
v 0.294388 -0.166304 0.756761
v 0.293133 -0.166713 0.757564
v 0.291552 -0.167350 0.758201
v 0.289800 -0.168153 0.758610
v 0.211680 -0.282745 0.751934
v 0.213432 -0.281855 0.751793
v 0.215013 -0.280965 0.751934
v 0.216268 -0.280162 0.752343
v 0.217074 -0.279525 0.752980
v 0.217351 -0.279116 0.753783
v 0.217351 -0.267991 0.788021
v 0.217074 -0.267850 0.788911
v 0.216268 -0.267991 0.789801
v 0.215013 -0.268400 0.790604
v 0.213432 -0.269037 0.791241
v 0.211680 -0.269840 0.791650
v 0.289800 -0.282745 0.751934
v 0.290690 -0.281855 0.751793
v 0.291493 -0.280965 0.751934
v 0.292130 -0.280162 0.752343
v 0.292539 -0.279525 0.752980
v 0.292680 -0.279116 0.753783
v 0.292680 -0.267991 0.788021
v 0.292539 -0.267850 0.788911
v 0.292130 -0.267991 0.789801
v 0.291493 -0.268400 0.790604
v 0.290690 -0.269037 0.791241
v 0.289800 -0.269840 0.791650
v 0.289800 -0.297809 0.756829
v 0.290690 -0.298612 0.757238
v 0.291493 -0.299249 0.757875
v 0.292130 -0.299658 0.758678
v 0.292539 -0.299799 0.759568
v 0.292680 -0.299658 0.760458
v 0.292680 -0.288534 0.794696
v 0.292539 -0.288125 0.795499
v 0.292130 -0.287488 0.796136
v 0.291493 -0.286685 0.796545
v 0.290690 -0.285795 0.796686
v 0.289800 -0.284905 0.796545
v 0.179100 -0.297809 0.756829
v 0.177348 -0.298612 0.757238
v 0.175767 -0.299249 0.757875
v 0.174512 -0.299658 0.758678
v 0.173706 -0.299799 0.759568
v 0.173429 -0.299658 0.760458
v 0.173429 -0.288534 0.794696
v 0.173706 -0.288125 0.795499
v 0.174512 -0.287488 0.796136
v 0.175767 -0.286685 0.796545
v 0.177348 -0.285795 0.796686
v 0.179100 -0.284905 0.796545
v 0.257220 -0.196122 0.723789
v 0.255468 -0.196925 0.724198
v 0.253887 -0.197562 0.724835
v 0.252632 -0.197971 0.725638
v 0.251827 -0.198112 0.726528
v 0.251549 -0.197971 0.727418
v 0.251549 -0.186847 0.761656
v 0.251827 -0.186438 0.762459
v 0.252632 -0.185801 0.763096
v 0.253887 -0.184998 0.763505
v 0.255468 -0.184108 0.763646
v 0.257220 -0.183218 0.763505
v 0.183960 -0.196122 0.723789
v 0.183070 -0.196925 0.724198
v 0.182267 -0.197562 0.724835
v 0.181630 -0.197971 0.725638
v 0.181221 -0.198112 0.726528
v 0.181080 -0.197971 0.727418
v 0.181080 -0.186847 0.761656
v 0.181221 -0.186438 0.762459
v 0.181630 -0.185801 0.763096
v 0.182267 -0.184998 0.763505
v 0.183070 -0.184108 0.763646
v 0.183960 -0.183218 0.763505
vn -0.0000 0.3090 0.9511
vn -0.0000 -0.3090 -0.9511
vn 0.1203 -0.4190 -0.9000
vn 0.1980 -0.4850 -0.8518
vn 0.0787 -0.3819 -0.9208
vn 0.2882 -0.5563 -0.7794
vn 0.3610 -0.6090 -0.7062
vn 0.4666 -0.6760 -0.5704
vn 0.5226 -0.7052 -0.4792
vn 0.6319 -0.7397 -0.2315
vn 0.6543 -0.7395 -0.1585
vn 0.7023 -0.7038 0.1069
vn 0.7032 -0.7012 0.1175
vn 0.7023 -0.6322 0.3272
vn 0.7032 -0.6364 0.3171
vn 0.6319 -0.4623 0.6220
vn 0.6543 -0.5051 0.5629
vn 0.4666 -0.2116 0.8588
vn 0.5226 -0.2889 0.8021
vn 0.2882 0.0081 0.9575
vn 0.3610 -0.0776 0.9293
vn 0.1203 0.1901 0.9744
vn 0.1980 0.1083 0.9742
vn 0.0787 0.2322 0.9695
vn -0.1980 -0.4850 -0.8518
vn -0.0787 -0.3819 -0.9208
vn -0.3610 -0.6090 -0.7062
vn -0.5226 -0.7052 -0.4792
vn -0.6543 -0.7395 -0.1585
vn -0.7032 -0.7012 0.1175
vn -0.7032 -0.6364 0.3171
vn -0.6543 -0.5051 0.5629
vn -0.5226 -0.2889 0.8021
vn -0.3610 -0.0776 0.9293
vn -0.1980 0.1083 0.9742
vn -0.0787 0.2322 0.9695
vn -0.1203 -0.4190 -0.9000
vn -0.2882 -0.5563 -0.7794
vn -0.4666 -0.6760 -0.5704
vn -0.6319 -0.7397 -0.2315
vn -0.7023 -0.7038 0.1069
vn -0.7023 -0.6322 0.3272
vn -0.6319 -0.4623 0.6220
vn -0.4666 -0.2116 0.8588
vn -0.2882 0.0081 0.9575
vn -0.1203 0.1901 0.9744
vn -0.1980 -0.1083 -0.9742
vn -0.0787 -0.2322 -0.9695
vn -0.3610 0.0776 -0.9293
vn -0.5226 0.2889 -0.8021
vn -0.6543 0.5051 -0.5629
vn -0.7032 0.6364 -0.3171
vn -0.7032 0.7012 -0.1175
vn -0.6543 0.7395 0.1585
vn -0.5226 0.7052 0.4792
vn -0.3610 0.6090 0.7062
vn -0.1980 0.4850 0.8518
vn -0.0787 0.3819 0.9208
vn 0.1980 -0.1083 -0.9742
vn 0.0787 -0.2322 -0.9695
vn 0.3610 0.0776 -0.9293
vn 0.5226 0.2889 -0.8021
vn 0.6543 0.5051 -0.5629
vn 0.7032 0.6364 -0.3171
vn 0.7032 0.7012 -0.1175
vn 0.6543 0.7395 0.1585
vn 0.5226 0.7052 0.4792
vn 0.3610 0.6090 0.7062
vn 0.1980 0.4850 0.8518
vn 0.0787 0.3819 0.9208
vn 0.0382 0.0031 -0.9993
vn 0.0775 -0.0037 -0.9970
vn 0.0385 -0.1613 -0.9861
vn 0.0190 -0.1578 -0.9873
vn 0.0719 0.3087 -0.9484
vn 0.1457 0.2957 -0.9441
vn 0.0987 0.5843 -0.8055
vn 0.1998 0.5663 -0.7996
vn 0.1158 0.8031 -0.5845
vn 0.2345 0.7819 -0.5776
vn 0.1213 0.9169 -0.3803
vn 0.2457 0.8947 -0.3731
vn 0.1213 0.9653 -0.2312
vn 0.2457 0.9431 -0.2240
vn 0.1158 0.9933 0.0008
vn 0.2345 0.9721 0.0077
vn 0.0987 0.9462 0.3083
vn 0.1998 0.9281 0.3141
vn 0.0719 0.8072 0.5858
vn 0.1457 0.7942 0.5900
vn 0.0382 0.5899 0.8066
vn 0.0775 0.5830 0.8088
vn 0.0190 0.4526 0.8915
vn 0.0385 0.4491 0.8926
vn 0.1167 -0.0157 -0.9930
vn 0.0579 -0.1674 -0.9842
vn 0.2195 0.2729 -0.9367
vn 0.3010 0.5350 -0.7894
vn 0.3532 0.7452 -0.5656
vn 0.3701 0.8562 -0.3606
vn 0.3701 0.9046 -0.2115
vn 0.3532 0.9353 0.0196
vn 0.3010 0.8968 0.3242
vn 0.2195 0.7714 0.5973
vn 0.1167 0.5710 0.8126
vn 0.0579 0.4431 0.8946
vn 0.1547 -0.0330 -0.9874
vn 0.0768 -0.1760 -0.9814
vn 0.2910 0.2404 -0.9260
vn 0.3990 0.4903 -0.7749
vn 0.4682 0.6927 -0.5486
vn 0.4906 0.8012 -0.3427
vn 0.4906 0.8496 -0.1936
vn 0.4682 0.8828 0.0366
vn 0.3990 0.8521 0.3387
vn 0.2910 0.7388 0.6079
vn 0.1547 0.5537 0.8182
vn 0.0768 0.4345 0.8974
vn 0.1904 -0.0553 -0.9802
vn 0.0945 -0.1871 -0.9778
vn 0.3580 0.1985 -0.9124
vn 0.4908 0.4328 -0.7562
vn 0.5760 0.6252 -0.5266
vn 0.6035 0.7305 -0.3197
vn 0.6035 0.7789 -0.1707
vn 0.5760 0.8154 0.0586
vn 0.4908 0.7946 0.3574
vn 0.3580 0.6968 0.6215
vn 0.1904 0.5314 0.8254
vn 0.0945 0.4234 0.9010
vn 0.2225 -0.0820 -0.9715
vn 0.1104 -0.2003 -0.9735
vn 0.4184 0.1482 -0.8961
vn 0.5737 0.3639 -0.7338
vn 0.6733 0.5443 -0.5004
vn 0.7054 0.6457 -0.2922
vn 0.7054 0.6942 -0.1431
vn 0.6733 0.7345 0.0848
vn 0.5737 0.7257 0.3798
vn 0.4184 0.6466 0.6378
vn 0.2225 0.5047 0.8341
vn 0.1104 0.4101 0.9053
vn 0.2504 -0.1125 -0.9616
vn 0.1243 -0.2155 -0.9686
vn 0.4709 0.0909 -0.8775
vn 0.6457 0.2854 -0.7083
vn 0.7578 0.4522 -0.4704
vn 0.7940 0.5492 -0.2608
vn 0.7940 0.5976 -0.1118
vn 0.7578 0.6423 0.1148
vn 0.6457 0.6472 0.4053
vn 0.4709 0.5893 0.6565
vn 0.2504 0.4742 0.8441
vn 0.1243 0.3950 0.9102
vn 0.2735 -0.1459 -0.9507
vn 0.1358 -0.2320 -0.9632
vn 0.5144 0.0281 -0.8571
vn 0.7053 0.1993 -0.6803
vn 0.8278 0.3511 -0.4376
vn 0.8673 0.4433 -0.2264
vn 0.8673 0.4917 -0.0774
vn 0.8278 0.5413 0.1476
vn 0.7053 0.5611 0.4333
vn 0.5144 0.5265 0.6769
vn 0.2735 0.4408 0.8549
vn 0.1358 0.3784 0.9156
vn 0.2915 -0.1815 -0.9392
vn 0.1448 -0.2497 -0.9575
vn 0.5483 -0.0388 -0.8354
vn 0.7517 0.1077 -0.6506
vn 0.8823 0.2436 -0.4027
vn 0.9245 0.3307 -0.1898
vn 0.9245 0.3791 -0.0408
vn 0.8823 0.4338 0.1826
vn 0.7517 0.4695 0.4631
vn 0.5483 0.4597 0.6986
vn 0.2915 0.4052 0.8665
vn 0.1448 0.3608 0.9213
vn 0.3042 -0.2184 -0.9272
vn 0.1511 -0.2680 -0.9515
vn 0.5723 -0.1081 -0.8129
vn 0.7847 0.0126 -0.6197
vn 0.9210 0.1320 -0.3664
vn 0.9650 0.2137 -0.1518
vn 0.9650 0.2622 -0.0028
vn 0.9210 0.3222 0.2188
vn 0.7847 0.3744 0.4940
vn 0.5723 0.3903 0.7212
vn 0.3042 0.3684 0.8785
vn 0.1511 0.3425 0.9273
vn 0.3117 -0.2559 -0.9151
vn 0.1549 -0.2866 -0.9454
vn 0.5865 -0.1787 -0.7900
vn 0.8042 -0.0842 -0.5883
vn 0.9440 0.0185 -0.3295
vn 0.9890 0.0947 -0.1132
vn 0.9890 0.1432 0.0359
vn 0.9440 0.2086 0.2558
vn 0.8042 0.2777 0.5254
vn 0.5865 0.3198 0.7442
vn 0.3117 0.3309 0.8907
vn 0.1549 0.3239 0.9333
vn 0.3141 -0.2934 -0.9029
vn 0.1561 -0.3052 -0.9394
vn 0.5911 -0.2493 -0.7671
vn 0.8106 -0.1810 -0.5569
vn 0.9515 -0.0951 -0.2926
vn 0.9969 -0.0243 -0.0745
vn 0.9969 0.0242 0.0745
vn 0.9515 0.0951 0.2927
vn 0.8106 0.1809 0.5569
vn 0.5911 0.2492 0.7671
vn 0.3141 0.2934 0.9029
vn 0.1561 0.3052 0.9394
vn 0.3117 -0.3308 -0.8908
vn 0.1549 -0.3238 -0.9334
vn 0.5865 -0.3196 -0.7442
vn 0.8043 -0.2774 -0.5255
vn 0.9440 -0.2083 -0.2559
vn 0.9891 -0.1428 -0.0360
vn 0.9891 -0.0944 0.1131
vn 0.9440 -0.0181 0.3294
vn 0.8043 0.0845 0.5882
vn 0.5865 0.1789 0.7900
vn 0.3117 0.2560 0.9151
vn 0.1549 0.2866 0.9454
vn 0.3042 -0.3679 -0.8787
vn 0.1512 -0.3423 -0.9274
vn 0.5725 -0.3895 -0.7215
vn 0.7850 -0.3732 -0.4944
vn 0.9214 -0.3208 -0.2193
vn 0.9654 -0.2607 0.0023
vn 0.9654 -0.2122 0.1514
vn 0.9214 -0.1306 0.3660
vn 0.7850 -0.0113 0.6193
vn 0.5725 0.1090 0.8126
vn 0.3042 0.2189 0.9271
vn 0.1512 0.2682 0.9514
vn 0.2918 -0.4043 -0.8668
vn 0.1450 -0.3603 -0.9215
vn 0.5490 -0.4579 -0.6993
vn 0.7528 -0.4671 -0.4639
vn 0.8835 -0.4309 -0.1835
vn 0.9257 -0.3761 0.0398
vn 0.9257 -0.3277 0.1889
vn 0.8835 -0.2407 0.4018
vn 0.7528 -0.1052 0.6498
vn 0.5490 0.0406 0.8349
vn 0.2918 0.1825 0.9389
vn 0.1450 0.2501 0.9573
vn 0.2743 -0.4394 -0.8554
vn 0.1362 -0.3777 -0.9158
vn 0.5159 -0.5239 -0.6778
vn 0.7074 -0.5575 -0.4345
vn 0.8303 -0.5371 -0.1490
vn 0.8699 -0.4873 0.0759
vn 0.8699 -0.4389 0.2250
vn 0.8303 -0.3469 0.4362
vn 0.7074 -0.1957 0.6792
vn 0.5159 -0.0254 0.8563
vn 0.2743 0.1473 0.9503
vn 0.1362 0.2327 0.9630
vn 0.2517 -0.4725 -0.8446
vn 0.1250 -0.3942 -0.9105
vn 0.4733 -0.5862 -0.6575
vn 0.6490 -0.6430 -0.4067
vn 0.7617 -0.6374 -0.1164
vn 0.7981 -0.5924 0.1101
vn 0.7981 -0.5440 0.2592
vn 0.7617 -0.4473 0.4688
vn 0.6490 -0.2812 0.7069
vn 0.4733 -0.0878 0.8765
vn 0.2517 0.1141 0.9611
vn 0.1250 0.2163 0.9683
vn 0.2242 -0.5030 -0.8347
vn 0.1113 -0.4093 -0.9056
vn 0.4216 -0.6435 -0.6388
vn 0.5780 -0.7215 -0.3811
vn 0.6784 -0.7296 -0.0864
vn 0.7108 -0.6890 0.1415
vn 0.7108 -0.6406 0.2905
vn 0.6784 -0.5394 0.4988
vn 0.5780 -0.3597 0.7324
vn 0.4216 -0.1451 0.8951
vn 0.2242 0.0836 0.9709
vn 0.1113 0.2011 0.9732
vn 0.1923 -0.5300 -0.8259
vn 0.0954 -0.4227 -0.9012
vn 0.3615 -0.6943 -0.6223
vn 0.4957 -0.7911 -0.3585
vn 0.5817 -0.8112 -0.0599
vn 0.6095 -0.7745 0.1692
vn 0.6095 -0.7261 0.3183
vn 0.5817 -0.6210 0.5253
vn 0.4957 -0.4293 0.7550
vn 0.3615 -0.1959 0.9116
vn 0.1923 0.0566 0.9797
vn 0.0954 0.1878 0.9776
vn 0.1566 -0.5527 -0.8185
vn 0.0777 -0.4340 -0.8976
vn 0.2945 -0.7369 -0.6085
vn 0.4037 -0.8496 -0.3395
vn 0.4738 -0.8798 -0.0376
vn 0.4964 -0.8464 0.1926
vn 0.4964 -0.7980 0.3417
vn 0.4738 -0.6897 0.5476
vn 0.4037 -0.4877 0.7740
vn 0.2945 -0.2385 0.9254
vn 0.1566 0.0339 0.9871
vn 0.0777 0.1765 0.9812
vn 0.1183 -0.5704 -0.8128
vn 0.0587 -0.4428 -0.8947
vn 0.2224 -0.7703 -0.5977
vn 0.3049 -0.8953 -0.3247
vn 0.3578 -0.9336 -0.0202
vn 0.3749 -0.9027 0.2109
vn 0.3749 -0.8543 0.3600
vn 0.3578 -0.7434 0.5650
vn 0.3049 -0.5335 0.7889
vn 0.2224 -0.2719 0.9363
vn 0.1183 0.0162 0.9929
vn 0.0587 0.1677 0.9841
vn 0.0785 -0.5828 -0.8088
vn 0.0390 -0.4490 -0.8927
vn 0.1477 -0.7937 -0.5901
vn 0.2025 -0.9275 -0.3143
vn 0.2376 -0.9713 -0.0079
vn 0.2490 -0.9423 0.2238
vn 0.2490 -0.8939 0.3728
vn 0.2376 -0.7812 0.5773
vn 0.2025 -0.5657 0.7994
vn 0.1477 -0.2953 0.9439
vn 0.0785 0.0039 0.9969
vn 0.0390 0.1615 0.9861
vn 0.0387 -0.5899 -0.8066
vn 0.0192 -0.4526 -0.8915
vn 0.0728 -0.8072 -0.5858
vn 0.0999 -0.9460 -0.3083
vn 0.1172 -0.9931 -0.0009
vn 0.1228 -0.9651 0.2312
vn 0.1228 -0.9167 0.3802
vn 0.1172 -0.8029 0.5844
vn 0.0999 -0.5841 0.8055
vn 0.0728 -0.3087 0.9484
vn 0.0387 -0.0031 0.9992
vn 0.0192 0.1579 0.9873
vn -0.0003 -0.5920 -0.8059
vn -0.0001 -0.4537 -0.8911
vn -0.0005 -0.8114 -0.5845
vn -0.0007 -0.9519 -0.3064
vn -0.0008 -1.0000 0.0013
vn -0.0008 -0.9723 0.2335
vn -0.0008 -0.9239 0.3826
vn -0.0008 -0.8098 0.5867
vn -0.0007 -0.5900 0.8074
vn -0.0005 -0.3129 0.9498
vn -0.0003 -0.0052 1.0000
vn -0.0001 0.1567 0.9876
vn -0.0396 -0.5898 -0.8066
vn -0.0197 -0.4525 -0.8915
vn -0.0745 -0.8070 -0.5858
vn -0.1021 -0.9458 -0.3083
vn -0.1199 -0.9928 -0.0010
vn -0.1256 -0.9648 0.2311
vn -0.1256 -0.9164 0.3801
vn -0.1199 -0.8026 0.5843
vn -0.1021 -0.5839 0.8054
vn -0.0745 -0.3085 0.9483
vn -0.0396 -0.0031 0.9992
vn -0.0197 0.1579 0.9873
vn -0.0799 -0.5825 -0.8089
vn -0.0397 -0.4488 -0.8927
vn -0.1502 -0.7931 -0.5903
vn -0.2060 -0.9266 -0.3145
vn -0.2418 -0.9703 -0.0082
vn -0.2533 -0.9412 0.2234
vn -0.2533 -0.8928 0.3725
vn -0.2418 -0.7801 0.5770
vn -0.2060 -0.5648 0.7991
vn -0.1502 -0.2947 0.9437
vn -0.0799 0.0042 0.9968
vn -0.0397 0.1616 0.9861
vn -0.1197 -0.5699 -0.8130
vn -0.0594 -0.4425 -0.8948
vn -0.2251 -0.7692 -0.5980
vn -0.3086 -0.8939 -0.3251
vn -0.3622 -0.9319 -0.0207
vn -0.3795 -0.9010 0.2103
vn -0.3795 -0.8525 0.3594
vn -0.3622 -0.7417 0.5645
vn -0.3086 -0.5321 0.7885
vn -0.2251 -0.2708 0.9359
vn -0.1197 0.0168 0.9927
vn -0.0594 0.1680 0.9840
vn -0.1578 -0.5521 -0.8187
vn -0.0783 -0.4336 -0.8977
vn -0.2967 -0.7357 -0.6089
vn -0.4067 -0.8479 -0.3401
vn -0.4774 -0.8779 -0.0383
vn -0.5001 -0.8444 0.1920
vn -0.5001 -0.7960 0.3410
vn -0.4774 -0.6877 0.5469
vn -0.4067 -0.4861 0.7735
vn -0.2967 -0.2373 0.9250
vn -0.1578 0.0346 0.9869
vn -0.0783 0.1768 0.9811
vn -0.1930 -0.5295 -0.8261
vn -0.0958 -0.4224 -0.9013
vn -0.3628 -0.6932 -0.6227
vn -0.4975 -0.7897 -0.3590
vn -0.5839 -0.8096 -0.0604
vn -0.6117 -0.7729 0.1687
vn -0.6117 -0.7244 0.3178
vn -0.5839 -0.6194 0.5248
vn -0.4975 -0.4279 0.7546
vn -0.3628 -0.1948 0.9113
vn -0.1930 0.0572 0.9795
vn -0.0958 0.1880 0.9775
vn -0.2244 -0.5028 -0.8348
vn -0.1114 -0.4092 -0.9056
vn -0.4220 -0.6431 -0.6390
vn -0.5786 -0.7210 -0.3813
vn -0.6791 -0.7289 -0.0867
vn -0.7115 -0.6883 0.1412
vn -0.7115 -0.6399 0.2903
vn -0.6791 -0.5388 0.4986
vn -0.5786 -0.3591 0.7323
vn -0.4220 -0.1447 0.8950
vn -0.2244 0.0839 0.9709
vn -0.1114 0.2012 0.9732
vn -0.2515 -0.4727 -0.8446
vn -0.1249 -0.3943 -0.9105
vn -0.4731 -0.5865 -0.6574
vn -0.6486 -0.6434 -0.4065
vn -0.7613 -0.6379 -0.1162
vn -0.7976 -0.5930 0.1103
vn -0.7976 -0.5445 0.2593
vn -0.7613 -0.4478 0.4690
vn -0.6486 -0.2816 0.7071
vn -0.4731 -0.0881 0.8766
vn -0.2515 0.1140 0.9611
vn -0.1249 0.2162 0.9683
vn -0.2739 -0.4399 -0.8553
vn -0.1361 -0.3780 -0.9157
vn -0.5153 -0.5249 -0.6775
vn -0.7066 -0.5589 -0.4340
vn -0.8293 -0.5387 -0.1485
vn -0.8689 -0.4890 0.0765
vn -0.8689 -0.4406 0.2256
vn -0.8293 -0.3486 0.4368
vn -0.7066 -0.1971 0.6797
vn -0.5153 -0.0264 0.8566
vn -0.2739 0.1468 0.9505
vn -0.1361 0.2324 0.9630
vn -0.2915 -0.4050 -0.8666
vn -0.1448 -0.3607 -0.9214
vn -0.5484 -0.4593 -0.6988
vn -0.7520 -0.4690 -0.4633
vn -0.8826 -0.4332 -0.1828
vn -0.9247 -0.3785 0.0406
vn -0.9247 -0.3300 0.1896
vn -0.8826 -0.2430 0.4025
vn -0.7520 -0.1071 0.6505
vn -0.5484 0.0392 0.8353
vn -0.2915 0.1817 0.9392
vn -0.1448 0.2498 0.9574
vn -0.3041 -0.3686 -0.8784
vn -0.1511 -0.3426 -0.9272
vn -0.5721 -0.3908 -0.7211
vn -0.7845 -0.3751 -0.4938
vn -0.9208 -0.3230 -0.2186
vn -0.9648 -0.2630 0.0031
vn -0.9648 -0.2146 0.1521
vn -0.9208 -0.1328 0.3667
vn -0.7845 -0.0133 0.6200
vn -0.5721 0.1076 0.8131
vn -0.3041 0.2181 0.9273
vn -0.1511 0.2678 0.9515
vn -0.3116 -0.3312 -0.8906
vn -0.1549 -0.3240 -0.9333
vn -0.5864 -0.3205 -0.7439
vn -0.8041 -0.2786 -0.5251
vn -0.9438 -0.2097 -0.2554
vn -0.9889 -0.1443 -0.0355
vn -0.9889 -0.0959 0.1136
vn -0.9438 -0.0196 0.3299
vn -0.8041 0.0833 0.5886
vn -0.5864 0.1780 0.7902
vn -0.3116 0.2555 0.9152
vn -0.1549 0.2864 0.9455
vn -0.3142 -0.2933 -0.9029
vn -0.1561 -0.3052 -0.9394
vn -0.5912 -0.2491 -0.7671
vn -0.8107 -0.1807 -0.5569
vn -0.9515 -0.0949 -0.2927
vn -0.9969 -0.0240 -0.0746
vn -0.9969 0.0245 0.0744
vn -0.9515 0.0953 0.2926
vn -0.8107 0.1811 0.5568
vn -0.5912 0.2494 0.7670
vn -0.3142 0.2934 0.9029
vn -0.1561 0.3053 0.9394
vn -0.3117 -0.2551 -0.9153
vn -0.1548 -0.2862 -0.9456
vn -0.5863 -0.1772 -0.7904
vn -0.8040 -0.0822 -0.5889
vn -0.9437 0.0208 -0.3303
vn -0.9887 0.0972 -0.1140
vn -0.9887 0.1456 0.0351
vn -0.9437 0.2110 0.2550
vn -0.8040 0.2797 0.5248
vn -0.5863 0.3212 0.7437
vn -0.3117 0.3316 0.8904
vn -0.1548 0.3242 0.9332
vn -0.3039 -0.2171 -0.9276
vn -0.1509 -0.2674 -0.9517
vn -0.5717 -0.1058 -0.8136
vn -0.7839 0.0157 -0.6207
vn -0.9200 0.1357 -0.3676
vn -0.9640 0.2176 -0.1531
vn -0.9640 0.2661 -0.0040
vn -0.9200 0.3259 0.2176
vn -0.7839 0.3776 0.4929
vn -0.5717 0.3926 0.7204
vn -0.3039 0.3696 0.8781
vn -0.1509 0.3431 0.9271
vn -0.2909 -0.1802 -0.9396
vn -0.1445 -0.2490 -0.9577
vn -0.5472 -0.0363 -0.8362
vn -0.7503 0.1110 -0.6517
vn -0.8806 0.2476 -0.4040
vn -0.9227 0.3348 -0.1912
vn -0.9227 0.3833 -0.0421
vn -0.8806 0.4378 0.1813
vn -0.7503 0.4729 0.4620
vn -0.5472 0.4622 0.6978
vn -0.2909 0.4066 0.8661
vn -0.1445 0.3615 0.9211
vn -0.2728 -0.1448 -0.9511
vn -0.1355 -0.2315 -0.9634
vn -0.5132 0.0301 -0.8578
vn -0.7036 0.2021 -0.6813
vn -0.8258 0.3544 -0.4387
vn -0.8652 0.4468 -0.2276
vn -0.8652 0.4952 -0.0785
vn -0.8258 0.5446 0.1466
vn -0.7036 0.5639 0.4324
vn -0.5132 0.5285 0.6763
vn -0.2728 0.4419 0.8546
vn -0.1355 0.3790 0.9154
vn -0.2498 -0.1119 -0.9618
vn -0.1241 -0.2151 -0.9687
vn -0.4699 0.0921 -0.8779
vn -0.6443 0.2871 -0.7089
vn -0.7562 0.4542 -0.4711
vn -0.7923 0.5513 -0.2615
vn -0.7923 0.5997 -0.1125
vn -0.7562 0.6444 0.1141
vn -0.6443 0.6489 0.4047
vn -0.4699 0.5905 0.6561
vn -0.2498 0.4748 0.8439
vn -0.1241 0.3953 0.9101
vn -0.2223 -0.0819 -0.9715
vn -0.1103 -0.2002 -0.9735
vn -0.4180 0.1485 -0.8962
vn -0.5731 0.3644 -0.7340
vn -0.6727 0.5450 -0.5006
vn -0.7048 0.6464 -0.2924
vn -0.7048 0.6948 -0.1433
vn -0.6727 0.7351 0.0847
vn -0.5731 0.7262 0.3796
vn -0.4180 0.6469 0.6378
vn -0.2223 0.5048 0.8341
vn -0.1103 0.4102 0.9053
vn -0.1906 -0.0555 -0.9801
vn -0.0946 -0.1872 -0.9778
vn -0.3584 0.1981 -0.9123
vn -0.4914 0.4323 -0.7561
vn -0.5767 0.6247 -0.5265
vn -0.6043 0.7299 -0.3196
vn -0.6043 0.7783 -0.1705
vn -0.5767 0.8148 0.0587
vn -0.4914 0.7942 0.3575
vn -0.3584 0.6965 0.6217
vn -0.1906 0.5312 0.8255
vn -0.0946 0.4233 0.9010
vn -0.1554 -0.0334 -0.9873
vn -0.0772 -0.1762 -0.9813
vn -0.2923 0.2396 -0.9258
vn -0.4008 0.4893 -0.7746
vn -0.4704 0.6915 -0.5482
vn -0.4929 0.7999 -0.3423
vn -0.4929 0.8484 -0.1932
vn -0.4704 0.8817 0.0370
vn -0.4008 0.8511 0.3390
vn -0.2923 0.7380 0.6082
vn -0.1554 0.5533 0.8184
vn -0.0772 0.4343 0.8975
vn -0.1177 -0.0161 -0.9929
vn -0.0585 -0.1676 -0.9841
vn -0.2214 0.2722 -0.9364
vn -0.3036 0.5340 -0.7891
vn -0.3564 0.7440 -0.5652
vn -0.3734 0.8549 -0.3602
vn -0.3734 0.9033 -0.2111
vn -0.3564 0.9341 0.0200
vn -0.3036 0.8958 0.3245
vn -0.2214 0.7706 0.5976
vn -0.1177 0.5706 0.8128
vn -0.0585 0.4429 0.8947
vn -0.0785 -0.0039 -0.9969
vn -0.0390 -0.1615 -0.9861
vn -0.1477 0.2952 -0.9439
vn -0.2025 0.5656 -0.7994
vn -0.2377 0.7811 -0.5773
vn -0.2490 0.8939 -0.3728
vn -0.2490 0.9423 -0.2238
vn -0.2377 0.9713 0.0079
vn -0.2025 0.9275 0.3143
vn -0.1477 0.7937 0.5901
vn -0.0785 0.5828 0.8088
vn -0.0390 0.4490 0.8927
vn -0.0389 0.0031 -0.9992
vn -0.0193 -0.1579 -0.9873
vn -0.0732 0.3086 -0.9484
vn -0.1004 0.5841 -0.8055
vn -0.1179 0.8028 -0.5844
vn -0.1235 0.9166 -0.3802
vn -0.1235 0.9650 -0.2312
vn -0.1179 0.9930 0.0009
vn -0.1004 0.9460 0.3083
vn -0.0732 0.8071 0.5858
vn -0.0389 0.5898 0.8066
vn -0.0193 0.4526 0.8915
vn -0.0002 0.0052 -1.0000
vn -0.0001 -0.1567 -0.9876
vn -0.0004 0.3128 -0.9498
vn -0.0005 0.5900 -0.8074
vn -0.0006 0.8098 -0.5867
vn -0.0007 0.9239 -0.3826
vn -0.0007 0.9723 -0.2335
vn -0.0006 1.0000 -0.0013
vn -0.0005 0.9519 0.3065
vn -0.0004 0.8114 0.5845
vn -0.0002 0.5920 0.8060
vn -0.0001 0.4537 0.8911
vn -0.0371 -0.0086 -0.9993
vn -0.0746 -0.0155 -0.9971
vn -0.0385 -0.1613 -0.9862
vn -0.0191 -0.1579 -0.9873
vn -0.0715 0.2992 -0.9515
vn -0.1436 0.2861 -0.9474
vn -0.0989 0.5783 -0.8098
vn -0.1986 0.5604 -0.8041
vn -0.1165 0.8007 -0.5876
vn -0.2341 0.7797 -0.5808
vn -0.1222 0.9166 -0.3807
vn -0.2456 0.8945 -0.3736
vn -0.1222 0.9653 -0.2307
vn -0.2456 0.9432 -0.2236
vn -0.1165 0.9932 0.0047
vn -0.2341 0.9721 0.0116
vn -0.0989 0.9439 0.3152
vn -0.1986 0.9260 0.3211
vn -0.0715 0.8013 0.5939
vn -0.1436 0.7883 0.5982
vn -0.0371 0.5804 0.8135
vn -0.0746 0.5735 0.8158
vn -0.0191 0.4526 0.8915
vn -0.0385 0.4491 0.8926
vn -0.1116 -0.0270 -0.9934
vn -0.0576 -0.1672 -0.9842
vn -0.2149 0.2640 -0.9403
vn -0.2973 0.5299 -0.7943
vn -0.3504 0.7438 -0.5692
vn -0.3676 0.8569 -0.3614
vn -0.3676 0.9057 -0.2113
vn -0.3504 0.9363 0.0233
vn -0.2973 0.8955 0.3311
vn -0.2149 0.7663 0.6055
vn -0.1116 0.5620 0.8196
vn -0.0576 0.4432 0.8946
vn -0.1473 -0.0433 -0.9881
vn -0.0760 -0.1756 -0.9815
vn -0.2837 0.2329 -0.9302
vn -0.3925 0.4868 -0.7803
vn -0.4627 0.6931 -0.5528
vn -0.4854 0.8037 -0.3441
vn -0.4854 0.8525 -0.1940
vn -0.4627 0.8856 0.0398
vn -0.3925 0.8525 0.3452
vn -0.2837 0.7352 0.6157
vn -0.1473 0.5458 0.8249
vn -0.0760 0.4349 0.8973
vn -0.1809 -0.0640 -0.9814
vn -0.0934 -0.1862 -0.9781
vn -0.3484 0.1929 -0.9173
vn -0.4821 0.4316 -0.7625
vn -0.5683 0.6280 -0.5317
vn -0.5962 0.7355 -0.3219
vn -0.5962 0.7842 -0.1719
vn -0.5683 0.8206 0.0610
vn -0.4821 0.7973 0.3632
vn -0.3484 0.6952 0.6287
vn -0.1809 0.5251 0.8316
vn -0.0934 0.4242 0.9007
vn -0.2115 -0.0891 -0.9733
vn -0.1092 -0.1992 -0.9739
vn -0.4075 0.1447 -0.9016
vn -0.5639 0.3649 -0.7408
vn -0.6648 0.5494 -0.5062
vn -0.6974 0.6531 -0.2952
vn -0.6974 0.7018 -0.1451
vn -0.6648 0.7420 0.0865
vn -0.5639 0.7307 0.3849
vn -0.4075 0.6471 0.6444
vn -0.2115 0.5000 0.8398
vn -0.1092 0.4113 0.9049
vn -0.2386 -0.1179 -0.9639
vn -0.1232 -0.2140 -0.9690
vn -0.4597 0.0892 -0.8836
vn -0.6360 0.2880 -0.7159
vn -0.7498 0.4589 -0.4767
vn -0.7866 0.5580 -0.2643
vn -0.7866 0.6068 -0.1142
vn -0.7498 0.6514 0.1160
vn -0.6360 0.6538 0.4098
vn -0.4597 0.5915 0.6624
vn -0.2386 0.4712 0.8492
vn -0.1232 0.3964 0.9098
vn -0.2613 -0.1500 -0.9535
vn -0.1349 -0.2306 -0.9637
vn -0.5036 0.0274 -0.8635
vn -0.6968 0.2026 -0.6881
vn -0.8214 0.3581 -0.4440
vn -0.8617 0.4523 -0.2299
vn -0.8617 0.5011 -0.0798
vn -0.8214 0.5507 0.1487
vn -0.6968 0.5683 0.4376
vn -0.5036 0.5297 0.6825
vn -0.2613 0.4391 0.8596
vn -0.1349 0.3799 0.9151
vn -0.2794 -0.1845 -0.9423
vn -0.1442 -0.2484 -0.9579
vn -0.5383 -0.0392 -0.8419
vn -0.7448 0.1104 -0.6581
vn -0.8779 0.2494 -0.4087
vn -0.9211 0.3383 -0.1929
vn -0.9211 0.3871 -0.0428
vn -0.8779 0.4420 0.1840
vn -0.7448 0.4761 0.4675
vn -0.5383 0.4631 0.7041
vn -0.2794 0.4046 0.8708
vn -0.1442 0.3620 0.9209
vn -0.2923 -0.2208 -0.9305
vn -0.1509 -0.2671 -0.9518
vn -0.5631 -0.1090 -0.8191
vn -0.7792 0.0138 -0.6267
vn -0.9184 0.1355 -0.3716
vn -0.9635 0.2188 -0.1540
vn -0.9635 0.2676 -0.0040
vn -0.9184 0.3281 0.2210
vn -0.7792 0.3795 0.4989
vn -0.5631 0.3933 0.7268
vn -0.2923 0.3683 0.8825
vn -0.1509 0.3433 0.9270
vn -0.3001 -0.2577 -0.9184
vn -0.5780 -0.1802 -0.7959
vn -0.7996 -0.0847 -0.5946
vn -0.9424 0.0194 -0.3338
vn -0.9887 0.0970 -0.1144
vn -0.9887 0.1457 0.0356
vn -0.9424 0.2119 0.2587
vn -0.7996 0.2810 0.5308
vn -0.5780 0.3220 0.7498
vn -0.3001 0.3314 0.8945
vn -0.3028 -0.2945 -0.9064
vn -0.5829 -0.2510 -0.7728
vn -0.8063 -0.1827 -0.5626
vn -0.9503 -0.0961 -0.2962
vn -0.9969 -0.0242 -0.0751
vn -0.9969 0.0245 0.0749
vn -0.9503 0.0964 0.2961
vn -0.8063 0.1829 0.5625
vn -0.5829 0.2512 0.7727
vn -0.3028 0.2946 0.9064
vn -0.3002 -0.3312 -0.8945
vn -0.1548 -0.3241 -0.9332
vn -0.5780 -0.3217 -0.7499
vn -0.7996 -0.2805 -0.5309
vn -0.9425 -0.2114 -0.2588
vn -0.9888 -0.1452 -0.0358
vn -0.9888 -0.0964 0.1143
vn -0.9425 -0.0189 0.3337
vn -0.7996 0.0851 0.5944
vn -0.5780 0.1805 0.7958
vn -0.3002 0.2579 0.9184
vn -0.1548 0.2863 0.9455
vn -0.2924 -0.3681 -0.8826
vn -0.1509 -0.3432 -0.9271
vn -0.5632 -0.3929 -0.7269
vn -0.7793 -0.3790 -0.4991
vn -0.9186 -0.3275 -0.2212
vn -0.9637 -0.2669 0.0038
vn -0.9637 -0.2182 0.1538
vn -0.9186 -0.1349 0.3714
vn -0.7793 -0.0133 0.6265
vn -0.5632 0.1094 0.8190
vn -0.2924 0.2210 0.9304
vn -0.1509 0.2672 0.9517
vn -0.2794 -0.4044 -0.8708
vn -0.1442 -0.3619 -0.9210
vn -0.5384 -0.4628 -0.7042
vn -0.7449 -0.4758 -0.4677
vn -0.8781 -0.4416 -0.1842
vn -0.9213 -0.3866 0.0427
vn -0.9213 -0.3379 0.1927
vn -0.8781 -0.2490 0.4085
vn -0.7449 -0.1100 0.6580
vn -0.5384 0.0395 0.8418
vn -0.2794 0.1847 0.9422
vn -0.1442 0.2485 0.9578
vn -0.2613 -0.4391 -0.8596
vn -0.1349 -0.3799 -0.9151
vn -0.5035 -0.5297 -0.6825
vn -0.6968 -0.5683 -0.4376
vn -0.8214 -0.5507 -0.1487
vn -0.8617 -0.5011 0.0798
vn -0.8617 -0.4523 0.2299
vn -0.8214 -0.3581 0.4440
vn -0.6968 -0.2025 0.6881
vn -0.5035 -0.0274 0.8635
vn -0.2613 0.1500 0.9535
vn -0.1349 0.2306 0.9637
vn -0.2384 -0.4713 -0.8491
vn -0.1231 -0.3965 -0.9097
vn -0.4594 -0.5918 -0.6624
vn -0.6357 -0.6542 -0.4097
vn -0.7494 -0.6519 -0.1158
vn -0.7862 -0.6073 0.1144
vn -0.7862 -0.5585 0.2644
vn -0.7494 -0.4593 0.4769
vn -0.6357 -0.2884 0.7160
vn -0.4594 -0.0894 0.8837
vn -0.2384 0.1178 0.9640
vn -0.1231 0.2140 0.9691
vn -0.2112 -0.5003 -0.8397
vn -0.1090 -0.4114 -0.9049
vn -0.4070 -0.6476 -0.6442
vn -0.5631 -0.7314 -0.3846
vn -0.6639 -0.7429 -0.0863
vn -0.6965 -0.7027 0.1454
vn -0.6965 -0.6540 0.2954
vn -0.6639 -0.5503 0.5064
vn -0.5631 -0.3656 0.7411
vn -0.4070 -0.1452 0.9018
vn -0.2112 0.0888 0.9734
vn -0.1090 0.1990 0.9739
vn -0.1804 -0.5254 -0.8315
vn -0.0931 -0.4244 -0.9007
vn -0.3476 -0.6958 -0.6285
vn -0.4809 -0.7981 -0.3629
vn -0.5669 -0.8216 -0.0607
vn -0.5947 -0.7853 0.1722
vn -0.5947 -0.7365 0.3223
vn -0.5669 -0.6290 0.5320
vn -0.4809 -0.4324 0.7627
vn -0.3476 -0.1935 0.9175
vn -0.1804 0.0637 0.9815
vn -0.0931 0.1861 0.9781
vn -0.1467 -0.5461 -0.8248
vn -0.0757 -0.4351 -0.8972
vn -0.2826 -0.7357 -0.6155
vn -0.3910 -0.8533 -0.3449
vn -0.4609 -0.8866 -0.0395
vn -0.4836 -0.8535 0.1944
vn -0.4836 -0.8047 0.3444
vn -0.4609 -0.6940 0.5531
vn -0.3910 -0.4876 0.7806
vn -0.2826 -0.2334 0.9304
vn -0.1467 0.0430 0.9882
vn -0.0757 0.1754 0.9816
vn -0.1110 -0.5623 -0.8195
vn -0.0573 -0.4434 -0.8945
vn -0.2138 -0.7667 -0.6053
vn -0.2957 -0.8961 -0.3309
vn -0.3486 -0.9370 -0.0231
vn -0.3657 -0.9064 0.2116
vn -0.3657 -0.8576 0.3616
vn -0.3486 -0.7445 0.5694
vn -0.2957 -0.5305 0.7944
vn -0.2138 -0.2645 0.9404
vn -0.1110 0.0268 0.9935
vn -0.0573 0.1671 0.9843
vn -0.0741 -0.5737 -0.8157
vn -0.0382 -0.4492 -0.8926
vn -0.1427 -0.7886 -0.5981
vn -0.1974 -0.9263 -0.3210
vn -0.2326 -0.9725 -0.0115
vn -0.2440 -0.9436 0.2237
vn -0.2440 -0.8949 0.3737
vn -0.2326 -0.7800 0.5809
vn -0.1974 -0.5607 0.8042
vn -0.1427 -0.2864 0.9474
vn -0.0741 0.0153 0.9971
vn -0.0382 0.1613 0.9862
vn -0.0369 -0.5805 -0.8135
vn -0.0190 -0.4526 -0.8915
vn -0.0709 -0.8014 -0.5939
vn -0.0981 -0.9440 -0.3152
vn -0.1156 -0.9933 -0.0046
vn -0.1213 -0.9654 0.2308
vn -0.1213 -0.9167 0.3808
vn -0.1156 -0.8009 0.5876
vn -0.0981 -0.5784 0.8098
vn -0.0709 -0.2993 0.9515
vn -0.0369 0.0085 0.9993
vn -0.0190 0.1578 0.9873
vn 0.0001 -0.5827 -0.8127
vn -0.0000 -0.4537 -0.8911
vn 0.0001 -0.8056 -0.5924
vn 0.0001 -0.9497 -0.3132
vn 0.0002 -1.0000 -0.0024
vn 0.0002 -0.9725 0.2331
vn 0.0002 -0.9237 0.3830
vn 0.0002 -0.8076 0.5897
vn 0.0001 -0.5842 0.8116
vn 0.0001 -0.3036 0.9528
vn 0.0001 0.0062 1.0000
vn -0.0000 0.1567 0.9876
vn 0.0371 -0.5804 -0.8135
vn 0.0191 -0.4526 -0.8915
vn 0.0713 -0.8014 -0.5939
vn 0.0987 -0.9439 -0.3152
vn 0.1163 -0.9932 -0.0047
vn 0.1220 -0.9653 0.2307
vn 0.1220 -0.9166 0.3807
vn 0.1163 -0.8008 0.5876
vn 0.0987 -0.5783 0.8098
vn 0.0713 -0.2992 0.9515
vn 0.0371 0.0086 0.9993
vn 0.0191 0.1578 0.9873
vn 0.0744 -0.5736 -0.8158
vn 0.0384 -0.4492 -0.8926
vn 0.1433 -0.7884 -0.5982
vn 0.1983 -0.9261 -0.3211
vn 0.2337 -0.9722 -0.0116
vn 0.2452 -0.9434 0.2236
vn 0.2452 -0.8946 0.3736
vn 0.2337 -0.7798 0.5808
vn 0.1983 -0.5605 0.8041
vn 0.1433 -0.2862 0.9474
vn 0.0744 0.0154 0.9971
vn 0.0384 0.1613 0.9862
vn 0.1114 -0.5621 -0.8195
vn 0.0575 -0.4433 -0.8945
vn 0.2146 -0.7664 -0.6055
vn 0.2969 -0.8957 -0.3311
vn 0.3499 -0.9365 -0.0232
vn 0.3671 -0.9059 0.2114
vn 0.3671 -0.8571 0.3614
vn 0.3499 -0.7440 0.5693
vn 0.2969 -0.5300 0.7943
vn 0.2146 -0.2642 0.9403
vn 0.1114 0.0270 0.9934
vn 0.0575 0.1672 0.9842
vn 0.1471 -0.5459 -0.8248
vn 0.0759 -0.4349 -0.8973
vn 0.2834 -0.7353 -0.6156
vn 0.3921 -0.8527 -0.3451
vn 0.4622 -0.8859 -0.0397
vn 0.4849 -0.8527 0.1941
vn 0.4849 -0.8040 0.3442
vn 0.4622 -0.6933 0.5529
vn 0.3921 -0.4870 0.7804
vn 0.2834 -0.2330 0.9303
vn 0.1471 0.0432 0.9882
vn 0.0759 0.1755 0.9815
vn 0.1808 -0.5251 -0.8316
vn 0.0933 -0.4242 -0.9007
vn 0.3483 -0.6953 -0.6287
vn 0.4819 -0.7974 -0.3631
vn 0.5680 -0.8207 -0.0609
vn 0.5959 -0.7844 0.1719
vn 0.5959 -0.7357 0.3220
vn 0.5680 -0.6282 0.5317
vn 0.4819 -0.4317 0.7625
vn 0.3483 -0.1930 0.9173
vn 0.1808 0.0640 0.9814
vn 0.0933 0.1862 0.9781
vn 0.2115 -0.5000 -0.8398
vn 0.1092 -0.4113 -0.9049
vn 0.4075 -0.6470 -0.6444
vn 0.5639 -0.7307 -0.3849
vn 0.6648 -0.7420 -0.0865
vn 0.6974 -0.7018 0.1451
vn 0.6974 -0.6531 0.2952
vn 0.6648 -0.5495 0.5062
vn 0.5639 -0.3649 0.7408
vn 0.4075 -0.1447 0.9017
vn 0.2115 0.0891 0.9733
vn 0.1092 0.1992 0.9739
vn 0.2386 -0.4711 -0.8492
vn 0.1232 -0.3964 -0.9098
vn 0.4598 -0.5913 -0.6625
vn 0.6362 -0.6536 -0.4099
vn 0.7500 -0.6512 -0.1161
vn 0.7868 -0.6065 0.1141
vn 0.7868 -0.5578 0.2642
vn 0.7500 -0.4586 0.4767
vn 0.6362 -0.2878 0.7158
vn 0.4598 -0.0890 0.8836
vn 0.2386 0.1180 0.9639
vn 0.1232 0.2141 0.9690
vn 0.2614 -0.4389 -0.8596
vn 0.1350 -0.3798 -0.9152
vn 0.5037 -0.5294 -0.6826
vn 0.6971 -0.5678 -0.4378
vn 0.8217 -0.5501 -0.1489
vn 0.8621 -0.5005 0.0797
vn 0.8621 -0.4517 0.2297
vn 0.8217 -0.3575 0.4438
vn 0.6971 -0.2021 0.6880
vn 0.5037 -0.0270 0.8634
vn 0.2614 0.1502 0.9535
vn 0.1350 0.2307 0.9636
vn 0.2795 -0.4043 -0.8709
vn 0.1443 -0.3619 -0.9210
vn 0.5385 -0.4626 -0.7043
vn 0.7451 -0.4755 -0.4678
vn 0.8783 -0.4412 -0.1843
vn 0.9214 -0.3862 0.0425
vn 0.9214 -0.3375 0.1926
vn 0.8783 -0.2486 0.4084
vn 0.7451 -0.1097 0.6579
vn 0.5385 0.0397 0.8417
vn 0.2795 0.1848 0.9422
vn 0.1443 0.2486 0.9578
vn 0.2924 -0.3681 -0.8826
vn 0.1509 -0.3432 -0.9271
vn 0.5633 -0.3928 -0.7269
vn 0.7794 -0.3788 -0.4991
vn 0.9187 -0.3273 -0.2212
vn 0.9638 -0.2667 0.0037
vn 0.9638 -0.2180 0.1538
vn 0.9187 -0.1347 0.3714
vn 0.7794 -0.0131 0.6264
vn 0.5633 0.1095 0.8190
vn 0.2924 0.2210 0.9304
vn 0.1509 0.2673 0.9517
vn 0.3002 -0.3312 -0.8946
vn 0.1548 -0.3241 -0.9333
vn 0.5780 -0.3217 -0.7499
vn 0.7996 -0.2805 -0.5309
vn 0.9425 -0.2114 -0.2588
vn 0.9888 -0.1451 -0.0358
vn 0.9888 -0.0964 0.1142
vn 0.9425 -0.0188 0.3336
vn 0.7996 0.0852 0.5944
vn 0.5780 0.1805 0.7958
vn 0.3002 0.2579 0.9184
vn 0.1548 0.2863 0.9455
vn 0.3028 -0.2945 -0.9064
vn 0.5829 -0.2510 -0.7728
vn 0.8063 -0.1827 -0.5626
vn 0.9503 -0.0961 -0.2962
vn 0.9969 -0.0242 -0.0751
vn 0.9969 0.0245 0.0749
vn 0.9503 0.0964 0.2961
vn 0.8063 0.1829 0.5625
vn 0.5829 0.2512 0.7727
vn 0.3028 0.2946 0.9064
vn 0.1561 0.3053 0.9394
vn 0.3001 -0.2577 -0.9184
vn 0.1548 -0.2862 -0.9456
vn 0.5780 -0.1802 -0.7959
vn 0.7996 -0.0848 -0.5946
vn 0.9424 0.0193 -0.3338
vn 0.9887 0.0969 -0.1144
vn 0.9887 0.1456 0.0356
vn 0.9424 0.2119 0.2587
vn 0.7996 0.2809 0.5308
vn 0.5780 0.3220 0.7498
vn 0.3001 0.3313 0.8945
vn 0.1548 0.3242 0.9332
vn 0.2924 -0.2208 -0.9305
vn 0.1509 -0.2672 -0.9518
vn 0.5632 -0.1091 -0.8191
vn 0.7792 0.0137 -0.6266
vn 0.9185 0.1354 -0.3716
vn 0.9636 0.2186 -0.1540
vn 0.9636 0.2674 -0.0039
vn 0.9185 0.3279 0.2210
vn 0.7792 0.3794 0.4989
vn 0.5632 0.3932 0.7268
vn 0.2924 0.3683 0.8825
vn 0.1509 0.3433 0.9270
vn 0.2794 -0.1847 -0.9422
vn 0.1442 -0.2485 -0.9578
vn 0.5384 -0.0394 -0.8418
vn 0.7449 0.1101 -0.6580
vn 0.8781 0.2490 -0.4085
vn 0.9212 0.3379 -0.1927
vn 0.9212 0.3867 -0.0427
vn 0.8781 0.4416 0.1841
vn 0.7449 0.4758 0.4676
vn 0.5384 0.4629 0.7042
vn 0.2794 0.4044 0.8708
vn 0.1442 0.3620 0.9210
vn 0.2615 -0.1502 -0.9535
vn 0.1350 -0.2307 -0.9636
vn 0.5038 0.0270 -0.8634
vn 0.6971 0.2021 -0.6879
vn 0.8217 0.3575 -0.4438
vn 0.8621 0.4517 -0.2297
vn 0.8621 0.5005 -0.0797
vn 0.8217 0.5501 0.1489
vn 0.6971 0.5678 0.4378
vn 0.5038 0.5294 0.6826
vn 0.2615 0.4390 0.8596
vn 0.1350 0.3798 0.9152
vn 0.2388 -0.1181 -0.9639
vn 0.1233 -0.2142 -0.9690
vn 0.4600 0.0887 -0.8835
vn 0.6366 0.2874 -0.7157
vn 0.7504 0.4581 -0.4765
vn 0.7872 0.5573 -0.2640
vn 0.7872 0.6060 -0.1139
vn 0.7504 0.6507 0.1162
vn 0.6366 0.6532 0.4100
vn 0.4600 0.5911 0.6626
vn 0.2388 0.4710 0.8492
vn 0.1233 0.3963 0.9098
vn 0.2118 -0.0893 -0.9732
vn 0.1093 -0.1993 -0.9738
vn 0.4081 0.1442 -0.9015
vn 0.5647 0.3642 -0.7406
vn 0.6656 0.5486 -0.5059
vn 0.6983 0.6522 -0.2949
vn 0.6983 0.7010 -0.1448
vn 0.6656 0.7412 0.0868
vn 0.5647 0.7300 0.3851
vn 0.4081 0.6466 0.6445
vn 0.2118 0.4998 0.8399
vn 0.1093 0.4112 0.9050
vn 0.1812 -0.0643 -0.9813
vn 0.0935 -0.1864 -0.9780
vn 0.3491 0.1924 -0.9171
vn 0.4831 0.4309 -0.7622
vn 0.5694 0.6272 -0.5314
vn 0.5974 0.7346 -0.3216
vn 0.5974 0.7834 -0.1716
vn 0.5694 0.8197 0.0613
vn 0.4831 0.7966 0.3634
vn 0.3491 0.6947 0.6289
vn 0.1812 0.5248 0.8317
vn 0.0935 0.4241 0.9008
vn 0.1477 -0.0435 -0.9881
vn 0.0762 -0.1757 -0.9815
vn 0.2845 0.2325 -0.9301
vn 0.3936 0.4862 -0.7802
vn 0.4640 0.6924 -0.5526
vn 0.4868 0.8030 -0.3439
vn 0.4868 0.8518 -0.1938
vn 0.4640 0.8849 0.0400
vn 0.3936 0.8519 0.3454
vn 0.2845 0.7347 0.6158
vn 0.1477 0.5456 0.8249
vn 0.0762 0.4348 0.8973
vn 0.1120 -0.0272 -0.9933
vn 0.0578 -0.1673 -0.9842
vn 0.2157 0.2637 -0.9402
vn 0.2984 0.5294 -0.7941
vn 0.3517 0.7433 -0.5690
vn 0.3690 0.8564 -0.3612
vn 0.3690 0.9051 -0.2112
vn 0.3517 0.9358 0.0235
vn 0.2984 0.8951 0.3313
vn 0.2157 0.7660 0.6056
vn 0.1120 0.5619 0.8196
vn 0.0578 0.4432 0.8946
vn 0.0749 -0.0156 -0.9971
vn 0.0386 -0.1614 -0.9861
vn 0.1443 0.2860 -0.9473
vn 0.1996 0.5601 -0.8040
vn 0.2352 0.7794 -0.5807
vn 0.2468 0.8942 -0.3735
vn 0.2468 0.9430 -0.2235
vn 0.2352 0.9719 0.0117
vn 0.1996 0.9257 0.3212
vn 0.1443 0.7882 0.5983
vn 0.0749 0.5734 0.8158
vn 0.0386 0.4491 0.8927
vn 0.0373 -0.0087 -0.9993
vn 0.0193 -0.1579 -0.9873
vn 0.0719 0.2991 -0.9515
vn 0.0994 0.5782 -0.8098
vn 0.1172 0.8007 -0.5876
vn 0.1229 0.9165 -0.3807
vn 0.1229 0.9652 -0.2307
vn 0.1172 0.9931 0.0047
vn 0.0994 0.9438 0.3153
vn 0.0719 0.8013 0.5940
vn 0.0373 0.5803 0.8135
vn 0.0193 0.4526 0.8915
vn 0.0001 -0.0063 -1.0000
vn -0.0000 -0.1567 -0.9876
vn 0.0001 0.3035 -0.9528
vn 0.0002 0.5842 -0.8116
vn 0.0002 0.8076 -0.5897
vn 0.0002 0.9237 -0.3830
vn 0.0002 0.9725 -0.2331
vn 0.0002 1.0000 0.0024
vn 0.0002 0.9497 0.3132
vn 0.0001 0.8056 0.5924
vn 0.0001 0.5827 0.8127
vn -0.0000 0.4537 0.8911
vn 0.0330 0.0031 -0.9994
vn 0.0691 -0.0021 -0.9976
vn 0.0344 -0.1604 -0.9865
vn 0.0165 -0.1575 -0.9874
vn 0.0622 0.3094 -0.9489
vn 0.1300 0.2991 -0.9453
vn 0.0854 0.5855 -0.8061
vn 0.1783 0.5711 -0.8013
vn 0.1002 0.8047 -0.5851
vn 0.2093 0.7876 -0.5795
vn 0.1050 0.9186 -0.3809
vn 0.2193 0.9007 -0.3750
vn 0.1050 0.9671 -0.2318
vn 0.2193 0.9491 -0.2260
vn 0.1002 0.9950 0.0004
vn 0.2093 0.9778 0.0059
vn 0.0854 0.9475 0.3080
vn 0.1783 0.9330 0.3126
vn 0.0622 0.8081 0.5858
vn 0.1300 0.7976 0.5890
vn 0.0330 0.5900 0.8067
vn 0.0691 0.5847 0.8083
vn 0.0165 0.4530 0.8914
vn 0.0344 0.4501 0.8923
vn 0.1077 -0.0124 -0.9941
vn 0.0535 -0.1658 -0.9847
vn 0.2026 0.2791 -0.9386
vn 0.2778 0.5434 -0.7922
vn 0.3260 0.7551 -0.5688
vn 0.3416 0.8665 -0.3640
vn 0.3416 0.9149 -0.2149
vn 0.3260 0.9452 0.0164
vn 0.2778 0.9053 0.3215
vn 0.2026 0.7775 0.5953
vn 0.1077 0.5743 0.8116
vn 0.0535 0.4447 0.8941
vn 0.1475 -0.0289 -0.9886
vn 0.0732 -0.1741 -0.9820
vn 0.2773 0.2477 -0.9283
vn 0.3801 0.5002 -0.7780
vn 0.4461 0.7043 -0.5523
vn 0.4674 0.8133 -0.3467
vn 0.4674 0.8617 -0.1976
vn 0.4461 0.8944 0.0328
vn 0.3801 0.8620 0.3354
vn 0.2773 0.7460 0.6054
vn 0.1475 0.5577 0.8168
vn 0.0732 0.4363 0.8968
vn 0.1865 -0.0519 -0.9811
vn 0.0924 -0.1857 -0.9783
vn 0.3503 0.2042 -0.9141
vn 0.4801 0.4405 -0.7586
vn 0.5634 0.6342 -0.5295
vn 0.5903 0.7398 -0.3228
vn 0.5903 0.7883 -0.1737
vn 0.5634 0.8243 0.0556
vn 0.4801 0.8023 0.3547
vn 0.3503 0.7025 0.6195
vn 0.1865 0.5347 0.8242
vn 0.0924 0.4248 0.9006
vn 0.2222 -0.0810 -0.9716
vn 0.1101 -0.2001 -0.9736
vn 0.4174 0.1496 -0.8963
vn 0.5721 0.3656 -0.7342
vn 0.6714 0.5462 -0.5009
vn 0.7034 0.6477 -0.2929
vn 0.7034 0.6961 -0.1438
vn 0.6714 0.7363 0.0842
vn 0.5721 0.7273 0.3791
vn 0.4174 0.6479 0.6372
vn 0.2222 0.5056 0.8337
vn 0.1101 0.4104 0.9053
vn 0.2529 -0.1148 -0.9607
vn 0.1253 -0.2168 -0.9681
vn 0.4750 0.0862 -0.8758
vn 0.6510 0.2787 -0.7060
vn 0.7640 0.4443 -0.4678
vn 0.8005 0.5409 -0.2582
vn 0.8005 0.5893 -0.1091
vn 0.7640 0.6344 0.1173
vn 0.6510 0.6405 0.4073
vn 0.4750 0.5845 0.6578
vn 0.2529 0.4718 0.8447
vn 0.1253 0.3937 0.9107
vn 0.2771 -0.1514 -0.9488
vn 0.1374 -0.2349 -0.9623
vn 0.5207 0.0175 -0.8535
vn 0.7138 0.1847 -0.6755
vn 0.8377 0.3340 -0.4320
vn 0.8777 0.4254 -0.2206
vn 0.8777 0.4738 -0.0715
vn 0.8377 0.5242 0.1532
vn 0.7138 0.5465 0.4379
vn 0.5207 0.5159 0.6802
vn 0.2771 0.4352 0.8566
vn 0.1374 0.3756 0.9165
vn 0.2946 -0.1889 -0.9368
vn 0.1463 -0.2534 -0.9563
vn 0.5540 -0.0527 -0.8308
vn 0.7596 0.0885 -0.6443
vn 0.8915 0.2211 -0.3953
vn 0.9341 0.3071 -0.1822
vn 0.9341 0.3555 -0.0331
vn 0.8915 0.4113 0.1899
vn 0.7596 0.4503 0.4693
vn 0.5540 0.4457 0.7032
vn 0.2946 0.3978 0.8689
vn 0.1463 0.3571 0.9225
vn 0.3058 -0.2256 -0.9250
vn 0.1521 -0.2715 -0.9503
vn 0.5757 -0.1217 -0.8086
vn 0.7895 -0.0060 -0.6138
vn 0.9267 0.1103 -0.3594
vn 0.9709 0.1909 -0.1444
vn 0.9709 0.2394 0.0046
vn 0.9267 0.3004 0.2259
vn 0.7895 0.3559 0.5001
vn 0.5757 0.3768 0.7257
vn 0.3058 0.3612 0.8809
vn 0.1521 0.3389 0.9284
vn 0.3118 -0.2605 -0.9137
vn 0.1552 -0.2888 -0.9447
vn 0.5873 -0.1874 -0.7874
vn 0.8056 -0.0960 -0.5846
vn 0.9457 0.0046 -0.3251
vn 0.9908 0.0803 -0.1085
vn 0.9908 0.1287 0.0406
vn 0.9457 0.1949 0.2603
vn 0.8056 0.2660 0.5294
vn 0.5873 0.3113 0.7472
vn 0.3118 0.3263 0.8924
vn 0.1552 0.3216 0.9341
vn 0.3136 -0.2940 -0.9029
vn 0.1562 -0.3055 -0.9393
vn 0.5908 -0.2504 -0.7670
vn 0.8105 -0.1825 -0.5566
vn 0.9514 -0.0968 -0.2922
vn 0.9969 -0.0260 -0.0739
vn 0.9969 0.0224 0.0751
vn 0.9514 0.0934 0.2933
vn 0.8105 0.1795 0.5575
vn 0.5908 0.2482 0.7677
vn 0.3136 0.2929 0.9033
vn 0.1562 0.3049 0.9395
vn 0.3118 -0.3287 -0.8915
vn 0.1551 -0.3228 -0.9337
vn 0.5869 -0.3158 -0.7455
vn 0.8049 -0.2722 -0.5273
vn 0.9448 -0.2022 -0.2579
vn 0.9899 -0.1364 -0.0381
vn 0.9899 -0.0880 0.1110
vn 0.9448 -0.0120 0.3275
vn 0.8049 0.0897 0.5866
vn 0.5869 0.1827 0.7888
vn 0.3118 0.2580 0.9144
vn 0.1551 0.2877 0.9451
vn 0.3049 -0.3662 -0.8792
vn 0.1514 -0.3414 -0.9276
vn 0.5734 -0.3863 -0.7225
vn 0.7862 -0.3688 -0.4958
vn 0.9228 -0.3156 -0.2210
vn 0.9669 -0.2553 0.0005
vn 0.9669 -0.2069 0.1496
vn 0.9228 -0.1255 0.3643
vn 0.7862 -0.0070 0.6179
vn 0.5734 0.1122 0.8115
vn 0.3049 0.2205 0.9265
vn 0.1514 0.2690 0.9512
vn 0.2918 -0.4053 -0.8663
vn 0.1447 -0.3608 -0.9214
vn 0.5485 -0.4597 -0.6985
vn 0.7518 -0.4695 -0.4629
vn 0.8823 -0.4338 -0.1825
vn 0.9244 -0.3791 0.0408
vn 0.9244 -0.3307 0.1899
vn 0.8823 -0.2437 0.4026
vn 0.7518 -0.1077 0.6505
vn 0.5485 0.0386 0.8353
vn 0.2918 0.1813 0.9391
vn 0.1447 0.2497 0.9575
vn 0.2718 -0.4445 -0.8535
vn 0.1347 -0.3802 -0.9151
vn 0.5106 -0.5332 -0.6745
vn 0.6999 -0.5703 -0.4301
vn 0.8213 -0.5520 -0.1441
vn 0.8605 -0.5030 0.0810
vn 0.8605 -0.4545 0.2301
vn 0.8213 -0.3619 0.4410
vn 0.6999 -0.2085 0.6832
vn 0.5106 -0.0350 0.8591
vn 0.2718 0.1420 0.9518
vn 0.1347 0.2303 0.9638
vn 0.2450 -0.4817 -0.8414
vn 0.1213 -0.3985 -0.9091
vn 0.4600 -0.6030 -0.6518
vn 0.6304 -0.6659 -0.3990
vn 0.7398 -0.6642 -0.1076
vn 0.7751 -0.6205 0.1192
vn 0.7751 -0.5721 0.2683
vn 0.7398 -0.4741 0.4774
vn 0.6304 -0.3041 0.7142
vn 0.4600 -0.1048 0.8817
vn 0.2450 0.1048 0.9639
vn 0.1213 0.2119 0.9697
vn 0.2121 -0.5148 -0.8307
vn 0.1050 -0.4149 -0.9038
vn 0.3984 -0.6651 -0.6316
vn 0.5460 -0.7510 -0.3714
vn 0.6407 -0.7641 -0.0752
vn 0.6713 -0.7252 0.1532
vn 0.6713 -0.6767 0.3023
vn 0.6407 -0.5740 0.5099
vn 0.5460 -0.3892 0.7419
vn 0.3984 -0.1668 0.9019
vn 0.2121 0.0718 0.9746
vn 0.1050 0.1956 0.9751
vn 0.1753 -0.5420 -0.8219
vn 0.0869 -0.4285 -0.8994
vn 0.3293 -0.7165 -0.6150
vn 0.4514 -0.8214 -0.3486
vn 0.5298 -0.8468 -0.0483
vn 0.5551 -0.8118 0.1814
vn 0.5551 -0.7634 0.3304
vn 0.5298 -0.6567 0.5368
vn 0.4514 -0.4597 0.7648
vn 0.3293 -0.2181 0.9187
vn 0.1753 0.0446 0.9835
vn 0.0869 0.1820 0.9795
vn 0.1367 -0.5627 -0.8153
vn 0.0679 -0.4389 -0.8960
vn 0.2571 -0.7557 -0.6024
vn 0.3525 -0.8753 -0.3312
vn 0.4137 -0.9100 -0.0278
vn 0.4334 -0.8780 0.2029
vn 0.4334 -0.8296 0.3520
vn 0.4137 -0.7199 0.5574
vn 0.3525 -0.5134 0.7824
vn 0.2571 -0.2573 0.9315
vn 0.1367 0.0240 0.9903
vn 0.0679 0.1716 0.9828
vn 0.0987 -0.5770 -0.8108
vn 0.0491 -0.4462 -0.8936
vn 0.1857 -0.7830 -0.5937
vn 0.2547 -0.9129 -0.3191
vn 0.2989 -0.9542 -0.0135
vn 0.3132 -0.9243 0.2179
vn 0.3132 -0.8759 0.3670
vn 0.2989 -0.7640 0.5718
vn 0.2547 -0.5510 0.7947
vn 0.1857 -0.2845 0.9405
vn 0.0987 0.0098 0.9951
vn 0.0491 0.1642 0.9852
vn 0.0627 -0.5857 -0.8081
vn 0.0312 -0.4508 -0.8921
vn 0.1182 -0.7999 -0.5884
vn 0.1621 -0.9363 -0.3117
vn 0.1903 -0.9817 -0.0047
vn 0.1994 -0.9532 0.2273
vn 0.1994 -0.9048 0.3764
vn 0.1903 -0.7915 0.5808
vn 0.1621 -0.5743 0.8025
vn 0.1182 -0.3013 0.9462
vn 0.0627 0.0012 0.9980
vn 0.0312 0.1597 0.9867
vn 0.0298 -0.5900 -0.8069
vn 0.0149 -0.4531 -0.8913
vn 0.0562 -0.8085 -0.5858
vn 0.0772 -0.9483 -0.3079
vn 0.0906 -0.9959 -0.0002
vn 0.0949 -0.9680 0.2321
vn 0.0949 -0.9196 0.3812
vn 0.0906 -0.8056 0.5855
vn 0.0772 -0.5862 0.8065
vn 0.0562 -0.3097 0.9492
vn 0.0298 -0.0030 0.9996
vn 0.0149 0.1573 0.9874
vn 0.0071 -0.5894 -0.8078
vn 0.0036 -0.4539 -0.8910
vn 0.0134 -0.8099 -0.5865
vn 0.0184 -0.9512 -0.3079
vn 0.0216 -0.9998 0.0005
vn 0.0226 -0.9721 0.2334
vn 0.0226 -0.9237 0.3825
vn 0.0216 -0.8092 0.5872
vn 0.0184 -0.5886 0.8082
vn 0.0134 -0.3105 0.9505
vn 0.0071 -0.0020 1.0000
vn 0.0036 0.1565 0.9877
vn 0.7024 -0.7038 0.1069
vn 0.7024 -0.6322 0.3272
vn 0.6319 -0.4624 0.6220
vn -0.5226 -0.2889 0.8022
vn -0.5226 0.2889 -0.8022
vn 0.0078 0.0022 -1.0000
vn 0.0039 -0.1565 -0.9877
vn 0.0148 0.3106 -0.9504
vn 0.0204 0.5886 -0.8082
vn 0.0240 0.8091 -0.5871
vn 0.0251 0.9236 -0.3825
vn 0.0251 0.9721 -0.2334
vn 0.0240 0.9997 -0.0006
vn 0.0204 0.9512 0.3078
vn 0.0148 0.8099 0.5863
vn 0.0078 0.5895 0.8077
vn 0.0039 0.4539 0.8910
vn -0.0070 -0.0023 -1.0000
vn -0.0288 -0.0063 -0.9996
vn -0.0148 -0.1573 -0.9874
vn -0.0036 -0.1565 -0.9877
vn -0.0134 0.3070 -0.9516
vn -0.0553 0.3022 -0.9516
vn -0.0184 0.5864 -0.8098
vn -0.0763 0.5816 -0.8099
vn -0.0217 0.8083 -0.5883
vn -0.0899 0.8039 -0.5880
vn -0.0227 0.9236 -0.3827
vn -0.0943 0.9195 -0.3816
vn -0.0227 0.9721 -0.2333
vn -0.0943 0.9682 -0.2318
vn -0.0217 0.9998 0.0009
vn -0.0899 0.9959 0.0032
vn -0.0184 0.9504 0.3105
vn -0.0763 0.9465 0.3134
vn -0.0134 0.8077 0.5894
vn -0.0553 0.8039 0.5922
vn -0.0070 0.5859 0.8104
vn -0.0288 0.5824 0.8124
vn -0.0036 0.4539 0.8910
vn -0.0148 0.4532 0.8913
vn -0.0598 -0.0112 -0.9981
vn -0.0308 -0.1596 -0.9867
vn -0.1150 0.2933 -0.9491
vn -0.1589 0.5696 -0.8064
vn -0.1872 0.7901 -0.5837
vn -0.1964 0.9052 -0.3770
vn -0.1964 0.9539 -0.2271
vn -0.1872 0.9823 0.0079
vn -0.1589 0.9348 0.3176
vn -0.1150 0.7952 0.5954
vn -0.0598 0.5776 0.8141
vn -0.0308 0.4509 0.8921
vn -0.0932 -0.0201 -0.9954
vn -0.0480 -0.1639 -0.9853
vn -0.1793 0.2768 -0.9441
vn -0.2480 0.5471 -0.7995
vn -0.2922 0.7638 -0.5755
vn -0.3065 0.8778 -0.3681
vn -0.3065 0.9265 -0.2182
vn -0.2922 0.9562 0.0166
vn -0.2480 0.9125 0.3252
vn -0.1793 0.7788 0.6011
vn -0.0932 0.5688 0.8172
vn -0.0480 0.4465 0.8935
vn -0.1283 -0.0340 -0.9912
vn -0.0662 -0.1708 -0.9831
vn -0.2471 0.2507 -0.9360
vn -0.3419 0.5115 -0.7883
vn -0.4030 0.7222 -0.5622
vn -0.4228 0.8342 -0.3540
vn -0.4228 0.8830 -0.2040
vn -0.4030 0.9147 0.0304
vn -0.3419 0.8772 0.3371
vn -0.2471 0.7530 0.6098
vn -0.1283 0.5551 0.8218
vn -0.0662 0.4397 0.8957
vn -0.1640 -0.0534 -0.9850
vn -0.0848 -0.1806 -0.9799
vn -0.3162 0.2137 -0.9243
vn -0.4377 0.4606 -0.7722
vn -0.5160 0.6624 -0.5431
vn -0.5414 0.7717 -0.3337
vn -0.5414 0.8205 -0.1836
vn -0.5160 0.8551 0.0500
vn -0.4377 0.8265 0.3540
vn -0.3162 0.7162 0.6222
vn -0.1640 0.5357 0.8283
vn -0.0848 0.4299 0.8989
vn -0.1987 -0.0789 -0.9769
vn -0.1028 -0.1936 -0.9757
vn -0.3833 0.1650 -0.9087
vn -0.5308 0.3934 -0.7507
vn -0.6259 0.5834 -0.5176
vn -0.6568 0.6889 -0.3069
vn -0.6568 0.7377 -0.1566
vn -0.6259 0.7762 0.0758
vn -0.5308 0.7595 0.3761
vn -0.3833 0.6676 0.6382
vn -0.1987 0.5104 0.8367
vn -0.1028 0.4169 0.9031
vn -0.2304 -0.1099 -0.9669
vn -0.1193 -0.2096 -0.9705
vn -0.4447 0.1053 -0.8895
vn -0.6158 0.3108 -0.7240
vn -0.7263 0.4860 -0.4860
vn -0.7621 0.5868 -0.2737
vn -0.7621 0.6356 -0.1235
vn -0.7263 0.6789 0.1075
vn -0.6158 0.6770 0.4030
vn -0.4447 0.6080 0.6577
vn -0.2304 0.4794 0.8468
vn -0.1193 0.4009 0.9083
vn -0.2573 -0.1454 -0.9553
vn -0.1332 -0.2280 -0.9645
vn -0.4966 0.0368 -0.8672
vn -0.6877 0.2160 -0.6931
vn -0.8110 0.3742 -0.4497
vn -0.8510 0.4694 -0.2356
vn -0.8510 0.5182 -0.0853
vn -0.8110 0.5671 0.1439
vn -0.6877 0.5821 0.4338
vn -0.4966 0.5395 0.6800
vn -0.2573 0.4439 0.8583
vn -0.1332 0.3825 0.9143
vn -0.2781 -0.1834 -0.9429
vn -0.1438 -0.2477 -0.9581
vn -0.5365 -0.0368 -0.8431
vn -0.7427 0.1140 -0.6598
vn -0.8758 0.2539 -0.4105
vn -0.9189 0.3431 -0.1945
vn -0.9189 0.3919 -0.0443
vn -0.8758 0.4467 0.1828
vn -0.7427 0.4801 0.4668
vn -0.5365 0.4658 0.7037
vn -0.2781 0.4058 0.8706
vn -0.1438 0.3628 0.9207
vn -0.2923 -0.2220 -0.9302
vn -0.1510 -0.2677 -0.9516
vn -0.5635 -0.1113 -0.8186
vn -0.7798 0.0106 -0.6259
vn -0.9194 0.1319 -0.3706
vn -0.9646 0.2150 -0.1528
vn -0.9646 0.2638 -0.0027
vn -0.9194 0.3245 0.2223
vn -0.7798 0.3765 0.5001
vn -0.5635 0.3911 0.7277
vn -0.2923 0.3671 0.8830
vn -0.1510 0.3427 0.9272
vn -0.3005 -0.2593 -0.9179
vn -0.1550 -0.2871 -0.9453
vn -0.5785 -0.1833 -0.7948
vn -0.8002 -0.0891 -0.5931
vn -0.9431 0.0142 -0.3321
vn -0.9894 0.0915 -0.1127
vn -0.9894 0.1403 0.0374
vn -0.9431 0.2067 0.2603
vn -0.8002 0.2765 0.5322
vn -0.5785 0.3189 0.7508
vn -0.3005 0.3297 0.8950
vn -0.1550 0.3234 0.9335
vn -0.3039 -0.2926 -0.9067
vn -0.1562 -0.3043 -0.9397
vn -0.5838 -0.2474 -0.7733
vn -0.8068 -0.1778 -0.5634
vn -0.9504 -0.0904 -0.2976
vn -0.9969 -0.0184 -0.0768
vn -0.9969 0.0303 0.0730
vn -0.9504 0.1017 0.2939
vn -0.8068 0.1874 0.5603
vn -0.5838 0.2544 0.7710
vn -0.3039 0.2962 0.9055
vn -0.1562 0.3062 0.9391
vn -0.3028 -0.3220 -0.8970
vn -0.1555 -0.3194 -0.9348
vn -0.5814 -0.3039 -0.7547
vn -0.8033 -0.2559 -0.5378
vn -0.9461 -0.1825 -0.2675
vn -0.9923 -0.1150 -0.0454
vn -0.9923 -0.0663 0.1043
vn -0.9461 0.0096 0.3237
vn -0.8033 0.1091 0.5855
vn -0.5814 0.1977 0.7892
vn -0.3028 0.2667 0.9150
vn -0.1555 0.2910 0.9440
vn -0.2976 -0.3518 -0.8875
vn -0.1531 -0.3347 -0.9298
vn -0.5720 -0.3612 -0.7364
vn -0.7906 -0.3350 -0.5125
vn -0.9315 -0.2756 -0.2375
vn -0.9770 -0.2126 -0.0138
vn -0.9770 -0.1640 0.1361
vn -0.9315 -0.0834 0.3541
vn -0.7906 0.0302 0.6115
vn -0.5720 0.1407 0.8081
vn -0.2976 0.2371 0.9248
vn -0.1531 0.2757 0.9490
vn -0.2880 -0.3840 -0.8773
vn -0.1484 -0.3514 -0.9244
vn -0.5543 -0.4233 -0.7167
vn -0.7665 -0.4209 -0.4850
vn -0.9033 -0.3769 -0.2049
vn -0.9476 -0.3188 0.0207
vn -0.9476 -0.2701 0.1707
vn -0.9033 -0.1845 0.3873
vn -0.7665 -0.0555 0.6398
vn -0.5543 0.0788 0.8286
vn -0.2880 0.2050 0.9354
vn -0.1484 0.2591 0.9544
vn -0.2729 -0.4182 -0.8664
vn -0.1409 -0.3691 -0.9187
vn -0.5259 -0.4894 -0.6956
vn -0.7277 -0.5125 -0.4558
vn -0.8579 -0.4849 -0.1701
vn -0.9000 -0.4321 0.0574
vn -0.9000 -0.3833 0.2075
vn -0.8579 -0.2923 0.4226
vn -0.7277 -0.1468 0.6700
vn -0.5259 0.0129 0.8505
vn -0.2729 0.1709 0.9467
vn -0.1409 0.2414 0.9601
vn -0.2514 -0.4532 -0.8552
vn -0.1300 -0.3873 -0.9128
vn -0.4850 -0.5573 -0.6740
vn -0.6714 -0.6066 -0.4257
vn -0.7917 -0.5959 -0.1343
vn -0.8307 -0.5485 0.0952
vn -0.8307 -0.4997 0.2454
vn -0.7917 -0.4031 0.4590
vn -0.6714 -0.2406 0.7009
vn -0.4849 -0.0547 0.8728
vn -0.2514 0.1360 0.9583
vn -0.1300 0.2232 0.9661
vn -0.2230 -0.4872 -0.8443
vn -0.1155 -0.4049 -0.9070
vn -0.4306 -0.6231 -0.6529
vn -0.5964 -0.6980 -0.3963
vn -0.7035 -0.7037 -0.0995
vn -0.7381 -0.6616 0.1319
vn -0.7381 -0.6128 0.2822
vn -0.7035 -0.5108 0.4942
vn -0.5964 -0.3317 0.7309
vn -0.4306 -0.1204 0.8945
vn -0.2230 0.1021 0.9694
vn -0.1155 0.2055 0.9718
vn -0.1886 -0.5179 -0.8344
vn -0.0977 -0.4209 -0.9019
vn -0.3642 -0.6825 -0.6337
vn -0.5045 -0.7802 -0.3697
vn -0.5951 -0.8008 -0.0681
vn -0.6245 -0.7634 0.1650
vn -0.6245 -0.7146 0.3153
vn -0.5951 -0.6078 0.5257
vn -0.5045 -0.4139 0.7577
vn -0.3642 -0.1796 0.9138
vn -0.1886 0.0715 0.9795
vn -0.0977 0.1896 0.9770
vn -0.1499 -0.5432 -0.8261
vn -0.0776 -0.4339 -0.8976
vn -0.2894 -0.7312 -0.6177
vn -0.4008 -0.8477 -0.3476
vn -0.4727 -0.8802 -0.0422
vn -0.4960 -0.8468 0.1921
vn -0.4960 -0.7980 0.3423
vn -0.4727 -0.6873 0.5515
vn -0.4008 -0.4814 0.7795
vn -0.2894 -0.2285 0.9296
vn -0.1499 0.0461 0.9876
vn -0.0776 0.1766 0.9812
vn -0.1095 -0.5621 -0.8198
vn -0.0566 -0.4435 -0.8945
vn -0.2112 -0.7671 -0.6057
vn -0.2924 -0.8971 -0.3312
vn -0.3448 -0.9384 -0.0230
vn -0.3617 -0.9079 0.2120
vn -0.3617 -0.8591 0.3621
vn -0.3448 -0.7457 0.5702
vn -0.2924 -0.5311 0.7952
vn -0.2112 -0.2646 0.9409
vn -0.1095 0.0271 0.9936
vn -0.0566 0.1669 0.9843
vn -0.0700 -0.5745 -0.8155
vn -0.0361 -0.4497 -0.8925
vn -0.1348 -0.7903 -0.5977
vn -0.1865 -0.9287 -0.3204
vn -0.2199 -0.9755 -0.0106
vn -0.2307 -0.9467 0.2247
vn -0.2307 -0.8980 0.3747
vn -0.2199 -0.7829 0.5819
vn -0.1865 -0.5631 0.8051
vn -0.1348 -0.2880 0.9481
vn -0.0700 0.0146 0.9974
vn -0.0361 0.1608 0.9863
vn -0.0333 -0.5812 -0.8131
vn -0.0171 -0.4529 -0.8914
vn -0.0640 -0.8024 -0.5933
vn -0.0885 -0.9451 -0.3145
vn -0.1043 -0.9945 -0.0040
vn -0.1094 -0.9667 0.2312
vn -0.1094 -0.9180 0.3812
vn -0.1043 -0.8022 0.5878
vn -0.0885 -0.5798 0.8100
vn -0.0640 -0.3005 0.9516
vn -0.0333 0.0077 0.9994
vn -0.0171 0.1576 0.9874
vn -0.0080 -0.5856 -0.8105
vn -0.0041 -0.4539 -0.8910
vn -0.0152 -0.8075 -0.5897
vn -0.0210 -0.9503 -0.3107
vn -0.0247 -0.9997 -0.0010
vn -0.0259 -0.9721 0.2332
vn -0.0259 -0.9235 0.3827
vn -0.0247 -0.8082 0.5884
vn -0.0210 -0.5862 0.8099
vn -0.0152 -0.3067 0.9517
vn -0.0080 0.0027 1.0000
vn -0.0041 0.1565 0.9877
vn 0.6319 -0.7397 -0.2314
vn 0.1203 -0.1901 -0.9744
vn 0.2882 -0.0081 -0.9575
vn 0.4666 0.2116 -0.8588
vn 0.6319 0.4624 -0.6220
vn 0.7024 0.6322 -0.3272
vn 0.7024 0.7038 -0.1069
vn 0.6319 0.7397 0.2315
vn 0.4666 0.6760 0.5704
vn 0.2882 0.5563 0.7794
vn 0.1203 0.4190 0.9000
vn -0.1679 -0.5414 -0.8239
vn -0.1183 -0.4760 -0.8714
vn -0.0715 -0.4118 -0.9085
vn -0.3036 -0.7037 -0.6423
vn -0.2622 -0.6571 -0.7067
vn -0.4237 -0.8175 -0.3902
vn -0.3972 -0.7959 -0.4569
vn -0.5100 -0.8567 -0.0775
vn -0.5013 -0.8567 -0.1213
vn -0.5398 -0.8238 0.1729
vn -0.5395 -0.8252 0.1671
vn -0.5398 -0.7681 0.3444
vn -0.5395 -0.7658 0.3499
vn -0.5100 -0.6475 0.5662
vn -0.5013 -0.6218 0.6017
vn -0.4237 -0.4320 0.7962
vn -0.3972 -0.3754 0.8375
vn -0.3036 -0.1918 0.9333
vn -0.2622 -0.1162 0.9580
vn -0.1679 0.0463 0.9847
vn -0.1183 0.1271 0.9848
vn -0.0715 0.2009 0.9770
vn 0.1190 -0.4732 -0.8729
vn 0.0722 -0.4104 -0.9090
vn 0.2647 -0.6525 -0.7101
vn 0.4020 -0.7907 -0.4617
vn 0.5088 -0.8517 -0.1257
vn 0.5482 -0.8200 0.1646
vn 0.5482 -0.7602 0.3488
vn 0.5088 -0.6151 0.6023
vn 0.4020 -0.3683 0.8383
vn 0.2647 -0.1105 0.9580
vn 0.1190 0.1302 0.9843
vn 0.0722 0.2023 0.9767
vn 0.1700 -0.5390 -0.8250
vn 0.3075 -0.6996 -0.6450
vn 0.4296 -0.8126 -0.3938
vn 0.5179 -0.8516 -0.0808
vn 0.5485 -0.8186 0.1706
vn 0.5485 -0.7625 0.3431
vn 0.5179 -0.6415 0.5659
vn 0.4296 -0.4260 0.7962
vn 0.3075 -0.1869 0.9330
vn 0.1700 0.0489 0.9842
vn -0.1953 -0.4231 -0.8848
vn -0.0726 -0.3534 -0.9327
vn -0.3630 -0.5062 -0.7823
vn -0.5568 -0.5798 -0.5948
vn -0.7478 -0.6068 -0.2696
vn -0.8274 -0.5598 0.0450
vn -0.8274 -0.4793 0.2927
vn -0.7478 -0.3324 0.5748
vn -0.5568 -0.1195 0.8220
vn -0.3630 0.0503 0.9304
vn -0.1953 0.1778 0.9645
vn -0.0726 0.2623 0.9623
vn -0.1701 -0.0490 -0.9842
vn -0.0722 -0.2024 -0.9766
vn -0.3076 0.1867 -0.9330
vn -0.4298 0.4258 -0.7962
vn -0.5182 0.6413 -0.5659
vn -0.5487 0.7624 -0.3431
vn -0.5487 0.8184 -0.1705
vn -0.5182 0.8514 0.0809
vn -0.4298 0.8125 0.3939
vn -0.3076 0.6995 0.6451
vn -0.1701 0.5389 0.8250
vn -0.0722 0.4103 0.9091
vn 0.1686 -0.0471 -0.9846
vn 0.0717 -0.2013 -0.9769
vn 0.3049 0.1902 -0.9332
vn 0.4256 0.4300 -0.7962
vn 0.5126 0.6456 -0.5661
vn 0.5426 0.7663 -0.3440
vn 0.5426 0.8221 -0.1721
vn 0.5126 0.8550 0.0786
vn 0.4256 0.8159 0.3913
vn 0.3049 0.7024 0.6432
vn 0.1686 0.5406 0.8242
vn 0.0717 0.4113 0.9087
vn 0.1945 -0.4208 -0.8860
vn 0.0721 -0.3524 -0.9331
vn 0.3619 -0.5024 -0.7853
vn 0.5566 -0.5751 -0.5996
vn 0.7501 -0.6017 -0.2745
vn 0.8312 -0.5543 0.0419
vn 0.8312 -0.4731 0.2920
vn 0.7501 -0.3254 0.5757
vn 0.5566 -0.1128 0.8231
vn 0.3619 0.0551 0.9306
vn 0.1945 0.1804 0.9642
vn 0.0721 0.2633 0.9620
vn -0.1007 -0.2446 -0.9644
vn 0.0011 -0.3842 -0.9233
vn 0.0009 -0.3677 -0.9299
vn -0.0721 -0.2634 -0.9620
vn -0.2616 -0.1321 -0.9561
vn 0.0030 -0.5124 -0.8587
vn -0.4580 0.0240 -0.8886
vn 0.0057 -0.6746 -0.7382
vn -0.6951 0.2564 -0.6716
vn 0.0098 -0.8978 -0.4403
vn -0.8288 0.4646 -0.3117
vn 0.0134 -0.9951 0.0977
vn -0.8288 0.5591 -0.0209
vn 0.0134 -0.8625 0.5059
vn -0.6951 0.6022 0.3926
vn 0.0098 -0.4676 0.8839
vn -0.4580 0.5417 0.7048
vn 0.0057 -0.1119 0.9937
vn -0.2616 0.4551 0.8511
vn 0.0030 0.0902 0.9959
vn -0.1007 0.3690 0.9240
vn 0.0011 0.2319 0.9727
vn -0.0721 0.3524 0.9331
vn 0.0009 0.2491 0.9685
vn 0.1026 -0.2414 -0.9650
vn 0.0729 -0.2614 -0.9625
vn 0.2649 -0.1244 -0.9562
vn 0.4614 0.0365 -0.8865
vn 0.6939 0.2713 -0.6670
vn 0.8218 0.4766 -0.3121
vn 0.8218 0.5691 -0.0277
vn 0.6939 0.6116 0.3801
vn 0.4614 0.5506 0.6957
vn 0.2649 0.4614 0.8467
vn 0.1026 0.3719 0.9226
vn 0.0729 0.3542 0.9323
vn 0.1783 -0.2166 -0.9598
vn 0.0638 -0.2774 -0.9586
vn 0.3362 -0.1238 -0.9336
vn 0.5392 0.0143 -0.8420
vn 0.7734 0.2198 -0.5946
vn 0.8810 0.3781 -0.2843
vn 0.8810 0.4730 0.0078
vn 0.7734 0.5273 0.3519
vn 0.5392 0.5065 0.6728
vn 0.3362 0.4486 0.8281
vn 0.1783 0.3889 0.9039
vn 0.0638 0.3390 0.9386
vn 0.0847 -0.2667 -0.9600
vn 0.2291 -0.1880 -0.9551
vn 0.4174 -0.0715 -0.9059
vn 0.6859 0.1338 -0.7153
vn 0.8761 0.3658 -0.3141
vn 0.8761 0.4805 0.0391
vn 0.6859 0.5287 0.5000
vn 0.4174 0.4747 0.7749
vn 0.2291 0.4093 0.8832
vn 0.0847 0.3485 0.9335
vn -0.1783 -0.3889 -0.9039
vn -0.0638 -0.3390 -0.9386
vn -0.3362 -0.4486 -0.8281
vn -0.5392 -0.5065 -0.6728
vn -0.7734 -0.5273 -0.3519
vn -0.8810 -0.4730 -0.0078
vn -0.8810 -0.3781 0.2843
vn -0.7734 -0.2198 0.5946
vn -0.5392 -0.0143 0.8420
vn -0.3362 0.1238 0.9336
vn -0.1783 0.2166 0.9598
vn -0.0638 0.2774 0.9586
vn -0.0847 -0.3485 -0.9335
vn -0.2291 -0.4093 -0.8832
vn -0.4174 -0.4747 -0.7749
vn -0.6859 -0.5287 -0.5000
vn -0.8761 -0.4805 -0.0391
vn -0.8761 -0.3658 0.3141
vn -0.6859 -0.1338 0.7153
vn -0.4174 0.0715 0.9059
vn -0.2291 0.1880 0.9551
vn -0.0847 0.2667 0.9600
vt 0.285714 0.000000
vt 0.714286 0.000000
vt 0.571429 0.000000
vt 0.428571 0.000000
vt 0.000000 0.000000
vt 1.000000 0.000000
vt 0.857143 0.000000
vt 0.142857 0.000000
vt 0.400000 0.000000
vt 0.300000 0.000000
vt 0.200000 0.000000
vt 0.500000 0.000000
vt 0.600000 0.000000
vt 0.900000 0.000000
vt 0.800000 0.000000
vt 0.100000 0.000000
vt 0.700000 0.000000
vt 0.436364 0.000000
vt 0.418182 0.000000
vt 0.472727 0.000000
vt 0.454545 0.000000
vt 0.490909 0.000000
vt 0.981818 0.000000
vt 0.563636 0.000000
vt 0.545455 0.000000
vt 0.527273 0.000000
vt 0.509091 0.000000
vt 0.963636 0.000000
vt 0.945455 0.000000
vt 0.909091 0.000000
vt 0.018182 0.000000
vt 0.927273 0.000000
vt 0.581818 0.000000
vt 0.381818 0.000000
vt 0.363636 0.000000
vt 0.290909 0.000000
vt 0.272727 0.000000
vt 0.672727 0.000000
vt 0.690909 0.000000
vt 0.254545 0.000000
vt 0.709091 0.000000
vt 0.236364 0.000000
vt 0.218182 0.000000
vt 0.727273 0.000000
vt 0.745455 0.000000
vt 0.181818 0.000000
vt 0.763636 0.000000
vt 0.781818 0.000000
vt 0.163636 0.000000
vt 0.145455 0.000000
vt 0.818182 0.000000
vt 0.127273 0.000000
vt 0.109091 0.000000
vt 0.836364 0.000000
vt 0.090909 0.000000
vt 0.345455 0.000000
vt 0.618182 0.000000
vt 0.327273 0.000000
vt 0.636364 0.000000
vt 0.309091 0.000000
vt 0.654545 0.000000
vt 0.854545 0.000000
vt 0.072727 0.000000
vt 0.872727 0.000000
vt 0.054545 0.000000
vt 0.890909 0.000000
vt 0.036364 0.000000
vt 0.326316 0.000000
vt 0.315789 0.000000
vt 0.915789 0.000000
vt 0.905263 0.000000
vt 0.336842 0.000000
vt 0.894737 0.000000
vt 0.347368 0.000000
vt 0.884211 0.000000
vt 0.357895 0.000000
vt 0.873684 0.000000
vt 0.368421 0.000000
vt 0.378947 0.000000
vt 0.863158 0.000000
vt 0.389474 0.000000
vt 0.852632 0.000000
vt 0.842105 0.000000
vt 0.410526 0.000000
vt 0.831579 0.000000
vt 0.421053 0.000000
vt 0.273684 0.000000
vt 0.957895 0.000000
vt 0.284211 0.000000
vt 0.947368 0.000000
vt 0.789474 0.000000
vt 0.452632 0.000000
vt 0.463158 0.000000
vt 0.968421 0.000000
vt 0.263158 0.000000
vt 0.978947 0.000000
vt 0.768421 0.000000
vt 0.473684 0.000000
vt 0.778947 0.000000
vt 0.989474 0.000000
vt 0.242105 0.000000
vt 0.252632 0.000000
vt 0.757895 0.000000
vt 0.484211 0.000000
vt 0.294737 0.000000
vt 0.936842 0.000000
vt 0.305263 0.000000
vt 0.926316 0.000000
vt 0.821053 0.000000
vt 0.431579 0.000000
vt 0.810526 0.000000
vt 0.442105 0.000000
vt 0.494737 0.000000
vt 0.747368 0.000000
vt 0.736842 0.000000
vt 0.221053 0.000000
vt 0.526316 0.000000
vt 0.515789 0.000000
vt 0.010526 0.000000
vt 0.726316 0.000000
vt 0.715789 0.000000
vt 0.231579 0.000000
vt 0.505263 0.000000
vt 0.536842 0.000000
vt 0.210526 0.000000
vt 0.547368 0.000000
vt 0.705263 0.000000
vt 0.694737 0.000000
vt 0.031579 0.000000
vt 0.021053 0.000000
vt 0.168421 0.000000
vt 0.157895 0.000000
vt 0.578947 0.000000
vt 0.589474 0.000000
vt 0.147368 0.000000
vt 0.136842 0.000000
vt 0.610526 0.000000
vt 0.126316 0.000000
vt 0.621053 0.000000
vt 0.115789 0.000000
vt 0.105263 0.000000
vt 0.631579 0.000000
vt 0.094737 0.000000
vt 0.642105 0.000000
vt 0.084211 0.000000
vt 0.652632 0.000000
vt 0.073684 0.000000
vt 0.663158 0.000000
vt 0.063158 0.000000
vt 0.189474 0.000000
vt 0.557895 0.000000
vt 0.178947 0.000000
vt 0.568421 0.000000
vt 0.673684 0.000000
vt 0.052632 0.000000
vt 0.684211 0.000000
vt 0.042105 0.000000
vt 0.000000 0.090909
vt 0.125000 0.090909
vt 0.125000 0.000000
vt 0.000000 0.181818
vt 0.125000 0.181818
vt 0.000000 0.272727
vt 0.125000 0.272727
vt 0.000000 0.363636
vt 0.125000 0.363636
vt 0.000000 0.454545
vt 0.125000 0.454545
vt 0.000000 0.545455
vt 0.125000 0.545455
vt 0.000000 0.636364
vt 0.125000 0.636364
vt 0.000000 0.727273
vt 0.125000 0.727273
vt 0.000000 0.818182
vt 0.125000 0.818182
vt 0.000000 0.909091
vt 0.125000 0.909091
vt 0.000000 1.000000
vt 0.125000 1.000000
vt 0.250000 0.090909
vt 0.250000 0.000000
vt 0.250000 0.181818
vt 0.250000 0.272727
vt 0.250000 0.363636
vt 0.250000 0.454545
vt 0.250000 0.545455
vt 0.250000 0.636364
vt 0.250000 0.727273
vt 0.250000 0.818182
vt 0.250000 0.909091
vt 0.250000 1.000000
vt 0.375000 0.090909
vt 0.375000 0.000000
vt 0.375000 0.181818
vt 0.375000 0.272727
vt 0.375000 0.363636
vt 0.375000 0.454545
vt 0.375000 0.545455
vt 0.375000 0.636364
vt 0.375000 0.727273
vt 0.375000 0.818182
vt 0.375000 0.909091
vt 0.375000 1.000000
vt 0.500000 0.090909
vt 0.500000 0.181818
vt 0.500000 0.272727
vt 0.500000 0.363636
vt 0.500000 0.454545
vt 0.500000 0.545455
vt 0.500000 0.636364
vt 0.500000 0.727273
vt 0.500000 0.818182
vt 0.500000 0.909091
vt 0.500000 1.000000
vt 0.625000 0.090909
vt 0.625000 0.000000
vt 0.625000 0.181818
vt 0.625000 0.272727
vt 0.625000 0.363636
vt 0.625000 0.454545
vt 0.625000 0.545455
vt 0.625000 0.636364
vt 0.625000 0.727273
vt 0.625000 0.818182
vt 0.625000 0.909091
vt 0.625000 1.000000
vt 0.750000 0.090909
vt 0.750000 0.000000
vt 0.750000 0.181818
vt 0.750000 0.272727
vt 0.750000 0.363636
vt 0.750000 0.454545
vt 0.750000 0.545455
vt 0.750000 0.636364
vt 0.750000 0.727273
vt 0.750000 0.818182
vt 0.750000 0.909091
vt 0.750000 1.000000
vt 0.875000 0.090909
vt 0.875000 0.000000
vt 0.875000 0.181818
vt 0.875000 0.272727
vt 0.875000 0.363636
vt 0.875000 0.454545
vt 0.875000 0.545455
vt 0.875000 0.636364
vt 0.875000 0.727273
vt 0.875000 0.818182
vt 0.875000 0.909091
vt 0.875000 1.000000
vt 1.000000 0.090909
vt 1.000000 0.181818
vt 1.000000 0.272727
vt 1.000000 0.363636
vt 1.000000 0.454545
vt 1.000000 0.545455
vt 1.000000 0.636364
vt 1.000000 0.727273
vt 1.000000 0.818182
vt 1.000000 0.909091
vt 1.000000 1.000000
vt 0.020833 0.090909
vt 0.020833 0.000000
vt 0.020833 0.181818
vt 0.020833 0.272727
vt 0.020833 0.363636
vt 0.020833 0.454545
vt 0.020833 0.545455
vt 0.020833 0.636364
vt 0.020833 0.727273
vt 0.020833 0.818182
vt 0.020833 0.909091
vt 0.020833 1.000000
vt 0.041667 0.090909
vt 0.041667 0.000000
vt 0.041667 0.181818
vt 0.041667 0.272727
vt 0.041667 0.363636
vt 0.041667 0.454545
vt 0.041667 0.545455
vt 0.041667 0.636364
vt 0.041667 0.727273
vt 0.041667 0.818182
vt 0.041667 0.909091
vt 0.041667 1.000000
vt 0.062500 0.090909
vt 0.062500 0.000000
vt 0.062500 0.181818
vt 0.062500 0.272727
vt 0.062500 0.363636
vt 0.062500 0.454545
vt 0.062500 0.545455
vt 0.062500 0.636364
vt 0.062500 0.727273
vt 0.062500 0.818182
vt 0.062500 0.909091
vt 0.062500 1.000000
vt 0.083333 0.090909
vt 0.083333 0.000000
vt 0.083333 0.181818
vt 0.083333 0.272727
vt 0.083333 0.363636
vt 0.083333 0.454545
vt 0.083333 0.545455
vt 0.083333 0.636364
vt 0.083333 0.727273
vt 0.083333 0.818182
vt 0.083333 0.909091
vt 0.083333 1.000000
vt 0.104167 0.090909
vt 0.104167 0.000000
vt 0.104167 0.181818
vt 0.104167 0.272727
vt 0.104167 0.363636
vt 0.104167 0.454545
vt 0.104167 0.545455
vt 0.104167 0.636364
vt 0.104167 0.727273
vt 0.104167 0.818182
vt 0.104167 0.909091
vt 0.104167 1.000000
vt 0.145833 0.090909
vt 0.145833 0.000000
vt 0.145833 0.181818
vt 0.145833 0.272727
vt 0.145833 0.363636
vt 0.145833 0.454545
vt 0.145833 0.545455
vt 0.145833 0.636364
vt 0.145833 0.727273
vt 0.145833 0.818182
vt 0.145833 0.909091
vt 0.145833 1.000000
vt 0.166667 0.090909
vt 0.166667 0.000000
vt 0.166667 0.181818
vt 0.166667 0.272727
vt 0.166667 0.363636
vt 0.166667 0.454545
vt 0.166667 0.545455
vt 0.166667 0.636364
vt 0.166667 0.727273
vt 0.166667 0.818182
vt 0.166667 0.909091
vt 0.166667 1.000000
vt 0.187500 0.090909
vt 0.187500 0.000000
vt 0.187500 0.181818
vt 0.187500 0.272727
vt 0.187500 0.363636
vt 0.187500 0.454545
vt 0.187500 0.545455
vt 0.187500 0.636364
vt 0.187500 0.727273
vt 0.187500 0.818182
vt 0.187500 0.909091
vt 0.187500 1.000000
vt 0.208333 0.090909
vt 0.208333 0.000000
vt 0.208333 0.181818
vt 0.208333 0.272727
vt 0.208333 0.363636
vt 0.208333 0.454545
vt 0.208333 0.545455
vt 0.208333 0.636364
vt 0.208333 0.727273
vt 0.208333 0.818182
vt 0.208333 0.909091
vt 0.208333 1.000000
vt 0.229167 0.090909
vt 0.229167 0.000000
vt 0.229167 0.181818
vt 0.229167 0.272727
vt 0.229167 0.363636
vt 0.229167 0.454545
vt 0.229167 0.545455
vt 0.229167 0.636364
vt 0.229167 0.727273
vt 0.229167 0.818182
vt 0.229167 0.909091
vt 0.229167 1.000000
vt 0.270833 0.090909
vt 0.270833 0.000000
vt 0.270833 0.181818
vt 0.270833 0.272727
vt 0.270833 0.363636
vt 0.270833 0.454545
vt 0.270833 0.545455
vt 0.270833 0.636364
vt 0.270833 0.727273
vt 0.270833 0.818182
vt 0.270833 0.909091
vt 0.270833 1.000000
vt 0.291667 0.090909
vt 0.291667 0.000000
vt 0.291667 0.181818
vt 0.291667 0.272727
vt 0.291667 0.363636
vt 0.291667 0.454545
vt 0.291667 0.545455
vt 0.291667 0.636364
vt 0.291667 0.727273
vt 0.291667 0.818182
vt 0.291667 0.909091
vt 0.291667 1.000000
vt 0.312500 0.090909
vt 0.312500 0.000000
vt 0.312500 0.181818
vt 0.312500 0.272727
vt 0.312500 0.363636
vt 0.312500 0.454545
vt 0.312500 0.545455
vt 0.312500 0.636364
vt 0.312500 0.727273
vt 0.312500 0.818182
vt 0.312500 0.909091
vt 0.312500 1.000000
vt 0.333333 0.090909
vt 0.333333 0.000000
vt 0.333333 0.181818
vt 0.333333 0.272727
vt 0.333333 0.363636
vt 0.333333 0.454545
vt 0.333333 0.545455
vt 0.333333 0.636364
vt 0.333333 0.727273
vt 0.333333 0.818182
vt 0.333333 0.909091
vt 0.333333 1.000000
vt 0.354167 0.090909
vt 0.354167 0.000000
vt 0.354167 0.181818
vt 0.354167 0.272727
vt 0.354167 0.363636
vt 0.354167 0.454545
vt 0.354167 0.545455
vt 0.354167 0.636364
vt 0.354167 0.727273
vt 0.354167 0.818182
vt 0.354167 0.909091
vt 0.354167 1.000000
vt 0.395833 0.090909
vt 0.395833 0.000000
vt 0.395833 0.181818
vt 0.395833 0.272727
vt 0.395833 0.363636
vt 0.395833 0.454545
vt 0.395833 0.545455
vt 0.395833 0.636364
vt 0.395833 0.727273
vt 0.395833 0.818182
vt 0.395833 0.909091
vt 0.395833 1.000000
vt 0.416667 0.090909
vt 0.416667 0.000000
vt 0.416667 0.181818
vt 0.416667 0.272727
vt 0.416667 0.363636
vt 0.416667 0.454545
vt 0.416667 0.545455
vt 0.416667 0.636364
vt 0.416667 0.727273
vt 0.416667 0.818182
vt 0.416667 0.909091
vt 0.416667 1.000000
vt 0.437500 0.090909
vt 0.437500 0.000000
vt 0.437500 0.181818
vt 0.437500 0.272727
vt 0.437500 0.363636
vt 0.437500 0.454545
vt 0.437500 0.545455
vt 0.437500 0.636364
vt 0.437500 0.727273
vt 0.437500 0.818182
vt 0.437500 0.909091
vt 0.437500 1.000000
vt 0.458333 0.090909
vt 0.458333 0.000000
vt 0.458333 0.181818
vt 0.458333 0.272727
vt 0.458333 0.363636
vt 0.458333 0.454545
vt 0.458333 0.545455
vt 0.458333 0.636364
vt 0.458333 0.727273
vt 0.458333 0.818182
vt 0.458333 0.909091
vt 0.458333 1.000000
vt 0.479167 0.090909
vt 0.479167 0.000000
vt 0.479167 0.181818
vt 0.479167 0.272727
vt 0.479167 0.363636
vt 0.479167 0.454545
vt 0.479167 0.545455
vt 0.479167 0.636364
vt 0.479167 0.727273
vt 0.479167 0.818182
vt 0.479167 0.909091
vt 0.479167 1.000000
vt 0.520833 0.090909
vt 0.520833 0.000000
vt 0.520833 0.181818
vt 0.520833 0.272727
vt 0.520833 0.363636
vt 0.520833 0.454545
vt 0.520833 0.545455
vt 0.520833 0.636364
vt 0.520833 0.727273
vt 0.520833 0.818182
vt 0.520833 0.909091
vt 0.520833 1.000000
vt 0.541667 0.090909
vt 0.541667 0.000000
vt 0.541667 0.181818
vt 0.541667 0.272727
vt 0.541667 0.363636
vt 0.541667 0.454545
vt 0.541667 0.545455
vt 0.541667 0.636364
vt 0.541667 0.727273
vt 0.541667 0.818182
vt 0.541667 0.909091
vt 0.541667 1.000000
vt 0.562500 0.090909
vt 0.562500 0.000000
vt 0.562500 0.181818
vt 0.562500 0.272727
vt 0.562500 0.363636
vt 0.562500 0.454545
vt 0.562500 0.545455
vt 0.562500 0.636364
vt 0.562500 0.727273
vt 0.562500 0.818182
vt 0.562500 0.909091
vt 0.562500 1.000000
vt 0.583333 0.090909
vt 0.583333 0.000000
vt 0.583333 0.181818
vt 0.583333 0.272727
vt 0.583333 0.363636
vt 0.583333 0.454545
vt 0.583333 0.545455
vt 0.583333 0.636364
vt 0.583333 0.727273
vt 0.583333 0.818182
vt 0.583333 0.909091
vt 0.583333 1.000000
vt 0.604167 0.090909
vt 0.604167 0.000000
vt 0.604167 0.181818
vt 0.604167 0.272727
vt 0.604167 0.363636
vt 0.604167 0.454545
vt 0.604167 0.545455
vt 0.604167 0.636364
vt 0.604167 0.727273
vt 0.604167 0.818182
vt 0.604167 0.909091
vt 0.604167 1.000000
vt 0.645833 0.090909
vt 0.645833 0.000000
vt 0.645833 0.181818
vt 0.645833 0.272727
vt 0.645833 0.363636
vt 0.645833 0.454545
vt 0.645833 0.545455
vt 0.645833 0.636364
vt 0.645833 0.727273
vt 0.645833 0.818182
vt 0.645833 0.909091
vt 0.645833 1.000000
vt 0.666667 0.090909
vt 0.666667 0.000000
vt 0.666667 0.181818
vt 0.666667 0.272727
vt 0.666667 0.363636
vt 0.666667 0.454545
vt 0.666667 0.545455
vt 0.666667 0.636364
vt 0.666667 0.727273
vt 0.666667 0.818182
vt 0.666667 0.909091
vt 0.666667 1.000000
vt 0.687500 0.090909
vt 0.687500 0.000000
vt 0.687500 0.181818
vt 0.687500 0.272727
vt 0.687500 0.363636
vt 0.687500 0.454545
vt 0.687500 0.545455
vt 0.687500 0.636364
vt 0.687500 0.727273
vt 0.687500 0.818182
vt 0.687500 0.909091
vt 0.687500 1.000000
vt 0.708333 0.090909
vt 0.708333 0.000000
vt 0.708333 0.181818
vt 0.708333 0.272727
vt 0.708333 0.363636
vt 0.708333 0.454545
vt 0.708333 0.545455
vt 0.708333 0.636364
vt 0.708333 0.727273
vt 0.708333 0.818182
vt 0.708333 0.909091
vt 0.708333 1.000000
vt 0.729167 0.090909
vt 0.729167 0.000000
vt 0.729167 0.181818
vt 0.729167 0.272727
vt 0.729167 0.363636
vt 0.729167 0.454545
vt 0.729167 0.545455
vt 0.729167 0.636364
vt 0.729167 0.727273
vt 0.729167 0.818182
vt 0.729167 0.909091
vt 0.729167 1.000000
vt 0.770833 0.090909
vt 0.770833 0.000000
vt 0.770833 0.181818
vt 0.770833 0.272727
vt 0.770833 0.363636
vt 0.770833 0.454545
vt 0.770833 0.545455
vt 0.770833 0.636364
vt 0.770833 0.727273
vt 0.770833 0.818182
vt 0.770833 0.909091
vt 0.770833 1.000000
vt 0.791667 0.090909
vt 0.791667 0.000000
vt 0.791667 0.181818
vt 0.791667 0.272727
vt 0.791667 0.363636
vt 0.791667 0.454545
vt 0.791667 0.545455
vt 0.791667 0.636364
vt 0.791667 0.727273
vt 0.791667 0.818182
vt 0.791667 0.909091
vt 0.791667 1.000000
vt 0.812500 0.090909
vt 0.812500 0.000000
vt 0.812500 0.181818
vt 0.812500 0.272727
vt 0.812500 0.363636
vt 0.812500 0.454545
vt 0.812500 0.545455
vt 0.812500 0.636364
vt 0.812500 0.727273
vt 0.812500 0.818182
vt 0.812500 0.909091
vt 0.812500 1.000000
vt 0.833333 0.090909
vt 0.833333 0.000000
vt 0.833333 0.181818
vt 0.833333 0.272727
vt 0.833333 0.363636
vt 0.833333 0.454545
vt 0.833333 0.545455
vt 0.833333 0.636364
vt 0.833333 0.727273
vt 0.833333 0.818182
vt 0.833333 0.909091
vt 0.833333 1.000000
vt 0.854167 0.090909
vt 0.854167 0.000000
vt 0.854167 0.181818
vt 0.854167 0.272727
vt 0.854167 0.363636
vt 0.854167 0.454545
vt 0.854167 0.545455
vt 0.854167 0.636364
vt 0.854167 0.727273
vt 0.854167 0.818182
vt 0.854167 0.909091
vt 0.854167 1.000000
vt 0.895833 0.090909
vt 0.895833 0.000000
vt 0.895833 0.181818
vt 0.895833 0.272727
vt 0.895833 0.363636
vt 0.895833 0.454545
vt 0.895833 0.545455
vt 0.895833 0.636364
vt 0.895833 0.727273
vt 0.895833 0.818182
vt 0.895833 0.909091
vt 0.895833 1.000000
vt 0.916667 0.090909
vt 0.916667 0.000000
vt 0.916667 0.181818
vt 0.916667 0.272727
vt 0.916667 0.363636
vt 0.916667 0.454545
vt 0.916667 0.545455
vt 0.916667 0.636364
vt 0.916667 0.727273
vt 0.916667 0.818182
vt 0.916667 0.909091
vt 0.916667 1.000000
vt 0.937500 0.090909
vt 0.937500 0.000000
vt 0.937500 0.181818
vt 0.937500 0.272727
vt 0.937500 0.363636
vt 0.937500 0.454545
vt 0.937500 0.545455
vt 0.937500 0.636364
vt 0.937500 0.727273
vt 0.937500 0.818182
vt 0.937500 0.909091
vt 0.937500 1.000000
vt 0.958333 0.090909
vt 0.958333 0.000000
vt 0.958333 0.181818
vt 0.958333 0.272727
vt 0.958333 0.363636
vt 0.958333 0.454545
vt 0.958333 0.545455
vt 0.958333 0.636364
vt 0.958333 0.727273
vt 0.958333 0.818182
vt 0.958333 0.909091
vt 0.958333 1.000000
vt 0.979167 0.090909
vt 0.979167 0.000000
vt 0.979167 0.181818
vt 0.979167 0.272727
vt 0.979167 0.363636
vt 0.979167 0.454545
vt 0.979167 0.545455
vt 0.979167 0.636364
vt 0.979167 0.727273
vt 0.979167 0.818182
vt 0.979167 0.909091
vt 0.979167 1.000000
vt 0.034483 0.090909
vt 0.034483 0.000000
vt 0.034483 0.181818
vt 0.034483 0.272727
vt 0.034483 0.363636
vt 0.034483 0.454545
vt 0.034483 0.545455
vt 0.034483 0.636364
vt 0.034483 0.727273
vt 0.034483 0.818182
vt 0.034483 0.909091
vt 0.034483 1.000000
vt 0.068966 0.090909
vt 0.068966 0.000000
vt 0.068966 0.181818
vt 0.068966 0.272727
vt 0.068966 0.363636
vt 0.068966 0.454545
vt 0.068966 0.545455
vt 0.068966 0.636364
vt 0.068966 0.727273
vt 0.068966 0.818182
vt 0.068966 0.909091
vt 0.068966 1.000000
vt 0.103448 0.090909
vt 0.103448 0.000000
vt 0.103448 0.181818
vt 0.103448 0.272727
vt 0.103448 0.363636
vt 0.103448 0.454545
vt 0.103448 0.545455
vt 0.103448 0.636364
vt 0.103448 0.727273
vt 0.103448 0.818182
vt 0.103448 0.909091
vt 0.103448 1.000000
vt 0.137931 0.090909
vt 0.137931 0.000000
vt 0.137931 0.181818
vt 0.137931 0.272727
vt 0.137931 0.363636
vt 0.137931 0.454545
vt 0.137931 0.545455
vt 0.137931 0.636364
vt 0.137931 0.727273
vt 0.137931 0.818182
vt 0.137931 0.909091
vt 0.137931 1.000000
vt 0.172414 0.090909
vt 0.172414 0.000000
vt 0.172414 0.181818
vt 0.172414 0.272727
vt 0.172414 0.363636
vt 0.172414 0.454545
vt 0.172414 0.545455
vt 0.172414 0.636364
vt 0.172414 0.727273
vt 0.172414 0.818182
vt 0.172414 0.909091
vt 0.172414 1.000000
vt 0.206897 0.090909
vt 0.206897 0.000000
vt 0.206897 0.181818
vt 0.206897 0.272727
vt 0.206897 0.363636
vt 0.206897 0.454545
vt 0.206897 0.545455
vt 0.206897 0.636364
vt 0.206897 0.727273
vt 0.206897 0.818182
vt 0.206897 0.909091
vt 0.206897 1.000000
vt 0.241379 0.090909
vt 0.241379 0.000000
vt 0.241379 0.181818
vt 0.241379 0.272727
vt 0.241379 0.363636
vt 0.241379 0.454545
vt 0.241379 0.545455
vt 0.241379 0.636364
vt 0.241379 0.727273
vt 0.241379 0.818182
vt 0.241379 0.909091
vt 0.241379 1.000000
vt 0.275862 0.090909
vt 0.275862 0.000000
vt 0.275862 0.181818
vt 0.275862 0.272727
vt 0.275862 0.363636
vt 0.275862 0.454545
vt 0.275862 0.545455
vt 0.275862 0.636364
vt 0.275862 0.727273
vt 0.275862 0.818182
vt 0.275862 0.909091
vt 0.275862 1.000000
vt 0.310345 0.090909
vt 0.310345 0.000000
vt 0.310345 0.181818
vt 0.310345 0.272727
vt 0.310345 0.363636
vt 0.310345 0.454545
vt 0.310345 0.545455
vt 0.310345 0.636364
vt 0.310345 0.727273
vt 0.310345 0.818182
vt 0.310345 0.909091
vt 0.310345 1.000000
vt 0.344828 0.090909
vt 0.344828 0.000000
vt 0.344828 0.181818
vt 0.344828 0.272727
vt 0.344828 0.363636
vt 0.344828 0.454545
vt 0.344828 0.545455
vt 0.344828 0.636364
vt 0.344828 0.727273
vt 0.344828 0.818182
vt 0.344828 0.909091
vt 0.344828 1.000000
vt 0.379310 0.090909
vt 0.379310 0.000000
vt 0.379310 0.181818
vt 0.379310 0.272727
vt 0.379310 0.363636
vt 0.379310 0.454545
vt 0.379310 0.545455
vt 0.379310 0.636364
vt 0.379310 0.727273
vt 0.379310 0.818182
vt 0.379310 0.909091
vt 0.379310 1.000000
vt 0.413793 0.090909
vt 0.413793 0.000000
vt 0.413793 0.181818
vt 0.413793 0.272727
vt 0.413793 0.363636
vt 0.413793 0.454545
vt 0.413793 0.545455
vt 0.413793 0.636364
vt 0.413793 0.727273
vt 0.413793 0.818182
vt 0.413793 0.909091
vt 0.413793 1.000000
vt 0.448276 0.090909
vt 0.448276 0.000000
vt 0.448276 0.181818
vt 0.448276 0.272727
vt 0.448276 0.363636
vt 0.448276 0.454545
vt 0.448276 0.545455
vt 0.448276 0.636364
vt 0.448276 0.727273
vt 0.448276 0.818182
vt 0.448276 0.909091
vt 0.448276 1.000000
vt 0.482759 0.090909
vt 0.482759 0.000000
vt 0.482759 0.181818
vt 0.482759 0.272727
vt 0.482759 0.363636
vt 0.482759 0.454545
vt 0.482759 0.545455
vt 0.482759 0.636364
vt 0.482759 0.727273
vt 0.482759 0.818182
vt 0.482759 0.909091
vt 0.482759 1.000000
vt 0.517241 0.090909
vt 0.517241 0.000000
vt 0.517241 0.181818
vt 0.517241 0.272727
vt 0.517241 0.363636
vt 0.517241 0.454545
vt 0.517241 0.545455
vt 0.517241 0.636364
vt 0.517241 0.727273
vt 0.517241 0.818182
vt 0.517241 0.909091
vt 0.517241 1.000000
vt 0.551724 0.090909
vt 0.551724 0.000000
vt 0.551724 0.181818
vt 0.551724 0.272727
vt 0.551724 0.363636
vt 0.551724 0.454545
vt 0.551724 0.545455
vt 0.551724 0.636364
vt 0.551724 0.727273
vt 0.551724 0.818182
vt 0.551724 0.909091
vt 0.551724 1.000000
vt 0.586207 0.090909
vt 0.586207 0.000000
vt 0.586207 0.181818
vt 0.586207 0.272727
vt 0.586207 0.363636
vt 0.586207 0.454545
vt 0.586207 0.545455
vt 0.586207 0.636364
vt 0.586207 0.727273
vt 0.586207 0.818182
vt 0.586207 0.909091
vt 0.586207 1.000000
vt 0.620690 0.090909
vt 0.620690 0.000000
vt 0.620690 0.181818
vt 0.620690 0.272727
vt 0.620690 0.363636
vt 0.620690 0.454545
vt 0.620690 0.545455
vt 0.620690 0.636364
vt 0.620690 0.727273
vt 0.620690 0.818182
vt 0.620690 0.909091
vt 0.620690 1.000000
vt 0.655172 0.090909
vt 0.655172 0.000000
vt 0.655172 0.181818
vt 0.655172 0.272727
vt 0.655172 0.363636
vt 0.655172 0.454545
vt 0.655172 0.545455
vt 0.655172 0.636364
vt 0.655172 0.727273
vt 0.655172 0.818182
vt 0.655172 0.909091
vt 0.655172 1.000000
vt 0.689655 0.090909
vt 0.689655 0.000000
vt 0.689655 0.181818
vt 0.689655 0.272727
vt 0.689655 0.363636
vt 0.689655 0.454545
vt 0.689655 0.545455
vt 0.689655 0.636364
vt 0.689655 0.727273
vt 0.689655 0.818182
vt 0.689655 0.909091
vt 0.689655 1.000000
vt 0.724138 0.090909
vt 0.724138 0.000000
vt 0.724138 0.181818
vt 0.724138 0.272727
vt 0.724138 0.363636
vt 0.724138 0.454545
vt 0.724138 0.545455
vt 0.724138 0.636364
vt 0.724138 0.727273
vt 0.724138 0.818182
vt 0.724138 0.909091
vt 0.724138 1.000000
vt 0.758621 0.090909
vt 0.758621 0.000000
vt 0.758621 0.181818
vt 0.758621 0.272727
vt 0.758621 0.363636
vt 0.758621 0.454545
vt 0.758621 0.545455
vt 0.758621 0.636364
vt 0.758621 0.727273
vt 0.758621 0.818182
vt 0.758621 0.909091
vt 0.758621 1.000000
vt 0.793103 0.090909
vt 0.793103 0.000000
vt 0.793103 0.181818
vt 0.793103 0.272727
vt 0.793103 0.363636
vt 0.793103 0.454545
vt 0.793103 0.545455
vt 0.793103 0.636364
vt 0.793103 0.727273
vt 0.793103 0.818182
vt 0.793103 0.909091
vt 0.793103 1.000000
vt 0.827586 0.090909
vt 0.827586 0.000000
vt 0.827586 0.181818
vt 0.827586 0.272727
vt 0.827586 0.363636
vt 0.827586 0.454545
vt 0.827586 0.545455
vt 0.827586 0.636364
vt 0.827586 0.727273
vt 0.827586 0.818182
vt 0.827586 0.909091
vt 0.827586 1.000000
vt 0.862069 0.090909
vt 0.862069 0.000000
vt 0.862069 0.181818
vt 0.862069 0.272727
vt 0.862069 0.363636
vt 0.862069 0.454545
vt 0.862069 0.545455
vt 0.862069 0.636364
vt 0.862069 0.727273
vt 0.862069 0.818182
vt 0.862069 0.909091
vt 0.862069 1.000000
vt 0.896552 0.090909
vt 0.896552 0.000000
vt 0.896552 0.181818
vt 0.896552 0.272727
vt 0.896552 0.363636
vt 0.896552 0.454545
vt 0.896552 0.545455
vt 0.896552 0.636364
vt 0.896552 0.727273
vt 0.896552 0.818182
vt 0.896552 0.909091
vt 0.896552 1.000000
vt 0.931035 0.090909
vt 0.931035 0.000000
vt 0.931035 0.181818
vt 0.931035 0.272727
vt 0.931035 0.363636
vt 0.931035 0.454545
vt 0.931035 0.545455
vt 0.931035 0.636364
vt 0.931035 0.727273
vt 0.931035 0.818182
vt 0.931035 0.909091
vt 0.931035 1.000000
vt 0.965517 0.090909
vt 0.965517 0.000000
vt 0.965517 0.181818
vt 0.965517 0.272727
vt 0.965517 0.363636
vt 0.965517 0.454545
vt 0.965517 0.545455
vt 0.965517 0.636364
vt 0.965517 0.727273
vt 0.965517 0.818182
vt 0.965517 0.909091
vt 0.965517 1.000000
vt 0.037037 0.090909
vt 0.037037 0.000000
vt 0.037037 0.181818
vt 0.037037 0.272727
vt 0.037037 0.363636
vt 0.037037 0.454545
vt 0.037037 0.545455
vt 0.037037 0.636364
vt 0.037037 0.727273
vt 0.037037 0.818182
vt 0.037037 0.909091
vt 0.037037 1.000000
vt 0.074074 0.090909
vt 0.074074 0.000000
vt 0.074074 0.181818
vt 0.074074 0.272727
vt 0.074074 0.363636
vt 0.074074 0.454545
vt 0.074074 0.545455
vt 0.074074 0.636364
vt 0.074074 0.727273
vt 0.074074 0.818182
vt 0.074074 0.909091
vt 0.074074 1.000000
vt 0.111111 0.090909
vt 0.111111 0.000000
vt 0.111111 0.181818
vt 0.111111 0.272727
vt 0.111111 0.363636
vt 0.111111 0.454545
vt 0.111111 0.545455
vt 0.111111 0.636364
vt 0.111111 0.727273
vt 0.111111 0.818182
vt 0.111111 0.909091
vt 0.111111 1.000000
vt 0.148148 0.090909
vt 0.148148 0.000000
vt 0.148148 0.181818
vt 0.148148 0.272727
vt 0.148148 0.363636
vt 0.148148 0.454545
vt 0.148148 0.545455
vt 0.148148 0.636364
vt 0.148148 0.727273
vt 0.148148 0.818182
vt 0.148148 0.909091
vt 0.148148 1.000000
vt 0.185185 0.090909
vt 0.185185 0.000000
vt 0.185185 0.181818
vt 0.185185 0.272727
vt 0.185185 0.363636
vt 0.185185 0.454545
vt 0.185185 0.545455
vt 0.185185 0.636364
vt 0.185185 0.727273
vt 0.185185 0.818182
vt 0.185185 0.909091
vt 0.185185 1.000000
vt 0.222222 0.090909
vt 0.222222 0.000000
vt 0.222222 0.181818
vt 0.222222 0.272727
vt 0.222222 0.363636
vt 0.222222 0.454545
vt 0.222222 0.545455
vt 0.222222 0.636364
vt 0.222222 0.727273
vt 0.222222 0.818182
vt 0.222222 0.909091
vt 0.222222 1.000000
vt 0.259259 0.090909
vt 0.259259 0.000000
vt 0.259259 0.181818
vt 0.259259 0.272727
vt 0.259259 0.363636
vt 0.259259 0.454545
vt 0.259259 0.545455
vt 0.259259 0.636364
vt 0.259259 0.727273
vt 0.259259 0.818182
vt 0.259259 0.909091
vt 0.259259 1.000000
vt 0.296296 0.090909
vt 0.296296 0.000000
vt 0.296296 0.181818
vt 0.296296 0.272727
vt 0.296296 0.363636
vt 0.296296 0.454545
vt 0.296296 0.545455
vt 0.296296 0.636364
vt 0.296296 0.727273
vt 0.296296 0.818182
vt 0.296296 0.909091
vt 0.296296 1.000000
vt 0.370370 0.090909
vt 0.370370 0.000000
vt 0.370370 0.181818
vt 0.370370 0.272727
vt 0.370370 0.363636
vt 0.370370 0.454545
vt 0.370370 0.545455
vt 0.370370 0.636364
vt 0.370370 0.727273
vt 0.370370 0.818182
vt 0.370370 0.909091
vt 0.370370 1.000000
vt 0.407407 0.090909
vt 0.407407 0.000000
vt 0.407407 0.181818
vt 0.407407 0.272727
vt 0.407407 0.363636
vt 0.407407 0.454545
vt 0.407407 0.545455
vt 0.407407 0.636364
vt 0.407407 0.727273
vt 0.407407 0.818182
vt 0.407407 0.909091
vt 0.407407 1.000000
vt 0.444444 0.090909
vt 0.444444 0.000000
vt 0.444444 0.181818
vt 0.444444 0.272727
vt 0.444444 0.363636
vt 0.444444 0.454545
vt 0.444444 0.545455
vt 0.444444 0.636364
vt 0.444444 0.727273
vt 0.444444 0.818182
vt 0.444444 0.909091
vt 0.444444 1.000000
vt 0.481481 0.090909
vt 0.481481 0.000000
vt 0.481481 0.181818
vt 0.481481 0.272727
vt 0.481481 0.363636
vt 0.481481 0.454545
vt 0.481481 0.545455
vt 0.481481 0.636364
vt 0.481481 0.727273
vt 0.481481 0.818182
vt 0.481481 0.909091
vt 0.481481 1.000000
vt 0.518519 0.090909
vt 0.518519 0.000000
vt 0.518519 0.181818
vt 0.518519 0.272727
vt 0.518519 0.363636
vt 0.518519 0.454545
vt 0.518519 0.545455
vt 0.518519 0.636364
vt 0.518519 0.727273
vt 0.518519 0.818182
vt 0.518519 0.909091
vt 0.518519 1.000000
vt 0.555556 0.090909
vt 0.555556 0.000000
vt 0.555556 0.181818
vt 0.555556 0.272727
vt 0.555556 0.363636
vt 0.555556 0.454545
vt 0.555556 0.545455
vt 0.555556 0.636364
vt 0.555556 0.727273
vt 0.555556 0.818182
vt 0.555556 0.909091
vt 0.555556 1.000000
vt 0.592593 0.090909
vt 0.592593 0.000000
vt 0.592593 0.181818
vt 0.592593 0.272727
vt 0.592593 0.363636
vt 0.592593 0.454545
vt 0.592593 0.545455
vt 0.592593 0.636364
vt 0.592593 0.727273
vt 0.592593 0.818182
vt 0.592593 0.909091
vt 0.592593 1.000000
vt 0.629630 0.090909
vt 0.629630 0.000000
vt 0.629630 0.181818
vt 0.629630 0.272727
vt 0.629630 0.363636
vt 0.629630 0.454545
vt 0.629630 0.545455
vt 0.629630 0.636364
vt 0.629630 0.727273
vt 0.629630 0.818182
vt 0.629630 0.909091
vt 0.629630 1.000000
vt 0.703704 0.090909
vt 0.703704 0.000000
vt 0.703704 0.181818
vt 0.703704 0.272727
vt 0.703704 0.363636
vt 0.703704 0.454545
vt 0.703704 0.545455
vt 0.703704 0.636364
vt 0.703704 0.727273
vt 0.703704 0.818182
vt 0.703704 0.909091
vt 0.703704 1.000000
vt 0.740741 0.090909
vt 0.740741 0.000000
vt 0.740741 0.181818
vt 0.740741 0.272727
vt 0.740741 0.363636
vt 0.740741 0.454545
vt 0.740741 0.545455
vt 0.740741 0.636364
vt 0.740741 0.727273
vt 0.740741 0.818182
vt 0.740741 0.909091
vt 0.740741 1.000000
vt 0.777778 0.090909
vt 0.777778 0.000000
vt 0.777778 0.181818
vt 0.777778 0.272727
vt 0.777778 0.363636
vt 0.777778 0.454545
vt 0.777778 0.545455
vt 0.777778 0.636364
vt 0.777778 0.727273
vt 0.777778 0.818182
vt 0.777778 0.909091
vt 0.777778 1.000000
vt 0.814815 0.090909
vt 0.814815 0.000000
vt 0.814815 0.181818
vt 0.814815 0.272727
vt 0.814815 0.363636
vt 0.814815 0.454545
vt 0.814815 0.545455
vt 0.814815 0.636364
vt 0.814815 0.727273
vt 0.814815 0.818182
vt 0.814815 0.909091
vt 0.814815 1.000000
vt 0.851852 0.090909
vt 0.851852 0.000000
vt 0.851852 0.181818
vt 0.851852 0.272727
vt 0.851852 0.363636
vt 0.851852 0.454545
vt 0.851852 0.545455
vt 0.851852 0.636364
vt 0.851852 0.727273
vt 0.851852 0.818182
vt 0.851852 0.909091
vt 0.851852 1.000000
vt 0.888889 0.090909
vt 0.888889 0.000000
vt 0.888889 0.181818
vt 0.888889 0.272727
vt 0.888889 0.363636
vt 0.888889 0.454545
vt 0.888889 0.545455
vt 0.888889 0.636364
vt 0.888889 0.727273
vt 0.888889 0.818182
vt 0.888889 0.909091
vt 0.888889 1.000000
vt 0.925926 0.090909
vt 0.925926 0.000000
vt 0.925926 0.181818
vt 0.925926 0.272727
vt 0.925926 0.363636
vt 0.925926 0.454545
vt 0.925926 0.545455
vt 0.925926 0.636364
vt 0.925926 0.727273
vt 0.925926 0.818182
vt 0.925926 0.909091
vt 0.925926 1.000000
vt 0.962963 0.090909
vt 0.962963 0.000000
vt 0.962963 0.181818
vt 0.962963 0.272727
vt 0.962963 0.363636
vt 0.962963 0.454545
vt 0.962963 0.545455
vt 0.962963 0.636364
vt 0.962963 0.727273
vt 0.962963 0.818182
vt 0.962963 0.909091
vt 0.962963 1.000000
s 0
usemtl reflective_gold.005
f 911/1296/560 914/1297/560 913/1298/560
f 913/1298/560 912/1299/560 911/1296/560
f 909/1300/560 916/1301/560 915/1302/560
f 915/1302/560 910/1303/560 909/1300/560
f 914/1297/560 911/1296/560 915/1302/560
f 910/1303/560 915/1302/560 911/1296/560
f 921/1304/560 920/1305/560 919/1306/560
f 919/1306/560 927/1301/560 921/1304/560
f 927/1301/560 922/1307/560 921/1304/560
f 923/1308/560 926/1309/560 925/1310/560
f 918/1311/560 917/1300/560 924/1312/560
f 918/1311/560 924/1312/560 925/1310/560
f 923/1308/560 925/1310/560 924/1312/560
f 918/1311/560 925/1310/560 919/1306/560
f 927/1301/560 919/1306/560 925/1310/560
f 922/1307/560 927/1301/560 926/1309/560
f 926/1309/560 923/1308/560 922/1307/560
f 983/1301/560 952/1313/560 951/1314/560
f 954/1315/560 953/1316/560 952/1313/560
f 952/1313/560 983/1301/560 954/1315/560
f 955/1317/560 954/1315/560 983/1301/560
f 983/1301/560 982/1318/560 955/1317/560
f 950/1304/560 959/1319/560 958/1320/560
f 950/1304/560 958/1320/560 957/1321/560
f 956/1322/560 981/1323/560 980/1324/560
f 950/1304/560 957/1321/560 951/1314/560
f 983/1301/560 951/1314/560 957/1321/560
f 981/1323/560 956/1322/560 982/1318/560
f 955/1317/560 982/1318/560 956/1322/560
f 978/1325/560 929/1326/560 979/1327/560
f 928/1300/560 979/1327/560 929/1326/560
f 960/1328/560 949/1329/560 948/1330/560
f 961/1308/560 960/1328/560 948/1330/560
f 959/1319/560 950/1304/560 949/1329/560
f 949/1329/560 960/1328/560 959/1319/560
f 979/1327/560 928/1300/560 980/1324/560
f 956/1322/560 980/1324/560 928/1300/560
f 944/1331/560 943/1332/560 965/1333/560
f 966/1334/560 965/1333/560 943/1332/560
f 943/1332/560 942/1335/560 966/1334/560
f 967/1336/560 966/1334/560 942/1335/560
f 942/1335/560 941/1337/560 967/1336/560
f 941/1337/560 940/1338/560 967/1336/560
f 968/1339/560 967/1336/560 940/1338/560
f 940/1338/560 939/1306/560 968/1339/560
f 969/1340/560 968/1339/560 939/1306/560
f 939/1306/560 938/1341/560 969/1340/560
f 970/1342/560 969/1340/560 938/1341/560
f 971/1343/560 970/1342/560 938/1341/560
f 938/1341/560 937/1344/560 971/1343/560
f 972/1310/560 971/1343/560 937/1344/560
f 937/1344/560 936/1345/560 972/1310/560
f 973/1346/560 972/1310/560 936/1345/560
f 936/1345/560 935/1347/560 973/1346/560
f 935/1347/560 934/1348/560 973/1346/560
f 974/1349/560 973/1346/560 934/1348/560
f 934/1348/560 933/1350/560 974/1349/560
f 961/1308/560 948/1330/560 947/1351/560
f 962/1352/560 961/1308/560 947/1351/560
f 947/1351/560 946/1353/560 962/1352/560
f 963/1354/560 962/1352/560 946/1353/560
f 946/1353/560 945/1355/560 963/1354/560
f 964/1356/560 963/1354/560 945/1355/560
f 945/1355/560 944/1331/560 964/1356/560
f 944/1331/560 965/1333/560 964/1356/560
f 974/1349/560 933/1350/560 975/1357/560
f 933/1350/560 932/1358/560 975/1357/560
f 976/1359/560 975/1357/560 932/1358/560
f 932/1358/560 931/1360/560 976/1359/560
f 977/1361/560 976/1359/560 931/1360/560
f 931/1360/560 930/1362/560 977/1361/560
f 978/1325/560 977/1361/560 930/1362/560
f 929/1326/560 978/1325/560 930/1362/560
f 1015/1363/560 1014/1364/560 1071/1365/560
f 1071/1365/560 1070/1366/560 1015/1363/560
f 1016/1367/560 1015/1363/560 1070/1366/560
f 1070/1366/560 1069/1368/560 1016/1367/560
f 1017/1369/560 1016/1367/560 1069/1368/560
f 1069/1368/560 1068/1370/560 1017/1369/560
f 1018/1371/560 1017/1369/560 1068/1370/560
f 1068/1370/560 1067/1372/560 1018/1371/560
f 1019/1373/560 1018/1371/560 1067/1372/560
f 1020/1374/560 1019/1373/560 1067/1372/560
f 1067/1372/560 1066/1375/560 1020/1374/560
f 1021/1376/560 1020/1374/560 1066/1375/560
f 1066/1375/560 1065/1377/560 1021/1376/560
f 1022/1304/560 1021/1376/560 1065/1377/560
f 1065/1377/560 1064/1378/560 1022/1304/560
f 1023/1379/560 1022/1304/560 1064/1378/560
f 1064/1378/560 1063/1380/560 1023/1379/560
f 1024/1381/560 1023/1379/560 1063/1380/560
f 1010/1382/560 1075/1383/560 1011/1384/560
f 1075/1383/560 1074/1385/560 1011/1384/560
f 1060/1310/560 1059/1386/560 1027/1387/560
f 1059/1386/560 1028/1388/560 1027/1387/560
f 1076/1389/560 1009/1390/560 1077/1391/560
f 1057/1392/560 1029/1393/560 1058/1394/560
f 1078/1395/560 1007/1396/560 1079/1301/560
f 1007/1396/560 1078/1395/560 1008/1397/560
f 1077/1391/560 1009/1390/560 1008/1397/560
f 1008/1397/560 1078/1395/560 1077/1391/560
f 1056/1398/560 1030/1399/560 1057/1392/560
f 1029/1393/560 1057/1392/560 1030/1399/560
f 1009/1390/560 1076/1389/560 1010/1382/560
f 1075/1383/560 1010/1382/560 1076/1389/560
f 1028/1388/560 1059/1386/560 1058/1394/560
f 1058/1394/560 1029/1393/560 1028/1388/560
f 1011/1384/560 1074/1385/560 1012/1400/560
f 1074/1385/560 1073/1401/560 1012/1400/560
f 1013/1402/560 1012/1400/560 1073/1401/560
f 1073/1401/560 1072/1403/560 1013/1402/560
f 1014/1364/560 1013/1402/560 1072/1403/560
f 1071/1365/560 1014/1364/560 1072/1403/560
f 1024/1381/560 1063/1380/560 1062/1404/560
f 1025/1405/560 1024/1381/560 1062/1404/560
f 1062/1404/560 1061/1406/560 1025/1405/560
f 1026/1407/560 1025/1405/560 1061/1406/560
f 1061/1406/560 1060/1310/560 1026/1407/560
f 1060/1310/560 1027/1387/560 1026/1407/560
f 1031/1408/560 1055/1409/560 1054/1410/560
f 1054/1410/560 984/1300/560 1031/1408/560
f 1005/1411/560 1034/1412/560 1033/1413/560
f 985/1414/560 1053/1415/560 1052/1416/560
f 1005/1411/560 1033/1413/560 1006/1417/560
f 1032/1418/560 1006/1417/560 1033/1413/560
f 984/1300/560 1054/1410/560 1053/1415/560
f 1053/1415/560 985/1414/560 984/1300/560
f 1035/1419/560 1004/1420/560 1003/1306/560
f 1036/1421/560 1035/1419/560 1003/1306/560
f 1051/1422/560 1050/1423/560 987/1424/560
f 986/1425/560 1051/1422/560 987/1424/560
f 1034/1412/560 1005/1411/560 1004/1420/560
f 1004/1420/560 1035/1419/560 1034/1412/560
f 1051/1422/560 986/1425/560 1052/1416/560
f 985/1414/560 1052/1416/560 986/1425/560
f 1000/1426/560 999/1427/560 1039/1428/560
f 1040/1429/560 1039/1428/560 999/1427/560
f 999/1427/560 998/1430/560 1040/1429/560
f 1041/1308/560 1040/1429/560 998/1430/560
f 998/1430/560 997/1431/560 1041/1308/560
f 1042/1432/560 1041/1308/560 997/1431/560
f 997/1431/560 996/1433/560 1042/1432/560
f 1043/1434/560 1042/1432/560 996/1433/560
f 996/1433/560 995/1435/560 1043/1434/560
f 995/1435/560 994/1436/560 1043/1434/560
f 1044/1437/560 1043/1434/560 994/1436/560
f 994/1436/560 993/1438/560 1044/1437/560
f 1045/1439/560 1044/1437/560 993/1438/560
f 993/1438/560 992/1440/560 1045/1439/560
f 1046/1441/560 1045/1439/560 992/1440/560
f 992/1440/560 991/1442/560 1046/1441/560
f 1047/1443/560 1046/1441/560 991/1442/560
f 991/1442/560 990/1444/560 1047/1443/560
f 1036/1421/560 1003/1306/560 1002/1445/560
f 1037/1446/560 1036/1421/560 1002/1445/560
f 1002/1445/560 1001/1447/560 1037/1446/560
f 1038/1448/560 1037/1446/560 1001/1447/560
f 1001/1447/560 1000/1426/560 1038/1448/560
f 1000/1426/560 1039/1428/560 1038/1448/560
f 1047/1443/560 990/1444/560 1048/1449/560
f 990/1444/560 989/1450/560 1048/1449/560
f 1049/1451/560 1048/1449/560 989/1450/560
f 989/1450/560 988/1452/560 1049/1451/560
f 1050/1423/560 1049/1451/560 988/1452/560
f 987/1424/560 1050/1423/560 988/1452/560
f 1006/1417/560 1032/1418/560 1007/1396/560
f 1079/1301/560 1007/1396/560 1032/1418/560
f 1055/1409/560 1031/1408/560 1056/1398/560
f 1030/1399/560 1056/1398/560 1031/1408/560
f 1085/1297/560 1084/1298/560 1083/1299/560
f 1087/1301/560 1086/1302/560 1080/1300/560
f 1083/1299/560 1082/1296/560 1081/1303/560
f 1081/1303/560 1080/1300/560 1083/1299/560
f 1080/1300/560 1086/1302/560 1083/1299/560
f 1085/1297/560 1083/1299/560 1086/1302/560
f 1090/1296/561 1092/1298/561 1093/1297/561
f 1092/1298/561 1090/1296/561 1091/1299/561
f 1088/1300/561 1094/1302/561 1095/1301/561
f 1094/1302/561 1088/1300/561 1089/1303/561
f 1093/1297/561 1094/1302/561 1090/1296/561
f 1089/1303/561 1090/1296/561 1094/1302/561
f 1100/1304/561 1098/1306/561 1099/1305/561
f 1098/1306/561 1100/1304/561 1106/1301/561
f 1106/1301/561 1100/1304/561 1101/1307/561
f 1102/1308/561 1104/1310/561 1105/1309/561
f 1097/1311/561 1103/1312/561 1096/1300/561
f 1097/1311/561 1104/1310/561 1103/1312/561
f 1102/1308/561 1103/1312/561 1104/1310/561
f 1097/1311/561 1098/1306/561 1104/1310/561
f 1106/1301/561 1104/1310/561 1098/1306/561
f 1101/1307/561 1105/1309/561 1106/1301/561
f 1105/1309/561 1101/1307/561 1102/1308/561
f 1162/1301/561 1130/1314/561 1131/1313/561
f 1133/1315/561 1131/1313/561 1132/1316/561
f 1131/1313/561 1133/1315/561 1162/1301/561
f 1134/1317/561 1162/1301/561 1133/1315/561
f 1162/1301/561 1134/1317/561 1161/1318/561
f 1129/1304/561 1137/1320/561 1138/1319/561
f 1129/1304/561 1136/1321/561 1137/1320/561
f 1135/1322/561 1159/1324/561 1160/1323/561
f 1129/1304/561 1130/1314/561 1136/1321/561
f 1162/1301/561 1136/1321/561 1130/1314/561
f 1160/1323/561 1161/1318/561 1135/1322/561
f 1134/1317/561 1135/1322/561 1161/1318/561
f 1157/1325/561 1158/1327/561 1108/1326/561
f 1107/1300/561 1108/1326/561 1158/1327/561
f 1139/1328/561 1127/1330/561 1128/1329/561
f 1140/1308/561 1127/1330/561 1139/1328/561
f 1138/1319/561 1128/1329/561 1129/1304/561
f 1128/1329/561 1138/1319/561 1139/1328/561
f 1158/1327/561 1159/1324/561 1107/1300/561
f 1135/1322/561 1107/1300/561 1159/1324/561
f 1123/1331/561 1144/1333/561 1122/1332/561
f 1145/1334/561 1122/1332/561 1144/1333/561
f 1122/1332/561 1145/1334/561 1121/1335/561
f 1146/1336/561 1121/1335/561 1145/1334/561
f 1121/1335/561 1146/1336/561 1120/1337/561
f 1120/1337/561 1146/1336/561 1119/1338/561
f 1147/1339/561 1119/1338/561 1146/1336/561
f 1119/1338/561 1147/1339/561 1118/1306/561
f 1148/1340/561 1118/1306/561 1147/1339/561
f 1118/1306/561 1148/1340/561 1117/1341/561
f 1149/1342/561 1117/1341/561 1148/1340/561
f 1150/1343/561 1117/1341/561 1149/1342/561
f 1117/1341/561 1150/1343/561 1116/1344/561
f 1151/1310/561 1116/1344/561 1150/1343/561
f 1116/1344/561 1151/1310/561 1115/1345/561
f 1152/1346/561 1115/1345/561 1151/1310/561
f 1115/1345/561 1152/1346/561 1114/1347/561
f 1114/1347/561 1152/1346/561 1113/1348/561
f 1153/1349/561 1113/1348/561 1152/1346/561
f 1113/1348/561 1153/1349/561 1112/1350/561
f 1140/1308/561 1126/1351/561 1127/1330/561
f 1141/1352/561 1126/1351/561 1140/1308/561
f 1126/1351/561 1141/1352/561 1125/1353/561
f 1142/1354/561 1125/1353/561 1141/1352/561
f 1125/1353/561 1142/1354/561 1124/1355/561
f 1143/1356/561 1124/1355/561 1142/1354/561
f 1124/1355/561 1143/1356/561 1123/1331/561
f 1123/1331/561 1143/1356/561 1144/1333/561
f 1153/1349/561 1154/1357/561 1112/1350/561
f 1112/1350/561 1154/1357/561 1111/1358/561
f 1155/1359/561 1111/1358/561 1154/1357/561
f 1111/1358/561 1155/1359/561 1110/1360/561
f 1156/1361/561 1110/1360/561 1155/1359/561
f 1110/1360/561 1156/1361/561 1109/1362/561
f 1157/1325/561 1109/1362/561 1156/1361/561
f 1108/1326/561 1109/1362/561 1157/1325/561
f 1194/1363/561 1250/1365/561 1193/1364/561
f 1250/1365/561 1194/1363/561 1249/1366/561
f 1195/1367/561 1249/1366/561 1194/1363/561
f 1249/1366/561 1195/1367/561 1248/1368/561
f 1196/1369/561 1248/1368/561 1195/1367/561
f 1248/1368/561 1196/1369/561 1247/1370/561
f 1197/1371/561 1247/1370/561 1196/1369/561
f 1247/1370/561 1197/1371/561 1246/1372/561
f 1198/1373/561 1246/1372/561 1197/1371/561
f 1199/1374/561 1246/1372/561 1198/1373/561
f 1246/1372/561 1199/1374/561 1245/1375/561
f 1200/1376/561 1245/1375/561 1199/1374/561
f 1245/1375/561 1200/1376/561 1244/1377/561
f 1201/1304/561 1244/1377/561 1200/1376/561
f 1244/1377/561 1201/1304/561 1243/1378/561
f 1202/1379/561 1243/1378/561 1201/1304/561
f 1243/1378/561 1202/1379/561 1242/1380/561
f 1203/1381/561 1242/1380/561 1202/1379/561
f 1189/1382/561 1190/1384/561 1254/1383/561
f 1254/1383/561 1190/1384/561 1253/1385/561
f 1239/1310/561 1206/1387/561 1238/1386/561
f 1238/1386/561 1206/1387/561 1207/1388/561
f 1255/1389/561 1256/1391/561 1188/1390/561
f 1236/1392/561 1237/1394/561 1208/1393/561
f 1257/1395/561 1258/1301/561 1186/1396/561
f 1186/1396/561 1187/1397/561 1257/1395/561
f 1256/1391/561 1187/1397/561 1188/1390/561
f 1187/1397/561 1256/1391/561 1257/1395/561
f 1235/1398/561 1236/1392/561 1209/1399/561
f 1208/1393/561 1209/1399/561 1236/1392/561
f 1188/1390/561 1189/1382/561 1255/1389/561
f 1254/1383/561 1255/1389/561 1189/1382/561
f 1207/1388/561 1237/1394/561 1238/1386/561
f 1237/1394/561 1207/1388/561 1208/1393/561
f 1190/1384/561 1191/1400/561 1253/1385/561
f 1253/1385/561 1191/1400/561 1252/1401/561
f 1192/1402/561 1252/1401/561 1191/1400/561
f 1252/1401/561 1192/1402/561 1251/1403/561
f 1193/1364/561 1251/1403/561 1192/1402/561
f 1250/1365/561 1251/1403/561 1193/1364/561
f 1203/1381/561 1241/1404/561 1242/1380/561
f 1204/1405/561 1241/1404/561 1203/1381/561
f 1241/1404/561 1204/1405/561 1240/1406/561
f 1205/1407/561 1240/1406/561 1204/1405/561
f 1240/1406/561 1205/1407/561 1239/1310/561
f 1239/1310/561 1205/1407/561 1206/1387/561
f 1210/1408/561 1233/1410/561 1234/1409/561
f 1233/1410/561 1210/1408/561 1163/1300/561
f 1184/1411/561 1212/1413/561 1213/1412/561
f 1164/1414/561 1231/1416/561 1232/1415/561
f 1184/1411/561 1185/1417/561 1212/1413/561
f 1211/1418/561 1212/1413/561 1185/1417/561
f 1163/1300/561 1232/1415/561 1233/1410/561
f 1232/1415/561 1163/1300/561 1164/1414/561
f 1214/1419/561 1182/1306/561 1183/1420/561
f 1215/1421/561 1182/1306/561 1214/1419/561
f 1230/1422/561 1166/1424/561 1229/1423/561
f 1165/1425/561 1166/1424/561 1230/1422/561
f 1213/1412/561 1183/1420/561 1184/1411/561
f 1183/1420/561 1213/1412/561 1214/1419/561
f 1230/1422/561 1231/1416/561 1165/1425/561
f 1164/1414/561 1165/1425/561 1231/1416/561
f 1179/1426/561 1218/1428/561 1178/1427/561
f 1219/1429/561 1178/1427/561 1218/1428/561
f 1178/1427/561 1219/1429/561 1177/1430/561
f 1220/1308/561 1177/1430/561 1219/1429/561
f 1177/1430/561 1220/1308/561 1176/1431/561
f 1221/1432/561 1176/1431/561 1220/1308/561
f 1176/1431/561 1221/1432/561 1175/1433/561
f 1222/1434/561 1175/1433/561 1221/1432/561
f 1175/1433/561 1222/1434/561 1174/1435/561
f 1174/1435/561 1222/1434/561 1173/1436/561
f 1223/1437/561 1173/1436/561 1222/1434/561
f 1173/1436/561 1223/1437/561 1172/1438/561
f 1224/1439/561 1172/1438/561 1223/1437/561
f 1172/1438/561 1224/1439/561 1171/1440/561
f 1225/1441/561 1171/1440/561 1224/1439/561
f 1171/1440/561 1225/1441/561 1170/1442/561
f 1226/1443/561 1170/1442/561 1225/1441/561
f 1170/1442/561 1226/1443/561 1169/1444/561
f 1215/1421/561 1181/1445/561 1182/1306/561
f 1216/1446/561 1181/1445/561 1215/1421/561
f 1181/1445/561 1216/1446/561 1180/1447/561
f 1217/1448/561 1180/1447/561 1216/1446/561
f 1180/1447/561 1217/1448/561 1179/1426/561
f 1179/1426/561 1217/1448/561 1218/1428/561
f 1226/1443/561 1227/1449/561 1169/1444/561
f 1169/1444/561 1227/1449/561 1168/1450/561
f 1228/1451/561 1168/1450/561 1227/1449/561
f 1168/1450/561 1228/1451/561 1167/1452/561
f 1229/1423/561 1167/1452/561 1228/1451/561
f 1166/1424/561 1167/1452/561 1229/1423/561
f 1185/1417/561 1186/1396/561 1211/1418/561
f 1258/1301/561 1211/1418/561 1186/1396/561
f 1234/1409/561 1235/1398/561 1210/1408/561
f 1209/1399/561 1210/1408/561 1235/1398/561
f 1264/1297/561 1262/1299/561 1263/1298/561
f 1266/1301/561 1259/1300/561 1265/1302/561
f 1262/1299/561 1260/1303/561 1261/1296/561
f 1260/1303/561 1262/1299/561 1259/1300/561
f 1259/1300/561 1262/1299/561 1265/1302/561
f 1264/1297/561 1265/1302/561 1262/1299/561
s 1
f 1268/1453/562 1280/1454/563 1279/1455/564 1267/1300/564
f 1269/1456/565 1281/1457/566 1280/1454/563 1268/1453/562
f 1270/1458/567 1282/1459/568 1281/1457/566 1269/1456/565
f 1271/1460/569 1283/1461/570 1282/1459/568 1270/1458/567
f 1272/1462/571 1284/1463/572 1283/1461/570 1271/1460/569
f 1273/1464/573 1285/1465/574 1284/1463/572 1272/1462/571
f 1274/1466/575 1286/1467/576 1285/1465/574 1273/1464/573
f 1275/1468/577 1287/1469/578 1286/1467/576 1274/1466/575
f 1276/1470/579 1288/1471/580 1287/1469/578 1275/1468/577
f 1277/1472/581 1289/1473/582 1288/1471/580 1276/1470/579
f 1278/1474/583 1290/1475/583 1289/1473/582 1277/1472/581
f 1280/1454/563 1292/1476/584 1291/1477/585 1279/1455/564
f 1281/1457/566 1293/1478/586 1292/1476/584 1280/1454/563
f 1282/1459/568 1294/1479/587 1293/1478/586 1281/1457/566
f 1283/1461/570 1295/1480/588 1294/1479/587 1282/1459/568
f 1284/1463/572 1296/1481/589 1295/1480/588 1283/1461/570
f 1285/1465/574 1297/1482/590 1296/1481/589 1284/1463/572
f 1286/1467/576 1298/1483/591 1297/1482/590 1285/1465/574
f 1287/1469/578 1299/1484/592 1298/1483/591 1286/1467/576
f 1288/1471/580 1300/1485/593 1299/1484/592 1287/1469/578
f 1289/1473/582 1301/1486/594 1300/1485/593 1288/1471/580
f 1290/1475/583 1302/1487/595 1301/1486/594 1289/1473/582
f 1292/1476/584 1304/1488/596 1303/1489/585 1291/1477/585
f 1293/1478/586 1305/1490/597 1304/1488/596 1292/1476/584
f 1294/1479/587 1306/1491/598 1305/1490/597 1293/1478/586
f 1295/1480/588 1307/1492/599 1306/1491/598 1294/1479/587
f 1296/1481/589 1308/1493/600 1307/1492/599 1295/1480/588
f 1297/1482/590 1309/1494/601 1308/1493/600 1296/1481/589
f 1298/1483/591 1310/1495/602 1309/1494/601 1297/1482/590
f 1299/1484/592 1311/1496/603 1310/1495/602 1298/1483/591
f 1300/1485/593 1312/1497/604 1311/1496/603 1299/1484/592
f 1301/1486/594 1313/1498/605 1312/1497/604 1300/1485/593
f 1302/1487/595 1314/1499/595 1313/1498/605 1301/1486/594
f 1304/1488/596 1316/1500/584 1315/1307/585 1303/1489/585
f 1305/1490/597 1317/1501/586 1316/1500/584 1304/1488/596
f 1306/1491/598 1318/1502/587 1317/1501/586 1305/1490/597
f 1307/1492/599 1319/1503/588 1318/1502/587 1306/1491/598
f 1308/1493/600 1320/1504/589 1319/1503/588 1307/1492/599
f 1309/1494/601 1321/1505/590 1320/1504/589 1308/1493/600
f 1310/1495/602 1322/1506/591 1321/1505/590 1309/1494/601
f 1311/1496/603 1323/1507/592 1322/1506/591 1310/1495/602
f 1312/1497/604 1324/1508/593 1323/1507/592 1311/1496/603
f 1313/1498/605 1325/1509/594 1324/1508/593 1312/1497/604
f 1314/1499/595 1326/1510/595 1325/1509/594 1313/1498/605
f 1316/1500/584 1328/1511/606 1327/1512/607 1315/1307/585
f 1317/1501/586 1329/1513/608 1328/1511/606 1316/1500/584
f 1318/1502/587 1330/1514/609 1329/1513/608 1317/1501/586
f 1319/1503/588 1331/1515/610 1330/1514/609 1318/1502/587
f 1320/1504/589 1332/1516/611 1331/1515/610 1319/1503/588
f 1321/1505/590 1333/1517/612 1332/1516/611 1320/1504/589
f 1322/1506/591 1334/1518/613 1333/1517/612 1321/1505/590
f 1323/1507/592 1335/1519/614 1334/1518/613 1322/1506/591
f 1324/1508/593 1336/1520/615 1335/1519/614 1323/1507/592
f 1325/1509/594 1337/1521/616 1336/1520/615 1324/1508/593
f 1326/1510/595 1338/1522/617 1337/1521/616 1325/1509/594
f 1328/1511/606 1340/1523/618 1339/1524/619 1327/1512/607
f 1329/1513/608 1341/1525/620 1340/1523/618 1328/1511/606
f 1330/1514/609 1342/1526/621 1341/1525/620 1329/1513/608
f 1331/1515/610 1343/1527/622 1342/1526/621 1330/1514/609
f 1332/1516/611 1344/1528/623 1343/1527/622 1331/1515/610
f 1333/1517/612 1345/1529/624 1344/1528/623 1332/1516/611
f 1334/1518/613 1346/1530/625 1345/1529/624 1333/1517/612
f 1335/1519/614 1347/1531/626 1346/1530/625 1334/1518/613
f 1336/1520/615 1348/1532/627 1347/1531/626 1335/1519/614
f 1337/1521/616 1349/1533/628 1348/1532/627 1336/1520/615
f 1338/1522/617 1350/1534/629 1349/1533/628 1337/1521/616
f 1340/1523/618 1352/1535/563 1351/1536/564 1339/1524/619
f 1341/1525/620 1353/1537/566 1352/1535/563 1340/1523/618
f 1342/1526/621 1354/1538/568 1353/1537/566 1341/1525/620
f 1343/1527/622 1355/1539/570 1354/1538/568 1342/1526/621
f 1344/1528/623 1356/1540/572 1355/1539/570 1343/1527/622
f 1345/1529/624 1357/1541/574 1356/1540/572 1344/1528/623
f 1346/1530/625 1358/1542/576 1357/1541/574 1345/1529/624
f 1347/1531/626 1359/1543/578 1358/1542/576 1346/1530/625
f 1348/1532/627 1360/1544/580 1359/1543/578 1347/1531/626
f 1349/1533/628 1361/1545/582 1360/1544/580 1348/1532/627
f 1350/1534/629 1362/1546/583 1361/1545/582 1349/1533/628
f 1352/1535/563 1268/1547/562 1267/1301/564 1351/1536/564
f 1353/1537/566 1269/1548/565 1268/1547/562 1352/1535/563
f 1354/1538/568 1270/1549/567 1269/1548/565 1353/1537/566
f 1355/1539/570 1271/1550/569 1270/1549/567 1354/1538/568
f 1356/1540/572 1272/1551/571 1271/1550/569 1355/1539/570
f 1357/1541/574 1273/1552/573 1272/1551/571 1356/1540/572
f 1358/1542/576 1274/1553/575 1273/1552/573 1357/1541/574
f 1359/1543/578 1275/1554/577 1274/1553/575 1358/1542/576
f 1360/1544/580 1276/1555/579 1275/1554/577 1359/1543/578
f 1361/1545/582 1277/1556/581 1276/1555/579 1360/1544/580
f 1362/1546/583 1278/1557/583 1277/1556/581 1361/1545/582
f 1364/1453/630 1376/1558/631 1375/1559/632 1363/1300/633
f 1365/1456/634 1377/1560/635 1376/1558/631 1364/1453/630
f 1366/1458/636 1378/1561/637 1377/1560/635 1365/1456/634
f 1367/1460/638 1379/1562/639 1378/1561/637 1366/1458/636
f 1368/1462/640 1380/1563/641 1379/1562/639 1367/1460/638
f 1369/1464/642 1381/1564/643 1380/1563/641 1368/1462/640
f 1370/1466/644 1382/1565/645 1381/1564/643 1369/1464/642
f 1371/1468/646 1383/1566/647 1382/1565/645 1370/1466/644
f 1372/1470/648 1384/1567/649 1383/1566/647 1371/1468/646
f 1373/1472/650 1385/1568/651 1384/1567/649 1372/1470/648
f 1374/1474/652 1386/1569/653 1385/1568/651 1373/1472/650
f 1376/1558/631 1388/1570/654 1387/1571/655 1375/1559/632
f 1377/1560/635 1389/1572/656 1388/1570/654 1376/1558/631
f 1378/1561/637 1390/1573/657 1389/1572/656 1377/1560/635
f 1379/1562/639 1391/1574/658 1390/1573/657 1378/1561/637
f 1380/1563/641 1392/1575/659 1391/1574/658 1379/1562/639
f 1381/1564/643 1393/1576/660 1392/1575/659 1380/1563/641
f 1382/1565/645 1394/1577/661 1393/1576/660 1381/1564/643
f 1383/1566/647 1395/1578/662 1394/1577/661 1382/1565/645
f 1384/1567/649 1396/1579/663 1395/1578/662 1383/1566/647
f 1385/1568/651 1397/1580/664 1396/1579/663 1384/1567/649
f 1386/1569/653 1398/1581/665 1397/1580/664 1385/1568/651
f 1388/1570/654 1400/1582/666 1399/1583/667 1387/1571/655
f 1389/1572/656 1401/1584/668 1400/1582/666 1388/1570/654
f 1390/1573/657 1402/1585/669 1401/1584/668 1389/1572/656
f 1391/1574/658 1403/1586/670 1402/1585/669 1390/1573/657
f 1392/1575/659 1404/1587/671 1403/1586/670 1391/1574/658
f 1393/1576/660 1405/1588/672 1404/1587/671 1392/1575/659
f 1394/1577/661 1406/1589/673 1405/1588/672 1393/1576/660
f 1395/1578/662 1407/1590/674 1406/1589/673 1394/1577/661
f 1396/1579/663 1408/1591/675 1407/1590/674 1395/1578/662
f 1397/1580/664 1409/1592/676 1408/1591/675 1396/1579/663
f 1398/1581/665 1410/1593/677 1409/1592/676 1397/1580/664
f 1400/1582/666 1412/1594/678 1411/1595/679 1399/1583/667
f 1401/1584/668 1413/1596/680 1412/1594/678 1400/1582/666
f 1402/1585/669 1414/1597/681 1413/1596/680 1401/1584/668
f 1403/1586/670 1415/1598/682 1414/1597/681 1402/1585/669
f 1404/1587/671 1416/1599/683 1415/1598/682 1403/1586/670
f 1405/1588/672 1417/1600/684 1416/1599/683 1404/1587/671
f 1406/1589/673 1418/1601/685 1417/1600/684 1405/1588/672
f 1407/1590/674 1419/1602/686 1418/1601/685 1406/1589/673
f 1408/1591/675 1420/1603/687 1419/1602/686 1407/1590/674
f 1409/1592/676 1421/1604/688 1420/1603/687 1408/1591/675
f 1410/1593/677 1422/1605/689 1421/1604/688 1409/1592/676
f 1412/1594/678 1424/1606/690 1423/1607/691 1411/1595/679
f 1413/1596/680 1425/1608/692 1424/1606/690 1412/1594/678
f 1414/1597/681 1426/1609/693 1425/1608/692 1413/1596/680
f 1415/1598/682 1427/1610/694 1426/1609/693 1414/1597/681
f 1416/1599/683 1428/1611/695 1427/1610/694 1415/1598/682
f 1417/1600/684 1429/1612/696 1428/1611/695 1416/1599/683
f 1418/1601/685 1430/1613/697 1429/1612/696 1417/1600/684
f 1419/1602/686 1431/1614/698 1430/1613/697 1418/1601/685
f 1420/1603/687 1432/1615/699 1431/1614/698 1419/1602/686
f 1421/1604/688 1433/1616/700 1432/1615/699 1420/1603/687
f 1422/1605/689 1434/1617/701 1433/1616/700 1421/1604/688
f 1424/1606/690 1436/1454/702 1435/1455/703 1423/1607/691
f 1425/1608/692 1437/1457/704 1436/1454/702 1424/1606/690
f 1426/1609/693 1438/1459/705 1437/1457/704 1425/1608/692
f 1427/1610/694 1439/1461/706 1438/1459/705 1426/1609/693
f 1428/1611/695 1440/1463/707 1439/1461/706 1427/1610/694
f 1429/1612/696 1441/1465/708 1440/1463/707 1428/1611/695
f 1430/1613/697 1442/1467/709 1441/1465/708 1429/1612/696
f 1431/1614/698 1443/1469/710 1442/1467/709 1430/1613/697
f 1432/1615/699 1444/1471/711 1443/1469/710 1431/1614/698
f 1433/1616/700 1445/1473/712 1444/1471/711 1432/1615/699
f 1434/1617/701 1446/1475/713 1445/1473/712 1433/1616/700
f 1436/1454/702 1448/1618/714 1447/1619/715 1435/1455/703
f 1437/1457/704 1449/1620/716 1448/1618/714 1436/1454/702
f 1438/1459/705 1450/1621/717 1449/1620/716 1437/1457/704
f 1439/1461/706 1451/1622/718 1450/1621/717 1438/1459/705
f 1440/1463/707 1452/1623/719 1451/1622/718 1439/1461/706
f 1441/1465/708 1453/1624/720 1452/1623/719 1440/1463/707
f 1442/1467/709 1454/1625/721 1453/1624/720 1441/1465/708
f 1443/1469/710 1455/1626/722 1454/1625/721 1442/1467/709
f 1444/1471/711 1456/1627/723 1455/1626/722 1443/1469/710
f 1445/1473/712 1457/1628/724 1456/1627/723 1444/1471/711
f 1446/1475/713 1458/1629/725 1457/1628/724 1445/1473/712
f 1448/1618/714 1460/1630/726 1459/1631/727 1447/1619/715
f 1449/1620/716 1461/1632/728 1460/1630/726 1448/1618/714
f 1450/1621/717 1462/1633/729 1461/1632/728 1449/1620/716
f 1451/1622/718 1463/1634/730 1462/1633/729 1450/1621/717
f 1452/1623/719 1464/1635/731 1463/1634/730 1451/1622/718
f 1453/1624/720 1465/1636/732 1464/1635/731 1452/1623/719
f 1454/1625/721 1466/1637/733 1465/1636/732 1453/1624/720
f 1455/1626/722 1467/1638/734 1466/1637/733 1454/1625/721
f 1456/1627/723 1468/1639/735 1467/1638/734 1455/1626/722
f 1457/1628/724 1469/1640/736 1468/1639/735 1456/1627/723
f 1458/1629/725 1470/1641/737 1469/1640/736 1457/1628/724
f 1460/1630/726 1472/1642/738 1471/1643/739 1459/1631/727
f 1461/1632/728 1473/1644/740 1472/1642/738 1460/1630/726
f 1462/1633/729 1474/1645/741 1473/1644/740 1461/1632/728
f 1463/1634/730 1475/1646/742 1474/1645/741 1462/1633/729
f 1464/1635/731 1476/1647/743 1475/1646/742 1463/1634/730
f 1465/1636/732 1477/1648/744 1476/1647/743 1464/1635/731
f 1466/1637/733 1478/1649/745 1477/1648/744 1465/1636/732
f 1467/1638/734 1479/1650/746 1478/1649/745 1466/1637/733
f 1468/1639/735 1480/1651/747 1479/1650/746 1467/1638/734
f 1469/1640/736 1481/1652/748 1480/1651/747 1468/1639/735
f 1470/1641/737 1482/1653/749 1481/1652/748 1469/1640/736
f 1472/1642/738 1484/1654/750 1483/1655/751 1471/1643/739
f 1473/1644/740 1485/1656/752 1484/1654/750 1472/1642/738
f 1474/1645/741 1486/1657/753 1485/1656/752 1473/1644/740
f 1475/1646/742 1487/1658/754 1486/1657/753 1474/1645/741
f 1476/1647/743 1488/1659/755 1487/1658/754 1475/1646/742
f 1477/1648/744 1489/1660/756 1488/1659/755 1476/1647/743
f 1478/1649/745 1490/1661/757 1489/1660/756 1477/1648/744
f 1479/1650/746 1491/1662/758 1490/1661/757 1478/1649/745
f 1480/1651/747 1492/1663/759 1491/1662/758 1479/1650/746
f 1481/1652/748 1493/1664/760 1492/1663/759 1480/1651/747
f 1482/1653/749 1494/1665/761 1493/1664/760 1481/1652/748
f 1484/1654/750 1496/1666/762 1495/1667/763 1483/1655/751
f 1485/1656/752 1497/1668/764 1496/1666/762 1484/1654/750
f 1486/1657/753 1498/1669/765 1497/1668/764 1485/1656/752
f 1487/1658/754 1499/1670/766 1498/1669/765 1486/1657/753
f 1488/1659/755 1500/1671/767 1499/1670/766 1487/1658/754
f 1489/1660/756 1501/1672/768 1500/1671/767 1488/1659/755
f 1490/1661/757 1502/1673/769 1501/1672/768 1489/1660/756
f 1491/1662/758 1503/1674/770 1502/1673/769 1490/1661/757
f 1492/1663/759 1504/1675/771 1503/1674/770 1491/1662/758
f 1493/1664/760 1505/1676/772 1504/1675/771 1492/1663/759
f 1494/1665/761 1506/1677/773 1505/1676/772 1493/1664/760
f 1496/1666/762 1508/1476/774 1507/1477/775 1495/1667/763
f 1497/1668/764 1509/1478/776 1508/1476/774 1496/1666/762
f 1498/1669/765 1510/1479/777 1509/1478/776 1497/1668/764
f 1499/1670/766 1511/1480/778 1510/1479/777 1498/1669/765
f 1500/1671/767 1512/1481/779 1511/1480/778 1499/1670/766
f 1501/1672/768 1513/1482/780 1512/1481/779 1500/1671/767
f 1502/1673/769 1514/1483/781 1513/1482/780 1501/1672/768
f 1503/1674/770 1515/1484/782 1514/1483/781 1502/1673/769
f 1504/1675/771 1516/1485/783 1515/1484/782 1503/1674/770
f 1505/1676/772 1517/1486/784 1516/1485/783 1504/1675/771
f 1506/1677/773 1518/1487/785 1517/1486/784 1505/1676/772
f 1508/1476/774 1520/1678/786 1519/1679/787 1507/1477/775
f 1509/1478/776 1521/1680/788 1520/1678/786 1508/1476/774
f 1510/1479/777 1522/1681/789 1521/1680/788 1509/1478/776
f 1511/1480/778 1523/1682/790 1522/1681/789 1510/1479/777
f 1512/1481/779 1524/1683/791 1523/1682/790 1511/1480/778
f 1513/1482/780 1525/1684/792 1524/1683/791 1512/1481/779
f 1514/1483/781 1526/1685/793 1525/1684/792 1513/1482/780
f 1515/1484/782 1527/1686/794 1526/1685/793 1514/1483/781
f 1516/1485/783 1528/1687/795 1527/1686/794 1515/1484/782
f 1517/1486/784 1529/1688/796 1528/1687/795 1516/1485/783
f 1518/1487/785 1530/1689/797 1529/1688/796 1517/1486/784
f 1520/1678/786 1532/1690/798 1531/1691/799 1519/1679/787
f 1521/1680/788 1533/1692/800 1532/1690/798 1520/1678/786
f 1522/1681/789 1534/1693/801 1533/1692/800 1521/1680/788
f 1523/1682/790 1535/1694/802 1534/1693/801 1522/1681/789
f 1524/1683/791 1536/1695/803 1535/1694/802 1523/1682/790
f 1525/1684/792 1537/1696/804 1536/1695/803 1524/1683/791
f 1526/1685/793 1538/1697/805 1537/1696/804 1525/1684/792
f 1527/1686/794 1539/1698/806 1538/1697/805 1526/1685/793
f 1528/1687/795 1540/1699/807 1539/1698/806 1527/1686/794
f 1529/1688/796 1541/1700/808 1540/1699/807 1528/1687/795
f 1530/1689/797 1542/1701/809 1541/1700/808 1529/1688/796
f 1532/1690/798 1544/1702/810 1543/1703/811 1531/1691/799
f 1533/1692/800 1545/1704/812 1544/1702/810 1532/1690/798
f 1534/1693/801 1546/1705/813 1545/1704/812 1533/1692/800
f 1535/1694/802 1547/1706/814 1546/1705/813 1534/1693/801
f 1536/1695/803 1548/1707/815 1547/1706/814 1535/1694/802
f 1537/1696/804 1549/1708/816 1548/1707/815 1536/1695/803
f 1538/1697/805 1550/1709/817 1549/1708/816 1537/1696/804
f 1539/1698/806 1551/1710/818 1550/1709/817 1538/1697/805
f 1540/1699/807 1552/1711/819 1551/1710/818 1539/1698/806
f 1541/1700/808 1553/1712/820 1552/1711/819 1540/1699/807
f 1542/1701/809 1554/1713/821 1553/1712/820 1541/1700/808
f 1544/1702/810 1556/1714/822 1555/1715/823 1543/1703/811
f 1545/1704/812 1557/1716/824 1556/1714/822 1544/1702/810
f 1546/1705/813 1558/1717/825 1557/1716/824 1545/1704/812
f 1547/1706/814 1559/1718/826 1558/1717/825 1546/1705/813
f 1548/1707/815 1560/1719/827 1559/1718/826 1547/1706/814
f 1549/1708/816 1561/1720/828 1560/1719/827 1548/1707/815
f 1550/1709/817 1562/1721/829 1561/1720/828 1549/1708/816
f 1551/1710/818 1563/1722/830 1562/1721/829 1550/1709/817
f 1552/1711/819 1564/1723/831 1563/1722/830 1551/1710/818
f 1553/1712/820 1565/1724/832 1564/1723/831 1552/1711/819
f 1554/1713/821 1566/1725/833 1565/1724/832 1553/1712/820
f 1556/1714/822 1568/1726/834 1567/1727/835 1555/1715/823
f 1557/1716/824 1569/1728/836 1568/1726/834 1556/1714/822
f 1558/1717/825 1570/1729/837 1569/1728/836 1557/1716/824
f 1559/1718/826 1571/1730/838 1570/1729/837 1558/1717/825
f 1560/1719/827 1572/1731/839 1571/1730/838 1559/1718/826
f 1561/1720/828 1573/1732/840 1572/1731/839 1560/1719/827
f 1562/1721/829 1574/1733/841 1573/1732/840 1561/1720/828
f 1563/1722/830 1575/1734/842 1574/1733/841 1562/1721/829
f 1564/1723/831 1576/1735/843 1575/1734/842 1563/1722/830
f 1565/1724/832 1577/1736/844 1576/1735/843 1564/1723/831
f 1566/1725/833 1578/1737/845 1577/1736/844 1565/1724/832
f 1568/1726/834 1580/1488/846 1579/1489/847 1567/1727/835
f 1569/1728/836 1581/1490/848 1580/1488/846 1568/1726/834
f 1570/1729/837 1582/1491/849 1581/1490/848 1569/1728/836
f 1571/1730/838 1583/1492/850 1582/1491/849 1570/1729/837
f 1572/1731/839 1584/1493/851 1583/1492/850 1571/1730/838
f 1573/1732/840 1585/1494/852 1584/1493/851 1572/1731/839
f 1574/1733/841 1586/1495/853 1585/1494/852 1573/1732/840
f 1575/1734/842 1587/1496/854 1586/1495/853 1574/1733/841
f 1576/1735/843 1588/1497/855 1587/1496/854 1575/1734/842
f 1577/1736/844 1589/1498/856 1588/1497/855 1576/1735/843
f 1578/1737/845 1590/1499/857 1589/1498/856 1577/1736/844
f 1580/1488/846 1592/1738/858 1591/1739/859 1579/1489/847
f 1581/1490/848 1593/1740/860 1592/1738/858 1580/1488/846
f 1582/1491/849 1594/1741/861 1593/1740/860 1581/1490/848
f 1583/1492/850 1595/1742/862 1594/1741/861 1582/1491/849
f 1584/1493/851 1596/1743/863 1595/1742/862 1583/1492/850
f 1585/1494/852 1597/1744/864 1596/1743/863 1584/1493/851
f 1586/1495/853 1598/1745/865 1597/1744/864 1585/1494/852
f 1587/1496/854 1599/1746/866 1598/1745/865 1586/1495/853
f 1588/1497/855 1600/1747/867 1599/1746/866 1587/1496/854
f 1589/1498/856 1601/1748/868 1600/1747/867 1588/1497/855
f 1590/1499/857 1602/1749/869 1601/1748/868 1589/1498/856
f 1592/1738/858 1604/1750/870 1603/1751/871 1591/1739/859
f 1593/1740/860 1605/1752/872 1604/1750/870 1592/1738/858
f 1594/1741/861 1606/1753/873 1605/1752/872 1593/1740/860
f 1595/1742/862 1607/1754/874 1606/1753/873 1594/1741/861
f 1596/1743/863 1608/1755/875 1607/1754/874 1595/1742/862
f 1597/1744/864 1609/1756/876 1608/1755/875 1596/1743/863
f 1598/1745/865 1610/1757/877 1609/1756/876 1597/1744/864
f 1599/1746/866 1611/1758/878 1610/1757/877 1598/1745/865
f 1600/1747/867 1612/1759/879 1611/1758/878 1599/1746/866
f 1601/1748/868 1613/1760/880 1612/1759/879 1600/1747/867
f 1602/1749/869 1614/1761/881 1613/1760/880 1601/1748/868
f 1604/1750/870 1616/1762/882 1615/1763/883 1603/1751/871
f 1605/1752/872 1617/1764/884 1616/1762/882 1604/1750/870
f 1606/1753/873 1618/1765/885 1617/1764/884 1605/1752/872
f 1607/1754/874 1619/1766/886 1618/1765/885 1606/1753/873
f 1608/1755/875 1620/1767/887 1619/1766/886 1607/1754/874
f 1609/1756/876 1621/1768/888 1620/1767/887 1608/1755/875
f 1610/1757/877 1622/1769/889 1621/1768/888 1609/1756/876
f 1611/1758/878 1623/1770/890 1622/1769/889 1610/1757/877
f 1612/1759/879 1624/1771/891 1623/1770/890 1611/1758/878
f 1613/1760/880 1625/1772/892 1624/1771/891 1612/1759/879
f 1614/1761/881 1626/1773/893 1625/1772/892 1613/1760/880
f 1616/1762/882 1628/1774/894 1627/1775/895 1615/1763/883
f 1617/1764/884 1629/1776/896 1628/1774/894 1616/1762/882
f 1618/1765/885 1630/1777/897 1629/1776/896 1617/1764/884
f 1619/1766/886 1631/1778/898 1630/1777/897 1618/1765/885
f 1620/1767/887 1632/1779/899 1631/1778/898 1619/1766/886
f 1621/1768/888 1633/1780/900 1632/1779/899 1620/1767/887
f 1622/1769/889 1634/1781/901 1633/1780/900 1621/1768/888
f 1623/1770/890 1635/1782/902 1634/1781/901 1622/1769/889
f 1624/1771/891 1636/1783/903 1635/1782/902 1623/1770/890
f 1625/1772/892 1637/1784/904 1636/1783/903 1624/1771/891
f 1626/1773/893 1638/1785/905 1637/1784/904 1625/1772/892
f 1628/1774/894 1640/1786/906 1639/1787/907 1627/1775/895
f 1629/1776/896 1641/1788/908 1640/1786/906 1628/1774/894
f 1630/1777/897 1642/1789/909 1641/1788/908 1629/1776/896
f 1631/1778/898 1643/1790/910 1642/1789/909 1630/1777/897
f 1632/1779/899 1644/1791/911 1643/1790/910 1631/1778/898
f 1633/1780/900 1645/1792/912 1644/1791/911 1632/1779/899
f 1634/1781/901 1646/1793/913 1645/1792/912 1633/1780/900
f 1635/1782/902 1647/1794/914 1646/1793/913 1634/1781/901
f 1636/1783/903 1648/1795/915 1647/1794/914 1635/1782/902
f 1637/1784/904 1649/1796/916 1648/1795/915 1636/1783/903
f 1638/1785/905 1650/1797/917 1649/1796/916 1637/1784/904
f 1640/1786/906 1652/1500/918 1651/1307/919 1639/1787/907
f 1641/1788/908 1653/1501/920 1652/1500/918 1640/1786/906
f 1642/1789/909 1654/1502/921 1653/1501/920 1641/1788/908
f 1643/1790/910 1655/1503/922 1654/1502/921 1642/1789/909
f 1644/1791/911 1656/1504/923 1655/1503/922 1643/1790/910
f 1645/1792/912 1657/1505/924 1656/1504/923 1644/1791/911
f 1646/1793/913 1658/1506/925 1657/1505/924 1645/1792/912
f 1647/1794/914 1659/1507/926 1658/1506/925 1646/1793/913
f 1648/1795/915 1660/1508/927 1659/1507/926 1647/1794/914
f 1649/1796/916 1661/1509/928 1660/1508/927 1648/1795/915
f 1650/1797/917 1662/1510/929 1661/1509/928 1649/1796/916
f 1652/1500/918 1664/1798/930 1663/1799/931 1651/1307/919
f 1653/1501/920 1665/1800/932 1664/1798/930 1652/1500/918
f 1654/1502/921 1666/1801/933 1665/1800/932 1653/1501/920
f 1655/1503/922 1667/1802/934 1666/1801/933 1654/1502/921
f 1656/1504/923 1668/1803/935 1667/1802/934 1655/1503/922
f 1657/1505/924 1669/1804/936 1668/1803/935 1656/1504/923
f 1658/1506/925 1670/1805/937 1669/1804/936 1657/1505/924
f 1659/1507/926 1671/1806/938 1670/1805/937 1658/1506/925
f 1660/1508/927 1672/1807/939 1671/1806/938 1659/1507/926
f 1661/1509/928 1673/1808/940 1672/1807/939 1660/1508/927
f 1662/1510/929 1674/1809/941 1673/1808/940 1661/1509/928
f 1664/1798/930 1676/1810/942 1675/1811/943 1663/1799/931
f 1665/1800/932 1677/1812/944 1676/1810/942 1664/1798/930
f 1666/1801/933 1678/1813/945 1677/1812/944 1665/1800/932
f 1667/1802/934 1679/1814/946 1678/1813/945 1666/1801/933
f 1668/1803/935 1680/1815/947 1679/1814/946 1667/1802/934
f 1669/1804/936 1681/1816/948 1680/1815/947 1668/1803/935
f 1670/1805/937 1682/1817/949 1681/1816/948 1669/1804/936
f 1671/1806/938 1683/1818/950 1682/1817/949 1670/1805/937
f 1672/1807/939 1684/1819/951 1683/1818/950 1671/1806/938
f 1673/1808/940 1685/1820/952 1684/1819/951 1672/1807/939
f 1674/1809/941 1686/1821/953 1685/1820/952 1673/1808/940
f 1676/1810/942 1688/1822/954 1687/1823/955 1675/1811/943
f 1677/1812/944 1689/1824/956 1688/1822/954 1676/1810/942
f 1678/1813/945 1690/1825/957 1689/1824/956 1677/1812/944
f 1679/1814/946 1691/1826/958 1690/1825/957 1678/1813/945
f 1680/1815/947 1692/1827/959 1691/1826/958 1679/1814/946
f 1681/1816/948 1693/1828/960 1692/1827/959 1680/1815/947
f 1682/1817/949 1694/1829/961 1693/1828/960 1681/1816/948
f 1683/1818/950 1695/1830/962 1694/1829/961 1682/1817/949
f 1684/1819/951 1696/1831/963 1695/1830/962 1683/1818/950
f 1685/1820/952 1697/1832/964 1696/1831/963 1684/1819/951
f 1686/1821/953 1698/1833/965 1697/1832/964 1685/1820/952
f 1688/1822/954 1700/1834/966 1699/1835/967 1687/1823/955
f 1689/1824/956 1701/1836/968 1700/1834/966 1688/1822/954
f 1690/1825/957 1702/1837/969 1701/1836/968 1689/1824/956
f 1691/1826/958 1703/1838/970 1702/1837/969 1690/1825/957
f 1692/1827/959 1704/1839/971 1703/1838/970 1691/1826/958
f 1693/1828/960 1705/1840/972 1704/1839/971 1692/1827/959
f 1694/1829/961 1706/1841/973 1705/1840/972 1693/1828/960
f 1695/1830/962 1707/1842/974 1706/1841/973 1694/1829/961
f 1696/1831/963 1708/1843/975 1707/1842/974 1695/1830/962
f 1697/1832/964 1709/1844/976 1708/1843/975 1696/1831/963
f 1698/1833/965 1710/1845/977 1709/1844/976 1697/1832/964
f 1700/1834/966 1712/1846/978 1711/1847/979 1699/1835/967
f 1701/1836/968 1713/1848/980 1712/1846/978 1700/1834/966
f 1702/1837/969 1714/1849/981 1713/1848/980 1701/1836/968
f 1703/1838/970 1715/1850/982 1714/1849/981 1702/1837/969
f 1704/1839/971 1716/1851/983 1715/1850/982 1703/1838/970
f 1705/1840/972 1717/1852/984 1716/1851/983 1704/1839/971
f 1706/1841/973 1718/1853/985 1717/1852/984 1705/1840/972
f 1707/1842/974 1719/1854/986 1718/1853/985 1706/1841/973
f 1708/1843/975 1720/1855/987 1719/1854/986 1707/1842/974
f 1709/1844/976 1721/1856/988 1720/1855/987 1708/1843/975
f 1710/1845/977 1722/1857/989 1721/1856/988 1709/1844/976
f 1712/1846/978 1724/1511/990 1723/1512/991 1711/1847/979
f 1713/1848/980 1725/1513/992 1724/1511/990 1712/1846/978
f 1714/1849/981 1726/1514/993 1725/1513/992 1713/1848/980
f 1715/1850/982 1727/1515/994 1726/1514/993 1714/1849/981
f 1716/1851/983 1728/1516/995 1727/1515/994 1715/1850/982
f 1717/1852/984 1729/1517/996 1728/1516/995 1716/1851/983
f 1718/1853/985 1730/1518/997 1729/1517/996 1717/1852/984
f 1719/1854/986 1731/1519/998 1730/1518/997 1718/1853/985
f 1720/1855/987 1732/1520/999 1731/1519/998 1719/1854/986
f 1721/1856/988 1733/1521/1000 1732/1520/999 1720/1855/987
f 1722/1857/989 1734/1522/1001 1733/1521/1000 1721/1856/988
f 1724/1511/990 1736/1858/1002 1735/1859/1003 1723/1512/991
f 1725/1513/992 1737/1860/1004 1736/1858/1002 1724/1511/990
f 1726/1514/993 1738/1861/1005 1737/1860/1004 1725/1513/992
f 1727/1515/994 1739/1862/1006 1738/1861/1005 1726/1514/993
f 1728/1516/995 1740/1863/1007 1739/1862/1006 1727/1515/994
f 1729/1517/996 1741/1864/1008 1740/1863/1007 1728/1516/995
f 1730/1518/997 1742/1865/1009 1741/1864/1008 1729/1517/996
f 1731/1519/998 1743/1866/1010 1742/1865/1009 1730/1518/997
f 1732/1520/999 1744/1867/1011 1743/1866/1010 1731/1519/998
f 1733/1521/1000 1745/1868/1012 1744/1867/1011 1732/1520/999
f 1734/1522/1001 1746/1869/1013 1745/1868/1012 1733/1521/1000
f 1736/1858/1002 1748/1870/1014 1747/1871/1015 1735/1859/1003
f 1737/1860/1004 1749/1872/1016 1748/1870/1014 1736/1858/1002
f 1738/1861/1005 1750/1873/1017 1749/1872/1016 1737/1860/1004
f 1739/1862/1006 1751/1874/1018 1750/1873/1017 1738/1861/1005
f 1740/1863/1007 1752/1875/1019 1751/1874/1018 1739/1862/1006
f 1741/1864/1008 1753/1876/1020 1752/1875/1019 1740/1863/1007
f 1742/1865/1009 1754/1877/1021 1753/1876/1020 1741/1864/1008
f 1743/1866/1010 1755/1878/1022 1754/1877/1021 1742/1865/1009
f 1744/1867/1011 1756/1879/1023 1755/1878/1022 1743/1866/1010
f 1745/1868/1012 1757/1880/1024 1756/1879/1023 1744/1867/1011
f 1746/1869/1013 1758/1881/1025 1757/1880/1024 1745/1868/1012
f 1748/1870/1014 1760/1882/1026 1759/1883/1027 1747/1871/1015
f 1749/1872/1016 1761/1884/1028 1760/1882/1026 1748/1870/1014
f 1750/1873/1017 1762/1885/1029 1761/1884/1028 1749/1872/1016
f 1751/1874/1018 1763/1886/1030 1762/1885/1029 1750/1873/1017
f 1752/1875/1019 1764/1887/1031 1763/1886/1030 1751/1874/1018
f 1753/1876/1020 1765/1888/1032 1764/1887/1031 1752/1875/1019
f 1754/1877/1021 1766/1889/1033 1765/1888/1032 1753/1876/1020
f 1755/1878/1022 1767/1890/1034 1766/1889/1033 1754/1877/1021
f 1756/1879/1023 1768/1891/1035 1767/1890/1034 1755/1878/1022
f 1757/1880/1024 1769/1892/1036 1768/1891/1035 1756/1879/1023
f 1758/1881/1025 1770/1893/1037 1769/1892/1036 1757/1880/1024
f 1760/1882/1026 1772/1894/1038 1771/1895/1039 1759/1883/1027
f 1761/1884/1028 1773/1896/1040 1772/1894/1038 1760/1882/1026
f 1762/1885/1029 1774/1897/1041 1773/1896/1040 1761/1884/1028
f 1763/1886/1030 1775/1898/1042 1774/1897/1041 1762/1885/1029
f 1764/1887/1031 1776/1899/1043 1775/1898/1042 1763/1886/1030
f 1765/1888/1032 1777/1900/1044 1776/1899/1043 1764/1887/1031
f 1766/1889/1033 1778/1901/1045 1777/1900/1044 1765/1888/1032
f 1767/1890/1034 1779/1902/1046 1778/1901/1045 1766/1889/1033
f 1768/1891/1035 1780/1903/1047 1779/1902/1046 1767/1890/1034
f 1769/1892/1036 1781/1904/1048 1780/1903/1047 1768/1891/1035
f 1770/1893/1037 1782/1905/1049 1781/1904/1048 1769/1892/1036
f 1772/1894/1038 1784/1906/1050 1783/1907/1051 1771/1895/1039
f 1773/1896/1040 1785/1908/1052 1784/1906/1050 1772/1894/1038
f 1774/1897/1041 1786/1909/1053 1785/1908/1052 1773/1896/1040
f 1775/1898/1042 1787/1910/1054 1786/1909/1053 1774/1897/1041
f 1776/1899/1043 1788/1911/1055 1787/1910/1054 1775/1898/1042
f 1777/1900/1044 1789/1912/1056 1788/1911/1055 1776/1899/1043
f 1778/1901/1045 1790/1913/1057 1789/1912/1056 1777/1900/1044
f 1779/1902/1046 1791/1914/1058 1790/1913/1057 1778/1901/1045
f 1780/1903/1047 1792/1915/1059 1791/1914/1058 1779/1902/1046
f 1781/1904/1048 1793/1916/1060 1792/1915/1059 1780/1903/1047
f 1782/1905/1049 1794/1917/1061 1793/1916/1060 1781/1904/1048
f 1784/1906/1050 1796/1523/1062 1795/1524/1063 1783/1907/1051
f 1785/1908/1052 1797/1525/1064 1796/1523/1062 1784/1906/1050
f 1786/1909/1053 1798/1526/1065 1797/1525/1064 1785/1908/1052
f 1787/1910/1054 1799/1527/1066 1798/1526/1065 1786/1909/1053
f 1788/1911/1055 1800/1528/1067 1799/1527/1066 1787/1910/1054
f 1789/1912/1056 1801/1529/1068 1800/1528/1067 1788/1911/1055
f 1790/1913/1057 1802/1530/1069 1801/1529/1068 1789/1912/1056
f 1791/1914/1058 1803/1531/1070 1802/1530/1069 1790/1913/1057
f 1792/1915/1059 1804/1532/1071 1803/1531/1070 1791/1914/1058
f 1793/1916/1060 1805/1533/1072 1804/1532/1071 1792/1915/1059
f 1794/1917/1061 1806/1534/1073 1805/1533/1072 1793/1916/1060
f 1796/1523/1062 1808/1918/1074 1807/1919/1075 1795/1524/1063
f 1797/1525/1064 1809/1920/1076 1808/1918/1074 1796/1523/1062
f 1798/1526/1065 1810/1921/1077 1809/1920/1076 1797/1525/1064
f 1799/1527/1066 1811/1922/1078 1810/1921/1077 1798/1526/1065
f 1800/1528/1067 1812/1923/1079 1811/1922/1078 1799/1527/1066
f 1801/1529/1068 1813/1924/1080 1812/1923/1079 1800/1528/1067
f 1802/1530/1069 1814/1925/1081 1813/1924/1080 1801/1529/1068
f 1803/1531/1070 1815/1926/1082 1814/1925/1081 1802/1530/1069
f 1804/1532/1071 1816/1927/1083 1815/1926/1082 1803/1531/1070
f 1805/1533/1072 1817/1928/1084 1816/1927/1083 1804/1532/1071
f 1806/1534/1073 1818/1929/1085 1817/1928/1084 1805/1533/1072
f 1808/1918/1074 1820/1930/1086 1819/1931/1087 1807/1919/1075
f 1809/1920/1076 1821/1932/1088 1820/1930/1086 1808/1918/1074
f 1810/1921/1077 1822/1933/1089 1821/1932/1088 1809/1920/1076
f 1811/1922/1078 1823/1934/1090 1822/1933/1089 1810/1921/1077
f 1812/1923/1079 1824/1935/1091 1823/1934/1090 1811/1922/1078
f 1813/1924/1080 1825/1936/1092 1824/1935/1091 1812/1923/1079
f 1814/1925/1081 1826/1937/1093 1825/1936/1092 1813/1924/1080
f 1815/1926/1082 1827/1938/1094 1826/1937/1093 1814/1925/1081
f 1816/1927/1083 1828/1939/1095 1827/1938/1094 1815/1926/1082
f 1817/1928/1084 1829/1940/1096 1828/1939/1095 1816/1927/1083
f 1818/1929/1085 1830/1941/1097 1829/1940/1096 1817/1928/1084
f 1820/1930/1086 1832/1942/1098 1831/1943/1099 1819/1931/1087
f 1821/1932/1088 1833/1944/1100 1832/1942/1098 1820/1930/1086
f 1822/1933/1089 1834/1945/1101 1833/1944/1100 1821/1932/1088
f 1823/1934/1090 1835/1946/1102 1834/1945/1101 1822/1933/1089
f 1824/1935/1091 1836/1947/1103 1835/1946/1102 1823/1934/1090
f 1825/1936/1092 1837/1948/1104 1836/1947/1103 1824/1935/1091
f 1826/1937/1093 1838/1949/1105 1837/1948/1104 1825/1936/1092
f 1827/1938/1094 1839/1950/1106 1838/1949/1105 1826/1937/1093
f 1828/1939/1095 1840/1951/1107 1839/1950/1106 1827/1938/1094
f 1829/1940/1096 1841/1952/1108 1840/1951/1107 1828/1939/1095
f 1830/1941/1097 1842/1953/1109 1841/1952/1108 1829/1940/1096
f 1832/1942/1098 1844/1954/1110 1843/1955/1111 1831/1943/1099
f 1833/1944/1100 1845/1956/1112 1844/1954/1110 1832/1942/1098
f 1834/1945/1101 1846/1957/1113 1845/1956/1112 1833/1944/1100
f 1835/1946/1102 1847/1958/1114 1846/1957/1113 1834/1945/1101
f 1836/1947/1103 1848/1959/1115 1847/1958/1114 1835/1946/1102
f 1837/1948/1104 1849/1960/1116 1848/1959/1115 1836/1947/1103
f 1838/1949/1105 1850/1961/1117 1849/1960/1116 1837/1948/1104
f 1839/1950/1106 1851/1962/1118 1850/1961/1117 1838/1949/1105
f 1840/1951/1107 1852/1963/1119 1851/1962/1118 1839/1950/1106
f 1841/1952/1108 1853/1964/1120 1852/1963/1119 1840/1951/1107
f 1842/1953/1109 1854/1965/1121 1853/1964/1120 1841/1952/1108
f 1844/1954/1110 1856/1966/1122 1855/1967/1123 1843/1955/1111
f 1845/1956/1112 1857/1968/1124 1856/1966/1122 1844/1954/1110
f 1846/1957/1113 1858/1969/1125 1857/1968/1124 1845/1956/1112
f 1847/1958/1114 1859/1970/1126 1858/1969/1125 1846/1957/1113
f 1848/1959/1115 1860/1971/1127 1859/1970/1126 1847/1958/1114
f 1849/1960/1116 1861/1972/1128 1860/1971/1127 1848/1959/1115
f 1850/1961/1117 1862/1973/1129 1861/1972/1128 1849/1960/1116
f 1851/1962/1118 1863/1974/1130 1862/1973/1129 1850/1961/1117
f 1852/1963/1119 1864/1975/1131 1863/1974/1130 1851/1962/1118
f 1853/1964/1120 1865/1976/1132 1864/1975/1131 1852/1963/1119
f 1854/1965/1121 1866/1977/1133 1865/1976/1132 1853/1964/1120
f 1856/1966/1122 1868/1535/1134 1867/1536/1135 1855/1967/1123
f 1857/1968/1124 1869/1537/1136 1868/1535/1134 1856/1966/1122
f 1858/1969/1125 1870/1538/1137 1869/1537/1136 1857/1968/1124
f 1859/1970/1126 1871/1539/1138 1870/1538/1137 1858/1969/1125
f 1860/1971/1127 1872/1540/1139 1871/1539/1138 1859/1970/1126
f 1861/1972/1128 1873/1541/1140 1872/1540/1139 1860/1971/1127
f 1862/1973/1129 1874/1542/1141 1873/1541/1140 1861/1972/1128
f 1863/1974/1130 1875/1543/1142 1874/1542/1141 1862/1973/1129
f 1864/1975/1131 1876/1544/1143 1875/1543/1142 1863/1974/1130
f 1865/1976/1132 1877/1545/1144 1876/1544/1143 1864/1975/1131
f 1866/1977/1133 1878/1546/1145 1877/1545/1144 1865/1976/1132
f 1868/1535/1134 1880/1978/1146 1879/1979/1147 1867/1536/1135
f 1869/1537/1136 1881/1980/1148 1880/1978/1146 1868/1535/1134
f 1870/1538/1137 1882/1981/1149 1881/1980/1148 1869/1537/1136
f 1871/1539/1138 1883/1982/1150 1882/1981/1149 1870/1538/1137
f 1872/1540/1139 1884/1983/1151 1883/1982/1150 1871/1539/1138
f 1873/1541/1140 1885/1984/1152 1884/1983/1151 1872/1540/1139
f 1874/1542/1141 1886/1985/1153 1885/1984/1152 1873/1541/1140
f 1875/1543/1142 1887/1986/1154 1886/1985/1153 1874/1542/1141
f 1876/1544/1143 1888/1987/1155 1887/1986/1154 1875/1543/1142
f 1877/1545/1144 1889/1988/1156 1888/1987/1155 1876/1544/1143
f 1878/1546/1145 1890/1989/1157 1889/1988/1156 1877/1545/1144
f 1880/1978/1146 1892/1990/1158 1891/1991/1159 1879/1979/1147
f 1881/1980/1148 1893/1992/1160 1892/1990/1158 1880/1978/1146
f 1882/1981/1149 1894/1993/1161 1893/1992/1160 1881/1980/1148
f 1883/1982/1150 1895/1994/1162 1894/1993/1161 1882/1981/1149
f 1884/1983/1151 1896/1995/1163 1895/1994/1162 1883/1982/1150
f 1885/1984/1152 1897/1996/1164 1896/1995/1163 1884/1983/1151
f 1886/1985/1153 1898/1997/1165 1897/1996/1164 1885/1984/1152
f 1887/1986/1154 1899/1998/1166 1898/1997/1165 1886/1985/1153
f 1888/1987/1155 1900/1999/1167 1899/1998/1166 1887/1986/1154
f 1889/1988/1156 1901/2000/1168 1900/1999/1167 1888/1987/1155
f 1890/1989/1157 1902/2001/1169 1901/2000/1168 1889/1988/1156
f 1892/1990/1158 1904/2002/1170 1903/2003/1171 1891/1991/1159
f 1893/1992/1160 1905/2004/1172 1904/2002/1170 1892/1990/1158
f 1894/1993/1161 1906/2005/1173 1905/2004/1172 1893/1992/1160
f 1895/1994/1162 1907/2006/1174 1906/2005/1173 1894/1993/1161
f 1896/1995/1163 1908/2007/1175 1907/2006/1174 1895/1994/1162
f 1897/1996/1164 1909/2008/1176 1908/2007/1175 1896/1995/1163
f 1898/1997/1165 1910/2009/1177 1909/2008/1176 1897/1996/1164
f 1899/1998/1166 1911/2010/1178 1910/2009/1177 1898/1997/1165
f 1900/1999/1167 1912/2011/1179 1911/2010/1178 1899/1998/1166
f 1901/2000/1168 1913/2012/1180 1912/2011/1179 1900/1999/1167
f 1902/2001/1169 1914/2013/1181 1913/2012/1180 1901/2000/1168
f 1904/2002/1170 1916/2014/1182 1915/2015/1183 1903/2003/1171
f 1905/2004/1172 1917/2016/1184 1916/2014/1182 1904/2002/1170
f 1906/2005/1173 1918/2017/1185 1917/2016/1184 1905/2004/1172
f 1907/2006/1174 1919/2018/1186 1918/2017/1185 1906/2005/1173
f 1908/2007/1175 1920/2019/1187 1919/2018/1186 1907/2006/1174
f 1909/2008/1176 1921/2020/1188 1920/2019/1187 1908/2007/1175
f 1910/2009/1177 1922/2021/1189 1921/2020/1188 1909/2008/1176
f 1911/2010/1178 1923/2022/1190 1922/2021/1189 1910/2009/1177
f 1912/2011/1179 1924/2023/1191 1923/2022/1190 1911/2010/1178
f 1913/2012/1180 1925/2024/1192 1924/2023/1191 1912/2011/1179
f 1914/2013/1181 1926/2025/1193 1925/2024/1192 1913/2012/1180
f 1916/2014/1182 1928/2026/1194 1927/2027/1195 1915/2015/1183
f 1917/2016/1184 1929/2028/1196 1928/2026/1194 1916/2014/1182
f 1918/2017/1185 1930/2029/1197 1929/2028/1196 1917/2016/1184
f 1919/2018/1186 1931/2030/1198 1930/2029/1197 1918/2017/1185
f 1920/2019/1187 1932/2031/1199 1931/2030/1198 1919/2018/1186
f 1921/2020/1188 1933/2032/1200 1932/2031/1199 1920/2019/1187
f 1922/2021/1189 1934/2033/1201 1933/2032/1200 1921/2020/1188
f 1923/2022/1190 1935/2034/1202 1934/2033/1201 1922/2021/1189
f 1924/2023/1191 1936/2035/1203 1935/2034/1202 1923/2022/1190
f 1925/2024/1192 1937/2036/1204 1936/2035/1203 1924/2023/1191
f 1926/2025/1193 1938/2037/1205 1937/2036/1204 1925/2024/1192
f 1928/2026/1194 1364/1547/630 1363/1301/633 1927/2027/1195
f 1929/2028/1196 1365/1548/634 1364/1547/630 1928/2026/1194
f 1930/2029/1197 1366/1549/636 1365/1548/634 1929/2028/1196
f 1931/2030/1198 1367/1550/638 1366/1549/636 1930/2029/1197
f 1932/2031/1199 1368/1551/640 1367/1550/638 1931/2030/1198
f 1933/2032/1200 1369/1552/642 1368/1551/640 1932/2031/1199
f 1934/2033/1201 1370/1553/644 1369/1552/642 1933/2032/1200
f 1935/2034/1202 1371/1554/646 1370/1553/644 1934/2033/1201
f 1936/2035/1203 1372/1555/648 1371/1554/646 1935/2034/1202
f 1937/2036/1204 1373/1556/650 1372/1555/648 1936/2035/1203
f 1938/2037/1205 1374/1557/652 1373/1556/650 1937/2036/1204
f 1940/1453/1206 1952/1558/1207 1951/1559/1208 1939/1300/1209
f 1941/1456/1210 1953/1560/1211 1952/1558/1207 1940/1453/1206
f 1942/1458/1212 1954/1561/1213 1953/1560/1211 1941/1456/1210
f 1943/1460/1214 1955/1562/1215 1954/1561/1213 1942/1458/1212
f 1944/1462/1216 1956/1563/1217 1955/1562/1215 1943/1460/1214
f 1945/1464/1218 1957/1564/1219 1956/1563/1217 1944/1462/1216
f 1946/1466/1220 1958/1565/1221 1957/1564/1219 1945/1464/1218
f 1947/1468/1222 1959/1566/1223 1958/1565/1221 1946/1466/1220
f 1948/1470/1224 1960/1567/1225 1959/1566/1223 1947/1468/1222
f 1949/1472/1226 1961/1568/1227 1960/1567/1225 1948/1470/1224
f 1950/1474/1228 1962/1569/1229 1961/1568/1227 1949/1472/1226
f 1952/1558/1207 1964/1570/1230 1963/1571/1231 1951/1559/1208
f 1953/1560/1211 1965/1572/1232 1964/1570/1230 1952/1558/1207
f 1954/1561/1213 1966/1573/1233 1965/1572/1232 1953/1560/1211
f 1955/1562/1215 1967/1574/1234 1966/1573/1233 1954/1561/1213
f 1956/1563/1217 1968/1575/1235 1967/1574/1234 1955/1562/1215
f 1957/1564/1219 1969/1576/1236 1968/1575/1235 1956/1563/1217
f 1958/1565/1221 1970/1577/1237 1969/1576/1236 1957/1564/1219
f 1959/1566/1223 1971/1578/1238 1970/1577/1237 1958/1565/1221
f 1960/1567/1225 1972/1579/1239 1971/1578/1238 1959/1566/1223
f 1961/1568/1227 1973/1580/1240 1972/1579/1239 1960/1567/1225
f 1962/1569/1229 1974/1581/1241 1973/1580/1240 1961/1568/1227
f 1964/1570/1230 1976/1582/1242 1975/1583/1243 1963/1571/1231
f 1965/1572/1232 1977/1584/1244 1976/1582/1242 1964/1570/1230
f 1966/1573/1233 1978/1585/1245 1977/1584/1244 1965/1572/1232
f 1967/1574/1234 1979/1586/1246 1978/1585/1245 1966/1573/1233
f 1968/1575/1235 1980/1587/1247 1979/1586/1246 1967/1574/1234
f 1969/1576/1236 1981/1588/1248 1980/1587/1247 1968/1575/1235
f 1970/1577/1237 1982/1589/1249 1981/1588/1248 1969/1576/1236
f 1971/1578/1238 1983/1590/1250 1982/1589/1249 1970/1577/1237
f 1972/1579/1239 1984/1591/1251 1983/1590/1250 1971/1578/1238
f 1973/1580/1240 1985/1592/1252 1984/1591/1251 1972/1579/1239
f 1974/1581/1241 1986/1593/1253 1985/1592/1252 1973/1580/1240
f 1976/1582/1242 1988/1594/1254 1987/1595/1255 1975/1583/1243
f 1977/1584/1244 1989/1596/1256 1988/1594/1254 1976/1582/1242
f 1978/1585/1245 1990/1597/1257 1989/1596/1256 1977/1584/1244
f 1979/1586/1246 1991/1598/1258 1990/1597/1257 1978/1585/1245
f 1980/1587/1247 1992/1599/1259 1991/1598/1258 1979/1586/1246
f 1981/1588/1248 1993/1600/1260 1992/1599/1259 1980/1587/1247
f 1982/1589/1249 1994/1601/1261 1993/1600/1260 1981/1588/1248
f 1983/1590/1250 1995/1602/1262 1994/1601/1261 1982/1589/1249
f 1984/1591/1251 1996/1603/1263 1995/1602/1262 1983/1590/1250
f 1985/1592/1252 1997/1604/1264 1996/1603/1263 1984/1591/1251
f 1986/1593/1253 1998/1605/1265 1997/1604/1264 1985/1592/1252
f 1988/1594/1254 2000/1606/1266 1999/1607/1267 1987/1595/1255
f 1989/1596/1256 2001/1608/1268 2000/1606/1266 1988/1594/1254
f 1990/1597/1257 2002/1609/1269 2001/1608/1268 1989/1596/1256
f 1991/1598/1258 2003/1610/1270 2002/1609/1269 1990/1597/1257
f 1992/1599/1259 2004/1611/1271 2003/1610/1270 1991/1598/1258
f 1993/1600/1260 2005/1612/1272 2004/1611/1271 1992/1599/1259
f 1994/1601/1261 2006/1613/1273 2005/1612/1272 1993/1600/1260
f 1995/1602/1262 2007/1614/1274 2006/1613/1273 1994/1601/1261
f 1996/1603/1263 2008/1615/1275 2007/1614/1274 1995/1602/1262
f 1997/1604/1264 2009/1616/1276 2008/1615/1275 1996/1603/1263
f 1998/1605/1265 2010/1617/1277 2009/1616/1276 1997/1604/1264
f 2000/1606/1266 2012/1454/1278 2011/1455/1279 1999/1607/1267
f 2001/1608/1268 2013/1457/1280 2012/1454/1278 2000/1606/1266
f 2002/1609/1269 2014/1459/1281 2013/1457/1280 2001/1608/1268
f 2003/1610/1270 2015/1461/1282 2014/1459/1281 2002/1609/1269
f 2004/1611/1271 2016/1463/1283 2015/1461/1282 2003/1610/1270
f 2005/1612/1272 2017/1465/1284 2016/1463/1283 2004/1611/1271
f 2006/1613/1273 2018/1467/1285 2017/1465/1284 2005/1612/1272
f 2007/1614/1274 2019/1469/1286 2018/1467/1285 2006/1613/1273
f 2008/1615/1275 2020/1471/1287 2019/1469/1286 2007/1614/1274
f 2009/1616/1276 2021/1473/1288 2020/1471/1287 2008/1615/1275
f 2010/1617/1277 2022/1475/1289 2021/1473/1288 2009/1616/1276
f 2012/1454/1278 2024/1618/1290 2023/1619/1291 2011/1455/1279
f 2013/1457/1280 2025/1620/1292 2024/1618/1290 2012/1454/1278
f 2014/1459/1281 2026/1621/1293 2025/1620/1292 2013/1457/1280
f 2015/1461/1282 2027/1622/1294 2026/1621/1293 2014/1459/1281
f 2016/1463/1283 2028/1623/1295 2027/1622/1294 2015/1461/1282
f 2017/1465/1284 2029/1624/1296 2028/1623/1295 2016/1463/1283
f 2018/1467/1285 2030/1625/1297 2029/1624/1296 2017/1465/1284
f 2019/1469/1286 2031/1626/1298 2030/1625/1297 2018/1467/1285
f 2020/1471/1287 2032/1627/1299 2031/1626/1298 2019/1469/1286
f 2021/1473/1288 2033/1628/1300 2032/1627/1299 2020/1471/1287
f 2022/1475/1289 2034/1629/1301 2033/1628/1300 2021/1473/1288
f 2024/1618/1290 2036/1630/1302 2035/1631/1303 2023/1619/1291
f 2025/1620/1292 2037/1632/1304 2036/1630/1302 2024/1618/1290
f 2026/1621/1293 2038/1633/1305 2037/1632/1304 2025/1620/1292
f 2027/1622/1294 2039/1634/1306 2038/1633/1305 2026/1621/1293
f 2028/1623/1295 2040/1635/1307 2039/1634/1306 2027/1622/1294
f 2029/1624/1296 2041/1636/1308 2040/1635/1307 2028/1623/1295
f 2030/1625/1297 2042/1637/1309 2041/1636/1308 2029/1624/1296
f 2031/1626/1298 2043/1638/1310 2042/1637/1309 2030/1625/1297
f 2032/1627/1299 2044/1639/1311 2043/1638/1310 2031/1626/1298
f 2033/1628/1300 2045/1640/1312 2044/1639/1311 2032/1627/1299
f 2034/1629/1301 2046/1641/1313 2045/1640/1312 2033/1628/1300
f 2036/1630/1302 2048/1642/1314 2047/1643/1315 2035/1631/1303
f 2037/1632/1304 2049/1644/1316 2048/1642/1314 2036/1630/1302
f 2038/1633/1305 2050/1645/1317 2049/1644/1316 2037/1632/1304
f 2039/1634/1306 2051/1646/1318 2050/1645/1317 2038/1633/1305
f 2040/1635/1307 2052/1647/1319 2051/1646/1318 2039/1634/1306
f 2041/1636/1308 2053/1648/1320 2052/1647/1319 2040/1635/1307
f 2042/1637/1309 2054/1649/1321 2053/1648/1320 2041/1636/1308
f 2043/1638/1310 2055/1650/1322 2054/1649/1321 2042/1637/1309
f 2044/1639/1311 2056/1651/1323 2055/1650/1322 2043/1638/1310
f 2045/1640/1312 2057/1652/1324 2056/1651/1323 2044/1639/1311
f 2046/1641/1313 2058/1653/1325 2057/1652/1324 2045/1640/1312
f 2048/1642/1314 2060/1654/1326 2059/1655/1063 2047/1643/1315
f 2049/1644/1316 2061/1656/1327 2060/1654/1326 2048/1642/1314
f 2050/1645/1317 2062/1657/1328 2061/1656/1327 2049/1644/1316
f 2051/1646/1318 2063/1658/1329 2062/1657/1328 2050/1645/1317
f 2052/1647/1319 2064/1659/1330 2063/1658/1329 2051/1646/1318
f 2053/1648/1320 2065/1660/1331 2064/1659/1330 2052/1647/1319
f 2054/1649/1321 2066/1661/1332 2065/1660/1331 2053/1648/1320
f 2055/1650/1322 2067/1662/1333 2066/1661/1332 2054/1649/1321
f 2056/1651/1323 2068/1663/1334 2067/1662/1333 2055/1650/1322
f 2057/1652/1324 2069/1664/1335 2068/1663/1334 2056/1651/1323
f 2058/1653/1325 2070/1665/1073 2069/1664/1335 2057/1652/1324
f 2060/1654/1326 2072/1666/1336 2071/1667/1051 2059/1655/1063
f 2061/1656/1327 2073/1668/1337 2072/1666/1336 2060/1654/1326
f 2062/1657/1328 2074/1669/1338 2073/1668/1337 2061/1656/1327
f 2063/1658/1329 2075/1670/1339 2074/1669/1338 2062/1657/1328
f 2064/1659/1330 2076/1671/1340 2075/1670/1339 2063/1658/1329
f 2065/1660/1331 2077/1672/1341 2076/1671/1340 2064/1659/1330
f 2066/1661/1332 2078/1673/1342 2077/1672/1341 2065/1660/1331
f 2067/1662/1333 2079/1674/1343 2078/1673/1342 2066/1661/1332
f 2068/1663/1334 2080/1675/1344 2079/1674/1343 2067/1662/1333
f 2069/1664/1335 2081/1676/1345 2080/1675/1344 2068/1663/1334
f 2070/1665/1073 2082/1677/1061 2081/1676/1345 2069/1664/1335
f 2072/1666/1336 2084/1476/1346 2083/1477/1347 2071/1667/1051
f 2073/1668/1337 2085/1478/1348 2084/1476/1346 2072/1666/1336
f 2074/1669/1338 2086/1479/1349 2085/1478/1348 2073/1668/1337
f 2075/1670/1339 2087/1480/1350 2086/1479/1349 2074/1669/1338
f 2076/1671/1340 2088/1481/1351 2087/1480/1350 2075/1670/1339
f 2077/1672/1341 2089/1482/1352 2088/1481/1351 2076/1671/1340
f 2078/1673/1342 2090/1483/1353 2089/1482/1352 2077/1672/1341
f 2079/1674/1343 2091/1484/1354 2090/1483/1353 2078/1673/1342
f 2080/1675/1344 2092/1485/1355 2091/1484/1354 2079/1674/1343
f 2081/1676/1345 2093/1486/1356 2092/1485/1355 2080/1675/1344
f 2082/1677/1061 2094/1487/1357 2093/1486/1356 2081/1676/1345
f 2084/1476/1346 2096/1678/1358 2095/1679/1359 2083/1477/1347
f 2085/1478/1348 2097/1680/1360 2096/1678/1358 2084/1476/1346
f 2086/1479/1349 2098/1681/1361 2097/1680/1360 2085/1478/1348
f 2087/1480/1350 2099/1682/1362 2098/1681/1361 2086/1479/1349
f 2088/1481/1351 2100/1683/1363 2099/1682/1362 2087/1480/1350
f 2089/1482/1352 2101/1684/1364 2100/1683/1363 2088/1481/1351
f 2090/1483/1353 2102/1685/1365 2101/1684/1364 2089/1482/1352
f 2091/1484/1354 2103/1686/1366 2102/1685/1365 2090/1483/1353
f 2092/1485/1355 2104/1687/1367 2103/1686/1366 2091/1484/1354
f 2093/1486/1356 2105/1688/1368 2104/1687/1367 2092/1485/1355
f 2094/1487/1357 2106/1689/1369 2105/1688/1368 2093/1486/1356
f 2096/1678/1358 2108/1690/1370 2107/1691/1371 2095/1679/1359
f 2097/1680/1360 2109/1692/1372 2108/1690/1370 2096/1678/1358
f 2098/1681/1361 2110/1693/1373 2109/1692/1372 2097/1680/1360
f 2099/1682/1362 2111/1694/1374 2110/1693/1373 2098/1681/1361
f 2100/1683/1363 2112/1695/1375 2111/1694/1374 2099/1682/1362
f 2101/1684/1364 2113/1696/1376 2112/1695/1375 2100/1683/1363
f 2102/1685/1365 2114/1697/1377 2113/1696/1376 2101/1684/1364
f 2103/1686/1366 2115/1698/1378 2114/1697/1377 2102/1685/1365
f 2104/1687/1367 2116/1699/1379 2115/1698/1378 2103/1686/1366
f 2105/1688/1368 2117/1700/1380 2116/1699/1379 2104/1687/1367
f 2106/1689/1369 2118/1701/1381 2117/1700/1380 2105/1688/1368
f 2108/1690/1370 2120/1702/1382 2119/1703/1383 2107/1691/1371
f 2109/1692/1372 2121/1704/1384 2120/1702/1382 2108/1690/1370
f 2110/1693/1373 2122/1705/1385 2121/1704/1384 2109/1692/1372
f 2111/1694/1374 2123/1706/1386 2122/1705/1385 2110/1693/1373
f 2112/1695/1375 2124/1707/1387 2123/1706/1386 2111/1694/1374
f 2113/1696/1376 2125/1708/1388 2124/1707/1387 2112/1695/1375
f 2114/1697/1377 2126/1709/1389 2125/1708/1388 2113/1696/1376
f 2115/1698/1378 2127/1710/1390 2126/1709/1389 2114/1697/1377
f 2116/1699/1379 2128/1711/1391 2127/1710/1390 2115/1698/1378
f 2117/1700/1380 2129/1712/1392 2128/1711/1391 2116/1699/1379
f 2118/1701/1381 2130/1713/1393 2129/1712/1392 2117/1700/1380
f 2120/1702/1382 2132/1714/1394 2131/1715/1395 2119/1703/1383
f 2121/1704/1384 2133/1716/1396 2132/1714/1394 2120/1702/1382
f 2122/1705/1385 2134/1717/1397 2133/1716/1396 2121/1704/1384
f 2123/1706/1386 2135/1718/1398 2134/1717/1397 2122/1705/1385
f 2124/1707/1387 2136/1719/1399 2135/1718/1398 2123/1706/1386
f 2125/1708/1388 2137/1720/1400 2136/1719/1399 2124/1707/1387
f 2126/1709/1389 2138/1721/1401 2137/1720/1400 2125/1708/1388
f 2127/1710/1390 2139/1722/1402 2138/1721/1401 2126/1709/1389
f 2128/1711/1391 2140/1723/1403 2139/1722/1402 2127/1710/1390
f 2129/1712/1392 2141/1724/1404 2140/1723/1403 2128/1711/1391
f 2130/1713/1393 2142/1725/1405 2141/1724/1404 2129/1712/1392
f 2132/1714/1394 2144/1726/1406 2143/1727/1407 2131/1715/1395
f 2133/1716/1396 2145/1728/1408 2144/1726/1406 2132/1714/1394
f 2134/1717/1397 2146/1729/1409 2145/1728/1408 2133/1716/1396
f 2135/1718/1398 2147/1730/1410 2146/1729/1409 2134/1717/1397
f 2136/1719/1399 2148/1731/1411 2147/1730/1410 2135/1718/1398
f 2137/1720/1400 2149/1732/1412 2148/1731/1411 2136/1719/1399
f 2138/1721/1401 2150/1733/1413 2149/1732/1412 2137/1720/1400
f 2139/1722/1402 2151/1734/1414 2150/1733/1413 2138/1721/1401
f 2140/1723/1403 2152/1735/1415 2151/1734/1414 2139/1722/1402
f 2141/1724/1404 2153/1736/1416 2152/1735/1415 2140/1723/1403
f 2142/1725/1405 2154/1737/1417 2153/1736/1416 2141/1724/1404
f 2144/1726/1406 2156/1488/1418 2155/1489/1419 2143/1727/1407
f 2145/1728/1408 2157/1490/1420 2156/1488/1418 2144/1726/1406
f 2146/1729/1409 2158/1491/1421 2157/1490/1420 2145/1728/1408
f 2147/1730/1410 2159/1492/1422 2158/1491/1421 2146/1729/1409
f 2148/1731/1411 2160/1493/1423 2159/1492/1422 2147/1730/1410
f 2149/1732/1412 2161/1494/1424 2160/1493/1423 2148/1731/1411
f 2150/1733/1413 2162/1495/1425 2161/1494/1424 2149/1732/1412
f 2151/1734/1414 2163/1496/1426 2162/1495/1425 2150/1733/1413
f 2152/1735/1415 2164/1497/1427 2163/1496/1426 2151/1734/1414
f 2153/1736/1416 2165/1498/1428 2164/1497/1427 2152/1735/1415
f 2154/1737/1417 2166/1499/1429 2165/1498/1428 2153/1736/1416
f 2156/1488/1418 2168/1738/1430 2167/1739/1431 2155/1489/1419
f 2157/1490/1420 2169/1740/1432 2168/1738/1430 2156/1488/1418
f 2158/1491/1421 2170/1741/1433 2169/1740/1432 2157/1490/1420
f 2159/1492/1422 2171/1742/1434 2170/1741/1433 2158/1491/1421
f 2160/1493/1423 2172/1743/1435 2171/1742/1434 2159/1492/1422
f 2161/1494/1424 2173/1744/1436 2172/1743/1435 2160/1493/1423
f 2162/1495/1425 2174/1745/1437 2173/1744/1436 2161/1494/1424
f 2163/1496/1426 2175/1746/1438 2174/1745/1437 2162/1495/1425
f 2164/1497/1427 2176/1747/1439 2175/1746/1438 2163/1496/1426
f 2165/1498/1428 2177/1748/1440 2176/1747/1439 2164/1497/1427
f 2166/1499/1429 2178/1749/1441 2177/1748/1440 2165/1498/1428
f 2168/1738/1430 2180/1750/1442 2179/1751/1443 2167/1739/1431
f 2169/1740/1432 2181/1752/1444 2180/1750/1442 2168/1738/1430
f 2170/1741/1433 2182/1753/1445 2181/1752/1444 2169/1740/1432
f 2171/1742/1434 2183/1754/1446 2182/1753/1445 2170/1741/1433
f 2172/1743/1435 2184/1755/1447 2183/1754/1446 2171/1742/1434
f 2173/1744/1436 2185/1756/1448 2184/1755/1447 2172/1743/1435
f 2174/1745/1437 2186/1757/1449 2185/1756/1448 2173/1744/1436
f 2175/1746/1438 2187/1758/1450 2186/1757/1449 2174/1745/1437
f 2176/1747/1439 2188/1759/1451 2187/1758/1450 2175/1746/1438
f 2177/1748/1440 2189/1760/1452 2188/1759/1451 2176/1747/1439
f 2178/1749/1441 2190/1761/1453 2189/1760/1452 2177/1748/1440
f 2180/1750/1442 2192/1762/1454 2191/1763/1455 2179/1751/1443
f 2181/1752/1444 2193/1764/1456 2192/1762/1454 2180/1750/1442
f 2182/1753/1445 2194/1765/1457 2193/1764/1456 2181/1752/1444
f 2183/1754/1446 2195/1766/1458 2194/1765/1457 2182/1753/1445
f 2184/1755/1447 2196/1767/1459 2195/1766/1458 2183/1754/1446
f 2185/1756/1448 2197/1768/1460 2196/1767/1459 2184/1755/1447
f 2186/1757/1449 2198/1769/1461 2197/1768/1460 2185/1756/1448
f 2187/1758/1450 2199/1770/1462 2198/1769/1461 2186/1757/1449
f 2188/1759/1451 2200/1771/1463 2199/1770/1462 2187/1758/1450
f 2189/1760/1452 2201/1772/1464 2200/1771/1463 2188/1759/1451
f 2190/1761/1453 2202/1773/1465 2201/1772/1464 2189/1760/1452
f 2192/1762/1454 2204/1774/1466 2203/1775/1467 2191/1763/1455
f 2193/1764/1456 2205/1776/1468 2204/1774/1466 2192/1762/1454
f 2194/1765/1457 2206/1777/1469 2205/1776/1468 2193/1764/1456
f 2195/1766/1458 2207/1778/1470 2206/1777/1469 2194/1765/1457
f 2196/1767/1459 2208/1779/1471 2207/1778/1470 2195/1766/1458
f 2197/1768/1460 2209/1780/1472 2208/1779/1471 2196/1767/1459
f 2198/1769/1461 2210/1781/1473 2209/1780/1472 2197/1768/1460
f 2199/1770/1462 2211/1782/1474 2210/1781/1473 2198/1769/1461
f 2200/1771/1463 2212/1783/1475 2211/1782/1474 2199/1770/1462
f 2201/1772/1464 2213/1784/1476 2212/1783/1475 2200/1771/1463
f 2202/1773/1465 2214/1785/1477 2213/1784/1476 2201/1772/1464
f 2204/1774/1466 2216/1786/1478 2215/1787/1479 2203/1775/1467
f 2205/1776/1468 2217/1788/1480 2216/1786/1478 2204/1774/1466
f 2206/1777/1469 2218/1789/1481 2217/1788/1480 2205/1776/1468
f 2207/1778/1470 2219/1790/1482 2218/1789/1481 2206/1777/1469
f 2208/1779/1471 2220/1791/1483 2219/1790/1482 2207/1778/1470
f 2209/1780/1472 2221/1792/1484 2220/1791/1483 2208/1779/1471
f 2210/1781/1473 2222/1793/1485 2221/1792/1484 2209/1780/1472
f 2211/1782/1474 2223/1794/1486 2222/1793/1485 2210/1781/1473
f 2212/1783/1475 2224/1795/1487 2223/1794/1486 2211/1782/1474
f 2213/1784/1476 2225/1796/1488 2224/1795/1487 2212/1783/1475
f 2214/1785/1477 2226/1797/1489 2225/1796/1488 2213/1784/1476
f 2216/1786/1478 2228/1500/1490 2227/1307/1491 2215/1787/1479
f 2217/1788/1480 2229/1501/1492 2228/1500/1490 2216/1786/1478
f 2218/1789/1481 2230/1502/1493 2229/1501/1492 2217/1788/1480
f 2219/1790/1482 2231/1503/1494 2230/1502/1493 2218/1789/1481
f 2220/1791/1483 2232/1504/1495 2231/1503/1494 2219/1790/1482
f 2221/1792/1484 2233/1505/1496 2232/1504/1495 2220/1791/1483
f 2222/1793/1485 2234/1506/1497 2233/1505/1496 2221/1792/1484
f 2223/1794/1486 2235/1507/1498 2234/1506/1497 2222/1793/1485
f 2224/1795/1487 2236/1508/1499 2235/1507/1498 2223/1794/1486
f 2225/1796/1488 2237/1509/1500 2236/1508/1499 2224/1795/1487
f 2226/1797/1489 2238/1510/1501 2237/1509/1500 2225/1796/1488
f 2228/1500/1490 2240/1798/1502 2239/1799/1503 2227/1307/1491
f 2229/1501/1492 2241/1800/1504 2240/1798/1502 2228/1500/1490
f 2230/1502/1493 2242/1801/1505 2241/1800/1504 2229/1501/1492
f 2231/1503/1494 2243/1802/1506 2242/1801/1505 2230/1502/1493
f 2232/1504/1495 2244/1803/1507 2243/1802/1506 2231/1503/1494
f 2233/1505/1496 2245/1804/1508 2244/1803/1507 2232/1504/1495
f 2234/1506/1497 2246/1805/1509 2245/1804/1508 2233/1505/1496
f 2235/1507/1498 2247/1806/1510 2246/1805/1509 2234/1506/1497
f 2236/1508/1499 2248/1807/1511 2247/1806/1510 2235/1507/1498
f 2237/1509/1500 2249/1808/1512 2248/1807/1511 2236/1508/1499
f 2238/1510/1501 2250/1809/1513 2249/1808/1512 2237/1509/1500
f 2240/1798/1502 2252/1810/1514 2251/1811/1515 2239/1799/1503
f 2241/1800/1504 2253/1812/1516 2252/1810/1514 2240/1798/1502
f 2242/1801/1505 2254/1813/1517 2253/1812/1516 2241/1800/1504
f 2243/1802/1506 2255/1814/1518 2254/1813/1517 2242/1801/1505
f 2244/1803/1507 2256/1815/1519 2255/1814/1518 2243/1802/1506
f 2245/1804/1508 2257/1816/1520 2256/1815/1519 2244/1803/1507
f 2246/1805/1509 2258/1817/1521 2257/1816/1520 2245/1804/1508
f 2247/1806/1510 2259/1818/1522 2258/1817/1521 2246/1805/1509
f 2248/1807/1511 2260/1819/1523 2259/1818/1522 2247/1806/1510
f 2249/1808/1512 2261/1820/1524 2260/1819/1523 2248/1807/1511
f 2250/1809/1513 2262/1821/1525 2261/1820/1524 2249/1808/1512
f 2252/1810/1514 2264/1822/1526 2263/1823/1527 2251/1811/1515
f 2253/1812/1516 2265/1824/1528 2264/1822/1526 2252/1810/1514
f 2254/1813/1517 2266/1825/1529 2265/1824/1528 2253/1812/1516
f 2255/1814/1518 2267/1826/1530 2266/1825/1529 2254/1813/1517
f 2256/1815/1519 2268/1827/1531 2267/1826/1530 2255/1814/1518
f 2257/1816/1520 2269/1828/1532 2268/1827/1531 2256/1815/1519
f 2258/1817/1521 2270/1829/1533 2269/1828/1532 2257/1816/1520
f 2259/1818/1522 2271/1830/1534 2270/1829/1533 2258/1817/1521
f 2260/1819/1523 2272/1831/1535 2271/1830/1534 2259/1818/1522
f 2261/1820/1524 2273/1832/1536 2272/1831/1535 2260/1819/1523
f 2262/1821/1525 2274/1833/1537 2273/1832/1536 2261/1820/1524
f 2264/1822/1526 2276/1834/1538 2275/1835/1539 2263/1823/1527
f 2265/1824/1528 2277/1836/1540 2276/1834/1538 2264/1822/1526
f 2266/1825/1529 2278/1837/1541 2277/1836/1540 2265/1824/1528
f 2267/1826/1530 2279/1838/1542 2278/1837/1541 2266/1825/1529
f 2268/1827/1531 2280/1839/1543 2279/1838/1542 2267/1826/1530
f 2269/1828/1532 2281/1840/1544 2280/1839/1543 2268/1827/1531
f 2270/1829/1533 2282/1841/1545 2281/1840/1544 2269/1828/1532
f 2271/1830/1534 2283/1842/1546 2282/1841/1545 2270/1829/1533
f 2272/1831/1535 2284/1843/1547 2283/1842/1546 2271/1830/1534
f 2273/1832/1536 2285/1844/1548 2284/1843/1547 2272/1831/1535
f 2274/1833/1537 2286/1845/1549 2285/1844/1548 2273/1832/1536
f 2276/1834/1538 2288/1846/1550 2287/1847/1551 2275/1835/1539
f 2277/1836/1540 2289/1848/1552 2288/1846/1550 2276/1834/1538
f 2278/1837/1541 2290/1849/1553 2289/1848/1552 2277/1836/1540
f 2279/1838/1542 2291/1850/1554 2290/1849/1553 2278/1837/1541
f 2280/1839/1543 2292/1851/1555 2291/1850/1554 2279/1838/1542
f 2281/1840/1544 2293/1852/1556 2292/1851/1555 2280/1839/1543
f 2282/1841/1545 2294/1853/1557 2293/1852/1556 2281/1840/1544
f 2283/1842/1546 2295/1854/1558 2294/1853/1557 2282/1841/1545
f 2284/1843/1547 2296/1855/1559 2295/1854/1558 2283/1842/1546
f 2285/1844/1548 2297/1856/1560 2296/1855/1559 2284/1843/1547
f 2286/1845/1549 2298/1857/1561 2297/1856/1560 2285/1844/1548
f 2288/1846/1550 2300/1511/1562 2299/1512/1563 2287/1847/1551
f 2289/1848/1552 2301/1513/1564 2300/1511/1562 2288/1846/1550
f 2290/1849/1553 2302/1514/1565 2301/1513/1564 2289/1848/1552
f 2291/1850/1554 2303/1515/1566 2302/1514/1565 2290/1849/1553
f 2292/1851/1555 2304/1516/1567 2303/1515/1566 2291/1850/1554
f 2293/1852/1556 2305/1517/1568 2304/1516/1567 2292/1851/1555
f 2294/1853/1557 2306/1518/1569 2305/1517/1568 2293/1852/1556
f 2295/1854/1558 2307/1519/1570 2306/1518/1569 2294/1853/1557
f 2296/1855/1559 2308/1520/1571 2307/1519/1570 2295/1854/1558
f 2297/1856/1560 2309/1521/1572 2308/1520/1571 2296/1855/1559
f 2298/1857/1561 2310/1522/1573 2309/1521/1572 2297/1856/1560
f 2300/1511/1562 2312/1858/1574 2311/1859/1575 2299/1512/1563
f 2301/1513/1564 2313/1860/1576 2312/1858/1574 2300/1511/1562
f 2302/1514/1565 2314/1861/1577 2313/1860/1576 2301/1513/1564
f 2303/1515/1566 2315/1862/1578 2314/1861/1577 2302/1514/1565
f 2304/1516/1567 2316/1863/1579 2315/1862/1578 2303/1515/1566
f 2305/1517/1568 2317/1864/1580 2316/1863/1579 2304/1516/1567
f 2306/1518/1569 2318/1865/1581 2317/1864/1580 2305/1517/1568
f 2307/1519/1570 2319/1866/1582 2318/1865/1581 2306/1518/1569
f 2308/1520/1571 2320/1867/1583 2319/1866/1582 2307/1519/1570
f 2309/1521/1572 2321/1868/1584 2320/1867/1583 2308/1520/1571
f 2310/1522/1573 2322/1869/1585 2321/1868/1584 2309/1521/1572
f 2312/1858/1574 2324/1870/1586 2323/1871/1587 2311/1859/1575
f 2313/1860/1576 2325/1872/1588 2324/1870/1586 2312/1858/1574
f 2314/1861/1577 2326/1873/1589 2325/1872/1588 2313/1860/1576
f 2315/1862/1578 2327/1874/1590 2326/1873/1589 2314/1861/1577
f 2316/1863/1579 2328/1875/1591 2327/1874/1590 2315/1862/1578
f 2317/1864/1580 2329/1876/1592 2328/1875/1591 2316/1863/1579
f 2318/1865/1581 2330/1877/1593 2329/1876/1592 2317/1864/1580
f 2319/1866/1582 2331/1878/1594 2330/1877/1593 2318/1865/1581
f 2320/1867/1583 2332/1879/1595 2331/1878/1594 2319/1866/1582
f 2321/1868/1584 2333/1880/1596 2332/1879/1595 2320/1867/1583
f 2322/1869/1585 2334/1881/1597 2333/1880/1596 2321/1868/1584
f 2324/1870/1586 2336/1882/1598 2335/1883/1599 2323/1871/1587
f 2325/1872/1588 2337/1884/1600 2336/1882/1598 2324/1870/1586
f 2326/1873/1589 2338/1885/1601 2337/1884/1600 2325/1872/1588
f 2327/1874/1590 2339/1886/1602 2338/1885/1601 2326/1873/1589
f 2328/1875/1591 2340/1887/1603 2339/1886/1602 2327/1874/1590
f 2329/1876/1592 2341/1888/1604 2340/1887/1603 2328/1875/1591
f 2330/1877/1593 2342/1889/1605 2341/1888/1604 2329/1876/1592
f 2331/1878/1594 2343/1890/1606 2342/1889/1605 2330/1877/1593
f 2332/1879/1595 2344/1891/1607 2343/1890/1606 2331/1878/1594
f 2333/1880/1596 2345/1892/1608 2344/1891/1607 2332/1879/1595
f 2334/1881/1597 2346/1893/1609 2345/1892/1608 2333/1880/1596
f 2336/1882/1598 2348/1894/1610 2347/1895/1611 2335/1883/1599
f 2337/1884/1600 2349/1896/1612 2348/1894/1610 2336/1882/1598
f 2338/1885/1601 2350/1897/1613 2349/1896/1612 2337/1884/1600
f 2339/1886/1602 2351/1898/1614 2350/1897/1613 2338/1885/1601
f 2340/1887/1603 2352/1899/1615 2351/1898/1614 2339/1886/1602
f 2341/1888/1604 2353/1900/1616 2352/1899/1615 2340/1887/1603
f 2342/1889/1605 2354/1901/1617 2353/1900/1616 2341/1888/1604
f 2343/1890/1606 2355/1902/1618 2354/1901/1617 2342/1889/1605
f 2344/1891/1607 2356/1903/1619 2355/1902/1618 2343/1890/1606
f 2345/1892/1608 2357/1904/1620 2356/1903/1619 2344/1891/1607
f 2346/1893/1609 2358/1905/1621 2357/1904/1620 2345/1892/1608
f 2348/1894/1610 2360/1906/1622 2359/1907/763 2347/1895/1611
f 2349/1896/1612 2361/1908/1623 2360/1906/1622 2348/1894/1610
f 2350/1897/1613 2362/1909/1624 2361/1908/1623 2349/1896/1612
f 2351/1898/1614 2363/1910/1625 2362/1909/1624 2350/1897/1613
f 2352/1899/1615 2364/1911/1626 2363/1910/1625 2351/1898/1614
f 2353/1900/1616 2365/1912/1627 2364/1911/1626 2352/1899/1615
f 2354/1901/1617 2366/1913/1628 2365/1912/1627 2353/1900/1616
f 2355/1902/1618 2367/1914/1629 2366/1913/1628 2354/1901/1617
f 2356/1903/1619 2368/1915/1630 2367/1914/1629 2355/1902/1618
f 2357/1904/1620 2369/1916/1631 2368/1915/1630 2356/1903/1619
f 2358/1905/1621 2370/1917/1632 2369/1916/1631 2357/1904/1620
f 2360/1906/1622 2372/1523/1633 2371/1524/1634 2359/1907/763
f 2361/1908/1623 2373/1525/1635 2372/1523/1633 2360/1906/1622
f 2362/1909/1624 2374/1526/1636 2373/1525/1635 2361/1908/1623
f 2363/1910/1625 2375/1527/1637 2374/1526/1636 2362/1909/1624
f 2364/1911/1626 2376/1528/1638 2375/1527/1637 2363/1910/1625
f 2365/1912/1627 2377/1529/1639 2376/1528/1638 2364/1911/1626
f 2366/1913/1628 2378/1530/1640 2377/1529/1639 2365/1912/1627
f 2367/1914/1629 2379/1531/1641 2378/1530/1640 2366/1913/1628
f 2368/1915/1630 2380/1532/1642 2379/1531/1641 2367/1914/1629
f 2369/1916/1631 2381/1533/1643 2380/1532/1642 2368/1915/1630
f 2370/1917/1632 2382/1534/1644 2381/1533/1643 2369/1916/1631
f 2372/1523/1633 2384/1918/1645 2383/1919/1646 2371/1524/1634
f 2373/1525/1635 2385/1920/1647 2384/1918/1645 2372/1523/1633
f 2374/1526/1636 2386/1921/1648 2385/1920/1647 2373/1525/1635
f 2375/1527/1637 2387/1922/1649 2386/1921/1648 2374/1526/1636
f 2376/1528/1638 2388/1923/1650 2387/1922/1649 2375/1527/1637
f 2377/1529/1639 2389/1924/1651 2388/1923/1650 2376/1528/1638
f 2378/1530/1640 2390/1925/1652 2389/1924/1651 2377/1529/1639
f 2379/1531/1641 2391/1926/1653 2390/1925/1652 2378/1530/1640
f 2380/1532/1642 2392/1927/1654 2391/1926/1653 2379/1531/1641
f 2381/1533/1643 2393/1928/1655 2392/1927/1654 2380/1532/1642
f 2382/1534/1644 2394/1929/1656 2393/1928/1655 2381/1533/1643
f 2384/1918/1645 2396/1930/1657 2395/1931/1658 2383/1919/1646
f 2385/1920/1647 2397/1932/1659 2396/1930/1657 2384/1918/1645
f 2386/1921/1648 2398/1933/1660 2397/1932/1659 2385/1920/1647
f 2387/1922/1649 2399/1934/1661 2398/1933/1660 2386/1921/1648
f 2388/1923/1650 2400/1935/1662 2399/1934/1661 2387/1922/1649
f 2389/1924/1651 2401/1936/1663 2400/1935/1662 2388/1923/1650
f 2390/1925/1652 2402/1937/1664 2401/1936/1663 2389/1924/1651
f 2391/1926/1653 2403/1938/1665 2402/1937/1664 2390/1925/1652
f 2392/1927/1654 2404/1939/1666 2403/1938/1665 2391/1926/1653
f 2393/1928/1655 2405/1940/1667 2404/1939/1666 2392/1927/1654
f 2394/1929/1656 2406/1941/1668 2405/1940/1667 2393/1928/1655
f 2396/1930/1657 2408/1942/1669 2407/1943/1670 2395/1931/1658
f 2397/1932/1659 2409/1944/1671 2408/1942/1669 2396/1930/1657
f 2398/1933/1660 2410/1945/1672 2409/1944/1671 2397/1932/1659
f 2399/1934/1661 2411/1946/1673 2410/1945/1672 2398/1933/1660
f 2400/1935/1662 2412/1947/1674 2411/1946/1673 2399/1934/1661
f 2401/1936/1663 2413/1948/1675 2412/1947/1674 2400/1935/1662
f 2402/1937/1664 2414/1949/1676 2413/1948/1675 2401/1936/1663
f 2403/1938/1665 2415/1950/1677 2414/1949/1676 2402/1937/1664
f 2404/1939/1666 2416/1951/1678 2415/1950/1677 2403/1938/1665
f 2405/1940/1667 2417/1952/1679 2416/1951/1678 2404/1939/1666
f 2406/1941/1668 2418/1953/1680 2417/1952/1679 2405/1940/1667
f 2408/1942/1669 2420/1954/1681 2419/1955/1682 2407/1943/1670
f 2409/1944/1671 2421/1956/1683 2420/1954/1681 2408/1942/1669
f 2410/1945/1672 2422/1957/1684 2421/1956/1683 2409/1944/1671
f 2411/1946/1673 2423/1958/1685 2422/1957/1684 2410/1945/1672
f 2412/1947/1674 2424/1959/1686 2423/1958/1685 2411/1946/1673
f 2413/1948/1675 2425/1960/1687 2424/1959/1686 2412/1947/1674
f 2414/1949/1676 2426/1961/1688 2425/1960/1687 2413/1948/1675
f 2415/1950/1677 2427/1962/1689 2426/1961/1688 2414/1949/1676
f 2416/1951/1678 2428/1963/1690 2427/1962/1689 2415/1950/1677
f 2417/1952/1679 2429/1964/1691 2428/1963/1690 2416/1951/1678
f 2418/1953/1680 2430/1965/1692 2429/1964/1691 2417/1952/1679
f 2420/1954/1681 2432/1966/1693 2431/1967/1694 2419/1955/1682
f 2421/1956/1683 2433/1968/1695 2432/1966/1693 2420/1954/1681
f 2422/1957/1684 2434/1969/1696 2433/1968/1695 2421/1956/1683
f 2423/1958/1685 2435/1970/1697 2434/1969/1696 2422/1957/1684
f 2424/1959/1686 2436/1971/1698 2435/1970/1697 2423/1958/1685
f 2425/1960/1687 2437/1972/1699 2436/1971/1698 2424/1959/1686
f 2426/1961/1688 2438/1973/1700 2437/1972/1699 2425/1960/1687
f 2427/1962/1689 2439/1974/1701 2438/1973/1700 2426/1961/1688
f 2428/1963/1690 2440/1975/1702 2439/1974/1701 2427/1962/1689
f 2429/1964/1691 2441/1976/1703 2440/1975/1702 2428/1963/1690
f 2430/1965/1692 2442/1977/1704 2441/1976/1703 2429/1964/1691
f 2432/1966/1693 2444/1535/1705 2443/1536/1706 2431/1967/1694
f 2433/1968/1695 2445/1537/1707 2444/1535/1705 2432/1966/1693
f 2434/1969/1696 2446/1538/1708 2445/1537/1707 2433/1968/1695
f 2435/1970/1697 2447/1539/1709 2446/1538/1708 2434/1969/1696
f 2436/1971/1698 2448/1540/1710 2447/1539/1709 2435/1970/1697
f 2437/1972/1699 2449/1541/1711 2448/1540/1710 2436/1971/1698
f 2438/1973/1700 2450/1542/1712 2449/1541/1711 2437/1972/1699
f 2439/1974/1701 2451/1543/1713 2450/1542/1712 2438/1973/1700
f 2440/1975/1702 2452/1544/1714 2451/1543/1713 2439/1974/1701
f 2441/1976/1703 2453/1545/1715 2452/1544/1714 2440/1975/1702
f 2442/1977/1704 2454/1546/1716 2453/1545/1715 2441/1976/1703
f 2444/1535/1705 2456/1978/1717 2455/1979/1718 2443/1536/1706
f 2445/1537/1707 2457/1980/1719 2456/1978/1717 2444/1535/1705
f 2446/1538/1708 2458/1981/1720 2457/1980/1719 2445/1537/1707
f 2447/1539/1709 2459/1982/1721 2458/1981/1720 2446/1538/1708
f 2448/1540/1710 2460/1983/1722 2459/1982/1721 2447/1539/1709
f 2449/1541/1711 2461/1984/1723 2460/1983/1722 2448/1540/1710
f 2450/1542/1712 2462/1985/1724 2461/1984/1723 2449/1541/1711
f 2451/1543/1713 2463/1986/1725 2462/1985/1724 2450/1542/1712
f 2452/1544/1714 2464/1987/1726 2463/1986/1725 2451/1543/1713
f 2453/1545/1715 2465/1988/1727 2464/1987/1726 2452/1544/1714
f 2454/1546/1716 2466/1989/1728 2465/1988/1727 2453/1545/1715
f 2456/1978/1717 2468/1990/1729 2467/1991/1730 2455/1979/1718
f 2457/1980/1719 2469/1992/1731 2468/1990/1729 2456/1978/1717
f 2458/1981/1720 2470/1993/1732 2469/1992/1731 2457/1980/1719
f 2459/1982/1721 2471/1994/1733 2470/1993/1732 2458/1981/1720
f 2460/1983/1722 2472/1995/1734 2471/1994/1733 2459/1982/1721
f 2461/1984/1723 2473/1996/1735 2472/1995/1734 2460/1983/1722
f 2462/1985/1724 2474/1997/1736 2473/1996/1735 2461/1984/1723
f 2463/1986/1725 2475/1998/1737 2474/1997/1736 2462/1985/1724
f 2464/1987/1726 2476/1999/1738 2475/1998/1737 2463/1986/1725
f 2465/1988/1727 2477/2000/1739 2476/1999/1738 2464/1987/1726
f 2466/1989/1728 2478/2001/1740 2477/2000/1739 2465/1988/1727
f 2468/1990/1729 2480/2002/1741 2479/2003/1742 2467/1991/1730
f 2469/1992/1731 2481/2004/1743 2480/2002/1741 2468/1990/1729
f 2470/1993/1732 2482/2005/1744 2481/2004/1743 2469/1992/1731
f 2471/1994/1733 2483/2006/1745 2482/2005/1744 2470/1993/1732
f 2472/1995/1734 2484/2007/1746 2483/2006/1745 2471/1994/1733
f 2473/1996/1735 2485/2008/1747 2484/2007/1746 2472/1995/1734
f 2474/1997/1736 2486/2009/1748 2485/2008/1747 2473/1996/1735
f 2475/1998/1737 2487/2010/1749 2486/2009/1748 2474/1997/1736
f 2476/1999/1738 2488/2011/1750 2487/2010/1749 2475/1998/1737
f 2477/2000/1739 2489/2012/1751 2488/2011/1750 2476/1999/1738
f 2478/2001/1740 2490/2013/1752 2489/2012/1751 2477/2000/1739
f 2480/2002/1741 2492/2014/1753 2491/2015/1754 2479/2003/1742
f 2481/2004/1743 2493/2016/1755 2492/2014/1753 2480/2002/1741
f 2482/2005/1744 2494/2017/1756 2493/2016/1755 2481/2004/1743
f 2483/2006/1745 2495/2018/1757 2494/2017/1756 2482/2005/1744
f 2484/2007/1746 2496/2019/1758 2495/2018/1757 2483/2006/1745
f 2485/2008/1747 2497/2020/1759 2496/2019/1758 2484/2007/1746
f 2486/2009/1748 2498/2021/1760 2497/2020/1759 2485/2008/1747
f 2487/2010/1749 2499/2022/1761 2498/2021/1760 2486/2009/1748
f 2488/2011/1750 2500/2023/1762 2499/2022/1761 2487/2010/1749
f 2489/2012/1751 2501/2024/1763 2500/2023/1762 2488/2011/1750
f 2490/2013/1752 2502/2025/1764 2501/2024/1763 2489/2012/1751
f 2492/2014/1753 2504/2026/1765 2503/2027/1766 2491/2015/1754
f 2493/2016/1755 2505/2028/1767 2504/2026/1765 2492/2014/1753
f 2494/2017/1756 2506/2029/1768 2505/2028/1767 2493/2016/1755
f 2495/2018/1757 2507/2030/1769 2506/2029/1768 2494/2017/1756
f 2496/2019/1758 2508/2031/1770 2507/2030/1769 2495/2018/1757
f 2497/2020/1759 2509/2032/1771 2508/2031/1770 2496/2019/1758
f 2498/2021/1760 2510/2033/1772 2509/2032/1771 2497/2020/1759
f 2499/2022/1761 2511/2034/1773 2510/2033/1772 2498/2021/1760
f 2500/2023/1762 2512/2035/1774 2511/2034/1773 2499/2022/1761
f 2501/2024/1763 2513/2036/1775 2512/2035/1774 2500/2023/1762
f 2502/2025/1764 2514/2037/1776 2513/2036/1775 2501/2024/1763
f 2504/2026/1765 1940/1547/1206 1939/1301/1209 2503/2027/1766
f 2505/2028/1767 1941/1548/1210 1940/1547/1206 2504/2026/1765
f 2506/2029/1768 1942/1549/1212 1941/1548/1210 2505/2028/1767
f 2507/2030/1769 1943/1550/1214 1942/1549/1212 2506/2029/1768
f 2508/2031/1770 1944/1551/1216 1943/1550/1214 2507/2030/1769
f 2509/2032/1771 1945/1552/1218 1944/1551/1216 2508/2031/1770
f 2510/2033/1772 1946/1553/1220 1945/1552/1218 2509/2032/1771
f 2511/2034/1773 1947/1554/1222 1946/1553/1220 2510/2033/1772
f 2512/2035/1774 1948/1555/1224 1947/1554/1222 2511/2034/1773
f 2513/2036/1775 1949/1556/1226 1948/1555/1224 2512/2035/1774
f 2514/2037/1776 1950/1557/1228 1949/1556/1226 2513/2036/1775
f 2516/1453/1777 2528/2038/1778 2527/2039/1779 2515/1300/1780
f 2517/1456/1781 2529/2040/1782 2528/2038/1778 2516/1453/1777
f 2518/1458/1783 2530/2041/1784 2529/2040/1782 2517/1456/1781
f 2519/1460/1785 2531/2042/1786 2530/2041/1784 2518/1458/1783
f 2520/1462/1787 2532/2043/1788 2531/2042/1786 2519/1460/1785
f 2521/1464/1789 2533/2044/1790 2532/2043/1788 2520/1462/1787
f 2522/1466/1791 2534/2045/1792 2533/2044/1790 2521/1464/1789
f 2523/1468/1793 2535/2046/1794 2534/2045/1792 2522/1466/1791
f 2524/1470/1795 2536/2047/1796 2535/2046/1794 2523/1468/1793
f 2525/1472/1797 2537/2048/1798 2536/2047/1796 2524/1470/1795
f 2526/1474/1799 2538/2049/1800 2537/2048/1798 2525/1472/1797
f 2528/2038/1778 2540/2050/1801 2539/2051/1802 2527/2039/1779
f 2529/2040/1782 2541/2052/1803 2540/2050/1801 2528/2038/1778
f 2530/2041/1784 2542/2053/1804 2541/2052/1803 2529/2040/1782
f 2531/2042/1786 2543/2054/1805 2542/2053/1804 2530/2041/1784
f 2532/2043/1788 2544/2055/1806 2543/2054/1805 2531/2042/1786
f 2533/2044/1790 2545/2056/1807 2544/2055/1806 2532/2043/1788
f 2534/2045/1792 2546/2057/1808 2545/2056/1807 2533/2044/1790
f 2535/2046/1794 2547/2058/1809 2546/2057/1808 2534/2045/1792
f 2536/2047/1796 2548/2059/1810 2547/2058/1809 2535/2046/1794
f 2537/2048/1798 2549/2060/1811 2548/2059/1810 2536/2047/1796
f 2538/2049/1800 2550/2061/1812 2549/2060/1811 2537/2048/1798
f 2540/2050/1801 2552/2062/1813 2551/2063/1814 2539/2051/1802
f 2541/2052/1803 2553/2064/1815 2552/2062/1813 2540/2050/1801
f 2542/2053/1804 2554/2065/1816 2553/2064/1815 2541/2052/1803
f 2543/2054/1805 2555/2066/1817 2554/2065/1816 2542/2053/1804
f 2544/2055/1806 2556/2067/1818 2555/2066/1817 2543/2054/1805
f 2545/2056/1807 2557/2068/1819 2556/2067/1818 2544/2055/1806
f 2546/2057/1808 2558/2069/1820 2557/2068/1819 2545/2056/1807
f 2547/2058/1809 2559/2070/1821 2558/2069/1820 2546/2057/1808
f 2548/2059/1810 2560/2071/1822 2559/2070/1821 2547/2058/1809
f 2549/2060/1811 2561/2072/1823 2560/2071/1822 2548/2059/1810
f 2550/2061/1812 2562/2073/1824 2561/2072/1823 2549/2060/1811
f 2552/2062/1813 2564/2074/1825 2563/2075/1826 2551/2063/1814
f 2553/2064/1815 2565/2076/1827 2564/2074/1825 2552/2062/1813
f 2554/2065/1816 2566/2077/1828 2565/2076/1827 2553/2064/1815
f 2555/2066/1817 2567/2078/1829 2566/2077/1828 2554/2065/1816
f 2556/2067/1818 2568/2079/1830 2567/2078/1829 2555/2066/1817
f 2557/2068/1819 2569/2080/1831 2568/2079/1830 2556/2067/1818
f 2558/2069/1820 2570/2081/1832 2569/2080/1831 2557/2068/1819
f 2559/2070/1821 2571/2082/1833 2570/2081/1832 2558/2069/1820
f 2560/2071/1822 2572/2083/1834 2571/2082/1833 2559/2070/1821
f 2561/2072/1823 2573/2084/1835 2572/2083/1834 2560/2071/1822
f 2562/2073/1824 2574/2085/1836 2573/2084/1835 2561/2072/1823
f 2564/2074/1825 2576/2086/1837 2575/2087/1838 2563/2075/1826
f 2565/2076/1827 2577/2088/1839 2576/2086/1837 2564/2074/1825
f 2566/2077/1828 2578/2089/1840 2577/2088/1839 2565/2076/1827
f 2567/2078/1829 2579/2090/1841 2578/2089/1840 2566/2077/1828
f 2568/2079/1830 2580/2091/1842 2579/2090/1841 2567/2078/1829
f 2569/2080/1831 2581/2092/1843 2580/2091/1842 2568/2079/1830
f 2570/2081/1832 2582/2093/1844 2581/2092/1843 2569/2080/1831
f 2571/2082/1833 2583/2094/1845 2582/2093/1844 2570/2081/1832
f 2572/2083/1834 2584/2095/1846 2583/2094/1845 2571/2082/1833
f 2573/2084/1835 2585/2096/1847 2584/2095/1846 2572/2083/1834
f 2574/2085/1836 2586/2097/1848 2585/2096/1847 2573/2084/1835
f 2576/2086/1837 2588/2098/1849 2587/2099/1850 2575/2087/1838
f 2577/2088/1839 2589/2100/1851 2588/2098/1849 2576/2086/1837
f 2578/2089/1840 2590/2101/1852 2589/2100/1851 2577/2088/1839
f 2579/2090/1841 2591/2102/1853 2590/2101/1852 2578/2089/1840
f 2580/2091/1842 2592/2103/1854 2591/2102/1853 2579/2090/1841
f 2581/2092/1843 2593/2104/1855 2592/2103/1854 2580/2091/1842
f 2582/2093/1844 2594/2105/1856 2593/2104/1855 2581/2092/1843
f 2583/2094/1845 2595/2106/1857 2594/2105/1856 2582/2093/1844
f 2584/2095/1846 2596/2107/1858 2595/2106/1857 2583/2094/1845
f 2585/2096/1847 2597/2108/1859 2596/2107/1858 2584/2095/1846
f 2586/2097/1848 2598/2109/1860 2597/2108/1859 2585/2096/1847
f 2588/2098/1849 2600/2110/1861 2599/2111/1862 2587/2099/1850
f 2589/2100/1851 2601/2112/1863 2600/2110/1861 2588/2098/1849
f 2590/2101/1852 2602/2113/1864 2601/2112/1863 2589/2100/1851
f 2591/2102/1853 2603/2114/1865 2602/2113/1864 2590/2101/1852
f 2592/2103/1854 2604/2115/1866 2603/2114/1865 2591/2102/1853
f 2593/2104/1855 2605/2116/1867 2604/2115/1866 2592/2103/1854
f 2594/2105/1856 2606/2117/1868 2605/2116/1867 2593/2104/1855
f 2595/2106/1857 2607/2118/1869 2606/2117/1868 2594/2105/1856
f 2596/2107/1858 2608/2119/1870 2607/2118/1869 2595/2106/1857
f 2597/2108/1859 2609/2120/1871 2608/2119/1870 2596/2107/1858
f 2598/2109/1860 2610/2121/1872 2609/2120/1871 2597/2108/1859
f 2600/2110/1861 2612/2122/1873 2611/2123/1874 2599/2111/1862
f 2601/2112/1863 2613/2124/1875 2612/2122/1873 2600/2110/1861
f 2602/2113/1864 2614/2125/1876 2613/2124/1875 2601/2112/1863
f 2603/2114/1865 2615/2126/1877 2614/2125/1876 2602/2113/1864
f 2604/2115/1866 2616/2127/1878 2615/2126/1877 2603/2114/1865
f 2605/2116/1867 2617/2128/1879 2616/2127/1878 2604/2115/1866
f 2606/2117/1868 2618/2129/1880 2617/2128/1879 2605/2116/1867
f 2607/2118/1869 2619/2130/1881 2618/2129/1880 2606/2117/1868
f 2608/2119/1870 2620/2131/1882 2619/2130/1881 2607/2118/1869
f 2609/2120/1871 2621/2132/1883 2620/2131/1882 2608/2119/1870
f 2610/2121/1872 2622/2133/1884 2621/2132/1883 2609/2120/1871
f 2612/2122/1873 2624/2134/1885 2623/2135/1886 2611/2123/1874
f 2613/2124/1875 2625/2136/1887 2624/2134/1885 2612/2122/1873
f 2614/2125/1876 2626/2137/1888 2625/2136/1887 2613/2124/1875
f 2615/2126/1877 2627/2138/1889 2626/2137/1888 2614/2125/1876
f 2616/2127/1878 2628/2139/1890 2627/2138/1889 2615/2126/1877
f 2617/2128/1879 2629/2140/1891 2628/2139/1890 2616/2127/1878
f 2618/2129/1880 2630/2141/1892 2629/2140/1891 2617/2128/1879
f 2619/2130/1881 2631/2142/1893 2630/2141/1892 2618/2129/1880
f 2620/2131/1882 2632/2143/1894 2631/2142/1893 2619/2130/1881
f 2621/2132/1883 2633/2144/1895 2632/2143/1894 2620/2131/1882
f 2622/2133/1884 2634/2145/1896 2633/2144/1895 2621/2132/1883
f 2624/2134/1885 2636/2146/1897 2635/2147/1898 2623/2135/1886
f 2625/2136/1887 2637/2148/1899 2636/2146/1897 2624/2134/1885
f 2626/2137/1888 2638/2149/1900 2637/2148/1899 2625/2136/1887
f 2627/2138/1889 2639/2150/1901 2638/2149/1900 2626/2137/1888
f 2628/2139/1890 2640/2151/1902 2639/2150/1901 2627/2138/1889
f 2629/2140/1891 2641/2152/1903 2640/2151/1902 2628/2139/1890
f 2630/2141/1892 2642/2153/1904 2641/2152/1903 2629/2140/1891
f 2631/2142/1893 2643/2154/1905 2642/2153/1904 2630/2141/1892
f 2632/2143/1894 2644/2155/1906 2643/2154/1905 2631/2142/1893
f 2633/2144/1895 2645/2156/1907 2644/2155/1906 2632/2143/1894
f 2634/2145/1896 2646/2157/1908 2645/2156/1907 2633/2144/1895
f 2636/2146/1897 2648/2158/1909 2647/2159/1910 2635/2147/1898
f 2637/2148/1899 2649/2160/1911 2648/2158/1909 2636/2146/1897
f 2638/2149/1900 2650/2161/1912 2649/2160/1911 2637/2148/1899
f 2639/2150/1901 2651/2162/1913 2650/2161/1912 2638/2149/1900
f 2640/2151/1902 2652/2163/1914 2651/2162/1913 2639/2150/1901
f 2641/2152/1903 2653/2164/1915 2652/2163/1914 2640/2151/1902
f 2642/2153/1904 2654/2165/1916 2653/2164/1915 2641/2152/1903
f 2643/2154/1905 2655/2166/1917 2654/2165/1916 2642/2153/1904
f 2644/2155/1906 2656/2167/1918 2655/2166/1917 2643/2154/1905
f 2645/2156/1907 2657/2168/1919 2656/2167/1918 2644/2155/1906
f 2646/2157/1908 2658/2169/1920 2657/2168/1919 2645/2156/1907
f 2648/2158/1909 2660/2170/1921 2659/2171/1922 2647/2159/1910
f 2649/2160/1911 2661/2172/1923 2660/2170/1921 2648/2158/1909
f 2650/2161/1912 2662/2173/1924 2661/2172/1923 2649/2160/1911
f 2651/2162/1913 2663/2174/1925 2662/2173/1924 2650/2161/1912
f 2652/2163/1914 2664/2175/1926 2663/2174/1925 2651/2162/1913
f 2653/2164/1915 2665/2176/1927 2664/2175/1926 2652/2163/1914
f 2654/2165/1916 2666/2177/1928 2665/2176/1927 2653/2164/1915
f 2655/2166/1917 2667/2178/1929 2666/2177/1928 2654/2165/1916
f 2656/2167/1918 2668/2179/1930 2667/2178/1929 2655/2166/1917
f 2657/2168/1919 2669/2180/1931 2668/2179/1930 2656/2167/1918
f 2658/2169/1920 2670/2181/1932 2669/2180/1931 2657/2168/1919
f 2660/2170/1921 2672/2182/1933 2671/2183/1934 2659/2171/1922
f 2661/2172/1923 2673/2184/1935 2672/2182/1933 2660/2170/1921
f 2662/2173/1924 2674/2185/1936 2673/2184/1935 2661/2172/1923
f 2663/2174/1925 2675/2186/1937 2674/2185/1936 2662/2173/1924
f 2664/2175/1926 2676/2187/1938 2675/2186/1937 2663/2174/1925
f 2665/2176/1927 2677/2188/1939 2676/2187/1938 2664/2175/1926
f 2666/2177/1928 2678/2189/1940 2677/2188/1939 2665/2176/1927
f 2667/2178/1929 2679/2190/1941 2678/2189/1940 2666/2177/1928
f 2668/2179/1930 2680/2191/1942 2679/2190/1941 2667/2178/1929
f 2669/2180/1931 2681/2192/1943 2680/2191/1942 2668/2179/1930
f 2670/2181/1932 2682/2193/1944 2681/2192/1943 2669/2180/1931
f 2672/2182/1933 2684/2194/1945 2683/2195/1946 2671/2183/1934
f 2673/2184/1935 2685/2196/1947 2684/2194/1945 2672/2182/1933
f 2674/2185/1936 2686/2197/1948 2685/2196/1947 2673/2184/1935
f 2675/2186/1937 2687/2198/1949 2686/2197/1948 2674/2185/1936
f 2676/2187/1938 2688/2199/1950 2687/2198/1949 2675/2186/1937
f 2677/2188/1939 2689/2200/1951 2688/2199/1950 2676/2187/1938
f 2678/2189/1940 2690/2201/1952 2689/2200/1951 2677/2188/1939
f 2679/2190/1941 2691/2202/1953 2690/2201/1952 2678/2189/1940
f 2680/2191/1942 2692/2203/1954 2691/2202/1953 2679/2190/1941
f 2681/2192/1943 2693/2204/1955 2692/2203/1954 2680/2191/1942
f 2682/2193/1944 2694/2205/1956 2693/2204/1955 2681/2192/1943
f 2684/2194/1945 2696/2206/1957 2695/2207/1958 2683/2195/1946
f 2685/2196/1947 2697/2208/1959 2696/2206/1957 2684/2194/1945
f 2686/2197/1948 2698/2209/1960 2697/2208/1959 2685/2196/1947
f 2687/2198/1949 2699/2210/1961 2698/2209/1960 2686/2197/1948
f 2688/2199/1950 2700/2211/1962 2699/2210/1961 2687/2198/1949
f 2689/2200/1951 2701/2212/1963 2700/2211/1962 2688/2199/1950
f 2690/2201/1952 2702/2213/1964 2701/2212/1963 2689/2200/1951
f 2691/2202/1953 2703/2214/1965 2702/2213/1964 2690/2201/1952
f 2692/2203/1954 2704/2215/1966 2703/2214/1965 2691/2202/1953
f 2693/2204/1955 2705/2216/1967 2704/2215/1966 2692/2203/1954
f 2694/2205/1956 2706/2217/1968 2705/2216/1967 2693/2204/1955
f 2696/2206/1957 2708/2218/1969 2707/2219/1970 2695/2207/1958
f 2697/2208/1959 2709/2220/1971 2708/2218/1969 2696/2206/1957
f 2698/2209/1960 2710/2221/1972 2709/2220/1971 2697/2208/1959
f 2699/2210/1961 2711/2222/1973 2710/2221/1972 2698/2209/1960
f 2700/2211/1962 2712/2223/1974 2711/2222/1973 2699/2210/1961
f 2701/2212/1963 2713/2224/1975 2712/2223/1974 2700/2211/1962
f 2702/2213/1964 2714/2225/1976 2713/2224/1975 2701/2212/1963
f 2703/2214/1965 2715/2226/1977 2714/2225/1976 2702/2213/1964
f 2704/2215/1966 2716/2227/1978 2715/2226/1977 2703/2214/1965
f 2705/2216/1967 2717/2228/1979 2716/2227/1978 2704/2215/1966
f 2706/2217/1968 2718/2229/1980 2717/2228/1979 2705/2216/1967
f 2708/2218/1969 2720/2230/1981 2719/2231/1982 2707/2219/1970
f 2709/2220/1971 2721/2232/1983 2720/2230/1981 2708/2218/1969
f 2710/2221/1972 2722/2233/1984 2721/2232/1983 2709/2220/1971
f 2711/2222/1973 2723/2234/1985 2722/2233/1984 2710/2221/1972
f 2712/2223/1974 2724/2235/1986 2723/2234/1985 2711/2222/1973
f 2713/2224/1975 2725/2236/1987 2724/2235/1986 2712/2223/1974
f 2714/2225/1976 2726/2237/1988 2725/2236/1987 2713/2224/1975
f 2715/2226/1977 2727/2238/1989 2726/2237/1988 2714/2225/1976
f 2716/2227/1978 2728/2239/1990 2727/2238/1989 2715/2226/1977
f 2717/2228/1979 2729/2240/1991 2728/2239/1990 2716/2227/1978
f 2718/2229/1980 2730/2241/1992 2729/2240/1991 2717/2228/1979
f 2720/2230/1981 2732/2242/1993 2731/2243/1994 2719/2231/1982
f 2721/2232/1983 2733/2244/1995 2732/2242/1993 2720/2230/1981
f 2722/2233/1984 2734/2245/1996 2733/2244/1995 2721/2232/1983
f 2723/2234/1985 2735/2246/1997 2734/2245/1996 2722/2233/1984
f 2724/2235/1986 2736/2247/1998 2735/2246/1997 2723/2234/1985
f 2725/2236/1987 2737/2248/1999 2736/2247/1998 2724/2235/1986
f 2726/2237/1988 2738/2249/2000 2737/2248/1999 2725/2236/1987
f 2727/2238/1989 2739/2250/2001 2738/2249/2000 2726/2237/1988
f 2728/2239/1990 2740/2251/2002 2739/2250/2001 2727/2238/1989
f 2729/2240/1991 2741/2252/2003 2740/2251/2002 2728/2239/1990
f 2730/2241/1992 2742/2253/2004 2741/2252/2003 2729/2240/1991
f 2732/2242/1993 2744/2254/2005 2743/2255/2006 2731/2243/1994
f 2733/2244/1995 2745/2256/2007 2744/2254/2005 2732/2242/1993
f 2734/2245/1996 2746/2257/2008 2745/2256/2007 2733/2244/1995
f 2735/2246/1997 2747/2258/2009 2746/2257/2008 2734/2245/1996
f 2736/2247/1998 2748/2259/2010 2747/2258/2009 2735/2246/1997
f 2737/2248/1999 2749/2260/2011 2748/2259/2010 2736/2247/1998
f 2738/2249/2000 2750/2261/2012 2749/2260/2011 2737/2248/1999
f 2739/2250/2001 2751/2262/2013 2750/2261/2012 2738/2249/2000
f 2740/2251/2002 2752/2263/2014 2751/2262/2013 2739/2250/2001
f 2741/2252/2003 2753/2264/2015 2752/2263/2014 2740/2251/2002
f 2742/2253/2004 2754/2265/2016 2753/2264/2015 2741/2252/2003
f 2744/2254/2005 2756/2266/2017 2755/2267/2018 2743/2255/2006
f 2745/2256/2007 2757/2268/2019 2756/2266/2017 2744/2254/2005
f 2746/2257/2008 2758/2269/2020 2757/2268/2019 2745/2256/2007
f 2747/2258/2009 2759/2270/2021 2758/2269/2020 2746/2257/2008
f 2748/2259/2010 2760/2271/2022 2759/2270/2021 2747/2258/2009
f 2749/2260/2011 2761/2272/2023 2760/2271/2022 2748/2259/2010
f 2750/2261/2012 2762/2273/2024 2761/2272/2023 2749/2260/2011
f 2751/2262/2013 2763/2274/2025 2762/2273/2024 2750/2261/2012
f 2752/2263/2014 2764/2275/2026 2763/2274/2025 2751/2262/2013
f 2753/2264/2015 2765/2276/2027 2764/2275/2026 2752/2263/2014
f 2754/2265/2016 2766/2277/2028 2765/2276/2027 2753/2264/2015
f 2756/2266/2017 2768/2278/2029 2767/2279/2030 2755/2267/2018
f 2757/2268/2019 2769/2280/2031 2768/2278/2029 2756/2266/2017
f 2758/2269/2020 2770/2281/2032 2769/2280/2031 2757/2268/2019
f 2759/2270/2021 2771/2282/2033 2770/2281/2032 2758/2269/2020
f 2760/2271/2022 2772/2283/2034 2771/2282/2033 2759/2270/2021
f 2761/2272/2023 2773/2284/2035 2772/2283/2034 2760/2271/2022
f 2762/2273/2024 2774/2285/2036 2773/2284/2035 2761/2272/2023
f 2763/2274/2025 2775/2286/2037 2774/2285/2036 2762/2273/2024
f 2764/2275/2026 2776/2287/2038 2775/2286/2037 2763/2274/2025
f 2765/2276/2027 2777/2288/2039 2776/2287/2038 2764/2275/2026
f 2766/2277/2028 2778/2289/2040 2777/2288/2039 2765/2276/2027
f 2768/2278/2029 2780/2290/2041 2779/2291/2042 2767/2279/2030
f 2769/2280/2031 2781/2292/2043 2780/2290/2041 2768/2278/2029
f 2770/2281/2032 2782/2293/2044 2781/2292/2043 2769/2280/2031
f 2771/2282/2033 2783/2294/2045 2782/2293/2044 2770/2281/2032
f 2772/2283/2034 2784/2295/2046 2783/2294/2045 2771/2282/2033
f 2773/2284/2035 2785/2296/2047 2784/2295/2046 2772/2283/2034
f 2774/2285/2036 2786/2297/2048 2785/2296/2047 2773/2284/2035
f 2775/2286/2037 2787/2298/2049 2786/2297/2048 2774/2285/2036
f 2776/2287/2038 2788/2299/2050 2787/2298/2049 2775/2286/2037
f 2777/2288/2039 2789/2300/2051 2788/2299/2050 2776/2287/2038
f 2778/2289/2040 2790/2301/2052 2789/2300/2051 2777/2288/2039
f 2780/2290/2041 2792/2302/2053 2791/2303/2054 2779/2291/2042
f 2781/2292/2043 2793/2304/2055 2792/2302/2053 2780/2290/2041
f 2782/2293/2044 2794/2305/2056 2793/2304/2055 2781/2292/2043
f 2783/2294/2045 2795/2306/2057 2794/2305/2056 2782/2293/2044
f 2784/2295/2046 2796/2307/2058 2795/2306/2057 2783/2294/2045
f 2785/2296/2047 2797/2308/2059 2796/2307/2058 2784/2295/2046
f 2786/2297/2048 2798/2309/2060 2797/2308/2059 2785/2296/2047
f 2787/2298/2049 2799/2310/2061 2798/2309/2060 2786/2297/2048
f 2788/2299/2050 2800/2311/2062 2799/2310/2061 2787/2298/2049
f 2789/2300/2051 2801/2312/2063 2800/2311/2062 2788/2299/2050
f 2790/2301/2052 2802/2313/2064 2801/2312/2063 2789/2300/2051
f 2792/2302/2053 2804/2314/562 2803/2315/564 2791/2303/2054
f 2793/2304/2055 2805/2316/565 2804/2314/562 2792/2302/2053
f 2794/2305/2056 2806/2317/567 2805/2316/565 2793/2304/2055
f 2795/2306/2057 2807/2318/569 2806/2317/567 2794/2305/2056
f 2796/2307/2058 2808/2319/2065 2807/2318/569 2795/2306/2057
f 2797/2308/2059 2809/2320/2066 2808/2319/2065 2796/2307/2058
f 2798/2309/2060 2810/2321/2067 2809/2320/2066 2797/2308/2059
f 2799/2310/2061 2811/2322/577 2810/2321/2067 2798/2309/2060
f 2800/2311/2062 2812/2323/579 2811/2322/577 2799/2310/2061
f 2801/2312/2063 2813/2324/581 2812/2323/579 2800/2311/2062
f 2802/2313/2064 2814/2325/583 2813/2324/581 2801/2312/2063
f 2804/2314/562 2816/2326/563 2815/2327/564 2803/2315/564
f 2805/2316/565 2817/2328/566 2816/2326/563 2804/2314/562
f 2806/2317/567 2818/2329/568 2817/2328/566 2805/2316/565
f 2807/2318/569 2819/2330/570 2818/2329/568 2806/2317/567
f 2808/2319/2065 2820/2331/572 2819/2330/570 2807/2318/569
f 2809/2320/2066 2821/2332/574 2820/2331/572 2808/2319/2065
f 2810/2321/2067 2822/2333/576 2821/2332/574 2809/2320/2066
f 2811/2322/577 2823/2334/578 2822/2333/576 2810/2321/2067
f 2812/2323/579 2824/2335/580 2823/2334/578 2811/2322/577
f 2813/2324/581 2825/2336/582 2824/2335/580 2812/2323/579
f 2814/2325/583 2826/2337/583 2825/2336/582 2813/2324/581
f 2816/2326/563 2828/2338/584 2827/2339/585 2815/2327/564
f 2817/2328/566 2829/2340/586 2828/2338/584 2816/2326/563
f 2818/2329/568 2830/2341/587 2829/2340/586 2817/2328/566
f 2819/2330/570 2831/2342/588 2830/2341/587 2818/2329/568
f 2820/2331/572 2832/2343/589 2831/2342/588 2819/2330/570
f 2821/2332/574 2833/2344/590 2832/2343/589 2820/2331/572
f 2822/2333/576 2834/2345/591 2833/2344/590 2821/2332/574
f 2823/2334/578 2835/2346/2068 2834/2345/591 2822/2333/576
f 2824/2335/580 2836/2347/593 2835/2346/2068 2823/2334/578
f 2825/2336/582 2837/2348/594 2836/2347/593 2824/2335/580
f 2826/2337/583 2838/2349/595 2837/2348/594 2825/2336/582
f 2828/2338/584 2840/2350/606 2839/2351/607 2827/2339/585
f 2829/2340/586 2841/2352/608 2840/2350/606 2828/2338/584
f 2830/2341/587 2842/2353/2069 2841/2352/608 2829/2340/586
f 2831/2342/588 2843/2354/610 2842/2353/2069 2830/2341/587
f 2832/2343/589 2844/2355/611 2843/2354/610 2831/2342/588
f 2833/2344/590 2845/2356/612 2844/2355/611 2832/2343/589
f 2834/2345/591 2846/2357/613 2845/2356/612 2833/2344/590
f 2835/2346/2068 2847/2358/614 2846/2357/613 2834/2345/591
f 2836/2347/593 2848/2359/615 2847/2358/614 2835/2346/2068
f 2837/2348/594 2849/2360/616 2848/2359/615 2836/2347/593
f 2838/2349/595 2850/2361/617 2849/2360/616 2837/2348/594
f 2840/2350/606 2852/2362/2070 2851/2363/2071 2839/2351/607
f 2841/2352/608 2853/2364/2072 2852/2362/2070 2840/2350/606
f 2842/2353/2069 2854/2365/2073 2853/2364/2072 2841/2352/608
f 2843/2354/610 2855/2366/2074 2854/2365/2073 2842/2353/2069
f 2844/2355/611 2856/2367/2075 2855/2366/2074 2843/2354/610
f 2845/2356/612 2857/2368/2076 2856/2367/2075 2844/2355/611
f 2846/2357/613 2858/2369/2077 2857/2368/2076 2845/2356/612
f 2847/2358/614 2859/2370/2078 2858/2369/2077 2846/2357/613
f 2848/2359/615 2860/2371/2079 2859/2370/2078 2847/2358/614
f 2849/2360/616 2861/2372/2080 2860/2371/2079 2848/2359/615
f 2850/2361/617 2862/2373/2081 2861/2372/2080 2849/2360/616
f 2852/2362/2070 2516/1547/1777 2515/1301/1780 2851/2363/2071
f 2853/2364/2072 2517/1548/1781 2516/1547/1777 2852/2362/2070
f 2854/2365/2073 2518/1549/1783 2517/1548/1781 2853/2364/2072
f 2855/2366/2074 2519/1550/1785 2518/1549/1783 2854/2365/2073
f 2856/2367/2075 2520/1551/1787 2519/1550/1785 2855/2366/2074
f 2857/2368/2076 2521/1552/1789 2520/1551/1787 2856/2367/2075
f 2858/2369/2077 2522/1553/1791 2521/1552/1789 2857/2368/2076
f 2859/2370/2078 2523/1554/1793 2522/1553/1791 2858/2369/2077
f 2860/2371/2079 2524/1555/1795 2523/1554/1793 2859/2370/2078
f 2861/2372/2080 2525/1556/1797 2524/1555/1795 2860/2371/2079
f 2862/2373/2081 2526/1557/1799 2525/1556/1797 2861/2372/2080
f 2864/1453/2082 2876/2374/2083 2875/2375/2084 2863/1300/2085
f 2865/1456/2086 2877/2376/2087 2876/2374/2083 2864/1453/2082
f 2866/1458/2088 2878/2377/2089 2877/2376/2087 2865/1456/2086
f 2867/1460/2090 2879/2378/2091 2878/2377/2089 2866/1458/2088
f 2868/1462/2092 2880/2379/2093 2879/2378/2091 2867/1460/2090
f 2869/1464/2094 2881/2380/2095 2880/2379/2093 2868/1462/2092
f 2870/1466/2096 2882/2381/2097 2881/2380/2095 2869/1464/2094
f 2871/1468/2098 2883/2382/2099 2882/2381/2097 2870/1466/2096
f 2872/1470/2100 2884/2383/2101 2883/2382/2099 2871/1468/2098
f 2873/1472/2102 2885/2384/2103 2884/2383/2101 2872/1470/2100
f 2874/1474/2104 2886/2385/2105 2885/2384/2103 2873/1472/2102
f 2876/2374/2083 2888/2386/2106 2887/2387/2107 2875/2375/2084
f 2877/2376/2087 2889/2388/2108 2888/2386/2106 2876/2374/2083
f 2878/2377/2089 2890/2389/2109 2889/2388/2108 2877/2376/2087
f 2879/2378/2091 2891/2390/2110 2890/2389/2109 2878/2377/2089
f 2880/2379/2093 2892/2391/2111 2891/2390/2110 2879/2378/2091
f 2881/2380/2095 2893/2392/2112 2892/2391/2111 2880/2379/2093
f 2882/2381/2097 2894/2393/2113 2893/2392/2112 2881/2380/2095
f 2883/2382/2099 2895/2394/2114 2894/2393/2113 2882/2381/2097
f 2884/2383/2101 2896/2395/2115 2895/2394/2114 2883/2382/2099
f 2885/2384/2103 2897/2396/2116 2896/2395/2115 2884/2383/2101
f 2886/2385/2105 2898/2397/2117 2897/2396/2116 2885/2384/2103
f 2888/2386/2106 2900/2398/2118 2899/2399/2119 2887/2387/2107
f 2889/2388/2108 2901/2400/2120 2900/2398/2118 2888/2386/2106
f 2890/2389/2109 2902/2401/2121 2901/2400/2120 2889/2388/2108
f 2891/2390/2110 2903/2402/2122 2902/2401/2121 2890/2389/2109
f 2892/2391/2111 2904/2403/2123 2903/2402/2122 2891/2390/2110
f 2893/2392/2112 2905/2404/2124 2904/2403/2123 2892/2391/2111
f 2894/2393/2113 2906/2405/2125 2905/2404/2124 2893/2392/2112
f 2895/2394/2114 2907/2406/2126 2906/2405/2125 2894/2393/2113
f 2896/2395/2115 2908/2407/2127 2907/2406/2126 2895/2394/2114
f 2897/2396/2116 2909/2408/2128 2908/2407/2127 2896/2395/2115
f 2898/2397/2117 2910/2409/2129 2909/2408/2128 2897/2396/2116
f 2900/2398/2118 2912/2410/2130 2911/2411/2131 2899/2399/2119
f 2901/2400/2120 2913/2412/2132 2912/2410/2130 2900/2398/2118
f 2902/2401/2121 2914/2413/2133 2913/2412/2132 2901/2400/2120
f 2903/2402/2122 2915/2414/2134 2914/2413/2133 2902/2401/2121
f 2904/2403/2123 2916/2415/2135 2915/2414/2134 2903/2402/2122
f 2905/2404/2124 2917/2416/2136 2916/2415/2135 2904/2403/2123
f 2906/2405/2125 2918/2417/2137 2917/2416/2136 2905/2404/2124
f 2907/2406/2126 2919/2418/2138 2918/2417/2137 2906/2405/2125
f 2908/2407/2127 2920/2419/2139 2919/2418/2138 2907/2406/2126
f 2909/2408/2128 2921/2420/2140 2920/2419/2139 2908/2407/2127
f 2910/2409/2129 2922/2421/2141 2921/2420/2140 2909/2408/2128
f 2912/2410/2130 2924/2422/2142 2923/2423/2143 2911/2411/2131
f 2913/2412/2132 2925/2424/2144 2924/2422/2142 2912/2410/2130
f 2914/2413/2133 2926/2425/2145 2925/2424/2144 2913/2412/2132
f 2915/2414/2134 2927/2426/2146 2926/2425/2145 2914/2413/2133
f 2916/2415/2135 2928/2427/2147 2927/2426/2146 2915/2414/2134
f 2917/2416/2136 2929/2428/2148 2928/2427/2147 2916/2415/2135
f 2918/2417/2137 2930/2429/2149 2929/2428/2148 2917/2416/2136
f 2919/2418/2138 2931/2430/2150 2930/2429/2149 2918/2417/2137
f 2920/2419/2139 2932/2431/2151 2931/2430/2150 2919/2418/2138
f 2921/2420/2140 2933/2432/2152 2932/2431/2151 2920/2419/2139
f 2922/2421/2141 2934/2433/2153 2933/2432/2152 2921/2420/2140
f 2924/2422/2142 2936/2434/2154 2935/2435/2155 2923/2423/2143
f 2925/2424/2144 2937/2436/2156 2936/2434/2154 2924/2422/2142
f 2926/2425/2145 2938/2437/2157 2937/2436/2156 2925/2424/2144
f 2927/2426/2146 2939/2438/2158 2938/2437/2157 2926/2425/2145
f 2928/2427/2147 2940/2439/2159 2939/2438/2158 2927/2426/2146
f 2929/2428/2148 2941/2440/2160 2940/2439/2159 2928/2427/2147
f 2930/2429/2149 2942/2441/2161 2941/2440/2160 2929/2428/2148
f 2931/2430/2150 2943/2442/2162 2942/2441/2161 2930/2429/2149
f 2932/2431/2151 2944/2443/2163 2943/2442/2162 2931/2430/2150
f 2933/2432/2152 2945/2444/2164 2944/2443/2163 2932/2431/2151
f 2934/2433/2153 2946/2445/2165 2945/2444/2164 2933/2432/2152
f 2936/2434/2154 2948/2446/2166 2947/2447/2167 2935/2435/2155
f 2937/2436/2156 2949/2448/2168 2948/2446/2166 2936/2434/2154
f 2938/2437/2157 2950/2449/2169 2949/2448/2168 2937/2436/2156
f 2939/2438/2158 2951/2450/2170 2950/2449/2169 2938/2437/2157
f 2940/2439/2159 2952/2451/2171 2951/2450/2170 2939/2438/2158
f 2941/2440/2160 2953/2452/2172 2952/2451/2171 2940/2439/2159
f 2942/2441/2161 2954/2453/2173 2953/2452/2172 2941/2440/2160
f 2943/2442/2162 2955/2454/2174 2954/2453/2173 2942/2441/2161
f 2944/2443/2163 2956/2455/2175 2955/2454/2174 2943/2442/2162
f 2945/2444/2164 2957/2456/2176 2956/2455/2175 2944/2443/2163
f 2946/2445/2165 2958/2457/2177 2957/2456/2176 2945/2444/2164
f 2948/2446/2166 2960/2458/2178 2959/2459/2179 2947/2447/2167
f 2949/2448/2168 2961/2460/2180 2960/2458/2178 2948/2446/2166
f 2950/2449/2169 2962/2461/2181 2961/2460/2180 2949/2448/2168
f 2951/2450/2170 2963/2462/2182 2962/2461/2181 2950/2449/2169
f 2952/2451/2171 2964/2463/2183 2963/2462/2182 2951/2450/2170
f 2953/2452/2172 2965/2464/2184 2964/2463/2183 2952/2451/2171
f 2954/2453/2173 2966/2465/2185 2965/2464/2184 2953/2452/2172
f 2955/2454/2174 2967/2466/2186 2966/2465/2185 2954/2453/2173
f 2956/2455/2175 2968/2467/2187 2967/2466/2186 2955/2454/2174
f 2957/2456/2176 2969/2468/2188 2968/2467/2187 2956/2455/2175
f 2958/2457/2177 2970/2469/2189 2969/2468/2188 2957/2456/2176
f 2960/2458/2178 2972/1714/2190 2971/1715/2191 2959/2459/2179
f 2961/2460/2180 2973/1716/2192 2972/1714/2190 2960/2458/2178
f 2962/2461/2181 2974/1717/2193 2973/1716/2192 2961/2460/2180
f 2963/2462/2182 2975/1718/2194 2974/1717/2193 2962/2461/2181
f 2964/2463/2183 2976/1719/2195 2975/1718/2194 2963/2462/2182
f 2965/2464/2184 2977/1720/2196 2976/1719/2195 2964/2463/2183
f 2966/2465/2185 2978/1721/2197 2977/1720/2196 2965/2464/2184
f 2967/2466/2186 2979/1722/2198 2978/1721/2197 2966/2465/2185
f 2968/2467/2187 2980/1723/2199 2979/1722/2198 2967/2466/2186
f 2969/2468/2188 2981/1724/2200 2980/1723/2199 2968/2467/2187
f 2970/2469/2189 2982/1725/2201 2981/1724/2200 2969/2468/2188
f 2972/1714/2190 2984/2470/2202 2983/2471/2203 2971/1715/2191
f 2973/1716/2192 2985/2472/2204 2984/2470/2202 2972/1714/2190
f 2974/1717/2193 2986/2473/2205 2985/2472/2204 2973/1716/2192
f 2975/1718/2194 2987/2474/2206 2986/2473/2205 2974/1717/2193
f 2976/1719/2195 2988/2475/2207 2987/2474/2206 2975/1718/2194
f 2977/1720/2196 2989/2476/2208 2988/2475/2207 2976/1719/2195
f 2978/1721/2197 2990/2477/2209 2989/2476/2208 2977/1720/2196
f 2979/1722/2198 2991/2478/2210 2990/2477/2209 2978/1721/2197
f 2980/1723/2199 2992/2479/2211 2991/2478/2210 2979/1722/2198
f 2981/1724/2200 2993/2480/2212 2992/2479/2211 2980/1723/2199
f 2982/1725/2201 2994/2481/2213 2993/2480/2212 2981/1724/2200
f 2984/2470/2202 2996/2482/2214 2995/2483/2215 2983/2471/2203
f 2985/2472/2204 2997/2484/2216 2996/2482/2214 2984/2470/2202
f 2986/2473/2205 2998/2485/2217 2997/2484/2216 2985/2472/2204
f 2987/2474/2206 2999/2486/2218 2998/2485/2217 2986/2473/2205
f 2988/2475/2207 3000/2487/2219 2999/2486/2218 2987/2474/2206
f 2989/2476/2208 3001/2488/2220 3000/2487/2219 2988/2475/2207
f 2990/2477/2209 3002/2489/2221 3001/2488/2220 2989/2476/2208
f 2991/2478/2210 3003/2490/2222 3002/2489/2221 2990/2477/2209
f 2992/2479/2211 3004/2491/2223 3003/2490/2222 2991/2478/2210
f 2993/2480/2212 3005/2492/2224 3004/2491/2223 2992/2479/2211
f 2994/2481/2213 3006/2493/2225 3005/2492/2224 2993/2480/2212
f 2996/2482/2214 3008/2494/2226 3007/2495/2227 2995/2483/2215
f 2997/2484/2216 3009/2496/2228 3008/2494/2226 2996/2482/2214
f 2998/2485/2217 3010/2497/2229 3009/2496/2228 2997/2484/2216
f 2999/2486/2218 3011/2498/2230 3010/2497/2229 2998/2485/2217
f 3000/2487/2219 3012/2499/2231 3011/2498/2230 2999/2486/2218
f 3001/2488/2220 3013/2500/2232 3012/2499/2231 3000/2487/2219
f 3002/2489/2221 3014/2501/2233 3013/2500/2232 3001/2488/2220
f 3003/2490/2222 3015/2502/2234 3014/2501/2233 3002/2489/2221
f 3004/2491/2223 3016/2503/2235 3015/2502/2234 3003/2490/2222
f 3005/2492/2224 3017/2504/2236 3016/2503/2235 3004/2491/2223
f 3006/2493/2225 3018/2505/2237 3017/2504/2236 3005/2492/2224
f 3008/2494/2226 3020/2506/2238 3019/2507/2239 3007/2495/2227
f 3009/2496/2228 3021/2508/2240 3020/2506/2238 3008/2494/2226
f 3010/2497/2229 3022/2509/2241 3021/2508/2240 3009/2496/2228
f 3011/2498/2230 3023/2510/2242 3022/2509/2241 3010/2497/2229
f 3012/2499/2231 3024/2511/2243 3023/2510/2242 3011/2498/2230
f 3013/2500/2232 3025/2512/2244 3024/2511/2243 3012/2499/2231
f 3014/2501/2233 3026/2513/2245 3025/2512/2244 3013/2500/2232
f 3015/2502/2234 3027/2514/2246 3026/2513/2245 3014/2501/2233
f 3016/2503/2235 3028/2515/2247 3027/2514/2246 3015/2502/2234
f 3017/2504/2236 3029/2516/2248 3028/2515/2247 3016/2503/2235
f 3018/2505/2237 3030/2517/2249 3029/2516/2248 3017/2504/2236
f 3020/2506/2238 3032/2518/2250 3031/2519/2251 3019/2507/2239
f 3021/2508/2240 3033/2520/2252 3032/2518/2250 3020/2506/2238
f 3022/2509/2241 3034/2521/2253 3033/2520/2252 3021/2508/2240
f 3023/2510/2242 3035/2522/2254 3034/2521/2253 3022/2509/2241
f 3024/2511/2243 3036/2523/2255 3035/2522/2254 3023/2510/2242
f 3025/2512/2244 3037/2524/2256 3036/2523/2255 3024/2511/2243
f 3026/2513/2245 3038/2525/2257 3037/2524/2256 3025/2512/2244
f 3027/2514/2246 3039/2526/2258 3038/2525/2257 3026/2513/2245
f 3028/2515/2247 3040/2527/2259 3039/2526/2258 3027/2514/2246
f 3029/2516/2248 3041/2528/2260 3040/2527/2259 3028/2515/2247
f 3030/2517/2249 3042/2529/2261 3041/2528/2260 3029/2516/2248
f 3032/2518/2250 3044/2530/2262 3043/2531/2263 3031/2519/2251
f 3033/2520/2252 3045/2532/2264 3044/2530/2262 3032/2518/2250
f 3034/2521/2253 3046/2533/2265 3045/2532/2264 3033/2520/2252
f 3035/2522/2254 3047/2534/2266 3046/2533/2265 3034/2521/2253
f 3036/2523/2255 3048/2535/2267 3047/2534/2266 3035/2522/2254
f 3037/2524/2256 3049/2536/2268 3048/2535/2267 3036/2523/2255
f 3038/2525/2257 3050/2537/2269 3049/2536/2268 3037/2524/2256
f 3039/2526/2258 3051/2538/2270 3050/2537/2269 3038/2525/2257
f 3040/2527/2259 3052/2539/2271 3051/2538/2270 3039/2526/2258
f 3041/2528/2260 3053/2540/2272 3052/2539/2271 3040/2527/2259
f 3042/2529/2261 3054/2541/2273 3053/2540/2272 3041/2528/2260
f 3044/2530/2262 3056/2542/2274 3055/2543/2275 3043/2531/2263
f 3045/2532/2264 3057/2544/2276 3056/2542/2274 3044/2530/2262
f 3046/2533/2265 3058/2545/2277 3057/2544/2276 3045/2532/2264
f 3047/2534/2266 3059/2546/2278 3058/2545/2277 3046/2533/2265
f 3048/2535/2267 3060/2547/2279 3059/2546/2278 3047/2534/2266
f 3049/2536/2268 3061/2548/2280 3060/2547/2279 3048/2535/2267
f 3050/2537/2269 3062/2549/2281 3061/2548/2280 3049/2536/2268
f 3051/2538/2270 3063/2550/2282 3062/2549/2281 3050/2537/2269
f 3052/2539/2271 3064/2551/2283 3063/2550/2282 3051/2538/2270
f 3053/2540/2272 3065/2552/2284 3064/2551/2283 3052/2539/2271
f 3054/2541/2273 3066/2553/2285 3065/2552/2284 3053/2540/2272
f 3056/2542/2274 3068/2554/2286 3067/2555/2287 3055/2543/2275
f 3057/2544/2276 3069/2556/2288 3068/2554/2286 3056/2542/2274
f 3058/2545/2277 3070/2557/2289 3069/2556/2288 3057/2544/2276
f 3059/2546/2278 3071/2558/2290 3070/2557/2289 3058/2545/2277
f 3060/2547/2279 3072/2559/2291 3071/2558/2290 3059/2546/2278
f 3061/2548/2280 3073/2560/2292 3072/2559/2291 3060/2547/2279
f 3062/2549/2281 3074/2561/2293 3073/2560/2292 3061/2548/2280
f 3063/2550/2282 3075/2562/2294 3074/2561/2293 3062/2549/2281
f 3064/2551/2283 3076/2563/2295 3075/2562/2294 3063/2550/2282
f 3065/2552/2284 3077/2564/2296 3076/2563/2295 3064/2551/2283
f 3066/2553/2285 3078/2565/2297 3077/2564/2296 3065/2552/2284
f 3068/2554/2286 3080/1870/2298 3079/1871/2299 3067/2555/2287
f 3069/2556/2288 3081/1872/2300 3080/1870/2298 3068/2554/2286
f 3070/2557/2289 3082/1873/2301 3081/1872/2300 3069/2556/2288
f 3071/2558/2290 3083/1874/2302 3082/1873/2301 3070/2557/2289
f 3072/2559/2291 3084/1875/2303 3083/1874/2302 3071/2558/2290
f 3073/2560/2292 3085/1876/2304 3084/1875/2303 3072/2559/2291
f 3074/2561/2293 3086/1877/2305 3085/1876/2304 3073/2560/2292
f 3075/2562/2294 3087/1878/2306 3086/1877/2305 3074/2561/2293
f 3076/2563/2295 3088/1879/2307 3087/1878/2306 3075/2562/2294
f 3077/2564/2296 3089/1880/2308 3088/1879/2307 3076/2563/2295
f 3078/2565/2297 3090/1881/2309 3089/1880/2308 3077/2564/2296
f 3080/1870/2298 3092/2566/2310 3091/2567/2311 3079/1871/2299
f 3081/1872/2300 3093/2568/2312 3092/2566/2310 3080/1870/2298
f 3082/1873/2301 3094/2569/2313 3093/2568/2312 3081/1872/2300
f 3083/1874/2302 3095/2570/2314 3094/2569/2313 3082/1873/2301
f 3084/1875/2303 3096/2571/2315 3095/2570/2314 3083/1874/2302
f 3085/1876/2304 3097/2572/2316 3096/2571/2315 3084/1875/2303
f 3086/1877/2305 3098/2573/2317 3097/2572/2316 3085/1876/2304
f 3087/1878/2306 3099/2574/2318 3098/2573/2317 3086/1877/2305
f 3088/1879/2307 3100/2575/2319 3099/2574/2318 3087/1878/2306
f 3089/1880/2308 3101/2576/2320 3100/2575/2319 3088/1879/2307
f 3090/1881/2309 3102/2577/2321 3101/2576/2320 3089/1880/2308
f 3092/2566/2310 3104/2578/2322 3103/2579/2323 3091/2567/2311
f 3093/2568/2312 3105/2580/2324 3104/2578/2322 3092/2566/2310
f 3094/2569/2313 3106/2581/2325 3105/2580/2324 3093/2568/2312
f 3095/2570/2314 3107/2582/2326 3106/2581/2325 3094/2569/2313
f 3096/2571/2315 3108/2583/2327 3107/2582/2326 3095/2570/2314
f 3097/2572/2316 3109/2584/2328 3108/2583/2327 3096/2571/2315
f 3098/2573/2317 3110/2585/2329 3109/2584/2328 3097/2572/2316
f 3099/2574/2318 3111/2586/2330 3110/2585/2329 3098/2573/2317
f 3100/2575/2319 3112/2587/2331 3111/2586/2330 3099/2574/2318
f 3101/2576/2320 3113/2588/2332 3112/2587/2331 3100/2575/2319
f 3102/2577/2321 3114/2589/2333 3113/2588/2332 3101/2576/2320
f 3104/2578/2322 3116/2590/2334 3115/2591/2335 3103/2579/2323
f 3105/2580/2324 3117/2592/2336 3116/2590/2334 3104/2578/2322
f 3106/2581/2325 3118/2593/2337 3117/2592/2336 3105/2580/2324
f 3107/2582/2326 3119/2594/2338 3118/2593/2337 3106/2581/2325
f 3108/2583/2327 3120/2595/2339 3119/2594/2338 3107/2582/2326
f 3109/2584/2328 3121/2596/2340 3120/2595/2339 3108/2583/2327
f 3110/2585/2329 3122/2597/2341 3121/2596/2340 3109/2584/2328
f 3111/2586/2330 3123/2598/2342 3122/2597/2341 3110/2585/2329
f 3112/2587/2331 3124/2599/2343 3123/2598/2342 3111/2586/2330
f 3113/2588/2332 3125/2600/2344 3124/2599/2343 3112/2587/2331
f 3114/2589/2333 3126/2601/2345 3125/2600/2344 3113/2588/2332
f 3116/2590/2334 3128/2602/2346 3127/2603/2347 3115/2591/2335
f 3117/2592/2336 3129/2604/2348 3128/2602/2346 3116/2590/2334
f 3118/2593/2337 3130/2605/2349 3129/2604/2348 3117/2592/2336
f 3119/2594/2338 3131/2606/2350 3130/2605/2349 3118/2593/2337
f 3120/2595/2339 3132/2607/2351 3131/2606/2350 3119/2594/2338
f 3121/2596/2340 3133/2608/2352 3132/2607/2351 3120/2595/2339
f 3122/2597/2341 3134/2609/2353 3133/2608/2352 3121/2596/2340
f 3123/2598/2342 3135/2610/2354 3134/2609/2353 3122/2597/2341
f 3124/2599/2343 3136/2611/2355 3135/2610/2354 3123/2598/2342
f 3125/2600/2344 3137/2612/2356 3136/2611/2355 3124/2599/2343
f 3126/2601/2345 3138/2613/2357 3137/2612/2356 3125/2600/2344
f 3128/2602/2346 3140/2614/2358 3139/2615/2359 3127/2603/2347
f 3129/2604/2348 3141/2616/2360 3140/2614/2358 3128/2602/2346
f 3130/2605/2349 3142/2617/2361 3141/2616/2360 3129/2604/2348
f 3131/2606/2350 3143/2618/2362 3142/2617/2361 3130/2605/2349
f 3132/2607/2351 3144/2619/2363 3143/2618/2362 3131/2606/2350
f 3133/2608/2352 3145/2620/2364 3144/2619/2363 3132/2607/2351
f 3134/2609/2353 3146/2621/2365 3145/2620/2364 3133/2608/2352
f 3135/2610/2354 3147/2622/2366 3146/2621/2365 3134/2609/2353
f 3136/2611/2355 3148/2623/2367 3147/2622/2366 3135/2610/2354
f 3137/2612/2356 3149/2624/2368 3148/2623/2367 3136/2611/2355
f 3138/2613/2357 3150/2625/2369 3149/2624/2368 3137/2612/2356
f 3140/2614/2358 3152/2626/2370 3151/2627/2371 3139/2615/2359
f 3141/2616/2360 3153/2628/2372 3152/2626/2370 3140/2614/2358
f 3142/2617/2361 3154/2629/2373 3153/2628/2372 3141/2616/2360
f 3143/2618/2362 3155/2630/2374 3154/2629/2373 3142/2617/2361
f 3144/2619/2363 3156/2631/2375 3155/2630/2374 3143/2618/2362
f 3145/2620/2364 3157/2632/2376 3156/2631/2375 3144/2619/2363
f 3146/2621/2365 3158/2633/2377 3157/2632/2376 3145/2620/2364
f 3147/2622/2366 3159/2634/2378 3158/2633/2377 3146/2621/2365
f 3148/2623/2367 3160/2635/2379 3159/2634/2378 3147/2622/2366
f 3149/2624/2368 3161/2636/2380 3160/2635/2379 3148/2623/2367
f 3150/2625/2369 3162/2637/2381 3161/2636/2380 3149/2624/2368
f 3152/2626/2370 3164/2638/562 3163/2639/564 3151/2627/2371
f 3153/2628/2372 3165/2640/565 3164/2638/562 3152/2626/2370
f 3154/2629/2373 3166/2641/567 3165/2640/565 3153/2628/2372
f 3155/2630/2374 3167/2642/2382 3166/2641/567 3154/2629/2373
f 3156/2631/2375 3168/2643/2065 3167/2642/2382 3155/2630/2374
f 3157/2632/2376 3169/2644/2066 3168/2643/2065 3156/2631/2375
f 3158/2633/2377 3170/2645/2067 3169/2644/2066 3157/2632/2376
f 3159/2634/2378 3171/2646/577 3170/2645/2067 3158/2633/2377
f 3160/2635/2379 3172/2647/579 3171/2646/577 3159/2634/2378
f 3161/2636/2380 3173/2648/581 3172/2647/579 3160/2635/2379
f 3162/2637/2381 3174/2649/583 3173/2648/581 3161/2636/2380
f 3164/2638/562 3176/2650/2383 3175/2651/619 3163/2639/564
f 3165/2640/565 3177/2652/2384 3176/2650/2383 3164/2638/562
f 3166/2641/567 3178/2653/2385 3177/2652/2384 3165/2640/565
f 3167/2642/2382 3179/2654/2386 3178/2653/2385 3166/2641/567
f 3168/2643/2065 3180/2655/2387 3179/2654/2386 3167/2642/2382
f 3169/2644/2066 3181/2656/2388 3180/2655/2387 3168/2643/2065
f 3170/2645/2067 3182/2657/2389 3181/2656/2388 3169/2644/2066
f 3171/2646/577 3183/2658/2390 3182/2657/2389 3170/2645/2067
f 3172/2647/579 3184/2659/2391 3183/2658/2390 3171/2646/577
f 3173/2648/581 3185/2660/2392 3184/2659/2391 3172/2647/579
f 3174/2649/583 3186/2661/629 3185/2660/2392 3173/2648/581
f 3176/2650/2383 2864/1547/2082 2863/1301/2085 3175/2651/619
f 3177/2652/2384 2865/1548/2086 2864/1547/2082 3176/2650/2383
f 3178/2653/2385 2866/1549/2088 2865/1548/2086 3177/2652/2384
f 3179/2654/2386 2867/1550/2090 2866/1549/2088 3178/2653/2385
f 3180/2655/2387 2868/1551/2092 2867/1550/2090 3179/2654/2386
f 3181/2656/2388 2869/1552/2094 2868/1551/2092 3180/2655/2387
f 3182/2657/2389 2870/1553/2096 2869/1552/2094 3181/2656/2388
f 3183/2658/2390 2871/1554/2098 2870/1553/2096 3182/2657/2389
f 3184/2659/2391 2872/1555/2100 2871/1554/2098 3183/2658/2390
f 3185/2660/2392 2873/1556/2102 2872/1555/2100 3184/2659/2391
f 3186/2661/629 2874/1557/2104 2873/1556/2102 3185/2660/2392
f 3188/1453/2393 3200/1454/2394 3199/1455/2395 3187/1300/2395
f 3189/1456/2396 3201/1457/2397 3200/1454/2394 3188/1453/2393
f 3190/1458/2398 3202/1459/2399 3201/1457/2397 3189/1456/2396
f 3191/1460/2400 3203/1461/2401 3202/1459/2399 3190/1458/2398
f 3192/1462/2402 3204/1463/2403 3203/1461/2401 3191/1460/2400
f 3193/1464/2404 3205/1465/2405 3204/1463/2403 3192/1462/2402
f 3194/1466/2406 3206/1467/2407 3205/1465/2405 3193/1464/2404
f 3195/1468/2408 3207/1469/2409 3206/1467/2407 3194/1466/2406
f 3196/1470/2410 3208/1471/2411 3207/1469/2409 3195/1468/2408
f 3197/1472/2412 3209/1473/2413 3208/1471/2411 3196/1470/2410
f 3198/1474/2414 3210/1475/2414 3209/1473/2413 3197/1472/2412
f 3200/1454/2394 3212/1476/2415 3211/1477/2416 3199/1455/2395
f 3201/1457/2397 3213/1478/2417 3212/1476/2415 3200/1454/2394
f 3202/1459/2399 3214/1479/2418 3213/1478/2417 3201/1457/2397
f 3203/1461/2401 3215/1480/2419 3214/1479/2418 3202/1459/2399
f 3204/1463/2403 3216/1481/2420 3215/1480/2419 3203/1461/2401
f 3205/1465/2405 3217/1482/2421 3216/1481/2420 3204/1463/2403
f 3206/1467/2407 3218/1483/2422 3217/1482/2421 3205/1465/2405
f 3207/1469/2409 3219/1484/2423 3218/1483/2422 3206/1467/2407
f 3208/1471/2411 3220/1485/2424 3219/1484/2423 3207/1469/2409
f 3209/1473/2413 3221/1486/2425 3220/1485/2424 3208/1471/2411
f 3210/1475/2414 3222/1487/2426 3221/1486/2425 3209/1473/2413
f 3212/1476/2415 3224/1488/2427 3223/1489/2416 3211/1477/2416
f 3213/1478/2417 3225/1490/2428 3224/1488/2427 3212/1476/2415
f 3214/1479/2418 3226/1491/2429 3225/1490/2428 3213/1478/2417
f 3215/1480/2419 3227/1492/2430 3226/1491/2429 3214/1479/2418
f 3216/1481/2420 3228/1493/2431 3227/1492/2430 3215/1480/2419
f 3217/1482/2421 3229/1494/2432 3228/1493/2431 3216/1481/2420
f 3218/1483/2422 3230/1495/2433 3229/1494/2432 3217/1482/2421
f 3219/1484/2423 3231/1496/2434 3230/1495/2433 3218/1483/2422
f 3220/1485/2424 3232/1497/2435 3231/1496/2434 3219/1484/2423
f 3221/1486/2425 3233/1498/2436 3232/1497/2435 3220/1485/2424
f 3222/1487/2426 3234/1499/2426 3233/1498/2436 3221/1486/2425
f 3224/1488/2427 3236/1500/2437 3235/1307/2438 3223/1489/2416
f 3225/1490/2428 3237/1501/2439 3236/1500/2437 3224/1488/2427
f 3226/1491/2429 3238/1502/2440 3237/1501/2439 3225/1490/2428
f 3227/1492/2430 3239/1503/2441 3238/1502/2440 3226/1491/2429
f 3228/1493/2431 3240/1504/2442 3239/1503/2441 3227/1492/2430
f 3229/1494/2432 3241/1505/2443 3240/1504/2442 3228/1493/2431
f 3230/1495/2433 3242/1506/2444 3241/1505/2443 3229/1494/2432
f 3231/1496/2434 3243/1507/2445 3242/1506/2444 3230/1495/2433
f 3232/1497/2435 3244/1508/2446 3243/1507/2445 3231/1496/2434
f 3233/1498/2436 3245/1509/2447 3244/1508/2446 3232/1497/2435
f 3234/1499/2426 3246/1510/2448 3245/1509/2447 3233/1498/2436
f 3236/1500/2437 3248/1511/2449 3247/1512/2450 3235/1307/2438
f 3237/1501/2439 3249/1513/2451 3248/1511/2449 3236/1500/2437
f 3238/1502/2440 3250/1514/2452 3249/1513/2451 3237/1501/2439
f 3239/1503/2441 3251/1515/2453 3250/1514/2452 3238/1502/2440
f 3240/1504/2442 3252/1516/2454 3251/1515/2453 3239/1503/2441
f 3241/1505/2443 3253/1517/2455 3252/1516/2454 3240/1504/2442
f 3242/1506/2444 3254/1518/2456 3253/1517/2455 3241/1505/2443
f 3243/1507/2445 3255/1519/2457 3254/1518/2456 3242/1506/2444
f 3244/1508/2446 3256/1520/2458 3255/1519/2457 3243/1507/2445
f 3245/1509/2447 3257/1521/2459 3256/1520/2458 3244/1508/2446
f 3246/1510/2448 3258/1522/2460 3257/1521/2459 3245/1509/2447
f 3248/1511/2449 3260/1523/2461 3259/1524/2462 3247/1512/2450
f 3249/1513/2451 3261/1525/2463 3260/1523/2461 3248/1511/2449
f 3250/1514/2452 3262/1526/2464 3261/1525/2463 3249/1513/2451
f 3251/1515/2453 3263/1527/2465 3262/1526/2464 3250/1514/2452
f 3252/1516/2454 3264/1528/2466 3263/1527/2465 3251/1515/2453
f 3253/1517/2455 3265/1529/2467 3264/1528/2466 3252/1516/2454
f 3254/1518/2456 3266/1530/2468 3265/1529/2467 3253/1517/2455
f 3255/1519/2457 3267/1531/2469 3266/1530/2468 3254/1518/2456
f 3256/1520/2458 3268/1532/2470 3267/1531/2469 3255/1519/2457
f 3257/1521/2459 3269/1533/2471 3268/1532/2470 3256/1520/2458
f 3258/1522/2460 3270/1534/2472 3269/1533/2471 3257/1521/2459
f 3260/1523/2461 3272/1535/2473 3271/1536/2474 3259/1524/2462
f 3261/1525/2463 3273/1537/2475 3272/1535/2473 3260/1523/2461
f 3262/1526/2464 3274/1538/2476 3273/1537/2475 3261/1525/2463
f 3263/1527/2465 3275/1539/2477 3274/1538/2476 3262/1526/2464
f 3264/1528/2466 3276/1540/2478 3275/1539/2477 3263/1527/2465
f 3265/1529/2467 3277/1541/2479 3276/1540/2478 3264/1528/2466
f 3266/1530/2468 3278/1542/2480 3277/1541/2479 3265/1529/2467
f 3267/1531/2469 3279/1543/2481 3278/1542/2480 3266/1530/2468
f 3268/1532/2470 3280/1544/2482 3279/1543/2481 3267/1531/2469
f 3269/1533/2471 3281/1545/2483 3280/1544/2482 3268/1532/2470
f 3270/1534/2472 3282/1546/2484 3281/1545/2483 3269/1533/2471
f 3272/1535/2473 3188/1547/2393 3187/1301/2395 3271/1536/2474
f 3273/1537/2475 3189/1548/2396 3188/1547/2393 3272/1535/2473
f 3274/1538/2476 3190/1549/2398 3189/1548/2396 3273/1537/2475
f 3275/1539/2477 3191/1550/2400 3190/1549/2398 3274/1538/2476
f 3276/1540/2478 3192/1551/2402 3191/1550/2400 3275/1539/2477
f 3277/1541/2479 3193/1552/2404 3192/1551/2402 3276/1540/2478
f 3278/1542/2480 3194/1553/2406 3193/1552/2404 3277/1541/2479
f 3279/1543/2481 3195/1554/2408 3194/1553/2406 3278/1542/2480
f 3280/1544/2482 3196/1555/2410 3195/1554/2408 3279/1543/2481
f 3281/1545/2483 3197/1556/2412 3196/1555/2410 3280/1544/2482
f 3282/1546/2484 3198/1557/2414 3197/1556/2412 3281/1545/2483
f 3284/1453/2485 3296/1714/2486 3295/1715/2487 3283/1300/2488
f 3285/1456/2489 3297/1716/2490 3296/1714/2486 3284/1453/2485
f 3286/1458/2491 3298/1717/2492 3297/1716/2490 3285/1456/2489
f 3287/1460/2493 3299/1718/2494 3298/1717/2492 3286/1458/2491
f 3288/1462/2495 3300/1719/2496 3299/1718/2494 3287/1460/2493
f 3289/1464/2497 3301/1720/2498 3300/1719/2496 3288/1462/2495
f 3290/1466/2499 3302/1721/2500 3301/1720/2498 3289/1464/2497
f 3291/1468/2501 3303/1722/2502 3302/1721/2500 3290/1466/2499
f 3292/1470/2503 3304/1723/2504 3303/1722/2502 3291/1468/2501
f 3293/1472/2505 3305/1724/2506 3304/1723/2504 3292/1470/2503
f 3294/1474/2507 3306/1725/2508 3305/1724/2506 3293/1472/2505
f 3296/1714/2486 3308/1870/2509 3307/1871/2510 3295/1715/2487
f 3297/1716/2490 3309/1872/2511 3308/1870/2509 3296/1714/2486
f 3298/1717/2492 3310/1873/2512 3309/1872/2511 3297/1716/2490
f 3299/1718/2494 3311/1874/2513 3310/1873/2512 3298/1717/2492
f 3300/1719/2496 3312/1875/2514 3311/1874/2513 3299/1718/2494
f 3301/1720/2498 3313/1876/2515 3312/1875/2514 3300/1719/2496
f 3302/1721/2500 3314/1877/2516 3313/1876/2515 3301/1720/2498
f 3303/1722/2502 3315/1878/2517 3314/1877/2516 3302/1721/2500
f 3304/1723/2504 3316/1879/2518 3315/1878/2517 3303/1722/2502
f 3305/1724/2506 3317/1880/2519 3316/1879/2518 3304/1723/2504
f 3306/1725/2508 3318/1881/2520 3317/1880/2519 3305/1724/2506
f 3308/1870/2509 3284/1547/2485 3283/1301/2488 3307/1871/2510
f 3309/1872/2511 3285/1548/2489 3284/1547/2485 3308/1870/2509
f 3310/1873/2512 3286/1549/2491 3285/1548/2489 3309/1872/2511
f 3311/1874/2513 3287/1550/2493 3286/1549/2491 3310/1873/2512
f 3312/1875/2514 3288/1551/2495 3287/1550/2493 3311/1874/2513
f 3313/1876/2515 3289/1552/2497 3288/1551/2495 3312/1875/2514
f 3314/1877/2516 3290/1553/2499 3289/1552/2497 3313/1876/2515
f 3315/1878/2517 3291/1554/2501 3290/1553/2499 3314/1877/2516
f 3316/1879/2518 3292/1555/2503 3291/1554/2501 3315/1878/2517
f 3317/1880/2519 3293/1556/2505 3292/1555/2503 3316/1879/2518
f 3318/1881/2520 3294/1557/2507 3293/1556/2505 3317/1880/2519
f 3320/1453/606 3332/1454/2521 3331/1455/2522 3319/1300/607
f 3321/1456/608 3333/1457/2523 3332/1454/2521 3320/1453/606
f 3322/1458/609 3334/1459/2524 3333/1457/2523 3321/1456/608
f 3323/1460/610 3335/1461/2525 3334/1459/2524 3322/1458/609
f 3324/1462/611 3336/1463/2526 3335/1461/2525 3323/1460/610
f 3325/1464/612 3337/1465/2527 3336/1463/2526 3324/1462/611
f 3326/1466/613 3338/1467/2528 3337/1465/2527 3325/1464/612
f 3327/1468/614 3339/1469/2529 3338/1467/2528 3326/1466/613
f 3328/1470/615 3340/1471/2530 3339/1469/2529 3327/1468/614
f 3329/1472/616 3341/1473/2531 3340/1471/2530 3328/1470/615
f 3330/1474/617 3342/1475/2532 3341/1473/2531 3329/1472/616
f 3332/1454/2521 3344/1476/2533 3343/1477/2522 3331/1455/2522
f 3333/1457/2523 3345/1478/2534 3344/1476/2533 3332/1454/2521
f 3334/1459/2524 3346/1479/2535 3345/1478/2534 3333/1457/2523
f 3335/1461/2525 3347/1480/2536 3346/1479/2535 3334/1459/2524
f 3336/1463/2526 3348/1481/2537 3347/1480/2536 3335/1461/2525
f 3337/1465/2527 3349/1482/2538 3348/1481/2537 3336/1463/2526
f 3338/1467/2528 3350/1483/2539 3349/1482/2538 3337/1465/2527
f 3339/1469/2529 3351/1484/2540 3350/1483/2539 3338/1467/2528
f 3340/1471/2530 3352/1485/2541 3351/1484/2540 3339/1469/2529
f 3341/1473/2531 3353/1486/2542 3352/1485/2541 3340/1471/2530
f 3342/1475/2532 3354/1487/2532 3353/1486/2542 3341/1473/2531
f 3344/1476/2533 3356/1488/618 3355/1489/619 3343/1477/2522
f 3345/1478/2534 3357/1490/620 3356/1488/618 3344/1476/2533
f 3346/1479/2535 3358/1491/621 3357/1490/620 3345/1478/2534
f 3347/1480/2536 3359/1492/622 3358/1491/621 3346/1479/2535
f 3348/1481/2537 3360/1493/623 3359/1492/622 3347/1480/2536
f 3349/1482/2538 3361/1494/624 3360/1493/623 3348/1481/2537
f 3350/1483/2539 3362/1495/625 3361/1494/624 3349/1482/2538
f 3351/1484/2540 3363/1496/626 3362/1495/625 3350/1483/2539
f 3352/1485/2541 3364/1497/627 3363/1496/626 3351/1484/2540
f 3353/1486/2542 3365/1498/628 3364/1497/627 3352/1485/2541
f 3354/1487/2532 3366/1499/629 3365/1498/628 3353/1486/2542
f 3356/1488/618 3368/1500/563 3367/1307/564 3355/1489/619
f 3357/1490/620 3369/1501/566 3368/1500/563 3356/1488/618
f 3358/1491/621 3370/1502/568 3369/1501/566 3357/1490/620
f 3359/1492/622 3371/1503/570 3370/1502/568 3358/1491/621
f 3360/1493/623 3372/1504/572 3371/1503/570 3359/1492/622
f 3361/1494/624 3373/1505/574 3372/1504/572 3360/1493/623
f 3362/1495/625 3374/1506/576 3373/1505/574 3361/1494/624
f 3363/1496/626 3375/1507/578 3374/1506/576 3362/1495/625
f 3364/1497/627 3376/1508/580 3375/1507/578 3363/1496/626
f 3365/1498/628 3377/1509/582 3376/1508/580 3364/1497/627
f 3366/1499/629 3378/1510/583 3377/1509/582 3365/1498/628
f 3368/1500/563 3380/1511/2543 3379/1512/2544 3367/1307/564
f 3369/1501/566 3381/1513/2545 3380/1511/2543 3368/1500/563
f 3370/1502/568 3382/1514/2546 3381/1513/2545 3369/1501/566
f 3371/1503/570 3383/1515/2547 3382/1514/2546 3370/1502/568
f 3372/1504/572 3384/1516/2548 3383/1515/2547 3371/1503/570
f 3373/1505/574 3385/1517/2549 3384/1516/2548 3372/1504/572
f 3374/1506/576 3386/1518/2550 3385/1517/2549 3373/1505/574
f 3375/1507/578 3387/1519/2551 3386/1518/2550 3374/1506/576
f 3376/1508/580 3388/1520/2552 3387/1519/2551 3375/1507/578
f 3377/1509/582 3389/1521/2553 3388/1520/2552 3376/1508/580
f 3378/1510/583 3390/1522/2554 3389/1521/2553 3377/1509/582
f 3380/1511/2543 3392/1523/2555 3391/1524/2544 3379/1512/2544
f 3381/1513/2545 3393/1525/2556 3392/1523/2555 3380/1511/2543
f 3382/1514/2546 3394/1526/2557 3393/1525/2556 3381/1513/2545
f 3383/1515/2547 3395/1527/2558 3394/1526/2557 3382/1514/2546
f 3384/1516/2548 3396/1528/2559 3395/1527/2558 3383/1515/2547
f 3385/1517/2549 3397/1529/2560 3396/1528/2559 3384/1516/2548
f 3386/1518/2550 3398/1530/2561 3397/1529/2560 3385/1517/2549
f 3387/1519/2551 3399/1531/2562 3398/1530/2561 3386/1518/2550
f 3388/1520/2552 3400/1532/2563 3399/1531/2562 3387/1519/2551
f 3389/1521/2553 3401/1533/2564 3400/1532/2563 3388/1520/2552
f 3390/1522/2554 3402/1534/2554 3401/1533/2564 3389/1521/2553
f 3392/1523/2555 3404/1535/584 3403/1536/585 3391/1524/2544
f 3393/1525/2556 3405/1537/586 3404/1535/584 3392/1523/2555
f 3394/1526/2557 3406/1538/587 3405/1537/586 3393/1525/2556
f 3395/1527/2558 3407/1539/588 3406/1538/587 3394/1526/2557
f 3396/1528/2559 3408/1540/589 3407/1539/588 3395/1527/2558
f 3397/1529/2560 3409/1541/590 3408/1540/589 3396/1528/2559
f 3398/1530/2561 3410/1542/591 3409/1541/590 3397/1529/2560
f 3399/1531/2562 3411/1543/592 3410/1542/591 3398/1530/2561
f 3400/1532/2563 3412/1544/593 3411/1543/592 3399/1531/2562
f 3401/1533/2564 3413/1545/594 3412/1544/593 3400/1532/2563
f 3402/1534/2554 3414/1546/595 3413/1545/594 3401/1533/2564
f 3404/1535/584 3320/1547/606 3319/1301/607 3403/1536/585
f 3405/1537/586 3321/1548/608 3320/1547/606 3404/1535/584
f 3406/1538/587 3322/1549/609 3321/1548/608 3405/1537/586
f 3407/1539/588 3323/1550/610 3322/1549/609 3406/1538/587
f 3408/1540/589 3324/1551/611 3323/1550/610 3407/1539/588
f 3409/1541/590 3325/1552/612 3324/1551/611 3408/1540/589
f 3410/1542/591 3326/1553/613 3325/1552/612 3409/1541/590
f 3411/1543/592 3327/1554/614 3326/1553/613 3410/1542/591
f 3412/1544/593 3328/1555/615 3327/1554/614 3411/1543/592
f 3413/1545/594 3329/1556/616 3328/1555/615 3412/1544/593
f 3414/1546/595 3330/1557/617 3329/1556/616 3413/1545/594
